species,common_name,taxon_class,area_id,lat,lon,date
Pharomachrus mocinno,Resplendent Quetzal,Aves,costa_rica_cloud_forest,10.22263,-84.685124,2026-01-04
Pharomachrus mocinno,Resplendent Quetzal,Aves,costa_rica_cloud_forest,10.258007,-84.68365,2026-01-03
Pharomachrus mocinno,Resplendent Quetzal,Aves,costa_rica_cloud_forest,10.369683,-84.733968,2026-01-10
Pharomachrus mocinno,Resplendent Quetzal,Aves,costa_rica_cloud_forest,10.245178,-84.771528,2026-01-11
Pharomachrus mocinno,Resplendent Quetzal,Aves,costa_rica_cloud_forest,10.271984,-84.751991,2026-01-07
Pharomachrus mocinno,Resplendent Quetzal,Aves,costa_rica_cloud_forest,10.200251,-84.720975,2026-01-14
Pharomachrus mocinno,Resplendent Quetzal,Aves,costa_rica_cloud_forest,10.248545,-84.734401,2026-01-22
Pharomachrus mocinno,Resplendent Quetzal,Aves,costa_rica_cloud_forest,10.348515,-84.783415,2026-01-13
Pharomachrus mocinno,Resplendent Quetzal,Aves,costa_rica_cloud_forest,10.266712,-84.744166,2026-01-06
Pharomachrus mocinno,Resplendent Quetzal,Aves,costa_rica_cloud_forest,10.322654,-84.689531,2026-01-05
Pharomachrus mocinno,Resplendent Quetzal,Aves,costa_rica_cloud_forest,10.327237,-84.793365,2026-01-22
Pharomachrus mocinno,Resplendent Quetzal,Aves,costa_rica_cloud_forest,10.375834,-84.61827,2026-01-15
Pharomachrus mocinno,Resplendent Quetzal,Aves,costa_rica_cloud_forest,10.242805,-84.853854,2026-01-04
Pharomachrus mocinno,Resplendent Quetzal,Aves,costa_rica_cloud_forest,10.249775,-84.64313,2026-01-10
Pharomachrus mocinno,Resplendent Quetzal,Aves,costa_rica_cloud_forest,10.217741,-84.629516,2026-01-16
Pharomachrus mocinno,Resplendent Quetzal,Aves,costa_rica_cloud_forest,10.296975,-84.705524,2026-01-08
Pharomachrus mocinno,Resplendent Quetzal,Aves,costa_rica_cloud_forest,10.287526,-84.660807,2026-01-23
Pharomachrus mocinno,Resplendent Quetzal,Aves,costa_rica_cloud_forest,10.20056,-84.649377,2026-01-14
Pharomachrus mocinno,Resplendent Quetzal,Aves,costa_rica_cloud_forest,10.250769,-84.835817,2026-01-28
Pharomachrus mocinno,Resplendent Quetzal,Aves,costa_rica_cloud_forest,10.239817,-84.918696,2026-01-25
Pharomachrus mocinno,Resplendent Quetzal,Aves,costa_rica_cloud_forest,10.334901,-84.771703,2026-01-24
Pharomachrus mocinno,Resplendent Quetzal,Aves,costa_rica_cloud_forest,10.331477,-84.966845,2026-01-10
Pharomachrus mocinno,Resplendent Quetzal,Aves,costa_rica_cloud_forest,10.253209,-84.615344,2026-01-10
Pharomachrus mocinno,Resplendent Quetzal,Aves,costa_rica_cloud_forest,10.300966,-84.942239,2026-02-01
Pharomachrus mocinno,Resplendent Quetzal,Aves,costa_rica_cloud_forest,10.319056,-84.99323,2026-02-01
Pharomachrus mocinno,Resplendent Quetzal,Aves,costa_rica_cloud_forest,10.213331,-84.790083,2026-02-19
Pharomachrus mocinno,Resplendent Quetzal,Aves,costa_rica_cloud_forest,10.276842,-84.721091,2026-02-20
Pharomachrus mocinno,Resplendent Quetzal,Aves,costa_rica_cloud_forest,10.303638,-84.765911,2026-02-09
Pharomachrus mocinno,Resplendent Quetzal,Aves,costa_rica_cloud_forest,10.289082,-84.719512,2026-02-20
Pharomachrus mocinno,Resplendent Quetzal,Aves,costa_rica_cloud_forest,10.280514,-84.765122,2026-02-19
Pharomachrus mocinno,Resplendent Quetzal,Aves,costa_rica_cloud_forest,10.284068,-84.656104,2026-02-25
Pharomachrus mocinno,Resplendent Quetzal,Aves,costa_rica_cloud_forest,10.267781,-84.689441,2026-02-26
Pharomachrus mocinno,Resplendent Quetzal,Aves,costa_rica_cloud_forest,10.248957,-84.713862,2026-02-27
Pharomachrus mocinno,Resplendent Quetzal,Aves,costa_rica_cloud_forest,10.25116,-84.621472,2026-02-28
Pharomachrus mocinno,Resplendent Quetzal,Aves,costa_rica_cloud_forest,10.214215,-84.696558,2026-02-26
Pharomachrus mocinno,Resplendent Quetzal,Aves,costa_rica_cloud_forest,10.361815,-84.604026,2026-02-23
Pharomachrus mocinno,Resplendent Quetzal,Aves,costa_rica_cloud_forest,10.244715,-84.907328,2026-02-28
Pharomachrus mocinno,Resplendent Quetzal,Aves,costa_rica_cloud_forest,10.219786,-84.682099,2026-02-28
Pharomachrus mocinno,Resplendent Quetzal,Aves,costa_rica_cloud_forest,10.209584,-84.792682,2026-02-28
Pharomachrus mocinno,Resplendent Quetzal,Aves,costa_rica_cloud_forest,10.231216,-84.642517,2026-02-26
Pharomachrus mocinno,Resplendent Quetzal,Aves,costa_rica_cloud_forest,10.308097,-84.753881,2026-02-28
Pharomachrus mocinno,Resplendent Quetzal,Aves,costa_rica_cloud_forest,10.221837,-84.739224,2026-02-21
Pharomachrus mocinno,Resplendent Quetzal,Aves,costa_rica_cloud_forest,10.353614,-84.747864,2026-02-09
Pharomachrus mocinno,Resplendent Quetzal,Aves,costa_rica_cloud_forest,10.349031,-84.694087,2026-02-26
Pharomachrus mocinno,Resplendent Quetzal,Aves,costa_rica_cloud_forest,10.39814,-84.617407,2026-02-27
Pharomachrus mocinno,Resplendent Quetzal,Aves,costa_rica_cloud_forest,10.397254,-84.758828,2026-02-24
Pharomachrus mocinno,Resplendent Quetzal,Aves,costa_rica_cloud_forest,10.367628,-84.781115,2026-02-24
Pharomachrus mocinno,Resplendent Quetzal,Aves,costa_rica_cloud_forest,10.233023,-84.66504,2026-02-16
Pharomachrus mocinno,Resplendent Quetzal,Aves,costa_rica_cloud_forest,10.22847,-84.768912,2026-02-08
Pharomachrus mocinno,Resplendent Quetzal,Aves,costa_rica_cloud_forest,10.377459,-84.96562,2026-02-08
Pharomachrus mocinno,Resplendent Quetzal,Aves,costa_rica_cloud_forest,10.338342,-84.601873,2026-02-09
Pharomachrus mocinno,Resplendent Quetzal,Aves,costa_rica_cloud_forest,10.280411,-84.660637,2026-02-28
Pharomachrus mocinno,Resplendent Quetzal,Aves,costa_rica_cloud_forest,10.369317,-84.785643,2026-02-18
Pharomachrus mocinno,Resplendent Quetzal,Aves,costa_rica_cloud_forest,10.262773,-84.706743,2026-02-18
Pharomachrus mocinno,Resplendent Quetzal,Aves,costa_rica_cloud_forest,10.229143,-84.942589,2026-02-16
Pharomachrus mocinno,Resplendent Quetzal,Aves,costa_rica_cloud_forest,10.301945,-84.790978,2026-02-22
Pharomachrus mocinno,Resplendent Quetzal,Aves,costa_rica_cloud_forest,10.274497,-84.718403,2026-02-23
Pharomachrus mocinno,Resplendent Quetzal,Aves,costa_rica_cloud_forest,10.341855,-84.609505,2026-03-09
Pharomachrus mocinno,Resplendent Quetzal,Aves,costa_rica_cloud_forest,10.305326,-84.730802,2026-03-15
Pharomachrus mocinno,Resplendent Quetzal,Aves,costa_rica_cloud_forest,10.348264,-84.754839,2026-03-09
Pharomachrus mocinno,Resplendent Quetzal,Aves,costa_rica_cloud_forest,10.396835,-84.888253,2026-03-09
Pharomachrus mocinno,Resplendent Quetzal,Aves,costa_rica_cloud_forest,10.379763,-84.751988,2026-03-09
Pharomachrus mocinno,Resplendent Quetzal,Aves,costa_rica_cloud_forest,10.212186,-84.705594,2026-03-01
Pharomachrus mocinno,Resplendent Quetzal,Aves,costa_rica_cloud_forest,10.264957,-84.6065,2026-03-09
Pharomachrus mocinno,Resplendent Quetzal,Aves,costa_rica_cloud_forest,10.347427,-84.666847,2026-03-09
Pharomachrus mocinno,Resplendent Quetzal,Aves,costa_rica_cloud_forest,10.241843,-84.645042,2026-03-15
Pharomachrus mocinno,Resplendent Quetzal,Aves,costa_rica_cloud_forest,10.258469,-84.749418,2026-03-09
Pharomachrus mocinno,Resplendent Quetzal,Aves,costa_rica_cloud_forest,10.252583,-84.667593,2026-03-08
Pharomachrus mocinno,Resplendent Quetzal,Aves,costa_rica_cloud_forest,10.200326,-84.744417,2026-03-09
Pharomachrus mocinno,Resplendent Quetzal,Aves,costa_rica_cloud_forest,10.21315,-84.672861,2026-03-08
Pharomachrus mocinno,Resplendent Quetzal,Aves,costa_rica_cloud_forest,10.239659,-84.894434,2026-03-08
Pharomachrus mocinno,Resplendent Quetzal,Aves,costa_rica_cloud_forest,10.384718,-84.796637,2026-03-10
Pharomachrus mocinno,Resplendent Quetzal,Aves,costa_rica_cloud_forest,10.372651,-84.793873,2026-03-03
Pharomachrus mocinno,Resplendent Quetzal,Aves,costa_rica_cloud_forest,10.206016,-84.816534,2026-03-05
Pharomachrus mocinno,Resplendent Quetzal,Aves,costa_rica_cloud_forest,10.267887,-84.802057,2026-03-08
Pharomachrus mocinno,Resplendent Quetzal,Aves,costa_rica_cloud_forest,10.205913,-84.784206,2026-03-19
Pharomachrus mocinno,Resplendent Quetzal,Aves,costa_rica_cloud_forest,10.208678,-84.725528,2026-03-22
Pharomachrus mocinno,Resplendent Quetzal,Aves,costa_rica_cloud_forest,10.341118,-84.632262,2026-03-22
Pharomachrus mocinno,Resplendent Quetzal,Aves,costa_rica_cloud_forest,10.32031,-84.888062,2026-03-16
Pharomachrus mocinno,Resplendent Quetzal,Aves,costa_rica_cloud_forest,10.269605,-84.82463,2026-03-22
Pharomachrus mocinno,Resplendent Quetzal,Aves,costa_rica_cloud_forest,10.334754,-84.607136,2026-03-10
Pharomachrus mocinno,Resplendent Quetzal,Aves,costa_rica_cloud_forest,10.20054,-84.822302,2026-03-30
Pharomachrus mocinno,Resplendent Quetzal,Aves,costa_rica_cloud_forest,10.248146,-84.773814,2026-03-02
Pharomachrus mocinno,Resplendent Quetzal,Aves,costa_rica_cloud_forest,10.331905,-84.750148,2026-03-18
Pharomachrus mocinno,Resplendent Quetzal,Aves,costa_rica_cloud_forest,10.299831,-84.794333,2026-03-26
Pharomachrus mocinno,Resplendent Quetzal,Aves,costa_rica_cloud_forest,10.379166,-84.737884,2026-03-26
Pharomachrus mocinno,Resplendent Quetzal,Aves,costa_rica_cloud_forest,10.280402,-84.793022,2026-03-19
Pharomachrus mocinno,Resplendent Quetzal,Aves,costa_rica_cloud_forest,10.209187,-84.842149,2026-04-04
Pharomachrus mocinno,Resplendent Quetzal,Aves,costa_rica_cloud_forest,10.335173,-84.793669,2026-04-11
Pharomachrus mocinno,Resplendent Quetzal,Aves,costa_rica_cloud_forest,10.396379,-84.671041,2026-04-22
Pharomachrus mocinno,Resplendent Quetzal,Aves,costa_rica_cloud_forest,10.332799,-84.779369,2026-04-01
Pharomachrus mocinno,Resplendent Quetzal,Aves,costa_rica_cloud_forest,10.04823,-84.550485,2026-04-12
Pharomachrus mocinno,Resplendent Quetzal,Aves,costa_rica_cloud_forest,10.161836,-84.57833,2026-04-12
Pharomachrus mocinno,Resplendent Quetzal,Aves,costa_rica_cloud_forest,10.391792,-84.75274,2026-04-23
Pharomachrus mocinno,Resplendent Quetzal,Aves,costa_rica_cloud_forest,10.215647,-84.623572,2026-04-13
Pharomachrus mocinno,Resplendent Quetzal,Aves,costa_rica_cloud_forest,10.323238,-84.696624,2026-04-03
Pharomachrus mocinno,Resplendent Quetzal,Aves,costa_rica_cloud_forest,10.383125,-84.767524,2026-04-01
Pharomachrus mocinno,Resplendent Quetzal,Aves,costa_rica_cloud_forest,10.209492,-84.612002,2026-04-18
Pharomachrus mocinno,Resplendent Quetzal,Aves,costa_rica_cloud_forest,10.254562,-84.601642,2026-04-18
Pharomachrus mocinno,Resplendent Quetzal,Aves,costa_rica_cloud_forest,10.32417,-84.600005,2026-04-18
Pharomachrus mocinno,Resplendent Quetzal,Aves,costa_rica_cloud_forest,10.332797,-84.618959,2026-04-18
Pharomachrus mocinno,Resplendent Quetzal,Aves,costa_rica_cloud_forest,10.317186,-84.95523,2026-04-20
Pharomachrus mocinno,Resplendent Quetzal,Aves,costa_rica_cloud_forest,10.360488,-84.793948,2026-04-10
Pharomachrus mocinno,Resplendent Quetzal,Aves,costa_rica_cloud_forest,10.292747,-84.613017,2026-05-11
Pharomachrus mocinno,Resplendent Quetzal,Aves,costa_rica_cloud_forest,10.346196,-84.67148,2026-05-15
Pharomachrus mocinno,Resplendent Quetzal,Aves,costa_rica_cloud_forest,10.278296,-84.679831,2026-05-11
Pharomachrus mocinno,Resplendent Quetzal,Aves,costa_rica_cloud_forest,10.306572,-84.647934,2026-05-11
Pharomachrus mocinno,Resplendent Quetzal,Aves,costa_rica_cloud_forest,10.270266,-84.621069,2026-05-11
Pharomachrus mocinno,Resplendent Quetzal,Aves,costa_rica_cloud_forest,10.374218,-84.639557,2026-05-12
Pharomachrus mocinno,Resplendent Quetzal,Aves,costa_rica_cloud_forest,10.254489,-84.686073,2026-05-11
Pharomachrus mocinno,Resplendent Quetzal,Aves,costa_rica_cloud_forest,10.336092,-84.661317,2026-05-11
Pharomachrus mocinno,Resplendent Quetzal,Aves,costa_rica_cloud_forest,10.372658,-84.858327,2026-05-19
Pharomachrus mocinno,Resplendent Quetzal,Aves,costa_rica_cloud_forest,10.356582,-84.706175,2026-05-21
Pharomachrus mocinno,Resplendent Quetzal,Aves,costa_rica_cloud_forest,10.125922,-84.529021,2026-05-03
Pharomachrus mocinno,Resplendent Quetzal,Aves,costa_rica_cloud_forest,10.268581,-84.779975,2026-05-12
Pharomachrus mocinno,Resplendent Quetzal,Aves,costa_rica_cloud_forest,10.369823,-84.724042,2026-05-19
Pharomachrus mocinno,Resplendent Quetzal,Aves,costa_rica_cloud_forest,10.227431,-84.805782,2026-05-10
Pharomachrus mocinno,Resplendent Quetzal,Aves,costa_rica_cloud_forest,10.231678,-84.845626,2026-05-10
Pharomachrus mocinno,Resplendent Quetzal,Aves,costa_rica_cloud_forest,10.336908,-84.700585,2026-05-30
Pharomachrus mocinno,Resplendent Quetzal,Aves,costa_rica_cloud_forest,10.268509,-84.671808,2026-06-08
Pharomachrus mocinno,Resplendent Quetzal,Aves,costa_rica_cloud_forest,10.244652,-84.954718,2026-06-10
Pharomachrus mocinno,Resplendent Quetzal,Aves,costa_rica_cloud_forest,10.272005,-84.974201,2026-06-14
Pharomachrus mocinno,Resplendent Quetzal,Aves,costa_rica_cloud_forest,10.398987,-84.688585,2026-07-06
Pharomachrus mocinno,Resplendent Quetzal,Aves,costa_rica_cloud_forest,10.23066,-84.810461,2026-07-29
Pharomachrus mocinno,Resplendent Quetzal,Aves,costa_rica_cloud_forest,10.344288,-84.889806,2026-08-06
Pharomachrus mocinno,Resplendent Quetzal,Aves,costa_rica_cloud_forest,10.249892,-84.808604,2026-08-07
Pharomachrus mocinno,Resplendent Quetzal,Aves,costa_rica_cloud_forest,10.242927,-84.83648,2026-08-15
Pharomachrus mocinno,Resplendent Quetzal,Aves,costa_rica_cloud_forest,10.286497,-84.916593,2026-08-11
Pharomachrus mocinno,Resplendent Quetzal,Aves,costa_rica_cloud_forest,10.325352,-84.862648,2026-08-28
Pharomachrus mocinno,Resplendent Quetzal,Aves,costa_rica_cloud_forest,10.231696,-84.961084,2026-08-21
Pharomachrus mocinno,Resplendent Quetzal,Aves,costa_rica_cloud_forest,10.352327,-84.802415,2026-08-28
Pharomachrus mocinno,Resplendent Quetzal,Aves,costa_rica_cloud_forest,10.330017,-84.921075,2025-01-02
Pharomachrus mocinno,Resplendent Quetzal,Aves,costa_rica_cloud_forest,10.307171,-84.830872,2025-01-05
Pharomachrus mocinno,Resplendent Quetzal,Aves,costa_rica_cloud_forest,10.373474,-84.647284,2025-01-05
Pharomachrus mocinno,Resplendent Quetzal,Aves,costa_rica_cloud_forest,10.212274,-84.993083,2025-01-10
Pharomachrus mocinno,Resplendent Quetzal,Aves,costa_rica_cloud_forest,10.321152,-84.903967,2025-01-02
Pharomachrus mocinno,Resplendent Quetzal,Aves,costa_rica_cloud_forest,10.359296,-84.896611,2025-01-09
Pharomachrus mocinno,Resplendent Quetzal,Aves,costa_rica_cloud_forest,10.393101,-84.830215,2025-01-27
Pharomachrus mocinno,Resplendent Quetzal,Aves,costa_rica_cloud_forest,10.254534,-84.806802,2025-01-10
Pharomachrus mocinno,Resplendent Quetzal,Aves,costa_rica_cloud_forest,10.332592,-84.786599,2025-01-28
Pharomachrus mocinno,Resplendent Quetzal,Aves,costa_rica_cloud_forest,10.29577,-84.839019,2025-01-01
Pharomachrus mocinno,Resplendent Quetzal,Aves,costa_rica_cloud_forest,10.343421,-84.908145,2025-01-01
Pharomachrus mocinno,Resplendent Quetzal,Aves,costa_rica_cloud_forest,10.328279,-84.95426,2025-01-29
Pharomachrus mocinno,Resplendent Quetzal,Aves,costa_rica_cloud_forest,10.396682,-84.770954,2025-01-07
Pharomachrus mocinno,Resplendent Quetzal,Aves,costa_rica_cloud_forest,10.367291,-84.835072,2025-01-19
Pharomachrus mocinno,Resplendent Quetzal,Aves,costa_rica_cloud_forest,10.271525,-84.857287,2025-01-20
Pharomachrus mocinno,Resplendent Quetzal,Aves,costa_rica_cloud_forest,10.257655,-84.861088,2025-01-28
Pharomachrus mocinno,Resplendent Quetzal,Aves,costa_rica_cloud_forest,10.268721,-84.894619,2025-01-04
Pharomachrus mocinno,Resplendent Quetzal,Aves,costa_rica_cloud_forest,10.304796,-84.92078,2025-01-29
Pharomachrus mocinno,Resplendent Quetzal,Aves,costa_rica_cloud_forest,10.296976,-84.773029,2025-01-03
Pharomachrus mocinno,Resplendent Quetzal,Aves,costa_rica_cloud_forest,10.305228,-84.802276,2025-01-30
Pharomachrus mocinno,Resplendent Quetzal,Aves,costa_rica_cloud_forest,10.355616,-84.756607,2025-01-27
Pharomachrus mocinno,Resplendent Quetzal,Aves,costa_rica_cloud_forest,10.310175,-84.940371,2025-01-02
Pharomachrus mocinno,Resplendent Quetzal,Aves,costa_rica_cloud_forest,10.214536,-84.954042,2025-01-02
Pharomachrus mocinno,Resplendent Quetzal,Aves,costa_rica_cloud_forest,10.207029,-84.872474,2025-01-05
Pharomachrus mocinno,Resplendent Quetzal,Aves,costa_rica_cloud_forest,10.367686,-84.918827,2025-02-02
Pharomachrus mocinno,Resplendent Quetzal,Aves,costa_rica_cloud_forest,10.320991,-84.978419,2025-02-15
Pharomachrus mocinno,Resplendent Quetzal,Aves,costa_rica_cloud_forest,10.395974,-84.787979,2025-02-05
Pharomachrus mocinno,Resplendent Quetzal,Aves,costa_rica_cloud_forest,10.226748,-84.678116,2025-02-21
Pharomachrus mocinno,Resplendent Quetzal,Aves,costa_rica_cloud_forest,10.243734,-84.955016,2025-02-06
Pharomachrus mocinno,Resplendent Quetzal,Aves,costa_rica_cloud_forest,10.211513,-84.628065,2025-02-17
Pharomachrus mocinno,Resplendent Quetzal,Aves,costa_rica_cloud_forest,10.374662,-84.744436,2025-02-19
Pharomachrus mocinno,Resplendent Quetzal,Aves,costa_rica_cloud_forest,10.262859,-84.878621,2025-02-24
Pharomachrus mocinno,Resplendent Quetzal,Aves,costa_rica_cloud_forest,10.320093,-84.82636,2025-02-24
Pharomachrus mocinno,Resplendent Quetzal,Aves,costa_rica_cloud_forest,10.264925,-84.920956,2025-02-05
Pharomachrus mocinno,Resplendent Quetzal,Aves,costa_rica_cloud_forest,10.399357,-84.84432,2025-02-22
Pharomachrus mocinno,Resplendent Quetzal,Aves,costa_rica_cloud_forest,10.32983,-84.674981,2025-02-09
Pharomachrus mocinno,Resplendent Quetzal,Aves,costa_rica_cloud_forest,10.307716,-84.805001,2025-02-15
Pharomachrus mocinno,Resplendent Quetzal,Aves,costa_rica_cloud_forest,10.308418,-84.805689,2025-02-15
Pharomachrus mocinno,Resplendent Quetzal,Aves,costa_rica_cloud_forest,10.273173,-84.826339,2025-02-23
Pharomachrus mocinno,Resplendent Quetzal,Aves,costa_rica_cloud_forest,10.31553,-84.964669,2025-02-24
Pharomachrus mocinno,Resplendent Quetzal,Aves,costa_rica_cloud_forest,10.286055,-84.912488,2025-02-23
Pharomachrus mocinno,Resplendent Quetzal,Aves,costa_rica_cloud_forest,10.403619,-84.475832,2025-02-18
Pharomachrus mocinno,Resplendent Quetzal,Aves,costa_rica_cloud_forest,10.324325,-84.827675,2025-03-01
Pharomachrus mocinno,Resplendent Quetzal,Aves,costa_rica_cloud_forest,10.131807,-84.534737,2025-03-07
Pharomachrus mocinno,Resplendent Quetzal,Aves,costa_rica_cloud_forest,10.341137,-84.615379,2025-03-14
Pharomachrus mocinno,Resplendent Quetzal,Aves,costa_rica_cloud_forest,10.235885,-84.647797,2025-03-14
Pharomachrus mocinno,Resplendent Quetzal,Aves,costa_rica_cloud_forest,10.227491,-84.831863,2025-03-01
Pharomachrus mocinno,Resplendent Quetzal,Aves,costa_rica_cloud_forest,10.048598,-84.512126,2025-03-06
Pharomachrus mocinno,Resplendent Quetzal,Aves,costa_rica_cloud_forest,10.293893,-84.603725,2025-03-24
Pharomachrus mocinno,Resplendent Quetzal,Aves,costa_rica_cloud_forest,10.302043,-84.744939,2025-03-28
Pharomachrus mocinno,Resplendent Quetzal,Aves,costa_rica_cloud_forest,10.308986,-84.860846,2025-03-01
Pharomachrus mocinno,Resplendent Quetzal,Aves,costa_rica_cloud_forest,10.29376,-84.81678,2025-03-04
Pharomachrus mocinno,Resplendent Quetzal,Aves,costa_rica_cloud_forest,10.320221,-84.933135,2025-03-04
Pharomachrus mocinno,Resplendent Quetzal,Aves,costa_rica_cloud_forest,10.366022,-84.67953,2025-03-30
Pharomachrus mocinno,Resplendent Quetzal,Aves,costa_rica_cloud_forest,10.355644,-84.734332,2025-03-30
Pharomachrus mocinno,Resplendent Quetzal,Aves,costa_rica_cloud_forest,10.367147,-84.616735,2025-03-30
Pharomachrus mocinno,Resplendent Quetzal,Aves,costa_rica_cloud_forest,10.378849,-84.683763,2025-03-30
Pharomachrus mocinno,Resplendent Quetzal,Aves,costa_rica_cloud_forest,10.286787,-84.738108,2025-03-31
Pharomachrus mocinno,Resplendent Quetzal,Aves,costa_rica_cloud_forest,10.048043,-84.499953,2025-03-31
Pharomachrus mocinno,Resplendent Quetzal,Aves,costa_rica_cloud_forest,10.339343,-84.532757,2025-03-09
Pharomachrus mocinno,Resplendent Quetzal,Aves,costa_rica_cloud_forest,10.215277,-84.617902,2025-03-22
Pharomachrus mocinno,Resplendent Quetzal,Aves,costa_rica_cloud_forest,10.321774,-84.762122,2025-03-22
Pharomachrus mocinno,Resplendent Quetzal,Aves,costa_rica_cloud_forest,10.323173,-84.670834,2025-03-20
Pharomachrus mocinno,Resplendent Quetzal,Aves,costa_rica_cloud_forest,10.305298,-84.678749,2025-03-30
Pharomachrus mocinno,Resplendent Quetzal,Aves,costa_rica_cloud_forest,10.20332,-84.704366,2025-03-30
Pharomachrus mocinno,Resplendent Quetzal,Aves,costa_rica_cloud_forest,10.296901,-84.641734,2025-03-19
Pharomachrus mocinno,Resplendent Quetzal,Aves,costa_rica_cloud_forest,10.371978,-84.67232,2025-04-06
Pharomachrus mocinno,Resplendent Quetzal,Aves,costa_rica_cloud_forest,10.294404,-84.999762,2025-04-13
Pharomachrus mocinno,Resplendent Quetzal,Aves,costa_rica_cloud_forest,10.363512,-84.762558,2025-04-09
Pharomachrus mocinno,Resplendent Quetzal,Aves,costa_rica_cloud_forest,10.319944,-84.688109,2025-04-03
Pharomachrus mocinno,Resplendent Quetzal,Aves,costa_rica_cloud_forest,10.355574,-84.778493,2025-04-03
Pharomachrus mocinno,Resplendent Quetzal,Aves,costa_rica_cloud_forest,10.234963,-84.602771,2025-04-03
Pharomachrus mocinno,Resplendent Quetzal,Aves,costa_rica_cloud_forest,10.299424,-84.632046,2025-04-20
Pharomachrus mocinno,Resplendent Quetzal,Aves,costa_rica_cloud_forest,10.322132,-84.610525,2025-04-27
Pharomachrus mocinno,Resplendent Quetzal,Aves,costa_rica_cloud_forest,10.248758,-84.794377,2025-04-27
Pharomachrus mocinno,Resplendent Quetzal,Aves,costa_rica_cloud_forest,10.283773,-84.988489,2025-04-28
Pharomachrus mocinno,Resplendent Quetzal,Aves,costa_rica_cloud_forest,10.344989,-84.745549,2025-04-20
Pharomachrus mocinno,Resplendent Quetzal,Aves,costa_rica_cloud_forest,10.338151,-84.993523,2025-04-28
Pharomachrus mocinno,Resplendent Quetzal,Aves,costa_rica_cloud_forest,10.308497,-84.614703,2025-04-27
Pharomachrus mocinno,Resplendent Quetzal,Aves,costa_rica_cloud_forest,10.282593,-84.817335,2025-04-28
Pharomachrus mocinno,Resplendent Quetzal,Aves,costa_rica_cloud_forest,10.224708,-84.769865,2025-04-27
Pharomachrus mocinno,Resplendent Quetzal,Aves,costa_rica_cloud_forest,10.233388,-84.735411,2025-04-27
Pharomachrus mocinno,Resplendent Quetzal,Aves,costa_rica_cloud_forest,10.471361,-84.64452,2025-04-30
Pharomachrus mocinno,Resplendent Quetzal,Aves,costa_rica_cloud_forest,10.278168,-84.753003,2025-04-02
Pharomachrus mocinno,Resplendent Quetzal,Aves,costa_rica_cloud_forest,10.210721,-84.627007,2025-04-17
Pharomachrus mocinno,Resplendent Quetzal,Aves,costa_rica_cloud_forest,10.225794,-84.729063,2025-04-03
Pharomachrus mocinno,Resplendent Quetzal,Aves,costa_rica_cloud_forest,10.280943,-84.856376,2025-05-02
Pharomachrus mocinno,Resplendent Quetzal,Aves,costa_rica_cloud_forest,10.348752,-84.742152,2025-05-12
Pharomachrus mocinno,Resplendent Quetzal,Aves,costa_rica_cloud_forest,10.383357,-84.78258,2025-05-04
Pharomachrus mocinno,Resplendent Quetzal,Aves,costa_rica_cloud_forest,10.374443,-84.768863,2025-05-06
Pharomachrus mocinno,Resplendent Quetzal,Aves,costa_rica_cloud_forest,10.392572,-84.670252,2025-05-15
Pharomachrus mocinno,Resplendent Quetzal,Aves,costa_rica_cloud_forest,10.082307,-84.446773,2025-05-04
Pharomachrus mocinno,Resplendent Quetzal,Aves,costa_rica_cloud_forest,10.22013,-84.615776,2025-05-12
Pharomachrus mocinno,Resplendent Quetzal,Aves,costa_rica_cloud_forest,10.223406,-84.899135,2025-05-18
Pharomachrus mocinno,Resplendent Quetzal,Aves,costa_rica_cloud_forest,10.286149,-84.610465,2025-05-20
Pharomachrus mocinno,Resplendent Quetzal,Aves,costa_rica_cloud_forest,10.298309,-84.639172,2025-05-13
Pharomachrus mocinno,Resplendent Quetzal,Aves,costa_rica_cloud_forest,10.289795,-84.961591,2025-05-24
Pharomachrus mocinno,Resplendent Quetzal,Aves,costa_rica_cloud_forest,10.355473,-84.616379,2025-05-13
Pharomachrus mocinno,Resplendent Quetzal,Aves,costa_rica_cloud_forest,10.324273,-84.659999,2025-05-10
Pharomachrus mocinno,Resplendent Quetzal,Aves,costa_rica_cloud_forest,10.219268,-84.646467,2025-05-27
Pharomachrus mocinno,Resplendent Quetzal,Aves,costa_rica_cloud_forest,10.263482,-84.786275,2025-05-10
Pharomachrus mocinno,Resplendent Quetzal,Aves,costa_rica_cloud_forest,10.321675,-84.60452,2025-05-10
Pharomachrus mocinno,Resplendent Quetzal,Aves,costa_rica_cloud_forest,10.390428,-84.643699,2025-05-17
Pharomachrus mocinno,Resplendent Quetzal,Aves,costa_rica_cloud_forest,10.201338,-84.71512,2025-05-17
Pharomachrus mocinno,Resplendent Quetzal,Aves,costa_rica_cloud_forest,10.214822,-84.845602,2025-05-28
Pharomachrus mocinno,Resplendent Quetzal,Aves,costa_rica_cloud_forest,10.445861,-84.668869,2025-05-24
Pharomachrus mocinno,Resplendent Quetzal,Aves,costa_rica_cloud_forest,10.386372,-84.732886,2025-05-15
Pharomachrus mocinno,Resplendent Quetzal,Aves,costa_rica_cloud_forest,10.373228,-84.771526,2025-06-14
Pharomachrus mocinno,Resplendent Quetzal,Aves,costa_rica_cloud_forest,10.292514,-84.999182,2025-06-14
Pharomachrus mocinno,Resplendent Quetzal,Aves,costa_rica_cloud_forest,10.367028,-84.681213,2025-06-15
Pharomachrus mocinno,Resplendent Quetzal,Aves,costa_rica_cloud_forest,10.318621,-84.915018,2025-06-16
Pharomachrus mocinno,Resplendent Quetzal,Aves,costa_rica_cloud_forest,10.239359,-84.777557,2025-06-24
Pharomachrus mocinno,Resplendent Quetzal,Aves,costa_rica_cloud_forest,10.362143,-84.826719,2025-06-27
Pharomachrus mocinno,Resplendent Quetzal,Aves,costa_rica_cloud_forest,10.398909,-84.83824,2025-07-04
Pharomachrus mocinno,Resplendent Quetzal,Aves,costa_rica_cloud_forest,10.370655,-84.805461,2025-07-14
Pharomachrus mocinno,Resplendent Quetzal,Aves,costa_rica_cloud_forest,10.209787,-84.934893,2025-07-16
Pharomachrus mocinno,Resplendent Quetzal,Aves,costa_rica_cloud_forest,10.247884,-84.876279,2025-07-16
Pharomachrus mocinno,Resplendent Quetzal,Aves,costa_rica_cloud_forest,10.277815,-84.887522,2025-07-25
Pharomachrus mocinno,Resplendent Quetzal,Aves,costa_rica_cloud_forest,10.391075,-84.612236,2025-07-28
Pharomachrus mocinno,Resplendent Quetzal,Aves,costa_rica_cloud_forest,10.269485,-84.938253,2025-07-14
Pharomachrus mocinno,Resplendent Quetzal,Aves,costa_rica_cloud_forest,10.235823,-84.664546,2025-07-11
Pharomachrus mocinno,Resplendent Quetzal,Aves,costa_rica_cloud_forest,10.21468,-84.872176,2025-08-16
Pharomachrus mocinno,Resplendent Quetzal,Aves,costa_rica_cloud_forest,10.261676,-84.99453,2025-08-06
Pharomachrus mocinno,Resplendent Quetzal,Aves,costa_rica_cloud_forest,10.23689,-84.808409,2025-08-08
Pharomachrus mocinno,Resplendent Quetzal,Aves,costa_rica_cloud_forest,10.292735,-84.620229,2025-08-20
Pharomachrus mocinno,Resplendent Quetzal,Aves,costa_rica_cloud_forest,10.373809,-84.602091,2025-08-25
Pharomachrus mocinno,Resplendent Quetzal,Aves,costa_rica_cloud_forest,10.372266,-84.670267,2025-08-16
Pharomachrus mocinno,Resplendent Quetzal,Aves,costa_rica_cloud_forest,10.294303,-84.825646,2025-08-25
Pharomachrus mocinno,Resplendent Quetzal,Aves,costa_rica_cloud_forest,10.354441,-84.797792,2025-09-26
Pharomachrus mocinno,Resplendent Quetzal,Aves,costa_rica_cloud_forest,10.36709,-84.719362,2025-10-22
Pharomachrus mocinno,Resplendent Quetzal,Aves,costa_rica_cloud_forest,10.266798,-84.600644,2025-10-22
Pharomachrus mocinno,Resplendent Quetzal,Aves,costa_rica_cloud_forest,10.201577,-84.6524,2025-10-21
Pharomachrus mocinno,Resplendent Quetzal,Aves,costa_rica_cloud_forest,10.267462,-84.633316,2025-10-02
Pharomachrus mocinno,Resplendent Quetzal,Aves,costa_rica_cloud_forest,10.231016,-84.62272,2025-10-02
Pharomachrus mocinno,Resplendent Quetzal,Aves,costa_rica_cloud_forest,10.280956,-84.799291,2025-11-04
Pharomachrus mocinno,Resplendent Quetzal,Aves,costa_rica_cloud_forest,10.398632,-84.709289,2025-11-11
Pharomachrus mocinno,Resplendent Quetzal,Aves,costa_rica_cloud_forest,10.232029,-84.753573,2025-11-11
Pharomachrus mocinno,Resplendent Quetzal,Aves,costa_rica_cloud_forest,10.309756,-84.707338,2025-11-16
Pharomachrus mocinno,Resplendent Quetzal,Aves,costa_rica_cloud_forest,10.263637,-84.621248,2025-11-15
Pharomachrus mocinno,Resplendent Quetzal,Aves,costa_rica_cloud_forest,10.24697,-84.665645,2025-11-25
Pharomachrus mocinno,Resplendent Quetzal,Aves,costa_rica_cloud_forest,10.327393,-84.974869,2025-11-19
Pharomachrus mocinno,Resplendent Quetzal,Aves,costa_rica_cloud_forest,10.231435,-84.736033,2025-11-25
Pharomachrus mocinno,Resplendent Quetzal,Aves,costa_rica_cloud_forest,10.205733,-84.645459,2025-11-25
Pharomachrus mocinno,Resplendent Quetzal,Aves,costa_rica_cloud_forest,10.378786,-84.710014,2025-12-06
Pharomachrus mocinno,Resplendent Quetzal,Aves,costa_rica_cloud_forest,10.38471,-84.754163,2025-12-13
Pharomachrus mocinno,Resplendent Quetzal,Aves,costa_rica_cloud_forest,10.384544,-84.718923,2025-12-17
Pharomachrus mocinno,Resplendent Quetzal,Aves,costa_rica_cloud_forest,10.375645,-84.887334,2025-12-19
Pharomachrus mocinno,Resplendent Quetzal,Aves,costa_rica_cloud_forest,10.336259,-84.625281,2025-12-21
Pharomachrus mocinno,Resplendent Quetzal,Aves,costa_rica_cloud_forest,10.210707,-84.759284,2025-12-25
Pharomachrus mocinno,Resplendent Quetzal,Aves,costa_rica_cloud_forest,10.321115,-84.724607,2025-12-28
Pharomachrus mocinno,Resplendent Quetzal,Aves,costa_rica_cloud_forest,10.207128,-84.813696,2025-12-25
Pharomachrus mocinno,Resplendent Quetzal,Aves,costa_rica_cloud_forest,10.336954,-84.715338,2025-12-28
Pharomachrus mocinno,Resplendent Quetzal,Aves,costa_rica_cloud_forest,10.252732,-84.753594,2025-12-28
Pharomachrus mocinno,Resplendent Quetzal,Aves,costa_rica_cloud_forest,10.325959,-84.682308,2024-01-02
Pharomachrus mocinno,Resplendent Quetzal,Aves,costa_rica_cloud_forest,10.304948,-84.644835,2024-01-07
Pharomachrus mocinno,Resplendent Quetzal,Aves,costa_rica_cloud_forest,10.346886,-84.771063,2024-01-10
Pharomachrus mocinno,Resplendent Quetzal,Aves,costa_rica_cloud_forest,10.301211,-84.716002,2024-01-16
Pharomachrus mocinno,Resplendent Quetzal,Aves,costa_rica_cloud_forest,10.340438,-84.764189,2024-01-14
Pharomachrus mocinno,Resplendent Quetzal,Aves,costa_rica_cloud_forest,10.211123,-84.683999,2024-01-17
Pharomachrus mocinno,Resplendent Quetzal,Aves,costa_rica_cloud_forest,10.228689,-84.688182,2024-01-14
Pharomachrus mocinno,Resplendent Quetzal,Aves,costa_rica_cloud_forest,10.278607,-84.782287,2024-01-26
Pharomachrus mocinno,Resplendent Quetzal,Aves,costa_rica_cloud_forest,10.300841,-84.793045,2024-01-19
Pharomachrus mocinno,Resplendent Quetzal,Aves,costa_rica_cloud_forest,10.300938,-84.793175,2024-01-17
Pharomachrus mocinno,Resplendent Quetzal,Aves,costa_rica_cloud_forest,10.301633,-84.793643,2024-01-24
Pharomachrus mocinno,Resplendent Quetzal,Aves,costa_rica_cloud_forest,10.304753,-84.794027,2024-01-30
Pharomachrus mocinno,Resplendent Quetzal,Aves,costa_rica_cloud_forest,10.301522,-84.793586,2024-01-24
Pharomachrus mocinno,Resplendent Quetzal,Aves,costa_rica_cloud_forest,10.376568,-84.611654,2024-01-25
Pharomachrus mocinno,Resplendent Quetzal,Aves,costa_rica_cloud_forest,10.302357,-84.7962,2024-01-20
Pharomachrus mocinno,Resplendent Quetzal,Aves,costa_rica_cloud_forest,10.302357,-84.7962,2024-01-20
Pharomachrus mocinno,Resplendent Quetzal,Aves,costa_rica_cloud_forest,10.303909,-84.791695,2024-01-07
Pharomachrus mocinno,Resplendent Quetzal,Aves,costa_rica_cloud_forest,10.312485,-84.817165,2024-01-07
Pharomachrus mocinno,Resplendent Quetzal,Aves,costa_rica_cloud_forest,10.299797,-84.804614,2024-01-24
Pharomachrus mocinno,Resplendent Quetzal,Aves,costa_rica_cloud_forest,10.339695,-84.794596,2024-01-04
Pharomachrus mocinno,Resplendent Quetzal,Aves,costa_rica_cloud_forest,10.303714,-84.789127,2024-01-07
Pharomachrus mocinno,Resplendent Quetzal,Aves,costa_rica_cloud_forest,10.312477,-84.817158,2024-01-07
Pharomachrus mocinno,Resplendent Quetzal,Aves,costa_rica_cloud_forest,10.302256,-84.796081,2024-01-20
Pharomachrus mocinno,Resplendent Quetzal,Aves,costa_rica_cloud_forest,10.30264,-84.79569,2024-01-23
Pharomachrus mocinno,Resplendent Quetzal,Aves,costa_rica_cloud_forest,10.30264,-84.79569,2024-01-30
Pharomachrus mocinno,Resplendent Quetzal,Aves,costa_rica_cloud_forest,10.30264,-84.79569,2024-01-29
Pharomachrus mocinno,Resplendent Quetzal,Aves,costa_rica_cloud_forest,10.30264,-84.79569,2024-01-21
Pharomachrus mocinno,Resplendent Quetzal,Aves,costa_rica_cloud_forest,10.342365,-84.798325,2024-01-19
Pharomachrus mocinno,Resplendent Quetzal,Aves,costa_rica_cloud_forest,10.30264,-84.79569,2024-01-03
Pharomachrus mocinno,Resplendent Quetzal,Aves,costa_rica_cloud_forest,10.30264,-84.79569,2024-01-22
Pharomachrus mocinno,Resplendent Quetzal,Aves,costa_rica_cloud_forest,10.302328,-84.77813,2024-01-26
Pharomachrus mocinno,Resplendent Quetzal,Aves,costa_rica_cloud_forest,10.30702,-84.80974,2024-01-05
Pharomachrus mocinno,Resplendent Quetzal,Aves,costa_rica_cloud_forest,10.30264,-84.79569,2024-01-28
Pharomachrus mocinno,Resplendent Quetzal,Aves,costa_rica_cloud_forest,10.341013,-84.790634,2024-01-11
Pharomachrus mocinno,Resplendent Quetzal,Aves,costa_rica_cloud_forest,10.30264,-84.79569,2024-01-25
Pharomachrus mocinno,Resplendent Quetzal,Aves,costa_rica_cloud_forest,10.30264,-84.79569,2024-01-07
Pharomachrus mocinno,Resplendent Quetzal,Aves,costa_rica_cloud_forest,10.301467,-84.80172,2024-01-15
Pharomachrus mocinno,Resplendent Quetzal,Aves,costa_rica_cloud_forest,10.307843,-84.80514,2024-01-29
Pharomachrus mocinno,Resplendent Quetzal,Aves,costa_rica_cloud_forest,10.30264,-84.79569,2024-01-20
Pharomachrus mocinno,Resplendent Quetzal,Aves,costa_rica_cloud_forest,10.343917,-84.82763,2024-01-13
Pharomachrus mocinno,Resplendent Quetzal,Aves,costa_rica_cloud_forest,10.30264,-84.79569,2024-01-13
Pharomachrus mocinno,Resplendent Quetzal,Aves,costa_rica_cloud_forest,10.342365,-84.798325,2024-01-18
Pharomachrus mocinno,Resplendent Quetzal,Aves,costa_rica_cloud_forest,10.30264,-84.79569,2024-01-08
Pharomachrus mocinno,Resplendent Quetzal,Aves,costa_rica_cloud_forest,10.30264,-84.79569,2024-01-02
Pharomachrus mocinno,Resplendent Quetzal,Aves,costa_rica_cloud_forest,10.30264,-84.79569,2024-01-22
Pharomachrus mocinno,Resplendent Quetzal,Aves,costa_rica_cloud_forest,10.302328,-84.77813,2024-01-17
Pharomachrus mocinno,Resplendent Quetzal,Aves,costa_rica_cloud_forest,10.307843,-84.80514,2024-01-09
Pharomachrus mocinno,Resplendent Quetzal,Aves,costa_rica_cloud_forest,10.341013,-84.790634,2024-01-11
Pharomachrus mocinno,Resplendent Quetzal,Aves,costa_rica_cloud_forest,10.302328,-84.77813,2024-01-20
Pharomachrus mocinno,Resplendent Quetzal,Aves,costa_rica_cloud_forest,10.30264,-84.79569,2024-01-03
Pharomachrus mocinno,Resplendent Quetzal,Aves,costa_rica_cloud_forest,10.315613,-84.76216,2024-01-22
Pharomachrus mocinno,Resplendent Quetzal,Aves,costa_rica_cloud_forest,10.307843,-84.80514,2024-01-05
Pharomachrus mocinno,Resplendent Quetzal,Aves,costa_rica_cloud_forest,10.30264,-84.79569,2024-01-29
Pharomachrus mocinno,Resplendent Quetzal,Aves,costa_rica_cloud_forest,10.30264,-84.79569,2024-01-17
Pharomachrus mocinno,Resplendent Quetzal,Aves,costa_rica_cloud_forest,10.30264,-84.79569,2024-01-16
Pharomachrus mocinno,Resplendent Quetzal,Aves,costa_rica_cloud_forest,10.30264,-84.79569,2024-01-29
Pharomachrus mocinno,Resplendent Quetzal,Aves,costa_rica_cloud_forest,10.30264,-84.79569,2024-01-29
Pharomachrus mocinno,Resplendent Quetzal,Aves,costa_rica_cloud_forest,10.30264,-84.79569,2024-01-19
Pharomachrus mocinno,Resplendent Quetzal,Aves,costa_rica_cloud_forest,10.148273,-84.56373,2024-01-29
Pharomachrus mocinno,Resplendent Quetzal,Aves,costa_rica_cloud_forest,10.302328,-84.77813,2024-01-24
Pharomachrus mocinno,Resplendent Quetzal,Aves,costa_rica_cloud_forest,10.30264,-84.79569,2024-01-10
Pharomachrus mocinno,Resplendent Quetzal,Aves,costa_rica_cloud_forest,10.30264,-84.79569,2024-01-10
Pharomachrus mocinno,Resplendent Quetzal,Aves,costa_rica_cloud_forest,10.30264,-84.79569,2024-01-21
Pharomachrus mocinno,Resplendent Quetzal,Aves,costa_rica_cloud_forest,10.342365,-84.798325,2024-01-30
Pharomachrus mocinno,Resplendent Quetzal,Aves,costa_rica_cloud_forest,10.30264,-84.79569,2024-01-29
Pharomachrus mocinno,Resplendent Quetzal,Aves,costa_rica_cloud_forest,10.336393,-84.81024,2024-01-12
Pharomachrus mocinno,Resplendent Quetzal,Aves,costa_rica_cloud_forest,10.302328,-84.77813,2024-01-30
Pharomachrus mocinno,Resplendent Quetzal,Aves,costa_rica_cloud_forest,10.30264,-84.79569,2024-01-14
Pharomachrus mocinno,Resplendent Quetzal,Aves,costa_rica_cloud_forest,10.304236,-84.79554,2024-01-30
Pharomachrus mocinno,Resplendent Quetzal,Aves,costa_rica_cloud_forest,10.30264,-84.79569,2024-01-29
Pharomachrus mocinno,Resplendent Quetzal,Aves,costa_rica_cloud_forest,10.317242,-84.82385,2024-01-07
Pharomachrus mocinno,Resplendent Quetzal,Aves,costa_rica_cloud_forest,10.301467,-84.80172,2024-01-03
Pharomachrus mocinno,Resplendent Quetzal,Aves,costa_rica_cloud_forest,10.30264,-84.79569,2024-01-12
Pharomachrus mocinno,Resplendent Quetzal,Aves,costa_rica_cloud_forest,10.30264,-84.79569,2024-01-21
Pharomachrus mocinno,Resplendent Quetzal,Aves,costa_rica_cloud_forest,10.307843,-84.80514,2024-01-20
Pharomachrus mocinno,Resplendent Quetzal,Aves,costa_rica_cloud_forest,10.302328,-84.77813,2024-01-20
Pharomachrus mocinno,Resplendent Quetzal,Aves,costa_rica_cloud_forest,10.30264,-84.79569,2024-01-05
Pharomachrus mocinno,Resplendent Quetzal,Aves,costa_rica_cloud_forest,10.3005,-84.80394,2024-01-23
Pharomachrus mocinno,Resplendent Quetzal,Aves,costa_rica_cloud_forest,10.297333,-84.82551,2024-01-19
Pharomachrus mocinno,Resplendent Quetzal,Aves,costa_rica_cloud_forest,10.30264,-84.79569,2024-01-29
Pharomachrus mocinno,Resplendent Quetzal,Aves,costa_rica_cloud_forest,10.30264,-84.79569,2024-01-29
Pharomachrus mocinno,Resplendent Quetzal,Aves,costa_rica_cloud_forest,10.30264,-84.79569,2024-01-12
Pharomachrus mocinno,Resplendent Quetzal,Aves,costa_rica_cloud_forest,10.30264,-84.79569,2024-01-19
Pharomachrus mocinno,Resplendent Quetzal,Aves,costa_rica_cloud_forest,10.307843,-84.80514,2024-01-17
Pharomachrus mocinno,Resplendent Quetzal,Aves,costa_rica_cloud_forest,10.302328,-84.77813,2024-01-12
Pharomachrus mocinno,Resplendent Quetzal,Aves,costa_rica_cloud_forest,10.301467,-84.80172,2024-01-17
Pharomachrus mocinno,Resplendent Quetzal,Aves,costa_rica_cloud_forest,10.30264,-84.79569,2024-01-14
Pharomachrus mocinno,Resplendent Quetzal,Aves,costa_rica_cloud_forest,10.30264,-84.79569,2024-01-11
Pharomachrus mocinno,Resplendent Quetzal,Aves,costa_rica_cloud_forest,10.341013,-84.790634,2024-01-11
Pharomachrus mocinno,Resplendent Quetzal,Aves,costa_rica_cloud_forest,10.30264,-84.79569,2024-01-02
Pharomachrus mocinno,Resplendent Quetzal,Aves,costa_rica_cloud_forest,10.324736,-84.81947,2024-01-18
Pharomachrus mocinno,Resplendent Quetzal,Aves,costa_rica_cloud_forest,10.315999,-84.82385,2024-01-08
Pharomachrus mocinno,Resplendent Quetzal,Aves,costa_rica_cloud_forest,10.30264,-84.79569,2024-01-07
Pharomachrus mocinno,Resplendent Quetzal,Aves,costa_rica_cloud_forest,10.319606,-84.79858,2024-01-15
Pharomachrus mocinno,Resplendent Quetzal,Aves,costa_rica_cloud_forest,10.30264,-84.79569,2024-01-08
Pharomachrus mocinno,Resplendent Quetzal,Aves,costa_rica_cloud_forest,10.301467,-84.80172,2024-01-11
Pharomachrus mocinno,Resplendent Quetzal,Aves,costa_rica_cloud_forest,10.346753,-84.794426,2024-01-01
Pharomachrus mocinno,Resplendent Quetzal,Aves,costa_rica_cloud_forest,10.30264,-84.79569,2024-01-01
Pharomachrus mocinno,Resplendent Quetzal,Aves,costa_rica_cloud_forest,10.30264,-84.79569,2024-01-27
Pharomachrus mocinno,Resplendent Quetzal,Aves,costa_rica_cloud_forest,10.30264,-84.79569,2024-01-28
Pharomachrus mocinno,Resplendent Quetzal,Aves,costa_rica_cloud_forest,10.30264,-84.79569,2024-01-24
Pharomachrus mocinno,Resplendent Quetzal,Aves,costa_rica_cloud_forest,10.30264,-84.79569,2024-01-26
Pharomachrus mocinno,Resplendent Quetzal,Aves,costa_rica_cloud_forest,10.2989,-84.7682,2024-01-19
Pharomachrus mocinno,Resplendent Quetzal,Aves,costa_rica_cloud_forest,10.302328,-84.77813,2024-01-16
Pharomachrus mocinno,Resplendent Quetzal,Aves,costa_rica_cloud_forest,10.30264,-84.79569,2024-01-01
Pharomachrus mocinno,Resplendent Quetzal,Aves,costa_rica_cloud_forest,10.30264,-84.79569,2024-01-05
Pharomachrus mocinno,Resplendent Quetzal,Aves,costa_rica_cloud_forest,10.30264,-84.79569,2024-01-28
Pharomachrus mocinno,Resplendent Quetzal,Aves,costa_rica_cloud_forest,10.30264,-84.79569,2024-01-29
Pharomachrus mocinno,Resplendent Quetzal,Aves,costa_rica_cloud_forest,10.302328,-84.77813,2024-01-23
Pharomachrus mocinno,Resplendent Quetzal,Aves,costa_rica_cloud_forest,10.30264,-84.79569,2024-01-26
Pharomachrus mocinno,Resplendent Quetzal,Aves,costa_rica_cloud_forest,10.148273,-84.563774,2024-01-23
Pharomachrus mocinno,Resplendent Quetzal,Aves,costa_rica_cloud_forest,10.302328,-84.77813,2024-01-27
Pharomachrus mocinno,Resplendent Quetzal,Aves,costa_rica_cloud_forest,10.30264,-84.79569,2024-01-07
Pharomachrus mocinno,Resplendent Quetzal,Aves,costa_rica_cloud_forest,10.302328,-84.77813,2024-01-24
Pharomachrus mocinno,Resplendent Quetzal,Aves,costa_rica_cloud_forest,10.30264,-84.79569,2024-01-06
Pharomachrus mocinno,Resplendent Quetzal,Aves,costa_rica_cloud_forest,10.30264,-84.79569,2024-01-02
Pharomachrus mocinno,Resplendent Quetzal,Aves,costa_rica_cloud_forest,10.30264,-84.79569,2024-01-14
Pharomachrus mocinno,Resplendent Quetzal,Aves,costa_rica_cloud_forest,10.30264,-84.79569,2024-01-29
Pharomachrus mocinno,Resplendent Quetzal,Aves,costa_rica_cloud_forest,10.302328,-84.77813,2024-01-20
Pharomachrus mocinno,Resplendent Quetzal,Aves,costa_rica_cloud_forest,10.30264,-84.79569,2024-01-21
Pharomachrus mocinno,Resplendent Quetzal,Aves,costa_rica_cloud_forest,10.301486,-84.793274,2024-01-26
Pharomachrus mocinno,Resplendent Quetzal,Aves,costa_rica_cloud_forest,10.30264,-84.79569,2024-01-29
Pharomachrus mocinno,Resplendent Quetzal,Aves,costa_rica_cloud_forest,10.30264,-84.79569,2024-01-02
Pharomachrus mocinno,Resplendent Quetzal,Aves,costa_rica_cloud_forest,10.30264,-84.79569,2024-01-02
Pharomachrus mocinno,Resplendent Quetzal,Aves,costa_rica_cloud_forest,10.30264,-84.79569,2024-01-23
Pharomachrus mocinno,Resplendent Quetzal,Aves,costa_rica_cloud_forest,10.314819,-84.81183,2024-01-14
Pharomachrus mocinno,Resplendent Quetzal,Aves,costa_rica_cloud_forest,10.302328,-84.77813,2024-01-26
Pharomachrus mocinno,Resplendent Quetzal,Aves,costa_rica_cloud_forest,10.30264,-84.79569,2024-01-20
Pharomachrus mocinno,Resplendent Quetzal,Aves,costa_rica_cloud_forest,10.30264,-84.79569,2024-01-03
Pharomachrus mocinno,Resplendent Quetzal,Aves,costa_rica_cloud_forest,10.30264,-84.79569,2024-01-29
Pharomachrus mocinno,Resplendent Quetzal,Aves,costa_rica_cloud_forest,10.343798,-84.79617,2024-01-18
Pharomachrus mocinno,Resplendent Quetzal,Aves,costa_rica_cloud_forest,10.302328,-84.77813,2024-01-31
Pharomachrus mocinno,Resplendent Quetzal,Aves,costa_rica_cloud_forest,10.148273,-84.563774,2024-01-23
Pharomachrus mocinno,Resplendent Quetzal,Aves,costa_rica_cloud_forest,10.30264,-84.79569,2024-01-06
Pharomachrus mocinno,Resplendent Quetzal,Aves,costa_rica_cloud_forest,10.30264,-84.79569,2024-01-19
Pharomachrus mocinno,Resplendent Quetzal,Aves,costa_rica_cloud_forest,10.30264,-84.79569,2024-01-17
Pharomachrus mocinno,Resplendent Quetzal,Aves,costa_rica_cloud_forest,10.30264,-84.79569,2024-01-17
Pharomachrus mocinno,Resplendent Quetzal,Aves,costa_rica_cloud_forest,10.342365,-84.798325,2024-01-30
Pharomachrus mocinno,Resplendent Quetzal,Aves,costa_rica_cloud_forest,10.30708,-84.81162,2024-01-23
Pharomachrus mocinno,Resplendent Quetzal,Aves,costa_rica_cloud_forest,10.30264,-84.79569,2024-01-04
Pharomachrus mocinno,Resplendent Quetzal,Aves,costa_rica_cloud_forest,10.302328,-84.77813,2024-01-16
Pharomachrus mocinno,Resplendent Quetzal,Aves,costa_rica_cloud_forest,10.342365,-84.798325,2024-01-18
Pharomachrus mocinno,Resplendent Quetzal,Aves,costa_rica_cloud_forest,10.30264,-84.79569,2024-01-26
Pharomachrus mocinno,Resplendent Quetzal,Aves,costa_rica_cloud_forest,10.30264,-84.79569,2024-01-08
Pharomachrus mocinno,Resplendent Quetzal,Aves,costa_rica_cloud_forest,10.30264,-84.79569,2024-01-09
Pharomachrus mocinno,Resplendent Quetzal,Aves,costa_rica_cloud_forest,10.30264,-84.79569,2024-01-06
Pharomachrus mocinno,Resplendent Quetzal,Aves,costa_rica_cloud_forest,10.301881,-84.794106,2024-01-28
Pharomachrus mocinno,Resplendent Quetzal,Aves,costa_rica_cloud_forest,10.30264,-84.79569,2024-01-29
Pharomachrus mocinno,Resplendent Quetzal,Aves,costa_rica_cloud_forest,10.30264,-84.79569,2024-01-06
Pharomachrus mocinno,Resplendent Quetzal,Aves,costa_rica_cloud_forest,10.30264,-84.79569,2024-01-04
Pharomachrus mocinno,Resplendent Quetzal,Aves,costa_rica_cloud_forest,10.30264,-84.79569,2024-01-03
Pharomachrus mocinno,Resplendent Quetzal,Aves,costa_rica_cloud_forest,10.302328,-84.77813,2024-01-29
Pharomachrus mocinno,Resplendent Quetzal,Aves,costa_rica_cloud_forest,10.30264,-84.79569,2024-01-18
Pharomachrus mocinno,Resplendent Quetzal,Aves,costa_rica_cloud_forest,10.304232,-84.78518,2024-01-07
Pharomachrus mocinno,Resplendent Quetzal,Aves,costa_rica_cloud_forest,10.30264,-84.79569,2024-01-09
Pharomachrus mocinno,Resplendent Quetzal,Aves,costa_rica_cloud_forest,10.147154,-84.55677,2024-01-24
Pharomachrus mocinno,Resplendent Quetzal,Aves,costa_rica_cloud_forest,10.30264,-84.79569,2024-01-28
Pharomachrus mocinno,Resplendent Quetzal,Aves,costa_rica_cloud_forest,10.30264,-84.79569,2024-01-14
Pharomachrus mocinno,Resplendent Quetzal,Aves,costa_rica_cloud_forest,10.307843,-84.80514,2024-01-29
Pharomachrus mocinno,Resplendent Quetzal,Aves,costa_rica_cloud_forest,10.30264,-84.79569,2024-01-05
Pharomachrus mocinno,Resplendent Quetzal,Aves,costa_rica_cloud_forest,10.30264,-84.79569,2024-01-31
Pharomachrus mocinno,Resplendent Quetzal,Aves,costa_rica_cloud_forest,10.307843,-84.80514,2024-01-20
Pharomachrus mocinno,Resplendent Quetzal,Aves,costa_rica_cloud_forest,10.353666,-84.83103,2024-01-12
Pharomachrus mocinno,Resplendent Quetzal,Aves,costa_rica_cloud_forest,10.30264,-84.79569,2024-01-07
Pharomachrus mocinno,Resplendent Quetzal,Aves,costa_rica_cloud_forest,10.30264,-84.79569,2024-01-02
Pharomachrus mocinno,Resplendent Quetzal,Aves,costa_rica_cloud_forest,10.337428,-84.80944,2024-01-26
Pharomachrus mocinno,Resplendent Quetzal,Aves,costa_rica_cloud_forest,10.30264,-84.79569,2024-01-14
Pharomachrus mocinno,Resplendent Quetzal,Aves,costa_rica_cloud_forest,10.342365,-84.798325,2024-01-25
Pharomachrus mocinno,Resplendent Quetzal,Aves,costa_rica_cloud_forest,10.30264,-84.79569,2024-01-23
Pharomachrus mocinno,Resplendent Quetzal,Aves,costa_rica_cloud_forest,10.148273,-84.563774,2024-01-23
Pharomachrus mocinno,Resplendent Quetzal,Aves,costa_rica_cloud_forest,10.302573,-84.795586,2024-01-07
Pharomachrus mocinno,Resplendent Quetzal,Aves,costa_rica_cloud_forest,10.30264,-84.79569,2024-01-13
Pharomachrus mocinno,Resplendent Quetzal,Aves,costa_rica_cloud_forest,10.301881,-84.794106,2024-01-28
Pharomachrus mocinno,Resplendent Quetzal,Aves,costa_rica_cloud_forest,10.31129,-84.816246,2024-01-06
Pharomachrus mocinno,Resplendent Quetzal,Aves,costa_rica_cloud_forest,10.30264,-84.79569,2024-01-13
Pharomachrus mocinno,Resplendent Quetzal,Aves,costa_rica_cloud_forest,10.30264,-84.79569,2024-01-29
Pharomachrus mocinno,Resplendent Quetzal,Aves,costa_rica_cloud_forest,10.30264,-84.79569,2024-01-28
Pharomachrus mocinno,Resplendent Quetzal,Aves,costa_rica_cloud_forest,10.30264,-84.79569,2024-01-18
Pharomachrus mocinno,Resplendent Quetzal,Aves,costa_rica_cloud_forest,10.307843,-84.80514,2024-01-23
Pharomachrus mocinno,Resplendent Quetzal,Aves,costa_rica_cloud_forest,10.30264,-84.79569,2024-01-29
Pharomachrus mocinno,Resplendent Quetzal,Aves,costa_rica_cloud_forest,10.30264,-84.79569,2024-01-16
Pharomachrus mocinno,Resplendent Quetzal,Aves,costa_rica_cloud_forest,10.30264,-84.79569,2024-01-29
Pharomachrus mocinno,Resplendent Quetzal,Aves,costa_rica_cloud_forest,10.30702,-84.80974,2024-01-31
Pharomachrus mocinno,Resplendent Quetzal,Aves,costa_rica_cloud_forest,10.314641,-84.80648,2024-01-16
Pharomachrus mocinno,Resplendent Quetzal,Aves,costa_rica_cloud_forest,10.302328,-84.77813,2024-01-25
Pharomachrus mocinno,Resplendent Quetzal,Aves,costa_rica_cloud_forest,10.3436,-84.79629,2024-01-16
Pharomachrus mocinno,Resplendent Quetzal,Aves,costa_rica_cloud_forest,10.302715,-84.78734,2024-01-18
Pharomachrus mocinno,Resplendent Quetzal,Aves,costa_rica_cloud_forest,10.30264,-84.79569,2024-01-29
Pharomachrus mocinno,Resplendent Quetzal,Aves,costa_rica_cloud_forest,10.30264,-84.79569,2024-01-30
Pharomachrus mocinno,Resplendent Quetzal,Aves,costa_rica_cloud_forest,10.30264,-84.79569,2024-01-20
Pharomachrus mocinno,Resplendent Quetzal,Aves,costa_rica_cloud_forest,10.30264,-84.79569,2024-01-06
Pharomachrus mocinno,Resplendent Quetzal,Aves,costa_rica_cloud_forest,10.302317,-84.79388,2024-01-29
Pharomachrus mocinno,Resplendent Quetzal,Aves,costa_rica_cloud_forest,10.30264,-84.79569,2024-01-07
Pharomachrus mocinno,Resplendent Quetzal,Aves,costa_rica_cloud_forest,10.30264,-84.79569,2024-01-03
Pharomachrus mocinno,Resplendent Quetzal,Aves,costa_rica_cloud_forest,10.30702,-84.80974,2024-01-04
Pharomachrus mocinno,Resplendent Quetzal,Aves,costa_rica_cloud_forest,10.342365,-84.798325,2024-01-17
Pharomachrus mocinno,Resplendent Quetzal,Aves,costa_rica_cloud_forest,10.30264,-84.79569,2024-01-29
Pharomachrus mocinno,Resplendent Quetzal,Aves,costa_rica_cloud_forest,10.301467,-84.80172,2024-01-06
Pharomachrus mocinno,Resplendent Quetzal,Aves,costa_rica_cloud_forest,10.30264,-84.79569,2024-01-04
Pharomachrus mocinno,Resplendent Quetzal,Aves,costa_rica_cloud_forest,10.30264,-84.79569,2024-01-26
Pharomachrus mocinno,Resplendent Quetzal,Aves,costa_rica_cloud_forest,10.30264,-84.79569,2024-01-05
Pharomachrus mocinno,Resplendent Quetzal,Aves,costa_rica_cloud_forest,10.30264,-84.79569,2024-01-05
Pharomachrus mocinno,Resplendent Quetzal,Aves,costa_rica_cloud_forest,10.30264,-84.79569,2024-01-09
Pharomachrus mocinno,Resplendent Quetzal,Aves,costa_rica_cloud_forest,10.30264,-84.79569,2024-01-02
Pharomachrus mocinno,Resplendent Quetzal,Aves,costa_rica_cloud_forest,10.30264,-84.79569,2024-01-08
Pharomachrus mocinno,Resplendent Quetzal,Aves,costa_rica_cloud_forest,10.30264,-84.79569,2024-01-31
Pharomachrus mocinno,Resplendent Quetzal,Aves,costa_rica_cloud_forest,10.30264,-84.79569,2024-01-20
Pharomachrus mocinno,Resplendent Quetzal,Aves,costa_rica_cloud_forest,10.342365,-84.798325,2024-01-19
Pharomachrus mocinno,Resplendent Quetzal,Aves,costa_rica_cloud_forest,10.30264,-84.79569,2024-01-05
Pharomachrus mocinno,Resplendent Quetzal,Aves,costa_rica_cloud_forest,10.30264,-84.79569,2024-01-29
Pharomachrus mocinno,Resplendent Quetzal,Aves,costa_rica_cloud_forest,10.302328,-84.77813,2024-01-06
Pharomachrus mocinno,Resplendent Quetzal,Aves,costa_rica_cloud_forest,10.336393,-84.81024,2024-01-12
Pharomachrus mocinno,Resplendent Quetzal,Aves,costa_rica_cloud_forest,10.30264,-84.79569,2024-01-23
Pharomachrus mocinno,Resplendent Quetzal,Aves,costa_rica_cloud_forest,10.30264,-84.79569,2024-01-31
Pharomachrus mocinno,Resplendent Quetzal,Aves,costa_rica_cloud_forest,10.30264,-84.79569,2024-01-21
Pharomachrus mocinno,Resplendent Quetzal,Aves,costa_rica_cloud_forest,10.30264,-84.79569,2024-01-17
Bradypus variegatus,Brown-throated Three-toed Sloth,Mammalia,costa_rica_cloud_forest,10.331367,-84.602317,2026-01-01
Bradypus variegatus,Brown-throated Three-toed Sloth,Mammalia,costa_rica_cloud_forest,10.469904,-84.65051,2026-01-13
Bradypus variegatus,Brown-throated Three-toed Sloth,Mammalia,costa_rica_cloud_forest,10.47712,-84.724808,2026-01-07
Bradypus variegatus,Brown-throated Three-toed Sloth,Mammalia,costa_rica_cloud_forest,10.583138,-84.681647,2026-01-03
Bradypus variegatus,Brown-throated Three-toed Sloth,Mammalia,costa_rica_cloud_forest,10.47713,-84.7248,2026-01-07
Bradypus variegatus,Brown-throated Three-toed Sloth,Mammalia,costa_rica_cloud_forest,10.471633,-84.653778,2026-01-05
Bradypus variegatus,Brown-throated Three-toed Sloth,Mammalia,costa_rica_cloud_forest,10.469828,-84.652571,2026-01-24
Bradypus variegatus,Brown-throated Three-toed Sloth,Mammalia,costa_rica_cloud_forest,10.499099,-84.61036,2026-01-04
Bradypus variegatus,Brown-throated Three-toed Sloth,Mammalia,costa_rica_cloud_forest,10.470575,-84.654403,2026-01-05
Bradypus variegatus,Brown-throated Three-toed Sloth,Mammalia,costa_rica_cloud_forest,10.499215,-84.610382,2026-01-04
Bradypus variegatus,Brown-throated Three-toed Sloth,Mammalia,costa_rica_cloud_forest,10.360445,-84.592354,2026-01-24
Bradypus variegatus,Brown-throated Three-toed Sloth,Mammalia,costa_rica_cloud_forest,10.499122,-84.68895,2026-01-11
Bradypus variegatus,Brown-throated Three-toed Sloth,Mammalia,costa_rica_cloud_forest,10.47713,-84.724787,2026-01-07
Bradypus variegatus,Brown-throated Three-toed Sloth,Mammalia,costa_rica_cloud_forest,10.47712,-84.724808,2026-01-07
Bradypus variegatus,Brown-throated Three-toed Sloth,Mammalia,costa_rica_cloud_forest,10.475613,-84.64428,2026-01-03
Bradypus variegatus,Brown-throated Three-toed Sloth,Mammalia,costa_rica_cloud_forest,10.477112,-84.724792,2026-01-07
Bradypus variegatus,Brown-throated Three-toed Sloth,Mammalia,costa_rica_cloud_forest,10.495758,-84.713225,2026-01-10
Bradypus variegatus,Brown-throated Three-toed Sloth,Mammalia,costa_rica_cloud_forest,10.470753,-84.650802,2026-01-09
Bradypus variegatus,Brown-throated Three-toed Sloth,Mammalia,costa_rica_cloud_forest,10.477112,-84.7248,2026-01-07
Bradypus variegatus,Brown-throated Three-toed Sloth,Mammalia,costa_rica_cloud_forest,10.471197,-84.645415,2026-01-04
Bradypus variegatus,Brown-throated Three-toed Sloth,Mammalia,costa_rica_cloud_forest,10.468653,-84.653847,2026-01-16
Bradypus variegatus,Brown-throated Three-toed Sloth,Mammalia,costa_rica_cloud_forest,10.473787,-84.595558,2026-01-10
Bradypus variegatus,Brown-throated Three-toed Sloth,Mammalia,costa_rica_cloud_forest,10.48628,-84.682992,2026-01-06
Bradypus variegatus,Brown-throated Three-toed Sloth,Mammalia,costa_rica_cloud_forest,10.466689,-84.683079,2026-01-08
Bradypus variegatus,Brown-throated Three-toed Sloth,Mammalia,costa_rica_cloud_forest,10.471196,-84.645415,2026-01-30
Bradypus variegatus,Brown-throated Three-toed Sloth,Mammalia,costa_rica_cloud_forest,10.471196,-84.645415,2026-01-30
Bradypus variegatus,Brown-throated Three-toed Sloth,Mammalia,costa_rica_cloud_forest,10.469903,-84.651863,2026-01-13
Bradypus variegatus,Brown-throated Three-toed Sloth,Mammalia,costa_rica_cloud_forest,10.471313,-84.652925,2026-01-12
Bradypus variegatus,Brown-throated Three-toed Sloth,Mammalia,costa_rica_cloud_forest,10.4741,-84.644546,2026-01-12
Bradypus variegatus,Brown-throated Three-toed Sloth,Mammalia,costa_rica_cloud_forest,10.469997,-84.650553,2026-01-11
Bradypus variegatus,Brown-throated Three-toed Sloth,Mammalia,costa_rica_cloud_forest,10.471272,-84.650772,2026-01-24
Bradypus variegatus,Brown-throated Three-toed Sloth,Mammalia,costa_rica_cloud_forest,10.441937,-84.667021,2026-01-23
Bradypus variegatus,Brown-throated Three-toed Sloth,Mammalia,costa_rica_cloud_forest,10.541741,-84.620341,2026-01-08
Bradypus variegatus,Brown-throated Three-toed Sloth,Mammalia,costa_rica_cloud_forest,10.460127,-84.606436,2026-01-20
Bradypus variegatus,Brown-throated Three-toed Sloth,Mammalia,costa_rica_cloud_forest,10.504033,-84.695555,2026-01-28
Bradypus variegatus,Brown-throated Three-toed Sloth,Mammalia,costa_rica_cloud_forest,10.470332,-84.650913,2026-01-23
Bradypus variegatus,Brown-throated Three-toed Sloth,Mammalia,costa_rica_cloud_forest,10.477325,-84.606548,2026-01-15
Bradypus variegatus,Brown-throated Three-toed Sloth,Mammalia,costa_rica_cloud_forest,10.471308,-84.654417,2026-01-23
Bradypus variegatus,Brown-throated Three-toed Sloth,Mammalia,costa_rica_cloud_forest,10.478328,-84.674935,2026-01-27
Bradypus variegatus,Brown-throated Three-toed Sloth,Mammalia,costa_rica_cloud_forest,10.470204,-84.650555,2026-01-20
Bradypus variegatus,Brown-throated Three-toed Sloth,Mammalia,costa_rica_cloud_forest,10.477125,-84.724792,2026-01-07
Bradypus variegatus,Brown-throated Three-toed Sloth,Mammalia,costa_rica_cloud_forest,10.476394,-84.637943,2026-01-07
Bradypus variegatus,Brown-throated Three-toed Sloth,Mammalia,costa_rica_cloud_forest,10.486458,-84.683167,2026-01-12
Bradypus variegatus,Brown-throated Three-toed Sloth,Mammalia,costa_rica_cloud_forest,10.478742,-84.641414,2026-01-10
Bradypus variegatus,Brown-throated Three-toed Sloth,Mammalia,costa_rica_cloud_forest,10.471665,-84.650394,2026-01-22
Bradypus variegatus,Brown-throated Three-toed Sloth,Mammalia,costa_rica_cloud_forest,10.482838,-84.725555,2026-01-23
Bradypus variegatus,Brown-throated Three-toed Sloth,Mammalia,costa_rica_cloud_forest,10.469214,-84.653515,2026-01-06
Bradypus variegatus,Brown-throated Three-toed Sloth,Mammalia,costa_rica_cloud_forest,10.471734,-84.654893,2026-02-04
Bradypus variegatus,Brown-throated Three-toed Sloth,Mammalia,costa_rica_cloud_forest,10.46985,-84.652358,2026-02-09
Bradypus variegatus,Brown-throated Three-toed Sloth,Mammalia,costa_rica_cloud_forest,10.470147,-84.651115,2026-02-09
Bradypus variegatus,Brown-throated Three-toed Sloth,Mammalia,costa_rica_cloud_forest,10.470213,-84.650985,2026-02-09
Bradypus variegatus,Brown-throated Three-toed Sloth,Mammalia,costa_rica_cloud_forest,10.471,-84.65121,2026-02-03
Bradypus variegatus,Brown-throated Three-toed Sloth,Mammalia,costa_rica_cloud_forest,10.47033,-84.650887,2026-02-09
Bradypus variegatus,Brown-throated Three-toed Sloth,Mammalia,costa_rica_cloud_forest,10.468857,-84.653732,2026-02-09
Bradypus variegatus,Brown-throated Three-toed Sloth,Mammalia,costa_rica_cloud_forest,10.47024,-84.651153,2026-02-09
Bradypus variegatus,Brown-throated Three-toed Sloth,Mammalia,costa_rica_cloud_forest,10.331384,-84.583008,2026-02-16
Bradypus variegatus,Brown-throated Three-toed Sloth,Mammalia,costa_rica_cloud_forest,10.330437,-84.582985,2026-02-19
Bradypus variegatus,Brown-throated Three-toed Sloth,Mammalia,costa_rica_cloud_forest,10.487808,-84.622966,2026-02-20
Bradypus variegatus,Brown-throated Three-toed Sloth,Mammalia,costa_rica_cloud_forest,10.488117,-84.62468,2026-02-19
Bradypus variegatus,Brown-throated Three-toed Sloth,Mammalia,costa_rica_cloud_forest,10.454105,-84.729033,2026-02-17
Bradypus variegatus,Brown-throated Three-toed Sloth,Mammalia,costa_rica_cloud_forest,10.477962,-84.64202,2026-02-14
Bradypus variegatus,Brown-throated Three-toed Sloth,Mammalia,costa_rica_cloud_forest,10.389992,-84.608742,2026-02-24
Bradypus variegatus,Brown-throated Three-toed Sloth,Mammalia,costa_rica_cloud_forest,10.470236,-84.6512,2026-02-23
Bradypus variegatus,Brown-throated Three-toed Sloth,Mammalia,costa_rica_cloud_forest,10.453479,-84.727881,2026-02-17
Bradypus variegatus,Brown-throated Three-toed Sloth,Mammalia,costa_rica_cloud_forest,10.453495,-84.670491,2026-02-22
Bradypus variegatus,Brown-throated Three-toed Sloth,Mammalia,costa_rica_cloud_forest,10.470019,-84.652874,2026-02-22
Bradypus variegatus,Brown-throated Three-toed Sloth,Mammalia,costa_rica_cloud_forest,10.459005,-84.739499,2026-02-14
Bradypus variegatus,Brown-throated Three-toed Sloth,Mammalia,costa_rica_cloud_forest,10.418138,-84.613133,2026-02-19
Bradypus variegatus,Brown-throated Three-toed Sloth,Mammalia,costa_rica_cloud_forest,10.418705,-84.606307,2026-02-28
Bradypus variegatus,Brown-throated Three-toed Sloth,Mammalia,costa_rica_cloud_forest,10.469849,-84.653847,2026-02-28
Bradypus variegatus,Brown-throated Three-toed Sloth,Mammalia,costa_rica_cloud_forest,10.470841,-84.653679,2026-02-09
Bradypus variegatus,Brown-throated Three-toed Sloth,Mammalia,costa_rica_cloud_forest,10.484488,-84.706319,2026-02-03
Bradypus variegatus,Brown-throated Three-toed Sloth,Mammalia,costa_rica_cloud_forest,10.477962,-84.64202,2026-02-14
Bradypus variegatus,Brown-throated Three-toed Sloth,Mammalia,costa_rica_cloud_forest,10.480245,-84.636978,2026-02-23
Bradypus variegatus,Brown-throated Three-toed Sloth,Mammalia,costa_rica_cloud_forest,10.470841,-84.653679,2026-02-09
Bradypus variegatus,Brown-throated Three-toed Sloth,Mammalia,costa_rica_cloud_forest,10.473202,-84.589012,2026-02-27
Bradypus variegatus,Brown-throated Three-toed Sloth,Mammalia,costa_rica_cloud_forest,10.470793,-84.651162,2026-02-28
Bradypus variegatus,Brown-throated Three-toed Sloth,Mammalia,costa_rica_cloud_forest,10.470841,-84.653679,2026-02-09
Bradypus variegatus,Brown-throated Three-toed Sloth,Mammalia,costa_rica_cloud_forest,10.470841,-84.653679,2026-02-09
Bradypus variegatus,Brown-throated Three-toed Sloth,Mammalia,costa_rica_cloud_forest,10.470841,-84.653679,2026-02-09
Bradypus variegatus,Brown-throated Three-toed Sloth,Mammalia,costa_rica_cloud_forest,10.527474,-84.6996,2026-02-19
Bradypus variegatus,Brown-throated Three-toed Sloth,Mammalia,costa_rica_cloud_forest,10.470045,-84.65387,2026-03-01
Bradypus variegatus,Brown-throated Three-toed Sloth,Mammalia,costa_rica_cloud_forest,10.470947,-84.65168,2026-03-01
Bradypus variegatus,Brown-throated Three-toed Sloth,Mammalia,costa_rica_cloud_forest,10.480913,-84.677147,2026-03-01
Bradypus variegatus,Brown-throated Three-toed Sloth,Mammalia,costa_rica_cloud_forest,10.461214,-84.728149,2026-03-05
Bradypus variegatus,Brown-throated Three-toed Sloth,Mammalia,costa_rica_cloud_forest,10.113437,-84.532501,2026-03-13
Bradypus variegatus,Brown-throated Three-toed Sloth,Mammalia,costa_rica_cloud_forest,10.476081,-84.603772,2026-03-05
Bradypus variegatus,Brown-throated Three-toed Sloth,Mammalia,costa_rica_cloud_forest,10.471196,-84.645415,2026-03-11
Bradypus variegatus,Brown-throated Three-toed Sloth,Mammalia,costa_rica_cloud_forest,10.4699,-84.652253,2026-03-06
Bradypus variegatus,Brown-throated Three-toed Sloth,Mammalia,costa_rica_cloud_forest,10.47369,-84.654385,2026-03-01
Bradypus variegatus,Brown-throated Three-toed Sloth,Mammalia,costa_rica_cloud_forest,10.453508,-84.64257,2026-03-14
Bradypus variegatus,Brown-throated Three-toed Sloth,Mammalia,costa_rica_cloud_forest,10.468748,-84.652954,2026-03-28
Bradypus variegatus,Brown-throated Three-toed Sloth,Mammalia,costa_rica_cloud_forest,10.469867,-84.645722,2026-03-20
Bradypus variegatus,Brown-throated Three-toed Sloth,Mammalia,costa_rica_cloud_forest,10.412968,-84.711739,2026-03-20
Bradypus variegatus,Brown-throated Three-toed Sloth,Mammalia,costa_rica_cloud_forest,10.474263,-84.644278,2026-03-21
Bradypus variegatus,Brown-throated Three-toed Sloth,Mammalia,costa_rica_cloud_forest,10.471196,-84.645415,2026-03-26
Bradypus variegatus,Brown-throated Three-toed Sloth,Mammalia,costa_rica_cloud_forest,10.474535,-84.643953,2026-03-10
Bradypus variegatus,Brown-throated Three-toed Sloth,Mammalia,costa_rica_cloud_forest,10.522012,-84.691417,2026-03-25
Bradypus variegatus,Brown-throated Three-toed Sloth,Mammalia,costa_rica_cloud_forest,10.441578,-84.667207,2026-03-25
Bradypus variegatus,Brown-throated Three-toed Sloth,Mammalia,costa_rica_cloud_forest,10.302587,-84.529305,2026-03-22
Bradypus variegatus,Brown-throated Three-toed Sloth,Mammalia,costa_rica_cloud_forest,10.469578,-84.64588,2026-03-20
Bradypus variegatus,Brown-throated Three-toed Sloth,Mammalia,costa_rica_cloud_forest,10.47015,-84.651375,2026-03-24
Bradypus variegatus,Brown-throated Three-toed Sloth,Mammalia,costa_rica_cloud_forest,10.52202,-84.691422,2026-03-25
Bradypus variegatus,Brown-throated Three-toed Sloth,Mammalia,costa_rica_cloud_forest,10.436162,-84.709802,2026-03-05
Bradypus variegatus,Brown-throated Three-toed Sloth,Mammalia,costa_rica_cloud_forest,10.470231,-84.650976,2026-03-31
Bradypus variegatus,Brown-throated Three-toed Sloth,Mammalia,costa_rica_cloud_forest,10.461321,-84.66121,2026-03-30
Bradypus variegatus,Brown-throated Three-toed Sloth,Mammalia,costa_rica_cloud_forest,9.976562,-84.829207,2026-03-03
Bradypus variegatus,Brown-throated Three-toed Sloth,Mammalia,costa_rica_cloud_forest,10.461436,-84.661198,2026-03-30
Bradypus variegatus,Brown-throated Three-toed Sloth,Mammalia,costa_rica_cloud_forest,10.437854,-84.710247,2026-03-17
Bradypus variegatus,Brown-throated Three-toed Sloth,Mammalia,costa_rica_cloud_forest,10.471197,-84.645415,2026-03-31
Bradypus variegatus,Brown-throated Three-toed Sloth,Mammalia,costa_rica_cloud_forest,10.480813,-84.677208,2026-04-05
Bradypus variegatus,Brown-throated Three-toed Sloth,Mammalia,costa_rica_cloud_forest,10.47907,-84.722947,2026-04-05
Bradypus variegatus,Brown-throated Three-toed Sloth,Mammalia,costa_rica_cloud_forest,10.477745,-84.642325,2026-04-06
Bradypus variegatus,Brown-throated Three-toed Sloth,Mammalia,costa_rica_cloud_forest,10.480813,-84.6772,2026-04-05
Bradypus variegatus,Brown-throated Three-toed Sloth,Mammalia,costa_rica_cloud_forest,10.477803,-84.642578,2026-04-06
Bradypus variegatus,Brown-throated Three-toed Sloth,Mammalia,costa_rica_cloud_forest,10.48268,-84.724708,2026-04-08
Bradypus variegatus,Brown-throated Three-toed Sloth,Mammalia,costa_rica_cloud_forest,10.403138,-84.597183,2026-04-11
Bradypus variegatus,Brown-throated Three-toed Sloth,Mammalia,costa_rica_cloud_forest,10.502293,-84.687941,2026-04-15
Bradypus variegatus,Brown-throated Three-toed Sloth,Mammalia,costa_rica_cloud_forest,10.461025,-84.661225,2026-04-08
Bradypus variegatus,Brown-throated Three-toed Sloth,Mammalia,costa_rica_cloud_forest,10.441764,-84.604619,2026-04-13
Bradypus variegatus,Brown-throated Three-toed Sloth,Mammalia,costa_rica_cloud_forest,10.612706,-84.516066,2026-04-25
Bradypus variegatus,Brown-throated Three-toed Sloth,Mammalia,costa_rica_cloud_forest,10.503038,-84.698417,2026-04-14
Bradypus variegatus,Brown-throated Three-toed Sloth,Mammalia,costa_rica_cloud_forest,10.479223,-84.67577,2026-04-09
Bradypus variegatus,Brown-throated Three-toed Sloth,Mammalia,costa_rica_cloud_forest,10.471,-84.601,2026-04-15
Bradypus variegatus,Brown-throated Three-toed Sloth,Mammalia,costa_rica_cloud_forest,10.451287,-84.582575,2026-04-12
Bradypus variegatus,Brown-throated Three-toed Sloth,Mammalia,costa_rica_cloud_forest,10.48514,-84.730114,2026-04-21
Bradypus variegatus,Brown-throated Three-toed Sloth,Mammalia,costa_rica_cloud_forest,10.494622,-84.751103,2026-04-12
Bradypus variegatus,Brown-throated Three-toed Sloth,Mammalia,costa_rica_cloud_forest,10.472982,-84.643078,2026-04-25
Bradypus variegatus,Brown-throated Three-toed Sloth,Mammalia,costa_rica_cloud_forest,10.480778,-84.677208,2026-05-03
Bradypus variegatus,Brown-throated Three-toed Sloth,Mammalia,costa_rica_cloud_forest,10.471197,-84.645415,2026-05-10
Bradypus variegatus,Brown-throated Three-toed Sloth,Mammalia,costa_rica_cloud_forest,10.387872,-84.597367,2026-05-09
Bradypus variegatus,Brown-throated Three-toed Sloth,Mammalia,costa_rica_cloud_forest,10.630301,-84.788122,2026-05-15
Bradypus variegatus,Brown-throated Three-toed Sloth,Mammalia,costa_rica_cloud_forest,10.469991,-84.650561,2026-05-10
Bradypus variegatus,Brown-throated Three-toed Sloth,Mammalia,costa_rica_cloud_forest,10.630308,-84.788192,2026-05-15
Bradypus variegatus,Brown-throated Three-toed Sloth,Mammalia,costa_rica_cloud_forest,10.478358,-84.675217,2026-05-07
Bradypus variegatus,Brown-throated Three-toed Sloth,Mammalia,costa_rica_cloud_forest,10.49675,-84.69738,2026-05-25
Bradypus variegatus,Brown-throated Three-toed Sloth,Mammalia,costa_rica_cloud_forest,10.480899,-84.67719,2026-05-18
Bradypus variegatus,Brown-throated Three-toed Sloth,Mammalia,costa_rica_cloud_forest,10.469404,-84.645805,2026-05-10
Bradypus variegatus,Brown-throated Three-toed Sloth,Mammalia,costa_rica_cloud_forest,10.471297,-84.654287,2026-05-23
Bradypus variegatus,Brown-throated Three-toed Sloth,Mammalia,costa_rica_cloud_forest,10.464245,-84.654213,2026-05-22
Bradypus variegatus,Brown-throated Three-toed Sloth,Mammalia,costa_rica_cloud_forest,10.49297,-84.751983,2026-05-30
Bradypus variegatus,Brown-throated Three-toed Sloth,Mammalia,costa_rica_cloud_forest,10.489295,-84.686225,2026-05-30
Bradypus variegatus,Brown-throated Three-toed Sloth,Mammalia,costa_rica_cloud_forest,10.46425,-84.654237,2026-05-22
Bradypus variegatus,Brown-throated Three-toed Sloth,Mammalia,costa_rica_cloud_forest,10.569135,-84.762055,2026-05-26
Bradypus variegatus,Brown-throated Three-toed Sloth,Mammalia,costa_rica_cloud_forest,10.630239,-84.788101,2026-05-15
Bradypus variegatus,Brown-throated Three-toed Sloth,Mammalia,costa_rica_cloud_forest,10.489969,-84.697093,2026-05-29
Bradypus variegatus,Brown-throated Three-toed Sloth,Mammalia,costa_rica_cloud_forest,10.489286,-84.686319,2026-05-30
Bradypus variegatus,Brown-throated Three-toed Sloth,Mammalia,costa_rica_cloud_forest,10.331637,-84.60392,2026-05-31
Bradypus variegatus,Brown-throated Three-toed Sloth,Mammalia,costa_rica_cloud_forest,10.479713,-84.734746,2026-05-18
Bradypus variegatus,Brown-throated Three-toed Sloth,Mammalia,costa_rica_cloud_forest,10.48073,-84.6773,2026-05-18
Bradypus variegatus,Brown-throated Three-toed Sloth,Mammalia,costa_rica_cloud_forest,10.481267,-84.67775,2026-06-01
Bradypus variegatus,Brown-throated Three-toed Sloth,Mammalia,costa_rica_cloud_forest,10.470008,-84.651383,2026-06-05
Bradypus variegatus,Brown-throated Three-toed Sloth,Mammalia,costa_rica_cloud_forest,10.471835,-84.650916,2026-06-05
Bradypus variegatus,Brown-throated Three-toed Sloth,Mammalia,costa_rica_cloud_forest,10.470191,-84.651194,2026-06-01
Bradypus variegatus,Brown-throated Three-toed Sloth,Mammalia,costa_rica_cloud_forest,10.489337,-84.686387,2026-06-14
Bradypus variegatus,Brown-throated Three-toed Sloth,Mammalia,costa_rica_cloud_forest,10.486278,-84.683058,2026-06-01
Bradypus variegatus,Brown-throated Three-toed Sloth,Mammalia,costa_rica_cloud_forest,10.477625,-84.640625,2026-06-19
Bradypus variegatus,Brown-throated Three-toed Sloth,Mammalia,costa_rica_cloud_forest,10.480488,-84.676742,2026-06-15
Bradypus variegatus,Brown-throated Three-toed Sloth,Mammalia,costa_rica_cloud_forest,10.4481,-84.665597,2026-06-29
Bradypus variegatus,Brown-throated Three-toed Sloth,Mammalia,costa_rica_cloud_forest,10.477992,-84.640158,2026-06-30
Bradypus variegatus,Brown-throated Three-toed Sloth,Mammalia,costa_rica_cloud_forest,10.478697,-84.642412,2026-06-30
Bradypus variegatus,Brown-throated Three-toed Sloth,Mammalia,costa_rica_cloud_forest,10.491395,-84.711655,2026-06-21
Bradypus variegatus,Brown-throated Three-toed Sloth,Mammalia,costa_rica_cloud_forest,10.480855,-84.677262,2026-06-28
Bradypus variegatus,Brown-throated Three-toed Sloth,Mammalia,costa_rica_cloud_forest,10.444022,-84.66697,2026-06-26
Bradypus variegatus,Brown-throated Three-toed Sloth,Mammalia,costa_rica_cloud_forest,10.469826,-84.646059,2026-06-14
Bradypus variegatus,Brown-throated Three-toed Sloth,Mammalia,costa_rica_cloud_forest,10.506095,-84.687508,2026-06-28
Bradypus variegatus,Brown-throated Three-toed Sloth,Mammalia,costa_rica_cloud_forest,10.47023,-84.642153,2026-06-14
Bradypus variegatus,Brown-throated Three-toed Sloth,Mammalia,costa_rica_cloud_forest,10.444025,-84.667022,2026-06-26
Bradypus variegatus,Brown-throated Three-toed Sloth,Mammalia,costa_rica_cloud_forest,10.486278,-84.683058,2026-06-01
Bradypus variegatus,Brown-throated Three-toed Sloth,Mammalia,costa_rica_cloud_forest,10.507095,-84.687387,2026-06-25
Bradypus variegatus,Brown-throated Three-toed Sloth,Mammalia,costa_rica_cloud_forest,10.477128,-84.642403,2026-06-29
Bradypus variegatus,Brown-throated Three-toed Sloth,Mammalia,costa_rica_cloud_forest,10.38335,-84.617559,2026-07-04
Bradypus variegatus,Brown-throated Three-toed Sloth,Mammalia,costa_rica_cloud_forest,10.38335,-84.617559,2026-07-04
Bradypus variegatus,Brown-throated Three-toed Sloth,Mammalia,costa_rica_cloud_forest,10.384147,-84.620831,2026-07-04
Bradypus variegatus,Brown-throated Three-toed Sloth,Mammalia,costa_rica_cloud_forest,10.528303,-84.693998,2026-07-19
Bradypus variegatus,Brown-throated Three-toed Sloth,Mammalia,costa_rica_cloud_forest,10.4702,-84.651213,2026-07-17
Bradypus variegatus,Brown-throated Three-toed Sloth,Mammalia,costa_rica_cloud_forest,10.38335,-84.617559,2026-07-04
Bradypus variegatus,Brown-throated Three-toed Sloth,Mammalia,costa_rica_cloud_forest,10.468747,-84.653532,2026-07-06
Bradypus variegatus,Brown-throated Three-toed Sloth,Mammalia,costa_rica_cloud_forest,10.33071,-84.583126,2026-07-04
Bradypus variegatus,Brown-throated Three-toed Sloth,Mammalia,costa_rica_cloud_forest,10.476067,-84.642487,2026-07-07
Bradypus variegatus,Brown-throated Three-toed Sloth,Mammalia,costa_rica_cloud_forest,10.383253,-84.617438,2026-07-12
Bradypus variegatus,Brown-throated Three-toed Sloth,Mammalia,costa_rica_cloud_forest,10.480842,-84.67723,2026-07-06
Bradypus variegatus,Brown-throated Three-toed Sloth,Mammalia,costa_rica_cloud_forest,10.52198,-84.691443,2026-07-19
Bradypus variegatus,Brown-throated Three-toed Sloth,Mammalia,costa_rica_cloud_forest,10.521985,-84.691447,2026-07-19
Bradypus variegatus,Brown-throated Three-toed Sloth,Mammalia,costa_rica_cloud_forest,10.469074,-84.641121,2026-07-21
Bradypus variegatus,Brown-throated Three-toed Sloth,Mammalia,costa_rica_cloud_forest,10.091023,-84.47035,2026-07-21
Bradypus variegatus,Brown-throated Three-toed Sloth,Mammalia,costa_rica_cloud_forest,10.500078,-84.687653,2026-07-05
Bradypus variegatus,Brown-throated Three-toed Sloth,Mammalia,costa_rica_cloud_forest,10.471197,-84.645415,2026-07-23
Bradypus variegatus,Brown-throated Three-toed Sloth,Mammalia,costa_rica_cloud_forest,10.358005,-84.59288,2026-07-20
Bradypus variegatus,Brown-throated Three-toed Sloth,Mammalia,costa_rica_cloud_forest,10.470053,-84.65383,2026-07-28
Bradypus variegatus,Brown-throated Three-toed Sloth,Mammalia,costa_rica_cloud_forest,10.491309,-84.712384,2026-07-25
Bradypus variegatus,Brown-throated Three-toed Sloth,Mammalia,costa_rica_cloud_forest,10.500078,-84.687653,2026-07-05
Bradypus variegatus,Brown-throated Three-toed Sloth,Mammalia,costa_rica_cloud_forest,10.383346,-84.617737,2026-07-04
Bradypus variegatus,Brown-throated Three-toed Sloth,Mammalia,costa_rica_cloud_forest,10.350875,-84.587561,2026-07-27
Bradypus variegatus,Brown-throated Three-toed Sloth,Mammalia,costa_rica_cloud_forest,10.477696,-84.626083,2026-08-02
Bradypus variegatus,Brown-throated Three-toed Sloth,Mammalia,costa_rica_cloud_forest,10.453247,-84.670717,2026-08-01
Bradypus variegatus,Brown-throated Three-toed Sloth,Mammalia,costa_rica_cloud_forest,10.477711,-84.643955,2026-08-04
Bradypus variegatus,Brown-throated Three-toed Sloth,Mammalia,costa_rica_cloud_forest,10.582194,-84.715919,2026-08-05
Bradypus variegatus,Brown-throated Three-toed Sloth,Mammalia,costa_rica_cloud_forest,10.470878,-84.644467,2026-08-02
Bradypus variegatus,Brown-throated Three-toed Sloth,Mammalia,costa_rica_cloud_forest,10.485815,-84.739035,2026-08-05
Bradypus variegatus,Brown-throated Three-toed Sloth,Mammalia,costa_rica_cloud_forest,10.5288,-84.69367,2026-08-05
Bradypus variegatus,Brown-throated Three-toed Sloth,Mammalia,costa_rica_cloud_forest,10.382725,-84.616975,2026-08-07
Bradypus variegatus,Brown-throated Three-toed Sloth,Mammalia,costa_rica_cloud_forest,10.484046,-84.632446,2026-08-12
Bradypus variegatus,Brown-throated Three-toed Sloth,Mammalia,costa_rica_cloud_forest,10.498015,-84.687947,2026-08-09
Bradypus variegatus,Brown-throated Three-toed Sloth,Mammalia,costa_rica_cloud_forest,10.444366,-84.641146,2026-08-16
Bradypus variegatus,Brown-throated Three-toed Sloth,Mammalia,costa_rica_cloud_forest,10.475633,-84.642075,2026-08-23
Bradypus variegatus,Brown-throated Three-toed Sloth,Mammalia,costa_rica_cloud_forest,10.657233,-84.977188,2026-08-31
Bradypus variegatus,Brown-throated Three-toed Sloth,Mammalia,costa_rica_cloud_forest,10.488105,-84.62458,2025-01-05
Bradypus variegatus,Brown-throated Three-toed Sloth,Mammalia,costa_rica_cloud_forest,10.470997,-84.65165,2025-01-10
Bradypus variegatus,Brown-throated Three-toed Sloth,Mammalia,costa_rica_cloud_forest,10.480511,-84.676772,2025-01-15
Bradypus variegatus,Brown-throated Three-toed Sloth,Mammalia,costa_rica_cloud_forest,10.500755,-84.681503,2025-01-17
Bradypus variegatus,Brown-throated Three-toed Sloth,Mammalia,costa_rica_cloud_forest,10.486531,-84.682939,2025-01-10
Bradypus variegatus,Brown-throated Three-toed Sloth,Mammalia,costa_rica_cloud_forest,10.470804,-84.59888,2025-01-11
Bradypus variegatus,Brown-throated Three-toed Sloth,Mammalia,costa_rica_cloud_forest,10.406942,-84.525817,2025-01-10
Bradypus variegatus,Brown-throated Three-toed Sloth,Mammalia,costa_rica_cloud_forest,10.501894,-84.692167,2025-01-19
Bradypus variegatus,Brown-throated Three-toed Sloth,Mammalia,costa_rica_cloud_forest,10.614777,-84.975852,2025-01-26
Bradypus variegatus,Brown-throated Three-toed Sloth,Mammalia,costa_rica_cloud_forest,10.481,-84.677,2025-01-27
Bradypus variegatus,Brown-throated Three-toed Sloth,Mammalia,costa_rica_cloud_forest,10.470606,-84.651268,2025-01-04
Bradypus variegatus,Brown-throated Three-toed Sloth,Mammalia,costa_rica_cloud_forest,10.493064,-84.718169,2025-01-10
Bradypus variegatus,Brown-throated Three-toed Sloth,Mammalia,costa_rica_cloud_forest,10.555622,-84.66844,2025-01-30
Bradypus variegatus,Brown-throated Three-toed Sloth,Mammalia,costa_rica_cloud_forest,10.470239,-84.651775,2025-01-31
Bradypus variegatus,Brown-throated Three-toed Sloth,Mammalia,costa_rica_cloud_forest,10.471197,-84.65239,2025-01-13
Bradypus variegatus,Brown-throated Three-toed Sloth,Mammalia,costa_rica_cloud_forest,10.45873,-84.664253,2025-01-13
Bradypus variegatus,Brown-throated Three-toed Sloth,Mammalia,costa_rica_cloud_forest,10.484867,-84.674633,2025-01-17
Bradypus variegatus,Brown-throated Three-toed Sloth,Mammalia,costa_rica_cloud_forest,10.47046,-84.653451,2025-01-12
Bradypus variegatus,Brown-throated Three-toed Sloth,Mammalia,costa_rica_cloud_forest,10.468783,-84.653631,2025-01-27
Bradypus variegatus,Brown-throated Three-toed Sloth,Mammalia,costa_rica_cloud_forest,10.470018,-84.650512,2025-01-19
Bradypus variegatus,Brown-throated Three-toed Sloth,Mammalia,costa_rica_cloud_forest,10.442703,-84.667473,2025-01-11
Bradypus variegatus,Brown-throated Three-toed Sloth,Mammalia,costa_rica_cloud_forest,10.470041,-84.653831,2025-01-21
Bradypus variegatus,Brown-throated Three-toed Sloth,Mammalia,costa_rica_cloud_forest,10.504774,-84.688514,2025-01-28
Bradypus variegatus,Brown-throated Three-toed Sloth,Mammalia,costa_rica_cloud_forest,10.503613,-84.696755,2025-01-23
Bradypus variegatus,Brown-throated Three-toed Sloth,Mammalia,costa_rica_cloud_forest,10.468775,-84.653808,2025-01-27
Bradypus variegatus,Brown-throated Three-toed Sloth,Mammalia,costa_rica_cloud_forest,10.468919,-84.653422,2025-01-27
Bradypus variegatus,Brown-throated Three-toed Sloth,Mammalia,costa_rica_cloud_forest,10.470755,-84.651735,2025-01-14
Bradypus variegatus,Brown-throated Three-toed Sloth,Mammalia,costa_rica_cloud_forest,10.442591,-84.722579,2025-02-03
Bradypus variegatus,Brown-throated Three-toed Sloth,Mammalia,costa_rica_cloud_forest,10.338998,-84.809513,2025-02-05
Bradypus variegatus,Brown-throated Three-toed Sloth,Mammalia,costa_rica_cloud_forest,10.469045,-84.651298,2025-02-07
Bradypus variegatus,Brown-throated Three-toed Sloth,Mammalia,costa_rica_cloud_forest,10.442061,-84.66727,2025-02-12
Bradypus variegatus,Brown-throated Three-toed Sloth,Mammalia,costa_rica_cloud_forest,10.471972,-84.601735,2025-02-08
Bradypus variegatus,Brown-throated Three-toed Sloth,Mammalia,costa_rica_cloud_forest,10.328353,-84.580434,2025-02-04
Bradypus variegatus,Brown-throated Three-toed Sloth,Mammalia,costa_rica_cloud_forest,10.418572,-84.616906,2025-02-03
Bradypus variegatus,Brown-throated Three-toed Sloth,Mammalia,costa_rica_cloud_forest,10.483654,-84.728635,2025-02-16
Bradypus variegatus,Brown-throated Three-toed Sloth,Mammalia,costa_rica_cloud_forest,10.478947,-84.641844,2025-02-20
Bradypus variegatus,Brown-throated Three-toed Sloth,Mammalia,costa_rica_cloud_forest,10.488455,-84.624275,2025-02-09
Bradypus variegatus,Brown-throated Three-toed Sloth,Mammalia,costa_rica_cloud_forest,10.477803,-84.641175,2025-02-20
Bradypus variegatus,Brown-throated Three-toed Sloth,Mammalia,costa_rica_cloud_forest,10.468772,-84.6535,2025-02-25
Bradypus variegatus,Brown-throated Three-toed Sloth,Mammalia,costa_rica_cloud_forest,10.470058,-84.651352,2025-02-25
Bradypus variegatus,Brown-throated Three-toed Sloth,Mammalia,costa_rica_cloud_forest,10.461328,-84.736608,2025-02-18
Bradypus variegatus,Brown-throated Three-toed Sloth,Mammalia,costa_rica_cloud_forest,10.468199,-84.636104,2025-02-21
Bradypus variegatus,Brown-throated Three-toed Sloth,Mammalia,costa_rica_cloud_forest,10.493344,-84.837105,2025-02-04
Bradypus variegatus,Brown-throated Three-toed Sloth,Mammalia,costa_rica_cloud_forest,10.453837,-84.661255,2025-02-22
Bradypus variegatus,Brown-throated Three-toed Sloth,Mammalia,costa_rica_cloud_forest,10.500647,-84.680663,2025-02-12
Bradypus variegatus,Brown-throated Three-toed Sloth,Mammalia,costa_rica_cloud_forest,10.330789,-84.583206,2025-03-06
Bradypus variegatus,Brown-throated Three-toed Sloth,Mammalia,costa_rica_cloud_forest,10.482422,-84.627272,2025-03-10
Bradypus variegatus,Brown-throated Three-toed Sloth,Mammalia,costa_rica_cloud_forest,10.4777,-84.640733,2025-03-15
Bradypus variegatus,Brown-throated Three-toed Sloth,Mammalia,costa_rica_cloud_forest,10.478386,-84.640278,2025-03-15
Bradypus variegatus,Brown-throated Three-toed Sloth,Mammalia,costa_rica_cloud_forest,10.477905,-84.67478,2025-03-23
Bradypus variegatus,Brown-throated Three-toed Sloth,Mammalia,costa_rica_cloud_forest,10.480908,-84.677178,2025-03-23
Bradypus variegatus,Brown-throated Three-toed Sloth,Mammalia,costa_rica_cloud_forest,10.442167,-84.667267,2025-03-26
Bradypus variegatus,Brown-throated Three-toed Sloth,Mammalia,costa_rica_cloud_forest,10.485289,-84.681812,2025-03-11
Bradypus variegatus,Brown-throated Three-toed Sloth,Mammalia,costa_rica_cloud_forest,10.480975,-84.6772,2025-03-23
Bradypus variegatus,Brown-throated Three-toed Sloth,Mammalia,costa_rica_cloud_forest,10.479317,-84.723213,2025-03-27
Bradypus variegatus,Brown-throated Three-toed Sloth,Mammalia,costa_rica_cloud_forest,10.47033,-84.652062,2025-03-26
Bradypus variegatus,Brown-throated Three-toed Sloth,Mammalia,costa_rica_cloud_forest,10.505762,-84.688355,2025-03-28
Bradypus variegatus,Brown-throated Three-toed Sloth,Mammalia,costa_rica_cloud_forest,10.460184,-84.755101,2025-03-29
Bradypus variegatus,Brown-throated Three-toed Sloth,Mammalia,costa_rica_cloud_forest,10.478575,-84.642558,2025-03-15
Bradypus variegatus,Brown-throated Three-toed Sloth,Mammalia,costa_rica_cloud_forest,10.345243,-84.781855,2025-03-23
Bradypus variegatus,Brown-throated Three-toed Sloth,Mammalia,costa_rica_cloud_forest,10.410309,-84.705808,2025-03-30
Bradypus variegatus,Brown-throated Three-toed Sloth,Mammalia,costa_rica_cloud_forest,10.470915,-84.651982,2025-03-27
Bradypus variegatus,Brown-throated Three-toed Sloth,Mammalia,costa_rica_cloud_forest,10.461203,-84.660838,2025-03-31
Bradypus variegatus,Brown-throated Three-toed Sloth,Mammalia,costa_rica_cloud_forest,10.457155,-84.655932,2025-03-14
Bradypus variegatus,Brown-throated Three-toed Sloth,Mammalia,costa_rica_cloud_forest,10.470313,-84.650732,2025-03-27
Bradypus variegatus,Brown-throated Three-toed Sloth,Mammalia,costa_rica_cloud_forest,10.470305,-84.650772,2025-03-27
Bradypus variegatus,Brown-throated Three-toed Sloth,Mammalia,costa_rica_cloud_forest,10.502139,-84.694933,2025-03-20
Bradypus variegatus,Brown-throated Three-toed Sloth,Mammalia,costa_rica_cloud_forest,10.470022,-84.651795,2025-03-25
Bradypus variegatus,Brown-throated Three-toed Sloth,Mammalia,costa_rica_cloud_forest,10.247184,-84.711911,2025-03-28
Bradypus variegatus,Brown-throated Three-toed Sloth,Mammalia,costa_rica_cloud_forest,10.471036,-84.651261,2025-03-07
Bradypus variegatus,Brown-throated Three-toed Sloth,Mammalia,costa_rica_cloud_forest,10.483911,-84.660859,2025-03-08
Bradypus variegatus,Brown-throated Three-toed Sloth,Mammalia,costa_rica_cloud_forest,10.495612,-84.635252,2025-04-04
Bradypus variegatus,Brown-throated Three-toed Sloth,Mammalia,costa_rica_cloud_forest,10.481262,-84.677742,2025-04-15
Bradypus variegatus,Brown-throated Three-toed Sloth,Mammalia,costa_rica_cloud_forest,10.482833,-84.62707,2025-04-01
Bradypus variegatus,Brown-throated Three-toed Sloth,Mammalia,costa_rica_cloud_forest,10.461214,-84.728149,2025-04-15
Bradypus variegatus,Brown-throated Three-toed Sloth,Mammalia,costa_rica_cloud_forest,10.500631,-84.680474,2025-04-23
Bradypus variegatus,Brown-throated Three-toed Sloth,Mammalia,costa_rica_cloud_forest,10.470313,-84.650732,2025-04-26
Bradypus variegatus,Brown-throated Three-toed Sloth,Mammalia,costa_rica_cloud_forest,10.471188,-84.639588,2025-04-19
Bradypus variegatus,Brown-throated Three-toed Sloth,Mammalia,costa_rica_cloud_forest,10.477749,-84.640266,2025-04-29
Bradypus variegatus,Brown-throated Three-toed Sloth,Mammalia,costa_rica_cloud_forest,10.478624,-84.640756,2025-04-29
Bradypus variegatus,Brown-throated Three-toed Sloth,Mammalia,costa_rica_cloud_forest,10.479927,-84.636584,2025-04-29
Bradypus variegatus,Brown-throated Three-toed Sloth,Mammalia,costa_rica_cloud_forest,10.478333,-84.675034,2025-04-08
Bradypus variegatus,Brown-throated Three-toed Sloth,Mammalia,costa_rica_cloud_forest,10.468815,-84.65367,2025-04-25
Bradypus variegatus,Brown-throated Three-toed Sloth,Mammalia,costa_rica_cloud_forest,10.470019,-84.653832,2025-04-26
Bradypus variegatus,Brown-throated Three-toed Sloth,Mammalia,costa_rica_cloud_forest,10.456194,-84.738083,2025-04-20
Bradypus variegatus,Brown-throated Three-toed Sloth,Mammalia,costa_rica_cloud_forest,10.471197,-84.645415,2025-04-10
Bradypus variegatus,Brown-throated Three-toed Sloth,Mammalia,costa_rica_cloud_forest,10.477997,-84.674737,2025-04-12
Bradypus variegatus,Brown-throated Three-toed Sloth,Mammalia,costa_rica_cloud_forest,10.4421,-84.667245,2025-04-01
Bradypus variegatus,Brown-throated Three-toed Sloth,Mammalia,costa_rica_cloud_forest,10.471015,-84.651738,2025-05-06
Bradypus variegatus,Brown-throated Three-toed Sloth,Mammalia,costa_rica_cloud_forest,10.470313,-84.650732,2025-05-04
Bradypus variegatus,Brown-throated Three-toed Sloth,Mammalia,costa_rica_cloud_forest,10.471192,-84.651619,2025-05-06
Bradypus variegatus,Brown-throated Three-toed Sloth,Mammalia,costa_rica_cloud_forest,10.473772,-84.59446,2025-05-07
Bradypus variegatus,Brown-throated Three-toed Sloth,Mammalia,costa_rica_cloud_forest,10.47106,-84.652953,2025-05-12
Bradypus variegatus,Brown-throated Three-toed Sloth,Mammalia,costa_rica_cloud_forest,10.486374,-84.683287,2025-05-14
Bradypus variegatus,Brown-throated Three-toed Sloth,Mammalia,costa_rica_cloud_forest,10.48242,-84.627122,2025-05-18
Bradypus variegatus,Brown-throated Three-toed Sloth,Mammalia,costa_rica_cloud_forest,10.470853,-84.650963,2025-05-12
Bradypus variegatus,Brown-throated Three-toed Sloth,Mammalia,costa_rica_cloud_forest,10.454237,-84.659775,2025-05-24
Bradypus variegatus,Brown-throated Three-toed Sloth,Mammalia,costa_rica_cloud_forest,10.444658,-84.666696,2025-05-24
Bradypus variegatus,Brown-throated Three-toed Sloth,Mammalia,costa_rica_cloud_forest,10.499143,-84.688268,2025-05-25
Bradypus variegatus,Brown-throated Three-toed Sloth,Mammalia,costa_rica_cloud_forest,10.470313,-84.650732,2025-05-10
Bradypus variegatus,Brown-throated Three-toed Sloth,Mammalia,costa_rica_cloud_forest,10.477788,-84.642638,2025-05-31
Bradypus variegatus,Brown-throated Three-toed Sloth,Mammalia,costa_rica_cloud_forest,10.481028,-84.677322,2025-05-28
Bradypus variegatus,Brown-throated Three-toed Sloth,Mammalia,costa_rica_cloud_forest,10.35982,-84.586788,2025-05-07
Bradypus variegatus,Brown-throated Three-toed Sloth,Mammalia,costa_rica_cloud_forest,10.35982,-84.586788,2025-05-06
Bradypus variegatus,Brown-throated Three-toed Sloth,Mammalia,costa_rica_cloud_forest,10.446275,-84.656459,2025-05-16
Bradypus variegatus,Brown-throated Three-toed Sloth,Mammalia,costa_rica_cloud_forest,10.35982,-84.586788,2025-05-07
Bradypus variegatus,Brown-throated Three-toed Sloth,Mammalia,costa_rica_cloud_forest,10.471197,-84.645415,2025-05-10
Bradypus variegatus,Brown-throated Three-toed Sloth,Mammalia,costa_rica_cloud_forest,10.480453,-84.6296,2025-05-04
Bradypus variegatus,Brown-throated Three-toed Sloth,Mammalia,costa_rica_cloud_forest,10.488795,-84.724092,2025-05-14
Bradypus variegatus,Brown-throated Three-toed Sloth,Mammalia,costa_rica_cloud_forest,10.464584,-84.481639,2025-06-14
Bradypus variegatus,Brown-throated Three-toed Sloth,Mammalia,costa_rica_cloud_forest,10.489614,-84.722197,2025-06-08
Bradypus variegatus,Brown-throated Three-toed Sloth,Mammalia,costa_rica_cloud_forest,10.503312,-84.688026,2025-06-14
Bradypus variegatus,Brown-throated Three-toed Sloth,Mammalia,costa_rica_cloud_forest,10.471526,-84.650096,2025-06-07
Bradypus variegatus,Brown-throated Three-toed Sloth,Mammalia,costa_rica_cloud_forest,10.47797,-84.674817,2025-06-08
Bradypus variegatus,Brown-throated Three-toed Sloth,Mammalia,costa_rica_cloud_forest,10.470287,-84.65224,2025-06-07
Bradypus variegatus,Brown-throated Three-toed Sloth,Mammalia,costa_rica_cloud_forest,10.494438,-84.76822,2025-06-22
Bradypus variegatus,Brown-throated Three-toed Sloth,Mammalia,costa_rica_cloud_forest,10.470222,-84.654039,2025-06-24
Bradypus variegatus,Brown-throated Three-toed Sloth,Mammalia,costa_rica_cloud_forest,10.469535,-84.654042,2025-06-28
Bradypus variegatus,Brown-throated Three-toed Sloth,Mammalia,costa_rica_cloud_forest,10.38328,-84.61792,2025-06-30
Bradypus variegatus,Brown-throated Three-toed Sloth,Mammalia,costa_rica_cloud_forest,10.442137,-84.667442,2025-06-24
Bradypus variegatus,Brown-throated Three-toed Sloth,Mammalia,costa_rica_cloud_forest,10.469697,-84.654055,2025-06-28
Bradypus variegatus,Brown-throated Three-toed Sloth,Mammalia,costa_rica_cloud_forest,10.339068,-84.742217,2025-06-11
Bradypus variegatus,Brown-throated Three-toed Sloth,Mammalia,costa_rica_cloud_forest,10.47794,-84.64275,2025-06-12
Bradypus variegatus,Brown-throated Three-toed Sloth,Mammalia,costa_rica_cloud_forest,10.478292,-84.675028,2025-06-06
Bradypus variegatus,Brown-throated Three-toed Sloth,Mammalia,costa_rica_cloud_forest,10.383552,-84.617059,2025-07-01
Bradypus variegatus,Brown-throated Three-toed Sloth,Mammalia,costa_rica_cloud_forest,10.486188,-84.679747,2025-07-19
Bradypus variegatus,Brown-throated Three-toed Sloth,Mammalia,costa_rica_cloud_forest,10.47781,-84.64255,2025-07-15
Bradypus variegatus,Brown-throated Three-toed Sloth,Mammalia,costa_rica_cloud_forest,10.500647,-84.680738,2025-07-13
Bradypus variegatus,Brown-throated Three-toed Sloth,Mammalia,costa_rica_cloud_forest,10.477683,-84.641397,2025-07-16
Bradypus variegatus,Brown-throated Three-toed Sloth,Mammalia,costa_rica_cloud_forest,10.498927,-84.686381,2025-07-14
Bradypus variegatus,Brown-throated Three-toed Sloth,Mammalia,costa_rica_cloud_forest,10.442147,-84.604238,2025-07-14
Bradypus variegatus,Brown-throated Three-toed Sloth,Mammalia,costa_rica_cloud_forest,10.503027,-84.689002,2025-07-22
Bradypus variegatus,Brown-throated Three-toed Sloth,Mammalia,costa_rica_cloud_forest,10.470699,-84.651148,2025-07-05
Bradypus variegatus,Brown-throated Three-toed Sloth,Mammalia,costa_rica_cloud_forest,10.478303,-84.675022,2025-07-30
Bradypus variegatus,Brown-throated Three-toed Sloth,Mammalia,costa_rica_cloud_forest,10.470255,-84.651337,2025-07-28
Bradypus variegatus,Brown-throated Three-toed Sloth,Mammalia,costa_rica_cloud_forest,10.471881,-84.601061,2025-07-26
Bradypus variegatus,Brown-throated Three-toed Sloth,Mammalia,costa_rica_cloud_forest,10.229033,-84.818049,2025-07-14
Bradypus variegatus,Brown-throated Three-toed Sloth,Mammalia,costa_rica_cloud_forest,10.38302,-84.617562,2025-07-04
Bradypus variegatus,Brown-throated Three-toed Sloth,Mammalia,costa_rica_cloud_forest,10.441314,-84.615276,2025-07-24
Bradypus variegatus,Brown-throated Three-toed Sloth,Mammalia,costa_rica_cloud_forest,10.471624,-84.603214,2025-07-15
Bradypus variegatus,Brown-throated Three-toed Sloth,Mammalia,costa_rica_cloud_forest,10.470255,-84.652484,2025-07-16
Bradypus variegatus,Brown-throated Three-toed Sloth,Mammalia,costa_rica_cloud_forest,10.470071,-84.6538,2025-07-05
Bradypus variegatus,Brown-throated Three-toed Sloth,Mammalia,costa_rica_cloud_forest,10.471353,-84.599137,2025-08-02
Bradypus variegatus,Brown-throated Three-toed Sloth,Mammalia,costa_rica_cloud_forest,10.477845,-84.642509,2025-08-17
Bradypus variegatus,Brown-throated Three-toed Sloth,Mammalia,costa_rica_cloud_forest,10.483484,-84.730985,2025-08-10
Bradypus variegatus,Brown-throated Three-toed Sloth,Mammalia,costa_rica_cloud_forest,10.470771,-84.667658,2025-08-08
Bradypus variegatus,Brown-throated Three-toed Sloth,Mammalia,costa_rica_cloud_forest,10.469875,-84.652047,2025-08-05
Bradypus variegatus,Brown-throated Three-toed Sloth,Mammalia,costa_rica_cloud_forest,10.470116,-84.653733,2025-08-15
Bradypus variegatus,Brown-throated Three-toed Sloth,Mammalia,costa_rica_cloud_forest,10.468953,-84.652878,2025-08-08
Bradypus variegatus,Brown-throated Three-toed Sloth,Mammalia,costa_rica_cloud_forest,10.441208,-84.668062,2025-08-08
Bradypus variegatus,Brown-throated Three-toed Sloth,Mammalia,costa_rica_cloud_forest,10.44118,-84.668128,2025-08-08
Bradypus variegatus,Brown-throated Three-toed Sloth,Mammalia,costa_rica_cloud_forest,10.38767,-84.597345,2025-08-14
Bradypus variegatus,Brown-throated Three-toed Sloth,Mammalia,costa_rica_cloud_forest,10.305219,-84.810692,2025-08-07
Bradypus variegatus,Brown-throated Three-toed Sloth,Mammalia,costa_rica_cloud_forest,10.331161,-84.602521,2025-08-10
Bradypus variegatus,Brown-throated Three-toed Sloth,Mammalia,costa_rica_cloud_forest,10.477838,-84.642695,2025-08-19
Bradypus variegatus,Brown-throated Three-toed Sloth,Mammalia,costa_rica_cloud_forest,10.470313,-84.650732,2025-08-23
Bradypus variegatus,Brown-throated Three-toed Sloth,Mammalia,costa_rica_cloud_forest,10.478297,-84.642997,2025-08-27
Bradypus variegatus,Brown-throated Three-toed Sloth,Mammalia,costa_rica_cloud_forest,10.441188,-84.668097,2025-08-08
Bradypus variegatus,Brown-throated Three-toed Sloth,Mammalia,costa_rica_cloud_forest,10.3877,-84.597472,2025-08-14
Bradypus variegatus,Brown-throated Three-toed Sloth,Mammalia,costa_rica_cloud_forest,10.508609,-84.621799,2025-08-19
Bradypus variegatus,Brown-throated Three-toed Sloth,Mammalia,costa_rica_cloud_forest,10.469936,-84.651863,2025-08-15
Bradypus variegatus,Brown-throated Three-toed Sloth,Mammalia,costa_rica_cloud_forest,10.470086,-84.65111,2025-08-15
Bradypus variegatus,Brown-throated Three-toed Sloth,Mammalia,costa_rica_cloud_forest,10.500822,-84.681056,2025-08-06
Bradypus variegatus,Brown-throated Three-toed Sloth,Mammalia,costa_rica_cloud_forest,10.468922,-84.653542,2025-09-13
Bradypus variegatus,Brown-throated Three-toed Sloth,Mammalia,costa_rica_cloud_forest,10.475771,-84.641811,2025-09-11
Bradypus variegatus,Brown-throated Three-toed Sloth,Mammalia,costa_rica_cloud_forest,10.484779,-84.72984,2025-09-10
Bradypus variegatus,Brown-throated Three-toed Sloth,Mammalia,costa_rica_cloud_forest,10.498429,-84.657254,2025-09-13
Bradypus variegatus,Brown-throated Three-toed Sloth,Mammalia,costa_rica_cloud_forest,10.453446,-84.657978,2025-09-10
Bradypus variegatus,Brown-throated Three-toed Sloth,Mammalia,costa_rica_cloud_forest,10.505272,-84.68843,2025-09-17
Bradypus variegatus,Brown-throated Three-toed Sloth,Mammalia,costa_rica_cloud_forest,10.48103,-84.677217,2025-10-02
Bradypus variegatus,Brown-throated Three-toed Sloth,Mammalia,costa_rica_cloud_forest,10.500891,-84.67897,2025-10-21
Bradypus variegatus,Brown-throated Three-toed Sloth,Mammalia,costa_rica_cloud_forest,10.470203,-84.6511,2025-10-18
Bradypus variegatus,Brown-throated Three-toed Sloth,Mammalia,costa_rica_cloud_forest,10.470192,-84.651092,2025-10-18
Bradypus variegatus,Brown-throated Three-toed Sloth,Mammalia,costa_rica_cloud_forest,10.482802,-84.626678,2025-11-08
Bradypus variegatus,Brown-throated Three-toed Sloth,Mammalia,costa_rica_cloud_forest,10.469585,-84.600955,2025-11-12
Bradypus variegatus,Brown-throated Three-toed Sloth,Mammalia,costa_rica_cloud_forest,10.462319,-84.660086,2025-11-24
Bradypus variegatus,Brown-throated Three-toed Sloth,Mammalia,costa_rica_cloud_forest,10.489715,-84.624511,2025-11-21
Bradypus variegatus,Brown-throated Three-toed Sloth,Mammalia,costa_rica_cloud_forest,10.502489,-84.678291,2025-11-22
Bradypus variegatus,Brown-throated Three-toed Sloth,Mammalia,costa_rica_cloud_forest,10.438043,-84.703938,2025-11-24
Bradypus variegatus,Brown-throated Three-toed Sloth,Mammalia,costa_rica_cloud_forest,10.490191,-84.754663,2025-11-25
Bradypus variegatus,Brown-throated Three-toed Sloth,Mammalia,costa_rica_cloud_forest,10.490111,-84.754684,2025-11-25
Bradypus variegatus,Brown-throated Three-toed Sloth,Mammalia,costa_rica_cloud_forest,10.472462,-84.749462,2025-11-24
Bradypus variegatus,Brown-throated Three-toed Sloth,Mammalia,costa_rica_cloud_forest,10.39138,-84.609192,2025-12-09
Bradypus variegatus,Brown-throated Three-toed Sloth,Mammalia,costa_rica_cloud_forest,10.470313,-84.650732,2025-12-12
Bradypus variegatus,Brown-throated Three-toed Sloth,Mammalia,costa_rica_cloud_forest,10.388067,-84.606321,2025-12-08
Bradypus variegatus,Brown-throated Three-toed Sloth,Mammalia,costa_rica_cloud_forest,10.471075,-84.654747,2025-12-12
Bradypus variegatus,Brown-throated Three-toed Sloth,Mammalia,costa_rica_cloud_forest,10.488333,-84.62458,2025-12-11
Bradypus variegatus,Brown-throated Three-toed Sloth,Mammalia,costa_rica_cloud_forest,10.470317,-84.65258,2025-12-27
Bradypus variegatus,Brown-throated Three-toed Sloth,Mammalia,costa_rica_cloud_forest,10.314467,-84.544738,2025-12-15
Bradypus variegatus,Brown-throated Three-toed Sloth,Mammalia,costa_rica_cloud_forest,10.480958,-84.677253,2025-12-18
Bradypus variegatus,Brown-throated Three-toed Sloth,Mammalia,costa_rica_cloud_forest,10.480911,-84.677293,2025-12-18
Bradypus variegatus,Brown-throated Three-toed Sloth,Mammalia,costa_rica_cloud_forest,10.470907,-84.651602,2025-12-22
Bradypus variegatus,Brown-throated Three-toed Sloth,Mammalia,costa_rica_cloud_forest,10.487892,-84.623952,2025-12-27
Bradypus variegatus,Brown-throated Three-toed Sloth,Mammalia,costa_rica_cloud_forest,10.477712,-84.640555,2025-12-22
Bradypus variegatus,Brown-throated Three-toed Sloth,Mammalia,costa_rica_cloud_forest,10.467291,-84.653257,2025-12-22
Bradypus variegatus,Brown-throated Three-toed Sloth,Mammalia,costa_rica_cloud_forest,10.468748,-84.652954,2025-12-21
Bradypus variegatus,Brown-throated Three-toed Sloth,Mammalia,costa_rica_cloud_forest,10.471663,-84.653505,2025-12-22
Bradypus variegatus,Brown-throated Three-toed Sloth,Mammalia,costa_rica_cloud_forest,10.474046,-84.586772,2025-12-24
Bradypus variegatus,Brown-throated Three-toed Sloth,Mammalia,costa_rica_cloud_forest,10.471196,-84.645415,2025-12-26
Bradypus variegatus,Brown-throated Three-toed Sloth,Mammalia,costa_rica_cloud_forest,10.371111,-84.6075,2025-12-27
Bradypus variegatus,Brown-throated Three-toed Sloth,Mammalia,costa_rica_cloud_forest,10.477967,-84.642197,2025-12-29
Bradypus variegatus,Brown-throated Three-toed Sloth,Mammalia,costa_rica_cloud_forest,10.477608,-84.642128,2025-12-29
Bradypus variegatus,Brown-throated Three-toed Sloth,Mammalia,costa_rica_cloud_forest,10.469334,-84.653293,2025-12-22
Bradypus variegatus,Brown-throated Three-toed Sloth,Mammalia,costa_rica_cloud_forest,10.471262,-84.653405,2025-12-29
Bradypus variegatus,Brown-throated Three-toed Sloth,Mammalia,costa_rica_cloud_forest,10.471188,-84.639588,2025-12-15
Bradypus variegatus,Brown-throated Three-toed Sloth,Mammalia,costa_rica_cloud_forest,10.471962,-84.650106,2025-12-22
Bradypus variegatus,Brown-throated Three-toed Sloth,Mammalia,costa_rica_cloud_forest,10.470599,-84.652015,2025-12-22
Bradypus variegatus,Brown-throated Three-toed Sloth,Mammalia,costa_rica_cloud_forest,10.486717,-84.682598,2025-12-28
Bradypus variegatus,Brown-throated Three-toed Sloth,Mammalia,costa_rica_cloud_forest,10.530378,-84.679936,2025-12-27
Bradypus variegatus,Brown-throated Three-toed Sloth,Mammalia,costa_rica_cloud_forest,10.332097,-84.591998,2025-12-26
Bradypus variegatus,Brown-throated Three-toed Sloth,Mammalia,costa_rica_cloud_forest,10.4698,-84.652328,2025-12-18
Bradypus variegatus,Brown-throated Three-toed Sloth,Mammalia,costa_rica_cloud_forest,10.503088,-84.698318,2024-01-02
Bradypus variegatus,Brown-throated Three-toed Sloth,Mammalia,costa_rica_cloud_forest,10.519625,-84.688718,2024-01-05
Bradypus variegatus,Brown-throated Three-toed Sloth,Mammalia,costa_rica_cloud_forest,10.470905,-84.60225,2024-01-10
Bradypus variegatus,Brown-throated Three-toed Sloth,Mammalia,costa_rica_cloud_forest,10.351199,-84.668655,2024-01-13
Bradypus variegatus,Brown-throated Three-toed Sloth,Mammalia,costa_rica_cloud_forest,10.272145,-84.524086,2024-01-23
Bradypus variegatus,Brown-throated Three-toed Sloth,Mammalia,costa_rica_cloud_forest,10.519441,-84.469093,2024-01-08
Bradypus variegatus,Brown-throated Three-toed Sloth,Mammalia,costa_rica_cloud_forest,10.368945,-84.465702,2024-01-31
Bradypus variegatus,Brown-throated Three-toed Sloth,Mammalia,costa_rica_cloud_forest,10.501894,-84.692167,2024-01-30
Bradypus variegatus,Brown-throated Three-toed Sloth,Mammalia,costa_rica_cloud_forest,10.467834,-84.642681,2024-01-13
Bradypus variegatus,Brown-throated Three-toed Sloth,Mammalia,costa_rica_cloud_forest,10.467834,-84.642681,2024-01-13
Bradypus variegatus,Brown-throated Three-toed Sloth,Mammalia,costa_rica_cloud_forest,10.470168,-84.651795,2024-01-05
Bradypus variegatus,Brown-throated Three-toed Sloth,Mammalia,costa_rica_cloud_forest,10.473005,-84.650486,2024-01-07
Bradypus variegatus,Brown-throated Three-toed Sloth,Mammalia,costa_rica_cloud_forest,10.496135,-84.686411,2024-01-12
Bradypus variegatus,Brown-throated Three-toed Sloth,Mammalia,costa_rica_cloud_forest,10.495263,-84.611588,2024-01-08
Bradypus variegatus,Brown-throated Three-toed Sloth,Mammalia,costa_rica_cloud_forest,10.472192,-84.650623,2024-01-07
Bradypus variegatus,Brown-throated Three-toed Sloth,Mammalia,costa_rica_cloud_forest,10.503388,-84.690661,2024-01-22
Bradypus variegatus,Brown-throated Three-toed Sloth,Mammalia,costa_rica_cloud_forest,10.471011,-84.65245,2024-01-07
Bradypus variegatus,Brown-throated Three-toed Sloth,Mammalia,costa_rica_cloud_forest,10.471525,-84.653647,2024-01-07
Bradypus variegatus,Brown-throated Three-toed Sloth,Mammalia,costa_rica_cloud_forest,10.453605,-84.661537,2024-02-18
Bradypus variegatus,Brown-throated Three-toed Sloth,Mammalia,costa_rica_cloud_forest,10.464907,-84.459015,2024-02-01
Bradypus variegatus,Brown-throated Three-toed Sloth,Mammalia,costa_rica_cloud_forest,10.478015,-84.641483,2024-02-07
Bradypus variegatus,Brown-throated Three-toed Sloth,Mammalia,costa_rica_cloud_forest,10.470839,-84.598877,2024-02-26
Bradypus variegatus,Brown-throated Three-toed Sloth,Mammalia,costa_rica_cloud_forest,10.446562,-84.66764,2024-02-23
Bradypus variegatus,Brown-throated Three-toed Sloth,Mammalia,costa_rica_cloud_forest,10.46546,-84.644792,2024-02-22
Bradypus variegatus,Brown-throated Three-toed Sloth,Mammalia,costa_rica_cloud_forest,10.464913,-84.643196,2024-02-22
Bradypus variegatus,Brown-throated Three-toed Sloth,Mammalia,costa_rica_cloud_forest,10.470491,-84.653224,2024-02-24
Bradypus variegatus,Brown-throated Three-toed Sloth,Mammalia,costa_rica_cloud_forest,10.470893,-84.65088,2024-02-24
Bradypus variegatus,Brown-throated Three-toed Sloth,Mammalia,costa_rica_cloud_forest,10.493262,-84.695448,2024-02-24
Bradypus variegatus,Brown-throated Three-toed Sloth,Mammalia,costa_rica_cloud_forest,10.482558,-84.627108,2024-02-24
Bradypus variegatus,Brown-throated Three-toed Sloth,Mammalia,costa_rica_cloud_forest,10.470165,-84.650663,2024-02-25
Bradypus variegatus,Brown-throated Three-toed Sloth,Mammalia,costa_rica_cloud_forest,10.482942,-84.626463,2024-02-29
Bradypus variegatus,Brown-throated Three-toed Sloth,Mammalia,costa_rica_cloud_forest,10.470036,-84.651053,2024-02-28
Bradypus variegatus,Brown-throated Three-toed Sloth,Mammalia,costa_rica_cloud_forest,10.470291,-84.651263,2024-02-22
Bradypus variegatus,Brown-throated Three-toed Sloth,Mammalia,costa_rica_cloud_forest,10.470291,-84.651263,2024-02-22
Bradypus variegatus,Brown-throated Three-toed Sloth,Mammalia,costa_rica_cloud_forest,10.470477,-84.652303,2024-02-01
Bradypus variegatus,Brown-throated Three-toed Sloth,Mammalia,costa_rica_cloud_forest,10.472109,-84.653882,2024-02-28
Bradypus variegatus,Brown-throated Three-toed Sloth,Mammalia,costa_rica_cloud_forest,10.472109,-84.653882,2024-02-28
Bradypus variegatus,Brown-throated Three-toed Sloth,Mammalia,costa_rica_cloud_forest,10.46994,-84.734686,2024-02-03
Bradypus variegatus,Brown-throated Three-toed Sloth,Mammalia,costa_rica_cloud_forest,10.470305,-84.650772,2024-02-22
Bradypus variegatus,Brown-throated Three-toed Sloth,Mammalia,costa_rica_cloud_forest,10.471253,-84.650742,2024-02-28
Bradypus variegatus,Brown-throated Three-toed Sloth,Mammalia,costa_rica_cloud_forest,10.477782,-84.642628,2024-03-08
Bradypus variegatus,Brown-throated Three-toed Sloth,Mammalia,costa_rica_cloud_forest,10.47038,-84.650803,2024-03-10
Bradypus variegatus,Brown-throated Three-toed Sloth,Mammalia,costa_rica_cloud_forest,10.4703,-84.652211,2024-03-12
Bradypus variegatus,Brown-throated Three-toed Sloth,Mammalia,costa_rica_cloud_forest,10.478681,-84.641531,2024-03-08
Bradypus variegatus,Brown-throated Three-toed Sloth,Mammalia,costa_rica_cloud_forest,10.470287,-84.737294,2024-03-01
Bradypus variegatus,Brown-throated Three-toed Sloth,Mammalia,costa_rica_cloud_forest,10.470525,-84.650917,2024-03-19
Bradypus variegatus,Brown-throated Three-toed Sloth,Mammalia,costa_rica_cloud_forest,10.62389,-84.511742,2024-03-25
Bradypus variegatus,Brown-throated Three-toed Sloth,Mammalia,costa_rica_cloud_forest,10.470165,-84.650663,2024-03-19
Bradypus variegatus,Brown-throated Three-toed Sloth,Mammalia,costa_rica_cloud_forest,10.484629,-84.6462,2024-03-20
Bradypus variegatus,Brown-throated Three-toed Sloth,Mammalia,costa_rica_cloud_forest,10.470165,-84.650663,2024-03-27
Bradypus variegatus,Brown-throated Three-toed Sloth,Mammalia,costa_rica_cloud_forest,10.606879,-85.15353,2024-03-24
Bradypus variegatus,Brown-throated Three-toed Sloth,Mammalia,costa_rica_cloud_forest,10.470313,-84.650732,2024-03-13
Bradypus variegatus,Brown-throated Three-toed Sloth,Mammalia,costa_rica_cloud_forest,10.42015,-84.859635,2024-03-21
Bradypus variegatus,Brown-throated Three-toed Sloth,Mammalia,costa_rica_cloud_forest,10.503392,-84.687845,2024-03-01
Bradypus variegatus,Brown-throated Three-toed Sloth,Mammalia,costa_rica_cloud_forest,10.471558,-84.654314,2024-03-01
Bradypus variegatus,Brown-throated Three-toed Sloth,Mammalia,costa_rica_cloud_forest,10.471558,-84.654314,2024-03-01
Bradypus variegatus,Brown-throated Three-toed Sloth,Mammalia,costa_rica_cloud_forest,10.471558,-84.654314,2024-03-01
Bradypus variegatus,Brown-throated Three-toed Sloth,Mammalia,costa_rica_cloud_forest,10.471031,-84.652,2024-03-01
Bradypus variegatus,Brown-throated Three-toed Sloth,Mammalia,costa_rica_cloud_forest,10.470165,-84.650663,2024-03-27
Bradypus variegatus,Brown-throated Three-toed Sloth,Mammalia,costa_rica_cloud_forest,10.498785,-84.686358,2024-03-06
Bradypus variegatus,Brown-throated Three-toed Sloth,Mammalia,costa_rica_cloud_forest,10.482117,-84.62702,2024-03-26
Bradypus variegatus,Brown-throated Three-toed Sloth,Mammalia,costa_rica_cloud_forest,10.482186,-84.627593,2024-03-26
Bradypus variegatus,Brown-throated Three-toed Sloth,Mammalia,costa_rica_cloud_forest,10.482816,-84.626227,2024-03-26
Bradypus variegatus,Brown-throated Three-toed Sloth,Mammalia,costa_rica_cloud_forest,10.478118,-84.642872,2024-04-04
Bradypus variegatus,Brown-throated Three-toed Sloth,Mammalia,costa_rica_cloud_forest,10.470017,-84.653838,2024-04-15
Bradypus variegatus,Brown-throated Three-toed Sloth,Mammalia,costa_rica_cloud_forest,10.471188,-84.639588,2024-04-28
Bradypus variegatus,Brown-throated Three-toed Sloth,Mammalia,costa_rica_cloud_forest,10.540588,-84.757707,2024-04-01
Bradypus variegatus,Brown-throated Three-toed Sloth,Mammalia,costa_rica_cloud_forest,10.47025,-84.651568,2024-04-01
Bradypus variegatus,Brown-throated Three-toed Sloth,Mammalia,costa_rica_cloud_forest,10.382302,-84.618798,2024-04-27
Bradypus variegatus,Brown-throated Three-toed Sloth,Mammalia,costa_rica_cloud_forest,10.467834,-84.642681,2024-04-12
Bradypus variegatus,Brown-throated Three-toed Sloth,Mammalia,costa_rica_cloud_forest,10.471411,-84.603144,2024-04-07
Bradypus variegatus,Brown-throated Three-toed Sloth,Mammalia,costa_rica_cloud_forest,10.46653,-84.72912,2024-04-19
Bradypus variegatus,Brown-throated Three-toed Sloth,Mammalia,costa_rica_cloud_forest,10.47083,-84.652125,2024-04-21
Bradypus variegatus,Brown-throated Three-toed Sloth,Mammalia,costa_rica_cloud_forest,10.471529,-84.651763,2024-04-21
Bradypus variegatus,Brown-throated Three-toed Sloth,Mammalia,costa_rica_cloud_forest,10.471408,-84.653826,2024-04-21
Bradypus variegatus,Brown-throated Three-toed Sloth,Mammalia,costa_rica_cloud_forest,10.503458,-84.687376,2024-05-14
Bradypus variegatus,Brown-throated Three-toed Sloth,Mammalia,costa_rica_cloud_forest,10.503246,-84.687462,2024-05-13
Bradypus variegatus,Brown-throated Three-toed Sloth,Mammalia,costa_rica_cloud_forest,10.382711,-84.616771,2024-05-04
Bradypus variegatus,Brown-throated Three-toed Sloth,Mammalia,costa_rica_cloud_forest,10.38211,-84.61176,2024-05-09
Bradypus variegatus,Brown-throated Three-toed Sloth,Mammalia,costa_rica_cloud_forest,10.38269,-84.616799,2024-05-09
Bradypus variegatus,Brown-throated Three-toed Sloth,Mammalia,costa_rica_cloud_forest,10.46102,-84.6604,2024-05-25
Bradypus variegatus,Brown-throated Three-toed Sloth,Mammalia,costa_rica_cloud_forest,10.376495,-84.542983,2024-05-21
Tapirus bairdii,Baird's Tapir,Mammalia,costa_rica_cloud_forest,10.413675,-84.841397,2026-01-04
Tapirus bairdii,Baird's Tapir,Mammalia,costa_rica_cloud_forest,10.611517,-85.102265,2026-01-10
Tapirus bairdii,Baird's Tapir,Mammalia,costa_rica_cloud_forest,10.619618,-85.081145,2026-01-06
Tapirus bairdii,Baird's Tapir,Mammalia,costa_rica_cloud_forest,10.644411,-85.127957,2026-01-08
Tapirus bairdii,Baird's Tapir,Mammalia,costa_rica_cloud_forest,10.658862,-85.087869,2026-01-24
Tapirus bairdii,Baird's Tapir,Mammalia,costa_rica_cloud_forest,10.608852,-85.105682,2026-02-03
Tapirus bairdii,Baird's Tapir,Mammalia,costa_rica_cloud_forest,10.628699,-85.117603,2026-02-06
Tapirus bairdii,Baird's Tapir,Mammalia,costa_rica_cloud_forest,10.606452,-85.118357,2026-02-25
Tapirus bairdii,Baird's Tapir,Mammalia,costa_rica_cloud_forest,10.124268,-84.89632,2026-02-26
Tapirus bairdii,Baird's Tapir,Mammalia,costa_rica_cloud_forest,10.654562,-85.053837,2026-02-11
Tapirus bairdii,Baird's Tapir,Mammalia,costa_rica_cloud_forest,10.616685,-85.166134,2026-03-08
Tapirus bairdii,Baird's Tapir,Mammalia,costa_rica_cloud_forest,10.612165,-85.144943,2026-03-19
Tapirus bairdii,Baird's Tapir,Mammalia,costa_rica_cloud_forest,10.643078,-85.163192,2026-03-24
Tapirus bairdii,Baird's Tapir,Mammalia,costa_rica_cloud_forest,10.631598,-85.162097,2026-03-20
Tapirus bairdii,Baird's Tapir,Mammalia,costa_rica_cloud_forest,10.638674,-85.01012,2026-03-18
Tapirus bairdii,Baird's Tapir,Mammalia,costa_rica_cloud_forest,10.608215,-84.98866,2026-03-19
Tapirus bairdii,Baird's Tapir,Mammalia,costa_rica_cloud_forest,10.653133,-85.045504,2026-03-08
Tapirus bairdii,Baird's Tapir,Mammalia,costa_rica_cloud_forest,10.649208,-85.031414,2026-04-15
Tapirus bairdii,Baird's Tapir,Mammalia,costa_rica_cloud_forest,10.652682,-85.023703,2026-05-03
Tapirus bairdii,Baird's Tapir,Mammalia,costa_rica_cloud_forest,10.366451,-84.643409,2026-05-24
Tapirus bairdii,Baird's Tapir,Mammalia,costa_rica_cloud_forest,10.614693,-85.05123,2026-05-07
Tapirus bairdii,Baird's Tapir,Mammalia,costa_rica_cloud_forest,10.020478,-84.458618,2026-05-24
Tapirus bairdii,Baird's Tapir,Mammalia,costa_rica_cloud_forest,10.608083,-85.091929,2026-06-08
Tapirus bairdii,Baird's Tapir,Mammalia,costa_rica_cloud_forest,10.652645,-85.036938,2026-06-06
Tapirus bairdii,Baird's Tapir,Mammalia,costa_rica_cloud_forest,10.622792,-85.091686,2026-06-12
Tapirus bairdii,Baird's Tapir,Mammalia,costa_rica_cloud_forest,10.651202,-85.011353,2026-06-25
Tapirus bairdii,Baird's Tapir,Mammalia,costa_rica_cloud_forest,10.609427,-85.026233,2026-07-25
Tapirus bairdii,Baird's Tapir,Mammalia,costa_rica_cloud_forest,10.630367,-84.93419,2026-07-27
Tapirus bairdii,Baird's Tapir,Mammalia,costa_rica_cloud_forest,10.626688,-85.14015,2026-08-10
Tapirus bairdii,Baird's Tapir,Mammalia,costa_rica_cloud_forest,10.626226,-84.969136,2026-08-23
Tapirus bairdii,Baird's Tapir,Mammalia,costa_rica_cloud_forest,10.619073,-85.051757,2026-08-28
Tapirus bairdii,Baird's Tapir,Mammalia,costa_rica_cloud_forest,10.621296,-85.108867,2025-01-01
Tapirus bairdii,Baird's Tapir,Mammalia,costa_rica_cloud_forest,10.608884,-85.085876,2025-01-08
Tapirus bairdii,Baird's Tapir,Mammalia,costa_rica_cloud_forest,10.653047,-85.099561,2025-01-13
Tapirus bairdii,Baird's Tapir,Mammalia,costa_rica_cloud_forest,10.649262,-85.129875,2025-01-19
Tapirus bairdii,Baird's Tapir,Mammalia,costa_rica_cloud_forest,10.633718,-85.095748,2025-01-22
Tapirus bairdii,Baird's Tapir,Mammalia,costa_rica_cloud_forest,10.613114,-85.083812,2025-01-12
Tapirus bairdii,Baird's Tapir,Mammalia,costa_rica_cloud_forest,10.65219,-85.114524,2025-01-22
Tapirus bairdii,Baird's Tapir,Mammalia,costa_rica_cloud_forest,10.606823,-85.142889,2025-02-04
Tapirus bairdii,Baird's Tapir,Mammalia,costa_rica_cloud_forest,10.603992,-85.123487,2025-02-04
Tapirus bairdii,Baird's Tapir,Mammalia,costa_rica_cloud_forest,10.600397,-85.163282,2025-02-07
Tapirus bairdii,Baird's Tapir,Mammalia,costa_rica_cloud_forest,10.657289,-85.014783,2025-02-10
Tapirus bairdii,Baird's Tapir,Mammalia,costa_rica_cloud_forest,10.643436,-85.126607,2025-02-12
Tapirus bairdii,Baird's Tapir,Mammalia,costa_rica_cloud_forest,10.638995,-85.098228,2025-03-10
Tapirus bairdii,Baird's Tapir,Mammalia,costa_rica_cloud_forest,10.601518,-85.104503,2025-04-01
Tapirus bairdii,Baird's Tapir,Mammalia,costa_rica_cloud_forest,10.625607,-85.123627,2025-05-05
Tapirus bairdii,Baird's Tapir,Mammalia,costa_rica_cloud_forest,10.628865,-85.162567,2025-05-15
Tapirus bairdii,Baird's Tapir,Mammalia,costa_rica_cloud_forest,10.634605,-85.068724,2025-05-23
Tapirus bairdii,Baird's Tapir,Mammalia,costa_rica_cloud_forest,10.625931,-85.042619,2025-05-23
Tapirus bairdii,Baird's Tapir,Mammalia,costa_rica_cloud_forest,10.62177,-85.062013,2025-06-06
Tapirus bairdii,Baird's Tapir,Mammalia,costa_rica_cloud_forest,10.635481,-85.090675,2025-06-16
Tapirus bairdii,Baird's Tapir,Mammalia,costa_rica_cloud_forest,10.606789,-85.020588,2025-07-15
Tapirus bairdii,Baird's Tapir,Mammalia,costa_rica_cloud_forest,10.650023,-85.015902,2025-08-03
Tapirus bairdii,Baird's Tapir,Mammalia,costa_rica_cloud_forest,10.612068,-85.0268,2025-08-11
Tapirus bairdii,Baird's Tapir,Mammalia,costa_rica_cloud_forest,10.637264,-85.073348,2025-08-18
Tapirus bairdii,Baird's Tapir,Mammalia,costa_rica_cloud_forest,10.617941,-85.161766,2025-08-09
Tapirus bairdii,Baird's Tapir,Mammalia,costa_rica_cloud_forest,10.630934,-85.128198,2025-09-27
Tapirus bairdii,Baird's Tapir,Mammalia,costa_rica_cloud_forest,10.652109,-85.075074,2025-09-23
Tapirus bairdii,Baird's Tapir,Mammalia,costa_rica_cloud_forest,10.621725,-85.100336,2025-10-10
Tapirus bairdii,Baird's Tapir,Mammalia,costa_rica_cloud_forest,10.627398,-85.106371,2025-10-08
Tapirus bairdii,Baird's Tapir,Mammalia,costa_rica_cloud_forest,10.642753,-85.036995,2025-10-16
Tapirus bairdii,Baird's Tapir,Mammalia,costa_rica_cloud_forest,10.654704,-85.135328,2025-10-30
Tapirus bairdii,Baird's Tapir,Mammalia,costa_rica_cloud_forest,10.623999,-85.011595,2025-11-03
Tapirus bairdii,Baird's Tapir,Mammalia,costa_rica_cloud_forest,10.612423,-85.151825,2025-11-16
Tapirus bairdii,Baird's Tapir,Mammalia,costa_rica_cloud_forest,10.617849,-85.059869,2025-11-12
Tapirus bairdii,Baird's Tapir,Mammalia,costa_rica_cloud_forest,10.652375,-85.118316,2025-11-13
Tapirus bairdii,Baird's Tapir,Mammalia,costa_rica_cloud_forest,10.628762,-84.813358,2025-12-04
Tapirus bairdii,Baird's Tapir,Mammalia,costa_rica_cloud_forest,10.655875,-85.016738,2025-12-25
Tapirus bairdii,Baird's Tapir,Mammalia,costa_rica_cloud_forest,10.613419,-85.138496,2025-12-18
Tapirus bairdii,Baird's Tapir,Mammalia,costa_rica_cloud_forest,10.618989,-85.071539,2025-12-16
Tapirus bairdii,Baird's Tapir,Mammalia,costa_rica_cloud_forest,10.437548,-84.672086,2025-12-26
Tapirus bairdii,Baird's Tapir,Mammalia,costa_rica_cloud_forest,10.649994,-85.166466,2025-12-22
Tapirus bairdii,Baird's Tapir,Mammalia,costa_rica_cloud_forest,10.626722,-85.009129,2025-12-24
Tapirus bairdii,Baird's Tapir,Mammalia,costa_rica_cloud_forest,10.609918,-85.003441,2024-01-31
Tapirus bairdii,Baird's Tapir,Mammalia,costa_rica_cloud_forest,10.638158,-85.006427,2024-06-19
Tapirus bairdii,Baird's Tapir,Mammalia,costa_rica_cloud_forest,10.642882,-85.149202,2024-08-28
Tapirus bairdii,Baird's Tapir,Mammalia,costa_rica_cloud_forest,10.649268,-85.10522,2024-09-25
Tapirus bairdii,Baird's Tapir,Mammalia,costa_rica_cloud_forest,10.634722,-85.100077,2024-10-10
Tapirus bairdii,Baird's Tapir,Mammalia,costa_rica_cloud_forest,10.605137,-85.079005,2024-11-09
Tapirus bairdii,Baird's Tapir,Mammalia,costa_rica_cloud_forest,10.656546,-85.024729,2024-11-29
Tapirus bairdii,Baird's Tapir,Mammalia,costa_rica_cloud_forest,10.607495,-85.078566,2024-12-14
Tapirus bairdii,Baird's Tapir,Mammalia,costa_rica_cloud_forest,10.100633,-85.16596,2024-12-19
Tapirus bairdii,Baird's Tapir,Mammalia,costa_rica_cloud_forest,10.64548,-85.044459,2024-12-14
Tapirus bairdii,Baird's Tapir,Mammalia,costa_rica_cloud_forest,10.602344,-85.118382,2024-12-19
Tapirus bairdii,Baird's Tapir,Mammalia,costa_rica_cloud_forest,10.610973,-85.164452,2024-12-22
Tapirus bairdii,Baird's Tapir,Mammalia,costa_rica_cloud_forest,10.628545,-85.082304,2024-12-19
Tapirus bairdii,Baird's Tapir,Mammalia,costa_rica_cloud_forest,10.623521,-85.040723,2024-12-12
Tapirus bairdii,Baird's Tapir,Mammalia,costa_rica_cloud_forest,10.649349,-85.025825,2024-12-12
Tapirus bairdii,Baird's Tapir,Mammalia,costa_rica_cloud_forest,10.64644,-85.010069,2023-01-27
Tapirus bairdii,Baird's Tapir,Mammalia,costa_rica_cloud_forest,10.627938,-85.102983,2023-02-08
Tapirus bairdii,Baird's Tapir,Mammalia,costa_rica_cloud_forest,10.647294,-85.036564,2023-04-21
Tapirus bairdii,Baird's Tapir,Mammalia,costa_rica_cloud_forest,10.605422,-85.107112,2023-04-23
Tapirus bairdii,Baird's Tapir,Mammalia,costa_rica_cloud_forest,10.644829,-85.158211,2023-04-23
Tapirus bairdii,Baird's Tapir,Mammalia,costa_rica_cloud_forest,10.637339,-85.076092,2023-04-23
Tapirus bairdii,Baird's Tapir,Mammalia,costa_rica_cloud_forest,10.625324,-85.167229,2023-04-23
Tapirus bairdii,Baird's Tapir,Mammalia,costa_rica_cloud_forest,10.614775,-85.023489,2023-04-23
Tapirus bairdii,Baird's Tapir,Mammalia,costa_rica_cloud_forest,10.635773,-85.005403,2023-04-23
Tapirus bairdii,Baird's Tapir,Mammalia,costa_rica_cloud_forest,10.644493,-85.109349,2023-05-05
Tapirus bairdii,Baird's Tapir,Mammalia,costa_rica_cloud_forest,10.657563,-85.144853,2023-06-16
Tapirus bairdii,Baird's Tapir,Mammalia,costa_rica_cloud_forest,10.633823,-84.873514,2022-01-30
Tapirus bairdii,Baird's Tapir,Mammalia,costa_rica_cloud_forest,10.613266,-85.076214,2022-01-06
Tapirus bairdii,Baird's Tapir,Mammalia,costa_rica_cloud_forest,10.551029,-84.473427,2022-03-27
Tapirus bairdii,Baird's Tapir,Mammalia,costa_rica_cloud_forest,10.605541,-85.080671,2022-07-16
Tapirus bairdii,Baird's Tapir,Mammalia,costa_rica_cloud_forest,10.600355,-84.871251,2022-07-03
Tapirus bairdii,Baird's Tapir,Mammalia,costa_rica_cloud_forest,10.619163,-84.989499,2022-09-23
Tapirus bairdii,Baird's Tapir,Mammalia,costa_rica_cloud_forest,10.612383,-85.026086,2021-02-22
Tapirus bairdii,Baird's Tapir,Mammalia,costa_rica_cloud_forest,10.622775,-84.960071,2021-09-01
Tapirus bairdii,Baird's Tapir,Mammalia,costa_rica_cloud_forest,10.652175,-85.169943,2021-11-26
Tapirus bairdii,Baird's Tapir,Mammalia,costa_rica_cloud_forest,10.147096,-84.464282,2021-11-11
Tapirus bairdii,Baird's Tapir,Mammalia,costa_rica_cloud_forest,10.19846,-84.522357,2020-04-29
Tapirus bairdii,Baird's Tapir,Mammalia,costa_rica_cloud_forest,10.622515,-85.122659,2017-08-01
Alouatta palliata,Mantled Howler Monkey,Mammalia,costa_rica_cloud_forest,10.461337,-84.67363,2026-01-03
Alouatta palliata,Mantled Howler Monkey,Mammalia,costa_rica_cloud_forest,10.369357,-84.615961,2026-01-08
Alouatta palliata,Mantled Howler Monkey,Mammalia,costa_rica_cloud_forest,10.437383,-84.70807,2026-01-06
Alouatta palliata,Mantled Howler Monkey,Mammalia,costa_rica_cloud_forest,10.462902,-84.753663,2026-01-09
Alouatta palliata,Mantled Howler Monkey,Mammalia,costa_rica_cloud_forest,10.550593,-84.789938,2026-01-15
Alouatta palliata,Mantled Howler Monkey,Mammalia,costa_rica_cloud_forest,10.425211,-84.73388,2026-01-23
Alouatta palliata,Mantled Howler Monkey,Mammalia,costa_rica_cloud_forest,10.426279,-84.732431,2026-01-23
Alouatta palliata,Mantled Howler Monkey,Mammalia,costa_rica_cloud_forest,10.426279,-84.732431,2026-01-23
Alouatta palliata,Mantled Howler Monkey,Mammalia,costa_rica_cloud_forest,10.479072,-84.722495,2026-01-09
Alouatta palliata,Mantled Howler Monkey,Mammalia,costa_rica_cloud_forest,10.311351,-84.819772,2026-01-30
Alouatta palliata,Mantled Howler Monkey,Mammalia,costa_rica_cloud_forest,10.540768,-84.677663,2026-01-05
Alouatta palliata,Mantled Howler Monkey,Mammalia,costa_rica_cloud_forest,10.494276,-84.753202,2026-01-13
Alouatta palliata,Mantled Howler Monkey,Mammalia,costa_rica_cloud_forest,10.395904,-84.786415,2026-01-09
Alouatta palliata,Mantled Howler Monkey,Mammalia,costa_rica_cloud_forest,10.473033,-84.468565,2026-01-23
Alouatta palliata,Mantled Howler Monkey,Mammalia,costa_rica_cloud_forest,10.463608,-84.743541,2026-01-09
Alouatta palliata,Mantled Howler Monkey,Mammalia,costa_rica_cloud_forest,10.375972,-84.527895,2026-02-01
Alouatta palliata,Mantled Howler Monkey,Mammalia,costa_rica_cloud_forest,10.454468,-84.666748,2026-02-14
Alouatta palliata,Mantled Howler Monkey,Mammalia,costa_rica_cloud_forest,10.450154,-84.71985,2026-02-01
Alouatta palliata,Mantled Howler Monkey,Mammalia,costa_rica_cloud_forest,10.156211,-85.022675,2026-02-19
Alouatta palliata,Mantled Howler Monkey,Mammalia,costa_rica_cloud_forest,10.138382,-85.040588,2026-02-19
Alouatta palliata,Mantled Howler Monkey,Mammalia,costa_rica_cloud_forest,10.48455,-84.627935,2026-02-23
Alouatta palliata,Mantled Howler Monkey,Mammalia,costa_rica_cloud_forest,10.483433,-84.729263,2026-02-16
Alouatta palliata,Mantled Howler Monkey,Mammalia,costa_rica_cloud_forest,10.437826,-84.710196,2026-02-17
Alouatta palliata,Mantled Howler Monkey,Mammalia,costa_rica_cloud_forest,10.308684,-84.819007,2026-02-20
Alouatta palliata,Mantled Howler Monkey,Mammalia,costa_rica_cloud_forest,10.330825,-84.827936,2026-02-09
Alouatta palliata,Mantled Howler Monkey,Mammalia,costa_rica_cloud_forest,10.48752,-84.754236,2026-02-25
Alouatta palliata,Mantled Howler Monkey,Mammalia,costa_rica_cloud_forest,10.489847,-84.753642,2026-02-23
Alouatta palliata,Mantled Howler Monkey,Mammalia,costa_rica_cloud_forest,10.483474,-84.495315,2026-02-16
Alouatta palliata,Mantled Howler Monkey,Mammalia,costa_rica_cloud_forest,10.492178,-84.75258,2026-02-16
Alouatta palliata,Mantled Howler Monkey,Mammalia,costa_rica_cloud_forest,10.290565,-84.935972,2026-02-26
Alouatta palliata,Mantled Howler Monkey,Mammalia,costa_rica_cloud_forest,10.316205,-84.814427,2026-02-24
Alouatta palliata,Mantled Howler Monkey,Mammalia,costa_rica_cloud_forest,10.376302,-84.527139,2026-02-01
Alouatta palliata,Mantled Howler Monkey,Mammalia,costa_rica_cloud_forest,10.494077,-84.753238,2026-02-07
Alouatta palliata,Mantled Howler Monkey,Mammalia,costa_rica_cloud_forest,10.4894,-84.754188,2026-02-22
Alouatta palliata,Mantled Howler Monkey,Mammalia,costa_rica_cloud_forest,10.495782,-84.751732,2026-02-07
Alouatta palliata,Mantled Howler Monkey,Mammalia,costa_rica_cloud_forest,10.309578,-84.813378,2026-02-03
Alouatta palliata,Mantled Howler Monkey,Mammalia,costa_rica_cloud_forest,10.468978,-84.50001,2026-02-09
Alouatta palliata,Mantled Howler Monkey,Mammalia,costa_rica_cloud_forest,10.457864,-84.643055,2026-02-11
Alouatta palliata,Mantled Howler Monkey,Mammalia,costa_rica_cloud_forest,10.21869,-84.849645,2026-02-20
Alouatta palliata,Mantled Howler Monkey,Mammalia,costa_rica_cloud_forest,9.974504,-84.832497,2026-03-04
Alouatta palliata,Mantled Howler Monkey,Mammalia,costa_rica_cloud_forest,10.411266,-84.706611,2026-03-11
Alouatta palliata,Mantled Howler Monkey,Mammalia,costa_rica_cloud_forest,10.256519,-84.989081,2026-03-07
Alouatta palliata,Mantled Howler Monkey,Mammalia,costa_rica_cloud_forest,10.329812,-84.825378,2026-03-10
Alouatta palliata,Mantled Howler Monkey,Mammalia,costa_rica_cloud_forest,10.48386,-84.718521,2026-03-10
Alouatta palliata,Mantled Howler Monkey,Mammalia,costa_rica_cloud_forest,10.459001,-84.756552,2026-03-04
Alouatta palliata,Mantled Howler Monkey,Mammalia,costa_rica_cloud_forest,10.341062,-84.79943,2026-03-15
Alouatta palliata,Mantled Howler Monkey,Mammalia,costa_rica_cloud_forest,10.469498,-84.646102,2026-03-01
Alouatta palliata,Mantled Howler Monkey,Mammalia,costa_rica_cloud_forest,10.460996,-84.660971,2026-03-18
Alouatta palliata,Mantled Howler Monkey,Mammalia,costa_rica_cloud_forest,10.338275,-84.796888,2026-03-18
Alouatta palliata,Mantled Howler Monkey,Mammalia,costa_rica_cloud_forest,10.297564,-84.816977,2026-03-18
Alouatta palliata,Mantled Howler Monkey,Mammalia,costa_rica_cloud_forest,10.4805,-84.709878,2026-03-24
Alouatta palliata,Mantled Howler Monkey,Mammalia,costa_rica_cloud_forest,10.494054,-84.753114,2026-03-25
Alouatta palliata,Mantled Howler Monkey,Mammalia,costa_rica_cloud_forest,10.340777,-84.78984,2026-03-23
Alouatta palliata,Mantled Howler Monkey,Mammalia,costa_rica_cloud_forest,10.512542,-84.955572,2026-03-18
Alouatta palliata,Mantled Howler Monkey,Mammalia,costa_rica_cloud_forest,10.081864,-84.737038,2026-03-16
Alouatta palliata,Mantled Howler Monkey,Mammalia,costa_rica_cloud_forest,10.426119,-84.735503,2026-03-05
Alouatta palliata,Mantled Howler Monkey,Mammalia,costa_rica_cloud_forest,10.512258,-84.955376,2026-03-18
Alouatta palliata,Mantled Howler Monkey,Mammalia,costa_rica_cloud_forest,10.464723,-84.735899,2026-03-20
Alouatta palliata,Mantled Howler Monkey,Mammalia,costa_rica_cloud_forest,10.3411,-84.798681,2026-03-18
Alouatta palliata,Mantled Howler Monkey,Mammalia,costa_rica_cloud_forest,10.421753,-84.734612,2026-03-24
Alouatta palliata,Mantled Howler Monkey,Mammalia,costa_rica_cloud_forest,10.3411,-84.798681,2026-03-18
Alouatta palliata,Mantled Howler Monkey,Mammalia,costa_rica_cloud_forest,10.49617,-84.75245,2026-03-27
Alouatta palliata,Mantled Howler Monkey,Mammalia,costa_rica_cloud_forest,10.453985,-84.632643,2026-04-10
Alouatta palliata,Mantled Howler Monkey,Mammalia,costa_rica_cloud_forest,10.477994,-84.708947,2026-04-06
Alouatta palliata,Mantled Howler Monkey,Mammalia,costa_rica_cloud_forest,10.478155,-84.506355,2026-04-08
Alouatta palliata,Mantled Howler Monkey,Mammalia,costa_rica_cloud_forest,10.488103,-84.753847,2026-04-05
Alouatta palliata,Mantled Howler Monkey,Mammalia,costa_rica_cloud_forest,10.478155,-84.506355,2026-04-08
Alouatta palliata,Mantled Howler Monkey,Mammalia,costa_rica_cloud_forest,10.407264,-84.764321,2026-04-06
Alouatta palliata,Mantled Howler Monkey,Mammalia,costa_rica_cloud_forest,10.425557,-84.735544,2026-04-17
Alouatta palliata,Mantled Howler Monkey,Mammalia,costa_rica_cloud_forest,10.504061,-84.951972,2026-04-23
Alouatta palliata,Mantled Howler Monkey,Mammalia,costa_rica_cloud_forest,10.461401,-84.6616,2026-04-14
Alouatta palliata,Mantled Howler Monkey,Mammalia,costa_rica_cloud_forest,10.441724,-84.66746,2026-04-21
Alouatta palliata,Mantled Howler Monkey,Mammalia,costa_rica_cloud_forest,10.086479,-84.478848,2026-04-27
Alouatta palliata,Mantled Howler Monkey,Mammalia,costa_rica_cloud_forest,10.461436,-84.662167,2026-04-14
Alouatta palliata,Mantled Howler Monkey,Mammalia,costa_rica_cloud_forest,10.493093,-84.752266,2026-04-23
Alouatta palliata,Mantled Howler Monkey,Mammalia,costa_rica_cloud_forest,10.502285,-84.687855,2026-04-12
Alouatta palliata,Mantled Howler Monkey,Mammalia,costa_rica_cloud_forest,10.535784,-84.892047,2026-04-12
Alouatta palliata,Mantled Howler Monkey,Mammalia,costa_rica_cloud_forest,10.30522,-84.810691,2026-04-04
Alouatta palliata,Mantled Howler Monkey,Mammalia,costa_rica_cloud_forest,10.488328,-84.753624,2026-05-07
Alouatta palliata,Mantled Howler Monkey,Mammalia,costa_rica_cloud_forest,10.311597,-84.819778,2026-05-05
Alouatta palliata,Mantled Howler Monkey,Mammalia,costa_rica_cloud_forest,10.164045,-84.854483,2026-05-10
Alouatta palliata,Mantled Howler Monkey,Mammalia,costa_rica_cloud_forest,10.312937,-84.81672,2026-05-11
Alouatta palliata,Mantled Howler Monkey,Mammalia,costa_rica_cloud_forest,10.440165,-84.71021,2026-05-02
Alouatta palliata,Mantled Howler Monkey,Mammalia,costa_rica_cloud_forest,10.195292,-84.843147,2026-05-16
Alouatta palliata,Mantled Howler Monkey,Mammalia,costa_rica_cloud_forest,10.342138,-84.798477,2026-05-22
Alouatta palliata,Mantled Howler Monkey,Mammalia,costa_rica_cloud_forest,10.318473,-84.814197,2026-05-24
Alouatta palliata,Mantled Howler Monkey,Mammalia,costa_rica_cloud_forest,10.400013,-85.080905,2026-05-18
Alouatta palliata,Mantled Howler Monkey,Mammalia,costa_rica_cloud_forest,10.376417,-84.525672,2026-05-27
Alouatta palliata,Mantled Howler Monkey,Mammalia,costa_rica_cloud_forest,10.437854,-84.710248,2026-05-09
Alouatta palliata,Mantled Howler Monkey,Mammalia,costa_rica_cloud_forest,10.454395,-84.830163,2026-05-10
Alouatta palliata,Mantled Howler Monkey,Mammalia,costa_rica_cloud_forest,10.440096,-84.66859,2026-06-02
Alouatta palliata,Mantled Howler Monkey,Mammalia,costa_rica_cloud_forest,10.441195,-84.668092,2026-06-01
Alouatta palliata,Mantled Howler Monkey,Mammalia,costa_rica_cloud_forest,10.474082,-84.591055,2026-06-05
Alouatta palliata,Mantled Howler Monkey,Mammalia,costa_rica_cloud_forest,10.590119,-84.738363,2026-06-13
Alouatta palliata,Mantled Howler Monkey,Mammalia,costa_rica_cloud_forest,10.441192,-84.668097,2026-06-01
Alouatta palliata,Mantled Howler Monkey,Mammalia,costa_rica_cloud_forest,10.438327,-84.707706,2026-06-06
Alouatta palliata,Mantled Howler Monkey,Mammalia,costa_rica_cloud_forest,10.493272,-84.75367,2026-06-11
Alouatta palliata,Mantled Howler Monkey,Mammalia,costa_rica_cloud_forest,10.479508,-84.763047,2026-06-11
Alouatta palliata,Mantled Howler Monkey,Mammalia,costa_rica_cloud_forest,10.608158,-84.888037,2026-06-16
Alouatta palliata,Mantled Howler Monkey,Mammalia,costa_rica_cloud_forest,10.375652,-84.524571,2026-06-19
Alouatta palliata,Mantled Howler Monkey,Mammalia,costa_rica_cloud_forest,10.471197,-84.645415,2026-06-15
Alouatta palliata,Mantled Howler Monkey,Mammalia,costa_rica_cloud_forest,10.387605,-84.597412,2026-06-25
Alouatta palliata,Mantled Howler Monkey,Mammalia,costa_rica_cloud_forest,10.489187,-84.754295,2026-06-29
Alouatta palliata,Mantled Howler Monkey,Mammalia,costa_rica_cloud_forest,10.48752,-84.754235,2026-06-15
Alouatta palliata,Mantled Howler Monkey,Mammalia,costa_rica_cloud_forest,10.494695,-84.752228,2026-06-29
Alouatta palliata,Mantled Howler Monkey,Mammalia,costa_rica_cloud_forest,10.425776,-85.093724,2026-06-28
Alouatta palliata,Mantled Howler Monkey,Mammalia,costa_rica_cloud_forest,10.463713,-84.659317,2026-06-14
Alouatta palliata,Mantled Howler Monkey,Mammalia,costa_rica_cloud_forest,10.489497,-84.754088,2026-06-15
Alouatta palliata,Mantled Howler Monkey,Mammalia,costa_rica_cloud_forest,10.488608,-84.754137,2026-06-26
Alouatta palliata,Mantled Howler Monkey,Mammalia,costa_rica_cloud_forest,10.488608,-84.754137,2026-06-26
Alouatta palliata,Mantled Howler Monkey,Mammalia,costa_rica_cloud_forest,10.30522,-84.810692,2026-06-04
Alouatta palliata,Mantled Howler Monkey,Mammalia,costa_rica_cloud_forest,10.478722,-84.506495,2026-07-04
Alouatta palliata,Mantled Howler Monkey,Mammalia,costa_rica_cloud_forest,10.488143,-84.753681,2026-07-07
Alouatta palliata,Mantled Howler Monkey,Mammalia,costa_rica_cloud_forest,10.436518,-84.708232,2026-07-06
Alouatta palliata,Mantled Howler Monkey,Mammalia,costa_rica_cloud_forest,10.422917,-84.730666,2026-07-07
Alouatta palliata,Mantled Howler Monkey,Mammalia,costa_rica_cloud_forest,10.422917,-84.730666,2026-07-07
Alouatta palliata,Mantled Howler Monkey,Mammalia,costa_rica_cloud_forest,10.436518,-84.708232,2026-07-06
Alouatta palliata,Mantled Howler Monkey,Mammalia,costa_rica_cloud_forest,10.490458,-84.754212,2026-07-10
Alouatta palliata,Mantled Howler Monkey,Mammalia,costa_rica_cloud_forest,10.336363,-84.796888,2026-07-16
Alouatta palliata,Mantled Howler Monkey,Mammalia,costa_rica_cloud_forest,10.336311,-84.796943,2026-07-21
Alouatta palliata,Mantled Howler Monkey,Mammalia,costa_rica_cloud_forest,9.958792,-84.735603,2026-07-16
Alouatta palliata,Mantled Howler Monkey,Mammalia,costa_rica_cloud_forest,10.488387,-84.753967,2026-07-19
Alouatta palliata,Mantled Howler Monkey,Mammalia,costa_rica_cloud_forest,10.336305,-84.796937,2026-07-21
Alouatta palliata,Mantled Howler Monkey,Mammalia,costa_rica_cloud_forest,10.30522,-84.810692,2026-07-12
Alouatta palliata,Mantled Howler Monkey,Mammalia,costa_rica_cloud_forest,10.344121,-84.793783,2026-07-29
Alouatta palliata,Mantled Howler Monkey,Mammalia,costa_rica_cloud_forest,10.506589,-84.646243,2026-07-28
Alouatta palliata,Mantled Howler Monkey,Mammalia,costa_rica_cloud_forest,10.336305,-84.796945,2026-07-21
Alouatta palliata,Mantled Howler Monkey,Mammalia,costa_rica_cloud_forest,10.180705,-84.841087,2026-07-29
Alouatta palliata,Mantled Howler Monkey,Mammalia,costa_rica_cloud_forest,10.328262,-84.82368,2026-07-29
Alouatta palliata,Mantled Howler Monkey,Mammalia,costa_rica_cloud_forest,10.180647,-84.841025,2026-07-29
Alouatta palliata,Mantled Howler Monkey,Mammalia,costa_rica_cloud_forest,10.180717,-84.841087,2026-07-29
Alouatta palliata,Mantled Howler Monkey,Mammalia,costa_rica_cloud_forest,10.392878,-85.174737,2026-08-02
Alouatta palliata,Mantled Howler Monkey,Mammalia,costa_rica_cloud_forest,10.392908,-85.17475,2026-08-02
Alouatta palliata,Mantled Howler Monkey,Mammalia,costa_rica_cloud_forest,10.414414,-84.749402,2026-08-06
Alouatta palliata,Mantled Howler Monkey,Mammalia,costa_rica_cloud_forest,10.453658,-85.127647,2026-08-02
Alouatta palliata,Mantled Howler Monkey,Mammalia,costa_rica_cloud_forest,10.091815,-84.478164,2026-08-08
Alouatta palliata,Mantled Howler Monkey,Mammalia,costa_rica_cloud_forest,10.40048,-85.156692,2026-08-02
Alouatta palliata,Mantled Howler Monkey,Mammalia,costa_rica_cloud_forest,10.484127,-84.675187,2026-08-06
Alouatta palliata,Mantled Howler Monkey,Mammalia,costa_rica_cloud_forest,10.4744,-84.59485,2026-08-03
Alouatta palliata,Mantled Howler Monkey,Mammalia,costa_rica_cloud_forest,10.382725,-84.616975,2026-08-07
Alouatta palliata,Mantled Howler Monkey,Mammalia,costa_rica_cloud_forest,10.415387,-85.161033,2026-08-14
Alouatta palliata,Mantled Howler Monkey,Mammalia,costa_rica_cloud_forest,10.529035,-84.697286,2026-08-05
Alouatta palliata,Mantled Howler Monkey,Mammalia,costa_rica_cloud_forest,10.39292,-85.174662,2026-08-02
Alouatta palliata,Mantled Howler Monkey,Mammalia,costa_rica_cloud_forest,10.553862,-84.768438,2026-08-31
Alouatta palliata,Mantled Howler Monkey,Mammalia,costa_rica_cloud_forest,10.188417,-84.839263,2025-01-02
Alouatta palliata,Mantled Howler Monkey,Mammalia,costa_rica_cloud_forest,10.474013,-84.5933,2025-01-04
Alouatta palliata,Mantled Howler Monkey,Mammalia,costa_rica_cloud_forest,10.302544,-84.795294,2025-01-04
Alouatta palliata,Mantled Howler Monkey,Mammalia,costa_rica_cloud_forest,10.500537,-84.682145,2025-01-17
Alouatta palliata,Mantled Howler Monkey,Mammalia,costa_rica_cloud_forest,10.135027,-84.843255,2025-01-26
Alouatta palliata,Mantled Howler Monkey,Mammalia,costa_rica_cloud_forest,10.135168,-84.843353,2025-01-26
Alouatta palliata,Mantled Howler Monkey,Mammalia,costa_rica_cloud_forest,10.141411,-85.042808,2025-01-27
Alouatta palliata,Mantled Howler Monkey,Mammalia,costa_rica_cloud_forest,10.146388,-85.04694,2025-01-30
Alouatta palliata,Mantled Howler Monkey,Mammalia,costa_rica_cloud_forest,10.041947,-84.748467,2025-01-20
Alouatta palliata,Mantled Howler Monkey,Mammalia,costa_rica_cloud_forest,10.451193,-85.124896,2025-01-25
Alouatta palliata,Mantled Howler Monkey,Mammalia,costa_rica_cloud_forest,10.469475,-84.758869,2025-01-26
Alouatta palliata,Mantled Howler Monkey,Mammalia,costa_rica_cloud_forest,10.265663,-85.020391,2025-01-13
Alouatta palliata,Mantled Howler Monkey,Mammalia,costa_rica_cloud_forest,10.291187,-84.803433,2025-01-27
Alouatta palliata,Mantled Howler Monkey,Mammalia,costa_rica_cloud_forest,10.288453,-84.80501,2025-01-27
Alouatta palliata,Mantled Howler Monkey,Mammalia,costa_rica_cloud_forest,10.487879,-84.754784,2025-01-22
Alouatta palliata,Mantled Howler Monkey,Mammalia,costa_rica_cloud_forest,10.146389,-85.047043,2025-01-30
Alouatta palliata,Mantled Howler Monkey,Mammalia,costa_rica_cloud_forest,10.138947,-85.036797,2025-01-29
Alouatta palliata,Mantled Howler Monkey,Mammalia,costa_rica_cloud_forest,10.473438,-84.516045,2025-01-13
Alouatta palliata,Mantled Howler Monkey,Mammalia,costa_rica_cloud_forest,10.476703,-84.480208,2025-01-12
Alouatta palliata,Mantled Howler Monkey,Mammalia,costa_rica_cloud_forest,10.496225,-84.750314,2025-01-28
Alouatta palliata,Mantled Howler Monkey,Mammalia,costa_rica_cloud_forest,10.471297,-84.60267,2025-01-30
Alouatta palliata,Mantled Howler Monkey,Mammalia,costa_rica_cloud_forest,10.461328,-84.66276,2025-01-13
Alouatta palliata,Mantled Howler Monkey,Mammalia,costa_rica_cloud_forest,10.473557,-84.640809,2025-01-18
Alouatta palliata,Mantled Howler Monkey,Mammalia,costa_rica_cloud_forest,10.471196,-84.645415,2025-02-02
Alouatta palliata,Mantled Howler Monkey,Mammalia,costa_rica_cloud_forest,10.489121,-84.753882,2025-02-06
Alouatta palliata,Mantled Howler Monkey,Mammalia,costa_rica_cloud_forest,10.492792,-84.968593,2025-02-07
Alouatta palliata,Mantled Howler Monkey,Mammalia,costa_rica_cloud_forest,10.507783,-84.687399,2025-02-13
Alouatta palliata,Mantled Howler Monkey,Mammalia,costa_rica_cloud_forest,10.499955,-84.685396,2025-02-12
Alouatta palliata,Mantled Howler Monkey,Mammalia,costa_rica_cloud_forest,10.139437,-85.040419,2025-02-10
Alouatta palliata,Mantled Howler Monkey,Mammalia,costa_rica_cloud_forest,10.138757,-85.041287,2025-02-21
Alouatta palliata,Mantled Howler Monkey,Mammalia,costa_rica_cloud_forest,10.266232,-84.981754,2025-02-12
Alouatta palliata,Mantled Howler Monkey,Mammalia,costa_rica_cloud_forest,10.425357,-84.735707,2025-02-17
Alouatta palliata,Mantled Howler Monkey,Mammalia,costa_rica_cloud_forest,10.48902,-84.753543,2025-02-27
Alouatta palliata,Mantled Howler Monkey,Mammalia,costa_rica_cloud_forest,10.470887,-84.598617,2025-02-25
Alouatta palliata,Mantled Howler Monkey,Mammalia,costa_rica_cloud_forest,10.488818,-84.753872,2025-02-26
Alouatta palliata,Mantled Howler Monkey,Mammalia,costa_rica_cloud_forest,10.441796,-84.667509,2025-02-23
Alouatta palliata,Mantled Howler Monkey,Mammalia,costa_rica_cloud_forest,10.441798,-84.667508,2025-02-23
Alouatta palliata,Mantled Howler Monkey,Mammalia,costa_rica_cloud_forest,10.486587,-84.752569,2025-02-23
Alouatta palliata,Mantled Howler Monkey,Mammalia,costa_rica_cloud_forest,10.441795,-84.667509,2025-02-23
Alouatta palliata,Mantled Howler Monkey,Mammalia,costa_rica_cloud_forest,10.441797,-84.667511,2025-02-23
Alouatta palliata,Mantled Howler Monkey,Mammalia,costa_rica_cloud_forest,10.441797,-84.667509,2025-02-23
Alouatta palliata,Mantled Howler Monkey,Mammalia,costa_rica_cloud_forest,10.458465,-84.522611,2025-02-25
Alouatta palliata,Mantled Howler Monkey,Mammalia,costa_rica_cloud_forest,10.473266,-84.515098,2025-02-25
Alouatta palliata,Mantled Howler Monkey,Mammalia,costa_rica_cloud_forest,10.140848,-85.042619,2025-02-22
Alouatta palliata,Mantled Howler Monkey,Mammalia,costa_rica_cloud_forest,10.138539,-85.040871,2025-02-23
Alouatta palliata,Mantled Howler Monkey,Mammalia,costa_rica_cloud_forest,10.458457,-84.522593,2025-02-25
Alouatta palliata,Mantled Howler Monkey,Mammalia,costa_rica_cloud_forest,10.458468,-84.522602,2025-02-25
Alouatta palliata,Mantled Howler Monkey,Mammalia,costa_rica_cloud_forest,10.458468,-84.522612,2025-02-25
Alouatta palliata,Mantled Howler Monkey,Mammalia,costa_rica_cloud_forest,10.458453,-84.522604,2025-02-25
Alouatta palliata,Mantled Howler Monkey,Mammalia,costa_rica_cloud_forest,10.458855,-84.523003,2025-02-25
Alouatta palliata,Mantled Howler Monkey,Mammalia,costa_rica_cloud_forest,10.45847,-84.522625,2025-02-25
Alouatta palliata,Mantled Howler Monkey,Mammalia,costa_rica_cloud_forest,10.138782,-85.042048,2025-02-21
Alouatta palliata,Mantled Howler Monkey,Mammalia,costa_rica_cloud_forest,10.440553,-84.668633,2025-02-23
Alouatta palliata,Mantled Howler Monkey,Mammalia,costa_rica_cloud_forest,10.479775,-84.498938,2025-02-25
Alouatta palliata,Mantled Howler Monkey,Mammalia,costa_rica_cloud_forest,10.467,-84.736168,2025-02-26
Alouatta palliata,Mantled Howler Monkey,Mammalia,costa_rica_cloud_forest,10.47768,-84.728317,2025-03-11
Alouatta palliata,Mantled Howler Monkey,Mammalia,costa_rica_cloud_forest,10.455798,-84.660216,2025-03-10
Alouatta palliata,Mantled Howler Monkey,Mammalia,costa_rica_cloud_forest,10.441297,-84.668044,2025-03-16
Alouatta palliata,Mantled Howler Monkey,Mammalia,costa_rica_cloud_forest,10.423311,-84.734329,2025-03-19
Alouatta palliata,Mantled Howler Monkey,Mammalia,costa_rica_cloud_forest,10.560533,-84.964547,2025-03-28
Alouatta palliata,Mantled Howler Monkey,Mammalia,costa_rica_cloud_forest,10.30542,-84.819467,2025-03-15
Alouatta palliata,Mantled Howler Monkey,Mammalia,costa_rica_cloud_forest,10.428591,-84.55895,2025-03-20
Alouatta palliata,Mantled Howler Monkey,Mammalia,costa_rica_cloud_forest,10.490895,-84.75373,2025-03-27
Alouatta palliata,Mantled Howler Monkey,Mammalia,costa_rica_cloud_forest,10.263394,-84.801239,2025-03-15
Alouatta palliata,Mantled Howler Monkey,Mammalia,costa_rica_cloud_forest,10.423328,-84.734308,2025-03-19
Alouatta palliata,Mantled Howler Monkey,Mammalia,costa_rica_cloud_forest,10.347436,-84.770869,2025-03-23
Alouatta palliata,Mantled Howler Monkey,Mammalia,costa_rica_cloud_forest,10.483138,-84.491159,2025-03-21
Alouatta palliata,Mantled Howler Monkey,Mammalia,costa_rica_cloud_forest,10.472412,-84.594995,2025-03-24
Alouatta palliata,Mantled Howler Monkey,Mammalia,costa_rica_cloud_forest,10.441908,-84.667405,2025-03-15
Alouatta palliata,Mantled Howler Monkey,Mammalia,costa_rica_cloud_forest,10.138382,-85.040588,2025-03-04
Alouatta palliata,Mantled Howler Monkey,Mammalia,costa_rica_cloud_forest,10.138382,-85.040588,2025-03-05
Alouatta palliata,Mantled Howler Monkey,Mammalia,costa_rica_cloud_forest,10.302979,-84.79534,2025-03-31
Alouatta palliata,Mantled Howler Monkey,Mammalia,costa_rica_cloud_forest,10.239252,-84.737545,2025-03-28
Alouatta palliata,Mantled Howler Monkey,Mammalia,costa_rica_cloud_forest,10.473322,-84.515525,2025-03-31
Alouatta palliata,Mantled Howler Monkey,Mammalia,costa_rica_cloud_forest,9.969033,-85.128934,2025-03-08
Alouatta palliata,Mantled Howler Monkey,Mammalia,costa_rica_cloud_forest,10.13845,-85.040742,2025-04-06
Alouatta palliata,Mantled Howler Monkey,Mammalia,costa_rica_cloud_forest,10.400427,-84.898913,2025-04-13
Alouatta palliata,Mantled Howler Monkey,Mammalia,costa_rica_cloud_forest,10.138033,-85.041697,2025-04-06
Alouatta palliata,Mantled Howler Monkey,Mammalia,costa_rica_cloud_forest,10.305903,-84.793578,2025-04-28
Alouatta palliata,Mantled Howler Monkey,Mammalia,costa_rica_cloud_forest,10.488277,-84.753864,2025-04-30
Alouatta palliata,Mantled Howler Monkey,Mammalia,costa_rica_cloud_forest,10.489248,-84.754044,2025-04-30
Alouatta palliata,Mantled Howler Monkey,Mammalia,costa_rica_cloud_forest,10.138187,-85.041756,2025-04-14
Alouatta palliata,Mantled Howler Monkey,Mammalia,costa_rica_cloud_forest,10.138187,-85.041756,2025-04-14
Alouatta palliata,Mantled Howler Monkey,Mammalia,costa_rica_cloud_forest,10.138187,-85.041756,2025-04-14
Alouatta palliata,Mantled Howler Monkey,Mammalia,costa_rica_cloud_forest,10.138187,-85.041756,2025-04-14
Alouatta palliata,Mantled Howler Monkey,Mammalia,costa_rica_cloud_forest,10.138187,-85.041756,2025-04-14
Alouatta palliata,Mantled Howler Monkey,Mammalia,costa_rica_cloud_forest,10.138187,-85.041756,2025-04-14
Alouatta palliata,Mantled Howler Monkey,Mammalia,costa_rica_cloud_forest,10.338546,-84.80854,2025-04-28
Alouatta palliata,Mantled Howler Monkey,Mammalia,costa_rica_cloud_forest,10.139437,-85.040419,2025-04-14
Alouatta palliata,Mantled Howler Monkey,Mammalia,costa_rica_cloud_forest,10.492296,-84.6873,2025-04-26
Alouatta palliata,Mantled Howler Monkey,Mammalia,costa_rica_cloud_forest,10.139437,-85.040419,2025-04-14
Alouatta palliata,Mantled Howler Monkey,Mammalia,costa_rica_cloud_forest,10.139437,-85.040419,2025-04-14
Alouatta palliata,Mantled Howler Monkey,Mammalia,costa_rica_cloud_forest,10.265708,-85.020437,2025-05-10
Alouatta palliata,Mantled Howler Monkey,Mammalia,costa_rica_cloud_forest,10.521585,-84.47086,2025-05-26
Alouatta palliata,Mantled Howler Monkey,Mammalia,costa_rica_cloud_forest,10.522218,-84.470522,2025-05-26
Alouatta palliata,Mantled Howler Monkey,Mammalia,costa_rica_cloud_forest,10.325404,-84.81932,2025-05-26
Alouatta palliata,Mantled Howler Monkey,Mammalia,costa_rica_cloud_forest,10.318965,-84.823995,2025-05-10
Alouatta palliata,Mantled Howler Monkey,Mammalia,costa_rica_cloud_forest,10.265567,-85.02005,2025-05-31
Alouatta palliata,Mantled Howler Monkey,Mammalia,costa_rica_cloud_forest,10.65612,-84.559937,2025-05-28
Alouatta palliata,Mantled Howler Monkey,Mammalia,costa_rica_cloud_forest,10.481083,-84.677233,2025-05-28
Alouatta palliata,Mantled Howler Monkey,Mammalia,costa_rica_cloud_forest,10.323637,-84.80861,2025-05-16
Alouatta palliata,Mantled Howler Monkey,Mammalia,costa_rica_cloud_forest,10.383234,-84.618327,2025-05-07
Alouatta palliata,Mantled Howler Monkey,Mammalia,costa_rica_cloud_forest,10.061297,-84.758987,2025-05-24
Alouatta palliata,Mantled Howler Monkey,Mammalia,costa_rica_cloud_forest,10.413282,-84.692065,2025-05-16
Alouatta palliata,Mantled Howler Monkey,Mammalia,costa_rica_cloud_forest,9.94621,-84.90093,2025-05-14
Alouatta palliata,Mantled Howler Monkey,Mammalia,costa_rica_cloud_forest,10.337842,-84.808312,2025-05-15
Alouatta palliata,Mantled Howler Monkey,Mammalia,costa_rica_cloud_forest,10.470705,-84.59832,2025-06-01
Alouatta palliata,Mantled Howler Monkey,Mammalia,costa_rica_cloud_forest,10.281302,-84.836085,2025-06-08
Alouatta palliata,Mantled Howler Monkey,Mammalia,costa_rica_cloud_forest,10.463474,-84.481759,2025-06-14
Alouatta palliata,Mantled Howler Monkey,Mammalia,costa_rica_cloud_forest,10.27115,-84.836085,2025-06-08
Alouatta palliata,Mantled Howler Monkey,Mammalia,costa_rica_cloud_forest,10.265556,-85.020378,2025-06-25
Alouatta palliata,Mantled Howler Monkey,Mammalia,costa_rica_cloud_forest,10.48828,-84.7538,2025-06-22
Alouatta palliata,Mantled Howler Monkey,Mammalia,costa_rica_cloud_forest,10.136004,-84.844096,2025-06-08
Alouatta palliata,Mantled Howler Monkey,Mammalia,costa_rica_cloud_forest,10.330517,-84.826805,2025-06-30
Alouatta palliata,Mantled Howler Monkey,Mammalia,costa_rica_cloud_forest,10.488283,-84.753625,2025-06-22
Alouatta palliata,Mantled Howler Monkey,Mammalia,costa_rica_cloud_forest,10.207477,-84.748104,2025-06-23
Alouatta palliata,Mantled Howler Monkey,Mammalia,costa_rica_cloud_forest,10.47254,-84.46871,2025-06-12
Alouatta palliata,Mantled Howler Monkey,Mammalia,costa_rica_cloud_forest,10.219188,-84.86275,2025-06-23
Alouatta palliata,Mantled Howler Monkey,Mammalia,costa_rica_cloud_forest,10.265003,-85.018099,2025-06-22
Alouatta palliata,Mantled Howler Monkey,Mammalia,costa_rica_cloud_forest,10.470965,-84.644714,2025-06-03
Alouatta palliata,Mantled Howler Monkey,Mammalia,costa_rica_cloud_forest,10.536078,-84.891237,2025-06-19
Alouatta palliata,Mantled Howler Monkey,Mammalia,costa_rica_cloud_forest,10.462004,-84.789362,2025-06-24
Alouatta palliata,Mantled Howler Monkey,Mammalia,costa_rica_cloud_forest,10.536075,-84.891237,2025-06-19
Alouatta palliata,Mantled Howler Monkey,Mammalia,costa_rica_cloud_forest,10.33093,-84.827055,2025-07-04
Alouatta palliata,Mantled Howler Monkey,Mammalia,costa_rica_cloud_forest,10.489133,-84.754221,2025-07-13
Alouatta palliata,Mantled Howler Monkey,Mammalia,costa_rica_cloud_forest,10.595923,-84.474408,2025-07-13
Alouatta palliata,Mantled Howler Monkey,Mammalia,costa_rica_cloud_forest,10.272369,-84.524197,2025-07-17
Alouatta palliata,Mantled Howler Monkey,Mammalia,costa_rica_cloud_forest,10.489158,-84.75422,2025-07-13
Alouatta palliata,Mantled Howler Monkey,Mammalia,costa_rica_cloud_forest,10.416064,-84.55176,2025-07-18
Alouatta palliata,Mantled Howler Monkey,Mammalia,costa_rica_cloud_forest,10.492914,-84.751694,2025-07-28
Alouatta palliata,Mantled Howler Monkey,Mammalia,costa_rica_cloud_forest,10.488512,-84.756274,2025-07-24
Alouatta palliata,Mantled Howler Monkey,Mammalia,costa_rica_cloud_forest,10.478309,-84.738565,2025-07-14
Alouatta palliata,Mantled Howler Monkey,Mammalia,costa_rica_cloud_forest,10.100814,-84.821853,2025-08-03
Alouatta palliata,Mantled Howler Monkey,Mammalia,costa_rica_cloud_forest,10.198762,-84.844003,2025-08-03
Alouatta palliata,Mantled Howler Monkey,Mammalia,costa_rica_cloud_forest,10.198547,-84.843795,2025-08-03
Alouatta palliata,Mantled Howler Monkey,Mammalia,costa_rica_cloud_forest,10.198625,-84.843763,2025-08-03
Alouatta palliata,Mantled Howler Monkey,Mammalia,costa_rica_cloud_forest,10.198567,-84.843842,2025-08-03
Alouatta palliata,Mantled Howler Monkey,Mammalia,costa_rica_cloud_forest,10.198567,-84.843842,2025-08-03
Alouatta palliata,Mantled Howler Monkey,Mammalia,costa_rica_cloud_forest,10.198503,-84.84385,2025-08-03
Alouatta palliata,Mantled Howler Monkey,Mammalia,costa_rica_cloud_forest,10.19852,-84.843833,2025-08-03
Alouatta palliata,Mantled Howler Monkey,Mammalia,costa_rica_cloud_forest,10.316574,-84.812894,2025-08-04
Alouatta palliata,Mantled Howler Monkey,Mammalia,costa_rica_cloud_forest,10.314824,-84.819582,2025-08-04
Alouatta palliata,Mantled Howler Monkey,Mammalia,costa_rica_cloud_forest,10.315234,-84.813308,2025-08-01
Alouatta palliata,Mantled Howler Monkey,Mammalia,costa_rica_cloud_forest,10.460882,-84.661523,2025-08-05
Alouatta palliata,Mantled Howler Monkey,Mammalia,costa_rica_cloud_forest,10.288763,-84.834222,2025-08-03
Alouatta palliata,Mantled Howler Monkey,Mammalia,costa_rica_cloud_forest,10.33833,-84.796928,2025-08-09
Alouatta palliata,Mantled Howler Monkey,Mammalia,costa_rica_cloud_forest,10.042772,-84.901744,2025-08-03
Alouatta palliata,Mantled Howler Monkey,Mammalia,costa_rica_cloud_forest,10.198567,-84.843842,2025-08-03
Alouatta palliata,Mantled Howler Monkey,Mammalia,costa_rica_cloud_forest,10.462646,-84.678092,2025-08-23
Alouatta palliata,Mantled Howler Monkey,Mammalia,costa_rica_cloud_forest,10.336339,-84.796889,2025-08-07
Alouatta palliata,Mantled Howler Monkey,Mammalia,costa_rica_cloud_forest,10.305219,-84.810692,2025-08-07
Alouatta palliata,Mantled Howler Monkey,Mammalia,costa_rica_cloud_forest,10.482913,-84.645227,2025-08-23
Alouatta palliata,Mantled Howler Monkey,Mammalia,costa_rica_cloud_forest,10.429019,-84.751629,2025-09-18
Alouatta palliata,Mantled Howler Monkey,Mammalia,costa_rica_cloud_forest,10.293083,-84.80613,2025-09-06
Alouatta palliata,Mantled Howler Monkey,Mammalia,costa_rica_cloud_forest,10.104796,-84.755875,2025-09-27
Alouatta palliata,Mantled Howler Monkey,Mammalia,costa_rica_cloud_forest,10.44054,-84.668708,2025-09-22
Alouatta palliata,Mantled Howler Monkey,Mammalia,costa_rica_cloud_forest,10.550394,-84.705312,2025-09-10
Alouatta palliata,Mantled Howler Monkey,Mammalia,costa_rica_cloud_forest,10.3095,-84.818581,2025-10-02
Alouatta palliata,Mantled Howler Monkey,Mammalia,costa_rica_cloud_forest,10.473133,-84.595095,2025-10-13
Alouatta palliata,Mantled Howler Monkey,Mammalia,costa_rica_cloud_forest,10.442585,-84.667211,2025-10-19
Alouatta palliata,Mantled Howler Monkey,Mammalia,costa_rica_cloud_forest,10.489306,-84.754181,2025-10-04
Alouatta palliata,Mantled Howler Monkey,Mammalia,costa_rica_cloud_forest,10.452953,-85.125726,2025-10-10
Alouatta palliata,Mantled Howler Monkey,Mammalia,costa_rica_cloud_forest,10.203117,-84.485786,2025-10-18
Alouatta palliata,Mantled Howler Monkey,Mammalia,costa_rica_cloud_forest,10.457167,-84.642722,2025-10-07
Alouatta palliata,Mantled Howler Monkey,Mammalia,costa_rica_cloud_forest,10.471284,-84.759033,2025-11-07
Alouatta palliata,Mantled Howler Monkey,Mammalia,costa_rica_cloud_forest,10.438196,-84.710398,2025-11-16
Alouatta palliata,Mantled Howler Monkey,Mammalia,costa_rica_cloud_forest,10.461022,-84.639435,2025-11-01
Alouatta palliata,Mantled Howler Monkey,Mammalia,costa_rica_cloud_forest,10.173997,-84.848953,2025-11-20
Alouatta palliata,Mantled Howler Monkey,Mammalia,costa_rica_cloud_forest,10.139437,-85.040419,2025-11-06
Alouatta palliata,Mantled Howler Monkey,Mammalia,costa_rica_cloud_forest,10.435998,-84.7075,2025-11-25
Alouatta palliata,Mantled Howler Monkey,Mammalia,costa_rica_cloud_forest,10.311423,-84.819415,2025-11-14
Alouatta palliata,Mantled Howler Monkey,Mammalia,costa_rica_cloud_forest,10.311383,-84.819356,2025-11-13
Alouatta palliata,Mantled Howler Monkey,Mammalia,costa_rica_cloud_forest,10.49618,-84.751272,2025-11-25
Alouatta palliata,Mantled Howler Monkey,Mammalia,costa_rica_cloud_forest,10.138181,-85.041196,2025-11-28
Alouatta palliata,Mantled Howler Monkey,Mammalia,costa_rica_cloud_forest,10.492508,-84.75283,2025-11-06
Alouatta palliata,Mantled Howler Monkey,Mammalia,costa_rica_cloud_forest,10.453071,-84.67093,2025-11-21
Alouatta palliata,Mantled Howler Monkey,Mammalia,costa_rica_cloud_forest,10.438043,-84.703938,2025-11-24
Alouatta palliata,Mantled Howler Monkey,Mammalia,costa_rica_cloud_forest,10.457538,-84.726663,2025-11-25
Alouatta palliata,Mantled Howler Monkey,Mammalia,costa_rica_cloud_forest,10.429713,-85.120329,2025-11-20
Alouatta palliata,Mantled Howler Monkey,Mammalia,costa_rica_cloud_forest,10.438027,-84.707659,2025-11-15
Alouatta palliata,Mantled Howler Monkey,Mammalia,costa_rica_cloud_forest,10.302568,-84.795799,2025-11-05
Alouatta palliata,Mantled Howler Monkey,Mammalia,costa_rica_cloud_forest,10.491383,-84.607537,2025-12-11
Alouatta palliata,Mantled Howler Monkey,Mammalia,costa_rica_cloud_forest,10.423613,-84.752228,2025-12-07
Alouatta palliata,Mantled Howler Monkey,Mammalia,costa_rica_cloud_forest,10.049597,-84.456626,2025-12-21
Alouatta palliata,Mantled Howler Monkey,Mammalia,costa_rica_cloud_forest,10.478195,-84.728468,2025-12-21
Alouatta palliata,Mantled Howler Monkey,Mammalia,costa_rica_cloud_forest,10.439025,-84.707733,2025-12-28
Alouatta palliata,Mantled Howler Monkey,Mammalia,costa_rica_cloud_forest,10.483625,-84.729235,2025-12-21
Alouatta palliata,Mantled Howler Monkey,Mammalia,costa_rica_cloud_forest,10.438583,-84.709084,2025-12-28
Alouatta palliata,Mantled Howler Monkey,Mammalia,costa_rica_cloud_forest,10.511342,-84.9552,2025-12-06
Alouatta palliata,Mantled Howler Monkey,Mammalia,costa_rica_cloud_forest,10.483629,-84.728671,2025-12-21
Alouatta palliata,Mantled Howler Monkey,Mammalia,costa_rica_cloud_forest,10.492036,-84.858557,2025-12-16
Alouatta palliata,Mantled Howler Monkey,Mammalia,costa_rica_cloud_forest,10.471255,-84.599412,2025-12-26
Alouatta palliata,Mantled Howler Monkey,Mammalia,costa_rica_cloud_forest,10.495574,-84.495802,2025-12-29
Alouatta palliata,Mantled Howler Monkey,Mammalia,costa_rica_cloud_forest,10.473547,-84.464745,2025-12-16
Alouatta palliata,Mantled Howler Monkey,Mammalia,costa_rica_cloud_forest,10.472912,-84.519188,2025-12-28
Alouatta palliata,Mantled Howler Monkey,Mammalia,costa_rica_cloud_forest,10.489054,-84.754265,2025-12-30
Alouatta palliata,Mantled Howler Monkey,Mammalia,costa_rica_cloud_forest,10.343717,-84.796113,2025-12-10
Alouatta palliata,Mantled Howler Monkey,Mammalia,costa_rica_cloud_forest,10.306321,-84.820595,2025-12-03
Alouatta palliata,Mantled Howler Monkey,Mammalia,costa_rica_cloud_forest,10.339494,-84.808669,2025-12-04
Alouatta palliata,Mantled Howler Monkey,Mammalia,costa_rica_cloud_forest,10.50402,-84.478379,2025-12-28
Alouatta palliata,Mantled Howler Monkey,Mammalia,costa_rica_cloud_forest,10.340043,-84.808318,2025-12-06
Alouatta palliata,Mantled Howler Monkey,Mammalia,costa_rica_cloud_forest,10.437854,-84.710247,2025-12-31
Alouatta palliata,Mantled Howler Monkey,Mammalia,costa_rica_cloud_forest,10.438086,-84.710249,2025-12-23
Alouatta palliata,Mantled Howler Monkey,Mammalia,costa_rica_cloud_forest,10.472912,-84.519195,2025-12-28
Alouatta palliata,Mantled Howler Monkey,Mammalia,costa_rica_cloud_forest,9.990766,-84.669254,2024-01-15
Alouatta palliata,Mantled Howler Monkey,Mammalia,costa_rica_cloud_forest,10.1406,-85.04246,2024-01-12
Alouatta palliata,Mantled Howler Monkey,Mammalia,costa_rica_cloud_forest,10.483827,-84.489658,2024-01-08
Alouatta palliata,Mantled Howler Monkey,Mammalia,costa_rica_cloud_forest,10.338598,-84.808173,2024-01-23
Alouatta palliata,Mantled Howler Monkey,Mammalia,costa_rica_cloud_forest,10.483827,-84.489658,2024-01-08
Alouatta palliata,Mantled Howler Monkey,Mammalia,costa_rica_cloud_forest,10.148257,-85.050032,2024-01-12
Alouatta palliata,Mantled Howler Monkey,Mammalia,costa_rica_cloud_forest,10.305188,-84.824289,2024-01-29
Alouatta palliata,Mantled Howler Monkey,Mammalia,costa_rica_cloud_forest,10.34661,-85.173694,2024-01-26
Alouatta palliata,Mantled Howler Monkey,Mammalia,costa_rica_cloud_forest,10.477979,-84.738595,2024-01-30
Alouatta palliata,Mantled Howler Monkey,Mammalia,costa_rica_cloud_forest,10.495994,-84.751099,2024-01-27
Alouatta palliata,Mantled Howler Monkey,Mammalia,costa_rica_cloud_forest,10.339433,-84.808662,2024-01-14
Alouatta palliata,Mantled Howler Monkey,Mammalia,costa_rica_cloud_forest,10.146511,-85.048033,2024-01-12
Alouatta palliata,Mantled Howler Monkey,Mammalia,costa_rica_cloud_forest,10.338403,-84.796961,2024-01-03
Alouatta palliata,Mantled Howler Monkey,Mammalia,costa_rica_cloud_forest,10.508663,-84.47898,2024-01-08
Alouatta palliata,Mantled Howler Monkey,Mammalia,costa_rica_cloud_forest,10.490287,-84.753998,2024-01-07
Alouatta palliata,Mantled Howler Monkey,Mammalia,costa_rica_cloud_forest,10.303274,-84.792005,2024-02-02
Alouatta palliata,Mantled Howler Monkey,Mammalia,costa_rica_cloud_forest,10.454028,-84.641997,2024-02-13
Alouatta palliata,Mantled Howler Monkey,Mammalia,costa_rica_cloud_forest,10.470143,-84.734266,2024-02-23
Alouatta palliata,Mantled Howler Monkey,Mammalia,costa_rica_cloud_forest,10.470143,-84.734266,2024-02-23
Alouatta palliata,Mantled Howler Monkey,Mammalia,costa_rica_cloud_forest,10.486728,-84.489395,2024-02-24
Alouatta palliata,Mantled Howler Monkey,Mammalia,costa_rica_cloud_forest,10.486766,-84.489431,2024-02-24
Alouatta palliata,Mantled Howler Monkey,Mammalia,costa_rica_cloud_forest,10.436922,-84.708988,2024-02-10
Alouatta palliata,Mantled Howler Monkey,Mammalia,costa_rica_cloud_forest,10.437948,-85.094456,2024-02-18
Alouatta palliata,Mantled Howler Monkey,Mammalia,costa_rica_cloud_forest,10.436901,-84.708994,2024-02-10
Alouatta palliata,Mantled Howler Monkey,Mammalia,costa_rica_cloud_forest,10.138353,-85.041886,2024-02-28
Alouatta palliata,Mantled Howler Monkey,Mammalia,costa_rica_cloud_forest,10.43907,-84.66892,2024-02-23
Alouatta palliata,Mantled Howler Monkey,Mammalia,costa_rica_cloud_forest,10.138872,-85.041161,2024-02-28
Alouatta palliata,Mantled Howler Monkey,Mammalia,costa_rica_cloud_forest,10.138961,-85.042283,2024-02-28
Alouatta palliata,Mantled Howler Monkey,Mammalia,costa_rica_cloud_forest,10.442325,-84.667365,2024-02-11
Alouatta palliata,Mantled Howler Monkey,Mammalia,costa_rica_cloud_forest,10.299087,-84.787125,2024-02-05
Alouatta palliata,Mantled Howler Monkey,Mammalia,costa_rica_cloud_forest,10.473971,-84.462891,2024-02-08
Alouatta palliata,Mantled Howler Monkey,Mammalia,costa_rica_cloud_forest,10.138382,-85.040588,2024-02-06
Alouatta palliata,Mantled Howler Monkey,Mammalia,costa_rica_cloud_forest,10.311246,-84.817886,2024-02-03
Alouatta palliata,Mantled Howler Monkey,Mammalia,costa_rica_cloud_forest,10.310825,-84.820367,2024-02-23
Alouatta palliata,Mantled Howler Monkey,Mammalia,costa_rica_cloud_forest,10.30415,-84.795131,2024-03-04
Alouatta palliata,Mantled Howler Monkey,Mammalia,costa_rica_cloud_forest,10.21153,-84.514341,2024-03-07
Alouatta palliata,Mantled Howler Monkey,Mammalia,costa_rica_cloud_forest,10.331976,-84.825524,2024-03-19
Alouatta palliata,Mantled Howler Monkey,Mammalia,costa_rica_cloud_forest,10.330988,-84.827042,2024-03-19
Alouatta palliata,Mantled Howler Monkey,Mammalia,costa_rica_cloud_forest,10.298942,-84.768156,2024-03-21
Alouatta palliata,Mantled Howler Monkey,Mammalia,costa_rica_cloud_forest,10.305666,-84.780189,2024-03-16
Alouatta palliata,Mantled Howler Monkey,Mammalia,costa_rica_cloud_forest,10.138546,-85.041635,2024-03-15
Alouatta palliata,Mantled Howler Monkey,Mammalia,costa_rica_cloud_forest,10.477008,-84.481008,2024-03-19
Alouatta palliata,Mantled Howler Monkey,Mammalia,costa_rica_cloud_forest,10.455573,-84.660468,2024-03-22
Alouatta palliata,Mantled Howler Monkey,Mammalia,costa_rica_cloud_forest,10.339261,-84.808637,2024-03-15
Alouatta palliata,Mantled Howler Monkey,Mammalia,costa_rica_cloud_forest,10.110882,-84.827672,2024-03-25
Alouatta palliata,Mantled Howler Monkey,Mammalia,costa_rica_cloud_forest,10.265895,-85.020601,2024-03-28
Alouatta palliata,Mantled Howler Monkey,Mammalia,costa_rica_cloud_forest,10.138291,-85.041832,2024-03-24
Alouatta palliata,Mantled Howler Monkey,Mammalia,costa_rica_cloud_forest,10.467,-84.736168,2024-03-22
Alouatta palliata,Mantled Howler Monkey,Mammalia,costa_rica_cloud_forest,10.438938,-84.710491,2024-03-03
Alouatta palliata,Mantled Howler Monkey,Mammalia,costa_rica_cloud_forest,10.527193,-85.115889,2024-04-03
Alouatta palliata,Mantled Howler Monkey,Mammalia,costa_rica_cloud_forest,10.265822,-85.02034,2024-04-11
Alouatta palliata,Mantled Howler Monkey,Mammalia,costa_rica_cloud_forest,10.125045,-84.832726,2024-04-14
Alouatta palliata,Mantled Howler Monkey,Mammalia,costa_rica_cloud_forest,10.475715,-84.736622,2024-04-11
Alouatta palliata,Mantled Howler Monkey,Mammalia,costa_rica_cloud_forest,10.124382,-84.83222,2024-04-14
Alouatta palliata,Mantled Howler Monkey,Mammalia,costa_rica_cloud_forest,10.440192,-84.706592,2024-04-03
Alouatta palliata,Mantled Howler Monkey,Mammalia,costa_rica_cloud_forest,10.44026,-84.7066,2024-04-03
Alouatta palliata,Mantled Howler Monkey,Mammalia,costa_rica_cloud_forest,10.336445,-84.796792,2024-04-19
Alouatta palliata,Mantled Howler Monkey,Mammalia,costa_rica_cloud_forest,10.657774,-84.976845,2024-04-13
Alouatta palliata,Mantled Howler Monkey,Mammalia,costa_rica_cloud_forest,10.437188,-84.710331,2024-04-11
Alouatta palliata,Mantled Howler Monkey,Mammalia,costa_rica_cloud_forest,10.302541,-84.795024,2024-04-28
Alouatta palliata,Mantled Howler Monkey,Mammalia,costa_rica_cloud_forest,10.437854,-84.710247,2024-04-03
Alouatta palliata,Mantled Howler Monkey,Mammalia,costa_rica_cloud_forest,10.437854,-84.710247,2024-04-03
Alouatta palliata,Mantled Howler Monkey,Mammalia,costa_rica_cloud_forest,10.490373,-84.757504,2024-04-20
Alouatta palliata,Mantled Howler Monkey,Mammalia,costa_rica_cloud_forest,10.279894,-84.808511,2024-05-02
Alouatta palliata,Mantled Howler Monkey,Mammalia,costa_rica_cloud_forest,10.418293,-84.708302,2024-05-02
Alouatta palliata,Mantled Howler Monkey,Mammalia,costa_rica_cloud_forest,10.489738,-84.753678,2024-05-13
Alouatta palliata,Mantled Howler Monkey,Mammalia,costa_rica_cloud_forest,10.382811,-84.617553,2024-05-02
Alouatta palliata,Mantled Howler Monkey,Mammalia,costa_rica_cloud_forest,10.38278,-84.6174,2024-05-05
Alouatta palliata,Mantled Howler Monkey,Mammalia,costa_rica_cloud_forest,10.48752,-84.754235,2024-05-28
Alouatta palliata,Mantled Howler Monkey,Mammalia,costa_rica_cloud_forest,10.226308,-84.852067,2024-05-02
Alouatta palliata,Mantled Howler Monkey,Mammalia,costa_rica_cloud_forest,10.092914,-84.826516,2024-05-02
Alouatta palliata,Mantled Howler Monkey,Mammalia,costa_rica_cloud_forest,10.558488,-84.966949,2024-06-11
Alouatta palliata,Mantled Howler Monkey,Mammalia,costa_rica_cloud_forest,10.454394,-85.124868,2024-06-21
Alouatta palliata,Mantled Howler Monkey,Mammalia,costa_rica_cloud_forest,10.438769,-84.708453,2024-06-12
Alouatta palliata,Mantled Howler Monkey,Mammalia,costa_rica_cloud_forest,10.530228,-84.878753,2024-06-27
Alouatta palliata,Mantled Howler Monkey,Mammalia,costa_rica_cloud_forest,10.488994,-84.754498,2024-06-29
Alouatta palliata,Mantled Howler Monkey,Mammalia,costa_rica_cloud_forest,10.456651,-84.655564,2024-06-21
Alouatta palliata,Mantled Howler Monkey,Mammalia,costa_rica_cloud_forest,10.456651,-84.655563,2024-06-21
Alouatta palliata,Mantled Howler Monkey,Mammalia,costa_rica_cloud_forest,10.442395,-84.667097,2024-06-27
Alouatta palliata,Mantled Howler Monkey,Mammalia,costa_rica_cloud_forest,10.307006,-84.811648,2024-06-25
Alouatta palliata,Mantled Howler Monkey,Mammalia,costa_rica_cloud_forest,10.143185,-85.045326,2024-06-10
Alouatta palliata,Mantled Howler Monkey,Mammalia,costa_rica_cloud_forest,10.490502,-84.757953,2024-06-20
Alouatta palliata,Mantled Howler Monkey,Mammalia,costa_rica_cloud_forest,10.455889,-84.521397,2024-07-04
Alouatta palliata,Mantled Howler Monkey,Mammalia,costa_rica_cloud_forest,10.478183,-84.738862,2024-07-17
Alouatta palliata,Mantled Howler Monkey,Mammalia,costa_rica_cloud_forest,10.4417,-84.667603,2024-07-03
Alouatta palliata,Mantled Howler Monkey,Mammalia,costa_rica_cloud_forest,10.077783,-84.78,2024-07-04
Alouatta palliata,Mantled Howler Monkey,Mammalia,costa_rica_cloud_forest,10.512518,-84.646693,2024-07-06
Alouatta palliata,Mantled Howler Monkey,Mammalia,costa_rica_cloud_forest,10.066592,-84.957375,2024-07-10
Alouatta palliata,Mantled Howler Monkey,Mammalia,costa_rica_cloud_forest,10.438154,-84.710215,2024-07-20
Alouatta palliata,Mantled Howler Monkey,Mammalia,costa_rica_cloud_forest,10.302336,-84.795708,2024-07-27
Alouatta palliata,Mantled Howler Monkey,Mammalia,costa_rica_cloud_forest,10.500406,-84.67997,2024-07-07
Alouatta palliata,Mantled Howler Monkey,Mammalia,costa_rica_cloud_forest,10.118088,-84.609599,2024-07-30
Alouatta palliata,Mantled Howler Monkey,Mammalia,costa_rica_cloud_forest,10.074008,-84.552964,2024-07-30
Alouatta palliata,Mantled Howler Monkey,Mammalia,costa_rica_cloud_forest,10.303687,-84.929523,2024-07-20
Alouatta palliata,Mantled Howler Monkey,Mammalia,costa_rica_cloud_forest,10.48869,-84.753642,2024-07-30
Alouatta palliata,Mantled Howler Monkey,Mammalia,costa_rica_cloud_forest,10.438025,-84.710543,2024-08-03
Alouatta palliata,Mantled Howler Monkey,Mammalia,costa_rica_cloud_forest,10.451337,-84.656595,2024-08-28
Alouatta palliata,Mantled Howler Monkey,Mammalia,costa_rica_cloud_forest,10.438144,-84.709007,2024-08-21
Alouatta palliata,Mantled Howler Monkey,Mammalia,costa_rica_cloud_forest,10.505224,-84.872428,2024-08-09
Alouatta palliata,Mantled Howler Monkey,Mammalia,costa_rica_cloud_forest,10.437222,-85.093056,2024-09-26
Alouatta palliata,Mantled Howler Monkey,Mammalia,costa_rica_cloud_forest,10.451562,-84.662589,2024-09-02
Alouatta palliata,Mantled Howler Monkey,Mammalia,costa_rica_cloud_forest,10.402835,-84.901148,2024-10-15
Alouatta palliata,Mantled Howler Monkey,Mammalia,costa_rica_cloud_forest,10.612706,-84.516066,2024-10-22
Alouatta palliata,Mantled Howler Monkey,Mammalia,costa_rica_cloud_forest,9.941225,-84.971259,2024-10-27
Alouatta palliata,Mantled Howler Monkey,Mammalia,costa_rica_cloud_forest,10.084733,-84.47935,2024-10-15
Alouatta palliata,Mantled Howler Monkey,Mammalia,costa_rica_cloud_forest,10.076726,-84.493662,2024-10-09
Alouatta palliata,Mantled Howler Monkey,Mammalia,costa_rica_cloud_forest,10.437145,-84.70916,2024-10-23
Alouatta palliata,Mantled Howler Monkey,Mammalia,costa_rica_cloud_forest,10.490456,-84.75395,2024-11-04
Alouatta palliata,Mantled Howler Monkey,Mammalia,costa_rica_cloud_forest,10.500995,-84.477945,2024-11-04
Alouatta palliata,Mantled Howler Monkey,Mammalia,costa_rica_cloud_forest,10.509555,-84.479355,2024-11-04
Alouatta palliata,Mantled Howler Monkey,Mammalia,costa_rica_cloud_forest,10.521444,-84.866425,2024-11-01
Alouatta palliata,Mantled Howler Monkey,Mammalia,costa_rica_cloud_forest,10.471197,-84.645415,2024-11-24
Alouatta palliata,Mantled Howler Monkey,Mammalia,costa_rica_cloud_forest,10.438008,-84.532657,2024-11-26
Alouatta palliata,Mantled Howler Monkey,Mammalia,costa_rica_cloud_forest,10.441772,-84.667377,2024-11-25
Alouatta palliata,Mantled Howler Monkey,Mammalia,costa_rica_cloud_forest,10.438811,-84.709657,2024-11-15
Alouatta palliata,Mantled Howler Monkey,Mammalia,costa_rica_cloud_forest,10.438008,-84.532657,2024-11-26
Alouatta palliata,Mantled Howler Monkey,Mammalia,costa_rica_cloud_forest,10.440113,-84.669097,2024-11-26
Alouatta palliata,Mantled Howler Monkey,Mammalia,costa_rica_cloud_forest,10.344624,-84.90372,2024-11-09
Alouatta palliata,Mantled Howler Monkey,Mammalia,costa_rica_cloud_forest,10.32557,-84.815522,2024-11-20
Alouatta palliata,Mantled Howler Monkey,Mammalia,costa_rica_cloud_forest,10.438164,-84.720778,2024-11-30
Alouatta palliata,Mantled Howler Monkey,Mammalia,costa_rica_cloud_forest,10.180917,-84.966978,2024-11-29
Alouatta palliata,Mantled Howler Monkey,Mammalia,costa_rica_cloud_forest,10.442156,-84.66704,2024-11-19
Alouatta palliata,Mantled Howler Monkey,Mammalia,costa_rica_cloud_forest,10.44119,-84.667828,2024-11-01
Alouatta palliata,Mantled Howler Monkey,Mammalia,costa_rica_cloud_forest,10.441772,-84.667377,2024-11-14
Alouatta palliata,Mantled Howler Monkey,Mammalia,costa_rica_cloud_forest,10.461155,-84.661337,2024-11-28
Alouatta palliata,Mantled Howler Monkey,Mammalia,costa_rica_cloud_forest,10.461145,-84.661476,2024-11-28
Alouatta palliata,Mantled Howler Monkey,Mammalia,costa_rica_cloud_forest,10.46115,-84.66149,2024-11-28
Alouatta palliata,Mantled Howler Monkey,Mammalia,costa_rica_cloud_forest,10.461533,-84.661529,2024-11-28
Alouatta palliata,Mantled Howler Monkey,Mammalia,costa_rica_cloud_forest,10.462886,-84.636335,2024-11-23
Alouatta palliata,Mantled Howler Monkey,Mammalia,costa_rica_cloud_forest,10.47898,-84.506679,2024-12-03
Alouatta palliata,Mantled Howler Monkey,Mammalia,costa_rica_cloud_forest,10.420628,-84.749653,2024-12-06
Alouatta palliata,Mantled Howler Monkey,Mammalia,costa_rica_cloud_forest,10.438825,-84.708703,2024-12-05
Alouatta palliata,Mantled Howler Monkey,Mammalia,costa_rica_cloud_forest,10.295881,-84.834334,2024-12-09
Alouatta palliata,Mantled Howler Monkey,Mammalia,costa_rica_cloud_forest,10.43652,-84.70826,2024-12-12
Alouatta palliata,Mantled Howler Monkey,Mammalia,costa_rica_cloud_forest,10.436382,-84.708063,2024-12-10
Alouatta palliata,Mantled Howler Monkey,Mammalia,costa_rica_cloud_forest,10.558833,-84.966605,2024-12-26
Alouatta palliata,Mantled Howler Monkey,Mammalia,costa_rica_cloud_forest,10.487608,-84.693047,2024-12-29
Alouatta palliata,Mantled Howler Monkey,Mammalia,costa_rica_cloud_forest,10.470404,-84.633695,2024-12-22
Alouatta palliata,Mantled Howler Monkey,Mammalia,costa_rica_cloud_forest,9.976521,-84.828815,2024-12-19
Alouatta palliata,Mantled Howler Monkey,Mammalia,costa_rica_cloud_forest,10.439015,-84.668618,2024-12-14
Alouatta palliata,Mantled Howler Monkey,Mammalia,costa_rica_cloud_forest,10.009267,-84.882202,2024-12-19
Alouatta palliata,Mantled Howler Monkey,Mammalia,costa_rica_cloud_forest,10.515443,-84.475466,2024-12-01
Alouatta palliata,Mantled Howler Monkey,Mammalia,costa_rica_cloud_forest,10.490745,-84.754289,2024-12-09
Alouatta palliata,Mantled Howler Monkey,Mammalia,costa_rica_cloud_forest,10.138473,-85.041051,2024-12-19
Alouatta palliata,Mantled Howler Monkey,Mammalia,costa_rica_cloud_forest,10.310529,-84.808417,2024-12-05
Alouatta palliata,Mantled Howler Monkey,Mammalia,costa_rica_cloud_forest,10.059341,-84.942024,2024-12-09
Alouatta palliata,Mantled Howler Monkey,Mammalia,costa_rica_cloud_forest,9.948875,-84.766846,2024-12-19
Alouatta palliata,Mantled Howler Monkey,Mammalia,costa_rica_cloud_forest,10.189883,-84.842399,2024-12-26
Alouatta palliata,Mantled Howler Monkey,Mammalia,costa_rica_cloud_forest,10.302238,-84.795895,2024-12-10
Alouatta palliata,Mantled Howler Monkey,Mammalia,costa_rica_cloud_forest,10.500126,-84.679934,2024-12-11
Alouatta palliata,Mantled Howler Monkey,Mammalia,costa_rica_cloud_forest,10.299859,-84.791596,2023-01-29
Alouatta palliata,Mantled Howler Monkey,Mammalia,costa_rica_cloud_forest,10.323822,-84.81655,2023-01-26
Ramphastos sulfuratus,Keel-billed Toucan,Aves,costa_rica_cloud_forest,10.307338,-84.804367,2026-01-03
Ramphastos sulfuratus,Keel-billed Toucan,Aves,costa_rica_cloud_forest,10.306948,-84.801526,2026-01-11
Ramphastos sulfuratus,Keel-billed Toucan,Aves,costa_rica_cloud_forest,10.30666,-84.80558,2026-01-23
Ramphastos sulfuratus,Keel-billed Toucan,Aves,costa_rica_cloud_forest,10.332625,-84.819953,2026-01-05
Ramphastos sulfuratus,Keel-billed Toucan,Aves,costa_rica_cloud_forest,10.470458,-84.467639,2026-01-14
Ramphastos sulfuratus,Keel-billed Toucan,Aves,costa_rica_cloud_forest,10.307891,-84.81277,2026-01-04
Ramphastos sulfuratus,Keel-billed Toucan,Aves,costa_rica_cloud_forest,10.453515,-84.671026,2026-01-04
Ramphastos sulfuratus,Keel-billed Toucan,Aves,costa_rica_cloud_forest,10.360191,-84.59211,2026-01-25
Ramphastos sulfuratus,Keel-billed Toucan,Aves,costa_rica_cloud_forest,10.494308,-84.715097,2026-01-07
Ramphastos sulfuratus,Keel-billed Toucan,Aves,costa_rica_cloud_forest,10.322071,-84.830134,2026-01-13
Ramphastos sulfuratus,Keel-billed Toucan,Aves,costa_rica_cloud_forest,10.436186,-84.709145,2026-01-07
Ramphastos sulfuratus,Keel-billed Toucan,Aves,costa_rica_cloud_forest,10.46112,-84.754751,2026-01-12
Ramphastos sulfuratus,Keel-billed Toucan,Aves,costa_rica_cloud_forest,10.437196,-84.710252,2026-01-10
Ramphastos sulfuratus,Keel-billed Toucan,Aves,costa_rica_cloud_forest,10.31618,-84.81568,2026-01-19
Ramphastos sulfuratus,Keel-billed Toucan,Aves,costa_rica_cloud_forest,10.492868,-84.710425,2026-01-05
Ramphastos sulfuratus,Keel-billed Toucan,Aves,costa_rica_cloud_forest,10.01598,-84.590649,2026-01-10
Ramphastos sulfuratus,Keel-billed Toucan,Aves,costa_rica_cloud_forest,10.311942,-84.823365,2026-01-30
Ramphastos sulfuratus,Keel-billed Toucan,Aves,costa_rica_cloud_forest,10.259311,-84.836494,2026-01-27
Ramphastos sulfuratus,Keel-billed Toucan,Aves,costa_rica_cloud_forest,10.321069,-84.834473,2026-01-30
Ramphastos sulfuratus,Keel-billed Toucan,Aves,costa_rica_cloud_forest,10.317172,-84.824168,2026-01-28
Ramphastos sulfuratus,Keel-billed Toucan,Aves,costa_rica_cloud_forest,10.308071,-84.805378,2026-01-29
Ramphastos sulfuratus,Keel-billed Toucan,Aves,costa_rica_cloud_forest,10.482216,-84.730604,2026-01-07
Ramphastos sulfuratus,Keel-billed Toucan,Aves,costa_rica_cloud_forest,10.503041,-84.692642,2026-01-11
Ramphastos sulfuratus,Keel-billed Toucan,Aves,costa_rica_cloud_forest,10.313359,-84.817243,2026-01-07
Ramphastos sulfuratus,Keel-billed Toucan,Aves,costa_rica_cloud_forest,10.317017,-84.817725,2026-01-26
Ramphastos sulfuratus,Keel-billed Toucan,Aves,costa_rica_cloud_forest,10.437854,-84.710247,2026-01-30
Ramphastos sulfuratus,Keel-billed Toucan,Aves,costa_rica_cloud_forest,10.324004,-84.82837,2026-01-31
Ramphastos sulfuratus,Keel-billed Toucan,Aves,costa_rica_cloud_forest,10.32217,-84.830195,2026-01-08
Ramphastos sulfuratus,Keel-billed Toucan,Aves,costa_rica_cloud_forest,10.306088,-84.805437,2026-01-09
Ramphastos sulfuratus,Keel-billed Toucan,Aves,costa_rica_cloud_forest,10.307555,-84.805046,2026-02-05
Ramphastos sulfuratus,Keel-billed Toucan,Aves,costa_rica_cloud_forest,10.461967,-84.845803,2026-02-08
Ramphastos sulfuratus,Keel-billed Toucan,Aves,costa_rica_cloud_forest,10.471197,-84.645415,2026-02-05
Ramphastos sulfuratus,Keel-billed Toucan,Aves,costa_rica_cloud_forest,10.311548,-84.818033,2026-02-15
Ramphastos sulfuratus,Keel-billed Toucan,Aves,costa_rica_cloud_forest,10.483761,-84.675147,2026-02-12
Ramphastos sulfuratus,Keel-billed Toucan,Aves,costa_rica_cloud_forest,10.421341,-84.454234,2026-02-11
Ramphastos sulfuratus,Keel-billed Toucan,Aves,costa_rica_cloud_forest,10.323667,-84.81935,2026-02-11
Ramphastos sulfuratus,Keel-billed Toucan,Aves,costa_rica_cloud_forest,10.483128,-84.680646,2026-02-10
Ramphastos sulfuratus,Keel-billed Toucan,Aves,costa_rica_cloud_forest,10.483128,-84.680646,2026-02-10
Ramphastos sulfuratus,Keel-billed Toucan,Aves,costa_rica_cloud_forest,10.467029,-84.742302,2026-02-16
Ramphastos sulfuratus,Keel-billed Toucan,Aves,costa_rica_cloud_forest,10.467029,-84.742302,2026-02-16
Ramphastos sulfuratus,Keel-billed Toucan,Aves,costa_rica_cloud_forest,10.456507,-84.665187,2026-02-22
Ramphastos sulfuratus,Keel-billed Toucan,Aves,costa_rica_cloud_forest,10.229675,-84.851137,2026-02-20
Ramphastos sulfuratus,Keel-billed Toucan,Aves,costa_rica_cloud_forest,10.329995,-84.825583,2026-02-15
Ramphastos sulfuratus,Keel-billed Toucan,Aves,costa_rica_cloud_forest,10.136502,-84.475251,2026-02-07
Ramphastos sulfuratus,Keel-billed Toucan,Aves,costa_rica_cloud_forest,10.30418,-84.807515,2026-02-18
Ramphastos sulfuratus,Keel-billed Toucan,Aves,costa_rica_cloud_forest,10.369838,-84.599661,2026-02-21
Ramphastos sulfuratus,Keel-billed Toucan,Aves,costa_rica_cloud_forest,10.372093,-84.600027,2026-02-21
Ramphastos sulfuratus,Keel-billed Toucan,Aves,costa_rica_cloud_forest,10.378731,-84.597702,2026-02-20
Ramphastos sulfuratus,Keel-billed Toucan,Aves,costa_rica_cloud_forest,10.392783,-84.608192,2026-02-24
Ramphastos sulfuratus,Keel-billed Toucan,Aves,costa_rica_cloud_forest,10.316312,-84.815797,2026-02-28
Ramphastos sulfuratus,Keel-billed Toucan,Aves,costa_rica_cloud_forest,10.316372,-84.815172,2026-02-27
Ramphastos sulfuratus,Keel-billed Toucan,Aves,costa_rica_cloud_forest,10.398512,-84.474945,2026-02-24
Ramphastos sulfuratus,Keel-billed Toucan,Aves,costa_rica_cloud_forest,10.344236,-84.827624,2026-02-15
Ramphastos sulfuratus,Keel-billed Toucan,Aves,costa_rica_cloud_forest,10.440899,-84.620246,2026-02-16
Ramphastos sulfuratus,Keel-billed Toucan,Aves,costa_rica_cloud_forest,10.229662,-84.851128,2026-02-20
Ramphastos sulfuratus,Keel-billed Toucan,Aves,costa_rica_cloud_forest,10.461518,-84.735689,2026-02-17
Ramphastos sulfuratus,Keel-billed Toucan,Aves,costa_rica_cloud_forest,10.316182,-84.815722,2026-02-28
Ramphastos sulfuratus,Keel-billed Toucan,Aves,costa_rica_cloud_forest,10.319688,-84.813339,2026-02-26
Ramphastos sulfuratus,Keel-billed Toucan,Aves,costa_rica_cloud_forest,10.380291,-84.827895,2026-02-20
Ramphastos sulfuratus,Keel-billed Toucan,Aves,costa_rica_cloud_forest,10.167539,-84.490234,2026-02-16
Ramphastos sulfuratus,Keel-billed Toucan,Aves,costa_rica_cloud_forest,10.45411,-84.639506,2026-02-10
Ramphastos sulfuratus,Keel-billed Toucan,Aves,costa_rica_cloud_forest,10.316058,-84.815055,2026-02-24
Ramphastos sulfuratus,Keel-billed Toucan,Aves,costa_rica_cloud_forest,10.316922,-84.814133,2026-02-21
Ramphastos sulfuratus,Keel-billed Toucan,Aves,costa_rica_cloud_forest,10.319029,-84.81682,2026-02-23
Ramphastos sulfuratus,Keel-billed Toucan,Aves,costa_rica_cloud_forest,10.319062,-84.808826,2026-02-16
Ramphastos sulfuratus,Keel-billed Toucan,Aves,costa_rica_cloud_forest,10.45411,-84.639506,2026-02-10
Ramphastos sulfuratus,Keel-billed Toucan,Aves,costa_rica_cloud_forest,10.307085,-84.806757,2026-02-05
Ramphastos sulfuratus,Keel-billed Toucan,Aves,costa_rica_cloud_forest,10.472924,-84.638267,2026-02-27
Ramphastos sulfuratus,Keel-billed Toucan,Aves,costa_rica_cloud_forest,10.306224,-84.804465,2026-02-08
Ramphastos sulfuratus,Keel-billed Toucan,Aves,costa_rica_cloud_forest,10.314397,-84.814164,2026-02-28
Ramphastos sulfuratus,Keel-billed Toucan,Aves,costa_rica_cloud_forest,10.329988,-84.828368,2026-02-19
Ramphastos sulfuratus,Keel-billed Toucan,Aves,costa_rica_cloud_forest,10.459596,-84.63935,2026-02-19
Ramphastos sulfuratus,Keel-billed Toucan,Aves,costa_rica_cloud_forest,10.421341,-84.454234,2026-02-11
Ramphastos sulfuratus,Keel-billed Toucan,Aves,costa_rica_cloud_forest,10.526541,-84.700672,2026-02-18
Ramphastos sulfuratus,Keel-billed Toucan,Aves,costa_rica_cloud_forest,10.439921,-84.718479,2026-02-23
Ramphastos sulfuratus,Keel-billed Toucan,Aves,costa_rica_cloud_forest,10.420933,-84.754264,2026-03-11
Ramphastos sulfuratus,Keel-billed Toucan,Aves,costa_rica_cloud_forest,10.309661,-84.819982,2026-03-05
Ramphastos sulfuratus,Keel-billed Toucan,Aves,costa_rica_cloud_forest,10.106495,-84.566669,2026-03-04
Ramphastos sulfuratus,Keel-billed Toucan,Aves,costa_rica_cloud_forest,10.219322,-84.876059,2026-03-10
Ramphastos sulfuratus,Keel-billed Toucan,Aves,costa_rica_cloud_forest,10.299875,-84.809077,2026-03-05
Ramphastos sulfuratus,Keel-billed Toucan,Aves,costa_rica_cloud_forest,10.338525,-84.918197,2026-03-07
Ramphastos sulfuratus,Keel-billed Toucan,Aves,costa_rica_cloud_forest,10.302755,-84.806656,2026-03-15
Ramphastos sulfuratus,Keel-billed Toucan,Aves,costa_rica_cloud_forest,10.405622,-84.709046,2026-03-11
Ramphastos sulfuratus,Keel-billed Toucan,Aves,costa_rica_cloud_forest,10.43758,-84.7102,2026-03-19
Ramphastos sulfuratus,Keel-billed Toucan,Aves,costa_rica_cloud_forest,10.285341,-84.807163,2026-03-16
Ramphastos sulfuratus,Keel-billed Toucan,Aves,costa_rica_cloud_forest,10.464102,-84.752777,2026-03-20
Ramphastos sulfuratus,Keel-billed Toucan,Aves,costa_rica_cloud_forest,10.284949,-84.807146,2026-03-17
Ramphastos sulfuratus,Keel-billed Toucan,Aves,costa_rica_cloud_forest,10.285329,-84.807024,2026-03-16
Ramphastos sulfuratus,Keel-billed Toucan,Aves,costa_rica_cloud_forest,10.469333,-84.760253,2026-03-20
Ramphastos sulfuratus,Keel-billed Toucan,Aves,costa_rica_cloud_forest,10.305173,-84.590647,2026-03-12
Ramphastos sulfuratus,Keel-billed Toucan,Aves,costa_rica_cloud_forest,10.436452,-84.708145,2026-03-19
Ramphastos sulfuratus,Keel-billed Toucan,Aves,costa_rica_cloud_forest,10.466683,-84.755219,2026-03-20
Ramphastos sulfuratus,Keel-billed Toucan,Aves,costa_rica_cloud_forest,10.30869,-84.804695,2026-03-21
Ramphastos sulfuratus,Keel-billed Toucan,Aves,costa_rica_cloud_forest,10.305975,-84.807533,2026-03-21
Ramphastos sulfuratus,Keel-billed Toucan,Aves,costa_rica_cloud_forest,10.232857,-84.539057,2026-03-22
Ramphastos sulfuratus,Keel-billed Toucan,Aves,costa_rica_cloud_forest,10.308135,-84.801532,2026-03-14
Ramphastos sulfuratus,Keel-billed Toucan,Aves,costa_rica_cloud_forest,10.465573,-84.754898,2026-03-20
Ramphastos sulfuratus,Keel-billed Toucan,Aves,costa_rica_cloud_forest,10.43758,-84.7102,2026-03-19
Ramphastos sulfuratus,Keel-billed Toucan,Aves,costa_rica_cloud_forest,10.232857,-84.539057,2026-03-22
Ramphastos sulfuratus,Keel-billed Toucan,Aves,costa_rica_cloud_forest,10.436452,-84.708145,2026-03-19
Ramphastos sulfuratus,Keel-billed Toucan,Aves,costa_rica_cloud_forest,10.308135,-84.801532,2026-03-14
Ramphastos sulfuratus,Keel-billed Toucan,Aves,costa_rica_cloud_forest,10.541374,-84.7573,2026-03-15
Ramphastos sulfuratus,Keel-billed Toucan,Aves,costa_rica_cloud_forest,10.43731,-84.708,2026-03-20
Ramphastos sulfuratus,Keel-billed Toucan,Aves,costa_rica_cloud_forest,10.32909,-84.819702,2026-03-24
Ramphastos sulfuratus,Keel-billed Toucan,Aves,costa_rica_cloud_forest,10.469333,-84.760253,2026-03-20
Ramphastos sulfuratus,Keel-billed Toucan,Aves,costa_rica_cloud_forest,10.30871,-84.805397,2026-03-21
Ramphastos sulfuratus,Keel-billed Toucan,Aves,costa_rica_cloud_forest,10.435145,-84.706352,2026-03-20
Ramphastos sulfuratus,Keel-billed Toucan,Aves,costa_rica_cloud_forest,10.438091,-84.710289,2026-03-20
Ramphastos sulfuratus,Keel-billed Toucan,Aves,costa_rica_cloud_forest,10.307203,-84.804413,2026-03-21
Ramphastos sulfuratus,Keel-billed Toucan,Aves,costa_rica_cloud_forest,10.468567,-84.655442,2026-03-12
Ramphastos sulfuratus,Keel-billed Toucan,Aves,costa_rica_cloud_forest,10.305867,-84.804512,2026-03-15
Ramphastos sulfuratus,Keel-billed Toucan,Aves,costa_rica_cloud_forest,10.307423,-84.809696,2026-03-26
Ramphastos sulfuratus,Keel-billed Toucan,Aves,costa_rica_cloud_forest,10.317003,-84.8143,2026-03-18
Ramphastos sulfuratus,Keel-billed Toucan,Aves,costa_rica_cloud_forest,10.317397,-84.815558,2026-03-04
Ramphastos sulfuratus,Keel-billed Toucan,Aves,costa_rica_cloud_forest,10.321042,-84.818367,2026-03-04
Ramphastos sulfuratus,Keel-billed Toucan,Aves,costa_rica_cloud_forest,10.32218,-84.8302,2026-03-16
Ramphastos sulfuratus,Keel-billed Toucan,Aves,costa_rica_cloud_forest,10.322122,-84.830162,2026-03-16
Ramphastos sulfuratus,Keel-billed Toucan,Aves,costa_rica_cloud_forest,10.309457,-84.802028,2026-03-21
Ramphastos sulfuratus,Keel-billed Toucan,Aves,costa_rica_cloud_forest,10.504224,-84.702906,2026-03-24
Ramphastos sulfuratus,Keel-billed Toucan,Aves,costa_rica_cloud_forest,10.32183,-84.830078,2026-03-16
Ramphastos sulfuratus,Keel-billed Toucan,Aves,costa_rica_cloud_forest,10.37525,-84.88388,2026-03-25
Ramphastos sulfuratus,Keel-billed Toucan,Aves,costa_rica_cloud_forest,10.329825,-84.845001,2026-03-12
Ramphastos sulfuratus,Keel-billed Toucan,Aves,costa_rica_cloud_forest,10.469333,-84.760253,2026-03-20
Ramphastos sulfuratus,Keel-billed Toucan,Aves,costa_rica_cloud_forest,10.436452,-84.708145,2026-03-19
Ramphastos sulfuratus,Keel-billed Toucan,Aves,costa_rica_cloud_forest,10.232857,-84.539057,2026-03-22
Ramphastos sulfuratus,Keel-billed Toucan,Aves,costa_rica_cloud_forest,10.308135,-84.801532,2026-03-14
Ramphastos sulfuratus,Keel-billed Toucan,Aves,costa_rica_cloud_forest,10.43758,-84.7102,2026-03-19
Ramphastos sulfuratus,Keel-billed Toucan,Aves,costa_rica_cloud_forest,10.347288,-84.819376,2026-03-30
Ramphastos sulfuratus,Keel-billed Toucan,Aves,costa_rica_cloud_forest,10.331219,-84.602509,2026-03-05
Ramphastos sulfuratus,Keel-billed Toucan,Aves,costa_rica_cloud_forest,10.306312,-84.804428,2026-03-31
Ramphastos sulfuratus,Keel-billed Toucan,Aves,costa_rica_cloud_forest,10.307843,-84.805138,2026-03-21
Ramphastos sulfuratus,Keel-billed Toucan,Aves,costa_rica_cloud_forest,10.322924,-84.842977,2026-03-07
Ramphastos sulfuratus,Keel-billed Toucan,Aves,costa_rica_cloud_forest,10.307932,-84.8051,2026-03-26
Ramphastos sulfuratus,Keel-billed Toucan,Aves,costa_rica_cloud_forest,10.327025,-84.829685,2026-03-07
Ramphastos sulfuratus,Keel-billed Toucan,Aves,costa_rica_cloud_forest,10.305381,-84.807686,2026-03-09
Ramphastos sulfuratus,Keel-billed Toucan,Aves,costa_rica_cloud_forest,10.037411,-84.53913,2026-03-07
Ramphastos sulfuratus,Keel-billed Toucan,Aves,costa_rica_cloud_forest,10.30713,-84.807838,2026-03-26
Ramphastos sulfuratus,Keel-billed Toucan,Aves,costa_rica_cloud_forest,10.329067,-84.827782,2026-04-03
Ramphastos sulfuratus,Keel-billed Toucan,Aves,costa_rica_cloud_forest,10.50496,-84.691277,2026-04-06
Ramphastos sulfuratus,Keel-billed Toucan,Aves,costa_rica_cloud_forest,10.330196,-84.826452,2026-04-05
Ramphastos sulfuratus,Keel-billed Toucan,Aves,costa_rica_cloud_forest,10.307222,-84.805519,2026-04-08
Ramphastos sulfuratus,Keel-billed Toucan,Aves,costa_rica_cloud_forest,10.325778,-84.836594,2026-04-07
Ramphastos sulfuratus,Keel-billed Toucan,Aves,costa_rica_cloud_forest,10.324888,-84.83065,2026-04-11
Ramphastos sulfuratus,Keel-billed Toucan,Aves,costa_rica_cloud_forest,10.454397,-84.64498,2026-04-11
Ramphastos sulfuratus,Keel-billed Toucan,Aves,costa_rica_cloud_forest,10.316484,-84.815522,2026-04-10
Ramphastos sulfuratus,Keel-billed Toucan,Aves,costa_rica_cloud_forest,10.137603,-84.521179,2026-04-13
Ramphastos sulfuratus,Keel-billed Toucan,Aves,costa_rica_cloud_forest,10.32987,-84.825104,2026-04-09
Ramphastos sulfuratus,Keel-billed Toucan,Aves,costa_rica_cloud_forest,10.488295,-84.690591,2026-04-23
Ramphastos sulfuratus,Keel-billed Toucan,Aves,costa_rica_cloud_forest,10.492682,-84.752882,2026-04-16
Ramphastos sulfuratus,Keel-billed Toucan,Aves,costa_rica_cloud_forest,10.306242,-84.804383,2026-04-17
Ramphastos sulfuratus,Keel-billed Toucan,Aves,costa_rica_cloud_forest,10.316383,-84.814425,2026-04-19
Ramphastos sulfuratus,Keel-billed Toucan,Aves,costa_rica_cloud_forest,10.19125,-84.502197,2026-04-12
Ramphastos sulfuratus,Keel-billed Toucan,Aves,costa_rica_cloud_forest,10.302183,-84.808197,2026-04-17
Ramphastos sulfuratus,Keel-billed Toucan,Aves,costa_rica_cloud_forest,10.474983,-84.673452,2026-04-09
Ramphastos sulfuratus,Keel-billed Toucan,Aves,costa_rica_cloud_forest,10.307685,-84.805834,2026-04-19
Ramphastos sulfuratus,Keel-billed Toucan,Aves,costa_rica_cloud_forest,10.452508,-84.652424,2026-04-10
Ramphastos sulfuratus,Keel-billed Toucan,Aves,costa_rica_cloud_forest,10.403039,-84.986773,2026-04-20
Ramphastos sulfuratus,Keel-billed Toucan,Aves,costa_rica_cloud_forest,10.323456,-84.842672,2026-04-17
Ramphastos sulfuratus,Keel-billed Toucan,Aves,costa_rica_cloud_forest,10.441445,-84.667738,2026-04-12
Ramphastos sulfuratus,Keel-billed Toucan,Aves,costa_rica_cloud_forest,10.485325,-84.729738,2026-04-21
Ramphastos sulfuratus,Keel-billed Toucan,Aves,costa_rica_cloud_forest,10.320447,-84.851678,2026-04-28
Ramphastos sulfuratus,Keel-billed Toucan,Aves,costa_rica_cloud_forest,10.485357,-84.703084,2026-04-20
Ramphastos sulfuratus,Keel-billed Toucan,Aves,costa_rica_cloud_forest,10.485357,-84.703084,2026-04-19
Ramphastos sulfuratus,Keel-billed Toucan,Aves,costa_rica_cloud_forest,10.322153,-84.829506,2026-04-22
Ramphastos sulfuratus,Keel-billed Toucan,Aves,costa_rica_cloud_forest,10.329887,-84.824837,2026-04-03
Ramphastos sulfuratus,Keel-billed Toucan,Aves,costa_rica_cloud_forest,10.490864,-84.755035,2026-04-23
Ramphastos sulfuratus,Keel-billed Toucan,Aves,costa_rica_cloud_forest,10.434487,-84.704971,2026-04-24
Ramphastos sulfuratus,Keel-billed Toucan,Aves,costa_rica_cloud_forest,10.484959,-84.755196,2026-04-25
Ramphastos sulfuratus,Keel-billed Toucan,Aves,costa_rica_cloud_forest,10.307884,-84.804988,2026-04-10
Ramphastos sulfuratus,Keel-billed Toucan,Aves,costa_rica_cloud_forest,10.488322,-84.754409,2026-04-23
Ramphastos sulfuratus,Keel-billed Toucan,Aves,costa_rica_cloud_forest,10.330695,-84.827683,2026-04-01
Ramphastos sulfuratus,Keel-billed Toucan,Aves,costa_rica_cloud_forest,10.30628,-84.804405,2026-04-02
Ramphastos sulfuratus,Keel-billed Toucan,Aves,costa_rica_cloud_forest,10.440278,-84.707877,2026-05-01
Ramphastos sulfuratus,Keel-billed Toucan,Aves,costa_rica_cloud_forest,10.3063,-84.8043,2026-05-03
Ramphastos sulfuratus,Keel-billed Toucan,Aves,costa_rica_cloud_forest,10.316797,-84.814308,2026-05-11
Ramphastos sulfuratus,Keel-billed Toucan,Aves,costa_rica_cloud_forest,10.306306,-84.809817,2026-05-02
Ramphastos sulfuratus,Keel-billed Toucan,Aves,costa_rica_cloud_forest,10.478323,-84.723919,2026-05-20
Ramphastos sulfuratus,Keel-billed Toucan,Aves,costa_rica_cloud_forest,10.329655,-84.828955,2026-05-21
Ramphastos sulfuratus,Keel-billed Toucan,Aves,costa_rica_cloud_forest,10.30581,-84.80842,2026-05-10
Ramphastos sulfuratus,Keel-billed Toucan,Aves,costa_rica_cloud_forest,10.306421,-84.80744,2026-05-19
Ramphastos sulfuratus,Keel-billed Toucan,Aves,costa_rica_cloud_forest,10.331201,-84.602306,2026-05-02
Ramphastos sulfuratus,Keel-billed Toucan,Aves,costa_rica_cloud_forest,10.311248,-84.81952,2026-05-26
Ramphastos sulfuratus,Keel-billed Toucan,Aves,costa_rica_cloud_forest,10.306003,-84.805412,2026-05-30
Ramphastos sulfuratus,Keel-billed Toucan,Aves,costa_rica_cloud_forest,10.316605,-84.823783,2026-05-10
Ramphastos sulfuratus,Keel-billed Toucan,Aves,costa_rica_cloud_forest,10.306284,-84.816942,2026-05-13
Ramphastos sulfuratus,Keel-billed Toucan,Aves,costa_rica_cloud_forest,10.48697,-84.690047,2026-05-29
Ramphastos sulfuratus,Keel-billed Toucan,Aves,costa_rica_cloud_forest,10.48835,-84.754433,2026-05-30
Ramphastos sulfuratus,Keel-billed Toucan,Aves,costa_rica_cloud_forest,10.394293,-84.901344,2026-05-26
Ramphastos sulfuratus,Keel-billed Toucan,Aves,costa_rica_cloud_forest,10.306153,-84.807367,2026-05-17
Ramphastos sulfuratus,Keel-billed Toucan,Aves,costa_rica_cloud_forest,10.302212,-84.808137,2026-05-22
Ramphastos sulfuratus,Keel-billed Toucan,Aves,costa_rica_cloud_forest,10.316558,-84.814392,2026-05-24
Ramphastos sulfuratus,Keel-billed Toucan,Aves,costa_rica_cloud_forest,10.426522,-84.74682,2026-06-10
Ramphastos sulfuratus,Keel-billed Toucan,Aves,costa_rica_cloud_forest,10.425772,-84.746742,2026-06-10
Ramphastos sulfuratus,Keel-billed Toucan,Aves,costa_rica_cloud_forest,10.372245,-84.904587,2026-06-02
Ramphastos sulfuratus,Keel-billed Toucan,Aves,costa_rica_cloud_forest,10.30698,-84.806855,2026-06-02
Ramphastos sulfuratus,Keel-billed Toucan,Aves,costa_rica_cloud_forest,10.292971,-84.76511,2026-06-07
Ramphastos sulfuratus,Keel-billed Toucan,Aves,costa_rica_cloud_forest,10.59027,-84.795617,2026-06-12
Ramphastos sulfuratus,Keel-billed Toucan,Aves,costa_rica_cloud_forest,10.431073,-84.672999,2026-06-02
Ramphastos sulfuratus,Keel-billed Toucan,Aves,costa_rica_cloud_forest,10.23888,-84.853653,2026-06-07
Ramphastos sulfuratus,Keel-billed Toucan,Aves,costa_rica_cloud_forest,10.383217,-84.618155,2026-06-02
Ramphastos sulfuratus,Keel-billed Toucan,Aves,costa_rica_cloud_forest,10.377453,-84.522972,2026-06-16
Ramphastos sulfuratus,Keel-billed Toucan,Aves,costa_rica_cloud_forest,10.281787,-84.796197,2026-06-17
Ramphastos sulfuratus,Keel-billed Toucan,Aves,costa_rica_cloud_forest,10.447053,-84.666512,2026-06-20
Ramphastos sulfuratus,Keel-billed Toucan,Aves,costa_rica_cloud_forest,10.306253,-84.804297,2026-06-19
Ramphastos sulfuratus,Keel-billed Toucan,Aves,costa_rica_cloud_forest,10.308783,-84.809206,2026-06-26
Ramphastos sulfuratus,Keel-billed Toucan,Aves,costa_rica_cloud_forest,10.344514,-84.906067,2026-06-25
Ramphastos sulfuratus,Keel-billed Toucan,Aves,costa_rica_cloud_forest,10.308681,-84.809322,2026-06-23
Ramphastos sulfuratus,Keel-billed Toucan,Aves,costa_rica_cloud_forest,10.329939,-84.825614,2026-06-26
Ramphastos sulfuratus,Keel-billed Toucan,Aves,costa_rica_cloud_forest,10.306342,-84.804413,2026-06-14
Ramphastos sulfuratus,Keel-billed Toucan,Aves,costa_rica_cloud_forest,10.306258,-84.807567,2026-06-03
Ramphastos sulfuratus,Keel-billed Toucan,Aves,costa_rica_cloud_forest,10.326688,-84.839137,2026-06-23
Ramphastos sulfuratus,Keel-billed Toucan,Aves,costa_rica_cloud_forest,10.322199,-84.830159,2026-06-29
Ramphastos sulfuratus,Keel-billed Toucan,Aves,costa_rica_cloud_forest,10.303922,-84.807355,2026-06-14
Ramphastos sulfuratus,Keel-billed Toucan,Aves,costa_rica_cloud_forest,10.417431,-84.596698,2026-06-27
Ramphastos sulfuratus,Keel-billed Toucan,Aves,costa_rica_cloud_forest,10.632563,-85.031155,2026-06-10
Ramphastos sulfuratus,Keel-billed Toucan,Aves,costa_rica_cloud_forest,10.307478,-84.804213,2026-07-06
Ramphastos sulfuratus,Keel-billed Toucan,Aves,costa_rica_cloud_forest,10.06825,-84.51287,2026-07-06
Ramphastos sulfuratus,Keel-billed Toucan,Aves,costa_rica_cloud_forest,10.36336,-84.502137,2026-07-04
Ramphastos sulfuratus,Keel-billed Toucan,Aves,costa_rica_cloud_forest,10.316828,-84.814383,2026-07-12
Ramphastos sulfuratus,Keel-billed Toucan,Aves,costa_rica_cloud_forest,10.329187,-84.838463,2026-07-05
Ramphastos sulfuratus,Keel-billed Toucan,Aves,costa_rica_cloud_forest,10.3072,-84.803214,2026-07-09
Ramphastos sulfuratus,Keel-billed Toucan,Aves,costa_rica_cloud_forest,10.3072,-84.803214,2026-07-09
Ramphastos sulfuratus,Keel-billed Toucan,Aves,costa_rica_cloud_forest,10.323595,-84.819245,2026-07-14
Ramphastos sulfuratus,Keel-billed Toucan,Aves,costa_rica_cloud_forest,10.328111,-84.829839,2026-07-11
Ramphastos sulfuratus,Keel-billed Toucan,Aves,costa_rica_cloud_forest,10.324494,-84.813545,2026-07-07
Ramphastos sulfuratus,Keel-billed Toucan,Aves,costa_rica_cloud_forest,10.332494,-84.805927,2026-07-20
Ramphastos sulfuratus,Keel-billed Toucan,Aves,costa_rica_cloud_forest,10.298941,-84.768156,2026-07-18
Ramphastos sulfuratus,Keel-billed Toucan,Aves,costa_rica_cloud_forest,10.136311,-84.475467,2026-07-27
Ramphastos sulfuratus,Keel-billed Toucan,Aves,costa_rica_cloud_forest,10.331025,-84.826997,2026-07-21
Ramphastos sulfuratus,Keel-billed Toucan,Aves,costa_rica_cloud_forest,10.309457,-84.802028,2026-07-29
Ramphastos sulfuratus,Keel-billed Toucan,Aves,costa_rica_cloud_forest,10.319094,-84.818056,2026-07-28
Ramphastos sulfuratus,Keel-billed Toucan,Aves,costa_rica_cloud_forest,10.341395,-84.838048,2026-07-17
Ramphastos sulfuratus,Keel-billed Toucan,Aves,costa_rica_cloud_forest,10.130485,-84.723104,2026-07-20
Ramphastos sulfuratus,Keel-billed Toucan,Aves,costa_rica_cloud_forest,10.310803,-84.799768,2026-07-31
Ramphastos sulfuratus,Keel-billed Toucan,Aves,costa_rica_cloud_forest,10.441737,-84.667847,2026-08-02
Ramphastos sulfuratus,Keel-billed Toucan,Aves,costa_rica_cloud_forest,10.321958,-84.829737,2026-08-09
Ramphastos sulfuratus,Keel-billed Toucan,Aves,costa_rica_cloud_forest,10.329183,-84.827931,2026-08-08
Ramphastos sulfuratus,Keel-billed Toucan,Aves,costa_rica_cloud_forest,10.324861,-84.830652,2026-08-05
Ramphastos sulfuratus,Keel-billed Toucan,Aves,costa_rica_cloud_forest,10.442115,-84.667251,2026-08-03
Ramphastos sulfuratus,Keel-billed Toucan,Aves,costa_rica_cloud_forest,10.456247,-84.666851,2026-08-05
Ramphastos sulfuratus,Keel-billed Toucan,Aves,costa_rica_cloud_forest,10.309235,-84.818733,2026-08-02
Ramphastos sulfuratus,Keel-billed Toucan,Aves,costa_rica_cloud_forest,10.326035,-84.835621,2026-08-07
Ramphastos sulfuratus,Keel-billed Toucan,Aves,costa_rica_cloud_forest,10.325871,-84.836916,2026-08-08
Ramphastos sulfuratus,Keel-billed Toucan,Aves,costa_rica_cloud_forest,10.325773,-84.83541,2026-08-07
Ramphastos sulfuratus,Keel-billed Toucan,Aves,costa_rica_cloud_forest,10.325759,-84.835477,2026-08-07
Ramphastos sulfuratus,Keel-billed Toucan,Aves,costa_rica_cloud_forest,10.325847,-84.83655,2026-08-07
Ramphastos sulfuratus,Keel-billed Toucan,Aves,costa_rica_cloud_forest,10.305719,-84.804239,2026-08-04
Ramphastos sulfuratus,Keel-billed Toucan,Aves,costa_rica_cloud_forest,10.325797,-84.836726,2026-08-07
Ramphastos sulfuratus,Keel-billed Toucan,Aves,costa_rica_cloud_forest,10.325891,-84.835587,2026-08-07
Ramphastos sulfuratus,Keel-billed Toucan,Aves,costa_rica_cloud_forest,10.324003,-84.835895,2026-08-07
Ramphastos sulfuratus,Keel-billed Toucan,Aves,costa_rica_cloud_forest,10.282616,-84.839334,2026-08-08
Ramphastos sulfuratus,Keel-billed Toucan,Aves,costa_rica_cloud_forest,10.484143,-84.675257,2026-08-06
Ramphastos sulfuratus,Keel-billed Toucan,Aves,costa_rica_cloud_forest,10.223201,-84.852137,2026-08-08
Ramphastos sulfuratus,Keel-billed Toucan,Aves,costa_rica_cloud_forest,10.479975,-84.676302,2026-08-06
Ramphastos sulfuratus,Keel-billed Toucan,Aves,costa_rica_cloud_forest,10.322116,-84.830154,2026-08-22
Ramphastos sulfuratus,Keel-billed Toucan,Aves,costa_rica_cloud_forest,10.313638,-84.821955,2026-08-20
Ramphastos sulfuratus,Keel-billed Toucan,Aves,costa_rica_cloud_forest,10.325664,-84.837303,2026-08-10
Ramphastos sulfuratus,Keel-billed Toucan,Aves,costa_rica_cloud_forest,10.637361,-85.038607,2026-08-13
Ramphastos sulfuratus,Keel-billed Toucan,Aves,costa_rica_cloud_forest,10.316942,-84.814122,2026-08-20
Ramphastos sulfuratus,Keel-billed Toucan,Aves,costa_rica_cloud_forest,10.306262,-84.805663,2026-08-11
Ramphastos sulfuratus,Keel-billed Toucan,Aves,costa_rica_cloud_forest,10.305153,-84.806232,2026-08-11
Ramphastos sulfuratus,Keel-billed Toucan,Aves,costa_rica_cloud_forest,10.316756,-84.814042,2026-08-20
Ramphastos sulfuratus,Keel-billed Toucan,Aves,costa_rica_cloud_forest,10.339878,-84.857806,2026-08-22
Ramphastos sulfuratus,Keel-billed Toucan,Aves,costa_rica_cloud_forest,10.31023,-84.819856,2026-08-30
Ramphastos sulfuratus,Keel-billed Toucan,Aves,costa_rica_cloud_forest,10.423969,-84.751986,2026-08-24
Ramphastos sulfuratus,Keel-billed Toucan,Aves,costa_rica_cloud_forest,10.534218,-84.703409,2026-08-24
Ramphastos sulfuratus,Keel-billed Toucan,Aves,costa_rica_cloud_forest,10.657233,-84.977188,2026-08-31
Ramphastos sulfuratus,Keel-billed Toucan,Aves,costa_rica_cloud_forest,10.317012,-84.814147,2026-08-29
Ramphastos sulfuratus,Keel-billed Toucan,Aves,costa_rica_cloud_forest,10.657233,-84.977188,2026-08-31
Ramphastos sulfuratus,Keel-billed Toucan,Aves,costa_rica_cloud_forest,10.363032,-84.889273,2025-01-04
Ramphastos sulfuratus,Keel-billed Toucan,Aves,costa_rica_cloud_forest,10.281061,-84.791492,2025-01-06
Ramphastos sulfuratus,Keel-billed Toucan,Aves,costa_rica_cloud_forest,10.226764,-84.854246,2025-01-04
Ramphastos sulfuratus,Keel-billed Toucan,Aves,costa_rica_cloud_forest,10.329416,-84.827382,2025-01-06
Ramphastos sulfuratus,Keel-billed Toucan,Aves,costa_rica_cloud_forest,10.363035,-84.88928,2025-01-06
Ramphastos sulfuratus,Keel-billed Toucan,Aves,costa_rica_cloud_forest,10.31598,-84.815125,2025-01-01
Ramphastos sulfuratus,Keel-billed Toucan,Aves,costa_rica_cloud_forest,10.321282,-84.809361,2025-01-08
Ramphastos sulfuratus,Keel-billed Toucan,Aves,costa_rica_cloud_forest,10.281201,-84.791105,2025-01-08
Ramphastos sulfuratus,Keel-billed Toucan,Aves,costa_rica_cloud_forest,10.306428,-84.807536,2025-01-10
Ramphastos sulfuratus,Keel-billed Toucan,Aves,costa_rica_cloud_forest,10.272145,-84.52391,2025-01-31
Ramphastos sulfuratus,Keel-billed Toucan,Aves,costa_rica_cloud_forest,10.272145,-84.52391,2025-01-31
Ramphastos sulfuratus,Keel-billed Toucan,Aves,costa_rica_cloud_forest,10.311525,-84.824931,2025-01-03
Ramphastos sulfuratus,Keel-billed Toucan,Aves,costa_rica_cloud_forest,10.444436,-84.66958,2025-01-31
Ramphastos sulfuratus,Keel-billed Toucan,Aves,costa_rica_cloud_forest,10.501579,-84.612716,2025-01-06
Ramphastos sulfuratus,Keel-billed Toucan,Aves,costa_rica_cloud_forest,10.296236,-84.804767,2025-01-09
Ramphastos sulfuratus,Keel-billed Toucan,Aves,costa_rica_cloud_forest,10.438268,-84.710485,2025-01-20
Ramphastos sulfuratus,Keel-billed Toucan,Aves,costa_rica_cloud_forest,10.492642,-84.717584,2025-01-10
Ramphastos sulfuratus,Keel-billed Toucan,Aves,costa_rica_cloud_forest,10.501868,-84.612687,2025-01-06
Ramphastos sulfuratus,Keel-billed Toucan,Aves,costa_rica_cloud_forest,10.43808,-84.710418,2025-01-20
Ramphastos sulfuratus,Keel-billed Toucan,Aves,costa_rica_cloud_forest,10.538277,-84.898567,2025-01-17
Ramphastos sulfuratus,Keel-billed Toucan,Aves,costa_rica_cloud_forest,10.538277,-84.898567,2025-01-17
Ramphastos sulfuratus,Keel-billed Toucan,Aves,costa_rica_cloud_forest,10.474961,-84.974325,2025-01-21
Ramphastos sulfuratus,Keel-billed Toucan,Aves,costa_rica_cloud_forest,10.336013,-84.843159,2025-01-23
Ramphastos sulfuratus,Keel-billed Toucan,Aves,costa_rica_cloud_forest,10.233279,-84.527405,2025-01-13
Ramphastos sulfuratus,Keel-billed Toucan,Aves,costa_rica_cloud_forest,10.428004,-84.938017,2025-02-03
Ramphastos sulfuratus,Keel-billed Toucan,Aves,costa_rica_cloud_forest,10.307174,-84.806249,2025-02-10
Ramphastos sulfuratus,Keel-billed Toucan,Aves,costa_rica_cloud_forest,10.328289,-84.830048,2025-02-08
Ramphastos sulfuratus,Keel-billed Toucan,Aves,costa_rica_cloud_forest,10.476635,-84.735786,2025-02-07
Ramphastos sulfuratus,Keel-billed Toucan,Aves,costa_rica_cloud_forest,10.457831,-84.657516,2025-02-06
Ramphastos sulfuratus,Keel-billed Toucan,Aves,costa_rica_cloud_forest,10.455796,-84.65631,2025-02-07
Ramphastos sulfuratus,Keel-billed Toucan,Aves,costa_rica_cloud_forest,10.462759,-84.671388,2025-02-08
Ramphastos sulfuratus,Keel-billed Toucan,Aves,costa_rica_cloud_forest,10.437105,-84.71023,2025-02-17
Ramphastos sulfuratus,Keel-billed Toucan,Aves,costa_rica_cloud_forest,10.308338,-84.811154,2025-02-13
Ramphastos sulfuratus,Keel-billed Toucan,Aves,costa_rica_cloud_forest,10.34374,-84.953845,2025-02-24
Ramphastos sulfuratus,Keel-billed Toucan,Aves,costa_rica_cloud_forest,10.477802,-84.848863,2025-02-25
Ramphastos sulfuratus,Keel-billed Toucan,Aves,costa_rica_cloud_forest,10.323124,-84.999581,2025-02-24
Ramphastos sulfuratus,Keel-billed Toucan,Aves,costa_rica_cloud_forest,10.532093,-84.785474,2025-02-26
Ramphastos sulfuratus,Keel-billed Toucan,Aves,costa_rica_cloud_forest,10.356978,-84.975883,2025-02-24
Ramphastos sulfuratus,Keel-billed Toucan,Aves,costa_rica_cloud_forest,10.455557,-84.645902,2025-02-24
Ramphastos sulfuratus,Keel-billed Toucan,Aves,costa_rica_cloud_forest,10.455557,-84.645902,2025-02-24
Ramphastos sulfuratus,Keel-billed Toucan,Aves,costa_rica_cloud_forest,10.455557,-84.645902,2025-02-24
Ramphastos sulfuratus,Keel-billed Toucan,Aves,costa_rica_cloud_forest,10.330783,-84.827812,2025-02-09
Ramphastos sulfuratus,Keel-billed Toucan,Aves,costa_rica_cloud_forest,10.443684,-84.672214,2025-03-11
Ramphastos sulfuratus,Keel-billed Toucan,Aves,costa_rica_cloud_forest,10.086575,-84.711717,2025-03-13
Ramphastos sulfuratus,Keel-billed Toucan,Aves,costa_rica_cloud_forest,10.298942,-84.768156,2025-03-05
Ramphastos sulfuratus,Keel-billed Toucan,Aves,costa_rica_cloud_forest,10.30708,-84.81162,2025-03-01
Ramphastos sulfuratus,Keel-billed Toucan,Aves,costa_rica_cloud_forest,10.31327,-84.816222,2025-03-15
Ramphastos sulfuratus,Keel-billed Toucan,Aves,costa_rica_cloud_forest,10.437065,-84.709447,2025-03-15
Ramphastos sulfuratus,Keel-billed Toucan,Aves,costa_rica_cloud_forest,10.299565,-84.797379,2025-03-27
Ramphastos sulfuratus,Keel-billed Toucan,Aves,costa_rica_cloud_forest,10.465719,-84.749004,2025-03-14
Ramphastos sulfuratus,Keel-billed Toucan,Aves,costa_rica_cloud_forest,10.299565,-84.797379,2025-03-27
Ramphastos sulfuratus,Keel-billed Toucan,Aves,costa_rica_cloud_forest,10.190556,-84.842179,2025-03-16
Ramphastos sulfuratus,Keel-billed Toucan,Aves,costa_rica_cloud_forest,10.492967,-84.836687,2025-03-28
Ramphastos sulfuratus,Keel-billed Toucan,Aves,costa_rica_cloud_forest,10.437228,-84.70913,2025-03-27
Ramphastos sulfuratus,Keel-billed Toucan,Aves,costa_rica_cloud_forest,10.309241,-84.804694,2025-03-01
Ramphastos sulfuratus,Keel-billed Toucan,Aves,costa_rica_cloud_forest,10.308345,-84.804399,2025-03-01
Ramphastos sulfuratus,Keel-billed Toucan,Aves,costa_rica_cloud_forest,10.437142,-84.709023,2025-03-31
Ramphastos sulfuratus,Keel-billed Toucan,Aves,costa_rica_cloud_forest,10.438168,-84.717148,2025-03-31
Ramphastos sulfuratus,Keel-billed Toucan,Aves,costa_rica_cloud_forest,10.437225,-84.709068,2025-03-31
Ramphastos sulfuratus,Keel-billed Toucan,Aves,costa_rica_cloud_forest,10.487859,-84.58017,2025-03-04
Ramphastos sulfuratus,Keel-billed Toucan,Aves,costa_rica_cloud_forest,10.559679,-84.963031,2025-03-14
Ramphastos sulfuratus,Keel-billed Toucan,Aves,costa_rica_cloud_forest,10.496394,-84.710545,2025-03-25
Ramphastos sulfuratus,Keel-billed Toucan,Aves,costa_rica_cloud_forest,10.31374,-84.832224,2025-03-24
Ramphastos sulfuratus,Keel-billed Toucan,Aves,costa_rica_cloud_forest,10.426346,-84.661812,2025-03-12
Ramphastos sulfuratus,Keel-billed Toucan,Aves,costa_rica_cloud_forest,10.424093,-84.689346,2025-03-12
Ramphastos sulfuratus,Keel-billed Toucan,Aves,costa_rica_cloud_forest,10.444528,-84.670247,2025-03-11
Ramphastos sulfuratus,Keel-billed Toucan,Aves,costa_rica_cloud_forest,10.311246,-84.817886,2025-03-03
Ramphastos sulfuratus,Keel-billed Toucan,Aves,costa_rica_cloud_forest,10.649681,-85.05979,2025-03-28
Ramphastos sulfuratus,Keel-billed Toucan,Aves,costa_rica_cloud_forest,10.31656,-84.815543,2025-04-01
Ramphastos sulfuratus,Keel-billed Toucan,Aves,costa_rica_cloud_forest,10.022409,-84.469135,2025-04-11
Ramphastos sulfuratus,Keel-billed Toucan,Aves,costa_rica_cloud_forest,10.438813,-84.708778,2025-04-09
Ramphastos sulfuratus,Keel-billed Toucan,Aves,costa_rica_cloud_forest,10.413847,-84.706578,2025-04-14
Ramphastos sulfuratus,Keel-billed Toucan,Aves,costa_rica_cloud_forest,10.305119,-84.806797,2025-04-06
Ramphastos sulfuratus,Keel-billed Toucan,Aves,costa_rica_cloud_forest,10.424934,-84.75767,2025-04-03
Ramphastos sulfuratus,Keel-billed Toucan,Aves,costa_rica_cloud_forest,10.438068,-84.710264,2025-04-23
Ramphastos sulfuratus,Keel-billed Toucan,Aves,costa_rica_cloud_forest,10.383787,-84.617828,2025-04-25
Ramphastos sulfuratus,Keel-billed Toucan,Aves,costa_rica_cloud_forest,10.461434,-84.847142,2025-04-28
Ramphastos sulfuratus,Keel-billed Toucan,Aves,costa_rica_cloud_forest,10.383371,-84.618099,2025-04-25
Ramphastos sulfuratus,Keel-billed Toucan,Aves,costa_rica_cloud_forest,10.314876,-84.816225,2025-04-29
Ramphastos sulfuratus,Keel-billed Toucan,Aves,costa_rica_cloud_forest,10.307119,-84.805895,2025-04-12
Ramphastos sulfuratus,Keel-billed Toucan,Aves,costa_rica_cloud_forest,10.307023,-84.804343,2025-04-12
Ramphastos sulfuratus,Keel-billed Toucan,Aves,costa_rica_cloud_forest,10.471361,-84.64452,2025-04-30
Ramphastos sulfuratus,Keel-billed Toucan,Aves,costa_rica_cloud_forest,10.486664,-84.753148,2025-04-01
Ramphastos sulfuratus,Keel-billed Toucan,Aves,costa_rica_cloud_forest,10.383189,-84.618212,2025-04-28
Ramphastos sulfuratus,Keel-billed Toucan,Aves,costa_rica_cloud_forest,10.383168,-84.61858,2025-04-27
Ramphastos sulfuratus,Keel-billed Toucan,Aves,costa_rica_cloud_forest,10.38324,-84.617828,2025-04-28
Ramphastos sulfuratus,Keel-billed Toucan,Aves,costa_rica_cloud_forest,10.493894,-84.767126,2025-04-06
Ramphastos sulfuratus,Keel-billed Toucan,Aves,costa_rica_cloud_forest,10.475304,-84.973302,2025-04-24
Ramphastos sulfuratus,Keel-billed Toucan,Aves,costa_rica_cloud_forest,10.484779,-84.72984,2025-05-04
Ramphastos sulfuratus,Keel-billed Toucan,Aves,costa_rica_cloud_forest,10.327078,-84.820503,2025-05-12
Ramphastos sulfuratus,Keel-billed Toucan,Aves,costa_rica_cloud_forest,10.304041,-84.79413,2025-05-22
Ramphastos sulfuratus,Keel-billed Toucan,Aves,costa_rica_cloud_forest,10.316912,-84.814347,2025-05-19
Ramphastos sulfuratus,Keel-billed Toucan,Aves,costa_rica_cloud_forest,10.4495,-84.666407,2025-05-13
Ramphastos sulfuratus,Keel-billed Toucan,Aves,costa_rica_cloud_forest,10.442697,-84.667024,2025-05-24
Ramphastos sulfuratus,Keel-billed Toucan,Aves,costa_rica_cloud_forest,10.316232,-84.820781,2025-05-25
Ramphastos sulfuratus,Keel-billed Toucan,Aves,costa_rica_cloud_forest,10.310394,-84.81955,2025-05-03
Ramphastos sulfuratus,Keel-billed Toucan,Aves,costa_rica_cloud_forest,10.438625,-84.716163,2025-05-28
Ramphastos sulfuratus,Keel-billed Toucan,Aves,costa_rica_cloud_forest,10.3149,-84.8265,2025-05-01
Ramphastos sulfuratus,Keel-billed Toucan,Aves,costa_rica_cloud_forest,10.437233,-84.709015,2025-05-28
Ramphastos sulfuratus,Keel-billed Toucan,Aves,costa_rica_cloud_forest,10.310331,-84.819495,2025-05-03
Ramphastos sulfuratus,Keel-billed Toucan,Aves,costa_rica_cloud_forest,10.43717,-84.709053,2025-05-24
Ramphastos sulfuratus,Keel-billed Toucan,Aves,costa_rica_cloud_forest,10.10534,-84.551074,2025-05-19
Ramphastos sulfuratus,Keel-billed Toucan,Aves,costa_rica_cloud_forest,10.432894,-84.701477,2025-05-03
Ramphastos sulfuratus,Keel-billed Toucan,Aves,costa_rica_cloud_forest,10.314645,-84.827896,2025-05-22
Ramphastos sulfuratus,Keel-billed Toucan,Aves,costa_rica_cloud_forest,10.383258,-84.617714,2025-05-07
Ramphastos sulfuratus,Keel-billed Toucan,Aves,costa_rica_cloud_forest,10.306323,-84.804451,2025-05-08
Ramphastos sulfuratus,Keel-billed Toucan,Aves,costa_rica_cloud_forest,10.312383,-84.811897,2025-06-01
Ramphastos sulfuratus,Keel-billed Toucan,Aves,costa_rica_cloud_forest,10.503402,-84.694742,2025-06-02
Ramphastos sulfuratus,Keel-billed Toucan,Aves,costa_rica_cloud_forest,10.479478,-84.725297,2025-06-13
Ramphastos sulfuratus,Keel-billed Toucan,Aves,costa_rica_cloud_forest,10.324125,-84.840915,2025-06-12
Ramphastos sulfuratus,Keel-billed Toucan,Aves,costa_rica_cloud_forest,10.383298,-84.617192,2025-06-09
Ramphastos sulfuratus,Keel-billed Toucan,Aves,costa_rica_cloud_forest,10.437392,-84.709,2025-06-23
Ramphastos sulfuratus,Keel-billed Toucan,Aves,costa_rica_cloud_forest,10.309355,-84.805243,2025-06-25
Ramphastos sulfuratus,Keel-billed Toucan,Aves,costa_rica_cloud_forest,10.31307,-84.816345,2025-06-25
Ramphastos sulfuratus,Keel-billed Toucan,Aves,costa_rica_cloud_forest,10.307414,-84.812557,2025-06-27
Ramphastos sulfuratus,Keel-billed Toucan,Aves,costa_rica_cloud_forest,10.447221,-84.710388,2025-06-25
Ramphastos sulfuratus,Keel-billed Toucan,Aves,costa_rica_cloud_forest,10.461214,-84.728149,2025-06-24
Ramphastos sulfuratus,Keel-billed Toucan,Aves,costa_rica_cloud_forest,10.437902,-84.710495,2025-06-16
Ramphastos sulfuratus,Keel-billed Toucan,Aves,costa_rica_cloud_forest,10.313092,-84.816497,2025-06-25
Ramphastos sulfuratus,Keel-billed Toucan,Aves,costa_rica_cloud_forest,10.561108,-84.928225,2025-06-30
Ramphastos sulfuratus,Keel-billed Toucan,Aves,costa_rica_cloud_forest,10.307137,-84.818314,2025-06-27
Ramphastos sulfuratus,Keel-billed Toucan,Aves,costa_rica_cloud_forest,10.436098,-84.707173,2025-06-17
Ramphastos sulfuratus,Keel-billed Toucan,Aves,costa_rica_cloud_forest,10.44298,-84.667393,2025-06-25
Ramphastos sulfuratus,Keel-billed Toucan,Aves,costa_rica_cloud_forest,10.437965,-84.710804,2025-06-24
Ramphastos sulfuratus,Keel-billed Toucan,Aves,costa_rica_cloud_forest,10.500386,-84.680632,2025-06-22
Ramphastos sulfuratus,Keel-billed Toucan,Aves,costa_rica_cloud_forest,10.489172,-84.624203,2025-06-23
Ramphastos sulfuratus,Keel-billed Toucan,Aves,costa_rica_cloud_forest,10.306308,-84.804413,2025-06-08
Ramphastos sulfuratus,Keel-billed Toucan,Aves,costa_rica_cloud_forest,10.306318,-84.804398,2025-06-08
Ramphastos sulfuratus,Keel-billed Toucan,Aves,costa_rica_cloud_forest,10.306317,-84.804405,2025-06-08
Ramphastos sulfuratus,Keel-billed Toucan,Aves,costa_rica_cloud_forest,10.437196,-84.710252,2025-06-21
Ramphastos sulfuratus,Keel-billed Toucan,Aves,costa_rica_cloud_forest,10.306861,-84.805756,2025-06-08
Ramphastos sulfuratus,Keel-billed Toucan,Aves,costa_rica_cloud_forest,10.436483,-84.709147,2025-06-25
Ramphastos sulfuratus,Keel-billed Toucan,Aves,costa_rica_cloud_forest,10.547252,-84.634056,2025-06-06
Ramphastos sulfuratus,Keel-billed Toucan,Aves,costa_rica_cloud_forest,10.438417,-84.711777,2025-06-26
Ramphastos sulfuratus,Keel-billed Toucan,Aves,costa_rica_cloud_forest,10.347043,-84.830417,2025-06-20
Ramphastos sulfuratus,Keel-billed Toucan,Aves,costa_rica_cloud_forest,10.32379,-84.814298,2025-06-27
Ramphastos sulfuratus,Keel-billed Toucan,Aves,costa_rica_cloud_forest,10.347043,-84.830417,2025-06-18
Ramphastos sulfuratus,Keel-billed Toucan,Aves,costa_rica_cloud_forest,10.329742,-84.82522,2025-07-13
Ramphastos sulfuratus,Keel-billed Toucan,Aves,costa_rica_cloud_forest,10.328889,-84.827744,2025-07-14
Ramphastos sulfuratus,Keel-billed Toucan,Aves,costa_rica_cloud_forest,10.351301,-84.47924,2025-07-12
Ramphastos sulfuratus,Keel-billed Toucan,Aves,costa_rica_cloud_forest,10.295908,-84.961133,2025-07-09
Ramphastos sulfuratus,Keel-billed Toucan,Aves,costa_rica_cloud_forest,10.329808,-84.825042,2025-07-16
Ramphastos sulfuratus,Keel-billed Toucan,Aves,costa_rica_cloud_forest,10.435978,-84.708308,2025-07-15
Ramphastos sulfuratus,Keel-billed Toucan,Aves,costa_rica_cloud_forest,10.282574,-84.92885,2025-07-08
Ramphastos sulfuratus,Keel-billed Toucan,Aves,costa_rica_cloud_forest,10.419307,-84.745048,2025-07-19
Ramphastos sulfuratus,Keel-billed Toucan,Aves,costa_rica_cloud_forest,10.419622,-84.745308,2025-07-19
Ramphastos sulfuratus,Keel-billed Toucan,Aves,costa_rica_cloud_forest,10.419287,-84.745132,2025-07-19
Ramphastos sulfuratus,Keel-billed Toucan,Aves,costa_rica_cloud_forest,10.332741,-84.456662,2025-07-15
Ramphastos sulfuratus,Keel-billed Toucan,Aves,costa_rica_cloud_forest,10.325758,-84.829652,2025-07-22
Ramphastos sulfuratus,Keel-billed Toucan,Aves,costa_rica_cloud_forest,10.231425,-84.850022,2025-07-30
Ramphastos sulfuratus,Keel-billed Toucan,Aves,costa_rica_cloud_forest,10.305792,-84.809972,2025-07-29
Ramphastos sulfuratus,Keel-billed Toucan,Aves,costa_rica_cloud_forest,10.231437,-84.849983,2025-07-30
Ramphastos sulfuratus,Keel-billed Toucan,Aves,costa_rica_cloud_forest,10.231437,-84.849983,2025-07-30
Ramphastos sulfuratus,Keel-billed Toucan,Aves,costa_rica_cloud_forest,10.231422,-84.850028,2025-07-30
Ramphastos sulfuratus,Keel-billed Toucan,Aves,costa_rica_cloud_forest,10.329554,-84.827002,2025-07-31
Ramphastos sulfuratus,Keel-billed Toucan,Aves,costa_rica_cloud_forest,10.451877,-84.670219,2025-07-27
Ramphastos sulfuratus,Keel-billed Toucan,Aves,costa_rica_cloud_forest,10.328145,-84.829972,2025-07-21
Ramphastos sulfuratus,Keel-billed Toucan,Aves,costa_rica_cloud_forest,10.304229,-84.794382,2025-07-13
Ramphastos sulfuratus,Keel-billed Toucan,Aves,costa_rica_cloud_forest,10.440345,-84.695378,2025-07-11
Ramphastos sulfuratus,Keel-billed Toucan,Aves,costa_rica_cloud_forest,10.330688,-84.828187,2025-08-01
Ramphastos sulfuratus,Keel-billed Toucan,Aves,costa_rica_cloud_forest,10.312738,-84.813751,2025-08-01
Ramphastos sulfuratus,Keel-billed Toucan,Aves,costa_rica_cloud_forest,10.313702,-84.812531,2025-08-04
Ramphastos sulfuratus,Keel-billed Toucan,Aves,costa_rica_cloud_forest,10.330947,-84.827209,2025-08-02
Ramphastos sulfuratus,Keel-billed Toucan,Aves,costa_rica_cloud_forest,10.312385,-84.813866,2025-08-02
Ramphastos sulfuratus,Keel-billed Toucan,Aves,costa_rica_cloud_forest,10.307111,-84.811396,2025-08-02
Ramphastos sulfuratus,Keel-billed Toucan,Aves,costa_rica_cloud_forest,10.292208,-84.806787,2025-08-08
Ramphastos sulfuratus,Keel-billed Toucan,Aves,costa_rica_cloud_forest,10.26972,-84.843285,2025-08-09
Ramphastos sulfuratus,Keel-billed Toucan,Aves,costa_rica_cloud_forest,10.3298,-84.825133,2025-08-06
Ramphastos sulfuratus,Keel-billed Toucan,Aves,costa_rica_cloud_forest,10.331092,-84.827417,2025-08-24
Ramphastos sulfuratus,Keel-billed Toucan,Aves,costa_rica_cloud_forest,10.323137,-84.82978,2025-08-15
Ramphastos sulfuratus,Keel-billed Toucan,Aves,costa_rica_cloud_forest,10.328205,-84.829933,2025-08-20
Ramphastos sulfuratus,Keel-billed Toucan,Aves,costa_rica_cloud_forest,10.30796,-84.802925,2025-08-06
Ramphastos sulfuratus,Keel-billed Toucan,Aves,costa_rica_cloud_forest,10.332328,-84.605026,2025-08-14
Ramphastos sulfuratus,Keel-billed Toucan,Aves,costa_rica_cloud_forest,10.313386,-84.823265,2025-08-21
Ramphastos sulfuratus,Keel-billed Toucan,Aves,costa_rica_cloud_forest,10.467914,-84.736917,2025-08-26
Ramphastos sulfuratus,Keel-billed Toucan,Aves,costa_rica_cloud_forest,10.15871,-84.541305,2025-08-21
Ramphastos sulfuratus,Keel-billed Toucan,Aves,costa_rica_cloud_forest,10.437645,-84.709145,2025-08-22
Ramphastos sulfuratus,Keel-billed Toucan,Aves,costa_rica_cloud_forest,10.282263,-84.799775,2025-08-24
Ramphastos sulfuratus,Keel-billed Toucan,Aves,costa_rica_cloud_forest,10.330778,-84.82782,2025-08-07
Ramphastos sulfuratus,Keel-billed Toucan,Aves,costa_rica_cloud_forest,10.464049,-84.777448,2025-08-05
Ramphastos sulfuratus,Keel-billed Toucan,Aves,costa_rica_cloud_forest,10.314908,-84.823032,2025-08-09
Ramphastos sulfuratus,Keel-billed Toucan,Aves,costa_rica_cloud_forest,10.411958,-84.758484,2025-09-16
Ramphastos sulfuratus,Keel-billed Toucan,Aves,costa_rica_cloud_forest,10.350762,-84.868888,2025-09-23
Ramphastos sulfuratus,Keel-billed Toucan,Aves,costa_rica_cloud_forest,10.265061,-84.521236,2025-09-11
Ramphastos sulfuratus,Keel-billed Toucan,Aves,costa_rica_cloud_forest,10.350762,-84.868888,2025-09-23
Ramphastos sulfuratus,Keel-billed Toucan,Aves,costa_rica_cloud_forest,10.323746,-84.826973,2025-09-18
Ramphastos sulfuratus,Keel-billed Toucan,Aves,costa_rica_cloud_forest,10.554386,-84.899509,2025-09-25
Ramphastos sulfuratus,Keel-billed Toucan,Aves,costa_rica_cloud_forest,10.485558,-84.699165,2025-09-07
Ramphastos sulfuratus,Keel-billed Toucan,Aves,costa_rica_cloud_forest,10.319098,-84.818204,2025-10-11
Ramphastos sulfuratus,Keel-billed Toucan,Aves,costa_rica_cloud_forest,10.491537,-84.833337,2025-10-08
Ramphastos sulfuratus,Keel-billed Toucan,Aves,costa_rica_cloud_forest,10.553749,-84.971092,2025-10-14
Ramphastos sulfuratus,Keel-billed Toucan,Aves,costa_rica_cloud_forest,9.978026,-84.475461,2025-10-16
Ramphastos sulfuratus,Keel-billed Toucan,Aves,costa_rica_cloud_forest,10.533378,-84.794034,2025-10-26
Ramphastos sulfuratus,Keel-billed Toucan,Aves,costa_rica_cloud_forest,10.232655,-84.85168,2025-10-23
Ramphastos sulfuratus,Keel-billed Toucan,Aves,costa_rica_cloud_forest,10.46303,-84.75373,2025-10-26
Ramphastos sulfuratus,Keel-billed Toucan,Aves,costa_rica_cloud_forest,10.46302,-84.753753,2025-10-26
Ramphastos sulfuratus,Keel-billed Toucan,Aves,costa_rica_cloud_forest,10.105158,-84.461022,2025-11-01
Ramphastos sulfuratus,Keel-billed Toucan,Aves,costa_rica_cloud_forest,10.331263,-84.827041,2025-11-05
Ramphastos sulfuratus,Keel-billed Toucan,Aves,costa_rica_cloud_forest,10.491108,-84.753231,2025-11-09
Ramphastos sulfuratus,Keel-billed Toucan,Aves,costa_rica_cloud_forest,10.454853,-84.730195,2025-11-04
Ramphastos sulfuratus,Keel-billed Toucan,Aves,costa_rica_cloud_forest,10.441385,-84.634857,2025-11-07
Ramphastos sulfuratus,Keel-billed Toucan,Aves,costa_rica_cloud_forest,10.313605,-84.81727,2025-11-16
Ramphastos sulfuratus,Keel-billed Toucan,Aves,costa_rica_cloud_forest,10.436035,-84.708664,2025-11-10
Ramphastos sulfuratus,Keel-billed Toucan,Aves,costa_rica_cloud_forest,10.322773,-84.830035,2025-11-10
Ramphastos sulfuratus,Keel-billed Toucan,Aves,costa_rica_cloud_forest,10.321076,-84.810039,2025-11-24
Ramphastos sulfuratus,Keel-billed Toucan,Aves,costa_rica_cloud_forest,10.33108,-84.82737,2025-11-07
Ramphastos sulfuratus,Keel-billed Toucan,Aves,costa_rica_cloud_forest,10.316844,-84.814092,2025-11-27
Ramphastos sulfuratus,Keel-billed Toucan,Aves,costa_rica_cloud_forest,10.504367,-84.70112,2025-11-22
Ramphastos sulfuratus,Keel-billed Toucan,Aves,costa_rica_cloud_forest,10.330975,-84.82733,2025-11-26
Ramphastos sulfuratus,Keel-billed Toucan,Aves,costa_rica_cloud_forest,10.485156,-84.757308,2025-11-24
Ramphastos sulfuratus,Keel-billed Toucan,Aves,costa_rica_cloud_forest,10.300323,-84.803993,2025-11-30
Ramphastos sulfuratus,Keel-billed Toucan,Aves,costa_rica_cloud_forest,10.322156,-84.829269,2025-11-29
Ramphastos sulfuratus,Keel-billed Toucan,Aves,costa_rica_cloud_forest,10.307136,-84.806678,2025-11-19
Ramphastos sulfuratus,Keel-billed Toucan,Aves,costa_rica_cloud_forest,10.322046,-84.829591,2025-11-19
Ramphastos sulfuratus,Keel-billed Toucan,Aves,costa_rica_cloud_forest,10.333082,-84.850003,2025-11-30
Ramphastos sulfuratus,Keel-billed Toucan,Aves,costa_rica_cloud_forest,10.307232,-84.804489,2025-11-20
Ramphastos sulfuratus,Keel-billed Toucan,Aves,costa_rica_cloud_forest,10.322167,-84.830248,2025-11-19
Ramphastos sulfuratus,Keel-billed Toucan,Aves,costa_rica_cloud_forest,10.300078,-84.797266,2025-11-13
Ramphastos sulfuratus,Keel-billed Toucan,Aves,costa_rica_cloud_forest,10.322129,-84.829952,2025-11-19
Ramphastos sulfuratus,Keel-billed Toucan,Aves,costa_rica_cloud_forest,10.322226,-84.830132,2025-11-19
Ramphastos sulfuratus,Keel-billed Toucan,Aves,costa_rica_cloud_forest,10.494473,-84.752577,2025-11-19
Ramphastos sulfuratus,Keel-billed Toucan,Aves,costa_rica_cloud_forest,10.527741,-84.696175,2025-11-10
Ramphastos sulfuratus,Keel-billed Toucan,Aves,costa_rica_cloud_forest,10.307238,-84.806538,2025-11-19
Ramphastos sulfuratus,Keel-billed Toucan,Aves,costa_rica_cloud_forest,10.322039,-84.829544,2025-11-19
Ramphastos sulfuratus,Keel-billed Toucan,Aves,costa_rica_cloud_forest,10.322127,-84.830263,2025-11-19
Ramphastos sulfuratus,Keel-billed Toucan,Aves,costa_rica_cloud_forest,10.243068,-84.886382,2025-12-02
Ramphastos sulfuratus,Keel-billed Toucan,Aves,costa_rica_cloud_forest,10.367752,-84.855343,2025-12-02
Ramphastos sulfuratus,Keel-billed Toucan,Aves,costa_rica_cloud_forest,10.35237,-84.570393,2025-12-08
Ramphastos sulfuratus,Keel-billed Toucan,Aves,costa_rica_cloud_forest,10.352485,-84.598663,2025-12-28
Ramphastos sulfuratus,Keel-billed Toucan,Aves,costa_rica_cloud_forest,10.323291,-84.820333,2025-12-24
Ramphastos sulfuratus,Keel-billed Toucan,Aves,costa_rica_cloud_forest,10.301172,-84.804087,2025-12-14
