species,common_name,taxon_class,area_id,lat,lon,date
Connochaetes taurinus,Blue Wildebeest,Mammalia,serengeti,-2.137733,34.493694,2026-01-02
Connochaetes taurinus,Blue Wildebeest,Mammalia,serengeti,-3.221645,35.568508,2026-01-05
Connochaetes taurinus,Blue Wildebeest,Mammalia,serengeti,-3.160258,35.628864,2026-01-03
Connochaetes taurinus,Blue Wildebeest,Mammalia,serengeti,-3.164174,35.521763,2026-01-01
Connochaetes taurinus,Blue Wildebeest,Mammalia,serengeti,-2.052808,34.625226,2026-01-06
Connochaetes taurinus,Blue Wildebeest,Mammalia,serengeti,-2.528453,34.876497,2026-01-21
Connochaetes taurinus,Blue Wildebeest,Mammalia,serengeti,-3.228877,35.548637,2026-01-03
Connochaetes taurinus,Blue Wildebeest,Mammalia,serengeti,-3.229944,35.537306,2026-01-20
Connochaetes taurinus,Blue Wildebeest,Mammalia,serengeti,-2.052808,34.625226,2026-01-06
Connochaetes taurinus,Blue Wildebeest,Mammalia,serengeti,-2.69333,34.965738,2026-01-13
Connochaetes taurinus,Blue Wildebeest,Mammalia,serengeti,-3.180131,35.566506,2026-01-13
Connochaetes taurinus,Blue Wildebeest,Mammalia,serengeti,-2.721413,34.944297,2026-01-12
Connochaetes taurinus,Blue Wildebeest,Mammalia,serengeti,-1.502725,35.115,2026-01-07
Connochaetes taurinus,Blue Wildebeest,Mammalia,serengeti,-3.020803,34.987918,2026-01-14
Connochaetes taurinus,Blue Wildebeest,Mammalia,serengeti,-3.167617,35.518292,2026-01-20
Connochaetes taurinus,Blue Wildebeest,Mammalia,serengeti,-1.431114,35.351186,2026-01-07
Connochaetes taurinus,Blue Wildebeest,Mammalia,serengeti,-3.201745,35.56542,2026-01-01
Connochaetes taurinus,Blue Wildebeest,Mammalia,serengeti,-3.180131,35.566506,2026-01-13
Connochaetes taurinus,Blue Wildebeest,Mammalia,serengeti,-3.022928,35.017333,2026-01-24
Connochaetes taurinus,Blue Wildebeest,Mammalia,serengeti,-2.452308,34.826588,2026-01-24
Connochaetes taurinus,Blue Wildebeest,Mammalia,serengeti,-2.993443,34.974075,2026-01-24
Connochaetes taurinus,Blue Wildebeest,Mammalia,serengeti,-2.553963,34.897655,2026-01-21
Connochaetes taurinus,Blue Wildebeest,Mammalia,serengeti,-1.604252,35.343676,2026-01-25
Connochaetes taurinus,Blue Wildebeest,Mammalia,serengeti,-3.215847,35.574632,2026-01-11
Connochaetes taurinus,Blue Wildebeest,Mammalia,serengeti,-1.778137,34.598827,2026-01-31
Connochaetes taurinus,Blue Wildebeest,Mammalia,serengeti,-2.588949,34.906319,2026-01-29
Connochaetes taurinus,Blue Wildebeest,Mammalia,serengeti,-3.16239,35.551167,2026-01-11
Connochaetes taurinus,Blue Wildebeest,Mammalia,serengeti,-1.530796,35.128587,2026-01-17
Connochaetes taurinus,Blue Wildebeest,Mammalia,serengeti,-3.16625,35.588677,2026-01-24
Connochaetes taurinus,Blue Wildebeest,Mammalia,serengeti,-3.16625,35.588677,2026-01-24
Connochaetes taurinus,Blue Wildebeest,Mammalia,serengeti,-3.16625,35.588677,2026-01-24
Connochaetes taurinus,Blue Wildebeest,Mammalia,serengeti,-3.16625,35.588677,2026-01-24
Connochaetes taurinus,Blue Wildebeest,Mammalia,serengeti,-3.16625,35.588677,2026-01-24
Connochaetes taurinus,Blue Wildebeest,Mammalia,serengeti,-3.16625,35.588677,2026-01-24
Connochaetes taurinus,Blue Wildebeest,Mammalia,serengeti,-3.16625,35.588677,2026-01-24
Connochaetes taurinus,Blue Wildebeest,Mammalia,serengeti,-1.513112,35.188823,2026-01-05
Connochaetes taurinus,Blue Wildebeest,Mammalia,serengeti,-3.00187,35.007924,2026-01-18
Connochaetes taurinus,Blue Wildebeest,Mammalia,serengeti,-3.00187,35.007924,2026-01-18
Connochaetes taurinus,Blue Wildebeest,Mammalia,serengeti,-3.00187,35.007924,2026-01-18
Connochaetes taurinus,Blue Wildebeest,Mammalia,serengeti,-3.00187,35.007924,2026-01-18
Connochaetes taurinus,Blue Wildebeest,Mammalia,serengeti,-3.00187,35.007924,2026-01-18
Connochaetes taurinus,Blue Wildebeest,Mammalia,serengeti,-3.00187,35.007924,2026-01-18
Connochaetes taurinus,Blue Wildebeest,Mammalia,serengeti,-3.00187,35.007924,2026-01-18
Connochaetes taurinus,Blue Wildebeest,Mammalia,serengeti,-2.99993,35.009587,2026-01-18
Connochaetes taurinus,Blue Wildebeest,Mammalia,serengeti,-3.001977,35.007901,2026-01-19
Connochaetes taurinus,Blue Wildebeest,Mammalia,serengeti,-3.001977,35.007901,2026-01-19
Connochaetes taurinus,Blue Wildebeest,Mammalia,serengeti,-3.001977,35.007901,2026-01-19
Connochaetes taurinus,Blue Wildebeest,Mammalia,serengeti,-3.003515,34.997506,2026-01-20
Connochaetes taurinus,Blue Wildebeest,Mammalia,serengeti,-3.003515,34.997506,2026-01-20
Connochaetes taurinus,Blue Wildebeest,Mammalia,serengeti,-3.003515,34.997506,2026-01-20
Connochaetes taurinus,Blue Wildebeest,Mammalia,serengeti,-3.003515,34.997506,2026-01-20
Connochaetes taurinus,Blue Wildebeest,Mammalia,serengeti,-3.003515,34.997506,2026-01-20
Connochaetes taurinus,Blue Wildebeest,Mammalia,serengeti,-3.003515,34.997506,2026-01-20
Connochaetes taurinus,Blue Wildebeest,Mammalia,serengeti,-3.003893,34.997849,2026-01-21
Connochaetes taurinus,Blue Wildebeest,Mammalia,serengeti,-1.61639,35.380344,2026-01-14
Connochaetes taurinus,Blue Wildebeest,Mammalia,serengeti,-3.003893,34.997849,2026-01-21
Connochaetes taurinus,Blue Wildebeest,Mammalia,serengeti,-2.83077,34.988374,2026-01-21
Connochaetes taurinus,Blue Wildebeest,Mammalia,serengeti,-2.795515,34.940649,2026-02-01
Connochaetes taurinus,Blue Wildebeest,Mammalia,serengeti,-3.015061,34.89597,2026-02-06
Connochaetes taurinus,Blue Wildebeest,Mammalia,serengeti,-3.164269,35.521739,2026-02-14
Connochaetes taurinus,Blue Wildebeest,Mammalia,serengeti,-1.622763,35.383821,2026-02-28
Connochaetes taurinus,Blue Wildebeest,Mammalia,serengeti,-3.176528,35.512813,2026-02-24
Connochaetes taurinus,Blue Wildebeest,Mammalia,serengeti,-1.6225,35.384507,2026-02-28
Connochaetes taurinus,Blue Wildebeest,Mammalia,serengeti,-1.522347,35.336242,2026-02-27
Connochaetes taurinus,Blue Wildebeest,Mammalia,serengeti,-1.630172,35.375252,2026-02-27
Connochaetes taurinus,Blue Wildebeest,Mammalia,serengeti,-2.576653,34.874632,2026-02-10
Connochaetes taurinus,Blue Wildebeest,Mammalia,serengeti,-3.175542,35.614435,2026-02-07
Connochaetes taurinus,Blue Wildebeest,Mammalia,serengeti,-3.175543,35.614403,2026-02-07
Connochaetes taurinus,Blue Wildebeest,Mammalia,serengeti,-3.155794,35.464808,2026-02-08
Connochaetes taurinus,Blue Wildebeest,Mammalia,serengeti,-3.156888,35.64072,2026-02-07
Connochaetes taurinus,Blue Wildebeest,Mammalia,serengeti,-2.76743,34.967688,2026-02-08
Connochaetes taurinus,Blue Wildebeest,Mammalia,serengeti,-3.15997,35.525615,2026-02-09
Connochaetes taurinus,Blue Wildebeest,Mammalia,serengeti,-2.995008,35.020916,2026-02-22
Connochaetes taurinus,Blue Wildebeest,Mammalia,serengeti,-2.808508,34.986883,2026-02-08
Connochaetes taurinus,Blue Wildebeest,Mammalia,serengeti,-3.175952,35.5036,2026-02-09
Connochaetes taurinus,Blue Wildebeest,Mammalia,serengeti,-3.21353,35.577463,2026-02-07
Connochaetes taurinus,Blue Wildebeest,Mammalia,serengeti,-3.009102,34.975018,2026-02-11
Connochaetes taurinus,Blue Wildebeest,Mammalia,serengeti,-2.995008,35.015536,2026-02-22
Connochaetes taurinus,Blue Wildebeest,Mammalia,serengeti,-3.17551,35.51469,2026-02-07
Connochaetes taurinus,Blue Wildebeest,Mammalia,serengeti,-2.716282,34.941318,2026-02-10
Connochaetes taurinus,Blue Wildebeest,Mammalia,serengeti,-3.230217,35.538182,2026-02-07
Connochaetes taurinus,Blue Wildebeest,Mammalia,serengeti,-3.15969,35.55405,2026-02-07
Connochaetes taurinus,Blue Wildebeest,Mammalia,serengeti,-2.808278,34.987171,2026-02-08
Connochaetes taurinus,Blue Wildebeest,Mammalia,serengeti,-3.175533,35.614427,2026-02-07
Connochaetes taurinus,Blue Wildebeest,Mammalia,serengeti,-2.80833,34.987071,2026-02-08
Connochaetes taurinus,Blue Wildebeest,Mammalia,serengeti,-3.155625,35.578522,2026-02-07
Connochaetes taurinus,Blue Wildebeest,Mammalia,serengeti,-3.176093,35.504047,2026-02-09
Connochaetes taurinus,Blue Wildebeest,Mammalia,serengeti,-3.152222,35.46399,2026-02-08
Connochaetes taurinus,Blue Wildebeest,Mammalia,serengeti,-2.5764,34.874585,2026-02-10
Connochaetes taurinus,Blue Wildebeest,Mammalia,serengeti,-2.716288,34.941318,2026-02-10
Connochaetes taurinus,Blue Wildebeest,Mammalia,serengeti,-3.020028,34.938047,2026-02-11
Connochaetes taurinus,Blue Wildebeest,Mammalia,serengeti,-2.300867,34.862615,2026-02-09
Connochaetes taurinus,Blue Wildebeest,Mammalia,serengeti,-3.175543,35.614405,2026-02-07
Connochaetes taurinus,Blue Wildebeest,Mammalia,serengeti,-3.175277,35.500643,2026-02-09
Connochaetes taurinus,Blue Wildebeest,Mammalia,serengeti,-2.766165,34.966948,2026-02-08
Connochaetes taurinus,Blue Wildebeest,Mammalia,serengeti,-3.011633,34.987673,2026-02-11
Connochaetes taurinus,Blue Wildebeest,Mammalia,serengeti,-3.153187,35.501495,2026-02-09
Connochaetes taurinus,Blue Wildebeest,Mammalia,serengeti,-3.152222,35.46399,2026-02-08
Connochaetes taurinus,Blue Wildebeest,Mammalia,serengeti,-3.010442,34.970925,2026-02-11
Connochaetes taurinus,Blue Wildebeest,Mammalia,serengeti,-3.010423,34.967845,2026-02-11
Connochaetes taurinus,Blue Wildebeest,Mammalia,serengeti,-2.99382,35.0121,2026-02-22
Connochaetes taurinus,Blue Wildebeest,Mammalia,serengeti,-2.998608,35.007918,2026-02-22
Connochaetes taurinus,Blue Wildebeest,Mammalia,serengeti,-3.217468,35.572692,2026-02-07
Connochaetes taurinus,Blue Wildebeest,Mammalia,serengeti,-3.184917,35.565737,2026-02-27
Connochaetes taurinus,Blue Wildebeest,Mammalia,serengeti,-3.19251,35.508722,2026-02-07
Connochaetes taurinus,Blue Wildebeest,Mammalia,serengeti,-2.8328,34.997838,2026-02-08
Connochaetes taurinus,Blue Wildebeest,Mammalia,serengeti,-3.015435,34.94723,2026-02-11
Connochaetes taurinus,Blue Wildebeest,Mammalia,serengeti,-2.808201,34.986743,2026-02-08
Connochaetes taurinus,Blue Wildebeest,Mammalia,serengeti,-3.025495,35.004642,2026-02-11
Connochaetes taurinus,Blue Wildebeest,Mammalia,serengeti,-3.156442,35.577952,2026-02-07
Connochaetes taurinus,Blue Wildebeest,Mammalia,serengeti,-2.984808,35.277637,2026-02-27
Connochaetes taurinus,Blue Wildebeest,Mammalia,serengeti,-3.00896,34.97417,2026-02-11
Connochaetes taurinus,Blue Wildebeest,Mammalia,serengeti,-3.159683,35.559838,2026-02-09
Connochaetes taurinus,Blue Wildebeest,Mammalia,serengeti,-3.010448,34.967852,2026-02-11
Connochaetes taurinus,Blue Wildebeest,Mammalia,serengeti,-2.932393,35.100153,2026-02-12
Connochaetes taurinus,Blue Wildebeest,Mammalia,serengeti,-3.013017,34.987331,2026-02-27
Connochaetes taurinus,Blue Wildebeest,Mammalia,serengeti,-3.139492,35.124356,2026-02-27
Connochaetes taurinus,Blue Wildebeest,Mammalia,serengeti,-3.013017,34.987336,2026-02-27
Connochaetes taurinus,Blue Wildebeest,Mammalia,serengeti,-3.156722,35.157883,2026-02-27
Connochaetes taurinus,Blue Wildebeest,Mammalia,serengeti,-3.02091,34.962921,2026-02-21
Connochaetes taurinus,Blue Wildebeest,Mammalia,serengeti,-3.200975,35.050949,2026-02-24
Connochaetes taurinus,Blue Wildebeest,Mammalia,serengeti,-3.139494,35.124358,2026-02-27
Connochaetes taurinus,Blue Wildebeest,Mammalia,serengeti,-3.101867,35.051117,2026-02-27
Connochaetes taurinus,Blue Wildebeest,Mammalia,serengeti,-3.013017,34.987328,2026-02-27
Connochaetes taurinus,Blue Wildebeest,Mammalia,serengeti,-3.023053,34.995669,2026-02-27
Connochaetes taurinus,Blue Wildebeest,Mammalia,serengeti,-3.156722,35.157878,2026-02-27
Connochaetes taurinus,Blue Wildebeest,Mammalia,serengeti,-3.146378,35.133956,2026-02-27
Connochaetes taurinus,Blue Wildebeest,Mammalia,serengeti,-3.151179,34.587425,2026-02-23
Connochaetes taurinus,Blue Wildebeest,Mammalia,serengeti,-3.16215,35.155544,2026-02-27
Connochaetes taurinus,Blue Wildebeest,Mammalia,serengeti,-3.156722,35.157883,2026-02-27
Connochaetes taurinus,Blue Wildebeest,Mammalia,serengeti,-3.146689,35.134408,2026-02-27
Connochaetes taurinus,Blue Wildebeest,Mammalia,serengeti,-3.184838,35.569695,2026-02-25
Connochaetes taurinus,Blue Wildebeest,Mammalia,serengeti,-3.176042,35.165775,2026-03-02
Connochaetes taurinus,Blue Wildebeest,Mammalia,serengeti,-3.012614,34.989781,2026-03-01
Connochaetes taurinus,Blue Wildebeest,Mammalia,serengeti,-2.961164,35.245747,2026-03-01
Connochaetes taurinus,Blue Wildebeest,Mammalia,serengeti,-1.482125,35.129989,2026-03-16
Connochaetes taurinus,Blue Wildebeest,Mammalia,serengeti,-3.027603,35.32692,2026-03-17
Connochaetes taurinus,Blue Wildebeest,Mammalia,serengeti,-3.012608,34.989792,2026-03-01
Connochaetes taurinus,Blue Wildebeest,Mammalia,serengeti,-1.482132,35.12999,2026-03-16
Connochaetes taurinus,Blue Wildebeest,Mammalia,serengeti,-3.176633,35.567371,2026-03-19
Connochaetes taurinus,Blue Wildebeest,Mammalia,serengeti,-2.961153,35.245736,2026-03-01
Connochaetes taurinus,Blue Wildebeest,Mammalia,serengeti,-2.961161,35.245728,2026-03-01
Connochaetes taurinus,Blue Wildebeest,Mammalia,serengeti,-2.876317,35.094714,2026-03-12
Connochaetes taurinus,Blue Wildebeest,Mammalia,serengeti,-3.216063,35.55922,2026-03-27
Connochaetes taurinus,Blue Wildebeest,Mammalia,serengeti,-2.864349,35.084819,2026-03-25
Connochaetes taurinus,Blue Wildebeest,Mammalia,serengeti,-2.89454,35.103328,2026-03-27
Connochaetes taurinus,Blue Wildebeest,Mammalia,serengeti,-1.607785,35.360553,2026-03-19
Connochaetes taurinus,Blue Wildebeest,Mammalia,serengeti,-3.176042,35.503241,2026-03-25
Connochaetes taurinus,Blue Wildebeest,Mammalia,serengeti,-1.522843,35.323129,2026-03-30
Connochaetes taurinus,Blue Wildebeest,Mammalia,serengeti,-1.523578,35.324596,2026-03-26
Connochaetes taurinus,Blue Wildebeest,Mammalia,serengeti,-1.61438,35.376036,2026-03-28
Connochaetes taurinus,Blue Wildebeest,Mammalia,serengeti,-1.561802,35.226588,2026-04-08
Connochaetes taurinus,Blue Wildebeest,Mammalia,serengeti,-1.482125,35.129989,2026-04-18
Connochaetes taurinus,Blue Wildebeest,Mammalia,serengeti,-2.217583,34.88517,2026-05-12
Connochaetes taurinus,Blue Wildebeest,Mammalia,serengeti,-2.197213,34.978163,2026-05-13
Connochaetes taurinus,Blue Wildebeest,Mammalia,serengeti,-2.446067,34.763237,2026-05-14
Connochaetes taurinus,Blue Wildebeest,Mammalia,serengeti,-3.160849,35.565657,2026-05-27
Connochaetes taurinus,Blue Wildebeest,Mammalia,serengeti,-2.397529,34.810399,2026-05-24
Connochaetes taurinus,Blue Wildebeest,Mammalia,serengeti,-3.134621,35.089586,2026-05-16
Connochaetes taurinus,Blue Wildebeest,Mammalia,serengeti,-2.367966,34.565852,2026-05-30
Connochaetes taurinus,Blue Wildebeest,Mammalia,serengeti,-2.71251,34.941303,2026-05-28
Connochaetes taurinus,Blue Wildebeest,Mammalia,serengeti,-2.894269,35.004707,2026-05-16
Connochaetes taurinus,Blue Wildebeest,Mammalia,serengeti,-2.442689,34.858106,2026-05-16
Connochaetes taurinus,Blue Wildebeest,Mammalia,serengeti,-3.181706,35.56192,2026-05-18
Connochaetes taurinus,Blue Wildebeest,Mammalia,serengeti,-2.612999,34.947441,2026-05-16
Connochaetes taurinus,Blue Wildebeest,Mammalia,serengeti,-2.276356,34.595319,2026-05-30
Connochaetes taurinus,Blue Wildebeest,Mammalia,serengeti,-3.173788,35.578276,2026-05-09
Connochaetes taurinus,Blue Wildebeest,Mammalia,serengeti,-2.201135,34.785641,2026-05-28
Connochaetes taurinus,Blue Wildebeest,Mammalia,serengeti,-1.474706,35.284709,2026-06-15
Connochaetes taurinus,Blue Wildebeest,Mammalia,serengeti,-1.470064,35.261648,2026-06-07
Connochaetes taurinus,Blue Wildebeest,Mammalia,serengeti,-3.159497,35.580872,2026-06-01
Connochaetes taurinus,Blue Wildebeest,Mammalia,serengeti,-2.398141,34.890609,2026-06-01
Connochaetes taurinus,Blue Wildebeest,Mammalia,serengeti,-1.466356,35.12636,2026-06-24
Connochaetes taurinus,Blue Wildebeest,Mammalia,serengeti,-2.379881,34.841442,2026-06-16
Connochaetes taurinus,Blue Wildebeest,Mammalia,serengeti,-2.244473,34.40383,2026-06-24
Connochaetes taurinus,Blue Wildebeest,Mammalia,serengeti,-3.230808,35.535644,2026-06-17
Connochaetes taurinus,Blue Wildebeest,Mammalia,serengeti,-1.537231,35.266181,2026-06-22
Connochaetes taurinus,Blue Wildebeest,Mammalia,serengeti,-1.520447,35.275605,2026-06-20
Connochaetes taurinus,Blue Wildebeest,Mammalia,serengeti,-2.367966,34.565852,2026-06-26
Connochaetes taurinus,Blue Wildebeest,Mammalia,serengeti,-2.282837,34.46048,2026-06-09
Connochaetes taurinus,Blue Wildebeest,Mammalia,serengeti,-1.523994,35.309226,2026-06-20
Connochaetes taurinus,Blue Wildebeest,Mammalia,serengeti,-1.91427,35.541759,2026-06-24
Connochaetes taurinus,Blue Wildebeest,Mammalia,serengeti,-2.149691,34.72794,2026-06-26
Connochaetes taurinus,Blue Wildebeest,Mammalia,serengeti,-2.263453,34.666763,2026-06-26
Connochaetes taurinus,Blue Wildebeest,Mammalia,serengeti,-1.530232,35.121768,2026-07-08
Connochaetes taurinus,Blue Wildebeest,Mammalia,serengeti,-1.512786,35.113102,2026-07-11
Connochaetes taurinus,Blue Wildebeest,Mammalia,serengeti,-3.063098,35.421766,2026-07-09
Connochaetes taurinus,Blue Wildebeest,Mammalia,serengeti,-3.137566,35.670464,2026-07-13
Connochaetes taurinus,Blue Wildebeest,Mammalia,serengeti,-1.519963,35.006156,2026-07-16
Connochaetes taurinus,Blue Wildebeest,Mammalia,serengeti,-1.617753,35.362744,2026-07-13
Connochaetes taurinus,Blue Wildebeest,Mammalia,serengeti,-2.232572,34.506409,2026-07-11
Connochaetes taurinus,Blue Wildebeest,Mammalia,serengeti,-2.160557,34.227103,2026-07-11
Connochaetes taurinus,Blue Wildebeest,Mammalia,serengeti,-1.523062,35.036206,2026-07-13
Connochaetes taurinus,Blue Wildebeest,Mammalia,serengeti,-2.183928,34.424453,2026-07-03
Connochaetes taurinus,Blue Wildebeest,Mammalia,serengeti,-2.161012,34.221419,2026-07-11
Connochaetes taurinus,Blue Wildebeest,Mammalia,serengeti,-2.253155,34.57782,2026-07-11
Connochaetes taurinus,Blue Wildebeest,Mammalia,serengeti,-1.997975,34.746505,2026-07-20
Connochaetes taurinus,Blue Wildebeest,Mammalia,serengeti,-3.161752,35.58767,2026-07-11
Connochaetes taurinus,Blue Wildebeest,Mammalia,serengeti,-1.464618,35.034897,2026-07-23
Connochaetes taurinus,Blue Wildebeest,Mammalia,serengeti,-3.154058,35.676178,2026-07-31
Connochaetes taurinus,Blue Wildebeest,Mammalia,serengeti,-3.154058,35.676178,2026-07-31
Connochaetes taurinus,Blue Wildebeest,Mammalia,serengeti,-3.161749,35.58767,2026-07-31
Connochaetes taurinus,Blue Wildebeest,Mammalia,serengeti,-1.616142,35.379972,2026-07-05
Connochaetes taurinus,Blue Wildebeest,Mammalia,serengeti,-1.616142,35.379972,2026-07-05
Connochaetes taurinus,Blue Wildebeest,Mammalia,serengeti,-2.276847,34.592288,2026-07-03
Connochaetes taurinus,Blue Wildebeest,Mammalia,serengeti,-3.170314,35.515747,2026-08-06
Connochaetes taurinus,Blue Wildebeest,Mammalia,serengeti,-1.593847,35.29842,2026-08-05
Connochaetes taurinus,Blue Wildebeest,Mammalia,serengeti,-1.543167,35.207545,2026-08-05
Connochaetes taurinus,Blue Wildebeest,Mammalia,serengeti,-1.542691,35.183495,2026-08-05
Connochaetes taurinus,Blue Wildebeest,Mammalia,serengeti,-1.517864,34.904464,2026-08-19
Connochaetes taurinus,Blue Wildebeest,Mammalia,serengeti,-1.568928,35.313618,2026-08-03
Connochaetes taurinus,Blue Wildebeest,Mammalia,serengeti,-1.541578,34.89893,2026-08-19
Connochaetes taurinus,Blue Wildebeest,Mammalia,serengeti,-1.554357,35.023637,2026-08-11
Connochaetes taurinus,Blue Wildebeest,Mammalia,serengeti,-1.753533,34.900642,2026-08-17
Connochaetes taurinus,Blue Wildebeest,Mammalia,serengeti,-1.553764,34.860268,2026-08-05
Connochaetes taurinus,Blue Wildebeest,Mammalia,serengeti,-1.769238,34.887414,2026-08-17
Connochaetes taurinus,Blue Wildebeest,Mammalia,serengeti,-1.705688,34.901547,2026-08-18
Connochaetes taurinus,Blue Wildebeest,Mammalia,serengeti,-3.147944,35.537372,2026-08-14
Connochaetes taurinus,Blue Wildebeest,Mammalia,serengeti,-1.53948,35.022547,2026-08-01
Connochaetes taurinus,Blue Wildebeest,Mammalia,serengeti,-1.758822,34.882117,2026-08-12
Connochaetes taurinus,Blue Wildebeest,Mammalia,serengeti,-3.159861,35.525942,2026-08-21
Connochaetes taurinus,Blue Wildebeest,Mammalia,serengeti,-1.558288,34.900458,2026-08-18
Connochaetes taurinus,Blue Wildebeest,Mammalia,serengeti,-1.568553,34.791944,2026-08-11
Connochaetes taurinus,Blue Wildebeest,Mammalia,serengeti,-1.567137,34.893963,2026-08-20
Connochaetes taurinus,Blue Wildebeest,Mammalia,serengeti,-1.724861,34.913475,2026-08-19
Connochaetes taurinus,Blue Wildebeest,Mammalia,serengeti,-3.163369,35.631637,2026-08-21
Connochaetes taurinus,Blue Wildebeest,Mammalia,serengeti,-1.58047,34.936375,2026-08-18
Connochaetes taurinus,Blue Wildebeest,Mammalia,serengeti,-1.571932,35.314405,2026-08-14
Connochaetes taurinus,Blue Wildebeest,Mammalia,serengeti,-1.518064,34.745103,2026-08-19
Connochaetes taurinus,Blue Wildebeest,Mammalia,serengeti,-1.482125,35.129989,2026-08-15
Connochaetes taurinus,Blue Wildebeest,Mammalia,serengeti,-3.141018,35.541943,2026-08-17
Connochaetes taurinus,Blue Wildebeest,Mammalia,serengeti,-1.585832,34.83892,2026-08-18
Connochaetes taurinus,Blue Wildebeest,Mammalia,serengeti,-1.503527,35.030252,2026-08-10
Connochaetes taurinus,Blue Wildebeest,Mammalia,serengeti,-1.6053,35.285915,2026-08-04
Connochaetes taurinus,Blue Wildebeest,Mammalia,serengeti,-1.617828,35.363242,2026-08-12
Connochaetes taurinus,Blue Wildebeest,Mammalia,serengeti,-1.788519,34.927633,2026-08-17
Connochaetes taurinus,Blue Wildebeest,Mammalia,serengeti,-1.456747,35.094351,2026-08-10
Connochaetes taurinus,Blue Wildebeest,Mammalia,serengeti,-3.148733,35.535988,2026-08-13
Connochaetes taurinus,Blue Wildebeest,Mammalia,serengeti,-3.161745,35.58767,2026-08-15
Connochaetes taurinus,Blue Wildebeest,Mammalia,serengeti,-1.571332,35.155373,2026-08-05
Connochaetes taurinus,Blue Wildebeest,Mammalia,serengeti,-1.636969,34.909667,2026-08-20
Connochaetes taurinus,Blue Wildebeest,Mammalia,serengeti,-1.459799,35.192824,2026-08-10
Connochaetes taurinus,Blue Wildebeest,Mammalia,serengeti,-1.813849,34.886041,2026-08-17
Connochaetes taurinus,Blue Wildebeest,Mammalia,serengeti,-1.517926,35.016939,2026-08-18
Connochaetes taurinus,Blue Wildebeest,Mammalia,serengeti,-1.501911,35.022256,2026-08-19
Connochaetes taurinus,Blue Wildebeest,Mammalia,serengeti,-1.491324,35.476355,2026-08-18
Connochaetes taurinus,Blue Wildebeest,Mammalia,serengeti,-1.559778,34.891255,2026-08-25
Connochaetes taurinus,Blue Wildebeest,Mammalia,serengeti,-1.509322,35.018376,2026-08-18
Connochaetes taurinus,Blue Wildebeest,Mammalia,serengeti,-1.614153,35.350375,2026-08-31
Connochaetes taurinus,Blue Wildebeest,Mammalia,serengeti,-1.559655,34.891525,2026-08-25
Connochaetes taurinus,Blue Wildebeest,Mammalia,serengeti,-1.80163,35.174313,2026-08-26
Connochaetes taurinus,Blue Wildebeest,Mammalia,serengeti,-1.561297,34.849797,2026-08-26
Connochaetes taurinus,Blue Wildebeest,Mammalia,serengeti,-1.486855,35.113904,2026-09-07
Connochaetes taurinus,Blue Wildebeest,Mammalia,serengeti,-1.47423,35.246719,2026-09-04
Connochaetes taurinus,Blue Wildebeest,Mammalia,serengeti,-2.850772,35.029675,2025-01-02
Connochaetes taurinus,Blue Wildebeest,Mammalia,serengeti,-2.981195,35.375514,2025-01-17
Connochaetes taurinus,Blue Wildebeest,Mammalia,serengeti,-3.015022,35.007522,2025-01-25
Connochaetes taurinus,Blue Wildebeest,Mammalia,serengeti,-3.01698,35.007726,2025-01-25
Connochaetes taurinus,Blue Wildebeest,Mammalia,serengeti,-2.618835,34.949375,2025-01-23
Connochaetes taurinus,Blue Wildebeest,Mammalia,serengeti,-3.014562,34.94199,2025-01-25
Connochaetes taurinus,Blue Wildebeest,Mammalia,serengeti,-3.162704,35.527891,2025-02-10
Connochaetes taurinus,Blue Wildebeest,Mammalia,serengeti,-2.921531,35.135609,2025-02-12
Connochaetes taurinus,Blue Wildebeest,Mammalia,serengeti,-2.919191,35.162464,2025-02-16
Connochaetes taurinus,Blue Wildebeest,Mammalia,serengeti,-3.195706,35.514354,2025-02-21
Connochaetes taurinus,Blue Wildebeest,Mammalia,serengeti,-2.985946,34.934936,2025-02-22
Connochaetes taurinus,Blue Wildebeest,Mammalia,serengeti,-2.487597,34.982272,2025-02-25
Connochaetes taurinus,Blue Wildebeest,Mammalia,serengeti,-3.152812,35.533187,2025-02-06
Connochaetes taurinus,Blue Wildebeest,Mammalia,serengeti,-3.028709,34.980654,2025-02-06
Connochaetes taurinus,Blue Wildebeest,Mammalia,serengeti,-2.727314,34.80664,2025-02-27
Connochaetes taurinus,Blue Wildebeest,Mammalia,serengeti,-2.97136,35.484721,2025-02-26
Connochaetes taurinus,Blue Wildebeest,Mammalia,serengeti,-3.045294,34.979323,2025-02-06
Connochaetes taurinus,Blue Wildebeest,Mammalia,serengeti,-3.161752,35.58767,2025-02-26
Connochaetes taurinus,Blue Wildebeest,Mammalia,serengeti,-2.324602,34.930032,2025-02-28
Connochaetes taurinus,Blue Wildebeest,Mammalia,serengeti,-2.333333,34.833333,2025-02-27
Connochaetes taurinus,Blue Wildebeest,Mammalia,serengeti,-2.953458,34.909958,2025-02-07
Connochaetes taurinus,Blue Wildebeest,Mammalia,serengeti,-2.953286,34.904294,2025-02-07
Connochaetes taurinus,Blue Wildebeest,Mammalia,serengeti,-2.948657,34.902062,2025-02-07
Connochaetes taurinus,Blue Wildebeest,Mammalia,serengeti,-3.022029,35.010895,2025-02-08
Connochaetes taurinus,Blue Wildebeest,Mammalia,serengeti,-1.522728,35.334903,2025-02-28
Connochaetes taurinus,Blue Wildebeest,Mammalia,serengeti,-2.981058,34.951844,2025-02-09
Connochaetes taurinus,Blue Wildebeest,Mammalia,serengeti,-3.003344,34.986004,2025-02-08
Connochaetes taurinus,Blue Wildebeest,Mammalia,serengeti,-2.747958,35.0984,2025-02-09
Connochaetes taurinus,Blue Wildebeest,Mammalia,serengeti,-3.003515,34.997506,2025-02-15
Connochaetes taurinus,Blue Wildebeest,Mammalia,serengeti,-2.371968,34.934049,2025-02-18
Connochaetes taurinus,Blue Wildebeest,Mammalia,serengeti,-3.164803,35.557408,2025-02-23
Connochaetes taurinus,Blue Wildebeest,Mammalia,serengeti,-1.47904,35.460924,2025-02-08
Connochaetes taurinus,Blue Wildebeest,Mammalia,serengeti,-1.522828,35.333155,2025-02-21
Connochaetes taurinus,Blue Wildebeest,Mammalia,serengeti,-1.522828,35.333163,2025-02-21
Connochaetes taurinus,Blue Wildebeest,Mammalia,serengeti,-3.141506,35.434875,2025-02-06
Connochaetes taurinus,Blue Wildebeest,Mammalia,serengeti,-2.854726,35.155193,2025-02-06
Connochaetes taurinus,Blue Wildebeest,Mammalia,serengeti,-3.162428,35.526919,2025-02-10
Connochaetes taurinus,Blue Wildebeest,Mammalia,serengeti,-2.955981,35.23488,2025-02-06
Connochaetes taurinus,Blue Wildebeest,Mammalia,serengeti,-2.960558,34.976008,2025-02-08
Connochaetes taurinus,Blue Wildebeest,Mammalia,serengeti,-3.163133,35.530466,2025-02-10
Connochaetes taurinus,Blue Wildebeest,Mammalia,serengeti,-2.84178,35.143008,2025-02-06
Connochaetes taurinus,Blue Wildebeest,Mammalia,serengeti,-3.148105,35.056927,2025-02-09
Connochaetes taurinus,Blue Wildebeest,Mammalia,serengeti,-3.162018,35.525115,2025-02-10
Connochaetes taurinus,Blue Wildebeest,Mammalia,serengeti,-2.897767,35.14299,2025-02-06
Connochaetes taurinus,Blue Wildebeest,Mammalia,serengeti,-1.482116,35.129989,2025-02-16
Connochaetes taurinus,Blue Wildebeest,Mammalia,serengeti,-2.333333,34.833333,2025-03-07
Connochaetes taurinus,Blue Wildebeest,Mammalia,serengeti,-3.127897,35.546585,2025-03-06
Connochaetes taurinus,Blue Wildebeest,Mammalia,serengeti,-2.333333,34.833333,2025-03-07
Connochaetes taurinus,Blue Wildebeest,Mammalia,serengeti,-3.164207,35.533039,2025-03-12
Connochaetes taurinus,Blue Wildebeest,Mammalia,serengeti,-3.202149,35.572865,2025-03-12
Connochaetes taurinus,Blue Wildebeest,Mammalia,serengeti,-2.252782,34.846093,2025-03-23
Connochaetes taurinus,Blue Wildebeest,Mammalia,serengeti,-2.22609,34.92063,2025-03-26
Connochaetes taurinus,Blue Wildebeest,Mammalia,serengeti,-3.16086,35.56731,2025-03-27
Connochaetes taurinus,Blue Wildebeest,Mammalia,serengeti,-3.195525,35.543373,2025-03-21
Connochaetes taurinus,Blue Wildebeest,Mammalia,serengeti,-2.862446,35.054131,2025-03-29
Connochaetes taurinus,Blue Wildebeest,Mammalia,serengeti,-1.522772,35.33444,2025-04-05
Connochaetes taurinus,Blue Wildebeest,Mammalia,serengeti,-2.929179,35.127808,2025-04-05
Connochaetes taurinus,Blue Wildebeest,Mammalia,serengeti,-2.954648,34.967965,2025-04-07
Connochaetes taurinus,Blue Wildebeest,Mammalia,serengeti,-3.174838,35.515355,2025-04-10
Connochaetes taurinus,Blue Wildebeest,Mammalia,serengeti,-3.176095,35.504228,2025-04-10
Connochaetes taurinus,Blue Wildebeest,Mammalia,serengeti,-1.498341,35.155112,2025-04-29
Connochaetes taurinus,Blue Wildebeest,Mammalia,serengeti,-2.876967,35.082304,2025-04-09
Connochaetes taurinus,Blue Wildebeest,Mammalia,serengeti,-2.834621,34.99911,2025-04-05
Connochaetes taurinus,Blue Wildebeest,Mammalia,serengeti,-1.539854,35.231745,2025-04-10
Connochaetes taurinus,Blue Wildebeest,Mammalia,serengeti,-2.768383,35.020919,2025-04-16
Connochaetes taurinus,Blue Wildebeest,Mammalia,serengeti,-1.471333,35.167358,2025-04-05
Connochaetes taurinus,Blue Wildebeest,Mammalia,serengeti,-2.437086,34.813087,2025-04-08
Connochaetes taurinus,Blue Wildebeest,Mammalia,serengeti,-3.223226,35.554173,2025-04-10
Connochaetes taurinus,Blue Wildebeest,Mammalia,serengeti,-2.93631,34.90597,2025-04-07
Connochaetes taurinus,Blue Wildebeest,Mammalia,serengeti,-3.013433,35.001,2025-04-06
Connochaetes taurinus,Blue Wildebeest,Mammalia,serengeti,-2.208713,34.97288,2025-05-15
Connochaetes taurinus,Blue Wildebeest,Mammalia,serengeti,-3.159733,35.558042,2025-05-19
Connochaetes taurinus,Blue Wildebeest,Mammalia,serengeti,-2.435762,34.801472,2025-05-31
Connochaetes taurinus,Blue Wildebeest,Mammalia,serengeti,-1.893519,34.685651,2025-05-30
Connochaetes taurinus,Blue Wildebeest,Mammalia,serengeti,-3.204895,35.565965,2025-05-14
Connochaetes taurinus,Blue Wildebeest,Mammalia,serengeti,-3.161752,35.58767,2025-05-22
Connochaetes taurinus,Blue Wildebeest,Mammalia,serengeti,-2.01986,34.556565,2025-05-21
Connochaetes taurinus,Blue Wildebeest,Mammalia,serengeti,-3.160686,35.568191,2025-06-02
Connochaetes taurinus,Blue Wildebeest,Mammalia,serengeti,-2.274233,34.532058,2025-06-25
Connochaetes taurinus,Blue Wildebeest,Mammalia,serengeti,-2.277068,34.56845,2025-06-25
Connochaetes taurinus,Blue Wildebeest,Mammalia,serengeti,-2.275607,34.559733,2025-06-25
Connochaetes taurinus,Blue Wildebeest,Mammalia,serengeti,-2.275848,34.559473,2025-06-25
Connochaetes taurinus,Blue Wildebeest,Mammalia,serengeti,-2.277048,34.568383,2025-06-25
Connochaetes taurinus,Blue Wildebeest,Mammalia,serengeti,-2.276738,34.567918,2025-06-25
Connochaetes taurinus,Blue Wildebeest,Mammalia,serengeti,-3.159608,35.55823,2025-06-24
Connochaetes taurinus,Blue Wildebeest,Mammalia,serengeti,-2.274733,34.563336,2025-06-29
Connochaetes taurinus,Blue Wildebeest,Mammalia,serengeti,-2.278467,34.58973,2025-06-25
Connochaetes taurinus,Blue Wildebeest,Mammalia,serengeti,-2.274875,34.526613,2025-06-25
Connochaetes taurinus,Blue Wildebeest,Mammalia,serengeti,-2.27418,34.532552,2025-06-25
Connochaetes taurinus,Blue Wildebeest,Mammalia,serengeti,-2.274783,34.54387,2025-06-25
Connochaetes taurinus,Blue Wildebeest,Mammalia,serengeti,-3.204582,35.586823,2025-06-24
Connochaetes taurinus,Blue Wildebeest,Mammalia,serengeti,-2.27462,34.544475,2025-06-25
Connochaetes taurinus,Blue Wildebeest,Mammalia,serengeti,-2.273822,34.53844,2025-06-25
Connochaetes taurinus,Blue Wildebeest,Mammalia,serengeti,-2.278528,34.589647,2025-06-25
Connochaetes taurinus,Blue Wildebeest,Mammalia,serengeti,-2.27705,34.568373,2025-06-25
Connochaetes taurinus,Blue Wildebeest,Mammalia,serengeti,-2.276012,34.52014,2025-06-25
Connochaetes taurinus,Blue Wildebeest,Mammalia,serengeti,-3.167382,35.613042,2025-06-24
Connochaetes taurinus,Blue Wildebeest,Mammalia,serengeti,-2.275932,34.558388,2025-06-25
Connochaetes taurinus,Blue Wildebeest,Mammalia,serengeti,-2.793653,35.034375,2025-06-26
Connochaetes taurinus,Blue Wildebeest,Mammalia,serengeti,-2.273673,34.536042,2025-06-25
Connochaetes taurinus,Blue Wildebeest,Mammalia,serengeti,-2.27358,34.53759,2025-06-25
Connochaetes taurinus,Blue Wildebeest,Mammalia,serengeti,-2.276403,34.56715,2025-06-25
Connochaetes taurinus,Blue Wildebeest,Mammalia,serengeti,-2.27344,34.537285,2025-06-25
Connochaetes taurinus,Blue Wildebeest,Mammalia,serengeti,-2.277033,34.568418,2025-06-25
Connochaetes taurinus,Blue Wildebeest,Mammalia,serengeti,-2.277028,34.568358,2025-06-25
Connochaetes taurinus,Blue Wildebeest,Mammalia,serengeti,-2.275888,34.558385,2025-06-25
Connochaetes taurinus,Blue Wildebeest,Mammalia,serengeti,-2.274587,34.529335,2025-06-25
Connochaetes taurinus,Blue Wildebeest,Mammalia,serengeti,-2.274067,34.540493,2025-06-25
Connochaetes taurinus,Blue Wildebeest,Mammalia,serengeti,-2.277065,34.568388,2025-06-25
Connochaetes taurinus,Blue Wildebeest,Mammalia,serengeti,-3.160903,35.566375,2025-06-26
Connochaetes taurinus,Blue Wildebeest,Mammalia,serengeti,-2.533653,34.912984,2025-06-25
Connochaetes taurinus,Blue Wildebeest,Mammalia,serengeti,-2.277035,34.568387,2025-06-25
Connochaetes taurinus,Blue Wildebeest,Mammalia,serengeti,-2.258605,34.663547,2025-07-02
Connochaetes taurinus,Blue Wildebeest,Mammalia,serengeti,-3.211838,35.579557,2025-07-09
Connochaetes taurinus,Blue Wildebeest,Mammalia,serengeti,-3.203046,35.588879,2025-07-09
Connochaetes taurinus,Blue Wildebeest,Mammalia,serengeti,-3.115373,35.572377,2025-07-20
Connochaetes taurinus,Blue Wildebeest,Mammalia,serengeti,-3.201262,35.562008,2025-07-09
Connochaetes taurinus,Blue Wildebeest,Mammalia,serengeti,-3.202752,35.511634,2025-07-09
Connochaetes taurinus,Blue Wildebeest,Mammalia,serengeti,-1.565406,35.058514,2025-07-13
Connochaetes taurinus,Blue Wildebeest,Mammalia,serengeti,-1.579942,35.104836,2025-07-13
Connochaetes taurinus,Blue Wildebeest,Mammalia,serengeti,-1.482132,35.12999,2025-07-25
Connochaetes taurinus,Blue Wildebeest,Mammalia,serengeti,-1.482132,35.12999,2025-07-24
Connochaetes taurinus,Blue Wildebeest,Mammalia,serengeti,-1.494775,35.148715,2025-07-14
Connochaetes taurinus,Blue Wildebeest,Mammalia,serengeti,-1.551961,35.031153,2025-07-25
Connochaetes taurinus,Blue Wildebeest,Mammalia,serengeti,-1.482132,35.12999,2025-07-25
Connochaetes taurinus,Blue Wildebeest,Mammalia,serengeti,-3.150639,35.618173,2025-07-14
Connochaetes taurinus,Blue Wildebeest,Mammalia,serengeti,-1.500526,35.137418,2025-07-14
Connochaetes taurinus,Blue Wildebeest,Mammalia,serengeti,-3.144549,35.561947,2025-07-29
Connochaetes taurinus,Blue Wildebeest,Mammalia,serengeti,-3.19804,35.568889,2025-07-27
Connochaetes taurinus,Blue Wildebeest,Mammalia,serengeti,-1.909788,35.274566,2025-07-16
Connochaetes taurinus,Blue Wildebeest,Mammalia,serengeti,-1.42981,35.210383,2025-07-16
Connochaetes taurinus,Blue Wildebeest,Mammalia,serengeti,-1.478612,35.140976,2025-07-25
Connochaetes taurinus,Blue Wildebeest,Mammalia,serengeti,-1.482132,35.12999,2025-07-25
Connochaetes taurinus,Blue Wildebeest,Mammalia,serengeti,-1.518555,35.088756,2025-07-22
Connochaetes taurinus,Blue Wildebeest,Mammalia,serengeti,-1.464884,35.12175,2025-07-25
Connochaetes taurinus,Blue Wildebeest,Mammalia,serengeti,-2.010724,35.553091,2025-07-16
Connochaetes taurinus,Blue Wildebeest,Mammalia,serengeti,-1.434731,35.19999,2025-07-26
Connochaetes taurinus,Blue Wildebeest,Mammalia,serengeti,-1.434731,35.19999,2025-07-26
Connochaetes taurinus,Blue Wildebeest,Mammalia,serengeti,-1.434731,35.19999,2025-07-26
Connochaetes taurinus,Blue Wildebeest,Mammalia,serengeti,-1.434731,35.19999,2025-07-26
Connochaetes taurinus,Blue Wildebeest,Mammalia,serengeti,-1.563274,34.873437,2025-07-14
Connochaetes taurinus,Blue Wildebeest,Mammalia,serengeti,-1.56843,34.889897,2025-07-14
Connochaetes taurinus,Blue Wildebeest,Mammalia,serengeti,-1.567,34.888571,2025-07-14
Connochaetes taurinus,Blue Wildebeest,Mammalia,serengeti,-1.566404,34.888339,2025-07-14
Connochaetes taurinus,Blue Wildebeest,Mammalia,serengeti,-1.56743,34.888977,2025-07-14
Connochaetes taurinus,Blue Wildebeest,Mammalia,serengeti,-1.482132,35.12999,2025-07-25
Connochaetes taurinus,Blue Wildebeest,Mammalia,serengeti,-3.148559,35.536409,2025-07-14
Connochaetes taurinus,Blue Wildebeest,Mammalia,serengeti,-1.590094,34.966207,2025-07-26
Connochaetes taurinus,Blue Wildebeest,Mammalia,serengeti,-1.587075,34.977474,2025-07-26
Connochaetes taurinus,Blue Wildebeest,Mammalia,serengeti,-1.565234,34.913374,2025-07-27
Connochaetes taurinus,Blue Wildebeest,Mammalia,serengeti,-1.565234,34.913374,2025-07-27
Connochaetes taurinus,Blue Wildebeest,Mammalia,serengeti,-1.575084,34.973531,2025-07-29
Connochaetes taurinus,Blue Wildebeest,Mammalia,serengeti,-3.176187,35.504375,2025-07-20
Connochaetes taurinus,Blue Wildebeest,Mammalia,serengeti,-1.599555,34.957178,2025-07-27
Connochaetes taurinus,Blue Wildebeest,Mammalia,serengeti,-1.565234,34.913374,2025-07-27
Connochaetes taurinus,Blue Wildebeest,Mammalia,serengeti,-1.574553,34.974613,2025-07-29
Connochaetes taurinus,Blue Wildebeest,Mammalia,serengeti,-1.565234,34.913374,2025-07-27
Connochaetes taurinus,Blue Wildebeest,Mammalia,serengeti,-1.565234,34.913374,2025-07-27
Connochaetes taurinus,Blue Wildebeest,Mammalia,serengeti,-1.571876,35.140595,2025-07-13
Connochaetes taurinus,Blue Wildebeest,Mammalia,serengeti,-1.477583,35.284162,2025-07-27
Connochaetes taurinus,Blue Wildebeest,Mammalia,serengeti,-1.980226,35.535256,2025-07-16
Connochaetes taurinus,Blue Wildebeest,Mammalia,serengeti,-1.470497,35.032469,2025-07-28
Connochaetes taurinus,Blue Wildebeest,Mammalia,serengeti,-1.670745,35.213127,2025-07-31
Connochaetes taurinus,Blue Wildebeest,Mammalia,serengeti,-1.470497,35.032469,2025-07-28
Connochaetes taurinus,Blue Wildebeest,Mammalia,serengeti,-1.470497,35.032469,2025-07-28
Connochaetes taurinus,Blue Wildebeest,Mammalia,serengeti,-1.470497,35.032469,2025-07-28
Connochaetes taurinus,Blue Wildebeest,Mammalia,serengeti,-1.470497,35.032469,2025-07-28
Connochaetes taurinus,Blue Wildebeest,Mammalia,serengeti,-1.670745,35.213127,2025-07-31
Connochaetes taurinus,Blue Wildebeest,Mammalia,serengeti,-1.470497,35.032469,2025-07-28
Connochaetes taurinus,Blue Wildebeest,Mammalia,serengeti,-1.470497,35.032469,2025-07-28
Connochaetes taurinus,Blue Wildebeest,Mammalia,serengeti,-1.470497,35.032469,2025-07-28
Connochaetes taurinus,Blue Wildebeest,Mammalia,serengeti,-1.470497,35.032469,2025-07-28
Connochaetes taurinus,Blue Wildebeest,Mammalia,serengeti,-1.470497,35.032469,2025-07-28
Connochaetes taurinus,Blue Wildebeest,Mammalia,serengeti,-1.470497,35.032469,2025-07-28
Connochaetes taurinus,Blue Wildebeest,Mammalia,serengeti,-1.470497,35.032469,2025-07-28
Connochaetes taurinus,Blue Wildebeest,Mammalia,serengeti,-1.470497,35.032469,2025-07-28
Connochaetes taurinus,Blue Wildebeest,Mammalia,serengeti,-1.470497,35.032469,2025-07-28
Connochaetes taurinus,Blue Wildebeest,Mammalia,serengeti,-1.470497,35.032469,2025-07-28
Connochaetes taurinus,Blue Wildebeest,Mammalia,serengeti,-1.565817,34.887597,2025-07-14
Connochaetes taurinus,Blue Wildebeest,Mammalia,serengeti,-1.470497,35.032469,2025-07-28
Connochaetes taurinus,Blue Wildebeest,Mammalia,serengeti,-1.470497,35.032469,2025-07-28
Connochaetes taurinus,Blue Wildebeest,Mammalia,serengeti,-1.609978,34.920903,2025-07-14
Connochaetes taurinus,Blue Wildebeest,Mammalia,serengeti,-1.470497,35.032469,2025-07-28
Connochaetes taurinus,Blue Wildebeest,Mammalia,serengeti,-1.922896,35.471444,2025-07-18
Connochaetes taurinus,Blue Wildebeest,Mammalia,serengeti,-1.649462,34.918634,2025-07-19
Connochaetes taurinus,Blue Wildebeest,Mammalia,serengeti,-1.477072,35.113445,2025-07-31
Connochaetes taurinus,Blue Wildebeest,Mammalia,serengeti,-1.638927,34.910477,2025-08-01
Connochaetes taurinus,Blue Wildebeest,Mammalia,serengeti,-1.516753,35.061706,2025-08-04
Connochaetes taurinus,Blue Wildebeest,Mammalia,serengeti,-1.613503,35.340898,2025-08-07
Connochaetes taurinus,Blue Wildebeest,Mammalia,serengeti,-1.43161,35.158408,2025-08-08
Connochaetes taurinus,Blue Wildebeest,Mammalia,serengeti,-3.072074,35.656525,2025-08-07
Connochaetes taurinus,Blue Wildebeest,Mammalia,serengeti,-1.501731,35.203615,2025-08-12
Connochaetes taurinus,Blue Wildebeest,Mammalia,serengeti,-1.488273,35.127407,2025-08-01
Connochaetes taurinus,Blue Wildebeest,Mammalia,serengeti,-3.20753,35.563355,2025-08-18
Connochaetes taurinus,Blue Wildebeest,Mammalia,serengeti,-3.20715,35.563789,2025-08-13
Connochaetes taurinus,Blue Wildebeest,Mammalia,serengeti,-3.159571,35.528356,2025-08-13
Connochaetes taurinus,Blue Wildebeest,Mammalia,serengeti,-3.161752,35.58767,2025-08-19
Connochaetes taurinus,Blue Wildebeest,Mammalia,serengeti,-1.527135,35.273894,2025-08-14
Connochaetes taurinus,Blue Wildebeest,Mammalia,serengeti,-1.574076,35.236571,2025-08-15
Connochaetes taurinus,Blue Wildebeest,Mammalia,serengeti,-1.528016,35.276584,2025-08-14
Connochaetes taurinus,Blue Wildebeest,Mammalia,serengeti,-1.562488,35.231651,2025-08-15
Connochaetes taurinus,Blue Wildebeest,Mammalia,serengeti,-3.084852,35.386524,2025-08-08
Connochaetes taurinus,Blue Wildebeest,Mammalia,serengeti,-1.526761,35.289849,2025-08-14
Connochaetes taurinus,Blue Wildebeest,Mammalia,serengeti,-1.528806,35.272957,2025-08-14
Connochaetes taurinus,Blue Wildebeest,Mammalia,serengeti,-1.547416,35.220877,2025-08-15
Connochaetes taurinus,Blue Wildebeest,Mammalia,serengeti,-1.562486,35.231682,2025-08-15
Connochaetes taurinus,Blue Wildebeest,Mammalia,serengeti,-1.526762,35.289852,2025-08-14
Connochaetes taurinus,Blue Wildebeest,Mammalia,serengeti,-1.482132,35.12999,2025-08-17
Connochaetes taurinus,Blue Wildebeest,Mammalia,serengeti,-1.482132,35.12999,2025-08-17
Connochaetes taurinus,Blue Wildebeest,Mammalia,serengeti,-1.546053,35.018804,2025-08-31
Connochaetes taurinus,Blue Wildebeest,Mammalia,serengeti,-1.525937,34.992743,2025-08-31
Connochaetes taurinus,Blue Wildebeest,Mammalia,serengeti,-1.577396,35.064508,2025-08-15
Connochaetes taurinus,Blue Wildebeest,Mammalia,serengeti,-3.168056,35.501433,2025-08-24
Connochaetes taurinus,Blue Wildebeest,Mammalia,serengeti,-2.197336,33.994407,2025-08-01
Connochaetes taurinus,Blue Wildebeest,Mammalia,serengeti,-2.306933,34.257041,2025-08-02
Connochaetes taurinus,Blue Wildebeest,Mammalia,serengeti,-2.306933,34.257041,2025-08-02
Connochaetes taurinus,Blue Wildebeest,Mammalia,serengeti,-2.306933,34.257041,2025-08-02
Connochaetes taurinus,Blue Wildebeest,Mammalia,serengeti,-2.197336,33.994407,2025-08-01
Connochaetes taurinus,Blue Wildebeest,Mammalia,serengeti,-2.306933,34.257041,2025-08-02
Connochaetes taurinus,Blue Wildebeest,Mammalia,serengeti,-2.306933,34.257041,2025-08-02
Connochaetes taurinus,Blue Wildebeest,Mammalia,serengeti,-2.306933,34.257041,2025-08-02
Connochaetes taurinus,Blue Wildebeest,Mammalia,serengeti,-2.306933,34.257041,2025-08-02
Connochaetes taurinus,Blue Wildebeest,Mammalia,serengeti,-2.306933,34.257041,2025-08-02
Connochaetes taurinus,Blue Wildebeest,Mammalia,serengeti,-1.615887,35.37961,2025-09-13
Connochaetes taurinus,Blue Wildebeest,Mammalia,serengeti,-1.615894,35.379604,2025-09-13
Connochaetes taurinus,Blue Wildebeest,Mammalia,serengeti,-1.608625,35.332451,2025-09-07
Connochaetes taurinus,Blue Wildebeest,Mammalia,serengeti,-3.161749,35.58767,2025-09-02
Connochaetes taurinus,Blue Wildebeest,Mammalia,serengeti,-1.567567,34.886569,2025-09-11
Connochaetes taurinus,Blue Wildebeest,Mammalia,serengeti,-3.173788,35.578276,2025-09-22
Connochaetes taurinus,Blue Wildebeest,Mammalia,serengeti,-1.567567,34.886569,2025-09-12
Connochaetes taurinus,Blue Wildebeest,Mammalia,serengeti,-1.567567,34.886569,2025-09-12
Connochaetes taurinus,Blue Wildebeest,Mammalia,serengeti,-1.480164,35.187504,2025-09-28
Connochaetes taurinus,Blue Wildebeest,Mammalia,serengeti,-1.583906,35.288694,2025-09-19
Connochaetes taurinus,Blue Wildebeest,Mammalia,serengeti,-1.583906,35.288694,2025-09-19
Connochaetes taurinus,Blue Wildebeest,Mammalia,serengeti,-1.583906,35.288694,2025-09-19
Connochaetes taurinus,Blue Wildebeest,Mammalia,serengeti,-1.587779,35.257845,2025-09-21
Connochaetes taurinus,Blue Wildebeest,Mammalia,serengeti,-2.119467,34.286418,2025-09-27
Connochaetes taurinus,Blue Wildebeest,Mammalia,serengeti,-2.333306,34.833333,2025-09-16
Connochaetes taurinus,Blue Wildebeest,Mammalia,serengeti,-1.578556,34.759269,2025-09-09
Connochaetes taurinus,Blue Wildebeest,Mammalia,serengeti,-3.163522,35.522163,2025-09-16
Connochaetes taurinus,Blue Wildebeest,Mammalia,serengeti,-1.658039,34.932424,2025-09-18
Connochaetes taurinus,Blue Wildebeest,Mammalia,serengeti,-1.542518,34.030669,2025-09-05
Connochaetes taurinus,Blue Wildebeest,Mammalia,serengeti,-1.546687,35.037758,2025-10-06
Connochaetes taurinus,Blue Wildebeest,Mammalia,serengeti,-1.616488,35.380878,2025-10-05
Connochaetes taurinus,Blue Wildebeest,Mammalia,serengeti,-1.526317,35.113076,2025-10-01
Connochaetes taurinus,Blue Wildebeest,Mammalia,serengeti,-1.526333,35.112861,2025-10-01
Equus quagga,Plains Zebra,Mammalia,serengeti,-3.134111,35.442006,2026-01-05
Equus quagga,Plains Zebra,Mammalia,serengeti,-3.083915,35.48157,2026-01-03
Equus quagga,Plains Zebra,Mammalia,serengeti,-3.057196,35.572605,2026-01-13
Equus quagga,Plains Zebra,Mammalia,serengeti,-2.753373,34.831,2026-01-12
Equus quagga,Plains Zebra,Mammalia,serengeti,-2.525935,34.895894,2026-01-21
Equus quagga,Plains Zebra,Mammalia,serengeti,-3.013693,35.503248,2026-01-01
Equus quagga,Plains Zebra,Mammalia,serengeti,-3.059929,35.556988,2026-01-20
Equus quagga,Plains Zebra,Mammalia,serengeti,-3.17601,35.52742,2026-01-03
Equus quagga,Plains Zebra,Mammalia,serengeti,-3.186791,35.440829,2026-01-01
Equus quagga,Plains Zebra,Mammalia,serengeti,-3.024785,35.441531,2026-01-13
Equus quagga,Plains Zebra,Mammalia,serengeti,-3.048536,35.477547,2026-01-20
Equus quagga,Plains Zebra,Mammalia,serengeti,-2.423131,34.844111,2026-01-20
Equus quagga,Plains Zebra,Mammalia,serengeti,-3.124389,35.49771,2026-01-01
Equus quagga,Plains Zebra,Mammalia,serengeti,-2.458539,34.924833,2026-01-24
Equus quagga,Plains Zebra,Mammalia,serengeti,-2.462358,34.986895,2026-01-21
Equus quagga,Plains Zebra,Mammalia,serengeti,-1.612793,35.349686,2026-01-25
Equus quagga,Plains Zebra,Mammalia,serengeti,-3.151111,35.550142,2026-01-25
Equus quagga,Plains Zebra,Mammalia,serengeti,-2.99184,34.871673,2026-01-17
Equus quagga,Plains Zebra,Mammalia,serengeti,-3.143812,35.449461,2026-01-25
Equus quagga,Plains Zebra,Mammalia,serengeti,-3.011667,35.58334,2026-01-31
Equus quagga,Plains Zebra,Mammalia,serengeti,-1.517599,35.186596,2026-01-17
Equus quagga,Plains Zebra,Mammalia,serengeti,-3.084273,35.455715,2026-01-24
Equus quagga,Plains Zebra,Mammalia,serengeti,-3.007922,35.47884,2026-01-24
Equus quagga,Plains Zebra,Mammalia,serengeti,-3.003504,35.521091,2026-01-24
Equus quagga,Plains Zebra,Mammalia,serengeti,-3.037073,35.554216,2026-01-24
Equus quagga,Plains Zebra,Mammalia,serengeti,-3.047005,35.420923,2026-01-13
Equus quagga,Plains Zebra,Mammalia,serengeti,-3.065975,35.004658,2026-01-18
Equus quagga,Plains Zebra,Mammalia,serengeti,-2.830823,35.151266,2026-01-18
Equus quagga,Plains Zebra,Mammalia,serengeti,-3.134481,35.495523,2026-01-04
Equus quagga,Plains Zebra,Mammalia,serengeti,-3.105567,34.890481,2026-01-19
Equus quagga,Plains Zebra,Mammalia,serengeti,-3.02857,34.944559,2026-01-19
Equus quagga,Plains Zebra,Mammalia,serengeti,-3.087714,35.113174,2026-01-19
Equus quagga,Plains Zebra,Mammalia,serengeti,-3.088842,35.128373,2026-01-19
Equus quagga,Plains Zebra,Mammalia,serengeti,-3.186186,35.038553,2026-01-19
Equus quagga,Plains Zebra,Mammalia,serengeti,-3.005195,35.161005,2026-01-19
Equus quagga,Plains Zebra,Mammalia,serengeti,-3.181808,34.980275,2026-01-20
Equus quagga,Plains Zebra,Mammalia,serengeti,-3.186905,34.906059,2026-01-20
Equus quagga,Plains Zebra,Mammalia,serengeti,-3.076248,34.964469,2026-01-20
Equus quagga,Plains Zebra,Mammalia,serengeti,-3.020741,34.933403,2026-01-20
Equus quagga,Plains Zebra,Mammalia,serengeti,-3.070496,34.891383,2026-01-21
Equus quagga,Plains Zebra,Mammalia,serengeti,-3.151743,34.833124,2026-01-21
Equus quagga,Plains Zebra,Mammalia,serengeti,-1.481723,35.11476,2026-01-17
Equus quagga,Plains Zebra,Mammalia,serengeti,-2.853723,34.830692,2026-01-21
Equus quagga,Plains Zebra,Mammalia,serengeti,-2.99662,34.918005,2026-01-21
Equus quagga,Plains Zebra,Mammalia,serengeti,-2.985713,34.983223,2026-01-21
Equus quagga,Plains Zebra,Mammalia,serengeti,-2.9465,34.80086,2026-01-21
Equus quagga,Plains Zebra,Mammalia,serengeti,-2.938969,34.904516,2026-01-21
Equus quagga,Plains Zebra,Mammalia,serengeti,-3.061815,35.118884,2026-02-05
Equus quagga,Plains Zebra,Mammalia,serengeti,-3.067908,35.170845,2026-02-06
Equus quagga,Plains Zebra,Mammalia,serengeti,-2.783671,34.890608,2026-02-02
Equus quagga,Plains Zebra,Mammalia,serengeti,-1.516236,35.064042,2026-02-20
Equus quagga,Plains Zebra,Mammalia,serengeti,-1.70307,35.251382,2026-02-27
Equus quagga,Plains Zebra,Mammalia,serengeti,-1.581696,35.271384,2026-02-26
Equus quagga,Plains Zebra,Mammalia,serengeti,-2.722915,34.920501,2026-02-10
Equus quagga,Plains Zebra,Mammalia,serengeti,-3.073228,35.467375,2026-02-07
Equus quagga,Plains Zebra,Mammalia,serengeti,-2.403457,34.912968,2026-02-10
Equus quagga,Plains Zebra,Mammalia,serengeti,-3.03385,35.570586,2026-02-07
Equus quagga,Plains Zebra,Mammalia,serengeti,-3.096288,35.492516,2026-02-09
Equus quagga,Plains Zebra,Mammalia,serengeti,-2.791564,34.902629,2026-02-08
Equus quagga,Plains Zebra,Mammalia,serengeti,-3.129379,35.681313,2026-02-07
Equus quagga,Plains Zebra,Mammalia,serengeti,-3.045413,35.433433,2026-02-09
Equus quagga,Plains Zebra,Mammalia,serengeti,-3.120514,34.90933,2026-02-11
Equus quagga,Plains Zebra,Mammalia,serengeti,-3.155047,35.428034,2026-02-09
Equus quagga,Plains Zebra,Mammalia,serengeti,-3.045342,35.639296,2026-02-07
Equus quagga,Plains Zebra,Mammalia,serengeti,-3.174103,35.664251,2026-02-07
Equus quagga,Plains Zebra,Mammalia,serengeti,-2.859129,35.102396,2026-02-08
Equus quagga,Plains Zebra,Mammalia,serengeti,-2.568021,34.921129,2026-02-10
Equus quagga,Plains Zebra,Mammalia,serengeti,-3.043851,35.429306,2026-02-09
Equus quagga,Plains Zebra,Mammalia,serengeti,-2.942218,35.06969,2026-02-22
Equus quagga,Plains Zebra,Mammalia,serengeti,-3.068034,35.460049,2026-02-09
Equus quagga,Plains Zebra,Mammalia,serengeti,-3.07949,35.575479,2026-02-08
Equus quagga,Plains Zebra,Mammalia,serengeti,-3.077977,35.428005,2026-02-09
Equus quagga,Plains Zebra,Mammalia,serengeti,-3.022508,35.597125,2026-02-07
Equus quagga,Plains Zebra,Mammalia,serengeti,-3.156263,35.56157,2026-02-08
Equus quagga,Plains Zebra,Mammalia,serengeti,-2.772472,34.996768,2026-02-10
Equus quagga,Plains Zebra,Mammalia,serengeti,-2.726185,34.850976,2026-02-10
Equus quagga,Plains Zebra,Mammalia,serengeti,-3.057773,35.454627,2026-02-09
Equus quagga,Plains Zebra,Mammalia,serengeti,-3.000543,35.457725,2026-02-07
Equus quagga,Plains Zebra,Mammalia,serengeti,-3.150452,35.528946,2026-02-07
Equus quagga,Plains Zebra,Mammalia,serengeti,-3.031753,34.9591,2026-02-11
Equus quagga,Plains Zebra,Mammalia,serengeti,-2.855683,35.035234,2026-02-08
Equus quagga,Plains Zebra,Mammalia,serengeti,-3.055659,35.615415,2026-02-07
Equus quagga,Plains Zebra,Mammalia,serengeti,-2.844963,34.996938,2026-02-08
Equus quagga,Plains Zebra,Mammalia,serengeti,-2.810062,34.800008,2026-02-08
Equus quagga,Plains Zebra,Mammalia,serengeti,-3.021363,34.875425,2026-02-11
Equus quagga,Plains Zebra,Mammalia,serengeti,-2.670811,34.925171,2026-02-10
Equus quagga,Plains Zebra,Mammalia,serengeti,-3.15927,35.630486,2026-02-07
Equus quagga,Plains Zebra,Mammalia,serengeti,-3.101793,35.661032,2026-02-07
Equus quagga,Plains Zebra,Mammalia,serengeti,-3.066242,35.720313,2026-02-07
Equus quagga,Plains Zebra,Mammalia,serengeti,-2.81907,34.823967,2026-02-08
Equus quagga,Plains Zebra,Mammalia,serengeti,-3.062122,35.540271,2026-02-09
Equus quagga,Plains Zebra,Mammalia,serengeti,-3.023458,34.983387,2026-02-11
Equus quagga,Plains Zebra,Mammalia,serengeti,-3.034418,34.948226,2026-02-27
Equus quagga,Plains Zebra,Mammalia,serengeti,-2.792999,35.161036,2026-02-28
Equus quagga,Plains Zebra,Mammalia,serengeti,-3.045405,35.060602,2026-02-27
Equus quagga,Plains Zebra,Mammalia,serengeti,-2.96083,35.007903,2026-02-12
Equus quagga,Plains Zebra,Mammalia,serengeti,-3.138662,34.909758,2026-02-12
Equus quagga,Plains Zebra,Mammalia,serengeti,-3.172148,34.413966,2026-02-23
Equus quagga,Plains Zebra,Mammalia,serengeti,-3.073813,34.92962,2026-02-12
Equus quagga,Plains Zebra,Mammalia,serengeti,-3.083856,34.81277,2026-02-22
Equus quagga,Plains Zebra,Mammalia,serengeti,-2.881541,35.106891,2026-02-12
Equus quagga,Plains Zebra,Mammalia,serengeti,-3.172329,35.575029,2026-02-25
Equus quagga,Plains Zebra,Mammalia,serengeti,-3.021346,34.402252,2026-02-23
Equus quagga,Plains Zebra,Mammalia,serengeti,-2.622906,34.904583,2026-02-28
Equus quagga,Plains Zebra,Mammalia,serengeti,-3.106235,35.536965,2026-02-15
Equus quagga,Plains Zebra,Mammalia,serengeti,-3.12263,35.464387,2026-02-15
Equus quagga,Plains Zebra,Mammalia,serengeti,-3.025695,35.575091,2026-02-15
Equus quagga,Plains Zebra,Mammalia,serengeti,-3.192322,35.184618,2026-03-02
Equus quagga,Plains Zebra,Mammalia,serengeti,-1.45047,35.203428,2026-03-01
Equus quagga,Plains Zebra,Mammalia,serengeti,-1.594797,34.864056,2026-03-21
Equus quagga,Plains Zebra,Mammalia,serengeti,-2.946669,35.04554,2026-03-01
Equus quagga,Plains Zebra,Mammalia,serengeti,-3.050519,35.024459,2026-03-01
Equus quagga,Plains Zebra,Mammalia,serengeti,-2.836521,35.007327,2026-03-01
Equus quagga,Plains Zebra,Mammalia,serengeti,-2.850457,35.180561,2026-03-01
Equus quagga,Plains Zebra,Mammalia,serengeti,-3.071706,35.008972,2026-03-01
Equus quagga,Plains Zebra,Mammalia,serengeti,-1.527832,35.014456,2026-03-14
Equus quagga,Plains Zebra,Mammalia,serengeti,-3.014281,35.497837,2026-03-17
Equus quagga,Plains Zebra,Mammalia,serengeti,-2.732902,34.806157,2026-03-11
Equus quagga,Plains Zebra,Mammalia,serengeti,-3.001126,35.547368,2026-03-25
Equus quagga,Plains Zebra,Mammalia,serengeti,-2.570137,34.802615,2026-03-25
Equus quagga,Plains Zebra,Mammalia,serengeti,-1.472391,35.235457,2026-03-19
Equus quagga,Plains Zebra,Mammalia,serengeti,-2.243831,34.27064,2026-03-25
Equus quagga,Plains Zebra,Mammalia,serengeti,-1.480446,35.379707,2026-03-26
Equus quagga,Plains Zebra,Mammalia,serengeti,-1.621447,35.255239,2026-03-28
Equus quagga,Plains Zebra,Mammalia,serengeti,-1.53124,35.140439,2026-04-06
Equus quagga,Plains Zebra,Mammalia,serengeti,-2.621157,34.886555,2026-04-06
Equus quagga,Plains Zebra,Mammalia,serengeti,-1.448772,35.06499,2026-04-20
Equus quagga,Plains Zebra,Mammalia,serengeti,-2.859391,34.936088,2026-04-11
Equus quagga,Plains Zebra,Mammalia,serengeti,-2.595255,34.834431,2026-05-14
Equus quagga,Plains Zebra,Mammalia,serengeti,-2.378541,34.859403,2026-05-12
Equus quagga,Plains Zebra,Mammalia,serengeti,-2.297117,34.882735,2026-05-11
Equus quagga,Plains Zebra,Mammalia,serengeti,-2.420987,34.657426,2026-05-25
Equus quagga,Plains Zebra,Mammalia,serengeti,-3.049667,35.41712,2026-05-27
Equus quagga,Plains Zebra,Mammalia,serengeti,-2.414093,34.620515,2026-05-25
Equus quagga,Plains Zebra,Mammalia,serengeti,-2.20134,34.884747,2026-05-28
Equus quagga,Plains Zebra,Mammalia,serengeti,-3.020831,35.091574,2026-05-15
Equus quagga,Plains Zebra,Mammalia,serengeti,-1.512299,35.113151,2026-05-27
Equus quagga,Plains Zebra,Mammalia,serengeti,-2.405021,34.892934,2026-05-29
Equus quagga,Plains Zebra,Mammalia,serengeti,-3.171147,35.566474,2026-05-31
Equus quagga,Plains Zebra,Mammalia,serengeti,-2.489242,34.910994,2026-05-16
Equus quagga,Plains Zebra,Mammalia,serengeti,-3.12944,35.58649,2026-05-18
Equus quagga,Plains Zebra,Mammalia,serengeti,-2.705547,34.957351,2026-05-16
Equus quagga,Plains Zebra,Mammalia,serengeti,-1.591922,35.1926,2026-06-07
Equus quagga,Plains Zebra,Mammalia,serengeti,-2.929297,35.431299,2026-06-04
Equus quagga,Plains Zebra,Mammalia,serengeti,-3.004193,35.498137,2026-06-01
Equus quagga,Plains Zebra,Mammalia,serengeti,-2.539865,34.683127,2026-06-15
Equus quagga,Plains Zebra,Mammalia,serengeti,-1.490114,35.006392,2026-06-18
Equus quagga,Plains Zebra,Mammalia,serengeti,-2.32715,34.968004,2026-06-16
Equus quagga,Plains Zebra,Mammalia,serengeti,-1.538696,35.309177,2026-06-20
Equus quagga,Plains Zebra,Mammalia,serengeti,-1.536022,35.20072,2026-06-20
Equus quagga,Plains Zebra,Mammalia,serengeti,-1.440951,35.119848,2026-06-21
Equus quagga,Plains Zebra,Mammalia,serengeti,-2.662184,34.864611,2026-06-10
Equus quagga,Plains Zebra,Mammalia,serengeti,-3.186316,35.59989,2026-06-26
Equus quagga,Plains Zebra,Mammalia,serengeti,-3.131989,35.596444,2026-06-29
Equus quagga,Plains Zebra,Mammalia,serengeti,-3.007546,35.496345,2026-06-28
Equus quagga,Plains Zebra,Mammalia,serengeti,-1.519956,35.352273,2026-07-11
Equus quagga,Plains Zebra,Mammalia,serengeti,-1.44942,35.080682,2026-07-09
Equus quagga,Plains Zebra,Mammalia,serengeti,-1.700821,35.318465,2026-07-13
Equus quagga,Plains Zebra,Mammalia,serengeti,-1.486999,35.22479,2026-07-05
Equus quagga,Plains Zebra,Mammalia,serengeti,-2.224914,35.107185,2026-07-14
Equus quagga,Plains Zebra,Mammalia,serengeti,-1.490397,35.13234,2026-07-16
Equus quagga,Plains Zebra,Mammalia,serengeti,-2.033609,34.226049,2026-07-11
Equus quagga,Plains Zebra,Mammalia,serengeti,-2.358065,34.485295,2026-07-11
Equus quagga,Plains Zebra,Mammalia,serengeti,-2.265472,34.790341,2026-07-12
Equus quagga,Plains Zebra,Mammalia,serengeti,-3.061853,35.504306,2026-07-13
Equus quagga,Plains Zebra,Mammalia,serengeti,-1.92915,34.786986,2026-07-20
Equus quagga,Plains Zebra,Mammalia,serengeti,-1.945171,34.794129,2026-07-10
Equus quagga,Plains Zebra,Mammalia,serengeti,-3.142489,35.562702,2026-07-13
Equus quagga,Plains Zebra,Mammalia,serengeti,-3.04829,35.537254,2026-07-14
Equus quagga,Plains Zebra,Mammalia,serengeti,-3.003601,35.477937,2026-07-14
Equus quagga,Plains Zebra,Mammalia,serengeti,-1.67409,35.318291,2026-07-05
Equus quagga,Plains Zebra,Mammalia,serengeti,-2.371483,34.513762,2026-07-03
Equus quagga,Plains Zebra,Mammalia,serengeti,-3.110799,35.517875,2026-08-06
Equus quagga,Plains Zebra,Mammalia,serengeti,-1.464092,35.212197,2026-08-05
Equus quagga,Plains Zebra,Mammalia,serengeti,-1.617159,34.845338,2026-08-19
Equus quagga,Plains Zebra,Mammalia,serengeti,-1.682768,34.98903,2026-08-19
Equus quagga,Plains Zebra,Mammalia,serengeti,-1.71708,34.954107,2026-08-19
Equus quagga,Plains Zebra,Mammalia,serengeti,-1.519512,35.289542,2026-08-15
Equus quagga,Plains Zebra,Mammalia,serengeti,-1.623288,34.939197,2026-08-19
Equus quagga,Plains Zebra,Mammalia,serengeti,-1.703606,34.883503,2026-08-19
Equus quagga,Plains Zebra,Mammalia,serengeti,-3.133286,35.472287,2026-08-15
Equus quagga,Plains Zebra,Mammalia,serengeti,-1.539155,35.007364,2026-08-05
Equus quagga,Plains Zebra,Mammalia,serengeti,-1.76655,35.32276,2026-08-13
Equus quagga,Plains Zebra,Mammalia,serengeti,-1.499146,35.22548,2026-08-15
Equus quagga,Plains Zebra,Mammalia,serengeti,-1.554258,35.264198,2026-08-04
Equus quagga,Plains Zebra,Mammalia,serengeti,-1.474974,35.086983,2026-08-10
Equus quagga,Plains Zebra,Mammalia,serengeti,-1.523614,35.239399,2026-08-15
Equus quagga,Plains Zebra,Mammalia,serengeti,-3.110533,35.419861,2026-08-21
Equus quagga,Plains Zebra,Mammalia,serengeti,-3.015258,35.493081,2026-08-14
Equus quagga,Plains Zebra,Mammalia,serengeti,-3.096999,35.527049,2026-08-13
Equus quagga,Plains Zebra,Mammalia,serengeti,-1.649066,34.876782,2026-08-19
Equus quagga,Plains Zebra,Mammalia,serengeti,-3.10565,35.426186,2026-08-21
Equus quagga,Plains Zebra,Mammalia,serengeti,-1.524628,34.804678,2026-08-19
Equus quagga,Plains Zebra,Mammalia,serengeti,-1.745939,34.972875,2026-08-19
Equus quagga,Plains Zebra,Mammalia,serengeti,-1.581257,35.245476,2026-08-03
Equus quagga,Plains Zebra,Mammalia,serengeti,-3.12123,35.534211,2026-08-17
Equus quagga,Plains Zebra,Mammalia,serengeti,-1.701478,35.250098,2026-08-13
Equus quagga,Plains Zebra,Mammalia,serengeti,-1.528532,35.244745,2026-08-04
Equus quagga,Plains Zebra,Mammalia,serengeti,-1.498136,35.315833,2026-08-13
Equus quagga,Plains Zebra,Mammalia,serengeti,-1.71641,34.836816,2026-08-18
Equus quagga,Plains Zebra,Mammalia,serengeti,-1.847394,34.836465,2026-08-19
Equus quagga,Plains Zebra,Mammalia,serengeti,-1.553786,35.071834,2026-08-04
Equus quagga,Plains Zebra,Mammalia,serengeti,-1.477955,35.025527,2026-08-18
Equus quagga,Plains Zebra,Mammalia,serengeti,-1.456001,35.114595,2026-08-18
Equus quagga,Plains Zebra,Mammalia,serengeti,-1.581859,34.950033,2026-08-27
Equus quagga,Plains Zebra,Mammalia,serengeti,-1.588262,35.035752,2026-08-18
Equus quagga,Plains Zebra,Mammalia,serengeti,-1.460898,35.364614,2026-08-28
Equus quagga,Plains Zebra,Mammalia,serengeti,-1.45714,35.144317,2026-08-18
Equus quagga,Plains Zebra,Mammalia,serengeti,-1.519433,35.084883,2026-08-19
Equus quagga,Plains Zebra,Mammalia,serengeti,-1.572231,35.139062,2026-09-07
Equus quagga,Plains Zebra,Mammalia,serengeti,-1.563123,35.12227,2026-09-01
Equus quagga,Plains Zebra,Mammalia,serengeti,-2.777598,34.845917,2025-01-02
Equus quagga,Plains Zebra,Mammalia,serengeti,-1.459433,35.024327,2025-01-13
Equus quagga,Plains Zebra,Mammalia,serengeti,-3.056281,35.347688,2025-01-17
Equus quagga,Plains Zebra,Mammalia,serengeti,-3.068298,35.402534,2025-01-11
Equus quagga,Plains Zebra,Mammalia,serengeti,-2.72369,34.821341,2025-01-23
Equus quagga,Plains Zebra,Mammalia,serengeti,-1.58167,34.974466,2025-01-31
Equus quagga,Plains Zebra,Mammalia,serengeti,-1.445324,34.872294,2025-01-28
Equus quagga,Plains Zebra,Mammalia,serengeti,-1.517567,35.141191,2025-01-27
Equus quagga,Plains Zebra,Mammalia,serengeti,-1.432975,34.820336,2025-01-28
Equus quagga,Plains Zebra,Mammalia,serengeti,-1.593886,34.857668,2025-01-29
Equus quagga,Plains Zebra,Mammalia,serengeti,-1.485484,34.954747,2025-01-27
Equus quagga,Plains Zebra,Mammalia,serengeti,-1.555499,34.913974,2025-01-27
Equus quagga,Plains Zebra,Mammalia,serengeti,-3.062966,35.684753,2025-01-15
Equus quagga,Plains Zebra,Mammalia,serengeti,-3.052392,35.454196,2025-01-08
Equus quagga,Plains Zebra,Mammalia,serengeti,-3.00938,35.492597,2025-02-10
Equus quagga,Plains Zebra,Mammalia,serengeti,-3.034199,35.407625,2025-02-12
Equus quagga,Plains Zebra,Mammalia,serengeti,-3.129808,35.578866,2025-02-21
Equus quagga,Plains Zebra,Mammalia,serengeti,-2.353293,34.908081,2025-02-24
Equus quagga,Plains Zebra,Mammalia,serengeti,-2.351557,34.874373,2025-02-24
Equus quagga,Plains Zebra,Mammalia,serengeti,-3.07489,35.699971,2025-02-05
Equus quagga,Plains Zebra,Mammalia,serengeti,-2.493456,34.910018,2025-02-26
Equus quagga,Plains Zebra,Mammalia,serengeti,-2.841876,35.404869,2025-02-26
Equus quagga,Plains Zebra,Mammalia,serengeti,-3.188991,34.858163,2025-02-06
Equus quagga,Plains Zebra,Mammalia,serengeti,-3.199847,34.932031,2025-02-06
Equus quagga,Plains Zebra,Mammalia,serengeti,-3.089753,34.962546,2025-02-06
Equus quagga,Plains Zebra,Mammalia,serengeti,-3.111615,34.903352,2025-02-06
Equus quagga,Plains Zebra,Mammalia,serengeti,-3.053648,34.931306,2025-02-06
Equus quagga,Plains Zebra,Mammalia,serengeti,-3.070222,35.458195,2025-02-26
Equus quagga,Plains Zebra,Mammalia,serengeti,-3.003751,34.863271,2025-02-06
Equus quagga,Plains Zebra,Mammalia,serengeti,-2.967773,34.958386,2025-02-06
Equus quagga,Plains Zebra,Mammalia,serengeti,-2.943313,34.988974,2025-02-07
Equus quagga,Plains Zebra,Mammalia,serengeti,-2.943735,34.817532,2025-02-07
Equus quagga,Plains Zebra,Mammalia,serengeti,-2.950513,34.817416,2025-02-07
Equus quagga,Plains Zebra,Mammalia,serengeti,-2.986453,34.835949,2025-02-07
Equus quagga,Plains Zebra,Mammalia,serengeti,-3.174743,34.949599,2025-02-08
Equus quagga,Plains Zebra,Mammalia,serengeti,-1.473007,35.214722,2025-02-27
Equus quagga,Plains Zebra,Mammalia,serengeti,-3.036603,34.97786,2025-02-08
Equus quagga,Plains Zebra,Mammalia,serengeti,-3.029283,34.800981,2025-02-08
Equus quagga,Plains Zebra,Mammalia,serengeti,-2.903511,35.016533,2025-02-09
Equus quagga,Plains Zebra,Mammalia,serengeti,-2.963427,34.805625,2025-02-09
Equus quagga,Plains Zebra,Mammalia,serengeti,-2.853567,35.151539,2025-02-09
Equus quagga,Plains Zebra,Mammalia,serengeti,-2.410077,34.943004,2025-02-09
Equus quagga,Plains Zebra,Mammalia,serengeti,-2.271633,34.888994,2025-02-10
Equus quagga,Plains Zebra,Mammalia,serengeti,-2.338748,34.739371,2025-02-11
Equus quagga,Plains Zebra,Mammalia,serengeti,-2.470552,35.180234,2025-02-18
Equus quagga,Plains Zebra,Mammalia,serengeti,-3.077715,35.52632,2025-02-23
Equus quagga,Plains Zebra,Mammalia,serengeti,-1.493067,35.44843,2025-02-09
Equus quagga,Plains Zebra,Mammalia,serengeti,-1.44619,35.326772,2025-02-21
Equus quagga,Plains Zebra,Mammalia,serengeti,-1.55343,35.023389,2025-02-20
Equus quagga,Plains Zebra,Mammalia,serengeti,-1.562854,35.252124,2025-02-20
Equus quagga,Plains Zebra,Mammalia,serengeti,-3.185597,35.571734,2025-02-06
Equus quagga,Plains Zebra,Mammalia,serengeti,-3.176395,35.431041,2025-02-10
Equus quagga,Plains Zebra,Mammalia,serengeti,-3.088852,35.471825,2025-02-10
Equus quagga,Plains Zebra,Mammalia,serengeti,-2.904441,35.093854,2025-02-08
Equus quagga,Plains Zebra,Mammalia,serengeti,-2.553211,35.038964,2025-02-07
Equus quagga,Plains Zebra,Mammalia,serengeti,-2.906328,35.099158,2025-02-06
Equus quagga,Plains Zebra,Mammalia,serengeti,-3.138977,35.1965,2025-02-09
Equus quagga,Plains Zebra,Mammalia,serengeti,-2.909158,34.966131,2025-02-08
Equus quagga,Plains Zebra,Mammalia,serengeti,-3.188239,35.464561,2025-02-10
Equus quagga,Plains Zebra,Mammalia,serengeti,-3.109926,35.173756,2025-02-09
Equus quagga,Plains Zebra,Mammalia,serengeti,-2.79147,35.161568,2025-02-07
Equus quagga,Plains Zebra,Mammalia,serengeti,-3.034833,35.560799,2025-02-10
Equus quagga,Plains Zebra,Mammalia,serengeti,-2.366935,34.55841,2025-02-15
Equus quagga,Plains Zebra,Mammalia,serengeti,-1.547557,35.023562,2025-02-16
Equus quagga,Plains Zebra,Mammalia,serengeti,-2.256004,34.869799,2025-03-03
Equus quagga,Plains Zebra,Mammalia,serengeti,-2.303636,34.962524,2025-03-07
Equus quagga,Plains Zebra,Mammalia,serengeti,-3.073074,35.5421,2025-03-06
Equus quagga,Plains Zebra,Mammalia,serengeti,-3.160663,35.479649,2025-03-12
Equus quagga,Plains Zebra,Mammalia,serengeti,-1.479249,35.224671,2025-03-13
Equus quagga,Plains Zebra,Mammalia,serengeti,-1.526543,35.370513,2025-03-01
Equus quagga,Plains Zebra,Mammalia,serengeti,-3.166418,35.464491,2025-03-27
Equus quagga,Plains Zebra,Mammalia,serengeti,-2.417916,34.953526,2025-03-25
Equus quagga,Plains Zebra,Mammalia,serengeti,-1.48935,35.383312,2025-03-02
Equus quagga,Plains Zebra,Mammalia,serengeti,-3.165587,35.479018,2025-03-21
Equus quagga,Plains Zebra,Mammalia,serengeti,-3.170512,35.588858,2025-03-02
Equus quagga,Plains Zebra,Mammalia,serengeti,-2.787015,34.99305,2025-03-29
Equus quagga,Plains Zebra,Mammalia,serengeti,-1.583885,35.391561,2025-04-05
Equus quagga,Plains Zebra,Mammalia,serengeti,-1.557686,35.074233,2025-04-05
Equus quagga,Plains Zebra,Mammalia,serengeti,-2.99717,35.159927,2025-04-05
Equus quagga,Plains Zebra,Mammalia,serengeti,-2.933349,34.832666,2025-04-07
Equus quagga,Plains Zebra,Mammalia,serengeti,-2.594065,34.965435,2025-04-08
Equus quagga,Plains Zebra,Mammalia,serengeti,-2.983822,34.929511,2025-04-07
Equus quagga,Plains Zebra,Mammalia,serengeti,-2.572762,34.973801,2025-04-08
Equus quagga,Plains Zebra,Mammalia,serengeti,-2.543683,34.986992,2025-04-09
Equus quagga,Plains Zebra,Mammalia,serengeti,-3.093194,35.486083,2025-04-10
Equus quagga,Plains Zebra,Mammalia,serengeti,-1.551058,35.012307,2025-04-05
Equus quagga,Plains Zebra,Mammalia,serengeti,-2.403993,34.950146,2025-04-04
Equus quagga,Plains Zebra,Mammalia,serengeti,-1.502119,35.147321,2025-04-05
Equus quagga,Plains Zebra,Mammalia,serengeti,-2.934771,34.834392,2025-04-07
Equus quagga,Plains Zebra,Mammalia,serengeti,-2.944992,34.886138,2025-04-07
Equus quagga,Plains Zebra,Mammalia,serengeti,-2.833771,34.953989,2025-04-07
Equus quagga,Plains Zebra,Mammalia,serengeti,-2.904567,34.9511,2025-04-07
Equus quagga,Plains Zebra,Mammalia,serengeti,-2.389475,34.874743,2025-05-15
Equus quagga,Plains Zebra,Mammalia,serengeti,-3.198453,35.519514,2025-05-19
Equus quagga,Plains Zebra,Mammalia,serengeti,-1.466924,35.279501,2025-05-23
Equus quagga,Plains Zebra,Mammalia,serengeti,-1.447732,35.260384,2025-05-26
Equus quagga,Plains Zebra,Mammalia,serengeti,-2.960392,35.14744,2025-05-05
Equus quagga,Plains Zebra,Mammalia,serengeti,-1.883739,34.608819,2025-05-31
Equus quagga,Plains Zebra,Mammalia,serengeti,-3.089652,35.46638,2025-05-14
Equus quagga,Plains Zebra,Mammalia,serengeti,-1.764614,35.29351,2025-05-24
Equus quagga,Plains Zebra,Mammalia,serengeti,-1.811173,34.678525,2025-05-21
Equus quagga,Plains Zebra,Mammalia,serengeti,-3.147154,35.508544,2025-05-22
Equus quagga,Plains Zebra,Mammalia,serengeti,-1.515556,35.35151,2025-06-05
Equus quagga,Plains Zebra,Mammalia,serengeti,-1.702624,35.230992,2025-06-25
Equus quagga,Plains Zebra,Mammalia,serengeti,-2.264408,34.7467,2025-06-25
Equus quagga,Plains Zebra,Mammalia,serengeti,-2.398084,34.759231,2025-06-25
Equus quagga,Plains Zebra,Mammalia,serengeti,-2.446216,34.80601,2025-06-26
Equus quagga,Plains Zebra,Mammalia,serengeti,-2.363609,34.955688,2025-06-24
Equus quagga,Plains Zebra,Mammalia,serengeti,-2.251723,34.920358,2025-06-25
Equus quagga,Plains Zebra,Mammalia,serengeti,-2.305647,34.988718,2025-06-25
Equus quagga,Plains Zebra,Mammalia,serengeti,-2.319096,34.847275,2025-06-25
Equus quagga,Plains Zebra,Mammalia,serengeti,-2.270678,34.967236,2025-06-25
Equus quagga,Plains Zebra,Mammalia,serengeti,-2.24439,34.999748,2025-06-25
Equus quagga,Plains Zebra,Mammalia,serengeti,-2.399234,34.800851,2025-06-24
Equus quagga,Plains Zebra,Mammalia,serengeti,-2.311981,34.735871,2025-06-25
Equus quagga,Plains Zebra,Mammalia,serengeti,-2.379105,34.682818,2025-06-25
Equus quagga,Plains Zebra,Mammalia,serengeti,-2.398584,34.848414,2025-06-25
Equus quagga,Plains Zebra,Mammalia,serengeti,-3.013917,35.527934,2025-06-24
Equus quagga,Plains Zebra,Mammalia,serengeti,-2.269004,34.831824,2025-06-25
Equus quagga,Plains Zebra,Mammalia,serengeti,-2.238101,34.625363,2025-06-25
Equus quagga,Plains Zebra,Mammalia,serengeti,-3.0332,35.501014,2025-06-24
Equus quagga,Plains Zebra,Mammalia,serengeti,-2.374887,34.795187,2025-06-25
Equus quagga,Plains Zebra,Mammalia,serengeti,-2.369132,34.607424,2025-06-25
Equus quagga,Plains Zebra,Mammalia,serengeti,-2.389873,34.728695,2025-06-25
Equus quagga,Plains Zebra,Mammalia,serengeti,-2.317065,34.681104,2025-06-25
Equus quagga,Plains Zebra,Mammalia,serengeti,-2.354634,34.857274,2025-06-24
Equus quagga,Plains Zebra,Mammalia,serengeti,-2.474113,34.876771,2025-06-26
Equus quagga,Plains Zebra,Mammalia,serengeti,-2.584116,34.912565,2025-06-24
Equus quagga,Plains Zebra,Mammalia,serengeti,-2.282655,34.900041,2025-06-24
Equus quagga,Plains Zebra,Mammalia,serengeti,-2.396879,34.97583,2025-06-24
Equus quagga,Plains Zebra,Mammalia,serengeti,-2.243647,34.86777,2025-06-24
Equus quagga,Plains Zebra,Mammalia,serengeti,-2.854572,35.104121,2025-06-26
Equus quagga,Plains Zebra,Mammalia,serengeti,-2.995691,35.09039,2025-06-24
Equus quagga,Plains Zebra,Mammalia,serengeti,-2.337498,34.613189,2025-06-25
Equus quagga,Plains Zebra,Mammalia,serengeti,-3.145034,35.594573,2025-06-27
Equus quagga,Plains Zebra,Mammalia,serengeti,-2.25212,34.760179,2025-06-25
Equus quagga,Plains Zebra,Mammalia,serengeti,-2.431215,34.810662,2025-06-24
Equus quagga,Plains Zebra,Mammalia,serengeti,-2.224593,34.87609,2025-06-25
Equus quagga,Plains Zebra,Mammalia,serengeti,-3.090376,35.422645,2025-06-24
Equus quagga,Plains Zebra,Mammalia,serengeti,-2.455387,34.891564,2025-06-24
Equus quagga,Plains Zebra,Mammalia,serengeti,-2.257398,34.90588,2025-06-25
Equus quagga,Plains Zebra,Mammalia,serengeti,-2.271067,34.753896,2025-06-25
Equus quagga,Plains Zebra,Mammalia,serengeti,-2.302026,34.95529,2025-06-25
Equus quagga,Plains Zebra,Mammalia,serengeti,-2.201062,34.427814,2025-06-25
Equus quagga,Plains Zebra,Mammalia,serengeti,-2.381233,34.667933,2025-06-25
Equus quagga,Plains Zebra,Mammalia,serengeti,-2.276092,34.794413,2025-06-25
Equus quagga,Plains Zebra,Mammalia,serengeti,-2.254982,34.865281,2025-06-25
Equus quagga,Plains Zebra,Mammalia,serengeti,-2.367998,34.873166,2025-06-25
Equus quagga,Plains Zebra,Mammalia,serengeti,-2.907852,35.126443,2025-06-24
Equus quagga,Plains Zebra,Mammalia,serengeti,-2.252628,34.847488,2025-06-24
Equus quagga,Plains Zebra,Mammalia,serengeti,-3.019562,35.559515,2025-06-26
Equus quagga,Plains Zebra,Mammalia,serengeti,-2.488292,34.912117,2025-06-24
Equus quagga,Plains Zebra,Mammalia,serengeti,-2.59368,34.792672,2025-06-29
Equus quagga,Plains Zebra,Mammalia,serengeti,-3.195843,35.532796,2025-07-09
Equus quagga,Plains Zebra,Mammalia,serengeti,-2.592725,34.991359,2025-07-08
Equus quagga,Plains Zebra,Mammalia,serengeti,-1.511264,35.110797,2025-07-17
Equus quagga,Plains Zebra,Mammalia,serengeti,-1.4708,35.084303,2025-07-13
Equus quagga,Plains Zebra,Mammalia,serengeti,-2.340356,34.990974,2025-07-08
Equus quagga,Plains Zebra,Mammalia,serengeti,-3.174499,35.582066,2025-07-09
Equus quagga,Plains Zebra,Mammalia,serengeti,-3.173379,35.609407,2025-07-14
Equus quagga,Plains Zebra,Mammalia,serengeti,-1.573081,35.065355,2025-07-21
Equus quagga,Plains Zebra,Mammalia,serengeti,-2.66896,34.750563,2025-07-15
Equus quagga,Plains Zebra,Mammalia,serengeti,-2.551513,34.93888,2025-07-17
Equus quagga,Plains Zebra,Mammalia,serengeti,-1.459775,35.014082,2025-07-25
Equus quagga,Plains Zebra,Mammalia,serengeti,-1.886092,35.315648,2025-07-16
Equus quagga,Plains Zebra,Mammalia,serengeti,-1.432286,34.889341,2025-07-19
Equus quagga,Plains Zebra,Mammalia,serengeti,-1.977177,35.516571,2025-07-17
Equus quagga,Plains Zebra,Mammalia,serengeti,-1.511422,35.130371,2025-07-22
Equus quagga,Plains Zebra,Mammalia,serengeti,-3.009333,35.471823,2025-07-24
Equus quagga,Plains Zebra,Mammalia,serengeti,-1.56394,35.074334,2025-07-25
Equus quagga,Plains Zebra,Mammalia,serengeti,-1.555398,35.078814,2025-07-25
Equus quagga,Plains Zebra,Mammalia,serengeti,-1.504513,35.102973,2025-07-26
Equus quagga,Plains Zebra,Mammalia,serengeti,-2.176364,34.673823,2025-07-15
Equus quagga,Plains Zebra,Mammalia,serengeti,-1.487389,34.822701,2025-07-14
Equus quagga,Plains Zebra,Mammalia,serengeti,-1.454944,34.966611,2025-07-14
Equus quagga,Plains Zebra,Mammalia,serengeti,-1.564266,34.826233,2025-07-14
Equus quagga,Plains Zebra,Mammalia,serengeti,-2.370119,34.870538,2025-07-15
Equus quagga,Plains Zebra,Mammalia,serengeti,-1.478736,34.828663,2025-07-27
Equus quagga,Plains Zebra,Mammalia,serengeti,-1.43764,34.911307,2025-07-26
Equus quagga,Plains Zebra,Mammalia,serengeti,-3.118375,35.458929,2025-07-20
Equus quagga,Plains Zebra,Mammalia,serengeti,-3.104759,35.526814,2025-07-20
Equus quagga,Plains Zebra,Mammalia,serengeti,-3.154091,35.495577,2025-07-14
Equus quagga,Plains Zebra,Mammalia,serengeti,-1.906608,35.586522,2025-07-16
Equus quagga,Plains Zebra,Mammalia,serengeti,-1.437986,35.000583,2025-07-30
Equus quagga,Plains Zebra,Mammalia,serengeti,-1.442356,35.090126,2025-07-30
Equus quagga,Plains Zebra,Mammalia,serengeti,-1.561611,35.080777,2025-07-28
Equus quagga,Plains Zebra,Mammalia,serengeti,-1.715408,34.99861,2025-07-15
Equus quagga,Plains Zebra,Mammalia,serengeti,-1.589506,35.1655,2025-07-28
Equus quagga,Plains Zebra,Mammalia,serengeti,-1.494402,35.090187,2025-07-28
Equus quagga,Plains Zebra,Mammalia,serengeti,-1.98801,35.596454,2025-07-17
Equus quagga,Plains Zebra,Mammalia,serengeti,-1.668603,34.849912,2025-07-19
Equus quagga,Plains Zebra,Mammalia,serengeti,-1.563934,35.194693,2025-07-31
Equus quagga,Plains Zebra,Mammalia,serengeti,-1.762176,35.282122,2025-08-04
Equus quagga,Plains Zebra,Mammalia,serengeti,-1.446458,35.191742,2025-08-12
Equus quagga,Plains Zebra,Mammalia,serengeti,-3.036371,35.40401,2025-08-08
Equus quagga,Plains Zebra,Mammalia,serengeti,-1.525077,35.188102,2025-08-12
Equus quagga,Plains Zebra,Mammalia,serengeti,-1.443498,35.034336,2025-08-02
Equus quagga,Plains Zebra,Mammalia,serengeti,-1.512182,35.377258,2025-08-01
Equus quagga,Plains Zebra,Mammalia,serengeti,-3.168945,35.645457,2025-08-13
Equus quagga,Plains Zebra,Mammalia,serengeti,-2.304478,34.935166,2025-08-12
Equus quagga,Plains Zebra,Mammalia,serengeti,-3.170353,35.54342,2025-08-13
Equus quagga,Plains Zebra,Mammalia,serengeti,-2.381994,34.79303,2025-08-12
Equus quagga,Plains Zebra,Mammalia,serengeti,-3.174944,35.650375,2025-08-13
Equus quagga,Plains Zebra,Mammalia,serengeti,-3.042783,34.689749,2025-08-27
Equus quagga,Plains Zebra,Mammalia,serengeti,-3.142727,35.450199,2025-08-19
Equus quagga,Plains Zebra,Mammalia,serengeti,-1.43103,34.871675,2025-08-07
Equus quagga,Plains Zebra,Mammalia,serengeti,-3.227053,35.261314,2025-08-08
Equus quagga,Plains Zebra,Mammalia,serengeti,-2.395518,35.058655,2025-08-08
Equus quagga,Plains Zebra,Mammalia,serengeti,-3.112263,35.597517,2025-08-31
Equus quagga,Plains Zebra,Mammalia,serengeti,-1.50374,35.300588,2025-08-15
Equus quagga,Plains Zebra,Mammalia,serengeti,-2.153726,34.667075,2025-08-25
Equus quagga,Plains Zebra,Mammalia,serengeti,-1.50417,35.369979,2025-08-14
Equus quagga,Plains Zebra,Mammalia,serengeti,-1.589239,35.205025,2025-08-15
Equus quagga,Plains Zebra,Mammalia,serengeti,-1.567244,35.380745,2025-08-15
Equus quagga,Plains Zebra,Mammalia,serengeti,-1.597544,35.128762,2025-08-15
Equus quagga,Plains Zebra,Mammalia,serengeti,-1.554999,35.286908,2025-08-15
Equus quagga,Plains Zebra,Mammalia,serengeti,-1.487755,35.210415,2025-08-14
Equus quagga,Plains Zebra,Mammalia,serengeti,-3.080879,35.446568,2025-08-31
Equus quagga,Plains Zebra,Mammalia,serengeti,-1.504164,35.05365,2025-08-31
Equus quagga,Plains Zebra,Mammalia,serengeti,-2.031502,34.736561,2025-08-25
Equus quagga,Plains Zebra,Mammalia,serengeti,-3.088272,35.415497,2025-08-24
Equus quagga,Plains Zebra,Mammalia,serengeti,-2.264509,34.219008,2025-08-02
Equus quagga,Plains Zebra,Mammalia,serengeti,-2.366792,34.376257,2025-08-02
Equus quagga,Plains Zebra,Mammalia,serengeti,-2.37217,34.228321,2025-08-02
Equus quagga,Plains Zebra,Mammalia,serengeti,-2.277418,34.31936,2025-08-02
Equus quagga,Plains Zebra,Mammalia,serengeti,-2.374129,34.389168,2025-08-02
Equus quagga,Plains Zebra,Mammalia,serengeti,-2.303818,34.264601,2025-08-02
Equus quagga,Plains Zebra,Mammalia,serengeti,-3.061423,35.536183,2025-08-08
Equus quagga,Plains Zebra,Mammalia,serengeti,-2.334635,34.280856,2025-08-02
Equus quagga,Plains Zebra,Mammalia,serengeti,-3.096602,35.449897,2025-08-08
Equus quagga,Plains Zebra,Mammalia,serengeti,-2.306914,34.270856,2025-08-02
Equus quagga,Plains Zebra,Mammalia,serengeti,-2.280524,34.202864,2025-08-02
Equus quagga,Plains Zebra,Mammalia,serengeti,-3.168889,35.402635,2025-08-08
Equus quagga,Plains Zebra,Mammalia,serengeti,-2.385738,34.267512,2025-08-02
Equus quagga,Plains Zebra,Mammalia,serengeti,-2.340003,34.231349,2025-08-02
Equus quagga,Plains Zebra,Mammalia,serengeti,-1.679847,35.214261,2025-09-07
Equus quagga,Plains Zebra,Mammalia,serengeti,-1.569137,35.192941,2025-09-14
Equus quagga,Plains Zebra,Mammalia,serengeti,-2.359502,34.924256,2025-09-04
Equus quagga,Plains Zebra,Mammalia,serengeti,-1.440785,35.213762,2025-09-28
Equus quagga,Plains Zebra,Mammalia,serengeti,-1.471338,35.256188,2025-09-19
Equus quagga,Plains Zebra,Mammalia,serengeti,-2.107663,34.185868,2025-09-27
Equus quagga,Plains Zebra,Mammalia,serengeti,-1.469884,35.331167,2025-09-21
Equus quagga,Plains Zebra,Mammalia,serengeti,-1.514343,35.218574,2025-09-19
Equus quagga,Plains Zebra,Mammalia,serengeti,-3.173545,35.442724,2025-09-18
Equus quagga,Plains Zebra,Mammalia,serengeti,-1.463404,35.301792,2025-09-04
Equus quagga,Plains Zebra,Mammalia,serengeti,-3.020817,35.422158,2025-09-18
Equus quagga,Plains Zebra,Mammalia,serengeti,-1.491095,35.06115,2025-09-01
Equus quagga,Plains Zebra,Mammalia,serengeti,-3.098516,35.65072,2025-09-06
Equus quagga,Plains Zebra,Mammalia,serengeti,-3.103387,35.414449,2025-09-16
Equus quagga,Plains Zebra,Mammalia,serengeti,-1.466973,35.217168,2025-09-08
Equus quagga,Plains Zebra,Mammalia,serengeti,-3.177278,35.491486,2025-09-03
Equus quagga,Plains Zebra,Mammalia,serengeti,-3.166945,35.261479,2025-09-09
Equus quagga,Plains Zebra,Mammalia,serengeti,-1.534063,34.963448,2025-09-29
Equus quagga,Plains Zebra,Mammalia,serengeti,-1.927802,35.364044,2025-09-30
Equus quagga,Plains Zebra,Mammalia,serengeti,-1.54421,35.311506,2025-10-02
Equus quagga,Plains Zebra,Mammalia,serengeti,-1.620956,35.252133,2025-10-05
Equus quagga,Plains Zebra,Mammalia,serengeti,-1.5773,35.201114,2025-10-05
Equus quagga,Plains Zebra,Mammalia,serengeti,-1.72407,35.213108,2025-10-06
Equus quagga,Plains Zebra,Mammalia,serengeti,-2.544449,34.632033,2025-10-10
Equus quagga,Plains Zebra,Mammalia,serengeti,-1.569045,35.097217,2025-10-01
Equus quagga,Plains Zebra,Mammalia,serengeti,-1.442984,35.221198,2025-10-01
Equus quagga,Plains Zebra,Mammalia,serengeti,-1.56185,35.148355,2025-10-01
Equus quagga,Plains Zebra,Mammalia,serengeti,-1.589051,35.060329,2025-10-01
Equus quagga,Plains Zebra,Mammalia,serengeti,-1.464206,35.216448,2025-10-20
Equus quagga,Plains Zebra,Mammalia,serengeti,-1.456478,35.026128,2025-10-19
Equus quagga,Plains Zebra,Mammalia,serengeti,-1.574262,35.117576,2025-10-19
Equus quagga,Plains Zebra,Mammalia,serengeti,-1.581262,35.132943,2025-10-19
Equus quagga,Plains Zebra,Mammalia,serengeti,-1.544063,35.058657,2025-10-21
Equus quagga,Plains Zebra,Mammalia,serengeti,-1.784351,35.033913,2025-10-23
Equus quagga,Plains Zebra,Mammalia,serengeti,-1.879152,34.614659,2025-10-29
Equus quagga,Plains Zebra,Mammalia,serengeti,-1.592678,35.002706,2025-10-21
Equus quagga,Plains Zebra,Mammalia,serengeti,-1.502372,35.148994,2025-10-23
Equus quagga,Plains Zebra,Mammalia,serengeti,-3.045466,35.525361,2025-10-17
Equus quagga,Plains Zebra,Mammalia,serengeti,-3.066058,35.433307,2025-11-28
Equus quagga,Plains Zebra,Mammalia,serengeti,-3.012212,35.433397,2025-11-28
Equus quagga,Plains Zebra,Mammalia,serengeti,-3.033012,35.535737,2025-11-28
Equus quagga,Plains Zebra,Mammalia,serengeti,-3.074919,35.585742,2025-11-28
Equus quagga,Plains Zebra,Mammalia,serengeti,-3.121473,35.434618,2025-11-28
Equus quagga,Plains Zebra,Mammalia,serengeti,-3.030954,35.578289,2025-11-27
Equus quagga,Plains Zebra,Mammalia,serengeti,-3.193154,35.47739,2025-11-28
Equus quagga,Plains Zebra,Mammalia,serengeti,-2.633116,34.765646,2025-12-03
Equus quagga,Plains Zebra,Mammalia,serengeti,-2.373768,34.686601,2025-12-01
Equus quagga,Plains Zebra,Mammalia,serengeti,-2.555415,34.669068,2025-12-03
Equus quagga,Plains Zebra,Mammalia,serengeti,-2.204235,34.699494,2025-12-03
Equus quagga,Plains Zebra,Mammalia,serengeti,-2.561637,34.72132,2025-12-03
Equus quagga,Plains Zebra,Mammalia,serengeti,-2.331228,34.952727,2025-12-27
Equus quagga,Plains Zebra,Mammalia,serengeti,-1.56765,35.082367,2025-12-21
Equus quagga,Plains Zebra,Mammalia,serengeti,-2.9146,34.927164,2025-12-31
Equus quagga,Plains Zebra,Mammalia,serengeti,-3.038895,35.450673,2025-12-30
Crocuta crocuta,Spotted Hyena,Mammalia,serengeti,-3.168363,35.543103,2026-01-05
Crocuta crocuta,Spotted Hyena,Mammalia,serengeti,-1.469643,35.014633,2026-01-01
Crocuta crocuta,Spotted Hyena,Mammalia,serengeti,-2.786595,34.976429,2026-01-02
Crocuta crocuta,Spotted Hyena,Mammalia,serengeti,-1.539778,35.202663,2026-01-07
Crocuta crocuta,Spotted Hyena,Mammalia,serengeti,-3.159967,35.557403,2026-01-20
Crocuta crocuta,Spotted Hyena,Mammalia,serengeti,-3.180131,35.566506,2026-01-13
Crocuta crocuta,Spotted Hyena,Mammalia,serengeti,-3.213938,35.559455,2026-01-13
Crocuta crocuta,Spotted Hyena,Mammalia,serengeti,-3.180131,35.566506,2026-01-13
Crocuta crocuta,Spotted Hyena,Mammalia,serengeti,-3.180131,35.566506,2026-01-13
Crocuta crocuta,Spotted Hyena,Mammalia,serengeti,-3.163797,35.60998,2026-01-01
Crocuta crocuta,Spotted Hyena,Mammalia,serengeti,-3.15997,35.554972,2026-01-01
Crocuta crocuta,Spotted Hyena,Mammalia,serengeti,-2.360011,34.827039,2026-01-21
Crocuta crocuta,Spotted Hyena,Mammalia,serengeti,-3.166286,35.612312,2026-01-01
Crocuta crocuta,Spotted Hyena,Mammalia,serengeti,-2.80555,34.986067,2026-01-04
Crocuta crocuta,Spotted Hyena,Mammalia,serengeti,-2.709887,34.969147,2026-01-13
Crocuta crocuta,Spotted Hyena,Mammalia,serengeti,-2.452308,34.826588,2026-01-24
Crocuta crocuta,Spotted Hyena,Mammalia,serengeti,-2.977241,34.976113,2026-01-24
Crocuta crocuta,Spotted Hyena,Mammalia,serengeti,-2.692687,35.229574,2026-01-21
Crocuta crocuta,Spotted Hyena,Mammalia,serengeti,-2.907488,34.891858,2026-01-17
Crocuta crocuta,Spotted Hyena,Mammalia,serengeti,-3.158728,35.551068,2026-01-11
Crocuta crocuta,Spotted Hyena,Mammalia,serengeti,-1.521323,35.253182,2026-01-26
Crocuta crocuta,Spotted Hyena,Mammalia,serengeti,-3.165166,35.559972,2026-01-31
Crocuta crocuta,Spotted Hyena,Mammalia,serengeti,-1.530473,35.117179,2026-01-18
Crocuta crocuta,Spotted Hyena,Mammalia,serengeti,-3.16625,35.588677,2026-01-24
Crocuta crocuta,Spotted Hyena,Mammalia,serengeti,-1.609286,35.289459,2026-01-21
Crocuta crocuta,Spotted Hyena,Mammalia,serengeti,-2.865188,35.009167,2026-01-01
Crocuta crocuta,Spotted Hyena,Mammalia,serengeti,-3.001977,35.007901,2026-01-19
Crocuta crocuta,Spotted Hyena,Mammalia,serengeti,-3.001977,35.007901,2026-01-19
Crocuta crocuta,Spotted Hyena,Mammalia,serengeti,-3.003515,34.997506,2026-01-20
Crocuta crocuta,Spotted Hyena,Mammalia,serengeti,-3.003515,34.997506,2026-01-20
Crocuta crocuta,Spotted Hyena,Mammalia,serengeti,-3.003515,34.997506,2026-01-20
Crocuta crocuta,Spotted Hyena,Mammalia,serengeti,-3.003515,34.997506,2026-01-20
Crocuta crocuta,Spotted Hyena,Mammalia,serengeti,-3.003893,34.997849,2026-01-21
Crocuta crocuta,Spotted Hyena,Mammalia,serengeti,-1.482125,35.129989,2026-01-15
Crocuta crocuta,Spotted Hyena,Mammalia,serengeti,-2.83077,34.988374,2026-01-21
Crocuta crocuta,Spotted Hyena,Mammalia,serengeti,-2.779287,35.076278,2026-02-07
Crocuta crocuta,Spotted Hyena,Mammalia,serengeti,-2.529472,34.813053,2026-02-04
Crocuta crocuta,Spotted Hyena,Mammalia,serengeti,-3.17186,35.528643,2026-02-03
Crocuta crocuta,Spotted Hyena,Mammalia,serengeti,-1.915154,34.74165,2026-02-02
Crocuta crocuta,Spotted Hyena,Mammalia,serengeti,-3.168931,35.614692,2026-02-14
Crocuta crocuta,Spotted Hyena,Mammalia,serengeti,-2.447337,34.811808,2026-02-23
Crocuta crocuta,Spotted Hyena,Mammalia,serengeti,-1.489762,35.132248,2026-02-19
Crocuta crocuta,Spotted Hyena,Mammalia,serengeti,-1.435384,35.192977,2026-02-18
Crocuta crocuta,Spotted Hyena,Mammalia,serengeti,-1.523895,35.27335,2026-02-26
Crocuta crocuta,Spotted Hyena,Mammalia,serengeti,-2.658989,34.886054,2026-02-10
Crocuta crocuta,Spotted Hyena,Mammalia,serengeti,-2.658058,34.887923,2026-02-10
Crocuta crocuta,Spotted Hyena,Mammalia,serengeti,-2.657855,34.888305,2026-02-10
Crocuta crocuta,Spotted Hyena,Mammalia,serengeti,-2.297223,34.886467,2026-02-09
Crocuta crocuta,Spotted Hyena,Mammalia,serengeti,-2.610935,34.890182,2026-02-10
Crocuta crocuta,Spotted Hyena,Mammalia,serengeti,-2.90388,35.12763,2026-02-08
Crocuta crocuta,Spotted Hyena,Mammalia,serengeti,-3.18036,35.610313,2026-02-07
Crocuta crocuta,Spotted Hyena,Mammalia,serengeti,-2.297303,34.886583,2026-02-09
Crocuta crocuta,Spotted Hyena,Mammalia,serengeti,-3.159687,35.554047,2026-02-07
Crocuta crocuta,Spotted Hyena,Mammalia,serengeti,-3.202713,35.591467,2026-02-07
Crocuta crocuta,Spotted Hyena,Mammalia,serengeti,-2.792289,35.057385,2026-02-13
Crocuta crocuta,Spotted Hyena,Mammalia,serengeti,-3.142952,34.568199,2026-02-23
Crocuta crocuta,Spotted Hyena,Mammalia,serengeti,-3.009001,34.9618,2026-02-22
Crocuta crocuta,Spotted Hyena,Mammalia,serengeti,-3.198233,35.028289,2026-02-24
Crocuta crocuta,Spotted Hyena,Mammalia,serengeti,-3.148436,34.584678,2026-02-23
Crocuta crocuta,Spotted Hyena,Mammalia,serengeti,-2.745203,35.080636,2026-02-28
Crocuta crocuta,Spotted Hyena,Mammalia,serengeti,-3.161752,35.58767,2026-02-03
Crocuta crocuta,Spotted Hyena,Mammalia,serengeti,-3.16196,35.525073,2026-02-15
Crocuta crocuta,Spotted Hyena,Mammalia,serengeti,-3.16025,35.581595,2026-02-17
Crocuta crocuta,Spotted Hyena,Mammalia,serengeti,-3.184453,35.670088,2026-03-06
Crocuta crocuta,Spotted Hyena,Mammalia,serengeti,-1.482125,35.129989,2026-03-17
Crocuta crocuta,Spotted Hyena,Mammalia,serengeti,-2.780961,35.173061,2026-03-01
Crocuta crocuta,Spotted Hyena,Mammalia,serengeti,-2.796692,35.16915,2026-03-01
Crocuta crocuta,Spotted Hyena,Mammalia,serengeti,-2.780978,35.17305,2026-03-01
Crocuta crocuta,Spotted Hyena,Mammalia,serengeti,-2.796667,35.169158,2026-03-01
Crocuta crocuta,Spotted Hyena,Mammalia,serengeti,-2.780964,35.173083,2026-03-01
Crocuta crocuta,Spotted Hyena,Mammalia,serengeti,-1.482125,35.129989,2026-03-17
Crocuta crocuta,Spotted Hyena,Mammalia,serengeti,-2.877847,35.02267,2026-03-12
Crocuta crocuta,Spotted Hyena,Mammalia,serengeti,-2.895912,35.093715,2026-03-27
Crocuta crocuta,Spotted Hyena,Mammalia,serengeti,-2.893169,35.104701,2026-03-27
Crocuta crocuta,Spotted Hyena,Mammalia,serengeti,-3.160615,35.52363,2026-03-25
Crocuta crocuta,Spotted Hyena,Mammalia,serengeti,-1.57391,35.254482,2026-03-30
Crocuta crocuta,Spotted Hyena,Mammalia,serengeti,-1.532794,35.292926,2026-03-30
Crocuta crocuta,Spotted Hyena,Mammalia,serengeti,-2.349787,34.308002,2026-03-12
Crocuta crocuta,Spotted Hyena,Mammalia,serengeti,-2.350097,34.308421,2026-03-13
Crocuta crocuta,Spotted Hyena,Mammalia,serengeti,-1.452431,35.199854,2026-03-27
Crocuta crocuta,Spotted Hyena,Mammalia,serengeti,-1.469608,35.154844,2026-03-29
Crocuta crocuta,Spotted Hyena,Mammalia,serengeti,-1.560159,35.268589,2026-03-29
Crocuta crocuta,Spotted Hyena,Mammalia,serengeti,-1.523568,35.321403,2026-03-29
Crocuta crocuta,Spotted Hyena,Mammalia,serengeti,-1.437513,35.176506,2026-04-06
Crocuta crocuta,Spotted Hyena,Mammalia,serengeti,-2.224858,34.9192,2026-05-14
Crocuta crocuta,Spotted Hyena,Mammalia,serengeti,-2.756908,34.961553,2026-05-27
Crocuta crocuta,Spotted Hyena,Mammalia,serengeti,-3.181706,35.56192,2026-05-18
Crocuta crocuta,Spotted Hyena,Mammalia,serengeti,-2.367966,34.565852,2026-05-28
Crocuta crocuta,Spotted Hyena,Mammalia,serengeti,-2.654913,34.907961,2026-05-28
Crocuta crocuta,Spotted Hyena,Mammalia,serengeti,-2.612999,34.947441,2026-05-16
Crocuta crocuta,Spotted Hyena,Mammalia,serengeti,-2.837687,35.00627,2026-05-14
Crocuta crocuta,Spotted Hyena,Mammalia,serengeti,-2.990211,34.966106,2026-05-16
Crocuta crocuta,Spotted Hyena,Mammalia,serengeti,-1.449852,35.214675,2026-06-15
Crocuta crocuta,Spotted Hyena,Mammalia,serengeti,-1.450172,35.148136,2026-06-07
Crocuta crocuta,Spotted Hyena,Mammalia,serengeti,-2.387718,35.034473,2026-06-01
Crocuta crocuta,Spotted Hyena,Mammalia,serengeti,-3.160796,35.56797,2026-06-01
Crocuta crocuta,Spotted Hyena,Mammalia,serengeti,-3.159489,35.580878,2026-06-01
Crocuta crocuta,Spotted Hyena,Mammalia,serengeti,-1.543688,35.158783,2026-06-20
Crocuta crocuta,Spotted Hyena,Mammalia,serengeti,-2.610779,34.989565,2026-06-22
Crocuta crocuta,Spotted Hyena,Mammalia,serengeti,-3.220509,35.550616,2026-06-17
Crocuta crocuta,Spotted Hyena,Mammalia,serengeti,-2.644283,35.04562,2026-06-25
Crocuta crocuta,Spotted Hyena,Mammalia,serengeti,-2.396597,34.898436,2026-06-25
Crocuta crocuta,Spotted Hyena,Mammalia,serengeti,-2.501628,34.99986,2026-06-16
Crocuta crocuta,Spotted Hyena,Mammalia,serengeti,-3.210627,35.583993,2026-06-17
Crocuta crocuta,Spotted Hyena,Mammalia,serengeti,-1.528319,35.299797,2026-06-20
Crocuta crocuta,Spotted Hyena,Mammalia,serengeti,-1.520514,35.270905,2026-06-22
Crocuta crocuta,Spotted Hyena,Mammalia,serengeti,-1.525366,35.304563,2026-06-20
Crocuta crocuta,Spotted Hyena,Mammalia,serengeti,-3.160117,35.557183,2026-06-06
Crocuta crocuta,Spotted Hyena,Mammalia,serengeti,-2.816812,35.273954,2026-06-10
Crocuta crocuta,Spotted Hyena,Mammalia,serengeti,-1.491393,35.161194,2026-06-21
Crocuta crocuta,Spotted Hyena,Mammalia,serengeti,-3.19198,35.601428,2026-06-28
Crocuta crocuta,Spotted Hyena,Mammalia,serengeti,-2.615642,34.892672,2026-06-24
Crocuta crocuta,Spotted Hyena,Mammalia,serengeti,-1.480414,35.113168,2026-07-10
Crocuta crocuta,Spotted Hyena,Mammalia,serengeti,-1.574067,35.254422,2026-07-13
Crocuta crocuta,Spotted Hyena,Mammalia,serengeti,-2.500939,34.846165,2026-07-06
Crocuta crocuta,Spotted Hyena,Mammalia,serengeti,-2.80397,33.982979,2026-07-19
Crocuta crocuta,Spotted Hyena,Mammalia,serengeti,-1.53315,35.192217,2026-07-14
Crocuta crocuta,Spotted Hyena,Mammalia,serengeti,-1.532053,35.120845,2026-07-13
Crocuta crocuta,Spotted Hyena,Mammalia,serengeti,-2.558166,34.795032,2026-07-09
Crocuta crocuta,Spotted Hyena,Mammalia,serengeti,-2.45827,34.763722,2026-07-13
Crocuta crocuta,Spotted Hyena,Mammalia,serengeti,-2.455001,34.888623,2026-07-21
Crocuta crocuta,Spotted Hyena,Mammalia,serengeti,-1.8936,34.68565,2026-07-10
Crocuta crocuta,Spotted Hyena,Mammalia,serengeti,-2.485255,34.962853,2026-07-30
Crocuta crocuta,Spotted Hyena,Mammalia,serengeti,-1.452703,35.186828,2026-07-31
Crocuta crocuta,Spotted Hyena,Mammalia,serengeti,-2.414306,34.842744,2026-07-12
Crocuta crocuta,Spotted Hyena,Mammalia,serengeti,-1.442125,35.201908,2026-07-30
Crocuta crocuta,Spotted Hyena,Mammalia,serengeti,-1.502725,35.115,2026-08-06
Crocuta crocuta,Spotted Hyena,Mammalia,serengeti,-1.43668,35.158889,2026-08-03
Crocuta crocuta,Spotted Hyena,Mammalia,serengeti,-1.471826,35.097851,2026-08-06
Crocuta crocuta,Spotted Hyena,Mammalia,serengeti,-1.464892,35.042083,2026-08-06
Crocuta crocuta,Spotted Hyena,Mammalia,serengeti,-3.199828,35.587181,2026-08-16
Crocuta crocuta,Spotted Hyena,Mammalia,serengeti,-3.16053,35.569538,2026-08-21
Crocuta crocuta,Spotted Hyena,Mammalia,serengeti,-2.454702,34.801342,2026-08-10
Crocuta crocuta,Spotted Hyena,Mammalia,serengeti,-1.45367,35.167653,2026-08-10
Crocuta crocuta,Spotted Hyena,Mammalia,serengeti,-1.580211,35.220988,2026-08-15
Crocuta crocuta,Spotted Hyena,Mammalia,serengeti,-2.384831,34.896114,2026-08-10
Crocuta crocuta,Spotted Hyena,Mammalia,serengeti,-2.428067,34.822277,2026-08-16
Crocuta crocuta,Spotted Hyena,Mammalia,serengeti,-1.612244,35.323642,2026-08-12
Crocuta crocuta,Spotted Hyena,Mammalia,serengeti,-1.533753,35.191822,2026-08-16
Crocuta crocuta,Spotted Hyena,Mammalia,serengeti,-1.578188,34.899588,2026-08-24
Crocuta crocuta,Spotted Hyena,Mammalia,serengeti,-1.443349,35.18075,2026-08-02
Crocuta crocuta,Spotted Hyena,Mammalia,serengeti,-2.415983,34.685651,2026-08-14
Crocuta crocuta,Spotted Hyena,Mammalia,serengeti,-2.508369,34.888547,2026-08-09
Crocuta crocuta,Spotted Hyena,Mammalia,serengeti,-2.415983,34.685651,2026-08-13
Crocuta crocuta,Spotted Hyena,Mammalia,serengeti,-2.411144,34.879786,2026-08-11
Crocuta crocuta,Spotted Hyena,Mammalia,serengeti,-1.52953,35.04773,2026-08-11
Crocuta crocuta,Spotted Hyena,Mammalia,serengeti,-1.542691,35.183495,2026-08-04
Crocuta crocuta,Spotted Hyena,Mammalia,serengeti,-1.516977,35.086815,2026-08-05
Crocuta crocuta,Spotted Hyena,Mammalia,serengeti,-1.463367,35.456364,2026-08-18
Crocuta crocuta,Spotted Hyena,Mammalia,serengeti,-1.535112,35.233637,2026-08-19
Crocuta crocuta,Spotted Hyena,Mammalia,serengeti,-1.532487,35.253105,2026-08-18
Crocuta crocuta,Spotted Hyena,Mammalia,serengeti,-1.532113,35.098352,2026-09-07
Crocuta crocuta,Spotted Hyena,Mammalia,serengeti,-1.503859,35.250945,2026-09-01
Crocuta crocuta,Spotted Hyena,Mammalia,serengeti,-3.16635,35.537455,2025-01-03
Crocuta crocuta,Spotted Hyena,Mammalia,serengeti,-2.959363,35.383308,2025-01-17
Crocuta crocuta,Spotted Hyena,Mammalia,serengeti,-2.396308,34.81699,2025-01-23
Crocuta crocuta,Spotted Hyena,Mammalia,serengeti,-2.419564,34.801939,2025-01-22
Crocuta crocuta,Spotted Hyena,Mammalia,serengeti,-2.995792,34.974705,2025-01-24
Crocuta crocuta,Spotted Hyena,Mammalia,serengeti,-2.618835,34.949375,2025-01-23
Crocuta crocuta,Spotted Hyena,Mammalia,serengeti,-1.578922,35.215592,2025-01-24
Crocuta crocuta,Spotted Hyena,Mammalia,serengeti,-3.222215,35.534055,2025-01-15
Crocuta crocuta,Spotted Hyena,Mammalia,serengeti,-3.211986,35.532861,2025-01-18
Crocuta crocuta,Spotted Hyena,Mammalia,serengeti,-2.442746,34.558056,2025-01-08
Crocuta crocuta,Spotted Hyena,Mammalia,serengeti,-2.902948,35.141022,2025-02-07
Crocuta crocuta,Spotted Hyena,Mammalia,serengeti,-2.881457,34.891892,2025-02-23
Crocuta crocuta,Spotted Hyena,Mammalia,serengeti,-2.422533,34.896301,2025-02-25
Crocuta crocuta,Spotted Hyena,Mammalia,serengeti,-2.864206,35.049483,2025-02-10
Crocuta crocuta,Spotted Hyena,Mammalia,serengeti,-2.931649,35.683771,2025-02-26
Crocuta crocuta,Spotted Hyena,Mammalia,serengeti,-3.154792,35.530226,2025-02-06
Crocuta crocuta,Spotted Hyena,Mammalia,serengeti,-3.065367,35.38176,2025-02-16
Crocuta crocuta,Spotted Hyena,Mammalia,serengeti,-3.065367,35.38176,2025-02-17
Crocuta crocuta,Spotted Hyena,Mammalia,serengeti,-3.161752,35.58767,2025-02-26
Crocuta crocuta,Spotted Hyena,Mammalia,serengeti,-2.988601,34.981541,2025-02-07
Crocuta crocuta,Spotted Hyena,Mammalia,serengeti,-2.333333,34.833333,2025-02-27
Crocuta crocuta,Spotted Hyena,Mammalia,serengeti,-3.17104,35.523124,2025-02-20
Crocuta crocuta,Spotted Hyena,Mammalia,serengeti,-1.523572,35.325612,2025-02-28
Crocuta crocuta,Spotted Hyena,Mammalia,serengeti,-1.52253,35.090917,2025-02-28
Crocuta crocuta,Spotted Hyena,Mammalia,serengeti,-2.745643,35.095224,2025-02-09
Crocuta crocuta,Spotted Hyena,Mammalia,serengeti,-2.751527,35.090235,2025-02-09
Crocuta crocuta,Spotted Hyena,Mammalia,serengeti,-3.183852,35.572742,2025-02-14
Crocuta crocuta,Spotted Hyena,Mammalia,serengeti,-2.439801,34.680169,2025-02-16
Crocuta crocuta,Spotted Hyena,Mammalia,serengeti,-2.376059,34.914258,2025-02-18
Crocuta crocuta,Spotted Hyena,Mammalia,serengeti,-3.164803,35.557408,2025-02-23
Crocuta crocuta,Spotted Hyena,Mammalia,serengeti,-1.482132,35.12999,2025-02-07
Crocuta crocuta,Spotted Hyena,Mammalia,serengeti,-1.523143,35.252609,2025-02-19
Crocuta crocuta,Spotted Hyena,Mammalia,serengeti,-1.577462,35.211288,2025-02-20
Crocuta crocuta,Spotted Hyena,Mammalia,serengeti,-2.905358,35.140775,2025-02-06
Crocuta crocuta,Spotted Hyena,Mammalia,serengeti,-2.417669,34.8885,2025-02-07
Crocuta crocuta,Spotted Hyena,Mammalia,serengeti,-2.656633,35.11356,2025-02-07
Crocuta crocuta,Spotted Hyena,Mammalia,serengeti,-1.482116,35.129989,2025-02-17
Crocuta crocuta,Spotted Hyena,Mammalia,serengeti,-1.4785,34.982371,2025-02-16
Crocuta crocuta,Spotted Hyena,Mammalia,serengeti,-3.15601,35.545862,2025-03-06
Crocuta crocuta,Spotted Hyena,Mammalia,serengeti,-2.333333,34.833333,2025-03-08
Crocuta crocuta,Spotted Hyena,Mammalia,serengeti,-2.333333,34.833333,2025-03-09
Crocuta crocuta,Spotted Hyena,Mammalia,serengeti,-1.467742,35.207212,2025-03-12
Crocuta crocuta,Spotted Hyena,Mammalia,serengeti,-2.354099,34.820968,2025-03-02
Crocuta crocuta,Spotted Hyena,Mammalia,serengeti,-3.17719,35.555195,2025-03-12
Crocuta crocuta,Spotted Hyena,Mammalia,serengeti,-2.246099,34.839769,2025-03-17
Crocuta crocuta,Spotted Hyena,Mammalia,serengeti,-1.45688,35.19369,2025-03-24
Crocuta crocuta,Spotted Hyena,Mammalia,serengeti,-1.49952,35.283067,2025-03-02
Crocuta crocuta,Spotted Hyena,Mammalia,serengeti,-2.30177,34.8358,2025-03-27
Crocuta crocuta,Spotted Hyena,Mammalia,serengeti,-3.18623,35.537528,2025-03-21
Crocuta crocuta,Spotted Hyena,Mammalia,serengeti,-3.058075,35.415014,2025-03-02
Crocuta crocuta,Spotted Hyena,Mammalia,serengeti,-1.462683,35.146142,2025-04-05
Crocuta crocuta,Spotted Hyena,Mammalia,serengeti,-2.955872,35.054497,2025-04-05
Crocuta crocuta,Spotted Hyena,Mammalia,serengeti,-1.472133,35.179132,2025-04-05
Crocuta crocuta,Spotted Hyena,Mammalia,serengeti,-3.166267,35.519497,2025-04-10
Crocuta crocuta,Spotted Hyena,Mammalia,serengeti,-1.472193,35.177005,2025-04-05
Crocuta crocuta,Spotted Hyena,Mammalia,serengeti,-2.834621,34.99911,2025-04-05
Crocuta crocuta,Spotted Hyena,Mammalia,serengeti,-2.29605,34.801942,2025-04-18
Crocuta crocuta,Spotted Hyena,Mammalia,serengeti,-2.876785,35.082387,2025-04-16
Crocuta crocuta,Spotted Hyena,Mammalia,serengeti,-1.47424,35.16287,2025-04-05
Crocuta crocuta,Spotted Hyena,Mammalia,serengeti,-1.463132,35.145662,2025-04-05
Crocuta crocuta,Spotted Hyena,Mammalia,serengeti,-3.223226,35.554173,2025-04-10
Crocuta crocuta,Spotted Hyena,Mammalia,serengeti,-3.158384,35.543518,2025-04-06
Crocuta crocuta,Spotted Hyena,Mammalia,serengeti,-1.482695,35.095593,2025-04-08
Crocuta crocuta,Spotted Hyena,Mammalia,serengeti,-1.433854,35.345028,2025-05-10
Crocuta crocuta,Spotted Hyena,Mammalia,serengeti,-3.158617,35.572292,2025-05-19
Crocuta crocuta,Spotted Hyena,Mammalia,serengeti,-2.552767,34.858005,2025-05-26
Crocuta crocuta,Spotted Hyena,Mammalia,serengeti,-1.502725,35.115,2025-05-21
Crocuta crocuta,Spotted Hyena,Mammalia,serengeti,-2.498153,35.046286,2025-05-29
Crocuta crocuta,Spotted Hyena,Mammalia,serengeti,-1.893519,34.685651,2025-05-31
Crocuta crocuta,Spotted Hyena,Mammalia,serengeti,-3.18707,35.614034,2025-05-14
Crocuta crocuta,Spotted Hyena,Mammalia,serengeti,-1.556658,35.227767,2025-05-24
Crocuta crocuta,Spotted Hyena,Mammalia,serengeti,-3.161752,35.58767,2025-05-22
Crocuta crocuta,Spotted Hyena,Mammalia,serengeti,-1.462312,35.215555,2025-06-04
Crocuta crocuta,Spotted Hyena,Mammalia,serengeti,-1.465866,35.098474,2025-06-13
Crocuta crocuta,Spotted Hyena,Mammalia,serengeti,-1.473713,35.270428,2025-06-23
Crocuta crocuta,Spotted Hyena,Mammalia,serengeti,-2.417837,34.811133,2025-06-20
Crocuta crocuta,Spotted Hyena,Mammalia,serengeti,-3.161752,35.58767,2025-06-20
Crocuta crocuta,Spotted Hyena,Mammalia,serengeti,-2.333127,34.833333,2025-06-29
Crocuta crocuta,Spotted Hyena,Mammalia,serengeti,-2.487512,34.95577,2025-06-22
Crocuta crocuta,Spotted Hyena,Mammalia,serengeti,-2.333127,34.833333,2025-06-27
Crocuta crocuta,Spotted Hyena,Mammalia,serengeti,-1.440362,34.963287,2025-06-26
Crocuta crocuta,Spotted Hyena,Mammalia,serengeti,-2.644832,35.038195,2025-06-26
Crocuta crocuta,Spotted Hyena,Mammalia,serengeti,-2.435828,34.8224,2025-06-22
Crocuta crocuta,Spotted Hyena,Mammalia,serengeti,-3.159606,35.558289,2025-06-26
Crocuta crocuta,Spotted Hyena,Mammalia,serengeti,-2.533653,34.912984,2025-06-25
Crocuta crocuta,Spotted Hyena,Mammalia,serengeti,-2.533653,34.912984,2025-06-23
Crocuta crocuta,Spotted Hyena,Mammalia,serengeti,-3.161752,35.58767,2025-06-23
Crocuta crocuta,Spotted Hyena,Mammalia,serengeti,-3.167197,35.540038,2025-06-24
Crocuta crocuta,Spotted Hyena,Mammalia,serengeti,-2.626767,34.89533,2025-06-24
Crocuta crocuta,Spotted Hyena,Mammalia,serengeti,-2.6315,34.897765,2025-06-24
Crocuta crocuta,Spotted Hyena,Mammalia,serengeti,-3.161749,35.58767,2025-06-27
Crocuta crocuta,Spotted Hyena,Mammalia,serengeti,-2.639247,34.902652,2025-06-24
Crocuta crocuta,Spotted Hyena,Mammalia,serengeti,-2.618267,34.89308,2025-06-24
Crocuta crocuta,Spotted Hyena,Mammalia,serengeti,-2.402237,34.950217,2025-06-21
Crocuta crocuta,Spotted Hyena,Mammalia,serengeti,-2.4831,34.967928,2025-07-01
Crocuta crocuta,Spotted Hyena,Mammalia,serengeti,-3.204933,35.56752,2025-07-20
Crocuta crocuta,Spotted Hyena,Mammalia,serengeti,-2.454695,34.881592,2025-07-13
Crocuta crocuta,Spotted Hyena,Mammalia,serengeti,-3.186281,35.503967,2025-07-09
Crocuta crocuta,Spotted Hyena,Mammalia,serengeti,-3.168864,35.485287,2025-07-09
Crocuta crocuta,Spotted Hyena,Mammalia,serengeti,-2.443642,34.814289,2025-07-08
Crocuta crocuta,Spotted Hyena,Mammalia,serengeti,-2.377671,34.829567,2025-07-08
Crocuta crocuta,Spotted Hyena,Mammalia,serengeti,-3.190429,35.571653,2025-07-20
Crocuta crocuta,Spotted Hyena,Mammalia,serengeti,-1.534294,35.326328,2025-07-12
Crocuta crocuta,Spotted Hyena,Mammalia,serengeti,-3.229235,35.490323,2025-07-28
Crocuta crocuta,Spotted Hyena,Mammalia,serengeti,-1.482132,35.12999,2025-07-24
Crocuta crocuta,Spotted Hyena,Mammalia,serengeti,-1.51647,35.085157,2025-07-14
Crocuta crocuta,Spotted Hyena,Mammalia,serengeti,-2.709177,34.98779,2025-07-15
Crocuta crocuta,Spotted Hyena,Mammalia,serengeti,-3.204842,35.567488,2025-07-20
Crocuta crocuta,Spotted Hyena,Mammalia,serengeti,-2.869705,35.069924,2025-07-15
Crocuta crocuta,Spotted Hyena,Mammalia,serengeti,-3.202488,35.565933,2025-07-26
Crocuta crocuta,Spotted Hyena,Mammalia,serengeti,-3.174026,35.563739,2025-07-27
Crocuta crocuta,Spotted Hyena,Mammalia,serengeti,-1.478612,35.102524,2025-07-25
Crocuta crocuta,Spotted Hyena,Mammalia,serengeti,-1.473121,35.112137,2025-07-27
Crocuta crocuta,Spotted Hyena,Mammalia,serengeti,-1.479985,35.102524,2025-07-25
Crocuta crocuta,Spotted Hyena,Mammalia,serengeti,-1.451155,35.020126,2025-07-25
Crocuta crocuta,Spotted Hyena,Mammalia,serengeti,-1.943537,35.535587,2025-07-18
Crocuta crocuta,Spotted Hyena,Mammalia,serengeti,-3.034623,35.458588,2025-07-24
Crocuta crocuta,Spotted Hyena,Mammalia,serengeti,-1.58937,34.965965,2025-07-26
Crocuta crocuta,Spotted Hyena,Mammalia,serengeti,-3.177372,35.51131,2025-07-20
Crocuta crocuta,Spotted Hyena,Mammalia,serengeti,-3.177372,35.51131,2025-07-20
Crocuta crocuta,Spotted Hyena,Mammalia,serengeti,-1.469747,35.260475,2025-07-27
Crocuta crocuta,Spotted Hyena,Mammalia,serengeti,-1.549868,35.358102,2025-07-27
Crocuta crocuta,Spotted Hyena,Mammalia,serengeti,-2.31455,34.71957,2025-07-17
Crocuta crocuta,Spotted Hyena,Mammalia,serengeti,-1.922896,35.471444,2025-07-17
Crocuta crocuta,Spotted Hyena,Mammalia,serengeti,-1.505456,35.104888,2025-07-04
Crocuta crocuta,Spotted Hyena,Mammalia,serengeti,-2.469136,34.902046,2025-08-01
Crocuta crocuta,Spotted Hyena,Mammalia,serengeti,-1.561962,35.231292,2025-08-04
Crocuta crocuta,Spotted Hyena,Mammalia,serengeti,-1.499647,35.126643,2025-08-01
Crocuta crocuta,Spotted Hyena,Mammalia,serengeti,-2.54457,34.854776,2025-08-09
Crocuta crocuta,Spotted Hyena,Mammalia,serengeti,-1.579623,34.949454,2025-08-07
Crocuta crocuta,Spotted Hyena,Mammalia,serengeti,-1.436112,35.093132,2025-08-08
Crocuta crocuta,Spotted Hyena,Mammalia,serengeti,-3.160089,35.56117,2025-08-18
Crocuta crocuta,Spotted Hyena,Mammalia,serengeti,-1.549102,35.281642,2025-08-15
Crocuta crocuta,Spotted Hyena,Mammalia,serengeti,-3.200499,35.587739,2025-08-08
Crocuta crocuta,Spotted Hyena,Mammalia,serengeti,-2.062708,34.432687,2025-08-14
Crocuta crocuta,Spotted Hyena,Mammalia,serengeti,-2.646275,34.905312,2025-08-08
Crocuta crocuta,Spotted Hyena,Mammalia,serengeti,-3.179911,35.568508,2025-08-12
Crocuta crocuta,Spotted Hyena,Mammalia,serengeti,-1.443151,35.202724,2025-08-30
Crocuta crocuta,Spotted Hyena,Mammalia,serengeti,-3.180078,35.568955,2025-08-13
Crocuta crocuta,Spotted Hyena,Mammalia,serengeti,-3.161752,35.58767,2025-08-19
Crocuta crocuta,Spotted Hyena,Mammalia,serengeti,-2.645425,35.039197,2025-08-11
Crocuta crocuta,Spotted Hyena,Mammalia,serengeti,-1.549085,35.281715,2025-08-15
Crocuta crocuta,Spotted Hyena,Mammalia,serengeti,-3.152361,35.597033,2025-08-31
Crocuta crocuta,Spotted Hyena,Mammalia,serengeti,-1.545489,35.142493,2025-08-31
Crocuta crocuta,Spotted Hyena,Mammalia,serengeti,-1.505297,35.084899,2025-08-17
Crocuta crocuta,Spotted Hyena,Mammalia,serengeti,-1.642,34.907007,2025-09-05
Crocuta crocuta,Spotted Hyena,Mammalia,serengeti,-2.333306,34.833333,2025-09-02
Crocuta crocuta,Spotted Hyena,Mammalia,serengeti,-2.402347,34.73402,2025-09-01
Crocuta crocuta,Spotted Hyena,Mammalia,serengeti,-1.609094,35.327005,2025-09-07
Crocuta crocuta,Spotted Hyena,Mammalia,serengeti,-1.466191,35.042947,2025-09-09
Crocuta crocuta,Spotted Hyena,Mammalia,serengeti,-1.997975,34.746505,2025-09-23
Crocuta crocuta,Spotted Hyena,Mammalia,serengeti,-1.46134,35.179601,2025-09-28
Crocuta crocuta,Spotted Hyena,Mammalia,serengeti,-1.583906,35.288694,2025-09-19
Crocuta crocuta,Spotted Hyena,Mammalia,serengeti,-1.574104,35.217313,2025-09-20
Crocuta crocuta,Spotted Hyena,Mammalia,serengeti,-1.587779,35.257845,2025-09-21
Crocuta crocuta,Spotted Hyena,Mammalia,serengeti,-1.576659,35.300598,2025-09-21
Crocuta crocuta,Spotted Hyena,Mammalia,serengeti,-1.574104,35.217313,2025-09-20
Crocuta crocuta,Spotted Hyena,Mammalia,serengeti,-2.099995,34.235165,2025-09-27
Crocuta crocuta,Spotted Hyena,Mammalia,serengeti,-1.574104,35.217313,2025-09-20
Crocuta crocuta,Spotted Hyena,Mammalia,serengeti,-2.333306,34.833333,2025-09-16
Crocuta crocuta,Spotted Hyena,Mammalia,serengeti,-2.477897,34.912731,2025-09-15
Crocuta crocuta,Spotted Hyena,Mammalia,serengeti,-3.165564,35.596917,2025-09-05
Crocuta crocuta,Spotted Hyena,Mammalia,serengeti,-1.482132,35.12999,2025-09-06
Crocuta crocuta,Spotted Hyena,Mammalia,serengeti,-3.156189,35.64129,2025-09-06
Crocuta crocuta,Spotted Hyena,Mammalia,serengeti,-2.772503,34.970203,2025-09-18
Crocuta crocuta,Spotted Hyena,Mammalia,serengeti,-3.19631,35.477201,2025-09-02
Crocuta crocuta,Spotted Hyena,Mammalia,serengeti,-3.162003,35.570996,2025-09-03
Crocuta crocuta,Spotted Hyena,Mammalia,serengeti,-2.333333,34.833333,2025-09-06
Crocuta crocuta,Spotted Hyena,Mammalia,serengeti,-3.052821,35.38271,2025-09-09
Crocuta crocuta,Spotted Hyena,Mammalia,serengeti,-1.582233,34.97485,2025-09-20
Crocuta crocuta,Spotted Hyena,Mammalia,serengeti,-1.524135,35.038123,2025-10-06
Crocuta crocuta,Spotted Hyena,Mammalia,serengeti,-1.513915,35.11386,2025-10-06
Crocuta crocuta,Spotted Hyena,Mammalia,serengeti,-1.537605,35.038667,2025-10-06
Crocuta crocuta,Spotted Hyena,Mammalia,serengeti,-3.222628,35.567403,2025-10-08
Crocuta crocuta,Spotted Hyena,Mammalia,serengeti,-2.209053,34.8101,2025-10-19
Crocuta crocuta,Spotted Hyena,Mammalia,serengeti,-2.482278,34.970088,2025-10-06
Crocuta crocuta,Spotted Hyena,Mammalia,serengeti,-1.455062,35.196464,2025-10-23
Crocuta crocuta,Spotted Hyena,Mammalia,serengeti,-1.457397,35.192939,2025-10-22
Crocuta crocuta,Spotted Hyena,Mammalia,serengeti,-1.533285,35.181644,2025-10-22
Crocuta crocuta,Spotted Hyena,Mammalia,serengeti,-1.893519,34.685651,2025-10-23
Crocuta crocuta,Spotted Hyena,Mammalia,serengeti,-1.531691,35.187072,2025-10-01
Crocuta crocuta,Spotted Hyena,Mammalia,serengeti,-1.76524,35.055219,2025-10-21
Crocuta crocuta,Spotted Hyena,Mammalia,serengeti,-1.470277,35.067324,2025-10-19
Crocuta crocuta,Spotted Hyena,Mammalia,serengeti,-2.63774,34.902936,2025-10-14
Crocuta crocuta,Spotted Hyena,Mammalia,serengeti,-1.455062,35.196464,2025-10-23
Crocuta crocuta,Spotted Hyena,Mammalia,serengeti,-1.533285,35.181644,2025-10-22
Crocuta crocuta,Spotted Hyena,Mammalia,serengeti,-1.451618,35.186216,2025-10-22
Crocuta crocuta,Spotted Hyena,Mammalia,serengeti,-1.481119,35.210422,2025-10-23
Crocuta crocuta,Spotted Hyena,Mammalia,serengeti,-1.457397,35.192939,2025-10-22
Crocuta crocuta,Spotted Hyena,Mammalia,serengeti,-1.481119,35.210422,2025-10-23
Crocuta crocuta,Spotted Hyena,Mammalia,serengeti,-1.455062,35.196464,2025-10-23
Crocuta crocuta,Spotted Hyena,Mammalia,serengeti,-2.420305,34.784332,2025-10-15
Crocuta crocuta,Spotted Hyena,Mammalia,serengeti,-1.482132,35.12999,2025-10-21
Crocuta crocuta,Spotted Hyena,Mammalia,serengeti,-1.482132,35.12999,2025-10-21
Crocuta crocuta,Spotted Hyena,Mammalia,serengeti,-1.893519,34.685651,2025-10-26
Crocuta crocuta,Spotted Hyena,Mammalia,serengeti,-1.478505,35.050006,2025-10-22
Crocuta crocuta,Spotted Hyena,Mammalia,serengeti,-1.468706,35.063244,2025-10-22
Crocuta crocuta,Spotted Hyena,Mammalia,serengeti,-1.448634,35.022152,2025-10-21
Crocuta crocuta,Spotted Hyena,Mammalia,serengeti,-2.512998,34.862993,2025-10-17
Crocuta crocuta,Spotted Hyena,Mammalia,serengeti,-1.439723,35.095045,2025-10-22
Crocuta crocuta,Spotted Hyena,Mammalia,serengeti,-2.397699,34.912474,2025-11-07
Crocuta crocuta,Spotted Hyena,Mammalia,serengeti,-1.586798,34.930367,2025-11-05
Crocuta crocuta,Spotted Hyena,Mammalia,serengeti,-2.63812,34.902313,2025-11-28
Crocuta crocuta,Spotted Hyena,Mammalia,serengeti,-2.638147,34.902308,2025-11-28
Crocuta crocuta,Spotted Hyena,Mammalia,serengeti,-2.334713,34.735788,2025-11-28
Crocuta crocuta,Spotted Hyena,Mammalia,serengeti,-2.325995,34.737992,2025-11-30
Crocuta crocuta,Spotted Hyena,Mammalia,serengeti,-3.161752,35.58767,2025-11-27
Crocuta crocuta,Spotted Hyena,Mammalia,serengeti,-2.48975,34.717977,2025-11-29
Crocuta crocuta,Spotted Hyena,Mammalia,serengeti,-2.48975,34.717977,2025-11-29
Crocuta crocuta,Spotted Hyena,Mammalia,serengeti,-2.48975,34.717977,2025-11-30
Crocuta crocuta,Spotted Hyena,Mammalia,serengeti,-2.48975,34.717977,2025-11-30
Crocuta crocuta,Spotted Hyena,Mammalia,serengeti,-3.161752,35.58767,2025-11-28
Crocuta crocuta,Spotted Hyena,Mammalia,serengeti,-2.48975,34.717977,2025-11-29
Crocuta crocuta,Spotted Hyena,Mammalia,serengeti,-2.48975,34.717977,2025-11-29
Crocuta crocuta,Spotted Hyena,Mammalia,serengeti,-1.57335,35.071848,2025-12-10
Crocuta crocuta,Spotted Hyena,Mammalia,serengeti,-2.472533,34.787167,2025-12-15
Crocuta crocuta,Spotted Hyena,Mammalia,serengeti,-3.060851,35.550951,2025-12-04
Crocuta crocuta,Spotted Hyena,Mammalia,serengeti,-2.54168,34.761726,2025-12-19
Crocuta crocuta,Spotted Hyena,Mammalia,serengeti,-2.630259,34.896705,2025-12-29
Crocuta crocuta,Spotted Hyena,Mammalia,serengeti,-1.478785,35.124137,2025-12-21
Crocuta crocuta,Spotted Hyena,Mammalia,serengeti,-2.630947,34.897282,2025-12-29
Crocuta crocuta,Spotted Hyena,Mammalia,serengeti,-1.478785,35.124137,2025-12-21
Crocuta crocuta,Spotted Hyena,Mammalia,serengeti,-2.628275,34.89583,2025-12-29
Crocuta crocuta,Spotted Hyena,Mammalia,serengeti,-2.858485,35.045086,2025-12-31
Crocuta crocuta,Spotted Hyena,Mammalia,serengeti,-2.438212,34.856201,2025-12-30
Crocuta crocuta,Spotted Hyena,Mammalia,serengeti,-2.544067,34.85466,2025-12-29
Crocuta crocuta,Spotted Hyena,Mammalia,serengeti,-2.153747,35.015506,2025-12-30
Crocuta crocuta,Spotted Hyena,Mammalia,serengeti,-3.229342,35.547383,2024-01-03
Crocuta crocuta,Spotted Hyena,Mammalia,serengeti,-1.503327,35.203324,2024-01-24
Crocuta crocuta,Spotted Hyena,Mammalia,serengeti,-3.158494,35.51118,2024-01-26
Crocuta crocuta,Spotted Hyena,Mammalia,serengeti,-2.953033,35.054564,2024-01-25
Crocuta crocuta,Spotted Hyena,Mammalia,serengeti,-3.152186,34.798832,2024-01-30
Crocuta crocuta,Spotted Hyena,Mammalia,serengeti,-1.8936,34.685651,2024-01-23
Crocuta crocuta,Spotted Hyena,Mammalia,serengeti,-1.470819,35.211908,2024-01-27
Crocuta crocuta,Spotted Hyena,Mammalia,serengeti,-1.55476,35.142625,2024-01-20
Crocuta crocuta,Spotted Hyena,Mammalia,serengeti,-1.482132,35.12999,2024-01-10
Crocuta crocuta,Spotted Hyena,Mammalia,serengeti,-2.231211,34.787274,2024-01-12
Crocuta crocuta,Spotted Hyena,Mammalia,serengeti,-1.612456,35.321194,2024-01-03
Crocuta crocuta,Spotted Hyena,Mammalia,serengeti,-3.154058,35.676178,2024-01-06
Crocuta crocuta,Spotted Hyena,Mammalia,serengeti,-2.986367,34.928554,2024-02-04
Crocuta crocuta,Spotted Hyena,Mammalia,serengeti,-2.962544,34.907212,2024-02-04
Crocuta crocuta,Spotted Hyena,Mammalia,serengeti,-2.972829,34.915452,2024-02-04
Crocuta crocuta,Spotted Hyena,Mammalia,serengeti,-2.969401,34.906525,2024-02-04
Crocuta crocuta,Spotted Hyena,Mammalia,serengeti,-2.963058,34.916482,2024-02-04
Crocuta crocuta,Spotted Hyena,Mammalia,serengeti,-1.52753,35.182657,2024-02-20
Crocuta crocuta,Spotted Hyena,Mammalia,serengeti,-2.892787,35.108764,2024-02-29
Crocuta crocuta,Spotted Hyena,Mammalia,serengeti,-2.961172,34.91116,2024-02-05
Crocuta crocuta,Spotted Hyena,Mammalia,serengeti,-2.974715,34.925236,2024-02-05
Crocuta crocuta,Spotted Hyena,Mammalia,serengeti,-2.955172,34.907727,2024-02-04
Crocuta crocuta,Spotted Hyena,Mammalia,serengeti,-2.907855,35.029091,2024-02-06
Crocuta crocuta,Spotted Hyena,Mammalia,serengeti,-1.450827,35.20499,2024-02-16
Crocuta crocuta,Spotted Hyena,Mammalia,serengeti,-1.475575,35.208435,2024-02-16
Crocuta crocuta,Spotted Hyena,Mammalia,serengeti,-1.45515,35.201452,2024-02-16
Crocuta crocuta,Spotted Hyena,Mammalia,serengeti,-3.167759,35.500629,2024-02-20
Crocuta crocuta,Spotted Hyena,Mammalia,serengeti,-2.546127,34.855278,2024-02-20
Crocuta crocuta,Spotted Hyena,Mammalia,serengeti,-2.442967,34.815346,2024-02-20
Crocuta crocuta,Spotted Hyena,Mammalia,serengeti,-1.451579,35.169584,2024-02-06
Crocuta crocuta,Spotted Hyena,Mammalia,serengeti,-3.161749,35.58767,2024-02-29
Crocuta crocuta,Spotted Hyena,Mammalia,serengeti,-1.466438,35.114447,2024-02-18
Crocuta crocuta,Spotted Hyena,Mammalia,serengeti,-2.884032,35.094084,2024-02-09
Crocuta crocuta,Spotted Hyena,Mammalia,serengeti,-2.627199,34.805423,2024-02-09
Crocuta crocuta,Spotted Hyena,Mammalia,serengeti,-3.169312,35.585403,2024-02-05
Crocuta crocuta,Spotted Hyena,Mammalia,serengeti,-2.262478,34.796734,2024-02-02
Crocuta crocuta,Spotted Hyena,Mammalia,serengeti,-2.6734,35.110382,2024-02-22
Crocuta crocuta,Spotted Hyena,Mammalia,serengeti,-3.056072,34.971197,2024-02-06
Crocuta crocuta,Spotted Hyena,Mammalia,serengeti,-1.533755,35.038692,2024-03-01
Crocuta crocuta,Spotted Hyena,Mammalia,serengeti,-2.891381,35.10655,2024-03-04
Crocuta crocuta,Spotted Hyena,Mammalia,serengeti,-2.866429,35.063161,2024-03-04
Crocuta crocuta,Spotted Hyena,Mammalia,serengeti,-2.419795,34.891443,2024-03-09
Crocuta crocuta,Spotted Hyena,Mammalia,serengeti,-2.69885,34.932033,2024-03-04
Crocuta crocuta,Spotted Hyena,Mammalia,serengeti,-3.173774,35.51895,2024-03-06
Crocuta crocuta,Spotted Hyena,Mammalia,serengeti,-2.893924,35.11089,2024-03-04
Crocuta crocuta,Spotted Hyena,Mammalia,serengeti,-3.161129,35.5246,2024-03-06
Crocuta crocuta,Spotted Hyena,Mammalia,serengeti,-3.172189,35.523284,2024-03-06
Crocuta crocuta,Spotted Hyena,Mammalia,serengeti,-2.435828,34.8224,2024-03-18
Crocuta crocuta,Spotted Hyena,Mammalia,serengeti,-3.175737,35.553393,2024-03-29
Crocuta crocuta,Spotted Hyena,Mammalia,serengeti,-1.482132,35.12999,2024-04-14
Crocuta crocuta,Spotted Hyena,Mammalia,serengeti,-2.766005,34.966913,2024-05-20
Crocuta crocuta,Spotted Hyena,Mammalia,serengeti,-2.449365,34.761641,2024-05-09
Crocuta crocuta,Spotted Hyena,Mammalia,serengeti,-3.153487,35.531158,2024-05-17
Crocuta crocuta,Spotted Hyena,Mammalia,serengeti,-1.578691,35.214703,2024-05-06
Crocuta crocuta,Spotted Hyena,Mammalia,serengeti,-1.48567,35.073128,2024-05-07
Crocuta crocuta,Spotted Hyena,Mammalia,serengeti,-1.577544,35.202415,2024-05-06
Crocuta crocuta,Spotted Hyena,Mammalia,serengeti,-1.471663,35.045982,2024-05-08
Crocuta crocuta,Spotted Hyena,Mammalia,serengeti,-1.482301,35.100554,2024-05-27
Crocuta crocuta,Spotted Hyena,Mammalia,serengeti,-3.109668,35.349738,2024-05-16
Crocuta crocuta,Spotted Hyena,Mammalia,serengeti,-1.465897,35.219045,2024-05-22
Crocuta crocuta,Spotted Hyena,Mammalia,serengeti,-1.4536,35.203603,2024-06-06
Crocuta crocuta,Spotted Hyena,Mammalia,serengeti,-3.166123,35.465064,2024-06-08
Crocuta crocuta,Spotted Hyena,Mammalia,serengeti,-2.741963,35.128639,2024-06-20
Crocuta crocuta,Spotted Hyena,Mammalia,serengeti,-1.471208,35.279476,2024-06-18
Crocuta crocuta,Spotted Hyena,Mammalia,serengeti,-2.484501,34.80949,2024-06-21
Crocuta crocuta,Spotted Hyena,Mammalia,serengeti,-3.167711,35.517744,2024-06-22
Crocuta crocuta,Spotted Hyena,Mammalia,serengeti,-1.447268,35.11351,2024-06-24
Crocuta crocuta,Spotted Hyena,Mammalia,serengeti,-1.470566,35.228954,2024-06-27
Crocuta crocuta,Spotted Hyena,Mammalia,serengeti,-1.524166,35.05085,2024-06-28
Crocuta crocuta,Spotted Hyena,Mammalia,serengeti,-1.529812,35.210748,2024-06-18
Crocuta crocuta,Spotted Hyena,Mammalia,serengeti,-1.468324,35.243678,2024-06-27
Crocuta crocuta,Spotted Hyena,Mammalia,serengeti,-1.442895,34.883115,2024-06-28
Crocuta crocuta,Spotted Hyena,Mammalia,serengeti,-1.470028,35.26169,2024-06-27
Crocuta crocuta,Spotted Hyena,Mammalia,serengeti,-2.482318,34.867756,2024-06-23
Crocuta crocuta,Spotted Hyena,Mammalia,serengeti,-3.189021,35.603497,2024-06-24
Crocuta crocuta,Spotted Hyena,Mammalia,serengeti,-2.48639,34.824879,2024-06-23
Crocuta crocuta,Spotted Hyena,Mammalia,serengeti,-2.420703,34.857334,2024-06-22
Crocuta crocuta,Spotted Hyena,Mammalia,serengeti,-1.470372,35.213245,2024-06-27
Crocuta crocuta,Spotted Hyena,Mammalia,serengeti,-3.17915,35.567051,2024-06-24
Crocuta crocuta,Spotted Hyena,Mammalia,serengeti,-1.470533,35.22915,2024-06-27
Crocuta crocuta,Spotted Hyena,Mammalia,serengeti,-1.477996,35.238202,2024-06-18
Crocuta crocuta,Spotted Hyena,Mammalia,serengeti,-3.202353,35.590583,2024-06-15
Crocuta crocuta,Spotted Hyena,Mammalia,serengeti,-2.58738,34.879192,2024-06-15
Crocuta crocuta,Spotted Hyena,Mammalia,serengeti,-2.383951,34.817144,2024-06-03
Crocuta crocuta,Spotted Hyena,Mammalia,serengeti,-3.181088,35.574685,2024-06-21
Crocuta crocuta,Spotted Hyena,Mammalia,serengeti,-2.685816,35.056511,2024-06-19
Crocuta crocuta,Spotted Hyena,Mammalia,serengeti,-1.523828,35.323112,2024-07-12
Crocuta crocuta,Spotted Hyena,Mammalia,serengeti,-1.482116,35.129989,2024-07-04
Crocuta crocuta,Spotted Hyena,Mammalia,serengeti,-2.33136,34.833333,2024-07-03
Crocuta crocuta,Spotted Hyena,Mammalia,serengeti,-1.9747,35.073578,2024-07-28
Crocuta crocuta,Spotted Hyena,Mammalia,serengeti,-1.445817,35.194495,2024-07-29
Crocuta crocuta,Spotted Hyena,Mammalia,serengeti,-2.394426,34.884153,2024-07-31
Crocuta crocuta,Spotted Hyena,Mammalia,serengeti,-3.194102,35.52257,2024-07-03
Crocuta crocuta,Spotted Hyena,Mammalia,serengeti,-2.640217,34.896666,2024-07-11
Crocuta crocuta,Spotted Hyena,Mammalia,serengeti,-3.140911,35.539914,2024-07-11
Crocuta crocuta,Spotted Hyena,Mammalia,serengeti,-1.497895,35.237397,2024-07-30
Crocuta crocuta,Spotted Hyena,Mammalia,serengeti,-3.182442,35.587319,2024-07-11
Crocuta crocuta,Spotted Hyena,Mammalia,serengeti,-3.173788,35.578276,2024-07-19
Crocuta crocuta,Spotted Hyena,Mammalia,serengeti,-1.502725,35.115,2024-07-29
Crocuta crocuta,Spotted Hyena,Mammalia,serengeti,-1.461326,34.958812,2024-07-14
Crocuta crocuta,Spotted Hyena,Mammalia,serengeti,-3.172518,35.533949,2024-07-08
Crocuta crocuta,Spotted Hyena,Mammalia,serengeti,-1.482116,35.129989,2024-08-01
Crocuta crocuta,Spotted Hyena,Mammalia,serengeti,-1.482116,35.129989,2024-08-01
Crocuta crocuta,Spotted Hyena,Mammalia,serengeti,-3.164453,35.533542,2024-08-04
Crocuta crocuta,Spotted Hyena,Mammalia,serengeti,-3.198962,35.593138,2024-08-16
Crocuta crocuta,Spotted Hyena,Mammalia,serengeti,-1.483285,35.122327,2024-08-18
Crocuta crocuta,Spotted Hyena,Mammalia,serengeti,-1.515005,35.092681,2024-08-20
Crocuta crocuta,Spotted Hyena,Mammalia,serengeti,-3.157421,35.603508,2024-08-17
Crocuta crocuta,Spotted Hyena,Mammalia,serengeti,-2.582505,34.877129,2024-08-16
Crocuta crocuta,Spotted Hyena,Mammalia,serengeti,-3.170589,35.571632,2024-08-10
Crocuta crocuta,Spotted Hyena,Mammalia,serengeti,-3.1813,35.571484,2024-08-17
Crocuta crocuta,Spotted Hyena,Mammalia,serengeti,-2.383245,34.81992,2024-08-13
Crocuta crocuta,Spotted Hyena,Mammalia,serengeti,-3.229223,35.533802,2024-08-10
Crocuta crocuta,Spotted Hyena,Mammalia,serengeti,-3.20344,35.566586,2024-08-17
Crocuta crocuta,Spotted Hyena,Mammalia,serengeti,-3.229107,35.547531,2024-08-28
Crocuta crocuta,Spotted Hyena,Mammalia,serengeti,-3.20267,35.566006,2024-08-24
Crocuta crocuta,Spotted Hyena,Mammalia,serengeti,-3.207591,35.508476,2024-08-24
Crocuta crocuta,Spotted Hyena,Mammalia,serengeti,-3.172345,35.570396,2024-08-24
Crocuta crocuta,Spotted Hyena,Mammalia,serengeti,-1.514921,35.113892,2024-08-10
Crocuta crocuta,Spotted Hyena,Mammalia,serengeti,-1.503028,35.15292,2024-08-10
Acinonyx jubatus,Cheetah,Mammalia,serengeti,-1.458121,35.05989,2026-01-18
Acinonyx jubatus,Cheetah,Mammalia,serengeti,-1.596493,35.384591,2026-01-06
Acinonyx jubatus,Cheetah,Mammalia,serengeti,-1.451155,35.115893,2026-01-18
Acinonyx jubatus,Cheetah,Mammalia,serengeti,-2.452807,34.961872,2026-01-12
Acinonyx jubatus,Cheetah,Mammalia,serengeti,-3.138127,34.960164,2026-01-13
Acinonyx jubatus,Cheetah,Mammalia,serengeti,-2.999373,35.005881,2026-01-20
Acinonyx jubatus,Cheetah,Mammalia,serengeti,-1.507115,35.006399,2026-01-18
Acinonyx jubatus,Cheetah,Mammalia,serengeti,-2.676011,35.173941,2026-01-20
Acinonyx jubatus,Cheetah,Mammalia,serengeti,-1.45637,35.189759,2026-01-15
Acinonyx jubatus,Cheetah,Mammalia,serengeti,-3.183027,34.83543,2026-01-14
Acinonyx jubatus,Cheetah,Mammalia,serengeti,-2.951392,34.8323,2026-01-22
Acinonyx jubatus,Cheetah,Mammalia,serengeti,-2.946285,34.988952,2026-01-24
Acinonyx jubatus,Cheetah,Mammalia,serengeti,-2.908445,34.881075,2026-01-23
Acinonyx jubatus,Cheetah,Mammalia,serengeti,-3.044531,34.800055,2026-01-15
Acinonyx jubatus,Cheetah,Mammalia,serengeti,-2.889482,34.989464,2026-01-17
Acinonyx jubatus,Cheetah,Mammalia,serengeti,-1.446967,35.116257,2026-01-17
Acinonyx jubatus,Cheetah,Mammalia,serengeti,-2.527132,34.983121,2026-01-29
Acinonyx jubatus,Cheetah,Mammalia,serengeti,-1.587021,35.115371,2026-01-21
Acinonyx jubatus,Cheetah,Mammalia,serengeti,-3.083896,34.886233,2026-01-15
Acinonyx jubatus,Cheetah,Mammalia,serengeti,-3.01409,35.021093,2026-01-18
Acinonyx jubatus,Cheetah,Mammalia,serengeti,-3.008844,35.130354,2026-01-19
Acinonyx jubatus,Cheetah,Mammalia,serengeti,-3.051765,35.124755,2026-01-19
Acinonyx jubatus,Cheetah,Mammalia,serengeti,-3.068948,34.867807,2026-01-20
Acinonyx jubatus,Cheetah,Mammalia,serengeti,-3.005477,34.972945,2026-01-20
Acinonyx jubatus,Cheetah,Mammalia,serengeti,-3.044718,34.889343,2026-01-20
Acinonyx jubatus,Cheetah,Mammalia,serengeti,-2.96416,34.852995,2026-01-21
Acinonyx jubatus,Cheetah,Mammalia,serengeti,-2.762696,35.014725,2026-02-07
Acinonyx jubatus,Cheetah,Mammalia,serengeti,-1.718364,35.319345,2026-02-06
Acinonyx jubatus,Cheetah,Mammalia,serengeti,-2.61715,34.838847,2026-02-05
Acinonyx jubatus,Cheetah,Mammalia,serengeti,-2.042979,34.423934,2026-02-16
Acinonyx jubatus,Cheetah,Mammalia,serengeti,-2.672269,34.943248,2026-02-02
Acinonyx jubatus,Cheetah,Mammalia,serengeti,-2.371394,34.695045,2026-02-02
Acinonyx jubatus,Cheetah,Mammalia,serengeti,-2.696308,34.921487,2026-02-02
Acinonyx jubatus,Cheetah,Mammalia,serengeti,-2.044157,34.482722,2026-02-16
Acinonyx jubatus,Cheetah,Mammalia,serengeti,-1.953567,35.095023,2026-02-04
Acinonyx jubatus,Cheetah,Mammalia,serengeti,-2.721302,34.939891,2026-02-10
Acinonyx jubatus,Cheetah,Mammalia,serengeti,-2.078781,34.538155,2026-02-17
Acinonyx jubatus,Cheetah,Mammalia,serengeti,-1.459145,35.329353,2026-02-15
Acinonyx jubatus,Cheetah,Mammalia,serengeti,-2.753911,34.99526,2026-02-10
Acinonyx jubatus,Cheetah,Mammalia,serengeti,-2.674998,34.898275,2026-02-10
Acinonyx jubatus,Cheetah,Mammalia,serengeti,-2.614271,34.888238,2026-02-10
Acinonyx jubatus,Cheetah,Mammalia,serengeti,-1.43141,35.399294,2026-02-18
Acinonyx jubatus,Cheetah,Mammalia,serengeti,-1.660518,35.274493,2026-02-27
Acinonyx jubatus,Cheetah,Mammalia,serengeti,-1.439634,35.282143,2026-02-28
Acinonyx jubatus,Cheetah,Mammalia,serengeti,-1.517027,35.34224,2026-02-26
Acinonyx jubatus,Cheetah,Mammalia,serengeti,-1.721428,35.347128,2026-02-08
Acinonyx jubatus,Cheetah,Mammalia,serengeti,-2.9383,34.947944,2026-02-13
Acinonyx jubatus,Cheetah,Mammalia,serengeti,-2.739803,34.900649,2026-02-10
Acinonyx jubatus,Cheetah,Mammalia,serengeti,-2.294925,34.978533,2026-02-09
Acinonyx jubatus,Cheetah,Mammalia,serengeti,-3.004415,34.851644,2026-02-28
Acinonyx jubatus,Cheetah,Mammalia,serengeti,-2.7129,35.04737,2026-02-13
Acinonyx jubatus,Cheetah,Mammalia,serengeti,-2.993312,34.919761,2026-02-23
Acinonyx jubatus,Cheetah,Mammalia,serengeti,-2.409694,34.920674,2026-02-28
Acinonyx jubatus,Cheetah,Mammalia,serengeti,-2.864212,35.098252,2026-02-27
Acinonyx jubatus,Cheetah,Mammalia,serengeti,-2.9561,35.138305,2026-02-27
Acinonyx jubatus,Cheetah,Mammalia,serengeti,-2.72037,35.070667,2026-02-28
Acinonyx jubatus,Cheetah,Mammalia,serengeti,-2.746493,35.151753,2026-02-07
Acinonyx jubatus,Cheetah,Mammalia,serengeti,-2.711232,35.114008,2026-02-28
Acinonyx jubatus,Cheetah,Mammalia,serengeti,-2.566732,34.990119,2026-03-03
Acinonyx jubatus,Cheetah,Mammalia,serengeti,-1.60855,35.388289,2026-03-16
Acinonyx jubatus,Cheetah,Mammalia,serengeti,-1.541614,35.111676,2026-03-17
Acinonyx jubatus,Cheetah,Mammalia,serengeti,-2.905871,35.077289,2026-03-12
Acinonyx jubatus,Cheetah,Mammalia,serengeti,-1.65488,35.37166,2026-03-30
Acinonyx jubatus,Cheetah,Mammalia,serengeti,-2.592083,34.627627,2026-03-25
Acinonyx jubatus,Cheetah,Mammalia,serengeti,-2.441812,34.485266,2026-03-24
Acinonyx jubatus,Cheetah,Mammalia,serengeti,-1.511602,35.198396,2026-03-24
Acinonyx jubatus,Cheetah,Mammalia,serengeti,-1.508415,35.22208,2026-03-27
Acinonyx jubatus,Cheetah,Mammalia,serengeti,-1.713779,35.392972,2026-03-28
Acinonyx jubatus,Cheetah,Mammalia,serengeti,-1.436621,35.153992,2026-04-07
Acinonyx jubatus,Cheetah,Mammalia,serengeti,-1.445968,35.07456,2026-04-18
Acinonyx jubatus,Cheetah,Mammalia,serengeti,-2.674139,35.067894,2026-04-07
Acinonyx jubatus,Cheetah,Mammalia,serengeti,-2.312903,34.870072,2026-05-15
Acinonyx jubatus,Cheetah,Mammalia,serengeti,-2.32917,34.85539,2026-05-12
Acinonyx jubatus,Cheetah,Mammalia,serengeti,-1.504997,35.177963,2026-05-28
Acinonyx jubatus,Cheetah,Mammalia,serengeti,-2.705264,34.907246,2026-05-25
Acinonyx jubatus,Cheetah,Mammalia,serengeti,-2.463441,34.961815,2026-05-29
Acinonyx jubatus,Cheetah,Mammalia,serengeti,-2.706664,34.926168,2026-05-16
Acinonyx jubatus,Cheetah,Mammalia,serengeti,-2.483778,34.818898,2026-05-29
Acinonyx jubatus,Cheetah,Mammalia,serengeti,-2.551424,35.152124,2026-05-27
Acinonyx jubatus,Cheetah,Mammalia,serengeti,-2.9468,34.968017,2026-05-16
Acinonyx jubatus,Cheetah,Mammalia,serengeti,-1.567699,35.014444,2026-06-13
Acinonyx jubatus,Cheetah,Mammalia,serengeti,-1.589626,35.28853,2026-06-07
Acinonyx jubatus,Cheetah,Mammalia,serengeti,-1.549703,35.213263,2026-06-15
Acinonyx jubatus,Cheetah,Mammalia,serengeti,-2.538347,34.899507,2026-06-01
Acinonyx jubatus,Cheetah,Mammalia,serengeti,-2.292624,34.942018,2026-06-16
Acinonyx jubatus,Cheetah,Mammalia,serengeti,-2.026692,34.591439,2026-06-24
Acinonyx jubatus,Cheetah,Mammalia,serengeti,-2.585673,35.107955,2026-06-16
Acinonyx jubatus,Cheetah,Mammalia,serengeti,-2.767508,35.053597,2026-06-25
Acinonyx jubatus,Cheetah,Mammalia,serengeti,-2.66615,35.144085,2026-06-25
Acinonyx jubatus,Cheetah,Mammalia,serengeti,-1.598586,35.277922,2026-06-20
Acinonyx jubatus,Cheetah,Mammalia,serengeti,-1.715496,35.293231,2026-06-22
Acinonyx jubatus,Cheetah,Mammalia,serengeti,-2.338794,34.972325,2026-06-26
Acinonyx jubatus,Cheetah,Mammalia,serengeti,-2.616155,35.052201,2026-06-25
Acinonyx jubatus,Cheetah,Mammalia,serengeti,-2.616995,35.179986,2026-07-02
Acinonyx jubatus,Cheetah,Mammalia,serengeti,-2.583689,34.823566,2026-07-07
Acinonyx jubatus,Cheetah,Mammalia,serengeti,-2.523289,34.867323,2026-07-16
Acinonyx jubatus,Cheetah,Mammalia,serengeti,-3.005451,35.673776,2026-07-16
Acinonyx jubatus,Cheetah,Mammalia,serengeti,-2.27869,35.058813,2026-07-12
Acinonyx jubatus,Cheetah,Mammalia,serengeti,-1.586748,35.094063,2026-07-14
Acinonyx jubatus,Cheetah,Mammalia,serengeti,-1.562997,35.028072,2026-07-13
Acinonyx jubatus,Cheetah,Mammalia,serengeti,-2.23759,34.558581,2026-07-11
Acinonyx jubatus,Cheetah,Mammalia,serengeti,-1.519086,35.028217,2026-07-16
Acinonyx jubatus,Cheetah,Mammalia,serengeti,-2.264004,34.428907,2026-07-11
Acinonyx jubatus,Cheetah,Mammalia,serengeti,-2.476044,34.727756,2026-07-08
Acinonyx jubatus,Cheetah,Mammalia,serengeti,-1.509537,35.016536,2026-07-29
Acinonyx jubatus,Cheetah,Mammalia,serengeti,-2.242662,34.527049,2026-07-23
Acinonyx jubatus,Cheetah,Mammalia,serengeti,-2.518171,34.899557,2026-07-30
Acinonyx jubatus,Cheetah,Mammalia,serengeti,-2.500501,34.778729,2026-07-31
Acinonyx jubatus,Cheetah,Mammalia,serengeti,-1.894861,34.755636,2026-07-09
Acinonyx jubatus,Cheetah,Mammalia,serengeti,-1.556657,35.012058,2026-07-15
Acinonyx jubatus,Cheetah,Mammalia,serengeti,-1.468303,35.037642,2026-07-17
Acinonyx jubatus,Cheetah,Mammalia,serengeti,-2.064652,34.555207,2026-07-03
Acinonyx jubatus,Cheetah,Mammalia,serengeti,-1.583226,35.113915,2026-07-06
Acinonyx jubatus,Cheetah,Mammalia,serengeti,-2.744182,35.173525,2026-08-09
Acinonyx jubatus,Cheetah,Mammalia,serengeti,-1.747504,35.371334,2026-08-06
Acinonyx jubatus,Cheetah,Mammalia,serengeti,-1.486702,35.008692,2026-08-03
Acinonyx jubatus,Cheetah,Mammalia,serengeti,-1.585,35.08554,2026-08-04
Acinonyx jubatus,Cheetah,Mammalia,serengeti,-1.526982,35.000987,2026-08-03
Acinonyx jubatus,Cheetah,Mammalia,serengeti,-1.522426,35.070869,2026-08-06
Acinonyx jubatus,Cheetah,Mammalia,serengeti,-1.481036,35.192586,2026-08-13
Acinonyx jubatus,Cheetah,Mammalia,serengeti,-1.770026,35.35672,2026-08-04
Acinonyx jubatus,Cheetah,Mammalia,serengeti,-1.519537,35.107358,2026-08-10
Acinonyx jubatus,Cheetah,Mammalia,serengeti,-2.770797,35.070713,2026-08-13
Acinonyx jubatus,Cheetah,Mammalia,serengeti,-2.52209,34.701656,2026-08-12
Acinonyx jubatus,Cheetah,Mammalia,serengeti,-2.520639,34.772805,2026-08-12
Acinonyx jubatus,Cheetah,Mammalia,serengeti,-2.673175,34.943594,2026-08-10
Acinonyx jubatus,Cheetah,Mammalia,serengeti,-2.562197,34.850434,2026-08-09
Acinonyx jubatus,Cheetah,Mammalia,serengeti,-1.486717,35.119227,2026-08-04
Acinonyx jubatus,Cheetah,Mammalia,serengeti,-1.553046,35.189776,2026-08-15
Acinonyx jubatus,Cheetah,Mammalia,serengeti,-2.676279,35.0312,2026-08-15
Acinonyx jubatus,Cheetah,Mammalia,serengeti,-2.517249,34.851708,2026-08-09
Acinonyx jubatus,Cheetah,Mammalia,serengeti,-1.451098,35.070768,2026-08-05
Acinonyx jubatus,Cheetah,Mammalia,serengeti,-1.91524,35.175943,2026-08-11
Acinonyx jubatus,Cheetah,Mammalia,serengeti,-1.472595,35.034854,2026-08-13
Acinonyx jubatus,Cheetah,Mammalia,serengeti,-2.731195,35.134031,2026-08-15
Acinonyx jubatus,Cheetah,Mammalia,serengeti,-1.574875,35.095313,2026-08-05
Acinonyx jubatus,Cheetah,Mammalia,serengeti,-2.60936,35.171583,2026-08-15
Acinonyx jubatus,Cheetah,Mammalia,serengeti,-2.784642,35.192599,2026-08-13
Acinonyx jubatus,Cheetah,Mammalia,serengeti,-1.4738,35.060676,2026-08-02
Acinonyx jubatus,Cheetah,Mammalia,serengeti,-2.418454,35.054718,2026-08-24
Acinonyx jubatus,Cheetah,Mammalia,serengeti,-2.472418,34.976221,2026-08-31
Acinonyx jubatus,Cheetah,Mammalia,serengeti,-1.483183,35.368172,2026-08-19
Acinonyx jubatus,Cheetah,Mammalia,serengeti,-1.449508,35.159191,2025-01-14
Acinonyx jubatus,Cheetah,Mammalia,serengeti,-2.699094,35.186785,2025-01-27
Acinonyx jubatus,Cheetah,Mammalia,serengeti,-2.844113,34.986019,2025-01-24
Acinonyx jubatus,Cheetah,Mammalia,serengeti,-1.512126,35.171818,2025-01-31
Acinonyx jubatus,Cheetah,Mammalia,serengeti,-1.521957,34.874594,2025-01-31
Acinonyx jubatus,Cheetah,Mammalia,serengeti,-1.5778,34.84339,2025-01-31
Acinonyx jubatus,Cheetah,Mammalia,serengeti,-1.594861,35.392933,2025-01-24
Acinonyx jubatus,Cheetah,Mammalia,serengeti,-2.565628,34.926807,2025-01-08
Acinonyx jubatus,Cheetah,Mammalia,serengeti,-2.769548,35.172116,2025-02-12
Acinonyx jubatus,Cheetah,Mammalia,serengeti,-1.506947,35.213234,2025-02-01
Acinonyx jubatus,Cheetah,Mammalia,serengeti,-3.191335,34.907776,2025-02-16
Acinonyx jubatus,Cheetah,Mammalia,serengeti,-1.474753,35.020311,2025-02-22
Acinonyx jubatus,Cheetah,Mammalia,serengeti,-2.712422,35.176809,2025-02-24
Acinonyx jubatus,Cheetah,Mammalia,serengeti,-2.848251,34.861337,2025-02-23
Acinonyx jubatus,Cheetah,Mammalia,serengeti,-3.128799,34.958349,2025-02-22
Acinonyx jubatus,Cheetah,Mammalia,serengeti,-2.801157,35.102526,2025-02-24
Acinonyx jubatus,Cheetah,Mammalia,serengeti,-2.784871,35.064711,2025-02-11
Acinonyx jubatus,Cheetah,Mammalia,serengeti,-2.948653,34.939946,2025-02-10
Acinonyx jubatus,Cheetah,Mammalia,serengeti,-3.148318,34.859714,2025-02-06
Acinonyx jubatus,Cheetah,Mammalia,serengeti,-3.195357,34.812284,2025-02-28
Acinonyx jubatus,Cheetah,Mammalia,serengeti,-2.935316,34.932483,2025-02-07
Acinonyx jubatus,Cheetah,Mammalia,serengeti,-1.599892,35.361035,2025-02-27
Acinonyx jubatus,Cheetah,Mammalia,serengeti,-3.140231,34.933229,2025-02-08
Acinonyx jubatus,Cheetah,Mammalia,serengeti,-3.120324,34.973447,2025-02-08
Acinonyx jubatus,Cheetah,Mammalia,serengeti,-2.668886,35.114649,2025-02-09
Acinonyx jubatus,Cheetah,Mammalia,serengeti,-2.696926,34.869172,2025-02-09
Acinonyx jubatus,Cheetah,Mammalia,serengeti,-2.448399,35.065252,2025-02-21
Acinonyx jubatus,Cheetah,Mammalia,serengeti,-2.548562,34.908349,2025-02-10
Acinonyx jubatus,Cheetah,Mammalia,serengeti,-2.406592,34.953201,2025-02-10
Acinonyx jubatus,Cheetah,Mammalia,serengeti,-2.525191,34.925701,2025-02-18
Acinonyx jubatus,Cheetah,Mammalia,serengeti,-2.560501,34.870327,2025-02-19
Acinonyx jubatus,Cheetah,Mammalia,serengeti,-1.45638,35.047006,2025-02-06
Acinonyx jubatus,Cheetah,Mammalia,serengeti,-1.586936,35.381993,2025-02-19
Acinonyx jubatus,Cheetah,Mammalia,serengeti,-2.770482,35.100091,2025-02-07
Acinonyx jubatus,Cheetah,Mammalia,serengeti,-2.752712,35.054291,2025-02-07
Acinonyx jubatus,Cheetah,Mammalia,serengeti,-2.479012,34.926638,2025-02-07
Acinonyx jubatus,Cheetah,Mammalia,serengeti,-2.600594,35.107585,2025-02-07
Acinonyx jubatus,Cheetah,Mammalia,serengeti,-2.440183,34.980413,2025-02-06
Acinonyx jubatus,Cheetah,Mammalia,serengeti,-1.446184,35.066682,2025-02-17
Acinonyx jubatus,Cheetah,Mammalia,serengeti,-2.820677,34.822917,2025-03-01
Acinonyx jubatus,Cheetah,Mammalia,serengeti,-2.389288,34.829855,2025-03-08
Acinonyx jubatus,Cheetah,Mammalia,serengeti,-2.674857,34.929872,2025-03-10
Acinonyx jubatus,Cheetah,Mammalia,serengeti,-1.453679,35.027787,2025-03-13
Acinonyx jubatus,Cheetah,Mammalia,serengeti,-2.587182,34.855325,2025-03-10
Acinonyx jubatus,Cheetah,Mammalia,serengeti,-1.571105,35.244496,2025-03-23
Acinonyx jubatus,Cheetah,Mammalia,serengeti,-1.555661,35.030623,2025-03-25
Acinonyx jubatus,Cheetah,Mammalia,serengeti,-1.579004,35.020356,2025-03-24
Acinonyx jubatus,Cheetah,Mammalia,serengeti,-1.462676,35.141254,2025-03-25
Acinonyx jubatus,Cheetah,Mammalia,serengeti,-1.558952,35.084571,2025-03-24
Acinonyx jubatus,Cheetah,Mammalia,serengeti,-1.488258,35.15555,2025-04-05
Acinonyx jubatus,Cheetah,Mammalia,serengeti,-2.978772,34.961306,2025-04-07
Acinonyx jubatus,Cheetah,Mammalia,serengeti,-1.444466,35.060514,2025-04-25
Acinonyx jubatus,Cheetah,Mammalia,serengeti,-2.768801,35.097851,2025-04-16
Acinonyx jubatus,Cheetah,Mammalia,serengeti,-1.481388,35.050616,2025-04-05
Acinonyx jubatus,Cheetah,Mammalia,serengeti,-1.550735,35.349478,2025-04-10
Acinonyx jubatus,Cheetah,Mammalia,serengeti,-2.872005,34.953609,2025-04-07
Acinonyx jubatus,Cheetah,Mammalia,serengeti,-2.903054,34.965259,2025-04-10
Acinonyx jubatus,Cheetah,Mammalia,serengeti,-1.480331,35.174914,2025-04-25
Acinonyx jubatus,Cheetah,Mammalia,serengeti,-1.450327,35.109063,2025-04-01
Acinonyx jubatus,Cheetah,Mammalia,serengeti,-1.538049,35.210336,2025-05-01
Acinonyx jubatus,Cheetah,Mammalia,serengeti,-2.566697,34.894119,2025-05-22
Acinonyx jubatus,Cheetah,Mammalia,serengeti,-2.608488,34.734996,2025-05-27
Acinonyx jubatus,Cheetah,Mammalia,serengeti,-1.910858,34.678468,2025-05-31
Acinonyx jubatus,Cheetah,Mammalia,serengeti,-1.878717,34.648628,2025-05-20
Acinonyx jubatus,Cheetah,Mammalia,serengeti,-2.638819,34.995201,2025-06-01
Acinonyx jubatus,Cheetah,Mammalia,serengeti,-1.451865,35.000318,2025-06-04
Acinonyx jubatus,Cheetah,Mammalia,serengeti,-2.739587,34.971998,2025-06-01
Acinonyx jubatus,Cheetah,Mammalia,serengeti,-1.596738,35.189508,2025-06-23
Acinonyx jubatus,Cheetah,Mammalia,serengeti,-2.448587,34.897639,2025-06-21
Acinonyx jubatus,Cheetah,Mammalia,serengeti,-1.595844,35.359884,2025-06-25
Acinonyx jubatus,Cheetah,Mammalia,serengeti,-2.640672,35.182505,2025-06-28
Acinonyx jubatus,Cheetah,Mammalia,serengeti,-2.594017,34.857742,2025-06-20
Acinonyx jubatus,Cheetah,Mammalia,serengeti,-2.211046,34.915874,2025-06-27
Acinonyx jubatus,Cheetah,Mammalia,serengeti,-1.563249,35.297111,2025-06-30
Acinonyx jubatus,Cheetah,Mammalia,serengeti,-2.469218,34.931484,2025-06-20
Acinonyx jubatus,Cheetah,Mammalia,serengeti,-2.498294,34.86035,2025-06-21
Acinonyx jubatus,Cheetah,Mammalia,serengeti,-2.203555,34.87198,2025-06-25
Acinonyx jubatus,Cheetah,Mammalia,serengeti,-2.440736,35.102855,2025-06-26
Acinonyx jubatus,Cheetah,Mammalia,serengeti,-1.443676,35.121127,2025-06-02
Acinonyx jubatus,Cheetah,Mammalia,serengeti,-2.467274,34.86854,2025-06-21
Acinonyx jubatus,Cheetah,Mammalia,serengeti,-2.46139,35.016964,2025-07-01
Acinonyx jubatus,Cheetah,Mammalia,serengeti,-2.598459,34.965357,2025-07-15
Acinonyx jubatus,Cheetah,Mammalia,serengeti,-2.507195,34.934465,2025-07-15
Acinonyx jubatus,Cheetah,Mammalia,serengeti,-1.538041,35.371467,2025-07-13
Acinonyx jubatus,Cheetah,Mammalia,serengeti,-2.582688,34.909053,2025-07-18
Acinonyx jubatus,Cheetah,Mammalia,serengeti,-1.598666,35.287657,2025-07-11
Acinonyx jubatus,Cheetah,Mammalia,serengeti,-2.481649,34.94956,2025-07-13
Acinonyx jubatus,Cheetah,Mammalia,serengeti,-2.411779,34.9965,2025-07-18
Acinonyx jubatus,Cheetah,Mammalia,serengeti,-2.638185,35.099122,2025-07-15
Acinonyx jubatus,Cheetah,Mammalia,serengeti,-2.475666,34.804249,2025-07-27
Acinonyx jubatus,Cheetah,Mammalia,serengeti,-1.599151,35.001103,2025-07-25
Acinonyx jubatus,Cheetah,Mammalia,serengeti,-1.561833,35.288643,2025-07-14
Acinonyx jubatus,Cheetah,Mammalia,serengeti,-2.270474,34.560289,2025-07-25
Acinonyx jubatus,Cheetah,Mammalia,serengeti,-2.356171,34.43681,2025-07-11
Acinonyx jubatus,Cheetah,Mammalia,serengeti,-2.591303,35.088199,2025-07-27
Acinonyx jubatus,Cheetah,Mammalia,serengeti,-2.322328,34.473669,2025-07-12
Acinonyx jubatus,Cheetah,Mammalia,serengeti,-1.459509,35.394219,2025-07-14
Acinonyx jubatus,Cheetah,Mammalia,serengeti,-2.506622,34.698071,2025-07-21
Acinonyx jubatus,Cheetah,Mammalia,serengeti,-1.513412,35.199895,2025-07-26
Acinonyx jubatus,Cheetah,Mammalia,serengeti,-1.486423,35.066813,2025-07-26
Acinonyx jubatus,Cheetah,Mammalia,serengeti,-1.563096,35.149903,2025-07-26
Acinonyx jubatus,Cheetah,Mammalia,serengeti,-1.589642,34.81308,2025-07-23
Acinonyx jubatus,Cheetah,Mammalia,serengeti,-2.435244,34.919866,2025-07-26
Acinonyx jubatus,Cheetah,Mammalia,serengeti,-1.509454,35.130463,2025-07-28
Acinonyx jubatus,Cheetah,Mammalia,serengeti,-1.507639,35.110008,2025-07-30
Acinonyx jubatus,Cheetah,Mammalia,serengeti,-1.568823,34.841254,2025-07-14
Acinonyx jubatus,Cheetah,Mammalia,serengeti,-1.595186,35.077389,2025-07-30
Acinonyx jubatus,Cheetah,Mammalia,serengeti,-1.521884,35.058451,2025-08-02
Acinonyx jubatus,Cheetah,Mammalia,serengeti,-1.648881,35.243712,2025-08-04
Acinonyx jubatus,Cheetah,Mammalia,serengeti,-2.292951,34.787657,2025-08-09
Acinonyx jubatus,Cheetah,Mammalia,serengeti,-2.995437,34.956265,2025-08-08
Acinonyx jubatus,Cheetah,Mammalia,serengeti,-2.493518,35.073,2025-08-13
Acinonyx jubatus,Cheetah,Mammalia,serengeti,-1.433806,35.062419,2025-08-08
Acinonyx jubatus,Cheetah,Mammalia,serengeti,-1.487431,35.01717,2025-08-01
Acinonyx jubatus,Cheetah,Mammalia,serengeti,-1.496045,35.032567,2025-08-12
Acinonyx jubatus,Cheetah,Mammalia,serengeti,-2.549427,34.818502,2025-08-07
Acinonyx jubatus,Cheetah,Mammalia,serengeti,-2.210009,34.710634,2025-08-09
Acinonyx jubatus,Cheetah,Mammalia,serengeti,-1.471155,35.151086,2025-08-08
Acinonyx jubatus,Cheetah,Mammalia,serengeti,-2.467117,34.982957,2025-08-11
Acinonyx jubatus,Cheetah,Mammalia,serengeti,-2.414844,35.142461,2025-08-11
Acinonyx jubatus,Cheetah,Mammalia,serengeti,-2.742014,35.169506,2025-08-25
Acinonyx jubatus,Cheetah,Mammalia,serengeti,-2.250571,34.844903,2025-08-01
Acinonyx jubatus,Cheetah,Mammalia,serengeti,-2.386824,34.953095,2025-08-28
Acinonyx jubatus,Cheetah,Mammalia,serengeti,-2.391744,34.833457,2025-08-28
Acinonyx jubatus,Cheetah,Mammalia,serengeti,-2.274502,34.840727,2025-08-28
Acinonyx jubatus,Cheetah,Mammalia,serengeti,-2.549875,34.778485,2025-08-08
Acinonyx jubatus,Cheetah,Mammalia,serengeti,-1.599839,35.080308,2025-08-17
Acinonyx jubatus,Cheetah,Mammalia,serengeti,-1.432223,35.154712,2025-08-31
Acinonyx jubatus,Cheetah,Mammalia,serengeti,-2.251575,34.993195,2025-08-04
Acinonyx jubatus,Cheetah,Mammalia,serengeti,-2.349577,34.85854,2025-08-04
Acinonyx jubatus,Cheetah,Mammalia,serengeti,-2.362228,34.812819,2025-08-04
Acinonyx jubatus,Cheetah,Mammalia,serengeti,-2.334964,34.812607,2025-08-04
Acinonyx jubatus,Cheetah,Mammalia,serengeti,-2.371095,34.980042,2025-08-04
Acinonyx jubatus,Cheetah,Mammalia,serengeti,-2.329192,34.961225,2025-08-04
Acinonyx jubatus,Cheetah,Mammalia,serengeti,-1.594857,35.164993,2025-08-01
Acinonyx jubatus,Cheetah,Mammalia,serengeti,-2.494594,34.928804,2025-08-28
Acinonyx jubatus,Cheetah,Mammalia,serengeti,-2.569913,34.982592,2025-09-14
Acinonyx jubatus,Cheetah,Mammalia,serengeti,-2.416308,34.924857,2025-09-11
Acinonyx jubatus,Cheetah,Mammalia,serengeti,-2.580779,34.896124,2025-09-01
Acinonyx jubatus,Cheetah,Mammalia,serengeti,-1.791473,35.357387,2025-09-14
Acinonyx jubatus,Cheetah,Mammalia,serengeti,-1.486822,35.014116,2025-09-09
Acinonyx jubatus,Cheetah,Mammalia,serengeti,-2.507375,34.517513,2025-09-12
Acinonyx jubatus,Cheetah,Mammalia,serengeti,-2.327014,34.975378,2025-09-23
Acinonyx jubatus,Cheetah,Mammalia,serengeti,-1.449442,35.025248,2025-09-14
Acinonyx jubatus,Cheetah,Mammalia,serengeti,-1.543083,35.191331,2025-09-28
Acinonyx jubatus,Cheetah,Mammalia,serengeti,-1.479776,35.204583,2025-09-20
Acinonyx jubatus,Cheetah,Mammalia,serengeti,-1.430643,35.131968,2025-09-28
Acinonyx jubatus,Cheetah,Mammalia,serengeti,-2.500511,34.97029,2025-09-16
Acinonyx jubatus,Cheetah,Mammalia,serengeti,-1.547532,35.197295,2025-09-28
Acinonyx jubatus,Cheetah,Mammalia,serengeti,-1.509128,35.169041,2025-09-01
Acinonyx jubatus,Cheetah,Mammalia,serengeti,-2.413136,34.855863,2025-09-10
Acinonyx jubatus,Cheetah,Mammalia,serengeti,-2.778064,35.070901,2025-09-17
Acinonyx jubatus,Cheetah,Mammalia,serengeti,-2.395967,34.872253,2025-09-04
Acinonyx jubatus,Cheetah,Mammalia,serengeti,-1.959526,35.086396,2025-09-04
Acinonyx jubatus,Cheetah,Mammalia,serengeti,-2.378099,35.089941,2025-09-30
Acinonyx jubatus,Cheetah,Mammalia,serengeti,-1.702624,35.249972,2025-10-06
Acinonyx jubatus,Cheetah,Mammalia,serengeti,-1.566579,35.190106,2025-10-06
Acinonyx jubatus,Cheetah,Mammalia,serengeti,-1.451079,35.060453,2025-10-04
Acinonyx jubatus,Cheetah,Mammalia,serengeti,-2.4954,34.609889,2025-10-10
Acinonyx jubatus,Cheetah,Mammalia,serengeti,-2.343379,34.87347,2025-10-12
Acinonyx jubatus,Cheetah,Mammalia,serengeti,-1.55708,35.102552,2025-10-11
Acinonyx jubatus,Cheetah,Mammalia,serengeti,-2.850048,35.192896,2025-10-17
Acinonyx jubatus,Cheetah,Mammalia,serengeti,-2.264434,34.913225,2025-10-19
Acinonyx jubatus,Cheetah,Mammalia,serengeti,-2.607489,35.13145,2025-10-17
Acinonyx jubatus,Cheetah,Mammalia,serengeti,-1.667262,35.013843,2025-10-20
Acinonyx jubatus,Cheetah,Mammalia,serengeti,-1.55243,35.080452,2025-10-01
Acinonyx jubatus,Cheetah,Mammalia,serengeti,-1.737977,35.196462,2025-10-19
Acinonyx jubatus,Cheetah,Mammalia,serengeti,-2.701464,34.921423,2025-10-14
Acinonyx jubatus,Cheetah,Mammalia,serengeti,-1.54404,35.19891,2025-10-19
Acinonyx jubatus,Cheetah,Mammalia,serengeti,-1.876363,34.63707,2025-10-26
Acinonyx jubatus,Cheetah,Mammalia,serengeti,-1.504198,35.04354,2025-10-22
Acinonyx jubatus,Cheetah,Mammalia,serengeti,-1.596418,35.086041,2025-10-22
Acinonyx jubatus,Cheetah,Mammalia,serengeti,-1.537227,35.110552,2025-10-22
Acinonyx jubatus,Cheetah,Mammalia,serengeti,-1.517046,35.077558,2025-10-23
Acinonyx jubatus,Cheetah,Mammalia,serengeti,-1.474132,35.151714,2025-10-23
Acinonyx jubatus,Cheetah,Mammalia,serengeti,-1.577794,35.010106,2025-10-22
Acinonyx jubatus,Cheetah,Mammalia,serengeti,-1.701081,35.046998,2025-10-19
Acinonyx jubatus,Cheetah,Mammalia,serengeti,-2.953003,35.102612,2025-10-18
Acinonyx jubatus,Cheetah,Mammalia,serengeti,-2.239405,34.359461,2025-10-02
Acinonyx jubatus,Cheetah,Mammalia,serengeti,-2.231166,34.879106,2025-11-06
Acinonyx jubatus,Cheetah,Mammalia,serengeti,-2.471043,34.790181,2025-11-27
Acinonyx jubatus,Cheetah,Mammalia,serengeti,-1.580313,35.011375,2025-11-26
Acinonyx jubatus,Cheetah,Mammalia,serengeti,-2.413227,34.698009,2025-11-30
Acinonyx jubatus,Cheetah,Mammalia,serengeti,-2.487041,34.788095,2025-11-29
Acinonyx jubatus,Cheetah,Mammalia,serengeti,-2.426845,34.801078,2025-12-02
Acinonyx jubatus,Cheetah,Mammalia,serengeti,-1.43237,35.20603,2025-12-10
Acinonyx jubatus,Cheetah,Mammalia,serengeti,-2.462251,34.922044,2025-12-06
Acinonyx jubatus,Cheetah,Mammalia,serengeti,-2.59277,34.630971,2025-12-16
Acinonyx jubatus,Cheetah,Mammalia,serengeti,-1.463239,35.114841,2025-12-21
Acinonyx jubatus,Cheetah,Mammalia,serengeti,-2.652927,34.857978,2025-12-29
Acinonyx jubatus,Cheetah,Mammalia,serengeti,-2.524637,34.985796,2025-12-31
Acinonyx jubatus,Cheetah,Mammalia,serengeti,-2.4821,34.992714,2025-12-31
Acinonyx jubatus,Cheetah,Mammalia,serengeti,-2.626185,35.160841,2025-12-23
Acinonyx jubatus,Cheetah,Mammalia,serengeti,-2.931574,34.803512,2025-12-31
Acinonyx jubatus,Cheetah,Mammalia,serengeti,-2.330567,34.85641,2025-12-08
Acinonyx jubatus,Cheetah,Mammalia,serengeti,-1.551582,35.070639,2025-12-29
Acinonyx jubatus,Cheetah,Mammalia,serengeti,-2.493892,34.950426,2024-01-02
Acinonyx jubatus,Cheetah,Mammalia,serengeti,-2.863812,34.903368,2024-01-24
Acinonyx jubatus,Cheetah,Mammalia,serengeti,-2.44794,34.811663,2024-01-22
Acinonyx jubatus,Cheetah,Mammalia,serengeti,-1.568427,35.351296,2024-01-25
Acinonyx jubatus,Cheetah,Mammalia,serengeti,-2.851786,34.851494,2024-01-24
Acinonyx jubatus,Cheetah,Mammalia,serengeti,-3.009281,34.931021,2024-01-28
Acinonyx jubatus,Cheetah,Mammalia,serengeti,-3.012707,35.441969,2024-01-14
Acinonyx jubatus,Cheetah,Mammalia,serengeti,-2.236872,34.734506,2024-01-12
Acinonyx jubatus,Cheetah,Mammalia,serengeti,-1.572152,35.023974,2024-01-03
Acinonyx jubatus,Cheetah,Mammalia,serengeti,-1.551574,35.168864,2024-01-13
Acinonyx jubatus,Cheetah,Mammalia,serengeti,-2.952386,34.900469,2024-02-03
Acinonyx jubatus,Cheetah,Mammalia,serengeti,-2.853871,34.829741,2024-02-03
Acinonyx jubatus,Cheetah,Mammalia,serengeti,-2.924312,34.921761,2024-02-04
Acinonyx jubatus,Cheetah,Mammalia,serengeti,-3.076456,34.869241,2024-02-27
Acinonyx jubatus,Cheetah,Mammalia,serengeti,-2.796152,35.179474,2024-02-27
Acinonyx jubatus,Cheetah,Mammalia,serengeti,-2.878237,34.887442,2024-02-04
Acinonyx jubatus,Cheetah,Mammalia,serengeti,-3.132262,34.832409,2024-02-28
Acinonyx jubatus,Cheetah,Mammalia,serengeti,-1.433061,35.248695,2024-02-29
Acinonyx jubatus,Cheetah,Mammalia,serengeti,-2.813971,34.991709,2024-02-05
Acinonyx jubatus,Cheetah,Mammalia,serengeti,-2.286367,34.949766,2024-02-07
Acinonyx jubatus,Cheetah,Mammalia,serengeti,-2.6431,35.128747,2024-02-06
Acinonyx jubatus,Cheetah,Mammalia,serengeti,-1.500445,35.071805,2024-02-17
Acinonyx jubatus,Cheetah,Mammalia,serengeti,-2.271318,34.630613,2024-02-10
Acinonyx jubatus,Cheetah,Mammalia,serengeti,-2.262478,34.796734,2024-02-02
Acinonyx jubatus,Cheetah,Mammalia,serengeti,-2.698892,35.120544,2024-02-02
Acinonyx jubatus,Cheetah,Mammalia,serengeti,-3.08063,34.852198,2024-02-08
Acinonyx jubatus,Cheetah,Mammalia,serengeti,-2.126141,34.270665,2024-02-10
Acinonyx jubatus,Cheetah,Mammalia,serengeti,-2.75966,35.112301,2024-02-22
Acinonyx jubatus,Cheetah,Mammalia,serengeti,-3.117725,34.851479,2024-02-06
Acinonyx jubatus,Cheetah,Mammalia,serengeti,-1.519208,35.195151,2024-03-01
Acinonyx jubatus,Cheetah,Mammalia,serengeti,-2.889792,35.133344,2024-03-05
Acinonyx jubatus,Cheetah,Mammalia,serengeti,-2.469703,34.849984,2024-03-19
Acinonyx jubatus,Cheetah,Mammalia,serengeti,-3.096113,34.995412,2024-03-19
Acinonyx jubatus,Cheetah,Mammalia,serengeti,-3.158995,35.015603,2024-04-05
Acinonyx jubatus,Cheetah,Mammalia,serengeti,-2.434856,34.834978,2024-05-07
Acinonyx jubatus,Cheetah,Mammalia,serengeti,-1.464445,35.37379,2024-05-22
Acinonyx jubatus,Cheetah,Mammalia,serengeti,-2.779509,35.066244,2024-05-30
Acinonyx jubatus,Cheetah,Mammalia,serengeti,-2.974211,35.191926,2024-05-10
Acinonyx jubatus,Cheetah,Mammalia,serengeti,-2.269056,34.96113,2024-06-10
Acinonyx jubatus,Cheetah,Mammalia,serengeti,-2.61108,35.142689,2024-06-20
Acinonyx jubatus,Cheetah,Mammalia,serengeti,-1.551787,35.124616,2024-06-15
Acinonyx jubatus,Cheetah,Mammalia,serengeti,-2.711209,35.051011,2024-06-20
Acinonyx jubatus,Cheetah,Mammalia,serengeti,-2.613737,35.141765,2024-06-20
Acinonyx jubatus,Cheetah,Mammalia,serengeti,-1.45661,35.269162,2024-06-18
Acinonyx jubatus,Cheetah,Mammalia,serengeti,-1.435332,35.126801,2024-06-19
Acinonyx jubatus,Cheetah,Mammalia,serengeti,-1.477396,35.284556,2024-06-27
Acinonyx jubatus,Cheetah,Mammalia,serengeti,-1.556643,35.355725,2024-06-27
Acinonyx jubatus,Cheetah,Mammalia,serengeti,-1.588286,35.186418,2024-06-24
Acinonyx jubatus,Cheetah,Mammalia,serengeti,-1.549403,34.93657,2024-06-16
Acinonyx jubatus,Cheetah,Mammalia,serengeti,-1.516741,35.098693,2024-06-17
Acinonyx jubatus,Cheetah,Mammalia,serengeti,-1.509877,34.815566,2024-06-16
Acinonyx jubatus,Cheetah,Mammalia,serengeti,-2.748159,35.045504,2024-06-11
Acinonyx jubatus,Cheetah,Mammalia,serengeti,-2.671263,35.024707,2024-06-13
Acinonyx jubatus,Cheetah,Mammalia,serengeti,-2.860023,34.839003,2024-06-15
Acinonyx jubatus,Cheetah,Mammalia,serengeti,-1.479122,34.979844,2024-06-01
Acinonyx jubatus,Cheetah,Mammalia,serengeti,-2.769085,35.082312,2024-06-19
Acinonyx jubatus,Cheetah,Mammalia,serengeti,-2.668022,35.084102,2024-06-19
Acinonyx jubatus,Cheetah,Mammalia,serengeti,-2.752671,35.115722,2024-06-19
Acinonyx jubatus,Cheetah,Mammalia,serengeti,-2.735499,35.027433,2024-06-19
Acinonyx jubatus,Cheetah,Mammalia,serengeti,-2.247358,34.930567,2024-07-03
Acinonyx jubatus,Cheetah,Mammalia,serengeti,-1.433082,35.004837,2024-07-04
Acinonyx jubatus,Cheetah,Mammalia,serengeti,-2.495814,34.926655,2024-07-04
Acinonyx jubatus,Cheetah,Mammalia,serengeti,-1.748102,35.114749,2024-07-22
Acinonyx jubatus,Cheetah,Mammalia,serengeti,-2.300863,34.923525,2024-07-09
Acinonyx jubatus,Cheetah,Mammalia,serengeti,-2.176792,35.144935,2024-07-28
Acinonyx jubatus,Cheetah,Mammalia,serengeti,-1.797508,35.07595,2024-07-31
Acinonyx jubatus,Cheetah,Mammalia,serengeti,-1.475332,35.180784,2024-07-12
Acinonyx jubatus,Cheetah,Mammalia,serengeti,-1.540246,35.308843,2024-07-30
Acinonyx jubatus,Cheetah,Mammalia,serengeti,-1.452225,35.304509,2024-07-01
Acinonyx jubatus,Cheetah,Mammalia,serengeti,-1.978091,34.677521,2024-07-08
Acinonyx jubatus,Cheetah,Mammalia,serengeti,-1.706005,35.33962,2024-07-25
Acinonyx jubatus,Cheetah,Mammalia,serengeti,-1.441553,35.102333,2024-08-02
Acinonyx jubatus,Cheetah,Mammalia,serengeti,-1.617148,35.28593,2024-08-12
Acinonyx jubatus,Cheetah,Mammalia,serengeti,-1.712291,35.344222,2024-08-12
Acinonyx jubatus,Cheetah,Mammalia,serengeti,-1.48102,35.15472,2024-08-13
Acinonyx jubatus,Cheetah,Mammalia,serengeti,-1.452977,35.183999,2024-08-20
Acinonyx jubatus,Cheetah,Mammalia,serengeti,-2.139005,34.401868,2024-08-25
Acinonyx jubatus,Cheetah,Mammalia,serengeti,-2.78998,34.918903,2024-08-25
Acinonyx jubatus,Cheetah,Mammalia,serengeti,-1.447047,35.013861,2024-08-23
Acinonyx jubatus,Cheetah,Mammalia,serengeti,-1.445277,35.169793,2024-08-10
Acinonyx jubatus,Cheetah,Mammalia,serengeti,-1.76924,35.285443,2024-08-10
Acinonyx jubatus,Cheetah,Mammalia,serengeti,-1.543374,34.972041,2024-08-23
Acinonyx jubatus,Cheetah,Mammalia,serengeti,-2.488199,34.913725,2024-08-18
Acinonyx jubatus,Cheetah,Mammalia,serengeti,-1.598533,35.30836,2024-08-23
Acinonyx jubatus,Cheetah,Mammalia,serengeti,-1.431014,35.144268,2024-08-23
Acinonyx jubatus,Cheetah,Mammalia,serengeti,-2.511606,34.869584,2024-08-17
Acinonyx jubatus,Cheetah,Mammalia,serengeti,-1.511649,35.050212,2024-08-18
Acinonyx jubatus,Cheetah,Mammalia,serengeti,-1.475169,35.132371,2024-08-17
Acinonyx jubatus,Cheetah,Mammalia,serengeti,-1.497195,35.120038,2024-08-18
Acinonyx jubatus,Cheetah,Mammalia,serengeti,-1.509938,35.174941,2024-08-18
Acinonyx jubatus,Cheetah,Mammalia,serengeti,-2.225431,34.567235,2024-08-05
Acinonyx jubatus,Cheetah,Mammalia,serengeti,-1.488782,34.940348,2024-08-04
Acinonyx jubatus,Cheetah,Mammalia,serengeti,-1.479176,35.048506,2024-08-24
Acinonyx jubatus,Cheetah,Mammalia,serengeti,-1.459966,35.09399,2024-08-24
Acinonyx jubatus,Cheetah,Mammalia,serengeti,-1.597742,35.021596,2024-08-31
Acinonyx jubatus,Cheetah,Mammalia,serengeti,-2.667372,35.192294,2024-08-17
Acinonyx jubatus,Cheetah,Mammalia,serengeti,-2.471772,34.965979,2024-09-02
Acinonyx jubatus,Cheetah,Mammalia,serengeti,-1.878447,35.290058,2024-09-25
Acinonyx jubatus,Cheetah,Mammalia,serengeti,-2.52168,34.964172,2024-09-13
Acinonyx jubatus,Cheetah,Mammalia,serengeti,-2.479635,35.116695,2024-09-19
Acinonyx jubatus,Cheetah,Mammalia,serengeti,-2.337809,34.95611,2024-09-29
Acinonyx jubatus,Cheetah,Mammalia,serengeti,-1.501366,35.070994,2024-09-25
Acinonyx jubatus,Cheetah,Mammalia,serengeti,-2.302463,34.989547,2024-09-22
Acinonyx jubatus,Cheetah,Mammalia,serengeti,-2.686546,35.140024,2024-09-15
Acinonyx jubatus,Cheetah,Mammalia,serengeti,-2.778504,35.162388,2024-09-15
Acinonyx jubatus,Cheetah,Mammalia,serengeti,-2.559776,35.044788,2024-09-04
Acinonyx jubatus,Cheetah,Mammalia,serengeti,-2.755295,35.047314,2024-09-17
Acinonyx jubatus,Cheetah,Mammalia,serengeti,-2.569184,34.977453,2024-09-16
Acinonyx jubatus,Cheetah,Mammalia,serengeti,-2.207161,34.807636,2024-09-15
Acinonyx jubatus,Cheetah,Mammalia,serengeti,-2.532316,34.891616,2024-09-18
Acinonyx jubatus,Cheetah,Mammalia,serengeti,-2.748406,34.900695,2024-09-02
Acinonyx jubatus,Cheetah,Mammalia,serengeti,-2.454481,34.8488,2024-09-09
Acinonyx jubatus,Cheetah,Mammalia,serengeti,-2.002091,34.757296,2024-09-07
Acinonyx jubatus,Cheetah,Mammalia,serengeti,-1.466049,35.267406,2024-10-13
Acinonyx jubatus,Cheetah,Mammalia,serengeti,-1.557126,35.124413,2024-10-21
Acinonyx jubatus,Cheetah,Mammalia,serengeti,-1.476529,35.123803,2024-10-19
Acinonyx jubatus,Cheetah,Mammalia,serengeti,-2.444928,34.898007,2024-10-30
Acinonyx jubatus,Cheetah,Mammalia,serengeti,-2.286608,34.99581,2024-10-29
Acinonyx jubatus,Cheetah,Mammalia,serengeti,-2.534041,34.900053,2024-10-24
Acinonyx jubatus,Cheetah,Mammalia,serengeti,-2.366231,34.551163,2024-10-08
Acinonyx jubatus,Cheetah,Mammalia,serengeti,-1.801474,34.76356,2024-10-08
Acinonyx jubatus,Cheetah,Mammalia,serengeti,-2.5338,34.939747,2024-10-08
Acinonyx jubatus,Cheetah,Mammalia,serengeti,-2.502285,34.89034,2024-11-07
Acinonyx jubatus,Cheetah,Mammalia,serengeti,-1.514953,35.266664,2024-11-09
Acinonyx jubatus,Cheetah,Mammalia,serengeti,-2.431869,34.595623,2024-11-07
Acinonyx jubatus,Cheetah,Mammalia,serengeti,-1.587363,35.024411,2024-11-25
Acinonyx jubatus,Cheetah,Mammalia,serengeti,-1.543016,35.032466,2024-11-01
Acinonyx jubatus,Cheetah,Mammalia,serengeti,-1.519903,35.256227,2024-11-26
Acinonyx jubatus,Cheetah,Mammalia,serengeti,-1.57163,35.102502,2024-11-04
Acinonyx jubatus,Cheetah,Mammalia,serengeti,-1.510384,34.916341,2024-11-04
Acinonyx jubatus,Cheetah,Mammalia,serengeti,-2.320067,34.896945,2024-11-25
Acinonyx jubatus,Cheetah,Mammalia,serengeti,-1.440673,35.253261,2024-11-26
Acinonyx jubatus,Cheetah,Mammalia,serengeti,-1.491615,35.087786,2024-12-03
Acinonyx jubatus,Cheetah,Mammalia,serengeti,-3.130735,34.93345,2024-12-31
Acinonyx jubatus,Cheetah,Mammalia,serengeti,-1.905714,35.280839,2024-12-29
Acinonyx jubatus,Cheetah,Mammalia,serengeti,-2.240866,34.9402,2024-12-28
Acinonyx jubatus,Cheetah,Mammalia,serengeti,-2.699881,34.636795,2024-12-25
Acinonyx jubatus,Cheetah,Mammalia,serengeti,-1.872019,35.025164,2024-12-24
Acinonyx jubatus,Cheetah,Mammalia,serengeti,-2.668738,34.780204,2024-12-25
Acinonyx jubatus,Cheetah,Mammalia,serengeti,-1.843133,35.082014,2024-12-24
Acinonyx jubatus,Cheetah,Mammalia,serengeti,-2.773756,34.614839,2024-12-25
Acinonyx jubatus,Cheetah,Mammalia,serengeti,-1.94986,35.192524,2024-12-24
Acinonyx jubatus,Cheetah,Mammalia,serengeti,-2.690688,34.707795,2024-12-25
Acinonyx jubatus,Cheetah,Mammalia,serengeti,-3.181651,34.835616,2024-12-31
Acinonyx jubatus,Cheetah,Mammalia,serengeti,-2.413177,34.823735,2023-01-16
Acinonyx jubatus,Cheetah,Mammalia,serengeti,-2.422891,34.889712,2023-01-07
Acinonyx jubatus,Cheetah,Mammalia,serengeti,-2.5411,34.91498,2023-01-07
Acinonyx jubatus,Cheetah,Mammalia,serengeti,-1.587711,35.079782,2023-01-21
Acinonyx jubatus,Cheetah,Mammalia,serengeti,-2.360753,34.436491,2023-01-08
Acinonyx jubatus,Cheetah,Mammalia,serengeti,-2.181323,34.931462,2023-01-05
Acinonyx jubatus,Cheetah,Mammalia,serengeti,-2.325275,34.825789,2023-01-04
Acinonyx jubatus,Cheetah,Mammalia,serengeti,-2.1182,34.970985,2023-01-05
Acinonyx jubatus,Cheetah,Mammalia,serengeti,-1.458283,34.911266,2023-01-03
Acinonyx jubatus,Cheetah,Mammalia,serengeti,-1.466806,35.010332,2023-01-06
Acinonyx jubatus,Cheetah,Mammalia,serengeti,-1.527464,35.106566,2023-02-03
Acinonyx jubatus,Cheetah,Mammalia,serengeti,-2.811799,34.949732,2023-02-03
Acinonyx jubatus,Cheetah,Mammalia,serengeti,-2.875623,34.844418,2023-02-04
Acinonyx jubatus,Cheetah,Mammalia,serengeti,-3.063818,34.999434,2023-02-15
Acinonyx jubatus,Cheetah,Mammalia,serengeti,-2.965305,34.801161,2023-02-14
Acinonyx jubatus,Cheetah,Mammalia,serengeti,-2.547273,34.987449,2023-02-06
Acinonyx jubatus,Cheetah,Mammalia,serengeti,-2.497801,34.948029,2023-02-06
Acinonyx jubatus,Cheetah,Mammalia,serengeti,-3.018608,34.979963,2023-02-28
Sagittarius serpentarius,Secretarybird,Aves,serengeti,-2.908106,35.032262,2026-01-06
Sagittarius serpentarius,Secretarybird,Aves,serengeti,-3.150887,34.885066,2026-01-13
Sagittarius serpentarius,Secretarybird,Aves,serengeti,-2.580382,34.85062,2026-01-12
Sagittarius serpentarius,Secretarybird,Aves,serengeti,-3.06554,34.846313,2026-01-13
Sagittarius serpentarius,Secretarybird,Aves,serengeti,-3.043542,34.855597,2026-01-14
Sagittarius serpentarius,Secretarybird,Aves,serengeti,-2.53354,34.927319,2026-01-22
Sagittarius serpentarius,Secretarybird,Aves,serengeti,-2.092893,35.011372,2026-01-22
Sagittarius serpentarius,Secretarybird,Aves,serengeti,-2.198636,35.10649,2026-01-20
Sagittarius serpentarius,Secretarybird,Aves,serengeti,-1.670013,35.200572,2026-01-26
Sagittarius serpentarius,Secretarybird,Aves,serengeti,-1.813884,34.477673,2026-01-15
Sagittarius serpentarius,Secretarybird,Aves,serengeti,-2.421526,34.788261,2026-01-13
Sagittarius serpentarius,Secretarybird,Aves,serengeti,-1.561552,35.194593,2026-01-18
Sagittarius serpentarius,Secretarybird,Aves,serengeti,-3.043684,35.420851,2026-01-24
Sagittarius serpentarius,Secretarybird,Aves,serengeti,-2.999732,34.982258,2026-01-18
Sagittarius serpentarius,Secretarybird,Aves,serengeti,-3.125834,34.863338,2026-01-20
Sagittarius serpentarius,Secretarybird,Aves,serengeti,-3.145455,34.828069,2026-01-20
Sagittarius serpentarius,Secretarybird,Aves,serengeti,-3.04194,34.929629,2026-01-20
Sagittarius serpentarius,Secretarybird,Aves,serengeti,-3.129929,34.809228,2026-01-21
Sagittarius serpentarius,Secretarybird,Aves,serengeti,-2.305798,34.769888,2026-02-08
Sagittarius serpentarius,Secretarybird,Aves,serengeti,-2.479861,34.768598,2026-02-12
Sagittarius serpentarius,Secretarybird,Aves,serengeti,-2.641698,34.934123,2026-02-02
Sagittarius serpentarius,Secretarybird,Aves,serengeti,-1.833327,34.770535,2026-02-03
Sagittarius serpentarius,Secretarybird,Aves,serengeti,-2.080901,34.345133,2026-02-17
Sagittarius serpentarius,Secretarybird,Aves,serengeti,-1.543685,35.02866,2026-02-19
Sagittarius serpentarius,Secretarybird,Aves,serengeti,-2.361565,34.890849,2026-02-25
Sagittarius serpentarius,Secretarybird,Aves,serengeti,-2.991702,35.038908,2026-02-08
Sagittarius serpentarius,Secretarybird,Aves,serengeti,-3.139834,35.205172,2026-02-08
Sagittarius serpentarius,Secretarybird,Aves,serengeti,-3.084778,34.902447,2026-02-11
Sagittarius serpentarius,Secretarybird,Aves,serengeti,-3.058544,34.829869,2026-02-11
Sagittarius serpentarius,Secretarybird,Aves,serengeti,-3.012065,35.099781,2026-02-24
Sagittarius serpentarius,Secretarybird,Aves,serengeti,-3.02823,34.917732,2026-02-10
Sagittarius serpentarius,Secretarybird,Aves,serengeti,-2.863142,35.068443,2026-02-12
Sagittarius serpentarius,Secretarybird,Aves,serengeti,-2.813633,35.018339,2026-02-27
Sagittarius serpentarius,Secretarybird,Aves,serengeti,-2.8194,35.173507,2026-02-27
Sagittarius serpentarius,Secretarybird,Aves,serengeti,-3.151178,35.188023,2026-02-21
Sagittarius serpentarius,Secretarybird,Aves,serengeti,-1.530393,35.110725,2026-02-11
Sagittarius serpentarius,Secretarybird,Aves,serengeti,-3.163046,35.403206,2026-03-07
Sagittarius serpentarius,Secretarybird,Aves,serengeti,-2.988126,34.939442,2026-03-15
Sagittarius serpentarius,Secretarybird,Aves,serengeti,-2.973922,35.017208,2026-03-16
Sagittarius serpentarius,Secretarybird,Aves,serengeti,-3.017118,34.970276,2026-03-15
Sagittarius serpentarius,Secretarybird,Aves,serengeti,-2.772943,34.970333,2026-03-14
Sagittarius serpentarius,Secretarybird,Aves,serengeti,-3.110051,35.174184,2026-03-01
Sagittarius serpentarius,Secretarybird,Aves,serengeti,-2.680166,34.853272,2026-03-12
Sagittarius serpentarius,Secretarybird,Aves,serengeti,-2.95181,35.103995,2026-03-25
Sagittarius serpentarius,Secretarybird,Aves,serengeti,-2.900461,35.107446,2026-03-27
Sagittarius serpentarius,Secretarybird,Aves,serengeti,-1.586152,35.122062,2026-03-24
Sagittarius serpentarius,Secretarybird,Aves,serengeti,-2.989063,34.819884,2026-04-10
Sagittarius serpentarius,Secretarybird,Aves,serengeti,-2.484082,34.917738,2026-05-14
Sagittarius serpentarius,Secretarybird,Aves,serengeti,-1.565964,35.032419,2026-05-11
Sagittarius serpentarius,Secretarybird,Aves,serengeti,-2.204333,34.979653,2026-05-12
Sagittarius serpentarius,Secretarybird,Aves,serengeti,-2.330697,34.93399,2026-05-12
Sagittarius serpentarius,Secretarybird,Aves,serengeti,-2.580839,34.802145,2026-05-17
Sagittarius serpentarius,Secretarybird,Aves,serengeti,-2.249446,34.643665,2026-05-12
Sagittarius serpentarius,Secretarybird,Aves,serengeti,-1.869645,35.258638,2026-05-10
Sagittarius serpentarius,Secretarybird,Aves,serengeti,-2.228632,34.882675,2026-05-10
Sagittarius serpentarius,Secretarybird,Aves,serengeti,-1.829637,35.417658,2026-05-29
Sagittarius serpentarius,Secretarybird,Aves,serengeti,-2.980092,35.062389,2026-05-12
Sagittarius serpentarius,Secretarybird,Aves,serengeti,-2.436178,34.859254,2026-05-20
Sagittarius serpentarius,Secretarybird,Aves,serengeti,-1.904903,34.617273,2026-05-23
Sagittarius serpentarius,Secretarybird,Aves,serengeti,-2.484439,34.954444,2026-05-15
Sagittarius serpentarius,Secretarybird,Aves,serengeti,-1.453576,35.071398,2026-06-09
Sagittarius serpentarius,Secretarybird,Aves,serengeti,-2.312242,34.756572,2026-06-09
Sagittarius serpentarius,Secretarybird,Aves,serengeti,-2.400026,34.880694,2026-06-15
Sagittarius serpentarius,Secretarybird,Aves,serengeti,-2.514997,34.830323,2026-06-01
Sagittarius serpentarius,Secretarybird,Aves,serengeti,-1.526106,35.044077,2026-06-24
Sagittarius serpentarius,Secretarybird,Aves,serengeti,-2.952558,34.869058,2026-06-24
Sagittarius serpentarius,Secretarybird,Aves,serengeti,-2.220626,34.906116,2026-06-16
Sagittarius serpentarius,Secretarybird,Aves,serengeti,-2.276833,34.988008,2026-06-16
Sagittarius serpentarius,Secretarybird,Aves,serengeti,-2.290692,34.469992,2026-06-24
Sagittarius serpentarius,Secretarybird,Aves,serengeti,-2.265183,34.826202,2026-06-16
Sagittarius serpentarius,Secretarybird,Aves,serengeti,-1.51078,35.151516,2026-06-21
Sagittarius serpentarius,Secretarybird,Aves,serengeti,-2.538167,34.916854,2026-06-08
Sagittarius serpentarius,Secretarybird,Aves,serengeti,-1.934792,35.152527,2026-06-25
Sagittarius serpentarius,Secretarybird,Aves,serengeti,-1.84016,35.432325,2026-06-25
Sagittarius serpentarius,Secretarybird,Aves,serengeti,-2.042275,34.64917,2026-07-02
Sagittarius serpentarius,Secretarybird,Aves,serengeti,-2.513844,34.814054,2026-07-07
Sagittarius serpentarius,Secretarybird,Aves,serengeti,-3.141912,35.660327,2026-07-16
Sagittarius serpentarius,Secretarybird,Aves,serengeti,-1.435632,35.156209,2026-07-16
Sagittarius serpentarius,Secretarybird,Aves,serengeti,-2.991809,34.831621,2026-07-01
Sagittarius serpentarius,Secretarybird,Aves,serengeti,-2.033982,34.709431,2026-07-21
Sagittarius serpentarius,Secretarybird,Aves,serengeti,-2.284182,34.873967,2026-07-12
Sagittarius serpentarius,Secretarybird,Aves,serengeti,-1.802722,34.624653,2026-07-10
Sagittarius serpentarius,Secretarybird,Aves,serengeti,-2.371185,34.982339,2026-07-12
Sagittarius serpentarius,Secretarybird,Aves,serengeti,-2.466611,35.19734,2026-07-30
Sagittarius serpentarius,Secretarybird,Aves,serengeti,-2.518248,34.765112,2026-07-30
Sagittarius serpentarius,Secretarybird,Aves,serengeti,-2.518248,34.765112,2026-07-30
Sagittarius serpentarius,Secretarybird,Aves,serengeti,-2.557536,34.792655,2026-07-30
Sagittarius serpentarius,Secretarybird,Aves,serengeti,-2.557536,34.792655,2026-07-30
Sagittarius serpentarius,Secretarybird,Aves,serengeti,-2.518248,34.765112,2026-07-30
Sagittarius serpentarius,Secretarybird,Aves,serengeti,-2.557536,34.792655,2026-07-30
Sagittarius serpentarius,Secretarybird,Aves,serengeti,-2.769559,34.968994,2026-07-16
Sagittarius serpentarius,Secretarybird,Aves,serengeti,-2.518248,34.765112,2026-07-30
Sagittarius serpentarius,Secretarybird,Aves,serengeti,-2.489409,34.816634,2026-07-28
Sagittarius serpentarius,Secretarybird,Aves,serengeti,-2.518248,34.765112,2026-07-30
Sagittarius serpentarius,Secretarybird,Aves,serengeti,-2.557536,34.792655,2026-07-30
Sagittarius serpentarius,Secretarybird,Aves,serengeti,-3.153403,35.517409,2026-07-02
Sagittarius serpentarius,Secretarybird,Aves,serengeti,-2.451136,34.779545,2026-07-05
Sagittarius serpentarius,Secretarybird,Aves,serengeti,-2.43357,34.846583,2026-08-07
Sagittarius serpentarius,Secretarybird,Aves,serengeti,-2.995972,35.176411,2026-08-09
Sagittarius serpentarius,Secretarybird,Aves,serengeti,-1.477513,35.225585,2026-08-07
Sagittarius serpentarius,Secretarybird,Aves,serengeti,-1.622648,35.392662,2026-08-03
Sagittarius serpentarius,Secretarybird,Aves,serengeti,-1.460767,35.020654,2026-08-04
Sagittarius serpentarius,Secretarybird,Aves,serengeti,-2.455479,34.656795,2026-08-03
Sagittarius serpentarius,Secretarybird,Aves,serengeti,-2.217463,34.680546,2026-08-03
Sagittarius serpentarius,Secretarybird,Aves,serengeti,-2.679919,34.882711,2026-08-15
Sagittarius serpentarius,Secretarybird,Aves,serengeti,-2.252992,34.904174,2026-08-12
Sagittarius serpentarius,Secretarybird,Aves,serengeti,-3.067944,35.609155,2026-08-21
Sagittarius serpentarius,Secretarybird,Aves,serengeti,-3.017216,35.22465,2026-08-12
Sagittarius serpentarius,Secretarybird,Aves,serengeti,-1.443209,35.350384,2026-08-05
Sagittarius serpentarius,Secretarybird,Aves,serengeti,-1.632055,34.997767,2026-08-18
Sagittarius serpentarius,Secretarybird,Aves,serengeti,-1.445539,34.957473,2026-08-22
Sagittarius serpentarius,Secretarybird,Aves,serengeti,-2.247698,34.704283,2026-08-14
Sagittarius serpentarius,Secretarybird,Aves,serengeti,-2.52543,34.964066,2026-08-11
Sagittarius serpentarius,Secretarybird,Aves,serengeti,-2.422947,34.610113,2026-08-12
Sagittarius serpentarius,Secretarybird,Aves,serengeti,-2.742158,34.91261,2026-08-15
Sagittarius serpentarius,Secretarybird,Aves,serengeti,-1.591179,35.177154,2026-08-10
Sagittarius serpentarius,Secretarybird,Aves,serengeti,-3.099272,35.555386,2026-08-14
Sagittarius serpentarius,Secretarybird,Aves,serengeti,-1.58245,35.151974,2026-08-15
Sagittarius serpentarius,Secretarybird,Aves,serengeti,-1.599429,35.049877,2026-08-13
Sagittarius serpentarius,Secretarybird,Aves,serengeti,-1.632511,34.850602,2026-08-27
Sagittarius serpentarius,Secretarybird,Aves,serengeti,-1.973504,34.778595,2025-01-10
Sagittarius serpentarius,Secretarybird,Aves,serengeti,-1.540883,35.080727,2025-01-14
Sagittarius serpentarius,Secretarybird,Aves,serengeti,-2.140792,35.084988,2025-01-21
Sagittarius serpentarius,Secretarybird,Aves,serengeti,-1.52679,34.810332,2025-01-31
Sagittarius serpentarius,Secretarybird,Aves,serengeti,-1.457917,35.124583,2025-01-10
Sagittarius serpentarius,Secretarybird,Aves,serengeti,-3.092128,35.4547,2025-02-14
Sagittarius serpentarius,Secretarybird,Aves,serengeti,-1.59596,35.034805,2025-02-21
Sagittarius serpentarius,Secretarybird,Aves,serengeti,-2.956039,34.951056,2025-02-19
Sagittarius serpentarius,Secretarybird,Aves,serengeti,-3.205005,35.43439,2025-02-06
Sagittarius serpentarius,Secretarybird,Aves,serengeti,-2.898951,35.136589,2025-02-08
Sagittarius serpentarius,Secretarybird,Aves,serengeti,-3.121912,35.486788,2025-02-14
Sagittarius serpentarius,Secretarybird,Aves,serengeti,-2.285186,34.846874,2025-02-26
Sagittarius serpentarius,Secretarybird,Aves,serengeti,-2.819324,34.900941,2025-02-07
Sagittarius serpentarius,Secretarybird,Aves,serengeti,-1.599647,35.354943,2025-02-02
Sagittarius serpentarius,Secretarybird,Aves,serengeti,-2.934289,34.891129,2025-02-08
Sagittarius serpentarius,Secretarybird,Aves,serengeti,-2.841333,35.071048,2025-02-04
Sagittarius serpentarius,Secretarybird,Aves,serengeti,-2.983986,35.023337,2025-02-09
Sagittarius serpentarius,Secretarybird,Aves,serengeti,-3.115696,35.126577,2025-02-09
Sagittarius serpentarius,Secretarybird,Aves,serengeti,-3.159525,34.895808,2025-02-08
Sagittarius serpentarius,Secretarybird,Aves,serengeti,-2.373235,34.991435,2025-02-10
Sagittarius serpentarius,Secretarybird,Aves,serengeti,-2.266496,34.991981,2025-02-10
Sagittarius serpentarius,Secretarybird,Aves,serengeti,-3.123133,35.590987,2025-02-23
Sagittarius serpentarius,Secretarybird,Aves,serengeti,-1.46479,35.134603,2025-02-19
Sagittarius serpentarius,Secretarybird,Aves,serengeti,-2.852868,34.882131,2025-02-15
Sagittarius serpentarius,Secretarybird,Aves,serengeti,-3.181749,34.915874,2025-02-18
Sagittarius serpentarius,Secretarybird,Aves,serengeti,-2.952223,34.921871,2025-02-08
Sagittarius serpentarius,Secretarybird,Aves,serengeti,-1.457917,35.207917,2025-02-17
Sagittarius serpentarius,Secretarybird,Aves,serengeti,-3.06004,34.969423,2025-02-19
Sagittarius serpentarius,Secretarybird,Aves,serengeti,-1.486979,35.135308,2025-02-17
Sagittarius serpentarius,Secretarybird,Aves,serengeti,-2.216019,34.944995,2025-03-02
Sagittarius serpentarius,Secretarybird,Aves,serengeti,-1.584294,35.16473,2025-03-08
Sagittarius serpentarius,Secretarybird,Aves,serengeti,-1.492697,35.152157,2025-03-24
Sagittarius serpentarius,Secretarybird,Aves,serengeti,-2.505816,34.930447,2025-03-26
Sagittarius serpentarius,Secretarybird,Aves,serengeti,-1.432983,35.087447,2025-04-05
Sagittarius serpentarius,Secretarybird,Aves,serengeti,-1.450756,35.267171,2025-04-28
Sagittarius serpentarius,Secretarybird,Aves,serengeti,-1.502848,35.109501,2025-04-30
Sagittarius serpentarius,Secretarybird,Aves,serengeti,-2.374666,35.533265,2025-04-21
Sagittarius serpentarius,Secretarybird,Aves,serengeti,-2.9474,34.935276,2025-04-05
Sagittarius serpentarius,Secretarybird,Aves,serengeti,-3.163776,34.970069,2025-04-06
Sagittarius serpentarius,Secretarybird,Aves,serengeti,-2.884509,34.995401,2025-04-07
Sagittarius serpentarius,Secretarybird,Aves,serengeti,-2.923263,34.971261,2025-04-11
Sagittarius serpentarius,Secretarybird,Aves,serengeti,-3.019897,34.997234,2025-04-01
Sagittarius serpentarius,Secretarybird,Aves,serengeti,-2.338951,34.742509,2025-04-03
Sagittarius serpentarius,Secretarybird,Aves,serengeti,-1.457917,35.124583,2025-04-26
Sagittarius serpentarius,Secretarybird,Aves,serengeti,-2.50813,34.788494,2025-05-26
Sagittarius serpentarius,Secretarybird,Aves,serengeti,-1.560159,35.027701,2025-05-29
Sagittarius serpentarius,Secretarybird,Aves,serengeti,-1.873072,34.687619,2025-05-31
Sagittarius serpentarius,Secretarybird,Aves,serengeti,-1.457917,35.207917,2025-05-11
Sagittarius serpentarius,Secretarybird,Aves,serengeti,-2.199064,34.818958,2025-05-20
Sagittarius serpentarius,Secretarybird,Aves,serengeti,-1.486788,35.143259,2025-06-05
Sagittarius serpentarius,Secretarybird,Aves,serengeti,-1.499758,35.021846,2025-06-05
Sagittarius serpentarius,Secretarybird,Aves,serengeti,-1.508018,35.195345,2025-06-13
Sagittarius serpentarius,Secretarybird,Aves,serengeti,-2.930599,35.142245,2025-06-26
Sagittarius serpentarius,Secretarybird,Aves,serengeti,-2.430721,34.682163,2025-06-30
Sagittarius serpentarius,Secretarybird,Aves,serengeti,-2.704313,34.935543,2025-06-28
Sagittarius serpentarius,Secretarybird,Aves,serengeti,-2.365656,34.887281,2025-06-22
Sagittarius serpentarius,Secretarybird,Aves,serengeti,-2.359278,34.926422,2025-06-22
Sagittarius serpentarius,Secretarybird,Aves,serengeti,-3.160322,35.507491,2025-06-28
Sagittarius serpentarius,Secretarybird,Aves,serengeti,-2.47462,34.91717,2025-06-24
Sagittarius serpentarius,Secretarybird,Aves,serengeti,-2.524826,34.830312,2025-06-24
Sagittarius serpentarius,Secretarybird,Aves,serengeti,-1.457917,35.124583,2025-06-08
Sagittarius serpentarius,Secretarybird,Aves,serengeti,-2.404299,34.919683,2025-06-21
Sagittarius serpentarius,Secretarybird,Aves,serengeti,-2.802212,34.972787,2025-07-07
Sagittarius serpentarius,Secretarybird,Aves,serengeti,-1.528357,35.076995,2025-07-13
Sagittarius serpentarius,Secretarybird,Aves,serengeti,-2.512724,34.879567,2025-07-15
Sagittarius serpentarius,Secretarybird,Aves,serengeti,-2.477931,34.912769,2025-07-09
Sagittarius serpentarius,Secretarybird,Aves,serengeti,-2.454662,34.814725,2025-07-10
Sagittarius serpentarius,Secretarybird,Aves,serengeti,-1.94269,35.176811,2025-07-26
Sagittarius serpentarius,Secretarybird,Aves,serengeti,-3.182539,35.506836,2025-07-23
Sagittarius serpentarius,Secretarybird,Aves,serengeti,-1.472158,35.198234,2025-07-24
Sagittarius serpentarius,Secretarybird,Aves,serengeti,-2.81203,34.81245,2025-07-27
Sagittarius serpentarius,Secretarybird,Aves,serengeti,-2.454693,34.881592,2025-07-12
Sagittarius serpentarius,Secretarybird,Aves,serengeti,-2.489093,34.814775,2025-07-31
Sagittarius serpentarius,Secretarybird,Aves,serengeti,-3.169312,35.585403,2025-07-31
Sagittarius serpentarius,Secretarybird,Aves,serengeti,-1.465773,35.08266,2025-07-27
Sagittarius serpentarius,Secretarybird,Aves,serengeti,-2.302954,34.853338,2025-07-27
Sagittarius serpentarius,Secretarybird,Aves,serengeti,-1.558391,35.092897,2025-07-26
Sagittarius serpentarius,Secretarybird,Aves,serengeti,-1.457801,35.153351,2025-07-26
Sagittarius serpentarius,Secretarybird,Aves,serengeti,-3.156337,35.552666,2025-07-20
Sagittarius serpentarius,Secretarybird,Aves,serengeti,-1.742247,34.932393,2025-07-18
Sagittarius serpentarius,Secretarybird,Aves,serengeti,-2.054474,35.169674,2025-08-03
Sagittarius serpentarius,Secretarybird,Aves,serengeti,-2.426421,34.845218,2025-08-01
Sagittarius serpentarius,Secretarybird,Aves,serengeti,-2.462226,34.819873,2025-08-08
Sagittarius serpentarius,Secretarybird,Aves,serengeti,-2.422676,34.85696,2025-08-09
Sagittarius serpentarius,Secretarybird,Aves,serengeti,-2.528481,34.846703,2025-08-09
Sagittarius serpentarius,Secretarybird,Aves,serengeti,-2.54302,34.854284,2025-08-09
Sagittarius serpentarius,Secretarybird,Aves,serengeti,-1.506983,35.174616,2025-08-06
Sagittarius serpentarius,Secretarybird,Aves,serengeti,-3.16643,34.832397,2025-08-08
Sagittarius serpentarius,Secretarybird,Aves,serengeti,-2.113576,34.482342,2025-08-13
Sagittarius serpentarius,Secretarybird,Aves,serengeti,-3.198051,35.571299,2025-08-19
Sagittarius serpentarius,Secretarybird,Aves,serengeti,-2.623912,35.007654,2025-08-11
Sagittarius serpentarius,Secretarybird,Aves,serengeti,-2.44949,34.93846,2025-08-25
Sagittarius serpentarius,Secretarybird,Aves,serengeti,-2.952834,35.153801,2025-08-24
Sagittarius serpentarius,Secretarybird,Aves,serengeti,-1.516976,35.188076,2025-08-31
Sagittarius serpentarius,Secretarybird,Aves,serengeti,-1.589206,34.828638,2025-08-31
Sagittarius serpentarius,Secretarybird,Aves,serengeti,-1.54125,35.374583,2025-08-04
Sagittarius serpentarius,Secretarybird,Aves,serengeti,-1.909037,35.187511,2025-08-07
Sagittarius serpentarius,Secretarybird,Aves,serengeti,-1.889975,35.196139,2025-08-07
Sagittarius serpentarius,Secretarybird,Aves,serengeti,-2.375417,34.895946,2025-08-03
Sagittarius serpentarius,Secretarybird,Aves,serengeti,-2.343961,34.888543,2025-08-03
Sagittarius serpentarius,Secretarybird,Aves,serengeti,-2.332793,34.970542,2025-08-03
Sagittarius serpentarius,Secretarybird,Aves,serengeti,-1.475173,35.107829,2025-08-01
Sagittarius serpentarius,Secretarybird,Aves,serengeti,-3.076149,35.489215,2025-09-02
Sagittarius serpentarius,Secretarybird,Aves,serengeti,-2.521947,34.982711,2025-09-14
Sagittarius serpentarius,Secretarybird,Aves,serengeti,-2.456874,34.432624,2025-09-14
Sagittarius serpentarius,Secretarybird,Aves,serengeti,-1.457328,35.135145,2025-09-09
Sagittarius serpentarius,Secretarybird,Aves,serengeti,-1.678339,35.200821,2025-09-20
Sagittarius serpentarius,Secretarybird,Aves,serengeti,-1.559405,35.228232,2025-09-19
Sagittarius serpentarius,Secretarybird,Aves,serengeti,-2.170684,34.382387,2025-09-27
Sagittarius serpentarius,Secretarybird,Aves,serengeti,-1.587109,35.320222,2025-09-21
Sagittarius serpentarius,Secretarybird,Aves,serengeti,-2.313841,34.814891,2025-09-15
Sagittarius serpentarius,Secretarybird,Aves,serengeti,-1.652822,34.990271,2025-09-19
Sagittarius serpentarius,Secretarybird,Aves,serengeti,-2.468381,34.979336,2025-09-18
Sagittarius serpentarius,Secretarybird,Aves,serengeti,-2.759179,35.262738,2025-09-20
Sagittarius serpentarius,Secretarybird,Aves,serengeti,-1.621829,34.873217,2025-09-19
Sagittarius serpentarius,Secretarybird,Aves,serengeti,-2.205776,35.349894,2025-09-19
Sagittarius serpentarius,Secretarybird,Aves,serengeti,-2.337186,35.307461,2025-09-19
Sagittarius serpentarius,Secretarybird,Aves,serengeti,-2.391468,35.250707,2025-09-19
Sagittarius serpentarius,Secretarybird,Aves,serengeti,-2.365997,35.224258,2025-09-19
Sagittarius serpentarius,Secretarybird,Aves,serengeti,-1.457917,35.124583,2025-09-18
Sagittarius serpentarius,Secretarybird,Aves,serengeti,-2.236101,34.805912,2025-09-05
Sagittarius serpentarius,Secretarybird,Aves,serengeti,-1.620928,35.297578,2025-10-06
Sagittarius serpentarius,Secretarybird,Aves,serengeti,-1.692051,35.238725,2025-10-05
Sagittarius serpentarius,Secretarybird,Aves,serengeti,-2.414393,34.784405,2025-10-20
Sagittarius serpentarius,Secretarybird,Aves,serengeti,-2.425894,34.800976,2025-10-20
Sagittarius serpentarius,Secretarybird,Aves,serengeti,-2.415131,34.784953,2025-10-20
Sagittarius serpentarius,Secretarybird,Aves,serengeti,-2.425905,34.800966,2025-10-20
Sagittarius serpentarius,Secretarybird,Aves,serengeti,-2.996636,34.928814,2025-10-21
Sagittarius serpentarius,Secretarybird,Aves,serengeti,-1.49005,35.158499,2025-10-24
Sagittarius serpentarius,Secretarybird,Aves,serengeti,-2.542785,34.849573,2025-10-16
Sagittarius serpentarius,Secretarybird,Aves,serengeti,-2.219056,34.715372,2025-10-16
Sagittarius serpentarius,Secretarybird,Aves,serengeti,-2.996648,34.928783,2025-10-21
Sagittarius serpentarius,Secretarybird,Aves,serengeti,-1.527358,35.12094,2025-10-20
Sagittarius serpentarius,Secretarybird,Aves,serengeti,-2.864444,34.046344,2025-10-01
Sagittarius serpentarius,Secretarybird,Aves,serengeti,-1.454758,34.870987,2025-11-04
Sagittarius serpentarius,Secretarybird,Aves,serengeti,-1.889653,35.196433,2025-11-11
Sagittarius serpentarius,Secretarybird,Aves,serengeti,-2.089173,35.097618,2025-11-07
Sagittarius serpentarius,Secretarybird,Aves,serengeti,-1.893178,35.192402,2025-11-06
Sagittarius serpentarius,Secretarybird,Aves,serengeti,-2.538179,34.78151,2025-11-29
Sagittarius serpentarius,Secretarybird,Aves,serengeti,-2.446029,34.758221,2025-11-29
Sagittarius serpentarius,Secretarybird,Aves,serengeti,-3.196721,35.5876,2025-11-28
Sagittarius serpentarius,Secretarybird,Aves,serengeti,-1.893178,35.192402,2025-11-06
Sagittarius serpentarius,Secretarybird,Aves,serengeti,-1.893178,35.192402,2025-11-06
Sagittarius serpentarius,Secretarybird,Aves,serengeti,-2.089173,35.097618,2025-11-07
Sagittarius serpentarius,Secretarybird,Aves,serengeti,-2.089173,35.097618,2025-11-07
Sagittarius serpentarius,Secretarybird,Aves,serengeti,-2.432065,34.809752,2025-12-01
Sagittarius serpentarius,Secretarybird,Aves,serengeti,-1.552287,35.003453,2025-12-21
Sagittarius serpentarius,Secretarybird,Aves,serengeti,-1.478833,35.112481,2025-12-17
Sagittarius serpentarius,Secretarybird,Aves,serengeti,-1.444437,35.084579,2025-12-16
Sagittarius serpentarius,Secretarybird,Aves,serengeti,-1.457917,35.207917,2025-12-18
Sagittarius serpentarius,Secretarybird,Aves,serengeti,-1.54125,35.124583,2025-12-02
Sagittarius serpentarius,Secretarybird,Aves,serengeti,-1.54125,35.29125,2025-12-02
Sagittarius serpentarius,Secretarybird,Aves,serengeti,-1.54125,35.207917,2025-12-02
Sagittarius serpentarius,Secretarybird,Aves,serengeti,-2.552546,34.908162,2025-12-31
Sagittarius serpentarius,Secretarybird,Aves,serengeti,-2.331008,34.961424,2025-12-03
Sagittarius serpentarius,Secretarybird,Aves,serengeti,-2.552928,34.875974,2024-01-22
Sagittarius serpentarius,Secretarybird,Aves,serengeti,-1.94037,34.697129,2024-01-23
Sagittarius serpentarius,Secretarybird,Aves,serengeti,-2.903631,34.893069,2024-01-28
Sagittarius serpentarius,Secretarybird,Aves,serengeti,-1.98364,34.615935,2024-01-23
Sagittarius serpentarius,Secretarybird,Aves,serengeti,-2.212495,34.69522,2024-01-12
Sagittarius serpentarius,Secretarybird,Aves,serengeti,-2.323308,35.002557,2024-01-04
Sagittarius serpentarius,Secretarybird,Aves,serengeti,-1.527895,35.174053,2024-01-19
Sagittarius serpentarius,Secretarybird,Aves,serengeti,-2.437086,34.813087,2024-01-18
Sagittarius serpentarius,Secretarybird,Aves,serengeti,-2.445835,34.817947,2024-01-27
Sagittarius serpentarius,Secretarybird,Aves,serengeti,-2.994353,35.00446,2024-01-29
Sagittarius serpentarius,Secretarybird,Aves,serengeti,-3.023098,34.715767,2024-01-26
Sagittarius serpentarius,Secretarybird,Aves,serengeti,-2.832074,34.99758,2024-01-17
Sagittarius serpentarius,Secretarybird,Aves,serengeti,-2.331741,34.837574,2024-01-27
Sagittarius serpentarius,Secretarybird,Aves,serengeti,-3.070228,34.794266,2024-01-24
Sagittarius serpentarius,Secretarybird,Aves,serengeti,-1.472804,35.089474,2024-01-20
Sagittarius serpentarius,Secretarybird,Aves,serengeti,-2.302356,34.858395,2024-01-28
Sagittarius serpentarius,Secretarybird,Aves,serengeti,-3.082306,34.810978,2024-01-25
Sagittarius serpentarius,Secretarybird,Aves,serengeti,-3.023098,34.715767,2024-01-24
Sagittarius serpentarius,Secretarybird,Aves,serengeti,-3.173425,35.564117,2024-01-01
Sagittarius serpentarius,Secretarybird,Aves,serengeti,-2.430793,34.831814,2024-01-12
Sagittarius serpentarius,Secretarybird,Aves,serengeti,-3.023098,34.715767,2024-01-25
Sagittarius serpentarius,Secretarybird,Aves,serengeti,-3.012835,35.020294,2024-01-25
Sagittarius serpentarius,Secretarybird,Aves,serengeti,-2.536346,34.851208,2024-01-15
Sagittarius serpentarius,Secretarybird,Aves,serengeti,-3.043104,35.35499,2024-01-23
Sagittarius serpentarius,Secretarybird,Aves,serengeti,-1.456031,35.212605,2024-01-20
Sagittarius serpentarius,Secretarybird,Aves,serengeti,-2.331741,34.837574,2024-01-27
Sagittarius serpentarius,Secretarybird,Aves,serengeti,-3.023098,34.715767,2024-01-26
Sagittarius serpentarius,Secretarybird,Aves,serengeti,-3.173425,35.564117,2024-01-12
Sagittarius serpentarius,Secretarybird,Aves,serengeti,-1.472804,35.089474,2024-01-01
Sagittarius serpentarius,Secretarybird,Aves,serengeti,-2.684884,34.92757,2024-01-15
Sagittarius serpentarius,Secretarybird,Aves,serengeti,-2.334162,34.8316,2024-01-10
Sagittarius serpentarius,Secretarybird,Aves,serengeti,-2.983914,34.982296,2024-01-30
Sagittarius serpentarius,Secretarybird,Aves,serengeti,-1.462139,35.201828,2024-01-31
Sagittarius serpentarius,Secretarybird,Aves,serengeti,-3.1907,35.53691,2024-01-03
Sagittarius serpentarius,Secretarybird,Aves,serengeti,-2.507936,34.884777,2024-01-19
Sagittarius serpentarius,Secretarybird,Aves,serengeti,-2.982551,34.931816,2024-01-31
Sagittarius serpentarius,Secretarybird,Aves,serengeti,-1.521201,35.337345,2024-01-28
Sagittarius serpentarius,Secretarybird,Aves,serengeti,-3.012835,35.020294,2024-01-31
Sagittarius serpentarius,Secretarybird,Aves,serengeti,-2.994353,35.00446,2024-01-29
Sagittarius serpentarius,Secretarybird,Aves,serengeti,-1.462139,35.201828,2024-01-31
Sagittarius serpentarius,Secretarybird,Aves,serengeti,-3.1907,35.53691,2024-01-05
Sagittarius serpentarius,Secretarybird,Aves,serengeti,-3.013743,34.760757,2024-01-27
Sagittarius serpentarius,Secretarybird,Aves,serengeti,-1.524163,35.32007,2024-01-19
Sagittarius serpentarius,Secretarybird,Aves,serengeti,-3.001264,34.99612,2024-01-28
Sagittarius serpentarius,Secretarybird,Aves,serengeti,-2.922518,35.17384,2024-01-25
Sagittarius serpentarius,Secretarybird,Aves,serengeti,-2.2345,34.9191,2024-01-10
Sagittarius serpentarius,Secretarybird,Aves,serengeti,-3.035502,34.972305,2024-01-14
Sagittarius serpentarius,Secretarybird,Aves,serengeti,-3.042224,35.352364,2024-01-23
Sagittarius serpentarius,Secretarybird,Aves,serengeti,-2.994353,35.00446,2024-01-28
Sagittarius serpentarius,Secretarybird,Aves,serengeti,-2.331741,34.837574,2024-01-27
Sagittarius serpentarius,Secretarybird,Aves,serengeti,-3.115946,35.415146,2024-01-31
Sagittarius serpentarius,Secretarybird,Aves,serengeti,-2.445835,34.817947,2024-01-14
Sagittarius serpentarius,Secretarybird,Aves,serengeti,-2.990508,34.772724,2024-01-25
Sagittarius serpentarius,Secretarybird,Aves,serengeti,-2.536346,34.851208,2024-01-14
Sagittarius serpentarius,Secretarybird,Aves,serengeti,-1.50842,35.10647,2024-01-03
Sagittarius serpentarius,Secretarybird,Aves,serengeti,-1.546753,35.020874,2024-01-20
Sagittarius serpentarius,Secretarybird,Aves,serengeti,-1.462139,35.201828,2024-01-31
Sagittarius serpentarius,Secretarybird,Aves,serengeti,-2.536346,34.851208,2024-01-01
Sagittarius serpentarius,Secretarybird,Aves,serengeti,-2.871889,34.808522,2024-02-03
Sagittarius serpentarius,Secretarybird,Aves,serengeti,-2.987259,34.811426,2024-02-04
Sagittarius serpentarius,Secretarybird,Aves,serengeti,-3.04529,34.840613,2024-02-27
Sagittarius serpentarius,Secretarybird,Aves,serengeti,-2.490652,34.838973,2024-02-29
Sagittarius serpentarius,Secretarybird,Aves,serengeti,-3.110851,35.150899,2024-02-04
Sagittarius serpentarius,Secretarybird,Aves,serengeti,-3.084826,34.826363,2024-02-05
Sagittarius serpentarius,Secretarybird,Aves,serengeti,-2.45032,35.063996,2024-02-06
Sagittarius serpentarius,Secretarybird,Aves,serengeti,-1.502627,35.187289,2024-02-06
Sagittarius serpentarius,Secretarybird,Aves,serengeti,-2.459218,34.817867,2024-02-19
Sagittarius serpentarius,Secretarybird,Aves,serengeti,-2.495825,34.923633,2024-02-08
Sagittarius serpentarius,Secretarybird,Aves,serengeti,-1.457089,35.199913,2024-02-16
Sagittarius serpentarius,Secretarybird,Aves,serengeti,-3.175292,35.50116,2024-02-06
Sagittarius serpentarius,Secretarybird,Aves,serengeti,-1.756819,35.358169,2024-02-15
Sagittarius serpentarius,Secretarybird,Aves,serengeti,-2.619326,34.747009,2024-02-01
Sagittarius serpentarius,Secretarybird,Aves,serengeti,-2.262478,34.796734,2024-02-02
Sagittarius serpentarius,Secretarybird,Aves,serengeti,-2.429006,34.80209,2024-02-01
Sagittarius serpentarius,Secretarybird,Aves,serengeti,-3.02012,34.99715,2024-02-01
Sagittarius serpentarius,Secretarybird,Aves,serengeti,-3.001264,34.99612,2024-02-28
Sagittarius serpentarius,Secretarybird,Aves,serengeti,-2.179864,34.221355,2024-02-19
Sagittarius serpentarius,Secretarybird,Aves,serengeti,-3.001264,34.99612,2024-02-28
Sagittarius serpentarius,Secretarybird,Aves,serengeti,-3.027865,35.32727,2024-02-12
Sagittarius serpentarius,Secretarybird,Aves,serengeti,-3.01206,34.959827,2024-02-13
Sagittarius serpentarius,Secretarybird,Aves,serengeti,-2.547062,35.098766,2024-02-24
Sagittarius serpentarius,Secretarybird,Aves,serengeti,-3.020286,34.99682,2024-02-24
Sagittarius serpentarius,Secretarybird,Aves,serengeti,-2.994353,35.00446,2024-02-02
Sagittarius serpentarius,Secretarybird,Aves,serengeti,-3.012835,35.020294,2024-02-12
Sagittarius serpentarius,Secretarybird,Aves,serengeti,-2.32779,34.769466,2024-02-29
Sagittarius serpentarius,Secretarybird,Aves,serengeti,-3.016648,34.99925,2024-02-21
Sagittarius serpentarius,Secretarybird,Aves,serengeti,-3.023098,34.715767,2024-02-11
Sagittarius serpentarius,Secretarybird,Aves,serengeti,-3.023098,34.715767,2024-02-11
Sagittarius serpentarius,Secretarybird,Aves,serengeti,-2.684884,34.92757,2024-02-02
Sagittarius serpentarius,Secretarybird,Aves,serengeti,-2.939593,35.166348,2024-02-17
Sagittarius serpentarius,Secretarybird,Aves,serengeti,-2.32779,34.769466,2024-02-29
Sagittarius serpentarius,Secretarybird,Aves,serengeti,-2.179864,34.221355,2024-02-19
Sagittarius serpentarius,Secretarybird,Aves,serengeti,-2.98575,34.96109,2024-02-10
Sagittarius serpentarius,Secretarybird,Aves,serengeti,-3.012835,35.020294,2024-02-04
Sagittarius serpentarius,Secretarybird,Aves,serengeti,-3.020263,34.996826,2024-02-23
Sagittarius serpentarius,Secretarybird,Aves,serengeti,-2.999758,34.90825,2024-02-14
Sagittarius serpentarius,Secretarybird,Aves,serengeti,-3.001264,34.99612,2024-02-27
Sagittarius serpentarius,Secretarybird,Aves,serengeti,-3.020286,34.99682,2024-02-24
Sagittarius serpentarius,Secretarybird,Aves,serengeti,-3.027865,35.32727,2024-02-12
Sagittarius serpentarius,Secretarybird,Aves,serengeti,-3.01206,34.959827,2024-02-13
Sagittarius serpentarius,Secretarybird,Aves,serengeti,-2.32779,34.769466,2024-02-29
Sagittarius serpentarius,Secretarybird,Aves,serengeti,-3.02012,34.99715,2024-02-26
Sagittarius serpentarius,Secretarybird,Aves,serengeti,-3.027865,35.32727,2024-02-12
Sagittarius serpentarius,Secretarybird,Aves,serengeti,-1.50842,35.10647,2024-02-09
Sagittarius serpentarius,Secretarybird,Aves,serengeti,-3.15743,35.46825,2024-02-09
Sagittarius serpentarius,Secretarybird,Aves,serengeti,-1.460937,35.257744,2024-02-24
Sagittarius serpentarius,Secretarybird,Aves,serengeti,-2.994353,35.00446,2024-02-22
Sagittarius serpentarius,Secretarybird,Aves,serengeti,-3.012835,35.020294,2024-02-12
Sagittarius serpentarius,Secretarybird,Aves,serengeti,-1.50842,35.10647,2024-02-16
Sagittarius serpentarius,Secretarybird,Aves,serengeti,-2.832074,34.99758,2024-02-07
Sagittarius serpentarius,Secretarybird,Aves,serengeti,-3.012835,35.020294,2024-02-12
Sagittarius serpentarius,Secretarybird,Aves,serengeti,-2.179864,34.221355,2024-02-19
Sagittarius serpentarius,Secretarybird,Aves,serengeti,-2.939593,35.166348,2024-02-17
Sagittarius serpentarius,Secretarybird,Aves,serengeti,-2.964847,34.99137,2024-02-08
Sagittarius serpentarius,Secretarybird,Aves,serengeti,-3.023098,34.715767,2024-02-10
Sagittarius serpentarius,Secretarybird,Aves,serengeti,-3.012835,35.020294,2024-02-12
Sagittarius serpentarius,Secretarybird,Aves,serengeti,-2.334162,34.8316,2024-02-20
Sagittarius serpentarius,Secretarybird,Aves,serengeti,-2.994353,35.00446,2024-02-20
Sagittarius serpentarius,Secretarybird,Aves,serengeti,-1.472804,35.089474,2024-02-17
Sagittarius serpentarius,Secretarybird,Aves,serengeti,-2.085924,34.49919,2024-02-18
Sagittarius serpentarius,Secretarybird,Aves,serengeti,-3.001264,34.99612,2024-02-27
Sagittarius serpentarius,Secretarybird,Aves,serengeti,-1.50842,35.10647,2024-02-09
Sagittarius serpentarius,Secretarybird,Aves,serengeti,-2.171609,34.9864,2024-02-07
Sagittarius serpentarius,Secretarybird,Aves,serengeti,-2.000028,35.169403,2024-02-22
Sagittarius serpentarius,Secretarybird,Aves,serengeti,-3.020263,34.996826,2024-02-23
Sagittarius serpentarius,Secretarybird,Aves,serengeti,-1.442642,35.20822,2024-02-15
Sagittarius serpentarius,Secretarybird,Aves,serengeti,-2.668039,34.7346,2024-02-06
Sagittarius serpentarius,Secretarybird,Aves,serengeti,-3.001264,34.99612,2024-02-28
Sagittarius serpentarius,Secretarybird,Aves,serengeti,-2.179864,34.221355,2024-02-19
Sagittarius serpentarius,Secretarybird,Aves,serengeti,-3.028468,34.98857,2024-02-24
Sagittarius serpentarius,Secretarybird,Aves,serengeti,-3.10105,35.517166,2024-02-08
Sagittarius serpentarius,Secretarybird,Aves,serengeti,-1.643298,35.28284,2024-02-07
Sagittarius serpentarius,Secretarybird,Aves,serengeti,-2.445835,34.817947,2024-02-10
Sagittarius serpentarius,Secretarybird,Aves,serengeti,-2.32779,34.769466,2024-02-29
Sagittarius serpentarius,Secretarybird,Aves,serengeti,-1.546753,35.020874,2024-02-01
Sagittarius serpentarius,Secretarybird,Aves,serengeti,-2.684884,34.92757,2024-02-02
Sagittarius serpentarius,Secretarybird,Aves,serengeti,-3.012835,35.020294,2024-02-12
Sagittarius serpentarius,Secretarybird,Aves,serengeti,-2.536346,34.851208,2024-02-16
Sagittarius serpentarius,Secretarybird,Aves,serengeti,-3.001264,34.99612,2024-02-28
Sagittarius serpentarius,Secretarybird,Aves,serengeti,-3.001264,34.99612,2024-02-27
Sagittarius serpentarius,Secretarybird,Aves,serengeti,-3.027865,35.32727,2024-02-12
Sagittarius serpentarius,Secretarybird,Aves,serengeti,-2.536346,34.851208,2024-02-16
Sagittarius serpentarius,Secretarybird,Aves,serengeti,-3.01206,34.959827,2024-02-13
Sagittarius serpentarius,Secretarybird,Aves,serengeti,-2.536346,34.851208,2024-02-16
Sagittarius serpentarius,Secretarybird,Aves,serengeti,-2.999758,34.90825,2024-02-14
Sagittarius serpentarius,Secretarybird,Aves,serengeti,-3.020263,34.996826,2024-02-23
Sagittarius serpentarius,Secretarybird,Aves,serengeti,-1.463867,35.044384,2024-02-18
Sagittarius serpentarius,Secretarybird,Aves,serengeti,-1.546753,35.020874,2024-02-23
Sagittarius serpentarius,Secretarybird,Aves,serengeti,-1.52969,35.31891,2024-02-21
Sagittarius serpentarius,Secretarybird,Aves,serengeti,-2.32779,34.769466,2024-02-29
Sagittarius serpentarius,Secretarybird,Aves,serengeti,-3.02012,34.99715,2024-02-10
Sagittarius serpentarius,Secretarybird,Aves,serengeti,-2.437086,34.813087,2024-02-23
Sagittarius serpentarius,Secretarybird,Aves,serengeti,-2.95657,35.23537,2024-02-20
Sagittarius serpentarius,Secretarybird,Aves,serengeti,-2.328503,34.769184,2024-02-29
Sagittarius serpentarius,Secretarybird,Aves,serengeti,-3.173425,35.564117,2024-02-25
Sagittarius serpentarius,Secretarybird,Aves,serengeti,-3.012835,35.020294,2024-02-01
Sagittarius serpentarius,Secretarybird,Aves,serengeti,-2.106068,34.506256,2024-02-07
Sagittarius serpentarius,Secretarybird,Aves,serengeti,-1.460937,35.257744,2024-02-24
Sagittarius serpentarius,Secretarybird,Aves,serengeti,-2.480907,34.75756,2024-02-03
Sagittarius serpentarius,Secretarybird,Aves,serengeti,-3.001264,34.99612,2024-02-27
Sagittarius serpentarius,Secretarybird,Aves,serengeti,-2.493452,34.830994,2024-02-15
Sagittarius serpentarius,Secretarybird,Aves,serengeti,-3.001264,34.99612,2024-02-27
Sagittarius serpentarius,Secretarybird,Aves,serengeti,-2.939593,35.166348,2024-02-17
Sagittarius serpentarius,Secretarybird,Aves,serengeti,-3.01206,34.959827,2024-02-13
Sagittarius serpentarius,Secretarybird,Aves,serengeti,-2.939593,35.166348,2024-02-17
Sagittarius serpentarius,Secretarybird,Aves,serengeti,-2.939593,35.166348,2024-02-17
Sagittarius serpentarius,Secretarybird,Aves,serengeti,-2.536346,34.851208,2024-02-03
Sagittarius serpentarius,Secretarybird,Aves,serengeti,-2.536346,34.851208,2024-02-16
Sagittarius serpentarius,Secretarybird,Aves,serengeti,-3.173425,35.564117,2024-02-09
Sagittarius serpentarius,Secretarybird,Aves,serengeti,-3.028468,34.98857,2024-02-24
Sagittarius serpentarius,Secretarybird,Aves,serengeti,-3.012835,35.020294,2024-02-09
Sagittarius serpentarius,Secretarybird,Aves,serengeti,-2.536346,34.851208,2024-02-16
Sagittarius serpentarius,Secretarybird,Aves,serengeti,-2.939593,35.166348,2024-02-17
Sagittarius serpentarius,Secretarybird,Aves,serengeti,-3.01206,34.959827,2024-02-13
Sagittarius serpentarius,Secretarybird,Aves,serengeti,-2.445795,34.897205,2024-02-01
Sagittarius serpentarius,Secretarybird,Aves,serengeti,-2.32779,34.769466,2024-02-29
Sagittarius serpentarius,Secretarybird,Aves,serengeti,-3.012835,35.020294,2024-02-12
Sagittarius serpentarius,Secretarybird,Aves,serengeti,-3.02012,34.99715,2024-02-22
Sagittarius serpentarius,Secretarybird,Aves,serengeti,-3.012835,35.020294,2024-02-12
Sagittarius serpentarius,Secretarybird,Aves,serengeti,-2.536346,34.851208,2024-02-16
Sagittarius serpentarius,Secretarybird,Aves,serengeti,-3.020286,34.99682,2024-02-24
Sagittarius serpentarius,Secretarybird,Aves,serengeti,-2.420987,34.849712,2024-02-16
Sagittarius serpentarius,Secretarybird,Aves,serengeti,-2.106068,34.506256,2024-02-07
Sagittarius serpentarius,Secretarybird,Aves,serengeti,-2.437086,34.813087,2024-02-06
Sagittarius serpentarius,Secretarybird,Aves,serengeti,-2.536346,34.851208,2024-02-16
Sagittarius serpentarius,Secretarybird,Aves,serengeti,-2.812428,35.030132,2024-02-16
Sagittarius serpentarius,Secretarybird,Aves,serengeti,-3.020286,34.99682,2024-02-24
Sagittarius serpentarius,Secretarybird,Aves,serengeti,-2.536346,34.851208,2024-02-23
Sagittarius serpentarius,Secretarybird,Aves,serengeti,-1.547339,35.181656,2024-02-07
Sagittarius serpentarius,Secretarybird,Aves,serengeti,-1.536,35.215,2024-02-12
Sagittarius serpentarius,Secretarybird,Aves,serengeti,-2.445835,34.817947,2024-02-15
Sagittarius serpentarius,Secretarybird,Aves,serengeti,-2.106068,34.506256,2024-02-07
Sagittarius serpentarius,Secretarybird,Aves,serengeti,-2.684884,34.92757,2024-02-02
Sagittarius serpentarius,Secretarybird,Aves,serengeti,-2.999848,34.96346,2024-02-02
Sagittarius serpentarius,Secretarybird,Aves,serengeti,-2.939593,35.166348,2024-02-17
Sagittarius serpentarius,Secretarybird,Aves,serengeti,-3.023098,34.715767,2024-02-12
Sagittarius serpentarius,Secretarybird,Aves,serengeti,-3.001264,34.99612,2024-02-28
Sagittarius serpentarius,Secretarybird,Aves,serengeti,-3.012835,35.020294,2024-02-27
Sagittarius serpentarius,Secretarybird,Aves,serengeti,-3.027865,35.32727,2024-02-12
Sagittarius serpentarius,Secretarybird,Aves,serengeti,-2.445835,34.817947,2024-02-14
Sagittarius serpentarius,Secretarybird,Aves,serengeti,-3.098131,34.948895,2024-02-21
Sagittarius serpentarius,Secretarybird,Aves,serengeti,-2.968222,34.965862,2024-02-21
Sagittarius serpentarius,Secretarybird,Aves,serengeti,-2.536346,34.851208,2024-02-03
Sagittarius serpentarius,Secretarybird,Aves,serengeti,-2.106068,34.506256,2024-02-09
Sagittarius serpentarius,Secretarybird,Aves,serengeti,-2.536346,34.851208,2024-02-15
Sagittarius serpentarius,Secretarybird,Aves,serengeti,-2.990021,34.980885,2024-02-27
Sagittarius serpentarius,Secretarybird,Aves,serengeti,-3.012835,35.020294,2024-02-12
Sagittarius serpentarius,Secretarybird,Aves,serengeti,-3.001264,34.99612,2024-02-28
Sagittarius serpentarius,Secretarybird,Aves,serengeti,-3.042928,35.35504,2024-02-12
Sagittarius serpentarius,Secretarybird,Aves,serengeti,-2.106068,34.506256,2024-02-09
Sagittarius serpentarius,Secretarybird,Aves,serengeti,-3.020263,34.996826,2024-02-23
Sagittarius serpentarius,Secretarybird,Aves,serengeti,-3.001264,34.99612,2024-02-28
Sagittarius serpentarius,Secretarybird,Aves,serengeti,-3.012835,35.020294,2024-02-03
Sagittarius serpentarius,Secretarybird,Aves,serengeti,-3.027865,35.32727,2024-02-12
Sagittarius serpentarius,Secretarybird,Aves,serengeti,-1.50842,35.10647,2024-02-14
Sagittarius serpentarius,Secretarybird,Aves,serengeti,-3.028468,34.98857,2024-02-24
Sagittarius serpentarius,Secretarybird,Aves,serengeti,-1.462139,35.201828,2024-02-26
Sagittarius serpentarius,Secretarybird,Aves,serengeti,-1.460937,35.257744,2024-02-24
Sagittarius serpentarius,Secretarybird,Aves,serengeti,-3.028468,34.98857,2024-02-24
Sagittarius serpentarius,Secretarybird,Aves,serengeti,-1.546753,35.020874,2024-02-20
Sagittarius serpentarius,Secretarybird,Aves,serengeti,-3.0989,34.958927,2024-02-06
Sagittarius serpentarius,Secretarybird,Aves,serengeti,-3.027865,35.32727,2024-02-12
Sagittarius serpentarius,Secretarybird,Aves,serengeti,-2.32779,34.769466,2024-02-29
Sagittarius serpentarius,Secretarybird,Aves,serengeti,-3.027865,35.32727,2024-02-12
Sagittarius serpentarius,Secretarybird,Aves,serengeti,-2.155551,34.618763,2024-02-28
