species,common_name,taxon_class,area_id,lat,lon,date
Macropus giganteus,Eastern Grey Kangaroo,Mammalia,brisbane_urban,-27.575417,152.925311,2026-01-02
Macropus giganteus,Eastern Grey Kangaroo,Mammalia,brisbane_urban,-27.296678,153.041305,2026-01-02
Macropus giganteus,Eastern Grey Kangaroo,Mammalia,brisbane_urban,-27.574403,152.925108,2026-01-02
Macropus giganteus,Eastern Grey Kangaroo,Mammalia,brisbane_urban,-27.580678,152.927517,2026-01-02
Macropus giganteus,Eastern Grey Kangaroo,Mammalia,brisbane_urban,-27.300193,153.002474,2026-01-01
Macropus giganteus,Eastern Grey Kangaroo,Mammalia,brisbane_urban,-27.69168,153.029776,2026-01-01
Macropus giganteus,Eastern Grey Kangaroo,Mammalia,brisbane_urban,-27.575417,152.925311,2026-01-02
Macropus giganteus,Eastern Grey Kangaroo,Mammalia,brisbane_urban,-27.54165,152.935395,2026-01-20
Macropus giganteus,Eastern Grey Kangaroo,Mammalia,brisbane_urban,-27.296608,153.039247,2026-01-23
Macropus giganteus,Eastern Grey Kangaroo,Mammalia,brisbane_urban,-27.437067,152.881653,2026-01-20
Macropus giganteus,Eastern Grey Kangaroo,Mammalia,brisbane_urban,-27.654401,152.902981,2026-01-22
Macropus giganteus,Eastern Grey Kangaroo,Mammalia,brisbane_urban,-27.283038,153.026947,2026-01-12
Macropus giganteus,Eastern Grey Kangaroo,Mammalia,brisbane_urban,-27.594895,152.902313,2026-01-06
Macropus giganteus,Eastern Grey Kangaroo,Mammalia,brisbane_urban,-27.301005,153.039689,2026-01-06
Macropus giganteus,Eastern Grey Kangaroo,Mammalia,brisbane_urban,-27.300645,153.039581,2026-01-27
Macropus giganteus,Eastern Grey Kangaroo,Mammalia,brisbane_urban,-27.572745,152.926503,2026-01-15
Macropus giganteus,Eastern Grey Kangaroo,Mammalia,brisbane_urban,-27.298189,153.036831,2026-01-02
Macropus giganteus,Eastern Grey Kangaroo,Mammalia,brisbane_urban,-27.477249,152.992797,2026-01-20
Macropus giganteus,Eastern Grey Kangaroo,Mammalia,brisbane_urban,-27.573925,152.926011,2026-01-15
Macropus giganteus,Eastern Grey Kangaroo,Mammalia,brisbane_urban,-27.571613,152.928162,2026-01-08
Macropus giganteus,Eastern Grey Kangaroo,Mammalia,brisbane_urban,-27.690767,153.029587,2026-01-13
Macropus giganteus,Eastern Grey Kangaroo,Mammalia,brisbane_urban,-27.678947,152.927231,2026-01-30
Macropus giganteus,Eastern Grey Kangaroo,Mammalia,brisbane_urban,-27.688432,153.026887,2026-01-28
Macropus giganteus,Eastern Grey Kangaroo,Mammalia,brisbane_urban,-27.678947,152.927231,2026-01-30
Macropus giganteus,Eastern Grey Kangaroo,Mammalia,brisbane_urban,-27.297972,153.036833,2026-01-19
Macropus giganteus,Eastern Grey Kangaroo,Mammalia,brisbane_urban,-27.299781,153.036347,2026-02-14
Macropus giganteus,Eastern Grey Kangaroo,Mammalia,brisbane_urban,-27.29953,153.035295,2026-02-14
Macropus giganteus,Eastern Grey Kangaroo,Mammalia,brisbane_urban,-27.300872,153.038867,2026-02-19
Macropus giganteus,Eastern Grey Kangaroo,Mammalia,brisbane_urban,-27.638074,152.883117,2026-02-22
Macropus giganteus,Eastern Grey Kangaroo,Mammalia,brisbane_urban,-27.297074,153.036428,2026-02-19
Macropus giganteus,Eastern Grey Kangaroo,Mammalia,brisbane_urban,-27.297098,153.038753,2026-02-19
Macropus giganteus,Eastern Grey Kangaroo,Mammalia,brisbane_urban,-27.299944,153.033561,2026-02-25
Macropus giganteus,Eastern Grey Kangaroo,Mammalia,brisbane_urban,-27.299944,153.033561,2026-02-25
Macropus giganteus,Eastern Grey Kangaroo,Mammalia,brisbane_urban,-27.299944,153.033561,2026-02-25
Macropus giganteus,Eastern Grey Kangaroo,Mammalia,brisbane_urban,-27.299944,153.033561,2026-02-25
Macropus giganteus,Eastern Grey Kangaroo,Mammalia,brisbane_urban,-27.299944,153.033561,2026-02-25
Macropus giganteus,Eastern Grey Kangaroo,Mammalia,brisbane_urban,-27.333657,153.161235,2026-03-02
Macropus giganteus,Eastern Grey Kangaroo,Mammalia,brisbane_urban,-27.654401,152.902981,2026-03-26
Macropus giganteus,Eastern Grey Kangaroo,Mammalia,brisbane_urban,-27.564112,152.904253,2026-03-25
Macropus giganteus,Eastern Grey Kangaroo,Mammalia,brisbane_urban,-27.248757,153.075618,2026-03-25
Macropus giganteus,Eastern Grey Kangaroo,Mammalia,brisbane_urban,-27.247946,153.074227,2026-03-25
Macropus giganteus,Eastern Grey Kangaroo,Mammalia,brisbane_urban,-27.64099,153.037696,2026-03-30
Macropus giganteus,Eastern Grey Kangaroo,Mammalia,brisbane_urban,-27.296931,153.115701,2026-03-02
Macropus giganteus,Eastern Grey Kangaroo,Mammalia,brisbane_urban,-27.300078,153.036073,2026-03-31
Macropus giganteus,Eastern Grey Kangaroo,Mammalia,brisbane_urban,-27.298499,153.040288,2026-04-06
Macropus giganteus,Eastern Grey Kangaroo,Mammalia,brisbane_urban,-27.297306,153.037253,2026-04-26
Macropus giganteus,Eastern Grey Kangaroo,Mammalia,brisbane_urban,-27.297061,153.03817,2026-04-26
Macropus giganteus,Eastern Grey Kangaroo,Mammalia,brisbane_urban,-27.5604,152.909,2026-04-22
Macropus giganteus,Eastern Grey Kangaroo,Mammalia,brisbane_urban,-27.464079,153.012355,2026-04-22
Macropus giganteus,Eastern Grey Kangaroo,Mammalia,brisbane_urban,-27.56488,152.904871,2026-04-22
Macropus giganteus,Eastern Grey Kangaroo,Mammalia,brisbane_urban,-27.296954,153.038565,2026-04-26
Macropus giganteus,Eastern Grey Kangaroo,Mammalia,brisbane_urban,-27.30185,153.026356,2026-04-26
Macropus giganteus,Eastern Grey Kangaroo,Mammalia,brisbane_urban,-27.654401,152.902981,2026-04-19
Macropus giganteus,Eastern Grey Kangaroo,Mammalia,brisbane_urban,-27.29387,153.041078,2026-04-26
Macropus giganteus,Eastern Grey Kangaroo,Mammalia,brisbane_urban,-27.297003,153.038486,2026-04-26
Macropus giganteus,Eastern Grey Kangaroo,Mammalia,brisbane_urban,-27.63693,153.059525,2026-04-24
Macropus giganteus,Eastern Grey Kangaroo,Mammalia,brisbane_urban,-27.674789,153.010194,2026-04-24
Macropus giganteus,Eastern Grey Kangaroo,Mammalia,brisbane_urban,-27.299944,153.033561,2026-05-11
Macropus giganteus,Eastern Grey Kangaroo,Mammalia,brisbane_urban,-27.303718,153.031193,2026-05-11
Macropus giganteus,Eastern Grey Kangaroo,Mammalia,brisbane_urban,-27.647084,153.007225,2026-05-24
Macropus giganteus,Eastern Grey Kangaroo,Mammalia,brisbane_urban,-27.517055,152.828642,2026-05-07
Macropus giganteus,Eastern Grey Kangaroo,Mammalia,brisbane_urban,-27.300976,153.038818,2026-05-19
Macropus giganteus,Eastern Grey Kangaroo,Mammalia,brisbane_urban,-27.564072,152.902642,2026-05-17
Macropus giganteus,Eastern Grey Kangaroo,Mammalia,brisbane_urban,-27.561494,152.90023,2026-05-15
Macropus giganteus,Eastern Grey Kangaroo,Mammalia,brisbane_urban,-27.676617,152.91698,2026-05-15
Macropus giganteus,Eastern Grey Kangaroo,Mammalia,brisbane_urban,-27.694125,153.02672,2026-06-02
Macropus giganteus,Eastern Grey Kangaroo,Mammalia,brisbane_urban,-27.299944,153.033561,2026-06-06
Macropus giganteus,Eastern Grey Kangaroo,Mammalia,brisbane_urban,-27.583572,152.927702,2026-06-14
Macropus giganteus,Eastern Grey Kangaroo,Mammalia,brisbane_urban,-27.664659,152.85225,2026-06-10
Macropus giganteus,Eastern Grey Kangaroo,Mammalia,brisbane_urban,-27.29945,153.040583,2026-06-20
Macropus giganteus,Eastern Grey Kangaroo,Mammalia,brisbane_urban,-27.667514,152.999638,2026-06-20
Macropus giganteus,Eastern Grey Kangaroo,Mammalia,brisbane_urban,-27.666492,152.997803,2026-06-20
Macropus giganteus,Eastern Grey Kangaroo,Mammalia,brisbane_urban,-27.675891,152.850396,2026-06-22
Macropus giganteus,Eastern Grey Kangaroo,Mammalia,brisbane_urban,-27.676459,152.850567,2026-06-22
Macropus giganteus,Eastern Grey Kangaroo,Mammalia,brisbane_urban,-27.67595,152.850031,2026-06-22
Macropus giganteus,Eastern Grey Kangaroo,Mammalia,brisbane_urban,-27.299944,153.033561,2026-06-20
Macropus giganteus,Eastern Grey Kangaroo,Mammalia,brisbane_urban,-27.675891,152.850396,2026-06-22
Macropus giganteus,Eastern Grey Kangaroo,Mammalia,brisbane_urban,-27.675891,152.850396,2026-06-22
Macropus giganteus,Eastern Grey Kangaroo,Mammalia,brisbane_urban,-27.67595,152.850031,2026-06-22
Macropus giganteus,Eastern Grey Kangaroo,Mammalia,brisbane_urban,-27.676459,152.850567,2026-06-22
Macropus giganteus,Eastern Grey Kangaroo,Mammalia,brisbane_urban,-27.671453,153.009903,2026-07-06
Macropus giganteus,Eastern Grey Kangaroo,Mammalia,brisbane_urban,-27.670147,153.013397,2026-07-01
Macropus giganteus,Eastern Grey Kangaroo,Mammalia,brisbane_urban,-27.298311,153.042822,2026-07-07
Macropus giganteus,Eastern Grey Kangaroo,Mammalia,brisbane_urban,-27.299892,153.041159,2026-07-07
Macropus giganteus,Eastern Grey Kangaroo,Mammalia,brisbane_urban,-27.570871,152.932044,2026-07-07
Macropus giganteus,Eastern Grey Kangaroo,Mammalia,brisbane_urban,-27.250742,153.040156,2026-07-27
Macropus giganteus,Eastern Grey Kangaroo,Mammalia,brisbane_urban,-27.358052,153.143642,2026-07-27
Macropus giganteus,Eastern Grey Kangaroo,Mammalia,brisbane_urban,-27.299944,153.033561,2026-07-28
Macropus giganteus,Eastern Grey Kangaroo,Mammalia,brisbane_urban,-27.679089,153.019104,2026-08-02
Macropus giganteus,Eastern Grey Kangaroo,Mammalia,brisbane_urban,-27.300665,153.03954,2026-08-02
Macropus giganteus,Eastern Grey Kangaroo,Mammalia,brisbane_urban,-27.654401,152.902981,2026-08-05
Macropus giganteus,Eastern Grey Kangaroo,Mammalia,brisbane_urban,-27.297118,153.037292,2026-08-16
Macropus giganteus,Eastern Grey Kangaroo,Mammalia,brisbane_urban,-27.299755,153.039337,2026-08-16
Macropus giganteus,Eastern Grey Kangaroo,Mammalia,brisbane_urban,-27.292233,153.043853,2026-08-16
Macropus giganteus,Eastern Grey Kangaroo,Mammalia,brisbane_urban,-27.299565,153.039476,2026-08-15
Macropus giganteus,Eastern Grey Kangaroo,Mammalia,brisbane_urban,-27.2925,153.042983,2026-08-16
Macropus giganteus,Eastern Grey Kangaroo,Mammalia,brisbane_urban,-27.618832,153.195563,2026-08-23
Macropus giganteus,Eastern Grey Kangaroo,Mammalia,brisbane_urban,-27.300277,153.037003,2026-08-13
Macropus giganteus,Eastern Grey Kangaroo,Mammalia,brisbane_urban,-27.249114,153.083222,2026-08-24
Macropus giganteus,Eastern Grey Kangaroo,Mammalia,brisbane_urban,-27.300936,153.031335,2026-08-13
Macropus giganteus,Eastern Grey Kangaroo,Mammalia,brisbane_urban,-27.296407,153.041584,2026-08-29
Macropus giganteus,Eastern Grey Kangaroo,Mammalia,brisbane_urban,-27.298114,153.040513,2026-08-25
Macropus giganteus,Eastern Grey Kangaroo,Mammalia,brisbane_urban,-27.299997,153.038072,2026-08-29
Macropus giganteus,Eastern Grey Kangaroo,Mammalia,brisbane_urban,-27.670735,152.90353,2026-09-01
Macropus giganteus,Eastern Grey Kangaroo,Mammalia,brisbane_urban,-27.300619,153.036492,2025-01-01
Macropus giganteus,Eastern Grey Kangaroo,Mammalia,brisbane_urban,-27.576492,152.938511,2025-01-04
Macropus giganteus,Eastern Grey Kangaroo,Mammalia,brisbane_urban,-27.297156,153.037292,2025-01-08
Macropus giganteus,Eastern Grey Kangaroo,Mammalia,brisbane_urban,-27.301043,153.026879,2025-01-10
Macropus giganteus,Eastern Grey Kangaroo,Mammalia,brisbane_urban,-27.298533,153.037095,2025-01-22
Macropus giganteus,Eastern Grey Kangaroo,Mammalia,brisbane_urban,-27.574996,152.93439,2025-01-27
Macropus giganteus,Eastern Grey Kangaroo,Mammalia,brisbane_urban,-27.576143,152.93465,2025-01-27
Macropus giganteus,Eastern Grey Kangaroo,Mammalia,brisbane_urban,-27.564206,152.922789,2025-01-27
Macropus giganteus,Eastern Grey Kangaroo,Mammalia,brisbane_urban,-27.301525,153.02479,2025-01-10
Macropus giganteus,Eastern Grey Kangaroo,Mammalia,brisbane_urban,-27.572084,152.939648,2025-01-27
Macropus giganteus,Eastern Grey Kangaroo,Mammalia,brisbane_urban,-27.300972,153.02558,2025-01-10
Macropus giganteus,Eastern Grey Kangaroo,Mammalia,brisbane_urban,-27.299985,153.032335,2025-01-30
Macropus giganteus,Eastern Grey Kangaroo,Mammalia,brisbane_urban,-27.678328,152.926814,2025-01-16
Macropus giganteus,Eastern Grey Kangaroo,Mammalia,brisbane_urban,-27.627755,152.862274,2025-01-26
Macropus giganteus,Eastern Grey Kangaroo,Mammalia,brisbane_urban,-27.562195,152.898187,2025-02-04
Macropus giganteus,Eastern Grey Kangaroo,Mammalia,brisbane_urban,-27.564641,152.912451,2025-02-04
Macropus giganteus,Eastern Grey Kangaroo,Mammalia,brisbane_urban,-27.562277,152.900359,2025-02-04
Macropus giganteus,Eastern Grey Kangaroo,Mammalia,brisbane_urban,-27.562195,152.898187,2025-02-04
Macropus giganteus,Eastern Grey Kangaroo,Mammalia,brisbane_urban,-27.564223,152.910971,2025-02-04
Macropus giganteus,Eastern Grey Kangaroo,Mammalia,brisbane_urban,-27.564223,152.910971,2025-02-04
Macropus giganteus,Eastern Grey Kangaroo,Mammalia,brisbane_urban,-27.562854,152.902801,2025-02-04
Macropus giganteus,Eastern Grey Kangaroo,Mammalia,brisbane_urban,-27.688326,152.91749,2025-02-23
Macropus giganteus,Eastern Grey Kangaroo,Mammalia,brisbane_urban,-27.694207,152.919099,2025-02-23
Macropus giganteus,Eastern Grey Kangaroo,Mammalia,brisbane_urban,-27.298442,153.039236,2025-02-15
Macropus giganteus,Eastern Grey Kangaroo,Mammalia,brisbane_urban,-27.299335,153.039114,2025-02-15
Macropus giganteus,Eastern Grey Kangaroo,Mammalia,brisbane_urban,-27.299211,153.039299,2025-03-01
Macropus giganteus,Eastern Grey Kangaroo,Mammalia,brisbane_urban,-27.603155,152.902858,2025-03-11
Macropus giganteus,Eastern Grey Kangaroo,Mammalia,brisbane_urban,-27.299224,153.04286,2025-03-22
Macropus giganteus,Eastern Grey Kangaroo,Mammalia,brisbane_urban,-27.297605,153.037047,2025-04-25
Macropus giganteus,Eastern Grey Kangaroo,Mammalia,brisbane_urban,-27.683007,152.912874,2025-04-25
Macropus giganteus,Eastern Grey Kangaroo,Mammalia,brisbane_urban,-27.297297,153.037269,2025-04-26
Macropus giganteus,Eastern Grey Kangaroo,Mammalia,brisbane_urban,-27.576474,152.908887,2025-04-26
Macropus giganteus,Eastern Grey Kangaroo,Mammalia,brisbane_urban,-27.299,153.039,2025-04-11
Macropus giganteus,Eastern Grey Kangaroo,Mammalia,brisbane_urban,-27.693468,153.02866,2025-04-15
Macropus giganteus,Eastern Grey Kangaroo,Mammalia,brisbane_urban,-27.693467,153.028661,2025-04-15
Macropus giganteus,Eastern Grey Kangaroo,Mammalia,brisbane_urban,-27.300051,153.036839,2025-05-06
Macropus giganteus,Eastern Grey Kangaroo,Mammalia,brisbane_urban,-27.300113,153.035426,2025-05-05
Macropus giganteus,Eastern Grey Kangaroo,Mammalia,brisbane_urban,-27.300104,153.036902,2025-05-06
Macropus giganteus,Eastern Grey Kangaroo,Mammalia,brisbane_urban,-27.298699,153.035822,2025-05-05
Macropus giganteus,Eastern Grey Kangaroo,Mammalia,brisbane_urban,-27.570686,152.933165,2025-05-11
Macropus giganteus,Eastern Grey Kangaroo,Mammalia,brisbane_urban,-27.563687,152.914843,2025-05-05
Macropus giganteus,Eastern Grey Kangaroo,Mammalia,brisbane_urban,-27.298845,153.039738,2025-05-20
Macropus giganteus,Eastern Grey Kangaroo,Mammalia,brisbane_urban,-27.632562,152.915778,2025-05-09
Macropus giganteus,Eastern Grey Kangaroo,Mammalia,brisbane_urban,-27.691652,153.02492,2025-06-06
Macropus giganteus,Eastern Grey Kangaroo,Mammalia,brisbane_urban,-27.690835,153.025747,2025-06-06
Macropus giganteus,Eastern Grey Kangaroo,Mammalia,brisbane_urban,-27.572547,152.933747,2025-06-19
Macropus giganteus,Eastern Grey Kangaroo,Mammalia,brisbane_urban,-27.29794,153.036852,2025-06-24
Macropus giganteus,Eastern Grey Kangaroo,Mammalia,brisbane_urban,-27.612249,152.984159,2025-06-27
Macropus giganteus,Eastern Grey Kangaroo,Mammalia,brisbane_urban,-27.571213,152.930162,2025-06-19
Macropus giganteus,Eastern Grey Kangaroo,Mammalia,brisbane_urban,-27.60375,152.86226,2025-06-23
Macropus giganteus,Eastern Grey Kangaroo,Mammalia,brisbane_urban,-27.56856,152.94366,2025-06-23
Macropus giganteus,Eastern Grey Kangaroo,Mammalia,brisbane_urban,-27.565388,152.906325,2025-07-11
Macropus giganteus,Eastern Grey Kangaroo,Mammalia,brisbane_urban,-27.680748,152.84848,2025-07-08
Macropus giganteus,Eastern Grey Kangaroo,Mammalia,brisbane_urban,-27.689669,152.918562,2025-07-12
Macropus giganteus,Eastern Grey Kangaroo,Mammalia,brisbane_urban,-27.473001,152.908274,2025-07-17
Macropus giganteus,Eastern Grey Kangaroo,Mammalia,brisbane_urban,-27.299944,153.033561,2025-07-19
Macropus giganteus,Eastern Grey Kangaroo,Mammalia,brisbane_urban,-27.545058,152.993016,2025-07-26
Macropus giganteus,Eastern Grey Kangaroo,Mammalia,brisbane_urban,-27.317169,153.052219,2025-07-16
Macropus giganteus,Eastern Grey Kangaroo,Mammalia,brisbane_urban,-27.588754,152.925417,2025-08-16
Macropus giganteus,Eastern Grey Kangaroo,Mammalia,brisbane_urban,-27.299289,153.037203,2025-08-24
Macropus giganteus,Eastern Grey Kangaroo,Mammalia,brisbane_urban,-27.29971,153.035673,2025-08-05
Macropus giganteus,Eastern Grey Kangaroo,Mammalia,brisbane_urban,-27.617794,153.139087,2025-08-26
Macropus giganteus,Eastern Grey Kangaroo,Mammalia,brisbane_urban,-27.576425,152.931717,2025-08-23
Macropus giganteus,Eastern Grey Kangaroo,Mammalia,brisbane_urban,-27.299289,153.037203,2025-08-24
Macropus giganteus,Eastern Grey Kangaroo,Mammalia,brisbane_urban,-27.299289,153.037203,2025-08-24
Macropus giganteus,Eastern Grey Kangaroo,Mammalia,brisbane_urban,-27.629958,152.815325,2025-09-16
Macropus giganteus,Eastern Grey Kangaroo,Mammalia,brisbane_urban,-27.695189,152.848881,2025-09-06
Macropus giganteus,Eastern Grey Kangaroo,Mammalia,brisbane_urban,-27.619039,152.822637,2025-09-24
Macropus giganteus,Eastern Grey Kangaroo,Mammalia,brisbane_urban,-27.296734,153.036878,2025-09-27
Macropus giganteus,Eastern Grey Kangaroo,Mammalia,brisbane_urban,-27.671967,153.046628,2025-09-01
Macropus giganteus,Eastern Grey Kangaroo,Mammalia,brisbane_urban,-27.316874,153.0528,2025-09-08
Macropus giganteus,Eastern Grey Kangaroo,Mammalia,brisbane_urban,-27.271508,152.85617,2025-09-27
Macropus giganteus,Eastern Grey Kangaroo,Mammalia,brisbane_urban,-27.634169,152.906704,2025-09-02
Macropus giganteus,Eastern Grey Kangaroo,Mammalia,brisbane_urban,-27.601856,152.884287,2025-10-09
Macropus giganteus,Eastern Grey Kangaroo,Mammalia,brisbane_urban,-27.654401,152.902981,2025-10-10
Macropus giganteus,Eastern Grey Kangaroo,Mammalia,brisbane_urban,-27.30288,153.022857,2025-10-06
Macropus giganteus,Eastern Grey Kangaroo,Mammalia,brisbane_urban,-27.679044,152.926725,2025-10-26
Macropus giganteus,Eastern Grey Kangaroo,Mammalia,brisbane_urban,-27.294428,153.040695,2025-10-21
Macropus giganteus,Eastern Grey Kangaroo,Mammalia,brisbane_urban,-27.343262,153.097416,2025-10-24
Macropus giganteus,Eastern Grey Kangaroo,Mammalia,brisbane_urban,-27.679772,152.926564,2025-10-27
Macropus giganteus,Eastern Grey Kangaroo,Mammalia,brisbane_urban,-27.642357,152.880276,2025-10-17
Macropus giganteus,Eastern Grey Kangaroo,Mammalia,brisbane_urban,-27.679053,152.926667,2025-10-29
Macropus giganteus,Eastern Grey Kangaroo,Mammalia,brisbane_urban,-27.602065,152.920238,2025-10-14
Macropus giganteus,Eastern Grey Kangaroo,Mammalia,brisbane_urban,-27.319603,153.053819,2025-11-02
Macropus giganteus,Eastern Grey Kangaroo,Mammalia,brisbane_urban,-27.298993,153.036338,2025-11-08
Macropus giganteus,Eastern Grey Kangaroo,Mammalia,brisbane_urban,-27.657622,152.900725,2025-11-06
Macropus giganteus,Eastern Grey Kangaroo,Mammalia,brisbane_urban,-27.69022,153.095658,2025-11-14
Macropus giganteus,Eastern Grey Kangaroo,Mammalia,brisbane_urban,-27.691663,153.029763,2025-11-16
Macropus giganteus,Eastern Grey Kangaroo,Mammalia,brisbane_urban,-27.655504,152.863719,2025-11-02
Macropus giganteus,Eastern Grey Kangaroo,Mammalia,brisbane_urban,-27.659705,152.801497,2025-11-11
Macropus giganteus,Eastern Grey Kangaroo,Mammalia,brisbane_urban,-27.300637,153.037914,2025-11-22
Macropus giganteus,Eastern Grey Kangaroo,Mammalia,brisbane_urban,-27.678778,152.849106,2025-11-27
Macropus giganteus,Eastern Grey Kangaroo,Mammalia,brisbane_urban,-27.258795,153.031814,2025-11-07
Macropus giganteus,Eastern Grey Kangaroo,Mammalia,brisbane_urban,-27.298408,153.036652,2025-12-23
Macropus giganteus,Eastern Grey Kangaroo,Mammalia,brisbane_urban,-27.302362,153.04335,2025-12-23
Macropus giganteus,Eastern Grey Kangaroo,Mammalia,brisbane_urban,-27.298503,153.042034,2025-12-23
Macropus giganteus,Eastern Grey Kangaroo,Mammalia,brisbane_urban,-27.294613,153.037643,2025-12-23
Macropus giganteus,Eastern Grey Kangaroo,Mammalia,brisbane_urban,-27.292038,153.043717,2025-12-29
Macropus giganteus,Eastern Grey Kangaroo,Mammalia,brisbane_urban,-27.298855,153.037278,2025-12-23
Macropus giganteus,Eastern Grey Kangaroo,Mammalia,brisbane_urban,-27.299638,153.04007,2025-12-29
Macropus giganteus,Eastern Grey Kangaroo,Mammalia,brisbane_urban,-27.299247,153.039069,2025-12-23
Macropus giganteus,Eastern Grey Kangaroo,Mammalia,brisbane_urban,-27.257703,153.0309,2025-12-27
Macropus giganteus,Eastern Grey Kangaroo,Mammalia,brisbane_urban,-27.300538,153.039078,2025-12-23
Macropus giganteus,Eastern Grey Kangaroo,Mammalia,brisbane_urban,-27.298408,153.036652,2025-12-23
Macropus giganteus,Eastern Grey Kangaroo,Mammalia,brisbane_urban,-27.298046,153.036921,2025-12-23
Macropus giganteus,Eastern Grey Kangaroo,Mammalia,brisbane_urban,-27.298408,153.036652,2025-12-23
Macropus giganteus,Eastern Grey Kangaroo,Mammalia,brisbane_urban,-27.297777,153.044052,2025-12-23
Macropus giganteus,Eastern Grey Kangaroo,Mammalia,brisbane_urban,-27.298248,153.043533,2025-12-23
Macropus giganteus,Eastern Grey Kangaroo,Mammalia,brisbane_urban,-27.299047,153.04296,2025-12-23
Macropus giganteus,Eastern Grey Kangaroo,Mammalia,brisbane_urban,-27.297466,153.037461,2025-12-23
Macropus giganteus,Eastern Grey Kangaroo,Mammalia,brisbane_urban,-27.299292,153.040908,2025-12-23
Macropus giganteus,Eastern Grey Kangaroo,Mammalia,brisbane_urban,-27.293927,153.041062,2025-12-23
Macropus giganteus,Eastern Grey Kangaroo,Mammalia,brisbane_urban,-27.691888,152.830227,2025-12-24
Macropus giganteus,Eastern Grey Kangaroo,Mammalia,brisbane_urban,-27.691888,152.830227,2025-12-24
Macropus giganteus,Eastern Grey Kangaroo,Mammalia,brisbane_urban,-27.691888,152.830227,2025-12-24
Macropus giganteus,Eastern Grey Kangaroo,Mammalia,brisbane_urban,-27.692363,152.831285,2025-12-25
Macropus giganteus,Eastern Grey Kangaroo,Mammalia,brisbane_urban,-27.3001,153.03669,2025-12-10
Macropus giganteus,Eastern Grey Kangaroo,Mammalia,brisbane_urban,-27.300052,153.034524,2025-12-10
Macropus giganteus,Eastern Grey Kangaroo,Mammalia,brisbane_urban,-27.300723,153.036156,2025-12-10
Macropus giganteus,Eastern Grey Kangaroo,Mammalia,brisbane_urban,-27.573532,152.932426,2024-01-06
Macropus giganteus,Eastern Grey Kangaroo,Mammalia,brisbane_urban,-27.319053,153.051885,2024-01-07
Macropus giganteus,Eastern Grey Kangaroo,Mammalia,brisbane_urban,-27.299263,153.033527,2024-01-04
Macropus giganteus,Eastern Grey Kangaroo,Mammalia,brisbane_urban,-27.299263,153.033527,2024-01-04
Macropus giganteus,Eastern Grey Kangaroo,Mammalia,brisbane_urban,-27.634653,152.90152,2024-01-15
Macropus giganteus,Eastern Grey Kangaroo,Mammalia,brisbane_urban,-27.287672,153.039418,2024-01-31
Macropus giganteus,Eastern Grey Kangaroo,Mammalia,brisbane_urban,-27.300564,153.027282,2024-01-20
Macropus giganteus,Eastern Grey Kangaroo,Mammalia,brisbane_urban,-27.276413,153.024693,2024-02-01
Macropus giganteus,Eastern Grey Kangaroo,Mammalia,brisbane_urban,-27.297791,153.040166,2024-02-05
Macropus giganteus,Eastern Grey Kangaroo,Mammalia,brisbane_urban,-27.298668,153.036958,2024-02-05
Macropus giganteus,Eastern Grey Kangaroo,Mammalia,brisbane_urban,-27.297791,153.040166,2024-02-05
Macropus giganteus,Eastern Grey Kangaroo,Mammalia,brisbane_urban,-27.298995,153.039387,2024-02-07
Macropus giganteus,Eastern Grey Kangaroo,Mammalia,brisbane_urban,-27.298615,153.042928,2024-02-11
Macropus giganteus,Eastern Grey Kangaroo,Mammalia,brisbane_urban,-27.29835,153.042728,2024-02-11
Macropus giganteus,Eastern Grey Kangaroo,Mammalia,brisbane_urban,-27.300138,153.0416,2024-02-11
Macropus giganteus,Eastern Grey Kangaroo,Mammalia,brisbane_urban,-27.297218,153.04218,2024-02-11
Macropus giganteus,Eastern Grey Kangaroo,Mammalia,brisbane_urban,-27.294848,153.039831,2024-02-02
Macropus giganteus,Eastern Grey Kangaroo,Mammalia,brisbane_urban,-27.294453,153.041458,2024-02-03
Macropus giganteus,Eastern Grey Kangaroo,Mammalia,brisbane_urban,-27.298605,153.0436,2024-02-11
Macropus giganteus,Eastern Grey Kangaroo,Mammalia,brisbane_urban,-27.573565,152.931526,2024-02-17
Macropus giganteus,Eastern Grey Kangaroo,Mammalia,brisbane_urban,-27.298381,153.037123,2024-02-03
Macropus giganteus,Eastern Grey Kangaroo,Mammalia,brisbane_urban,-27.630276,152.792846,2024-02-02
Macropus giganteus,Eastern Grey Kangaroo,Mammalia,brisbane_urban,-27.691957,153.025419,2024-02-18
Macropus giganteus,Eastern Grey Kangaroo,Mammalia,brisbane_urban,-27.679888,152.84807,2024-03-03
Macropus giganteus,Eastern Grey Kangaroo,Mammalia,brisbane_urban,-27.656836,152.901674,2024-03-01
Macropus giganteus,Eastern Grey Kangaroo,Mammalia,brisbane_urban,-27.693412,152.796674,2024-03-12
Macropus giganteus,Eastern Grey Kangaroo,Mammalia,brisbane_urban,-27.604067,152.907958,2024-03-19
Macropus giganteus,Eastern Grey Kangaroo,Mammalia,brisbane_urban,-27.691492,153.019725,2024-03-15
Macropus giganteus,Eastern Grey Kangaroo,Mammalia,brisbane_urban,-27.301428,153.036605,2024-04-06
Macropus giganteus,Eastern Grey Kangaroo,Mammalia,brisbane_urban,-27.296863,153.036942,2024-04-26
Macropus giganteus,Eastern Grey Kangaroo,Mammalia,brisbane_urban,-27.300443,153.036483,2024-04-22
Macropus giganteus,Eastern Grey Kangaroo,Mammalia,brisbane_urban,-27.299944,153.033561,2024-04-12
Macropus giganteus,Eastern Grey Kangaroo,Mammalia,brisbane_urban,-27.299278,153.036681,2024-05-08
Macropus giganteus,Eastern Grey Kangaroo,Mammalia,brisbane_urban,-27.572435,152.927194,2024-05-07
Macropus giganteus,Eastern Grey Kangaroo,Mammalia,brisbane_urban,-27.298913,153.041764,2024-05-13
Macropus giganteus,Eastern Grey Kangaroo,Mammalia,brisbane_urban,-27.298613,153.036302,2024-05-08
Macropus giganteus,Eastern Grey Kangaroo,Mammalia,brisbane_urban,-27.298935,153.036446,2024-05-08
Macropus giganteus,Eastern Grey Kangaroo,Mammalia,brisbane_urban,-27.299013,153.036387,2024-05-08
Macropus giganteus,Eastern Grey Kangaroo,Mammalia,brisbane_urban,-27.302262,153.025863,2024-05-25
Macropus giganteus,Eastern Grey Kangaroo,Mammalia,brisbane_urban,-27.392296,152.859036,2024-05-21
Macropus giganteus,Eastern Grey Kangaroo,Mammalia,brisbane_urban,-27.67903,153.031499,2024-06-07
Macropus giganteus,Eastern Grey Kangaroo,Mammalia,brisbane_urban,-27.303715,153.033687,2024-06-10
Macropus giganteus,Eastern Grey Kangaroo,Mammalia,brisbane_urban,-27.284519,153.000228,2024-06-11
Macropus giganteus,Eastern Grey Kangaroo,Mammalia,brisbane_urban,-27.302047,153.023764,2024-06-10
Macropus giganteus,Eastern Grey Kangaroo,Mammalia,brisbane_urban,-27.273945,152.938492,2024-06-18
Macropus giganteus,Eastern Grey Kangaroo,Mammalia,brisbane_urban,-27.297588,153.042861,2024-06-22
Macropus giganteus,Eastern Grey Kangaroo,Mammalia,brisbane_urban,-27.299037,153.042953,2024-06-22
Macropus giganteus,Eastern Grey Kangaroo,Mammalia,brisbane_urban,-27.301168,153.020693,2024-06-29
Macropus giganteus,Eastern Grey Kangaroo,Mammalia,brisbane_urban,-27.637856,152.962758,2024-06-26
Macropus giganteus,Eastern Grey Kangaroo,Mammalia,brisbane_urban,-27.633892,152.905641,2024-06-18
Macropus giganteus,Eastern Grey Kangaroo,Mammalia,brisbane_urban,-27.572353,152.798283,2024-07-15
Macropus giganteus,Eastern Grey Kangaroo,Mammalia,brisbane_urban,-27.250419,153.066816,2024-07-07
Macropus giganteus,Eastern Grey Kangaroo,Mammalia,brisbane_urban,-27.654401,152.902981,2024-07-28
Macropus giganteus,Eastern Grey Kangaroo,Mammalia,brisbane_urban,-27.299508,153.03775,2024-07-13
Macropus giganteus,Eastern Grey Kangaroo,Mammalia,brisbane_urban,-27.621695,152.868272,2024-08-13
Macropus giganteus,Eastern Grey Kangaroo,Mammalia,brisbane_urban,-27.677065,152.848855,2024-08-17
Macropus giganteus,Eastern Grey Kangaroo,Mammalia,brisbane_urban,-27.296348,153.04137,2024-08-20
Macropus giganteus,Eastern Grey Kangaroo,Mammalia,brisbane_urban,-27.296181,153.04206,2024-08-24
Macropus giganteus,Eastern Grey Kangaroo,Mammalia,brisbane_urban,-27.301884,153.02489,2024-08-25
Macropus giganteus,Eastern Grey Kangaroo,Mammalia,brisbane_urban,-27.294366,153.040691,2024-08-29
Macropus giganteus,Eastern Grey Kangaroo,Mammalia,brisbane_urban,-27.689572,153.025608,2024-08-27
Macropus giganteus,Eastern Grey Kangaroo,Mammalia,brisbane_urban,-27.668104,153.133757,2024-08-26
Macropus giganteus,Eastern Grey Kangaroo,Mammalia,brisbane_urban,-27.400222,153.062456,2024-08-19
Macropus giganteus,Eastern Grey Kangaroo,Mammalia,brisbane_urban,-27.657497,152.900928,2024-09-21
Macropus giganteus,Eastern Grey Kangaroo,Mammalia,brisbane_urban,-27.657497,152.900928,2024-09-21
Macropus giganteus,Eastern Grey Kangaroo,Mammalia,brisbane_urban,-27.683183,152.9112,2024-09-20
Macropus giganteus,Eastern Grey Kangaroo,Mammalia,brisbane_urban,-27.297762,153.037139,2024-10-14
Macropus giganteus,Eastern Grey Kangaroo,Mammalia,brisbane_urban,-27.667546,153.109598,2024-10-13
Macropus giganteus,Eastern Grey Kangaroo,Mammalia,brisbane_urban,-27.630077,152.793633,2024-10-12
Macropus giganteus,Eastern Grey Kangaroo,Mammalia,brisbane_urban,-27.619602,152.991593,2024-11-01
Macropus giganteus,Eastern Grey Kangaroo,Mammalia,brisbane_urban,-27.613689,152.907206,2024-11-23
Macropus giganteus,Eastern Grey Kangaroo,Mammalia,brisbane_urban,-27.25793,153.077911,2024-11-07
Macropus giganteus,Eastern Grey Kangaroo,Mammalia,brisbane_urban,-27.598867,152.912688,2024-11-25
Macropus giganteus,Eastern Grey Kangaroo,Mammalia,brisbane_urban,-27.573148,152.926294,2024-12-07
Macropus giganteus,Eastern Grey Kangaroo,Mammalia,brisbane_urban,-27.679011,152.927192,2024-12-01
Macropus giganteus,Eastern Grey Kangaroo,Mammalia,brisbane_urban,-27.691997,152.919572,2024-12-11
Macropus giganteus,Eastern Grey Kangaroo,Mammalia,brisbane_urban,-27.300012,153.034936,2024-12-30
Macropus giganteus,Eastern Grey Kangaroo,Mammalia,brisbane_urban,-27.691326,153.023954,2024-12-24
Macropus giganteus,Eastern Grey Kangaroo,Mammalia,brisbane_urban,-27.295826,153.037509,2024-12-30
Macropus giganteus,Eastern Grey Kangaroo,Mammalia,brisbane_urban,-27.679006,152.926753,2024-12-05
Macropus giganteus,Eastern Grey Kangaroo,Mammalia,brisbane_urban,-27.297976,153.036798,2023-01-16
Macropus giganteus,Eastern Grey Kangaroo,Mammalia,brisbane_urban,-27.299149,153.036333,2023-01-16
Macropus giganteus,Eastern Grey Kangaroo,Mammalia,brisbane_urban,-27.299503,153.034157,2023-01-23
Macropus giganteus,Eastern Grey Kangaroo,Mammalia,brisbane_urban,-27.60017,152.912462,2023-02-01
Macropus giganteus,Eastern Grey Kangaroo,Mammalia,brisbane_urban,-27.401887,153.078457,2023-02-18
Macropus giganteus,Eastern Grey Kangaroo,Mammalia,brisbane_urban,-27.56325,152.89848,2023-02-19
Macropus giganteus,Eastern Grey Kangaroo,Mammalia,brisbane_urban,-27.273199,152.993875,2023-03-02
Macropus giganteus,Eastern Grey Kangaroo,Mammalia,brisbane_urban,-27.294936,153.038178,2023-03-19
Macropus giganteus,Eastern Grey Kangaroo,Mammalia,brisbane_urban,-27.316807,153.05254,2023-03-24
Macropus giganteus,Eastern Grey Kangaroo,Mammalia,brisbane_urban,-27.247643,153.078561,2023-03-29
Macropus giganteus,Eastern Grey Kangaroo,Mammalia,brisbane_urban,-27.301326,153.023574,2023-04-16
Macropus giganteus,Eastern Grey Kangaroo,Mammalia,brisbane_urban,-27.300962,153.04155,2023-04-22
Macropus giganteus,Eastern Grey Kangaroo,Mammalia,brisbane_urban,-27.29114,153.046293,2023-04-22
Macropus giganteus,Eastern Grey Kangaroo,Mammalia,brisbane_urban,-27.296963,153.041,2023-04-22
Macropus giganteus,Eastern Grey Kangaroo,Mammalia,brisbane_urban,-27.300845,153.041617,2023-04-22
Macropus giganteus,Eastern Grey Kangaroo,Mammalia,brisbane_urban,-27.296887,153.038445,2023-04-22
Macropus giganteus,Eastern Grey Kangaroo,Mammalia,brisbane_urban,-27.298762,153.036595,2023-04-22
Macropus giganteus,Eastern Grey Kangaroo,Mammalia,brisbane_urban,-27.250087,153.071914,2023-04-11
Macropus giganteus,Eastern Grey Kangaroo,Mammalia,brisbane_urban,-27.299644,153.038074,2023-04-29
Macropus giganteus,Eastern Grey Kangaroo,Mammalia,brisbane_urban,-27.654999,152.901639,2023-04-21
Macropus giganteus,Eastern Grey Kangaroo,Mammalia,brisbane_urban,-27.691804,153.025563,2023-05-28
Macropus giganteus,Eastern Grey Kangaroo,Mammalia,brisbane_urban,-27.300265,153.038347,2023-05-28
Macropus giganteus,Eastern Grey Kangaroo,Mammalia,brisbane_urban,-27.245133,153.042762,2023-05-26
Macropus giganteus,Eastern Grey Kangaroo,Mammalia,brisbane_urban,-27.656975,152.902132,2023-05-20
Macropus giganteus,Eastern Grey Kangaroo,Mammalia,brisbane_urban,-27.656022,152.900261,2023-05-03
Macropus giganteus,Eastern Grey Kangaroo,Mammalia,brisbane_urban,-27.556446,152.920293,2023-07-19
Macropus giganteus,Eastern Grey Kangaroo,Mammalia,brisbane_urban,-27.556446,152.920293,2023-07-28
Macropus giganteus,Eastern Grey Kangaroo,Mammalia,brisbane_urban,-27.606163,153.118175,2023-07-28
Macropus giganteus,Eastern Grey Kangaroo,Mammalia,brisbane_urban,-27.564482,152.921994,2023-08-25
Macropus giganteus,Eastern Grey Kangaroo,Mammalia,brisbane_urban,-27.575952,152.940526,2023-08-13
Macropus giganteus,Eastern Grey Kangaroo,Mammalia,brisbane_urban,-27.676886,152.849323,2023-08-05
Macropus giganteus,Eastern Grey Kangaroo,Mammalia,brisbane_urban,-27.682303,152.85068,2023-08-05
Macropus giganteus,Eastern Grey Kangaroo,Mammalia,brisbane_urban,-27.669372,152.851462,2023-09-17
Macropus giganteus,Eastern Grey Kangaroo,Mammalia,brisbane_urban,-27.669372,152.851462,2023-09-17
Macropus giganteus,Eastern Grey Kangaroo,Mammalia,brisbane_urban,-27.585472,152.922088,2023-09-20
Macropus giganteus,Eastern Grey Kangaroo,Mammalia,brisbane_urban,-27.691526,153.024374,2023-09-29
Macropus giganteus,Eastern Grey Kangaroo,Mammalia,brisbane_urban,-27.296866,153.038693,2023-10-14
Macropus giganteus,Eastern Grey Kangaroo,Mammalia,brisbane_urban,-27.602341,152.907649,2023-10-14
Macropus giganteus,Eastern Grey Kangaroo,Mammalia,brisbane_urban,-27.602341,152.907649,2023-10-14
Macropus giganteus,Eastern Grey Kangaroo,Mammalia,brisbane_urban,-27.297532,153.036935,2023-10-31
Macropus giganteus,Eastern Grey Kangaroo,Mammalia,brisbane_urban,-27.298298,153.043552,2023-10-08
Macropus giganteus,Eastern Grey Kangaroo,Mammalia,brisbane_urban,-27.299944,153.033561,2023-10-31
Macropus giganteus,Eastern Grey Kangaroo,Mammalia,brisbane_urban,-27.682961,152.927269,2023-11-24
Macropus giganteus,Eastern Grey Kangaroo,Mammalia,brisbane_urban,-27.573892,152.930739,2023-11-28
Macropus giganteus,Eastern Grey Kangaroo,Mammalia,brisbane_urban,-27.572466,152.932863,2023-11-25
Macropus giganteus,Eastern Grey Kangaroo,Mammalia,brisbane_urban,-27.298019,153.03688,2023-12-03
Macropus giganteus,Eastern Grey Kangaroo,Mammalia,brisbane_urban,-27.588756,152.925417,2023-12-02
Macropus giganteus,Eastern Grey Kangaroo,Mammalia,brisbane_urban,-27.588756,152.925417,2023-12-02
Macropus giganteus,Eastern Grey Kangaroo,Mammalia,brisbane_urban,-27.2996,153.039108,2023-12-04
Macropus giganteus,Eastern Grey Kangaroo,Mammalia,brisbane_urban,-27.583264,152.921899,2023-12-25
Macropus giganteus,Eastern Grey Kangaroo,Mammalia,brisbane_urban,-27.634377,152.901054,2023-12-31
Macropus giganteus,Eastern Grey Kangaroo,Mammalia,brisbane_urban,-27.300695,153.034958,2023-12-20
Macropus giganteus,Eastern Grey Kangaroo,Mammalia,brisbane_urban,-27.300945,153.030364,2023-12-20
Macropus giganteus,Eastern Grey Kangaroo,Mammalia,brisbane_urban,-27.564221,152.930528,2022-01-23
Macropus giganteus,Eastern Grey Kangaroo,Mammalia,brisbane_urban,-27.300287,153.037681,2022-01-16
Macropus giganteus,Eastern Grey Kangaroo,Mammalia,brisbane_urban,-27.300345,153.037745,2022-01-16
Macropus giganteus,Eastern Grey Kangaroo,Mammalia,brisbane_urban,-27.29977,153.043015,2022-02-10
Macropus giganteus,Eastern Grey Kangaroo,Mammalia,brisbane_urban,-27.29622,153.041748,2022-02-10
Macropus giganteus,Eastern Grey Kangaroo,Mammalia,brisbane_urban,-27.293772,153.040573,2022-02-10
Macropus giganteus,Eastern Grey Kangaroo,Mammalia,brisbane_urban,-27.59825,152.914003,2022-02-12
Macropus giganteus,Eastern Grey Kangaroo,Mammalia,brisbane_urban,-27.37,153.07,2022-02-04
Macropus giganteus,Eastern Grey Kangaroo,Mammalia,brisbane_urban,-27.37,153.07,2022-02-18
Macropus giganteus,Eastern Grey Kangaroo,Mammalia,brisbane_urban,-27.37,153.07,2022-02-18
Macropus giganteus,Eastern Grey Kangaroo,Mammalia,brisbane_urban,-27.37,153.07,2022-02-04
Macropus giganteus,Eastern Grey Kangaroo,Mammalia,brisbane_urban,-27.37,153.07,2022-02-04
Macropus giganteus,Eastern Grey Kangaroo,Mammalia,brisbane_urban,-27.37,153.07,2022-02-04
Macropus giganteus,Eastern Grey Kangaroo,Mammalia,brisbane_urban,-27.37,153.07,2022-02-04
Macropus giganteus,Eastern Grey Kangaroo,Mammalia,brisbane_urban,-27.37,153.07,2022-02-18
Macropus giganteus,Eastern Grey Kangaroo,Mammalia,brisbane_urban,-27.37,153.07,2022-02-04
Macropus giganteus,Eastern Grey Kangaroo,Mammalia,brisbane_urban,-27.37,153.07,2022-02-04
Macropus giganteus,Eastern Grey Kangaroo,Mammalia,brisbane_urban,-27.37,153.07,2022-02-04
Macropus giganteus,Eastern Grey Kangaroo,Mammalia,brisbane_urban,-27.37,153.07,2022-02-18
Macropus giganteus,Eastern Grey Kangaroo,Mammalia,brisbane_urban,-27.37,153.07,2022-02-04
Macropus giganteus,Eastern Grey Kangaroo,Mammalia,brisbane_urban,-27.37,153.07,2022-02-04
Macropus giganteus,Eastern Grey Kangaroo,Mammalia,brisbane_urban,-27.3,153.1,2022-03-14
Macropus giganteus,Eastern Grey Kangaroo,Mammalia,brisbane_urban,-27.5,153.0,2022-03-26
Macropus giganteus,Eastern Grey Kangaroo,Mammalia,brisbane_urban,-27.298762,153.038969,2022-04-02
Macropus giganteus,Eastern Grey Kangaroo,Mammalia,brisbane_urban,-27.298762,153.038969,2022-04-02
Macropus giganteus,Eastern Grey Kangaroo,Mammalia,brisbane_urban,-27.31823,153.054286,2022-04-22
Macropus giganteus,Eastern Grey Kangaroo,Mammalia,brisbane_urban,-27.56745,152.92432,2022-04-08
Macropus giganteus,Eastern Grey Kangaroo,Mammalia,brisbane_urban,-27.3,153.0,2022-05-02
Macropus giganteus,Eastern Grey Kangaroo,Mammalia,brisbane_urban,-27.298299,153.042564,2022-06-26
Macropus giganteus,Eastern Grey Kangaroo,Mammalia,brisbane_urban,-27.296997,153.043208,2022-06-26
Macropus giganteus,Eastern Grey Kangaroo,Mammalia,brisbane_urban,-27.299145,153.036062,2022-06-26
Macropus giganteus,Eastern Grey Kangaroo,Mammalia,brisbane_urban,-27.582038,152.925203,2022-06-12
Macropus giganteus,Eastern Grey Kangaroo,Mammalia,brisbane_urban,-27.579076,152.925595,2022-06-12
Macropus giganteus,Eastern Grey Kangaroo,Mammalia,brisbane_urban,-27.57632,152.939055,2022-06-19
Macropus giganteus,Eastern Grey Kangaroo,Mammalia,brisbane_urban,-27.576913,152.940583,2022-07-24
Macropus giganteus,Eastern Grey Kangaroo,Mammalia,brisbane_urban,-27.302305,153.024902,2022-07-14
Macropus giganteus,Eastern Grey Kangaroo,Mammalia,brisbane_urban,-27.294232,153.040049,2022-07-14
Macropus giganteus,Eastern Grey Kangaroo,Mammalia,brisbane_urban,-27.3,153.0,2022-07-09
Macropus giganteus,Eastern Grey Kangaroo,Mammalia,brisbane_urban,-27.302492,153.029765,2022-08-07
Macropus giganteus,Eastern Grey Kangaroo,Mammalia,brisbane_urban,-27.572828,152.94217,2022-10-28
Macropus giganteus,Eastern Grey Kangaroo,Mammalia,brisbane_urban,-27.573592,152.939895,2022-10-29
Macropus giganteus,Eastern Grey Kangaroo,Mammalia,brisbane_urban,-27.360416,153.051228,2022-10-30
Macropus giganteus,Eastern Grey Kangaroo,Mammalia,brisbane_urban,-27.31607,153.04518,2022-10-30
Macropus giganteus,Eastern Grey Kangaroo,Mammalia,brisbane_urban,-27.288378,153.051896,2022-10-30
Macropus giganteus,Eastern Grey Kangaroo,Mammalia,brisbane_urban,-27.596813,152.897762,2022-10-20
Macropus giganteus,Eastern Grey Kangaroo,Mammalia,brisbane_urban,-27.571092,152.932633,2022-11-05
Macropus giganteus,Eastern Grey Kangaroo,Mammalia,brisbane_urban,-27.572855,152.926937,2022-12-11
Macropus giganteus,Eastern Grey Kangaroo,Mammalia,brisbane_urban,-27.573505,152.931578,2022-12-11
Macropus giganteus,Eastern Grey Kangaroo,Mammalia,brisbane_urban,-27.676474,152.849004,2022-12-26
Macropus giganteus,Eastern Grey Kangaroo,Mammalia,brisbane_urban,-27.3,153.0,2021-01-28
Macropus giganteus,Eastern Grey Kangaroo,Mammalia,brisbane_urban,-27.3,153.0,2021-01-30
Macropus giganteus,Eastern Grey Kangaroo,Mammalia,brisbane_urban,-27.297961,153.040277,2021-01-07
Macropus giganteus,Eastern Grey Kangaroo,Mammalia,brisbane_urban,-27.576278,152.938963,2021-03-14
Macropus giganteus,Eastern Grey Kangaroo,Mammalia,brisbane_urban,-27.64069,153.037728,2021-03-19
Macropus giganteus,Eastern Grey Kangaroo,Mammalia,brisbane_urban,-27.298394,153.03987,2021-03-10
Macropus giganteus,Eastern Grey Kangaroo,Mammalia,brisbane_urban,-27.37,153.07,2021-03-15
Macropus giganteus,Eastern Grey Kangaroo,Mammalia,brisbane_urban,-27.37,153.07,2021-03-15
Macropus giganteus,Eastern Grey Kangaroo,Mammalia,brisbane_urban,-27.621747,153.093581,2021-04-30
Macropus giganteus,Eastern Grey Kangaroo,Mammalia,brisbane_urban,-27.299465,153.041332,2021-05-17
Macropus giganteus,Eastern Grey Kangaroo,Mammalia,brisbane_urban,-27.286945,153.041182,2021-05-18
Macropus giganteus,Eastern Grey Kangaroo,Mammalia,brisbane_urban,-27.37,153.07,2021-05-24
Macropus giganteus,Eastern Grey Kangaroo,Mammalia,brisbane_urban,-27.37,153.07,2021-05-24
Macropus giganteus,Eastern Grey Kangaroo,Mammalia,brisbane_urban,-27.301292,153.024606,2021-06-22
Macropus giganteus,Eastern Grey Kangaroo,Mammalia,brisbane_urban,-27.3,153.0,2021-06-27
Macropus giganteus,Eastern Grey Kangaroo,Mammalia,brisbane_urban,-27.298667,153.036029,2021-07-05
Macropus giganteus,Eastern Grey Kangaroo,Mammalia,brisbane_urban,-27.298552,153.038571,2021-08-22
Macropus giganteus,Eastern Grey Kangaroo,Mammalia,brisbane_urban,-27.3,153.0,2021-08-31
Macropus giganteus,Eastern Grey Kangaroo,Mammalia,brisbane_urban,-27.3,153.0,2021-08-31
Macropus giganteus,Eastern Grey Kangaroo,Mammalia,brisbane_urban,-27.6,152.8,2021-08-15
Macropus giganteus,Eastern Grey Kangaroo,Mammalia,brisbane_urban,-27.3,153.1,2021-09-25
Macropus giganteus,Eastern Grey Kangaroo,Mammalia,brisbane_urban,-27.3,153.1,2021-09-08
Macropus giganteus,Eastern Grey Kangaroo,Mammalia,brisbane_urban,-27.3,153.1,2021-09-25
Macropus giganteus,Eastern Grey Kangaroo,Mammalia,brisbane_urban,-27.3,153.1,2021-09-25
Macropus giganteus,Eastern Grey Kangaroo,Mammalia,brisbane_urban,-27.4,152.9,2021-10-15
Macropus giganteus,Eastern Grey Kangaroo,Mammalia,brisbane_urban,-27.563112,152.902831,2021-11-18
Macropus giganteus,Eastern Grey Kangaroo,Mammalia,brisbane_urban,-27.574185,152.9265,2021-11-24
Macropus giganteus,Eastern Grey Kangaroo,Mammalia,brisbane_urban,-27.669947,153.03945,2021-11-30
Macropus giganteus,Eastern Grey Kangaroo,Mammalia,brisbane_urban,-27.3,153.1,2021-11-01
Macropus giganteus,Eastern Grey Kangaroo,Mammalia,brisbane_urban,-27.282729,153.05143,2021-11-03
Macropus giganteus,Eastern Grey Kangaroo,Mammalia,brisbane_urban,-27.292993,153.041038,2021-11-06
Macropus giganteus,Eastern Grey Kangaroo,Mammalia,brisbane_urban,-27.572632,152.927586,2021-12-26
Macropus giganteus,Eastern Grey Kangaroo,Mammalia,brisbane_urban,-27.297896,153.03789,2021-12-09
Macropus giganteus,Eastern Grey Kangaroo,Mammalia,brisbane_urban,-27.574867,152.915698,2020-02-18
Macropus giganteus,Eastern Grey Kangaroo,Mammalia,brisbane_urban,-27.564897,152.930556,2020-03-04
Macropus giganteus,Eastern Grey Kangaroo,Mammalia,brisbane_urban,-27.299797,153.032591,2020-04-28
Macropus giganteus,Eastern Grey Kangaroo,Mammalia,brisbane_urban,-27.60345,152.98861,2020-04-25
Macropus giganteus,Eastern Grey Kangaroo,Mammalia,brisbane_urban,-27.296622,153.043653,2020-04-08
Macropus giganteus,Eastern Grey Kangaroo,Mammalia,brisbane_urban,-27.602716,153.116813,2020-04-17
Macropus giganteus,Eastern Grey Kangaroo,Mammalia,brisbane_urban,-27.576224,152.939161,2020-05-19
Macropus giganteus,Eastern Grey Kangaroo,Mammalia,brisbane_urban,-27.630247,152.90444,2020-05-24
Macropus giganteus,Eastern Grey Kangaroo,Mammalia,brisbane_urban,-27.648078,152.870478,2020-06-19
Macropus giganteus,Eastern Grey Kangaroo,Mammalia,brisbane_urban,-27.300353,153.034637,2020-06-01
Macropus giganteus,Eastern Grey Kangaroo,Mammalia,brisbane_urban,-27.298193,153.041145,2020-06-05
Macropus giganteus,Eastern Grey Kangaroo,Mammalia,brisbane_urban,-27.299206,153.041214,2020-06-29
Macropus giganteus,Eastern Grey Kangaroo,Mammalia,brisbane_urban,-27.293554,153.04554,2020-06-26
Macropus giganteus,Eastern Grey Kangaroo,Mammalia,brisbane_urban,-27.300733,153.022339,2020-06-21
Macropus giganteus,Eastern Grey Kangaroo,Mammalia,brisbane_urban,-27.564494,152.906647,2020-07-17
Macropus giganteus,Eastern Grey Kangaroo,Mammalia,brisbane_urban,-27.281494,153.05919,2020-07-23
Macropus giganteus,Eastern Grey Kangaroo,Mammalia,brisbane_urban,-27.307716,153.044861,2020-07-01
Macropus giganteus,Eastern Grey Kangaroo,Mammalia,brisbane_urban,-27.295831,153.03817,2020-07-12
Macropus giganteus,Eastern Grey Kangaroo,Mammalia,brisbane_urban,-27.29518,153.03749,2020-07-18
Macropus giganteus,Eastern Grey Kangaroo,Mammalia,brisbane_urban,-27.681892,152.89791,2020-08-02
Macropus giganteus,Eastern Grey Kangaroo,Mammalia,brisbane_urban,-27.303167,153.024047,2020-08-19
Macropus giganteus,Eastern Grey Kangaroo,Mammalia,brisbane_urban,-27.67953,152.926733,2020-08-01
Macropus giganteus,Eastern Grey Kangaroo,Mammalia,brisbane_urban,-27.30025,153.035658,2020-08-12
Macropus giganteus,Eastern Grey Kangaroo,Mammalia,brisbane_urban,-27.306127,153.043659,2020-09-05
Macropus giganteus,Eastern Grey Kangaroo,Mammalia,brisbane_urban,-27.632154,152.904549,2020-09-25
Macropus giganteus,Eastern Grey Kangaroo,Mammalia,brisbane_urban,-27.614093,152.96559,2020-10-02
Macropus giganteus,Eastern Grey Kangaroo,Mammalia,brisbane_urban,-27.303877,153.043344,2020-10-19
Macropus giganteus,Eastern Grey Kangaroo,Mammalia,brisbane_urban,-27.300809,153.022274,2020-11-09
Macropus giganteus,Eastern Grey Kangaroo,Mammalia,brisbane_urban,-27.298279,153.039748,2020-11-09
Macropus giganteus,Eastern Grey Kangaroo,Mammalia,brisbane_urban,-27.3004,153.032982,2020-12-29
Macropus giganteus,Eastern Grey Kangaroo,Mammalia,brisbane_urban,-27.316996,153.052983,2020-12-18
Macropus giganteus,Eastern Grey Kangaroo,Mammalia,brisbane_urban,-27.30075,153.044803,2020-12-21
Macropus giganteus,Eastern Grey Kangaroo,Mammalia,brisbane_urban,-27.450812,152.880811,2019-01-02
Macropus giganteus,Eastern Grey Kangaroo,Mammalia,brisbane_urban,-27.425334,152.861184,2019-01-08
Macropus giganteus,Eastern Grey Kangaroo,Mammalia,brisbane_urban,-27.564992,152.929658,2019-01-08
Macropus giganteus,Eastern Grey Kangaroo,Mammalia,brisbane_urban,-27.565597,152.91777,2019-01-02
Macropus giganteus,Eastern Grey Kangaroo,Mammalia,brisbane_urban,-27.521388,152.819077,2019-01-02
Macropus giganteus,Eastern Grey Kangaroo,Mammalia,brisbane_urban,-27.391605,153.132591,2019-02-03
Macropus giganteus,Eastern Grey Kangaroo,Mammalia,brisbane_urban,-27.547706,152.926249,2019-02-06
Macropus giganteus,Eastern Grey Kangaroo,Mammalia,brisbane_urban,-27.646666,152.90343,2019-02-07
Macropus giganteus,Eastern Grey Kangaroo,Mammalia,brisbane_urban,-27.566038,152.926055,2019-02-06
Macropus giganteus,Eastern Grey Kangaroo,Mammalia,brisbane_urban,-27.297366,153.038737,2019-02-03
Macropus giganteus,Eastern Grey Kangaroo,Mammalia,brisbane_urban,-27.606613,152.917098,2019-02-07
Macropus giganteus,Eastern Grey Kangaroo,Mammalia,brisbane_urban,-27.67966,152.914418,2019-02-03
Macropus giganteus,Eastern Grey Kangaroo,Mammalia,brisbane_urban,-27.299792,153.039292,2019-02-23
Macropus giganteus,Eastern Grey Kangaroo,Mammalia,brisbane_urban,-27.316493,153.051138,2019-03-08
Macropus giganteus,Eastern Grey Kangaroo,Mammalia,brisbane_urban,-27.297999,153.040835,2019-03-25
Macropus giganteus,Eastern Grey Kangaroo,Mammalia,brisbane_urban,-27.475536,152.993871,2019-03-06
Macropus giganteus,Eastern Grey Kangaroo,Mammalia,brisbane_urban,-27.300451,153.039049,2019-04-10
Macropus giganteus,Eastern Grey Kangaroo,Mammalia,brisbane_urban,-27.311782,153.051012,2019-04-19
Macropus giganteus,Eastern Grey Kangaroo,Mammalia,brisbane_urban,-27.5971,152.84816,2019-04-27
Macropus giganteus,Eastern Grey Kangaroo,Mammalia,brisbane_urban,-27.291755,153.04444,2019-05-05
Macropus giganteus,Eastern Grey Kangaroo,Mammalia,brisbane_urban,-27.253375,153.074045,2019-06-30
Macropus giganteus,Eastern Grey Kangaroo,Mammalia,brisbane_urban,-27.260207,153.078916,2019-06-30
Macropus giganteus,Eastern Grey Kangaroo,Mammalia,brisbane_urban,-27.300259,153.036774,2019-06-23
Macropus giganteus,Eastern Grey Kangaroo,Mammalia,brisbane_urban,-27.588922,152.923568,2019-07-17
Macropus giganteus,Eastern Grey Kangaroo,Mammalia,brisbane_urban,-27.295149,153.039952,2019-07-16
Macropus giganteus,Eastern Grey Kangaroo,Mammalia,brisbane_urban,-27.298643,153.03622,2019-08-31
Macropus giganteus,Eastern Grey Kangaroo,Mammalia,brisbane_urban,-27.30232,153.025545,2019-08-31
Macropus giganteus,Eastern Grey Kangaroo,Mammalia,brisbane_urban,-27.311934,153.046935,2019-08-02
Macropus giganteus,Eastern Grey Kangaroo,Mammalia,brisbane_urban,-27.59933,152.89865,2019-08-24
Macropus giganteus,Eastern Grey Kangaroo,Mammalia,brisbane_urban,-27.299758,153.033985,2019-09-22
Pteropus poliocephalus,Grey-headed Flying Fox,Mammalia,brisbane_urban,-27.447373,152.948143,2026-01-10
Pteropus poliocephalus,Grey-headed Flying Fox,Mammalia,brisbane_urban,-27.387121,153.00556,2026-01-09
Pteropus poliocephalus,Grey-headed Flying Fox,Mammalia,brisbane_urban,-27.445216,152.945842,2026-01-26
Pteropus poliocephalus,Grey-headed Flying Fox,Mammalia,brisbane_urban,-27.528753,153.083989,2026-02-16
Pteropus poliocephalus,Grey-headed Flying Fox,Mammalia,brisbane_urban,-27.550705,152.953583,2026-03-11
Pteropus poliocephalus,Grey-headed Flying Fox,Mammalia,brisbane_urban,-27.465775,153.022933,2026-03-03
Pteropus poliocephalus,Grey-headed Flying Fox,Mammalia,brisbane_urban,-27.446172,152.945991,2026-03-17
Pteropus poliocephalus,Grey-headed Flying Fox,Mammalia,brisbane_urban,-27.550725,152.953583,2026-03-29
Pteropus poliocephalus,Grey-headed Flying Fox,Mammalia,brisbane_urban,-27.442132,153.020903,2026-03-29
Pteropus poliocephalus,Grey-headed Flying Fox,Mammalia,brisbane_urban,-27.445722,152.945575,2026-03-14
Pteropus poliocephalus,Grey-headed Flying Fox,Mammalia,brisbane_urban,-27.549892,152.953697,2026-04-05
Pteropus poliocephalus,Grey-headed Flying Fox,Mammalia,brisbane_urban,-27.442175,153.020991,2026-05-06
Pteropus poliocephalus,Grey-headed Flying Fox,Mammalia,brisbane_urban,-27.45408,153.018757,2026-05-24
Pteropus poliocephalus,Grey-headed Flying Fox,Mammalia,brisbane_urban,-27.442188,153.020997,2026-05-21
Pteropus poliocephalus,Grey-headed Flying Fox,Mammalia,brisbane_urban,-27.551458,152.954831,2026-05-29
Pteropus poliocephalus,Grey-headed Flying Fox,Mammalia,brisbane_urban,-27.646764,152.808564,2026-06-17
Pteropus poliocephalus,Grey-headed Flying Fox,Mammalia,brisbane_urban,-27.509208,153.084216,2026-07-03
Pteropus poliocephalus,Grey-headed Flying Fox,Mammalia,brisbane_urban,-27.519977,153.009096,2026-07-26
Pteropus poliocephalus,Grey-headed Flying Fox,Mammalia,brisbane_urban,-27.550568,152.953729,2026-07-17
Pteropus poliocephalus,Grey-headed Flying Fox,Mammalia,brisbane_urban,-27.486798,153.051365,2026-07-25
Pteropus poliocephalus,Grey-headed Flying Fox,Mammalia,brisbane_urban,-27.51238,153.084356,2026-08-09
Pteropus poliocephalus,Grey-headed Flying Fox,Mammalia,brisbane_urban,-27.512328,153.084098,2026-08-09
Pteropus poliocephalus,Grey-headed Flying Fox,Mammalia,brisbane_urban,-27.387896,153.005089,2026-08-21
Pteropus poliocephalus,Grey-headed Flying Fox,Mammalia,brisbane_urban,-27.387697,153.006303,2026-08-23
Pteropus poliocephalus,Grey-headed Flying Fox,Mammalia,brisbane_urban,-27.387705,153.006394,2026-08-23
Pteropus poliocephalus,Grey-headed Flying Fox,Mammalia,brisbane_urban,-27.50993,153.108506,2026-08-27
Pteropus poliocephalus,Grey-headed Flying Fox,Mammalia,brisbane_urban,-27.581896,152.991589,2026-08-25
Pteropus poliocephalus,Grey-headed Flying Fox,Mammalia,brisbane_urban,-27.551322,152.954585,2025-02-20
Pteropus poliocephalus,Grey-headed Flying Fox,Mammalia,brisbane_urban,-27.529491,153.083633,2025-02-21
Pteropus poliocephalus,Grey-headed Flying Fox,Mammalia,brisbane_urban,-27.383125,153.057704,2025-03-19
Pteropus poliocephalus,Grey-headed Flying Fox,Mammalia,brisbane_urban,-27.44493,152.946322,2025-03-30
Pteropus poliocephalus,Grey-headed Flying Fox,Mammalia,brisbane_urban,-27.387723,153.006314,2025-04-05
Pteropus poliocephalus,Grey-headed Flying Fox,Mammalia,brisbane_urban,-27.387723,153.006473,2025-04-05
Pteropus poliocephalus,Grey-headed Flying Fox,Mammalia,brisbane_urban,-27.273028,152.975206,2025-04-27
Pteropus poliocephalus,Grey-headed Flying Fox,Mammalia,brisbane_urban,-27.498478,153.015914,2025-04-05
Pteropus poliocephalus,Grey-headed Flying Fox,Mammalia,brisbane_urban,-27.510215,153.081937,2025-05-16
Pteropus poliocephalus,Grey-headed Flying Fox,Mammalia,brisbane_urban,-27.612418,152.812239,2025-05-29
Pteropus poliocephalus,Grey-headed Flying Fox,Mammalia,brisbane_urban,-27.44439,152.924631,2025-05-28
Pteropus poliocephalus,Grey-headed Flying Fox,Mammalia,brisbane_urban,-27.446947,152.954112,2025-05-16
Pteropus poliocephalus,Grey-headed Flying Fox,Mammalia,brisbane_urban,-27.444488,152.94452,2025-06-04
Pteropus poliocephalus,Grey-headed Flying Fox,Mammalia,brisbane_urban,-27.491357,152.992636,2025-06-14
Pteropus poliocephalus,Grey-headed Flying Fox,Mammalia,brisbane_urban,-27.555768,153.076763,2025-06-21
Pteropus poliocephalus,Grey-headed Flying Fox,Mammalia,brisbane_urban,-27.554695,153.075487,2025-06-21
Pteropus poliocephalus,Grey-headed Flying Fox,Mammalia,brisbane_urban,-27.442195,153.020997,2025-06-30
Pteropus poliocephalus,Grey-headed Flying Fox,Mammalia,brisbane_urban,-27.555753,153.076853,2025-07-17
Pteropus poliocephalus,Grey-headed Flying Fox,Mammalia,brisbane_urban,-27.555539,153.076605,2025-07-09
Pteropus poliocephalus,Grey-headed Flying Fox,Mammalia,brisbane_urban,-27.508056,153.081803,2025-07-25
Pteropus poliocephalus,Grey-headed Flying Fox,Mammalia,brisbane_urban,-27.506819,153.085481,2025-07-25
Pteropus poliocephalus,Grey-headed Flying Fox,Mammalia,brisbane_urban,-27.346953,152.940769,2025-08-06
Pteropus poliocephalus,Grey-headed Flying Fox,Mammalia,brisbane_urban,-27.447186,152.946862,2025-08-16
Pteropus poliocephalus,Grey-headed Flying Fox,Mammalia,brisbane_urban,-27.552202,153.057446,2025-08-19
Pteropus poliocephalus,Grey-headed Flying Fox,Mammalia,brisbane_urban,-27.447113,152.947249,2025-08-29
Pteropus poliocephalus,Grey-headed Flying Fox,Mammalia,brisbane_urban,-27.510727,152.895613,2025-08-22
Pteropus poliocephalus,Grey-headed Flying Fox,Mammalia,brisbane_urban,-27.406793,153.053523,2025-09-01
Pteropus poliocephalus,Grey-headed Flying Fox,Mammalia,brisbane_urban,-27.407295,153.05417,2025-09-08
Pteropus poliocephalus,Grey-headed Flying Fox,Mammalia,brisbane_urban,-27.407295,153.05417,2025-09-08
Pteropus poliocephalus,Grey-headed Flying Fox,Mammalia,brisbane_urban,-27.532118,153.037878,2025-09-14
Pteropus poliocephalus,Grey-headed Flying Fox,Mammalia,brisbane_urban,-27.607266,152.889063,2025-09-09
Pteropus poliocephalus,Grey-headed Flying Fox,Mammalia,brisbane_urban,-27.541444,152.824054,2025-09-21
Pteropus poliocephalus,Grey-headed Flying Fox,Mammalia,brisbane_urban,-27.541043,152.823695,2025-09-21
Pteropus poliocephalus,Grey-headed Flying Fox,Mammalia,brisbane_urban,-27.44212,153.020994,2025-09-27
Pteropus poliocephalus,Grey-headed Flying Fox,Mammalia,brisbane_urban,-27.562447,153.105753,2025-09-29
Pteropus poliocephalus,Grey-headed Flying Fox,Mammalia,brisbane_urban,-27.268274,152.858686,2025-09-07
Pteropus poliocephalus,Grey-headed Flying Fox,Mammalia,brisbane_urban,-27.563473,152.948179,2025-09-24
Pteropus poliocephalus,Grey-headed Flying Fox,Mammalia,brisbane_urban,-27.38879,153.062022,2025-10-03
Pteropus poliocephalus,Grey-headed Flying Fox,Mammalia,brisbane_urban,-27.441909,153.020348,2025-10-01
Pteropus poliocephalus,Grey-headed Flying Fox,Mammalia,brisbane_urban,-27.387628,153.006072,2025-10-07
Pteropus poliocephalus,Grey-headed Flying Fox,Mammalia,brisbane_urban,-27.497439,153.017746,2025-10-13
Pteropus poliocephalus,Grey-headed Flying Fox,Mammalia,brisbane_urban,-27.498462,153.016114,2025-10-13
Pteropus poliocephalus,Grey-headed Flying Fox,Mammalia,brisbane_urban,-27.50997,153.108388,2025-10-16
Pteropus poliocephalus,Grey-headed Flying Fox,Mammalia,brisbane_urban,-27.491454,152.992775,2025-10-25
Pteropus poliocephalus,Grey-headed Flying Fox,Mammalia,brisbane_urban,-27.37214,152.84952,2025-10-27
Pteropus poliocephalus,Grey-headed Flying Fox,Mammalia,brisbane_urban,-27.491075,152.992809,2025-10-25
Pteropus poliocephalus,Grey-headed Flying Fox,Mammalia,brisbane_urban,-27.37214,152.84952,2025-10-27
Pteropus poliocephalus,Grey-headed Flying Fox,Mammalia,brisbane_urban,-27.490925,152.992741,2025-10-25
Pteropus poliocephalus,Grey-headed Flying Fox,Mammalia,brisbane_urban,-27.49858,152.956788,2025-10-22
Pteropus poliocephalus,Grey-headed Flying Fox,Mammalia,brisbane_urban,-27.498711,152.956736,2025-10-25
Pteropus poliocephalus,Grey-headed Flying Fox,Mammalia,brisbane_urban,-27.327077,152.947297,2025-11-02
Pteropus poliocephalus,Grey-headed Flying Fox,Mammalia,brisbane_urban,-27.528631,153.083844,2025-11-01
Pteropus poliocephalus,Grey-headed Flying Fox,Mammalia,brisbane_urban,-27.528828,153.083893,2025-11-01
Pteropus poliocephalus,Grey-headed Flying Fox,Mammalia,brisbane_urban,-27.642957,152.926173,2025-11-24
Pteropus poliocephalus,Grey-headed Flying Fox,Mammalia,brisbane_urban,-27.510492,153.108156,2025-11-29
Pteropus poliocephalus,Grey-headed Flying Fox,Mammalia,brisbane_urban,-27.474728,153.027929,2025-12-05
Pteropus poliocephalus,Grey-headed Flying Fox,Mammalia,brisbane_urban,-27.540378,153.051895,2025-12-13
Pteropus poliocephalus,Grey-headed Flying Fox,Mammalia,brisbane_urban,-27.491689,152.991636,2025-12-29
Pteropus poliocephalus,Grey-headed Flying Fox,Mammalia,brisbane_urban,-27.548642,153.024278,2025-12-19
Pteropus poliocephalus,Grey-headed Flying Fox,Mammalia,brisbane_urban,-27.384233,153.004868,2025-12-28
Pteropus poliocephalus,Grey-headed Flying Fox,Mammalia,brisbane_urban,-27.491506,152.99155,2025-12-29
Pteropus poliocephalus,Grey-headed Flying Fox,Mammalia,brisbane_urban,-27.6,152.8,2024-01-22
Pteropus poliocephalus,Grey-headed Flying Fox,Mammalia,brisbane_urban,-27.369002,152.840497,2024-02-06
Pteropus poliocephalus,Grey-headed Flying Fox,Mammalia,brisbane_urban,-27.272147,152.975932,2024-02-08
Pteropus poliocephalus,Grey-headed Flying Fox,Mammalia,brisbane_urban,-27.462139,153.016999,2024-04-01
Pteropus poliocephalus,Grey-headed Flying Fox,Mammalia,brisbane_urban,-27.462216,153.01682,2024-04-29
Pteropus poliocephalus,Grey-headed Flying Fox,Mammalia,brisbane_urban,-27.642957,152.926173,2024-05-18
Pteropus poliocephalus,Grey-headed Flying Fox,Mammalia,brisbane_urban,-27.532163,153.012001,2024-05-24
Pteropus poliocephalus,Grey-headed Flying Fox,Mammalia,brisbane_urban,-27.601394,153.038439,2024-05-19
Pteropus poliocephalus,Grey-headed Flying Fox,Mammalia,brisbane_urban,-27.6,152.8,2024-06-06
Pteropus poliocephalus,Grey-headed Flying Fox,Mammalia,brisbane_urban,-27.435615,153.149327,2024-06-24
Pteropus poliocephalus,Grey-headed Flying Fox,Mammalia,brisbane_urban,-27.489244,153.055272,2024-06-16
Pteropus poliocephalus,Grey-headed Flying Fox,Mammalia,brisbane_urban,-27.484401,153.132924,2024-06-06
Pteropus poliocephalus,Grey-headed Flying Fox,Mammalia,brisbane_urban,-27.442153,153.021011,2024-06-08
Pteropus poliocephalus,Grey-headed Flying Fox,Mammalia,brisbane_urban,-27.426032,153.154656,2024-06-19
Pteropus poliocephalus,Grey-headed Flying Fox,Mammalia,brisbane_urban,-27.69028,153.030752,2024-06-28
Pteropus poliocephalus,Grey-headed Flying Fox,Mammalia,brisbane_urban,-27.386597,153.006561,2024-06-26
Pteropus poliocephalus,Grey-headed Flying Fox,Mammalia,brisbane_urban,-27.527037,153.047623,2024-07-06
Pteropus poliocephalus,Grey-headed Flying Fox,Mammalia,brisbane_urban,-27.523536,153.040912,2024-07-05
Pteropus poliocephalus,Grey-headed Flying Fox,Mammalia,brisbane_urban,-27.690371,153.030278,2024-07-29
Pteropus poliocephalus,Grey-headed Flying Fox,Mammalia,brisbane_urban,-27.491689,152.991635,2024-07-29
Pteropus poliocephalus,Grey-headed Flying Fox,Mammalia,brisbane_urban,-27.491689,152.991635,2024-07-29
Pteropus poliocephalus,Grey-headed Flying Fox,Mammalia,brisbane_urban,-27.491689,152.991635,2024-07-29
Pteropus poliocephalus,Grey-headed Flying Fox,Mammalia,brisbane_urban,-27.491689,152.991635,2024-07-29
Pteropus poliocephalus,Grey-headed Flying Fox,Mammalia,brisbane_urban,-27.497237,153.018185,2024-08-09
Pteropus poliocephalus,Grey-headed Flying Fox,Mammalia,brisbane_urban,-27.600473,152.877259,2024-08-04
Pteropus poliocephalus,Grey-headed Flying Fox,Mammalia,brisbane_urban,-27.466372,153.19191,2024-08-22
Pteropus poliocephalus,Grey-headed Flying Fox,Mammalia,brisbane_urban,-27.497163,153.01791,2024-08-08
Pteropus poliocephalus,Grey-headed Flying Fox,Mammalia,brisbane_urban,-27.528803,153.083772,2024-09-26
Pteropus poliocephalus,Grey-headed Flying Fox,Mammalia,brisbane_urban,-27.641634,152.927849,2024-09-21
Pteropus poliocephalus,Grey-headed Flying Fox,Mammalia,brisbane_urban,-27.531856,152.972,2024-09-03
Pteropus poliocephalus,Grey-headed Flying Fox,Mammalia,brisbane_urban,-27.635631,152.926871,2024-09-08
Pteropus poliocephalus,Grey-headed Flying Fox,Mammalia,brisbane_urban,-27.635374,152.926019,2024-10-05
Pteropus poliocephalus,Grey-headed Flying Fox,Mammalia,brisbane_urban,-27.555747,153.076818,2024-10-06
Pteropus poliocephalus,Grey-headed Flying Fox,Mammalia,brisbane_urban,-27.507283,153.082669,2024-10-10
Pteropus poliocephalus,Grey-headed Flying Fox,Mammalia,brisbane_urban,-27.491253,152.992586,2024-10-22
Pteropus poliocephalus,Grey-headed Flying Fox,Mammalia,brisbane_urban,-27.441837,153.020906,2024-10-23
Pteropus poliocephalus,Grey-headed Flying Fox,Mammalia,brisbane_urban,-27.635528,152.926293,2024-10-25
Pteropus poliocephalus,Grey-headed Flying Fox,Mammalia,brisbane_urban,-27.491298,152.9926,2024-10-22
Pteropus poliocephalus,Grey-headed Flying Fox,Mammalia,brisbane_urban,-27.321302,152.837759,2024-10-14
Pteropus poliocephalus,Grey-headed Flying Fox,Mammalia,brisbane_urban,-27.528317,153.081272,2024-12-28
Pteropus poliocephalus,Grey-headed Flying Fox,Mammalia,brisbane_urban,-27.527646,153.081193,2024-12-28
Pteropus poliocephalus,Grey-headed Flying Fox,Mammalia,brisbane_urban,-27.632106,152.920584,2024-12-07
Pteropus poliocephalus,Grey-headed Flying Fox,Mammalia,brisbane_urban,-27.531903,153.145787,2023-01-31
Pteropus poliocephalus,Grey-headed Flying Fox,Mammalia,brisbane_urban,-27.6,152.8,2023-02-11
Pteropus poliocephalus,Grey-headed Flying Fox,Mammalia,brisbane_urban,-27.6,152.8,2023-02-25
Pteropus poliocephalus,Grey-headed Flying Fox,Mammalia,brisbane_urban,-27.6,152.8,2023-03-15
Pteropus poliocephalus,Grey-headed Flying Fox,Mammalia,brisbane_urban,-27.387426,153.006292,2023-03-25
Pteropus poliocephalus,Grey-headed Flying Fox,Mammalia,brisbane_urban,-27.541372,152.823912,2023-04-04
Pteropus poliocephalus,Grey-headed Flying Fox,Mammalia,brisbane_urban,-27.6,152.8,2023-04-05
Pteropus poliocephalus,Grey-headed Flying Fox,Mammalia,brisbane_urban,-27.6,152.8,2023-04-05
Pteropus poliocephalus,Grey-headed Flying Fox,Mammalia,brisbane_urban,-27.553433,152.953521,2023-04-23
Pteropus poliocephalus,Grey-headed Flying Fox,Mammalia,brisbane_urban,-27.6,152.8,2023-04-22
Pteropus poliocephalus,Grey-headed Flying Fox,Mammalia,brisbane_urban,-27.6,152.8,2023-04-05
Pteropus poliocephalus,Grey-headed Flying Fox,Mammalia,brisbane_urban,-27.6,152.8,2023-04-22
Pteropus poliocephalus,Grey-headed Flying Fox,Mammalia,brisbane_urban,-27.6,152.8,2023-04-22
Pteropus poliocephalus,Grey-headed Flying Fox,Mammalia,brisbane_urban,-27.387399,153.007201,2023-05-01
Pteropus poliocephalus,Grey-headed Flying Fox,Mammalia,brisbane_urban,-27.44501,152.94576,2023-05-25
Pteropus poliocephalus,Grey-headed Flying Fox,Mammalia,brisbane_urban,-27.328383,152.927001,2023-05-29
Pteropus poliocephalus,Grey-headed Flying Fox,Mammalia,brisbane_urban,-27.6,152.8,2023-05-06
Pteropus poliocephalus,Grey-headed Flying Fox,Mammalia,brisbane_urban,-27.6,152.8,2023-05-06
Pteropus poliocephalus,Grey-headed Flying Fox,Mammalia,brisbane_urban,-27.6,152.8,2023-05-06
Pteropus poliocephalus,Grey-headed Flying Fox,Mammalia,brisbane_urban,-27.6,152.8,2023-05-25
Pteropus poliocephalus,Grey-headed Flying Fox,Mammalia,brisbane_urban,-27.6,152.8,2023-05-25
Pteropus poliocephalus,Grey-headed Flying Fox,Mammalia,brisbane_urban,-27.540755,152.994768,2023-06-18
Pteropus poliocephalus,Grey-headed Flying Fox,Mammalia,brisbane_urban,-27.55078,152.954165,2023-07-28
Pteropus poliocephalus,Grey-headed Flying Fox,Mammalia,brisbane_urban,-27.6,152.8,2023-07-07
Pteropus poliocephalus,Grey-headed Flying Fox,Mammalia,brisbane_urban,-27.4921,152.93421,2023-07-27
Pteropus poliocephalus,Grey-headed Flying Fox,Mammalia,brisbane_urban,-27.47529,152.94154,2023-07-27
Pteropus poliocephalus,Grey-headed Flying Fox,Mammalia,brisbane_urban,-27.48543,152.93643,2023-07-27
Pteropus poliocephalus,Grey-headed Flying Fox,Mammalia,brisbane_urban,-27.614699,153.178701,2023-08-05
Pteropus poliocephalus,Grey-headed Flying Fox,Mammalia,brisbane_urban,-27.6,152.8,2023-08-03
Pteropus poliocephalus,Grey-headed Flying Fox,Mammalia,brisbane_urban,-27.6,152.8,2023-08-03
Pteropus poliocephalus,Grey-headed Flying Fox,Mammalia,brisbane_urban,-27.273026,152.97506,2023-09-02
Pteropus poliocephalus,Grey-headed Flying Fox,Mammalia,brisbane_urban,-27.441636,152.921967,2023-09-10
Pteropus poliocephalus,Grey-headed Flying Fox,Mammalia,brisbane_urban,-27.6,152.8,2023-09-08
Pteropus poliocephalus,Grey-headed Flying Fox,Mammalia,brisbane_urban,-27.633057,153.038585,2023-10-11
Pteropus poliocephalus,Grey-headed Flying Fox,Mammalia,brisbane_urban,-27.273953,152.963991,2023-10-19
Pteropus poliocephalus,Grey-headed Flying Fox,Mammalia,brisbane_urban,-27.387556,153.006012,2023-10-24
Pteropus poliocephalus,Grey-headed Flying Fox,Mammalia,brisbane_urban,-27.387527,153.005958,2023-10-24
Pteropus poliocephalus,Grey-headed Flying Fox,Mammalia,brisbane_urban,-27.527182,153.105285,2023-10-15
Pteropus poliocephalus,Grey-headed Flying Fox,Mammalia,brisbane_urban,-27.527182,153.105285,2023-10-15
Pteropus poliocephalus,Grey-headed Flying Fox,Mammalia,brisbane_urban,-27.527182,153.105285,2023-10-15
Pteropus poliocephalus,Grey-headed Flying Fox,Mammalia,brisbane_urban,-27.49122,152.992587,2023-10-18
Pteropus poliocephalus,Grey-headed Flying Fox,Mammalia,brisbane_urban,-27.6,152.8,2023-10-11
Pteropus poliocephalus,Grey-headed Flying Fox,Mammalia,brisbane_urban,-27.47462,152.883781,2023-10-17
Pteropus poliocephalus,Grey-headed Flying Fox,Mammalia,brisbane_urban,-27.6,152.8,2023-10-11
Pteropus poliocephalus,Grey-headed Flying Fox,Mammalia,brisbane_urban,-27.287855,152.84518,2023-11-16
Pteropus poliocephalus,Grey-headed Flying Fox,Mammalia,brisbane_urban,-27.462842,152.883966,2023-11-25
Pteropus poliocephalus,Grey-headed Flying Fox,Mammalia,brisbane_urban,-27.497297,152.94652,2023-11-25
Pteropus poliocephalus,Grey-headed Flying Fox,Mammalia,brisbane_urban,-27.388282,153.005594,2023-11-26
Pteropus poliocephalus,Grey-headed Flying Fox,Mammalia,brisbane_urban,-27.553033,153.05347,2023-11-30
Pteropus poliocephalus,Grey-headed Flying Fox,Mammalia,brisbane_urban,-27.423306,153.020276,2023-11-27
Pteropus poliocephalus,Grey-headed Flying Fox,Mammalia,brisbane_urban,-27.490797,152.973733,2023-11-14
Pteropus poliocephalus,Grey-headed Flying Fox,Mammalia,brisbane_urban,-27.6,152.8,2023-11-13
Pteropus poliocephalus,Grey-headed Flying Fox,Mammalia,brisbane_urban,-27.6,152.8,2023-11-14
Pteropus poliocephalus,Grey-headed Flying Fox,Mammalia,brisbane_urban,-27.523194,153.040668,2023-12-10
Pteropus poliocephalus,Grey-headed Flying Fox,Mammalia,brisbane_urban,-27.6,152.8,2023-12-06
Pteropus poliocephalus,Grey-headed Flying Fox,Mammalia,brisbane_urban,-27.462142,153.016931,2023-12-03
Pteropus poliocephalus,Grey-headed Flying Fox,Mammalia,brisbane_urban,-27.462142,153.016931,2023-12-04
Pteropus poliocephalus,Grey-headed Flying Fox,Mammalia,brisbane_urban,-27.6,152.8,2022-01-30
Pteropus poliocephalus,Grey-headed Flying Fox,Mammalia,brisbane_urban,-27.6,152.8,2022-01-30
Pteropus poliocephalus,Grey-headed Flying Fox,Mammalia,brisbane_urban,-27.6,152.8,2022-01-16
Pteropus poliocephalus,Grey-headed Flying Fox,Mammalia,brisbane_urban,-27.570441,152.873992,2022-02-04
Pteropus poliocephalus,Grey-headed Flying Fox,Mammalia,brisbane_urban,-27.6,152.8,2022-02-11
Pteropus poliocephalus,Grey-headed Flying Fox,Mammalia,brisbane_urban,-27.5,153.0,2022-02-08
Pteropus poliocephalus,Grey-headed Flying Fox,Mammalia,brisbane_urban,-27.6,152.8,2022-02-12
Pteropus poliocephalus,Grey-headed Flying Fox,Mammalia,brisbane_urban,-27.499159,153.000042,2022-02-22
Pteropus poliocephalus,Grey-headed Flying Fox,Mammalia,brisbane_urban,-27.5,153.0,2022-02-18
Pteropus poliocephalus,Grey-headed Flying Fox,Mammalia,brisbane_urban,-27.6,152.8,2022-02-22
Pteropus poliocephalus,Grey-headed Flying Fox,Mammalia,brisbane_urban,-27.6,152.8,2022-02-13
Pteropus poliocephalus,Grey-headed Flying Fox,Mammalia,brisbane_urban,-27.49718,153.01803,2022-02-01
Pteropus poliocephalus,Grey-headed Flying Fox,Mammalia,brisbane_urban,-27.347189,152.959594,2022-02-01
Pteropus poliocephalus,Grey-headed Flying Fox,Mammalia,brisbane_urban,-27.5444,152.9255,2022-02-01
Pteropus poliocephalus,Grey-headed Flying Fox,Mammalia,brisbane_urban,-27.444316,152.941897,2022-02-01
Pteropus poliocephalus,Grey-headed Flying Fox,Mammalia,brisbane_urban,-27.3691,152.839,2022-02-01
Pteropus poliocephalus,Grey-headed Flying Fox,Mammalia,brisbane_urban,-27.388688,153.007091,2022-02-01
Pteropus poliocephalus,Grey-headed Flying Fox,Mammalia,brisbane_urban,-27.667,153.1773,2022-02-01
Pteropus poliocephalus,Grey-headed Flying Fox,Mammalia,brisbane_urban,-27.483062,153.054749,2022-02-01
Pteropus poliocephalus,Grey-headed Flying Fox,Mammalia,brisbane_urban,-27.490983,152.992867,2022-02-01
Pteropus poliocephalus,Grey-headed Flying Fox,Mammalia,brisbane_urban,-27.442402,153.022578,2022-02-01
Pteropus poliocephalus,Grey-headed Flying Fox,Mammalia,brisbane_urban,-27.5507,152.954,2022-02-01
Pteropus poliocephalus,Grey-headed Flying Fox,Mammalia,brisbane_urban,-27.272413,152.975115,2022-02-01
Pteropus poliocephalus,Grey-headed Flying Fox,Mammalia,brisbane_urban,-27.612423,152.81273,2022-02-01
Pteropus poliocephalus,Grey-headed Flying Fox,Mammalia,brisbane_urban,-27.599624,152.880163,2022-02-01
Pteropus poliocephalus,Grey-headed Flying Fox,Mammalia,brisbane_urban,-27.489621,153.182394,2022-03-02
Pteropus poliocephalus,Grey-headed Flying Fox,Mammalia,brisbane_urban,-27.477863,152.980077,2022-03-21
Pteropus poliocephalus,Grey-headed Flying Fox,Mammalia,brisbane_urban,-27.6,152.8,2022-03-17
Pteropus poliocephalus,Grey-headed Flying Fox,Mammalia,brisbane_urban,-27.5,153.0,2022-03-08
Pteropus poliocephalus,Grey-headed Flying Fox,Mammalia,brisbane_urban,-27.6,152.8,2022-03-15
Pteropus poliocephalus,Grey-headed Flying Fox,Mammalia,brisbane_urban,-27.6,152.8,2022-03-14
Pteropus poliocephalus,Grey-headed Flying Fox,Mammalia,brisbane_urban,-27.49682,153.017949,2022-04-16
Pteropus poliocephalus,Grey-headed Flying Fox,Mammalia,brisbane_urban,-27.6,152.8,2022-04-12
Pteropus poliocephalus,Grey-headed Flying Fox,Mammalia,brisbane_urban,-27.6,152.8,2022-04-26
Pteropus poliocephalus,Grey-headed Flying Fox,Mammalia,brisbane_urban,-27.6,152.8,2022-04-09
Pteropus poliocephalus,Grey-headed Flying Fox,Mammalia,brisbane_urban,-27.497095,153.017945,2022-05-30
Pteropus poliocephalus,Grey-headed Flying Fox,Mammalia,brisbane_urban,-27.6,152.8,2022-05-27
Pteropus poliocephalus,Grey-headed Flying Fox,Mammalia,brisbane_urban,-27.6,152.8,2022-05-10
Pteropus poliocephalus,Grey-headed Flying Fox,Mammalia,brisbane_urban,-27.6,152.8,2022-05-31
Pteropus poliocephalus,Grey-headed Flying Fox,Mammalia,brisbane_urban,-27.6,152.8,2022-05-03
Pteropus poliocephalus,Grey-headed Flying Fox,Mammalia,brisbane_urban,-27.6,152.8,2022-05-18
Pteropus poliocephalus,Grey-headed Flying Fox,Mammalia,brisbane_urban,-27.6,152.8,2022-05-24
Pteropus poliocephalus,Grey-headed Flying Fox,Mammalia,brisbane_urban,-27.435369,152.996928,2022-05-01
Pteropus poliocephalus,Grey-headed Flying Fox,Mammalia,brisbane_urban,-27.369361,152.859972,2022-05-01
Pteropus poliocephalus,Grey-headed Flying Fox,Mammalia,brisbane_urban,-27.442402,153.022578,2022-05-01
Pteropus poliocephalus,Grey-headed Flying Fox,Mammalia,brisbane_urban,-27.388688,153.007091,2022-05-01
Pteropus poliocephalus,Grey-headed Flying Fox,Mammalia,brisbane_urban,-27.621157,153.036482,2022-05-01
Pteropus poliocephalus,Grey-headed Flying Fox,Mammalia,brisbane_urban,-27.347189,152.959594,2022-05-01
Pteropus poliocephalus,Grey-headed Flying Fox,Mammalia,brisbane_urban,-27.444316,152.941897,2022-05-01
Pteropus poliocephalus,Grey-headed Flying Fox,Mammalia,brisbane_urban,-27.667,153.1773,2022-05-01
Pteropus poliocephalus,Grey-headed Flying Fox,Mammalia,brisbane_urban,-27.526927,153.258219,2022-05-01
Pteropus poliocephalus,Grey-headed Flying Fox,Mammalia,brisbane_urban,-27.495883,153.213807,2022-05-01
Pteropus poliocephalus,Grey-headed Flying Fox,Mammalia,brisbane_urban,-27.526623,153.050246,2022-06-06
Pteropus poliocephalus,Grey-headed Flying Fox,Mammalia,brisbane_urban,-27.492575,152.992365,2022-06-30
Pteropus poliocephalus,Grey-headed Flying Fox,Mammalia,brisbane_urban,-27.527854,153.050963,2022-06-22
Pteropus poliocephalus,Grey-headed Flying Fox,Mammalia,brisbane_urban,-27.527897,153.049921,2022-06-22
Pteropus poliocephalus,Grey-headed Flying Fox,Mammalia,brisbane_urban,-27.434528,153.146581,2022-06-30
Pteropus poliocephalus,Grey-headed Flying Fox,Mammalia,brisbane_urban,-27.6,152.8,2022-06-22
Pteropus poliocephalus,Grey-headed Flying Fox,Mammalia,brisbane_urban,-27.6,152.8,2022-06-13
Pteropus poliocephalus,Grey-headed Flying Fox,Mammalia,brisbane_urban,-27.6,152.8,2022-06-27
Pteropus poliocephalus,Grey-headed Flying Fox,Mammalia,brisbane_urban,-27.470453,153.026034,2022-06-29
Pteropus poliocephalus,Grey-headed Flying Fox,Mammalia,brisbane_urban,-27.387009,153.007578,2022-07-16
Pteropus poliocephalus,Grey-headed Flying Fox,Mammalia,brisbane_urban,-27.387139,153.00739,2022-07-16
Pteropus poliocephalus,Grey-headed Flying Fox,Mammalia,brisbane_urban,-27.6,152.8,2022-07-19
Pteropus poliocephalus,Grey-headed Flying Fox,Mammalia,brisbane_urban,-27.6,152.8,2022-07-04
Pteropus poliocephalus,Grey-headed Flying Fox,Mammalia,brisbane_urban,-27.6,152.8,2022-07-05
Pteropus poliocephalus,Grey-headed Flying Fox,Mammalia,brisbane_urban,-27.6,152.8,2022-07-17
Pteropus poliocephalus,Grey-headed Flying Fox,Mammalia,brisbane_urban,-27.6,152.8,2022-07-21
Pteropus poliocephalus,Grey-headed Flying Fox,Mammalia,brisbane_urban,-27.5402,152.823533,2022-08-04
Pteropus poliocephalus,Grey-headed Flying Fox,Mammalia,brisbane_urban,-27.526231,153.049138,2022-08-24
Pteropus poliocephalus,Grey-headed Flying Fox,Mammalia,brisbane_urban,-27.526272,153.048268,2022-08-24
Pteropus poliocephalus,Grey-headed Flying Fox,Mammalia,brisbane_urban,-27.386845,153.005478,2022-08-21
Pteropus poliocephalus,Grey-headed Flying Fox,Mammalia,brisbane_urban,-27.546271,153.058008,2022-08-22
Pteropus poliocephalus,Grey-headed Flying Fox,Mammalia,brisbane_urban,-27.546151,153.057722,2022-08-22
Pteropus poliocephalus,Grey-headed Flying Fox,Mammalia,brisbane_urban,-27.527739,153.050776,2022-08-24
Pteropus poliocephalus,Grey-headed Flying Fox,Mammalia,brisbane_urban,-27.527733,153.050671,2022-08-24
Pteropus poliocephalus,Grey-headed Flying Fox,Mammalia,brisbane_urban,-27.5,153.0,2022-08-31
Pteropus poliocephalus,Grey-headed Flying Fox,Mammalia,brisbane_urban,-27.5,153.0,2022-08-30
Pteropus poliocephalus,Grey-headed Flying Fox,Mammalia,brisbane_urban,-27.6,152.8,2022-08-10
Pteropus poliocephalus,Grey-headed Flying Fox,Mammalia,brisbane_urban,-27.540263,152.823505,2022-08-01
Pteropus poliocephalus,Grey-headed Flying Fox,Mammalia,brisbane_urban,-27.52767,153.050648,2022-09-05
Pteropus poliocephalus,Grey-headed Flying Fox,Mammalia,brisbane_urban,-27.527512,153.050692,2022-09-05
Pteropus poliocephalus,Grey-headed Flying Fox,Mammalia,brisbane_urban,-27.526326,153.050046,2022-09-05
Pteropus poliocephalus,Grey-headed Flying Fox,Mammalia,brisbane_urban,-27.528137,153.04949,2022-09-05
Pteropus poliocephalus,Grey-headed Flying Fox,Mammalia,brisbane_urban,-27.527667,153.050707,2022-09-05
Pteropus poliocephalus,Grey-headed Flying Fox,Mammalia,brisbane_urban,-27.526264,153.048297,2022-09-05
Pteropus poliocephalus,Grey-headed Flying Fox,Mammalia,brisbane_urban,-27.526158,153.04963,2022-09-05
Pteropus poliocephalus,Grey-headed Flying Fox,Mammalia,brisbane_urban,-27.6,153.0,2022-09-03
Pteropus poliocephalus,Grey-headed Flying Fox,Mammalia,brisbane_urban,-27.462239,153.018408,2022-09-15
Pteropus poliocephalus,Grey-headed Flying Fox,Mammalia,brisbane_urban,-27.5,153.0,2022-09-14
Pteropus poliocephalus,Grey-headed Flying Fox,Mammalia,brisbane_urban,-27.5,153.0,2022-09-21
Pteropus poliocephalus,Grey-headed Flying Fox,Mammalia,brisbane_urban,-27.6,152.8,2022-09-13
Pteropus poliocephalus,Grey-headed Flying Fox,Mammalia,brisbane_urban,-27.5,153.0,2022-09-27
Pteropus poliocephalus,Grey-headed Flying Fox,Mammalia,brisbane_urban,-27.550945,152.991013,2022-09-20
Pteropus poliocephalus,Grey-headed Flying Fox,Mammalia,brisbane_urban,-27.462277,153.018172,2022-10-31
Pteropus poliocephalus,Grey-headed Flying Fox,Mammalia,brisbane_urban,-27.6,152.8,2022-11-16
Pteropus poliocephalus,Grey-headed Flying Fox,Mammalia,brisbane_urban,-27.642957,152.926173,2022-11-17
Pteropus poliocephalus,Grey-headed Flying Fox,Mammalia,brisbane_urban,-27.539885,152.822986,2022-11-05
Pteropus poliocephalus,Grey-headed Flying Fox,Mammalia,brisbane_urban,-27.6,152.8,2022-12-11
Pteropus poliocephalus,Grey-headed Flying Fox,Mammalia,brisbane_urban,-27.498547,153.017625,2022-12-23
Pteropus poliocephalus,Grey-headed Flying Fox,Mammalia,brisbane_urban,-27.6,152.8,2022-12-11
Pteropus poliocephalus,Grey-headed Flying Fox,Mammalia,brisbane_urban,-27.502631,153.015342,2022-12-23
Pteropus poliocephalus,Grey-headed Flying Fox,Mammalia,brisbane_urban,-27.5,153.0,2022-12-18
Pteropus poliocephalus,Grey-headed Flying Fox,Mammalia,brisbane_urban,-27.386884,153.007684,2021-01-30
Pteropus poliocephalus,Grey-headed Flying Fox,Mammalia,brisbane_urban,-27.4,153.0,2021-01-19
Pteropus poliocephalus,Grey-headed Flying Fox,Mammalia,brisbane_urban,-27.27317,152.97489,2021-01-07
Pteropus poliocephalus,Grey-headed Flying Fox,Mammalia,brisbane_urban,-27.442402,153.022578,2021-02-01
Pteropus poliocephalus,Grey-headed Flying Fox,Mammalia,brisbane_urban,-27.483062,153.054749,2021-02-01
Pteropus poliocephalus,Grey-headed Flying Fox,Mammalia,brisbane_urban,-27.582594,153.052372,2021-02-01
Pteropus poliocephalus,Grey-headed Flying Fox,Mammalia,brisbane_urban,-27.4055,152.945647,2021-02-01
Pteropus poliocephalus,Grey-headed Flying Fox,Mammalia,brisbane_urban,-27.526927,153.258219,2021-02-01
Pteropus poliocephalus,Grey-headed Flying Fox,Mammalia,brisbane_urban,-27.3761,152.8405,2021-02-01
Pteropus poliocephalus,Grey-headed Flying Fox,Mammalia,brisbane_urban,-27.567531,153.043448,2021-02-01
Pteropus poliocephalus,Grey-headed Flying Fox,Mammalia,brisbane_urban,-27.388688,153.007091,2021-02-01
Pteropus poliocephalus,Grey-headed Flying Fox,Mammalia,brisbane_urban,-27.272413,152.975115,2021-02-01
Pteropus poliocephalus,Grey-headed Flying Fox,Mammalia,brisbane_urban,-27.444316,152.941897,2021-02-01
Pteropus poliocephalus,Grey-headed Flying Fox,Mammalia,brisbane_urban,-27.490983,152.992867,2021-02-01
Pteropus poliocephalus,Grey-headed Flying Fox,Mammalia,brisbane_urban,-27.595,152.9714,2021-02-01
Pteropus poliocephalus,Grey-headed Flying Fox,Mammalia,brisbane_urban,-27.347189,152.959594,2021-02-01
Pteropus poliocephalus,Grey-headed Flying Fox,Mammalia,brisbane_urban,-27.3691,152.839,2021-02-01
Pteropus poliocephalus,Grey-headed Flying Fox,Mammalia,brisbane_urban,-27.534213,153.061042,2021-03-01
Pteropus poliocephalus,Grey-headed Flying Fox,Mammalia,brisbane_urban,-27.519837,152.983659,2021-04-30
Pteropus poliocephalus,Grey-headed Flying Fox,Mammalia,brisbane_urban,-27.522368,152.987778,2021-05-13
Pteropus poliocephalus,Grey-headed Flying Fox,Mammalia,brisbane_urban,-27.534222,153.061893,2021-05-31
Pteropus poliocephalus,Grey-headed Flying Fox,Mammalia,brisbane_urban,-27.347189,152.959594,2021-05-01
Pteropus poliocephalus,Grey-headed Flying Fox,Mammalia,brisbane_urban,-27.272413,152.975115,2021-05-01
Pteropus poliocephalus,Grey-headed Flying Fox,Mammalia,brisbane_urban,-27.667,153.1773,2021-05-01
Pteropus poliocephalus,Grey-headed Flying Fox,Mammalia,brisbane_urban,-27.444316,152.941897,2021-05-01
Pteropus poliocephalus,Grey-headed Flying Fox,Mammalia,brisbane_urban,-27.599624,152.880163,2021-05-01
Pteropus poliocephalus,Grey-headed Flying Fox,Mammalia,brisbane_urban,-27.442402,153.022578,2021-05-01
Pteropus poliocephalus,Grey-headed Flying Fox,Mammalia,brisbane_urban,-27.612423,152.81273,2021-05-01
Pteropus poliocephalus,Grey-headed Flying Fox,Mammalia,brisbane_urban,-27.582594,153.052372,2021-05-01
Pteropus poliocephalus,Grey-headed Flying Fox,Mammalia,brisbane_urban,-27.5444,152.9255,2021-05-01
Pteropus poliocephalus,Grey-headed Flying Fox,Mammalia,brisbane_urban,-27.533312,153.058563,2021-06-14
Pteropus poliocephalus,Grey-headed Flying Fox,Mammalia,brisbane_urban,-27.6,152.8,2021-06-29
Pteropus poliocephalus,Grey-headed Flying Fox,Mammalia,brisbane_urban,-27.6,152.8,2021-07-22
Pteropus poliocephalus,Grey-headed Flying Fox,Mammalia,brisbane_urban,-27.27249,152.97507,2021-07-16
Pteropus poliocephalus,Grey-headed Flying Fox,Mammalia,brisbane_urban,-27.273853,152.971429,2021-07-18
Pteropus poliocephalus,Grey-headed Flying Fox,Mammalia,brisbane_urban,-27.442402,153.022578,2021-08-01
Pteropus poliocephalus,Grey-headed Flying Fox,Mammalia,brisbane_urban,-27.444316,152.941897,2021-08-01
Pteropus poliocephalus,Grey-headed Flying Fox,Mammalia,brisbane_urban,-27.388688,153.007091,2021-08-01
Pteropus poliocephalus,Grey-headed Flying Fox,Mammalia,brisbane_urban,-27.483062,153.054749,2021-08-01
Pteropus poliocephalus,Grey-headed Flying Fox,Mammalia,brisbane_urban,-27.5026,153.2263,2021-08-01
Pteropus poliocephalus,Grey-headed Flying Fox,Mammalia,brisbane_urban,-27.272413,152.975115,2021-08-01
Pteropus poliocephalus,Grey-headed Flying Fox,Mammalia,brisbane_urban,-27.5444,152.9255,2021-08-01
Pteropus poliocephalus,Grey-headed Flying Fox,Mammalia,brisbane_urban,-27.557355,152.907617,2021-08-01
Pteropus poliocephalus,Grey-headed Flying Fox,Mammalia,brisbane_urban,-27.612423,152.81273,2021-08-01
Pteropus poliocephalus,Grey-headed Flying Fox,Mammalia,brisbane_urban,-27.526927,153.258219,2021-08-01
Pteropus poliocephalus,Grey-headed Flying Fox,Mammalia,brisbane_urban,-27.5507,152.954,2021-08-01
Pteropus poliocephalus,Grey-headed Flying Fox,Mammalia,brisbane_urban,-27.490983,152.992867,2021-08-01
Pteropus poliocephalus,Grey-headed Flying Fox,Mammalia,brisbane_urban,-27.54759,153.07001,2021-08-31
Pteropus poliocephalus,Grey-headed Flying Fox,Mammalia,brisbane_urban,-27.54749,153.06971,2021-08-31
Pteropus poliocephalus,Grey-headed Flying Fox,Mammalia,brisbane_urban,-27.491524,152.991686,2021-09-28
Pteropus poliocephalus,Grey-headed Flying Fox,Mammalia,brisbane_urban,-27.49204,152.993473,2021-09-16
Pteropus poliocephalus,Grey-headed Flying Fox,Mammalia,brisbane_urban,-27.5,153.0,2021-09-17
Pteropus poliocephalus,Grey-headed Flying Fox,Mammalia,brisbane_urban,-27.6,152.8,2021-09-27
Pteropus poliocephalus,Grey-headed Flying Fox,Mammalia,brisbane_urban,-27.491973,152.991529,2021-09-30
Pteropus poliocephalus,Grey-headed Flying Fox,Mammalia,brisbane_urban,-27.5,153.0,2021-09-17
Pteropus poliocephalus,Grey-headed Flying Fox,Mammalia,brisbane_urban,-27.6,152.8,2021-09-18
Pteropus poliocephalus,Grey-headed Flying Fox,Mammalia,brisbane_urban,-27.445365,152.945671,2021-09-06
Pteropus poliocephalus,Grey-headed Flying Fox,Mammalia,brisbane_urban,-27.516345,152.962223,2021-09-30
Pteropus poliocephalus,Grey-headed Flying Fox,Mammalia,brisbane_urban,-27.367855,152.842062,2021-09-20
Pteropus poliocephalus,Grey-headed Flying Fox,Mammalia,brisbane_urban,-27.380596,153.036691,2021-10-28
Pteropus poliocephalus,Grey-headed Flying Fox,Mammalia,brisbane_urban,-27.491674,152.991614,2021-10-03
Pteropus poliocephalus,Grey-headed Flying Fox,Mammalia,brisbane_urban,-27.491837,152.991702,2021-10-03
Pteropus poliocephalus,Grey-headed Flying Fox,Mammalia,brisbane_urban,-27.491674,152.991636,2021-10-03
Pteropus poliocephalus,Grey-headed Flying Fox,Mammalia,brisbane_urban,-27.6,152.8,2021-11-05
Pteropus poliocephalus,Grey-headed Flying Fox,Mammalia,brisbane_urban,-27.6,152.8,2021-11-28
Pteropus poliocephalus,Grey-headed Flying Fox,Mammalia,brisbane_urban,-27.442345,153.021104,2021-11-15
Pteropus poliocephalus,Grey-headed Flying Fox,Mammalia,brisbane_urban,-27.490983,152.992867,2021-11-01
Pteropus poliocephalus,Grey-headed Flying Fox,Mammalia,brisbane_urban,-27.444316,152.941897,2021-11-01
Pteropus poliocephalus,Grey-headed Flying Fox,Mammalia,brisbane_urban,-27.680013,153.036987,2021-11-01
Pteropus poliocephalus,Grey-headed Flying Fox,Mammalia,brisbane_urban,-27.5444,152.9255,2021-11-01
Pteropus poliocephalus,Grey-headed Flying Fox,Mammalia,brisbane_urban,-27.667,153.1773,2021-11-01
Pteropus poliocephalus,Grey-headed Flying Fox,Mammalia,brisbane_urban,-27.612423,152.81273,2021-11-01
Pteropus poliocephalus,Grey-headed Flying Fox,Mammalia,brisbane_urban,-27.5507,152.954,2021-11-01
Pteropus poliocephalus,Grey-headed Flying Fox,Mammalia,brisbane_urban,-27.3691,152.839,2021-11-01
Pteropus poliocephalus,Grey-headed Flying Fox,Mammalia,brisbane_urban,-27.557355,152.907617,2021-11-01
Pteropus poliocephalus,Grey-headed Flying Fox,Mammalia,brisbane_urban,-27.347189,152.959594,2021-11-01
Pteropus poliocephalus,Grey-headed Flying Fox,Mammalia,brisbane_urban,-27.483062,153.054749,2021-11-01
Pteropus poliocephalus,Grey-headed Flying Fox,Mammalia,brisbane_urban,-27.442402,153.022578,2021-11-01
Pteropus poliocephalus,Grey-headed Flying Fox,Mammalia,brisbane_urban,-27.388688,153.007091,2021-11-01
Pteropus poliocephalus,Grey-headed Flying Fox,Mammalia,brisbane_urban,-27.272413,152.975115,2021-11-01
Pteropus poliocephalus,Grey-headed Flying Fox,Mammalia,brisbane_urban,-27.62738,153.056525,2021-11-01
Pteropus poliocephalus,Grey-headed Flying Fox,Mammalia,brisbane_urban,-27.53956,152.823063,2021-12-07
Pteropus poliocephalus,Grey-headed Flying Fox,Mammalia,brisbane_urban,-27.532553,153.031117,2021-12-25
Pteropus poliocephalus,Grey-headed Flying Fox,Mammalia,brisbane_urban,-27.54023,152.823607,2021-12-07
Pteropus poliocephalus,Grey-headed Flying Fox,Mammalia,brisbane_urban,-27.54023,152.823607,2021-12-07
Pteropus poliocephalus,Grey-headed Flying Fox,Mammalia,brisbane_urban,-27.54023,152.823607,2021-12-07
Pteropus poliocephalus,Grey-headed Flying Fox,Mammalia,brisbane_urban,-27.54023,152.823607,2021-12-07
Pteropus poliocephalus,Grey-headed Flying Fox,Mammalia,brisbane_urban,-27.532596,153.031113,2021-12-25
Pteropus poliocephalus,Grey-headed Flying Fox,Mammalia,brisbane_urban,-27.6,152.8,2021-12-31
Pteropus poliocephalus,Grey-headed Flying Fox,Mammalia,brisbane_urban,-27.462188,153.018982,2020-01-06
Pteropus poliocephalus,Grey-headed Flying Fox,Mammalia,brisbane_urban,-27.635697,152.927142,2020-01-10
Pteropus poliocephalus,Grey-headed Flying Fox,Mammalia,brisbane_urban,-27.387277,153.007362,2020-02-15
Pteropus poliocephalus,Grey-headed Flying Fox,Mammalia,brisbane_urban,-27.3231,153.0687,2020-02-01
Pteropus poliocephalus,Grey-headed Flying Fox,Mammalia,brisbane_urban,-27.490983,152.992867,2020-02-01
Pteropus poliocephalus,Grey-headed Flying Fox,Mammalia,brisbane_urban,-27.272413,152.975115,2020-02-01
Pteropus poliocephalus,Grey-headed Flying Fox,Mammalia,brisbane_urban,-27.3761,152.8405,2020-02-01
Pteropus poliocephalus,Grey-headed Flying Fox,Mammalia,brisbane_urban,-27.347189,152.959594,2020-02-01
Pteropus poliocephalus,Grey-headed Flying Fox,Mammalia,brisbane_urban,-27.388688,153.007091,2020-02-01
Pteropus poliocephalus,Grey-headed Flying Fox,Mammalia,brisbane_urban,-27.612423,152.81273,2020-02-01
Pteropus poliocephalus,Grey-headed Flying Fox,Mammalia,brisbane_urban,-27.398694,153.072987,2020-02-01
Pteropus poliocephalus,Grey-headed Flying Fox,Mammalia,brisbane_urban,-27.483062,153.054749,2020-02-01
Pteropus poliocephalus,Grey-headed Flying Fox,Mammalia,brisbane_urban,-27.630429,152.9206,2020-02-01
Pteropus poliocephalus,Grey-headed Flying Fox,Mammalia,brisbane_urban,-27.51649,153.20968,2020-02-01
Pteropus poliocephalus,Grey-headed Flying Fox,Mammalia,brisbane_urban,-27.567531,153.043448,2020-02-01
Pteropus poliocephalus,Grey-headed Flying Fox,Mammalia,brisbane_urban,-27.442402,153.022578,2020-02-01
Pteropus poliocephalus,Grey-headed Flying Fox,Mammalia,brisbane_urban,-27.4055,152.945647,2020-02-01
Pteropus poliocephalus,Grey-headed Flying Fox,Mammalia,brisbane_urban,-27.667,153.1773,2020-02-01
Pteropus poliocephalus,Grey-headed Flying Fox,Mammalia,brisbane_urban,-27.405925,153.052662,2020-05-23
Pteropus poliocephalus,Grey-headed Flying Fox,Mammalia,brisbane_urban,-27.551231,152.975783,2020-05-16
Pteropus poliocephalus,Grey-headed Flying Fox,Mammalia,brisbane_urban,-27.467314,153.043655,2020-05-03
Pteropus poliocephalus,Grey-headed Flying Fox,Mammalia,brisbane_urban,-27.387688,153.006286,2020-05-24
Pteropus poliocephalus,Grey-headed Flying Fox,Mammalia,brisbane_urban,-27.582648,153.052431,2020-05-03
Pteropus poliocephalus,Grey-headed Flying Fox,Mammalia,brisbane_urban,-27.4861,153.051358,2020-06-29
Pteropus poliocephalus,Grey-headed Flying Fox,Mammalia,brisbane_urban,-27.510278,153.109436,2020-07-08
Pteropus poliocephalus,Grey-headed Flying Fox,Mammalia,brisbane_urban,-27.440589,153.0213,2020-07-11
Pteropus poliocephalus,Grey-headed Flying Fox,Mammalia,brisbane_urban,-27.491465,152.992444,2020-07-08
Pteropus poliocephalus,Grey-headed Flying Fox,Mammalia,brisbane_urban,-27.517847,153.209474,2020-07-19
Pteropus poliocephalus,Grey-headed Flying Fox,Mammalia,brisbane_urban,-27.62355,153.04836,2020-07-19
Pteropus poliocephalus,Grey-headed Flying Fox,Mammalia,brisbane_urban,-27.656365,153.158375,2020-08-05
Pteropus poliocephalus,Grey-headed Flying Fox,Mammalia,brisbane_urban,-27.582594,153.052372,2020-08-01
Pteropus poliocephalus,Grey-headed Flying Fox,Mammalia,brisbane_urban,-27.437798,153.172534,2020-08-01
Pteropus poliocephalus,Grey-headed Flying Fox,Mammalia,brisbane_urban,-27.51649,153.20968,2020-08-01
Pteropus poliocephalus,Grey-headed Flying Fox,Mammalia,brisbane_urban,-27.546023,153.269844,2020-08-01
Pteropus poliocephalus,Grey-headed Flying Fox,Mammalia,brisbane_urban,-27.567531,153.043448,2020-08-01
Pteropus poliocephalus,Grey-headed Flying Fox,Mammalia,brisbane_urban,-27.526927,153.258219,2020-08-01
Pteropus poliocephalus,Grey-headed Flying Fox,Mammalia,brisbane_urban,-27.599624,152.880163,2020-08-01
Pteropus poliocephalus,Grey-headed Flying Fox,Mammalia,brisbane_urban,-27.483062,153.054749,2020-08-01
Pteropus poliocephalus,Grey-headed Flying Fox,Mammalia,brisbane_urban,-27.442402,153.022578,2020-08-01
Pteropus poliocephalus,Grey-headed Flying Fox,Mammalia,brisbane_urban,-27.490983,152.992867,2020-08-01
Pteropus poliocephalus,Grey-headed Flying Fox,Mammalia,brisbane_urban,-27.5,153.0,2020-11-04
Pteropus poliocephalus,Grey-headed Flying Fox,Mammalia,brisbane_urban,-27.442402,153.022578,2020-11-01
Pteropus poliocephalus,Grey-headed Flying Fox,Mammalia,brisbane_urban,-27.567531,153.043448,2020-11-01
Pteropus poliocephalus,Grey-headed Flying Fox,Mammalia,brisbane_urban,-27.6822,153.0803,2020-11-01
Pteropus poliocephalus,Grey-headed Flying Fox,Mammalia,brisbane_urban,-27.272413,152.975115,2020-11-01
Pteropus poliocephalus,Grey-headed Flying Fox,Mammalia,brisbane_urban,-27.62738,153.056525,2020-11-01
Pteropus poliocephalus,Grey-headed Flying Fox,Mammalia,brisbane_urban,-27.5444,152.9255,2020-11-01
Pteropus poliocephalus,Grey-headed Flying Fox,Mammalia,brisbane_urban,-27.612423,152.81273,2020-11-01
Pteropus poliocephalus,Grey-headed Flying Fox,Mammalia,brisbane_urban,-27.582594,153.052372,2020-11-01
Pteropus poliocephalus,Grey-headed Flying Fox,Mammalia,brisbane_urban,-27.667,153.1773,2020-11-01
Pteropus poliocephalus,Grey-headed Flying Fox,Mammalia,brisbane_urban,-27.490983,152.992867,2020-11-01
Pteropus poliocephalus,Grey-headed Flying Fox,Mammalia,brisbane_urban,-27.5507,152.954,2020-11-01
Pteropus poliocephalus,Grey-headed Flying Fox,Mammalia,brisbane_urban,-27.444316,152.941897,2020-11-01
Pteropus poliocephalus,Grey-headed Flying Fox,Mammalia,brisbane_urban,-27.347189,152.959594,2020-11-01
Pteropus poliocephalus,Grey-headed Flying Fox,Mammalia,brisbane_urban,-27.442402,153.022578,2019-02-01
Pteropus poliocephalus,Grey-headed Flying Fox,Mammalia,brisbane_urban,-27.667,153.1773,2019-02-01
Pteropus poliocephalus,Grey-headed Flying Fox,Mammalia,brisbane_urban,-27.582594,153.052372,2019-02-01
Pteropus poliocephalus,Grey-headed Flying Fox,Mammalia,brisbane_urban,-27.509064,153.224387,2019-02-01
Pteropus poliocephalus,Grey-headed Flying Fox,Mammalia,brisbane_urban,-27.5444,152.9255,2019-02-01
Pteropus poliocephalus,Grey-headed Flying Fox,Mammalia,brisbane_urban,-27.630429,152.9206,2019-02-01
Pteropus poliocephalus,Grey-headed Flying Fox,Mammalia,brisbane_urban,-27.552966,153.057406,2019-03-06
Pteropus poliocephalus,Grey-headed Flying Fox,Mammalia,brisbane_urban,-27.612423,152.81273,2019-05-01
Pteropus poliocephalus,Grey-headed Flying Fox,Mammalia,brisbane_urban,-27.483062,153.054749,2019-05-01
Pteropus poliocephalus,Grey-headed Flying Fox,Mammalia,brisbane_urban,-27.5444,152.9255,2019-05-01
Pteropus poliocephalus,Grey-headed Flying Fox,Mammalia,brisbane_urban,-27.49775,153.016936,2019-06-20
Pteropus poliocephalus,Grey-headed Flying Fox,Mammalia,brisbane_urban,-27.55468,152.905473,2019-06-17
Pteropus poliocephalus,Grey-headed Flying Fox,Mammalia,brisbane_urban,-27.357033,152.940853,2019-07-23
Pteropus poliocephalus,Grey-headed Flying Fox,Mammalia,brisbane_urban,-27.387208,153.007339,2019-08-15
Pteropus poliocephalus,Grey-headed Flying Fox,Mammalia,brisbane_urban,-27.380796,153.038813,2019-08-27
Pteropus poliocephalus,Grey-headed Flying Fox,Mammalia,brisbane_urban,-27.46267,153.018772,2019-08-16
Pteropus poliocephalus,Grey-headed Flying Fox,Mammalia,brisbane_urban,-27.474657,153.029633,2019-08-22
Pteropus poliocephalus,Grey-headed Flying Fox,Mammalia,brisbane_urban,-27.447086,152.95105,2019-08-01
Pteropus poliocephalus,Grey-headed Flying Fox,Mammalia,brisbane_urban,-27.490983,152.992867,2019-08-01
Pteropus poliocephalus,Grey-headed Flying Fox,Mammalia,brisbane_urban,-27.617231,153.114545,2019-08-01
Pteropus poliocephalus,Grey-headed Flying Fox,Mammalia,brisbane_urban,-27.442402,153.022578,2019-08-01
Pteropus poliocephalus,Grey-headed Flying Fox,Mammalia,brisbane_urban,-27.347189,152.959594,2019-08-01
Pteropus poliocephalus,Grey-headed Flying Fox,Mammalia,brisbane_urban,-27.435369,152.996928,2019-08-01
Pteropus poliocephalus,Grey-headed Flying Fox,Mammalia,brisbane_urban,-27.388688,153.007091,2019-08-01
Pteropus poliocephalus,Grey-headed Flying Fox,Mammalia,brisbane_urban,-27.51649,153.20968,2019-08-01
Pteropus poliocephalus,Grey-headed Flying Fox,Mammalia,brisbane_urban,-27.5444,152.9255,2019-08-01
Pteropus poliocephalus,Grey-headed Flying Fox,Mammalia,brisbane_urban,-27.483062,153.054749,2019-08-01
Pteropus poliocephalus,Grey-headed Flying Fox,Mammalia,brisbane_urban,-27.526927,153.258219,2019-08-01
Pteropus poliocephalus,Grey-headed Flying Fox,Mammalia,brisbane_urban,-27.582594,153.052372,2019-08-01
Pteropus poliocephalus,Grey-headed Flying Fox,Mammalia,brisbane_urban,-27.475327,153.028017,2019-09-12
Pteropus poliocephalus,Grey-headed Flying Fox,Mammalia,brisbane_urban,-27.478842,153.016949,2019-09-21
Pteropus poliocephalus,Grey-headed Flying Fox,Mammalia,brisbane_urban,-27.386998,153.007278,2019-09-23
Pteropus poliocephalus,Grey-headed Flying Fox,Mammalia,brisbane_urban,-27.514963,152.894686,2019-09-14
Pteropus poliocephalus,Grey-headed Flying Fox,Mammalia,brisbane_urban,-27.529355,152.956697,2019-09-14
Pteropus poliocephalus,Grey-headed Flying Fox,Mammalia,brisbane_urban,-27.444497,153.061614,2019-09-12
Pteropus poliocephalus,Grey-headed Flying Fox,Mammalia,brisbane_urban,-27.533782,152.968815,2019-10-07
Pteropus poliocephalus,Grey-headed Flying Fox,Mammalia,brisbane_urban,-27.47406,153.029108,2019-10-12
Pteropus poliocephalus,Grey-headed Flying Fox,Mammalia,brisbane_urban,-27.379896,153.039051,2019-10-10
Pteropus poliocephalus,Grey-headed Flying Fox,Mammalia,brisbane_urban,-27.379891,153.039045,2019-10-09
Pteropus poliocephalus,Grey-headed Flying Fox,Mammalia,brisbane_urban,-27.379898,153.038993,2019-10-09
Pteropus poliocephalus,Grey-headed Flying Fox,Mammalia,brisbane_urban,-27.379896,153.03903,2019-10-09
Pteropus poliocephalus,Grey-headed Flying Fox,Mammalia,brisbane_urban,-27.381013,153.03903,2019-10-01
Pteropus poliocephalus,Grey-headed Flying Fox,Mammalia,brisbane_urban,-27.497826,153.013123,2019-10-10
Pteropus poliocephalus,Grey-headed Flying Fox,Mammalia,brisbane_urban,-27.519948,153.052207,2019-11-02
Pteropus poliocephalus,Grey-headed Flying Fox,Mammalia,brisbane_urban,-27.3761,152.8405,2019-11-01
Pteropus poliocephalus,Grey-headed Flying Fox,Mammalia,brisbane_urban,-27.667,153.1773,2019-11-01
Pteropus poliocephalus,Grey-headed Flying Fox,Mammalia,brisbane_urban,-27.490983,152.992867,2019-11-01
Pteropus poliocephalus,Grey-headed Flying Fox,Mammalia,brisbane_urban,-27.435369,152.996928,2019-11-01
Pteropus poliocephalus,Grey-headed Flying Fox,Mammalia,brisbane_urban,-27.4055,152.945647,2019-11-01
Pteropus poliocephalus,Grey-headed Flying Fox,Mammalia,brisbane_urban,-27.347189,152.959594,2019-11-01
Pteropus poliocephalus,Grey-headed Flying Fox,Mammalia,brisbane_urban,-27.442402,153.022578,2019-11-01
Pteropus poliocephalus,Grey-headed Flying Fox,Mammalia,brisbane_urban,-27.630429,152.9206,2019-11-01
Pteropus poliocephalus,Grey-headed Flying Fox,Mammalia,brisbane_urban,-27.272413,152.975115,2019-11-01
Pteropus poliocephalus,Grey-headed Flying Fox,Mammalia,brisbane_urban,-27.333381,153.053564,2019-11-01
Pteropus poliocephalus,Grey-headed Flying Fox,Mammalia,brisbane_urban,-27.388688,153.007091,2019-11-01
Pteropus poliocephalus,Grey-headed Flying Fox,Mammalia,brisbane_urban,-27.474829,153.02792,2019-11-01
Pteropus poliocephalus,Grey-headed Flying Fox,Mammalia,brisbane_urban,-27.567531,153.043448,2019-11-01
Pteropus poliocephalus,Grey-headed Flying Fox,Mammalia,brisbane_urban,-27.612423,152.81273,2019-11-01
Pteropus poliocephalus,Grey-headed Flying Fox,Mammalia,brisbane_urban,-27.582594,153.052372,2018-02-01
Pteropus poliocephalus,Grey-headed Flying Fox,Mammalia,brisbane_urban,-27.442402,153.022578,2018-02-01
Pteropus poliocephalus,Grey-headed Flying Fox,Mammalia,brisbane_urban,-27.5444,152.9255,2018-02-01
Pteropus poliocephalus,Grey-headed Flying Fox,Mammalia,brisbane_urban,-27.483062,153.054749,2018-02-01
Pteropus poliocephalus,Grey-headed Flying Fox,Mammalia,brisbane_urban,-27.612423,152.81273,2018-02-01
Pteropus poliocephalus,Grey-headed Flying Fox,Mammalia,brisbane_urban,-27.447086,152.95105,2018-05-01
Pteropus poliocephalus,Grey-headed Flying Fox,Mammalia,brisbane_urban,-27.526927,153.258219,2018-05-01
Pteropus poliocephalus,Grey-headed Flying Fox,Mammalia,brisbane_urban,-27.63034,153.033682,2018-05-01
Pteropus poliocephalus,Grey-headed Flying Fox,Mammalia,brisbane_urban,-27.630429,152.9206,2018-05-01
Gymnorhina tibicen,Australian Magpie,Aves,brisbane_urban,-27.542618,153.07251,2026-01-02
Gymnorhina tibicen,Australian Magpie,Aves,brisbane_urban,-27.384512,153.096053,2026-01-04
Gymnorhina tibicen,Australian Magpie,Aves,brisbane_urban,-27.442905,153.02565,2026-01-03
Gymnorhina tibicen,Australian Magpie,Aves,brisbane_urban,-27.379077,153.03402,2026-01-04
Gymnorhina tibicen,Australian Magpie,Aves,brisbane_urban,-27.380151,153.03412,2026-01-03
Gymnorhina tibicen,Australian Magpie,Aves,brisbane_urban,-27.542762,153.0726,2026-01-04
Gymnorhina tibicen,Australian Magpie,Aves,brisbane_urban,-27.54277,153.072601,2026-01-04
Gymnorhina tibicen,Australian Magpie,Aves,brisbane_urban,-27.564945,153.099835,2026-01-04
Gymnorhina tibicen,Australian Magpie,Aves,brisbane_urban,-27.447235,152.943385,2026-01-04
Gymnorhina tibicen,Australian Magpie,Aves,brisbane_urban,-27.376786,153.034053,2026-01-01
Gymnorhina tibicen,Australian Magpie,Aves,brisbane_urban,-27.318417,153.065353,2026-01-02
Gymnorhina tibicen,Australian Magpie,Aves,brisbane_urban,-27.542667,153.072522,2026-01-02
Gymnorhina tibicen,Australian Magpie,Aves,brisbane_urban,-27.564413,153.098547,2026-01-01
Gymnorhina tibicen,Australian Magpie,Aves,brisbane_urban,-27.569257,153.106544,2026-01-03
Gymnorhina tibicen,Australian Magpie,Aves,brisbane_urban,-27.378952,153.033198,2026-01-02
Gymnorhina tibicen,Australian Magpie,Aves,brisbane_urban,-27.38122,153.065001,2026-01-05
Gymnorhina tibicen,Australian Magpie,Aves,brisbane_urban,-27.374106,153.030594,2026-01-01
Gymnorhina tibicen,Australian Magpie,Aves,brisbane_urban,-27.477881,153.029188,2026-01-14
Gymnorhina tibicen,Australian Magpie,Aves,brisbane_urban,-27.259328,152.970488,2026-01-20
Gymnorhina tibicen,Australian Magpie,Aves,brisbane_urban,-27.302714,153.050494,2026-01-24
Gymnorhina tibicen,Australian Magpie,Aves,brisbane_urban,-27.483961,153.038132,2026-01-13
Gymnorhina tibicen,Australian Magpie,Aves,brisbane_urban,-27.502633,153.045975,2026-01-24
Gymnorhina tibicen,Australian Magpie,Aves,brisbane_urban,-27.430154,153.024728,2026-01-23
Gymnorhina tibicen,Australian Magpie,Aves,brisbane_urban,-27.574054,152.93304,2026-01-15
Gymnorhina tibicen,Australian Magpie,Aves,brisbane_urban,-27.53554,153.091211,2026-01-24
Gymnorhina tibicen,Australian Magpie,Aves,brisbane_urban,-27.544198,152.980837,2026-01-13
Gymnorhina tibicen,Australian Magpie,Aves,brisbane_urban,-27.472274,152.969041,2026-01-19
Gymnorhina tibicen,Australian Magpie,Aves,brisbane_urban,-27.552689,152.978876,2026-01-18
Gymnorhina tibicen,Australian Magpie,Aves,brisbane_urban,-27.370236,153.041701,2026-01-09
Gymnorhina tibicen,Australian Magpie,Aves,brisbane_urban,-27.512929,153.082604,2026-01-05
Gymnorhina tibicen,Australian Magpie,Aves,brisbane_urban,-27.448168,153.024796,2026-01-14
Gymnorhina tibicen,Australian Magpie,Aves,brisbane_urban,-27.575009,153.103933,2026-01-20
Gymnorhina tibicen,Australian Magpie,Aves,brisbane_urban,-27.473767,153.015503,2026-01-18
Gymnorhina tibicen,Australian Magpie,Aves,brisbane_urban,-27.57592,152.995422,2026-01-08
Gymnorhina tibicen,Australian Magpie,Aves,brisbane_urban,-27.545008,153.16853,2026-01-08
Gymnorhina tibicen,Australian Magpie,Aves,brisbane_urban,-27.264333,152.974533,2026-01-20
Gymnorhina tibicen,Australian Magpie,Aves,brisbane_urban,-27.535422,152.993127,2026-01-07
Gymnorhina tibicen,Australian Magpie,Aves,brisbane_urban,-27.509667,153.081138,2026-01-12
Gymnorhina tibicen,Australian Magpie,Aves,brisbane_urban,-27.566998,153.045596,2026-01-14
Gymnorhina tibicen,Australian Magpie,Aves,brisbane_urban,-27.42082,153.167618,2026-01-06
Gymnorhina tibicen,Australian Magpie,Aves,brisbane_urban,-27.671533,153.143577,2026-01-13
Gymnorhina tibicen,Australian Magpie,Aves,brisbane_urban,-27.545584,152.970717,2026-01-15
Gymnorhina tibicen,Australian Magpie,Aves,brisbane_urban,-27.480025,153.115508,2026-01-18
Gymnorhina tibicen,Australian Magpie,Aves,brisbane_urban,-27.379131,153.048781,2026-01-13
Gymnorhina tibicen,Australian Magpie,Aves,brisbane_urban,-27.433895,153.151597,2026-01-06
Gymnorhina tibicen,Australian Magpie,Aves,brisbane_urban,-27.634439,153.245373,2026-01-22
Gymnorhina tibicen,Australian Magpie,Aves,brisbane_urban,-27.422738,153.166855,2026-01-06
Gymnorhina tibicen,Australian Magpie,Aves,brisbane_urban,-27.489181,153.130157,2026-01-07
Gymnorhina tibicen,Australian Magpie,Aves,brisbane_urban,-27.450319,152.938516,2026-01-11
Gymnorhina tibicen,Australian Magpie,Aves,brisbane_urban,-27.380193,153.034584,2026-01-15
Gymnorhina tibicen,Australian Magpie,Aves,brisbane_urban,-27.454488,153.193538,2026-01-10
Gymnorhina tibicen,Australian Magpie,Aves,brisbane_urban,-27.547486,153.166773,2026-01-08
Gymnorhina tibicen,Australian Magpie,Aves,brisbane_urban,-27.522552,153.102295,2026-01-25
Gymnorhina tibicen,Australian Magpie,Aves,brisbane_urban,-27.483131,153.13147,2026-01-09
Gymnorhina tibicen,Australian Magpie,Aves,brisbane_urban,-27.550044,153.175815,2026-01-08
Gymnorhina tibicen,Australian Magpie,Aves,brisbane_urban,-27.391535,153.17006,2026-01-06
Gymnorhina tibicen,Australian Magpie,Aves,brisbane_urban,-27.574921,153.103759,2026-01-13
Gymnorhina tibicen,Australian Magpie,Aves,brisbane_urban,-27.486277,153.135849,2026-01-25
Gymnorhina tibicen,Australian Magpie,Aves,brisbane_urban,-27.540091,152.989523,2026-01-07
Gymnorhina tibicen,Australian Magpie,Aves,brisbane_urban,-27.469791,153.026034,2026-01-11
Gymnorhina tibicen,Australian Magpie,Aves,brisbane_urban,-27.562805,153.097432,2026-01-20
Gymnorhina tibicen,Australian Magpie,Aves,brisbane_urban,-27.299297,153.041017,2026-01-06
Gymnorhina tibicen,Australian Magpie,Aves,brisbane_urban,-27.566119,153.10253,2026-01-13
Gymnorhina tibicen,Australian Magpie,Aves,brisbane_urban,-27.565848,153.099703,2026-01-20
Gymnorhina tibicen,Australian Magpie,Aves,brisbane_urban,-27.497105,153.013326,2026-01-14
Gymnorhina tibicen,Australian Magpie,Aves,brisbane_urban,-27.528252,153.106605,2026-01-30
Gymnorhina tibicen,Australian Magpie,Aves,brisbane_urban,-27.378404,153.042066,2026-01-28
Gymnorhina tibicen,Australian Magpie,Aves,brisbane_urban,-27.263722,152.983933,2026-01-29
Gymnorhina tibicen,Australian Magpie,Aves,brisbane_urban,-27.483382,153.117021,2026-01-28
Gymnorhina tibicen,Australian Magpie,Aves,brisbane_urban,-27.550853,153.064608,2026-01-27
Gymnorhina tibicen,Australian Magpie,Aves,brisbane_urban,-27.423853,153.16745,2026-01-13
Gymnorhina tibicen,Australian Magpie,Aves,brisbane_urban,-27.552547,152.957869,2026-01-25
Gymnorhina tibicen,Australian Magpie,Aves,brisbane_urban,-27.520505,153.103571,2026-01-30
Gymnorhina tibicen,Australian Magpie,Aves,brisbane_urban,-27.42172,153.167678,2026-01-13
Gymnorhina tibicen,Australian Magpie,Aves,brisbane_urban,-27.574218,153.073435,2026-01-29
Gymnorhina tibicen,Australian Magpie,Aves,brisbane_urban,-27.483382,153.117021,2026-01-28
Gymnorhina tibicen,Australian Magpie,Aves,brisbane_urban,-27.381103,153.037883,2026-01-28
Gymnorhina tibicen,Australian Magpie,Aves,brisbane_urban,-27.452985,153.101236,2026-01-24
Gymnorhina tibicen,Australian Magpie,Aves,brisbane_urban,-27.497985,153.011778,2026-01-01
Gymnorhina tibicen,Australian Magpie,Aves,brisbane_urban,-27.422658,153.166278,2026-01-06
Gymnorhina tibicen,Australian Magpie,Aves,brisbane_urban,-27.422698,153.167522,2026-01-06
Gymnorhina tibicen,Australian Magpie,Aves,brisbane_urban,-27.45966,153.034524,2026-01-02
Gymnorhina tibicen,Australian Magpie,Aves,brisbane_urban,-27.423719,153.166523,2026-01-13
Gymnorhina tibicen,Australian Magpie,Aves,brisbane_urban,-27.498592,153.016371,2026-01-24
Gymnorhina tibicen,Australian Magpie,Aves,brisbane_urban,-27.418128,152.97168,2026-01-22
Gymnorhina tibicen,Australian Magpie,Aves,brisbane_urban,-27.418128,152.97168,2026-01-20
Gymnorhina tibicen,Australian Magpie,Aves,brisbane_urban,-27.423414,153.165848,2026-01-30
Gymnorhina tibicen,Australian Magpie,Aves,brisbane_urban,-27.363147,153.063009,2026-01-07
Gymnorhina tibicen,Australian Magpie,Aves,brisbane_urban,-27.539066,153.086097,2026-01-05
Gymnorhina tibicen,Australian Magpie,Aves,brisbane_urban,-27.47599,152.977849,2026-01-05
Gymnorhina tibicen,Australian Magpie,Aves,brisbane_urban,-27.625123,153.153204,2026-01-28
Gymnorhina tibicen,Australian Magpie,Aves,brisbane_urban,-27.539066,153.086097,2026-01-02
Gymnorhina tibicen,Australian Magpie,Aves,brisbane_urban,-27.361275,153.061744,2026-01-19
Gymnorhina tibicen,Australian Magpie,Aves,brisbane_urban,-27.539066,153.086097,2026-01-03
Gymnorhina tibicen,Australian Magpie,Aves,brisbane_urban,-27.299654,153.032955,2026-01-03
Gymnorhina tibicen,Australian Magpie,Aves,brisbane_urban,-27.534083,152.814833,2026-01-03
Gymnorhina tibicen,Australian Magpie,Aves,brisbane_urban,-27.361275,153.061744,2026-01-21
Gymnorhina tibicen,Australian Magpie,Aves,brisbane_urban,-27.539066,153.086097,2026-01-27
Gymnorhina tibicen,Australian Magpie,Aves,brisbane_urban,-27.442068,153.115688,2026-01-24
Gymnorhina tibicen,Australian Magpie,Aves,brisbane_urban,-27.666641,152.918826,2026-01-16
Gymnorhina tibicen,Australian Magpie,Aves,brisbane_urban,-27.43561,153.149362,2026-01-18
Gymnorhina tibicen,Australian Magpie,Aves,brisbane_urban,-27.534083,152.814833,2026-01-10
Gymnorhina tibicen,Australian Magpie,Aves,brisbane_urban,-27.361275,153.061744,2026-01-15
Gymnorhina tibicen,Australian Magpie,Aves,brisbane_urban,-27.316101,153.061978,2026-01-27
Gymnorhina tibicen,Australian Magpie,Aves,brisbane_urban,-27.524596,152.881058,2026-01-17
Gymnorhina tibicen,Australian Magpie,Aves,brisbane_urban,-27.361275,153.061744,2026-01-10
Gymnorhina tibicen,Australian Magpie,Aves,brisbane_urban,-27.539066,153.086097,2026-01-12
Gymnorhina tibicen,Australian Magpie,Aves,brisbane_urban,-27.534083,152.814833,2026-01-24
Gymnorhina tibicen,Australian Magpie,Aves,brisbane_urban,-27.44807,153.114577,2026-01-24
Gymnorhina tibicen,Australian Magpie,Aves,brisbane_urban,-27.548344,152.988785,2026-01-13
Gymnorhina tibicen,Australian Magpie,Aves,brisbane_urban,-27.364111,153.063277,2026-01-30
Gymnorhina tibicen,Australian Magpie,Aves,brisbane_urban,-27.361275,153.061744,2026-01-23
Gymnorhina tibicen,Australian Magpie,Aves,brisbane_urban,-27.363147,153.063009,2026-01-12
Gymnorhina tibicen,Australian Magpie,Aves,brisbane_urban,-27.363147,153.063009,2026-01-17
Gymnorhina tibicen,Australian Magpie,Aves,brisbane_urban,-27.363398,153.062948,2026-01-08
Gymnorhina tibicen,Australian Magpie,Aves,brisbane_urban,-27.576048,152.850628,2026-01-10
Gymnorhina tibicen,Australian Magpie,Aves,brisbane_urban,-27.52365,153.12314,2026-01-21
Gymnorhina tibicen,Australian Magpie,Aves,brisbane_urban,-27.363369,153.062995,2026-01-04
Gymnorhina tibicen,Australian Magpie,Aves,brisbane_urban,-27.534083,152.814833,2026-01-17
Gymnorhina tibicen,Australian Magpie,Aves,brisbane_urban,-27.576048,152.850628,2026-01-30
Gymnorhina tibicen,Australian Magpie,Aves,brisbane_urban,-27.363147,153.063009,2026-01-22
Gymnorhina tibicen,Australian Magpie,Aves,brisbane_urban,-27.39738,152.939294,2026-01-24
Gymnorhina tibicen,Australian Magpie,Aves,brisbane_urban,-27.474112,152.982753,2026-01-30
Gymnorhina tibicen,Australian Magpie,Aves,brisbane_urban,-27.363147,153.063009,2026-01-24
Gymnorhina tibicen,Australian Magpie,Aves,brisbane_urban,-27.363275,153.062988,2026-01-06
Gymnorhina tibicen,Australian Magpie,Aves,brisbane_urban,-27.363335,153.062317,2026-01-04
Gymnorhina tibicen,Australian Magpie,Aves,brisbane_urban,-27.601428,153.145914,2026-01-14
Gymnorhina tibicen,Australian Magpie,Aves,brisbane_urban,-27.363147,153.063009,2026-01-16
Gymnorhina tibicen,Australian Magpie,Aves,brisbane_urban,-27.363147,153.063009,2026-01-14
Gymnorhina tibicen,Australian Magpie,Aves,brisbane_urban,-27.363147,153.063009,2026-01-18
Gymnorhina tibicen,Australian Magpie,Aves,brisbane_urban,-27.538849,152.967154,2026-01-03
Gymnorhina tibicen,Australian Magpie,Aves,brisbane_urban,-27.539066,153.086097,2026-01-04
Gymnorhina tibicen,Australian Magpie,Aves,brisbane_urban,-27.452619,152.937994,2026-01-23
Gymnorhina tibicen,Australian Magpie,Aves,brisbane_urban,-27.661949,152.84662,2026-01-01
Gymnorhina tibicen,Australian Magpie,Aves,brisbane_urban,-27.52368,153.12339,2026-01-29
Gymnorhina tibicen,Australian Magpie,Aves,brisbane_urban,-27.452619,152.937994,2026-01-08
Gymnorhina tibicen,Australian Magpie,Aves,brisbane_urban,-27.363398,153.062948,2026-01-11
Gymnorhina tibicen,Australian Magpie,Aves,brisbane_urban,-27.363455,153.062957,2026-01-02
Gymnorhina tibicen,Australian Magpie,Aves,brisbane_urban,-27.361275,153.061744,2026-01-13
Gymnorhina tibicen,Australian Magpie,Aves,brisbane_urban,-27.421818,153.014794,2026-01-02
Gymnorhina tibicen,Australian Magpie,Aves,brisbane_urban,-27.363524,153.062981,2026-01-03
Gymnorhina tibicen,Australian Magpie,Aves,brisbane_urban,-27.361275,153.061744,2026-01-09
Gymnorhina tibicen,Australian Magpie,Aves,brisbane_urban,-27.361275,153.061744,2026-01-28
Gymnorhina tibicen,Australian Magpie,Aves,brisbane_urban,-27.576048,152.850628,2026-01-07
Gymnorhina tibicen,Australian Magpie,Aves,brisbane_urban,-27.421818,153.014794,2026-01-25
Gymnorhina tibicen,Australian Magpie,Aves,brisbane_urban,-27.363147,153.063009,2026-01-07
Gymnorhina tibicen,Australian Magpie,Aves,brisbane_urban,-27.421818,153.014794,2026-01-17
Gymnorhina tibicen,Australian Magpie,Aves,brisbane_urban,-27.363147,153.063009,2026-01-25
Gymnorhina tibicen,Australian Magpie,Aves,brisbane_urban,-27.361275,153.061744,2026-01-27
Gymnorhina tibicen,Australian Magpie,Aves,brisbane_urban,-27.362747,153.062111,2026-01-08
Gymnorhina tibicen,Australian Magpie,Aves,brisbane_urban,-27.363147,153.063009,2026-01-26
Gymnorhina tibicen,Australian Magpie,Aves,brisbane_urban,-27.523512,152.833417,2026-01-22
Gymnorhina tibicen,Australian Magpie,Aves,brisbane_urban,-27.363147,153.063009,2026-01-31
Gymnorhina tibicen,Australian Magpie,Aves,brisbane_urban,-27.449111,153.115674,2026-01-24
Gymnorhina tibicen,Australian Magpie,Aves,brisbane_urban,-27.350597,153.048821,2026-01-31
Gymnorhina tibicen,Australian Magpie,Aves,brisbane_urban,-27.363232,153.062924,2026-01-05
Gymnorhina tibicen,Australian Magpie,Aves,brisbane_urban,-27.363147,153.063009,2026-01-30
Gymnorhina tibicen,Australian Magpie,Aves,brisbane_urban,-27.363455,153.062957,2026-01-01
Gymnorhina tibicen,Australian Magpie,Aves,brisbane_urban,-27.363147,153.063009,2026-01-20
Gymnorhina tibicen,Australian Magpie,Aves,brisbane_urban,-27.541601,152.995247,2026-01-10
Gymnorhina tibicen,Australian Magpie,Aves,brisbane_urban,-27.565173,153.13513,2026-01-03
Gymnorhina tibicen,Australian Magpie,Aves,brisbane_urban,-27.382382,153.035123,2026-01-26
Gymnorhina tibicen,Australian Magpie,Aves,brisbane_urban,-27.539066,153.086097,2026-01-19
Gymnorhina tibicen,Australian Magpie,Aves,brisbane_urban,-27.361275,153.061744,2026-01-29
Gymnorhina tibicen,Australian Magpie,Aves,brisbane_urban,-27.467603,153.04075,2026-01-10
Gymnorhina tibicen,Australian Magpie,Aves,brisbane_urban,-27.2596,153.10186,2026-01-05
Gymnorhina tibicen,Australian Magpie,Aves,brisbane_urban,-27.318481,153.063876,2026-01-03
Gymnorhina tibicen,Australian Magpie,Aves,brisbane_urban,-27.57479,153.104287,2026-02-01
Gymnorhina tibicen,Australian Magpie,Aves,brisbane_urban,-27.472381,153.030769,2026-02-07
Gymnorhina tibicen,Australian Magpie,Aves,brisbane_urban,-27.26467,152.96965,2026-02-05
Gymnorhina tibicen,Australian Magpie,Aves,brisbane_urban,-27.540618,152.993378,2026-02-01
Gymnorhina tibicen,Australian Magpie,Aves,brisbane_urban,-27.508075,153.040025,2026-02-05
Gymnorhina tibicen,Australian Magpie,Aves,brisbane_urban,-27.442625,153.02292,2026-02-07
Gymnorhina tibicen,Australian Magpie,Aves,brisbane_urban,-27.539367,153.066232,2026-02-10
Gymnorhina tibicen,Australian Magpie,Aves,brisbane_urban,-27.389701,153.035145,2026-02-06
Gymnorhina tibicen,Australian Magpie,Aves,brisbane_urban,-27.634791,153.247311,2026-02-05
Gymnorhina tibicen,Australian Magpie,Aves,brisbane_urban,-27.641323,153.069647,2026-02-03
Gymnorhina tibicen,Australian Magpie,Aves,brisbane_urban,-27.503758,153.036195,2026-02-05
Gymnorhina tibicen,Australian Magpie,Aves,brisbane_urban,-27.566499,153.099706,2026-02-02
Gymnorhina tibicen,Australian Magpie,Aves,brisbane_urban,-27.566499,153.099706,2026-02-02
Gymnorhina tibicen,Australian Magpie,Aves,brisbane_urban,-27.634829,153.24732,2026-02-05
Gymnorhina tibicen,Australian Magpie,Aves,brisbane_urban,-27.300162,153.037186,2026-02-05
Gymnorhina tibicen,Australian Magpie,Aves,brisbane_urban,-27.53215,153.242396,2026-02-06
Gymnorhina tibicen,Australian Magpie,Aves,brisbane_urban,-27.565243,153.091552,2026-02-02
Gymnorhina tibicen,Australian Magpie,Aves,brisbane_urban,-27.546521,152.991214,2026-02-14
Gymnorhina tibicen,Australian Magpie,Aves,brisbane_urban,-27.567197,153.102087,2026-02-12
Gymnorhina tibicen,Australian Magpie,Aves,brisbane_urban,-27.456809,153.081753,2026-02-10
Gymnorhina tibicen,Australian Magpie,Aves,brisbane_urban,-27.563316,153.094126,2026-02-12
Gymnorhina tibicen,Australian Magpie,Aves,brisbane_urban,-27.540924,153.002653,2026-02-12
Gymnorhina tibicen,Australian Magpie,Aves,brisbane_urban,-27.434597,153.018757,2026-02-12
Gymnorhina tibicen,Australian Magpie,Aves,brisbane_urban,-27.463187,153.017914,2026-02-10
Gymnorhina tibicen,Australian Magpie,Aves,brisbane_urban,-27.477015,153.183037,2026-02-14
Gymnorhina tibicen,Australian Magpie,Aves,brisbane_urban,-27.497112,153.132429,2026-02-14
Gymnorhina tibicen,Australian Magpie,Aves,brisbane_urban,-27.57485,153.102257,2026-02-08
Gymnorhina tibicen,Australian Magpie,Aves,brisbane_urban,-27.379837,153.041145,2026-02-14
Gymnorhina tibicen,Australian Magpie,Aves,brisbane_urban,-27.54612,153.057878,2026-02-12
Gymnorhina tibicen,Australian Magpie,Aves,brisbane_urban,-27.369298,152.887584,2026-02-21
Gymnorhina tibicen,Australian Magpie,Aves,brisbane_urban,-27.562851,153.097475,2026-02-19
Gymnorhina tibicen,Australian Magpie,Aves,brisbane_urban,-27.508403,153.076913,2026-02-20
Gymnorhina tibicen,Australian Magpie,Aves,brisbane_urban,-27.46988,153.070029,2026-02-18
Gymnorhina tibicen,Australian Magpie,Aves,brisbane_urban,-27.524198,153.10258,2026-02-18
Gymnorhina tibicen,Australian Magpie,Aves,brisbane_urban,-27.498803,152.956833,2026-02-22
Gymnorhina tibicen,Australian Magpie,Aves,brisbane_urban,-27.262113,153.005047,2026-02-13
Gymnorhina tibicen,Australian Magpie,Aves,brisbane_urban,-27.50886,153.076398,2026-02-20
Gymnorhina tibicen,Australian Magpie,Aves,brisbane_urban,-27.458142,153.034714,2026-02-17
Gymnorhina tibicen,Australian Magpie,Aves,brisbane_urban,-27.522238,153.102709,2026-02-18
Gymnorhina tibicen,Australian Magpie,Aves,brisbane_urban,-27.579189,152.991644,2026-02-22
Gymnorhina tibicen,Australian Magpie,Aves,brisbane_urban,-27.678934,152.826333,2026-02-20
Gymnorhina tibicen,Australian Magpie,Aves,brisbane_urban,-27.503895,153.034191,2026-02-20
Gymnorhina tibicen,Australian Magpie,Aves,brisbane_urban,-27.564359,153.092471,2026-02-19
Gymnorhina tibicen,Australian Magpie,Aves,brisbane_urban,-27.452935,153.029357,2026-02-17
Gymnorhina tibicen,Australian Magpie,Aves,brisbane_urban,-27.486189,153.036086,2026-02-21
Gymnorhina tibicen,Australian Magpie,Aves,brisbane_urban,-27.433832,153.1499,2026-02-22
Gymnorhina tibicen,Australian Magpie,Aves,brisbane_urban,-27.540923,152.994812,2026-02-21
Gymnorhina tibicen,Australian Magpie,Aves,brisbane_urban,-27.299944,153.033561,2026-02-25
Gymnorhina tibicen,Australian Magpie,Aves,brisbane_urban,-27.457774,153.073653,2026-02-09
Gymnorhina tibicen,Australian Magpie,Aves,brisbane_urban,-27.434075,152.997275,2026-02-08
Gymnorhina tibicen,Australian Magpie,Aves,brisbane_urban,-27.32743,153.040481,2026-02-12
Gymnorhina tibicen,Australian Magpie,Aves,brisbane_urban,-27.361275,153.061744,2026-02-04
Gymnorhina tibicen,Australian Magpie,Aves,brisbane_urban,-27.666641,152.918826,2026-02-27
Gymnorhina tibicen,Australian Magpie,Aves,brisbane_urban,-27.363147,153.063009,2026-02-05
Gymnorhina tibicen,Australian Magpie,Aves,brisbane_urban,-27.601513,153.145727,2026-02-28
Gymnorhina tibicen,Australian Magpie,Aves,brisbane_urban,-27.576048,152.850628,2026-02-18
Gymnorhina tibicen,Australian Magpie,Aves,brisbane_urban,-27.529107,152.929479,2026-02-20
Gymnorhina tibicen,Australian Magpie,Aves,brisbane_urban,-27.363147,153.063009,2026-02-27
Gymnorhina tibicen,Australian Magpie,Aves,brisbane_urban,-27.534083,152.814833,2026-02-21
Gymnorhina tibicen,Australian Magpie,Aves,brisbane_urban,-27.361275,153.061744,2026-02-21
Gymnorhina tibicen,Australian Magpie,Aves,brisbane_urban,-27.474112,152.982753,2026-02-20
Gymnorhina tibicen,Australian Magpie,Aves,brisbane_urban,-27.363042,153.062535,2026-02-24
Gymnorhina tibicen,Australian Magpie,Aves,brisbane_urban,-27.423806,152.996083,2026-02-21
Gymnorhina tibicen,Australian Magpie,Aves,brisbane_urban,-27.316101,153.061978,2026-02-02
Gymnorhina tibicen,Australian Magpie,Aves,brisbane_urban,-27.363147,153.063009,2026-02-09
Gymnorhina tibicen,Australian Magpie,Aves,brisbane_urban,-27.529107,152.929479,2026-02-18
Gymnorhina tibicen,Australian Magpie,Aves,brisbane_urban,-27.421818,153.014794,2026-02-09
Gymnorhina tibicen,Australian Magpie,Aves,brisbane_urban,-27.534977,152.993872,2026-02-22
Gymnorhina tibicen,Australian Magpie,Aves,brisbane_urban,-27.363147,153.063009,2026-02-25
Gymnorhina tibicen,Australian Magpie,Aves,brisbane_urban,-27.421818,153.014794,2026-02-24
Gymnorhina tibicen,Australian Magpie,Aves,brisbane_urban,-27.539066,153.086097,2026-02-04
Gymnorhina tibicen,Australian Magpie,Aves,brisbane_urban,-27.316101,153.061978,2026-02-26
Gymnorhina tibicen,Australian Magpie,Aves,brisbane_urban,-27.421818,153.014794,2026-02-04
Gymnorhina tibicen,Australian Magpie,Aves,brisbane_urban,-27.363147,153.063009,2026-02-22
Gymnorhina tibicen,Australian Magpie,Aves,brisbane_urban,-27.363147,153.063009,2026-02-08
Gymnorhina tibicen,Australian Magpie,Aves,brisbane_urban,-27.363147,153.063009,2026-02-03
Gymnorhina tibicen,Australian Magpie,Aves,brisbane_urban,-27.576048,152.850628,2026-02-16
Gymnorhina tibicen,Australian Magpie,Aves,brisbane_urban,-27.523512,152.833417,2026-02-08
Gymnorhina tibicen,Australian Magpie,Aves,brisbane_urban,-27.361275,153.061744,2026-02-10
Gymnorhina tibicen,Australian Magpie,Aves,brisbane_urban,-27.539066,153.086097,2026-02-21
Gymnorhina tibicen,Australian Magpie,Aves,brisbane_urban,-27.363147,153.063009,2026-02-01
Gymnorhina tibicen,Australian Magpie,Aves,brisbane_urban,-27.361275,153.061744,2026-02-26
Gymnorhina tibicen,Australian Magpie,Aves,brisbane_urban,-27.361275,153.061744,2026-02-18
Gymnorhina tibicen,Australian Magpie,Aves,brisbane_urban,-27.363147,153.063009,2026-02-16
Gymnorhina tibicen,Australian Magpie,Aves,brisbane_urban,-27.361275,153.061744,2026-02-28
Gymnorhina tibicen,Australian Magpie,Aves,brisbane_urban,-27.434569,153.147971,2026-02-08
Gymnorhina tibicen,Australian Magpie,Aves,brisbane_urban,-27.361275,153.061744,2026-02-02
Gymnorhina tibicen,Australian Magpie,Aves,brisbane_urban,-27.363147,153.063009,2026-02-11
Gymnorhina tibicen,Australian Magpie,Aves,brisbane_urban,-27.523512,152.833417,2026-02-10
Gymnorhina tibicen,Australian Magpie,Aves,brisbane_urban,-27.319895,153.06822,2026-02-03
Gymnorhina tibicen,Australian Magpie,Aves,brisbane_urban,-27.539066,153.086097,2026-02-03
Gymnorhina tibicen,Australian Magpie,Aves,brisbane_urban,-27.534083,152.814833,2026-02-07
Gymnorhina tibicen,Australian Magpie,Aves,brisbane_urban,-27.601714,153.147173,2026-02-14
Gymnorhina tibicen,Australian Magpie,Aves,brisbane_urban,-27.461926,152.88217,2026-02-08
Gymnorhina tibicen,Australian Magpie,Aves,brisbane_urban,-27.32027,153.06842,2026-02-20
Gymnorhina tibicen,Australian Magpie,Aves,brisbane_urban,-27.576048,152.850628,2026-02-22
Gymnorhina tibicen,Australian Magpie,Aves,brisbane_urban,-27.361275,153.061744,2026-02-23
Gymnorhina tibicen,Australian Magpie,Aves,brisbane_urban,-27.361275,153.061744,2026-02-19
Gymnorhina tibicen,Australian Magpie,Aves,brisbane_urban,-27.539066,153.086097,2026-02-14
Gymnorhina tibicen,Australian Magpie,Aves,brisbane_urban,-27.529107,152.929479,2026-02-13
Gymnorhina tibicen,Australian Magpie,Aves,brisbane_urban,-27.576048,152.850628,2026-02-05
Gymnorhina tibicen,Australian Magpie,Aves,brisbane_urban,-27.576048,152.850628,2026-02-24
Gymnorhina tibicen,Australian Magpie,Aves,brisbane_urban,-27.564621,152.906121,2026-02-25
Gymnorhina tibicen,Australian Magpie,Aves,brisbane_urban,-27.316101,153.061978,2026-02-20
Gymnorhina tibicen,Australian Magpie,Aves,brisbane_urban,-27.363147,153.063009,2026-02-25
Gymnorhina tibicen,Australian Magpie,Aves,brisbane_urban,-27.361275,153.061744,2026-02-14
Gymnorhina tibicen,Australian Magpie,Aves,brisbane_urban,-27.363147,153.063009,2026-02-07
Gymnorhina tibicen,Australian Magpie,Aves,brisbane_urban,-27.661949,152.84662,2026-02-02
Gymnorhina tibicen,Australian Magpie,Aves,brisbane_urban,-27.529107,152.929479,2026-02-16
Gymnorhina tibicen,Australian Magpie,Aves,brisbane_urban,-27.316101,153.061978,2026-02-26
Gymnorhina tibicen,Australian Magpie,Aves,brisbane_urban,-27.421818,153.014794,2026-02-19
Gymnorhina tibicen,Australian Magpie,Aves,brisbane_urban,-27.363147,153.063009,2026-02-20
Gymnorhina tibicen,Australian Magpie,Aves,brisbane_urban,-27.363147,153.063009,2026-02-13
Gymnorhina tibicen,Australian Magpie,Aves,brisbane_urban,-27.534083,152.814833,2026-02-14
Gymnorhina tibicen,Australian Magpie,Aves,brisbane_urban,-27.421818,153.014794,2026-02-16
Gymnorhina tibicen,Australian Magpie,Aves,brisbane_urban,-27.363147,153.063009,2026-02-15
Gymnorhina tibicen,Australian Magpie,Aves,brisbane_urban,-27.361275,153.061744,2026-02-24
Gymnorhina tibicen,Australian Magpie,Aves,brisbane_urban,-27.361275,153.061744,2026-02-06
Gymnorhina tibicen,Australian Magpie,Aves,brisbane_urban,-27.361275,153.061744,2026-02-17
Gymnorhina tibicen,Australian Magpie,Aves,brisbane_urban,-27.421818,153.014794,2026-02-20
Gymnorhina tibicen,Australian Magpie,Aves,brisbane_urban,-27.52246,153.12413,2026-02-06
Gymnorhina tibicen,Australian Magpie,Aves,brisbane_urban,-27.525,152.81778,2026-02-08
Gymnorhina tibicen,Australian Magpie,Aves,brisbane_urban,-27.474112,152.982753,2026-02-20
Gymnorhina tibicen,Australian Magpie,Aves,brisbane_urban,-27.2596,153.10186,2026-02-06
Gymnorhina tibicen,Australian Magpie,Aves,brisbane_urban,-27.472574,153.028183,2026-03-03
Gymnorhina tibicen,Australian Magpie,Aves,brisbane_urban,-27.471063,152.986118,2026-03-03
Gymnorhina tibicen,Australian Magpie,Aves,brisbane_urban,-27.479698,152.971963,2026-03-03
Gymnorhina tibicen,Australian Magpie,Aves,brisbane_urban,-27.394526,153.071212,2026-03-01
Gymnorhina tibicen,Australian Magpie,Aves,brisbane_urban,-27.484834,152.959317,2026-03-03
Gymnorhina tibicen,Australian Magpie,Aves,brisbane_urban,-27.397313,153.074748,2026-03-01
Gymnorhina tibicen,Australian Magpie,Aves,brisbane_urban,-27.47861,152.973965,2026-03-03
Gymnorhina tibicen,Australian Magpie,Aves,brisbane_urban,-27.50927,152.931381,2026-03-02
Gymnorhina tibicen,Australian Magpie,Aves,brisbane_urban,-27.458375,153.034992,2026-03-14
Gymnorhina tibicen,Australian Magpie,Aves,brisbane_urban,-27.498388,153.016265,2026-03-03
Gymnorhina tibicen,Australian Magpie,Aves,brisbane_urban,-27.491194,152.979003,2026-03-11
Gymnorhina tibicen,Australian Magpie,Aves,brisbane_urban,-27.510651,153.064458,2026-03-02
Gymnorhina tibicen,Australian Magpie,Aves,brisbane_urban,-27.246582,153.108554,2026-03-10
Gymnorhina tibicen,Australian Magpie,Aves,brisbane_urban,-27.572389,152.988794,2026-03-04
Gymnorhina tibicen,Australian Magpie,Aves,brisbane_urban,-27.571344,152.987367,2026-03-04
Gymnorhina tibicen,Australian Magpie,Aves,brisbane_urban,-27.38878,153.030588,2026-03-11
Gymnorhina tibicen,Australian Magpie,Aves,brisbane_urban,-27.48483,152.959084,2026-03-05
Gymnorhina tibicen,Australian Magpie,Aves,brisbane_urban,-27.49683,153.027008,2026-03-16
Gymnorhina tibicen,Australian Magpie,Aves,brisbane_urban,-27.47338,153.031158,2026-03-16
Gymnorhina tibicen,Australian Magpie,Aves,brisbane_urban,-27.478612,153.028503,2026-03-24
Gymnorhina tibicen,Australian Magpie,Aves,brisbane_urban,-27.47352,153.019975,2026-03-27
Gymnorhina tibicen,Australian Magpie,Aves,brisbane_urban,-27.563509,153.09837,2026-03-29
Gymnorhina tibicen,Australian Magpie,Aves,brisbane_urban,-27.580483,153.165407,2026-03-21
Gymnorhina tibicen,Australian Magpie,Aves,brisbane_urban,-27.498085,153.017995,2026-03-29
Gymnorhina tibicen,Australian Magpie,Aves,brisbane_urban,-27.326912,152.954496,2026-03-16
Gymnorhina tibicen,Australian Magpie,Aves,brisbane_urban,-27.565609,153.091145,2026-03-12
Gymnorhina tibicen,Australian Magpie,Aves,brisbane_urban,-27.49767,153.012866,2026-03-25
Gymnorhina tibicen,Australian Magpie,Aves,brisbane_urban,-27.56683,153.1058,2026-03-15
Gymnorhina tibicen,Australian Magpie,Aves,brisbane_urban,-27.459144,153.016472,2026-03-26
Gymnorhina tibicen,Australian Magpie,Aves,brisbane_urban,-27.563957,153.094653,2026-03-18
Gymnorhina tibicen,Australian Magpie,Aves,brisbane_urban,-27.538926,152.967453,2026-03-29
Gymnorhina tibicen,Australian Magpie,Aves,brisbane_urban,-27.454141,153.022716,2026-03-21
Gymnorhina tibicen,Australian Magpie,Aves,brisbane_urban,-27.46791,153.122284,2026-03-20
Gymnorhina tibicen,Australian Magpie,Aves,brisbane_urban,-27.378163,153.04477,2026-03-18
Gymnorhina tibicen,Australian Magpie,Aves,brisbane_urban,-27.515504,153.07467,2026-03-29
Gymnorhina tibicen,Australian Magpie,Aves,brisbane_urban,-27.556428,153.106583,2026-03-22
Gymnorhina tibicen,Australian Magpie,Aves,brisbane_urban,-27.564137,152.953963,2026-03-27
Gymnorhina tibicen,Australian Magpie,Aves,brisbane_urban,-27.56426,153.092604,2026-03-14
Gymnorhina tibicen,Australian Magpie,Aves,brisbane_urban,-27.376628,153.034045,2026-03-28
Gymnorhina tibicen,Australian Magpie,Aves,brisbane_urban,-27.563292,153.095337,2026-03-15
Gymnorhina tibicen,Australian Magpie,Aves,brisbane_urban,-27.511243,153.087632,2026-03-21
Gymnorhina tibicen,Australian Magpie,Aves,brisbane_urban,-27.473153,153.03076,2026-03-22
Gymnorhina tibicen,Australian Magpie,Aves,brisbane_urban,-27.327523,153.073181,2026-03-28
Gymnorhina tibicen,Australian Magpie,Aves,brisbane_urban,-27.452626,152.988066,2026-03-21
Gymnorhina tibicen,Australian Magpie,Aves,brisbane_urban,-27.511158,152.950283,2026-03-30
Gymnorhina tibicen,Australian Magpie,Aves,brisbane_urban,-27.473164,153.030872,2026-03-22
Gymnorhina tibicen,Australian Magpie,Aves,brisbane_urban,-27.498497,153.016439,2026-03-23
Gymnorhina tibicen,Australian Magpie,Aves,brisbane_urban,-27.555447,153.13507,2026-03-18
Gymnorhina tibicen,Australian Magpie,Aves,brisbane_urban,-27.377554,153.042108,2026-03-29
Gymnorhina tibicen,Australian Magpie,Aves,brisbane_urban,-27.565523,153.091606,2026-03-10
Gymnorhina tibicen,Australian Magpie,Aves,brisbane_urban,-27.566008,153.092025,2026-03-28
Gymnorhina tibicen,Australian Magpie,Aves,brisbane_urban,-27.454651,153.016933,2026-03-21
Gymnorhina tibicen,Australian Magpie,Aves,brisbane_urban,-27.563957,153.094653,2026-03-18
Gymnorhina tibicen,Australian Magpie,Aves,brisbane_urban,-27.446128,152.914761,2026-03-28
Gymnorhina tibicen,Australian Magpie,Aves,brisbane_urban,-27.565614,153.100967,2026-03-22
Gymnorhina tibicen,Australian Magpie,Aves,brisbane_urban,-27.442033,152.99547,2026-03-26
Gymnorhina tibicen,Australian Magpie,Aves,brisbane_urban,-27.566753,153.100419,2026-03-14
Gymnorhina tibicen,Australian Magpie,Aves,brisbane_urban,-27.401525,153.017897,2026-03-29
Gymnorhina tibicen,Australian Magpie,Aves,brisbane_urban,-27.515762,153.074864,2026-03-29
Gymnorhina tibicen,Australian Magpie,Aves,brisbane_urban,-27.480817,152.991897,2026-03-27
Gymnorhina tibicen,Australian Magpie,Aves,brisbane_urban,-27.56683,153.1058,2026-03-15
Gymnorhina tibicen,Australian Magpie,Aves,brisbane_urban,-27.566084,153.10254,2026-03-28
Gymnorhina tibicen,Australian Magpie,Aves,brisbane_urban,-27.467685,153.125287,2026-03-29
Gymnorhina tibicen,Australian Magpie,Aves,brisbane_urban,-27.51317,153.081253,2026-03-21
Gymnorhina tibicen,Australian Magpie,Aves,brisbane_urban,-27.562824,153.096058,2026-03-26
Gymnorhina tibicen,Australian Magpie,Aves,brisbane_urban,-27.300078,153.036073,2026-03-31
Gymnorhina tibicen,Australian Magpie,Aves,brisbane_urban,-27.593634,152.985285,2026-03-12
Gymnorhina tibicen,Australian Magpie,Aves,brisbane_urban,-27.442049,152.924867,2026-03-30
Gymnorhina tibicen,Australian Magpie,Aves,brisbane_urban,-27.535189,152.967637,2026-03-29
Gymnorhina tibicen,Australian Magpie,Aves,brisbane_urban,-27.498481,153.01606,2026-03-31
Gymnorhina tibicen,Australian Magpie,Aves,brisbane_urban,-27.497472,153.011975,2026-03-31
Gymnorhina tibicen,Australian Magpie,Aves,brisbane_urban,-27.49563,152.999577,2026-03-18
Gymnorhina tibicen,Australian Magpie,Aves,brisbane_urban,-27.544603,153.053676,2026-03-21
Gymnorhina tibicen,Australian Magpie,Aves,brisbane_urban,-27.527276,153.033619,2026-03-15
Gymnorhina tibicen,Australian Magpie,Aves,brisbane_urban,-27.469422,153.065187,2026-03-18
Gymnorhina tibicen,Australian Magpie,Aves,brisbane_urban,-27.275313,152.935242,2026-03-29
Gymnorhina tibicen,Australian Magpie,Aves,brisbane_urban,-27.576048,152.850628,2026-03-08
Gymnorhina tibicen,Australian Magpie,Aves,brisbane_urban,-27.319895,153.06822,2026-03-24
Gymnorhina tibicen,Australian Magpie,Aves,brisbane_urban,-27.422257,153.169318,2026-03-22
Gymnorhina tibicen,Australian Magpie,Aves,brisbane_urban,-27.361275,153.061744,2026-03-17
Gymnorhina tibicen,Australian Magpie,Aves,brisbane_urban,-27.539066,153.086097,2026-03-15
Gymnorhina tibicen,Australian Magpie,Aves,brisbane_urban,-27.363147,153.063009,2026-03-16
Gymnorhina tibicen,Australian Magpie,Aves,brisbane_urban,-27.363147,153.063009,2026-03-29
Gymnorhina tibicen,Australian Magpie,Aves,brisbane_urban,-27.538878,153.085873,2026-03-22
Gymnorhina tibicen,Australian Magpie,Aves,brisbane_urban,-27.661949,152.84662,2026-03-01
Gymnorhina tibicen,Australian Magpie,Aves,brisbane_urban,-27.363147,153.063009,2026-03-15
Gymnorhina tibicen,Australian Magpie,Aves,brisbane_urban,-27.363147,153.063009,2026-03-12
Gymnorhina tibicen,Australian Magpie,Aves,brisbane_urban,-27.426784,153.168998,2026-03-29
Gymnorhina tibicen,Australian Magpie,Aves,brisbane_urban,-27.363147,153.063009,2026-03-23
Gymnorhina tibicen,Australian Magpie,Aves,brisbane_urban,-27.363147,153.063009,2026-03-30
Gymnorhina tibicen,Australian Magpie,Aves,brisbane_urban,-27.363147,153.063009,2026-03-08
Gymnorhina tibicen,Australian Magpie,Aves,brisbane_urban,-27.361275,153.061744,2026-03-14
Gymnorhina tibicen,Australian Magpie,Aves,brisbane_urban,-27.363147,153.063009,2026-03-02
Gymnorhina tibicen,Australian Magpie,Aves,brisbane_urban,-27.363147,153.063009,2026-03-06
Gymnorhina tibicen,Australian Magpie,Aves,brisbane_urban,-27.363147,153.063009,2026-03-09
Gymnorhina tibicen,Australian Magpie,Aves,brisbane_urban,-27.382382,153.035123,2026-03-09
Gymnorhina tibicen,Australian Magpie,Aves,brisbane_urban,-27.573957,152.990666,2026-03-30
Gymnorhina tibicen,Australian Magpie,Aves,brisbane_urban,-27.580398,152.991886,2026-03-30
Gymnorhina tibicen,Australian Magpie,Aves,brisbane_urban,-27.361275,153.061744,2026-03-04
Gymnorhina tibicen,Australian Magpie,Aves,brisbane_urban,-27.361275,153.061744,2026-03-24
Gymnorhina tibicen,Australian Magpie,Aves,brisbane_urban,-27.520286,152.825344,2026-03-08
Gymnorhina tibicen,Australian Magpie,Aves,brisbane_urban,-27.586022,152.991035,2026-03-30
Gymnorhina tibicen,Australian Magpie,Aves,brisbane_urban,-27.64343,152.83705,2026-03-23
Gymnorhina tibicen,Australian Magpie,Aves,brisbane_urban,-27.572494,152.990092,2026-03-30
Gymnorhina tibicen,Australian Magpie,Aves,brisbane_urban,-27.361275,153.061744,2026-03-01
Gymnorhina tibicen,Australian Magpie,Aves,brisbane_urban,-27.666641,152.918826,2026-03-27
Gymnorhina tibicen,Australian Magpie,Aves,brisbane_urban,-27.351584,153.048713,2026-03-03
Gymnorhina tibicen,Australian Magpie,Aves,brisbane_urban,-27.361275,153.061744,2026-03-03
Gymnorhina tibicen,Australian Magpie,Aves,brisbane_urban,-27.52357,153.1233,2026-03-16
Gymnorhina tibicen,Australian Magpie,Aves,brisbane_urban,-27.646185,152.869961,2026-03-02
Gymnorhina tibicen,Australian Magpie,Aves,brisbane_urban,-27.316101,153.061978,2026-03-24
Gymnorhina tibicen,Australian Magpie,Aves,brisbane_urban,-27.601045,153.143816,2026-03-30
Gymnorhina tibicen,Australian Magpie,Aves,brisbane_urban,-27.676523,152.9019,2026-03-02
Gymnorhina tibicen,Australian Magpie,Aves,brisbane_urban,-27.361275,153.061744,2026-03-07
Gymnorhina tibicen,Australian Magpie,Aves,brisbane_urban,-27.363147,153.063009,2026-03-13
Gymnorhina tibicen,Australian Magpie,Aves,brisbane_urban,-27.363147,153.063009,2026-03-11
Gymnorhina tibicen,Australian Magpie,Aves,brisbane_urban,-27.361275,153.061744,2026-03-19
Gymnorhina tibicen,Australian Magpie,Aves,brisbane_urban,-27.576048,152.850628,2026-03-10
Gymnorhina tibicen,Australian Magpie,Aves,brisbane_urban,-27.363147,153.063009,2026-03-31
Gymnorhina tibicen,Australian Magpie,Aves,brisbane_urban,-27.53801,152.95582,2026-03-04
Gymnorhina tibicen,Australian Magpie,Aves,brisbane_urban,-27.361275,153.061744,2026-03-26
Gymnorhina tibicen,Australian Magpie,Aves,brisbane_urban,-27.601513,153.145727,2026-03-28
Gymnorhina tibicen,Australian Magpie,Aves,brisbane_urban,-27.363147,153.063009,2026-03-20
Gymnorhina tibicen,Australian Magpie,Aves,brisbane_urban,-27.363147,153.063009,2026-03-18
Gymnorhina tibicen,Australian Magpie,Aves,brisbane_urban,-27.382382,153.035123,2026-03-22
Gymnorhina tibicen,Australian Magpie,Aves,brisbane_urban,-27.60208,153.148353,2026-03-28
Gymnorhina tibicen,Australian Magpie,Aves,brisbane_urban,-27.361275,153.061744,2026-03-25
Gymnorhina tibicen,Australian Magpie,Aves,brisbane_urban,-27.38158,153.03649,2026-03-22
Gymnorhina tibicen,Australian Magpie,Aves,brisbane_urban,-27.361275,153.061744,2026-03-28
Gymnorhina tibicen,Australian Magpie,Aves,brisbane_urban,-27.534083,152.814833,2026-03-21
Gymnorhina tibicen,Australian Magpie,Aves,brisbane_urban,-27.496264,152.902193,2026-03-21
Gymnorhina tibicen,Australian Magpie,Aves,brisbane_urban,-27.421818,153.014794,2026-03-08
Gymnorhina tibicen,Australian Magpie,Aves,brisbane_urban,-27.426358,153.169404,2026-03-22
Gymnorhina tibicen,Australian Magpie,Aves,brisbane_urban,-27.583097,152.990777,2026-03-30
Gymnorhina tibicen,Australian Magpie,Aves,brisbane_urban,-27.507921,152.856199,2026-03-29
Gymnorhina tibicen,Australian Magpie,Aves,brisbane_urban,-27.601428,153.145914,2026-03-28
Gymnorhina tibicen,Australian Magpie,Aves,brisbane_urban,-27.539066,153.086097,2026-03-29
Gymnorhina tibicen,Australian Magpie,Aves,brisbane_urban,-27.507353,152.930758,2026-03-06
Gymnorhina tibicen,Australian Magpie,Aves,brisbane_urban,-27.363147,153.063009,2026-03-27
Gymnorhina tibicen,Australian Magpie,Aves,brisbane_urban,-27.399521,152.883935,2026-03-28
Gymnorhina tibicen,Australian Magpie,Aves,brisbane_urban,-27.474112,152.982753,2026-03-03
Gymnorhina tibicen,Australian Magpie,Aves,brisbane_urban,-27.363147,153.063009,2026-03-21
Gymnorhina tibicen,Australian Magpie,Aves,brisbane_urban,-27.579891,152.992731,2026-03-30
Gymnorhina tibicen,Australian Magpie,Aves,brisbane_urban,-27.363147,153.063009,2026-03-22
Gymnorhina tibicen,Australian Magpie,Aves,brisbane_urban,-27.363147,153.063009,2026-03-10
Gymnorhina tibicen,Australian Magpie,Aves,brisbane_urban,-27.361275,153.061744,2026-03-05
Gymnorhina tibicen,Australian Magpie,Aves,brisbane_urban,-27.539066,153.086097,2026-03-22
Gymnorhina tibicen,Australian Magpie,Aves,brisbane_urban,-27.351584,153.048713,2026-03-16
Gymnorhina tibicen,Australian Magpie,Aves,brisbane_urban,-27.482957,153.115076,2026-03-01
Gymnorhina tibicen,Australian Magpie,Aves,brisbane_urban,-27.539066,153.086097,2026-03-02
Gymnorhina tibicen,Australian Magpie,Aves,brisbane_urban,-27.534083,152.814833,2026-03-14
Gymnorhina tibicen,Australian Magpie,Aves,brisbane_urban,-27.521772,153.247045,2026-03-14
Gymnorhina tibicen,Australian Magpie,Aves,brisbane_urban,-27.505807,152.938139,2026-03-21
Gymnorhina tibicen,Australian Magpie,Aves,brisbane_urban,-27.421818,153.014794,2026-03-13
Gymnorhina tibicen,Australian Magpie,Aves,brisbane_urban,-27.421818,153.014794,2026-03-01
Gymnorhina tibicen,Australian Magpie,Aves,brisbane_urban,-27.534083,152.814833,2026-03-07
Gymnorhina tibicen,Australian Magpie,Aves,brisbane_urban,-27.420797,153.167587,2026-04-06
Gymnorhina tibicen,Australian Magpie,Aves,brisbane_urban,-27.571172,153.075969,2026-04-02
Gymnorhina tibicen,Australian Magpie,Aves,brisbane_urban,-27.508959,152.930939,2026-04-04
Gymnorhina tibicen,Australian Magpie,Aves,brisbane_urban,-27.651658,153.004486,2026-04-03
Gymnorhina tibicen,Australian Magpie,Aves,brisbane_urban,-27.559804,152.894125,2026-04-03
Gymnorhina tibicen,Australian Magpie,Aves,brisbane_urban,-27.379898,153.035145,2026-04-05
Gymnorhina tibicen,Australian Magpie,Aves,brisbane_urban,-27.442528,152.925231,2026-04-04
Gymnorhina tibicen,Australian Magpie,Aves,brisbane_urban,-27.566505,153.100607,2026-04-01
Gymnorhina tibicen,Australian Magpie,Aves,brisbane_urban,-27.469256,153.12315,2026-04-04
Gymnorhina tibicen,Australian Magpie,Aves,brisbane_urban,-27.472096,152.851685,2026-04-02
Gymnorhina tibicen,Australian Magpie,Aves,brisbane_urban,-27.421411,153.167393,2026-04-06
Gymnorhina tibicen,Australian Magpie,Aves,brisbane_urban,-27.423407,153.167495,2026-04-06
Gymnorhina tibicen,Australian Magpie,Aves,brisbane_urban,-27.631931,153.204117,2026-04-04
Gymnorhina tibicen,Australian Magpie,Aves,brisbane_urban,-27.564339,153.092312,2026-04-07
Gymnorhina tibicen,Australian Magpie,Aves,brisbane_urban,-27.368079,153.042642,2026-04-07
Gymnorhina tibicen,Australian Magpie,Aves,brisbane_urban,-27.501275,153.009767,2026-04-11
Gymnorhina tibicen,Australian Magpie,Aves,brisbane_urban,-27.434975,153.150201,2026-04-08
Gymnorhina tibicen,Australian Magpie,Aves,brisbane_urban,-27.369224,153.041723,2026-04-07
Gymnorhina tibicen,Australian Magpie,Aves,brisbane_urban,-27.485808,153.13607,2026-04-13
Gymnorhina tibicen,Australian Magpie,Aves,brisbane_urban,-27.54577,152.991807,2026-04-11
Gymnorhina tibicen,Australian Magpie,Aves,brisbane_urban,-27.5182,152.898505,2026-04-11
Gymnorhina tibicen,Australian Magpie,Aves,brisbane_urban,-27.374634,153.037441,2026-04-07
Gymnorhina tibicen,Australian Magpie,Aves,brisbane_urban,-27.56637,152.807647,2026-04-13
Gymnorhina tibicen,Australian Magpie,Aves,brisbane_urban,-27.602155,153.148015,2026-04-12
Gymnorhina tibicen,Australian Magpie,Aves,brisbane_urban,-27.468336,152.969681,2026-04-13
Gymnorhina tibicen,Australian Magpie,Aves,brisbane_urban,-27.515979,153.075383,2026-04-08
Gymnorhina tibicen,Australian Magpie,Aves,brisbane_urban,-27.461975,152.881735,2026-04-11
Gymnorhina tibicen,Australian Magpie,Aves,brisbane_urban,-27.467974,153.121081,2026-04-09
Gymnorhina tibicen,Australian Magpie,Aves,brisbane_urban,-27.483032,153.008972,2026-04-08
Gymnorhina tibicen,Australian Magpie,Aves,brisbane_urban,-27.533264,152.968607,2026-04-02
Gymnorhina tibicen,Australian Magpie,Aves,brisbane_urban,-27.442312,152.978837,2026-04-10
Gymnorhina tibicen,Australian Magpie,Aves,brisbane_urban,-27.380239,153.065747,2026-04-09
Gymnorhina tibicen,Australian Magpie,Aves,brisbane_urban,-27.472867,152.968129,2026-04-08
Gymnorhina tibicen,Australian Magpie,Aves,brisbane_urban,-27.468345,152.969684,2026-04-13
Gymnorhina tibicen,Australian Magpie,Aves,brisbane_urban,-27.496922,153.012936,2026-04-24
Gymnorhina tibicen,Australian Magpie,Aves,brisbane_urban,-27.379567,153.041131,2026-04-16
Gymnorhina tibicen,Australian Magpie,Aves,brisbane_urban,-27.379576,153.041395,2026-04-25
Gymnorhina tibicen,Australian Magpie,Aves,brisbane_urban,-27.38016,153.03454,2026-04-17
Gymnorhina tibicen,Australian Magpie,Aves,brisbane_urban,-27.628699,153.201753,2026-04-13
Gymnorhina tibicen,Australian Magpie,Aves,brisbane_urban,-27.508228,153.031766,2026-04-24
Gymnorhina tibicen,Australian Magpie,Aves,brisbane_urban,-27.479999,153.016185,2026-04-15
Gymnorhina tibicen,Australian Magpie,Aves,brisbane_urban,-27.468232,153.121703,2026-04-24
Gymnorhina tibicen,Australian Magpie,Aves,brisbane_urban,-27.564487,153.098763,2026-04-23
Gymnorhina tibicen,Australian Magpie,Aves,brisbane_urban,-27.495857,153.012225,2026-04-19
Gymnorhina tibicen,Australian Magpie,Aves,brisbane_urban,-27.376298,153.093352,2026-04-16
Gymnorhina tibicen,Australian Magpie,Aves,brisbane_urban,-27.450794,152.938495,2026-04-24
Gymnorhina tibicen,Australian Magpie,Aves,brisbane_urban,-27.486563,153.016819,2026-04-15
Gymnorhina tibicen,Australian Magpie,Aves,brisbane_urban,-27.379605,153.034546,2026-04-25
Gymnorhina tibicen,Australian Magpie,Aves,brisbane_urban,-27.563253,153.094032,2026-04-26
Gymnorhina tibicen,Australian Magpie,Aves,brisbane_urban,-27.442122,153.015527,2026-04-16
Gymnorhina tibicen,Australian Magpie,Aves,brisbane_urban,-27.519545,153.024726,2026-04-26
Gymnorhina tibicen,Australian Magpie,Aves,brisbane_urban,-27.441802,152.924895,2026-04-24
Gymnorhina tibicen,Australian Magpie,Aves,brisbane_urban,-27.499586,153.017311,2026-04-25
Trichoglossus moluccanus,Rainbow Lorikeet,Aves,brisbane_urban,-27.631982,153.204415,2026-01-04
Trichoglossus moluccanus,Rainbow Lorikeet,Aves,brisbane_urban,-27.315948,153.065613,2026-01-02
Trichoglossus moluccanus,Rainbow Lorikeet,Aves,brisbane_urban,-27.566613,153.091095,2026-01-03
Trichoglossus moluccanus,Rainbow Lorikeet,Aves,brisbane_urban,-27.381088,153.052933,2026-01-05
Trichoglossus moluccanus,Rainbow Lorikeet,Aves,brisbane_urban,-27.406447,153.074875,2026-01-04
Trichoglossus moluccanus,Rainbow Lorikeet,Aves,brisbane_urban,-27.376196,153.033433,2026-01-01
Trichoglossus moluccanus,Rainbow Lorikeet,Aves,brisbane_urban,-27.315948,153.065613,2026-01-02
Trichoglossus moluccanus,Rainbow Lorikeet,Aves,brisbane_urban,-27.314362,153.06282,2026-01-02
Trichoglossus moluccanus,Rainbow Lorikeet,Aves,brisbane_urban,-27.568244,153.101021,2026-01-01
Trichoglossus moluccanus,Rainbow Lorikeet,Aves,brisbane_urban,-27.380226,153.066053,2026-01-05
Trichoglossus moluccanus,Rainbow Lorikeet,Aves,brisbane_urban,-27.38017,153.040703,2026-01-03
Trichoglossus moluccanus,Rainbow Lorikeet,Aves,brisbane_urban,-27.446015,152.95203,2026-01-02
Trichoglossus moluccanus,Rainbow Lorikeet,Aves,brisbane_urban,-27.302152,153.049708,2026-01-24
Trichoglossus moluccanus,Rainbow Lorikeet,Aves,brisbane_urban,-27.379713,153.041608,2026-01-06
Trichoglossus moluccanus,Rainbow Lorikeet,Aves,brisbane_urban,-27.573877,153.102388,2026-01-20
Trichoglossus moluccanus,Rainbow Lorikeet,Aves,brisbane_urban,-27.4868,153.04006,2026-01-19
Trichoglossus moluccanus,Rainbow Lorikeet,Aves,brisbane_urban,-27.564426,153.091955,2026-01-18
Trichoglossus moluccanus,Rainbow Lorikeet,Aves,brisbane_urban,-27.378429,153.042572,2026-01-13
Trichoglossus moluccanus,Rainbow Lorikeet,Aves,brisbane_urban,-27.376486,153.040617,2026-01-21
Trichoglossus moluccanus,Rainbow Lorikeet,Aves,brisbane_urban,-27.38029,153.040596,2026-01-14
Trichoglossus moluccanus,Rainbow Lorikeet,Aves,brisbane_urban,-27.32252,152.794868,2026-01-16
Trichoglossus moluccanus,Rainbow Lorikeet,Aves,brisbane_urban,-27.322405,152.794848,2026-01-16
Trichoglossus moluccanus,Rainbow Lorikeet,Aves,brisbane_urban,-27.380184,153.040738,2026-01-11
Trichoglossus moluccanus,Rainbow Lorikeet,Aves,brisbane_urban,-27.369491,153.033021,2026-01-19
Trichoglossus moluccanus,Rainbow Lorikeet,Aves,brisbane_urban,-27.450555,152.955195,2026-01-05
Trichoglossus moluccanus,Rainbow Lorikeet,Aves,brisbane_urban,-27.413487,153.026214,2026-01-17
Trichoglossus moluccanus,Rainbow Lorikeet,Aves,brisbane_urban,-27.380039,153.028709,2026-01-19
Trichoglossus moluccanus,Rainbow Lorikeet,Aves,brisbane_urban,-27.322463,152.794828,2026-01-16
Trichoglossus moluccanus,Rainbow Lorikeet,Aves,brisbane_urban,-27.574853,152.932491,2026-01-15
Trichoglossus moluccanus,Rainbow Lorikeet,Aves,brisbane_urban,-27.307822,153.051087,2026-01-04
Trichoglossus moluccanus,Rainbow Lorikeet,Aves,brisbane_urban,-27.449765,152.936794,2026-01-11
Trichoglossus moluccanus,Rainbow Lorikeet,Aves,brisbane_urban,-27.635405,153.241293,2026-01-25
Trichoglossus moluccanus,Rainbow Lorikeet,Aves,brisbane_urban,-27.565842,153.091178,2026-01-18
Trichoglossus moluccanus,Rainbow Lorikeet,Aves,brisbane_urban,-27.38082,153.041255,2026-01-23
Trichoglossus moluccanus,Rainbow Lorikeet,Aves,brisbane_urban,-27.541217,153.035752,2026-01-18
Trichoglossus moluccanus,Rainbow Lorikeet,Aves,brisbane_urban,-27.448168,153.024796,2026-01-13
Trichoglossus moluccanus,Rainbow Lorikeet,Aves,brisbane_urban,-27.564705,153.091767,2026-01-21
Trichoglossus moluccanus,Rainbow Lorikeet,Aves,brisbane_urban,-27.369557,153.033152,2026-01-09
Trichoglossus moluccanus,Rainbow Lorikeet,Aves,brisbane_urban,-27.421931,152.835769,2026-01-11
Trichoglossus moluccanus,Rainbow Lorikeet,Aves,brisbane_urban,-27.318203,153.065292,2026-01-17
Trichoglossus moluccanus,Rainbow Lorikeet,Aves,brisbane_urban,-27.263942,152.976088,2026-01-20
Trichoglossus moluccanus,Rainbow Lorikeet,Aves,brisbane_urban,-27.563608,153.093175,2026-01-13
Trichoglossus moluccanus,Rainbow Lorikeet,Aves,brisbane_urban,-27.563608,153.093175,2026-01-13
Trichoglossus moluccanus,Rainbow Lorikeet,Aves,brisbane_urban,-27.302411,153.049887,2026-01-24
Trichoglossus moluccanus,Rainbow Lorikeet,Aves,brisbane_urban,-27.466072,153.078675,2026-01-20
Trichoglossus moluccanus,Rainbow Lorikeet,Aves,brisbane_urban,-27.563145,153.094392,2026-01-16
Trichoglossus moluccanus,Rainbow Lorikeet,Aves,brisbane_urban,-27.48058,153.181272,2026-01-18
Trichoglossus moluccanus,Rainbow Lorikeet,Aves,brisbane_urban,-27.68189,153.089053,2026-01-12
Trichoglossus moluccanus,Rainbow Lorikeet,Aves,brisbane_urban,-27.25453,153.110292,2026-01-21
Trichoglossus moluccanus,Rainbow Lorikeet,Aves,brisbane_urban,-27.302062,153.04964,2026-01-31
Trichoglossus moluccanus,Rainbow Lorikeet,Aves,brisbane_urban,-27.570495,153.07443,2026-01-29
Trichoglossus moluccanus,Rainbow Lorikeet,Aves,brisbane_urban,-27.498064,153.010754,2026-01-27
Trichoglossus moluccanus,Rainbow Lorikeet,Aves,brisbane_urban,-27.574878,153.104578,2026-01-27
Trichoglossus moluccanus,Rainbow Lorikeet,Aves,brisbane_urban,-27.665695,153.217209,2026-01-26
Trichoglossus moluccanus,Rainbow Lorikeet,Aves,brisbane_urban,-27.531343,153.110828,2026-01-30
Trichoglossus moluccanus,Rainbow Lorikeet,Aves,brisbane_urban,-27.570495,153.07443,2026-01-29
Trichoglossus moluccanus,Rainbow Lorikeet,Aves,brisbane_urban,-27.568036,153.09239,2026-01-27
Trichoglossus moluccanus,Rainbow Lorikeet,Aves,brisbane_urban,-27.539771,153.033118,2026-01-31
Trichoglossus moluccanus,Rainbow Lorikeet,Aves,brisbane_urban,-27.497588,153.012121,2026-01-01
Trichoglossus moluccanus,Rainbow Lorikeet,Aves,brisbane_urban,-27.682963,153.023144,2026-01-16
Trichoglossus moluccanus,Rainbow Lorikeet,Aves,brisbane_urban,-27.499966,152.975092,2026-01-30
Trichoglossus moluccanus,Rainbow Lorikeet,Aves,brisbane_urban,-27.49752,153.011415,2026-01-24
Trichoglossus moluccanus,Rainbow Lorikeet,Aves,brisbane_urban,-27.439118,153.002537,2026-01-30
Trichoglossus moluccanus,Rainbow Lorikeet,Aves,brisbane_urban,-27.47599,152.977849,2026-01-05
Trichoglossus moluccanus,Rainbow Lorikeet,Aves,brisbane_urban,-27.382382,153.035123,2026-01-26
Trichoglossus moluccanus,Rainbow Lorikeet,Aves,brisbane_urban,-27.421818,153.014794,2026-01-25
Trichoglossus moluccanus,Rainbow Lorikeet,Aves,brisbane_urban,-27.52368,153.12339,2026-01-16
Trichoglossus moluccanus,Rainbow Lorikeet,Aves,brisbane_urban,-27.44807,153.114577,2026-01-24
Trichoglossus moluccanus,Rainbow Lorikeet,Aves,brisbane_urban,-27.363369,153.062995,2026-01-04
Trichoglossus moluccanus,Rainbow Lorikeet,Aves,brisbane_urban,-27.363455,153.062957,2026-01-02
Trichoglossus moluccanus,Rainbow Lorikeet,Aves,brisbane_urban,-27.39738,152.939294,2026-01-24
Trichoglossus moluccanus,Rainbow Lorikeet,Aves,brisbane_urban,-27.60208,153.148353,2026-01-12
Trichoglossus moluccanus,Rainbow Lorikeet,Aves,brisbane_urban,-27.363147,153.063009,2026-01-12
Trichoglossus moluccanus,Rainbow Lorikeet,Aves,brisbane_urban,-27.576048,152.850628,2026-01-02
Trichoglossus moluccanus,Rainbow Lorikeet,Aves,brisbane_urban,-27.362747,153.062111,2026-01-08
Trichoglossus moluccanus,Rainbow Lorikeet,Aves,brisbane_urban,-27.423414,153.165848,2026-01-30
Trichoglossus moluccanus,Rainbow Lorikeet,Aves,brisbane_urban,-27.539066,153.086097,2026-01-04
Trichoglossus moluccanus,Rainbow Lorikeet,Aves,brisbane_urban,-27.363147,153.063009,2026-01-30
Trichoglossus moluccanus,Rainbow Lorikeet,Aves,brisbane_urban,-27.483676,153.114404,2026-01-11
Trichoglossus moluccanus,Rainbow Lorikeet,Aves,brisbane_urban,-27.539066,153.086097,2026-01-05
Trichoglossus moluccanus,Rainbow Lorikeet,Aves,brisbane_urban,-27.666641,152.918826,2026-01-16
Trichoglossus moluccanus,Rainbow Lorikeet,Aves,brisbane_urban,-27.363147,153.063009,2026-01-26
Trichoglossus moluccanus,Rainbow Lorikeet,Aves,brisbane_urban,-27.576048,152.850628,2026-01-30
Trichoglossus moluccanus,Rainbow Lorikeet,Aves,brisbane_urban,-27.539066,153.086097,2026-01-02
Trichoglossus moluccanus,Rainbow Lorikeet,Aves,brisbane_urban,-27.361275,153.061744,2026-01-23
Trichoglossus moluccanus,Rainbow Lorikeet,Aves,brisbane_urban,-27.601513,153.145727,2026-01-31
Trichoglossus moluccanus,Rainbow Lorikeet,Aves,brisbane_urban,-27.534083,152.814833,2026-01-03
Trichoglossus moluccanus,Rainbow Lorikeet,Aves,brisbane_urban,-27.539066,153.086097,2026-01-12
Trichoglossus moluccanus,Rainbow Lorikeet,Aves,brisbane_urban,-27.661949,152.84662,2026-01-01
Trichoglossus moluccanus,Rainbow Lorikeet,Aves,brisbane_urban,-27.382382,153.035123,2026-01-04
Trichoglossus moluccanus,Rainbow Lorikeet,Aves,brisbane_urban,-27.363147,153.063009,2026-01-14
Trichoglossus moluccanus,Rainbow Lorikeet,Aves,brisbane_urban,-27.539066,153.086097,2026-01-27
Trichoglossus moluccanus,Rainbow Lorikeet,Aves,brisbane_urban,-27.452619,152.937994,2026-01-08
Trichoglossus moluccanus,Rainbow Lorikeet,Aves,brisbane_urban,-27.363455,153.062957,2026-01-01
Trichoglossus moluccanus,Rainbow Lorikeet,Aves,brisbane_urban,-27.449111,153.115674,2026-01-24
Trichoglossus moluccanus,Rainbow Lorikeet,Aves,brisbane_urban,-27.363147,153.063009,2026-01-17
Trichoglossus moluccanus,Rainbow Lorikeet,Aves,brisbane_urban,-27.539066,153.086097,2026-01-19
Trichoglossus moluccanus,Rainbow Lorikeet,Aves,brisbane_urban,-27.421818,153.014794,2026-01-04
Trichoglossus moluccanus,Rainbow Lorikeet,Aves,brisbane_urban,-27.421818,153.014794,2026-01-02
Trichoglossus moluccanus,Rainbow Lorikeet,Aves,brisbane_urban,-27.576048,152.850628,2026-01-10
Trichoglossus moluccanus,Rainbow Lorikeet,Aves,brisbane_urban,-27.363147,153.063009,2026-01-16
Trichoglossus moluccanus,Rainbow Lorikeet,Aves,brisbane_urban,-27.534083,152.814833,2026-01-17
Trichoglossus moluccanus,Rainbow Lorikeet,Aves,brisbane_urban,-27.521454,152.889487,2026-01-25
Trichoglossus moluccanus,Rainbow Lorikeet,Aves,brisbane_urban,-27.329246,152.782613,2026-01-23
Trichoglossus moluccanus,Rainbow Lorikeet,Aves,brisbane_urban,-27.534083,152.814833,2026-01-10
Trichoglossus moluccanus,Rainbow Lorikeet,Aves,brisbane_urban,-27.524596,152.881058,2026-01-17
Trichoglossus moluccanus,Rainbow Lorikeet,Aves,brisbane_urban,-27.405091,153.167351,2026-01-30
Trichoglossus moluccanus,Rainbow Lorikeet,Aves,brisbane_urban,-27.361275,153.061744,2026-01-09
Trichoglossus moluccanus,Rainbow Lorikeet,Aves,brisbane_urban,-27.361275,153.061744,2026-01-27
Trichoglossus moluccanus,Rainbow Lorikeet,Aves,brisbane_urban,-27.329246,152.782613,2026-01-22
Trichoglossus moluccanus,Rainbow Lorikeet,Aves,brisbane_urban,-27.403181,153.165958,2026-01-30
Trichoglossus moluccanus,Rainbow Lorikeet,Aves,brisbane_urban,-27.52368,153.12339,2026-01-29
Trichoglossus moluccanus,Rainbow Lorikeet,Aves,brisbane_urban,-27.361275,153.061744,2026-01-15
Trichoglossus moluccanus,Rainbow Lorikeet,Aves,brisbane_urban,-27.523625,153.123251,2026-01-21
Trichoglossus moluccanus,Rainbow Lorikeet,Aves,brisbane_urban,-27.361275,153.061744,2026-01-21
Trichoglossus moluccanus,Rainbow Lorikeet,Aves,brisbane_urban,-27.52362,153.12329,2026-01-15
Trichoglossus moluccanus,Rainbow Lorikeet,Aves,brisbane_urban,-27.565173,153.13513,2026-01-03
Trichoglossus moluccanus,Rainbow Lorikeet,Aves,brisbane_urban,-27.483346,153.114998,2026-01-11
Trichoglossus moluccanus,Rainbow Lorikeet,Aves,brisbane_urban,-27.452619,152.937994,2026-01-23
Trichoglossus moluccanus,Rainbow Lorikeet,Aves,brisbane_urban,-27.474112,152.982753,2026-01-30
Trichoglossus moluccanus,Rainbow Lorikeet,Aves,brisbane_urban,-27.52458,152.880508,2026-01-13
Trichoglossus moluccanus,Rainbow Lorikeet,Aves,brisbane_urban,-27.363147,153.063009,2026-01-31
Trichoglossus moluccanus,Rainbow Lorikeet,Aves,brisbane_urban,-27.601513,153.145727,2026-01-03
Trichoglossus moluccanus,Rainbow Lorikeet,Aves,brisbane_urban,-27.484503,153.235692,2026-01-21
Trichoglossus moluccanus,Rainbow Lorikeet,Aves,brisbane_urban,-27.363147,153.063009,2026-01-18
Trichoglossus moluccanus,Rainbow Lorikeet,Aves,brisbane_urban,-27.363398,153.062948,2026-01-08
Trichoglossus moluccanus,Rainbow Lorikeet,Aves,brisbane_urban,-27.329246,152.782613,2026-01-21
Trichoglossus moluccanus,Rainbow Lorikeet,Aves,brisbane_urban,-27.467603,153.04075,2026-01-10
Trichoglossus moluccanus,Rainbow Lorikeet,Aves,brisbane_urban,-27.538849,152.967154,2026-01-03
Trichoglossus moluccanus,Rainbow Lorikeet,Aves,brisbane_urban,-27.421818,153.014794,2026-01-17
Trichoglossus moluccanus,Rainbow Lorikeet,Aves,brisbane_urban,-27.576048,152.850628,2026-01-21
Trichoglossus moluccanus,Rainbow Lorikeet,Aves,brisbane_urban,-27.548344,152.988785,2026-01-13
Trichoglossus moluccanus,Rainbow Lorikeet,Aves,brisbane_urban,-27.523512,152.833417,2026-01-22
Trichoglossus moluccanus,Rainbow Lorikeet,Aves,brisbane_urban,-27.421818,153.014794,2026-01-19
Trichoglossus moluccanus,Rainbow Lorikeet,Aves,brisbane_urban,-27.576048,152.850628,2026-01-07
Trichoglossus moluccanus,Rainbow Lorikeet,Aves,brisbane_urban,-27.576048,152.850628,2026-01-25
Trichoglossus moluccanus,Rainbow Lorikeet,Aves,brisbane_urban,-27.318481,153.063876,2026-01-03
Trichoglossus moluccanus,Rainbow Lorikeet,Aves,brisbane_urban,-27.363524,153.062981,2026-01-03
Trichoglossus moluccanus,Rainbow Lorikeet,Aves,brisbane_urban,-27.363147,153.063009,2026-01-25
Trichoglossus moluccanus,Rainbow Lorikeet,Aves,brisbane_urban,-27.363147,153.063009,2026-01-22
Trichoglossus moluccanus,Rainbow Lorikeet,Aves,brisbane_urban,-27.474112,152.982753,2026-01-28
Trichoglossus moluccanus,Rainbow Lorikeet,Aves,brisbane_urban,-27.361275,153.061744,2026-01-10
Trichoglossus moluccanus,Rainbow Lorikeet,Aves,brisbane_urban,-27.405481,153.167179,2026-01-30
Trichoglossus moluccanus,Rainbow Lorikeet,Aves,brisbane_urban,-27.601428,153.145914,2026-01-14
Trichoglossus moluccanus,Rainbow Lorikeet,Aves,brisbane_urban,-27.361275,153.061744,2026-01-19
Trichoglossus moluccanus,Rainbow Lorikeet,Aves,brisbane_urban,-27.363147,153.063009,2026-01-24
Trichoglossus moluccanus,Rainbow Lorikeet,Aves,brisbane_urban,-27.534083,152.814833,2026-01-24
Trichoglossus moluccanus,Rainbow Lorikeet,Aves,brisbane_urban,-27.576048,152.850628,2026-01-15
Trichoglossus moluccanus,Rainbow Lorikeet,Aves,brisbane_urban,-27.57479,153.104287,2026-02-01
Trichoglossus moluccanus,Rainbow Lorikeet,Aves,brisbane_urban,-27.492032,152.968639,2026-02-01
Trichoglossus moluccanus,Rainbow Lorikeet,Aves,brisbane_urban,-27.63532,153.241266,2026-02-01
Trichoglossus moluccanus,Rainbow Lorikeet,Aves,brisbane_urban,-27.369584,153.033598,2026-02-01
Trichoglossus moluccanus,Rainbow Lorikeet,Aves,brisbane_urban,-27.635321,153.241265,2026-02-01
Trichoglossus moluccanus,Rainbow Lorikeet,Aves,brisbane_urban,-27.389816,153.03901,2026-02-02
Trichoglossus moluccanus,Rainbow Lorikeet,Aves,brisbane_urban,-27.570648,153.106168,2026-02-01
Trichoglossus moluccanus,Rainbow Lorikeet,Aves,brisbane_urban,-27.380196,153.040809,2026-02-01
Trichoglossus moluccanus,Rainbow Lorikeet,Aves,brisbane_urban,-27.539621,153.054813,2026-02-10
Trichoglossus moluccanus,Rainbow Lorikeet,Aves,brisbane_urban,-27.504667,153.023942,2026-02-05
Trichoglossus moluccanus,Rainbow Lorikeet,Aves,brisbane_urban,-27.381324,153.039778,2026-02-05
Trichoglossus moluccanus,Rainbow Lorikeet,Aves,brisbane_urban,-27.389694,153.036734,2026-02-04
Trichoglossus moluccanus,Rainbow Lorikeet,Aves,brisbane_urban,-27.53945,153.070548,2026-02-03
Trichoglossus moluccanus,Rainbow Lorikeet,Aves,brisbane_urban,-27.539156,153.06801,2026-02-10
Trichoglossus moluccanus,Rainbow Lorikeet,Aves,brisbane_urban,-27.48449,153.040369,2026-02-03
Trichoglossus moluccanus,Rainbow Lorikeet,Aves,brisbane_urban,-27.382084,153.035432,2026-02-04
Trichoglossus moluccanus,Rainbow Lorikeet,Aves,brisbane_urban,-27.53976,153.062511,2026-02-04
Trichoglossus moluccanus,Rainbow Lorikeet,Aves,brisbane_urban,-27.389855,153.03532,2026-02-03
Trichoglossus moluccanus,Rainbow Lorikeet,Aves,brisbane_urban,-27.389726,153.035063,2026-02-03
Trichoglossus moluccanus,Rainbow Lorikeet,Aves,brisbane_urban,-27.669043,153.167307,2026-02-08
Trichoglossus moluccanus,Rainbow Lorikeet,Aves,brisbane_urban,-27.469369,153.175694,2026-02-09
Trichoglossus moluccanus,Rainbow Lorikeet,Aves,brisbane_urban,-27.602904,152.986447,2026-02-14
Trichoglossus moluccanus,Rainbow Lorikeet,Aves,brisbane_urban,-27.442285,152.93998,2026-02-14
Trichoglossus moluccanus,Rainbow Lorikeet,Aves,brisbane_urban,-27.494753,152.979649,2026-02-11
Trichoglossus moluccanus,Rainbow Lorikeet,Aves,brisbane_urban,-27.494439,153.186503,2026-02-12
Trichoglossus moluccanus,Rainbow Lorikeet,Aves,brisbane_urban,-27.407686,153.054861,2026-02-16
Trichoglossus moluccanus,Rainbow Lorikeet,Aves,brisbane_urban,-27.566161,153.098596,2026-02-17
Trichoglossus moluccanus,Rainbow Lorikeet,Aves,brisbane_urban,-27.498758,152.956461,2026-02-22
Trichoglossus moluccanus,Rainbow Lorikeet,Aves,brisbane_urban,-27.543955,152.826223,2026-02-18
Trichoglossus moluccanus,Rainbow Lorikeet,Aves,brisbane_urban,-27.385441,153.028416,2026-02-22
Trichoglossus moluccanus,Rainbow Lorikeet,Aves,brisbane_urban,-27.557595,153.260291,2026-02-19
Trichoglossus moluccanus,Rainbow Lorikeet,Aves,brisbane_urban,-27.507994,153.080821,2026-02-21
Trichoglossus moluccanus,Rainbow Lorikeet,Aves,brisbane_urban,-27.430416,152.930052,2026-02-15
Trichoglossus moluccanus,Rainbow Lorikeet,Aves,brisbane_urban,-27.566161,153.098596,2026-02-17
Trichoglossus moluccanus,Rainbow Lorikeet,Aves,brisbane_urban,-27.563481,153.093441,2026-02-19
Trichoglossus moluccanus,Rainbow Lorikeet,Aves,brisbane_urban,-27.622704,152.965598,2026-02-21
Trichoglossus moluccanus,Rainbow Lorikeet,Aves,brisbane_urban,-27.564699,153.091811,2026-02-19
Trichoglossus moluccanus,Rainbow Lorikeet,Aves,brisbane_urban,-27.610753,153.07469,2026-02-20
Trichoglossus moluccanus,Rainbow Lorikeet,Aves,brisbane_urban,-27.564699,153.091811,2026-02-19
Trichoglossus moluccanus,Rainbow Lorikeet,Aves,brisbane_urban,-27.498137,153.015705,2026-02-21
Trichoglossus moluccanus,Rainbow Lorikeet,Aves,brisbane_urban,-27.37948,153.093624,2026-02-27
Trichoglossus moluccanus,Rainbow Lorikeet,Aves,brisbane_urban,-27.413295,153.00235,2026-02-28
Trichoglossus moluccanus,Rainbow Lorikeet,Aves,brisbane_urban,-27.385431,153.031131,2026-02-23
Trichoglossus moluccanus,Rainbow Lorikeet,Aves,brisbane_urban,-27.510435,152.975744,2026-02-28
Trichoglossus moluccanus,Rainbow Lorikeet,Aves,brisbane_urban,-27.510429,152.975734,2026-02-28
Trichoglossus moluccanus,Rainbow Lorikeet,Aves,brisbane_urban,-27.412705,153.00264,2026-02-28
Trichoglossus moluccanus,Rainbow Lorikeet,Aves,brisbane_urban,-27.42363,153.168778,2026-02-25
Trichoglossus moluccanus,Rainbow Lorikeet,Aves,brisbane_urban,-27.536522,152.99086,2026-02-21
Trichoglossus moluccanus,Rainbow Lorikeet,Aves,brisbane_urban,-27.417995,152.971588,2026-02-24
Trichoglossus moluccanus,Rainbow Lorikeet,Aves,brisbane_urban,-27.52805,153.03424,2026-02-28
Trichoglossus moluccanus,Rainbow Lorikeet,Aves,brisbane_urban,-27.495199,153.015533,2026-02-20
Trichoglossus moluccanus,Rainbow Lorikeet,Aves,brisbane_urban,-27.534361,152.936966,2026-02-28
Trichoglossus moluccanus,Rainbow Lorikeet,Aves,brisbane_urban,-27.385602,153.031073,2026-02-23
Trichoglossus moluccanus,Rainbow Lorikeet,Aves,brisbane_urban,-27.509631,153.094332,2026-02-23
Trichoglossus moluccanus,Rainbow Lorikeet,Aves,brisbane_urban,-27.423832,153.166514,2026-02-06
Trichoglossus moluccanus,Rainbow Lorikeet,Aves,brisbane_urban,-27.523987,153.044433,2026-02-24
Trichoglossus moluccanus,Rainbow Lorikeet,Aves,brisbane_urban,-27.667533,152.997987,2026-02-27
Trichoglossus moluccanus,Rainbow Lorikeet,Aves,brisbane_urban,-27.539066,153.086097,2026-02-04
Trichoglossus moluccanus,Rainbow Lorikeet,Aves,brisbane_urban,-27.421818,153.014794,2026-02-24
Trichoglossus moluccanus,Rainbow Lorikeet,Aves,brisbane_urban,-27.421818,153.014794,2026-02-03
Trichoglossus moluccanus,Rainbow Lorikeet,Aves,brisbane_urban,-27.529107,152.929479,2026-02-16
Trichoglossus moluccanus,Rainbow Lorikeet,Aves,brisbane_urban,-27.539066,153.086097,2026-02-14
Trichoglossus moluccanus,Rainbow Lorikeet,Aves,brisbane_urban,-27.601513,153.145727,2026-02-28
Trichoglossus moluccanus,Rainbow Lorikeet,Aves,brisbane_urban,-27.361275,153.061744,2026-02-21
Trichoglossus moluccanus,Rainbow Lorikeet,Aves,brisbane_urban,-27.363147,153.063009,2026-02-25
Trichoglossus moluccanus,Rainbow Lorikeet,Aves,brisbane_urban,-27.434569,153.147971,2026-02-08
Trichoglossus moluccanus,Rainbow Lorikeet,Aves,brisbane_urban,-27.452619,152.937994,2026-02-03
Trichoglossus moluccanus,Rainbow Lorikeet,Aves,brisbane_urban,-27.251781,153.108874,2026-02-05
Trichoglossus moluccanus,Rainbow Lorikeet,Aves,brisbane_urban,-27.363147,153.063009,2026-02-15
Trichoglossus moluccanus,Rainbow Lorikeet,Aves,brisbane_urban,-27.421818,153.014794,2026-02-16
Trichoglossus moluccanus,Rainbow Lorikeet,Aves,brisbane_urban,-27.52246,153.12413,2026-02-10
Trichoglossus moluccanus,Rainbow Lorikeet,Aves,brisbane_urban,-27.576048,152.850628,2026-02-03
Trichoglossus moluccanus,Rainbow Lorikeet,Aves,brisbane_urban,-27.52246,153.12413,2026-02-06
Trichoglossus moluccanus,Rainbow Lorikeet,Aves,brisbane_urban,-27.52368,153.12339,2026-02-14
Trichoglossus moluccanus,Rainbow Lorikeet,Aves,brisbane_urban,-27.361275,153.061744,2026-02-28
Trichoglossus moluccanus,Rainbow Lorikeet,Aves,brisbane_urban,-27.576048,152.850628,2026-02-24
Trichoglossus moluccanus,Rainbow Lorikeet,Aves,brisbane_urban,-27.421818,153.014794,2026-02-04
Trichoglossus moluccanus,Rainbow Lorikeet,Aves,brisbane_urban,-27.361275,153.061744,2026-02-17
Trichoglossus moluccanus,Rainbow Lorikeet,Aves,brisbane_urban,-27.529107,152.929479,2026-02-18
Trichoglossus moluccanus,Rainbow Lorikeet,Aves,brisbane_urban,-27.361275,153.061744,2026-02-02
Trichoglossus moluccanus,Rainbow Lorikeet,Aves,brisbane_urban,-27.361275,153.061744,2026-02-04
Trichoglossus moluccanus,Rainbow Lorikeet,Aves,brisbane_urban,-27.361275,153.061744,2026-02-19
Trichoglossus moluccanus,Rainbow Lorikeet,Aves,brisbane_urban,-27.576048,152.850628,2026-02-22
Trichoglossus moluccanus,Rainbow Lorikeet,Aves,brisbane_urban,-27.363042,153.062535,2026-02-24
Trichoglossus moluccanus,Rainbow Lorikeet,Aves,brisbane_urban,-27.529107,152.929479,2026-02-13
Trichoglossus moluccanus,Rainbow Lorikeet,Aves,brisbane_urban,-27.666641,152.918826,2026-02-27
Trichoglossus moluccanus,Rainbow Lorikeet,Aves,brisbane_urban,-27.363147,153.063009,2026-02-20
Trichoglossus moluccanus,Rainbow Lorikeet,Aves,brisbane_urban,-27.361275,153.061744,2026-02-26
Trichoglossus moluccanus,Rainbow Lorikeet,Aves,brisbane_urban,-27.361275,153.061744,2026-02-06
Trichoglossus moluccanus,Rainbow Lorikeet,Aves,brisbane_urban,-27.461926,152.88217,2026-02-08
Trichoglossus moluccanus,Rainbow Lorikeet,Aves,brisbane_urban,-27.363147,153.063009,2026-02-16
Trichoglossus moluccanus,Rainbow Lorikeet,Aves,brisbane_urban,-27.523512,152.833417,2026-02-10
Trichoglossus moluccanus,Rainbow Lorikeet,Aves,brisbane_urban,-27.421818,153.014794,2026-02-20
Trichoglossus moluccanus,Rainbow Lorikeet,Aves,brisbane_urban,-27.363147,153.063009,2026-02-07
Trichoglossus moluccanus,Rainbow Lorikeet,Aves,brisbane_urban,-27.421818,153.014794,2026-02-09
Trichoglossus moluccanus,Rainbow Lorikeet,Aves,brisbane_urban,-27.421818,153.014794,2026-02-19
Trichoglossus moluccanus,Rainbow Lorikeet,Aves,brisbane_urban,-27.576048,152.850628,2026-02-23
Trichoglossus moluccanus,Rainbow Lorikeet,Aves,brisbane_urban,-27.601714,153.147173,2026-02-14
Trichoglossus moluccanus,Rainbow Lorikeet,Aves,brisbane_urban,-27.361275,153.061744,2026-02-24
Trichoglossus moluccanus,Rainbow Lorikeet,Aves,brisbane_urban,-27.361275,153.061744,2026-02-18
Trichoglossus moluccanus,Rainbow Lorikeet,Aves,brisbane_urban,-27.576048,152.850628,2026-02-18
Trichoglossus moluccanus,Rainbow Lorikeet,Aves,brisbane_urban,-27.564621,152.906121,2026-02-25
Trichoglossus moluccanus,Rainbow Lorikeet,Aves,brisbane_urban,-27.363147,153.063009,2026-02-08
Trichoglossus moluccanus,Rainbow Lorikeet,Aves,brisbane_urban,-27.363147,153.063009,2026-02-13
Trichoglossus moluccanus,Rainbow Lorikeet,Aves,brisbane_urban,-27.534083,152.814833,2026-02-14
Trichoglossus moluccanus,Rainbow Lorikeet,Aves,brisbane_urban,-27.423806,152.996083,2026-02-21
Trichoglossus moluccanus,Rainbow Lorikeet,Aves,brisbane_urban,-27.363147,153.063009,2026-02-09
Trichoglossus moluccanus,Rainbow Lorikeet,Aves,brisbane_urban,-27.363147,153.063009,2026-02-03
Trichoglossus moluccanus,Rainbow Lorikeet,Aves,brisbane_urban,-27.539066,153.086097,2026-02-03
Trichoglossus moluccanus,Rainbow Lorikeet,Aves,brisbane_urban,-27.658652,153.162085,2026-02-21
Trichoglossus moluccanus,Rainbow Lorikeet,Aves,brisbane_urban,-27.576048,152.850628,2026-02-05
Trichoglossus moluccanus,Rainbow Lorikeet,Aves,brisbane_urban,-27.534083,152.814833,2026-02-07
Trichoglossus moluccanus,Rainbow Lorikeet,Aves,brisbane_urban,-27.576048,152.850628,2026-02-16
Trichoglossus moluccanus,Rainbow Lorikeet,Aves,brisbane_urban,-27.534977,152.993872,2026-02-22
Trichoglossus moluccanus,Rainbow Lorikeet,Aves,brisbane_urban,-27.474112,152.982753,2026-02-20
Trichoglossus moluccanus,Rainbow Lorikeet,Aves,brisbane_urban,-27.52357,153.1233,2026-02-17
Trichoglossus moluccanus,Rainbow Lorikeet,Aves,brisbane_urban,-27.539066,153.086097,2026-02-21
Trichoglossus moluccanus,Rainbow Lorikeet,Aves,brisbane_urban,-27.534083,152.814833,2026-02-21
Trichoglossus moluccanus,Rainbow Lorikeet,Aves,brisbane_urban,-27.529107,152.929479,2026-02-20
Trichoglossus moluccanus,Rainbow Lorikeet,Aves,brisbane_urban,-27.361275,153.061744,2026-02-12
Trichoglossus moluccanus,Rainbow Lorikeet,Aves,brisbane_urban,-27.465499,153.022365,2026-03-04
Trichoglossus moluccanus,Rainbow Lorikeet,Aves,brisbane_urban,-27.47636,152.979007,2026-03-03
Trichoglossus moluccanus,Rainbow Lorikeet,Aves,brisbane_urban,-27.466574,153.022605,2026-03-02
Trichoglossus moluccanus,Rainbow Lorikeet,Aves,brisbane_urban,-27.479748,152.971965,2026-03-03
Trichoglossus moluccanus,Rainbow Lorikeet,Aves,brisbane_urban,-27.46485,153.020574,2026-03-01
Trichoglossus moluccanus,Rainbow Lorikeet,Aves,brisbane_urban,-27.475768,153.021641,2026-03-02
Trichoglossus moluccanus,Rainbow Lorikeet,Aves,brisbane_urban,-27.475773,152.978079,2026-03-03
Trichoglossus moluccanus,Rainbow Lorikeet,Aves,brisbane_urban,-27.344447,153.099172,2026-03-01
Trichoglossus moluccanus,Rainbow Lorikeet,Aves,brisbane_urban,-27.453888,153.023256,2026-03-02
Trichoglossus moluccanus,Rainbow Lorikeet,Aves,brisbane_urban,-27.379972,153.040966,2026-03-14
Trichoglossus moluccanus,Rainbow Lorikeet,Aves,brisbane_urban,-27.380892,153.037988,2026-03-13
Trichoglossus moluccanus,Rainbow Lorikeet,Aves,brisbane_urban,-27.43638,153.057047,2026-03-04
Trichoglossus moluccanus,Rainbow Lorikeet,Aves,brisbane_urban,-27.398678,152.783927,2026-03-07
Trichoglossus moluccanus,Rainbow Lorikeet,Aves,brisbane_urban,-27.494661,153.016163,2026-03-06
Trichoglossus moluccanus,Rainbow Lorikeet,Aves,brisbane_urban,-27.519147,153.096623,2026-03-11
Trichoglossus moluccanus,Rainbow Lorikeet,Aves,brisbane_urban,-27.473276,153.0289,2026-03-02
Trichoglossus moluccanus,Rainbow Lorikeet,Aves,brisbane_urban,-27.380082,153.040742,2026-03-14
Trichoglossus moluccanus,Rainbow Lorikeet,Aves,brisbane_urban,-27.47952,152.938397,2026-03-13
Trichoglossus moluccanus,Rainbow Lorikeet,Aves,brisbane_urban,-27.389139,153.035132,2026-03-04
Trichoglossus moluccanus,Rainbow Lorikeet,Aves,brisbane_urban,-27.498058,153.015751,2026-03-04
Trichoglossus moluccanus,Rainbow Lorikeet,Aves,brisbane_urban,-27.653991,153.205327,2026-03-06
Trichoglossus moluccanus,Rainbow Lorikeet,Aves,brisbane_urban,-27.409652,152.960083,2026-03-10
Trichoglossus moluccanus,Rainbow Lorikeet,Aves,brisbane_urban,-27.488903,153.134048,2026-03-16
Trichoglossus moluccanus,Rainbow Lorikeet,Aves,brisbane_urban,-27.379818,153.041349,2026-03-14
Trichoglossus moluccanus,Rainbow Lorikeet,Aves,brisbane_urban,-27.497948,153.010182,2026-03-02
Trichoglossus moluccanus,Rainbow Lorikeet,Aves,brisbane_urban,-27.382762,153.043992,2026-03-14
Trichoglossus moluccanus,Rainbow Lorikeet,Aves,brisbane_urban,-27.452805,153.021872,2026-03-21
Trichoglossus moluccanus,Rainbow Lorikeet,Aves,brisbane_urban,-27.50872,152.930566,2026-03-18
Trichoglossus moluccanus,Rainbow Lorikeet,Aves,brisbane_urban,-27.574579,153.103064,2026-03-12
Trichoglossus moluccanus,Rainbow Lorikeet,Aves,brisbane_urban,-27.566078,153.091211,2026-03-29
Trichoglossus moluccanus,Rainbow Lorikeet,Aves,brisbane_urban,-27.493287,153.075561,2026-03-25
Trichoglossus moluccanus,Rainbow Lorikeet,Aves,brisbane_urban,-27.625025,153.158432,2026-03-28
Trichoglossus moluccanus,Rainbow Lorikeet,Aves,brisbane_urban,-27.443242,152.962456,2026-03-18
Trichoglossus moluccanus,Rainbow Lorikeet,Aves,brisbane_urban,-27.564651,153.098644,2026-03-26
Trichoglossus moluccanus,Rainbow Lorikeet,Aves,brisbane_urban,-27.564926,153.091724,2026-03-14
Trichoglossus moluccanus,Rainbow Lorikeet,Aves,brisbane_urban,-27.563519,153.098472,2026-03-18
Trichoglossus moluccanus,Rainbow Lorikeet,Aves,brisbane_urban,-27.574579,153.103064,2026-03-12
Trichoglossus moluccanus,Rainbow Lorikeet,Aves,brisbane_urban,-27.569529,153.105976,2026-03-12
Trichoglossus moluccanus,Rainbow Lorikeet,Aves,brisbane_urban,-27.411145,152.921084,2026-03-26
Trichoglossus moluccanus,Rainbow Lorikeet,Aves,brisbane_urban,-27.607387,153.175559,2026-03-06
Trichoglossus moluccanus,Rainbow Lorikeet,Aves,brisbane_urban,-27.568321,153.090941,2026-03-18
Trichoglossus moluccanus,Rainbow Lorikeet,Aves,brisbane_urban,-27.562995,153.095103,2026-03-29
Trichoglossus moluccanus,Rainbow Lorikeet,Aves,brisbane_urban,-27.567934,153.090589,2026-03-29
Trichoglossus moluccanus,Rainbow Lorikeet,Aves,brisbane_urban,-27.381945,152.841491,2026-03-21
Trichoglossus moluccanus,Rainbow Lorikeet,Aves,brisbane_urban,-27.446765,152.92157,2026-03-26
Trichoglossus moluccanus,Rainbow Lorikeet,Aves,brisbane_urban,-27.573435,152.837225,2026-03-21
Trichoglossus moluccanus,Rainbow Lorikeet,Aves,brisbane_urban,-27.513793,153.083313,2026-03-21
Trichoglossus moluccanus,Rainbow Lorikeet,Aves,brisbane_urban,-27.453471,153.192022,2026-03-24
Trichoglossus moluccanus,Rainbow Lorikeet,Aves,brisbane_urban,-27.517503,153.007186,2026-03-23
Trichoglossus moluccanus,Rainbow Lorikeet,Aves,brisbane_urban,-27.574577,153.103254,2026-03-20
Trichoglossus moluccanus,Rainbow Lorikeet,Aves,brisbane_urban,-27.391052,153.169537,2026-03-22
Trichoglossus moluccanus,Rainbow Lorikeet,Aves,brisbane_urban,-27.376317,153.039245,2026-03-23
Trichoglossus moluccanus,Rainbow Lorikeet,Aves,brisbane_urban,-27.497381,153.011238,2026-03-19
Trichoglossus moluccanus,Rainbow Lorikeet,Aves,brisbane_urban,-27.376823,153.038945,2026-03-28
Trichoglossus moluccanus,Rainbow Lorikeet,Aves,brisbane_urban,-27.564795,153.092162,2026-03-22
Trichoglossus moluccanus,Rainbow Lorikeet,Aves,brisbane_urban,-27.377394,153.041902,2026-03-27
Trichoglossus moluccanus,Rainbow Lorikeet,Aves,brisbane_urban,-27.508567,152.929886,2026-03-20
Trichoglossus moluccanus,Rainbow Lorikeet,Aves,brisbane_urban,-27.412572,153.019144,2026-03-20
Trichoglossus moluccanus,Rainbow Lorikeet,Aves,brisbane_urban,-27.469483,153.121061,2026-03-29
Trichoglossus moluccanus,Rainbow Lorikeet,Aves,brisbane_urban,-27.470517,153.04512,2026-03-23
Trichoglossus moluccanus,Rainbow Lorikeet,Aves,brisbane_urban,-27.463503,153.029191,2026-03-25
Trichoglossus moluccanus,Rainbow Lorikeet,Aves,brisbane_urban,-27.476131,152.965587,2026-03-22
Trichoglossus moluccanus,Rainbow Lorikeet,Aves,brisbane_urban,-27.568237,153.091338,2026-03-20
Trichoglossus moluccanus,Rainbow Lorikeet,Aves,brisbane_urban,-27.563519,153.098472,2026-03-18
Trichoglossus moluccanus,Rainbow Lorikeet,Aves,brisbane_urban,-27.498752,152.956478,2026-03-15
Trichoglossus moluccanus,Rainbow Lorikeet,Aves,brisbane_urban,-27.469132,153.124052,2026-03-20
Trichoglossus moluccanus,Rainbow Lorikeet,Aves,brisbane_urban,-27.455262,153.017741,2026-03-21
Trichoglossus moluccanus,Rainbow Lorikeet,Aves,brisbane_urban,-27.566959,153.091811,2026-03-26
Trichoglossus moluccanus,Rainbow Lorikeet,Aves,brisbane_urban,-27.566189,153.091347,2026-03-20
Trichoglossus moluccanus,Rainbow Lorikeet,Aves,brisbane_urban,-27.534335,152.9659,2026-03-29
Trichoglossus moluccanus,Rainbow Lorikeet,Aves,brisbane_urban,-27.668516,153.109954,2026-03-30
Trichoglossus moluccanus,Rainbow Lorikeet,Aves,brisbane_urban,-27.507193,153.081394,2026-03-29
Trichoglossus moluccanus,Rainbow Lorikeet,Aves,brisbane_urban,-27.376908,153.038808,2026-03-23
Trichoglossus moluccanus,Rainbow Lorikeet,Aves,brisbane_urban,-27.607398,153.175592,2026-03-06
Trichoglossus moluccanus,Rainbow Lorikeet,Aves,brisbane_urban,-27.467105,153.10202,2026-03-30
Trichoglossus moluccanus,Rainbow Lorikeet,Aves,brisbane_urban,-27.391189,153.169689,2026-03-22
Trichoglossus moluccanus,Rainbow Lorikeet,Aves,brisbane_urban,-27.489067,152.991753,2026-03-24
Trichoglossus moluccanus,Rainbow Lorikeet,Aves,brisbane_urban,-27.563079,153.095158,2026-03-25
Trichoglossus moluccanus,Rainbow Lorikeet,Aves,brisbane_urban,-27.415937,153.058383,2026-03-24
Trichoglossus moluccanus,Rainbow Lorikeet,Aves,brisbane_urban,-27.38213,153.036033,2026-03-29
Trichoglossus moluccanus,Rainbow Lorikeet,Aves,brisbane_urban,-27.413602,152.846723,2026-03-31
Trichoglossus moluccanus,Rainbow Lorikeet,Aves,brisbane_urban,-27.49767,153.012866,2026-03-24
Trichoglossus moluccanus,Rainbow Lorikeet,Aves,brisbane_urban,-27.409383,153.058403,2026-03-28
Trichoglossus moluccanus,Rainbow Lorikeet,Aves,brisbane_urban,-27.486683,153.133711,2026-03-23
Trichoglossus moluccanus,Rainbow Lorikeet,Aves,brisbane_urban,-27.493839,153.218277,2026-03-17
Trichoglossus moluccanus,Rainbow Lorikeet,Aves,brisbane_urban,-27.535078,152.969314,2026-03-29
Trichoglossus moluccanus,Rainbow Lorikeet,Aves,brisbane_urban,-27.534955,152.934112,2026-03-01
Trichoglossus moluccanus,Rainbow Lorikeet,Aves,brisbane_urban,-27.497609,153.012354,2026-03-31
Trichoglossus moluccanus,Rainbow Lorikeet,Aves,brisbane_urban,-27.49563,152.999577,2026-03-18
Trichoglossus moluccanus,Rainbow Lorikeet,Aves,brisbane_urban,-27.503593,153.089447,2026-03-22
Trichoglossus moluccanus,Rainbow Lorikeet,Aves,brisbane_urban,-27.634835,152.992773,2026-03-01
Trichoglossus moluccanus,Rainbow Lorikeet,Aves,brisbane_urban,-27.543137,153.06955,2026-03-24
Trichoglossus moluccanus,Rainbow Lorikeet,Aves,brisbane_urban,-27.363147,153.063009,2026-03-22
Trichoglossus moluccanus,Rainbow Lorikeet,Aves,brisbane_urban,-27.422257,153.169318,2026-03-22
Trichoglossus moluccanus,Rainbow Lorikeet,Aves,brisbane_urban,-27.64343,152.83705,2026-03-23
Trichoglossus moluccanus,Rainbow Lorikeet,Aves,brisbane_urban,-27.601513,153.145727,2026-03-28
Trichoglossus moluccanus,Rainbow Lorikeet,Aves,brisbane_urban,-27.552308,152.929763,2026-03-21
Trichoglossus moluccanus,Rainbow Lorikeet,Aves,brisbane_urban,-27.421818,153.014794,2026-03-08
Trichoglossus moluccanus,Rainbow Lorikeet,Aves,brisbane_urban,-27.601428,153.145914,2026-03-28
Trichoglossus moluccanus,Rainbow Lorikeet,Aves,brisbane_urban,-27.474112,152.982753,2026-03-03
Trichoglossus moluccanus,Rainbow Lorikeet,Aves,brisbane_urban,-27.572494,152.990092,2026-03-30
Trichoglossus moluccanus,Rainbow Lorikeet,Aves,brisbane_urban,-27.438971,153.174942,2026-03-10
Trichoglossus moluccanus,Rainbow Lorikeet,Aves,brisbane_urban,-27.576048,152.850628,2026-03-31
Trichoglossus moluccanus,Rainbow Lorikeet,Aves,brisbane_urban,-27.586022,152.991035,2026-03-30
Trichoglossus moluccanus,Rainbow Lorikeet,Aves,brisbane_urban,-27.580398,152.991886,2026-03-30
Trichoglossus moluccanus,Rainbow Lorikeet,Aves,brisbane_urban,-27.507353,152.930758,2026-03-06
Trichoglossus moluccanus,Rainbow Lorikeet,Aves,brisbane_urban,-27.661949,152.84662,2026-03-01
Trichoglossus moluccanus,Rainbow Lorikeet,Aves,brisbane_urban,-27.363147,153.063009,2026-03-02
Trichoglossus moluccanus,Rainbow Lorikeet,Aves,brisbane_urban,-27.601045,153.143816,2026-03-30
Trichoglossus moluccanus,Rainbow Lorikeet,Aves,brisbane_urban,-27.361275,153.061744,2026-03-07
Trichoglossus moluccanus,Rainbow Lorikeet,Aves,brisbane_urban,-27.507921,152.856199,2026-03-29
Trichoglossus moluccanus,Rainbow Lorikeet,Aves,brisbane_urban,-27.363147,153.063009,2026-03-31
Trichoglossus moluccanus,Rainbow Lorikeet,Aves,brisbane_urban,-27.361275,153.061744,2026-03-24
Trichoglossus moluccanus,Rainbow Lorikeet,Aves,brisbane_urban,-27.363147,153.063009,2026-03-13
Trichoglossus moluccanus,Rainbow Lorikeet,Aves,brisbane_urban,-27.361275,153.061744,2026-03-01
Trichoglossus moluccanus,Rainbow Lorikeet,Aves,brisbane_urban,-27.361275,153.061744,2026-03-28
Trichoglossus moluccanus,Rainbow Lorikeet,Aves,brisbane_urban,-27.363147,153.063009,2026-03-21
Trichoglossus moluccanus,Rainbow Lorikeet,Aves,brisbane_urban,-27.571374,152.987832,2026-03-30
Trichoglossus moluccanus,Rainbow Lorikeet,Aves,brisbane_urban,-27.539066,153.086097,2026-03-15
Trichoglossus moluccanus,Rainbow Lorikeet,Aves,brisbane_urban,-27.361275,153.061744,2026-03-03
Trichoglossus moluccanus,Rainbow Lorikeet,Aves,brisbane_urban,-27.363147,153.063009,2026-03-27
Trichoglossus moluccanus,Rainbow Lorikeet,Aves,brisbane_urban,-27.363147,153.063009,2026-03-11
Trichoglossus moluccanus,Rainbow Lorikeet,Aves,brisbane_urban,-27.361275,153.061744,2026-03-17
Trichoglossus moluccanus,Rainbow Lorikeet,Aves,brisbane_urban,-27.319895,153.06822,2026-03-24
Trichoglossus moluccanus,Rainbow Lorikeet,Aves,brisbane_urban,-27.523512,152.833417,2026-03-17
Trichoglossus moluccanus,Rainbow Lorikeet,Aves,brisbane_urban,-27.363147,153.063009,2026-03-15
Trichoglossus moluccanus,Rainbow Lorikeet,Aves,brisbane_urban,-27.361275,153.061744,2026-03-05
Trichoglossus moluccanus,Rainbow Lorikeet,Aves,brisbane_urban,-27.539066,153.086097,2026-03-29
Trichoglossus moluccanus,Rainbow Lorikeet,Aves,brisbane_urban,-27.363147,153.063009,2026-03-29
Trichoglossus moluccanus,Rainbow Lorikeet,Aves,brisbane_urban,-27.363147,153.063009,2026-03-10
Trichoglossus moluccanus,Rainbow Lorikeet,Aves,brisbane_urban,-27.534083,152.814833,2026-03-21
Trichoglossus moluccanus,Rainbow Lorikeet,Aves,brisbane_urban,-27.426358,153.169404,2026-03-22
Trichoglossus moluccanus,Rainbow Lorikeet,Aves,brisbane_urban,-27.666641,152.918826,2026-03-27
Trichoglossus moluccanus,Rainbow Lorikeet,Aves,brisbane_urban,-27.363147,153.063009,2026-03-16
Trichoglossus moluccanus,Rainbow Lorikeet,Aves,brisbane_urban,-27.579891,152.992731,2026-03-30
Trichoglossus moluccanus,Rainbow Lorikeet,Aves,brisbane_urban,-27.361275,153.061744,2026-03-26
Trichoglossus moluccanus,Rainbow Lorikeet,Aves,brisbane_urban,-27.53801,152.95582,2026-03-04
Trichoglossus moluccanus,Rainbow Lorikeet,Aves,brisbane_urban,-27.577978,152.995436,2026-03-30
Trichoglossus moluccanus,Rainbow Lorikeet,Aves,brisbane_urban,-27.520286,152.825344,2026-03-08
Trichoglossus moluccanus,Rainbow Lorikeet,Aves,brisbane_urban,-27.534083,152.814833,2026-03-14
Trichoglossus moluccanus,Rainbow Lorikeet,Aves,brisbane_urban,-27.382382,153.035123,2026-03-22
Trichoglossus moluccanus,Rainbow Lorikeet,Aves,brisbane_urban,-27.576048,152.850628,2026-03-08
Trichoglossus moluccanus,Rainbow Lorikeet,Aves,brisbane_urban,-27.421818,153.014794,2026-03-01
Trichoglossus moluccanus,Rainbow Lorikeet,Aves,brisbane_urban,-27.361275,153.061744,2026-03-04
Trichoglossus moluccanus,Rainbow Lorikeet,Aves,brisbane_urban,-27.583097,152.990777,2026-03-30
Trichoglossus moluccanus,Rainbow Lorikeet,Aves,brisbane_urban,-27.539066,153.086097,2026-03-02
Trichoglossus moluccanus,Rainbow Lorikeet,Aves,brisbane_urban,-27.361275,153.061744,2026-03-25
Trichoglossus moluccanus,Rainbow Lorikeet,Aves,brisbane_urban,-27.539066,153.086097,2026-03-22
Trichoglossus moluccanus,Rainbow Lorikeet,Aves,brisbane_urban,-27.482957,153.115076,2026-03-01
Trichoglossus moluccanus,Rainbow Lorikeet,Aves,brisbane_urban,-27.541774,152.995089,2026-03-04
Trichoglossus moluccanus,Rainbow Lorikeet,Aves,brisbane_urban,-27.421818,153.014794,2026-03-28
Trichoglossus moluccanus,Rainbow Lorikeet,Aves,brisbane_urban,-27.573957,152.990666,2026-03-30
Trichoglossus moluccanus,Rainbow Lorikeet,Aves,brisbane_urban,-27.534083,152.814833,2026-03-07
Trichoglossus moluccanus,Rainbow Lorikeet,Aves,brisbane_urban,-27.38158,153.03649,2026-03-22
Trichoglossus moluccanus,Rainbow Lorikeet,Aves,brisbane_urban,-27.521772,153.247045,2026-03-14
Trichoglossus moluccanus,Rainbow Lorikeet,Aves,brisbane_urban,-27.361275,153.061744,2026-03-19
Trichoglossus moluccanus,Rainbow Lorikeet,Aves,brisbane_urban,-27.361275,153.061744,2026-03-14
Trichoglossus moluccanus,Rainbow Lorikeet,Aves,brisbane_urban,-27.363147,153.063009,2026-03-20
Trichoglossus moluccanus,Rainbow Lorikeet,Aves,brisbane_urban,-27.363147,153.063009,2026-03-30
Trichoglossus moluccanus,Rainbow Lorikeet,Aves,brisbane_urban,-27.52308,153.1221,2026-03-23
Trichoglossus moluccanus,Rainbow Lorikeet,Aves,brisbane_urban,-27.421818,153.014794,2026-03-13
Trichoglossus moluccanus,Rainbow Lorikeet,Aves,brisbane_urban,-27.38447,152.964005,2026-03-27
Trichoglossus moluccanus,Rainbow Lorikeet,Aves,brisbane_urban,-27.382382,153.035123,2026-03-09
Trichoglossus moluccanus,Rainbow Lorikeet,Aves,brisbane_urban,-27.363147,153.063009,2026-03-23
Trichoglossus moluccanus,Rainbow Lorikeet,Aves,brisbane_urban,-27.399521,152.883935,2026-03-28
Trichoglossus moluccanus,Rainbow Lorikeet,Aves,brisbane_urban,-27.52357,153.1233,2026-03-16
Trichoglossus moluccanus,Rainbow Lorikeet,Aves,brisbane_urban,-27.421818,153.014794,2026-03-16
Trichoglossus moluccanus,Rainbow Lorikeet,Aves,brisbane_urban,-27.576048,152.850628,2026-03-10
Trichoglossus moluccanus,Rainbow Lorikeet,Aves,brisbane_urban,-27.60208,153.148353,2026-03-28
Trichoglossus moluccanus,Rainbow Lorikeet,Aves,brisbane_urban,-27.363147,153.063009,2026-03-12
Trichoglossus moluccanus,Rainbow Lorikeet,Aves,brisbane_urban,-27.426784,153.168998,2026-03-29
Trichoglossus moluccanus,Rainbow Lorikeet,Aves,brisbane_urban,-27.564315,153.092271,2026-04-01
Trichoglossus moluccanus,Rainbow Lorikeet,Aves,brisbane_urban,-27.554967,153.135086,2026-04-01
Trichoglossus moluccanus,Rainbow Lorikeet,Aves,brisbane_urban,-27.382524,153.036216,2026-04-05
Trichoglossus moluccanus,Rainbow Lorikeet,Aves,brisbane_urban,-27.499213,153.013122,2026-04-02
Trichoglossus moluccanus,Rainbow Lorikeet,Aves,brisbane_urban,-27.497408,153.012828,2026-04-02
Trichoglossus moluccanus,Rainbow Lorikeet,Aves,brisbane_urban,-27.448168,153.024796,2026-04-01
Trichoglossus moluccanus,Rainbow Lorikeet,Aves,brisbane_urban,-27.380074,153.040908,2026-04-01
Trichoglossus moluccanus,Rainbow Lorikeet,Aves,brisbane_urban,-27.572441,153.075583,2026-04-02
Trichoglossus moluccanus,Rainbow Lorikeet,Aves,brisbane_urban,-27.380558,153.049792,2026-04-09
Trichoglossus moluccanus,Rainbow Lorikeet,Aves,brisbane_urban,-27.519926,153.023714,2026-04-08
Trichoglossus moluccanus,Rainbow Lorikeet,Aves,brisbane_urban,-27.369359,153.032166,2026-04-13
Trichoglossus moluccanus,Rainbow Lorikeet,Aves,brisbane_urban,-27.473565,153.115775,2026-04-10
Trichoglossus moluccanus,Rainbow Lorikeet,Aves,brisbane_urban,-27.380148,153.045362,2026-04-11
Trichoglossus moluccanus,Rainbow Lorikeet,Aves,brisbane_urban,-27.509823,152.932639,2026-04-07
Trichoglossus moluccanus,Rainbow Lorikeet,Aves,brisbane_urban,-27.372988,153.040134,2026-04-13
Trichoglossus moluccanus,Rainbow Lorikeet,Aves,brisbane_urban,-27.369024,153.040782,2026-04-07
Trichoglossus moluccanus,Rainbow Lorikeet,Aves,brisbane_urban,-27.490917,153.037095,2026-04-14
Trichoglossus moluccanus,Rainbow Lorikeet,Aves,brisbane_urban,-27.455018,153.100598,2026-04-06
Trichoglossus moluccanus,Rainbow Lorikeet,Aves,brisbane_urban,-27.467612,153.122934,2026-04-08
Trichoglossus moluccanus,Rainbow Lorikeet,Aves,brisbane_urban,-27.380122,153.045381,2026-04-09
Trichoglossus moluccanus,Rainbow Lorikeet,Aves,brisbane_urban,-27.572912,153.048233,2026-04-13
Trichoglossus moluccanus,Rainbow Lorikeet,Aves,brisbane_urban,-27.380162,153.04072,2026-04-09
Trichoglossus moluccanus,Rainbow Lorikeet,Aves,brisbane_urban,-27.370086,153.041984,2026-04-07
Trichoglossus moluccanus,Rainbow Lorikeet,Aves,brisbane_urban,-27.621837,152.963675,2026-04-07
Trichoglossus moluccanus,Rainbow Lorikeet,Aves,brisbane_urban,-27.379918,153.041149,2026-04-10
Trichoglossus moluccanus,Rainbow Lorikeet,Aves,brisbane_urban,-27.369446,153.04165,2026-04-07
Trichoglossus moluccanus,Rainbow Lorikeet,Aves,brisbane_urban,-27.36912,153.042217,2026-04-07
Trichoglossus moluccanus,Rainbow Lorikeet,Aves,brisbane_urban,-27.534947,152.9693,2026-04-03
Trichoglossus moluccanus,Rainbow Lorikeet,Aves,brisbane_urban,-27.566495,153.090895,2026-04-05
Trichoglossus moluccanus,Rainbow Lorikeet,Aves,brisbane_urban,-27.638012,153.131543,2026-04-10
Trichoglossus moluccanus,Rainbow Lorikeet,Aves,brisbane_urban,-27.531837,153.035568,2026-04-07
Trichoglossus moluccanus,Rainbow Lorikeet,Aves,brisbane_urban,-27.37956,153.045696,2026-04-09
Trichoglossus moluccanus,Rainbow Lorikeet,Aves,brisbane_urban,-27.441033,153.017464,2026-04-08
Trichoglossus moluccanus,Rainbow Lorikeet,Aves,brisbane_urban,-27.510382,153.052903,2026-04-05
Trichoglossus moluccanus,Rainbow Lorikeet,Aves,brisbane_urban,-27.56464,153.096347,2026-04-07
Trichoglossus moluccanus,Rainbow Lorikeet,Aves,brisbane_urban,-27.377401,153.041913,2026-04-26
Trichoglossus moluccanus,Rainbow Lorikeet,Aves,brisbane_urban,-27.380102,153.040849,2026-04-15
Trichoglossus moluccanus,Rainbow Lorikeet,Aves,brisbane_urban,-27.564303,153.092741,2026-04-22
Trichoglossus moluccanus,Rainbow Lorikeet,Aves,brisbane_urban,-27.440797,153.013428,2026-04-25
Trichoglossus moluccanus,Rainbow Lorikeet,Aves,brisbane_urban,-27.567901,153.090991,2026-04-22
Trichoglossus moluccanus,Rainbow Lorikeet,Aves,brisbane_urban,-27.500218,153.017637,2026-04-24
Trichoglossus moluccanus,Rainbow Lorikeet,Aves,brisbane_urban,-27.669081,153.136195,2026-04-15
Trichoglossus moluccanus,Rainbow Lorikeet,Aves,brisbane_urban,-27.379491,153.035775,2026-04-15
Trichoglossus moluccanus,Rainbow Lorikeet,Aves,brisbane_urban,-27.385709,153.030853,2026-04-20
Trichoglossus moluccanus,Rainbow Lorikeet,Aves,brisbane_urban,-27.496991,153.016442,2026-04-27
Trichoglossus moluccanus,Rainbow Lorikeet,Aves,brisbane_urban,-27.376089,153.036982,2026-04-15
Trichoglossus moluccanus,Rainbow Lorikeet,Aves,brisbane_urban,-27.581163,153.071425,2026-04-19
Trichoglossus moluccanus,Rainbow Lorikeet,Aves,brisbane_urban,-27.379178,153.041963,2026-04-16
Trichoglossus moluccanus,Rainbow Lorikeet,Aves,brisbane_urban,-27.397099,153.178186,2026-04-11
Trichoglossus moluccanus,Rainbow Lorikeet,Aves,brisbane_urban,-27.563014,153.095168,2026-04-15
Trichoglossus moluccanus,Rainbow Lorikeet,Aves,brisbane_urban,-27.507142,153.069748,2026-04-12
Trichoglossus moluccanus,Rainbow Lorikeet,Aves,brisbane_urban,-27.392838,152.965064,2026-04-26
Trichoglossus moluccanus,Rainbow Lorikeet,Aves,brisbane_urban,-27.484421,153.11476,2026-04-24
Trichoglossus moluccanus,Rainbow Lorikeet,Aves,brisbane_urban,-27.377397,153.041916,2026-04-17
Trichoglossus moluccanus,Rainbow Lorikeet,Aves,brisbane_urban,-27.446038,153.183542,2026-04-18
Trichoglossus moluccanus,Rainbow Lorikeet,Aves,brisbane_urban,-27.479271,152.87406,2026-04-14
Trichoglossus moluccanus,Rainbow Lorikeet,Aves,brisbane_urban,-27.460907,153.098058,2026-04-24
Trichoglossus moluccanus,Rainbow Lorikeet,Aves,brisbane_urban,-27.376855,153.042218,2026-04-25
Trichoglossus moluccanus,Rainbow Lorikeet,Aves,brisbane_urban,-27.474204,153.020064,2026-04-13
Trichoglossus moluccanus,Rainbow Lorikeet,Aves,brisbane_urban,-27.484421,153.11476,2026-04-24
Trichoglossus moluccanus,Rainbow Lorikeet,Aves,brisbane_urban,-27.376228,153.037758,2026-04-15
Dacelo novaeguineae,Laughing Kookaburra,Aves,brisbane_urban,-27.53424,153.124955,2026-01-03
Dacelo novaeguineae,Laughing Kookaburra,Aves,brisbane_urban,-27.379813,153.064956,2026-01-05
Dacelo novaeguineae,Laughing Kookaburra,Aves,brisbane_urban,-27.376724,153.041173,2026-01-01
Dacelo novaeguineae,Laughing Kookaburra,Aves,brisbane_urban,-27.376678,153.040976,2026-01-01
Dacelo novaeguineae,Laughing Kookaburra,Aves,brisbane_urban,-27.339414,153.079855,2026-01-03
Dacelo novaeguineae,Laughing Kookaburra,Aves,brisbane_urban,-27.446765,152.92157,2026-01-04
Dacelo novaeguineae,Laughing Kookaburra,Aves,brisbane_urban,-27.432767,152.999878,2026-01-01
Dacelo novaeguineae,Laughing Kookaburra,Aves,brisbane_urban,-27.542797,153.072617,2026-01-04
Dacelo novaeguineae,Laughing Kookaburra,Aves,brisbane_urban,-27.376766,153.041513,2026-01-02
Dacelo novaeguineae,Laughing Kookaburra,Aves,brisbane_urban,-27.374587,153.027497,2026-01-01
Dacelo novaeguineae,Laughing Kookaburra,Aves,brisbane_urban,-27.497827,153.014829,2026-01-05
Dacelo novaeguineae,Laughing Kookaburra,Aves,brisbane_urban,-27.3784,153.04045,2026-01-05
Dacelo novaeguineae,Laughing Kookaburra,Aves,brisbane_urban,-27.339189,153.079448,2026-01-03
Dacelo novaeguineae,Laughing Kookaburra,Aves,brisbane_urban,-27.379448,153.031973,2026-01-02
Dacelo novaeguineae,Laughing Kookaburra,Aves,brisbane_urban,-27.534763,153.1277,2026-01-03
Dacelo novaeguineae,Laughing Kookaburra,Aves,brisbane_urban,-27.5432,153.072511,2026-01-02
Dacelo novaeguineae,Laughing Kookaburra,Aves,brisbane_urban,-27.442285,152.93998,2026-01-03
Dacelo novaeguineae,Laughing Kookaburra,Aves,brisbane_urban,-27.447959,152.948593,2026-01-03
Dacelo novaeguineae,Laughing Kookaburra,Aves,brisbane_urban,-27.380007,153.064933,2026-01-05
Dacelo novaeguineae,Laughing Kookaburra,Aves,brisbane_urban,-27.379883,153.042218,2026-01-05
Dacelo novaeguineae,Laughing Kookaburra,Aves,brisbane_urban,-27.383419,153.055739,2026-01-05
Dacelo novaeguineae,Laughing Kookaburra,Aves,brisbane_urban,-27.568064,153.091241,2026-01-03
Dacelo novaeguineae,Laughing Kookaburra,Aves,brisbane_urban,-27.654694,152.900303,2026-01-01
Dacelo novaeguineae,Laughing Kookaburra,Aves,brisbane_urban,-27.379457,153.042083,2026-01-01
Dacelo novaeguineae,Laughing Kookaburra,Aves,brisbane_urban,-27.541764,152.959725,2026-01-12
Dacelo novaeguineae,Laughing Kookaburra,Aves,brisbane_urban,-27.378827,153.036631,2026-01-12
Dacelo novaeguineae,Laughing Kookaburra,Aves,brisbane_urban,-27.378309,153.036031,2026-01-06
Dacelo novaeguineae,Laughing Kookaburra,Aves,brisbane_urban,-27.535922,153.041381,2026-01-15
Dacelo novaeguineae,Laughing Kookaburra,Aves,brisbane_urban,-27.532305,152.971848,2026-01-14
Dacelo novaeguineae,Laughing Kookaburra,Aves,brisbane_urban,-27.565517,153.167948,2026-01-09
Dacelo novaeguineae,Laughing Kookaburra,Aves,brisbane_urban,-27.488299,153.133746,2026-01-25
Dacelo novaeguineae,Laughing Kookaburra,Aves,brisbane_urban,-27.482198,153.173922,2026-01-18
Dacelo novaeguineae,Laughing Kookaburra,Aves,brisbane_urban,-27.539799,153.056454,2026-01-21
Dacelo novaeguineae,Laughing Kookaburra,Aves,brisbane_urban,-27.37931,153.045538,2026-01-13
Dacelo novaeguineae,Laughing Kookaburra,Aves,brisbane_urban,-27.308357,153.050856,2026-01-04
Dacelo novaeguineae,Laughing Kookaburra,Aves,brisbane_urban,-27.509237,153.080903,2026-01-20
Dacelo novaeguineae,Laughing Kookaburra,Aves,brisbane_urban,-27.565802,153.099689,2026-01-12
Dacelo novaeguineae,Laughing Kookaburra,Aves,brisbane_urban,-27.433317,153.153427,2026-01-22
Dacelo novaeguineae,Laughing Kookaburra,Aves,brisbane_urban,-27.43507,153.151773,2026-01-06
Dacelo novaeguineae,Laughing Kookaburra,Aves,brisbane_urban,-27.522357,153.10289,2026-01-25
Dacelo novaeguineae,Laughing Kookaburra,Aves,brisbane_urban,-27.535782,153.041342,2026-01-11
Dacelo novaeguineae,Laughing Kookaburra,Aves,brisbane_urban,-27.510684,153.085179,2026-01-05
Dacelo novaeguineae,Laughing Kookaburra,Aves,brisbane_urban,-27.260605,152.953407,2026-01-25
Dacelo novaeguineae,Laughing Kookaburra,Aves,brisbane_urban,-27.434888,153.150055,2026-01-06
Dacelo novaeguineae,Laughing Kookaburra,Aves,brisbane_urban,-27.566681,153.091212,2026-01-18
Dacelo novaeguineae,Laughing Kookaburra,Aves,brisbane_urban,-27.50683,153.075454,2026-01-09
Dacelo novaeguineae,Laughing Kookaburra,Aves,brisbane_urban,-27.621442,152.961361,2026-01-20
Dacelo novaeguineae,Laughing Kookaburra,Aves,brisbane_urban,-27.565704,153.005472,2026-01-04
Dacelo novaeguineae,Laughing Kookaburra,Aves,brisbane_urban,-27.442285,152.93998,2026-01-18
Dacelo novaeguineae,Laughing Kookaburra,Aves,brisbane_urban,-27.324568,152.794257,2026-01-16
Dacelo novaeguineae,Laughing Kookaburra,Aves,brisbane_urban,-27.634157,153.242725,2026-01-25
Dacelo novaeguineae,Laughing Kookaburra,Aves,brisbane_urban,-27.493772,152.944606,2026-01-23
Dacelo novaeguineae,Laughing Kookaburra,Aves,brisbane_urban,-27.509667,153.081138,2026-01-12
Dacelo novaeguineae,Laughing Kookaburra,Aves,brisbane_urban,-27.534308,152.973647,2026-01-07
Dacelo novaeguineae,Laughing Kookaburra,Aves,brisbane_urban,-27.30789,153.051652,2026-01-17
Dacelo novaeguineae,Laughing Kookaburra,Aves,brisbane_urban,-27.48088,153.174598,2026-01-18
Dacelo novaeguineae,Laughing Kookaburra,Aves,brisbane_urban,-27.547142,152.854688,2026-01-24
Dacelo novaeguineae,Laughing Kookaburra,Aves,brisbane_urban,-27.510455,153.08995,2026-01-23
Dacelo novaeguineae,Laughing Kookaburra,Aves,brisbane_urban,-27.676058,152.921357,2026-01-09
Dacelo novaeguineae,Laughing Kookaburra,Aves,brisbane_urban,-27.510623,153.090193,2026-01-18
Dacelo novaeguineae,Laughing Kookaburra,Aves,brisbane_urban,-27.533914,153.067302,2026-01-04
Dacelo novaeguineae,Laughing Kookaburra,Aves,brisbane_urban,-27.380296,153.038715,2026-01-14
Dacelo novaeguineae,Laughing Kookaburra,Aves,brisbane_urban,-27.513516,153.07603,2026-01-05
Dacelo novaeguineae,Laughing Kookaburra,Aves,brisbane_urban,-27.472096,152.851685,2026-01-08
Dacelo novaeguineae,Laughing Kookaburra,Aves,brisbane_urban,-27.421275,153.049256,2026-01-25
Dacelo novaeguineae,Laughing Kookaburra,Aves,brisbane_urban,-27.356592,153.016413,2026-01-17
Dacelo novaeguineae,Laughing Kookaburra,Aves,brisbane_urban,-27.324785,152.793898,2026-01-16
Dacelo novaeguineae,Laughing Kookaburra,Aves,brisbane_urban,-27.388192,153.013649,2026-01-12
Dacelo novaeguineae,Laughing Kookaburra,Aves,brisbane_urban,-27.510227,153.08804,2026-01-05
Dacelo novaeguineae,Laughing Kookaburra,Aves,brisbane_urban,-27.480708,153.174353,2026-01-18
Dacelo novaeguineae,Laughing Kookaburra,Aves,brisbane_urban,-27.508382,153.085388,2026-01-24
Dacelo novaeguineae,Laughing Kookaburra,Aves,brisbane_urban,-27.565624,153.098796,2026-01-12
Dacelo novaeguineae,Laughing Kookaburra,Aves,brisbane_urban,-27.545673,153.059897,2026-01-24
Dacelo novaeguineae,Laughing Kookaburra,Aves,brisbane_urban,-27.510302,153.082536,2026-01-18
Dacelo novaeguineae,Laughing Kookaburra,Aves,brisbane_urban,-27.565624,153.099701,2026-01-21
Dacelo novaeguineae,Laughing Kookaburra,Aves,brisbane_urban,-27.562972,153.095473,2026-01-21
Dacelo novaeguineae,Laughing Kookaburra,Aves,brisbane_urban,-27.550881,153.175418,2026-01-08
Dacelo novaeguineae,Laughing Kookaburra,Aves,brisbane_urban,-27.4879,153.135071,2026-01-19
Dacelo novaeguineae,Laughing Kookaburra,Aves,brisbane_urban,-27.540818,153.050935,2026-01-11
Dacelo novaeguineae,Laughing Kookaburra,Aves,brisbane_urban,-27.532641,153.03116,2026-01-11
Dacelo novaeguineae,Laughing Kookaburra,Aves,brisbane_urban,-27.449765,152.936794,2026-01-18
Dacelo novaeguineae,Laughing Kookaburra,Aves,brisbane_urban,-27.473804,152.956409,2026-01-19
Dacelo novaeguineae,Laughing Kookaburra,Aves,brisbane_urban,-27.381399,153.037024,2026-01-11
Dacelo novaeguineae,Laughing Kookaburra,Aves,brisbane_urban,-27.650107,153.172911,2026-01-12
Dacelo novaeguineae,Laughing Kookaburra,Aves,brisbane_urban,-27.493858,152.944697,2026-01-19
Dacelo novaeguineae,Laughing Kookaburra,Aves,brisbane_urban,-27.636385,153.159133,2026-01-17
Dacelo novaeguineae,Laughing Kookaburra,Aves,brisbane_urban,-27.562805,153.097432,2026-01-20
Dacelo novaeguineae,Laughing Kookaburra,Aves,brisbane_urban,-27.498856,152.956406,2026-01-24
Dacelo novaeguineae,Laughing Kookaburra,Aves,brisbane_urban,-27.543343,153.111362,2026-01-17
Dacelo novaeguineae,Laughing Kookaburra,Aves,brisbane_urban,-27.564005,153.097017,2026-01-16
Dacelo novaeguineae,Laughing Kookaburra,Aves,brisbane_urban,-27.498644,153.015225,2026-01-07
Dacelo novaeguineae,Laughing Kookaburra,Aves,brisbane_urban,-27.507472,153.077842,2026-01-05
Dacelo novaeguineae,Laughing Kookaburra,Aves,brisbane_urban,-27.379088,153.042029,2026-01-06
Dacelo novaeguineae,Laughing Kookaburra,Aves,brisbane_urban,-27.506769,153.078233,2026-01-05
Dacelo novaeguineae,Laughing Kookaburra,Aves,brisbane_urban,-27.506769,153.078233,2026-01-05
Dacelo novaeguineae,Laughing Kookaburra,Aves,brisbane_urban,-27.378577,153.033253,2026-01-19
Dacelo novaeguineae,Laughing Kookaburra,Aves,brisbane_urban,-27.6283,152.964131,2026-01-18
Dacelo novaeguineae,Laughing Kookaburra,Aves,brisbane_urban,-27.544649,153.111225,2026-01-17
Dacelo novaeguineae,Laughing Kookaburra,Aves,brisbane_urban,-27.543418,153.111411,2026-01-17
Dacelo novaeguineae,Laughing Kookaburra,Aves,brisbane_urban,-27.378929,153.034513,2026-01-28
Dacelo novaeguineae,Laughing Kookaburra,Aves,brisbane_urban,-27.479555,152.969356,2026-01-29
Dacelo novaeguineae,Laughing Kookaburra,Aves,brisbane_urban,-27.339317,153.07864,2026-01-29
Dacelo novaeguineae,Laughing Kookaburra,Aves,brisbane_urban,-27.528789,153.105148,2026-01-30
Dacelo novaeguineae,Laughing Kookaburra,Aves,brisbane_urban,-27.278725,152.946677,2026-01-25
Dacelo novaeguineae,Laughing Kookaburra,Aves,brisbane_urban,-27.37886,153.034526,2026-01-28
Dacelo novaeguineae,Laughing Kookaburra,Aves,brisbane_urban,-27.379454,153.045741,2026-01-26
Dacelo novaeguineae,Laughing Kookaburra,Aves,brisbane_urban,-27.387966,153.013355,2026-01-29
Dacelo novaeguineae,Laughing Kookaburra,Aves,brisbane_urban,-27.520608,152.923753,2026-01-30
Dacelo novaeguineae,Laughing Kookaburra,Aves,brisbane_urban,-27.614358,152.788861,2026-01-26
Dacelo novaeguineae,Laughing Kookaburra,Aves,brisbane_urban,-27.546542,152.861773,2026-01-23
Dacelo novaeguineae,Laughing Kookaburra,Aves,brisbane_urban,-27.520505,153.103571,2026-01-30
Dacelo novaeguineae,Laughing Kookaburra,Aves,brisbane_urban,-27.527934,153.103158,2026-01-30
Dacelo novaeguineae,Laughing Kookaburra,Aves,brisbane_urban,-27.543413,153.072781,2026-01-31
Dacelo novaeguineae,Laughing Kookaburra,Aves,brisbane_urban,-27.570097,152.888855,2026-01-29
Dacelo novaeguineae,Laughing Kookaburra,Aves,brisbane_urban,-27.497892,153.012121,2026-01-01
Dacelo novaeguineae,Laughing Kookaburra,Aves,brisbane_urban,-27.33746,153.079544,2026-01-20
Dacelo novaeguineae,Laughing Kookaburra,Aves,brisbane_urban,-27.683169,153.022573,2026-01-16
Dacelo novaeguineae,Laughing Kookaburra,Aves,brisbane_urban,-27.434811,153.151436,2026-01-13
Dacelo novaeguineae,Laughing Kookaburra,Aves,brisbane_urban,-27.614358,152.788861,2026-01-26
Dacelo novaeguineae,Laughing Kookaburra,Aves,brisbane_urban,-27.475109,153.028798,2026-01-02
Dacelo novaeguineae,Laughing Kookaburra,Aves,brisbane_urban,-27.543386,153.065419,2026-01-19
Dacelo novaeguineae,Laughing Kookaburra,Aves,brisbane_urban,-27.384653,153.055223,2026-01-02
Dacelo novaeguineae,Laughing Kookaburra,Aves,brisbane_urban,-27.54061,153.092675,2026-01-11
Dacelo novaeguineae,Laughing Kookaburra,Aves,brisbane_urban,-27.361275,153.061744,2026-01-10
Dacelo novaeguineae,Laughing Kookaburra,Aves,brisbane_urban,-27.361275,153.061744,2026-01-23
Dacelo novaeguineae,Laughing Kookaburra,Aves,brisbane_urban,-27.576048,152.850628,2026-01-07
Dacelo novaeguineae,Laughing Kookaburra,Aves,brisbane_urban,-27.361275,153.061744,2026-01-13
Dacelo novaeguineae,Laughing Kookaburra,Aves,brisbane_urban,-27.521454,152.889487,2026-01-25
Dacelo novaeguineae,Laughing Kookaburra,Aves,brisbane_urban,-27.565173,153.13513,2026-01-03
Dacelo novaeguineae,Laughing Kookaburra,Aves,brisbane_urban,-27.483346,153.114998,2026-01-11
Dacelo novaeguineae,Laughing Kookaburra,Aves,brisbane_urban,-27.47833,152.92889,2026-01-01
Dacelo novaeguineae,Laughing Kookaburra,Aves,brisbane_urban,-27.47599,152.977849,2026-01-05
Dacelo novaeguineae,Laughing Kookaburra,Aves,brisbane_urban,-27.361275,153.061744,2026-01-29
Dacelo novaeguineae,Laughing Kookaburra,Aves,brisbane_urban,-27.601513,153.145727,2026-01-03
Dacelo novaeguineae,Laughing Kookaburra,Aves,brisbane_urban,-27.363147,153.063009,2026-01-18
Dacelo novaeguineae,Laughing Kookaburra,Aves,brisbane_urban,-27.363147,153.063009,2026-01-31
Dacelo novaeguineae,Laughing Kookaburra,Aves,brisbane_urban,-27.534083,152.814833,2026-01-17
Dacelo novaeguineae,Laughing Kookaburra,Aves,brisbane_urban,-27.363147,153.063009,2026-01-16
Dacelo novaeguineae,Laughing Kookaburra,Aves,brisbane_urban,-27.661949,152.84662,2026-01-01
Dacelo novaeguineae,Laughing Kookaburra,Aves,brisbane_urban,-27.363147,153.063009,2026-01-30
Dacelo novaeguineae,Laughing Kookaburra,Aves,brisbane_urban,-27.363147,153.063009,2026-01-17
Dacelo novaeguineae,Laughing Kookaburra,Aves,brisbane_urban,-27.363369,153.062995,2026-01-04
Dacelo novaeguineae,Laughing Kookaburra,Aves,brisbane_urban,-27.329246,152.782613,2026-01-23
Dacelo novaeguineae,Laughing Kookaburra,Aves,brisbane_urban,-27.361275,153.061744,2026-01-19
Dacelo novaeguineae,Laughing Kookaburra,Aves,brisbane_urban,-27.363524,153.062981,2026-01-03
Dacelo novaeguineae,Laughing Kookaburra,Aves,brisbane_urban,-27.670807,152.835858,2026-01-02
Dacelo novaeguineae,Laughing Kookaburra,Aves,brisbane_urban,-27.60208,153.148353,2026-01-12
Dacelo novaeguineae,Laughing Kookaburra,Aves,brisbane_urban,-27.539066,153.086097,2026-01-05
Dacelo novaeguineae,Laughing Kookaburra,Aves,brisbane_urban,-27.363398,153.062948,2026-01-11
Dacelo novaeguineae,Laughing Kookaburra,Aves,brisbane_urban,-27.318481,153.063876,2026-01-03
Dacelo novaeguineae,Laughing Kookaburra,Aves,brisbane_urban,-27.47833,152.92889,2026-01-03
Dacelo novaeguineae,Laughing Kookaburra,Aves,brisbane_urban,-27.363455,153.062957,2026-01-02
Dacelo novaeguineae,Laughing Kookaburra,Aves,brisbane_urban,-27.449111,153.115674,2026-01-24
Dacelo novaeguineae,Laughing Kookaburra,Aves,brisbane_urban,-27.363147,153.063009,2026-01-25
Dacelo novaeguineae,Laughing Kookaburra,Aves,brisbane_urban,-27.361275,153.061744,2026-01-15
Dacelo novaeguineae,Laughing Kookaburra,Aves,brisbane_urban,-27.534083,152.814833,2026-01-03
Dacelo novaeguineae,Laughing Kookaburra,Aves,brisbane_urban,-27.363455,153.062957,2026-01-01
Dacelo novaeguineae,Laughing Kookaburra,Aves,brisbane_urban,-27.534083,152.814833,2026-01-10
Dacelo novaeguineae,Laughing Kookaburra,Aves,brisbane_urban,-27.534083,152.814833,2026-01-24
Dacelo novaeguineae,Laughing Kookaburra,Aves,brisbane_urban,-27.538849,152.967154,2026-01-03
Dacelo novaeguineae,Laughing Kookaburra,Aves,brisbane_urban,-27.43483,153.149549,2026-01-07
Dacelo novaeguineae,Laughing Kookaburra,Aves,brisbane_urban,-27.539066,153.086097,2026-01-12
Dacelo novaeguineae,Laughing Kookaburra,Aves,brisbane_urban,-27.363275,153.062988,2026-01-06
Dacelo novaeguineae,Laughing Kookaburra,Aves,brisbane_urban,-27.539066,153.086097,2026-01-27
Dacelo novaeguineae,Laughing Kookaburra,Aves,brisbane_urban,-27.363398,153.062948,2026-01-08
Dacelo novaeguineae,Laughing Kookaburra,Aves,brisbane_urban,-27.539066,153.086097,2026-01-19
Dacelo novaeguineae,Laughing Kookaburra,Aves,brisbane_urban,-27.52368,153.12339,2026-01-16
Dacelo novaeguineae,Laughing Kookaburra,Aves,brisbane_urban,-27.363147,153.063009,2026-01-12
Dacelo novaeguineae,Laughing Kookaburra,Aves,brisbane_urban,-27.625123,153.153204,2026-01-28
Dacelo novaeguineae,Laughing Kookaburra,Aves,brisbane_urban,-27.363147,153.063009,2026-01-14
Dacelo novaeguineae,Laughing Kookaburra,Aves,brisbane_urban,-27.361275,153.061744,2026-01-27
Dacelo novaeguineae,Laughing Kookaburra,Aves,brisbane_urban,-27.363232,153.062924,2026-01-05
Dacelo novaeguineae,Laughing Kookaburra,Aves,brisbane_urban,-27.363147,153.063009,2026-01-07
Dacelo novaeguineae,Laughing Kookaburra,Aves,brisbane_urban,-27.363147,153.063009,2026-01-24
Dacelo novaeguineae,Laughing Kookaburra,Aves,brisbane_urban,-27.39738,152.939294,2026-01-24
Dacelo novaeguineae,Laughing Kookaburra,Aves,brisbane_urban,-27.363147,153.063009,2026-01-20
Dacelo novaeguineae,Laughing Kookaburra,Aves,brisbane_urban,-27.54111,153.05194,2026-01-14
Dacelo novaeguineae,Laughing Kookaburra,Aves,brisbane_urban,-27.369596,153.033607,2026-02-01
Dacelo novaeguineae,Laughing Kookaburra,Aves,brisbane_urban,-27.537262,153.053109,2026-02-01
Dacelo novaeguineae,Laughing Kookaburra,Aves,brisbane_urban,-27.362372,152.883731,2026-02-01
Dacelo novaeguineae,Laughing Kookaburra,Aves,brisbane_urban,-27.488903,153.133948,2026-02-02
Dacelo novaeguineae,Laughing Kookaburra,Aves,brisbane_urban,-27.542146,153.06213,2026-02-03
Dacelo novaeguineae,Laughing Kookaburra,Aves,brisbane_urban,-27.544567,153.056885,2026-02-01
Dacelo novaeguineae,Laughing Kookaburra,Aves,brisbane_urban,-27.542166,153.062048,2026-02-03
Dacelo novaeguineae,Laughing Kookaburra,Aves,brisbane_urban,-27.542255,153.062023,2026-02-03
Dacelo novaeguineae,Laughing Kookaburra,Aves,brisbane_urban,-27.541041,153.054344,2026-02-10
Dacelo novaeguineae,Laughing Kookaburra,Aves,brisbane_urban,-27.56787,153.090603,2026-02-05
Dacelo novaeguineae,Laughing Kookaburra,Aves,brisbane_urban,-27.469369,153.175694,2026-02-09
Dacelo novaeguineae,Laughing Kookaburra,Aves,brisbane_urban,-27.565996,153.091265,2026-02-05
Dacelo novaeguineae,Laughing Kookaburra,Aves,brisbane_urban,-27.631986,153.246118,2026-02-05
Dacelo novaeguineae,Laughing Kookaburra,Aves,brisbane_urban,-27.540178,153.056845,2026-02-05
Dacelo novaeguineae,Laughing Kookaburra,Aves,brisbane_urban,-27.669042,153.167286,2026-02-08
Dacelo novaeguineae,Laughing Kookaburra,Aves,brisbane_urban,-27.505062,153.023728,2026-02-05
Dacelo novaeguineae,Laughing Kookaburra,Aves,brisbane_urban,-27.534855,153.039306,2026-02-05
Dacelo novaeguineae,Laughing Kookaburra,Aves,brisbane_urban,-27.388524,153.004942,2026-02-08
Dacelo novaeguineae,Laughing Kookaburra,Aves,brisbane_urban,-27.519233,153.025422,2026-02-08
Dacelo novaeguineae,Laughing Kookaburra,Aves,brisbane_urban,-27.449715,152.939706,2026-02-08
Dacelo novaeguineae,Laughing Kookaburra,Aves,brisbane_urban,-27.264795,152.96965,2026-02-05
Dacelo novaeguineae,Laughing Kookaburra,Aves,brisbane_urban,-27.509625,153.094395,2026-02-09
Dacelo novaeguineae,Laughing Kookaburra,Aves,brisbane_urban,-27.442285,152.93998,2026-02-11
Dacelo novaeguineae,Laughing Kookaburra,Aves,brisbane_urban,-27.53275,153.28214,2026-02-12
Dacelo novaeguineae,Laughing Kookaburra,Aves,brisbane_urban,-27.448182,152.946974,2026-02-11
Dacelo novaeguineae,Laughing Kookaburra,Aves,brisbane_urban,-27.515868,153.075871,2026-02-15
Dacelo novaeguineae,Laughing Kookaburra,Aves,brisbane_urban,-27.317635,153.065176,2026-02-11
Dacelo novaeguineae,Laughing Kookaburra,Aves,brisbane_urban,-27.510434,153.070009,2026-02-11
Dacelo novaeguineae,Laughing Kookaburra,Aves,brisbane_urban,-27.377912,153.04223,2026-02-14
Dacelo novaeguineae,Laughing Kookaburra,Aves,brisbane_urban,-27.378382,153.042066,2026-02-14
Dacelo novaeguineae,Laughing Kookaburra,Aves,brisbane_urban,-27.538541,152.994049,2026-02-10
Dacelo novaeguineae,Laughing Kookaburra,Aves,brisbane_urban,-27.640583,153.149709,2026-02-11
Dacelo novaeguineae,Laughing Kookaburra,Aves,brisbane_urban,-27.47448,153.02057,2026-02-15
Dacelo novaeguineae,Laughing Kookaburra,Aves,brisbane_urban,-27.60078,153.069961,2026-02-15
Dacelo novaeguineae,Laughing Kookaburra,Aves,brisbane_urban,-27.377901,153.042235,2026-02-15
Dacelo novaeguineae,Laughing Kookaburra,Aves,brisbane_urban,-27.535376,153.040198,2026-02-11
Dacelo novaeguineae,Laughing Kookaburra,Aves,brisbane_urban,-27.516035,153.0757,2026-02-15
Dacelo novaeguineae,Laughing Kookaburra,Aves,brisbane_urban,-27.448233,152.949439,2026-02-14
Dacelo novaeguineae,Laughing Kookaburra,Aves,brisbane_urban,-27.369062,153.035406,2026-02-16
Dacelo novaeguineae,Laughing Kookaburra,Aves,brisbane_urban,-27.507289,153.080087,2026-02-12
Dacelo novaeguineae,Laughing Kookaburra,Aves,brisbane_urban,-27.536955,153.041715,2026-02-11
Dacelo novaeguineae,Laughing Kookaburra,Aves,brisbane_urban,-27.540312,153.056705,2026-02-20
Dacelo novaeguineae,Laughing Kookaburra,Aves,brisbane_urban,-27.565193,153.104236,2026-02-19
Dacelo novaeguineae,Laughing Kookaburra,Aves,brisbane_urban,-27.488031,153.134857,2026-02-22
Dacelo novaeguineae,Laughing Kookaburra,Aves,brisbane_urban,-27.510394,153.085747,2026-02-22
Dacelo novaeguineae,Laughing Kookaburra,Aves,brisbane_urban,-27.567797,153.101085,2026-02-17
Dacelo novaeguineae,Laughing Kookaburra,Aves,brisbane_urban,-27.560888,153.104231,2026-02-19
Dacelo novaeguineae,Laughing Kookaburra,Aves,brisbane_urban,-27.621753,153.154495,2026-02-17
Dacelo novaeguineae,Laughing Kookaburra,Aves,brisbane_urban,-27.506126,153.078136,2026-02-20
Dacelo novaeguineae,Laughing Kookaburra,Aves,brisbane_urban,-27.507479,153.082556,2026-02-20
Dacelo novaeguineae,Laughing Kookaburra,Aves,brisbane_urban,-27.619002,153.143174,2026-02-22
Dacelo novaeguineae,Laughing Kookaburra,Aves,brisbane_urban,-27.508967,153.085254,2026-02-20
Dacelo novaeguineae,Laughing Kookaburra,Aves,brisbane_urban,-27.539125,153.055152,2026-02-20
Dacelo novaeguineae,Laughing Kookaburra,Aves,brisbane_urban,-27.557259,153.058649,2026-02-18
Dacelo novaeguineae,Laughing Kookaburra,Aves,brisbane_urban,-27.504327,153.080622,2026-02-21
Dacelo novaeguineae,Laughing Kookaburra,Aves,brisbane_urban,-27.50983,153.094337,2026-02-18
Dacelo novaeguineae,Laughing Kookaburra,Aves,brisbane_urban,-27.511155,153.087266,2026-02-23
Dacelo novaeguineae,Laughing Kookaburra,Aves,brisbane_urban,-27.566161,153.098596,2026-02-17
Dacelo novaeguineae,Laughing Kookaburra,Aves,brisbane_urban,-27.539021,153.070754,2026-02-20
Dacelo novaeguineae,Laughing Kookaburra,Aves,brisbane_urban,-27.388614,153.014312,2026-02-19
Dacelo novaeguineae,Laughing Kookaburra,Aves,brisbane_urban,-27.572024,152.928384,2026-02-21
Dacelo novaeguineae,Laughing Kookaburra,Aves,brisbane_urban,-27.563334,153.094252,2026-02-17
Dacelo novaeguineae,Laughing Kookaburra,Aves,brisbane_urban,-27.512133,153.078617,2026-02-20
Dacelo novaeguineae,Laughing Kookaburra,Aves,brisbane_urban,-27.567786,153.102445,2026-02-19
Dacelo novaeguineae,Laughing Kookaburra,Aves,brisbane_urban,-27.544818,153.058703,2026-02-19
Dacelo novaeguineae,Laughing Kookaburra,Aves,brisbane_urban,-27.513148,153.084903,2026-02-23
Dacelo novaeguineae,Laughing Kookaburra,Aves,brisbane_urban,-27.520094,152.923322,2026-02-20
Dacelo novaeguineae,Laughing Kookaburra,Aves,brisbane_urban,-27.44322,152.926667,2026-02-20
Dacelo novaeguineae,Laughing Kookaburra,Aves,brisbane_urban,-27.539146,153.055126,2026-02-19
Dacelo novaeguineae,Laughing Kookaburra,Aves,brisbane_urban,-27.508963,153.086142,2026-02-21
Dacelo novaeguineae,Laughing Kookaburra,Aves,brisbane_urban,-27.380161,153.035809,2026-02-25
Dacelo novaeguineae,Laughing Kookaburra,Aves,brisbane_urban,-27.508869,152.975356,2026-02-28
Dacelo novaeguineae,Laughing Kookaburra,Aves,brisbane_urban,-27.510817,153.083576,2026-02-24
Dacelo novaeguineae,Laughing Kookaburra,Aves,brisbane_urban,-27.618688,153.165085,2026-02-28
Dacelo novaeguineae,Laughing Kookaburra,Aves,brisbane_urban,-27.46498,153.188467,2026-02-27
Dacelo novaeguineae,Laughing Kookaburra,Aves,brisbane_urban,-27.506107,152.925867,2026-02-27
Dacelo novaeguineae,Laughing Kookaburra,Aves,brisbane_urban,-27.433832,153.1499,2026-02-22
Dacelo novaeguineae,Laughing Kookaburra,Aves,brisbane_urban,-27.543119,153.0726,2026-02-24
Dacelo novaeguineae,Laughing Kookaburra,Aves,brisbane_urban,-27.624747,153.157367,2026-02-28
Dacelo novaeguineae,Laughing Kookaburra,Aves,brisbane_urban,-27.529548,153.235379,2026-02-25
Dacelo novaeguineae,Laughing Kookaburra,Aves,brisbane_urban,-27.381128,153.03871,2026-02-24
Dacelo novaeguineae,Laughing Kookaburra,Aves,brisbane_urban,-27.37685,153.042094,2026-02-25
Dacelo novaeguineae,Laughing Kookaburra,Aves,brisbane_urban,-27.412867,153.002045,2026-02-28
Dacelo novaeguineae,Laughing Kookaburra,Aves,brisbane_urban,-27.379393,153.035809,2026-02-23
Dacelo novaeguineae,Laughing Kookaburra,Aves,brisbane_urban,-27.488208,152.981006,2026-02-25
Dacelo novaeguineae,Laughing Kookaburra,Aves,brisbane_urban,-27.418138,152.971695,2026-02-24
Dacelo novaeguineae,Laughing Kookaburra,Aves,brisbane_urban,-27.359625,152.986863,2026-02-28
Dacelo novaeguineae,Laughing Kookaburra,Aves,brisbane_urban,-27.592253,153.012801,2026-02-08
Dacelo novaeguineae,Laughing Kookaburra,Aves,brisbane_urban,-27.491681,152.991967,2026-02-26
Dacelo novaeguineae,Laughing Kookaburra,Aves,brisbane_urban,-27.498451,153.015228,2026-02-20
Dacelo novaeguineae,Laughing Kookaburra,Aves,brisbane_urban,-27.53443,152.936783,2026-02-26
Dacelo novaeguineae,Laughing Kookaburra,Aves,brisbane_urban,-27.54201,153.037533,2026-02-11
Dacelo novaeguineae,Laughing Kookaburra,Aves,brisbane_urban,-27.289162,152.992517,2026-02-21
Dacelo novaeguineae,Laughing Kookaburra,Aves,brisbane_urban,-27.509425,153.080872,2026-02-24
Dacelo novaeguineae,Laughing Kookaburra,Aves,brisbane_urban,-27.561517,152.924965,2026-02-24
Dacelo novaeguineae,Laughing Kookaburra,Aves,brisbane_urban,-27.32758,153.040406,2026-02-07
Dacelo novaeguineae,Laughing Kookaburra,Aves,brisbane_urban,-27.534083,152.814833,2026-02-21
Dacelo novaeguineae,Laughing Kookaburra,Aves,brisbane_urban,-27.461926,152.88217,2026-02-08
Dacelo novaeguineae,Laughing Kookaburra,Aves,brisbane_urban,-27.529107,152.929479,2026-02-01
Dacelo novaeguineae,Laughing Kookaburra,Aves,brisbane_urban,-27.363147,153.063009,2026-02-16
Dacelo novaeguineae,Laughing Kookaburra,Aves,brisbane_urban,-27.361275,153.061744,2026-02-10
Dacelo novaeguineae,Laughing Kookaburra,Aves,brisbane_urban,-27.52368,153.12339,2026-02-14
Dacelo novaeguineae,Laughing Kookaburra,Aves,brisbane_urban,-27.361275,153.061744,2026-02-06
Dacelo novaeguineae,Laughing Kookaburra,Aves,brisbane_urban,-27.539066,153.086097,2026-02-04
Dacelo novaeguineae,Laughing Kookaburra,Aves,brisbane_urban,-27.361275,153.061744,2026-02-23
Dacelo novaeguineae,Laughing Kookaburra,Aves,brisbane_urban,-27.361275,153.061744,2026-02-19
Dacelo novaeguineae,Laughing Kookaburra,Aves,brisbane_urban,-27.361275,153.061744,2026-02-12
Dacelo novaeguineae,Laughing Kookaburra,Aves,brisbane_urban,-27.363147,153.063009,2026-02-13
Dacelo novaeguineae,Laughing Kookaburra,Aves,brisbane_urban,-27.534083,152.814833,2026-02-14
Dacelo novaeguineae,Laughing Kookaburra,Aves,brisbane_urban,-27.534977,152.993872,2026-02-22
Dacelo novaeguineae,Laughing Kookaburra,Aves,brisbane_urban,-27.361275,153.061744,2026-02-14
Dacelo novaeguineae,Laughing Kookaburra,Aves,brisbane_urban,-27.363147,153.063009,2026-02-01
Dacelo novaeguineae,Laughing Kookaburra,Aves,brisbane_urban,-27.529107,152.929479,2026-02-20
Dacelo novaeguineae,Laughing Kookaburra,Aves,brisbane_urban,-27.539066,153.086097,2026-02-14
Dacelo novaeguineae,Laughing Kookaburra,Aves,brisbane_urban,-27.539066,153.086097,2026-02-21
Dacelo novaeguineae,Laughing Kookaburra,Aves,brisbane_urban,-27.47833,152.92889,2026-02-26
Dacelo novaeguineae,Laughing Kookaburra,Aves,brisbane_urban,-27.363147,153.063009,2026-02-20
Dacelo novaeguineae,Laughing Kookaburra,Aves,brisbane_urban,-27.361275,153.061744,2026-02-28
Dacelo novaeguineae,Laughing Kookaburra,Aves,brisbane_urban,-27.576048,152.850628,2026-02-16
Dacelo novaeguineae,Laughing Kookaburra,Aves,brisbane_urban,-27.534083,152.814833,2026-02-07
Dacelo novaeguineae,Laughing Kookaburra,Aves,brisbane_urban,-27.363147,153.063009,2026-02-07
Dacelo novaeguineae,Laughing Kookaburra,Aves,brisbane_urban,-27.363147,153.063009,2026-02-05
Dacelo novaeguineae,Laughing Kookaburra,Aves,brisbane_urban,-27.361275,153.061744,2026-02-04
Dacelo novaeguineae,Laughing Kookaburra,Aves,brisbane_urban,-27.576048,152.850628,2026-02-24
Dacelo novaeguineae,Laughing Kookaburra,Aves,brisbane_urban,-27.529107,152.929479,2026-02-16
Dacelo novaeguineae,Laughing Kookaburra,Aves,brisbane_urban,-27.661949,152.84662,2026-02-02
Dacelo novaeguineae,Laughing Kookaburra,Aves,brisbane_urban,-27.363147,153.063009,2026-02-15
Dacelo novaeguineae,Laughing Kookaburra,Aves,brisbane_urban,-27.564621,152.906121,2026-02-25
Dacelo novaeguineae,Laughing Kookaburra,Aves,brisbane_urban,-27.361275,153.061744,2026-02-02
Dacelo novaeguineae,Laughing Kookaburra,Aves,brisbane_urban,-27.361275,153.061744,2026-02-24
Dacelo novaeguineae,Laughing Kookaburra,Aves,brisbane_urban,-27.361275,153.061744,2026-02-21
Dacelo novaeguineae,Laughing Kookaburra,Aves,brisbane_urban,-27.476734,153.029968,2026-03-02
Dacelo novaeguineae,Laughing Kookaburra,Aves,brisbane_urban,-27.369183,153.036093,2026-03-02
Dacelo novaeguineae,Laughing Kookaburra,Aves,brisbane_urban,-27.504474,152.930852,2026-03-03
Dacelo novaeguineae,Laughing Kookaburra,Aves,brisbane_urban,-27.474928,153.028733,2026-03-11
Dacelo novaeguineae,Laughing Kookaburra,Aves,brisbane_urban,-27.584851,152.950275,2026-03-12
Dacelo novaeguineae,Laughing Kookaburra,Aves,brisbane_urban,-27.52438,153.047533,2026-03-07
Dacelo novaeguineae,Laughing Kookaburra,Aves,brisbane_urban,-27.653986,153.205293,2026-03-06
Dacelo novaeguineae,Laughing Kookaburra,Aves,brisbane_urban,-27.541753,153.066925,2026-03-16
Dacelo novaeguineae,Laughing Kookaburra,Aves,brisbane_urban,-27.541525,152.95932,2026-03-14
Dacelo novaeguineae,Laughing Kookaburra,Aves,brisbane_urban,-27.317561,152.796051,2026-03-04
Dacelo novaeguineae,Laughing Kookaburra,Aves,brisbane_urban,-27.514905,153.075025,2026-03-10
Dacelo novaeguineae,Laughing Kookaburra,Aves,brisbane_urban,-27.386169,152.978226,2026-03-04
Dacelo novaeguineae,Laughing Kookaburra,Aves,brisbane_urban,-27.515973,153.076,2026-03-11
Dacelo novaeguineae,Laughing Kookaburra,Aves,brisbane_urban,-27.691294,152.81692,2026-03-06
Dacelo novaeguineae,Laughing Kookaburra,Aves,brisbane_urban,-27.442953,153.018967,2026-03-14
Dacelo novaeguineae,Laughing Kookaburra,Aves,brisbane_urban,-27.540196,152.989505,2026-03-06
Dacelo novaeguineae,Laughing Kookaburra,Aves,brisbane_urban,-27.567577,153.205444,2026-03-14
Dacelo novaeguineae,Laughing Kookaburra,Aves,brisbane_urban,-27.453642,153.025353,2026-03-14
Dacelo novaeguineae,Laughing Kookaburra,Aves,brisbane_urban,-27.378731,153.041998,2026-03-14
Dacelo novaeguineae,Laughing Kookaburra,Aves,brisbane_urban,-27.501415,153.18042,2026-03-05
Dacelo novaeguineae,Laughing Kookaburra,Aves,brisbane_urban,-27.476276,153.030151,2026-03-02
Dacelo novaeguineae,Laughing Kookaburra,Aves,brisbane_urban,-27.480331,153.078554,2026-03-16
Dacelo novaeguineae,Laughing Kookaburra,Aves,brisbane_urban,-27.498863,152.956661,2026-03-08
Dacelo novaeguineae,Laughing Kookaburra,Aves,brisbane_urban,-27.59807,153.143647,2026-03-07
Dacelo novaeguineae,Laughing Kookaburra,Aves,brisbane_urban,-27.380259,153.041832,2026-03-11
Dacelo novaeguineae,Laughing Kookaburra,Aves,brisbane_urban,-27.534718,153.020301,2026-03-11
Dacelo novaeguineae,Laughing Kookaburra,Aves,brisbane_urban,-27.379066,153.04217,2026-03-11
Dacelo novaeguineae,Laughing Kookaburra,Aves,brisbane_urban,-27.434255,152.996378,2026-03-15
Dacelo novaeguineae,Laughing Kookaburra,Aves,brisbane_urban,-27.453727,153.025267,2026-03-14
Dacelo novaeguineae,Laughing Kookaburra,Aves,brisbane_urban,-27.379712,153.034001,2026-03-13
Dacelo novaeguineae,Laughing Kookaburra,Aves,brisbane_urban,-27.379313,153.04564,2026-03-09
Dacelo novaeguineae,Laughing Kookaburra,Aves,brisbane_urban,-27.539019,153.070747,2026-03-16
Dacelo novaeguineae,Laughing Kookaburra,Aves,brisbane_urban,-27.349099,153.130308,2026-03-11
Dacelo novaeguineae,Laughing Kookaburra,Aves,brisbane_urban,-27.544032,152.857309,2026-03-07
Dacelo novaeguineae,Laughing Kookaburra,Aves,brisbane_urban,-27.608239,152.972876,2026-03-07
Dacelo novaeguineae,Laughing Kookaburra,Aves,brisbane_urban,-27.435707,153.149703,2026-03-07
Dacelo novaeguineae,Laughing Kookaburra,Aves,brisbane_urban,-27.370039,153.033399,2026-03-10
Dacelo novaeguineae,Laughing Kookaburra,Aves,brisbane_urban,-27.498413,153.015731,2026-03-13
Dacelo novaeguineae,Laughing Kookaburra,Aves,brisbane_urban,-27.497717,153.016704,2026-03-13
Dacelo novaeguineae,Laughing Kookaburra,Aves,brisbane_urban,-27.467954,153.075556,2026-03-14
Dacelo novaeguineae,Laughing Kookaburra,Aves,brisbane_urban,-27.566959,153.091811,2026-03-26
Dacelo novaeguineae,Laughing Kookaburra,Aves,brisbane_urban,-27.516072,153.075115,2026-03-24
Dacelo novaeguineae,Laughing Kookaburra,Aves,brisbane_urban,-27.384181,152.963468,2026-03-27
Dacelo novaeguineae,Laughing Kookaburra,Aves,brisbane_urban,-27.621668,153.155105,2026-03-24
Dacelo novaeguineae,Laughing Kookaburra,Aves,brisbane_urban,-27.474398,153.180714,2026-03-29
Dacelo novaeguineae,Laughing Kookaburra,Aves,brisbane_urban,-27.51313,153.08403,2026-03-21
Dacelo novaeguineae,Laughing Kookaburra,Aves,brisbane_urban,-27.381001,153.037152,2026-03-23
Dacelo novaeguineae,Laughing Kookaburra,Aves,brisbane_urban,-27.549143,153.047796,2026-03-25
Dacelo novaeguineae,Laughing Kookaburra,Aves,brisbane_urban,-27.514832,153.073718,2026-03-27
Dacelo novaeguineae,Laughing Kookaburra,Aves,brisbane_urban,-27.257498,152.979568,2026-03-29
Dacelo novaeguineae,Laughing Kookaburra,Aves,brisbane_urban,-27.499264,153.015572,2026-03-20
Dacelo novaeguineae,Laughing Kookaburra,Aves,brisbane_urban,-27.381138,153.036336,2026-03-23
Dacelo novaeguineae,Laughing Kookaburra,Aves,brisbane_urban,-27.571753,153.05264,2026-03-23
Dacelo novaeguineae,Laughing Kookaburra,Aves,brisbane_urban,-27.571735,153.105452,2026-03-12
Dacelo novaeguineae,Laughing Kookaburra,Aves,brisbane_urban,-27.376773,152.986246,2026-03-23
Dacelo novaeguineae,Laughing Kookaburra,Aves,brisbane_urban,-27.37951,153.045193,2026-03-27
Dacelo novaeguineae,Laughing Kookaburra,Aves,brisbane_urban,-27.515544,153.075613,2026-03-20
Dacelo novaeguineae,Laughing Kookaburra,Aves,brisbane_urban,-27.472945,153.018142,2026-03-16
Dacelo novaeguineae,Laughing Kookaburra,Aves,brisbane_urban,-27.38079,153.036262,2026-03-28
Dacelo novaeguineae,Laughing Kookaburra,Aves,brisbane_urban,-27.506533,153.077122,2026-03-21
Dacelo novaeguineae,Laughing Kookaburra,Aves,brisbane_urban,-27.508568,153.0858,2026-03-21
Dacelo novaeguineae,Laughing Kookaburra,Aves,brisbane_urban,-27.511008,153.088745,2026-03-13
Dacelo novaeguineae,Laughing Kookaburra,Aves,brisbane_urban,-27.468548,153.051977,2026-03-23
Dacelo novaeguineae,Laughing Kookaburra,Aves,brisbane_urban,-27.562372,153.102875,2026-03-22
Dacelo novaeguineae,Laughing Kookaburra,Aves,brisbane_urban,-27.573277,153.152268,2026-03-29
Dacelo novaeguineae,Laughing Kookaburra,Aves,brisbane_urban,-27.518945,153.022964,2026-03-29
Dacelo novaeguineae,Laughing Kookaburra,Aves,brisbane_urban,-27.537052,153.041746,2026-03-16
Dacelo novaeguineae,Laughing Kookaburra,Aves,brisbane_urban,-27.443175,152.9272,2026-03-28
Dacelo novaeguineae,Laughing Kookaburra,Aves,brisbane_urban,-27.488987,153.133653,2026-03-24
Dacelo novaeguineae,Laughing Kookaburra,Aves,brisbane_urban,-27.566203,153.099672,2026-03-22
Dacelo novaeguineae,Laughing Kookaburra,Aves,brisbane_urban,-27.540714,153.073761,2026-03-29
Dacelo novaeguineae,Laughing Kookaburra,Aves,brisbane_urban,-27.550823,153.061884,2026-03-20
Dacelo novaeguineae,Laughing Kookaburra,Aves,brisbane_urban,-27.502897,153.011314,2026-03-17
Dacelo novaeguineae,Laughing Kookaburra,Aves,brisbane_urban,-27.542542,153.072903,2026-03-17
Dacelo novaeguineae,Laughing Kookaburra,Aves,brisbane_urban,-27.380471,153.039217,2026-03-23
Dacelo novaeguineae,Laughing Kookaburra,Aves,brisbane_urban,-27.538016,153.04278,2026-03-21
Dacelo novaeguineae,Laughing Kookaburra,Aves,brisbane_urban,-27.564401,153.092164,2026-03-29
Dacelo novaeguineae,Laughing Kookaburra,Aves,brisbane_urban,-27.443467,152.926906,2026-03-21
Dacelo novaeguineae,Laughing Kookaburra,Aves,brisbane_urban,-27.515661,153.074065,2026-03-29
Dacelo novaeguineae,Laughing Kookaburra,Aves,brisbane_urban,-27.467608,153.12333,2026-03-29
Dacelo novaeguineae,Laughing Kookaburra,Aves,brisbane_urban,-27.565745,153.102947,2026-03-14
Dacelo novaeguineae,Laughing Kookaburra,Aves,brisbane_urban,-27.374344,153.02794,2026-03-28
Dacelo novaeguineae,Laughing Kookaburra,Aves,brisbane_urban,-27.540611,153.110444,2026-03-20
Dacelo novaeguineae,Laughing Kookaburra,Aves,brisbane_urban,-27.510299,153.088027,2026-03-21
Dacelo novaeguineae,Laughing Kookaburra,Aves,brisbane_urban,-27.369599,153.033475,2026-03-16
Dacelo novaeguineae,Laughing Kookaburra,Aves,brisbane_urban,-27.654401,152.902981,2026-03-28
Dacelo novaeguineae,Laughing Kookaburra,Aves,brisbane_urban,-27.573113,153.105246,2026-03-20
Dacelo novaeguineae,Laughing Kookaburra,Aves,brisbane_urban,-27.566503,153.100265,2026-03-28
Dacelo novaeguineae,Laughing Kookaburra,Aves,brisbane_urban,-27.533,152.974237,2026-03-22
Dacelo novaeguineae,Laughing Kookaburra,Aves,brisbane_urban,-27.488474,153.13408,2026-03-27
Dacelo novaeguineae,Laughing Kookaburra,Aves,brisbane_urban,-27.557403,152.956755,2026-03-28
Dacelo novaeguineae,Laughing Kookaburra,Aves,brisbane_urban,-27.380013,153.000199,2026-03-18
Dacelo novaeguineae,Laughing Kookaburra,Aves,brisbane_urban,-27.380785,153.044075,2026-03-27
Dacelo novaeguineae,Laughing Kookaburra,Aves,brisbane_urban,-27.377057,152.981096,2026-03-18
Dacelo novaeguineae,Laughing Kookaburra,Aves,brisbane_urban,-27.509578,153.086548,2026-03-21
Dacelo novaeguineae,Laughing Kookaburra,Aves,brisbane_urban,-27.509166,152.931258,2026-03-18
Dacelo novaeguineae,Laughing Kookaburra,Aves,brisbane_urban,-27.544576,153.075582,2026-03-17
Dacelo novaeguineae,Laughing Kookaburra,Aves,brisbane_urban,-27.288811,152.970715,2026-03-21
Dacelo novaeguineae,Laughing Kookaburra,Aves,brisbane_urban,-27.544576,153.075582,2026-03-17
Dacelo novaeguineae,Laughing Kookaburra,Aves,brisbane_urban,-27.551031,153.060049,2026-03-24
Dacelo novaeguineae,Laughing Kookaburra,Aves,brisbane_urban,-27.510622,153.08638,2026-03-21
Dacelo novaeguineae,Laughing Kookaburra,Aves,brisbane_urban,-27.376264,152.995486,2026-03-07
Dacelo novaeguineae,Laughing Kookaburra,Aves,brisbane_urban,-27.485478,152.981413,2026-03-30
Dacelo novaeguineae,Laughing Kookaburra,Aves,brisbane_urban,-27.548323,152.861964,2026-03-10
Dacelo novaeguineae,Laughing Kookaburra,Aves,brisbane_urban,-27.498136,153.015275,2026-03-31
Dacelo novaeguineae,Laughing Kookaburra,Aves,brisbane_urban,-27.347585,153.1059,2026-03-21
Dacelo novaeguineae,Laughing Kookaburra,Aves,brisbane_urban,-27.497765,153.014832,2026-03-21
Dacelo novaeguineae,Laughing Kookaburra,Aves,brisbane_urban,-27.474723,153.027952,2026-03-28
Dacelo novaeguineae,Laughing Kookaburra,Aves,brisbane_urban,-27.498464,153.015603,2026-03-31
Dacelo novaeguineae,Laughing Kookaburra,Aves,brisbane_urban,-27.499303,153.013108,2026-03-30
Dacelo novaeguineae,Laughing Kookaburra,Aves,brisbane_urban,-27.477545,153.020906,2026-03-18
Dacelo novaeguineae,Laughing Kookaburra,Aves,brisbane_urban,-27.498168,153.015933,2026-03-31
Dacelo novaeguineae,Laughing Kookaburra,Aves,brisbane_urban,-27.498399,153.01546,2026-03-31
Dacelo novaeguineae,Laughing Kookaburra,Aves,brisbane_urban,-27.498319,153.015499,2026-03-31
Dacelo novaeguineae,Laughing Kookaburra,Aves,brisbane_urban,-27.384271,152.914538,2026-03-28
Dacelo novaeguineae,Laughing Kookaburra,Aves,brisbane_urban,-27.498203,153.015831,2026-03-31
Dacelo novaeguineae,Laughing Kookaburra,Aves,brisbane_urban,-27.442955,152.926288,2026-03-30
Dacelo novaeguineae,Laughing Kookaburra,Aves,brisbane_urban,-27.477382,152.961185,2026-03-30
Dacelo novaeguineae,Laughing Kookaburra,Aves,brisbane_urban,-27.498346,153.015627,2026-03-31
Dacelo novaeguineae,Laughing Kookaburra,Aves,brisbane_urban,-27.498305,153.015535,2026-03-31
Dacelo novaeguineae,Laughing Kookaburra,Aves,brisbane_urban,-27.498012,153.015969,2026-03-31
Dacelo novaeguineae,Laughing Kookaburra,Aves,brisbane_urban,-27.542802,153.071889,2026-03-14
Dacelo novaeguineae,Laughing Kookaburra,Aves,brisbane_urban,-27.548085,153.075204,2026-03-29
Dacelo novaeguineae,Laughing Kookaburra,Aves,brisbane_urban,-27.498313,153.016316,2026-03-31
Dacelo novaeguineae,Laughing Kookaburra,Aves,brisbane_urban,-27.540668,153.049021,2026-03-21
Dacelo novaeguineae,Laughing Kookaburra,Aves,brisbane_urban,-27.494234,153.016925,2026-03-20
Dacelo novaeguineae,Laughing Kookaburra,Aves,brisbane_urban,-27.541685,153.071979,2026-03-26
Dacelo novaeguineae,Laughing Kookaburra,Aves,brisbane_urban,-27.543362,153.04878,2026-03-20
Dacelo novaeguineae,Laughing Kookaburra,Aves,brisbane_urban,-27.434285,153.148288,2026-03-18
Dacelo novaeguineae,Laughing Kookaburra,Aves,brisbane_urban,-27.537113,152.969788,2026-03-08
Dacelo novaeguineae,Laughing Kookaburra,Aves,brisbane_urban,-27.5767,152.995373,2026-03-28
Dacelo novaeguineae,Laughing Kookaburra,Aves,brisbane_urban,-27.573615,152.994269,2026-03-21
Dacelo novaeguineae,Laughing Kookaburra,Aves,brisbane_urban,-27.491547,153.061689,2026-03-21
Dacelo novaeguineae,Laughing Kookaburra,Aves,brisbane_urban,-27.534083,152.814833,2026-03-14
Dacelo novaeguineae,Laughing Kookaburra,Aves,brisbane_urban,-27.534083,152.814833,2026-03-07
Dacelo novaeguineae,Laughing Kookaburra,Aves,brisbane_urban,-27.363147,153.063009,2026-03-20
Dacelo novaeguineae,Laughing Kookaburra,Aves,brisbane_urban,-27.361275,153.061744,2026-03-26
Dacelo novaeguineae,Laughing Kookaburra,Aves,brisbane_urban,-27.361275,153.061744,2026-03-17
Dacelo novaeguineae,Laughing Kookaburra,Aves,brisbane_urban,-27.520286,152.825344,2026-03-08
Dacelo novaeguineae,Laughing Kookaburra,Aves,brisbane_urban,-27.539066,153.086097,2026-03-02
Dacelo novaeguineae,Laughing Kookaburra,Aves,brisbane_urban,-27.507353,152.930758,2026-03-06
Dacelo novaeguineae,Laughing Kookaburra,Aves,brisbane_urban,-27.579398,152.991933,2026-03-16
Dacelo novaeguineae,Laughing Kookaburra,Aves,brisbane_urban,-27.539066,153.086097,2026-03-22
Dacelo novaeguineae,Laughing Kookaburra,Aves,brisbane_urban,-27.363147,153.063009,2026-03-12
Dacelo novaeguineae,Laughing Kookaburra,Aves,brisbane_urban,-27.539066,153.086097,2026-03-29
Dacelo novaeguineae,Laughing Kookaburra,Aves,brisbane_urban,-27.579891,152.992731,2026-03-30
Dacelo novaeguineae,Laughing Kookaburra,Aves,brisbane_urban,-27.482957,153.115076,2026-03-01
Dacelo novaeguineae,Laughing Kookaburra,Aves,brisbane_urban,-27.580398,152.991886,2026-03-30
Dacelo novaeguineae,Laughing Kookaburra,Aves,brisbane_urban,-27.363147,153.063009,2026-03-08
Dacelo novaeguineae,Laughing Kookaburra,Aves,brisbane_urban,-27.426784,153.168998,2026-03-29
Dacelo novaeguineae,Laughing Kookaburra,Aves,brisbane_urban,-27.361275,153.061744,2026-03-03
Dacelo novaeguineae,Laughing Kookaburra,Aves,brisbane_urban,-27.539066,153.086097,2026-03-15
Dacelo novaeguineae,Laughing Kookaburra,Aves,brisbane_urban,-27.363147,153.063009,2026-03-30
Dacelo novaeguineae,Laughing Kookaburra,Aves,brisbane_urban,-27.361275,153.061744,2026-03-28
Dacelo novaeguineae,Laughing Kookaburra,Aves,brisbane_urban,-27.577978,152.995436,2026-03-30
Dacelo novaeguineae,Laughing Kookaburra,Aves,brisbane_urban,-27.525112,152.880942,2026-03-02
Dacelo novaeguineae,Laughing Kookaburra,Aves,brisbane_urban,-27.363147,153.063009,2026-03-29
Dacelo novaeguineae,Laughing Kookaburra,Aves,brisbane_urban,-27.363147,153.063009,2026-03-13
Dacelo novaeguineae,Laughing Kookaburra,Aves,brisbane_urban,-27.363147,153.063009,2026-03-23
Dacelo novaeguineae,Laughing Kookaburra,Aves,brisbane_urban,-27.363147,153.063009,2026-03-15
Dacelo novaeguineae,Laughing Kookaburra,Aves,brisbane_urban,-27.601513,153.145727,2026-03-28
Dacelo novaeguineae,Laughing Kookaburra,Aves,brisbane_urban,-27.361275,153.061744,2026-03-25
Dacelo novaeguineae,Laughing Kookaburra,Aves,brisbane_urban,-27.382382,153.035123,2026-03-09
Dacelo novaeguineae,Laughing Kookaburra,Aves,brisbane_urban,-27.363147,153.063009,2026-03-09
Dacelo novaeguineae,Laughing Kookaburra,Aves,brisbane_urban,-27.601428,153.145914,2026-03-28
Dacelo novaeguineae,Laughing Kookaburra,Aves,brisbane_urban,-27.534083,152.814833,2026-03-21
Dacelo novaeguineae,Laughing Kookaburra,Aves,brisbane_urban,-27.363147,153.063009,2026-03-02
Dacelo novaeguineae,Laughing Kookaburra,Aves,brisbane_urban,-27.38158,153.03649,2026-03-22
Dacelo novaeguineae,Laughing Kookaburra,Aves,brisbane_urban,-27.361275,153.061744,2026-03-24
Dacelo novaeguineae,Laughing Kookaburra,Aves,brisbane_urban,-27.363147,153.063009,2026-03-22
Dacelo novaeguineae,Laughing Kookaburra,Aves,brisbane_urban,-27.361275,153.061744,2026-03-07
Dacelo novaeguineae,Laughing Kookaburra,Aves,brisbane_urban,-27.425622,153.182049,2026-03-07
Dacelo novaeguineae,Laughing Kookaburra,Aves,brisbane_urban,-27.474718,153.029318,2026-03-27
Dacelo novaeguineae,Laughing Kookaburra,Aves,brisbane_urban,-27.542778,153.071885,2026-03-14
Dacelo novaeguineae,Laughing Kookaburra,Aves,brisbane_urban,-27.498531,153.016014,2026-04-03
Dacelo novaeguineae,Laughing Kookaburra,Aves,brisbane_urban,-27.56703,152.828572,2026-04-02
Dacelo novaeguineae,Laughing Kookaburra,Aves,brisbane_urban,-27.549222,153.054202,2026-04-04
Dacelo novaeguineae,Laughing Kookaburra,Aves,brisbane_urban,-27.41894,152.904673,2026-04-01
Dacelo novaeguineae,Laughing Kookaburra,Aves,brisbane_urban,-27.540546,153.047679,2026-04-04
Dacelo novaeguineae,Laughing Kookaburra,Aves,brisbane_urban,-27.433313,153.15117,2026-04-03
Dacelo novaeguineae,Laughing Kookaburra,Aves,brisbane_urban,-27.580221,153.073841,2026-04-02
Dacelo novaeguineae,Laughing Kookaburra,Aves,brisbane_urban,-27.569514,153.073952,2026-04-02
Dacelo novaeguineae,Laughing Kookaburra,Aves,brisbane_urban,-27.467692,153.124274,2026-04-04
Dacelo novaeguineae,Laughing Kookaburra,Aves,brisbane_urban,-27.498531,153.016014,2026-04-03
Dacelo novaeguineae,Laughing Kookaburra,Aves,brisbane_urban,-27.60748,153.175997,2026-04-06
Dacelo novaeguineae,Laughing Kookaburra,Aves,brisbane_urban,-27.542069,153.049395,2026-04-04
Dacelo novaeguineae,Laughing Kookaburra,Aves,brisbane_urban,-27.442667,152.926969,2026-04-04
Dacelo novaeguineae,Laughing Kookaburra,Aves,brisbane_urban,-27.469237,153.122717,2026-04-04
Dacelo novaeguineae,Laughing Kookaburra,Aves,brisbane_urban,-27.569514,153.073952,2026-04-02
Dacelo novaeguineae,Laughing Kookaburra,Aves,brisbane_urban,-27.419228,152.906967,2026-04-05
Dacelo novaeguineae,Laughing Kookaburra,Aves,brisbane_urban,-27.340081,153.079939,2026-04-01
Dacelo novaeguineae,Laughing Kookaburra,Aves,brisbane_urban,-27.376677,153.040985,2026-04-03
