species,common_name,taxon_class,area_id,lat,lon,date
Ursus arctos,Brown / Grizzly Bear,Mammalia,yellowstone,44.829971,-110.592773,2026-04-10
Ursus arctos,Brown / Grizzly Bear,Mammalia,yellowstone,44.710817,-110.569798,2026-04-28
Ursus arctos,Brown / Grizzly Bear,Mammalia,yellowstone,44.837716,-110.392611,2026-04-29
Ursus arctos,Brown / Grizzly Bear,Mammalia,yellowstone,44.609744,-110.554632,2026-05-06
Ursus arctos,Brown / Grizzly Bear,Mammalia,yellowstone,44.920033,-110.166734,2026-05-06
Ursus arctos,Brown / Grizzly Bear,Mammalia,yellowstone,44.54701,-110.55463,2026-05-07
Ursus arctos,Brown / Grizzly Bear,Mammalia,yellowstone,44.830577,-110.610097,2026-05-05
Ursus arctos,Brown / Grizzly Bear,Mammalia,yellowstone,44.664768,-110.555878,2026-05-06
Ursus arctos,Brown / Grizzly Bear,Mammalia,yellowstone,44.667862,-110.642722,2026-05-08
Ursus arctos,Brown / Grizzly Bear,Mammalia,yellowstone,44.896954,-110.345006,2026-05-07
Ursus arctos,Brown / Grizzly Bear,Mammalia,yellowstone,44.417975,-110.347749,2026-05-06
Ursus arctos,Brown / Grizzly Bear,Mammalia,yellowstone,44.744437,-110.68805,2026-05-08
Ursus arctos,Brown / Grizzly Bear,Mammalia,yellowstone,44.897334,-110.219625,2026-05-07
Ursus arctos,Brown / Grizzly Bear,Mammalia,yellowstone,44.746449,-110.747542,2026-05-07
Ursus arctos,Brown / Grizzly Bear,Mammalia,yellowstone,44.674772,-110.469658,2026-05-06
Ursus arctos,Brown / Grizzly Bear,Mammalia,yellowstone,44.786483,-110.585286,2026-05-08
Ursus arctos,Brown / Grizzly Bear,Mammalia,yellowstone,44.420605,-109.809616,2026-05-02
Ursus arctos,Brown / Grizzly Bear,Mammalia,yellowstone,44.750149,-110.667922,2026-05-14
Ursus arctos,Brown / Grizzly Bear,Mammalia,yellowstone,44.728032,-110.671628,2026-05-16
Ursus arctos,Brown / Grizzly Bear,Mammalia,yellowstone,44.543351,-110.233782,2026-05-16
Ursus arctos,Brown / Grizzly Bear,Mammalia,yellowstone,44.884198,-110.081116,2026-05-15
Ursus arctos,Brown / Grizzly Bear,Mammalia,yellowstone,44.979869,-110.783619,2026-05-16
Ursus arctos,Brown / Grizzly Bear,Mammalia,yellowstone,44.712674,-110.734841,2026-05-05
Ursus arctos,Brown / Grizzly Bear,Mammalia,yellowstone,44.443076,-110.297599,2026-05-13
Ursus arctos,Brown / Grizzly Bear,Mammalia,yellowstone,44.734515,-110.64489,2026-05-12
Ursus arctos,Brown / Grizzly Bear,Mammalia,yellowstone,44.950318,-110.615351,2026-05-14
Ursus arctos,Brown / Grizzly Bear,Mammalia,yellowstone,44.91272,-110.706814,2026-05-13
Ursus arctos,Brown / Grizzly Bear,Mammalia,yellowstone,44.685842,-110.628837,2026-05-16
Ursus arctos,Brown / Grizzly Bear,Mammalia,yellowstone,44.797368,-110.65195,2026-05-16
Ursus arctos,Brown / Grizzly Bear,Mammalia,yellowstone,44.948829,-110.34822,2026-05-16
Ursus arctos,Brown / Grizzly Bear,Mammalia,yellowstone,44.567109,-110.235975,2026-05-09
Ursus arctos,Brown / Grizzly Bear,Mammalia,yellowstone,44.475842,-110.257983,2026-05-25
Ursus arctos,Brown / Grizzly Bear,Mammalia,yellowstone,44.730738,-110.650566,2026-05-20
Ursus arctos,Brown / Grizzly Bear,Mammalia,yellowstone,44.741351,-110.545325,2026-05-19
Ursus arctos,Brown / Grizzly Bear,Mammalia,yellowstone,44.771989,-110.735313,2026-05-14
Ursus arctos,Brown / Grizzly Bear,Mammalia,yellowstone,44.479576,-110.498873,2026-05-09
Ursus arctos,Brown / Grizzly Bear,Mammalia,yellowstone,44.667194,-110.752984,2026-05-20
Ursus arctos,Brown / Grizzly Bear,Mammalia,yellowstone,44.62617,-110.702328,2026-05-22
Ursus arctos,Brown / Grizzly Bear,Mammalia,yellowstone,44.412336,-110.269666,2026-05-20
Ursus arctos,Brown / Grizzly Bear,Mammalia,yellowstone,44.573114,-110.265849,2026-05-12
Ursus arctos,Brown / Grizzly Bear,Mammalia,yellowstone,44.480844,-110.544288,2026-05-19
Ursus arctos,Brown / Grizzly Bear,Mammalia,yellowstone,44.439713,-110.376943,2026-05-20
Ursus arctos,Brown / Grizzly Bear,Mammalia,yellowstone,44.969341,-110.70851,2026-05-14
Ursus arctos,Brown / Grizzly Bear,Mammalia,yellowstone,44.462916,-110.220776,2026-05-20
Ursus arctos,Brown / Grizzly Bear,Mammalia,yellowstone,44.785447,-110.573647,2026-05-22
Ursus arctos,Brown / Grizzly Bear,Mammalia,yellowstone,44.718449,-110.686894,2026-05-14
Ursus arctos,Brown / Grizzly Bear,Mammalia,yellowstone,44.809137,-110.082246,2026-05-14
Ursus arctos,Brown / Grizzly Bear,Mammalia,yellowstone,44.737464,-110.76901,2026-05-20
Ursus arctos,Brown / Grizzly Bear,Mammalia,yellowstone,44.719184,-110.741738,2026-05-13
Ursus arctos,Brown / Grizzly Bear,Mammalia,yellowstone,44.685756,-110.608057,2026-05-25
Ursus arctos,Brown / Grizzly Bear,Mammalia,yellowstone,44.556957,-110.425226,2026-05-22
Ursus arctos,Brown / Grizzly Bear,Mammalia,yellowstone,44.40757,-110.437487,2026-05-21
Ursus arctos,Brown / Grizzly Bear,Mammalia,yellowstone,44.635288,-110.761213,2026-05-25
Ursus arctos,Brown / Grizzly Bear,Mammalia,yellowstone,44.613938,-110.642041,2026-05-28
Ursus arctos,Brown / Grizzly Bear,Mammalia,yellowstone,44.942626,-110.501544,2026-05-26
Ursus arctos,Brown / Grizzly Bear,Mammalia,yellowstone,44.749745,-110.473622,2026-05-30
Ursus arctos,Brown / Grizzly Bear,Mammalia,yellowstone,44.501687,-110.545644,2026-05-21
Ursus arctos,Brown / Grizzly Bear,Mammalia,yellowstone,44.721582,-110.529687,2026-05-30
Ursus arctos,Brown / Grizzly Bear,Mammalia,yellowstone,44.870454,-110.454893,2026-05-23
Ursus arctos,Brown / Grizzly Bear,Mammalia,yellowstone,44.59509,-110.138242,2026-05-17
Ursus arctos,Brown / Grizzly Bear,Mammalia,yellowstone,44.496785,-110.562787,2026-05-20
Ursus arctos,Brown / Grizzly Bear,Mammalia,yellowstone,44.745656,-110.754673,2026-05-10
Ursus arctos,Brown / Grizzly Bear,Mammalia,yellowstone,44.554942,-110.368569,2026-05-26
Ursus arctos,Brown / Grizzly Bear,Mammalia,yellowstone,44.508756,-110.372392,2026-05-12
Ursus arctos,Brown / Grizzly Bear,Mammalia,yellowstone,44.563816,-110.429954,2026-05-27
Ursus arctos,Brown / Grizzly Bear,Mammalia,yellowstone,44.433446,-110.590858,2026-05-21
Ursus arctos,Brown / Grizzly Bear,Mammalia,yellowstone,44.571996,-110.50927,2026-05-20
Ursus arctos,Brown / Grizzly Bear,Mammalia,yellowstone,44.688074,-110.502577,2026-05-31
Ursus arctos,Brown / Grizzly Bear,Mammalia,yellowstone,44.854667,-110.360979,2026-05-26
Ursus arctos,Brown / Grizzly Bear,Mammalia,yellowstone,44.503906,-110.492505,2026-05-20
Ursus arctos,Brown / Grizzly Bear,Mammalia,yellowstone,44.55606,-109.857266,2026-05-24
Ursus arctos,Brown / Grizzly Bear,Mammalia,yellowstone,44.755371,-110.88846,2026-05-30
Ursus arctos,Brown / Grizzly Bear,Mammalia,yellowstone,44.863724,-110.16955,2026-05-28
Ursus arctos,Brown / Grizzly Bear,Mammalia,yellowstone,44.850833,-110.600004,2026-05-19
Ursus arctos,Brown / Grizzly Bear,Mammalia,yellowstone,44.102806,-110.791509,2026-05-15
Ursus arctos,Brown / Grizzly Bear,Mammalia,yellowstone,44.422732,-110.24796,2026-05-14
Ursus arctos,Brown / Grizzly Bear,Mammalia,yellowstone,44.644433,-110.593167,2026-05-14
Ursus arctos,Brown / Grizzly Bear,Mammalia,yellowstone,44.956324,-110.096276,2026-05-29
Ursus arctos,Brown / Grizzly Bear,Mammalia,yellowstone,44.589174,-110.632022,2026-05-31
Ursus arctos,Brown / Grizzly Bear,Mammalia,yellowstone,44.703529,-110.679861,2026-05-14
Ursus arctos,Brown / Grizzly Bear,Mammalia,yellowstone,44.702538,-110.772264,2026-05-13
Ursus arctos,Brown / Grizzly Bear,Mammalia,yellowstone,44.655659,-110.490956,2026-05-23
Ursus arctos,Brown / Grizzly Bear,Mammalia,yellowstone,44.823671,-110.616887,2026-05-14
Ursus arctos,Brown / Grizzly Bear,Mammalia,yellowstone,44.496199,-110.52723,2026-05-08
Ursus arctos,Brown / Grizzly Bear,Mammalia,yellowstone,44.88353,-110.202012,2026-05-11
Ursus arctos,Brown / Grizzly Bear,Mammalia,yellowstone,44.867379,-110.680225,2026-05-28
Ursus arctos,Brown / Grizzly Bear,Mammalia,yellowstone,44.85826,-110.353641,2026-05-09
Ursus arctos,Brown / Grizzly Bear,Mammalia,yellowstone,44.928693,-110.263101,2026-05-09
Ursus arctos,Brown / Grizzly Bear,Mammalia,yellowstone,44.851879,-110.124423,2026-05-31
Ursus arctos,Brown / Grizzly Bear,Mammalia,yellowstone,44.778418,-110.508728,2026-05-31
Ursus arctos,Brown / Grizzly Bear,Mammalia,yellowstone,44.64109,-110.473173,2026-05-30
Ursus arctos,Brown / Grizzly Bear,Mammalia,yellowstone,44.734049,-110.404534,2026-05-30
Ursus arctos,Brown / Grizzly Bear,Mammalia,yellowstone,44.827219,-110.218926,2026-05-09
Ursus arctos,Brown / Grizzly Bear,Mammalia,yellowstone,44.907412,-110.645942,2026-05-10
Ursus arctos,Brown / Grizzly Bear,Mammalia,yellowstone,44.670804,-110.50323,2026-05-10
Ursus arctos,Brown / Grizzly Bear,Mammalia,yellowstone,44.631462,-110.405992,2026-05-10
Ursus arctos,Brown / Grizzly Bear,Mammalia,yellowstone,44.529598,-110.344081,2026-06-01
Ursus arctos,Brown / Grizzly Bear,Mammalia,yellowstone,44.847127,-110.097426,2026-06-13
Ursus arctos,Brown / Grizzly Bear,Mammalia,yellowstone,44.743527,-110.746957,2026-06-08
Ursus arctos,Brown / Grizzly Bear,Mammalia,yellowstone,44.552769,-110.773099,2026-06-04
Ursus arctos,Brown / Grizzly Bear,Mammalia,yellowstone,44.950282,-110.038132,2026-06-02
Ursus arctos,Brown / Grizzly Bear,Mammalia,yellowstone,44.306379,-110.670478,2026-06-04
Ursus arctos,Brown / Grizzly Bear,Mammalia,yellowstone,44.407532,-109.838728,2026-06-01
Ursus arctos,Brown / Grizzly Bear,Mammalia,yellowstone,44.939704,-110.481003,2026-06-07
Ursus arctos,Brown / Grizzly Bear,Mammalia,yellowstone,44.589211,-110.307867,2026-06-06
Ursus arctos,Brown / Grizzly Bear,Mammalia,yellowstone,44.789766,-110.48483,2026-06-11
Ursus arctos,Brown / Grizzly Bear,Mammalia,yellowstone,45.004728,-110.035897,2026-06-02
Ursus arctos,Brown / Grizzly Bear,Mammalia,yellowstone,44.521512,-110.296903,2026-06-20
Ursus arctos,Brown / Grizzly Bear,Mammalia,yellowstone,44.945964,-110.362646,2026-06-19
Ursus arctos,Brown / Grizzly Bear,Mammalia,yellowstone,44.195011,-110.637006,2026-06-10
Ursus arctos,Brown / Grizzly Bear,Mammalia,yellowstone,44.501864,-109.855872,2026-06-20
Ursus arctos,Brown / Grizzly Bear,Mammalia,yellowstone,44.741112,-110.579025,2026-06-25
Ursus arctos,Brown / Grizzly Bear,Mammalia,yellowstone,44.665565,-111.018014,2026-06-12
Ursus arctos,Brown / Grizzly Bear,Mammalia,yellowstone,44.700881,-110.575085,2026-06-25
Ursus arctos,Brown / Grizzly Bear,Mammalia,yellowstone,44.541141,-110.868225,2026-06-26
Ursus arctos,Brown / Grizzly Bear,Mammalia,yellowstone,44.680188,-110.411377,2026-06-28
Ursus arctos,Brown / Grizzly Bear,Mammalia,yellowstone,44.48723,-110.323638,2026-06-17
Ursus arctos,Brown / Grizzly Bear,Mammalia,yellowstone,44.565592,-110.349712,2026-06-29
Ursus arctos,Brown / Grizzly Bear,Mammalia,yellowstone,44.742065,-110.515935,2026-06-26
Ursus arctos,Brown / Grizzly Bear,Mammalia,yellowstone,44.772003,-110.593107,2026-06-30
Ursus arctos,Brown / Grizzly Bear,Mammalia,yellowstone,44.710563,-110.45655,2026-06-26
Ursus arctos,Brown / Grizzly Bear,Mammalia,yellowstone,44.626447,-110.545061,2026-06-25
Ursus arctos,Brown / Grizzly Bear,Mammalia,yellowstone,44.773036,-110.402691,2026-06-30
Ursus arctos,Brown / Grizzly Bear,Mammalia,yellowstone,44.53723,-110.202626,2026-06-01
Ursus arctos,Brown / Grizzly Bear,Mammalia,yellowstone,44.598082,-110.805178,2026-06-20
Ursus arctos,Brown / Grizzly Bear,Mammalia,yellowstone,44.625069,-110.4144,2026-06-24
Ursus arctos,Brown / Grizzly Bear,Mammalia,yellowstone,44.792547,-110.537394,2026-06-30
Ursus arctos,Brown / Grizzly Bear,Mammalia,yellowstone,44.191506,-110.639683,2026-06-09
Ursus arctos,Brown / Grizzly Bear,Mammalia,yellowstone,44.539559,-110.27719,2026-06-03
Ursus arctos,Brown / Grizzly Bear,Mammalia,yellowstone,44.504085,-110.277625,2026-06-03
Ursus arctos,Brown / Grizzly Bear,Mammalia,yellowstone,44.705826,-110.471123,2026-06-14
Ursus arctos,Brown / Grizzly Bear,Mammalia,yellowstone,44.41267,-110.304707,2026-06-16
Ursus arctos,Brown / Grizzly Bear,Mammalia,yellowstone,44.603244,-110.264919,2026-06-13
Ursus arctos,Brown / Grizzly Bear,Mammalia,yellowstone,44.459349,-110.349082,2026-06-01
Ursus arctos,Brown / Grizzly Bear,Mammalia,yellowstone,44.642442,-110.474106,2026-06-16
Ursus arctos,Brown / Grizzly Bear,Mammalia,yellowstone,44.534756,-110.258597,2026-06-01
Ursus arctos,Brown / Grizzly Bear,Mammalia,yellowstone,44.469327,-110.357569,2026-06-23
Ursus arctos,Brown / Grizzly Bear,Mammalia,yellowstone,44.877873,-110.35447,2026-06-14
Ursus arctos,Brown / Grizzly Bear,Mammalia,yellowstone,44.791356,-110.487563,2026-06-02
Ursus arctos,Brown / Grizzly Bear,Mammalia,yellowstone,44.850229,-110.322086,2026-06-14
Ursus arctos,Brown / Grizzly Bear,Mammalia,yellowstone,44.479814,-110.669955,2026-06-20
Ursus arctos,Brown / Grizzly Bear,Mammalia,yellowstone,44.803421,-110.092261,2026-06-25
Ursus arctos,Brown / Grizzly Bear,Mammalia,yellowstone,44.710175,-110.490322,2026-06-20
Ursus arctos,Brown / Grizzly Bear,Mammalia,yellowstone,44.648518,-110.576903,2026-07-01
Ursus arctos,Brown / Grizzly Bear,Mammalia,yellowstone,44.193561,-110.794182,2026-07-03
Ursus arctos,Brown / Grizzly Bear,Mammalia,yellowstone,44.73502,-110.554528,2026-07-01
Ursus arctos,Brown / Grizzly Bear,Mammalia,yellowstone,44.595201,-110.437866,2026-07-02
Ursus arctos,Brown / Grizzly Bear,Mammalia,yellowstone,44.773401,-110.753647,2026-07-02
Ursus arctos,Brown / Grizzly Bear,Mammalia,yellowstone,44.776252,-110.436488,2026-07-03
Ursus arctos,Brown / Grizzly Bear,Mammalia,yellowstone,44.914743,-110.188539,2026-07-04
Ursus arctos,Brown / Grizzly Bear,Mammalia,yellowstone,44.874926,-110.115046,2026-07-03
Ursus arctos,Brown / Grizzly Bear,Mammalia,yellowstone,44.602241,-110.49654,2026-07-05
Ursus arctos,Brown / Grizzly Bear,Mammalia,yellowstone,44.614476,-110.743552,2026-07-07
Ursus arctos,Brown / Grizzly Bear,Mammalia,yellowstone,44.788968,-110.70466,2026-07-07
Ursus arctos,Brown / Grizzly Bear,Mammalia,yellowstone,44.736541,-110.486313,2026-07-08
Ursus arctos,Brown / Grizzly Bear,Mammalia,yellowstone,44.817454,-110.081156,2026-07-06
Ursus arctos,Brown / Grizzly Bear,Mammalia,yellowstone,44.549383,-110.906545,2026-07-11
Ursus arctos,Brown / Grizzly Bear,Mammalia,yellowstone,44.773303,-110.719093,2026-07-04
Ursus arctos,Brown / Grizzly Bear,Mammalia,yellowstone,44.915703,-110.156763,2026-07-03
Ursus arctos,Brown / Grizzly Bear,Mammalia,yellowstone,44.940827,-110.735995,2026-07-14
Ursus arctos,Brown / Grizzly Bear,Mammalia,yellowstone,44.62006,-110.575319,2026-07-18
Ursus arctos,Brown / Grizzly Bear,Mammalia,yellowstone,44.713299,-110.546342,2026-07-19
Ursus arctos,Brown / Grizzly Bear,Mammalia,yellowstone,44.917336,-110.196226,2026-07-03
Ursus arctos,Brown / Grizzly Bear,Mammalia,yellowstone,44.687295,-110.582011,2026-07-06
Ursus arctos,Brown / Grizzly Bear,Mammalia,yellowstone,44.980323,-110.05382,2026-07-27
Ursus arctos,Brown / Grizzly Bear,Mammalia,yellowstone,44.966802,-110.362842,2026-07-24
Ursus arctos,Brown / Grizzly Bear,Mammalia,yellowstone,44.814807,-110.014275,2026-07-30
Ursus arctos,Brown / Grizzly Bear,Mammalia,yellowstone,44.436912,-110.132214,2026-07-27
Ursus arctos,Brown / Grizzly Bear,Mammalia,yellowstone,44.507791,-110.265856,2026-07-21
Ursus arctos,Brown / Grizzly Bear,Mammalia,yellowstone,44.845015,-110.283357,2026-07-21
Ursus arctos,Brown / Grizzly Bear,Mammalia,yellowstone,44.678922,-110.48428,2026-08-01
Ursus arctos,Brown / Grizzly Bear,Mammalia,yellowstone,44.623385,-111.022478,2026-08-09
Ursus arctos,Brown / Grizzly Bear,Mammalia,yellowstone,44.803439,-110.21077,2026-08-03
Ursus arctos,Brown / Grizzly Bear,Mammalia,yellowstone,44.88169,-110.302983,2026-08-03
Ursus arctos,Brown / Grizzly Bear,Mammalia,yellowstone,44.962306,-110.354399,2026-08-16
Ursus arctos,Brown / Grizzly Bear,Mammalia,yellowstone,44.637272,-110.447328,2026-08-04
Ursus arctos,Brown / Grizzly Bear,Mammalia,yellowstone,44.435451,-110.364103,2026-08-07
Ursus arctos,Brown / Grizzly Bear,Mammalia,yellowstone,44.960371,-110.308564,2026-08-12
Ursus arctos,Brown / Grizzly Bear,Mammalia,yellowstone,44.994958,-109.746669,2026-08-24
Ursus arctos,Brown / Grizzly Bear,Mammalia,yellowstone,44.65972,-110.58255,2026-08-16
Ursus arctos,Brown / Grizzly Bear,Mammalia,yellowstone,44.878758,-110.236099,2026-08-03
Ursus arctos,Brown / Grizzly Bear,Mammalia,yellowstone,44.849009,-109.757459,2026-08-28
Ursus arctos,Brown / Grizzly Bear,Mammalia,yellowstone,45.01672,-109.889344,2026-09-02
Ursus arctos,Brown / Grizzly Bear,Mammalia,yellowstone,44.771678,-110.667542,2025-03-15
Ursus arctos,Brown / Grizzly Bear,Mammalia,yellowstone,44.806557,-110.327568,2025-05-11
Ursus arctos,Brown / Grizzly Bear,Mammalia,yellowstone,44.852863,-110.365731,2025-05-06
Ursus arctos,Brown / Grizzly Bear,Mammalia,yellowstone,44.731301,-110.542689,2025-05-11
Ursus arctos,Brown / Grizzly Bear,Mammalia,yellowstone,44.423605,-110.523581,2025-05-19
Ursus arctos,Brown / Grizzly Bear,Mammalia,yellowstone,44.694365,-110.72701,2025-05-22
Ursus arctos,Brown / Grizzly Bear,Mammalia,yellowstone,44.637361,-110.488744,2025-05-25
Ursus arctos,Brown / Grizzly Bear,Mammalia,yellowstone,44.57997,-110.217198,2025-05-22
Ursus arctos,Brown / Grizzly Bear,Mammalia,yellowstone,44.774938,-110.578353,2025-05-19
Ursus arctos,Brown / Grizzly Bear,Mammalia,yellowstone,44.500295,-110.234483,2025-05-18
Ursus arctos,Brown / Grizzly Bear,Mammalia,yellowstone,44.532672,-110.397788,2025-05-22
Ursus arctos,Brown / Grizzly Bear,Mammalia,yellowstone,44.524363,-110.857688,2025-05-20
Ursus arctos,Brown / Grizzly Bear,Mammalia,yellowstone,44.483772,-110.34917,2025-05-20
Ursus arctos,Brown / Grizzly Bear,Mammalia,yellowstone,44.931938,-110.070295,2025-05-22
Ursus arctos,Brown / Grizzly Bear,Mammalia,yellowstone,44.499416,-110.429942,2025-05-18
Ursus arctos,Brown / Grizzly Bear,Mammalia,yellowstone,44.612317,-110.566482,2025-05-14
Ursus arctos,Brown / Grizzly Bear,Mammalia,yellowstone,44.830354,-110.715891,2025-05-22
Ursus arctos,Brown / Grizzly Bear,Mammalia,yellowstone,44.620575,-110.654115,2025-05-21
Ursus arctos,Brown / Grizzly Bear,Mammalia,yellowstone,44.71888,-110.670655,2025-05-25
Ursus arctos,Brown / Grizzly Bear,Mammalia,yellowstone,44.657952,-110.492958,2025-05-26
Ursus arctos,Brown / Grizzly Bear,Mammalia,yellowstone,44.73168,-110.584457,2025-05-18
Ursus arctos,Brown / Grizzly Bear,Mammalia,yellowstone,44.457224,-110.365476,2025-05-28
Ursus arctos,Brown / Grizzly Bear,Mammalia,yellowstone,44.655561,-110.713504,2025-05-28
Ursus arctos,Brown / Grizzly Bear,Mammalia,yellowstone,44.52088,-110.591153,2025-05-23
Ursus arctos,Brown / Grizzly Bear,Mammalia,yellowstone,44.429061,-110.468986,2025-05-29
Ursus arctos,Brown / Grizzly Bear,Mammalia,yellowstone,44.74248,-110.576647,2025-05-22
Ursus arctos,Brown / Grizzly Bear,Mammalia,yellowstone,44.676868,-110.60151,2025-05-30
Ursus arctos,Brown / Grizzly Bear,Mammalia,yellowstone,44.918406,-110.148049,2025-05-14
Ursus arctos,Brown / Grizzly Bear,Mammalia,yellowstone,44.555749,-110.01842,2025-05-19
Ursus arctos,Brown / Grizzly Bear,Mammalia,yellowstone,44.469523,-110.267683,2025-05-30
Ursus arctos,Brown / Grizzly Bear,Mammalia,yellowstone,44.436349,-110.26657,2025-05-30
Ursus arctos,Brown / Grizzly Bear,Mammalia,yellowstone,44.72372,-110.753691,2025-05-29
Ursus arctos,Brown / Grizzly Bear,Mammalia,yellowstone,44.940815,-110.121745,2025-05-22
Ursus arctos,Brown / Grizzly Bear,Mammalia,yellowstone,44.883186,-110.365322,2025-05-13
Ursus arctos,Brown / Grizzly Bear,Mammalia,yellowstone,44.841678,-110.54042,2025-05-18
Ursus arctos,Brown / Grizzly Bear,Mammalia,yellowstone,44.511646,-110.253094,2025-05-14
Ursus arctos,Brown / Grizzly Bear,Mammalia,yellowstone,44.734777,-110.517437,2025-05-17
Ursus arctos,Brown / Grizzly Bear,Mammalia,yellowstone,44.960078,-110.761412,2025-05-16
Ursus arctos,Brown / Grizzly Bear,Mammalia,yellowstone,44.903413,-110.344609,2025-05-17
Ursus arctos,Brown / Grizzly Bear,Mammalia,yellowstone,44.459013,-110.881919,2025-05-16
Ursus arctos,Brown / Grizzly Bear,Mammalia,yellowstone,44.931104,-110.001882,2025-05-17
Ursus arctos,Brown / Grizzly Bear,Mammalia,yellowstone,44.847015,-110.178097,2025-05-17
Ursus arctos,Brown / Grizzly Bear,Mammalia,yellowstone,45.040424,-110.683604,2025-05-15
Ursus arctos,Brown / Grizzly Bear,Mammalia,yellowstone,44.642568,-110.415578,2025-05-14
Ursus arctos,Brown / Grizzly Bear,Mammalia,yellowstone,44.457907,-109.811826,2025-05-29
Ursus arctos,Brown / Grizzly Bear,Mammalia,yellowstone,44.473824,-110.436517,2025-05-18
Ursus arctos,Brown / Grizzly Bear,Mammalia,yellowstone,44.735694,-110.74513,2025-05-21
Ursus arctos,Brown / Grizzly Bear,Mammalia,yellowstone,44.962887,-110.533522,2025-05-11
Ursus arctos,Brown / Grizzly Bear,Mammalia,yellowstone,44.508544,-110.310832,2025-05-25
Ursus arctos,Brown / Grizzly Bear,Mammalia,yellowstone,44.872675,-110.692968,2025-05-25
Ursus arctos,Brown / Grizzly Bear,Mammalia,yellowstone,44.960096,-110.452843,2025-05-25
Ursus arctos,Brown / Grizzly Bear,Mammalia,yellowstone,44.587963,-110.373625,2025-05-22
Ursus arctos,Brown / Grizzly Bear,Mammalia,yellowstone,44.999311,-110.653271,2025-05-13
Ursus arctos,Brown / Grizzly Bear,Mammalia,yellowstone,44.522205,-110.566164,2025-05-20
Ursus arctos,Brown / Grizzly Bear,Mammalia,yellowstone,44.6133,-110.594327,2025-06-02
Ursus arctos,Brown / Grizzly Bear,Mammalia,yellowstone,44.950588,-110.200641,2025-06-03
Ursus arctos,Brown / Grizzly Bear,Mammalia,yellowstone,44.833771,-110.327384,2025-06-07
Ursus arctos,Brown / Grizzly Bear,Mammalia,yellowstone,44.768444,-110.484465,2025-06-04
Ursus arctos,Brown / Grizzly Bear,Mammalia,yellowstone,44.699859,-110.525663,2025-06-02
Ursus arctos,Brown / Grizzly Bear,Mammalia,yellowstone,44.972247,-110.360461,2025-06-03
Ursus arctos,Brown / Grizzly Bear,Mammalia,yellowstone,44.608779,-110.410269,2025-06-08
Ursus arctos,Brown / Grizzly Bear,Mammalia,yellowstone,44.557738,-110.232711,2025-06-03
Ursus arctos,Brown / Grizzly Bear,Mammalia,yellowstone,44.708708,-110.546124,2025-06-01
Ursus arctos,Brown / Grizzly Bear,Mammalia,yellowstone,44.783104,-110.467212,2025-06-01
Ursus arctos,Brown / Grizzly Bear,Mammalia,yellowstone,44.951492,-110.224163,2025-06-20
Ursus arctos,Brown / Grizzly Bear,Mammalia,yellowstone,44.406317,-109.876771,2025-06-18
Ursus arctos,Brown / Grizzly Bear,Mammalia,yellowstone,44.629741,-110.486737,2025-06-15
Ursus arctos,Brown / Grizzly Bear,Mammalia,yellowstone,44.961691,-110.200871,2025-06-10
Ursus arctos,Brown / Grizzly Bear,Mammalia,yellowstone,44.52062,-110.298261,2025-06-21
Ursus arctos,Brown / Grizzly Bear,Mammalia,yellowstone,44.680608,-110.578648,2025-06-22
Ursus arctos,Brown / Grizzly Bear,Mammalia,yellowstone,44.743168,-110.648353,2025-06-23
Ursus arctos,Brown / Grizzly Bear,Mammalia,yellowstone,44.416595,-110.478808,2025-06-22
Ursus arctos,Brown / Grizzly Bear,Mammalia,yellowstone,44.736499,-110.525034,2025-06-29
Ursus arctos,Brown / Grizzly Bear,Mammalia,yellowstone,44.715208,-110.760765,2025-06-23
Ursus arctos,Brown / Grizzly Bear,Mammalia,yellowstone,44.984485,-110.358132,2025-06-30
Ursus arctos,Brown / Grizzly Bear,Mammalia,yellowstone,44.691496,-110.573947,2025-06-29
Ursus arctos,Brown / Grizzly Bear,Mammalia,yellowstone,44.628999,-110.433284,2025-06-29
Ursus arctos,Brown / Grizzly Bear,Mammalia,yellowstone,44.50589,-109.951294,2025-06-20
Ursus arctos,Brown / Grizzly Bear,Mammalia,yellowstone,44.705493,-110.579901,2025-06-29
Ursus arctos,Brown / Grizzly Bear,Mammalia,yellowstone,44.771928,-110.44007,2025-06-29
Ursus arctos,Brown / Grizzly Bear,Mammalia,yellowstone,44.649139,-110.62648,2025-06-29
Ursus arctos,Brown / Grizzly Bear,Mammalia,yellowstone,44.906338,-110.058684,2025-06-20
Ursus arctos,Brown / Grizzly Bear,Mammalia,yellowstone,44.768117,-110.522447,2025-06-29
Ursus arctos,Brown / Grizzly Bear,Mammalia,yellowstone,44.414873,-110.283444,2025-06-11
Ursus arctos,Brown / Grizzly Bear,Mammalia,yellowstone,44.892861,-110.348411,2025-06-30
Ursus arctos,Brown / Grizzly Bear,Mammalia,yellowstone,44.423556,-110.873469,2025-06-28
Ursus arctos,Brown / Grizzly Bear,Mammalia,yellowstone,44.828319,-110.397713,2025-06-29
Ursus arctos,Brown / Grizzly Bear,Mammalia,yellowstone,44.939102,-110.56227,2025-06-29
Ursus arctos,Brown / Grizzly Bear,Mammalia,yellowstone,44.718851,-110.408514,2025-06-22
Ursus arctos,Brown / Grizzly Bear,Mammalia,yellowstone,44.805791,-110.625086,2025-06-06
Ursus arctos,Brown / Grizzly Bear,Mammalia,yellowstone,44.615754,-110.440637,2025-06-01
Ursus arctos,Brown / Grizzly Bear,Mammalia,yellowstone,44.47591,-110.245269,2025-06-21
Ursus arctos,Brown / Grizzly Bear,Mammalia,yellowstone,44.567616,-110.453842,2025-06-25
Ursus arctos,Brown / Grizzly Bear,Mammalia,yellowstone,44.43305,-110.205914,2025-06-22
Ursus arctos,Brown / Grizzly Bear,Mammalia,yellowstone,44.773268,-110.412675,2025-06-29
Ursus arctos,Brown / Grizzly Bear,Mammalia,yellowstone,44.808643,-109.892499,2025-06-13
Ursus arctos,Brown / Grizzly Bear,Mammalia,yellowstone,44.457859,-109.874839,2025-06-03
Ursus arctos,Brown / Grizzly Bear,Mammalia,yellowstone,44.424357,-110.359211,2025-06-06
Ursus arctos,Brown / Grizzly Bear,Mammalia,yellowstone,44.732986,-110.794054,2025-07-07
Ursus arctos,Brown / Grizzly Bear,Mammalia,yellowstone,44.689882,-110.579796,2025-07-07
Ursus arctos,Brown / Grizzly Bear,Mammalia,yellowstone,44.601817,-110.514271,2025-07-07
Ursus arctos,Brown / Grizzly Bear,Mammalia,yellowstone,44.73157,-110.508926,2025-07-07
Ursus arctos,Brown / Grizzly Bear,Mammalia,yellowstone,44.590253,-110.096884,2025-07-07
Ursus arctos,Brown / Grizzly Bear,Mammalia,yellowstone,44.632337,-110.514651,2025-07-07
Ursus arctos,Brown / Grizzly Bear,Mammalia,yellowstone,44.462743,-110.156598,2025-07-17
Ursus arctos,Brown / Grizzly Bear,Mammalia,yellowstone,44.564674,-110.154903,2025-07-07
Ursus arctos,Brown / Grizzly Bear,Mammalia,yellowstone,44.485677,-110.295863,2025-07-15
Ursus arctos,Brown / Grizzly Bear,Mammalia,yellowstone,44.578011,-109.99685,2025-07-07
Ursus arctos,Brown / Grizzly Bear,Mammalia,yellowstone,44.804296,-110.267702,2025-07-16
Ursus arctos,Brown / Grizzly Bear,Mammalia,yellowstone,44.550327,-110.559673,2025-07-23
Ursus arctos,Brown / Grizzly Bear,Mammalia,yellowstone,44.491749,-110.558368,2025-07-22
Ursus arctos,Brown / Grizzly Bear,Mammalia,yellowstone,44.696637,-110.445373,2025-07-06
Ursus arctos,Brown / Grizzly Bear,Mammalia,yellowstone,44.708896,-110.412766,2025-07-09
Ursus arctos,Brown / Grizzly Bear,Mammalia,yellowstone,44.926184,-110.203049,2025-07-18
Ursus arctos,Brown / Grizzly Bear,Mammalia,yellowstone,44.561281,-110.284598,2025-07-05
Ursus arctos,Brown / Grizzly Bear,Mammalia,yellowstone,44.499405,-110.082149,2025-07-22
Ursus arctos,Brown / Grizzly Bear,Mammalia,yellowstone,44.445531,-110.395464,2025-07-22
Ursus arctos,Brown / Grizzly Bear,Mammalia,yellowstone,44.502185,-110.943629,2025-07-04
Ursus arctos,Brown / Grizzly Bear,Mammalia,yellowstone,44.616963,-110.56405,2025-08-04
Ursus arctos,Brown / Grizzly Bear,Mammalia,yellowstone,44.65705,-110.550914,2025-08-04
Ursus arctos,Brown / Grizzly Bear,Mammalia,yellowstone,44.761408,-110.478098,2025-08-04
Ursus arctos,Brown / Grizzly Bear,Mammalia,yellowstone,44.858197,-110.211536,2025-08-13
Ursus arctos,Brown / Grizzly Bear,Mammalia,yellowstone,44.723914,-110.388128,2025-08-05
Ursus arctos,Brown / Grizzly Bear,Mammalia,yellowstone,44.704733,-110.427073,2025-08-08
Ursus arctos,Brown / Grizzly Bear,Mammalia,yellowstone,44.824269,-110.349136,2025-08-16
Ursus arctos,Brown / Grizzly Bear,Mammalia,yellowstone,44.656399,-110.585333,2025-08-08
Ursus arctos,Brown / Grizzly Bear,Mammalia,yellowstone,44.45802,-110.808129,2025-08-09
Ursus arctos,Brown / Grizzly Bear,Mammalia,yellowstone,44.680372,-110.555483,2025-08-04
Ursus arctos,Brown / Grizzly Bear,Mammalia,yellowstone,44.719144,-110.557081,2025-08-17
Ursus arctos,Brown / Grizzly Bear,Mammalia,yellowstone,44.677657,-110.610146,2025-08-13
Ursus arctos,Brown / Grizzly Bear,Mammalia,yellowstone,44.802938,-110.337411,2025-08-25
Ursus arctos,Brown / Grizzly Bear,Mammalia,yellowstone,44.814256,-110.386568,2025-08-28
Ursus arctos,Brown / Grizzly Bear,Mammalia,yellowstone,44.811906,-110.271358,2025-08-09
Ursus arctos,Brown / Grizzly Bear,Mammalia,yellowstone,44.763884,-110.56728,2025-08-04
Ursus arctos,Brown / Grizzly Bear,Mammalia,yellowstone,44.961327,-110.341051,2025-08-30
Ursus arctos,Brown / Grizzly Bear,Mammalia,yellowstone,44.895135,-110.295921,2025-08-29
Ursus arctos,Brown / Grizzly Bear,Mammalia,yellowstone,44.67226,-110.440674,2025-08-07
Ursus arctos,Brown / Grizzly Bear,Mammalia,yellowstone,44.873243,-110.387043,2025-08-28
Ursus arctos,Brown / Grizzly Bear,Mammalia,yellowstone,44.979544,-110.28403,2025-08-28
Ursus arctos,Brown / Grizzly Bear,Mammalia,yellowstone,44.671972,-110.473032,2025-08-04
Ursus arctos,Brown / Grizzly Bear,Mammalia,yellowstone,44.79053,-110.490483,2025-08-17
Ursus arctos,Brown / Grizzly Bear,Mammalia,yellowstone,44.679983,-110.481665,2025-08-31
Ursus arctos,Brown / Grizzly Bear,Mammalia,yellowstone,44.95882,-110.325598,2025-08-28
Ursus arctos,Brown / Grizzly Bear,Mammalia,yellowstone,44.883985,-110.336489,2025-08-31
Ursus arctos,Brown / Grizzly Bear,Mammalia,yellowstone,44.826225,-110.067622,2025-08-13
Ursus arctos,Brown / Grizzly Bear,Mammalia,yellowstone,44.870728,-110.128506,2025-08-13
Ursus arctos,Brown / Grizzly Bear,Mammalia,yellowstone,44.866331,-110.137904,2025-08-29
Ursus arctos,Brown / Grizzly Bear,Mammalia,yellowstone,44.8994,-110.032676,2025-08-12
Ursus arctos,Brown / Grizzly Bear,Mammalia,yellowstone,44.527497,-110.962568,2025-08-12
Ursus arctos,Brown / Grizzly Bear,Mammalia,yellowstone,44.422157,-110.573028,2025-08-29
Ursus arctos,Brown / Grizzly Bear,Mammalia,yellowstone,44.914486,-110.293912,2025-08-02
Ursus arctos,Brown / Grizzly Bear,Mammalia,yellowstone,44.960488,-110.581352,2025-08-31
Ursus arctos,Brown / Grizzly Bear,Mammalia,yellowstone,44.726079,-110.478564,2025-08-14
Ursus arctos,Brown / Grizzly Bear,Mammalia,yellowstone,44.41896,-110.453796,2025-08-17
Ursus arctos,Brown / Grizzly Bear,Mammalia,yellowstone,44.682996,-110.481551,2025-08-17
Ursus arctos,Brown / Grizzly Bear,Mammalia,yellowstone,44.845442,-110.051466,2025-08-30
Ursus arctos,Brown / Grizzly Bear,Mammalia,yellowstone,44.897014,-110.132301,2025-09-01
Ursus arctos,Brown / Grizzly Bear,Mammalia,yellowstone,44.709082,-110.421454,2025-09-13
Ursus arctos,Brown / Grizzly Bear,Mammalia,yellowstone,44.797588,-110.516623,2025-09-11
Ursus arctos,Brown / Grizzly Bear,Mammalia,yellowstone,44.411029,-110.391831,2025-09-02
Ursus arctos,Brown / Grizzly Bear,Mammalia,yellowstone,44.913547,-110.337492,2025-09-12
Ursus arctos,Brown / Grizzly Bear,Mammalia,yellowstone,44.698244,-110.496651,2025-09-03
Ursus arctos,Brown / Grizzly Bear,Mammalia,yellowstone,44.975085,-110.205646,2025-09-13
Ursus arctos,Brown / Grizzly Bear,Mammalia,yellowstone,44.639519,-110.400392,2025-09-12
Ursus arctos,Brown / Grizzly Bear,Mammalia,yellowstone,44.887765,-110.062195,2025-09-01
Ursus arctos,Brown / Grizzly Bear,Mammalia,yellowstone,44.753761,-110.586163,2025-09-17
Ursus arctos,Brown / Grizzly Bear,Mammalia,yellowstone,44.659373,-110.57388,2025-09-18
Ursus arctos,Brown / Grizzly Bear,Mammalia,yellowstone,44.477499,-110.20105,2025-09-18
Ursus arctos,Brown / Grizzly Bear,Mammalia,yellowstone,44.712858,-110.558192,2025-09-08
Ursus arctos,Brown / Grizzly Bear,Mammalia,yellowstone,44.68475,-110.476588,2025-09-19
Ursus arctos,Brown / Grizzly Bear,Mammalia,yellowstone,44.526596,-110.509898,2025-09-20
Ursus arctos,Brown / Grizzly Bear,Mammalia,yellowstone,44.437318,-110.23188,2025-09-19
Ursus arctos,Brown / Grizzly Bear,Mammalia,yellowstone,44.758478,-110.485992,2025-09-18
Ursus arctos,Brown / Grizzly Bear,Mammalia,yellowstone,44.431917,-110.384545,2025-09-19
Ursus arctos,Brown / Grizzly Bear,Mammalia,yellowstone,44.672756,-110.427871,2025-09-13
Ursus arctos,Brown / Grizzly Bear,Mammalia,yellowstone,44.755262,-110.59729,2025-09-23
Ursus arctos,Brown / Grizzly Bear,Mammalia,yellowstone,44.993245,-110.088009,2025-09-22
Ursus arctos,Brown / Grizzly Bear,Mammalia,yellowstone,44.975291,-110.266824,2025-09-21
Ursus arctos,Brown / Grizzly Bear,Mammalia,yellowstone,44.786012,-110.465521,2025-09-21
Ursus arctos,Brown / Grizzly Bear,Mammalia,yellowstone,44.742235,-110.572821,2025-09-13
Ursus arctos,Brown / Grizzly Bear,Mammalia,yellowstone,44.649454,-110.539473,2025-09-13
Ursus arctos,Brown / Grizzly Bear,Mammalia,yellowstone,44.474741,-110.356514,2025-09-19
Ursus arctos,Brown / Grizzly Bear,Mammalia,yellowstone,44.735389,-110.409607,2025-09-13
Ursus arctos,Brown / Grizzly Bear,Mammalia,yellowstone,44.604913,-110.444859,2025-09-25
Ursus arctos,Brown / Grizzly Bear,Mammalia,yellowstone,44.705902,-110.473421,2025-09-13
Ursus arctos,Brown / Grizzly Bear,Mammalia,yellowstone,44.87881,-110.06636,2025-09-03
Ursus arctos,Brown / Grizzly Bear,Mammalia,yellowstone,44.909597,-110.36376,2025-09-24
Ursus arctos,Brown / Grizzly Bear,Mammalia,yellowstone,44.563675,-110.816345,2025-09-30
Ursus arctos,Brown / Grizzly Bear,Mammalia,yellowstone,44.533115,-110.434929,2025-09-25
Ursus arctos,Brown / Grizzly Bear,Mammalia,yellowstone,44.965231,-110.075173,2025-09-22
Ursus arctos,Brown / Grizzly Bear,Mammalia,yellowstone,44.6322,-110.403602,2025-09-22
Ursus arctos,Brown / Grizzly Bear,Mammalia,yellowstone,44.419364,-110.379795,2025-09-27
Ursus arctos,Brown / Grizzly Bear,Mammalia,yellowstone,44.967986,-110.021339,2025-09-21
Ursus arctos,Brown / Grizzly Bear,Mammalia,yellowstone,44.450088,-110.259117,2025-09-18
Ursus arctos,Brown / Grizzly Bear,Mammalia,yellowstone,44.837565,-110.106393,2025-09-21
Ursus arctos,Brown / Grizzly Bear,Mammalia,yellowstone,44.727488,-110.53168,2025-09-21
Ursus arctos,Brown / Grizzly Bear,Mammalia,yellowstone,44.903887,-110.25198,2025-09-26
Ursus arctos,Brown / Grizzly Bear,Mammalia,yellowstone,44.529813,-110.408579,2025-09-18
Ursus arctos,Brown / Grizzly Bear,Mammalia,yellowstone,44.547875,-110.29887,2025-09-17
Ursus arctos,Brown / Grizzly Bear,Mammalia,yellowstone,44.944466,-110.014024,2025-09-27
Ursus arctos,Brown / Grizzly Bear,Mammalia,yellowstone,44.705215,-110.52679,2025-09-27
Ursus arctos,Brown / Grizzly Bear,Mammalia,yellowstone,44.420895,-110.338341,2025-09-16
Ursus arctos,Brown / Grizzly Bear,Mammalia,yellowstone,44.761025,-110.505408,2025-09-18
Ursus arctos,Brown / Grizzly Bear,Mammalia,yellowstone,44.744751,-110.488743,2025-09-14
Ursus arctos,Brown / Grizzly Bear,Mammalia,yellowstone,44.779451,-110.465275,2025-09-27
Ursus arctos,Brown / Grizzly Bear,Mammalia,yellowstone,44.66051,-110.42364,2025-09-28
Ursus arctos,Brown / Grizzly Bear,Mammalia,yellowstone,44.651129,-110.434614,2025-09-13
Ursus arctos,Brown / Grizzly Bear,Mammalia,yellowstone,44.641945,-110.417154,2025-09-27
Ursus arctos,Brown / Grizzly Bear,Mammalia,yellowstone,44.463362,-110.317895,2025-09-17
Ursus arctos,Brown / Grizzly Bear,Mammalia,yellowstone,44.643696,-110.589505,2025-09-27
Ursus arctos,Brown / Grizzly Bear,Mammalia,yellowstone,44.778223,-110.588017,2025-09-26
Ursus arctos,Brown / Grizzly Bear,Mammalia,yellowstone,44.616164,-110.456656,2025-09-14
Ursus arctos,Brown / Grizzly Bear,Mammalia,yellowstone,44.954993,-110.296156,2025-09-08
Ursus arctos,Brown / Grizzly Bear,Mammalia,yellowstone,44.576336,-110.658159,2025-09-04
Ursus arctos,Brown / Grizzly Bear,Mammalia,yellowstone,44.438705,-110.381054,2025-09-18
Ursus arctos,Brown / Grizzly Bear,Mammalia,yellowstone,44.461795,-110.904101,2025-09-27
Ursus arctos,Brown / Grizzly Bear,Mammalia,yellowstone,44.668616,-110.48789,2025-09-27
Ursus arctos,Brown / Grizzly Bear,Mammalia,yellowstone,44.565014,-110.422786,2025-09-21
Ursus arctos,Brown / Grizzly Bear,Mammalia,yellowstone,44.543609,-110.287107,2025-09-02
Ursus arctos,Brown / Grizzly Bear,Mammalia,yellowstone,44.672067,-110.42285,2025-09-27
Ursus arctos,Brown / Grizzly Bear,Mammalia,yellowstone,44.482931,-110.590853,2025-09-17
Ursus arctos,Brown / Grizzly Bear,Mammalia,yellowstone,44.717978,-110.446317,2025-10-04
Ursus arctos,Brown / Grizzly Bear,Mammalia,yellowstone,44.661038,-110.580946,2025-10-01
Ursus arctos,Brown / Grizzly Bear,Mammalia,yellowstone,44.509145,-110.432454,2025-10-01
Ursus arctos,Brown / Grizzly Bear,Mammalia,yellowstone,44.788076,-110.508469,2025-10-04
Ursus arctos,Brown / Grizzly Bear,Mammalia,yellowstone,44.796061,-110.441753,2025-10-02
Ursus arctos,Brown / Grizzly Bear,Mammalia,yellowstone,44.882565,-110.298802,2025-10-02
Ursus arctos,Brown / Grizzly Bear,Mammalia,yellowstone,44.743354,-110.543203,2025-10-08
Ursus arctos,Brown / Grizzly Bear,Mammalia,yellowstone,44.780582,-110.575932,2025-10-03
Ursus arctos,Brown / Grizzly Bear,Mammalia,yellowstone,44.800471,-110.171496,2025-10-02
Ursus arctos,Brown / Grizzly Bear,Mammalia,yellowstone,44.784355,-110.591102,2025-10-08
Ursus arctos,Brown / Grizzly Bear,Mammalia,yellowstone,44.860974,-110.331922,2025-10-28
Ursus arctos,Brown / Grizzly Bear,Mammalia,yellowstone,44.684754,-110.420877,2025-10-24
Ursus arctos,Brown / Grizzly Bear,Mammalia,yellowstone,44.174513,-110.642386,2025-10-17
Ursus arctos,Brown / Grizzly Bear,Mammalia,yellowstone,44.618441,-110.593429,2025-10-08
Ursus arctos,Brown / Grizzly Bear,Mammalia,yellowstone,44.630982,-110.596774,2025-10-04
Ursus arctos,Brown / Grizzly Bear,Mammalia,yellowstone,44.928561,-110.005008,2025-10-03
Ursus arctos,Brown / Grizzly Bear,Mammalia,yellowstone,44.629219,-110.513074,2025-10-03
Ursus arctos,Brown / Grizzly Bear,Mammalia,yellowstone,44.845367,-110.380331,2025-10-02
Ursus arctos,Brown / Grizzly Bear,Mammalia,yellowstone,44.437097,-110.591425,2025-10-05
Ursus arctos,Brown / Grizzly Bear,Mammalia,yellowstone,44.565559,-110.569802,2025-12-10
Ursus arctos,Brown / Grizzly Bear,Mammalia,yellowstone,44.581128,-110.920762,2025-12-20
Ursus arctos,Brown / Grizzly Bear,Mammalia,yellowstone,44.994161,-110.245721,2025-12-12
Ursus arctos,Brown / Grizzly Bear,Mammalia,yellowstone,44.980716,-110.498854,2024-04-19
Ursus arctos,Brown / Grizzly Bear,Mammalia,yellowstone,44.951352,-110.514992,2024-04-19
Ursus arctos,Brown / Grizzly Bear,Mammalia,yellowstone,44.898486,-110.408631,2024-04-26
Ursus arctos,Brown / Grizzly Bear,Mammalia,yellowstone,44.436472,-110.713433,2024-04-25
Ursus arctos,Brown / Grizzly Bear,Mammalia,yellowstone,44.816752,-110.606302,2024-05-05
Ursus arctos,Brown / Grizzly Bear,Mammalia,yellowstone,44.553185,-110.807246,2024-05-13
Ursus arctos,Brown / Grizzly Bear,Mammalia,yellowstone,44.722906,-110.569303,2024-05-09
Ursus arctos,Brown / Grizzly Bear,Mammalia,yellowstone,44.963355,-110.517987,2024-05-13
Ursus arctos,Brown / Grizzly Bear,Mammalia,yellowstone,44.755055,-110.795531,2024-05-12
Ursus arctos,Brown / Grizzly Bear,Mammalia,yellowstone,44.647762,-110.792621,2024-05-11
Ursus arctos,Brown / Grizzly Bear,Mammalia,yellowstone,44.97992,-110.66284,2024-05-08
Ursus arctos,Brown / Grizzly Bear,Mammalia,yellowstone,44.727407,-110.642916,2024-05-03
Ursus arctos,Brown / Grizzly Bear,Mammalia,yellowstone,44.883751,-110.257781,2024-05-18
Ursus arctos,Brown / Grizzly Bear,Mammalia,yellowstone,44.699041,-110.612475,2024-05-17
Ursus arctos,Brown / Grizzly Bear,Mammalia,yellowstone,44.911035,-110.371006,2024-05-19
Ursus arctos,Brown / Grizzly Bear,Mammalia,yellowstone,44.903,-110.413223,2024-05-22
Ursus arctos,Brown / Grizzly Bear,Mammalia,yellowstone,44.801582,-110.796396,2024-05-27
Ursus arctos,Brown / Grizzly Bear,Mammalia,yellowstone,44.851245,-110.235361,2024-05-24
Ursus arctos,Brown / Grizzly Bear,Mammalia,yellowstone,44.95658,-110.515461,2024-05-24
Ursus arctos,Brown / Grizzly Bear,Mammalia,yellowstone,44.501374,-109.9953,2024-05-19
Ursus arctos,Brown / Grizzly Bear,Mammalia,yellowstone,44.730352,-110.4541,2024-05-31
Ursus arctos,Brown / Grizzly Bear,Mammalia,yellowstone,44.941697,-110.37322,2024-05-30
Ursus arctos,Brown / Grizzly Bear,Mammalia,yellowstone,44.442617,-110.532175,2024-05-27
Ursus arctos,Brown / Grizzly Bear,Mammalia,yellowstone,44.488685,-110.284819,2024-05-30
Ursus arctos,Brown / Grizzly Bear,Mammalia,yellowstone,44.522476,-110.256873,2024-05-25
Ursus arctos,Brown / Grizzly Bear,Mammalia,yellowstone,44.863081,-110.068489,2024-05-30
Ursus arctos,Brown / Grizzly Bear,Mammalia,yellowstone,44.649216,-110.552613,2024-05-19
Ursus arctos,Brown / Grizzly Bear,Mammalia,yellowstone,44.840597,-110.615552,2024-05-26
Ursus arctos,Brown / Grizzly Bear,Mammalia,yellowstone,44.765727,-110.759656,2024-05-27
Ursus arctos,Brown / Grizzly Bear,Mammalia,yellowstone,44.92754,-110.737583,2024-05-12
Ursus arctos,Brown / Grizzly Bear,Mammalia,yellowstone,44.939991,-110.739367,2024-05-27
Ursus arctos,Brown / Grizzly Bear,Mammalia,yellowstone,44.790594,-110.887074,2024-05-24
Ursus arctos,Brown / Grizzly Bear,Mammalia,yellowstone,44.791055,-110.518214,2024-05-03
Ursus arctos,Brown / Grizzly Bear,Mammalia,yellowstone,44.731636,-110.707991,2024-05-22
Ursus arctos,Brown / Grizzly Bear,Mammalia,yellowstone,44.616108,-110.834761,2024-05-27
Ursus arctos,Brown / Grizzly Bear,Mammalia,yellowstone,44.610945,-110.720664,2024-05-17
Ursus arctos,Brown / Grizzly Bear,Mammalia,yellowstone,44.622004,-110.546873,2024-05-25
Ursus arctos,Brown / Grizzly Bear,Mammalia,yellowstone,44.793089,-110.766192,2024-05-30
Ursus arctos,Brown / Grizzly Bear,Mammalia,yellowstone,44.706067,-110.405144,2024-05-24
Ursus arctos,Brown / Grizzly Bear,Mammalia,yellowstone,44.52415,-110.901376,2024-05-29
Ursus arctos,Brown / Grizzly Bear,Mammalia,yellowstone,44.882339,-110.653748,2024-05-30
Ursus arctos,Brown / Grizzly Bear,Mammalia,yellowstone,44.647915,-110.543532,2024-05-24
Ursus arctos,Brown / Grizzly Bear,Mammalia,yellowstone,45.027787,-110.707848,2024-05-30
Ursus arctos,Brown / Grizzly Bear,Mammalia,yellowstone,44.684854,-110.776736,2024-05-10
Ursus arctos,Brown / Grizzly Bear,Mammalia,yellowstone,44.967047,-110.730095,2024-05-27
Ursus arctos,Brown / Grizzly Bear,Mammalia,yellowstone,44.909958,-110.027816,2024-05-28
Ursus arctos,Brown / Grizzly Bear,Mammalia,yellowstone,44.661722,-110.763581,2024-05-29
Ursus arctos,Brown / Grizzly Bear,Mammalia,yellowstone,44.996011,-110.529423,2024-05-22
Ursus arctos,Brown / Grizzly Bear,Mammalia,yellowstone,44.665168,-110.575738,2024-05-30
Ursus arctos,Brown / Grizzly Bear,Mammalia,yellowstone,44.758888,-110.4647,2024-05-16
Ursus arctos,Brown / Grizzly Bear,Mammalia,yellowstone,44.877452,-110.467961,2024-05-17
Ursus arctos,Brown / Grizzly Bear,Mammalia,yellowstone,44.914171,-110.215658,2024-05-24
Ursus arctos,Brown / Grizzly Bear,Mammalia,yellowstone,44.838886,-110.192857,2024-05-24
Ursus arctos,Brown / Grizzly Bear,Mammalia,yellowstone,44.504694,-110.116505,2024-05-29
Ursus arctos,Brown / Grizzly Bear,Mammalia,yellowstone,44.468571,-110.945114,2024-05-10
Ursus arctos,Brown / Grizzly Bear,Mammalia,yellowstone,44.953705,-110.503809,2024-05-18
Ursus arctos,Brown / Grizzly Bear,Mammalia,yellowstone,44.480748,-110.739427,2024-05-25
Ursus arctos,Brown / Grizzly Bear,Mammalia,yellowstone,44.896499,-110.49693,2024-05-25
Ursus arctos,Brown / Grizzly Bear,Mammalia,yellowstone,44.420546,-110.271108,2024-05-28
Ursus arctos,Brown / Grizzly Bear,Mammalia,yellowstone,44.449383,-110.243362,2024-05-28
Ursus arctos,Brown / Grizzly Bear,Mammalia,yellowstone,44.97426,-110.300573,2024-05-28
Ursus arctos,Brown / Grizzly Bear,Mammalia,yellowstone,44.682086,-110.527643,2024-05-03
Ursus arctos,Brown / Grizzly Bear,Mammalia,yellowstone,44.551485,-110.504585,2024-05-12
Ursus arctos,Brown / Grizzly Bear,Mammalia,yellowstone,44.800613,-110.73933,2024-05-12
Ursus arctos,Brown / Grizzly Bear,Mammalia,yellowstone,44.643296,-110.660259,2024-05-12
Ursus arctos,Brown / Grizzly Bear,Mammalia,yellowstone,44.60945,-110.930199,2024-05-12
Ursus arctos,Brown / Grizzly Bear,Mammalia,yellowstone,44.682077,-110.621288,2024-06-06
Ursus arctos,Brown / Grizzly Bear,Mammalia,yellowstone,44.082352,-110.610268,2024-06-01
Ursus arctos,Brown / Grizzly Bear,Mammalia,yellowstone,44.656448,-110.770243,2024-06-06
Ursus arctos,Brown / Grizzly Bear,Mammalia,yellowstone,44.896716,-110.660175,2024-06-06
Ursus arctos,Brown / Grizzly Bear,Mammalia,yellowstone,44.783753,-110.875868,2024-06-06
Ursus arctos,Brown / Grizzly Bear,Mammalia,yellowstone,44.920424,-110.744975,2024-06-02
Ursus arctos,Brown / Grizzly Bear,Mammalia,yellowstone,44.805785,-110.712116,2024-06-01
Ursus arctos,Brown / Grizzly Bear,Mammalia,yellowstone,44.707653,-110.676772,2024-06-05
Canis lupus,Gray Wolf,Mammalia,yellowstone,44.761152,-110.896989,2026-01-03
Canis lupus,Gray Wolf,Mammalia,yellowstone,44.659264,-110.614751,2026-01-20
Canis lupus,Gray Wolf,Mammalia,yellowstone,44.804908,-111.215697,2026-02-11
Canis lupus,Gray Wolf,Mammalia,yellowstone,44.804908,-111.215697,2026-02-11
Canis lupus,Gray Wolf,Mammalia,yellowstone,44.854177,-110.29857,2026-03-27
Canis lupus,Gray Wolf,Mammalia,yellowstone,44.985106,-110.30557,2026-04-29
Canis lupus,Gray Wolf,Mammalia,yellowstone,44.407915,-110.333154,2026-05-03
Canis lupus,Gray Wolf,Mammalia,yellowstone,44.484877,-110.203189,2026-05-03
Canis lupus,Gray Wolf,Mammalia,yellowstone,44.856006,-110.246839,2026-05-08
Canis lupus,Gray Wolf,Mammalia,yellowstone,44.558364,-110.237564,2026-05-06
Canis lupus,Gray Wolf,Mammalia,yellowstone,44.935186,-110.338295,2026-05-08
Canis lupus,Gray Wolf,Mammalia,yellowstone,44.915372,-110.337083,2026-05-08
Canis lupus,Gray Wolf,Mammalia,yellowstone,44.995319,-110.395035,2026-05-10
Canis lupus,Gray Wolf,Mammalia,yellowstone,44.963963,-110.240108,2026-05-14
Canis lupus,Gray Wolf,Mammalia,yellowstone,44.992105,-110.206464,2026-05-15
Canis lupus,Gray Wolf,Mammalia,yellowstone,44.541149,-110.45308,2026-05-19
Canis lupus,Gray Wolf,Mammalia,yellowstone,44.599537,-110.476127,2026-05-19
Canis lupus,Gray Wolf,Mammalia,yellowstone,44.718229,-110.524708,2026-05-13
Canis lupus,Gray Wolf,Mammalia,yellowstone,44.758918,-110.492887,2026-05-21
Canis lupus,Gray Wolf,Mammalia,yellowstone,44.818136,-110.347026,2026-05-25
Canis lupus,Gray Wolf,Mammalia,yellowstone,44.986642,-110.355235,2026-05-31
Canis lupus,Gray Wolf,Mammalia,yellowstone,44.968052,-110.057193,2026-05-31
Canis lupus,Gray Wolf,Mammalia,yellowstone,44.864027,-110.043219,2026-05-26
Canis lupus,Gray Wolf,Mammalia,yellowstone,44.901905,-110.271412,2026-05-09
Canis lupus,Gray Wolf,Mammalia,yellowstone,44.735584,-110.553762,2026-06-01
Canis lupus,Gray Wolf,Mammalia,yellowstone,44.86868,-110.113351,2026-06-09
Canis lupus,Gray Wolf,Mammalia,yellowstone,44.893446,-110.201711,2026-06-20
Canis lupus,Gray Wolf,Mammalia,yellowstone,44.894997,-110.393641,2026-06-25
Canis lupus,Gray Wolf,Mammalia,yellowstone,44.785042,-110.584614,2026-06-29
Canis lupus,Gray Wolf,Mammalia,yellowstone,44.89106,-110.029729,2026-06-25
Canis lupus,Gray Wolf,Mammalia,yellowstone,44.864941,-110.005292,2026-06-19
Canis lupus,Gray Wolf,Mammalia,yellowstone,44.96131,-110.178732,2026-06-13
Canis lupus,Gray Wolf,Mammalia,yellowstone,44.939757,-110.248039,2026-06-07
Canis lupus,Gray Wolf,Mammalia,yellowstone,44.711285,-110.408403,2026-07-06
Canis lupus,Gray Wolf,Mammalia,yellowstone,44.64293,-110.512743,2026-07-06
Canis lupus,Gray Wolf,Mammalia,yellowstone,44.831293,-110.295551,2026-07-04
Canis lupus,Gray Wolf,Mammalia,yellowstone,44.841269,-110.321907,2026-07-09
Canis lupus,Gray Wolf,Mammalia,yellowstone,44.766017,-110.754021,2026-07-14
Canis lupus,Gray Wolf,Mammalia,yellowstone,44.815916,-110.237001,2026-07-07
Canis lupus,Gray Wolf,Mammalia,yellowstone,44.843091,-110.258341,2026-07-10
Canis lupus,Gray Wolf,Mammalia,yellowstone,44.734633,-110.414416,2026-07-21
Canis lupus,Gray Wolf,Mammalia,yellowstone,44.981502,-110.279393,2026-07-23
Canis lupus,Gray Wolf,Mammalia,yellowstone,44.697358,-110.678755,2026-07-23
Canis lupus,Gray Wolf,Mammalia,yellowstone,44.999125,-110.227209,2026-07-23
Canis lupus,Gray Wolf,Mammalia,yellowstone,44.675379,-110.48111,2026-07-21
Canis lupus,Gray Wolf,Mammalia,yellowstone,44.972126,-110.595661,2026-07-28
Canis lupus,Gray Wolf,Mammalia,yellowstone,44.831855,-110.414277,2026-07-24
Canis lupus,Gray Wolf,Mammalia,yellowstone,44.722813,-110.507407,2026-07-22
Canis lupus,Gray Wolf,Mammalia,yellowstone,44.603118,-110.404806,2026-07-21
Canis lupus,Gray Wolf,Mammalia,yellowstone,44.854945,-110.287204,2026-07-23
Canis lupus,Gray Wolf,Mammalia,yellowstone,44.818446,-110.387634,2026-07-23
Canis lupus,Gray Wolf,Mammalia,yellowstone,44.91021,-110.717689,2026-08-08
Canis lupus,Gray Wolf,Mammalia,yellowstone,44.959423,-110.112525,2026-08-21
Canis lupus,Gray Wolf,Mammalia,yellowstone,44.874595,-110.395918,2026-08-16
Canis lupus,Gray Wolf,Mammalia,yellowstone,44.969223,-110.296261,2026-08-16
Canis lupus,Gray Wolf,Mammalia,yellowstone,44.921968,-110.152004,2026-08-13
Canis lupus,Gray Wolf,Mammalia,yellowstone,44.844066,-110.074618,2026-08-21
Canis lupus,Gray Wolf,Mammalia,yellowstone,44.908681,-110.093645,2026-08-20
Canis lupus,Gray Wolf,Mammalia,yellowstone,44.961589,-110.00376,2026-08-20
Canis lupus,Gray Wolf,Mammalia,yellowstone,44.942803,-110.404064,2025-01-02
Canis lupus,Gray Wolf,Mammalia,yellowstone,44.991156,-110.45861,2025-01-14
Canis lupus,Gray Wolf,Mammalia,yellowstone,44.836313,-110.465865,2025-01-31
Canis lupus,Gray Wolf,Mammalia,yellowstone,44.876181,-110.26119,2025-01-04
Canis lupus,Gray Wolf,Mammalia,yellowstone,44.959894,-110.038905,2025-01-26
Canis lupus,Gray Wolf,Mammalia,yellowstone,44.974,-110.501777,2025-02-04
Canis lupus,Gray Wolf,Mammalia,yellowstone,44.882745,-110.40373,2025-02-04
Canis lupus,Gray Wolf,Mammalia,yellowstone,44.920262,-110.471204,2025-02-04
Canis lupus,Gray Wolf,Mammalia,yellowstone,44.654626,-110.69883,2025-02-22
Canis lupus,Gray Wolf,Mammalia,yellowstone,44.549119,-110.592616,2025-02-21
Canis lupus,Gray Wolf,Mammalia,yellowstone,44.591074,-110.575381,2025-02-18
Canis lupus,Gray Wolf,Mammalia,yellowstone,44.576862,-110.438786,2025-02-18
Canis lupus,Gray Wolf,Mammalia,yellowstone,44.585076,-110.924247,2025-03-02
Canis lupus,Gray Wolf,Mammalia,yellowstone,44.501927,-110.849599,2025-03-01
Canis lupus,Gray Wolf,Mammalia,yellowstone,44.768254,-110.733656,2025-03-25
Canis lupus,Gray Wolf,Mammalia,yellowstone,44.625062,-110.607907,2025-03-25
Canis lupus,Gray Wolf,Mammalia,yellowstone,44.638544,-110.676383,2025-03-25
Canis lupus,Gray Wolf,Mammalia,yellowstone,44.95195,-110.576921,2025-04-12
Canis lupus,Gray Wolf,Mammalia,yellowstone,44.513174,-110.860954,2025-04-18
Canis lupus,Gray Wolf,Mammalia,yellowstone,44.89395,-110.434194,2025-04-25
Canis lupus,Gray Wolf,Mammalia,yellowstone,44.403577,-110.433389,2025-05-09
Canis lupus,Gray Wolf,Mammalia,yellowstone,44.530779,-110.417451,2025-05-09
Canis lupus,Gray Wolf,Mammalia,yellowstone,44.57602,-110.507068,2025-05-14
Canis lupus,Gray Wolf,Mammalia,yellowstone,44.942052,-110.384361,2025-05-16
Canis lupus,Gray Wolf,Mammalia,yellowstone,44.834516,-110.293073,2025-05-12
Canis lupus,Gray Wolf,Mammalia,yellowstone,44.681657,-110.541034,2025-05-20
Canis lupus,Gray Wolf,Mammalia,yellowstone,44.853484,-110.307979,2025-05-24
Canis lupus,Gray Wolf,Mammalia,yellowstone,44.843773,-110.288443,2025-05-17
Canis lupus,Gray Wolf,Mammalia,yellowstone,44.999321,-110.362409,2025-05-17
Canis lupus,Gray Wolf,Mammalia,yellowstone,44.832865,-110.344352,2025-05-17
Canis lupus,Gray Wolf,Mammalia,yellowstone,44.859866,-110.201491,2025-05-17
Canis lupus,Gray Wolf,Mammalia,yellowstone,44.565838,-110.588851,2025-05-17
Canis lupus,Gray Wolf,Mammalia,yellowstone,44.637612,-110.592085,2025-06-07
Canis lupus,Gray Wolf,Mammalia,yellowstone,44.931186,-110.29611,2025-06-03
Canis lupus,Gray Wolf,Mammalia,yellowstone,44.753635,-110.515155,2025-06-07
Canis lupus,Gray Wolf,Mammalia,yellowstone,44.91815,-110.37259,2025-06-05
Canis lupus,Gray Wolf,Mammalia,yellowstone,44.958476,-110.334889,2025-06-05
Canis lupus,Gray Wolf,Mammalia,yellowstone,44.948876,-110.255518,2025-06-10
Canis lupus,Gray Wolf,Mammalia,yellowstone,44.886298,-110.20554,2025-06-21
Canis lupus,Gray Wolf,Mammalia,yellowstone,44.762667,-110.581823,2025-06-15
Canis lupus,Gray Wolf,Mammalia,yellowstone,44.645826,-110.591726,2025-06-21
Canis lupus,Gray Wolf,Mammalia,yellowstone,44.765427,-110.507056,2025-06-22
Canis lupus,Gray Wolf,Mammalia,yellowstone,44.886814,-110.173162,2025-06-21
Canis lupus,Gray Wolf,Mammalia,yellowstone,44.80462,-110.30411,2025-06-19
Canis lupus,Gray Wolf,Mammalia,yellowstone,44.701598,-110.473509,2025-06-24
Canis lupus,Gray Wolf,Mammalia,yellowstone,44.603098,-110.539559,2025-06-20
Canis lupus,Gray Wolf,Mammalia,yellowstone,44.726446,-110.457612,2025-06-13
Canis lupus,Gray Wolf,Mammalia,yellowstone,44.711189,-110.521479,2025-06-03
Canis lupus,Gray Wolf,Mammalia,yellowstone,44.995774,-110.315324,2025-06-30
Canis lupus,Gray Wolf,Mammalia,yellowstone,44.701808,-110.502132,2025-06-20
Canis lupus,Gray Wolf,Mammalia,yellowstone,44.652482,-110.323677,2025-06-26
Canis lupus,Gray Wolf,Mammalia,yellowstone,44.640839,-110.485247,2025-06-29
Canis lupus,Gray Wolf,Mammalia,yellowstone,44.759481,-110.429023,2025-06-29
Canis lupus,Gray Wolf,Mammalia,yellowstone,44.757055,-110.464958,2025-06-29
Canis lupus,Gray Wolf,Mammalia,yellowstone,44.751326,-110.599927,2025-06-29
Canis lupus,Gray Wolf,Mammalia,yellowstone,44.687221,-110.580573,2025-07-02
Canis lupus,Gray Wolf,Mammalia,yellowstone,44.684083,-110.468156,2025-07-07
Canis lupus,Gray Wolf,Mammalia,yellowstone,44.893313,-110.390774,2025-07-09
Canis lupus,Gray Wolf,Mammalia,yellowstone,44.958985,-110.252986,2025-07-10
Canis lupus,Gray Wolf,Mammalia,yellowstone,44.879194,-110.357813,2025-07-13
Canis lupus,Gray Wolf,Mammalia,yellowstone,44.926389,-110.370036,2025-07-10
Canis lupus,Gray Wolf,Mammalia,yellowstone,44.524218,-110.296875,2025-07-11
Canis lupus,Gray Wolf,Mammalia,yellowstone,44.903027,-110.256369,2025-07-11
Canis lupus,Gray Wolf,Mammalia,yellowstone,44.761641,-110.534815,2025-07-16
Canis lupus,Gray Wolf,Mammalia,yellowstone,44.955689,-110.222353,2025-07-11
Canis lupus,Gray Wolf,Mammalia,yellowstone,44.749206,-110.451816,2025-07-18
Canis lupus,Gray Wolf,Mammalia,yellowstone,44.895639,-110.330072,2025-07-13
Canis lupus,Gray Wolf,Mammalia,yellowstone,44.965725,-110.344791,2025-07-11
Canis lupus,Gray Wolf,Mammalia,yellowstone,44.462005,-110.484306,2025-07-14
Canis lupus,Gray Wolf,Mammalia,yellowstone,44.833733,-110.251726,2025-07-25
Canis lupus,Gray Wolf,Mammalia,yellowstone,44.897098,-110.367901,2025-07-25
Canis lupus,Gray Wolf,Mammalia,yellowstone,44.832883,-110.334355,2025-07-28
Canis lupus,Gray Wolf,Mammalia,yellowstone,44.721382,-110.467005,2025-07-26
Canis lupus,Gray Wolf,Mammalia,yellowstone,44.858111,-110.355513,2025-07-27
Canis lupus,Gray Wolf,Mammalia,yellowstone,44.807631,-110.019494,2025-07-05
Canis lupus,Gray Wolf,Mammalia,yellowstone,44.998414,-110.225257,2025-07-31
Canis lupus,Gray Wolf,Mammalia,yellowstone,44.706295,-110.571178,2025-07-30
Canis lupus,Gray Wolf,Mammalia,yellowstone,44.801531,-110.296951,2025-07-18
Canis lupus,Gray Wolf,Mammalia,yellowstone,44.643096,-110.546039,2025-07-18
Canis lupus,Gray Wolf,Mammalia,yellowstone,44.902943,-110.292781,2025-07-11
Canis lupus,Gray Wolf,Mammalia,yellowstone,44.74134,-110.55402,2025-07-07
Canis lupus,Gray Wolf,Mammalia,yellowstone,44.426502,-110.458666,2025-07-20
Canis lupus,Gray Wolf,Mammalia,yellowstone,44.440976,-110.403127,2025-07-14
Canis lupus,Gray Wolf,Mammalia,yellowstone,44.434791,-110.56423,2025-07-22
Canis lupus,Gray Wolf,Mammalia,yellowstone,44.759135,-110.561777,2025-08-04
Canis lupus,Gray Wolf,Mammalia,yellowstone,44.702179,-110.44101,2025-08-04
Canis lupus,Gray Wolf,Mammalia,yellowstone,44.615782,-110.4585,2025-08-04
Canis lupus,Gray Wolf,Mammalia,yellowstone,44.745351,-110.506989,2025-08-04
Canis lupus,Gray Wolf,Mammalia,yellowstone,44.657927,-110.550215,2025-08-09
Canis lupus,Gray Wolf,Mammalia,yellowstone,44.703149,-110.523149,2025-08-14
Canis lupus,Gray Wolf,Mammalia,yellowstone,44.998485,-110.332079,2025-08-06
Canis lupus,Gray Wolf,Mammalia,yellowstone,44.782623,-110.538513,2025-08-04
Canis lupus,Gray Wolf,Mammalia,yellowstone,44.492113,-110.544769,2025-08-06
Canis lupus,Gray Wolf,Mammalia,yellowstone,44.784662,-110.51817,2025-08-04
Canis lupus,Gray Wolf,Mammalia,yellowstone,44.739537,-110.575436,2025-08-09
Canis lupus,Gray Wolf,Mammalia,yellowstone,44.719081,-110.516939,2025-08-09
Canis lupus,Gray Wolf,Mammalia,yellowstone,44.730035,-110.470505,2025-08-04
Canis lupus,Gray Wolf,Mammalia,yellowstone,44.642936,-110.423569,2025-08-09
Canis lupus,Gray Wolf,Mammalia,yellowstone,44.678374,-110.4546,2025-08-09
Canis lupus,Gray Wolf,Mammalia,yellowstone,44.666987,-110.515043,2025-08-08
Canis lupus,Gray Wolf,Mammalia,yellowstone,44.713058,-110.458828,2025-08-05
Canis lupus,Gray Wolf,Mammalia,yellowstone,44.629938,-110.555073,2025-08-15
Canis lupus,Gray Wolf,Mammalia,yellowstone,44.740305,-110.505809,2025-08-06
Canis lupus,Gray Wolf,Mammalia,yellowstone,44.688442,-110.599817,2025-08-07
Canis lupus,Gray Wolf,Mammalia,yellowstone,44.929415,-110.310646,2025-08-30
Canis lupus,Gray Wolf,Mammalia,yellowstone,44.65474,-110.4966,2025-08-07
Canis lupus,Gray Wolf,Mammalia,yellowstone,44.743831,-110.531426,2025-08-07
Canis lupus,Gray Wolf,Mammalia,yellowstone,44.739281,-110.443488,2025-08-04
Canis lupus,Gray Wolf,Mammalia,yellowstone,44.655036,-110.507307,2025-08-07
Canis lupus,Gray Wolf,Mammalia,yellowstone,44.789592,-110.474352,2025-08-30
Canis lupus,Gray Wolf,Mammalia,yellowstone,44.736834,-110.543981,2025-08-30
Canis lupus,Gray Wolf,Mammalia,yellowstone,44.753495,-110.424851,2025-08-07
Canis lupus,Gray Wolf,Mammalia,yellowstone,44.799462,-110.557887,2025-08-07
Canis lupus,Gray Wolf,Mammalia,yellowstone,44.791434,-110.548351,2025-08-07
Canis lupus,Gray Wolf,Mammalia,yellowstone,44.691288,-110.434683,2025-08-07
Canis lupus,Gray Wolf,Mammalia,yellowstone,44.601445,-110.591956,2025-08-07
Canis lupus,Gray Wolf,Mammalia,yellowstone,44.699549,-110.427293,2025-08-07
Canis lupus,Gray Wolf,Mammalia,yellowstone,44.768648,-110.482112,2025-08-07
Canis lupus,Gray Wolf,Mammalia,yellowstone,44.659305,-110.425739,2025-08-07
Canis lupus,Gray Wolf,Mammalia,yellowstone,44.77914,-110.595486,2025-08-07
Canis lupus,Gray Wolf,Mammalia,yellowstone,44.657038,-110.571427,2025-08-07
Canis lupus,Gray Wolf,Mammalia,yellowstone,44.852015,-110.370704,2025-08-30
Canis lupus,Gray Wolf,Mammalia,yellowstone,44.990974,-110.347452,2025-08-30
Canis lupus,Gray Wolf,Mammalia,yellowstone,44.739863,-110.578722,2025-08-07
Canis lupus,Gray Wolf,Mammalia,yellowstone,44.735066,-110.425624,2025-08-07
Canis lupus,Gray Wolf,Mammalia,yellowstone,44.79883,-110.540969,2025-08-30
Canis lupus,Gray Wolf,Mammalia,yellowstone,44.754858,-110.478961,2025-08-07
Canis lupus,Gray Wolf,Mammalia,yellowstone,44.689355,-110.549931,2025-08-07
Canis lupus,Gray Wolf,Mammalia,yellowstone,44.716714,-110.51182,2025-08-03
Canis lupus,Gray Wolf,Mammalia,yellowstone,44.661959,-110.57223,2025-08-07
Canis lupus,Gray Wolf,Mammalia,yellowstone,44.90745,-110.299809,2025-08-06
Canis lupus,Gray Wolf,Mammalia,yellowstone,44.762343,-110.544326,2025-08-07
Canis lupus,Gray Wolf,Mammalia,yellowstone,44.796595,-110.504968,2025-08-04
Canis lupus,Gray Wolf,Mammalia,yellowstone,44.848182,-110.239706,2025-08-10
Canis lupus,Gray Wolf,Mammalia,yellowstone,44.83499,-110.297243,2025-08-29
Canis lupus,Gray Wolf,Mammalia,yellowstone,44.720429,-110.576997,2025-08-07
Canis lupus,Gray Wolf,Mammalia,yellowstone,44.66978,-110.548023,2025-08-25
Canis lupus,Gray Wolf,Mammalia,yellowstone,44.625598,-110.585703,2025-08-07
Canis lupus,Gray Wolf,Mammalia,yellowstone,44.676445,-110.573345,2025-08-07
Canis lupus,Gray Wolf,Mammalia,yellowstone,44.845413,-110.366691,2025-08-10
Canis lupus,Gray Wolf,Mammalia,yellowstone,44.868798,-110.231684,2025-08-28
Canis lupus,Gray Wolf,Mammalia,yellowstone,44.458955,-110.475647,2025-08-25
Canis lupus,Gray Wolf,Mammalia,yellowstone,44.876491,-110.217703,2025-08-06
Canis lupus,Gray Wolf,Mammalia,yellowstone,44.979989,-110.232278,2025-08-24
Canis lupus,Gray Wolf,Mammalia,yellowstone,44.607437,-110.526325,2025-08-31
Canis lupus,Gray Wolf,Mammalia,yellowstone,44.946266,-110.332765,2025-08-06
Canis lupus,Gray Wolf,Mammalia,yellowstone,44.993856,-110.292472,2025-08-02
Canis lupus,Gray Wolf,Mammalia,yellowstone,44.969136,-110.36327,2025-08-13
Canis lupus,Gray Wolf,Mammalia,yellowstone,44.611876,-110.532321,2025-09-10
Canis lupus,Gray Wolf,Mammalia,yellowstone,44.815088,-110.376263,2025-09-02
Canis lupus,Gray Wolf,Mammalia,yellowstone,44.921729,-110.3886,2025-09-05
Canis lupus,Gray Wolf,Mammalia,yellowstone,44.721854,-110.58679,2025-09-13
Canis lupus,Gray Wolf,Mammalia,yellowstone,44.668129,-110.625235,2025-09-12
Canis lupus,Gray Wolf,Mammalia,yellowstone,44.779826,-110.699455,2025-09-12
Canis lupus,Gray Wolf,Mammalia,yellowstone,44.801827,-110.732904,2025-09-05
Canis lupus,Gray Wolf,Mammalia,yellowstone,44.726767,-110.745394,2025-09-13
Canis lupus,Gray Wolf,Mammalia,yellowstone,44.950534,-110.306608,2025-09-09
Canis lupus,Gray Wolf,Mammalia,yellowstone,44.648487,-110.724829,2025-09-13
Canis lupus,Gray Wolf,Mammalia,yellowstone,44.840325,-110.360089,2025-09-09
Canis lupus,Gray Wolf,Mammalia,yellowstone,44.621564,-110.564531,2025-09-01
Canis lupus,Gray Wolf,Mammalia,yellowstone,44.824038,-110.378205,2025-09-21
Canis lupus,Gray Wolf,Mammalia,yellowstone,44.624474,-110.445873,2025-09-01
Canis lupus,Gray Wolf,Mammalia,yellowstone,44.745397,-110.761234,2025-09-13
Canis lupus,Gray Wolf,Mammalia,yellowstone,44.81625,-110.341011,2025-09-09
Canis lupus,Gray Wolf,Mammalia,yellowstone,44.769576,-110.554285,2025-09-01
Canis lupus,Gray Wolf,Mammalia,yellowstone,44.947907,-110.391754,2025-09-28
Canis lupus,Gray Wolf,Mammalia,yellowstone,44.927835,-110.30147,2025-09-23
Canis lupus,Gray Wolf,Mammalia,yellowstone,44.629255,-110.651312,2025-09-13
Canis lupus,Gray Wolf,Mammalia,yellowstone,44.900453,-110.387373,2025-09-07
Canis lupus,Gray Wolf,Mammalia,yellowstone,44.804346,-110.272559,2025-09-28
Canis lupus,Gray Wolf,Mammalia,yellowstone,44.876247,-110.272168,2025-09-19
Canis lupus,Gray Wolf,Mammalia,yellowstone,44.844986,-110.3239,2025-09-07
Canis lupus,Gray Wolf,Mammalia,yellowstone,44.840883,-110.285674,2025-09-22
Canis lupus,Gray Wolf,Mammalia,yellowstone,44.952015,-110.302887,2025-10-06
Canis lupus,Gray Wolf,Mammalia,yellowstone,44.683438,-110.603034,2025-10-03
Canis lupus,Gray Wolf,Mammalia,yellowstone,44.864506,-110.253812,2025-10-11
Canis lupus,Gray Wolf,Mammalia,yellowstone,44.980501,-110.330877,2025-10-11
Canis lupus,Gray Wolf,Mammalia,yellowstone,44.823925,-110.302047,2025-10-05
Canis lupus,Gray Wolf,Mammalia,yellowstone,44.69242,-110.489098,2025-10-17
Canis lupus,Gray Wolf,Mammalia,yellowstone,44.874164,-110.262425,2025-10-28
Canis lupus,Gray Wolf,Mammalia,yellowstone,44.603715,-110.551388,2025-10-16
Canis lupus,Gray Wolf,Mammalia,yellowstone,44.942145,-110.261269,2025-10-10
Canis lupus,Gray Wolf,Mammalia,yellowstone,44.835973,-110.361166,2025-11-08
Canis lupus,Gray Wolf,Mammalia,yellowstone,44.69746,-110.477297,2025-11-04
Canis lupus,Gray Wolf,Mammalia,yellowstone,44.805514,-110.275834,2025-11-03
Canis lupus,Gray Wolf,Mammalia,yellowstone,44.426138,-110.98488,2025-12-23
Canis lupus,Gray Wolf,Mammalia,yellowstone,44.937698,-110.285642,2024-01-04
Canis lupus,Gray Wolf,Mammalia,yellowstone,44.901993,-110.20011,2024-01-13
Canis lupus,Gray Wolf,Mammalia,yellowstone,44.996298,-110.364123,2024-01-25
Canis lupus,Gray Wolf,Mammalia,yellowstone,44.899278,-110.527674,2024-01-01
Canis lupus,Gray Wolf,Mammalia,yellowstone,44.560735,-110.407501,2024-01-08
Canis lupus,Gray Wolf,Mammalia,yellowstone,44.477944,-110.461828,2024-01-16
Canis lupus,Gray Wolf,Mammalia,yellowstone,44.931082,-110.162741,2024-02-13
Canis lupus,Gray Wolf,Mammalia,yellowstone,44.92163,-110.567241,2024-02-13
Canis lupus,Gray Wolf,Mammalia,yellowstone,44.854209,-110.208786,2024-02-15
Canis lupus,Gray Wolf,Mammalia,yellowstone,44.939127,-110.082231,2024-02-13
Canis lupus,Gray Wolf,Mammalia,yellowstone,44.919423,-110.361699,2024-02-17
Canis lupus,Gray Wolf,Mammalia,yellowstone,44.967091,-110.722504,2024-02-17
Canis lupus,Gray Wolf,Mammalia,yellowstone,44.860439,-110.349841,2024-02-17
Canis lupus,Gray Wolf,Mammalia,yellowstone,44.993232,-110.255439,2024-02-17
Canis lupus,Gray Wolf,Mammalia,yellowstone,44.965695,-110.210391,2024-02-17
Canis lupus,Gray Wolf,Mammalia,yellowstone,44.983172,-110.05895,2024-02-27
Canis lupus,Gray Wolf,Mammalia,yellowstone,44.415271,-110.817532,2024-02-18
Canis lupus,Gray Wolf,Mammalia,yellowstone,44.439715,-110.409666,2024-02-07
Canis lupus,Gray Wolf,Mammalia,yellowstone,44.835306,-110.08598,2024-03-17
Canis lupus,Gray Wolf,Mammalia,yellowstone,44.90325,-110.109907,2024-03-17
Canis lupus,Gray Wolf,Mammalia,yellowstone,44.942498,-110.149769,2024-03-17
Canis lupus,Gray Wolf,Mammalia,yellowstone,44.850333,-110.048627,2024-03-17
Canis lupus,Gray Wolf,Mammalia,yellowstone,44.874076,-110.160637,2024-03-16
Canis lupus,Gray Wolf,Mammalia,yellowstone,44.542589,-110.849804,2024-05-13
Canis lupus,Gray Wolf,Mammalia,yellowstone,44.577543,-110.852714,2024-05-09
Canis lupus,Gray Wolf,Mammalia,yellowstone,44.415532,-110.967924,2024-05-12
Canis lupus,Gray Wolf,Mammalia,yellowstone,44.988241,-110.307681,2024-05-22
Canis lupus,Gray Wolf,Mammalia,yellowstone,44.887147,-110.534132,2024-05-21
Canis lupus,Gray Wolf,Mammalia,yellowstone,44.970651,-110.321718,2024-05-19
Canis lupus,Gray Wolf,Mammalia,yellowstone,44.974639,-110.399488,2024-05-30
Canis lupus,Gray Wolf,Mammalia,yellowstone,44.692665,-110.545915,2024-05-24
Canis lupus,Gray Wolf,Mammalia,yellowstone,44.933637,-110.28297,2024-05-30
Canis lupus,Gray Wolf,Mammalia,yellowstone,44.803259,-110.305383,2024-05-29
Canis lupus,Gray Wolf,Mammalia,yellowstone,44.409838,-110.464533,2024-05-30
Canis lupus,Gray Wolf,Mammalia,yellowstone,44.968754,-110.341572,2024-05-31
Canis lupus,Gray Wolf,Mammalia,yellowstone,44.998433,-110.317767,2024-05-03
Canis lupus,Gray Wolf,Mammalia,yellowstone,44.45641,-110.803196,2024-05-24
Canis lupus,Gray Wolf,Mammalia,yellowstone,44.98932,-110.321424,2024-05-14
Canis lupus,Gray Wolf,Mammalia,yellowstone,44.781914,-110.519952,2024-06-16
Canis lupus,Gray Wolf,Mammalia,yellowstone,44.412932,-110.864681,2024-06-22
Canis lupus,Gray Wolf,Mammalia,yellowstone,44.690502,-110.438517,2024-06-15
Canis lupus,Gray Wolf,Mammalia,yellowstone,44.11666,-110.895131,2024-06-14
Canis lupus,Gray Wolf,Mammalia,yellowstone,44.920906,-110.259979,2024-06-14
Canis lupus,Gray Wolf,Mammalia,yellowstone,44.947187,-110.584774,2024-06-08
Canis lupus,Gray Wolf,Mammalia,yellowstone,44.589603,-110.414908,2024-06-25
Canis lupus,Gray Wolf,Mammalia,yellowstone,44.999608,-110.250656,2024-06-27
Canis lupus,Gray Wolf,Mammalia,yellowstone,44.849796,-110.375129,2024-06-27
Canis lupus,Gray Wolf,Mammalia,yellowstone,44.836691,-110.239612,2024-06-13
Canis lupus,Gray Wolf,Mammalia,yellowstone,44.82427,-110.275154,2024-06-17
Canis lupus,Gray Wolf,Mammalia,yellowstone,44.723003,-110.435949,2024-06-25
Canis lupus,Gray Wolf,Mammalia,yellowstone,44.610467,-110.533695,2024-06-27
Canis lupus,Gray Wolf,Mammalia,yellowstone,44.630251,-110.439697,2024-06-25
Canis lupus,Gray Wolf,Mammalia,yellowstone,44.709337,-110.515045,2024-06-30
Canis lupus,Gray Wolf,Mammalia,yellowstone,44.505871,-110.455585,2024-06-19
Canis lupus,Gray Wolf,Mammalia,yellowstone,44.644261,-110.56349,2024-07-14
Canis lupus,Gray Wolf,Mammalia,yellowstone,44.929437,-110.296361,2024-07-02
Canis lupus,Gray Wolf,Mammalia,yellowstone,44.995131,-110.280084,2024-07-17
Canis lupus,Gray Wolf,Mammalia,yellowstone,44.999834,-110.450775,2024-07-18
Canis lupus,Gray Wolf,Mammalia,yellowstone,44.615759,-110.460924,2024-07-21
Canis lupus,Gray Wolf,Mammalia,yellowstone,44.411166,-110.513525,2024-07-14
Canis lupus,Gray Wolf,Mammalia,yellowstone,44.601438,-110.591794,2024-07-19
Canis lupus,Gray Wolf,Mammalia,yellowstone,44.882783,-110.089854,2024-07-16
Canis lupus,Gray Wolf,Mammalia,yellowstone,44.669562,-110.548922,2024-07-14
Canis lupus,Gray Wolf,Mammalia,yellowstone,44.676066,-110.533969,2024-07-22
Canis lupus,Gray Wolf,Mammalia,yellowstone,44.815919,-110.362607,2024-07-22
Canis lupus,Gray Wolf,Mammalia,yellowstone,44.660654,-110.573164,2024-07-30
Canis lupus,Gray Wolf,Mammalia,yellowstone,44.655768,-110.493321,2024-07-30
Canis lupus,Gray Wolf,Mammalia,yellowstone,44.802753,-110.204264,2024-07-30
Canis lupus,Gray Wolf,Mammalia,yellowstone,44.695863,-110.425817,2024-07-14
Canis lupus,Gray Wolf,Mammalia,yellowstone,44.87065,-110.266734,2024-07-30
Canis lupus,Gray Wolf,Mammalia,yellowstone,44.802671,-110.236266,2024-07-31
Canis lupus,Gray Wolf,Mammalia,yellowstone,44.821461,-110.252574,2024-07-31
Canis lupus,Gray Wolf,Mammalia,yellowstone,44.800829,-110.378253,2024-07-31
Canis lupus,Gray Wolf,Mammalia,yellowstone,44.813497,-110.238788,2024-07-23
Canis lupus,Gray Wolf,Mammalia,yellowstone,44.997027,-110.381149,2024-07-19
Canis lupus,Gray Wolf,Mammalia,yellowstone,44.680601,-110.461843,2024-07-07
Canis lupus,Gray Wolf,Mammalia,yellowstone,44.081926,-110.912296,2024-07-10
Canis lupus,Gray Wolf,Mammalia,yellowstone,44.667697,-110.520229,2024-07-07
Canis lupus,Gray Wolf,Mammalia,yellowstone,44.799167,-110.431294,2024-07-14
Canis lupus,Gray Wolf,Mammalia,yellowstone,44.737147,-110.472501,2024-08-04
Canis lupus,Gray Wolf,Mammalia,yellowstone,44.829168,-110.260662,2024-08-10
Canis lupus,Gray Wolf,Mammalia,yellowstone,44.943818,-110.307503,2024-08-09
Canis lupus,Gray Wolf,Mammalia,yellowstone,44.105218,-110.661973,2024-08-08
Canis lupus,Gray Wolf,Mammalia,yellowstone,44.909013,-110.319596,2024-08-12
Canis lupus,Gray Wolf,Mammalia,yellowstone,44.740489,-110.470017,2024-08-08
Canis lupus,Gray Wolf,Mammalia,yellowstone,44.934593,-110.281812,2024-08-31
Canis lupus,Gray Wolf,Mammalia,yellowstone,44.855869,-110.329238,2024-08-04
Canis lupus,Gray Wolf,Mammalia,yellowstone,44.494446,-110.437032,2024-08-11
Canis lupus,Gray Wolf,Mammalia,yellowstone,44.809264,-110.264545,2024-09-13
Canis lupus,Gray Wolf,Mammalia,yellowstone,44.521643,-110.20366,2024-09-05
Canis lupus,Gray Wolf,Mammalia,yellowstone,44.862039,-110.265571,2024-09-11
Canis lupus,Gray Wolf,Mammalia,yellowstone,44.915242,-110.280427,2024-09-11
Canis lupus,Gray Wolf,Mammalia,yellowstone,44.565779,-110.91709,2024-09-12
Canis lupus,Gray Wolf,Mammalia,yellowstone,44.597289,-110.602586,2024-09-22
Canis lupus,Gray Wolf,Mammalia,yellowstone,44.983571,-110.282912,2024-09-25
Canis lupus,Gray Wolf,Mammalia,yellowstone,44.868039,-110.43002,2024-09-29
Canis lupus,Gray Wolf,Mammalia,yellowstone,44.91054,-110.442903,2024-09-29
Canis lupus,Gray Wolf,Mammalia,yellowstone,44.914964,-110.5397,2024-09-29
Canis lupus,Gray Wolf,Mammalia,yellowstone,44.867422,-110.470211,2024-09-29
Canis lupus,Gray Wolf,Mammalia,yellowstone,44.9748,-110.578048,2024-09-29
Canis lupus,Gray Wolf,Mammalia,yellowstone,44.864896,-110.575682,2024-09-29
Canis lupus,Gray Wolf,Mammalia,yellowstone,44.477491,-110.554238,2024-09-22
Canis lupus,Gray Wolf,Mammalia,yellowstone,44.991661,-110.322752,2024-09-19
Canis lupus,Gray Wolf,Mammalia,yellowstone,44.801511,-110.038892,2024-09-10
Canis lupus,Gray Wolf,Mammalia,yellowstone,44.935457,-110.350065,2024-10-05
Canis lupus,Gray Wolf,Mammalia,yellowstone,44.820778,-110.273615,2024-10-05
Canis lupus,Gray Wolf,Mammalia,yellowstone,44.93303,-110.629144,2024-10-22
Canis lupus,Gray Wolf,Mammalia,yellowstone,44.814648,-110.768534,2024-10-22
Canis lupus,Gray Wolf,Mammalia,yellowstone,44.906734,-110.271171,2024-10-05
Canis lupus,Gray Wolf,Mammalia,yellowstone,44.892529,-110.269991,2024-10-06
Canis lupus,Gray Wolf,Mammalia,yellowstone,44.896302,-110.512523,2024-10-22
Canis lupus,Gray Wolf,Mammalia,yellowstone,44.899542,-110.579647,2024-10-22
Canis lupus,Gray Wolf,Mammalia,yellowstone,44.847838,-110.225509,2024-10-13
Canis lupus,Gray Wolf,Mammalia,yellowstone,44.80564,-110.372671,2024-11-21
Canis lupus,Gray Wolf,Mammalia,yellowstone,44.908837,-110.125473,2024-12-01
Canis lupus,Gray Wolf,Mammalia,yellowstone,44.634401,-110.964624,2024-12-24
Canis lupus,Gray Wolf,Mammalia,yellowstone,44.894692,-110.260514,2024-12-27
Canis lupus,Gray Wolf,Mammalia,yellowstone,44.888417,-110.554396,2024-12-24
Canis lupus,Gray Wolf,Mammalia,yellowstone,44.876113,-110.566022,2023-02-26
Canis lupus,Gray Wolf,Mammalia,yellowstone,44.41189,-110.409142,2023-02-14
Canis lupus,Gray Wolf,Mammalia,yellowstone,44.964211,-110.73516,2023-04-20
Canis lupus,Gray Wolf,Mammalia,yellowstone,44.98229,-110.530933,2023-04-30
Canis lupus,Gray Wolf,Mammalia,yellowstone,45.004797,-110.5777,2023-05-19
Canis lupus,Gray Wolf,Mammalia,yellowstone,44.556155,-110.439274,2023-05-19
Canis lupus,Gray Wolf,Mammalia,yellowstone,44.979047,-110.250847,2023-05-21
Canis lupus,Gray Wolf,Mammalia,yellowstone,44.824652,-110.512367,2023-05-24
Canis lupus,Gray Wolf,Mammalia,yellowstone,44.98366,-110.288866,2023-05-24
Canis lupus,Gray Wolf,Mammalia,yellowstone,44.992136,-110.379137,2023-05-19
Canis lupus,Gray Wolf,Mammalia,yellowstone,44.820898,-110.766871,2023-05-19
Canis lupus,Gray Wolf,Mammalia,yellowstone,44.902013,-110.329524,2023-05-28
Canis lupus,Gray Wolf,Mammalia,yellowstone,44.949372,-110.286264,2023-05-29
Canis lupus,Gray Wolf,Mammalia,yellowstone,44.851257,-110.217055,2023-05-29
Canis lupus,Gray Wolf,Mammalia,yellowstone,44.846914,-110.31822,2023-05-29
Canis lupus,Gray Wolf,Mammalia,yellowstone,44.405799,-110.48222,2023-06-02
Canis lupus,Gray Wolf,Mammalia,yellowstone,44.910168,-110.192555,2023-06-03
Canis lupus,Gray Wolf,Mammalia,yellowstone,44.907558,-110.610526,2023-06-16
Canis lupus,Gray Wolf,Mammalia,yellowstone,44.942847,-110.450887,2023-06-24
Canis lupus,Gray Wolf,Mammalia,yellowstone,44.800491,-110.266242,2023-06-17
Canis lupus,Gray Wolf,Mammalia,yellowstone,44.876424,-110.257908,2023-06-08
Canis lupus,Gray Wolf,Mammalia,yellowstone,44.923683,-110.330966,2023-06-03
Canis lupus,Gray Wolf,Mammalia,yellowstone,44.844599,-110.390209,2023-06-03
Canis lupus,Gray Wolf,Mammalia,yellowstone,44.69321,-110.473202,2023-06-04
Canis lupus,Gray Wolf,Mammalia,yellowstone,44.823971,-110.285502,2023-06-04
Canis lupus,Gray Wolf,Mammalia,yellowstone,44.605511,-110.586137,2023-06-06
Canis lupus,Gray Wolf,Mammalia,yellowstone,44.856363,-110.13192,2023-06-02
Canis lupus,Gray Wolf,Mammalia,yellowstone,44.874463,-110.142134,2023-06-04
Canis lupus,Gray Wolf,Mammalia,yellowstone,44.675315,-110.518904,2023-06-04
Canis lupus,Gray Wolf,Mammalia,yellowstone,44.904924,-110.172597,2023-07-11
Canis lupus,Gray Wolf,Mammalia,yellowstone,44.824808,-110.252485,2023-07-20
Canis lupus,Gray Wolf,Mammalia,yellowstone,44.979596,-110.108602,2023-07-23
Canis lupus,Gray Wolf,Mammalia,yellowstone,44.915556,-110.249175,2023-07-19
Canis lupus,Gray Wolf,Mammalia,yellowstone,44.948771,-110.265363,2023-07-02
Canis lupus,Gray Wolf,Mammalia,yellowstone,44.821433,-110.305803,2023-07-02
Canis lupus,Gray Wolf,Mammalia,yellowstone,44.903899,-110.104445,2023-07-10
Canis lupus,Gray Wolf,Mammalia,yellowstone,44.840568,-110.018919,2023-07-31
Canis lupus,Gray Wolf,Mammalia,yellowstone,44.16709,-110.059279,2023-07-28
Canis lupus,Gray Wolf,Mammalia,yellowstone,44.535233,-110.256769,2023-08-12
Canis lupus,Gray Wolf,Mammalia,yellowstone,44.92383,-110.18782,2023-08-13
Canis lupus,Gray Wolf,Mammalia,yellowstone,44.905461,-110.582429,2023-08-25
Canis lupus,Gray Wolf,Mammalia,yellowstone,44.978843,-110.097945,2023-08-31
Canis lupus,Gray Wolf,Mammalia,yellowstone,44.97678,-110.398094,2023-08-20
Canis lupus,Gray Wolf,Mammalia,yellowstone,44.813661,-110.080226,2023-08-19
Canis lupus,Gray Wolf,Mammalia,yellowstone,44.940746,-110.345666,2023-08-20
Canis lupus,Gray Wolf,Mammalia,yellowstone,44.922672,-110.625062,2023-08-02
Canis lupus,Gray Wolf,Mammalia,yellowstone,44.842591,-110.180837,2023-08-18
Canis lupus,Gray Wolf,Mammalia,yellowstone,44.897195,-110.420386,2023-08-06
Canis lupus,Gray Wolf,Mammalia,yellowstone,44.974282,-110.061077,2023-08-05
Canis lupus,Gray Wolf,Mammalia,yellowstone,44.698106,-110.436484,2023-08-01
Canis lupus,Gray Wolf,Mammalia,yellowstone,44.976869,-110.218784,2023-09-23
Canis lupus,Gray Wolf,Mammalia,yellowstone,44.854051,-110.368874,2023-09-23
Canis lupus,Gray Wolf,Mammalia,yellowstone,44.652105,-110.425839,2023-09-24
Canis lupus,Gray Wolf,Mammalia,yellowstone,44.904224,-110.216866,2023-09-20
Canis lupus,Gray Wolf,Mammalia,yellowstone,44.982215,-110.040341,2023-09-19
Canis lupus,Gray Wolf,Mammalia,yellowstone,44.870835,-110.039249,2023-09-19
Canis lupus,Gray Wolf,Mammalia,yellowstone,44.817661,-110.093222,2023-09-13
Canis lupus,Gray Wolf,Mammalia,yellowstone,44.80873,-110.133282,2023-09-09
Canis lupus,Gray Wolf,Mammalia,yellowstone,44.934557,-110.026467,2023-09-13
Canis lupus,Gray Wolf,Mammalia,yellowstone,44.863923,-110.390177,2023-09-24
Canis lupus,Gray Wolf,Mammalia,yellowstone,44.478959,-110.58471,2023-09-16
Canis lupus,Gray Wolf,Mammalia,yellowstone,44.956393,-110.243625,2023-09-16
Canis lupus,Gray Wolf,Mammalia,yellowstone,44.902674,-110.264798,2023-09-23
Canis lupus,Gray Wolf,Mammalia,yellowstone,44.634394,-110.976612,2023-10-09
Canis lupus,Gray Wolf,Mammalia,yellowstone,45.122968,-110.120732,2023-11-18
Canis lupus,Gray Wolf,Mammalia,yellowstone,44.940144,-110.338934,2023-11-22
Canis lupus,Gray Wolf,Mammalia,yellowstone,44.920757,-110.576383,2023-11-15
Canis lupus,Gray Wolf,Mammalia,yellowstone,44.857637,-110.381329,2023-11-22
Canis lupus,Gray Wolf,Mammalia,yellowstone,44.860459,-110.18463,2023-12-29
Canis lupus,Gray Wolf,Mammalia,yellowstone,44.680811,-110.447413,2023-12-25
Canis lupus,Gray Wolf,Mammalia,yellowstone,44.597815,-110.988879,2022-01-23
Canis lupus,Gray Wolf,Mammalia,yellowstone,44.461031,-110.52979,2022-01-23
Canis lupus,Gray Wolf,Mammalia,yellowstone,44.524609,-110.963417,2022-01-19
Canis lupus,Gray Wolf,Mammalia,yellowstone,44.843188,-110.370919,2022-02-21
Canis lupus,Gray Wolf,Mammalia,yellowstone,44.47892,-110.987573,2022-02-16
Canis lupus,Gray Wolf,Mammalia,yellowstone,44.802844,-110.291878,2022-02-19
Canis lupus,Gray Wolf,Mammalia,yellowstone,44.921845,-110.308196,2022-02-25
Canis lupus,Gray Wolf,Mammalia,yellowstone,44.42002,-110.452842,2022-02-05
Canis lupus,Gray Wolf,Mammalia,yellowstone,44.87992,-110.775693,2022-02-05
Canis lupus,Gray Wolf,Mammalia,yellowstone,44.981729,-110.738522,2022-02-05
Canis lupus,Gray Wolf,Mammalia,yellowstone,44.948645,-110.540678,2022-02-10
Canis lupus,Gray Wolf,Mammalia,yellowstone,44.602063,-110.595294,2022-03-16
Canis lupus,Gray Wolf,Mammalia,yellowstone,44.903187,-110.266531,2022-04-23
Canis lupus,Gray Wolf,Mammalia,yellowstone,44.941664,-110.631424,2022-04-22
Canis lupus,Gray Wolf,Mammalia,yellowstone,44.812654,-110.04025,2022-04-25
Canis lupus,Gray Wolf,Mammalia,yellowstone,44.88513,-110.214834,2022-04-25
Canis lupus,Gray Wolf,Mammalia,yellowstone,44.601841,-110.450359,2022-04-17
Canis lupus,Gray Wolf,Mammalia,yellowstone,44.840541,-110.20174,2022-05-19
Canis lupus,Gray Wolf,Mammalia,yellowstone,44.782767,-110.453959,2022-05-28
Canis lupus,Gray Wolf,Mammalia,yellowstone,44.642149,-110.557462,2022-05-24
Canis lupus,Gray Wolf,Mammalia,yellowstone,44.792339,-110.522593,2022-05-20
Canis lupus,Gray Wolf,Mammalia,yellowstone,44.942231,-110.068931,2022-05-18
Canis lupus,Gray Wolf,Mammalia,yellowstone,44.998216,-110.238378,2022-05-18
Canis lupus,Gray Wolf,Mammalia,yellowstone,44.664701,-110.470947,2022-05-13
Canis lupus,Gray Wolf,Mammalia,yellowstone,44.640498,-110.444395,2022-05-13
Canis lupus,Gray Wolf,Mammalia,yellowstone,44.658164,-110.545658,2022-05-13
Canis lupus,Gray Wolf,Mammalia,yellowstone,44.732399,-110.539524,2022-05-13
Canis lupus,Gray Wolf,Mammalia,yellowstone,44.603779,-110.440865,2022-05-05
Canis lupus,Gray Wolf,Mammalia,yellowstone,44.851842,-110.565526,2022-05-05
Canis lupus,Gray Wolf,Mammalia,yellowstone,44.917998,-110.526001,2022-05-05
Canis lupus,Gray Wolf,Mammalia,yellowstone,44.827716,-110.300385,2022-05-21
Canis lupus,Gray Wolf,Mammalia,yellowstone,44.952808,-110.36688,2022-05-21
Canis lupus,Gray Wolf,Mammalia,yellowstone,44.841337,-110.343915,2022-05-21
Canis lupus,Gray Wolf,Mammalia,yellowstone,44.849457,-110.263837,2022-05-21
Canis lupus,Gray Wolf,Mammalia,yellowstone,44.787115,-110.5454,2022-06-30
Canis lupus,Gray Wolf,Mammalia,yellowstone,44.850001,-110.035044,2022-06-07
Canis lupus,Gray Wolf,Mammalia,yellowstone,44.673639,-110.833795,2022-07-04
Canis lupus,Gray Wolf,Mammalia,yellowstone,44.732254,-110.7148,2022-07-08
Canis lupus,Gray Wolf,Mammalia,yellowstone,44.871941,-110.496022,2022-07-04
Canis lupus,Gray Wolf,Mammalia,yellowstone,44.756276,-110.533817,2022-07-25
Canis lupus,Gray Wolf,Mammalia,yellowstone,44.571844,-110.470239,2022-08-12
Canis lupus,Gray Wolf,Mammalia,yellowstone,44.948222,-110.308229,2022-08-15
Canis lupus,Gray Wolf,Mammalia,yellowstone,44.693756,-110.582273,2022-08-21
Canis lupus,Gray Wolf,Mammalia,yellowstone,44.481151,-110.501813,2022-09-08
Canis lupus,Gray Wolf,Mammalia,yellowstone,44.829856,-110.701135,2022-09-03
Canis lupus,Gray Wolf,Mammalia,yellowstone,44.981199,-110.514969,2022-09-13
Canis lupus,Gray Wolf,Mammalia,yellowstone,44.625635,-110.411937,2022-10-14
Canis lupus,Gray Wolf,Mammalia,yellowstone,44.425014,-110.537642,2021-01-12
Canis lupus,Gray Wolf,Mammalia,yellowstone,44.889037,-110.572154,2021-02-09
Canis lupus,Gray Wolf,Mammalia,yellowstone,44.941946,-110.251667,2021-02-26
Canis lupus,Gray Wolf,Mammalia,yellowstone,44.917271,-110.337144,2021-03-03
Canis lupus,Gray Wolf,Mammalia,yellowstone,44.894826,-110.189362,2021-03-25
Canis lupus,Gray Wolf,Mammalia,yellowstone,44.99267,-110.348284,2021-05-06
Canis lupus,Gray Wolf,Mammalia,yellowstone,44.663132,-110.521023,2021-05-12
Canis lupus,Gray Wolf,Mammalia,yellowstone,44.957858,-110.359781,2021-05-03
Canis lupus,Gray Wolf,Mammalia,yellowstone,44.966983,-110.279218,2021-05-12
Canis lupus,Gray Wolf,Mammalia,yellowstone,44.859627,-110.618053,2021-05-28
Canis lupus,Gray Wolf,Mammalia,yellowstone,44.636729,-110.802705,2021-05-01
Canis lupus,Gray Wolf,Mammalia,yellowstone,44.908228,-110.247913,2021-05-01
Canis lupus,Gray Wolf,Mammalia,yellowstone,44.40683,-110.272053,2021-05-17
Canis lupus,Gray Wolf,Mammalia,yellowstone,44.82634,-110.284559,2021-05-17
Canis lupus,Gray Wolf,Mammalia,yellowstone,44.972753,-110.281844,2021-06-05
Canis lupus,Gray Wolf,Mammalia,yellowstone,44.89299,-110.236457,2021-06-04
Canis lupus,Gray Wolf,Mammalia,yellowstone,44.942707,-110.286339,2021-06-04
Canis lupus,Gray Wolf,Mammalia,yellowstone,44.884859,-110.245454,2021-06-03
Canis lupus,Gray Wolf,Mammalia,yellowstone,44.914805,-110.231813,2021-06-14
Canis lupus,Gray Wolf,Mammalia,yellowstone,44.97521,-110.338471,2021-06-10
Bison bison,American Bison,Mammalia,yellowstone,44.606367,-110.846914,2026-01-03
Bison bison,American Bison,Mammalia,yellowstone,44.51132,-110.833992,2026-01-10
Bison bison,American Bison,Mammalia,yellowstone,44.57047,-110.816963,2026-01-20
Bison bison,American Bison,Mammalia,yellowstone,44.47013,-110.841872,2026-01-20
Bison bison,American Bison,Mammalia,yellowstone,44.585487,-110.829553,2026-01-20
Bison bison,American Bison,Mammalia,yellowstone,44.703445,-110.585442,2026-01-20
Bison bison,American Bison,Mammalia,yellowstone,44.48228,-110.852937,2026-01-20
Bison bison,American Bison,Mammalia,yellowstone,44.877981,-110.1528,2026-01-21
Bison bison,American Bison,Mammalia,yellowstone,44.947895,-110.475095,2026-01-31
Bison bison,American Bison,Mammalia,yellowstone,44.866262,-110.167539,2026-01-31
Bison bison,American Bison,Mammalia,yellowstone,44.86703,-110.166464,2026-01-31
Bison bison,American Bison,Mammalia,yellowstone,44.549864,-110.806306,2026-01-12
Bison bison,American Bison,Mammalia,yellowstone,44.463192,-110.833074,2026-01-10
Bison bison,American Bison,Mammalia,yellowstone,44.535942,-110.817017,2026-01-30
Bison bison,American Bison,Mammalia,yellowstone,44.461183,-110.830706,2026-02-01
Bison bison,American Bison,Mammalia,yellowstone,45.031984,-110.705527,2026-02-04
Bison bison,American Bison,Mammalia,yellowstone,44.964744,-110.599989,2026-02-05
Bison bison,American Bison,Mammalia,yellowstone,44.947584,-110.455542,2026-02-03
Bison bison,American Bison,Mammalia,yellowstone,44.456811,-110.832186,2026-02-07
Bison bison,American Bison,Mammalia,yellowstone,44.975545,-110.449967,2026-02-03
Bison bison,American Bison,Mammalia,yellowstone,44.456336,-110.832928,2026-02-04
Bison bison,American Bison,Mammalia,yellowstone,44.456456,-110.832881,2026-02-23
Bison bison,American Bison,Mammalia,yellowstone,44.918993,-110.416137,2026-02-21
Bison bison,American Bison,Mammalia,yellowstone,44.456269,-110.833308,2026-02-25
Bison bison,American Bison,Mammalia,yellowstone,44.870847,-110.187181,2026-02-19
Bison bison,American Bison,Mammalia,yellowstone,44.869101,-110.166603,2026-02-20
Bison bison,American Bison,Mammalia,yellowstone,44.910912,-110.329844,2026-02-20
Bison bison,American Bison,Mammalia,yellowstone,44.910187,-110.332174,2026-02-20
Bison bison,American Bison,Mammalia,yellowstone,44.662633,-110.9917,2026-02-24
Bison bison,American Bison,Mammalia,yellowstone,44.650862,-111.009709,2026-02-27
Bison bison,American Bison,Mammalia,yellowstone,44.953243,-110.6016,2026-02-28
Bison bison,American Bison,Mammalia,yellowstone,44.754641,-110.985547,2026-02-22
Bison bison,American Bison,Mammalia,yellowstone,44.635843,-110.454221,2026-02-01
Bison bison,American Bison,Mammalia,yellowstone,44.954717,-110.503331,2026-03-04
Bison bison,American Bison,Mammalia,yellowstone,44.456831,-110.832192,2026-03-13
Bison bison,American Bison,Mammalia,yellowstone,44.96488,-110.701272,2026-03-02
Bison bison,American Bison,Mammalia,yellowstone,44.456853,-110.832125,2026-03-06
Bison bison,American Bison,Mammalia,yellowstone,44.912342,-110.327378,2026-03-04
Bison bison,American Bison,Mammalia,yellowstone,44.939809,-110.446708,2026-03-26
Bison bison,American Bison,Mammalia,yellowstone,45.028245,-110.706413,2026-03-26
Bison bison,American Bison,Mammalia,yellowstone,44.929419,-110.486194,2026-03-28
Bison bison,American Bison,Mammalia,yellowstone,44.913487,-110.392753,2026-03-26
Bison bison,American Bison,Mammalia,yellowstone,44.971972,-110.327861,2026-03-28
Bison bison,American Bison,Mammalia,yellowstone,44.929161,-110.414327,2026-03-23
Bison bison,American Bison,Mammalia,yellowstone,44.915665,-110.413842,2026-03-01
Bison bison,American Bison,Mammalia,yellowstone,44.915426,-110.413966,2026-03-01
Bison bison,American Bison,Mammalia,yellowstone,44.649605,-110.846672,2026-03-28
Bison bison,American Bison,Mammalia,yellowstone,44.869437,-110.166092,2026-03-11
Bison bison,American Bison,Mammalia,yellowstone,44.95337,-110.604325,2026-03-05
Bison bison,American Bison,Mammalia,yellowstone,44.972622,-110.704308,2026-03-18
Bison bison,American Bison,Mammalia,yellowstone,44.98125,-110.699792,2026-04-05
Bison bison,American Bison,Mammalia,yellowstone,44.937173,-110.443226,2026-04-10
Bison bison,American Bison,Mammalia,yellowstone,44.668703,-110.974681,2026-04-25
Bison bison,American Bison,Mammalia,yellowstone,45.029714,-110.706188,2026-04-04
Bison bison,American Bison,Mammalia,yellowstone,44.885591,-110.146775,2026-04-19
Bison bison,American Bison,Mammalia,yellowstone,44.972683,-110.703955,2026-04-20
Bison bison,American Bison,Mammalia,yellowstone,44.864717,-110.168938,2026-04-29
Bison bison,American Bison,Mammalia,yellowstone,45.008306,-110.70343,2026-04-29
Bison bison,American Bison,Mammalia,yellowstone,44.738087,-111.123269,2026-04-25
Bison bison,American Bison,Mammalia,yellowstone,44.909488,-110.33487,2026-04-29
Bison bison,American Bison,Mammalia,yellowstone,44.863187,-110.172613,2026-04-29
Bison bison,American Bison,Mammalia,yellowstone,44.648155,-110.849533,2026-04-29
Bison bison,American Bison,Mammalia,yellowstone,44.907422,-110.343963,2026-04-07
Bison bison,American Bison,Mammalia,yellowstone,44.910328,-110.36902,2026-04-28
Bison bison,American Bison,Mammalia,yellowstone,44.737212,-110.697822,2026-04-30
Bison bison,American Bison,Mammalia,yellowstone,44.909031,-110.364672,2026-04-09
Bison bison,American Bison,Mammalia,yellowstone,44.91313,-110.384045,2026-05-02
Bison bison,American Bison,Mammalia,yellowstone,44.664561,-110.985036,2026-05-02
Bison bison,American Bison,Mammalia,yellowstone,44.652892,-110.83454,2026-05-03
Bison bison,American Bison,Mammalia,yellowstone,44.566961,-110.586244,2026-05-05
Bison bison,American Bison,Mammalia,yellowstone,44.90744,-110.251461,2026-05-07
Bison bison,American Bison,Mammalia,yellowstone,44.736863,-110.697853,2026-05-05
Bison bison,American Bison,Mammalia,yellowstone,44.459903,-110.825972,2026-05-06
Bison bison,American Bison,Mammalia,yellowstone,44.745905,-110.730692,2026-05-05
Bison bison,American Bison,Mammalia,yellowstone,44.579138,-110.830095,2026-05-04
Bison bison,American Bison,Mammalia,yellowstone,44.911104,-110.381804,2026-05-05
Bison bison,American Bison,Mammalia,yellowstone,44.639703,-110.882545,2026-05-06
Bison bison,American Bison,Mammalia,yellowstone,44.666218,-110.466721,2026-05-09
Bison bison,American Bison,Mammalia,yellowstone,44.715357,-110.729435,2026-05-08
Bison bison,American Bison,Mammalia,yellowstone,44.941444,-110.628266,2026-05-05
Bison bison,American Bison,Mammalia,yellowstone,44.94586,-110.450723,2026-05-03
Bison bison,American Bison,Mammalia,yellowstone,44.884924,-110.221039,2026-05-08
Bison bison,American Bison,Mammalia,yellowstone,44.964717,-110.707807,2026-05-03
Bison bison,American Bison,Mammalia,yellowstone,44.913629,-110.11416,2026-05-05
Bison bison,American Bison,Mammalia,yellowstone,44.548501,-110.301662,2026-05-06
Bison bison,American Bison,Mammalia,yellowstone,44.882933,-110.218903,2026-05-04
Bison bison,American Bison,Mammalia,yellowstone,44.647928,-110.849917,2026-05-05
Bison bison,American Bison,Mammalia,yellowstone,44.417088,-110.580327,2026-05-04
Bison bison,American Bison,Mammalia,yellowstone,44.911794,-110.379276,2026-05-05
Bison bison,American Bison,Mammalia,yellowstone,44.646169,-110.866608,2026-05-08
Bison bison,American Bison,Mammalia,yellowstone,44.915979,-110.416406,2026-05-07
Bison bison,American Bison,Mammalia,yellowstone,44.942998,-110.450029,2026-05-05
Bison bison,American Bison,Mammalia,yellowstone,44.88047,-110.216286,2026-05-07
Bison bison,American Bison,Mammalia,yellowstone,44.773487,-110.364083,2026-05-07
Bison bison,American Bison,Mammalia,yellowstone,44.64397,-110.916145,2026-05-02
Bison bison,American Bison,Mammalia,yellowstone,44.639995,-110.861022,2026-05-01
Bison bison,American Bison,Mammalia,yellowstone,44.870845,-110.2043,2026-05-04
Bison bison,American Bison,Mammalia,yellowstone,44.944492,-110.642845,2026-05-10
Bison bison,American Bison,Mammalia,yellowstone,44.763821,-111.113339,2026-05-04
Bison bison,American Bison,Mammalia,yellowstone,44.893395,-110.239454,2026-05-07
Bison bison,American Bison,Mammalia,yellowstone,44.915023,-110.273736,2026-05-05
Bison bison,American Bison,Mammalia,yellowstone,44.596148,-110.561249,2026-05-07
Bison bison,American Bison,Mammalia,yellowstone,44.915408,-110.110986,2026-05-07
Bison bison,American Bison,Mammalia,yellowstone,44.731225,-110.494458,2026-05-06
Bison bison,American Bison,Mammalia,yellowstone,44.910012,-110.36757,2026-05-14
Bison bison,American Bison,Mammalia,yellowstone,44.911104,-110.381804,2026-05-05
Bison bison,American Bison,Mammalia,yellowstone,44.780902,-111.11342,2026-05-04
Bison bison,American Bison,Mammalia,yellowstone,44.72638,-110.493805,2026-05-13
Bison bison,American Bison,Mammalia,yellowstone,44.641255,-110.878678,2026-05-16
Bison bison,American Bison,Mammalia,yellowstone,44.911969,-110.262285,2026-05-13
Bison bison,American Bison,Mammalia,yellowstone,44.941444,-110.628266,2026-05-05
Bison bison,American Bison,Mammalia,yellowstone,44.640119,-110.892986,2026-05-17
Bison bison,American Bison,Mammalia,yellowstone,44.462013,-110.834725,2026-05-16
Bison bison,American Bison,Mammalia,yellowstone,44.644703,-110.920347,2026-05-12
Bison bison,American Bison,Mammalia,yellowstone,44.640045,-110.883645,2026-05-11
Bison bison,American Bison,Mammalia,yellowstone,44.540901,-110.287925,2026-05-14
Bison bison,American Bison,Mammalia,yellowstone,44.915408,-110.110986,2026-05-07
Bison bison,American Bison,Mammalia,yellowstone,44.092077,-110.66906,2026-05-12
Bison bison,American Bison,Mammalia,yellowstone,44.65495,-110.463997,2026-05-09
Bison bison,American Bison,Mammalia,yellowstone,44.642258,-110.858171,2026-05-14
Bison bison,American Bison,Mammalia,yellowstone,44.619294,-110.424296,2026-05-16
Bison bison,American Bison,Mammalia,yellowstone,44.460451,-110.825927,2026-05-12
Bison bison,American Bison,Mammalia,yellowstone,44.918267,-110.400187,2026-05-15
Bison bison,American Bison,Mammalia,yellowstone,44.70023,-110.744562,2026-05-14
Bison bison,American Bison,Mammalia,yellowstone,44.946553,-110.649528,2026-05-23
Bison bison,American Bison,Mammalia,yellowstone,44.415453,-110.574919,2026-05-13
Bison bison,American Bison,Mammalia,yellowstone,44.847332,-110.080062,2026-05-23
Bison bison,American Bison,Mammalia,yellowstone,44.907653,-110.251781,2026-05-14
Bison bison,American Bison,Mammalia,yellowstone,44.675169,-110.481623,2026-05-22
Bison bison,American Bison,Mammalia,yellowstone,44.903897,-110.117539,2026-05-22
Bison bison,American Bison,Mammalia,yellowstone,44.597918,-110.561249,2026-05-19
Bison bison,American Bison,Mammalia,yellowstone,44.461105,-110.831974,2026-05-21
Bison bison,American Bison,Mammalia,yellowstone,44.645302,-110.464336,2026-05-19
Bison bison,American Bison,Mammalia,yellowstone,44.620295,-110.425788,2026-05-20
Bison bison,American Bison,Mammalia,yellowstone,44.944222,-110.307011,2026-05-22
Bison bison,American Bison,Mammalia,yellowstone,44.909263,-110.359117,2026-05-23
Bison bison,American Bison,Mammalia,yellowstone,44.616017,-110.41902,2026-05-19
Bison bison,American Bison,Mammalia,yellowstone,44.909263,-110.359117,2026-05-23
Bison bison,American Bison,Mammalia,yellowstone,45.035082,-110.715452,2026-05-30
Bison bison,American Bison,Mammalia,yellowstone,44.560372,-110.81018,2026-05-27
Bison bison,American Bison,Mammalia,yellowstone,44.736256,-110.510239,2026-05-24
Bison bison,American Bison,Mammalia,yellowstone,44.417439,-110.83579,2026-05-25
Bison bison,American Bison,Mammalia,yellowstone,44.619228,-110.424378,2026-05-24
Bison bison,American Bison,Mammalia,yellowstone,44.827447,-110.728225,2026-05-25
Bison bison,American Bison,Mammalia,yellowstone,44.597918,-110.561249,2026-05-21
Bison bison,American Bison,Mammalia,yellowstone,44.529569,-110.836749,2026-05-30
Bison bison,American Bison,Mammalia,yellowstone,44.593712,-110.389239,2026-05-17
Bison bison,American Bison,Mammalia,yellowstone,44.64767,-110.850495,2026-05-30
Bison bison,American Bison,Mammalia,yellowstone,44.725772,-110.493903,2026-05-23
Bison bison,American Bison,Mammalia,yellowstone,44.662422,-110.464317,2026-05-30
Bison bison,American Bison,Mammalia,yellowstone,44.597918,-110.561249,2026-05-21
Bison bison,American Bison,Mammalia,yellowstone,44.911172,-110.426567,2026-05-27
Bison bison,American Bison,Mammalia,yellowstone,44.597918,-110.561249,2026-05-20
Bison bison,American Bison,Mammalia,yellowstone,44.744688,-110.713347,2026-05-30
Bison bison,American Bison,Mammalia,yellowstone,44.997868,-110.104222,2026-05-26
Bison bison,American Bison,Mammalia,yellowstone,44.912708,-110.389817,2026-05-25
Bison bison,American Bison,Mammalia,yellowstone,44.597918,-110.561249,2026-05-21
Bison bison,American Bison,Mammalia,yellowstone,44.486938,-110.850272,2026-05-25
Bison bison,American Bison,Mammalia,yellowstone,44.9496,-110.288475,2026-05-28
Bison bison,American Bison,Mammalia,yellowstone,44.597918,-110.561249,2026-05-21
Bison bison,American Bison,Mammalia,yellowstone,44.556117,-110.807695,2026-05-27
Bison bison,American Bison,Mammalia,yellowstone,44.52343,-110.832794,2026-05-27
Bison bison,American Bison,Mammalia,yellowstone,44.921405,-110.440095,2026-05-12
Bison bison,American Bison,Mammalia,yellowstone,44.597918,-110.561249,2026-05-25
Bison bison,American Bison,Mammalia,yellowstone,44.738297,-110.699167,2026-05-27
Bison bison,American Bison,Mammalia,yellowstone,44.641295,-110.878342,2026-05-16
Bison bison,American Bison,Mammalia,yellowstone,44.618992,-110.423447,2026-05-27
Bison bison,American Bison,Mammalia,yellowstone,44.641558,-110.87735,2026-05-27
Bison bison,American Bison,Mammalia,yellowstone,44.713944,-110.629121,2026-05-17
Bison bison,American Bison,Mammalia,yellowstone,44.891187,-110.229272,2026-05-11
Bison bison,American Bison,Mammalia,yellowstone,44.531453,-110.460465,2026-05-22
Bison bison,American Bison,Mammalia,yellowstone,44.660663,-110.96093,2026-05-27
Bison bison,American Bison,Mammalia,yellowstone,44.684495,-110.744063,2026-05-30
Bison bison,American Bison,Mammalia,yellowstone,44.514944,-110.866448,2026-05-27
Bison bison,American Bison,Mammalia,yellowstone,44.618504,-110.425132,2026-05-14
Bison bison,American Bison,Mammalia,yellowstone,44.648207,-110.937717,2026-05-15
Bison bison,American Bison,Mammalia,yellowstone,44.6418,-110.859728,2026-05-30
Bison bison,American Bison,Mammalia,yellowstone,44.63846,-110.457588,2026-05-19
Bison bison,American Bison,Mammalia,yellowstone,44.868427,-110.186933,2026-05-29
Bison bison,American Bison,Mammalia,yellowstone,44.671142,-110.473367,2026-05-30
Bison bison,American Bison,Mammalia,yellowstone,44.725675,-110.493853,2026-05-23
Bison bison,American Bison,Mammalia,yellowstone,44.932543,-110.317193,2026-05-28
Bison bison,American Bison,Mammalia,yellowstone,44.514533,-110.832222,2026-05-26
Bison bison,American Bison,Mammalia,yellowstone,44.562992,-110.811822,2026-05-28
Bison bison,American Bison,Mammalia,yellowstone,44.595126,-110.388861,2026-05-14
Bison bison,American Bison,Mammalia,yellowstone,44.596148,-110.561249,2026-05-20
Bison bison,American Bison,Mammalia,yellowstone,44.45423,-110.818305,2026-05-30
Bison bison,American Bison,Mammalia,yellowstone,44.353783,-110.757491,2026-05-27
Bison bison,American Bison,Mammalia,yellowstone,44.641803,-110.859733,2026-05-30
Bison bison,American Bison,Mammalia,yellowstone,44.611987,-110.868593,2026-05-27
Bison bison,American Bison,Mammalia,yellowstone,44.641502,-110.876778,2026-05-12
Bison bison,American Bison,Mammalia,yellowstone,44.91708,-110.419479,2026-05-13
Bison bison,American Bison,Mammalia,yellowstone,44.907349,-110.343369,2026-05-13
Bison bison,American Bison,Mammalia,yellowstone,44.465379,-110.852342,2026-05-24
Bison bison,American Bison,Mammalia,yellowstone,44.72697,-110.685722,2026-05-18
Bison bison,American Bison,Mammalia,yellowstone,44.482033,-110.853263,2026-05-24
Bison bison,American Bison,Mammalia,yellowstone,44.821553,-110.448263,2026-05-05
Bison bison,American Bison,Mammalia,yellowstone,44.919553,-110.299261,2026-05-25
Bison bison,American Bison,Mammalia,yellowstone,44.482117,-110.853973,2026-05-19
Bison bison,American Bison,Mammalia,yellowstone,44.912379,-110.26154,2026-05-11
Bison bison,American Bison,Mammalia,yellowstone,44.484316,-110.851348,2026-05-08
Bison bison,American Bison,Mammalia,yellowstone,44.912573,-110.113789,2026-05-11
Bison bison,American Bison,Mammalia,yellowstone,44.882447,-110.218327,2026-05-11
Bison bison,American Bison,Mammalia,yellowstone,44.912628,-110.377505,2026-05-11
Bison bison,American Bison,Mammalia,yellowstone,44.649742,-110.83107,2026-05-30
Bison bison,American Bison,Mammalia,yellowstone,44.553927,-110.807162,2026-05-11
Bison bison,American Bison,Mammalia,yellowstone,44.721742,-110.495558,2026-05-20
Bison bison,American Bison,Mammalia,yellowstone,44.482233,-110.853704,2026-05-20
Bison bison,American Bison,Mammalia,yellowstone,44.955045,-110.571282,2026-05-20
Bison bison,American Bison,Mammalia,yellowstone,44.727105,-110.703553,2026-05-30
Bison bison,American Bison,Mammalia,yellowstone,44.89177,-110.229997,2026-05-09
Bison bison,American Bison,Mammalia,yellowstone,44.895386,-110.128963,2026-05-09
Bison bison,American Bison,Mammalia,yellowstone,44.908242,-110.345671,2026-05-09
Bison bison,American Bison,Mammalia,yellowstone,44.875229,-110.210586,2026-05-09
Bison bison,American Bison,Mammalia,yellowstone,44.662898,-110.464332,2026-05-30
Bison bison,American Bison,Mammalia,yellowstone,44.915063,-110.397085,2026-05-09
Bison bison,American Bison,Mammalia,yellowstone,44.908242,-110.345671,2026-05-09
Bison bison,American Bison,Mammalia,yellowstone,44.642847,-110.457613,2026-05-10
Bison bison,American Bison,Mammalia,yellowstone,44.909658,-110.365862,2026-05-10
Bison bison,American Bison,Mammalia,yellowstone,44.636581,-110.450944,2026-05-01
Bison bison,American Bison,Mammalia,yellowstone,44.578373,-110.832178,2026-05-29
Bison bison,American Bison,Mammalia,yellowstone,44.57867,-110.831538,2026-05-25
Bison bison,American Bison,Mammalia,yellowstone,44.661687,-110.962837,2026-05-18
Bison bison,American Bison,Mammalia,yellowstone,44.726966,-110.689244,2026-05-22
Bison bison,American Bison,Mammalia,yellowstone,44.52552,-110.837622,2026-05-12
Bison bison,American Bison,Mammalia,yellowstone,44.902322,-110.392578,2026-05-30
Bison bison,American Bison,Mammalia,yellowstone,44.673142,-110.478037,2026-06-12
Bison bison,American Bison,Mammalia,yellowstone,44.901638,-110.392875,2026-06-06
Bison bison,American Bison,Mammalia,yellowstone,44.921086,-110.311247,2026-06-09
Bison bison,American Bison,Mammalia,yellowstone,44.908272,-110.338737,2026-06-09
Bison bison,American Bison,Mammalia,yellowstone,44.462857,-110.826853,2026-06-09
Bison bison,American Bison,Mammalia,yellowstone,44.65105,-110.980143,2026-06-13
Bison bison,American Bison,Mammalia,yellowstone,44.641755,-110.859809,2026-06-07
Bison bison,American Bison,Mammalia,yellowstone,44.934608,-110.08403,2026-06-14
Bison bison,American Bison,Mammalia,yellowstone,44.65855,-110.463403,2026-06-13
Bison bison,American Bison,Mammalia,yellowstone,44.577083,-110.828003,2026-06-11
Bison bison,American Bison,Mammalia,yellowstone,44.874585,-110.17943,2026-06-02
Bison bison,American Bison,Mammalia,yellowstone,44.783588,-110.740592,2026-06-08
Bison bison,American Bison,Mammalia,yellowstone,44.61932,-110.424362,2026-06-05
Bison bison,American Bison,Mammalia,yellowstone,44.796047,-110.741737,2026-06-08
Bison bison,American Bison,Mammalia,yellowstone,44.874585,-110.17943,2026-06-02
Bison bison,American Bison,Mammalia,yellowstone,44.874585,-110.17943,2026-06-02
Bison bison,American Bison,Mammalia,yellowstone,44.576553,-110.82737,2026-06-14
Bison bison,American Bison,Mammalia,yellowstone,44.569203,-110.815947,2026-06-08
Bison bison,American Bison,Mammalia,yellowstone,44.570875,-110.817607,2026-06-08
Bison bison,American Bison,Mammalia,yellowstone,44.516312,-110.832847,2026-06-07
Bison bison,American Bison,Mammalia,yellowstone,44.736758,-110.69732,2026-06-10
Bison bison,American Bison,Mammalia,yellowstone,44.659845,-110.765953,2026-06-08
Bison bison,American Bison,Mammalia,yellowstone,44.557612,-110.260402,2026-06-09
Bison bison,American Bison,Mammalia,yellowstone,44.80455,-110.738275,2026-06-08
Bison bison,American Bison,Mammalia,yellowstone,44.869356,-110.165648,2026-06-07
Bison bison,American Bison,Mammalia,yellowstone,44.942113,-110.44932,2026-06-07
Bison bison,American Bison,Mammalia,yellowstone,44.511676,-110.835434,2026-06-01
Bison bison,American Bison,Mammalia,yellowstone,44.449162,-110.566163,2026-06-01
Bison bison,American Bison,Mammalia,yellowstone,44.646805,-110.459275,2026-06-13
Bison bison,American Bison,Mammalia,yellowstone,44.737679,-110.698301,2026-06-07
Bison bison,American Bison,Mammalia,yellowstone,44.636525,-110.451028,2026-06-13
Bison bison,American Bison,Mammalia,yellowstone,44.641619,-110.858719,2026-06-07
Bison bison,American Bison,Mammalia,yellowstone,44.646805,-110.459275,2026-06-13
Bison bison,American Bison,Mammalia,yellowstone,44.669537,-110.471213,2026-06-02
Bison bison,American Bison,Mammalia,yellowstone,44.886751,-110.221651,2026-06-03
Bison bison,American Bison,Mammalia,yellowstone,44.713795,-110.494408,2026-06-01
Bison bison,American Bison,Mammalia,yellowstone,44.517795,-110.825745,2026-06-11
Bison bison,American Bison,Mammalia,yellowstone,44.871088,-110.181747,2026-06-01
Bison bison,American Bison,Mammalia,yellowstone,44.596148,-110.561249,2026-06-06
Bison bison,American Bison,Mammalia,yellowstone,44.909897,-110.25473,2026-06-13
Bison bison,American Bison,Mammalia,yellowstone,44.918953,-110.415329,2026-06-03
Bison bison,American Bison,Mammalia,yellowstone,44.577451,-110.828975,2026-06-10
Bison bison,American Bison,Mammalia,yellowstone,44.880433,-110.150453,2026-06-02
Bison bison,American Bison,Mammalia,yellowstone,44.636525,-110.451028,2026-06-13
Bison bison,American Bison,Mammalia,yellowstone,44.824919,-110.899436,2026-06-02
Bison bison,American Bison,Mammalia,yellowstone,44.950547,-110.077086,2026-06-08
Bison bison,American Bison,Mammalia,yellowstone,44.588487,-110.836513,2026-06-10
Bison bison,American Bison,Mammalia,yellowstone,44.719691,-110.503256,2026-06-19
Bison bison,American Bison,Mammalia,yellowstone,44.668133,-110.470009,2026-06-16
Bison bison,American Bison,Mammalia,yellowstone,44.914713,-110.268517,2026-06-20
Bison bison,American Bison,Mammalia,yellowstone,44.588181,-110.381062,2026-06-20
Bison bison,American Bison,Mammalia,yellowstone,44.867278,-110.403288,2026-06-16
Bison bison,American Bison,Mammalia,yellowstone,44.655625,-110.46363,2026-06-15
Bison bison,American Bison,Mammalia,yellowstone,44.502866,-110.841116,2026-06-18
Bison bison,American Bison,Mammalia,yellowstone,44.487567,-110.852716,2026-06-18
Bison bison,American Bison,Mammalia,yellowstone,44.463305,-110.826758,2026-06-09
Bison bison,American Bison,Mammalia,yellowstone,44.559625,-110.809845,2026-06-17
Bison bison,American Bison,Mammalia,yellowstone,44.67317,-110.478225,2026-06-04
Bison bison,American Bison,Mammalia,yellowstone,44.892205,-110.231413,2026-06-19
Bison bison,American Bison,Mammalia,yellowstone,44.721779,-110.495575,2026-06-19
Bison bison,American Bison,Mammalia,yellowstone,44.596414,-110.54711,2026-06-11
Bison bison,American Bison,Mammalia,yellowstone,44.655517,-110.463708,2026-06-15
Bison bison,American Bison,Mammalia,yellowstone,44.735397,-110.493253,2026-06-19
Bison bison,American Bison,Mammalia,yellowstone,44.541149,-110.873817,2026-06-16
Bison bison,American Bison,Mammalia,yellowstone,44.891686,-110.739595,2026-06-09
Bison bison,American Bison,Mammalia,yellowstone,44.916597,-110.334327,2026-06-14
Bison bison,American Bison,Mammalia,yellowstone,44.937588,-110.44358,2026-06-19
Bison bison,American Bison,Mammalia,yellowstone,44.643829,-110.45548,2026-06-11
Bison bison,American Bison,Mammalia,yellowstone,44.405536,-110.593646,2026-06-14
Bison bison,American Bison,Mammalia,yellowstone,44.607776,-110.845687,2026-06-14
Bison bison,American Bison,Mammalia,yellowstone,44.786006,-110.740098,2026-06-15
Bison bison,American Bison,Mammalia,yellowstone,44.573629,-110.821691,2026-06-11
Bison bison,American Bison,Mammalia,yellowstone,44.717117,-110.663297,2026-06-14
Bison bison,American Bison,Mammalia,yellowstone,44.785903,-110.739969,2026-06-15
Bison bison,American Bison,Mammalia,yellowstone,44.52103,-110.831466,2026-06-15
Bison bison,American Bison,Mammalia,yellowstone,44.704184,-110.579529,2026-06-19
Bison bison,American Bison,Mammalia,yellowstone,44.778962,-110.407647,2026-06-14
Bison bison,American Bison,Mammalia,yellowstone,44.675322,-110.482383,2026-06-19
Bison bison,American Bison,Mammalia,yellowstone,44.567237,-110.586472,2026-06-16
Bison bison,American Bison,Mammalia,yellowstone,44.536912,-110.816187,2026-06-26
Bison bison,American Bison,Mammalia,yellowstone,44.725879,-110.493901,2026-06-20
Bison bison,American Bison,Mammalia,yellowstone,44.726266,-110.493622,2026-06-07
Bison bison,American Bison,Mammalia,yellowstone,44.876878,-110.153908,2026-06-25
Bison bison,American Bison,Mammalia,yellowstone,44.646524,-110.458835,2026-06-23
Bison bison,American Bison,Mammalia,yellowstone,44.533735,-110.36938,2026-06-25
Bison bison,American Bison,Mammalia,yellowstone,44.6546,-110.464,2026-06-25
Bison bison,American Bison,Mammalia,yellowstone,44.460213,-110.831337,2026-06-24
Bison bison,American Bison,Mammalia,yellowstone,44.911305,-110.263471,2026-06-14
Bison bison,American Bison,Mammalia,yellowstone,44.5631,-110.3922,2026-06-28
Bison bison,American Bison,Mammalia,yellowstone,44.726308,-110.683854,2026-06-25
Bison bison,American Bison,Mammalia,yellowstone,44.73453,-110.506967,2026-06-22
Bison bison,American Bison,Mammalia,yellowstone,44.461128,-110.839767,2026-06-27
Bison bison,American Bison,Mammalia,yellowstone,44.912138,-110.259278,2026-06-25
Bison bison,American Bison,Mammalia,yellowstone,44.914967,-110.272075,2026-06-25
Bison bison,American Bison,Mammalia,yellowstone,44.888478,-110.140914,2026-06-22
Bison bison,American Bison,Mammalia,yellowstone,44.65011,-111.011891,2026-06-12
Bison bison,American Bison,Mammalia,yellowstone,44.891672,-110.136899,2026-06-22
Bison bison,American Bison,Mammalia,yellowstone,44.673044,-110.4783,2026-06-06
Bison bison,American Bison,Mammalia,yellowstone,44.559986,-110.322533,2026-06-25
Bison bison,American Bison,Mammalia,yellowstone,44.536904,-110.816199,2026-06-26
Bison bison,American Bison,Mammalia,yellowstone,44.914967,-110.272075,2026-06-25
Bison bison,American Bison,Mammalia,yellowstone,44.868341,-110.174451,2026-06-25
Bison bison,American Bison,Mammalia,yellowstone,44.662807,-110.464249,2026-06-22
Bison bison,American Bison,Mammalia,yellowstone,44.512803,-110.833122,2026-06-23
Bison bison,American Bison,Mammalia,yellowstone,44.4795,-110.438784,2026-06-26
Bison bison,American Bison,Mammalia,yellowstone,44.9174,-110.411287,2026-06-27
Bison bison,American Bison,Mammalia,yellowstone,44.878987,-110.2147,2026-06-25
Bison bison,American Bison,Mammalia,yellowstone,44.907997,-110.325133,2026-06-21
Bison bison,American Bison,Mammalia,yellowstone,44.673362,-110.477979,2026-06-17
Bison bison,American Bison,Mammalia,yellowstone,44.944788,-110.08265,2026-06-26
Bison bison,American Bison,Mammalia,yellowstone,44.597918,-110.561249,2026-06-19
Bison bison,American Bison,Mammalia,yellowstone,44.935424,-110.083357,2026-06-20
Bison bison,American Bison,Mammalia,yellowstone,44.907536,-110.344911,2026-06-19
Bison bison,American Bison,Mammalia,yellowstone,44.721286,-110.671556,2026-06-19
Bison bison,American Bison,Mammalia,yellowstone,44.867742,-110.407805,2026-06-25
Bison bison,American Bison,Mammalia,yellowstone,44.935783,-110.083847,2026-06-08
Bison bison,American Bison,Mammalia,yellowstone,44.910533,-110.255767,2026-06-17
Bison bison,American Bison,Mammalia,yellowstone,44.881942,-110.217817,2026-06-19
Bison bison,American Bison,Mammalia,yellowstone,44.558067,-110.808525,2026-06-24
Bison bison,American Bison,Mammalia,yellowstone,44.674486,-110.484391,2026-06-19
Bison bison,American Bison,Mammalia,yellowstone,44.5631,-110.3922,2026-06-28
Bison bison,American Bison,Mammalia,yellowstone,44.875146,-110.210176,2026-06-23
Bison bison,American Bison,Mammalia,yellowstone,44.894325,-110.235275,2026-06-18
Bison bison,American Bison,Mammalia,yellowstone,44.669773,-110.471831,2026-06-25
Bison bison,American Bison,Mammalia,yellowstone,44.675221,-110.482206,2026-06-13
Bison bison,American Bison,Mammalia,yellowstone,44.721114,-110.670946,2026-06-19
Bison bison,American Bison,Mammalia,yellowstone,44.804893,-111.219955,2026-06-15
Bison bison,American Bison,Mammalia,yellowstone,44.665927,-110.466513,2026-06-15
Bison bison,American Bison,Mammalia,yellowstone,44.460511,-110.827857,2026-06-30
Bison bison,American Bison,Mammalia,yellowstone,44.868521,-110.174643,2026-06-19
Bison bison,American Bison,Mammalia,yellowstone,44.868521,-110.174643,2026-06-25
Bison bison,American Bison,Mammalia,yellowstone,44.711905,-110.504653,2026-06-29
Bison bison,American Bison,Mammalia,yellowstone,44.937837,-110.444,2026-06-30
Bison bison,American Bison,Mammalia,yellowstone,44.868521,-110.174643,2026-06-19
Bison bison,American Bison,Mammalia,yellowstone,44.595392,-110.38772,2026-06-25
Bison bison,American Bison,Mammalia,yellowstone,44.905821,-110.298489,2026-06-30
Bison bison,American Bison,Mammalia,yellowstone,44.868521,-110.174643,2026-06-25
Bison bison,American Bison,Mammalia,yellowstone,44.868521,-110.174643,2026-06-20
Bison bison,American Bison,Mammalia,yellowstone,44.620597,-110.435364,2026-06-24
Bison bison,American Bison,Mammalia,yellowstone,44.868521,-110.174643,2026-06-19
Bison bison,American Bison,Mammalia,yellowstone,44.641513,-110.455095,2026-06-21
Bison bison,American Bison,Mammalia,yellowstone,44.868521,-110.174643,2026-06-19
Bison bison,American Bison,Mammalia,yellowstone,44.910585,-110.258358,2026-06-30
Bison bison,American Bison,Mammalia,yellowstone,44.624482,-110.434272,2026-06-29
Bison bison,American Bison,Mammalia,yellowstone,44.648128,-110.849533,2026-06-24
Bison bison,American Bison,Mammalia,yellowstone,44.196353,-109.99369,2026-06-28
Bison bison,American Bison,Mammalia,yellowstone,44.868521,-110.174643,2026-06-19
Bison bison,American Bison,Mammalia,yellowstone,44.709125,-110.491796,2026-06-30
Bison bison,American Bison,Mammalia,yellowstone,44.902449,-110.252708,2026-06-30
Bison bison,American Bison,Mammalia,yellowstone,44.87567,-110.21077,2026-06-24
Bison bison,American Bison,Mammalia,yellowstone,44.868607,-110.174152,2026-06-26
Bison bison,American Bison,Mammalia,yellowstone,44.868521,-110.174643,2026-06-19
Bison bison,American Bison,Mammalia,yellowstone,44.870807,-110.187148,2026-06-26
Bison bison,American Bison,Mammalia,yellowstone,44.868521,-110.174643,2026-06-25
Bison bison,American Bison,Mammalia,yellowstone,44.721862,-110.571389,2026-06-09
Bison bison,American Bison,Mammalia,yellowstone,44.597918,-110.561249,2026-06-20
Bison bison,American Bison,Mammalia,yellowstone,44.668334,-110.471505,2026-06-21
Bison bison,American Bison,Mammalia,yellowstone,44.46513,-110.840058,2026-06-24
Bison bison,American Bison,Mammalia,yellowstone,44.921058,-110.311312,2026-06-09
Bison bison,American Bison,Mammalia,yellowstone,44.596148,-110.561249,2026-06-14
Bison bison,American Bison,Mammalia,yellowstone,44.55633,-110.39283,2026-06-21
Bison bison,American Bison,Mammalia,yellowstone,44.4733,-110.846642,2026-06-24
Bison bison,American Bison,Mammalia,yellowstone,44.875645,-110.15493,2026-06-26
Bison bison,American Bison,Mammalia,yellowstone,44.796033,-110.741325,2026-06-09
Bison bison,American Bison,Mammalia,yellowstone,44.68505,-110.493367,2026-06-16
Bison bison,American Bison,Mammalia,yellowstone,44.455913,-110.8311,2026-06-14
Bison bison,American Bison,Mammalia,yellowstone,44.661795,-110.463735,2026-06-15
Bison bison,American Bison,Mammalia,yellowstone,44.596414,-110.54711,2026-06-14
Bison bison,American Bison,Mammalia,yellowstone,44.726355,-110.493802,2026-06-01
Bison bison,American Bison,Mammalia,yellowstone,44.643762,-110.915692,2026-06-15
Bison bison,American Bison,Mammalia,yellowstone,44.874957,-110.208968,2026-06-19
Bison bison,American Bison,Mammalia,yellowstone,44.960931,-110.563718,2026-06-14
Bison bison,American Bison,Mammalia,yellowstone,44.679247,-110.487847,2026-06-13
Bison bison,American Bison,Mammalia,yellowstone,44.513229,-110.833031,2026-06-15
Bison bison,American Bison,Mammalia,yellowstone,44.871722,-110.206545,2026-06-19
Bison bison,American Bison,Mammalia,yellowstone,44.899385,-110.24211,2026-06-18
Bison bison,American Bison,Mammalia,yellowstone,44.725978,-110.493844,2026-06-26
Bison bison,American Bison,Mammalia,yellowstone,44.915816,-110.276776,2026-06-19
Bison bison,American Bison,Mammalia,yellowstone,44.661849,-110.463534,2026-06-15
Bison bison,American Bison,Mammalia,yellowstone,44.643834,-110.915437,2026-06-15
Bison bison,American Bison,Mammalia,yellowstone,44.929967,-110.315018,2026-06-04
Bison bison,American Bison,Mammalia,yellowstone,44.661713,-110.463367,2026-06-15
Bison bison,American Bison,Mammalia,yellowstone,44.899679,-110.241809,2026-06-18
Bison bison,American Bison,Mammalia,yellowstone,44.597918,-110.561249,2026-06-20
Bison bison,American Bison,Mammalia,yellowstone,44.714929,-111.049969,2026-06-18
Bison bison,American Bison,Mammalia,yellowstone,44.597918,-110.561249,2026-06-20
Bison bison,American Bison,Mammalia,yellowstone,44.597918,-110.561249,2026-06-20
Bison bison,American Bison,Mammalia,yellowstone,44.597918,-110.561249,2026-06-20
Bison bison,American Bison,Mammalia,yellowstone,44.500645,-110.938205,2026-06-14
Bison bison,American Bison,Mammalia,yellowstone,44.597918,-110.561249,2026-06-20
Bison bison,American Bison,Mammalia,yellowstone,44.926183,-110.47255,2026-06-05
Bison bison,American Bison,Mammalia,yellowstone,44.498287,-110.575815,2026-06-14
Bison bison,American Bison,Mammalia,yellowstone,44.483621,-110.851842,2026-06-19
Bison bison,American Bison,Mammalia,yellowstone,44.597918,-110.561249,2026-06-20
Bison bison,American Bison,Mammalia,yellowstone,44.993,-110.056489,2026-06-20
Bison bison,American Bison,Mammalia,yellowstone,44.567237,-110.586472,2026-06-15
Bison bison,American Bison,Mammalia,yellowstone,44.947111,-110.510679,2026-06-13
Bison bison,American Bison,Mammalia,yellowstone,44.908175,-110.341859,2026-06-13
Bison bison,American Bison,Mammalia,yellowstone,44.948172,-110.515468,2026-06-13
Bison bison,American Bison,Mammalia,yellowstone,44.902288,-110.253258,2026-06-14
Bison bison,American Bison,Mammalia,yellowstone,44.882866,-110.22311,2026-06-18
Bison bison,American Bison,Mammalia,yellowstone,44.898721,-110.248105,2026-06-14
Bison bison,American Bison,Mammalia,yellowstone,44.907617,-110.257311,2026-06-18
Bison bison,American Bison,Mammalia,yellowstone,44.901521,-110.25113,2026-06-14
Bison bison,American Bison,Mammalia,yellowstone,44.464097,-110.829659,2026-06-18
Bison bison,American Bison,Mammalia,yellowstone,44.881044,-110.215931,2026-06-18
Bison bison,American Bison,Mammalia,yellowstone,44.730053,-110.689628,2026-06-13
Bison bison,American Bison,Mammalia,yellowstone,44.624947,-110.434284,2026-06-14
Bison bison,American Bison,Mammalia,yellowstone,44.905571,-110.244147,2026-06-14
Bison bison,American Bison,Mammalia,yellowstone,44.895681,-110.241612,2026-06-14
Bison bison,American Bison,Mammalia,yellowstone,44.618136,-110.418219,2026-06-14
Bison bison,American Bison,Mammalia,yellowstone,44.897748,-110.246731,2026-06-14
Bison bison,American Bison,Mammalia,yellowstone,44.882781,-110.223091,2026-06-18
Bison bison,American Bison,Mammalia,yellowstone,44.899581,-110.250705,2026-06-14
Bison bison,American Bison,Mammalia,yellowstone,44.894882,-110.241271,2026-06-13
Bison bison,American Bison,Mammalia,yellowstone,44.896917,-110.242183,2026-06-13
Bison bison,American Bison,Mammalia,yellowstone,44.461899,-110.828611,2026-06-18
Bison bison,American Bison,Mammalia,yellowstone,44.461871,-110.82864,2026-06-18
Bison bison,American Bison,Mammalia,yellowstone,44.899108,-110.249251,2026-06-14
Bison bison,American Bison,Mammalia,yellowstone,44.914235,-110.273844,2026-06-16
Bison bison,American Bison,Mammalia,yellowstone,44.695072,-110.501951,2026-06-16
Bison bison,American Bison,Mammalia,yellowstone,44.901843,-110.252742,2026-06-14
Bison bison,American Bison,Mammalia,yellowstone,44.903832,-110.243094,2026-06-14
Bison bison,American Bison,Mammalia,yellowstone,44.679322,-110.488525,2026-07-03
Bison bison,American Bison,Mammalia,yellowstone,44.789988,-110.737838,2026-07-02
Bison bison,American Bison,Mammalia,yellowstone,44.638273,-110.859626,2026-07-01
Bison bison,American Bison,Mammalia,yellowstone,44.598205,-110.831238,2026-07-02
Bison bison,American Bison,Mammalia,yellowstone,44.61903,-110.42357,2026-07-01
Bison bison,American Bison,Mammalia,yellowstone,44.65867,-110.471584,2026-07-01
Bison bison,American Bison,Mammalia,yellowstone,44.600383,-110.386712,2026-07-03
Bison bison,American Bison,Mammalia,yellowstone,44.68227,-110.492393,2026-07-01
Bison bison,American Bison,Mammalia,yellowstone,44.635825,-110.450333,2026-07-01
Bison bison,American Bison,Mammalia,yellowstone,44.94827,-110.51638,2026-07-04
Bison bison,American Bison,Mammalia,yellowstone,44.648267,-110.849188,2026-07-04
Bison bison,American Bison,Mammalia,yellowstone,44.907487,-110.344392,2026-07-02
Bison bison,American Bison,Mammalia,yellowstone,44.91316,-110.261838,2026-07-04
Bison bison,American Bison,Mammalia,yellowstone,44.913123,-110.261694,2026-07-04
Bison bison,American Bison,Mammalia,yellowstone,44.873253,-110.207642,2026-07-02
Bison bison,American Bison,Mammalia,yellowstone,44.90848,-110.353287,2026-07-04
Bison bison,American Bison,Mammalia,yellowstone,44.925903,-110.31845,2026-07-02
Bison bison,American Bison,Mammalia,yellowstone,44.907822,-110.252075,2026-07-02
Bison bison,American Bison,Mammalia,yellowstone,44.871903,-110.205887,2026-07-03
Bison bison,American Bison,Mammalia,yellowstone,44.575488,-110.8321,2026-07-12
Bison bison,American Bison,Mammalia,yellowstone,44.623192,-110.434357,2026-07-08
Bison bison,American Bison,Mammalia,yellowstone,44.908622,-110.354255,2026-07-09
Bison bison,American Bison,Mammalia,yellowstone,44.575488,-110.8321,2026-07-12
Bison bison,American Bison,Mammalia,yellowstone,44.914708,-110.282997,2026-07-12
Bison bison,American Bison,Mammalia,yellowstone,44.531453,-110.460465,2026-07-02
Bison bison,American Bison,Mammalia,yellowstone,44.550153,-110.400192,2026-07-06
Bison bison,American Bison,Mammalia,yellowstone,44.842142,-110.172685,2026-07-07
Bison bison,American Bison,Mammalia,yellowstone,44.62443,-110.434595,2026-07-09
Bison bison,American Bison,Mammalia,yellowstone,44.623095,-110.434511,2026-07-04
Bison bison,American Bison,Mammalia,yellowstone,44.869479,-110.176037,2026-07-10
Bison bison,American Bison,Mammalia,yellowstone,44.73602,-110.495828,2026-07-07
Bison bison,American Bison,Mammalia,yellowstone,44.880462,-110.216214,2026-07-02
Bison bison,American Bison,Mammalia,yellowstone,44.629453,-110.856195,2026-07-06
Bison bison,American Bison,Mammalia,yellowstone,44.694042,-110.746011,2026-07-06
Bison bison,American Bison,Mammalia,yellowstone,44.905367,-110.248991,2026-07-03
Bison bison,American Bison,Mammalia,yellowstone,44.558867,-110.331519,2026-07-06
Bison bison,American Bison,Mammalia,yellowstone,44.714317,-110.494888,2026-07-07
Bison bison,American Bison,Mammalia,yellowstone,44.571647,-110.832389,2026-07-06
Bison bison,American Bison,Mammalia,yellowstone,44.632369,-110.416445,2026-07-05
Bison bison,American Bison,Mammalia,yellowstone,44.636908,-110.451513,2026-07-03
Bison bison,American Bison,Mammalia,yellowstone,44.909297,-110.336053,2026-07-11
Bison bison,American Bison,Mammalia,yellowstone,44.911898,-110.269915,2026-07-02
Bison bison,American Bison,Mammalia,yellowstone,44.921028,-110.312187,2026-07-03
Bison bison,American Bison,Mammalia,yellowstone,44.67429,-110.4802,2026-07-16
Bison bison,American Bison,Mammalia,yellowstone,44.917903,-110.410263,2026-07-09
Bison bison,American Bison,Mammalia,yellowstone,44.425039,-110.637226,2026-07-10
Bison bison,American Bison,Mammalia,yellowstone,44.902042,-110.396225,2026-07-01
Bison bison,American Bison,Mammalia,yellowstone,44.851947,-110.735959,2026-07-15
Bison bison,American Bison,Mammalia,yellowstone,44.641021,-110.883214,2026-07-15
Bison bison,American Bison,Mammalia,yellowstone,44.935047,-110.083611,2026-07-16
Bison bison,American Bison,Mammalia,yellowstone,44.683042,-110.493242,2026-07-03
Haliaeetus leucocephalus,Bald Eagle,Aves,yellowstone,45.078456,-110.772537,2026-01-01
Haliaeetus leucocephalus,Bald Eagle,Aves,yellowstone,44.579462,-110.830497,2026-01-10
Haliaeetus leucocephalus,Bald Eagle,Aves,yellowstone,44.499695,-111.255562,2026-01-17
Haliaeetus leucocephalus,Bald Eagle,Aves,yellowstone,44.869069,-110.195388,2026-01-31
Haliaeetus leucocephalus,Bald Eagle,Aves,yellowstone,44.617938,-110.858462,2026-01-30
Haliaeetus leucocephalus,Bald Eagle,Aves,yellowstone,45.034673,-110.706372,2026-02-04
Haliaeetus leucocephalus,Bald Eagle,Aves,yellowstone,44.965325,-110.690523,2026-02-28
Haliaeetus leucocephalus,Bald Eagle,Aves,yellowstone,45.048436,-110.752845,2026-02-09
Haliaeetus leucocephalus,Bald Eagle,Aves,yellowstone,44.867218,-110.167773,2026-02-13
Haliaeetus leucocephalus,Bald Eagle,Aves,yellowstone,45.044443,-110.745403,2026-02-11
Haliaeetus leucocephalus,Bald Eagle,Aves,yellowstone,44.905988,-110.115503,2026-03-14
Haliaeetus leucocephalus,Bald Eagle,Aves,yellowstone,44.499488,-111.255508,2026-04-18
Haliaeetus leucocephalus,Bald Eagle,Aves,yellowstone,44.9537,-110.603501,2026-04-11
Haliaeetus leucocephalus,Bald Eagle,Aves,yellowstone,44.907556,-110.251614,2026-05-07
Haliaeetus leucocephalus,Bald Eagle,Aves,yellowstone,44.596631,-110.387333,2026-05-06
Haliaeetus leucocephalus,Bald Eagle,Aves,yellowstone,44.698556,-110.502375,2026-05-06
Haliaeetus leucocephalus,Bald Eagle,Aves,yellowstone,44.651601,-111.029985,2026-05-06
Haliaeetus leucocephalus,Bald Eagle,Aves,yellowstone,44.607047,-110.38427,2026-05-09
Haliaeetus leucocephalus,Bald Eagle,Aves,yellowstone,44.890319,-110.224376,2026-05-25
Haliaeetus leucocephalus,Bald Eagle,Aves,yellowstone,44.640584,-110.454489,2026-05-31
Haliaeetus leucocephalus,Bald Eagle,Aves,yellowstone,44.927066,-110.095162,2026-05-22
Haliaeetus leucocephalus,Bald Eagle,Aves,yellowstone,44.941447,-110.449021,2026-05-11
Haliaeetus leucocephalus,Bald Eagle,Aves,yellowstone,44.249465,-110.645294,2026-05-08
Haliaeetus leucocephalus,Bald Eagle,Aves,yellowstone,44.933024,-110.315658,2026-05-09
Haliaeetus leucocephalus,Bald Eagle,Aves,yellowstone,45.005596,-110.704083,2026-06-06
Haliaeetus leucocephalus,Bald Eagle,Aves,yellowstone,44.910412,-110.373642,2026-06-26
Haliaeetus leucocephalus,Bald Eagle,Aves,yellowstone,44.5548,-110.3919,2026-06-26
Haliaeetus leucocephalus,Bald Eagle,Aves,yellowstone,44.485321,-110.447379,2026-06-25
Haliaeetus leucocephalus,Bald Eagle,Aves,yellowstone,44.475452,-110.460911,2026-06-25
Haliaeetus leucocephalus,Bald Eagle,Aves,yellowstone,44.868521,-110.174643,2026-06-18
Haliaeetus leucocephalus,Bald Eagle,Aves,yellowstone,44.868521,-110.174643,2026-06-19
Haliaeetus leucocephalus,Bald Eagle,Aves,yellowstone,44.451253,-109.798252,2026-06-29
Haliaeetus leucocephalus,Bald Eagle,Aves,yellowstone,44.868521,-110.174643,2026-06-19
Haliaeetus leucocephalus,Bald Eagle,Aves,yellowstone,44.099903,-110.685479,2026-06-24
Haliaeetus leucocephalus,Bald Eagle,Aves,yellowstone,44.460479,-110.828138,2026-06-24
Haliaeetus leucocephalus,Bald Eagle,Aves,yellowstone,44.529044,-110.292272,2026-06-29
Haliaeetus leucocephalus,Bald Eagle,Aves,yellowstone,44.90033,-110.129541,2026-06-21
Haliaeetus leucocephalus,Bald Eagle,Aves,yellowstone,44.681538,-110.489625,2026-06-27
Haliaeetus leucocephalus,Bald Eagle,Aves,yellowstone,44.634842,-110.447986,2026-06-21
Haliaeetus leucocephalus,Bald Eagle,Aves,yellowstone,44.662232,-110.461103,2026-06-15
Haliaeetus leucocephalus,Bald Eagle,Aves,yellowstone,44.896894,-110.12254,2026-06-19
Haliaeetus leucocephalus,Bald Eagle,Aves,yellowstone,44.64263,-110.4547,2026-06-20
Haliaeetus leucocephalus,Bald Eagle,Aves,yellowstone,44.649791,-110.462068,2026-06-20
Haliaeetus leucocephalus,Bald Eagle,Aves,yellowstone,44.913434,-110.328332,2026-06-18
Haliaeetus leucocephalus,Bald Eagle,Aves,yellowstone,45.03391,-110.715626,2026-06-15
Haliaeetus leucocephalus,Bald Eagle,Aves,yellowstone,44.564166,-110.376367,2026-06-16
Haliaeetus leucocephalus,Bald Eagle,Aves,yellowstone,44.61941,-110.421053,2026-06-17
Haliaeetus leucocephalus,Bald Eagle,Aves,yellowstone,44.877462,-110.213088,2026-07-02
Haliaeetus leucocephalus,Bald Eagle,Aves,yellowstone,44.662942,-110.46443,2026-07-02
Haliaeetus leucocephalus,Bald Eagle,Aves,yellowstone,44.508134,-110.838962,2026-07-07
Haliaeetus leucocephalus,Bald Eagle,Aves,yellowstone,44.90807,-110.254374,2026-07-04
Haliaeetus leucocephalus,Bald Eagle,Aves,yellowstone,45.025956,-110.701828,2026-07-10
Haliaeetus leucocephalus,Bald Eagle,Aves,yellowstone,44.868181,-110.190219,2026-07-03
Haliaeetus leucocephalus,Bald Eagle,Aves,yellowstone,44.397225,-110.396361,2026-07-14
Haliaeetus leucocephalus,Bald Eagle,Aves,yellowstone,44.608108,-110.389313,2026-07-18
Haliaeetus leucocephalus,Bald Eagle,Aves,yellowstone,44.878921,-110.216112,2026-07-02
Haliaeetus leucocephalus,Bald Eagle,Aves,yellowstone,44.342717,-110.786112,2026-07-19
Haliaeetus leucocephalus,Bald Eagle,Aves,yellowstone,44.596148,-110.561249,2026-07-20
Haliaeetus leucocephalus,Bald Eagle,Aves,yellowstone,44.912047,-110.376542,2026-07-24
Haliaeetus leucocephalus,Bald Eagle,Aves,yellowstone,44.911903,-110.378565,2026-07-23
Haliaeetus leucocephalus,Bald Eagle,Aves,yellowstone,44.394464,-110.556297,2026-07-20
Haliaeetus leucocephalus,Bald Eagle,Aves,yellowstone,44.634783,-110.448167,2026-07-20
Haliaeetus leucocephalus,Bald Eagle,Aves,yellowstone,44.914897,-110.273628,2026-07-27
Haliaeetus leucocephalus,Bald Eagle,Aves,yellowstone,44.650651,-110.957688,2026-07-27
Haliaeetus leucocephalus,Bald Eagle,Aves,yellowstone,44.895512,-110.234878,2026-08-08
Haliaeetus leucocephalus,Bald Eagle,Aves,yellowstone,44.644803,-110.92105,2026-08-02
Haliaeetus leucocephalus,Bald Eagle,Aves,yellowstone,44.865537,-110.180143,2026-08-05
Haliaeetus leucocephalus,Bald Eagle,Aves,yellowstone,44.910541,-110.331943,2026-08-16
Haliaeetus leucocephalus,Bald Eagle,Aves,yellowstone,44.464067,-110.836455,2026-08-04
Haliaeetus leucocephalus,Bald Eagle,Aves,yellowstone,44.536858,-110.294747,2026-08-06
Haliaeetus leucocephalus,Bald Eagle,Aves,yellowstone,45.119563,-110.796469,2026-08-16
Haliaeetus leucocephalus,Bald Eagle,Aves,yellowstone,44.875568,-110.213497,2026-08-13
Haliaeetus leucocephalus,Bald Eagle,Aves,yellowstone,44.909178,-110.253959,2026-08-23
Haliaeetus leucocephalus,Bald Eagle,Aves,yellowstone,44.690402,-110.501255,2026-08-05
Haliaeetus leucocephalus,Bald Eagle,Aves,yellowstone,44.650297,-111.008958,2026-08-27
Haliaeetus leucocephalus,Bald Eagle,Aves,yellowstone,44.660406,-110.961046,2026-08-28
Haliaeetus leucocephalus,Bald Eagle,Aves,yellowstone,44.650624,-111.00724,2026-08-27
Haliaeetus leucocephalus,Bald Eagle,Aves,yellowstone,44.550136,-110.397605,2026-08-27
Haliaeetus leucocephalus,Bald Eagle,Aves,yellowstone,44.920072,-110.305194,2026-08-27
Haliaeetus leucocephalus,Bald Eagle,Aves,yellowstone,44.650599,-111.007234,2026-08-27
Haliaeetus leucocephalus,Bald Eagle,Aves,yellowstone,44.516226,-110.276283,2026-08-29
Haliaeetus leucocephalus,Bald Eagle,Aves,yellowstone,44.650403,-111.014446,2026-08-28
Haliaeetus leucocephalus,Bald Eagle,Aves,yellowstone,44.63978,-110.883474,2026-08-28
Haliaeetus leucocephalus,Bald Eagle,Aves,yellowstone,44.516226,-110.276283,2026-08-29
Haliaeetus leucocephalus,Bald Eagle,Aves,yellowstone,44.934812,-110.083594,2026-08-23
Haliaeetus leucocephalus,Bald Eagle,Aves,yellowstone,44.626675,-110.432638,2025-01-01
Haliaeetus leucocephalus,Bald Eagle,Aves,yellowstone,44.626659,-110.432264,2025-01-01
Haliaeetus leucocephalus,Bald Eagle,Aves,yellowstone,44.711838,-110.502224,2025-01-12
Haliaeetus leucocephalus,Bald Eagle,Aves,yellowstone,44.627439,-110.43223,2025-01-12
Haliaeetus leucocephalus,Bald Eagle,Aves,yellowstone,44.655174,-110.771281,2025-01-21
Haliaeetus leucocephalus,Bald Eagle,Aves,yellowstone,44.4735,-110.841482,2025-01-22
Haliaeetus leucocephalus,Bald Eagle,Aves,yellowstone,44.596148,-110.561249,2025-01-31
Haliaeetus leucocephalus,Bald Eagle,Aves,yellowstone,44.976612,-110.467411,2025-02-04
Haliaeetus leucocephalus,Bald Eagle,Aves,yellowstone,44.9766,-110.467807,2025-02-04
Haliaeetus leucocephalus,Bald Eagle,Aves,yellowstone,44.723498,-110.70327,2025-02-03
Haliaeetus leucocephalus,Bald Eagle,Aves,yellowstone,44.481249,-110.854641,2025-04-20
Haliaeetus leucocephalus,Bald Eagle,Aves,yellowstone,44.596414,-110.54711,2025-04-27
Haliaeetus leucocephalus,Bald Eagle,Aves,yellowstone,44.913356,-110.33624,2025-04-26
Haliaeetus leucocephalus,Bald Eagle,Aves,yellowstone,44.913356,-110.33624,2025-04-26
Haliaeetus leucocephalus,Bald Eagle,Aves,yellowstone,44.955056,-110.602008,2025-05-04
Haliaeetus leucocephalus,Bald Eagle,Aves,yellowstone,44.915404,-110.321827,2025-05-21
Haliaeetus leucocephalus,Bald Eagle,Aves,yellowstone,44.635433,-110.448353,2025-06-03
Haliaeetus leucocephalus,Bald Eagle,Aves,yellowstone,44.715032,-110.496367,2025-06-11
Haliaeetus leucocephalus,Bald Eagle,Aves,yellowstone,44.597918,-110.561249,2025-06-18
Haliaeetus leucocephalus,Bald Eagle,Aves,yellowstone,44.941805,-110.448892,2025-06-30
Haliaeetus leucocephalus,Bald Eagle,Aves,yellowstone,44.899772,-110.128057,2025-06-21
Haliaeetus leucocephalus,Bald Eagle,Aves,yellowstone,44.921289,-110.437638,2025-06-30
Haliaeetus leucocephalus,Bald Eagle,Aves,yellowstone,44.857462,-110.410098,2025-06-25
Haliaeetus leucocephalus,Bald Eagle,Aves,yellowstone,44.427968,-110.588454,2025-06-23
Haliaeetus leucocephalus,Bald Eagle,Aves,yellowstone,44.903454,-110.245638,2025-07-04
Haliaeetus leucocephalus,Bald Eagle,Aves,yellowstone,44.911749,-110.327909,2025-07-01
Haliaeetus leucocephalus,Bald Eagle,Aves,yellowstone,44.86862,-110.165957,2025-07-09
Haliaeetus leucocephalus,Bald Eagle,Aves,yellowstone,44.502181,-109.949291,2025-07-18
Haliaeetus leucocephalus,Bald Eagle,Aves,yellowstone,44.670539,-110.467189,2025-07-12
Haliaeetus leucocephalus,Bald Eagle,Aves,yellowstone,44.506322,-110.276253,2025-07-12
Haliaeetus leucocephalus,Bald Eagle,Aves,yellowstone,44.911288,-110.37366,2025-07-16
Haliaeetus leucocephalus,Bald Eagle,Aves,yellowstone,44.536945,-110.294813,2025-07-13
Haliaeetus leucocephalus,Bald Eagle,Aves,yellowstone,44.4622,-110.853722,2025-07-26
Haliaeetus leucocephalus,Bald Eagle,Aves,yellowstone,44.903946,-110.25634,2025-07-16
Haliaeetus leucocephalus,Bald Eagle,Aves,yellowstone,44.452077,-109.84206,2025-07-07
Haliaeetus leucocephalus,Bald Eagle,Aves,yellowstone,44.548992,-110.80627,2025-07-10
Haliaeetus leucocephalus,Bald Eagle,Aves,yellowstone,44.777081,-111.127713,2025-07-04
Haliaeetus leucocephalus,Bald Eagle,Aves,yellowstone,44.872695,-110.206988,2025-07-17
Haliaeetus leucocephalus,Bald Eagle,Aves,yellowstone,44.908951,-110.294495,2025-07-17
Haliaeetus leucocephalus,Bald Eagle,Aves,yellowstone,44.85247,-110.357978,2025-07-23
Haliaeetus leucocephalus,Bald Eagle,Aves,yellowstone,44.466828,-110.8372,2025-07-22
Haliaeetus leucocephalus,Bald Eagle,Aves,yellowstone,44.889437,-110.254776,2025-08-16
Haliaeetus leucocephalus,Bald Eagle,Aves,yellowstone,44.641952,-110.455404,2025-08-15
Haliaeetus leucocephalus,Bald Eagle,Aves,yellowstone,44.618944,-110.425229,2025-08-13
Haliaeetus leucocephalus,Bald Eagle,Aves,yellowstone,44.634269,-110.434571,2025-08-17
Haliaeetus leucocephalus,Bald Eagle,Aves,yellowstone,44.659768,-110.46687,2025-08-04
Haliaeetus leucocephalus,Bald Eagle,Aves,yellowstone,44.916226,-110.32527,2025-08-31
Haliaeetus leucocephalus,Bald Eagle,Aves,yellowstone,44.781508,-111.173347,2025-08-25
Haliaeetus leucocephalus,Bald Eagle,Aves,yellowstone,44.923536,-110.328674,2025-08-10
Haliaeetus leucocephalus,Bald Eagle,Aves,yellowstone,44.907066,-110.365026,2025-08-30
Haliaeetus leucocephalus,Bald Eagle,Aves,yellowstone,44.383602,-110.238387,2025-08-23
Haliaeetus leucocephalus,Bald Eagle,Aves,yellowstone,44.138492,-110.658867,2025-08-30
Haliaeetus leucocephalus,Bald Eagle,Aves,yellowstone,44.664917,-110.967583,2025-08-22
Haliaeetus leucocephalus,Bald Eagle,Aves,yellowstone,44.122492,-110.092905,2025-08-20
Haliaeetus leucocephalus,Bald Eagle,Aves,yellowstone,44.648781,-110.460534,2025-08-31
Haliaeetus leucocephalus,Bald Eagle,Aves,yellowstone,44.906059,-110.251816,2025-08-31
Haliaeetus leucocephalus,Bald Eagle,Aves,yellowstone,44.856352,-110.171927,2025-08-03
Haliaeetus leucocephalus,Bald Eagle,Aves,yellowstone,44.163175,-111.104386,2025-08-18
Haliaeetus leucocephalus,Bald Eagle,Aves,yellowstone,44.170246,-110.488222,2025-08-01
Haliaeetus leucocephalus,Bald Eagle,Aves,yellowstone,44.597918,-110.561249,2025-08-20
Haliaeetus leucocephalus,Bald Eagle,Aves,yellowstone,44.507963,-110.41942,2025-08-11
Haliaeetus leucocephalus,Bald Eagle,Aves,yellowstone,44.606891,-110.498674,2025-09-10
Haliaeetus leucocephalus,Bald Eagle,Aves,yellowstone,44.923356,-110.315519,2025-09-08
Haliaeetus leucocephalus,Bald Eagle,Aves,yellowstone,44.715958,-110.727233,2025-09-13
Haliaeetus leucocephalus,Bald Eagle,Aves,yellowstone,44.868521,-110.174643,2025-09-27
Haliaeetus leucocephalus,Bald Eagle,Aves,yellowstone,44.928777,-110.32855,2025-09-25
Haliaeetus leucocephalus,Bald Eagle,Aves,yellowstone,44.532869,-110.434662,2025-09-25
Haliaeetus leucocephalus,Bald Eagle,Aves,yellowstone,44.566588,-110.381865,2025-09-30
Haliaeetus leucocephalus,Bald Eagle,Aves,yellowstone,44.925161,-110.330738,2025-09-10
Haliaeetus leucocephalus,Bald Eagle,Aves,yellowstone,44.932036,-110.317888,2025-09-26
Haliaeetus leucocephalus,Bald Eagle,Aves,yellowstone,45.005353,-110.018299,2025-09-13
Haliaeetus leucocephalus,Bald Eagle,Aves,yellowstone,44.869398,-110.197239,2025-09-27
Haliaeetus leucocephalus,Bald Eagle,Aves,yellowstone,44.911769,-110.281887,2025-09-27
Haliaeetus leucocephalus,Bald Eagle,Aves,yellowstone,44.71281,-111.20876,2025-09-01
Haliaeetus leucocephalus,Bald Eagle,Aves,yellowstone,44.555036,-110.395647,2025-10-02
Haliaeetus leucocephalus,Bald Eagle,Aves,yellowstone,44.919591,-110.733045,2025-10-18
Haliaeetus leucocephalus,Bald Eagle,Aves,yellowstone,44.891608,-110.131544,2025-10-06
Haliaeetus leucocephalus,Bald Eagle,Aves,yellowstone,44.873975,-110.154839,2025-11-22
Haliaeetus leucocephalus,Bald Eagle,Aves,yellowstone,44.648413,-110.943036,2025-12-15
Haliaeetus leucocephalus,Bald Eagle,Aves,yellowstone,44.644508,-110.922287,2025-12-20
Haliaeetus leucocephalus,Bald Eagle,Aves,yellowstone,45.046162,-110.733737,2024-01-21
Haliaeetus leucocephalus,Bald Eagle,Aves,yellowstone,44.871212,-110.184784,2024-01-13
Haliaeetus leucocephalus,Bald Eagle,Aves,yellowstone,44.069344,-111.2457,2024-01-27
Haliaeetus leucocephalus,Bald Eagle,Aves,yellowstone,45.056828,-110.6792,2024-01-26
Haliaeetus leucocephalus,Bald Eagle,Aves,yellowstone,44.48499,-110.85371,2024-01-15
Haliaeetus leucocephalus,Bald Eagle,Aves,yellowstone,44.77621,-110.73864,2024-01-12
Haliaeetus leucocephalus,Bald Eagle,Aves,yellowstone,44.86919,-110.16585,2024-01-09
Haliaeetus leucocephalus,Bald Eagle,Aves,yellowstone,45.033127,-110.682014,2024-01-19
Haliaeetus leucocephalus,Bald Eagle,Aves,yellowstone,45.03718,-110.71391,2024-01-29
Haliaeetus leucocephalus,Bald Eagle,Aves,yellowstone,44.780174,-110.73854,2024-01-18
Haliaeetus leucocephalus,Bald Eagle,Aves,yellowstone,44.593445,-110.83127,2024-01-15
Haliaeetus leucocephalus,Bald Eagle,Aves,yellowstone,44.456795,-110.82924,2024-01-22
Haliaeetus leucocephalus,Bald Eagle,Aves,yellowstone,45.110043,-110.79198,2024-01-06
Haliaeetus leucocephalus,Bald Eagle,Aves,yellowstone,44.643078,-110.4559,2024-01-07
Haliaeetus leucocephalus,Bald Eagle,Aves,yellowstone,44.593445,-110.83127,2024-01-15
Haliaeetus leucocephalus,Bald Eagle,Aves,yellowstone,44.643078,-110.4559,2024-01-07
Haliaeetus leucocephalus,Bald Eagle,Aves,yellowstone,44.661938,-110.96252,2024-01-15
Haliaeetus leucocephalus,Bald Eagle,Aves,yellowstone,44.86919,-110.16585,2024-01-08
Haliaeetus leucocephalus,Bald Eagle,Aves,yellowstone,44.4621,-110.85357,2024-01-07
Haliaeetus leucocephalus,Bald Eagle,Aves,yellowstone,44.48499,-110.85371,2024-01-15
Haliaeetus leucocephalus,Bald Eagle,Aves,yellowstone,44.91341,-110.325745,2024-01-03
Haliaeetus leucocephalus,Bald Eagle,Aves,yellowstone,44.877975,-110.152794,2024-01-23
Haliaeetus leucocephalus,Bald Eagle,Aves,yellowstone,44.86919,-110.16585,2024-01-23
Haliaeetus leucocephalus,Bald Eagle,Aves,yellowstone,44.973408,-110.70415,2024-01-29
Haliaeetus leucocephalus,Bald Eagle,Aves,yellowstone,44.548004,-110.29622,2024-01-05
Haliaeetus leucocephalus,Bald Eagle,Aves,yellowstone,44.661167,-111.074715,2024-01-25
Haliaeetus leucocephalus,Bald Eagle,Aves,yellowstone,44.86919,-110.16585,2024-01-07
Haliaeetus leucocephalus,Bald Eagle,Aves,yellowstone,44.86997,-110.19693,2024-01-23
Haliaeetus leucocephalus,Bald Eagle,Aves,yellowstone,44.661938,-110.96252,2024-01-04
Haliaeetus leucocephalus,Bald Eagle,Aves,yellowstone,44.91838,-110.303764,2024-01-31
Haliaeetus leucocephalus,Bald Eagle,Aves,yellowstone,44.644585,-110.92158,2024-01-15
Haliaeetus leucocephalus,Bald Eagle,Aves,yellowstone,45.078583,-110.77271,2024-01-03
Haliaeetus leucocephalus,Bald Eagle,Aves,yellowstone,44.565308,-110.83654,2024-01-07
Haliaeetus leucocephalus,Bald Eagle,Aves,yellowstone,44.643078,-110.4559,2024-01-07
Haliaeetus leucocephalus,Bald Eagle,Aves,yellowstone,45.04666,-110.677216,2024-01-19
Haliaeetus leucocephalus,Bald Eagle,Aves,yellowstone,44.649956,-110.772,2024-01-11
Haliaeetus leucocephalus,Bald Eagle,Aves,yellowstone,44.595888,-110.550099,2024-01-07
Haliaeetus leucocephalus,Bald Eagle,Aves,yellowstone,44.643061,-110.458214,2024-01-03
Haliaeetus leucocephalus,Bald Eagle,Aves,yellowstone,44.650008,-111.012894,2024-02-12
Haliaeetus leucocephalus,Bald Eagle,Aves,yellowstone,44.922175,-110.307861,2024-02-13
Haliaeetus leucocephalus,Bald Eagle,Aves,yellowstone,44.870026,-110.20068,2024-02-06
Haliaeetus leucocephalus,Bald Eagle,Aves,yellowstone,45.03628,-110.68622,2024-02-03
Haliaeetus leucocephalus,Bald Eagle,Aves,yellowstone,44.474945,-110.84303,2024-02-28
Haliaeetus leucocephalus,Bald Eagle,Aves,yellowstone,45.110043,-110.79198,2024-02-03
Haliaeetus leucocephalus,Bald Eagle,Aves,yellowstone,44.929535,-110.44302,2024-02-19
Haliaeetus leucocephalus,Bald Eagle,Aves,yellowstone,44.593445,-110.83127,2024-02-17
Haliaeetus leucocephalus,Bald Eagle,Aves,yellowstone,44.89437,-110.387794,2024-02-28
Haliaeetus leucocephalus,Bald Eagle,Aves,yellowstone,44.77769,-111.10001,2024-02-05
Haliaeetus leucocephalus,Bald Eagle,Aves,yellowstone,44.906803,-110.11288,2024-02-22
Haliaeetus leucocephalus,Bald Eagle,Aves,yellowstone,44.91595,-110.41582,2024-02-19
Haliaeetus leucocephalus,Bald Eagle,Aves,yellowstone,44.973408,-110.70415,2024-02-20
Haliaeetus leucocephalus,Bald Eagle,Aves,yellowstone,44.98907,-110.69095,2024-02-23
Haliaeetus leucocephalus,Bald Eagle,Aves,yellowstone,44.859364,-110.74068,2024-02-05
Haliaeetus leucocephalus,Bald Eagle,Aves,yellowstone,44.720917,-110.47907,2024-02-21
Haliaeetus leucocephalus,Bald Eagle,Aves,yellowstone,45.036568,-110.696465,2024-02-19
Haliaeetus leucocephalus,Bald Eagle,Aves,yellowstone,44.70218,-110.75167,2024-02-02
Haliaeetus leucocephalus,Bald Eagle,Aves,yellowstone,45.03168,-110.70734,2024-02-16
Haliaeetus leucocephalus,Bald Eagle,Aves,yellowstone,44.48499,-110.85371,2024-02-17
Haliaeetus leucocephalus,Bald Eagle,Aves,yellowstone,44.656094,-110.99207,2024-02-07
Haliaeetus leucocephalus,Bald Eagle,Aves,yellowstone,44.71758,-110.722786,2024-02-02
Haliaeetus leucocephalus,Bald Eagle,Aves,yellowstone,44.593445,-110.83127,2024-02-17
Haliaeetus leucocephalus,Bald Eagle,Aves,yellowstone,44.548794,-110.83331,2024-02-06
Haliaeetus leucocephalus,Bald Eagle,Aves,yellowstone,44.72737,-110.69655,2024-02-02
Haliaeetus leucocephalus,Bald Eagle,Aves,yellowstone,44.92948,-110.45071,2024-02-01
Haliaeetus leucocephalus,Bald Eagle,Aves,yellowstone,45.1301,-110.80458,2024-02-12
Haliaeetus leucocephalus,Bald Eagle,Aves,yellowstone,44.91341,-110.325745,2024-02-06
Haliaeetus leucocephalus,Bald Eagle,Aves,yellowstone,45.03628,-110.68622,2024-02-10
Haliaeetus leucocephalus,Bald Eagle,Aves,yellowstone,45.03718,-110.71391,2024-02-18
Haliaeetus leucocephalus,Bald Eagle,Aves,yellowstone,44.70899,-110.503624,2024-02-23
Haliaeetus leucocephalus,Bald Eagle,Aves,yellowstone,44.89522,-110.23323,2024-02-09
Haliaeetus leucocephalus,Bald Eagle,Aves,yellowstone,44.63372,-110.855789,2024-03-03
Haliaeetus leucocephalus,Bald Eagle,Aves,yellowstone,44.91341,-110.325745,2024-03-18
Haliaeetus leucocephalus,Bald Eagle,Aves,yellowstone,44.86961,-110.19717,2024-03-04
Haliaeetus leucocephalus,Bald Eagle,Aves,yellowstone,44.655067,-111.0659,2024-03-10
Haliaeetus leucocephalus,Bald Eagle,Aves,yellowstone,45.01722,-110.69379,2024-03-17
Haliaeetus leucocephalus,Bald Eagle,Aves,yellowstone,44.866673,-110.17439,2024-03-19
Haliaeetus leucocephalus,Bald Eagle,Aves,yellowstone,44.964474,-110.597664,2024-03-20
Haliaeetus leucocephalus,Bald Eagle,Aves,yellowstone,45.036922,-110.71082,2024-03-02
Haliaeetus leucocephalus,Bald Eagle,Aves,yellowstone,45.03718,-110.71391,2024-03-14
Haliaeetus leucocephalus,Bald Eagle,Aves,yellowstone,44.65915,-111.07174,2024-03-03
Haliaeetus leucocephalus,Bald Eagle,Aves,yellowstone,45.03718,-110.71391,2024-03-12
Haliaeetus leucocephalus,Bald Eagle,Aves,yellowstone,44.65267,-110.99449,2024-03-11
Haliaeetus leucocephalus,Bald Eagle,Aves,yellowstone,44.998394,-110.69336,2024-03-23
Haliaeetus leucocephalus,Bald Eagle,Aves,yellowstone,44.91838,-110.303764,2024-03-19
Haliaeetus leucocephalus,Bald Eagle,Aves,yellowstone,44.91838,-110.303764,2024-03-30
Haliaeetus leucocephalus,Bald Eagle,Aves,yellowstone,45.03168,-110.70734,2024-03-05
Haliaeetus leucocephalus,Bald Eagle,Aves,yellowstone,44.92588,-110.318146,2024-03-19
Haliaeetus leucocephalus,Bald Eagle,Aves,yellowstone,44.870018,-110.200836,2024-03-22
Haliaeetus leucocephalus,Bald Eagle,Aves,yellowstone,44.871624,-110.184975,2024-03-19
Haliaeetus leucocephalus,Bald Eagle,Aves,yellowstone,44.906803,-110.11288,2024-03-30
Haliaeetus leucocephalus,Bald Eagle,Aves,yellowstone,44.77769,-111.10001,2024-03-09
Haliaeetus leucocephalus,Bald Eagle,Aves,yellowstone,44.458412,-110.82939,2024-03-03
Haliaeetus leucocephalus,Bald Eagle,Aves,yellowstone,45.03718,-110.71391,2024-03-20
Haliaeetus leucocephalus,Bald Eagle,Aves,yellowstone,44.951344,-110.27702,2024-03-14
Haliaeetus leucocephalus,Bald Eagle,Aves,yellowstone,45.038754,-110.73895,2024-03-23
Haliaeetus leucocephalus,Bald Eagle,Aves,yellowstone,44.870018,-110.200836,2024-03-22
Haliaeetus leucocephalus,Bald Eagle,Aves,yellowstone,44.877975,-110.152794,2024-03-17
Haliaeetus leucocephalus,Bald Eagle,Aves,yellowstone,44.920264,-110.405955,2024-04-21
Haliaeetus leucocephalus,Bald Eagle,Aves,yellowstone,44.911979,-110.365875,2024-04-05
Haliaeetus leucocephalus,Bald Eagle,Aves,yellowstone,44.671039,-110.803713,2024-04-25
Haliaeetus leucocephalus,Bald Eagle,Aves,yellowstone,44.877975,-110.152794,2024-04-15
Haliaeetus leucocephalus,Bald Eagle,Aves,yellowstone,44.911846,-110.38738,2024-04-24
Haliaeetus leucocephalus,Bald Eagle,Aves,yellowstone,44.998394,-110.69336,2024-04-06
Haliaeetus leucocephalus,Bald Eagle,Aves,yellowstone,44.94074,-110.632286,2024-04-18
Haliaeetus leucocephalus,Bald Eagle,Aves,yellowstone,44.91595,-110.41582,2024-04-21
Haliaeetus leucocephalus,Bald Eagle,Aves,yellowstone,44.661938,-110.96252,2024-04-25
Haliaeetus leucocephalus,Bald Eagle,Aves,yellowstone,44.797256,-111.1745,2024-04-22
Haliaeetus leucocephalus,Bald Eagle,Aves,yellowstone,44.52671,-110.83703,2024-04-22
Haliaeetus leucocephalus,Bald Eagle,Aves,yellowstone,44.926815,-110.32283,2024-04-14
Haliaeetus leucocephalus,Bald Eagle,Aves,yellowstone,44.676594,-111.20784,2024-04-29
Haliaeetus leucocephalus,Bald Eagle,Aves,yellowstone,44.668346,-110.470795,2024-04-29
Haliaeetus leucocephalus,Bald Eagle,Aves,yellowstone,44.593445,-110.83127,2024-04-23
Haliaeetus leucocephalus,Bald Eagle,Aves,yellowstone,44.558987,-110.83298,2024-04-26
Haliaeetus leucocephalus,Bald Eagle,Aves,yellowstone,44.11077,-110.68002,2024-04-07
Haliaeetus leucocephalus,Bald Eagle,Aves,yellowstone,44.454597,-110.83601,2024-04-25
Haliaeetus leucocephalus,Bald Eagle,Aves,yellowstone,44.08929,-110.96632,2024-04-23
Haliaeetus leucocephalus,Bald Eagle,Aves,yellowstone,44.911846,-110.38738,2024-04-03
Haliaeetus leucocephalus,Bald Eagle,Aves,yellowstone,44.46321,-110.83652,2024-04-29
Haliaeetus leucocephalus,Bald Eagle,Aves,yellowstone,44.676594,-111.20784,2024-04-26
Haliaeetus leucocephalus,Bald Eagle,Aves,yellowstone,44.91981,-110.38846,2024-04-13
Haliaeetus leucocephalus,Bald Eagle,Aves,yellowstone,44.911846,-110.38738,2024-04-23
Haliaeetus leucocephalus,Bald Eagle,Aves,yellowstone,44.797256,-111.1745,2024-04-22
Haliaeetus leucocephalus,Bald Eagle,Aves,yellowstone,44.95312,-110.602516,2024-04-30
Haliaeetus leucocephalus,Bald Eagle,Aves,yellowstone,44.95312,-110.602516,2024-04-30
Haliaeetus leucocephalus,Bald Eagle,Aves,yellowstone,44.52671,-110.83703,2024-04-22
Haliaeetus leucocephalus,Bald Eagle,Aves,yellowstone,44.9092,-110.36332,2024-04-05
Haliaeetus leucocephalus,Bald Eagle,Aves,yellowstone,44.89522,-110.23323,2024-04-30
Haliaeetus leucocephalus,Bald Eagle,Aves,yellowstone,44.11077,-110.68002,2024-04-07
Haliaeetus leucocephalus,Bald Eagle,Aves,yellowstone,44.860753,-110.755369,2024-05-04
Haliaeetus leucocephalus,Bald Eagle,Aves,yellowstone,44.531453,-110.460465,2024-05-04
Haliaeetus leucocephalus,Bald Eagle,Aves,yellowstone,44.914982,-110.376336,2024-05-11
Haliaeetus leucocephalus,Bald Eagle,Aves,yellowstone,44.762281,-110.731657,2024-05-24
Haliaeetus leucocephalus,Bald Eagle,Aves,yellowstone,44.912572,-110.271496,2024-05-29
Haliaeetus leucocephalus,Bald Eagle,Aves,yellowstone,44.91248,-110.274522,2024-05-29
Haliaeetus leucocephalus,Bald Eagle,Aves,yellowstone,44.624565,-110.434166,2024-05-04
Haliaeetus leucocephalus,Bald Eagle,Aves,yellowstone,44.48499,-110.85371,2024-05-07
Haliaeetus leucocephalus,Bald Eagle,Aves,yellowstone,44.801937,-111.256874,2024-05-26
Haliaeetus leucocephalus,Bald Eagle,Aves,yellowstone,44.998394,-110.69336,2024-05-17
Haliaeetus leucocephalus,Bald Eagle,Aves,yellowstone,45.03168,-110.70734,2024-05-23
Haliaeetus leucocephalus,Bald Eagle,Aves,yellowstone,44.954464,-110.60232,2024-05-19
Haliaeetus leucocephalus,Bald Eagle,Aves,yellowstone,44.48499,-110.85371,2024-05-25
Haliaeetus leucocephalus,Bald Eagle,Aves,yellowstone,44.973408,-110.70415,2024-05-19
Haliaeetus leucocephalus,Bald Eagle,Aves,yellowstone,44.677464,-110.485855,2024-05-11
Haliaeetus leucocephalus,Bald Eagle,Aves,yellowstone,44.73364,-111.23066,2024-05-07
Haliaeetus leucocephalus,Bald Eagle,Aves,yellowstone,44.91838,-110.303764,2024-05-20
Haliaeetus leucocephalus,Bald Eagle,Aves,yellowstone,44.954464,-110.60232,2024-05-19
Haliaeetus leucocephalus,Bald Eagle,Aves,yellowstone,44.59925,-110.38711,2024-05-17
Haliaeetus leucocephalus,Bald Eagle,Aves,yellowstone,44.676594,-111.20784,2024-05-30
Haliaeetus leucocephalus,Bald Eagle,Aves,yellowstone,44.998394,-110.69336,2024-05-17
Haliaeetus leucocephalus,Bald Eagle,Aves,yellowstone,44.676594,-111.20784,2024-05-10
Haliaeetus leucocephalus,Bald Eagle,Aves,yellowstone,44.60735,-110.384575,2024-05-11
Haliaeetus leucocephalus,Bald Eagle,Aves,yellowstone,44.95312,-110.602516,2024-05-11
Haliaeetus leucocephalus,Bald Eagle,Aves,yellowstone,44.8703,-110.19282,2024-05-05
Haliaeetus leucocephalus,Bald Eagle,Aves,yellowstone,44.665085,-110.967384,2024-05-04
Haliaeetus leucocephalus,Bald Eagle,Aves,yellowstone,44.954464,-110.60232,2024-05-19
Haliaeetus leucocephalus,Bald Eagle,Aves,yellowstone,44.55874,-110.324394,2024-05-16
Haliaeetus leucocephalus,Bald Eagle,Aves,yellowstone,44.919388,-110.73454,2024-05-15
Haliaeetus leucocephalus,Bald Eagle,Aves,yellowstone,44.95312,-110.602516,2024-05-12
Haliaeetus leucocephalus,Bald Eagle,Aves,yellowstone,44.973408,-110.70415,2024-05-19
Haliaeetus leucocephalus,Bald Eagle,Aves,yellowstone,44.677464,-110.485855,2024-05-20
Haliaeetus leucocephalus,Bald Eagle,Aves,yellowstone,44.954464,-110.60232,2024-05-19
Haliaeetus leucocephalus,Bald Eagle,Aves,yellowstone,44.60735,-110.384575,2024-05-31
Haliaeetus leucocephalus,Bald Eagle,Aves,yellowstone,45.130627,-110.80231,2024-05-30
Haliaeetus leucocephalus,Bald Eagle,Aves,yellowstone,44.7211,-110.47937,2024-05-28
Haliaeetus leucocephalus,Bald Eagle,Aves,yellowstone,44.52671,-110.83703,2024-05-15
Haliaeetus leucocephalus,Bald Eagle,Aves,yellowstone,44.95312,-110.602516,2024-05-13
Haliaeetus leucocephalus,Bald Eagle,Aves,yellowstone,45.130627,-110.80231,2024-05-30
Haliaeetus leucocephalus,Bald Eagle,Aves,yellowstone,44.548004,-110.29622,2024-05-13
Haliaeetus leucocephalus,Bald Eagle,Aves,yellowstone,44.51001,-110.2744,2024-05-18
Haliaeetus leucocephalus,Bald Eagle,Aves,yellowstone,44.7211,-110.47937,2024-05-28
Haliaeetus leucocephalus,Bald Eagle,Aves,yellowstone,45.130627,-110.80231,2024-05-30
Haliaeetus leucocephalus,Bald Eagle,Aves,yellowstone,44.565308,-110.83654,2024-05-25
Haliaeetus leucocephalus,Bald Eagle,Aves,yellowstone,44.677464,-110.485855,2024-05-20
Haliaeetus leucocephalus,Bald Eagle,Aves,yellowstone,44.95312,-110.602516,2024-05-13
Haliaeetus leucocephalus,Bald Eagle,Aves,yellowstone,44.919388,-110.73454,2024-05-09
Haliaeetus leucocephalus,Bald Eagle,Aves,yellowstone,44.91838,-110.303764,2024-05-15
Haliaeetus leucocephalus,Bald Eagle,Aves,yellowstone,44.679466,-111.21865,2024-05-21
Haliaeetus leucocephalus,Bald Eagle,Aves,yellowstone,44.919388,-110.73454,2024-05-04
Haliaeetus leucocephalus,Bald Eagle,Aves,yellowstone,44.7211,-110.47937,2024-05-28
Haliaeetus leucocephalus,Bald Eagle,Aves,yellowstone,44.63479,-110.44794,2024-05-24
Haliaeetus leucocephalus,Bald Eagle,Aves,yellowstone,44.801937,-111.256874,2024-05-27
Haliaeetus leucocephalus,Bald Eagle,Aves,yellowstone,44.998394,-110.69336,2024-05-18
Haliaeetus leucocephalus,Bald Eagle,Aves,yellowstone,44.60735,-110.384575,2024-05-13
Haliaeetus leucocephalus,Bald Eagle,Aves,yellowstone,44.65219,-111.03156,2024-05-04
Haliaeetus leucocephalus,Bald Eagle,Aves,yellowstone,44.954464,-110.60232,2024-05-19
Haliaeetus leucocephalus,Bald Eagle,Aves,yellowstone,44.998394,-110.69336,2024-05-26
Haliaeetus leucocephalus,Bald Eagle,Aves,yellowstone,44.868538,-110.174675,2024-05-15
Haliaeetus leucocephalus,Bald Eagle,Aves,yellowstone,44.751747,-110.72726,2024-05-08
Haliaeetus leucocephalus,Bald Eagle,Aves,yellowstone,44.668346,-110.470795,2024-05-04
Haliaeetus leucocephalus,Bald Eagle,Aves,yellowstone,44.60735,-110.384575,2024-05-11
Haliaeetus leucocephalus,Bald Eagle,Aves,yellowstone,44.477116,-110.53441,2024-05-13
Haliaeetus leucocephalus,Bald Eagle,Aves,yellowstone,44.94206,-110.45015,2024-05-20
Haliaeetus leucocephalus,Bald Eagle,Aves,yellowstone,44.95312,-110.602516,2024-05-30
Haliaeetus leucocephalus,Bald Eagle,Aves,yellowstone,44.949745,-110.71341,2024-05-15
Haliaeetus leucocephalus,Bald Eagle,Aves,yellowstone,44.677464,-110.485855,2024-05-20
Haliaeetus leucocephalus,Bald Eagle,Aves,yellowstone,44.60735,-110.384575,2024-05-22
Haliaeetus leucocephalus,Bald Eagle,Aves,yellowstone,44.746693,-111.25111,2024-05-17
Haliaeetus leucocephalus,Bald Eagle,Aves,yellowstone,44.668346,-110.470795,2024-05-29
Haliaeetus leucocephalus,Bald Eagle,Aves,yellowstone,44.91109,-110.38132,2024-05-23
Haliaeetus leucocephalus,Bald Eagle,Aves,yellowstone,44.969215,-110.69184,2024-05-25
Haliaeetus leucocephalus,Bald Eagle,Aves,yellowstone,44.677464,-110.485855,2024-05-20
Haliaeetus leucocephalus,Bald Eagle,Aves,yellowstone,44.565308,-110.83654,2024-05-16
Haliaeetus leucocephalus,Bald Eagle,Aves,yellowstone,44.64539,-110.86632,2024-05-26
Haliaeetus leucocephalus,Bald Eagle,Aves,yellowstone,44.969215,-110.69184,2024-05-19
Haliaeetus leucocephalus,Bald Eagle,Aves,yellowstone,44.676594,-111.20784,2024-05-23
Haliaeetus leucocephalus,Bald Eagle,Aves,yellowstone,44.565308,-110.83654,2024-05-25
Haliaeetus leucocephalus,Bald Eagle,Aves,yellowstone,44.911846,-110.38738,2024-05-18
Haliaeetus leucocephalus,Bald Eagle,Aves,yellowstone,44.677464,-110.485855,2024-05-20
Haliaeetus leucocephalus,Bald Eagle,Aves,yellowstone,44.919388,-110.73454,2024-05-06
Haliaeetus leucocephalus,Bald Eagle,Aves,yellowstone,44.519848,-110.27868,2024-05-29
Haliaeetus leucocephalus,Bald Eagle,Aves,yellowstone,44.4164,-110.57282,2024-05-21
Haliaeetus leucocephalus,Bald Eagle,Aves,yellowstone,44.751747,-110.72726,2024-05-08
Haliaeetus leucocephalus,Bald Eagle,Aves,yellowstone,44.998394,-110.69336,2024-05-17
Haliaeetus leucocephalus,Bald Eagle,Aves,yellowstone,44.91838,-110.303764,2024-05-15
Haliaeetus leucocephalus,Bald Eagle,Aves,yellowstone,44.919388,-110.73454,2024-05-15
Haliaeetus leucocephalus,Bald Eagle,Aves,yellowstone,44.51001,-110.2744,2024-05-31
Haliaeetus leucocephalus,Bald Eagle,Aves,yellowstone,44.91475,-110.41256,2024-05-09
Haliaeetus leucocephalus,Bald Eagle,Aves,yellowstone,44.624565,-110.434166,2024-05-04
Haliaeetus leucocephalus,Bald Eagle,Aves,yellowstone,44.548004,-110.29622,2024-05-04
Haliaeetus leucocephalus,Bald Eagle,Aves,yellowstone,44.458412,-110.82939,2024-05-04
Haliaeetus leucocephalus,Bald Eagle,Aves,yellowstone,44.950836,-110.6101,2024-05-30
Haliaeetus leucocephalus,Bald Eagle,Aves,yellowstone,44.998394,-110.69336,2024-05-18
Haliaeetus leucocephalus,Bald Eagle,Aves,yellowstone,44.60735,-110.384575,2024-05-11
Haliaeetus leucocephalus,Bald Eagle,Aves,yellowstone,44.89522,-110.23323,2024-05-28
Haliaeetus leucocephalus,Bald Eagle,Aves,yellowstone,44.668346,-110.470795,2024-05-29
Haliaeetus leucocephalus,Bald Eagle,Aves,yellowstone,44.646515,-110.45841,2024-05-25
Haliaeetus leucocephalus,Bald Eagle,Aves,yellowstone,44.954464,-110.60232,2024-05-19
Haliaeetus leucocephalus,Bald Eagle,Aves,yellowstone,44.998394,-110.69336,2024-05-17
Haliaeetus leucocephalus,Bald Eagle,Aves,yellowstone,44.48499,-110.85371,2024-05-25
Haliaeetus leucocephalus,Bald Eagle,Aves,yellowstone,44.661938,-110.96252,2024-05-16
Haliaeetus leucocephalus,Bald Eagle,Aves,yellowstone,44.89522,-110.23323,2024-05-18
Haliaeetus leucocephalus,Bald Eagle,Aves,yellowstone,44.91838,-110.303764,2024-05-17
Haliaeetus leucocephalus,Bald Eagle,Aves,yellowstone,44.458412,-110.82939,2024-05-01
Haliaeetus leucocephalus,Bald Eagle,Aves,yellowstone,44.661938,-110.96252,2024-05-16
Haliaeetus leucocephalus,Bald Eagle,Aves,yellowstone,44.535847,-110.81712,2024-05-05
Haliaeetus leucocephalus,Bald Eagle,Aves,yellowstone,44.998394,-110.69336,2024-05-17
Haliaeetus leucocephalus,Bald Eagle,Aves,yellowstone,44.548004,-110.29622,2024-05-31
Haliaeetus leucocephalus,Bald Eagle,Aves,yellowstone,44.73364,-111.23066,2024-05-08
Haliaeetus leucocephalus,Bald Eagle,Aves,yellowstone,44.676594,-111.20784,2024-05-14
Haliaeetus leucocephalus,Bald Eagle,Aves,yellowstone,44.981125,-110.69675,2024-05-19
Haliaeetus leucocephalus,Bald Eagle,Aves,yellowstone,44.646515,-110.45841,2024-05-25
Haliaeetus leucocephalus,Bald Eagle,Aves,yellowstone,44.593445,-110.83127,2024-05-23
Haliaeetus leucocephalus,Bald Eagle,Aves,yellowstone,44.906803,-110.11288,2024-05-19
Haliaeetus leucocephalus,Bald Eagle,Aves,yellowstone,44.95312,-110.602516,2024-05-23
Haliaeetus leucocephalus,Bald Eagle,Aves,yellowstone,44.676594,-111.20784,2024-05-15
Haliaeetus leucocephalus,Bald Eagle,Aves,yellowstone,44.919388,-110.73454,2024-05-08
Haliaeetus leucocephalus,Bald Eagle,Aves,yellowstone,44.548004,-110.29622,2024-05-05
Haliaeetus leucocephalus,Bald Eagle,Aves,yellowstone,44.48499,-110.85371,2024-05-25
Haliaeetus leucocephalus,Bald Eagle,Aves,yellowstone,44.48499,-110.85371,2024-05-26
Haliaeetus leucocephalus,Bald Eagle,Aves,yellowstone,44.906803,-110.11288,2024-05-19
Haliaeetus leucocephalus,Bald Eagle,Aves,yellowstone,44.548004,-110.29622,2024-05-12
Haliaeetus leucocephalus,Bald Eagle,Aves,yellowstone,44.676594,-111.20784,2024-05-02
Haliaeetus leucocephalus,Bald Eagle,Aves,yellowstone,44.7211,-110.47937,2024-05-28
Haliaeetus leucocephalus,Bald Eagle,Aves,yellowstone,44.871624,-110.184975,2024-05-14
Haliaeetus leucocephalus,Bald Eagle,Aves,yellowstone,45.03628,-110.68622,2024-05-26
Haliaeetus leucocephalus,Bald Eagle,Aves,yellowstone,44.998394,-110.69336,2024-05-17
Haliaeetus leucocephalus,Bald Eagle,Aves,yellowstone,44.677464,-110.485855,2024-05-20
Haliaeetus leucocephalus,Bald Eagle,Aves,yellowstone,44.60735,-110.384575,2024-05-31
Haliaeetus leucocephalus,Bald Eagle,Aves,yellowstone,44.91838,-110.303764,2024-05-20
Haliaeetus leucocephalus,Bald Eagle,Aves,yellowstone,44.64539,-110.86632,2024-05-26
Haliaeetus leucocephalus,Bald Eagle,Aves,yellowstone,44.646515,-110.45841,2024-05-25
Haliaeetus leucocephalus,Bald Eagle,Aves,yellowstone,44.954464,-110.60232,2024-05-19
Haliaeetus leucocephalus,Bald Eagle,Aves,yellowstone,44.981125,-110.69675,2024-05-19
Haliaeetus leucocephalus,Bald Eagle,Aves,yellowstone,44.998394,-110.69336,2024-05-18
Haliaeetus leucocephalus,Bald Eagle,Aves,yellowstone,44.474945,-110.84303,2024-05-15
Haliaeetus leucocephalus,Bald Eagle,Aves,yellowstone,44.676594,-111.20784,2024-05-13
Haliaeetus leucocephalus,Bald Eagle,Aves,yellowstone,44.919388,-110.73454,2024-05-04
Haliaeetus leucocephalus,Bald Eagle,Aves,yellowstone,44.87788,-110.152794,2024-05-04
Haliaeetus leucocephalus,Bald Eagle,Aves,yellowstone,44.548004,-110.29622,2024-05-31
Haliaeetus leucocephalus,Bald Eagle,Aves,yellowstone,44.91475,-110.41256,2024-05-05
Haliaeetus leucocephalus,Bald Eagle,Aves,yellowstone,44.949524,-110.44996,2024-05-25
Haliaeetus leucocephalus,Bald Eagle,Aves,yellowstone,44.646515,-110.45841,2024-05-25
Haliaeetus leucocephalus,Bald Eagle,Aves,yellowstone,44.986496,-110.70893,2024-05-25
Haliaeetus leucocephalus,Bald Eagle,Aves,yellowstone,44.91129,-110.37357,2024-05-10
Haliaeetus leucocephalus,Bald Eagle,Aves,yellowstone,44.677464,-110.485855,2024-05-04
Haliaeetus leucocephalus,Bald Eagle,Aves,yellowstone,44.676594,-111.20784,2024-05-20
Haliaeetus leucocephalus,Bald Eagle,Aves,yellowstone,44.676594,-111.20784,2024-05-06
Haliaeetus leucocephalus,Bald Eagle,Aves,yellowstone,44.677464,-110.485855,2024-05-28
Haliaeetus leucocephalus,Bald Eagle,Aves,yellowstone,44.88661,-110.73607,2024-05-05
Haliaeetus leucocephalus,Bald Eagle,Aves,yellowstone,44.565308,-110.83654,2024-05-25
Haliaeetus leucocephalus,Bald Eagle,Aves,yellowstone,44.998394,-110.69336,2024-05-18
Haliaeetus leucocephalus,Bald Eagle,Aves,yellowstone,44.926815,-110.32283,2024-05-20
Haliaeetus leucocephalus,Bald Eagle,Aves,yellowstone,44.91838,-110.303764,2024-05-31
Haliaeetus leucocephalus,Bald Eagle,Aves,yellowstone,44.535847,-110.81712,2024-05-05
Haliaeetus leucocephalus,Bald Eagle,Aves,yellowstone,44.48499,-110.85371,2024-05-25
Haliaeetus leucocephalus,Bald Eagle,Aves,yellowstone,44.677464,-110.485855,2024-05-20
Haliaeetus leucocephalus,Bald Eagle,Aves,yellowstone,44.63479,-110.44794,2024-05-24
Haliaeetus leucocephalus,Bald Eagle,Aves,yellowstone,44.564,-110.37419,2024-05-13
Haliaeetus leucocephalus,Bald Eagle,Aves,yellowstone,44.998394,-110.69336,2024-05-17
Haliaeetus leucocephalus,Bald Eagle,Aves,yellowstone,44.485153,-110.85416,2024-05-28
Haliaeetus leucocephalus,Bald Eagle,Aves,yellowstone,44.676594,-111.20784,2024-05-24
Haliaeetus leucocephalus,Bald Eagle,Aves,yellowstone,44.998394,-110.69336,2024-05-18
Haliaeetus leucocephalus,Bald Eagle,Aves,yellowstone,44.505592,-110.83365,2024-05-14
Haliaeetus leucocephalus,Bald Eagle,Aves,yellowstone,44.950836,-110.6101,2024-05-30
Haliaeetus leucocephalus,Bald Eagle,Aves,yellowstone,44.60735,-110.384575,2024-05-26
Haliaeetus leucocephalus,Bald Eagle,Aves,yellowstone,45.03628,-110.68622,2024-05-09
Haliaeetus leucocephalus,Bald Eagle,Aves,yellowstone,44.553253,-110.80699,2024-05-17
Haliaeetus leucocephalus,Bald Eagle,Aves,yellowstone,44.51001,-110.2744,2024-05-31
Haliaeetus leucocephalus,Bald Eagle,Aves,yellowstone,44.64539,-110.86632,2024-05-26
Haliaeetus leucocephalus,Bald Eagle,Aves,yellowstone,44.89522,-110.23323,2024-05-18
Haliaeetus leucocephalus,Bald Eagle,Aves,yellowstone,44.519848,-110.27868,2024-05-29
Haliaeetus leucocephalus,Bald Eagle,Aves,yellowstone,44.909176,-110.36275,2024-05-15
Haliaeetus leucocephalus,Bald Eagle,Aves,yellowstone,44.911846,-110.38738,2024-05-29
Haliaeetus leucocephalus,Bald Eagle,Aves,yellowstone,44.998394,-110.69336,2024-05-18
Haliaeetus leucocephalus,Bald Eagle,Aves,yellowstone,44.93129,-110.72875,2024-05-16
Haliaeetus leucocephalus,Bald Eagle,Aves,yellowstone,44.871624,-110.184975,2024-05-31
Haliaeetus leucocephalus,Bald Eagle,Aves,yellowstone,44.643078,-110.4559,2024-05-04
Haliaeetus leucocephalus,Bald Eagle,Aves,yellowstone,45.03168,-110.70734,2024-05-22
Haliaeetus leucocephalus,Bald Eagle,Aves,yellowstone,44.998394,-110.69336,2024-05-18
Haliaeetus leucocephalus,Bald Eagle,Aves,yellowstone,44.92081,-110.31656,2024-05-02
Haliaeetus leucocephalus,Bald Eagle,Aves,yellowstone,44.51001,-110.2744,2024-05-27
Haliaeetus leucocephalus,Bald Eagle,Aves,yellowstone,44.565308,-110.83654,2024-05-25
Haliaeetus leucocephalus,Bald Eagle,Aves,yellowstone,44.676594,-111.20784,2024-05-07
Haliaeetus leucocephalus,Bald Eagle,Aves,yellowstone,44.677464,-110.485855,2024-05-03
Haliaeetus leucocephalus,Bald Eagle,Aves,yellowstone,44.87788,-110.152794,2024-05-02
Haliaeetus leucocephalus,Bald Eagle,Aves,yellowstone,44.47307,-110.52608,2024-05-26
Haliaeetus leucocephalus,Bald Eagle,Aves,yellowstone,44.661938,-110.96252,2024-05-12
Haliaeetus leucocephalus,Bald Eagle,Aves,yellowstone,44.676594,-111.20784,2024-05-12
Haliaeetus leucocephalus,Bald Eagle,Aves,yellowstone,44.677464,-110.485855,2024-05-05
Haliaeetus leucocephalus,Bald Eagle,Aves,yellowstone,44.677464,-110.485855,2024-05-04
Haliaeetus leucocephalus,Bald Eagle,Aves,yellowstone,44.548004,-110.29622,2024-05-30
Haliaeetus leucocephalus,Bald Eagle,Aves,yellowstone,44.48499,-110.85371,2024-05-15
Haliaeetus leucocephalus,Bald Eagle,Aves,yellowstone,44.64539,-110.86632,2024-05-26
Haliaeetus leucocephalus,Bald Eagle,Aves,yellowstone,44.548004,-110.29622,2024-05-31
Haliaeetus leucocephalus,Bald Eagle,Aves,yellowstone,44.875654,-110.159884,2024-05-03
Haliaeetus leucocephalus,Bald Eagle,Aves,yellowstone,44.567868,-110.833974,2024-05-20
Haliaeetus leucocephalus,Bald Eagle,Aves,yellowstone,44.75744,-110.314279,2024-05-03
Haliaeetus leucocephalus,Bald Eagle,Aves,yellowstone,45.030006,-110.700778,2024-06-06
Haliaeetus leucocephalus,Bald Eagle,Aves,yellowstone,44.91895,-110.29425,2024-06-20
Haliaeetus leucocephalus,Bald Eagle,Aves,yellowstone,44.902042,-110.130164,2024-06-23
Haliaeetus leucocephalus,Bald Eagle,Aves,yellowstone,44.923477,-110.732558,2024-06-11
Haliaeetus leucocephalus,Bald Eagle,Aves,yellowstone,44.898553,-110.242863,2024-06-22
Haliaeetus leucocephalus,Bald Eagle,Aves,yellowstone,44.5682,-110.834427,2024-06-14
Haliaeetus leucocephalus,Bald Eagle,Aves,yellowstone,45.100297,-110.822138,2024-06-16
Haliaeetus leucocephalus,Bald Eagle,Aves,yellowstone,44.913913,-110.728096,2024-06-24
Cervus canadensis,Elk (Wapiti),Mammalia,yellowstone,45.000161,-110.705513,2026-01-18
Cervus canadensis,Elk (Wapiti),Mammalia,yellowstone,45.029083,-110.707908,2026-01-11
Cervus canadensis,Elk (Wapiti),Mammalia,yellowstone,44.985851,-110.698735,2026-01-31
Cervus canadensis,Elk (Wapiti),Mammalia,yellowstone,44.986595,-110.698585,2026-01-31
Cervus canadensis,Elk (Wapiti),Mammalia,yellowstone,45.016518,-110.697722,2026-01-31
Cervus canadensis,Elk (Wapiti),Mammalia,yellowstone,44.950325,-110.54848,2026-02-02
Cervus canadensis,Elk (Wapiti),Mammalia,yellowstone,44.976896,-110.629563,2026-02-05
Cervus canadensis,Elk (Wapiti),Mammalia,yellowstone,44.936863,-110.580027,2026-02-06
Cervus canadensis,Elk (Wapiti),Mammalia,yellowstone,44.925391,-110.446869,2026-02-28
Cervus canadensis,Elk (Wapiti),Mammalia,yellowstone,44.954889,-110.51518,2026-02-10
Cervus canadensis,Elk (Wapiti),Mammalia,yellowstone,45.035104,-110.711642,2026-03-11
Cervus canadensis,Elk (Wapiti),Mammalia,yellowstone,44.995244,-110.673667,2026-03-21
Cervus canadensis,Elk (Wapiti),Mammalia,yellowstone,44.840002,-110.693952,2026-03-28
Cervus canadensis,Elk (Wapiti),Mammalia,yellowstone,44.999028,-110.704705,2026-03-13
Cervus canadensis,Elk (Wapiti),Mammalia,yellowstone,44.987032,-110.700483,2026-03-13
Cervus canadensis,Elk (Wapiti),Mammalia,yellowstone,45.009181,-110.702058,2026-04-10
Cervus canadensis,Elk (Wapiti),Mammalia,yellowstone,45.006682,-110.703825,2026-04-10
Cervus canadensis,Elk (Wapiti),Mammalia,yellowstone,45.028995,-110.707292,2026-04-20
Cervus canadensis,Elk (Wapiti),Mammalia,yellowstone,44.938238,-110.44465,2026-04-29
Cervus canadensis,Elk (Wapiti),Mammalia,yellowstone,45.027862,-110.706235,2026-04-28
Cervus canadensis,Elk (Wapiti),Mammalia,yellowstone,44.953113,-110.602633,2026-05-03
Cervus canadensis,Elk (Wapiti),Mammalia,yellowstone,44.984773,-110.701221,2026-05-02
Cervus canadensis,Elk (Wapiti),Mammalia,yellowstone,44.95515,-110.514825,2026-05-07
Cervus canadensis,Elk (Wapiti),Mammalia,yellowstone,44.658161,-110.990919,2026-05-06
Cervus canadensis,Elk (Wapiti),Mammalia,yellowstone,44.646356,-110.855386,2026-05-05
Cervus canadensis,Elk (Wapiti),Mammalia,yellowstone,44.66308,-110.963528,2026-05-05
Cervus canadensis,Elk (Wapiti),Mammalia,yellowstone,44.968575,-110.698001,2026-05-05
Cervus canadensis,Elk (Wapiti),Mammalia,yellowstone,44.908504,-110.731775,2026-05-03
Cervus canadensis,Elk (Wapiti),Mammalia,yellowstone,44.954739,-110.502848,2026-05-07
Cervus canadensis,Elk (Wapiti),Mammalia,yellowstone,45.03575,-110.702667,2026-05-09
Cervus canadensis,Elk (Wapiti),Mammalia,yellowstone,44.550767,-110.394874,2026-05-06
Cervus canadensis,Elk (Wapiti),Mammalia,yellowstone,44.663033,-110.963822,2026-05-05
Cervus canadensis,Elk (Wapiti),Mammalia,yellowstone,44.957511,-110.706831,2026-05-03
Cervus canadensis,Elk (Wapiti),Mammalia,yellowstone,44.66165,-110.962539,2026-05-06
Cervus canadensis,Elk (Wapiti),Mammalia,yellowstone,44.660305,-110.960945,2026-05-04
Cervus canadensis,Elk (Wapiti),Mammalia,yellowstone,44.700011,-110.74448,2026-05-05
Cervus canadensis,Elk (Wapiti),Mammalia,yellowstone,44.944102,-110.64197,2026-05-13
Cervus canadensis,Elk (Wapiti),Mammalia,yellowstone,44.550767,-110.394874,2026-05-06
Cervus canadensis,Elk (Wapiti),Mammalia,yellowstone,44.958193,-110.712459,2026-05-13
Cervus canadensis,Elk (Wapiti),Mammalia,yellowstone,44.66165,-110.962539,2026-05-06
Cervus canadensis,Elk (Wapiti),Mammalia,yellowstone,44.415679,-110.57531,2026-05-12
Cervus canadensis,Elk (Wapiti),Mammalia,yellowstone,44.652358,-111.039756,2026-05-14
Cervus canadensis,Elk (Wapiti),Mammalia,yellowstone,44.975693,-110.701989,2026-05-16
Cervus canadensis,Elk (Wapiti),Mammalia,yellowstone,44.652975,-110.956967,2026-05-17
Cervus canadensis,Elk (Wapiti),Mammalia,yellowstone,44.654212,-111.007249,2026-05-06
Cervus canadensis,Elk (Wapiti),Mammalia,yellowstone,44.63982,-110.881683,2026-05-16
Cervus canadensis,Elk (Wapiti),Mammalia,yellowstone,44.951033,-110.668953,2026-05-13
Cervus canadensis,Elk (Wapiti),Mammalia,yellowstone,44.726459,-110.493914,2026-05-16
Cervus canadensis,Elk (Wapiti),Mammalia,yellowstone,44.415663,-110.57277,2026-05-13
Cervus canadensis,Elk (Wapiti),Mammalia,yellowstone,44.941387,-110.635505,2026-05-12
Cervus canadensis,Elk (Wapiti),Mammalia,yellowstone,44.66308,-110.963528,2026-05-05
Cervus canadensis,Elk (Wapiti),Mammalia,yellowstone,44.910788,-110.371828,2026-05-14
Cervus canadensis,Elk (Wapiti),Mammalia,yellowstone,44.683013,-110.49315,2026-05-12
Cervus canadensis,Elk (Wapiti),Mammalia,yellowstone,44.41713,-110.573203,2026-05-22
Cervus canadensis,Elk (Wapiti),Mammalia,yellowstone,45.091208,-110.783645,2026-05-21
Cervus canadensis,Elk (Wapiti),Mammalia,yellowstone,44.912237,-110.386612,2026-05-22
Cervus canadensis,Elk (Wapiti),Mammalia,yellowstone,44.596148,-110.561249,2026-05-21
Cervus canadensis,Elk (Wapiti),Mammalia,yellowstone,44.978938,-110.701142,2026-05-23
Cervus canadensis,Elk (Wapiti),Mammalia,yellowstone,45.029522,-110.70098,2026-05-12
Cervus canadensis,Elk (Wapiti),Mammalia,yellowstone,44.666783,-110.467492,2026-05-19
Cervus canadensis,Elk (Wapiti),Mammalia,yellowstone,44.421374,-110.588284,2026-05-18
Cervus canadensis,Elk (Wapiti),Mammalia,yellowstone,44.958158,-110.541219,2026-05-22
Cervus canadensis,Elk (Wapiti),Mammalia,yellowstone,44.539303,-110.428337,2026-05-20
Cervus canadensis,Elk (Wapiti),Mammalia,yellowstone,44.61893,-110.423242,2026-05-22
Cervus canadensis,Elk (Wapiti),Mammalia,yellowstone,44.415542,-110.575608,2026-05-22
Cervus canadensis,Elk (Wapiti),Mammalia,yellowstone,44.660428,-110.961088,2026-05-24
Cervus canadensis,Elk (Wapiti),Mammalia,yellowstone,44.55582,-110.394525,2026-05-22
Cervus canadensis,Elk (Wapiti),Mammalia,yellowstone,44.947553,-110.460075,2026-05-12
Cervus canadensis,Elk (Wapiti),Mammalia,yellowstone,45.027088,-110.705552,2026-05-26
Cervus canadensis,Elk (Wapiti),Mammalia,yellowstone,44.597918,-110.561249,2026-05-20
Cervus canadensis,Elk (Wapiti),Mammalia,yellowstone,44.552867,-110.39598,2026-05-23
Cervus canadensis,Elk (Wapiti),Mammalia,yellowstone,44.663372,-110.964613,2026-05-30
Cervus canadensis,Elk (Wapiti),Mammalia,yellowstone,44.865978,-110.042636,2026-05-26
Cervus canadensis,Elk (Wapiti),Mammalia,yellowstone,44.597918,-110.561249,2026-05-27
Cervus canadensis,Elk (Wapiti),Mammalia,yellowstone,44.596414,-110.54711,2026-05-26
Cervus canadensis,Elk (Wapiti),Mammalia,yellowstone,44.973642,-110.70385,2026-05-11
Cervus canadensis,Elk (Wapiti),Mammalia,yellowstone,45.010811,-110.7006,2026-05-30
Cervus canadensis,Elk (Wapiti),Mammalia,yellowstone,44.947538,-110.657903,2026-05-26
Cervus canadensis,Elk (Wapiti),Mammalia,yellowstone,44.96278,-110.708137,2026-05-18
Cervus canadensis,Elk (Wapiti),Mammalia,yellowstone,44.596414,-110.54711,2026-05-25
Cervus canadensis,Elk (Wapiti),Mammalia,yellowstone,44.640373,-110.455034,2026-05-19
Cervus canadensis,Elk (Wapiti),Mammalia,yellowstone,44.64508,-110.458575,2026-05-19
Cervus canadensis,Elk (Wapiti),Mammalia,yellowstone,44.427968,-110.588454,2026-05-31
Cervus canadensis,Elk (Wapiti),Mammalia,yellowstone,44.388502,-110.562635,2026-05-29
Cervus canadensis,Elk (Wapiti),Mammalia,yellowstone,44.660244,-110.962223,2026-05-14
Cervus canadensis,Elk (Wapiti),Mammalia,yellowstone,44.667058,-110.970672,2026-05-31
Cervus canadensis,Elk (Wapiti),Mammalia,yellowstone,44.66705,-110.970637,2026-05-31
Cervus canadensis,Elk (Wapiti),Mammalia,yellowstone,44.658645,-110.95897,2026-05-19
Cervus canadensis,Elk (Wapiti),Mammalia,yellowstone,44.910636,-110.379602,2026-05-11
Cervus canadensis,Elk (Wapiti),Mammalia,yellowstone,44.649187,-110.945717,2026-05-19
Cervus canadensis,Elk (Wapiti),Mammalia,yellowstone,44.64402,-110.916672,2026-05-21
Cervus canadensis,Elk (Wapiti),Mammalia,yellowstone,44.376178,-110.57755,2026-05-19
Cervus canadensis,Elk (Wapiti),Mammalia,yellowstone,44.668265,-110.469672,2026-05-30
Cervus canadensis,Elk (Wapiti),Mammalia,yellowstone,44.597968,-110.387308,2026-05-29
Cervus canadensis,Elk (Wapiti),Mammalia,yellowstone,44.726731,-110.49411,2026-05-10
Cervus canadensis,Elk (Wapiti),Mammalia,yellowstone,44.679316,-110.488088,2026-05-10
Cervus canadensis,Elk (Wapiti),Mammalia,yellowstone,44.869433,-110.166039,2026-05-23
Cervus canadensis,Elk (Wapiti),Mammalia,yellowstone,44.673728,-110.479103,2026-06-03
Cervus canadensis,Elk (Wapiti),Mammalia,yellowstone,44.537188,-110.43148,2026-06-02
Cervus canadensis,Elk (Wapiti),Mammalia,yellowstone,44.591826,-110.139809,2026-06-11
Cervus canadensis,Elk (Wapiti),Mammalia,yellowstone,44.976953,-110.699287,2026-06-02
Cervus canadensis,Elk (Wapiti),Mammalia,yellowstone,44.662169,-110.962969,2026-06-09
Cervus canadensis,Elk (Wapiti),Mammalia,yellowstone,44.737679,-110.698301,2026-06-07
Cervus canadensis,Elk (Wapiti),Mammalia,yellowstone,44.596148,-110.561249,2026-06-07
Cervus canadensis,Elk (Wapiti),Mammalia,yellowstone,44.867133,-110.73758,2026-06-02
Cervus canadensis,Elk (Wapiti),Mammalia,yellowstone,44.640049,-110.895723,2026-06-08
Cervus canadensis,Elk (Wapiti),Mammalia,yellowstone,44.414817,-110.536116,2026-06-07
Cervus canadensis,Elk (Wapiti),Mammalia,yellowstone,44.513858,-110.623916,2026-06-09
Cervus canadensis,Elk (Wapiti),Mammalia,yellowstone,44.415117,-110.574858,2026-06-06
Cervus canadensis,Elk (Wapiti),Mammalia,yellowstone,44.652858,-110.956772,2026-06-13
Cervus canadensis,Elk (Wapiti),Mammalia,yellowstone,44.67432,-110.480195,2026-06-13
Cervus canadensis,Elk (Wapiti),Mammalia,yellowstone,45.028714,-110.707122,2026-06-14
Cervus canadensis,Elk (Wapiti),Mammalia,yellowstone,44.649151,-110.947327,2026-06-10
Cervus canadensis,Elk (Wapiti),Mammalia,yellowstone,44.660587,-110.961128,2026-06-04
Cervus canadensis,Elk (Wapiti),Mammalia,yellowstone,44.66893,-110.471595,2026-06-05
Cervus canadensis,Elk (Wapiti),Mammalia,yellowstone,44.648844,-110.942553,2026-06-07
Cervus canadensis,Elk (Wapiti),Mammalia,yellowstone,44.655668,-111.108805,2026-06-13
Cervus canadensis,Elk (Wapiti),Mammalia,yellowstone,45.028144,-110.705318,2026-06-07
Cervus canadensis,Elk (Wapiti),Mammalia,yellowstone,45.030403,-110.7064,2026-06-06
Cervus canadensis,Elk (Wapiti),Mammalia,yellowstone,44.537187,-110.431495,2026-06-02
Cervus canadensis,Elk (Wapiti),Mammalia,yellowstone,44.90847,-110.73178,2026-06-02
Cervus canadensis,Elk (Wapiti),Mammalia,yellowstone,44.647397,-110.933197,2026-06-14
Cervus canadensis,Elk (Wapiti),Mammalia,yellowstone,45.064117,-110.774763,2026-06-08
Cervus canadensis,Elk (Wapiti),Mammalia,yellowstone,44.640045,-110.895728,2026-06-09
Cervus canadensis,Elk (Wapiti),Mammalia,yellowstone,44.556828,-110.400887,2026-06-09
Cervus canadensis,Elk (Wapiti),Mammalia,yellowstone,44.661503,-110.96228,2026-06-09
Cervus canadensis,Elk (Wapiti),Mammalia,yellowstone,44.539337,-110.428397,2026-06-01
Cervus canadensis,Elk (Wapiti),Mammalia,yellowstone,44.570664,-110.38597,2026-06-15
Cervus canadensis,Elk (Wapiti),Mammalia,yellowstone,44.597918,-110.561249,2026-06-19
Cervus canadensis,Elk (Wapiti),Mammalia,yellowstone,44.655202,-110.958906,2026-06-18
Cervus canadensis,Elk (Wapiti),Mammalia,yellowstone,44.570701,-110.386118,2026-06-15
Cervus canadensis,Elk (Wapiti),Mammalia,yellowstone,44.648991,-110.947537,2026-06-16
Cervus canadensis,Elk (Wapiti),Mammalia,yellowstone,44.958142,-110.712022,2026-06-19
Cervus canadensis,Elk (Wapiti),Mammalia,yellowstone,44.677862,-110.48632,2026-06-19
Cervus canadensis,Elk (Wapiti),Mammalia,yellowstone,44.826512,-110.738539,2026-06-09
Cervus canadensis,Elk (Wapiti),Mammalia,yellowstone,44.633278,-110.864696,2026-06-11
Cervus canadensis,Elk (Wapiti),Mammalia,yellowstone,45.031863,-110.705766,2026-06-20
Cervus canadensis,Elk (Wapiti),Mammalia,yellowstone,44.973555,-110.70417,2026-06-15
Cervus canadensis,Elk (Wapiti),Mammalia,yellowstone,44.839661,-110.732594,2026-06-14
Cervus canadensis,Elk (Wapiti),Mammalia,yellowstone,45.036206,-110.713447,2026-06-18
Cervus canadensis,Elk (Wapiti),Mammalia,yellowstone,44.597918,-110.561249,2026-06-01
Cervus canadensis,Elk (Wapiti),Mammalia,yellowstone,44.909922,-110.334968,2026-06-14
Cervus canadensis,Elk (Wapiti),Mammalia,yellowstone,44.675281,-110.481853,2026-06-13
Cervus canadensis,Elk (Wapiti),Mammalia,yellowstone,44.668201,-110.46994,2026-06-16
Cervus canadensis,Elk (Wapiti),Mammalia,yellowstone,44.796543,-111.120781,2026-06-20
Cervus canadensis,Elk (Wapiti),Mammalia,yellowstone,44.534203,-110.439653,2026-06-05
Cervus canadensis,Elk (Wapiti),Mammalia,yellowstone,44.662314,-110.962557,2026-06-26
Cervus canadensis,Elk (Wapiti),Mammalia,yellowstone,44.597918,-110.561249,2026-06-19
Cervus canadensis,Elk (Wapiti),Mammalia,yellowstone,44.390433,-110.553833,2026-06-23
Cervus canadensis,Elk (Wapiti),Mammalia,yellowstone,44.728987,-110.479753,2026-06-20
Cervus canadensis,Elk (Wapiti),Mammalia,yellowstone,44.596148,-110.561249,2026-06-28
Cervus canadensis,Elk (Wapiti),Mammalia,yellowstone,44.533712,-110.43435,2026-06-06
Cervus canadensis,Elk (Wapiti),Mammalia,yellowstone,44.996865,-110.704031,2026-06-23
Cervus canadensis,Elk (Wapiti),Mammalia,yellowstone,44.534808,-110.4366,2026-06-27
Cervus canadensis,Elk (Wapiti),Mammalia,yellowstone,45.045992,-110.679793,2026-06-21
Cervus canadensis,Elk (Wapiti),Mammalia,yellowstone,45.031972,-110.713404,2026-06-24
Cervus canadensis,Elk (Wapiti),Mammalia,yellowstone,44.667731,-110.469708,2026-06-21
Cervus canadensis,Elk (Wapiti),Mammalia,yellowstone,44.649411,-110.949822,2026-06-24
Cervus canadensis,Elk (Wapiti),Mammalia,yellowstone,44.597918,-110.561249,2026-06-19
Cervus canadensis,Elk (Wapiti),Mammalia,yellowstone,45.030021,-110.70967,2026-06-26
Cervus canadensis,Elk (Wapiti),Mammalia,yellowstone,44.634806,-110.447972,2026-06-22
Cervus canadensis,Elk (Wapiti),Mammalia,yellowstone,44.476969,-110.537169,2026-06-26
Cervus canadensis,Elk (Wapiti),Mammalia,yellowstone,44.721705,-110.49561,2026-06-29
Cervus canadensis,Elk (Wapiti),Mammalia,yellowstone,44.675221,-110.482206,2026-06-13
Cervus canadensis,Elk (Wapiti),Mammalia,yellowstone,44.708701,-110.498432,2026-06-11
Cervus canadensis,Elk (Wapiti),Mammalia,yellowstone,44.723948,-110.493676,2026-06-17
Cervus canadensis,Elk (Wapiti),Mammalia,yellowstone,44.967459,-110.70104,2026-06-26
Cervus canadensis,Elk (Wapiti),Mammalia,yellowstone,44.67739,-110.48631,2026-06-19
Cervus canadensis,Elk (Wapiti),Mammalia,yellowstone,44.957922,-110.712056,2026-06-19
Cervus canadensis,Elk (Wapiti),Mammalia,yellowstone,44.970562,-110.703373,2026-06-23
Cervus canadensis,Elk (Wapiti),Mammalia,yellowstone,44.661414,-110.962222,2026-06-19
Cervus canadensis,Elk (Wapiti),Mammalia,yellowstone,44.534488,-110.434363,2026-06-27
Cervus canadensis,Elk (Wapiti),Mammalia,yellowstone,44.94135,-110.628988,2026-06-22
Cervus canadensis,Elk (Wapiti),Mammalia,yellowstone,44.597918,-110.561249,2026-06-20
Cervus canadensis,Elk (Wapiti),Mammalia,yellowstone,44.67263,-110.487811,2026-06-19
Cervus canadensis,Elk (Wapiti),Mammalia,yellowstone,44.564,-110.3914,2026-06-26
Cervus canadensis,Elk (Wapiti),Mammalia,yellowstone,44.597918,-110.561249,2026-06-19
Cervus canadensis,Elk (Wapiti),Mammalia,yellowstone,44.643828,-110.455481,2026-06-22
Cervus canadensis,Elk (Wapiti),Mammalia,yellowstone,44.677951,-110.486582,2026-06-19
Cervus canadensis,Elk (Wapiti),Mammalia,yellowstone,44.968963,-110.696997,2026-06-25
Cervus canadensis,Elk (Wapiti),Mammalia,yellowstone,44.728811,-110.471849,2026-06-29
Cervus canadensis,Elk (Wapiti),Mammalia,yellowstone,44.6603,-110.960953,2026-06-23
Cervus canadensis,Elk (Wapiti),Mammalia,yellowstone,44.883049,-110.767311,2026-06-28
Cervus canadensis,Elk (Wapiti),Mammalia,yellowstone,44.757147,-110.480709,2026-06-29
Cervus canadensis,Elk (Wapiti),Mammalia,yellowstone,44.966883,-110.70575,2026-06-17
Cervus canadensis,Elk (Wapiti),Mammalia,yellowstone,44.539337,-110.428397,2026-06-01
Cervus canadensis,Elk (Wapiti),Mammalia,yellowstone,44.966883,-110.70575,2026-06-18
Cervus canadensis,Elk (Wapiti),Mammalia,yellowstone,44.668979,-110.470727,2026-06-15
Cervus canadensis,Elk (Wapiti),Mammalia,yellowstone,44.64962,-110.951722,2026-06-24
Cervus canadensis,Elk (Wapiti),Mammalia,yellowstone,44.961544,-110.711785,2026-06-30
Cervus canadensis,Elk (Wapiti),Mammalia,yellowstone,44.547511,-110.41794,2026-06-28
Cervus canadensis,Elk (Wapiti),Mammalia,yellowstone,44.548792,-110.415733,2026-06-27
Cervus canadensis,Elk (Wapiti),Mammalia,yellowstone,44.554883,-110.395058,2026-06-29
Cervus canadensis,Elk (Wapiti),Mammalia,yellowstone,44.966883,-110.70575,2026-06-18
Cervus canadensis,Elk (Wapiti),Mammalia,yellowstone,44.363744,-110.579784,2026-06-29
Cervus canadensis,Elk (Wapiti),Mammalia,yellowstone,44.408244,-110.571846,2026-06-27
Cervus canadensis,Elk (Wapiti),Mammalia,yellowstone,44.677541,-110.486712,2026-06-29
Cervus canadensis,Elk (Wapiti),Mammalia,yellowstone,44.385345,-110.549667,2026-06-30
Cervus canadensis,Elk (Wapiti),Mammalia,yellowstone,44.39115,-110.552528,2026-06-23
Cervus canadensis,Elk (Wapiti),Mammalia,yellowstone,44.641513,-110.455095,2026-06-21
Cervus canadensis,Elk (Wapiti),Mammalia,yellowstone,44.534808,-110.4366,2026-06-27
Cervus canadensis,Elk (Wapiti),Mammalia,yellowstone,44.597918,-110.561249,2026-06-20
Cervus canadensis,Elk (Wapiti),Mammalia,yellowstone,44.597918,-110.561249,2026-06-20
Cervus canadensis,Elk (Wapiti),Mammalia,yellowstone,44.223864,-110.655073,2026-06-09
Cervus canadensis,Elk (Wapiti),Mammalia,yellowstone,44.55232,-110.395687,2026-06-21
Cervus canadensis,Elk (Wapiti),Mammalia,yellowstone,44.969058,-110.697113,2026-06-25
Cervus canadensis,Elk (Wapiti),Mammalia,yellowstone,44.640062,-110.895728,2026-06-09
Cervus canadensis,Elk (Wapiti),Mammalia,yellowstone,44.597918,-110.561249,2026-06-20
Cervus canadensis,Elk (Wapiti),Mammalia,yellowstone,44.726353,-110.4938,2026-06-01
Cervus canadensis,Elk (Wapiti),Mammalia,yellowstone,44.668618,-110.470083,2026-06-15
Cervus canadensis,Elk (Wapiti),Mammalia,yellowstone,45.030111,-110.710119,2026-06-26
Cervus canadensis,Elk (Wapiti),Mammalia,yellowstone,44.596414,-110.54711,2026-06-13
Cervus canadensis,Elk (Wapiti),Mammalia,yellowstone,44.725971,-110.493841,2026-06-26
Cervus canadensis,Elk (Wapiti),Mammalia,yellowstone,44.662247,-110.963833,2026-06-16
Cervus canadensis,Elk (Wapiti),Mammalia,yellowstone,44.994167,-110.703837,2026-06-17
Cervus canadensis,Elk (Wapiti),Mammalia,yellowstone,44.727022,-110.687504,2026-06-14
Cervus canadensis,Elk (Wapiti),Mammalia,yellowstone,44.972698,-110.705522,2026-06-18
Cervus canadensis,Elk (Wapiti),Mammalia,yellowstone,44.66711,-110.466756,2026-06-16
Cervus canadensis,Elk (Wapiti),Mammalia,yellowstone,44.661983,-110.963779,2026-06-16
Cervus canadensis,Elk (Wapiti),Mammalia,yellowstone,44.667836,-110.972267,2026-06-09
Cervus canadensis,Elk (Wapiti),Mammalia,yellowstone,44.667836,-110.972267,2026-06-09
Cervus canadensis,Elk (Wapiti),Mammalia,yellowstone,44.52259,-110.828472,2026-06-18
Cervus canadensis,Elk (Wapiti),Mammalia,yellowstone,44.677378,-110.485653,2026-06-19
Cervus canadensis,Elk (Wapiti),Mammalia,yellowstone,44.677816,-110.485959,2026-06-19
Cervus canadensis,Elk (Wapiti),Mammalia,yellowstone,44.967726,-110.700989,2026-06-20
Cervus canadensis,Elk (Wapiti),Mammalia,yellowstone,44.967958,-110.702081,2026-06-20
Cervus canadensis,Elk (Wapiti),Mammalia,yellowstone,44.649132,-110.946388,2026-06-20
Cervus canadensis,Elk (Wapiti),Mammalia,yellowstone,44.676249,-110.483686,2026-06-19
Cervus canadensis,Elk (Wapiti),Mammalia,yellowstone,45.038412,-110.715356,2026-06-13
Cervus canadensis,Elk (Wapiti),Mammalia,yellowstone,45.036934,-110.713209,2026-06-18
Cervus canadensis,Elk (Wapiti),Mammalia,yellowstone,44.929177,-110.088196,2026-06-13
Cervus canadensis,Elk (Wapiti),Mammalia,yellowstone,45.072755,-110.779079,2026-06-19
Cervus canadensis,Elk (Wapiti),Mammalia,yellowstone,45.030078,-110.710037,2026-06-26
Cervus canadensis,Elk (Wapiti),Mammalia,yellowstone,44.669011,-110.975831,2026-06-28
Cervus canadensis,Elk (Wapiti),Mammalia,yellowstone,45.087542,-110.780133,2026-06-19
Cervus canadensis,Elk (Wapiti),Mammalia,yellowstone,45.08844,-110.780598,2026-06-19
Cervus canadensis,Elk (Wapiti),Mammalia,yellowstone,45.087233,-110.781099,2026-06-19
Cervus canadensis,Elk (Wapiti),Mammalia,yellowstone,45.035961,-110.711437,2026-06-16
Cervus canadensis,Elk (Wapiti),Mammalia,yellowstone,45.074764,-110.774436,2026-06-19
Cervus canadensis,Elk (Wapiti),Mammalia,yellowstone,45.038742,-110.717801,2026-06-18
Cervus canadensis,Elk (Wapiti),Mammalia,yellowstone,44.534826,-110.432914,2026-06-16
Cervus canadensis,Elk (Wapiti),Mammalia,yellowstone,45.037507,-110.715159,2026-06-15
Cervus canadensis,Elk (Wapiti),Mammalia,yellowstone,45.086717,-110.778517,2026-06-19
Cervus canadensis,Elk (Wapiti),Mammalia,yellowstone,44.669375,-110.471053,2026-06-16
Cervus canadensis,Elk (Wapiti),Mammalia,yellowstone,45.035084,-110.710046,2026-06-14
Cervus canadensis,Elk (Wapiti),Mammalia,yellowstone,44.7234,-110.494217,2026-07-03
Cervus canadensis,Elk (Wapiti),Mammalia,yellowstone,44.723095,-110.494125,2026-07-01
Cervus canadensis,Elk (Wapiti),Mammalia,yellowstone,44.96518,-110.705155,2026-07-01
Cervus canadensis,Elk (Wapiti),Mammalia,yellowstone,44.646583,-110.93023,2026-07-03
Cervus canadensis,Elk (Wapiti),Mammalia,yellowstone,45.0254,-110.701135,2026-07-03
Cervus canadensis,Elk (Wapiti),Mammalia,yellowstone,44.513955,-110.428858,2026-07-01
Cervus canadensis,Elk (Wapiti),Mammalia,yellowstone,45.025413,-110.701134,2026-07-03
Cervus canadensis,Elk (Wapiti),Mammalia,yellowstone,44.981539,-110.717378,2026-07-01
Cervus canadensis,Elk (Wapiti),Mammalia,yellowstone,45.02402,-110.701968,2026-07-01
Cervus canadensis,Elk (Wapiti),Mammalia,yellowstone,44.981539,-110.717378,2026-07-01
Cervus canadensis,Elk (Wapiti),Mammalia,yellowstone,45.025745,-110.701003,2026-07-03
Cervus canadensis,Elk (Wapiti),Mammalia,yellowstone,45.024442,-110.711551,2026-07-02
Cervus canadensis,Elk (Wapiti),Mammalia,yellowstone,44.807883,-110.442528,2026-07-03
Cervus canadensis,Elk (Wapiti),Mammalia,yellowstone,44.553674,-110.395833,2026-07-02
Cervus canadensis,Elk (Wapiti),Mammalia,yellowstone,44.682167,-110.492203,2026-07-01
Cervus canadensis,Elk (Wapiti),Mammalia,yellowstone,44.979172,-110.701037,2026-07-02
Cervus canadensis,Elk (Wapiti),Mammalia,yellowstone,44.415467,-110.575697,2026-07-03
Cervus canadensis,Elk (Wapiti),Mammalia,yellowstone,44.632925,-110.856744,2026-07-06
Cervus canadensis,Elk (Wapiti),Mammalia,yellowstone,44.979034,-110.693256,2026-07-07
Cervus canadensis,Elk (Wapiti),Mammalia,yellowstone,45.038772,-110.723983,2026-07-08
Cervus canadensis,Elk (Wapiti),Mammalia,yellowstone,44.996017,-110.703828,2026-07-06
Cervus canadensis,Elk (Wapiti),Mammalia,yellowstone,44.531453,-110.460465,2026-07-03
Cervus canadensis,Elk (Wapiti),Mammalia,yellowstone,44.565546,-110.37939,2026-07-06
Cervus canadensis,Elk (Wapiti),Mammalia,yellowstone,44.727312,-110.492326,2026-07-08
Cervus canadensis,Elk (Wapiti),Mammalia,yellowstone,44.549697,-110.41133,2026-07-12
Cervus canadensis,Elk (Wapiti),Mammalia,yellowstone,44.391968,-110.553619,2026-07-07
Cervus canadensis,Elk (Wapiti),Mammalia,yellowstone,44.536128,-110.432722,2026-07-07
Cervus canadensis,Elk (Wapiti),Mammalia,yellowstone,44.966653,-110.701263,2026-07-12
Cervus canadensis,Elk (Wapiti),Mammalia,yellowstone,44.458987,-110.820253,2026-07-06
Cervus canadensis,Elk (Wapiti),Mammalia,yellowstone,44.516395,-110.420051,2026-07-11
Cervus canadensis,Elk (Wapiti),Mammalia,yellowstone,44.990109,-110.699747,2026-07-06
Cervus canadensis,Elk (Wapiti),Mammalia,yellowstone,44.9763,-110.700905,2026-07-01
Cervus canadensis,Elk (Wapiti),Mammalia,yellowstone,44.53173,-110.433913,2026-07-08
Cervus canadensis,Elk (Wapiti),Mammalia,yellowstone,44.793736,-111.213025,2026-07-14
Cervus canadensis,Elk (Wapiti),Mammalia,yellowstone,44.649105,-110.94722,2026-07-14
Cervus canadensis,Elk (Wapiti),Mammalia,yellowstone,44.666703,-110.468798,2026-07-14
Cervus canadensis,Elk (Wapiti),Mammalia,yellowstone,44.39232,-110.560387,2026-07-18
Cervus canadensis,Elk (Wapiti),Mammalia,yellowstone,44.863715,-110.400545,2026-07-13
Cervus canadensis,Elk (Wapiti),Mammalia,yellowstone,44.725189,-110.493578,2026-07-17
Cervus canadensis,Elk (Wapiti),Mammalia,yellowstone,44.566003,-110.380822,2026-07-18
Cervus canadensis,Elk (Wapiti),Mammalia,yellowstone,44.727536,-110.489087,2026-07-13
Cervus canadensis,Elk (Wapiti),Mammalia,yellowstone,44.596414,-110.54711,2026-07-14
Cervus canadensis,Elk (Wapiti),Mammalia,yellowstone,44.646402,-110.453769,2026-07-02
Cervus canadensis,Elk (Wapiti),Mammalia,yellowstone,44.649,-110.9446,2026-07-15
Cervus canadensis,Elk (Wapiti),Mammalia,yellowstone,44.725604,-110.493894,2026-07-12
Cervus canadensis,Elk (Wapiti),Mammalia,yellowstone,44.966222,-110.701317,2026-07-14
Cervus canadensis,Elk (Wapiti),Mammalia,yellowstone,44.535306,-110.433481,2026-07-15
Cervus canadensis,Elk (Wapiti),Mammalia,yellowstone,45.028358,-110.706445,2026-07-15
Cervus canadensis,Elk (Wapiti),Mammalia,yellowstone,44.660677,-110.959852,2026-07-14
Cervus canadensis,Elk (Wapiti),Mammalia,yellowstone,44.649155,-110.947205,2026-07-14
Cervus canadensis,Elk (Wapiti),Mammalia,yellowstone,44.649167,-110.947228,2026-07-14
Cervus canadensis,Elk (Wapiti),Mammalia,yellowstone,44.649175,-110.947242,2026-07-14
Cervus canadensis,Elk (Wapiti),Mammalia,yellowstone,45.03035,-110.704757,2026-07-15
Cervus canadensis,Elk (Wapiti),Mammalia,yellowstone,44.72059,-110.50012,2026-07-16
Cervus canadensis,Elk (Wapiti),Mammalia,yellowstone,44.64743,-110.932632,2026-07-15
Cervus canadensis,Elk (Wapiti),Mammalia,yellowstone,44.638818,-110.888916,2026-07-19
Cervus canadensis,Elk (Wapiti),Mammalia,yellowstone,44.416802,-110.572159,2026-07-14
Cervus canadensis,Elk (Wapiti),Mammalia,yellowstone,44.649158,-110.947228,2026-07-14
Cervus canadensis,Elk (Wapiti),Mammalia,yellowstone,44.537479,-110.433716,2026-07-11
Cervus canadensis,Elk (Wapiti),Mammalia,yellowstone,44.654193,-111.045177,2026-07-14
Cervus canadensis,Elk (Wapiti),Mammalia,yellowstone,45.033222,-110.705688,2026-07-16
Cervus canadensis,Elk (Wapiti),Mammalia,yellowstone,44.726837,-110.49392,2026-07-17
Cervus canadensis,Elk (Wapiti),Mammalia,yellowstone,44.596148,-110.561249,2026-07-20
Cervus canadensis,Elk (Wapiti),Mammalia,yellowstone,44.699942,-110.744725,2026-07-23
Cervus canadensis,Elk (Wapiti),Mammalia,yellowstone,44.571895,-110.58649,2026-07-23
Cervus canadensis,Elk (Wapiti),Mammalia,yellowstone,44.062403,-110.690025,2026-07-21
Cervus canadensis,Elk (Wapiti),Mammalia,yellowstone,44.677768,-110.490312,2026-07-20
Cervus canadensis,Elk (Wapiti),Mammalia,yellowstone,44.699942,-110.744725,2026-07-23
Cervus canadensis,Elk (Wapiti),Mammalia,yellowstone,44.998813,-110.704637,2026-07-24
Cervus canadensis,Elk (Wapiti),Mammalia,yellowstone,44.610313,-110.4049,2026-07-23
Cervus canadensis,Elk (Wapiti),Mammalia,yellowstone,45.033464,-110.705855,2026-07-21
Cervus canadensis,Elk (Wapiti),Mammalia,yellowstone,44.536888,-110.433455,2026-07-25
Cervus canadensis,Elk (Wapiti),Mammalia,yellowstone,44.564412,-110.377242,2026-07-23
Cervus canadensis,Elk (Wapiti),Mammalia,yellowstone,44.578046,-110.37954,2026-07-17
Cervus canadensis,Elk (Wapiti),Mammalia,yellowstone,44.663288,-110.964363,2026-07-22
Cervus canadensis,Elk (Wapiti),Mammalia,yellowstone,44.634585,-110.448087,2026-07-20
Cervus canadensis,Elk (Wapiti),Mammalia,yellowstone,44.649678,-110.84645,2026-07-25
Cervus canadensis,Elk (Wapiti),Mammalia,yellowstone,44.848532,-110.425968,2026-07-21
Cervus canadensis,Elk (Wapiti),Mammalia,yellowstone,44.641888,-110.859345,2026-07-22
Cervus canadensis,Elk (Wapiti),Mammalia,yellowstone,44.649108,-110.947212,2026-07-14
Cervus canadensis,Elk (Wapiti),Mammalia,yellowstone,44.612392,-110.412662,2026-07-26
Cervus canadensis,Elk (Wapiti),Mammalia,yellowstone,44.803765,-110.447665,2026-07-21
Cervus canadensis,Elk (Wapiti),Mammalia,yellowstone,44.416847,-110.57225,2026-07-19
Cervus canadensis,Elk (Wapiti),Mammalia,yellowstone,44.960299,-110.70272,2026-07-30
Cervus canadensis,Elk (Wapiti),Mammalia,yellowstone,44.461122,-110.568965,2026-07-30
Cervus canadensis,Elk (Wapiti),Mammalia,yellowstone,44.965188,-110.701307,2026-07-27
Cervus canadensis,Elk (Wapiti),Mammalia,yellowstone,44.533916,-110.435875,2026-07-26
Cervus canadensis,Elk (Wapiti),Mammalia,yellowstone,44.72153,-110.493942,2026-07-25
Cervus canadensis,Elk (Wapiti),Mammalia,yellowstone,44.549337,-110.404145,2026-07-24
Cervus canadensis,Elk (Wapiti),Mammalia,yellowstone,45.031467,-110.70488,2026-07-27
Cervus canadensis,Elk (Wapiti),Mammalia,yellowstone,44.962639,-110.707627,2026-07-27
Cervus canadensis,Elk (Wapiti),Mammalia,yellowstone,44.97673,-110.69977,2026-07-08
Cervus canadensis,Elk (Wapiti),Mammalia,yellowstone,44.388887,-110.557547,2026-07-30
Cervus canadensis,Elk (Wapiti),Mammalia,yellowstone,44.536543,-110.433813,2026-07-28
Cervus canadensis,Elk (Wapiti),Mammalia,yellowstone,44.969095,-110.697088,2026-07-30
Cervus canadensis,Elk (Wapiti),Mammalia,yellowstone,44.408939,-110.573117,2026-07-29
Cervus canadensis,Elk (Wapiti),Mammalia,yellowstone,45.032276,-110.705681,2026-07-27
Cervus canadensis,Elk (Wapiti),Mammalia,yellowstone,44.976722,-110.700517,2026-07-29
Cervus canadensis,Elk (Wapiti),Mammalia,yellowstone,44.962203,-110.704537,2026-07-27
Cervus canadensis,Elk (Wapiti),Mammalia,yellowstone,44.613279,-111.153941,2026-07-30
Cervus canadensis,Elk (Wapiti),Mammalia,yellowstone,44.967392,-110.701333,2026-07-28
Cervus canadensis,Elk (Wapiti),Mammalia,yellowstone,44.489452,-110.176531,2026-07-30
Cervus canadensis,Elk (Wapiti),Mammalia,yellowstone,44.554288,-110.406883,2026-07-27
Cervus canadensis,Elk (Wapiti),Mammalia,yellowstone,44.90577,-110.732338,2026-07-19
Cervus canadensis,Elk (Wapiti),Mammalia,yellowstone,44.53467,-110.432238,2026-07-06
Cervus canadensis,Elk (Wapiti),Mammalia,yellowstone,44.900355,-110.227752,2026-07-25
Cervus canadensis,Elk (Wapiti),Mammalia,yellowstone,44.412977,-110.372194,2026-07-18
Cervus canadensis,Elk (Wapiti),Mammalia,yellowstone,44.597918,-110.561249,2026-07-26
Cervus canadensis,Elk (Wapiti),Mammalia,yellowstone,45.065296,-110.766205,2026-07-31
Cervus canadensis,Elk (Wapiti),Mammalia,yellowstone,44.733478,-110.486061,2026-07-15
Cervus canadensis,Elk (Wapiti),Mammalia,yellowstone,44.653025,-110.956975,2026-07-31
Cervus canadensis,Elk (Wapiti),Mammalia,yellowstone,44.728562,-110.493758,2026-07-07
Cervus canadensis,Elk (Wapiti),Mammalia,yellowstone,44.661547,-110.962408,2026-07-26
Cervus canadensis,Elk (Wapiti),Mammalia,yellowstone,44.643707,-110.92444,2026-07-27
Cervus canadensis,Elk (Wapiti),Mammalia,yellowstone,44.558705,-110.354622,2026-07-18
Cervus canadensis,Elk (Wapiti),Mammalia,yellowstone,44.442367,-110.56803,2026-07-10
Cervus canadensis,Elk (Wapiti),Mammalia,yellowstone,44.531815,-110.433759,2026-07-28
Cervus canadensis,Elk (Wapiti),Mammalia,yellowstone,44.648975,-110.941567,2026-08-02
Cervus canadensis,Elk (Wapiti),Mammalia,yellowstone,44.95167,-110.714382,2026-08-04
Cervus canadensis,Elk (Wapiti),Mammalia,yellowstone,44.558017,-110.396775,2026-08-05
Cervus canadensis,Elk (Wapiti),Mammalia,yellowstone,44.965382,-110.690477,2026-08-04
Cervus canadensis,Elk (Wapiti),Mammalia,yellowstone,44.973854,-110.704313,2026-08-05
Cervus canadensis,Elk (Wapiti),Mammalia,yellowstone,44.639876,-110.888637,2026-08-02
Cervus canadensis,Elk (Wapiti),Mammalia,yellowstone,44.97786,-110.697752,2026-08-04
Cervus canadensis,Elk (Wapiti),Mammalia,yellowstone,44.639876,-110.888637,2026-08-02
Cervus canadensis,Elk (Wapiti),Mammalia,yellowstone,44.608599,-110.392475,2026-08-03
Cervus canadensis,Elk (Wapiti),Mammalia,yellowstone,45.035786,-110.713837,2026-08-02
Cervus canadensis,Elk (Wapiti),Mammalia,yellowstone,44.965287,-110.690209,2026-08-04
Cervus canadensis,Elk (Wapiti),Mammalia,yellowstone,44.624816,-110.435422,2026-08-04
Cervus canadensis,Elk (Wapiti),Mammalia,yellowstone,44.730108,-110.937116,2026-08-04
Cervus canadensis,Elk (Wapiti),Mammalia,yellowstone,45.036167,-110.715692,2026-08-01
Cervus canadensis,Elk (Wapiti),Mammalia,yellowstone,44.661453,-110.96222,2026-08-02
Cervus canadensis,Elk (Wapiti),Mammalia,yellowstone,45.038545,-110.723325,2026-08-01
Cervus canadensis,Elk (Wapiti),Mammalia,yellowstone,44.662497,-110.96283,2026-08-03
Cervus canadensis,Elk (Wapiti),Mammalia,yellowstone,44.639875,-110.888637,2026-08-02
Cervus canadensis,Elk (Wapiti),Mammalia,yellowstone,44.648955,-110.939583,2026-08-02
Cervus canadensis,Elk (Wapiti),Mammalia,yellowstone,44.97767,-110.69815,2026-08-07
Cervus canadensis,Elk (Wapiti),Mammalia,yellowstone,44.639876,-110.888637,2026-08-02
Cervus canadensis,Elk (Wapiti),Mammalia,yellowstone,44.973854,-110.704313,2026-08-05
Cervus canadensis,Elk (Wapiti),Mammalia,yellowstone,44.972666,-110.705426,2026-08-05
Cervus canadensis,Elk (Wapiti),Mammalia,yellowstone,44.648539,-111.071317,2026-08-15
Cervus canadensis,Elk (Wapiti),Mammalia,yellowstone,44.639566,-110.860199,2026-08-10
Cervus canadensis,Elk (Wapiti),Mammalia,yellowstone,44.660669,-110.962906,2026-08-14
Cervus canadensis,Elk (Wapiti),Mammalia,yellowstone,44.936112,-110.721528,2026-08-04
Cervus canadensis,Elk (Wapiti),Mammalia,yellowstone,44.633715,-110.853613,2026-08-15
Cervus canadensis,Elk (Wapiti),Mammalia,yellowstone,44.864839,-110.402885,2026-08-23
Cervus canadensis,Elk (Wapiti),Mammalia,yellowstone,44.976653,-110.699608,2026-08-23
Cervus canadensis,Elk (Wapiti),Mammalia,yellowstone,44.581581,-110.658919,2026-08-16
Cervus canadensis,Elk (Wapiti),Mammalia,yellowstone,44.389325,-110.558172,2026-08-17
Cervus canadensis,Elk (Wapiti),Mammalia,yellowstone,44.596148,-110.561249,2026-08-11
Cervus canadensis,Elk (Wapiti),Mammalia,yellowstone,44.581581,-110.658919,2026-08-16
Cervus canadensis,Elk (Wapiti),Mammalia,yellowstone,44.573999,-110.38167,2026-08-10
Cervus canadensis,Elk (Wapiti),Mammalia,yellowstone,44.640204,-110.895278,2026-08-22
Cervus canadensis,Elk (Wapiti),Mammalia,yellowstone,44.461872,-110.827072,2026-08-04
Cervus canadensis,Elk (Wapiti),Mammalia,yellowstone,45.035736,-110.713537,2026-08-13
Cervus canadensis,Elk (Wapiti),Mammalia,yellowstone,44.581581,-110.658919,2026-08-16
Cervus canadensis,Elk (Wapiti),Mammalia,yellowstone,44.641203,-110.907593,2026-08-08
Cervus canadensis,Elk (Wapiti),Mammalia,yellowstone,44.973655,-110.704474,2026-08-12
Cervus canadensis,Elk (Wapiti),Mammalia,yellowstone,44.611513,-110.411192,2026-08-08
Cervus canadensis,Elk (Wapiti),Mammalia,yellowstone,44.7324,-110.493575,2026-08-10
Cervus canadensis,Elk (Wapiti),Mammalia,yellowstone,45.025547,-110.702192,2026-08-17
Cervus canadensis,Elk (Wapiti),Mammalia,yellowstone,44.976903,-110.701613,2026-08-18
Cervus canadensis,Elk (Wapiti),Mammalia,yellowstone,45.058505,-110.760365,2026-08-16
Cervus canadensis,Elk (Wapiti),Mammalia,yellowstone,44.566132,-110.389762,2026-08-12
Cervus canadensis,Elk (Wapiti),Mammalia,yellowstone,45.026559,-110.704415,2026-08-20
Cervus canadensis,Elk (Wapiti),Mammalia,yellowstone,44.952045,-110.670805,2026-08-19
Cervus canadensis,Elk (Wapiti),Mammalia,yellowstone,44.609267,-110.403466,2026-08-07
Cervus canadensis,Elk (Wapiti),Mammalia,yellowstone,44.564119,-110.374398,2026-08-20
Cervus canadensis,Elk (Wapiti),Mammalia,yellowstone,44.978403,-110.697421,2026-08-12
Cervus canadensis,Elk (Wapiti),Mammalia,yellowstone,44.61016,-110.403947,2026-08-06
Cervus canadensis,Elk (Wapiti),Mammalia,yellowstone,44.581581,-110.658919,2026-08-16
Cervus canadensis,Elk (Wapiti),Mammalia,yellowstone,44.53447,-110.435478,2026-08-08
Cervus canadensis,Elk (Wapiti),Mammalia,yellowstone,44.690402,-110.501255,2026-08-04
Cervus canadensis,Elk (Wapiti),Mammalia,yellowstone,44.590677,-110.816187,2026-08-05
Cervus canadensis,Elk (Wapiti),Mammalia,yellowstone,44.579567,-110.379937,2026-08-22
Cervus canadensis,Elk (Wapiti),Mammalia,yellowstone,45.026599,-110.704925,2026-08-20
Cervus canadensis,Elk (Wapiti),Mammalia,yellowstone,44.648302,-110.940951,2026-08-12
Cervus canadensis,Elk (Wapiti),Mammalia,yellowstone,44.655198,-110.769696,2026-08-23
Cervus canadensis,Elk (Wapiti),Mammalia,yellowstone,44.661321,-110.961977,2026-08-24
Cervus canadensis,Elk (Wapiti),Mammalia,yellowstone,44.726303,-110.493822,2026-08-25
Cervus canadensis,Elk (Wapiti),Mammalia,yellowstone,44.66144,-110.962222,2026-08-24
Cervus canadensis,Elk (Wapiti),Mammalia,yellowstone,44.976812,-110.699705,2026-08-30
Cervus canadensis,Elk (Wapiti),Mammalia,yellowstone,44.388756,-110.568004,2026-08-25
Cervus canadensis,Elk (Wapiti),Mammalia,yellowstone,44.649593,-110.950518,2026-08-25
Cervus canadensis,Elk (Wapiti),Mammalia,yellowstone,45.034736,-110.707817,2026-08-31
Cervus canadensis,Elk (Wapiti),Mammalia,yellowstone,44.63913,-110.859337,2026-08-31
Cervus canadensis,Elk (Wapiti),Mammalia,yellowstone,45.059372,-110.759933,2026-08-26
Cervus canadensis,Elk (Wapiti),Mammalia,yellowstone,44.965858,-110.7052,2026-08-25
Cervus canadensis,Elk (Wapiti),Mammalia,yellowstone,44.57333,-110.383567,2026-08-20
Cervus canadensis,Elk (Wapiti),Mammalia,yellowstone,44.662365,-110.963009,2026-08-27
Cervus canadensis,Elk (Wapiti),Mammalia,yellowstone,44.596414,-110.54711,2026-08-24
Cervus canadensis,Elk (Wapiti),Mammalia,yellowstone,44.96977,-110.702958,2026-08-21
Cervus canadensis,Elk (Wapiti),Mammalia,yellowstone,44.538539,-110.811504,2026-08-22
Cervus canadensis,Elk (Wapiti),Mammalia,yellowstone,44.558405,-110.396387,2026-08-31
Cervus canadensis,Elk (Wapiti),Mammalia,yellowstone,45.064114,-110.764922,2026-08-08
Cervus canadensis,Elk (Wapiti),Mammalia,yellowstone,44.558097,-110.396745,2026-08-31
Cervus canadensis,Elk (Wapiti),Mammalia,yellowstone,44.667552,-110.97148,2026-08-28
Cervus canadensis,Elk (Wapiti),Mammalia,yellowstone,44.56708,-110.389253,2026-08-31
Cervus canadensis,Elk (Wapiti),Mammalia,yellowstone,44.59435,-110.561249,2026-08-24
Cervus canadensis,Elk (Wapiti),Mammalia,yellowstone,44.562813,-110.392363,2026-08-21
Cervus canadensis,Elk (Wapiti),Mammalia,yellowstone,44.596148,-110.561249,2026-08-02
Cervus canadensis,Elk (Wapiti),Mammalia,yellowstone,44.649278,-110.9477,2026-08-26
Cervus canadensis,Elk (Wapiti),Mammalia,yellowstone,44.662375,-110.963027,2026-08-27
Cervus canadensis,Elk (Wapiti),Mammalia,yellowstone,44.647378,-110.851055,2026-08-17
Cervus canadensis,Elk (Wapiti),Mammalia,yellowstone,44.969772,-110.702814,2026-08-16
Cervus canadensis,Elk (Wapiti),Mammalia,yellowstone,44.553037,-110.396103,2026-08-03
Cervus canadensis,Elk (Wapiti),Mammalia,yellowstone,44.641388,-110.876792,2026-08-22
Cervus canadensis,Elk (Wapiti),Mammalia,yellowstone,44.97288,-110.698372,2026-08-28
Cervus canadensis,Elk (Wapiti),Mammalia,yellowstone,44.550638,-110.398545,2026-08-03
Cervus canadensis,Elk (Wapiti),Mammalia,yellowstone,44.562938,-110.392365,2026-08-24
Cervus canadensis,Elk (Wapiti),Mammalia,yellowstone,44.967547,-110.701155,2026-08-28
Cervus canadensis,Elk (Wapiti),Mammalia,yellowstone,44.563768,-110.391626,2026-08-25
Cervus canadensis,Elk (Wapiti),Mammalia,yellowstone,44.660625,-111.102067,2026-08-30
Cervus canadensis,Elk (Wapiti),Mammalia,yellowstone,44.558147,-110.396705,2026-08-26
Cervus canadensis,Elk (Wapiti),Mammalia,yellowstone,44.668279,-110.469872,2026-08-25
Cervus canadensis,Elk (Wapiti),Mammalia,yellowstone,44.596414,-110.54711,2026-08-23
Cervus canadensis,Elk (Wapiti),Mammalia,yellowstone,44.728987,-110.4757,2026-08-26
Cervus canadensis,Elk (Wapiti),Mammalia,yellowstone,44.97721,-110.699965,2026-09-03
Cervus canadensis,Elk (Wapiti),Mammalia,yellowstone,44.975658,-110.703177,2026-09-05
Cervus canadensis,Elk (Wapiti),Mammalia,yellowstone,44.977934,-110.699024,2026-09-03
Cervus canadensis,Elk (Wapiti),Mammalia,yellowstone,44.580547,-110.414357,2026-09-03
Cervus canadensis,Elk (Wapiti),Mammalia,yellowstone,44.634838,-110.447992,2026-09-05
Cervus canadensis,Elk (Wapiti),Mammalia,yellowstone,44.966342,-110.701217,2025-01-02
Cervus canadensis,Elk (Wapiti),Mammalia,yellowstone,44.966131,-110.70185,2025-01-02
Cervus canadensis,Elk (Wapiti),Mammalia,yellowstone,44.987457,-110.699069,2025-01-13
Cervus canadensis,Elk (Wapiti),Mammalia,yellowstone,44.966397,-110.701514,2025-01-14
Cervus canadensis,Elk (Wapiti),Mammalia,yellowstone,44.964868,-110.446714,2025-01-30
Cervus canadensis,Elk (Wapiti),Mammalia,yellowstone,44.956946,-110.597353,2025-01-31
Cervus canadensis,Elk (Wapiti),Mammalia,yellowstone,45.010276,-110.70053,2025-01-31
Cervus canadensis,Elk (Wapiti),Mammalia,yellowstone,45.010482,-110.700424,2025-01-31
Cervus canadensis,Elk (Wapiti),Mammalia,yellowstone,45.010553,-110.700096,2025-01-31
Cervus canadensis,Elk (Wapiti),Mammalia,yellowstone,45.010406,-110.700418,2025-01-31
Cervus canadensis,Elk (Wapiti),Mammalia,yellowstone,44.959326,-110.606004,2025-01-30
Cervus canadensis,Elk (Wapiti),Mammalia,yellowstone,44.965196,-110.566369,2025-01-27
Cervus canadensis,Elk (Wapiti),Mammalia,yellowstone,44.968789,-110.702873,2025-01-19
Cervus canadensis,Elk (Wapiti),Mammalia,yellowstone,45.122353,-110.795547,2025-01-28
Cervus canadensis,Elk (Wapiti),Mammalia,yellowstone,44.949702,-110.591412,2025-02-02
Cervus canadensis,Elk (Wapiti),Mammalia,yellowstone,45.094892,-110.7846,2025-02-02
Cervus canadensis,Elk (Wapiti),Mammalia,yellowstone,44.986399,-110.46584,2025-02-04
Cervus canadensis,Elk (Wapiti),Mammalia,yellowstone,44.923524,-110.445513,2025-02-04
Cervus canadensis,Elk (Wapiti),Mammalia,yellowstone,44.980976,-110.698701,2025-02-03
Cervus canadensis,Elk (Wapiti),Mammalia,yellowstone,44.965139,-110.689583,2025-02-04
Cervus canadensis,Elk (Wapiti),Mammalia,yellowstone,44.597918,-110.561249,2025-02-18
Cervus canadensis,Elk (Wapiti),Mammalia,yellowstone,44.96142,-110.702103,2025-02-07
Cervus canadensis,Elk (Wapiti),Mammalia,yellowstone,45.035828,-110.70253,2025-03-12
Cervus canadensis,Elk (Wapiti),Mammalia,yellowstone,44.596414,-110.54711,2025-03-24
Cervus canadensis,Elk (Wapiti),Mammalia,yellowstone,44.976717,-110.700219,2025-04-10
Cervus canadensis,Elk (Wapiti),Mammalia,yellowstone,45.029667,-110.707612,2025-04-13
Cervus canadensis,Elk (Wapiti),Mammalia,yellowstone,45.035212,-110.71285,2025-04-23
Cervus canadensis,Elk (Wapiti),Mammalia,yellowstone,44.420871,-110.390681,2025-04-29
Cervus canadensis,Elk (Wapiti),Mammalia,yellowstone,44.976298,-110.70094,2025-04-11
Cervus canadensis,Elk (Wapiti),Mammalia,yellowstone,45.028596,-110.707793,2025-04-23
Cervus canadensis,Elk (Wapiti),Mammalia,yellowstone,44.525852,-110.481425,2025-04-06
Cervus canadensis,Elk (Wapiti),Mammalia,yellowstone,44.936716,-110.627259,2025-04-26
Cervus canadensis,Elk (Wapiti),Mammalia,yellowstone,44.734512,-110.510658,2025-05-09
