species,common_name,taxon_class,area_id,lat,lon,date
Loxodonta africana,African Elephant,Mammalia,kruger,-24.408846,31.357931,2026-01-03
Loxodonta africana,African Elephant,Mammalia,kruger,-24.614348,31.410418,2026-01-01
Loxodonta africana,African Elephant,Mammalia,kruger,-24.585607,31.239309,2026-01-03
Loxodonta africana,African Elephant,Mammalia,kruger,-24.644155,31.527908,2026-01-01
Loxodonta africana,African Elephant,Mammalia,kruger,-24.600364,31.57775,2026-01-01
Loxodonta africana,African Elephant,Mammalia,kruger,-24.087351,30.926374,2026-01-18
Loxodonta africana,African Elephant,Mammalia,kruger,-24.602815,31.875466,2026-01-05
Loxodonta africana,African Elephant,Mammalia,kruger,-24.264603,31.747173,2026-01-07
Loxodonta africana,African Elephant,Mammalia,kruger,-23.947404,31.17389,2026-01-30
Loxodonta africana,African Elephant,Mammalia,kruger,-24.537263,31.958405,2026-01-31
Loxodonta africana,African Elephant,Mammalia,kruger,-23.850576,31.401092,2026-01-24
Loxodonta africana,African Elephant,Mammalia,kruger,-23.917453,31.14999,2026-01-30
Loxodonta africana,African Elephant,Mammalia,kruger,-24.703987,31.91886,2026-01-28
Loxodonta africana,African Elephant,Mammalia,kruger,-24.70497,31.834283,2026-01-28
Loxodonta africana,African Elephant,Mammalia,kruger,-24.67718,31.848096,2026-01-30
Loxodonta africana,African Elephant,Mammalia,kruger,-24.109743,31.336499,2026-01-05
Loxodonta africana,African Elephant,Mammalia,kruger,-24.116082,31.265355,2026-01-07
Loxodonta africana,African Elephant,Mammalia,kruger,-24.041762,31.288734,2026-01-08
Loxodonta africana,African Elephant,Mammalia,kruger,-24.074235,31.284524,2026-01-08
Loxodonta africana,African Elephant,Mammalia,kruger,-24.036241,31.200478,2026-01-04
Loxodonta africana,African Elephant,Mammalia,kruger,-23.932051,31.44769,2026-02-13
Loxodonta africana,African Elephant,Mammalia,kruger,-24.435595,31.690487,2026-02-24
Loxodonta africana,African Elephant,Mammalia,kruger,-24.084041,30.805164,2026-02-26
Loxodonta africana,African Elephant,Mammalia,kruger,-24.429727,31.938521,2026-02-26
Loxodonta africana,African Elephant,Mammalia,kruger,-23.807419,31.548504,2026-02-16
Loxodonta africana,African Elephant,Mammalia,kruger,-23.838918,31.594858,2026-02-09
Loxodonta africana,African Elephant,Mammalia,kruger,-23.963503,31.475971,2026-02-14
Loxodonta africana,African Elephant,Mammalia,kruger,-23.962176,31.526463,2026-02-25
Loxodonta africana,African Elephant,Mammalia,kruger,-23.95501,31.408263,2026-02-16
Loxodonta africana,African Elephant,Mammalia,kruger,-23.924178,31.551862,2026-02-09
Loxodonta africana,African Elephant,Mammalia,kruger,-23.852855,31.502157,2026-02-11
Loxodonta africana,African Elephant,Mammalia,kruger,-23.809571,31.569941,2026-02-07
Loxodonta africana,African Elephant,Mammalia,kruger,-23.882093,31.486669,2026-02-10
Loxodonta africana,African Elephant,Mammalia,kruger,-23.902994,31.527171,2026-02-17
Loxodonta africana,African Elephant,Mammalia,kruger,-23.97546,31.587438,2026-02-11
Loxodonta africana,African Elephant,Mammalia,kruger,-24.430146,31.544094,2026-02-15
Loxodonta africana,African Elephant,Mammalia,kruger,-24.495246,31.466266,2026-03-15
Loxodonta africana,African Elephant,Mammalia,kruger,-24.379776,31.347256,2026-03-09
Loxodonta africana,African Elephant,Mammalia,kruger,-24.281995,30.721244,2026-03-09
Loxodonta africana,African Elephant,Mammalia,kruger,-23.966641,31.796416,2026-03-06
Loxodonta africana,African Elephant,Mammalia,kruger,-23.894395,31.742285,2026-03-06
Loxodonta africana,African Elephant,Mammalia,kruger,-24.192763,30.757337,2026-03-26
Loxodonta africana,African Elephant,Mammalia,kruger,-24.127801,31.607993,2026-03-30
Loxodonta africana,African Elephant,Mammalia,kruger,-23.844108,31.325295,2026-03-29
Loxodonta africana,African Elephant,Mammalia,kruger,-24.32442,30.831241,2026-03-19
Loxodonta africana,African Elephant,Mammalia,kruger,-24.412553,31.599485,2026-03-17
Loxodonta africana,African Elephant,Mammalia,kruger,-24.563942,31.406952,2026-03-17
Loxodonta africana,African Elephant,Mammalia,kruger,-24.433224,31.474466,2026-03-17
Loxodonta africana,African Elephant,Mammalia,kruger,-24.523689,31.49095,2026-03-17
Loxodonta africana,African Elephant,Mammalia,kruger,-24.55103,31.564378,2026-03-17
Loxodonta africana,African Elephant,Mammalia,kruger,-24.355312,30.89818,2026-03-16
Loxodonta africana,African Elephant,Mammalia,kruger,-24.453273,31.443877,2026-03-17
Loxodonta africana,African Elephant,Mammalia,kruger,-24.429985,31.734818,2026-03-04
Loxodonta africana,African Elephant,Mammalia,kruger,-24.369877,30.947239,2026-03-15
Loxodonta africana,African Elephant,Mammalia,kruger,-24.49754,31.596586,2026-03-17
Loxodonta africana,African Elephant,Mammalia,kruger,-24.271092,30.933895,2026-03-16
Loxodonta africana,African Elephant,Mammalia,kruger,-24.05299,30.879785,2026-03-27
Loxodonta africana,African Elephant,Mammalia,kruger,-24.295609,31.799514,2026-03-18
Loxodonta africana,African Elephant,Mammalia,kruger,-24.487071,31.5088,2026-03-18
Loxodonta africana,African Elephant,Mammalia,kruger,-24.311772,30.97249,2026-03-16
Loxodonta africana,African Elephant,Mammalia,kruger,-24.313426,31.412627,2026-03-18
Loxodonta africana,African Elephant,Mammalia,kruger,-24.446438,31.543984,2026-03-17
Loxodonta africana,African Elephant,Mammalia,kruger,-24.44113,31.456052,2026-03-17
Loxodonta africana,African Elephant,Mammalia,kruger,-24.563777,31.373685,2026-03-17
Loxodonta africana,African Elephant,Mammalia,kruger,-24.254005,31.446427,2026-03-18
Loxodonta africana,African Elephant,Mammalia,kruger,-24.268056,30.859375,2026-03-16
Loxodonta africana,African Elephant,Mammalia,kruger,-24.381199,30.894538,2026-03-19
Loxodonta africana,African Elephant,Mammalia,kruger,-24.424993,31.058531,2026-04-12
Loxodonta africana,African Elephant,Mammalia,kruger,-24.528135,31.17997,2026-04-12
Loxodonta africana,African Elephant,Mammalia,kruger,-23.830773,31.472485,2026-04-27
Loxodonta africana,African Elephant,Mammalia,kruger,-24.41957,31.087145,2026-04-23
Loxodonta africana,African Elephant,Mammalia,kruger,-24.405597,31.201764,2026-04-12
Loxodonta africana,African Elephant,Mammalia,kruger,-24.595638,31.67177,2026-04-12
Loxodonta africana,African Elephant,Mammalia,kruger,-24.03888,31.02462,2026-04-29
Loxodonta africana,African Elephant,Mammalia,kruger,-24.192185,31.187887,2026-04-29
Loxodonta africana,African Elephant,Mammalia,kruger,-24.690659,31.831835,2026-04-28
Loxodonta africana,African Elephant,Mammalia,kruger,-23.980078,31.464152,2026-04-17
Loxodonta africana,African Elephant,Mammalia,kruger,-23.897307,31.347764,2026-04-09
Loxodonta africana,African Elephant,Mammalia,kruger,-24.356231,31.660477,2026-04-26
Loxodonta africana,African Elephant,Mammalia,kruger,-24.259429,30.822267,2026-04-01
Loxodonta africana,African Elephant,Mammalia,kruger,-23.432085,31.5638,2026-05-02
Loxodonta africana,African Elephant,Mammalia,kruger,-24.462472,31.890151,2026-05-09
Loxodonta africana,African Elephant,Mammalia,kruger,-24.39549,31.648414,2026-05-10
Loxodonta africana,African Elephant,Mammalia,kruger,-23.944104,31.560904,2026-05-11
Loxodonta africana,African Elephant,Mammalia,kruger,-23.281678,31.290575,2026-05-21
Loxodonta africana,African Elephant,Mammalia,kruger,-24.334829,31.886533,2026-05-22
Loxodonta africana,African Elephant,Mammalia,kruger,-24.435943,31.222517,2026-05-20
Loxodonta africana,African Elephant,Mammalia,kruger,-24.503371,31.156574,2026-05-14
Loxodonta africana,African Elephant,Mammalia,kruger,-23.84802,31.407635,2026-05-15
Loxodonta africana,African Elephant,Mammalia,kruger,-23.59996,31.270751,2026-05-21
Loxodonta africana,African Elephant,Mammalia,kruger,-23.94187,31.515954,2026-05-13
Loxodonta africana,African Elephant,Mammalia,kruger,-24.362029,31.225489,2026-05-28
Loxodonta africana,African Elephant,Mammalia,kruger,-23.964881,31.405271,2026-05-11
Loxodonta africana,African Elephant,Mammalia,kruger,-24.208133,31.612865,2026-05-11
Loxodonta africana,African Elephant,Mammalia,kruger,-24.510175,31.282451,2026-05-28
Loxodonta africana,African Elephant,Mammalia,kruger,-24.580519,31.139629,2026-06-01
Loxodonta africana,African Elephant,Mammalia,kruger,-24.394881,31.2552,2026-06-11
Loxodonta africana,African Elephant,Mammalia,kruger,-24.500279,31.576597,2026-06-14
Loxodonta africana,African Elephant,Mammalia,kruger,-23.770684,31.544424,2026-06-16
Loxodonta africana,African Elephant,Mammalia,kruger,-23.49211,31.564842,2026-06-17
Loxodonta africana,African Elephant,Mammalia,kruger,-24.312361,31.27676,2026-06-20
Loxodonta africana,African Elephant,Mammalia,kruger,-24.48327,31.674746,2026-06-20
Loxodonta africana,African Elephant,Mammalia,kruger,-23.931927,31.216555,2026-06-01
Loxodonta africana,African Elephant,Mammalia,kruger,-24.460932,31.310961,2026-06-10
Loxodonta africana,African Elephant,Mammalia,kruger,-23.598452,31.487831,2026-06-17
Loxodonta africana,African Elephant,Mammalia,kruger,-24.249721,31.656225,2026-06-18
Loxodonta africana,African Elephant,Mammalia,kruger,-23.596088,31.483107,2026-06-14
Loxodonta africana,African Elephant,Mammalia,kruger,-24.491614,31.65764,2026-06-17
Loxodonta africana,African Elephant,Mammalia,kruger,-24.281663,30.823636,2026-06-30
Loxodonta africana,African Elephant,Mammalia,kruger,-24.039035,31.21965,2026-06-29
Loxodonta africana,African Elephant,Mammalia,kruger,-24.1763,31.314614,2026-06-23
Loxodonta africana,African Elephant,Mammalia,kruger,-24.194104,31.316072,2026-06-29
Loxodonta africana,African Elephant,Mammalia,kruger,-23.829993,30.779778,2026-07-06
Loxodonta africana,African Elephant,Mammalia,kruger,-23.847418,31.267815,2026-07-25
Loxodonta africana,African Elephant,Mammalia,kruger,-23.950916,31.485399,2026-07-18
Loxodonta africana,African Elephant,Mammalia,kruger,-24.602823,31.856432,2026-07-22
Loxodonta africana,African Elephant,Mammalia,kruger,-23.885474,31.487128,2026-07-14
Loxodonta africana,African Elephant,Mammalia,kruger,-23.812307,31.551701,2026-07-14
Loxodonta africana,African Elephant,Mammalia,kruger,-23.986924,31.55448,2026-07-16
Loxodonta africana,African Elephant,Mammalia,kruger,-23.944399,31.478359,2026-07-14
Loxodonta africana,African Elephant,Mammalia,kruger,-24.062269,31.045337,2026-07-14
Loxodonta africana,African Elephant,Mammalia,kruger,-24.014165,30.786157,2026-07-30
Loxodonta africana,African Elephant,Mammalia,kruger,-24.681491,31.426488,2026-08-02
Loxodonta africana,African Elephant,Mammalia,kruger,-24.252314,31.769723,2026-08-04
Loxodonta africana,African Elephant,Mammalia,kruger,-24.381463,30.815231,2026-08-20
Loxodonta africana,African Elephant,Mammalia,kruger,-23.928959,31.43746,2026-08-11
Loxodonta africana,African Elephant,Mammalia,kruger,-24.265727,30.945379,2026-08-24
Loxodonta africana,African Elephant,Mammalia,kruger,-23.541677,31.539693,2026-08-08
Loxodonta africana,African Elephant,Mammalia,kruger,-24.019875,31.367477,2026-08-04
Loxodonta africana,African Elephant,Mammalia,kruger,-24.352795,31.265406,2026-08-06
Loxodonta africana,African Elephant,Mammalia,kruger,-23.919566,31.55811,2026-08-13
Loxodonta africana,African Elephant,Mammalia,kruger,-23.833158,31.75708,2026-08-10
Loxodonta africana,African Elephant,Mammalia,kruger,-24.060331,30.824543,2026-08-12
Loxodonta africana,African Elephant,Mammalia,kruger,-23.571958,31.408316,2026-08-08
Loxodonta africana,African Elephant,Mammalia,kruger,-24.363395,31.231942,2026-08-04
Loxodonta africana,African Elephant,Mammalia,kruger,-23.984946,31.41831,2026-08-11
Loxodonta africana,African Elephant,Mammalia,kruger,-23.809529,31.665733,2026-08-16
Loxodonta africana,African Elephant,Mammalia,kruger,-23.959375,31.536131,2026-08-13
Loxodonta africana,African Elephant,Mammalia,kruger,-23.923906,31.6675,2026-08-10
Loxodonta africana,African Elephant,Mammalia,kruger,-23.930459,31.490853,2026-08-17
Loxodonta africana,African Elephant,Mammalia,kruger,-24.507598,31.406107,2026-08-02
Loxodonta africana,African Elephant,Mammalia,kruger,-24.062879,31.683504,2026-08-10
Loxodonta africana,African Elephant,Mammalia,kruger,-24.049501,31.101941,2026-08-15
Loxodonta africana,African Elephant,Mammalia,kruger,-23.903793,31.477966,2026-08-13
Loxodonta africana,African Elephant,Mammalia,kruger,-24.398161,30.854659,2026-08-11
Loxodonta africana,African Elephant,Mammalia,kruger,-24.076976,31.761693,2026-08-10
Loxodonta africana,African Elephant,Mammalia,kruger,-24.253808,31.293798,2026-08-06
Loxodonta africana,African Elephant,Mammalia,kruger,-23.877583,31.513059,2026-08-11
Loxodonta africana,African Elephant,Mammalia,kruger,-23.988502,31.467187,2026-08-09
Loxodonta africana,African Elephant,Mammalia,kruger,-23.863748,31.527911,2026-08-29
Loxodonta africana,African Elephant,Mammalia,kruger,-24.302965,31.297868,2026-08-07
Loxodonta africana,African Elephant,Mammalia,kruger,-24.147191,30.746842,2026-08-22
Loxodonta africana,African Elephant,Mammalia,kruger,-24.104733,30.852312,2025-01-01
Loxodonta africana,African Elephant,Mammalia,kruger,-24.439366,31.878459,2025-01-03
Loxodonta africana,African Elephant,Mammalia,kruger,-24.165196,30.943458,2025-01-06
Loxodonta africana,African Elephant,Mammalia,kruger,-24.402088,31.226707,2025-01-07
Loxodonta africana,African Elephant,Mammalia,kruger,-24.248936,31.778074,2025-01-10
Loxodonta africana,African Elephant,Mammalia,kruger,-24.239037,30.828841,2025-01-10
Loxodonta africana,African Elephant,Mammalia,kruger,-24.279299,30.937258,2025-01-09
Loxodonta africana,African Elephant,Mammalia,kruger,-24.214671,30.943901,2025-01-09
Loxodonta africana,African Elephant,Mammalia,kruger,-24.243984,30.933632,2025-01-10
Loxodonta africana,African Elephant,Mammalia,kruger,-24.495348,31.961196,2025-01-14
Loxodonta africana,African Elephant,Mammalia,kruger,-24.52066,31.571921,2025-01-11
Loxodonta africana,African Elephant,Mammalia,kruger,-24.290064,30.813389,2025-01-09
Loxodonta africana,African Elephant,Mammalia,kruger,-24.113625,30.933274,2025-01-10
Loxodonta africana,African Elephant,Mammalia,kruger,-24.383564,31.770772,2025-01-11
Loxodonta africana,African Elephant,Mammalia,kruger,-24.178436,30.849915,2025-01-02
Loxodonta africana,African Elephant,Mammalia,kruger,-24.221423,31.740812,2025-01-11
Loxodonta africana,African Elephant,Mammalia,kruger,-24.447384,31.455009,2025-01-11
Loxodonta africana,African Elephant,Mammalia,kruger,-24.303816,31.743883,2025-01-11
Loxodonta africana,African Elephant,Mammalia,kruger,-24.597681,31.509583,2025-01-12
Loxodonta africana,African Elephant,Mammalia,kruger,-24.350663,31.66289,2025-01-12
Loxodonta africana,African Elephant,Mammalia,kruger,-24.265936,31.739726,2025-01-11
Loxodonta africana,African Elephant,Mammalia,kruger,-24.211272,31.895338,2025-01-12
Loxodonta africana,African Elephant,Mammalia,kruger,-24.331394,31.884814,2025-01-12
Loxodonta africana,African Elephant,Mammalia,kruger,-24.379933,31.630591,2025-01-16
Loxodonta africana,African Elephant,Mammalia,kruger,-24.281138,31.674995,2025-01-16
Loxodonta africana,African Elephant,Mammalia,kruger,-24.228314,31.635392,2025-01-12
Loxodonta africana,African Elephant,Mammalia,kruger,-23.93564,31.514486,2025-01-30
Loxodonta africana,African Elephant,Mammalia,kruger,-23.598823,31.564639,2025-01-18
Loxodonta africana,African Elephant,Mammalia,kruger,-23.568236,31.595751,2025-01-18
Loxodonta africana,African Elephant,Mammalia,kruger,-24.422859,31.719905,2025-01-13
Loxodonta africana,African Elephant,Mammalia,kruger,-24.256642,31.646722,2025-01-13
Loxodonta africana,African Elephant,Mammalia,kruger,-24.524826,31.814618,2025-01-13
Loxodonta africana,African Elephant,Mammalia,kruger,-24.43125,31.659841,2025-01-13
Loxodonta africana,African Elephant,Mammalia,kruger,-24.343786,31.637029,2025-01-29
Loxodonta africana,African Elephant,Mammalia,kruger,-24.470723,31.515893,2025-01-13
Loxodonta africana,African Elephant,Mammalia,kruger,-24.083101,31.75331,2025-01-14
Loxodonta africana,African Elephant,Mammalia,kruger,-24.169811,31.761922,2025-01-14
Loxodonta africana,African Elephant,Mammalia,kruger,-24.309787,31.781819,2025-01-14
Loxodonta africana,African Elephant,Mammalia,kruger,-24.38946,31.75541,2025-01-14
Loxodonta africana,African Elephant,Mammalia,kruger,-23.739976,31.512362,2025-01-14
Loxodonta africana,African Elephant,Mammalia,kruger,-24.335023,31.614965,2025-01-13
Loxodonta africana,African Elephant,Mammalia,kruger,-24.227797,31.776565,2025-01-29
Loxodonta africana,African Elephant,Mammalia,kruger,-24.368419,31.793344,2025-01-14
Loxodonta africana,African Elephant,Mammalia,kruger,-24.22233,31.722711,2025-01-15
Loxodonta africana,African Elephant,Mammalia,kruger,-24.532248,31.936923,2025-01-14
Loxodonta africana,African Elephant,Mammalia,kruger,-24.227939,31.620581,2025-01-14
Loxodonta africana,African Elephant,Mammalia,kruger,-24.12396,31.788093,2025-01-14
Loxodonta africana,African Elephant,Mammalia,kruger,-24.57379,31.996349,2025-01-14
Loxodonta africana,African Elephant,Mammalia,kruger,-24.443478,31.882987,2025-01-15
Loxodonta africana,African Elephant,Mammalia,kruger,-24.389723,31.732637,2025-01-15
Loxodonta africana,African Elephant,Mammalia,kruger,-24.598823,31.863038,2025-01-15
Loxodonta africana,African Elephant,Mammalia,kruger,-24.235545,31.955157,2025-01-15
Loxodonta africana,African Elephant,Mammalia,kruger,-23.78713,31.519515,2025-01-05
Loxodonta africana,African Elephant,Mammalia,kruger,-23.867415,31.742747,2025-01-09
Loxodonta africana,African Elephant,Mammalia,kruger,-23.904747,31.424504,2025-01-09
Loxodonta africana,African Elephant,Mammalia,kruger,-24.436122,31.565712,2025-01-09
Loxodonta africana,African Elephant,Mammalia,kruger,-23.544757,31.330561,2025-02-04
Loxodonta africana,African Elephant,Mammalia,kruger,-23.90769,31.565712,2025-02-02
Loxodonta africana,African Elephant,Mammalia,kruger,-24.315877,31.055985,2025-02-03
Loxodonta africana,African Elephant,Mammalia,kruger,-23.408507,31.460698,2025-02-04
Loxodonta africana,African Elephant,Mammalia,kruger,-23.905733,31.478767,2025-02-15
Loxodonta africana,African Elephant,Mammalia,kruger,-23.88667,31.413253,2025-02-15
Loxodonta africana,African Elephant,Mammalia,kruger,-23.975124,31.486646,2025-02-02
Loxodonta africana,African Elephant,Mammalia,kruger,-23.971885,31.404366,2025-02-03
Loxodonta africana,African Elephant,Mammalia,kruger,-24.33265,31.636239,2025-02-18
Loxodonta africana,African Elephant,Mammalia,kruger,-24.359297,31.053042,2025-02-18
Loxodonta africana,African Elephant,Mammalia,kruger,-24.654542,31.944704,2025-02-24
Loxodonta africana,African Elephant,Mammalia,kruger,-24.545285,31.863785,2025-02-27
Loxodonta africana,African Elephant,Mammalia,kruger,-24.263082,31.419359,2025-02-28
Loxodonta africana,African Elephant,Mammalia,kruger,-24.218414,31.451959,2025-02-28
Loxodonta africana,African Elephant,Mammalia,kruger,-23.874449,31.669348,2025-02-09
Loxodonta africana,African Elephant,Mammalia,kruger,-23.83732,31.48988,2025-02-11
Loxodonta africana,African Elephant,Mammalia,kruger,-24.267335,31.72263,2025-03-05
Loxodonta africana,African Elephant,Mammalia,kruger,-24.19443,31.483012,2025-03-03
Loxodonta africana,African Elephant,Mammalia,kruger,-24.383448,31.756745,2025-03-23
Loxodonta africana,African Elephant,Mammalia,kruger,-23.89194,31.402578,2025-03-14
Loxodonta africana,African Elephant,Mammalia,kruger,-24.443968,31.580266,2025-03-16
Loxodonta africana,African Elephant,Mammalia,kruger,-23.547973,31.428441,2025-03-30
Loxodonta africana,African Elephant,Mammalia,kruger,-24.676773,31.855416,2025-03-27
Loxodonta africana,African Elephant,Mammalia,kruger,-23.392555,31.368378,2025-03-26
Loxodonta africana,African Elephant,Mammalia,kruger,-23.908835,31.763129,2025-03-26
Loxodonta africana,African Elephant,Mammalia,kruger,-23.829516,31.455544,2025-03-27
Loxodonta africana,African Elephant,Mammalia,kruger,-24.089937,31.74764,2025-03-27
Loxodonta africana,African Elephant,Mammalia,kruger,-24.156693,31.705375,2025-03-28
Loxodonta africana,African Elephant,Mammalia,kruger,-23.963273,31.693639,2025-03-27
Loxodonta africana,African Elephant,Mammalia,kruger,-23.910145,31.489819,2025-03-28
Loxodonta africana,African Elephant,Mammalia,kruger,-24.519448,31.502373,2025-03-31
Loxodonta africana,African Elephant,Mammalia,kruger,-23.838882,31.474434,2025-03-28
Loxodonta africana,African Elephant,Mammalia,kruger,-24.50218,31.50878,2025-03-29
Loxodonta africana,African Elephant,Mammalia,kruger,-24.101718,31.790019,2025-03-28
Loxodonta africana,African Elephant,Mammalia,kruger,-24.406043,31.475795,2025-03-30
Loxodonta africana,African Elephant,Mammalia,kruger,-23.900933,31.496832,2025-03-27
Loxodonta africana,African Elephant,Mammalia,kruger,-23.835012,31.482575,2025-03-28
Loxodonta africana,African Elephant,Mammalia,kruger,-24.063519,31.617417,2025-03-16
Loxodonta africana,African Elephant,Mammalia,kruger,-24.25553,31.627229,2025-03-01
Loxodonta africana,African Elephant,Mammalia,kruger,-24.530733,31.70489,2025-03-01
Loxodonta africana,African Elephant,Mammalia,kruger,-23.682878,31.59057,2025-03-04
Loxodonta africana,African Elephant,Mammalia,kruger,-23.870715,31.591268,2025-03-04
Loxodonta africana,African Elephant,Mammalia,kruger,-23.844418,31.609064,2025-03-19
Loxodonta africana,African Elephant,Mammalia,kruger,-23.420845,31.48054,2025-03-05
Loxodonta africana,African Elephant,Mammalia,kruger,-23.580993,31.532538,2025-03-05
Loxodonta africana,African Elephant,Mammalia,kruger,-23.42637,31.422924,2025-03-05
Loxodonta africana,African Elephant,Mammalia,kruger,-23.599774,31.400882,2025-03-05
Loxodonta africana,African Elephant,Mammalia,kruger,-23.502662,31.403984,2025-03-06
Loxodonta africana,African Elephant,Mammalia,kruger,-23.566488,31.420826,2025-03-07
Loxodonta africana,African Elephant,Mammalia,kruger,-23.54353,31.450398,2025-03-07
Loxodonta africana,African Elephant,Mammalia,kruger,-23.980115,31.54667,2025-03-16
Loxodonta africana,African Elephant,Mammalia,kruger,-23.919914,31.429244,2025-03-16
Loxodonta africana,African Elephant,Mammalia,kruger,-23.936408,31.453031,2025-03-16
Loxodonta africana,African Elephant,Mammalia,kruger,-24.308861,31.37527,2025-04-02
Loxodonta africana,African Elephant,Mammalia,kruger,-24.004934,31.161298,2025-04-18
Loxodonta africana,African Elephant,Mammalia,kruger,-23.779313,31.516043,2025-04-19
Loxodonta africana,African Elephant,Mammalia,kruger,-24.22362,31.633999,2025-04-07
Loxodonta africana,African Elephant,Mammalia,kruger,-23.88079,31.598191,2025-04-08
Loxodonta africana,African Elephant,Mammalia,kruger,-24.652806,31.810289,2025-04-20
Loxodonta africana,African Elephant,Mammalia,kruger,-23.843923,31.545334,2025-04-11
Loxodonta africana,African Elephant,Mammalia,kruger,-24.416548,31.084526,2025-04-25
Loxodonta africana,African Elephant,Mammalia,kruger,-23.985635,31.552598,2025-04-23
Loxodonta africana,African Elephant,Mammalia,kruger,-24.253324,31.037421,2025-04-25
Loxodonta africana,African Elephant,Mammalia,kruger,-24.41141,31.007566,2025-04-25
Loxodonta africana,African Elephant,Mammalia,kruger,-24.514444,31.073596,2025-04-25
Loxodonta africana,African Elephant,Mammalia,kruger,-24.510199,31.11251,2025-04-25
Loxodonta africana,African Elephant,Mammalia,kruger,-24.228705,31.220457,2025-04-25
Loxodonta africana,African Elephant,Mammalia,kruger,-24.027882,30.859562,2025-04-27
Loxodonta africana,African Elephant,Mammalia,kruger,-24.232718,31.121513,2025-04-27
Loxodonta africana,African Elephant,Mammalia,kruger,-24.718226,31.187917,2025-04-25
Loxodonta africana,African Elephant,Mammalia,kruger,-23.670318,31.132689,2025-04-25
Loxodonta africana,African Elephant,Mammalia,kruger,-24.441426,31.665077,2025-04-01
Loxodonta africana,African Elephant,Mammalia,kruger,-24.41289,31.963776,2025-04-01
Loxodonta africana,African Elephant,Mammalia,kruger,-24.467579,31.120963,2025-04-01
Loxodonta africana,African Elephant,Mammalia,kruger,-24.497181,31.461726,2025-04-20
Loxodonta africana,African Elephant,Mammalia,kruger,-24.358455,31.673256,2025-04-20
Loxodonta africana,African Elephant,Mammalia,kruger,-24.530486,31.488781,2025-04-20
Loxodonta africana,African Elephant,Mammalia,kruger,-24.508799,31.470054,2025-04-12
Loxodonta africana,African Elephant,Mammalia,kruger,-24.570801,31.535574,2025-05-05
Loxodonta africana,African Elephant,Mammalia,kruger,-24.583051,31.809618,2025-05-26
Loxodonta africana,African Elephant,Mammalia,kruger,-23.838312,31.412338,2025-05-12
Loxodonta africana,African Elephant,Mammalia,kruger,-23.927446,31.52038,2025-05-14
Loxodonta africana,African Elephant,Mammalia,kruger,-24.38415,31.226867,2025-05-18
Loxodonta africana,African Elephant,Mammalia,kruger,-24.113444,30.744852,2025-05-16
Loxodonta africana,African Elephant,Mammalia,kruger,-24.436133,31.896584,2025-05-20
Loxodonta africana,African Elephant,Mammalia,kruger,-23.90523,31.440698,2025-05-31
Loxodonta africana,African Elephant,Mammalia,kruger,-24.399936,31.689715,2025-05-26
Loxodonta africana,African Elephant,Mammalia,kruger,-23.79654,31.582253,2025-05-28
Loxodonta africana,African Elephant,Mammalia,kruger,-23.554855,31.395189,2025-05-28
Loxodonta africana,African Elephant,Mammalia,kruger,-23.794747,31.5098,2025-05-27
Loxodonta africana,African Elephant,Mammalia,kruger,-24.005322,31.721529,2025-05-26
Loxodonta africana,African Elephant,Mammalia,kruger,-24.187021,31.602032,2025-05-26
Loxodonta africana,African Elephant,Mammalia,kruger,-24.062269,31.703529,2025-05-26
Loxodonta africana,African Elephant,Mammalia,kruger,-23.71729,31.4414,2025-05-27
Loxodonta africana,African Elephant,Mammalia,kruger,-23.848763,31.772183,2025-05-25
Loxodonta africana,African Elephant,Mammalia,kruger,-24.420244,31.570873,2025-05-09
Loxodonta africana,African Elephant,Mammalia,kruger,-24.566848,31.586186,2025-05-10
Loxodonta africana,African Elephant,Mammalia,kruger,-24.701124,31.423356,2025-05-24
Loxodonta africana,African Elephant,Mammalia,kruger,-24.323089,30.813459,2025-06-06
Loxodonta africana,African Elephant,Mammalia,kruger,-24.595558,31.84794,2025-06-07
Loxodonta africana,African Elephant,Mammalia,kruger,-23.938552,31.415954,2025-06-21
Loxodonta africana,African Elephant,Mammalia,kruger,-24.298867,31.288547,2025-06-26
Loxodonta africana,African Elephant,Mammalia,kruger,-23.957744,31.581419,2025-06-30
Loxodonta africana,African Elephant,Mammalia,kruger,-24.267828,31.493037,2025-06-30
Loxodonta africana,African Elephant,Mammalia,kruger,-24.357591,31.421588,2025-06-28
Loxodonta africana,African Elephant,Mammalia,kruger,-24.251007,31.547276,2025-06-27
Loxodonta africana,African Elephant,Mammalia,kruger,-24.489933,31.494076,2025-06-23
Loxodonta africana,African Elephant,Mammalia,kruger,-24.421547,31.532635,2025-06-24
Loxodonta africana,African Elephant,Mammalia,kruger,-24.586134,31.429749,2025-06-21
Loxodonta africana,African Elephant,Mammalia,kruger,-24.573081,31.478684,2025-06-21
Loxodonta africana,African Elephant,Mammalia,kruger,-24.272629,31.241748,2025-06-22
Loxodonta africana,African Elephant,Mammalia,kruger,-23.650074,31.378729,2025-06-26
Loxodonta africana,African Elephant,Mammalia,kruger,-23.854776,31.495893,2025-06-10
Loxodonta africana,African Elephant,Mammalia,kruger,-24.257132,31.013169,2025-07-03
Loxodonta africana,African Elephant,Mammalia,kruger,-24.398114,31.13959,2025-07-01
Loxodonta africana,African Elephant,Mammalia,kruger,-23.64453,31.500823,2025-07-06
Loxodonta africana,African Elephant,Mammalia,kruger,-23.940661,31.719742,2025-07-06
Loxodonta africana,African Elephant,Mammalia,kruger,-23.677101,31.449025,2025-07-06
Loxodonta africana,African Elephant,Mammalia,kruger,-23.939343,31.24667,2025-07-10
Loxodonta africana,African Elephant,Mammalia,kruger,-23.696894,31.51311,2025-07-06
Loxodonta africana,African Elephant,Mammalia,kruger,-24.344537,31.779182,2025-07-07
Loxodonta africana,African Elephant,Mammalia,kruger,-23.841991,31.421566,2025-07-06
Loxodonta africana,African Elephant,Mammalia,kruger,-24.33197,30.913414,2025-07-11
Loxodonta africana,African Elephant,Mammalia,kruger,-24.1914,30.997307,2025-07-08
Loxodonta africana,African Elephant,Mammalia,kruger,-24.032817,30.813734,2025-07-08
Loxodonta africana,African Elephant,Mammalia,kruger,-24.099184,30.806816,2025-07-08
Loxodonta africana,African Elephant,Mammalia,kruger,-24.19956,30.922053,2025-07-09
Loxodonta africana,African Elephant,Mammalia,kruger,-24.214213,30.887637,2025-07-07
Loxodonta africana,African Elephant,Mammalia,kruger,-24.007092,30.991997,2025-07-09
Loxodonta africana,African Elephant,Mammalia,kruger,-24.033292,30.872281,2025-07-09
Loxodonta africana,African Elephant,Mammalia,kruger,-24.180118,30.82376,2025-07-12
Loxodonta africana,African Elephant,Mammalia,kruger,-24.037548,30.907567,2025-07-08
Loxodonta africana,African Elephant,Mammalia,kruger,-24.058521,30.97468,2025-07-12
Loxodonta africana,African Elephant,Mammalia,kruger,-24.120267,31.726566,2025-07-28
Loxodonta africana,African Elephant,Mammalia,kruger,-24.080205,30.877175,2025-07-08
Loxodonta africana,African Elephant,Mammalia,kruger,-24.056579,30.933138,2025-07-12
Loxodonta africana,African Elephant,Mammalia,kruger,-24.038143,30.8773,2025-07-09
Loxodonta africana,African Elephant,Mammalia,kruger,-24.091363,31.821533,2025-07-11
Loxodonta africana,African Elephant,Mammalia,kruger,-24.071491,30.815803,2025-07-09
Loxodonta africana,African Elephant,Mammalia,kruger,-24.17034,30.994959,2025-07-08
Loxodonta africana,African Elephant,Mammalia,kruger,-24.03682,30.863739,2025-07-09
Loxodonta africana,African Elephant,Mammalia,kruger,-24.152043,30.849658,2025-07-08
Loxodonta africana,African Elephant,Mammalia,kruger,-24.13475,30.939008,2025-07-08
Loxodonta africana,African Elephant,Mammalia,kruger,-24.340211,30.888695,2025-07-07
Loxodonta africana,African Elephant,Mammalia,kruger,-24.114611,30.820261,2025-07-08
Loxodonta africana,African Elephant,Mammalia,kruger,-24.120272,30.903133,2025-07-12
Loxodonta africana,African Elephant,Mammalia,kruger,-24.099334,30.95724,2025-07-08
Loxodonta africana,African Elephant,Mammalia,kruger,-24.064152,30.862931,2025-07-09
Loxodonta africana,African Elephant,Mammalia,kruger,-24.224059,30.990575,2025-07-07
Loxodonta africana,African Elephant,Mammalia,kruger,-24.119273,30.836845,2025-07-09
Loxodonta africana,African Elephant,Mammalia,kruger,-24.186199,30.995182,2025-07-09
Loxodonta africana,African Elephant,Mammalia,kruger,-24.13595,30.998884,2025-07-09
Loxodonta africana,African Elephant,Mammalia,kruger,-24.363837,30.923508,2025-07-10
Loxodonta africana,African Elephant,Mammalia,kruger,-24.472021,31.433223,2025-07-05
Loxodonta africana,African Elephant,Mammalia,kruger,-24.174674,30.99046,2025-07-09
Loxodonta africana,African Elephant,Mammalia,kruger,-24.137667,30.94613,2025-07-09
Loxodonta africana,African Elephant,Mammalia,kruger,-24.186124,30.86582,2025-07-09
Loxodonta africana,African Elephant,Mammalia,kruger,-24.687417,31.76088,2025-07-05
Loxodonta africana,African Elephant,Mammalia,kruger,-24.091414,30.829555,2025-07-08
Loxodonta africana,African Elephant,Mammalia,kruger,-23.970767,31.533942,2025-07-02
Loxodonta africana,African Elephant,Mammalia,kruger,-24.467851,31.266868,2025-07-20
Loxodonta africana,African Elephant,Mammalia,kruger,-24.245546,30.950738,2025-07-17
Loxodonta africana,African Elephant,Mammalia,kruger,-24.573472,31.067868,2025-07-25
Loxodonta africana,African Elephant,Mammalia,kruger,-24.34287,30.869599,2025-07-24
Loxodonta africana,African Elephant,Mammalia,kruger,-24.240971,30.860452,2025-07-29
Loxodonta africana,African Elephant,Mammalia,kruger,-24.458827,31.223451,2025-07-20
Loxodonta africana,African Elephant,Mammalia,kruger,-24.579889,31.256715,2025-07-20
Loxodonta africana,African Elephant,Mammalia,kruger,-24.206259,31.766536,2025-07-19
Loxodonta africana,African Elephant,Mammalia,kruger,-24.663094,31.79222,2025-07-20
Loxodonta africana,African Elephant,Mammalia,kruger,-24.622588,31.729187,2025-07-20
Loxodonta africana,African Elephant,Mammalia,kruger,-24.266489,31.659869,2025-07-19
Loxodonta africana,African Elephant,Mammalia,kruger,-24.569888,31.108809,2025-07-25
Loxodonta africana,African Elephant,Mammalia,kruger,-24.033298,30.80293,2025-07-25
Loxodonta africana,African Elephant,Mammalia,kruger,-24.412795,31.155244,2025-07-25
Loxodonta africana,African Elephant,Mammalia,kruger,-24.225805,31.657642,2025-07-19
Loxodonta africana,African Elephant,Mammalia,kruger,-24.443849,31.285133,2025-07-20
Loxodonta africana,African Elephant,Mammalia,kruger,-24.717756,31.763256,2025-07-20
Loxodonta africana,African Elephant,Mammalia,kruger,-24.493169,31.580986,2025-07-20
Loxodonta africana,African Elephant,Mammalia,kruger,-24.26384,31.47078,2025-07-19
Loxodonta africana,African Elephant,Mammalia,kruger,-24.074493,30.945093,2025-07-15
Loxodonta africana,African Elephant,Mammalia,kruger,-24.253971,31.709916,2025-07-19
Loxodonta africana,African Elephant,Mammalia,kruger,-24.70233,31.622565,2025-07-20
Loxodonta africana,African Elephant,Mammalia,kruger,-24.497164,31.227125,2025-07-20
Loxodonta africana,African Elephant,Mammalia,kruger,-24.108995,30.949632,2025-07-25
Loxodonta africana,African Elephant,Mammalia,kruger,-24.2709,31.660069,2025-07-19
Loxodonta africana,African Elephant,Mammalia,kruger,-24.583985,31.158947,2025-07-25
Loxodonta africana,African Elephant,Mammalia,kruger,-24.540867,31.100401,2025-07-25
Loxodonta africana,African Elephant,Mammalia,kruger,-24.362626,31.732323,2025-07-20
Loxodonta africana,African Elephant,Mammalia,kruger,-24.640722,31.701039,2025-07-20
Loxodonta africana,African Elephant,Mammalia,kruger,-24.267914,31.603406,2025-07-19
Loxodonta africana,African Elephant,Mammalia,kruger,-24.405964,31.768643,2025-07-20
Loxodonta africana,African Elephant,Mammalia,kruger,-24.203051,31.778293,2025-07-19
Loxodonta africana,African Elephant,Mammalia,kruger,-23.838083,31.506499,2025-07-01
Loxodonta africana,African Elephant,Mammalia,kruger,-24.44306,31.015756,2025-07-25
Loxodonta africana,African Elephant,Mammalia,kruger,-24.453287,31.592769,2025-07-20
Loxodonta africana,African Elephant,Mammalia,kruger,-24.710728,31.610611,2025-07-20
Loxodonta africana,African Elephant,Mammalia,kruger,-24.400245,31.564115,2025-07-19
Loxodonta africana,African Elephant,Mammalia,kruger,-24.526708,31.443954,2025-07-20
Loxodonta africana,African Elephant,Mammalia,kruger,-24.453652,31.442012,2025-07-20
Loxodonta africana,African Elephant,Mammalia,kruger,-24.097347,30.968497,2025-07-25
Loxodonta africana,African Elephant,Mammalia,kruger,-24.543202,31.038113,2025-07-25
Loxodonta africana,African Elephant,Mammalia,kruger,-24.646756,31.697259,2025-07-20
Loxodonta africana,African Elephant,Mammalia,kruger,-24.69427,31.736712,2025-07-20
Loxodonta africana,African Elephant,Mammalia,kruger,-24.706637,31.638007,2025-07-20
Loxodonta africana,African Elephant,Mammalia,kruger,-24.146445,30.91725,2025-07-25
Loxodonta africana,African Elephant,Mammalia,kruger,-24.022492,30.961487,2025-07-15
Loxodonta africana,African Elephant,Mammalia,kruger,-24.315875,31.806629,2025-07-19
Loxodonta africana,African Elephant,Mammalia,kruger,-24.231639,30.869949,2025-07-02
Loxodonta africana,African Elephant,Mammalia,kruger,-24.322346,31.541476,2025-07-03
Loxodonta africana,African Elephant,Mammalia,kruger,-24.005186,31.643216,2025-07-24
Loxodonta africana,African Elephant,Mammalia,kruger,-23.726902,31.477055,2025-07-26
Loxodonta africana,African Elephant,Mammalia,kruger,-23.983927,31.547609,2025-07-28
Loxodonta africana,African Elephant,Mammalia,kruger,-23.947027,31.545706,2025-07-28
Loxodonta africana,African Elephant,Mammalia,kruger,-24.337741,30.857313,2025-07-19
Loxodonta africana,African Elephant,Mammalia,kruger,-24.388806,30.949623,2025-07-19
Loxodonta africana,African Elephant,Mammalia,kruger,-24.611554,31.957401,2025-07-30
Loxodonta africana,African Elephant,Mammalia,kruger,-24.676614,31.809777,2025-07-30
Loxodonta africana,African Elephant,Mammalia,kruger,-23.948413,31.572286,2025-07-09
Loxodonta africana,African Elephant,Mammalia,kruger,-23.949863,31.519086,2025-07-17
Loxodonta africana,African Elephant,Mammalia,kruger,-23.802285,31.461819,2025-07-13
Loxodonta africana,African Elephant,Mammalia,kruger,-23.831644,31.527792,2025-07-18
Loxodonta africana,African Elephant,Mammalia,kruger,-23.925901,31.542141,2025-07-10
Loxodonta africana,African Elephant,Mammalia,kruger,-23.983705,31.465698,2025-07-13
Loxodonta africana,African Elephant,Mammalia,kruger,-23.929746,31.545039,2025-07-09
Loxodonta africana,African Elephant,Mammalia,kruger,-23.886931,31.569515,2025-07-11
Loxodonta africana,African Elephant,Mammalia,kruger,-23.82815,31.545209,2025-07-12
Loxodonta africana,African Elephant,Mammalia,kruger,-23.92913,31.538064,2025-07-11
Loxodonta africana,African Elephant,Mammalia,kruger,-23.743094,31.234833,2025-08-05
Loxodonta africana,African Elephant,Mammalia,kruger,-23.300334,31.269948,2025-08-08
Loxodonta africana,African Elephant,Mammalia,kruger,-24.074088,31.711811,2025-08-01
Loxodonta africana,African Elephant,Mammalia,kruger,-23.346143,31.358919,2025-08-07
Loxodonta africana,African Elephant,Mammalia,kruger,-23.323205,31.290718,2025-08-06
Loxodonta africana,African Elephant,Mammalia,kruger,-24.030745,30.872901,2025-08-05
Loxodonta africana,African Elephant,Mammalia,kruger,-24.166581,31.528387,2025-08-13
Loxodonta africana,African Elephant,Mammalia,kruger,-23.352647,31.257376,2025-08-06
Loxodonta africana,African Elephant,Mammalia,kruger,-24.073789,31.622057,2025-08-08
Loxodonta africana,African Elephant,Mammalia,kruger,-24.030608,31.718249,2025-08-18
Loxodonta africana,African Elephant,Mammalia,kruger,-24.116182,31.70258,2025-08-11
Loxodonta africana,African Elephant,Mammalia,kruger,-24.154582,31.703852,2025-08-09
Loxodonta africana,African Elephant,Mammalia,kruger,-24.156155,31.7235,2025-08-10
Loxodonta africana,African Elephant,Mammalia,kruger,-24.686181,31.600787,2025-08-23
Loxodonta africana,African Elephant,Mammalia,kruger,-24.111446,31.794544,2025-08-12
Loxodonta africana,African Elephant,Mammalia,kruger,-24.170093,31.632572,2025-08-17
Loxodonta africana,African Elephant,Mammalia,kruger,-24.05954,31.602462,2025-08-12
Loxodonta africana,African Elephant,Mammalia,kruger,-24.098408,31.612465,2025-08-12
Loxodonta africana,African Elephant,Mammalia,kruger,-24.153882,31.771236,2025-08-12
Loxodonta africana,African Elephant,Mammalia,kruger,-24.055181,31.670571,2025-08-10
Loxodonta africana,African Elephant,Mammalia,kruger,-23.814371,31.45012,2025-08-18
Loxodonta africana,African Elephant,Mammalia,kruger,-24.355815,31.725445,2025-08-27
Loxodonta africana,African Elephant,Mammalia,kruger,-23.88338,30.868486,2025-08-25
Loxodonta africana,African Elephant,Mammalia,kruger,-24.573658,31.911751,2025-08-23
Loxodonta africana,African Elephant,Mammalia,kruger,-24.458834,31.885418,2025-08-24
Loxodonta africana,African Elephant,Mammalia,kruger,-23.805836,31.447949,2025-08-25
Loxodonta africana,African Elephant,Mammalia,kruger,-23.93206,31.42825,2025-08-31
Loxodonta africana,African Elephant,Mammalia,kruger,-24.560233,31.367746,2025-08-06
Loxodonta africana,African Elephant,Mammalia,kruger,-23.887416,31.509511,2025-08-10
Loxodonta africana,African Elephant,Mammalia,kruger,-24.643877,31.649946,2025-09-07
Loxodonta africana,African Elephant,Mammalia,kruger,-24.255143,31.654364,2025-09-08
Loxodonta africana,African Elephant,Mammalia,kruger,-24.211278,31.628928,2025-09-07
Loxodonta africana,African Elephant,Mammalia,kruger,-24.52711,31.82407,2025-09-08
Loxodonta africana,African Elephant,Mammalia,kruger,-24.554245,31.836702,2025-09-21
Loxodonta africana,African Elephant,Mammalia,kruger,-24.592682,31.570387,2025-09-14
Loxodonta africana,African Elephant,Mammalia,kruger,-24.275221,31.574647,2025-09-16
Loxodonta africana,African Elephant,Mammalia,kruger,-24.332376,31.920506,2025-09-29
Loxodonta africana,African Elephant,Mammalia,kruger,-24.372174,31.994217,2025-09-03
Loxodonta africana,African Elephant,Mammalia,kruger,-24.59598,31.815965,2025-09-03
Loxodonta africana,African Elephant,Mammalia,kruger,-23.577848,31.389049,2025-09-11
Loxodonta africana,African Elephant,Mammalia,kruger,-24.058534,31.611314,2025-09-01
Loxodonta africana,African Elephant,Mammalia,kruger,-24.259001,31.518348,2025-09-09
Loxodonta africana,African Elephant,Mammalia,kruger,-24.426318,31.618631,2025-09-09
Loxodonta africana,African Elephant,Mammalia,kruger,-23.933391,31.694885,2025-09-08
Loxodonta africana,African Elephant,Mammalia,kruger,-23.434258,31.545676,2025-09-17
Loxodonta africana,African Elephant,Mammalia,kruger,-23.905358,31.448105,2025-09-11
Loxodonta africana,African Elephant,Mammalia,kruger,-23.989681,31.511113,2025-09-26
Loxodonta africana,African Elephant,Mammalia,kruger,-23.991752,31.533456,2025-09-03
Loxodonta africana,African Elephant,Mammalia,kruger,-24.065626,31.736985,2025-09-05
Loxodonta africana,African Elephant,Mammalia,kruger,-24.476202,31.986709,2025-09-06
Loxodonta africana,African Elephant,Mammalia,kruger,-24.309605,31.734236,2025-09-04
Loxodonta africana,African Elephant,Mammalia,kruger,-24.342772,31.745116,2025-09-07
Loxodonta africana,African Elephant,Mammalia,kruger,-24.213062,30.933805,2025-10-06
Loxodonta africana,African Elephant,Mammalia,kruger,-23.381986,31.751756,2025-10-02
Loxodonta africana,African Elephant,Mammalia,kruger,-23.980823,31.565257,2025-10-04
Loxodonta africana,African Elephant,Mammalia,kruger,-24.634024,31.992961,2025-10-05
Loxodonta africana,African Elephant,Mammalia,kruger,-23.89102,30.760977,2025-10-02
Loxodonta africana,African Elephant,Mammalia,kruger,-24.519985,31.967695,2025-10-10
Loxodonta africana,African Elephant,Mammalia,kruger,-24.259351,31.974822,2025-10-15
Loxodonta africana,African Elephant,Mammalia,kruger,-23.90933,31.748145,2025-10-13
Loxodonta africana,African Elephant,Mammalia,kruger,-24.671917,31.273215,2025-10-04
Loxodonta africana,African Elephant,Mammalia,kruger,-24.617177,31.921953,2025-10-16
Loxodonta africana,African Elephant,Mammalia,kruger,-24.511543,31.621168,2025-10-18
Loxodonta africana,African Elephant,Mammalia,kruger,-24.434921,31.699129,2025-10-16
Loxodonta africana,African Elephant,Mammalia,kruger,-24.593409,31.584656,2025-10-15
Panthera leo,Lion,Mammalia,kruger,-24.615243,31.960007,2026-01-05
Panthera leo,Lion,Mammalia,kruger,-24.693746,31.548705,2026-01-01
Panthera leo,Lion,Mammalia,kruger,-24.344372,31.700056,2026-01-07
Panthera leo,Lion,Mammalia,kruger,-24.713502,31.510866,2026-01-07
Panthera leo,Lion,Mammalia,kruger,-24.255188,31.750039,2026-01-25
Panthera leo,Lion,Mammalia,kruger,-24.074809,31.768415,2026-01-15
Panthera leo,Lion,Mammalia,kruger,-24.343525,31.73293,2026-01-14
Panthera leo,Lion,Mammalia,kruger,-24.065825,30.897729,2026-01-19
Panthera leo,Lion,Mammalia,kruger,-24.054792,30.960459,2026-01-28
Panthera leo,Lion,Mammalia,kruger,-23.910464,31.475101,2026-01-23
Panthera leo,Lion,Mammalia,kruger,-24.025711,31.651736,2026-01-15
Panthera leo,Lion,Mammalia,kruger,-24.057818,31.36391,2026-01-06
Panthera leo,Lion,Mammalia,kruger,-24.170853,31.305571,2026-01-05
Panthera leo,Lion,Mammalia,kruger,-24.533601,31.536498,2026-02-21
Panthera leo,Lion,Mammalia,kruger,-23.84847,31.597931,2026-02-17
Panthera leo,Lion,Mammalia,kruger,-23.906683,31.488639,2026-02-16
Panthera leo,Lion,Mammalia,kruger,-23.997497,31.460525,2026-02-22
Panthera leo,Lion,Mammalia,kruger,-23.842221,31.587823,2026-02-12
Panthera leo,Lion,Mammalia,kruger,-23.850736,31.518218,2026-02-14
Panthera leo,Lion,Mammalia,kruger,-23.825177,31.477103,2026-02-15
Panthera leo,Lion,Mammalia,kruger,-24.517089,31.692044,2026-02-20
Panthera leo,Lion,Mammalia,kruger,-24.66608,31.933938,2026-03-05
Panthera leo,Lion,Mammalia,kruger,-24.273606,31.258866,2026-03-05
Panthera leo,Lion,Mammalia,kruger,-24.241915,31.653731,2026-03-31
Panthera leo,Lion,Mammalia,kruger,-24.037901,31.741742,2026-03-31
Panthera leo,Lion,Mammalia,kruger,-24.240223,31.471047,2026-03-18
Panthera leo,Lion,Mammalia,kruger,-24.266021,31.961498,2026-03-26
Panthera leo,Lion,Mammalia,kruger,-23.928261,31.557423,2026-03-15
Panthera leo,Lion,Mammalia,kruger,-24.255417,31.916469,2026-04-06
Panthera leo,Lion,Mammalia,kruger,-23.992573,31.589101,2026-04-07
Panthera leo,Lion,Mammalia,kruger,-24.123907,31.376162,2026-04-06
Panthera leo,Lion,Mammalia,kruger,-24.286473,31.783353,2026-04-04
Panthera leo,Lion,Mammalia,kruger,-23.800284,31.589786,2026-04-11
Panthera leo,Lion,Mammalia,kruger,-24.12399,31.606528,2026-04-06
Panthera leo,Lion,Mammalia,kruger,-24.148675,31.511268,2026-04-14
Panthera leo,Lion,Mammalia,kruger,-24.364708,31.329028,2026-04-24
Panthera leo,Lion,Mammalia,kruger,-24.033647,31.60519,2026-04-19
Panthera leo,Lion,Mammalia,kruger,-24.27858,31.316268,2026-04-25
Panthera leo,Lion,Mammalia,kruger,-24.571554,31.340852,2026-04-13
Panthera leo,Lion,Mammalia,kruger,-24.55859,31.538928,2026-04-12
Panthera leo,Lion,Mammalia,kruger,-24.596142,31.088508,2026-04-12
Panthera leo,Lion,Mammalia,kruger,-24.476328,31.317625,2026-04-29
Panthera leo,Lion,Mammalia,kruger,-24.016674,31.161538,2026-04-30
Panthera leo,Lion,Mammalia,kruger,-23.642755,31.955106,2026-04-28
Panthera leo,Lion,Mammalia,kruger,-23.916457,30.907339,2026-04-14
Panthera leo,Lion,Mammalia,kruger,-24.181094,31.277468,2026-04-30
Panthera leo,Lion,Mammalia,kruger,-24.187766,31.396666,2026-04-30
Panthera leo,Lion,Mammalia,kruger,-23.762429,31.535353,2026-04-14
Panthera leo,Lion,Mammalia,kruger,-24.422769,31.991774,2026-04-09
Panthera leo,Lion,Mammalia,kruger,-24.269992,30.971318,2026-04-02
Panthera leo,Lion,Mammalia,kruger,-23.856601,31.418012,2026-04-27
Panthera leo,Lion,Mammalia,kruger,-23.967024,31.470269,2026-05-04
Panthera leo,Lion,Mammalia,kruger,-24.260998,31.717725,2026-05-10
Panthera leo,Lion,Mammalia,kruger,-23.93489,31.542358,2026-05-15
Panthera leo,Lion,Mammalia,kruger,-23.891225,31.545298,2026-05-17
Panthera leo,Lion,Mammalia,kruger,-24.166116,31.679325,2026-05-19
Panthera leo,Lion,Mammalia,kruger,-24.413091,31.094107,2026-05-30
Panthera leo,Lion,Mammalia,kruger,-23.996805,31.572968,2026-05-18
Panthera leo,Lion,Mammalia,kruger,-23.955808,31.416833,2026-05-13
Panthera leo,Lion,Mammalia,kruger,-24.428665,31.098687,2026-05-30
Panthera leo,Lion,Mammalia,kruger,-23.954981,31.411798,2026-05-19
Panthera leo,Lion,Mammalia,kruger,-23.950146,31.292039,2026-05-24
Panthera leo,Lion,Mammalia,kruger,-24.579685,31.486857,2026-05-11
Panthera leo,Lion,Mammalia,kruger,-24.440072,31.337158,2026-05-28
Panthera leo,Lion,Mammalia,kruger,-24.602043,31.173519,2026-06-16
Panthera leo,Lion,Mammalia,kruger,-24.403793,31.928816,2026-06-21
Panthera leo,Lion,Mammalia,kruger,-23.824348,31.578586,2026-06-22
Panthera leo,Lion,Mammalia,kruger,-23.755886,31.402349,2026-06-18
Panthera leo,Lion,Mammalia,kruger,-24.519366,31.959725,2026-06-20
Panthera leo,Lion,Mammalia,kruger,-24.566696,31.5074,2026-06-14
Panthera leo,Lion,Mammalia,kruger,-24.101029,31.166986,2026-06-18
Panthera leo,Lion,Mammalia,kruger,-24.488093,31.753925,2026-06-17
Panthera leo,Lion,Mammalia,kruger,-23.649014,31.486279,2026-06-13
Panthera leo,Lion,Mammalia,kruger,-24.095134,31.660163,2026-06-24
Panthera leo,Lion,Mammalia,kruger,-23.711721,31.413488,2026-06-18
Panthera leo,Lion,Mammalia,kruger,-24.517312,31.493954,2026-06-17
Panthera leo,Lion,Mammalia,kruger,-23.628945,31.522306,2026-06-13
Panthera leo,Lion,Mammalia,kruger,-24.669497,31.734966,2026-06-12
Panthera leo,Lion,Mammalia,kruger,-24.572068,31.413262,2026-06-17
Panthera leo,Lion,Mammalia,kruger,-24.707669,31.255636,2026-06-26
Panthera leo,Lion,Mammalia,kruger,-24.269688,31.155108,2026-06-26
Panthera leo,Lion,Mammalia,kruger,-24.591194,31.287313,2026-06-20
Panthera leo,Lion,Mammalia,kruger,-24.258031,31.186654,2026-06-26
Panthera leo,Lion,Mammalia,kruger,-24.237307,31.1741,2026-06-26
Panthera leo,Lion,Mammalia,kruger,-24.418137,31.587721,2026-06-17
Panthera leo,Lion,Mammalia,kruger,-24.355278,31.184309,2026-06-27
Panthera leo,Lion,Mammalia,kruger,-24.493085,30.925056,2026-06-24
Panthera leo,Lion,Mammalia,kruger,-24.537667,31.493367,2026-07-06
Panthera leo,Lion,Mammalia,kruger,-23.863838,30.768443,2026-07-08
Panthera leo,Lion,Mammalia,kruger,-23.966807,31.793535,2026-07-09
Panthera leo,Lion,Mammalia,kruger,-24.564426,31.545374,2026-07-16
Panthera leo,Lion,Mammalia,kruger,-24.342922,31.672193,2026-07-16
Panthera leo,Lion,Mammalia,kruger,-24.155545,31.607241,2026-07-23
Panthera leo,Lion,Mammalia,kruger,-23.820824,31.566251,2026-07-23
Panthera leo,Lion,Mammalia,kruger,-23.89339,31.427369,2026-07-18
Panthera leo,Lion,Mammalia,kruger,-24.331607,31.639519,2026-07-23
Panthera leo,Lion,Mammalia,kruger,-24.51808,31.88308,2026-07-25
Panthera leo,Lion,Mammalia,kruger,-24.389424,31.067785,2026-07-04
Panthera leo,Lion,Mammalia,kruger,-24.057952,31.095423,2026-07-04
Panthera leo,Lion,Mammalia,kruger,-24.593745,31.124153,2026-07-30
Panthera leo,Lion,Mammalia,kruger,-23.993995,31.504012,2026-07-14
Panthera leo,Lion,Mammalia,kruger,-24.102925,30.775295,2026-07-29
Panthera leo,Lion,Mammalia,kruger,-24.161958,31.525385,2026-07-06
Panthera leo,Lion,Mammalia,kruger,-24.633227,31.514771,2026-08-01
Panthera leo,Lion,Mammalia,kruger,-24.628694,31.417658,2026-08-02
Panthera leo,Lion,Mammalia,kruger,-24.644105,31.439444,2026-08-01
Panthera leo,Lion,Mammalia,kruger,-24.279222,31.61297,2026-08-14
Panthera leo,Lion,Mammalia,kruger,-24.053226,31.625014,2026-08-05
Panthera leo,Lion,Mammalia,kruger,-24.08149,31.103036,2026-08-12
Panthera leo,Lion,Mammalia,kruger,-24.388048,31.369753,2026-08-06
Panthera leo,Lion,Mammalia,kruger,-24.454903,31.992016,2026-08-06
Panthera leo,Lion,Mammalia,kruger,-23.875919,31.406707,2026-08-20
Panthera leo,Lion,Mammalia,kruger,-24.385982,30.882424,2026-08-11
Panthera leo,Lion,Mammalia,kruger,-24.069177,31.075674,2026-08-12
Panthera leo,Lion,Mammalia,kruger,-24.099192,31.140393,2026-08-12
Panthera leo,Lion,Mammalia,kruger,-24.043116,31.024648,2026-08-12
Panthera leo,Lion,Mammalia,kruger,-24.496312,31.946283,2026-08-04
Panthera leo,Lion,Mammalia,kruger,-24.06447,31.710979,2026-08-05
Panthera leo,Lion,Mammalia,kruger,-23.9338,31.460102,2026-08-17
Panthera leo,Lion,Mammalia,kruger,-24.017811,31.049444,2026-08-31
Panthera leo,Lion,Mammalia,kruger,-23.925592,31.465034,2026-08-12
Panthera leo,Lion,Mammalia,kruger,-24.205889,31.287023,2025-01-03
Panthera leo,Lion,Mammalia,kruger,-24.527923,31.451689,2025-01-14
Panthera leo,Lion,Mammalia,kruger,-24.106205,31.745709,2025-01-11
Panthera leo,Lion,Mammalia,kruger,-24.510796,31.732492,2025-01-18
Panthera leo,Lion,Mammalia,kruger,-24.524423,31.503152,2025-01-10
Panthera leo,Lion,Mammalia,kruger,-24.543703,31.579103,2025-01-10
Panthera leo,Lion,Mammalia,kruger,-24.53993,31.753405,2025-01-11
Panthera leo,Lion,Mammalia,kruger,-24.458512,31.891594,2025-01-14
Panthera leo,Lion,Mammalia,kruger,-24.465204,31.839041,2025-01-14
Panthera leo,Lion,Mammalia,kruger,-24.468457,31.600433,2025-01-11
Panthera leo,Lion,Mammalia,kruger,-24.379816,30.989729,2025-01-10
Panthera leo,Lion,Mammalia,kruger,-24.506869,31.702089,2025-01-11
Panthera leo,Lion,Mammalia,kruger,-24.248435,31.70313,2025-01-12
Panthera leo,Lion,Mammalia,kruger,-24.470048,31.480887,2025-01-12
Panthera leo,Lion,Mammalia,kruger,-24.513391,31.428632,2025-01-12
Panthera leo,Lion,Mammalia,kruger,-24.319362,31.754426,2025-01-16
Panthera leo,Lion,Mammalia,kruger,-24.628374,31.502446,2025-01-30
Panthera leo,Lion,Mammalia,kruger,-24.409242,31.796088,2025-01-13
Panthera leo,Lion,Mammalia,kruger,-24.562177,31.753297,2025-01-28
Panthera leo,Lion,Mammalia,kruger,-24.407407,31.801883,2025-01-13
Panthera leo,Lion,Mammalia,kruger,-24.108581,31.69647,2025-01-14
Panthera leo,Lion,Mammalia,kruger,-24.553292,31.950218,2025-01-14
Panthera leo,Lion,Mammalia,kruger,-24.539307,31.996839,2025-01-15
Panthera leo,Lion,Mammalia,kruger,-23.863936,31.515808,2025-01-06
Panthera leo,Lion,Mammalia,kruger,-24.634028,31.380818,2025-01-12
Panthera leo,Lion,Mammalia,kruger,-23.680562,31.220413,2025-02-04
Panthera leo,Lion,Mammalia,kruger,-24.709407,31.916215,2025-02-24
Panthera leo,Lion,Mammalia,kruger,-24.043706,30.750352,2025-02-11
Panthera leo,Lion,Mammalia,kruger,-24.367039,31.700444,2025-02-08
Panthera leo,Lion,Mammalia,kruger,-24.579554,31.466447,2025-02-22
Panthera leo,Lion,Mammalia,kruger,-24.041458,31.611059,2025-03-02
Panthera leo,Lion,Mammalia,kruger,-24.122887,31.623862,2025-03-24
Panthera leo,Lion,Mammalia,kruger,-24.542109,31.292524,2025-03-23
Panthera leo,Lion,Mammalia,kruger,-24.124036,31.779765,2025-03-24
Panthera leo,Lion,Mammalia,kruger,-24.574189,31.377828,2025-03-30
Panthera leo,Lion,Mammalia,kruger,-24.395163,31.760622,2025-03-28
Panthera leo,Lion,Mammalia,kruger,-24.360101,31.742064,2025-03-01
Panthera leo,Lion,Mammalia,kruger,-24.310421,31.781857,2025-03-01
Panthera leo,Lion,Mammalia,kruger,-24.379122,31.640386,2025-03-01
Panthera leo,Lion,Mammalia,kruger,-24.227279,31.66307,2025-03-01
Panthera leo,Lion,Mammalia,kruger,-23.349727,31.261799,2025-03-10
Panthera leo,Lion,Mammalia,kruger,-23.280652,31.310819,2025-03-10
Panthera leo,Lion,Mammalia,kruger,-24.344364,31.021047,2025-03-22
Panthera leo,Lion,Mammalia,kruger,-24.072361,30.910038,2025-03-23
Panthera leo,Lion,Mammalia,kruger,-24.114145,31.041831,2025-04-13
Panthera leo,Lion,Mammalia,kruger,-24.30148,31.391462,2025-04-03
Panthera leo,Lion,Mammalia,kruger,-24.462193,31.397589,2025-04-07
Panthera leo,Lion,Mammalia,kruger,-24.191095,31.647799,2025-04-05
Panthera leo,Lion,Mammalia,kruger,-24.234786,31.105268,2025-04-25
Panthera leo,Lion,Mammalia,kruger,-24.088652,30.753505,2025-04-25
Panthera leo,Lion,Mammalia,kruger,-24.224244,31.800851,2025-05-07
Panthera leo,Lion,Mammalia,kruger,-24.259073,31.324921,2025-05-19
Panthera leo,Lion,Mammalia,kruger,-24.341688,31.216239,2025-05-18
Panthera leo,Lion,Mammalia,kruger,-24.657602,31.767377,2025-05-14
Panthera leo,Lion,Mammalia,kruger,-24.386142,31.225466,2025-05-01
Panthera leo,Lion,Mammalia,kruger,-24.322398,31.719798,2025-05-10
Panthera leo,Lion,Mammalia,kruger,-24.68112,31.475784,2025-05-06
Panthera leo,Lion,Mammalia,kruger,-24.023373,31.714861,2025-05-27
Panthera leo,Lion,Mammalia,kruger,-24.299615,31.65776,2025-05-24
Panthera leo,Lion,Mammalia,kruger,-24.694829,31.624465,2025-05-22
Panthera leo,Lion,Mammalia,kruger,-24.003853,31.715207,2025-05-27
Panthera leo,Lion,Mammalia,kruger,-24.387603,31.649619,2025-05-25
Panthera leo,Lion,Mammalia,kruger,-24.566657,31.507031,2025-05-10
Panthera leo,Lion,Mammalia,kruger,-23.941078,31.528297,2025-05-29
Panthera leo,Lion,Mammalia,kruger,-24.291236,31.616698,2025-06-04
Panthera leo,Lion,Mammalia,kruger,-24.479614,30.944138,2025-06-05
Panthera leo,Lion,Mammalia,kruger,-23.956098,31.464038,2025-06-11
Panthera leo,Lion,Mammalia,kruger,-24.166428,31.319492,2025-06-26
Panthera leo,Lion,Mammalia,kruger,-23.967651,31.543771,2025-06-22
Panthera leo,Lion,Mammalia,kruger,-24.247617,31.005645,2025-06-29
Panthera leo,Lion,Mammalia,kruger,-24.311546,31.205142,2025-06-27
Panthera leo,Lion,Mammalia,kruger,-24.462643,31.484103,2025-06-26
Panthera leo,Lion,Mammalia,kruger,-24.356045,31.319384,2025-06-19
Panthera leo,Lion,Mammalia,kruger,-23.922518,31.543183,2025-06-10
Panthera leo,Lion,Mammalia,kruger,-24.23734,31.909374,2025-07-09
Panthera leo,Lion,Mammalia,kruger,-24.370145,30.9237,2025-07-21
Panthera leo,Lion,Mammalia,kruger,-24.0791,30.906067,2025-07-20
Panthera leo,Lion,Mammalia,kruger,-24.232861,30.935311,2025-07-16
Panthera leo,Lion,Mammalia,kruger,-24.566952,31.138029,2025-07-28
Panthera leo,Lion,Mammalia,kruger,-24.596817,31.17303,2025-07-14
Panthera leo,Lion,Mammalia,kruger,-24.096186,30.833756,2025-07-09
Panthera leo,Lion,Mammalia,kruger,-24.014746,30.896002,2025-07-09
Panthera leo,Lion,Mammalia,kruger,-24.262993,30.827897,2025-07-25
Panthera leo,Lion,Mammalia,kruger,-24.268386,30.910907,2025-07-25
Panthera leo,Lion,Mammalia,kruger,-24.350576,31.701703,2025-07-20
Panthera leo,Lion,Mammalia,kruger,-23.807785,31.420177,2025-07-01
Panthera leo,Lion,Mammalia,kruger,-24.242696,30.901338,2025-07-25
Panthera leo,Lion,Mammalia,kruger,-24.016246,30.98755,2025-07-15
Panthera leo,Lion,Mammalia,kruger,-24.02375,30.969939,2025-07-15
Panthera leo,Lion,Mammalia,kruger,-24.288102,31.777433,2025-07-20
Panthera leo,Lion,Mammalia,kruger,-24.072754,30.840089,2025-07-15
Panthera leo,Lion,Mammalia,kruger,-24.219181,30.91042,2025-07-25
Panthera leo,Lion,Mammalia,kruger,-24.320637,30.965214,2025-07-25
Panthera leo,Lion,Mammalia,kruger,-24.011867,30.888284,2025-07-25
Panthera leo,Lion,Mammalia,kruger,-24.208152,30.885865,2025-07-25
Panthera leo,Lion,Mammalia,kruger,-24.551372,31.704701,2025-07-20
Panthera leo,Lion,Mammalia,kruger,-24.425291,31.739049,2025-07-31
Panthera leo,Lion,Mammalia,kruger,-24.549885,31.619356,2025-07-31
Panthera leo,Lion,Mammalia,kruger,-24.339875,31.441289,2025-07-01
Panthera leo,Lion,Mammalia,kruger,-24.54951,31.742524,2025-07-31
Panthera leo,Lion,Mammalia,kruger,-23.990686,31.52598,2025-07-23
Panthera leo,Lion,Mammalia,kruger,-24.210574,31.904528,2025-07-23
Panthera leo,Lion,Mammalia,kruger,-23.915237,31.485415,2025-07-23
Panthera leo,Lion,Mammalia,kruger,-23.9563,31.514389,2025-07-30
Panthera leo,Lion,Mammalia,kruger,-23.903073,31.500898,2025-07-28
Panthera leo,Lion,Mammalia,kruger,-24.479178,30.997118,2025-07-15
Panthera leo,Lion,Mammalia,kruger,-24.178053,30.839253,2025-07-18
Panthera leo,Lion,Mammalia,kruger,-24.299007,30.940643,2025-07-16
Panthera leo,Lion,Mammalia,kruger,-24.154787,30.977229,2025-07-19
Panthera leo,Lion,Mammalia,kruger,-24.696217,31.919184,2025-07-30
Panthera leo,Lion,Mammalia,kruger,-23.856729,30.78175,2025-07-30
Panthera leo,Lion,Mammalia,kruger,-23.998255,31.578427,2025-07-14
Panthera leo,Lion,Mammalia,kruger,-23.909141,31.466364,2025-07-13
Panthera leo,Lion,Mammalia,kruger,-23.905446,31.450885,2025-07-19
Panthera leo,Lion,Mammalia,kruger,-24.618048,31.437822,2025-08-10
Panthera leo,Lion,Mammalia,kruger,-24.066892,30.922917,2025-08-07
Panthera leo,Lion,Mammalia,kruger,-23.351751,31.371666,2025-08-08
Panthera leo,Lion,Mammalia,kruger,-24.138357,31.556904,2025-08-12
Panthera leo,Lion,Mammalia,kruger,-24.40178,31.75401,2025-08-09
Panthera leo,Lion,Mammalia,kruger,-23.91871,31.464615,2025-08-19
Panthera leo,Lion,Mammalia,kruger,-24.535566,31.751161,2025-08-18
Panthera leo,Lion,Mammalia,kruger,-24.083708,31.780983,2025-08-09
Panthera leo,Lion,Mammalia,kruger,-24.050782,31.746718,2025-08-20
Panthera leo,Lion,Mammalia,kruger,-23.900287,31.450617,2025-08-19
Panthera leo,Lion,Mammalia,kruger,-24.471656,31.707949,2025-08-23
Panthera leo,Lion,Mammalia,kruger,-24.35733,31.753617,2025-08-27
Panthera leo,Lion,Mammalia,kruger,-24.169736,31.625266,2025-08-20
Panthera leo,Lion,Mammalia,kruger,-23.97582,31.509584,2025-08-19
Panthera leo,Lion,Mammalia,kruger,-24.421484,31.645824,2025-08-22
Panthera leo,Lion,Mammalia,kruger,-24.352358,31.919678,2025-08-25
Panthera leo,Lion,Mammalia,kruger,-24.211636,31.872386,2025-08-25
Panthera leo,Lion,Mammalia,kruger,-23.945688,31.566585,2025-08-11
Panthera leo,Lion,Mammalia,kruger,-23.901066,31.543892,2025-08-09
Panthera leo,Lion,Mammalia,kruger,-24.374752,31.29205,2025-09-08
Panthera leo,Lion,Mammalia,kruger,-24.004844,31.797891,2025-09-08
Panthera leo,Lion,Mammalia,kruger,-24.151753,31.368424,2025-09-08
Panthera leo,Lion,Mammalia,kruger,-24.431598,31.4232,2025-09-14
Panthera leo,Lion,Mammalia,kruger,-24.236164,31.268907,2025-09-17
Panthera leo,Lion,Mammalia,kruger,-24.447423,31.480443,2025-09-04
Panthera leo,Lion,Mammalia,kruger,-24.248415,31.80477,2025-09-29
Panthera leo,Lion,Mammalia,kruger,-23.732702,31.45993,2025-09-16
Panthera leo,Lion,Mammalia,kruger,-23.817265,31.485475,2025-09-02
Panthera leo,Lion,Mammalia,kruger,-23.94983,31.457679,2025-09-29
Panthera leo,Lion,Mammalia,kruger,-23.984426,31.436363,2025-09-29
Panthera leo,Lion,Mammalia,kruger,-23.842736,31.415077,2025-09-29
Panthera leo,Lion,Mammalia,kruger,-24.403451,31.472381,2025-09-10
Panthera leo,Lion,Mammalia,kruger,-23.804684,31.439288,2025-09-29
Panthera leo,Lion,Mammalia,kruger,-23.982489,31.461799,2025-09-29
Panthera leo,Lion,Mammalia,kruger,-24.123721,31.310617,2025-09-10
Panthera leo,Lion,Mammalia,kruger,-24.200692,31.198258,2025-09-01
Panthera leo,Lion,Mammalia,kruger,-24.179007,31.10711,2025-09-25
Panthera leo,Lion,Mammalia,kruger,-24.183919,31.039175,2025-09-09
Panthera leo,Lion,Mammalia,kruger,-24.264762,31.679243,2025-09-05
Panthera leo,Lion,Mammalia,kruger,-23.955754,31.536387,2025-09-06
Panthera leo,Lion,Mammalia,kruger,-23.946866,31.517271,2025-09-06
Panthera leo,Lion,Mammalia,kruger,-23.901553,31.577532,2025-09-05
Panthera leo,Lion,Mammalia,kruger,-24.52107,31.955861,2025-09-06
Panthera leo,Lion,Mammalia,kruger,-24.170228,31.717888,2025-09-05
Panthera leo,Lion,Mammalia,kruger,-24.296722,31.623595,2025-09-07
Panthera leo,Lion,Mammalia,kruger,-24.207871,30.815486,2025-09-26
Panthera leo,Lion,Mammalia,kruger,-23.814353,30.748096,2025-09-25
Panthera leo,Lion,Mammalia,kruger,-23.96708,31.504263,2025-10-04
Panthera leo,Lion,Mammalia,kruger,-24.237773,30.928376,2025-10-07
Panthera leo,Lion,Mammalia,kruger,-23.833564,30.742248,2025-10-12
Panthera leo,Lion,Mammalia,kruger,-24.503928,31.993528,2025-10-17
Panthera leo,Lion,Mammalia,kruger,-24.480334,31.966613,2025-10-15
Panthera leo,Lion,Mammalia,kruger,-23.610347,31.489334,2025-10-19
Panthera leo,Lion,Mammalia,kruger,-24.572784,31.900091,2025-10-15
Panthera leo,Lion,Mammalia,kruger,-24.271118,31.877931,2025-10-15
Panthera leo,Lion,Mammalia,kruger,-24.434913,31.741863,2025-10-18
Panthera leo,Lion,Mammalia,kruger,-23.536191,31.447142,2025-10-21
Panthera leo,Lion,Mammalia,kruger,-24.538481,31.8477,2025-10-16
Panthera leo,Lion,Mammalia,kruger,-23.823445,31.516307,2025-10-27
Panthera leo,Lion,Mammalia,kruger,-24.479322,31.816996,2025-10-16
Panthera leo,Lion,Mammalia,kruger,-24.564021,31.460234,2025-10-28
Panthera leo,Lion,Mammalia,kruger,-24.611454,31.390609,2025-10-03
Panthera leo,Lion,Mammalia,kruger,-24.610444,31.27186,2025-10-02
Panthera leo,Lion,Mammalia,kruger,-24.382744,31.742395,2025-10-23
Panthera leo,Lion,Mammalia,kruger,-24.542734,31.197989,2025-10-26
Panthera leo,Lion,Mammalia,kruger,-24.497901,31.650785,2025-10-12
Panthera leo,Lion,Mammalia,kruger,-24.413756,31.074644,2025-10-26
Panthera leo,Lion,Mammalia,kruger,-24.067387,31.702727,2025-10-25
Panthera leo,Lion,Mammalia,kruger,-24.447771,31.109604,2025-10-12
Panthera leo,Lion,Mammalia,kruger,-24.280044,31.611842,2025-10-12
Panthera leo,Lion,Mammalia,kruger,-23.84368,31.462865,2025-10-25
Panthera leo,Lion,Mammalia,kruger,-24.593722,31.701292,2025-10-11
Panthera leo,Lion,Mammalia,kruger,-24.347211,31.869609,2025-10-23
Panthera leo,Lion,Mammalia,kruger,-24.613264,31.883119,2025-10-13
Panthera leo,Lion,Mammalia,kruger,-24.38123,31.778059,2025-10-06
Panthera leo,Lion,Mammalia,kruger,-24.28317,31.603259,2025-10-05
Panthera leo,Lion,Mammalia,kruger,-24.130085,31.62679,2025-10-07
Panthera leo,Lion,Mammalia,kruger,-24.240318,30.97886,2025-10-27
Panthera leo,Lion,Mammalia,kruger,-24.303197,30.915154,2025-10-27
Panthera leo,Lion,Mammalia,kruger,-24.110738,31.671105,2025-10-21
Panthera leo,Lion,Mammalia,kruger,-24.614963,31.925288,2025-10-21
Panthera leo,Lion,Mammalia,kruger,-24.506998,31.118334,2025-10-07
Panthera leo,Lion,Mammalia,kruger,-24.411192,31.845428,2025-10-16
Panthera leo,Lion,Mammalia,kruger,-24.46919,31.11901,2025-11-13
Panthera leo,Lion,Mammalia,kruger,-24.227907,31.127561,2025-11-14
Panthera leo,Lion,Mammalia,kruger,-24.135804,31.727497,2025-11-03
Panthera leo,Lion,Mammalia,kruger,-24.066994,31.746487,2025-11-04
Panthera leo,Lion,Mammalia,kruger,-24.021827,31.663008,2025-11-03
Panthera leo,Lion,Mammalia,kruger,-24.137185,31.624672,2025-11-03
Panthera leo,Lion,Mammalia,kruger,-24.144507,31.691023,2025-11-03
Panthera leo,Lion,Mammalia,kruger,-24.478352,31.986134,2025-11-24
Panthera leo,Lion,Mammalia,kruger,-24.425247,31.910536,2025-11-24
Panthera leo,Lion,Mammalia,kruger,-24.151521,30.885453,2025-11-25
Panthera leo,Lion,Mammalia,kruger,-24.20379,31.610468,2025-11-27
Panthera leo,Lion,Mammalia,kruger,-23.709064,31.360954,2025-11-22
Panthera leo,Lion,Mammalia,kruger,-23.431213,31.318575,2025-11-05
Panthera leo,Lion,Mammalia,kruger,-24.466059,31.225259,2025-11-18
Panthera leo,Lion,Mammalia,kruger,-24.658978,31.964472,2025-11-27
Panthera leo,Lion,Mammalia,kruger,-24.541963,31.637624,2025-11-21
Panthera leo,Lion,Mammalia,kruger,-23.727206,31.55166,2025-11-09
Panthera leo,Lion,Mammalia,kruger,-23.662721,31.498963,2025-11-09
Panthera leo,Lion,Mammalia,kruger,-23.736726,31.560592,2025-11-07
Panthera leo,Lion,Mammalia,kruger,-23.783107,31.463474,2025-11-09
Panthera leo,Lion,Mammalia,kruger,-23.706106,31.550877,2025-11-09
Panthera leo,Lion,Mammalia,kruger,-24.467747,31.290424,2025-11-16
Panthera leo,Lion,Mammalia,kruger,-24.336601,31.749699,2025-12-08
Panthera leo,Lion,Mammalia,kruger,-24.635944,31.544663,2025-12-05
Panthera leo,Lion,Mammalia,kruger,-24.555836,31.479542,2025-12-11
Panthera leo,Lion,Mammalia,kruger,-24.59819,31.462754,2025-12-11
Panthera leo,Lion,Mammalia,kruger,-24.224414,31.780691,2025-12-11
Panthera leo,Lion,Mammalia,kruger,-24.305464,31.312833,2025-12-12
Panthera leo,Lion,Mammalia,kruger,-24.449097,31.51478,2025-12-15
Panthera leo,Lion,Mammalia,kruger,-24.60662,31.488456,2025-12-29
Panthera leo,Lion,Mammalia,kruger,-24.316577,31.269909,2025-12-21
Panthera leo,Lion,Mammalia,kruger,-24.354492,31.355248,2025-12-20
Panthera leo,Lion,Mammalia,kruger,-24.331134,31.318714,2025-12-21
Panthera leo,Lion,Mammalia,kruger,-24.340725,31.744058,2025-12-21
Panthera leo,Lion,Mammalia,kruger,-23.898489,31.510177,2025-12-29
Panthera leo,Lion,Mammalia,kruger,-24.70494,31.496386,2025-12-31
Panthera leo,Lion,Mammalia,kruger,-24.627843,31.42935,2025-12-30
Panthera leo,Lion,Mammalia,kruger,-24.364305,31.423054,2025-12-19
Panthera leo,Lion,Mammalia,kruger,-24.385501,31.683141,2025-12-23
Panthera leo,Lion,Mammalia,kruger,-24.391513,31.686708,2025-12-18
Panthera leo,Lion,Mammalia,kruger,-23.407347,31.43234,2025-12-21
Panthera leo,Lion,Mammalia,kruger,-23.86707,31.40106,2025-12-24
Panthera leo,Lion,Mammalia,kruger,-24.541003,31.918509,2025-12-22
Panthera leo,Lion,Mammalia,kruger,-24.520852,31.104983,2025-12-25
Panthera leo,Lion,Mammalia,kruger,-24.092821,31.697002,2025-12-26
Panthera leo,Lion,Mammalia,kruger,-23.889691,31.592775,2025-12-11
Panthera leo,Lion,Mammalia,kruger,-24.27037,31.663519,2024-01-13
Panthera leo,Lion,Mammalia,kruger,-24.447824,31.409293,2024-01-13
Panthera leo,Lion,Mammalia,kruger,-24.552346,31.31574,2024-01-30
Panthera leo,Lion,Mammalia,kruger,-24.419124,31.729105,2024-01-23
Panthera leo,Lion,Mammalia,kruger,-24.372007,31.371998,2024-01-12
Panthera leo,Lion,Mammalia,kruger,-24.553484,31.791365,2024-01-23
Panthera leo,Lion,Mammalia,kruger,-23.563396,31.478209,2024-01-23
Panthera leo,Lion,Mammalia,kruger,-24.487743,31.778417,2024-01-25
Panthera leo,Lion,Mammalia,kruger,-23.887296,31.411742,2024-01-09
Panthera leo,Lion,Mammalia,kruger,-24.016613,31.941561,2024-02-07
Panthera leo,Lion,Mammalia,kruger,-24.417288,31.132338,2024-02-10
Panthera leo,Lion,Mammalia,kruger,-23.956289,31.434553,2024-02-10
Panthera leo,Lion,Mammalia,kruger,-24.61339,31.648472,2024-02-26
Panthera leo,Lion,Mammalia,kruger,-24.110185,31.08787,2024-02-16
Panthera leo,Lion,Mammalia,kruger,-24.108251,31.621623,2024-03-11
Panthera leo,Lion,Mammalia,kruger,-24.458235,31.90086,2024-03-18
Panthera leo,Lion,Mammalia,kruger,-24.405347,31.576449,2024-03-11
Panthera leo,Lion,Mammalia,kruger,-24.358366,31.615009,2024-03-17
Panthera leo,Lion,Mammalia,kruger,-24.269605,31.828127,2024-03-01
Panthera leo,Lion,Mammalia,kruger,-24.27045,31.986132,2024-03-01
Panthera leo,Lion,Mammalia,kruger,-24.346525,31.998036,2024-03-01
Panthera leo,Lion,Mammalia,kruger,-24.331836,31.801707,2024-03-01
Panthera leo,Lion,Mammalia,kruger,-24.21308,31.976559,2024-03-01
Panthera leo,Lion,Mammalia,kruger,-24.203287,31.896506,2024-03-01
Panthera leo,Lion,Mammalia,kruger,-24.058026,31.125727,2024-03-19
Panthera leo,Lion,Mammalia,kruger,-24.303336,31.179208,2024-03-29
Panthera leo,Lion,Mammalia,kruger,-24.441149,31.175689,2024-03-06
Panthera leo,Lion,Mammalia,kruger,-23.975287,31.46434,2024-03-31
Panthera leo,Lion,Mammalia,kruger,-24.527593,31.960448,2024-03-30
Panthera leo,Lion,Mammalia,kruger,-24.54313,31.816936,2024-03-31
Panthera leo,Lion,Mammalia,kruger,-23.817124,31.425741,2024-03-30
Panthera leo,Lion,Mammalia,kruger,-24.160764,30.835795,2024-04-09
Panthera leo,Lion,Mammalia,kruger,-24.230838,31.359586,2024-04-21
Panthera leo,Lion,Mammalia,kruger,-24.56983,31.629127,2024-04-23
Panthera leo,Lion,Mammalia,kruger,-24.454557,31.714653,2024-04-23
Panthera leo,Lion,Mammalia,kruger,-24.462946,31.665368,2024-04-22
Panthera leo,Lion,Mammalia,kruger,-23.847989,31.499553,2024-04-01
Panthera leo,Lion,Mammalia,kruger,-24.605727,31.599904,2024-04-07
Panthera leo,Lion,Mammalia,kruger,-24.24788,31.280453,2024-04-04
Panthera leo,Lion,Mammalia,kruger,-24.2961,31.326088,2024-04-03
Panthera leo,Lion,Mammalia,kruger,-24.212984,31.215354,2024-04-01
Panthera leo,Lion,Mammalia,kruger,-23.844832,31.535939,2024-04-27
Panthera leo,Lion,Mammalia,kruger,-23.934446,31.412932,2024-04-27
Panthera leo,Lion,Mammalia,kruger,-23.924014,31.445399,2024-04-01
Panthera leo,Lion,Mammalia,kruger,-23.87131,31.44662,2024-04-01
Panthera leo,Lion,Mammalia,kruger,-24.628862,31.790937,2024-04-27
Panthera leo,Lion,Mammalia,kruger,-24.584411,31.963345,2024-04-27
Panthera leo,Lion,Mammalia,kruger,-24.55076,31.560241,2024-04-28
Panthera leo,Lion,Mammalia,kruger,-24.357841,31.186089,2024-04-22
Panthera leo,Lion,Mammalia,kruger,-24.498246,31.669695,2024-05-11
Panthera leo,Lion,Mammalia,kruger,-24.472691,31.464357,2024-05-03
Panthera leo,Lion,Mammalia,kruger,-24.406641,31.651256,2024-05-01
Panthera leo,Lion,Mammalia,kruger,-24.359178,31.738369,2024-05-02
Panthera leo,Lion,Mammalia,kruger,-24.217575,31.631823,2024-05-02
Panthera leo,Lion,Mammalia,kruger,-24.307826,31.336832,2024-05-21
Panthera leo,Lion,Mammalia,kruger,-24.189742,31.296364,2024-05-22
Panthera leo,Lion,Mammalia,kruger,-24.280753,31.337856,2024-05-22
Panthera leo,Lion,Mammalia,kruger,-24.371171,31.339003,2024-05-24
Panthera leo,Lion,Mammalia,kruger,-24.340671,31.924586,2024-05-30
Panthera leo,Lion,Mammalia,kruger,-23.92462,31.535359,2024-05-23
Panthera leo,Lion,Mammalia,kruger,-24.443696,31.43769,2024-05-22
Panthera leo,Lion,Mammalia,kruger,-23.871813,31.416529,2024-05-23
Panthera leo,Lion,Mammalia,kruger,-24.555259,31.529111,2024-05-13
Panthera leo,Lion,Mammalia,kruger,-24.025534,31.697986,2024-06-18
Panthera leo,Lion,Mammalia,kruger,-24.286958,31.704393,2024-06-09
Panthera leo,Lion,Mammalia,kruger,-24.024331,31.722026,2024-06-07
Panthera leo,Lion,Mammalia,kruger,-24.019427,30.974123,2024-06-23
Panthera leo,Lion,Mammalia,kruger,-24.056561,30.804168,2024-06-23
Panthera leo,Lion,Mammalia,kruger,-24.709674,31.962935,2024-06-10
Panthera leo,Lion,Mammalia,kruger,-24.518176,31.6415,2024-06-28
Panthera leo,Lion,Mammalia,kruger,-24.456907,31.654705,2024-06-28
Panthera leo,Lion,Mammalia,kruger,-24.687229,31.866724,2024-06-10
Panthera leo,Lion,Mammalia,kruger,-23.81361,31.455308,2024-06-13
Panthera leo,Lion,Mammalia,kruger,-24.228966,31.149556,2024-07-01
Panthera leo,Lion,Mammalia,kruger,-24.12711,30.896915,2024-07-12
Panthera leo,Lion,Mammalia,kruger,-24.536865,31.845881,2024-07-15
Panthera leo,Lion,Mammalia,kruger,-24.6889,31.432721,2024-07-05
Panthera leo,Lion,Mammalia,kruger,-24.287111,31.81103,2024-07-11
Panthera leo,Lion,Mammalia,kruger,-24.359349,31.881974,2024-07-23
Panthera leo,Lion,Mammalia,kruger,-23.964193,31.509565,2024-07-20
Panthera leo,Lion,Mammalia,kruger,-24.349024,31.102198,2024-08-04
Panthera leo,Lion,Mammalia,kruger,-24.217323,31.047004,2024-08-06
Panthera leo,Lion,Mammalia,kruger,-24.596137,31.519262,2024-08-16
Panthera leo,Lion,Mammalia,kruger,-24.401845,31.507046,2024-08-17
Panthera leo,Lion,Mammalia,kruger,-24.469009,31.74718,2024-08-01
Panthera leo,Lion,Mammalia,kruger,-24.466049,31.660038,2024-08-01
Panthera leo,Lion,Mammalia,kruger,-24.327195,31.698703,2024-08-01
Panthera leo,Lion,Mammalia,kruger,-24.451074,31.751139,2024-08-01
Panthera leo,Lion,Mammalia,kruger,-24.421525,31.650312,2024-08-01
Panthera leo,Lion,Mammalia,kruger,-24.352969,31.392578,2024-08-30
Panthera leo,Lion,Mammalia,kruger,-24.558617,31.823478,2024-08-10
Panthera leo,Lion,Mammalia,kruger,-23.668709,31.483052,2024-08-04
Panthera leo,Lion,Mammalia,kruger,-24.201663,31.758497,2024-08-12
Panthera leo,Lion,Mammalia,kruger,-24.296284,31.868441,2024-08-10
Panthera leo,Lion,Mammalia,kruger,-24.355975,31.708835,2024-08-10
Panthera leo,Lion,Mammalia,kruger,-24.42518,31.483102,2024-08-07
Panthera leo,Lion,Mammalia,kruger,-24.480243,31.494686,2024-08-07
Panthera leo,Lion,Mammalia,kruger,-24.511963,31.797066,2024-08-06
Panthera leo,Lion,Mammalia,kruger,-24.275499,31.90377,2024-09-02
Panthera leo,Lion,Mammalia,kruger,-24.275471,31.958769,2024-09-04
Panthera leo,Lion,Mammalia,kruger,-23.8846,31.443972,2024-09-08
Panthera leo,Lion,Mammalia,kruger,-24.171813,31.752815,2024-09-17
Panthera leo,Lion,Mammalia,kruger,-24.552528,31.696477,2024-09-18
Panthera leo,Lion,Mammalia,kruger,-23.944661,31.508991,2024-09-09
Panthera leo,Lion,Mammalia,kruger,-24.575116,31.86706,2024-09-28
Panthera leo,Lion,Mammalia,kruger,-23.974079,31.457677,2024-09-09
Panthera leo,Lion,Mammalia,kruger,-23.941701,31.524685,2024-09-09
Panthera leo,Lion,Mammalia,kruger,-24.073494,31.735008,2024-09-13
Panthera leo,Lion,Mammalia,kruger,-24.369451,30.82198,2024-09-17
Panthera leo,Lion,Mammalia,kruger,-23.905755,31.473856,2024-09-14
Panthera leo,Lion,Mammalia,kruger,-23.824337,31.592498,2024-09-15
Panthera leo,Lion,Mammalia,kruger,-23.808866,31.456579,2024-09-15
Panthera leo,Lion,Mammalia,kruger,-24.178451,31.396466,2024-09-29
Panthera leo,Lion,Mammalia,kruger,-24.148597,31.28725,2024-09-29
Panthera leo,Lion,Mammalia,kruger,-23.989658,31.544081,2024-09-19
Panthera leo,Lion,Mammalia,kruger,-24.030173,31.629749,2024-09-17
Panthera leo,Lion,Mammalia,kruger,-24.454185,31.73399,2024-09-18
Panthera leo,Lion,Mammalia,kruger,-24.033808,31.60775,2024-09-27
Panthera leo,Lion,Mammalia,kruger,-24.462416,31.792091,2024-09-27
Panthera leo,Lion,Mammalia,kruger,-24.046222,31.749727,2024-09-25
Panthera leo,Lion,Mammalia,kruger,-24.609688,31.958226,2024-09-27
Panthera leo,Lion,Mammalia,kruger,-24.153863,30.872232,2024-09-17
Panthera leo,Lion,Mammalia,kruger,-24.601088,31.938566,2024-10-19
Panthera leo,Lion,Mammalia,kruger,-24.593,31.043366,2024-10-15
Panthera leo,Lion,Mammalia,kruger,-24.287752,30.974536,2024-10-22
Panthera leo,Lion,Mammalia,kruger,-24.299129,31.27782,2024-10-01
Panthera leo,Lion,Mammalia,kruger,-24.365966,31.320888,2024-10-01
Panthera leo,Lion,Mammalia,kruger,-24.266882,31.783979,2024-10-07
Panthera leo,Lion,Mammalia,kruger,-24.187023,31.770845,2024-10-16
Panthera leo,Lion,Mammalia,kruger,-24.332418,31.942496,2024-10-30
Panthera leo,Lion,Mammalia,kruger,-24.235072,31.9269,2024-10-30
Panthera leo,Lion,Mammalia,kruger,-24.356246,31.82839,2024-10-30
Panthera leo,Lion,Mammalia,kruger,-24.370193,31.845755,2024-10-30
Panthera leo,Lion,Mammalia,kruger,-24.372867,31.683389,2024-10-30
Panthera leo,Lion,Mammalia,kruger,-24.594795,31.577077,2024-10-03
Panthera leo,Lion,Mammalia,kruger,-24.11583,30.820026,2024-10-19
Giraffa camelopardalis,Giraffe,Mammalia,kruger,-24.046465,31.420898,2022-09-18
Giraffa camelopardalis,Giraffe,Mammalia,kruger,-23.529978,31.409687,2022-10-30
Giraffa camelopardalis,Giraffe,Mammalia,kruger,-23.316586,31.321346,2022-10-30
Giraffa camelopardalis,Giraffe,Mammalia,kruger,-23.316586,31.321346,2022-10-29
Giraffa camelopardalis,Giraffe,Mammalia,kruger,-23.678518,31.545473,2022-10-31
Giraffa camelopardalis,Giraffe,Mammalia,kruger,-24.609116,31.792349,2022-11-04
Giraffa camelopardalis,Giraffe,Mammalia,kruger,-24.378084,31.935093,2022-11-01
Giraffa camelopardalis,Giraffe,Mammalia,kruger,-24.177895,31.277237,2019-08-06
Giraffa camelopardalis,Giraffe,Mammalia,kruger,-24.347637,30.970183,2017-05-06
Giraffa camelopardalis,Giraffe,Mammalia,kruger,-24.395803,31.77804,2017-11-23
Giraffa camelopardalis,Giraffe,Mammalia,kruger,-24.39,31.54,2006-03-28
Giraffa camelopardalis,Giraffe,Mammalia,kruger,-24.36363,31.26482,2006-04-11
Panthera pardus,Leopard,Mammalia,kruger,-24.014678,30.819701,2026-01-20
Panthera pardus,Leopard,Mammalia,kruger,-24.05462,31.706107,2026-01-12
Panthera pardus,Leopard,Mammalia,kruger,-24.103073,31.28868,2026-01-04
Panthera pardus,Leopard,Mammalia,kruger,-24.194004,31.45261,2026-02-17
Panthera pardus,Leopard,Mammalia,kruger,-23.843654,31.704488,2026-02-05
Panthera pardus,Leopard,Mammalia,kruger,-24.60784,31.546727,2026-02-16
Panthera pardus,Leopard,Mammalia,kruger,-24.579468,31.056195,2026-02-09
Panthera pardus,Leopard,Mammalia,kruger,-24.256229,31.742599,2026-02-09
Panthera pardus,Leopard,Mammalia,kruger,-23.818614,31.525704,2026-02-12
Panthera pardus,Leopard,Mammalia,kruger,-24.405498,31.999556,2026-02-07
Panthera pardus,Leopard,Mammalia,kruger,-24.31372,31.284918,2026-03-09
Panthera pardus,Leopard,Mammalia,kruger,-24.255012,31.294681,2026-03-09
Panthera pardus,Leopard,Mammalia,kruger,-24.303222,31.208792,2026-03-09
Panthera pardus,Leopard,Mammalia,kruger,-24.045544,31.644257,2026-03-29
Panthera pardus,Leopard,Mammalia,kruger,-24.693422,31.841653,2026-03-31
Panthera pardus,Leopard,Mammalia,kruger,-24.046332,31.217969,2026-04-05
Panthera pardus,Leopard,Mammalia,kruger,-23.929558,31.224219,2026-04-07
Panthera pardus,Leopard,Mammalia,kruger,-23.923141,31.558229,2026-04-09
Panthera pardus,Leopard,Mammalia,kruger,-24.401332,31.114983,2026-04-12
Panthera pardus,Leopard,Mammalia,kruger,-24.291748,31.360618,2026-04-24
Panthera pardus,Leopard,Mammalia,kruger,-23.812671,31.563627,2026-04-23
Panthera pardus,Leopard,Mammalia,kruger,-24.354652,31.133458,2026-04-24
Panthera pardus,Leopard,Mammalia,kruger,-24.51107,31.531919,2026-04-30
Panthera pardus,Leopard,Mammalia,kruger,-24.34574,31.384869,2026-04-30
Panthera pardus,Leopard,Mammalia,kruger,-24.236459,30.825695,2026-04-03
Panthera pardus,Leopard,Mammalia,kruger,-23.850908,31.542063,2026-05-07
Panthera pardus,Leopard,Mammalia,kruger,-24.481722,31.029453,2026-05-14
Panthera pardus,Leopard,Mammalia,kruger,-24.359208,31.807323,2026-05-19
Panthera pardus,Leopard,Mammalia,kruger,-24.475907,31.082061,2026-05-15
Panthera pardus,Leopard,Mammalia,kruger,-23.995695,31.43478,2026-05-17
Panthera pardus,Leopard,Mammalia,kruger,-23.940944,31.579004,2026-05-16
Panthera pardus,Leopard,Mammalia,kruger,-24.549216,31.833921,2026-05-26
Panthera pardus,Leopard,Mammalia,kruger,-24.592789,31.317695,2026-05-30
Panthera pardus,Leopard,Mammalia,kruger,-23.808266,31.526372,2026-05-23
Panthera pardus,Leopard,Mammalia,kruger,-24.402311,31.053846,2026-06-01
Panthera pardus,Leopard,Mammalia,kruger,-24.574354,31.063513,2026-06-03
Panthera pardus,Leopard,Mammalia,kruger,-24.521223,31.065336,2026-06-01
Panthera pardus,Leopard,Mammalia,kruger,-24.686846,31.450152,2026-06-19
Panthera pardus,Leopard,Mammalia,kruger,-24.71572,31.600798,2026-06-20
Panthera pardus,Leopard,Mammalia,kruger,-24.643531,31.807771,2026-06-11
Panthera pardus,Leopard,Mammalia,kruger,-24.231297,30.914257,2026-06-27
Panthera pardus,Leopard,Mammalia,kruger,-23.974979,30.737979,2026-07-03
Panthera pardus,Leopard,Mammalia,kruger,-24.021537,31.67662,2026-07-08
Panthera pardus,Leopard,Mammalia,kruger,-24.377665,31.681368,2026-07-10
Panthera pardus,Leopard,Mammalia,kruger,-24.09324,31.624179,2026-07-13
Panthera pardus,Leopard,Mammalia,kruger,-23.947342,31.447528,2026-07-15
Panthera pardus,Leopard,Mammalia,kruger,-24.412237,31.486023,2026-07-11
Panthera pardus,Leopard,Mammalia,kruger,-24.4983,31.152278,2026-07-30
Panthera pardus,Leopard,Mammalia,kruger,-24.715818,31.516333,2026-07-31
Panthera pardus,Leopard,Mammalia,kruger,-24.212112,31.24648,2026-08-03
Panthera pardus,Leopard,Mammalia,kruger,-24.261131,30.960367,2026-08-11
Panthera pardus,Leopard,Mammalia,kruger,-24.475436,31.962895,2026-08-04
Panthera pardus,Leopard,Mammalia,kruger,-24.281451,31.622553,2026-08-04
Panthera pardus,Leopard,Mammalia,kruger,-24.087109,31.684884,2026-08-10
Panthera pardus,Leopard,Mammalia,kruger,-24.114619,31.140785,2026-08-15
Panthera pardus,Leopard,Mammalia,kruger,-24.555942,31.492697,2026-08-13
Panthera pardus,Leopard,Mammalia,kruger,-24.381215,31.633718,2026-08-04
Panthera pardus,Leopard,Mammalia,kruger,-23.9966,31.533186,2026-08-13
Panthera pardus,Leopard,Mammalia,kruger,-24.139604,31.786534,2026-08-16
Panthera pardus,Leopard,Mammalia,kruger,-23.951583,31.575384,2026-08-13
Panthera pardus,Leopard,Mammalia,kruger,-24.16491,30.738291,2026-08-20
Panthera pardus,Leopard,Mammalia,kruger,-24.162535,31.65579,2026-08-10
Panthera pardus,Leopard,Mammalia,kruger,-23.84563,31.468256,2026-08-11
Panthera pardus,Leopard,Mammalia,kruger,-24.006512,31.011978,2026-08-15
Panthera pardus,Leopard,Mammalia,kruger,-24.374887,31.756779,2026-08-04
Panthera pardus,Leopard,Mammalia,kruger,-23.986722,31.563247,2026-08-12
Panthera pardus,Leopard,Mammalia,kruger,-23.973755,31.469492,2026-08-11
Panthera pardus,Leopard,Mammalia,kruger,-24.673734,31.573528,2025-01-14
Panthera pardus,Leopard,Mammalia,kruger,-24.656329,31.46108,2025-01-08
Panthera pardus,Leopard,Mammalia,kruger,-24.416204,31.09461,2025-02-21
Panthera pardus,Leopard,Mammalia,kruger,-23.974673,31.402646,2025-02-02
Panthera pardus,Leopard,Mammalia,kruger,-24.002897,31.689811,2025-03-15
Panthera pardus,Leopard,Mammalia,kruger,-23.971202,31.767765,2025-03-18
Panthera pardus,Leopard,Mammalia,kruger,-23.841546,31.427901,2025-03-08
Panthera pardus,Leopard,Mammalia,kruger,-24.388529,31.72868,2025-04-09
Panthera pardus,Leopard,Mammalia,kruger,-24.081404,31.150619,2025-04-13
Panthera pardus,Leopard,Mammalia,kruger,-23.841571,31.149135,2025-04-18
Panthera pardus,Leopard,Mammalia,kruger,-24.412202,31.112666,2025-04-24
Panthera pardus,Leopard,Mammalia,kruger,-24.402517,31.055671,2025-04-24
Panthera pardus,Leopard,Mammalia,kruger,-24.522464,31.130488,2025-04-24
Panthera pardus,Leopard,Mammalia,kruger,-24.512619,31.135754,2025-04-24
Panthera pardus,Leopard,Mammalia,kruger,-24.30226,31.292264,2025-04-28
Panthera pardus,Leopard,Mammalia,kruger,-24.679695,31.361416,2025-05-02
Panthera pardus,Leopard,Mammalia,kruger,-24.445777,31.994386,2025-05-12
Panthera pardus,Leopard,Mammalia,kruger,-23.857257,31.499135,2025-05-14
Panthera pardus,Leopard,Mammalia,kruger,-24.182021,31.248164,2025-05-03
Panthera pardus,Leopard,Mammalia,kruger,-24.384542,31.836411,2025-05-25
Panthera pardus,Leopard,Mammalia,kruger,-24.661279,31.46017,2025-05-28
Panthera pardus,Leopard,Mammalia,kruger,-24.68037,31.456401,2025-05-30
Panthera pardus,Leopard,Mammalia,kruger,-24.413392,31.672313,2025-05-25
Panthera pardus,Leopard,Mammalia,kruger,-24.355404,31.37838,2025-05-14
Panthera pardus,Leopard,Mammalia,kruger,-24.393423,30.872038,2025-05-13
Panthera pardus,Leopard,Mammalia,kruger,-24.106848,31.486218,2025-05-30
Panthera pardus,Leopard,Mammalia,kruger,-23.966505,31.398489,2025-06-10
Panthera pardus,Leopard,Mammalia,kruger,-23.975789,31.529075,2025-06-12
Panthera pardus,Leopard,Mammalia,kruger,-23.818955,31.589077,2025-06-18
Panthera pardus,Leopard,Mammalia,kruger,-24.208937,31.206888,2025-06-27
Panthera pardus,Leopard,Mammalia,kruger,-24.579785,31.40148,2025-06-24
Panthera pardus,Leopard,Mammalia,kruger,-24.596242,31.310715,2025-06-20
Panthera pardus,Leopard,Mammalia,kruger,-24.415382,31.059246,2025-07-08
Panthera pardus,Leopard,Mammalia,kruger,-24.235857,30.802499,2025-07-14
Panthera pardus,Leopard,Mammalia,kruger,-24.474608,31.053955,2025-07-15
Panthera pardus,Leopard,Mammalia,kruger,-23.858674,31.481549,2025-07-01
Panthera pardus,Leopard,Mammalia,kruger,-24.681875,31.509318,2025-07-04
Panthera pardus,Leopard,Mammalia,kruger,-23.875001,31.54725,2025-07-13
Panthera pardus,Leopard,Mammalia,kruger,-24.271583,30.983267,2025-08-02
Panthera pardus,Leopard,Mammalia,kruger,-23.370491,31.229855,2025-08-07
Panthera pardus,Leopard,Mammalia,kruger,-24.094585,31.618769,2025-08-01
Panthera pardus,Leopard,Mammalia,kruger,-24.399949,31.758687,2025-08-01
Panthera pardus,Leopard,Mammalia,kruger,-24.132251,31.511258,2025-08-13
Panthera pardus,Leopard,Mammalia,kruger,-24.625393,31.67278,2025-08-08
Panthera pardus,Leopard,Mammalia,kruger,-24.051312,31.622031,2025-08-09
Panthera pardus,Leopard,Mammalia,kruger,-24.377635,31.82266,2025-08-10
Panthera pardus,Leopard,Mammalia,kruger,-24.17813,31.631659,2025-08-19
Panthera pardus,Leopard,Mammalia,kruger,-24.011432,31.602136,2025-08-09
Panthera pardus,Leopard,Mammalia,kruger,-24.289577,31.383191,2025-08-06
Panthera pardus,Leopard,Mammalia,kruger,-24.004399,31.742165,2025-08-13
Panthera pardus,Leopard,Mammalia,kruger,-23.8569,31.493018,2025-08-11
Panthera pardus,Leopard,Mammalia,kruger,-24.498521,30.998773,2025-08-04
Panthera pardus,Leopard,Mammalia,kruger,-24.277891,31.337252,2025-09-15
Panthera pardus,Leopard,Mammalia,kruger,-24.252263,31.021451,2025-09-27
Panthera pardus,Leopard,Mammalia,kruger,-23.826734,30.779653,2025-09-19
Panthera pardus,Leopard,Mammalia,kruger,-23.878977,31.43058,2025-09-26
Panthera pardus,Leopard,Mammalia,kruger,-23.956975,31.521661,2025-09-06
Panthera pardus,Leopard,Mammalia,kruger,-24.461039,31.90598,2025-09-06
Panthera pardus,Leopard,Mammalia,kruger,-24.531039,31.918866,2025-10-02
Panthera pardus,Leopard,Mammalia,kruger,-23.983034,31.500423,2025-10-04
Panthera pardus,Leopard,Mammalia,kruger,-23.302205,31.260738,2025-10-05
Panthera pardus,Leopard,Mammalia,kruger,-23.869897,30.737157,2025-10-11
Panthera pardus,Leopard,Mammalia,kruger,-24.679754,31.278572,2025-10-04
Panthera pardus,Leopard,Mammalia,kruger,-24.01721,30.744517,2025-10-19
Panthera pardus,Leopard,Mammalia,kruger,-23.922117,31.627735,2025-10-25
Panthera pardus,Leopard,Mammalia,kruger,-24.439831,31.09971,2025-10-13
Panthera pardus,Leopard,Mammalia,kruger,-24.036317,31.785659,2025-10-06
Panthera pardus,Leopard,Mammalia,kruger,-24.123847,30.749733,2025-10-16
Panthera pardus,Leopard,Mammalia,kruger,-24.385134,31.803452,2025-11-10
Panthera pardus,Leopard,Mammalia,kruger,-24.549264,31.108729,2025-11-13
Panthera pardus,Leopard,Mammalia,kruger,-24.611575,31.884917,2025-11-27
Panthera pardus,Leopard,Mammalia,kruger,-24.602813,31.954384,2025-11-30
Panthera pardus,Leopard,Mammalia,kruger,-24.548791,31.722044,2025-11-09
Panthera pardus,Leopard,Mammalia,kruger,-23.774653,31.406217,2025-11-07
Panthera pardus,Leopard,Mammalia,kruger,-23.750542,31.255928,2025-11-09
Panthera pardus,Leopard,Mammalia,kruger,-23.961283,31.486772,2025-11-08
Panthera pardus,Leopard,Mammalia,kruger,-24.190299,31.498471,2025-12-02
Panthera pardus,Leopard,Mammalia,kruger,-24.248757,30.820181,2025-12-16
Panthera pardus,Leopard,Mammalia,kruger,-24.320923,31.353282,2025-12-22
Panthera pardus,Leopard,Mammalia,kruger,-24.61796,31.400891,2025-12-31
Panthera pardus,Leopard,Mammalia,kruger,-24.634186,31.533742,2025-12-31
Panthera pardus,Leopard,Mammalia,kruger,-24.215193,31.206117,2025-12-20
Panthera pardus,Leopard,Mammalia,kruger,-24.612032,31.526675,2025-12-30
Panthera pardus,Leopard,Mammalia,kruger,-24.628764,31.428442,2025-12-31
Panthera pardus,Leopard,Mammalia,kruger,-24.472823,30.813803,2025-12-27
Panthera pardus,Leopard,Mammalia,kruger,-23.805368,31.546304,2025-12-10
Panthera pardus,Leopard,Mammalia,kruger,-23.935604,31.435506,2024-01-31
Panthera pardus,Leopard,Mammalia,kruger,-24.57146,30.91332,2024-01-15
Panthera pardus,Leopard,Mammalia,kruger,-23.880101,31.595797,2024-01-31
Panthera pardus,Leopard,Mammalia,kruger,-23.93954,31.651439,2024-01-24
Panthera pardus,Leopard,Mammalia,kruger,-24.309579,31.635353,2024-01-23
Panthera pardus,Leopard,Mammalia,kruger,-24.57431,31.233154,2024-01-11
Panthera pardus,Leopard,Mammalia,kruger,-24.527313,31.065629,2024-02-11
Panthera pardus,Leopard,Mammalia,kruger,-24.293016,31.634685,2024-02-15
Panthera pardus,Leopard,Mammalia,kruger,-24.380608,31.140535,2024-02-27
Panthera pardus,Leopard,Mammalia,kruger,-24.260675,31.054785,2024-02-27
Panthera pardus,Leopard,Mammalia,kruger,-24.517139,31.245804,2024-02-23
Panthera pardus,Leopard,Mammalia,kruger,-24.425384,31.738174,2024-03-26
Panthera pardus,Leopard,Mammalia,kruger,-23.816711,31.564957,2024-03-31
Panthera pardus,Leopard,Mammalia,kruger,-24.602845,31.949015,2024-03-31
Panthera pardus,Leopard,Mammalia,kruger,-23.9884,31.5547,2024-03-24
Panthera pardus,Leopard,Mammalia,kruger,-24.282769,30.981646,2024-03-26
Panthera pardus,Leopard,Mammalia,kruger,-24.354956,31.494887,2024-04-22
Panthera pardus,Leopard,Mammalia,kruger,-24.63686,31.422976,2024-04-04
Panthera pardus,Leopard,Mammalia,kruger,-24.705689,31.463127,2024-04-06
Panthera pardus,Leopard,Mammalia,kruger,-24.509053,31.106293,2024-04-25
Panthera pardus,Leopard,Mammalia,kruger,-24.597021,31.599386,2024-05-01
Panthera pardus,Leopard,Mammalia,kruger,-24.092292,31.70027,2024-05-15
Panthera pardus,Leopard,Mammalia,kruger,-24.210338,31.334446,2024-05-22
Panthera pardus,Leopard,Mammalia,kruger,-24.201702,31.398448,2024-05-20
Panthera pardus,Leopard,Mammalia,kruger,-24.334673,31.316005,2024-05-24
Panthera pardus,Leopard,Mammalia,kruger,-24.459613,31.420667,2024-05-27
Panthera pardus,Leopard,Mammalia,kruger,-24.636409,31.834372,2024-05-29
Panthera pardus,Leopard,Mammalia,kruger,-24.720111,31.293552,2024-05-19
Panthera pardus,Leopard,Mammalia,kruger,-24.504637,31.50012,2024-05-21
Panthera pardus,Leopard,Mammalia,kruger,-24.089632,30.932242,2024-06-18
Panthera pardus,Leopard,Mammalia,kruger,-24.341181,31.218632,2024-06-09
Panthera pardus,Leopard,Mammalia,kruger,-24.699153,31.662144,2024-06-18
Panthera pardus,Leopard,Mammalia,kruger,-24.589573,31.10742,2024-06-30
Panthera pardus,Leopard,Mammalia,kruger,-23.929962,31.543931,2024-06-12
Panthera pardus,Leopard,Mammalia,kruger,-24.682553,31.481147,2024-07-03
Panthera pardus,Leopard,Mammalia,kruger,-24.24764,31.918886,2024-07-08
Panthera pardus,Leopard,Mammalia,kruger,-24.712217,31.44618,2024-07-05
Panthera pardus,Leopard,Mammalia,kruger,-24.529544,31.12864,2024-07-03
Panthera pardus,Leopard,Mammalia,kruger,-24.442128,31.005443,2024-07-20
Panthera pardus,Leopard,Mammalia,kruger,-24.540336,31.994244,2024-07-16
Panthera pardus,Leopard,Mammalia,kruger,-24.458481,30.929167,2024-07-15
Panthera pardus,Leopard,Mammalia,kruger,-24.552115,31.680658,2024-07-09
Panthera pardus,Leopard,Mammalia,kruger,-24.356616,31.813432,2024-07-12
Panthera pardus,Leopard,Mammalia,kruger,-24.398777,31.156585,2024-08-09
Panthera pardus,Leopard,Mammalia,kruger,-24.420035,31.537044,2024-08-17
Panthera pardus,Leopard,Mammalia,kruger,-24.561218,31.75196,2024-08-01
Panthera pardus,Leopard,Mammalia,kruger,-24.572896,31.773616,2024-08-01
Panthera pardus,Leopard,Mammalia,kruger,-23.99483,31.411752,2024-08-13
Panthera pardus,Leopard,Mammalia,kruger,-24.252397,31.830183,2024-08-12
Panthera pardus,Leopard,Mammalia,kruger,-24.397606,31.792217,2024-08-12
Panthera pardus,Leopard,Mammalia,kruger,-24.558749,31.698331,2024-08-06
Panthera pardus,Leopard,Mammalia,kruger,-24.387399,31.835623,2024-09-03
Panthera pardus,Leopard,Mammalia,kruger,-24.383956,31.855492,2024-09-15
Panthera pardus,Leopard,Mammalia,kruger,-24.151913,31.714003,2024-09-18
Panthera pardus,Leopard,Mammalia,kruger,-23.875825,31.496374,2024-09-16
Panthera pardus,Leopard,Mammalia,kruger,-23.81862,31.414113,2024-09-07
Panthera pardus,Leopard,Mammalia,kruger,-23.884579,31.409494,2024-09-18
Panthera pardus,Leopard,Mammalia,kruger,-23.969773,31.513176,2024-09-07
Panthera pardus,Leopard,Mammalia,kruger,-24.357845,31.63877,2024-09-14
Panthera pardus,Leopard,Mammalia,kruger,-24.197986,31.609551,2024-09-11
Panthera pardus,Leopard,Mammalia,kruger,-24.383412,31.204849,2024-09-28
Panthera pardus,Leopard,Mammalia,kruger,-24.366866,31.220925,2024-09-28
Panthera pardus,Leopard,Mammalia,kruger,-24.16949,31.611808,2024-09-18
Panthera pardus,Leopard,Mammalia,kruger,-23.997078,31.475897,2024-09-20
Panthera pardus,Leopard,Mammalia,kruger,-23.896849,31.459406,2024-09-05
Panthera pardus,Leopard,Mammalia,kruger,-24.050445,30.957029,2024-10-15
Panthera pardus,Leopard,Mammalia,kruger,-24.532682,31.113314,2024-10-15
Panthera pardus,Leopard,Mammalia,kruger,-24.2773,30.925041,2024-10-22
Panthera pardus,Leopard,Mammalia,kruger,-24.356047,31.225994,2024-10-02
Panthera pardus,Leopard,Mammalia,kruger,-24.368343,31.258833,2024-10-02
Panthera pardus,Leopard,Mammalia,kruger,-24.160359,31.627328,2024-10-16
Panthera pardus,Leopard,Mammalia,kruger,-24.209418,31.269071,2024-10-31
Panthera pardus,Leopard,Mammalia,kruger,-24.320486,31.219053,2024-10-31
Panthera pardus,Leopard,Mammalia,kruger,-24.626748,31.748154,2024-11-24
Panthera pardus,Leopard,Mammalia,kruger,-24.333443,31.230069,2024-11-01
Panthera pardus,Leopard,Mammalia,kruger,-23.904677,31.572142,2024-11-17
Panthera pardus,Leopard,Mammalia,kruger,-23.864729,31.562755,2024-11-16
Panthera pardus,Leopard,Mammalia,kruger,-23.833334,31.469286,2024-11-15
Panthera pardus,Leopard,Mammalia,kruger,-23.890426,31.455309,2024-11-15
Panthera pardus,Leopard,Mammalia,kruger,-23.902294,31.431157,2024-11-20
Panthera pardus,Leopard,Mammalia,kruger,-24.648687,31.707241,2024-11-12
Panthera pardus,Leopard,Mammalia,kruger,-24.70381,31.583529,2024-11-17
Panthera pardus,Leopard,Mammalia,kruger,-24.638581,31.533146,2024-11-18
Panthera pardus,Leopard,Mammalia,kruger,-23.883785,31.488156,2024-11-20
Panthera pardus,Leopard,Mammalia,kruger,-24.438099,31.884566,2024-12-04
Panthera pardus,Leopard,Mammalia,kruger,-24.383756,31.618055,2024-12-15
Panthera pardus,Leopard,Mammalia,kruger,-23.87715,31.508234,2024-12-04
Panthera pardus,Leopard,Mammalia,kruger,-24.51995,31.48786,2024-12-16
Panthera pardus,Leopard,Mammalia,kruger,-23.859364,31.550887,2024-12-30
Panthera pardus,Leopard,Mammalia,kruger,-23.514032,31.587706,2023-01-04
Panthera pardus,Leopard,Mammalia,kruger,-24.492787,31.112089,2023-01-30
Panthera pardus,Leopard,Mammalia,kruger,-24.219195,30.837477,2023-03-30
Panthera pardus,Leopard,Mammalia,kruger,-24.654728,31.28816,2023-04-20
Panthera pardus,Leopard,Mammalia,kruger,-23.967061,31.506707,2023-04-12
Panthera pardus,Leopard,Mammalia,kruger,-23.978999,31.489514,2023-04-14
Panthera pardus,Leopard,Mammalia,kruger,-24.399503,31.246219,2023-04-20
Panthera pardus,Leopard,Mammalia,kruger,-23.928898,31.591309,2023-04-12
Panthera pardus,Leopard,Mammalia,kruger,-23.980785,31.558324,2023-04-14
Panthera pardus,Leopard,Mammalia,kruger,-24.289817,31.708926,2023-05-24
Panthera pardus,Leopard,Mammalia,kruger,-24.219136,30.848772,2023-05-23
Panthera pardus,Leopard,Mammalia,kruger,-23.907436,31.550151,2023-05-10
Panthera pardus,Leopard,Mammalia,kruger,-24.054934,31.697195,2023-05-23
Panthera pardus,Leopard,Mammalia,kruger,-23.804119,31.416364,2023-05-15
Panthera pardus,Leopard,Mammalia,kruger,-24.393585,31.03445,2023-06-19
Panthera pardus,Leopard,Mammalia,kruger,-24.203586,31.158884,2023-06-19
Panthera pardus,Leopard,Mammalia,kruger,-24.119859,30.755865,2023-06-28
Panthera pardus,Leopard,Mammalia,kruger,-24.109968,30.787424,2023-06-29
Panthera pardus,Leopard,Mammalia,kruger,-23.818966,31.505328,2023-06-04
Panthera pardus,Leopard,Mammalia,kruger,-24.580433,31.744924,2023-06-27
Panthera pardus,Leopard,Mammalia,kruger,-24.416581,31.163816,2023-06-26
Panthera pardus,Leopard,Mammalia,kruger,-24.558531,31.390763,2023-07-04
Panthera pardus,Leopard,Mammalia,kruger,-24.615225,31.94297,2023-07-14
Panthera pardus,Leopard,Mammalia,kruger,-23.937696,31.459169,2023-07-22
Panthera pardus,Leopard,Mammalia,kruger,-24.290623,31.649076,2023-07-11
Panthera pardus,Leopard,Mammalia,kruger,-24.001754,31.763986,2023-07-02
Panthera pardus,Leopard,Mammalia,kruger,-23.86958,31.556336,2023-07-14
Panthera pardus,Leopard,Mammalia,kruger,-24.419153,31.165738,2023-08-17
Panthera pardus,Leopard,Mammalia,kruger,-24.315718,31.027806,2023-08-18
Panthera pardus,Leopard,Mammalia,kruger,-24.0571,31.768741,2023-08-03
Panthera pardus,Leopard,Mammalia,kruger,-24.634177,31.738272,2023-08-11
Panthera pardus,Leopard,Mammalia,kruger,-24.451906,31.591434,2023-08-26
Panthera pardus,Leopard,Mammalia,kruger,-24.6225,31.5807,2023-08-31
Panthera pardus,Leopard,Mammalia,kruger,-24.594798,31.587805,2023-08-26
Panthera pardus,Leopard,Mammalia,kruger,-23.958029,31.524485,2023-08-11
Panthera pardus,Leopard,Mammalia,kruger,-24.616348,31.69985,2023-09-05
Panthera pardus,Leopard,Mammalia,kruger,-24.09081,31.325593,2023-10-01
Panthera pardus,Leopard,Mammalia,kruger,-23.931623,31.489118,2023-10-18
Panthera pardus,Leopard,Mammalia,kruger,-24.415663,31.770351,2023-10-07
Panthera pardus,Leopard,Mammalia,kruger,-24.229644,31.45589,2023-10-04
Panthera pardus,Leopard,Mammalia,kruger,-23.967875,31.439779,2023-10-04
Panthera pardus,Leopard,Mammalia,kruger,-23.966582,31.520235,2023-10-04
Panthera pardus,Leopard,Mammalia,kruger,-23.99924,31.508249,2023-10-01
Panthera pardus,Leopard,Mammalia,kruger,-24.486283,31.057968,2023-10-15
Panthera pardus,Leopard,Mammalia,kruger,-24.309447,31.102678,2023-11-10
Panthera pardus,Leopard,Mammalia,kruger,-24.091216,31.778876,2023-11-18
Panthera pardus,Leopard,Mammalia,kruger,-24.424726,30.991742,2023-11-21
Panthera pardus,Leopard,Mammalia,kruger,-23.931548,31.204104,2023-11-12
Panthera pardus,Leopard,Mammalia,kruger,-23.946098,31.453181,2023-11-19
Panthera pardus,Leopard,Mammalia,kruger,-23.836068,31.517288,2023-11-26
Panthera pardus,Leopard,Mammalia,kruger,-24.214969,30.897616,2023-11-07
Panthera pardus,Leopard,Mammalia,kruger,-23.912889,31.493964,2023-11-07
Panthera pardus,Leopard,Mammalia,kruger,-24.179054,31.681488,2023-11-11
Panthera pardus,Leopard,Mammalia,kruger,-24.480608,31.185522,2023-12-09
Panthera pardus,Leopard,Mammalia,kruger,-24.533804,31.171339,2023-12-08
Panthera pardus,Leopard,Mammalia,kruger,-24.234492,31.710668,2023-12-28
Panthera pardus,Leopard,Mammalia,kruger,-23.469451,31.564284,2023-12-30
Panthera pardus,Leopard,Mammalia,kruger,-24.648779,31.531214,2022-01-11
Panthera pardus,Leopard,Mammalia,kruger,-24.311677,31.296898,2022-02-13
Panthera pardus,Leopard,Mammalia,kruger,-24.334373,31.700538,2022-02-06
Panthera pardus,Leopard,Mammalia,kruger,-24.104044,31.563879,2022-02-10
Panthera pardus,Leopard,Mammalia,kruger,-24.279873,31.641155,2022-02-22
Panthera pardus,Leopard,Mammalia,kruger,-24.059817,31.626877,2022-03-21
Panthera pardus,Leopard,Mammalia,kruger,-23.946939,31.58641,2022-03-27
Panthera pardus,Leopard,Mammalia,kruger,-23.867619,31.449088,2022-05-03
Panthera pardus,Leopard,Mammalia,kruger,-23.945444,31.597325,2022-05-02
Panthera pardus,Leopard,Mammalia,kruger,-23.919585,31.400443,2022-05-29
Panthera pardus,Leopard,Mammalia,kruger,-23.969232,31.513146,2022-06-04
Panthera pardus,Leopard,Mammalia,kruger,-24.32632,31.225642,2022-07-06
Panthera pardus,Leopard,Mammalia,kruger,-24.266776,31.262247,2022-07-08
Panthera pardus,Leopard,Mammalia,kruger,-24.004434,31.724606,2022-07-28
Panthera pardus,Leopard,Mammalia,kruger,-23.983985,31.523092,2022-07-10
Panthera pardus,Leopard,Mammalia,kruger,-24.543638,30.876049,2022-07-03
Panthera pardus,Leopard,Mammalia,kruger,-23.935871,31.584093,2022-07-22
Panthera pardus,Leopard,Mammalia,kruger,-23.852911,31.798601,2022-07-22
Panthera pardus,Leopard,Mammalia,kruger,-24.022391,31.685669,2022-07-27
Panthera pardus,Leopard,Mammalia,kruger,-23.994013,31.434216,2022-08-12
Panthera pardus,Leopard,Mammalia,kruger,-23.852663,31.459791,2022-08-12
Panthera pardus,Leopard,Mammalia,kruger,-24.183684,31.523138,2022-08-17
Panthera pardus,Leopard,Mammalia,kruger,-23.554387,31.53372,2022-08-16
Panthera pardus,Leopard,Mammalia,kruger,-24.435846,31.982505,2022-08-10
Panthera pardus,Leopard,Mammalia,kruger,-23.874764,31.445582,2022-09-07
Panthera pardus,Leopard,Mammalia,kruger,-24.607263,31.320625,2022-09-28
Panthera pardus,Leopard,Mammalia,kruger,-24.366437,31.254532,2022-09-10
Panthera pardus,Leopard,Mammalia,kruger,-24.253583,31.231536,2022-09-16
Panthera pardus,Leopard,Mammalia,kruger,-24.284361,31.37756,2022-09-14
Panthera pardus,Leopard,Mammalia,kruger,-24.30835,31.334256,2022-09-17
Panthera pardus,Leopard,Mammalia,kruger,-24.239616,31.394477,2022-09-11
Panthera pardus,Leopard,Mammalia,kruger,-24.396702,31.246459,2022-09-13
Panthera pardus,Leopard,Mammalia,kruger,-24.295168,31.373409,2022-09-11
Panthera pardus,Leopard,Mammalia,kruger,-24.284752,31.228781,2022-09-15
Panthera pardus,Leopard,Mammalia,kruger,-24.144903,31.621203,2022-09-06
Panthera pardus,Leopard,Mammalia,kruger,-24.280071,30.952383,2022-10-11
Panthera pardus,Leopard,Mammalia,kruger,-24.418473,31.455304,2022-10-10
Panthera pardus,Leopard,Mammalia,kruger,-24.706006,31.474541,2022-10-29
Panthera pardus,Leopard,Mammalia,kruger,-24.671747,31.524735,2022-10-30
Panthera pardus,Leopard,Mammalia,kruger,-24.161182,31.153891,2022-10-07
Panthera pardus,Leopard,Mammalia,kruger,-24.383097,31.23805,2022-10-17
Panthera pardus,Leopard,Mammalia,kruger,-24.365808,31.243262,2022-10-22
Panthera pardus,Leopard,Mammalia,kruger,-24.611997,31.396565,2022-10-01
Panthera pardus,Leopard,Mammalia,kruger,-24.65532,31.402328,2022-10-21
Panthera pardus,Leopard,Mammalia,kruger,-23.820307,31.496976,2022-10-20
Panthera pardus,Leopard,Mammalia,kruger,-24.422526,31.032593,2022-11-18
Panthera pardus,Leopard,Mammalia,kruger,-24.63603,31.466366,2022-11-02
Panthera pardus,Leopard,Mammalia,kruger,-24.645867,31.411283,2022-11-01
Panthera pardus,Leopard,Mammalia,kruger,-23.862923,31.513481,2022-11-19
Panthera pardus,Leopard,Mammalia,kruger,-24.609116,31.792349,2022-11-04
Panthera pardus,Leopard,Mammalia,kruger,-24.142519,31.229999,2022-11-27
Panthera pardus,Leopard,Mammalia,kruger,-24.440352,31.763897,2022-12-04
Panthera pardus,Leopard,Mammalia,kruger,-24.305435,31.001304,2022-12-14
Panthera pardus,Leopard,Mammalia,kruger,-24.463545,31.049755,2022-12-27
Panthera pardus,Leopard,Mammalia,kruger,-23.952303,31.55502,2021-01-22
Panthera pardus,Leopard,Mammalia,kruger,-23.961922,31.416875,2021-02-22
Panthera pardus,Leopard,Mammalia,kruger,-23.971873,31.47194,2021-02-22
Panthera pardus,Leopard,Mammalia,kruger,-23.590225,31.499426,2021-03-28
Panthera pardus,Leopard,Mammalia,kruger,-23.848249,31.485294,2021-04-30
Panthera pardus,Leopard,Mammalia,kruger,-24.277468,31.801248,2021-04-18
Panthera pardus,Leopard,Mammalia,kruger,-24.088221,31.650309,2021-05-26
Panthera pardus,Leopard,Mammalia,kruger,-23.906378,31.442925,2021-05-28
Panthera pardus,Leopard,Mammalia,kruger,-24.060913,31.420863,2021-05-03
Panthera pardus,Leopard,Mammalia,kruger,-24.40745,31.6287,2021-07-10
Panthera pardus,Leopard,Mammalia,kruger,-23.928497,31.551118,2021-07-21
Panthera pardus,Leopard,Mammalia,kruger,-23.938836,31.560375,2021-07-22
Panthera pardus,Leopard,Mammalia,kruger,-23.846628,31.561885,2021-08-13
Panthera pardus,Leopard,Mammalia,kruger,-24.6727,31.877836,2021-08-09
Panthera pardus,Leopard,Mammalia,kruger,-24.460058,31.791874,2021-08-18
Panthera pardus,Leopard,Mammalia,kruger,-24.283669,31.485939,2021-09-19
Panthera pardus,Leopard,Mammalia,kruger,-24.567505,31.50664,2021-09-06
Panthera pardus,Leopard,Mammalia,kruger,-24.404522,31.639644,2021-09-04
Panthera pardus,Leopard,Mammalia,kruger,-24.27939,31.982379,2021-09-02
Panthera pardus,Leopard,Mammalia,kruger,-24.443404,31.274867,2021-10-28
Panthera pardus,Leopard,Mammalia,kruger,-24.426727,31.589933,2021-11-28
Panthera pardus,Leopard,Mammalia,kruger,-23.758426,31.460971,2021-11-30
Panthera pardus,Leopard,Mammalia,kruger,-24.435193,31.500376,2021-11-16
Panthera pardus,Leopard,Mammalia,kruger,-23.834779,31.520806,2021-11-04
Panthera pardus,Leopard,Mammalia,kruger,-24.366607,31.3557,2021-12-26
Panthera pardus,Leopard,Mammalia,kruger,-23.943935,31.428719,2021-12-27
Panthera pardus,Leopard,Mammalia,kruger,-23.845898,31.580549,2021-12-13
Panthera pardus,Leopard,Mammalia,kruger,-24.431632,31.93175,2020-01-27
Panthera pardus,Leopard,Mammalia,kruger,-24.177745,31.017452,2020-01-04
Panthera pardus,Leopard,Mammalia,kruger,-24.4711,31.390539,2020-01-05
Panthera pardus,Leopard,Mammalia,kruger,-24.410302,31.101668,2020-06-19
Panthera pardus,Leopard,Mammalia,kruger,-23.863154,31.013716,2020-07-24
Panthera pardus,Leopard,Mammalia,kruger,-24.396844,31.979704,2020-07-19
Panthera pardus,Leopard,Mammalia,kruger,-24.620195,31.563709,2020-07-19
Panthera pardus,Leopard,Mammalia,kruger,-24.28469,31.57708,2020-08-15
Panthera pardus,Leopard,Mammalia,kruger,-24.100075,31.125425,2020-08-26
Panthera pardus,Leopard,Mammalia,kruger,-24.107854,31.559325,2020-09-19
Panthera pardus,Leopard,Mammalia,kruger,-24.673555,31.241789,2020-10-12
Panthera pardus,Leopard,Mammalia,kruger,-24.635553,31.49597,2020-12-27
Panthera pardus,Leopard,Mammalia,kruger,-23.801735,31.50774,2020-12-29
Panthera pardus,Leopard,Mammalia,kruger,-23.885324,31.545444,2020-12-21
Panthera pardus,Leopard,Mammalia,kruger,-23.856929,31.551015,2020-12-20
Panthera pardus,Leopard,Mammalia,kruger,-24.70981,31.449174,2019-01-12
Panthera pardus,Leopard,Mammalia,kruger,-23.806178,31.596433,2019-01-31
Panthera pardus,Leopard,Mammalia,kruger,-24.436911,31.463978,2019-02-03
Panthera pardus,Leopard,Mammalia,kruger,-23.89953,31.520564,2019-02-08
Panthera pardus,Leopard,Mammalia,kruger,-23.956252,31.555714,2019-02-01
Panthera pardus,Leopard,Mammalia,kruger,-24.220779,31.858488,2019-03-09
Panthera pardus,Leopard,Mammalia,kruger,-24.564649,31.906632,2019-03-04
Panthera pardus,Leopard,Mammalia,kruger,-24.66198,31.570505,2019-03-10
Panthera pardus,Leopard,Mammalia,kruger,-24.450641,31.644986,2019-04-07
Panthera pardus,Leopard,Mammalia,kruger,-23.841582,31.258651,2019-04-13
Panthera pardus,Leopard,Mammalia,kruger,-23.870975,31.406125,2019-04-18
Panthera pardus,Leopard,Mammalia,kruger,-23.682915,31.529855,2019-04-03
Panthera pardus,Leopard,Mammalia,kruger,-23.867755,31.547209,2019-04-17
Panthera pardus,Leopard,Mammalia,kruger,-23.955497,31.518794,2019-04-18
Panthera pardus,Leopard,Mammalia,kruger,-23.830129,31.548139,2019-04-03
Panthera pardus,Leopard,Mammalia,kruger,-23.866109,31.45607,2019-05-10
Panthera pardus,Leopard,Mammalia,kruger,-23.905523,31.569604,2019-06-23
Panthera pardus,Leopard,Mammalia,kruger,-24.089229,31.639714,2019-07-13
Panthera pardus,Leopard,Mammalia,kruger,-23.830282,31.4178,2019-07-16
Panthera pardus,Leopard,Mammalia,kruger,-24.406731,31.54807,2019-07-27
Panthera pardus,Leopard,Mammalia,kruger,-24.694427,31.496058,2019-07-19
Panthera pardus,Leopard,Mammalia,kruger,-24.602152,31.21811,2019-07-30
Panthera pardus,Leopard,Mammalia,kruger,-23.860202,31.47714,2019-07-21
Panthera pardus,Leopard,Mammalia,kruger,-23.853085,31.435797,2019-08-11
Panthera pardus,Leopard,Mammalia,kruger,-23.808776,31.675395,2019-08-11
Panthera pardus,Leopard,Mammalia,kruger,-23.889071,31.754423,2019-08-11
Panthera pardus,Leopard,Mammalia,kruger,-24.014094,31.351388,2019-08-12
Panthera pardus,Leopard,Mammalia,kruger,-24.581527,31.186928,2019-08-23
Panthera pardus,Leopard,Mammalia,kruger,-24.566575,31.14383,2019-08-04
Panthera pardus,Leopard,Mammalia,kruger,-24.210537,31.722768,2019-08-15
Panthera pardus,Leopard,Mammalia,kruger,-24.382085,31.273981,2019-08-28
Panthera pardus,Leopard,Mammalia,kruger,-24.367641,31.225607,2019-08-28
Panthera pardus,Leopard,Mammalia,kruger,-24.317218,31.247547,2019-08-27
Panthera pardus,Leopard,Mammalia,kruger,-24.317302,31.459575,2019-08-15
Panthera pardus,Leopard,Mammalia,kruger,-24.330388,31.174539,2019-08-16
Panthera pardus,Leopard,Mammalia,kruger,-24.371637,30.803769,2019-08-15
Panthera pardus,Leopard,Mammalia,kruger,-24.676241,31.091826,2019-08-13
Panthera pardus,Leopard,Mammalia,kruger,-24.299433,30.986495,2019-09-12
Panthera pardus,Leopard,Mammalia,kruger,-24.392229,31.208267,2019-09-04
Panthera pardus,Leopard,Mammalia,kruger,-24.601285,31.864199,2019-09-26
Panthera pardus,Leopard,Mammalia,kruger,-23.990309,31.570441,2019-09-13
Panthera pardus,Leopard,Mammalia,kruger,-23.809263,31.450727,2019-09-13
Panthera pardus,Leopard,Mammalia,kruger,-24.44774,31.644396,2019-09-09
Panthera pardus,Leopard,Mammalia,kruger,-24.006617,31.682786,2019-10-04
Panthera pardus,Leopard,Mammalia,kruger,-24.127358,31.725813,2019-10-24
Panthera pardus,Leopard,Mammalia,kruger,-23.809813,31.521117,2019-10-21
Panthera pardus,Leopard,Mammalia,kruger,-24.00848,31.796022,2019-10-24
Panthera pardus,Leopard,Mammalia,kruger,-24.4369,31.324749,2019-10-26
Panthera pardus,Leopard,Mammalia,kruger,-23.873205,31.475144,2019-10-19
Panthera pardus,Leopard,Mammalia,kruger,-23.961947,31.580742,2019-10-22
Panthera pardus,Leopard,Mammalia,kruger,-24.570445,31.954123,2019-10-10
Panthera pardus,Leopard,Mammalia,kruger,-24.168796,31.698283,2019-10-08
Panthera pardus,Leopard,Mammalia,kruger,-23.925247,31.252495,2019-11-02
Panthera pardus,Leopard,Mammalia,kruger,-24.255706,31.241275,2019-11-16
Panthera pardus,Leopard,Mammalia,kruger,-24.539073,31.963339,2019-11-09
Panthera pardus,Leopard,Mammalia,kruger,-24.358927,31.651057,2019-11-19
Panthera pardus,Leopard,Mammalia,kruger,-23.96793,31.501564,2019-11-23
Panthera pardus,Leopard,Mammalia,kruger,-24.540402,31.696952,2019-11-19
Panthera pardus,Leopard,Mammalia,kruger,-24.037707,31.635072,2019-11-20
Panthera pardus,Leopard,Mammalia,kruger,-23.815103,31.478538,2019-11-21
Panthera pardus,Leopard,Mammalia,kruger,-23.66401,31.592036,2019-11-21
Panthera pardus,Leopard,Mammalia,kruger,-24.561435,31.037928,2019-11-13
Panthera pardus,Leopard,Mammalia,kruger,-24.098254,31.619735,2019-12-06
Panthera pardus,Leopard,Mammalia,kruger,-24.671488,31.536663,2019-12-08
Panthera pardus,Leopard,Mammalia,kruger,-23.810499,31.521827,2019-12-20
Panthera pardus,Leopard,Mammalia,kruger,-23.969154,31.499041,2018-01-11
Panthera pardus,Leopard,Mammalia,kruger,-23.803328,31.546164,2018-01-20
Panthera pardus,Leopard,Mammalia,kruger,-24.052458,31.405334,2018-01-28
Panthera pardus,Leopard,Mammalia,kruger,-24.07147,31.799568,2018-01-20
Panthera pardus,Leopard,Mammalia,kruger,-23.843991,31.569636,2018-01-11
Panthera pardus,Leopard,Mammalia,kruger,-23.81139,31.438504,2018-01-03
Panthera pardus,Leopard,Mammalia,kruger,-23.913707,31.525239,2018-01-14
Panthera pardus,Leopard,Mammalia,kruger,-24.487862,31.612,2018-02-18
Panthera pardus,Leopard,Mammalia,kruger,-24.497061,31.891824,2018-02-19
Panthera pardus,Leopard,Mammalia,kruger,-24.556453,31.740037,2018-03-10
Panthera pardus,Leopard,Mammalia,kruger,-24.059919,31.764661,2018-03-12
Panthera pardus,Leopard,Mammalia,kruger,-24.504716,31.405517,2018-05-18
Panthera pardus,Leopard,Mammalia,kruger,-23.953554,31.545732,2018-05-10
Panthera pardus,Leopard,Mammalia,kruger,-24.574799,31.903183,2018-06-16
Panthera pardus,Leopard,Mammalia,kruger,-24.052237,31.483128,2018-06-15
Panthera pardus,Leopard,Mammalia,kruger,-24.052809,31.594023,2018-06-15
Panthera pardus,Leopard,Mammalia,kruger,-24.107073,31.430775,2018-06-15
Panthera pardus,Leopard,Mammalia,kruger,-23.992277,31.598976,2018-06-30
Panthera pardus,Leopard,Mammalia,kruger,-23.998966,31.468115,2018-06-04
Panthera pardus,Leopard,Mammalia,kruger,-24.035068,31.721597,2018-07-22
Panthera pardus,Leopard,Mammalia,kruger,-24.646972,31.579513,2018-07-07
Panthera pardus,Leopard,Mammalia,kruger,-24.125223,31.195543,2018-07-04
Panthera pardus,Leopard,Mammalia,kruger,-24.082194,31.189328,2018-07-03
Panthera pardus,Leopard,Mammalia,kruger,-24.561875,31.504717,2018-07-13
Panthera pardus,Leopard,Mammalia,kruger,-24.09356,31.529314,2018-07-23
Panthera pardus,Leopard,Mammalia,kruger,-23.964933,31.542684,2018-07-16
Panthera pardus,Leopard,Mammalia,kruger,-23.852739,31.440216,2018-07-15
Panthera pardus,Leopard,Mammalia,kruger,-23.891048,31.521698,2018-07-28
Panthera pardus,Leopard,Mammalia,kruger,-24.471894,31.709592,2018-08-10
Panthera pardus,Leopard,Mammalia,kruger,-24.127915,31.685146,2018-08-16
Panthera pardus,Leopard,Mammalia,kruger,-24.337209,31.961149,2018-08-08
Panthera pardus,Leopard,Mammalia,kruger,-24.463372,31.801699,2018-08-17
Panthera pardus,Leopard,Mammalia,kruger,-23.944031,31.21934,2018-09-10
Panthera pardus,Leopard,Mammalia,kruger,-23.832022,31.569942,2018-09-15
Panthera pardus,Leopard,Mammalia,kruger,-23.9,31.560514,2018-10-29
Panthera pardus,Leopard,Mammalia,kruger,-23.608067,31.474746,2018-10-21
Panthera pardus,Leopard,Mammalia,kruger,-23.904171,31.418835,2018-10-02
Panthera pardus,Leopard,Mammalia,kruger,-24.19642,30.955371,2018-10-05
Panthera pardus,Leopard,Mammalia,kruger,-24.539426,31.853799,2018-11-03
Panthera pardus,Leopard,Mammalia,kruger,-24.373203,31.65617,2018-11-18
Tragelaphus strepsiceros,Greater Kudu,Mammalia,kruger,-24.162002,30.848526,2026-01-20
Tragelaphus strepsiceros,Greater Kudu,Mammalia,kruger,-24.287972,31.742956,2026-01-14
Tragelaphus strepsiceros,Greater Kudu,Mammalia,kruger,-24.517973,30.80259,2026-01-01
Tragelaphus strepsiceros,Greater Kudu,Mammalia,kruger,-24.343383,31.00114,2026-01-23
Tragelaphus strepsiceros,Greater Kudu,Mammalia,kruger,-24.151407,31.378983,2026-01-06
Tragelaphus strepsiceros,Greater Kudu,Mammalia,kruger,-24.151407,31.378983,2026-01-08
Tragelaphus strepsiceros,Greater Kudu,Mammalia,kruger,-24.348169,30.982014,2026-02-09
Tragelaphus strepsiceros,Greater Kudu,Mammalia,kruger,-23.880644,31.128037,2026-02-15
Tragelaphus strepsiceros,Greater Kudu,Mammalia,kruger,-23.988385,31.55474,2026-02-18
Tragelaphus strepsiceros,Greater Kudu,Mammalia,kruger,-23.983298,31.55474,2026-02-10
Tragelaphus strepsiceros,Greater Kudu,Mammalia,kruger,-23.983298,31.55474,2026-02-06
Tragelaphus strepsiceros,Greater Kudu,Mammalia,kruger,-24.303863,31.345722,2026-03-04
Tragelaphus strepsiceros,Greater Kudu,Mammalia,kruger,-23.870393,31.123335,2026-03-13
Tragelaphus strepsiceros,Greater Kudu,Mammalia,kruger,-23.869344,31.129712,2026-03-10
Tragelaphus strepsiceros,Greater Kudu,Mammalia,kruger,-23.932273,31.504722,2026-03-14
Tragelaphus strepsiceros,Greater Kudu,Mammalia,kruger,-24.218758,31.281637,2026-03-10
Tragelaphus strepsiceros,Greater Kudu,Mammalia,kruger,-23.983298,31.55474,2026-03-30
Tragelaphus strepsiceros,Greater Kudu,Mammalia,kruger,-24.395109,31.593614,2026-03-18
Tragelaphus strepsiceros,Greater Kudu,Mammalia,kruger,-23.983298,31.55474,2026-04-08
Tragelaphus strepsiceros,Greater Kudu,Mammalia,kruger,-24.401033,31.753175,2026-04-12
Tragelaphus strepsiceros,Greater Kudu,Mammalia,kruger,-24.395109,31.593614,2026-04-18
Tragelaphus strepsiceros,Greater Kudu,Mammalia,kruger,-24.461333,31.227755,2026-04-12
Tragelaphus strepsiceros,Greater Kudu,Mammalia,kruger,-24.402179,31.759079,2026-04-14
Tragelaphus strepsiceros,Greater Kudu,Mammalia,kruger,-23.983298,31.55474,2026-04-27
Tragelaphus strepsiceros,Greater Kudu,Mammalia,kruger,-23.829032,31.585583,2026-04-19
Tragelaphus strepsiceros,Greater Kudu,Mammalia,kruger,-23.926096,30.923788,2026-04-15
Tragelaphus strepsiceros,Greater Kudu,Mammalia,kruger,-23.983298,31.55474,2026-04-26
Tragelaphus strepsiceros,Greater Kudu,Mammalia,kruger,-24.163503,31.204274,2026-05-02
Tragelaphus strepsiceros,Greater Kudu,Mammalia,kruger,-24.392671,31.707231,2026-05-30
Tragelaphus strepsiceros,Greater Kudu,Mammalia,kruger,-24.477826,31.088662,2026-05-31
Tragelaphus strepsiceros,Greater Kudu,Mammalia,kruger,-23.918074,31.505281,2026-05-15
Tragelaphus strepsiceros,Greater Kudu,Mammalia,kruger,-23.962655,31.408432,2026-05-22
Tragelaphus strepsiceros,Greater Kudu,Mammalia,kruger,-23.322657,31.321786,2026-06-01
Tragelaphus strepsiceros,Greater Kudu,Mammalia,kruger,-24.613592,31.686438,2026-06-24
Tragelaphus strepsiceros,Greater Kudu,Mammalia,kruger,-24.4753,31.399047,2026-06-17
Tragelaphus strepsiceros,Greater Kudu,Mammalia,kruger,-24.196458,31.087581,2026-06-22
Tragelaphus strepsiceros,Greater Kudu,Mammalia,kruger,-23.802892,31.539359,2026-06-24
Tragelaphus strepsiceros,Greater Kudu,Mammalia,kruger,-24.706316,31.82149,2026-06-01
Tragelaphus strepsiceros,Greater Kudu,Mammalia,kruger,-24.706482,31.822159,2026-06-01
Tragelaphus strepsiceros,Greater Kudu,Mammalia,kruger,-24.524648,30.816983,2026-06-03
Tragelaphus strepsiceros,Greater Kudu,Mammalia,kruger,-24.425112,31.786179,2026-07-15
Tragelaphus strepsiceros,Greater Kudu,Mammalia,kruger,-24.425112,31.786179,2026-07-15
Tragelaphus strepsiceros,Greater Kudu,Mammalia,kruger,-24.3878,31.774054,2026-07-14
Tragelaphus strepsiceros,Greater Kudu,Mammalia,kruger,-24.38567,31.771925,2026-07-13
Tragelaphus strepsiceros,Greater Kudu,Mammalia,kruger,-24.38567,31.771925,2026-07-13
Tragelaphus strepsiceros,Greater Kudu,Mammalia,kruger,-24.3878,31.774054,2026-07-14
Tragelaphus strepsiceros,Greater Kudu,Mammalia,kruger,-24.425112,31.786179,2026-07-15
Tragelaphus strepsiceros,Greater Kudu,Mammalia,kruger,-24.3878,31.774054,2026-07-14
Tragelaphus strepsiceros,Greater Kudu,Mammalia,kruger,-24.403315,31.766573,2026-07-14
Tragelaphus strepsiceros,Greater Kudu,Mammalia,kruger,-24.403315,31.766573,2026-07-14
Tragelaphus strepsiceros,Greater Kudu,Mammalia,kruger,-24.403315,31.766573,2026-07-14
Tragelaphus strepsiceros,Greater Kudu,Mammalia,kruger,-24.350761,30.95601,2026-07-09
Tragelaphus strepsiceros,Greater Kudu,Mammalia,kruger,-24.350761,30.95601,2026-07-10
Tragelaphus strepsiceros,Greater Kudu,Mammalia,kruger,-23.988385,31.55474,2026-07-14
Tragelaphus strepsiceros,Greater Kudu,Mammalia,kruger,-23.988385,31.55474,2026-07-14
Tragelaphus strepsiceros,Greater Kudu,Mammalia,kruger,-24.350761,30.95601,2026-07-09
Tragelaphus strepsiceros,Greater Kudu,Mammalia,kruger,-24.350761,30.95601,2026-07-07
Tragelaphus strepsiceros,Greater Kudu,Mammalia,kruger,-24.242944,30.881962,2026-07-17
Tragelaphus strepsiceros,Greater Kudu,Mammalia,kruger,-23.983298,31.55474,2026-07-19
Tragelaphus strepsiceros,Greater Kudu,Mammalia,kruger,-24.206768,31.297342,2026-08-05
Tragelaphus strepsiceros,Greater Kudu,Mammalia,kruger,-24.144878,31.070981,2026-08-13
Tragelaphus strepsiceros,Greater Kudu,Mammalia,kruger,-23.988385,31.55474,2026-08-13
Tragelaphus strepsiceros,Greater Kudu,Mammalia,kruger,-24.186805,31.272221,2026-08-04
Tragelaphus strepsiceros,Greater Kudu,Mammalia,kruger,-24.14423,31.077534,2026-08-13
Tragelaphus strepsiceros,Greater Kudu,Mammalia,kruger,-24.0029,31.68865,2026-08-29
Tragelaphus strepsiceros,Greater Kudu,Mammalia,kruger,-23.988385,31.55474,2026-08-12
Tragelaphus strepsiceros,Greater Kudu,Mammalia,kruger,-24.363459,30.947913,2025-01-14
Tragelaphus strepsiceros,Greater Kudu,Mammalia,kruger,-24.435159,31.489658,2025-01-09
Tragelaphus strepsiceros,Greater Kudu,Mammalia,kruger,-24.367286,31.765858,2025-01-11
Tragelaphus strepsiceros,Greater Kudu,Mammalia,kruger,-24.409025,31.562511,2025-01-11
Tragelaphus strepsiceros,Greater Kudu,Mammalia,kruger,-24.391614,31.6968,2025-01-11
Tragelaphus strepsiceros,Greater Kudu,Mammalia,kruger,-24.46341,31.45978,2025-01-12
Tragelaphus strepsiceros,Greater Kudu,Mammalia,kruger,-24.362041,31.797201,2025-01-16
Tragelaphus strepsiceros,Greater Kudu,Mammalia,kruger,-24.405364,31.547541,2025-01-12
Tragelaphus strepsiceros,Greater Kudu,Mammalia,kruger,-24.362041,31.797201,2025-01-16
Tragelaphus strepsiceros,Greater Kudu,Mammalia,kruger,-24.446424,31.905594,2025-01-13
Tragelaphus strepsiceros,Greater Kudu,Mammalia,kruger,-24.679969,31.809218,2025-01-13
Tragelaphus strepsiceros,Greater Kudu,Mammalia,kruger,-24.405048,31.549215,2025-01-13
Tragelaphus strepsiceros,Greater Kudu,Mammalia,kruger,-24.440799,31.838218,2025-01-13
Tragelaphus strepsiceros,Greater Kudu,Mammalia,kruger,-24.397011,31.740091,2025-01-14
Tragelaphus strepsiceros,Greater Kudu,Mammalia,kruger,-24.31001,31.747701,2025-01-14
Tragelaphus strepsiceros,Greater Kudu,Mammalia,kruger,-24.477195,31.781985,2025-01-14
Tragelaphus strepsiceros,Greater Kudu,Mammalia,kruger,-24.368128,31.7656,2025-01-14
Tragelaphus strepsiceros,Greater Kudu,Mammalia,kruger,-24.463698,31.785239,2025-01-15
Tragelaphus strepsiceros,Greater Kudu,Mammalia,kruger,-24.307094,31.783712,2025-01-09
Tragelaphus strepsiceros,Greater Kudu,Mammalia,kruger,-24.26188,31.646643,2025-02-08
Tragelaphus strepsiceros,Greater Kudu,Mammalia,kruger,-23.851092,31.572072,2025-02-04
Tragelaphus strepsiceros,Greater Kudu,Mammalia,kruger,-23.812137,31.582147,2025-02-04
Tragelaphus strepsiceros,Greater Kudu,Mammalia,kruger,-24.285841,31.167817,2025-02-18
Tragelaphus strepsiceros,Greater Kudu,Mammalia,kruger,-23.988385,31.55474,2025-02-26
Tragelaphus strepsiceros,Greater Kudu,Mammalia,kruger,-24.377564,31.919314,2025-02-23
Tragelaphus strepsiceros,Greater Kudu,Mammalia,kruger,-24.17989,31.645202,2025-03-23
Tragelaphus strepsiceros,Greater Kudu,Mammalia,kruger,-24.152936,31.720988,2025-03-02
Tragelaphus strepsiceros,Greater Kudu,Mammalia,kruger,-23.854232,31.574432,2025-03-16
Tragelaphus strepsiceros,Greater Kudu,Mammalia,kruger,-23.983298,31.55474,2025-03-15
Tragelaphus strepsiceros,Greater Kudu,Mammalia,kruger,-23.983298,31.55474,2025-03-18
Tragelaphus strepsiceros,Greater Kudu,Mammalia,kruger,-24.253197,31.588825,2025-04-09
Tragelaphus strepsiceros,Greater Kudu,Mammalia,kruger,-24.401484,31.187726,2025-04-25
Tragelaphus strepsiceros,Greater Kudu,Mammalia,kruger,-24.405627,31.182318,2025-04-25
Tragelaphus strepsiceros,Greater Kudu,Mammalia,kruger,-24.645265,31.323106,2025-04-25
Tragelaphus strepsiceros,Greater Kudu,Mammalia,kruger,-24.5728,31.593237,2025-04-20
Tragelaphus strepsiceros,Greater Kudu,Mammalia,kruger,-24.569008,31.393773,2025-04-12
Tragelaphus strepsiceros,Greater Kudu,Mammalia,kruger,-24.398009,31.787046,2025-05-07
Tragelaphus strepsiceros,Greater Kudu,Mammalia,kruger,-23.988385,31.55474,2025-05-16
Tragelaphus strepsiceros,Greater Kudu,Mammalia,kruger,-24.539704,31.400249,2025-05-08
Tragelaphus strepsiceros,Greater Kudu,Mammalia,kruger,-24.524835,30.817841,2025-05-27
Tragelaphus strepsiceros,Greater Kudu,Mammalia,kruger,-24.521275,30.813226,2025-05-22
Tragelaphus strepsiceros,Greater Kudu,Mammalia,kruger,-24.317103,30.960367,2025-06-06
Tragelaphus strepsiceros,Greater Kudu,Mammalia,kruger,-23.921217,31.499805,2025-06-22
Tragelaphus strepsiceros,Greater Kudu,Mammalia,kruger,-23.968497,31.55474,2025-06-11
Tragelaphus strepsiceros,Greater Kudu,Mammalia,kruger,-24.356987,30.95113,2025-06-29
Tragelaphus strepsiceros,Greater Kudu,Mammalia,kruger,-23.968497,31.55474,2025-06-30
Tragelaphus strepsiceros,Greater Kudu,Mammalia,kruger,-24.469263,31.400766,2025-06-24
Tragelaphus strepsiceros,Greater Kudu,Mammalia,kruger,-24.469263,31.400766,2025-06-24
Tragelaphus strepsiceros,Greater Kudu,Mammalia,kruger,-24.27914,31.461356,2025-06-27
Tragelaphus strepsiceros,Greater Kudu,Mammalia,kruger,-24.05257,31.301988,2025-06-26
Tragelaphus strepsiceros,Greater Kudu,Mammalia,kruger,-24.395247,30.794747,2025-06-19
Tragelaphus strepsiceros,Greater Kudu,Mammalia,kruger,-23.988385,31.55474,2025-06-10
Tragelaphus strepsiceros,Greater Kudu,Mammalia,kruger,-23.928083,31.385862,2025-07-10
Tragelaphus strepsiceros,Greater Kudu,Mammalia,kruger,-24.411478,31.612414,2025-07-08
Tragelaphus strepsiceros,Greater Kudu,Mammalia,kruger,-24.382582,31.908499,2025-07-09
Tragelaphus strepsiceros,Greater Kudu,Mammalia,kruger,-24.402616,31.769818,2025-07-13
Tragelaphus strepsiceros,Greater Kudu,Mammalia,kruger,-24.526317,30.785497,2025-07-13
Tragelaphus strepsiceros,Greater Kudu,Mammalia,kruger,-24.3117,30.946892,2025-07-11
Tragelaphus strepsiceros,Greater Kudu,Mammalia,kruger,-24.206965,30.877156,2025-07-14
Tragelaphus strepsiceros,Greater Kudu,Mammalia,kruger,-24.107538,30.914195,2025-07-08
Tragelaphus strepsiceros,Greater Kudu,Mammalia,kruger,-24.379745,31.636018,2025-07-19
Tragelaphus strepsiceros,Greater Kudu,Mammalia,kruger,-24.399062,31.789656,2025-07-19
Tragelaphus strepsiceros,Greater Kudu,Mammalia,kruger,-24.342624,31.656083,2025-07-19
Tragelaphus strepsiceros,Greater Kudu,Mammalia,kruger,-24.276452,31.791844,2025-07-19
Tragelaphus strepsiceros,Greater Kudu,Mammalia,kruger,-24.239881,31.666825,2025-07-19
Tragelaphus strepsiceros,Greater Kudu,Mammalia,kruger,-24.265484,31.66854,2025-07-19
Tragelaphus strepsiceros,Greater Kudu,Mammalia,kruger,-24.274297,30.860202,2025-07-25
Tragelaphus strepsiceros,Greater Kudu,Mammalia,kruger,-24.040769,30.996256,2025-07-25
Tragelaphus strepsiceros,Greater Kudu,Mammalia,kruger,-24.259781,31.686143,2025-07-19
Tragelaphus strepsiceros,Greater Kudu,Mammalia,kruger,-24.225541,31.68244,2025-07-19
Tragelaphus strepsiceros,Greater Kudu,Mammalia,kruger,-24.381234,30.869072,2025-07-28
Tragelaphus strepsiceros,Greater Kudu,Mammalia,kruger,-24.224557,31.707418,2025-07-19
Tragelaphus strepsiceros,Greater Kudu,Mammalia,kruger,-24.380337,31.029249,2025-07-19
Tragelaphus strepsiceros,Greater Kudu,Mammalia,kruger,-24.27914,31.461356,2025-07-02
Tragelaphus strepsiceros,Greater Kudu,Mammalia,kruger,-23.833507,31.590911,2025-07-23
Tragelaphus strepsiceros,Greater Kudu,Mammalia,kruger,-23.988385,31.55474,2025-07-16
Tragelaphus strepsiceros,Greater Kudu,Mammalia,kruger,-23.9291,31.460995,2025-07-18
Tragelaphus strepsiceros,Greater Kudu,Mammalia,kruger,-23.988385,31.55474,2025-07-14
Tragelaphus strepsiceros,Greater Kudu,Mammalia,kruger,-24.210133,30.895521,2025-08-01
Tragelaphus strepsiceros,Greater Kudu,Mammalia,kruger,-23.354485,31.302055,2025-08-08
Tragelaphus strepsiceros,Greater Kudu,Mammalia,kruger,-23.354485,31.302055,2025-08-06
Tragelaphus strepsiceros,Greater Kudu,Mammalia,kruger,-23.354485,31.302055,2025-08-06
Tragelaphus strepsiceros,Greater Kudu,Mammalia,kruger,-24.067349,31.445154,2025-08-13
Tragelaphus strepsiceros,Greater Kudu,Mammalia,kruger,-24.067349,31.445154,2025-08-14
Tragelaphus strepsiceros,Greater Kudu,Mammalia,kruger,-23.968497,31.55474,2025-08-18
Tragelaphus strepsiceros,Greater Kudu,Mammalia,kruger,-24.006056,31.740271,2025-08-11
Tragelaphus strepsiceros,Greater Kudu,Mammalia,kruger,-24.017973,31.718298,2025-08-13
Tragelaphus strepsiceros,Greater Kudu,Mammalia,kruger,-24.261639,31.730356,2025-08-19
Tragelaphus strepsiceros,Greater Kudu,Mammalia,kruger,-24.345695,30.959725,2025-08-21
Tragelaphus strepsiceros,Greater Kudu,Mammalia,kruger,-24.110051,31.665064,2025-08-19
Tragelaphus strepsiceros,Greater Kudu,Mammalia,kruger,-24.618083,31.793433,2025-09-07
Tragelaphus strepsiceros,Greater Kudu,Mammalia,kruger,-24.218903,31.391156,2025-09-15
Tragelaphus strepsiceros,Greater Kudu,Mammalia,kruger,-24.195226,31.382952,2025-09-17
Tragelaphus strepsiceros,Greater Kudu,Mammalia,kruger,-23.945617,31.749367,2025-09-17
Tragelaphus strepsiceros,Greater Kudu,Mammalia,kruger,-24.621765,31.808673,2025-09-17
Tragelaphus strepsiceros,Greater Kudu,Mammalia,kruger,-24.457005,31.787811,2025-09-02
Tragelaphus strepsiceros,Greater Kudu,Mammalia,kruger,-24.216116,31.542993,2025-09-15
Tragelaphus strepsiceros,Greater Kudu,Mammalia,kruger,-24.393012,31.779809,2025-09-03
Tragelaphus strepsiceros,Greater Kudu,Mammalia,kruger,-24.531047,30.790719,2025-09-29
Tragelaphus strepsiceros,Greater Kudu,Mammalia,kruger,-24.518799,30.807698,2025-09-30
Tragelaphus strepsiceros,Greater Kudu,Mammalia,kruger,-23.926518,31.504468,2025-09-27
Tragelaphus strepsiceros,Greater Kudu,Mammalia,kruger,-23.988385,31.55474,2025-09-05
Tragelaphus strepsiceros,Greater Kudu,Mammalia,kruger,-24.392853,31.779624,2025-09-04
Tragelaphus strepsiceros,Greater Kudu,Mammalia,kruger,-24.355325,31.762878,2025-09-07
Tragelaphus strepsiceros,Greater Kudu,Mammalia,kruger,-24.224157,30.89793,2025-10-06
Tragelaphus strepsiceros,Greater Kudu,Mammalia,kruger,-23.983298,31.55474,2025-10-04
Tragelaphus strepsiceros,Greater Kudu,Mammalia,kruger,-23.853775,31.578077,2025-10-13
Tragelaphus strepsiceros,Greater Kudu,Mammalia,kruger,-24.435473,31.968457,2025-10-17
Tragelaphus strepsiceros,Greater Kudu,Mammalia,kruger,-24.435478,31.968449,2025-10-17
Tragelaphus strepsiceros,Greater Kudu,Mammalia,kruger,-24.373742,31.928102,2025-10-17
Tragelaphus strepsiceros,Greater Kudu,Mammalia,kruger,-24.403132,31.581028,2025-10-18
Tragelaphus strepsiceros,Greater Kudu,Mammalia,kruger,-24.37552,31.70765,2025-10-11
Tragelaphus strepsiceros,Greater Kudu,Mammalia,kruger,-23.862909,31.566092,2025-10-02
Tragelaphus strepsiceros,Greater Kudu,Mammalia,kruger,-24.474637,31.783064,2025-10-13
Tragelaphus strepsiceros,Greater Kudu,Mammalia,kruger,-23.91531,31.672909,2025-10-02
Tragelaphus strepsiceros,Greater Kudu,Mammalia,kruger,-23.837369,31.627794,2025-10-02
Tragelaphus strepsiceros,Greater Kudu,Mammalia,kruger,-23.833782,31.58321,2025-10-02
Tragelaphus strepsiceros,Greater Kudu,Mammalia,kruger,-23.865181,31.26606,2025-10-01
Tragelaphus strepsiceros,Greater Kudu,Mammalia,kruger,-23.688882,31.108619,2025-11-01
Tragelaphus strepsiceros,Greater Kudu,Mammalia,kruger,-24.251495,31.722976,2025-11-16
Tragelaphus strepsiceros,Greater Kudu,Mammalia,kruger,-23.615718,31.461886,2025-11-03
Tragelaphus strepsiceros,Greater Kudu,Mammalia,kruger,-23.854232,31.574432,2025-11-30
Tragelaphus strepsiceros,Greater Kudu,Mammalia,kruger,-23.854232,31.574432,2025-11-29
Tragelaphus strepsiceros,Greater Kudu,Mammalia,kruger,-24.514758,30.803915,2025-11-07
Tragelaphus strepsiceros,Greater Kudu,Mammalia,kruger,-24.39777,31.591268,2025-11-07
Tragelaphus strepsiceros,Greater Kudu,Mammalia,kruger,-24.51694,30.810011,2025-11-06
Tragelaphus strepsiceros,Greater Kudu,Mammalia,kruger,-24.409973,31.565941,2025-11-07
Tragelaphus strepsiceros,Greater Kudu,Mammalia,kruger,-24.51694,30.810011,2025-11-06
Tragelaphus strepsiceros,Greater Kudu,Mammalia,kruger,-24.51694,30.810011,2025-11-07
Tragelaphus strepsiceros,Greater Kudu,Mammalia,kruger,-23.857049,31.566868,2025-11-10
Tragelaphus strepsiceros,Greater Kudu,Mammalia,kruger,-24.293455,31.566787,2025-11-21
Tragelaphus strepsiceros,Greater Kudu,Mammalia,kruger,-23.779165,31.351989,2025-11-07
Tragelaphus strepsiceros,Greater Kudu,Mammalia,kruger,-23.9291,31.460995,2025-11-17
Tragelaphus strepsiceros,Greater Kudu,Mammalia,kruger,-24.51692,30.809812,2025-11-10
Tragelaphus strepsiceros,Greater Kudu,Mammalia,kruger,-24.470113,31.784218,2025-12-08
Tragelaphus strepsiceros,Greater Kudu,Mammalia,kruger,-24.389337,31.895733,2025-12-11
Tragelaphus strepsiceros,Greater Kudu,Mammalia,kruger,-24.474232,31.403041,2025-12-11
Tragelaphus strepsiceros,Greater Kudu,Mammalia,kruger,-24.321561,31.263489,2025-12-22
Tragelaphus strepsiceros,Greater Kudu,Mammalia,kruger,-24.529042,30.824592,2025-12-20
Tragelaphus strepsiceros,Greater Kudu,Mammalia,kruger,-23.938394,31.608549,2025-12-25
Tragelaphus strepsiceros,Greater Kudu,Mammalia,kruger,-24.487813,31.383674,2025-12-22
Tragelaphus strepsiceros,Greater Kudu,Mammalia,kruger,-23.930308,31.504267,2025-12-03
Tragelaphus strepsiceros,Greater Kudu,Mammalia,kruger,-23.933458,31.512161,2025-12-05
Tragelaphus strepsiceros,Greater Kudu,Mammalia,kruger,-24.332668,31.588677,2024-01-23
Tragelaphus strepsiceros,Greater Kudu,Mammalia,kruger,-24.369742,31.923478,2024-01-23
Tragelaphus strepsiceros,Greater Kudu,Mammalia,kruger,-24.518719,30.810018,2024-01-22
Tragelaphus strepsiceros,Greater Kudu,Mammalia,kruger,-24.517139,31.245804,2024-02-23
Tragelaphus strepsiceros,Greater Kudu,Mammalia,kruger,-24.396273,31.813239,2024-03-17
Tragelaphus strepsiceros,Greater Kudu,Mammalia,kruger,-23.689093,31.524972,2024-03-21
Tragelaphus strepsiceros,Greater Kudu,Mammalia,kruger,-23.988385,31.55474,2024-03-31
Tragelaphus strepsiceros,Greater Kudu,Mammalia,kruger,-23.93113,31.504287,2024-04-04
Tragelaphus strepsiceros,Greater Kudu,Mammalia,kruger,-23.983298,31.55474,2024-04-26
Tragelaphus strepsiceros,Greater Kudu,Mammalia,kruger,-23.988385,31.55474,2024-04-02
Tragelaphus strepsiceros,Greater Kudu,Mammalia,kruger,-24.660333,31.796268,2024-04-27
Tragelaphus strepsiceros,Greater Kudu,Mammalia,kruger,-24.212327,31.357435,2024-05-21
Tragelaphus strepsiceros,Greater Kudu,Mammalia,kruger,-24.212939,31.356593,2024-05-23
Tragelaphus strepsiceros,Greater Kudu,Mammalia,kruger,-24.286062,31.741972,2024-05-05
Tragelaphus strepsiceros,Greater Kudu,Mammalia,kruger,-24.271488,31.731165,2024-05-05
Tragelaphus strepsiceros,Greater Kudu,Mammalia,kruger,-24.348263,31.693485,2024-05-05
Tragelaphus strepsiceros,Greater Kudu,Mammalia,kruger,-24.287994,31.742943,2024-05-09
Tragelaphus strepsiceros,Greater Kudu,Mammalia,kruger,-24.391924,31.665668,2024-05-05
Tragelaphus strepsiceros,Greater Kudu,Mammalia,kruger,-24.391132,31.69508,2024-05-05
Tragelaphus strepsiceros,Greater Kudu,Mammalia,kruger,-24.33251,31.756268,2024-05-09
Tragelaphus strepsiceros,Greater Kudu,Mammalia,kruger,-24.38011,31.915303,2024-05-31
Tragelaphus strepsiceros,Greater Kudu,Mammalia,kruger,-24.472682,31.41138,2024-05-27
Tragelaphus strepsiceros,Greater Kudu,Mammalia,kruger,-24.265158,31.64843,2024-05-29
Tragelaphus strepsiceros,Greater Kudu,Mammalia,kruger,-23.988385,31.55474,2024-05-24
Tragelaphus strepsiceros,Greater Kudu,Mammalia,kruger,-24.398517,31.809933,2024-05-15
Tragelaphus strepsiceros,Greater Kudu,Mammalia,kruger,-23.834883,31.63825,2024-05-23
Tragelaphus strepsiceros,Greater Kudu,Mammalia,kruger,-24.516476,30.810112,2024-05-16
Tragelaphus strepsiceros,Greater Kudu,Mammalia,kruger,-24.456233,31.399267,2024-05-11
Tragelaphus strepsiceros,Greater Kudu,Mammalia,kruger,-24.516011,30.810125,2024-05-16
Tragelaphus strepsiceros,Greater Kudu,Mammalia,kruger,-23.988385,31.55474,2024-05-22
Tragelaphus strepsiceros,Greater Kudu,Mammalia,kruger,-23.988385,31.55474,2024-05-23
Tragelaphus strepsiceros,Greater Kudu,Mammalia,kruger,-23.988385,31.55474,2024-05-22
Tragelaphus strepsiceros,Greater Kudu,Mammalia,kruger,-24.062484,31.700226,2024-06-06
Tragelaphus strepsiceros,Greater Kudu,Mammalia,kruger,-24.350756,30.95601,2024-06-12
Tragelaphus strepsiceros,Greater Kudu,Mammalia,kruger,-24.470628,31.427268,2024-06-29
Tragelaphus strepsiceros,Greater Kudu,Mammalia,kruger,-24.452722,31.171288,2024-06-30
Tragelaphus strepsiceros,Greater Kudu,Mammalia,kruger,-24.483345,31.192972,2024-07-01
Tragelaphus strepsiceros,Greater Kudu,Mammalia,kruger,-24.521561,31.123731,2024-07-31
Tragelaphus strepsiceros,Greater Kudu,Mammalia,kruger,-24.521586,31.123736,2024-07-31
Tragelaphus strepsiceros,Greater Kudu,Mammalia,kruger,-24.452314,31.322858,2024-07-24
Tragelaphus strepsiceros,Greater Kudu,Mammalia,kruger,-23.921227,31.262315,2024-07-18
Tragelaphus strepsiceros,Greater Kudu,Mammalia,kruger,-24.189866,30.992086,2024-08-19
Tragelaphus strepsiceros,Greater Kudu,Mammalia,kruger,-24.325808,31.754108,2024-08-03
Tragelaphus strepsiceros,Greater Kudu,Mammalia,kruger,-24.520228,31.115703,2024-08-02
Tragelaphus strepsiceros,Greater Kudu,Mammalia,kruger,-24.520267,31.114914,2024-08-02
Tragelaphus strepsiceros,Greater Kudu,Mammalia,kruger,-24.387964,31.629236,2024-08-01
Tragelaphus strepsiceros,Greater Kudu,Mammalia,kruger,-24.288344,31.231355,2024-08-31
Tragelaphus strepsiceros,Greater Kudu,Mammalia,kruger,-23.831603,31.407398,2024-08-11
Tragelaphus strepsiceros,Greater Kudu,Mammalia,kruger,-24.178774,31.646114,2024-08-11
Tragelaphus strepsiceros,Greater Kudu,Mammalia,kruger,-24.405744,31.737348,2024-08-07
Tragelaphus strepsiceros,Greater Kudu,Mammalia,kruger,-24.215222,30.894195,2024-08-05
Tragelaphus strepsiceros,Greater Kudu,Mammalia,kruger,-24.389849,31.615356,2024-08-06
Tragelaphus strepsiceros,Greater Kudu,Mammalia,kruger,-24.186303,31.283,2024-09-10
Tragelaphus strepsiceros,Greater Kudu,Mammalia,kruger,-24.186319,31.283043,2024-09-10
Tragelaphus strepsiceros,Greater Kudu,Mammalia,kruger,-23.988385,31.55474,2024-09-07
Tragelaphus strepsiceros,Greater Kudu,Mammalia,kruger,-23.835298,31.622208,2024-09-17
Tragelaphus strepsiceros,Greater Kudu,Mammalia,kruger,-23.988385,31.55474,2024-09-10
Tragelaphus strepsiceros,Greater Kudu,Mammalia,kruger,-23.714626,31.266021,2024-09-16
Tragelaphus strepsiceros,Greater Kudu,Mammalia,kruger,-23.988385,31.55474,2024-09-14
Tragelaphus strepsiceros,Greater Kudu,Mammalia,kruger,-24.350761,30.95601,2024-09-13
Tragelaphus strepsiceros,Greater Kudu,Mammalia,kruger,-23.988385,31.55474,2024-09-12
Tragelaphus strepsiceros,Greater Kudu,Mammalia,kruger,-24.2286,31.277274,2024-09-28
Tragelaphus strepsiceros,Greater Kudu,Mammalia,kruger,-23.988385,31.55474,2024-09-27
Tragelaphus strepsiceros,Greater Kudu,Mammalia,kruger,-24.3297,31.755407,2024-09-17
Tragelaphus strepsiceros,Greater Kudu,Mammalia,kruger,-24.139859,31.827045,2024-09-26
Tragelaphus strepsiceros,Greater Kudu,Mammalia,kruger,-24.220264,31.717401,2024-09-27
Tragelaphus strepsiceros,Greater Kudu,Mammalia,kruger,-24.395623,31.926416,2024-09-26
Tragelaphus strepsiceros,Greater Kudu,Mammalia,kruger,-24.282381,31.741519,2024-09-27
Tragelaphus strepsiceros,Greater Kudu,Mammalia,kruger,-24.19233,30.949273,2024-10-15
Tragelaphus strepsiceros,Greater Kudu,Mammalia,kruger,-23.988385,31.55474,2024-10-16
Tragelaphus strepsiceros,Greater Kudu,Mammalia,kruger,-24.573769,31.96869,2024-10-21
Tragelaphus strepsiceros,Greater Kudu,Mammalia,kruger,-24.292237,30.946,2024-10-22
Tragelaphus strepsiceros,Greater Kudu,Mammalia,kruger,-24.225483,31.268824,2024-10-01
Tragelaphus strepsiceros,Greater Kudu,Mammalia,kruger,-24.225845,31.274832,2024-10-01
Tragelaphus strepsiceros,Greater Kudu,Mammalia,kruger,-24.225503,31.269166,2024-10-01
Tragelaphus strepsiceros,Greater Kudu,Mammalia,kruger,-23.988385,31.55474,2024-10-16
Tragelaphus strepsiceros,Greater Kudu,Mammalia,kruger,-24.290544,31.74446,2024-10-31
Tragelaphus strepsiceros,Greater Kudu,Mammalia,kruger,-23.995803,31.541312,2024-10-23
Tragelaphus strepsiceros,Greater Kudu,Mammalia,kruger,-23.968497,31.55474,2024-11-03
Tragelaphus strepsiceros,Greater Kudu,Mammalia,kruger,-24.469789,31.444005,2024-11-02
Tragelaphus strepsiceros,Greater Kudu,Mammalia,kruger,-24.531872,31.079917,2024-11-16
Tragelaphus strepsiceros,Greater Kudu,Mammalia,kruger,-24.390709,31.720921,2024-11-23
Tragelaphus strepsiceros,Greater Kudu,Mammalia,kruger,-23.779585,31.455352,2024-11-13
Tragelaphus strepsiceros,Greater Kudu,Mammalia,kruger,-24.565286,31.109558,2024-11-20
Tragelaphus strepsiceros,Greater Kudu,Mammalia,kruger,-24.611955,31.686262,2024-11-24
Tragelaphus strepsiceros,Greater Kudu,Mammalia,kruger,-24.3343,31.263645,2024-11-01
Tragelaphus strepsiceros,Greater Kudu,Mammalia,kruger,-23.858061,31.595806,2024-11-01
Tragelaphus strepsiceros,Greater Kudu,Mammalia,kruger,-23.988385,31.55474,2024-11-15
Tragelaphus strepsiceros,Greater Kudu,Mammalia,kruger,-23.988385,31.55474,2024-11-15
Tragelaphus strepsiceros,Greater Kudu,Mammalia,kruger,-23.988385,31.55474,2024-11-15
Tragelaphus strepsiceros,Greater Kudu,Mammalia,kruger,-23.822247,31.592992,2024-11-11
Tragelaphus strepsiceros,Greater Kudu,Mammalia,kruger,-23.840635,31.576513,2024-11-11
Tragelaphus strepsiceros,Greater Kudu,Mammalia,kruger,-23.988385,31.55474,2024-11-19
Tragelaphus strepsiceros,Greater Kudu,Mammalia,kruger,-24.299965,31.746712,2024-11-12
Tragelaphus strepsiceros,Greater Kudu,Mammalia,kruger,-23.968497,31.55474,2024-12-03
Tragelaphus strepsiceros,Greater Kudu,Mammalia,kruger,-24.584318,31.541764,2024-12-18
Tragelaphus strepsiceros,Greater Kudu,Mammalia,kruger,-24.417228,31.282167,2024-12-22
Tragelaphus strepsiceros,Greater Kudu,Mammalia,kruger,-24.313847,31.565583,2024-12-15
Tragelaphus strepsiceros,Greater Kudu,Mammalia,kruger,-24.055058,31.707963,2024-12-14
Tragelaphus strepsiceros,Greater Kudu,Mammalia,kruger,-24.399431,31.780981,2024-12-15
Tragelaphus strepsiceros,Greater Kudu,Mammalia,kruger,-24.311663,31.779618,2024-12-14
Tragelaphus strepsiceros,Greater Kudu,Mammalia,kruger,-24.417444,31.314639,2024-12-22
Tragelaphus strepsiceros,Greater Kudu,Mammalia,kruger,-24.448555,31.465967,2024-12-29
Tragelaphus strepsiceros,Greater Kudu,Mammalia,kruger,-24.453698,31.994451,2024-12-03
Tragelaphus strepsiceros,Greater Kudu,Mammalia,kruger,-24.406363,31.540108,2024-12-28
Tragelaphus strepsiceros,Greater Kudu,Mammalia,kruger,-24.387233,31.651138,2024-12-28
Tragelaphus strepsiceros,Greater Kudu,Mammalia,kruger,-24.517398,30.833948,2024-12-26
Tragelaphus strepsiceros,Greater Kudu,Mammalia,kruger,-23.830258,31.586053,2024-12-14
Tragelaphus strepsiceros,Greater Kudu,Mammalia,kruger,-24.456085,31.40755,2024-12-24
Tragelaphus strepsiceros,Greater Kudu,Mammalia,kruger,-24.407045,31.317962,2024-12-24
Tragelaphus strepsiceros,Greater Kudu,Mammalia,kruger,-24.405678,31.312512,2024-12-24
Tragelaphus strepsiceros,Greater Kudu,Mammalia,kruger,-24.405638,31.313113,2024-12-24
Tragelaphus strepsiceros,Greater Kudu,Mammalia,kruger,-24.404818,31.327995,2024-12-24
Tragelaphus strepsiceros,Greater Kudu,Mammalia,kruger,-23.968571,31.55474,2023-01-07
Tragelaphus strepsiceros,Greater Kudu,Mammalia,kruger,-23.988385,31.55474,2023-01-10
Tragelaphus strepsiceros,Greater Kudu,Mammalia,kruger,-24.360086,31.688301,2023-01-28
Tragelaphus strepsiceros,Greater Kudu,Mammalia,kruger,-24.390413,31.662052,2023-01-28
Tragelaphus strepsiceros,Greater Kudu,Mammalia,kruger,-24.404836,31.781272,2023-01-26
Tragelaphus strepsiceros,Greater Kudu,Mammalia,kruger,-23.964084,31.560233,2023-01-30
Tragelaphus strepsiceros,Greater Kudu,Mammalia,kruger,-23.949025,31.565727,2023-01-30
Tragelaphus strepsiceros,Greater Kudu,Mammalia,kruger,-23.836772,31.580138,2023-02-10
Tragelaphus strepsiceros,Greater Kudu,Mammalia,kruger,-24.3609,31.7635,2023-02-14
Tragelaphus strepsiceros,Greater Kudu,Mammalia,kruger,-24.05618,31.678332,2023-02-06
Tragelaphus strepsiceros,Greater Kudu,Mammalia,kruger,-24.196123,31.718768,2023-02-14
Tragelaphus strepsiceros,Greater Kudu,Mammalia,kruger,-24.441472,31.130286,2023-03-02
Tragelaphus strepsiceros,Greater Kudu,Mammalia,kruger,-24.557282,31.102837,2023-03-23
Tragelaphus strepsiceros,Greater Kudu,Mammalia,kruger,-24.521411,30.991145,2023-03-29
Tragelaphus strepsiceros,Greater Kudu,Mammalia,kruger,-24.140156,30.927978,2023-04-08
Tragelaphus strepsiceros,Greater Kudu,Mammalia,kruger,-23.988385,31.55474,2023-04-14
Tragelaphus strepsiceros,Greater Kudu,Mammalia,kruger,-23.988385,31.55474,2023-04-11
Tragelaphus strepsiceros,Greater Kudu,Mammalia,kruger,-24.3023,31.380927,2023-04-22
Tragelaphus strepsiceros,Greater Kudu,Mammalia,kruger,-24.302114,31.379319,2023-04-22
Tragelaphus strepsiceros,Greater Kudu,Mammalia,kruger,-24.475449,31.394475,2023-04-12
Tragelaphus strepsiceros,Greater Kudu,Mammalia,kruger,-24.457381,31.400355,2023-04-11
Tragelaphus strepsiceros,Greater Kudu,Mammalia,kruger,-23.988385,31.55474,2023-04-11
Tragelaphus strepsiceros,Greater Kudu,Mammalia,kruger,-23.988385,31.55474,2023-04-27
Tragelaphus strepsiceros,Greater Kudu,Mammalia,kruger,-24.085008,31.642448,2023-04-11
Tragelaphus strepsiceros,Greater Kudu,Mammalia,kruger,-23.988385,31.55474,2023-04-05
Tragelaphus strepsiceros,Greater Kudu,Mammalia,kruger,-23.886772,31.378959,2023-04-16
Tragelaphus strepsiceros,Greater Kudu,Mammalia,kruger,-23.916905,31.488822,2023-04-08
Tragelaphus strepsiceros,Greater Kudu,Mammalia,kruger,-24.262053,31.646853,2023-05-26
Tragelaphus strepsiceros,Greater Kudu,Mammalia,kruger,-24.387305,31.645675,2023-05-22
Tragelaphus strepsiceros,Greater Kudu,Mammalia,kruger,-24.366161,31.698191,2023-05-24
Tragelaphus strepsiceros,Greater Kudu,Mammalia,kruger,-23.583915,31.161549,2023-05-10
Tragelaphus strepsiceros,Greater Kudu,Mammalia,kruger,-23.940149,31.518923,2023-05-10
Tragelaphus strepsiceros,Greater Kudu,Mammalia,kruger,-23.976656,31.608646,2023-05-23
Tragelaphus strepsiceros,Greater Kudu,Mammalia,kruger,-24.00617,31.570022,2023-05-23
Tragelaphus strepsiceros,Greater Kudu,Mammalia,kruger,-23.988385,31.55474,2023-05-16
Tragelaphus strepsiceros,Greater Kudu,Mammalia,kruger,-24.347245,30.9831,2023-06-17
Tragelaphus strepsiceros,Greater Kudu,Mammalia,kruger,-24.51694,30.810011,2023-06-19
Tragelaphus strepsiceros,Greater Kudu,Mammalia,kruger,-23.812682,31.577095,2023-06-29
Tragelaphus strepsiceros,Greater Kudu,Mammalia,kruger,-24.149373,30.92895,2023-06-17
Tragelaphus strepsiceros,Greater Kudu,Mammalia,kruger,-23.988385,31.55474,2023-06-25
Tragelaphus strepsiceros,Greater Kudu,Mammalia,kruger,-23.988385,31.55474,2023-06-23
Tragelaphus strepsiceros,Greater Kudu,Mammalia,kruger,-24.513807,30.806864,2023-06-19
Tragelaphus strepsiceros,Greater Kudu,Mammalia,kruger,-24.418955,31.513512,2023-07-11
Tragelaphus strepsiceros,Greater Kudu,Mammalia,kruger,-24.487805,31.729837,2023-07-11
Tragelaphus strepsiceros,Greater Kudu,Mammalia,kruger,-24.456745,31.207428,2023-07-04
Tragelaphus strepsiceros,Greater Kudu,Mammalia,kruger,-23.968497,31.55474,2023-07-21
Tragelaphus strepsiceros,Greater Kudu,Mammalia,kruger,-23.988385,31.55474,2023-07-24
Tragelaphus strepsiceros,Greater Kudu,Mammalia,kruger,-23.988385,31.55474,2023-07-24
Tragelaphus strepsiceros,Greater Kudu,Mammalia,kruger,-23.988385,31.55474,2023-07-24
Tragelaphus strepsiceros,Greater Kudu,Mammalia,kruger,-24.454125,31.360327,2023-07-16
Tragelaphus strepsiceros,Greater Kudu,Mammalia,kruger,-24.454125,31.360327,2023-07-09
Tragelaphus strepsiceros,Greater Kudu,Mammalia,kruger,-23.988385,31.55474,2023-07-16
Tragelaphus strepsiceros,Greater Kudu,Mammalia,kruger,-23.988385,31.55474,2023-07-14
Tragelaphus strepsiceros,Greater Kudu,Mammalia,kruger,-24.41407,31.5221,2023-08-03
Tragelaphus strepsiceros,Greater Kudu,Mammalia,kruger,-24.177915,31.208251,2023-08-06
Tragelaphus strepsiceros,Greater Kudu,Mammalia,kruger,-24.177915,31.208251,2023-08-06
Tragelaphus strepsiceros,Greater Kudu,Mammalia,kruger,-24.460055,31.088764,2023-08-19
Tragelaphus strepsiceros,Greater Kudu,Mammalia,kruger,-24.419111,31.107844,2023-08-19
Tragelaphus strepsiceros,Greater Kudu,Mammalia,kruger,-24.533337,31.375863,2023-08-21
Tragelaphus strepsiceros,Greater Kudu,Mammalia,kruger,-24.40308,31.770388,2023-08-12
Tragelaphus strepsiceros,Greater Kudu,Mammalia,kruger,-23.47835,31.495425,2023-08-29
Tragelaphus strepsiceros,Greater Kudu,Mammalia,kruger,-23.812015,31.582167,2023-08-30
Tragelaphus strepsiceros,Greater Kudu,Mammalia,kruger,-23.433973,31.428925,2023-08-30
Tragelaphus strepsiceros,Greater Kudu,Mammalia,kruger,-23.852825,31.575833,2023-08-30
Tragelaphus strepsiceros,Greater Kudu,Mammalia,kruger,-23.91686,31.69426,2023-08-30
Tragelaphus strepsiceros,Greater Kudu,Mammalia,kruger,-23.8352,31.49511,2023-08-23
Tragelaphus strepsiceros,Greater Kudu,Mammalia,kruger,-23.816837,31.59491,2023-08-25
Tragelaphus strepsiceros,Greater Kudu,Mammalia,kruger,-23.951868,31.619762,2023-08-24
Tragelaphus strepsiceros,Greater Kudu,Mammalia,kruger,-24.392803,31.853536,2023-08-25
Tragelaphus strepsiceros,Greater Kudu,Mammalia,kruger,-24.436753,31.823185,2023-08-26
Tragelaphus strepsiceros,Greater Kudu,Mammalia,kruger,-23.92655,31.500593,2023-08-31
Tragelaphus strepsiceros,Greater Kudu,Mammalia,kruger,-24.060892,31.68946,2023-08-31
Tragelaphus strepsiceros,Greater Kudu,Mammalia,kruger,-24.30576,31.746758,2023-08-01
Tragelaphus strepsiceros,Greater Kudu,Mammalia,kruger,-24.6225,31.5807,2023-08-31
Tragelaphus strepsiceros,Greater Kudu,Mammalia,kruger,-23.983298,31.55474,2023-08-10
Tragelaphus strepsiceros,Greater Kudu,Mammalia,kruger,-24.677453,31.805097,2023-09-05
Tragelaphus strepsiceros,Greater Kudu,Mammalia,kruger,-24.472926,31.416855,2023-09-02
Tragelaphus strepsiceros,Greater Kudu,Mammalia,kruger,-24.413838,31.522338,2023-09-02
Tragelaphus strepsiceros,Greater Kudu,Mammalia,kruger,-24.200872,31.383003,2023-09-29
Tragelaphus strepsiceros,Greater Kudu,Mammalia,kruger,-24.215556,31.353333,2023-09-18
Tragelaphus strepsiceros,Greater Kudu,Mammalia,kruger,-24.543319,30.797181,2023-09-30
Tragelaphus strepsiceros,Greater Kudu,Mammalia,kruger,-24.446653,31.91123,2023-09-01
Tragelaphus strepsiceros,Greater Kudu,Mammalia,kruger,-24.638332,31.80032,2023-09-01
Tragelaphus strepsiceros,Greater Kudu,Mammalia,kruger,-24.030463,31.675108,2023-09-01
Tragelaphus strepsiceros,Greater Kudu,Mammalia,kruger,-24.341816,31.759062,2023-09-06
Tragelaphus strepsiceros,Greater Kudu,Mammalia,kruger,-24.215556,31.353333,2023-09-16
Tragelaphus strepsiceros,Greater Kudu,Mammalia,kruger,-24.215556,31.353333,2023-09-14
Tragelaphus strepsiceros,Greater Kudu,Mammalia,kruger,-23.983298,31.55474,2023-09-04
Tragelaphus strepsiceros,Greater Kudu,Mammalia,kruger,-23.786364,31.559511,2023-10-17
Tragelaphus strepsiceros,Greater Kudu,Mammalia,kruger,-23.988385,31.55474,2023-10-17
Tragelaphus strepsiceros,Greater Kudu,Mammalia,kruger,-24.433958,31.79267,2023-10-05
Tragelaphus strepsiceros,Greater Kudu,Mammalia,kruger,-24.393836,31.77792,2023-10-07
Tragelaphus strepsiceros,Greater Kudu,Mammalia,kruger,-23.81292,31.583302,2023-10-18
Tragelaphus strepsiceros,Greater Kudu,Mammalia,kruger,-23.99469,31.503441,2023-10-01
Tragelaphus strepsiceros,Greater Kudu,Mammalia,kruger,-23.988385,31.55474,2023-10-02
Tragelaphus strepsiceros,Greater Kudu,Mammalia,kruger,-23.715467,31.294908,2023-10-11
Tragelaphus strepsiceros,Greater Kudu,Mammalia,kruger,-23.930445,31.504355,2023-10-01
Tragelaphus strepsiceros,Greater Kudu,Mammalia,kruger,-23.921882,31.602902,2023-11-03
Tragelaphus strepsiceros,Greater Kudu,Mammalia,kruger,-24.669019,31.796871,2023-11-20
Tragelaphus strepsiceros,Greater Kudu,Mammalia,kruger,-23.9823,31.687512,2023-11-19
Tragelaphus strepsiceros,Greater Kudu,Mammalia,kruger,-24.043995,31.775609,2023-11-19
Tragelaphus strepsiceros,Greater Kudu,Mammalia,kruger,-24.392657,31.717663,2023-11-20
Tragelaphus strepsiceros,Greater Kudu,Mammalia,kruger,-24.160499,31.720119,2023-11-21
Tragelaphus strepsiceros,Greater Kudu,Mammalia,kruger,-23.988385,31.55474,2023-11-19
Tragelaphus strepsiceros,Greater Kudu,Mammalia,kruger,-24.2196,30.888987,2023-11-28
Tragelaphus strepsiceros,Greater Kudu,Mammalia,kruger,-24.433511,31.027288,2023-12-08
Tragelaphus strepsiceros,Greater Kudu,Mammalia,kruger,-24.146443,30.928065,2023-12-22
Tragelaphus strepsiceros,Greater Kudu,Mammalia,kruger,-23.808218,31.483484,2023-12-24
Tragelaphus strepsiceros,Greater Kudu,Mammalia,kruger,-23.806573,31.60734,2023-12-19
Tragelaphus strepsiceros,Greater Kudu,Mammalia,kruger,-23.817702,31.594635,2023-12-21
Tragelaphus strepsiceros,Greater Kudu,Mammalia,kruger,-24.350761,30.95601,2023-12-30
Tragelaphus strepsiceros,Greater Kudu,Mammalia,kruger,-24.483022,31.972595,2022-01-26
Tragelaphus strepsiceros,Greater Kudu,Mammalia,kruger,-24.432819,31.96188,2022-01-26
Tragelaphus strepsiceros,Greater Kudu,Mammalia,kruger,-24.045764,31.646042,2022-02-09
Tragelaphus strepsiceros,Greater Kudu,Mammalia,kruger,-24.116411,31.668582,2022-02-22
Tragelaphus strepsiceros,Greater Kudu,Mammalia,kruger,-23.968497,31.55474,2022-03-22
Tragelaphus strepsiceros,Greater Kudu,Mammalia,kruger,-23.888438,32.046176,2022-04-09
Tragelaphus strepsiceros,Greater Kudu,Mammalia,kruger,-24.151769,30.987353,2022-05-14
Tragelaphus strepsiceros,Greater Kudu,Mammalia,kruger,-24.151769,30.987353,2022-05-15
Tragelaphus strepsiceros,Greater Kudu,Mammalia,kruger,-24.397115,31.741098,2022-05-25
Tragelaphus strepsiceros,Greater Kudu,Mammalia,kruger,-23.988385,31.55474,2022-05-01
Tragelaphus strepsiceros,Greater Kudu,Mammalia,kruger,-24.475847,31.755523,2022-05-26
Tragelaphus strepsiceros,Greater Kudu,Mammalia,kruger,-23.983298,31.55474,2022-05-30
Tragelaphus strepsiceros,Greater Kudu,Mammalia,kruger,-24.388348,31.71992,2022-06-01
Tragelaphus strepsiceros,Greater Kudu,Mammalia,kruger,-24.393012,31.779809,2022-06-13
Tragelaphus strepsiceros,Greater Kudu,Mammalia,kruger,-24.318055,31.315308,2022-07-06
Tragelaphus strepsiceros,Greater Kudu,Mammalia,kruger,-24.1149,31.69257,2022-07-05
Tragelaphus strepsiceros,Greater Kudu,Mammalia,kruger,-23.988385,31.55474,2022-07-10
Tragelaphus strepsiceros,Greater Kudu,Mammalia,kruger,-23.988385,31.55474,2022-07-10
Tragelaphus strepsiceros,Greater Kudu,Mammalia,kruger,-24.322837,31.642438,2022-07-20
Tragelaphus strepsiceros,Greater Kudu,Mammalia,kruger,-24.176106,31.645537,2022-07-19
Tragelaphus strepsiceros,Greater Kudu,Mammalia,kruger,-23.950401,31.149555,2022-07-10
Tragelaphus strepsiceros,Greater Kudu,Mammalia,kruger,-23.983298,31.55474,2022-07-15
Tragelaphus strepsiceros,Greater Kudu,Mammalia,kruger,-23.854169,31.576075,2022-08-13
Tragelaphus strepsiceros,Greater Kudu,Mammalia,kruger,-24.319927,31.676995,2022-08-15
Tragelaphus strepsiceros,Greater Kudu,Mammalia,kruger,-24.359099,31.765198,2022-08-15
Tragelaphus strepsiceros,Greater Kudu,Mammalia,kruger,-24.346326,30.993296,2022-08-08
Tragelaphus strepsiceros,Greater Kudu,Mammalia,kruger,-23.939022,31.460995,2022-09-09
Tragelaphus strepsiceros,Greater Kudu,Mammalia,kruger,-23.856012,31.573677,2022-09-05
Tragelaphus strepsiceros,Greater Kudu,Mammalia,kruger,-23.925522,31.372643,2022-09-05
Tragelaphus strepsiceros,Greater Kudu,Mammalia,kruger,-24.331221,31.310615,2022-09-15
Tragelaphus strepsiceros,Greater Kudu,Mammalia,kruger,-24.326835,31.322501,2022-09-13
Tragelaphus strepsiceros,Greater Kudu,Mammalia,kruger,-24.460353,31.460678,2022-10-08
Tragelaphus strepsiceros,Greater Kudu,Mammalia,kruger,-23.719081,31.26263,2022-10-11
Tragelaphus strepsiceros,Greater Kudu,Mammalia,kruger,-24.079103,31.079517,2022-10-18
Tragelaphus strepsiceros,Greater Kudu,Mammalia,kruger,-24.381342,31.321843,2022-10-20
Tragelaphus strepsiceros,Greater Kudu,Mammalia,kruger,-23.316586,31.321346,2022-10-30
Tragelaphus strepsiceros,Greater Kudu,Mammalia,kruger,-23.678518,31.545473,2022-10-31
Tragelaphus strepsiceros,Greater Kudu,Mammalia,kruger,-23.983298,31.55474,2022-10-10
Tragelaphus strepsiceros,Greater Kudu,Mammalia,kruger,-23.983298,31.55474,2022-10-07
Tragelaphus strepsiceros,Greater Kudu,Mammalia,kruger,-23.983298,31.55474,2022-10-17
Tragelaphus strepsiceros,Greater Kudu,Mammalia,kruger,-23.983298,31.55474,2022-10-20
Tragelaphus strepsiceros,Greater Kudu,Mammalia,kruger,-23.983298,31.55474,2022-10-04
Tragelaphus strepsiceros,Greater Kudu,Mammalia,kruger,-23.968571,31.55474,2022-11-18
Tragelaphus strepsiceros,Greater Kudu,Mammalia,kruger,-24.378084,31.935093,2022-11-01
Tragelaphus strepsiceros,Greater Kudu,Mammalia,kruger,-24.44515,31.882488,2022-11-02
Tragelaphus strepsiceros,Greater Kudu,Mammalia,kruger,-24.417767,31.514282,2022-11-02
Tragelaphus strepsiceros,Greater Kudu,Mammalia,kruger,-24.609116,31.792349,2022-11-04
Tragelaphus strepsiceros,Greater Kudu,Mammalia,kruger,-24.203536,31.843772,2022-11-02
Tragelaphus strepsiceros,Greater Kudu,Mammalia,kruger,-24.218466,30.886523,2022-12-01
Tragelaphus strepsiceros,Greater Kudu,Mammalia,kruger,-24.346136,30.973292,2022-12-14
Tragelaphus strepsiceros,Greater Kudu,Mammalia,kruger,-24.378274,31.205037,2022-12-13
Tragelaphus strepsiceros,Greater Kudu,Mammalia,kruger,-24.167608,31.63263,2021-01-15
Tragelaphus strepsiceros,Greater Kudu,Mammalia,kruger,-24.379367,31.968128,2021-01-08
Tragelaphus strepsiceros,Greater Kudu,Mammalia,kruger,-24.379367,31.968128,2021-01-09
Tragelaphus strepsiceros,Greater Kudu,Mammalia,kruger,-24.379367,31.968128,2021-01-10
Tragelaphus strepsiceros,Greater Kudu,Mammalia,kruger,-24.217332,30.886426,2021-01-07
Tragelaphus strepsiceros,Greater Kudu,Mammalia,kruger,-24.029321,31.072245,2021-01-15
Tragelaphus strepsiceros,Greater Kudu,Mammalia,kruger,-24.252663,31.613024,2021-02-15
Tragelaphus strepsiceros,Greater Kudu,Mammalia,kruger,-24.414923,31.596469,2021-06-10
Tragelaphus strepsiceros,Greater Kudu,Mammalia,kruger,-24.419438,31.783336,2021-06-09
Tragelaphus strepsiceros,Greater Kudu,Mammalia,kruger,-24.274894,31.583905,2021-06-08
Tragelaphus strepsiceros,Greater Kudu,Mammalia,kruger,-24.39437,31.833675,2021-06-09
Tragelaphus strepsiceros,Greater Kudu,Mammalia,kruger,-24.463647,31.476795,2021-06-10
Tragelaphus strepsiceros,Greater Kudu,Mammalia,kruger,-24.324892,31.582909,2021-06-08
Tragelaphus strepsiceros,Greater Kudu,Mammalia,kruger,-24.515724,31.379277,2021-06-10
Tragelaphus strepsiceros,Greater Kudu,Mammalia,kruger,-24.424089,31.785911,2021-06-08
Tragelaphus strepsiceros,Greater Kudu,Mammalia,kruger,-24.314396,31.333175,2021-07-02
