area_id,date,temperature_2m_max,temperature_2m_min,precipitation_sum,windspeed_10m_max,cloudcover_mean
patagonia,2006-12-27,-1.5,-4.0,31.1,19.0,92
patagonia,2006-12-28,-1.8,-5.0,36.2,14.4,93
patagonia,2006-12-29,-1.6,-5.2,15.2,14.3,86
patagonia,2006-12-30,1.3,-4.6,5.5,13.2,96
patagonia,2006-12-31,1.6,-0.9,6.8,12.5,93
patagonia,2007-01-01,-0.2,-2.5,31.3,14.4,97
patagonia,2007-01-02,-0.7,-2.8,16.0,18.8,90
patagonia,2007-01-03,-0.4,-4.0,25.3,19.4,94
patagonia,2007-01-04,-0.5,-5.0,3.0,10.4,87
patagonia,2007-01-05,0.5,-3.3,0.0,9.4,84
patagonia,2007-01-06,4.5,-1.3,0.0,9.9,91
patagonia,2007-01-07,6.2,-0.4,1.7,11.2,92
patagonia,2007-01-08,2.7,0.4,13.8,13.5,98
patagonia,2007-01-09,0.1,-3.6,21.9,14.5,95
patagonia,2007-01-10,0.4,-3.9,6.9,17.6,90
patagonia,2007-01-11,0.9,-1.5,26.2,18.6,97
patagonia,2007-01-12,-1.5,-2.6,40.6,14.9,98
patagonia,2007-01-13,0.3,-2.0,6.4,16.3,93
patagonia,2007-01-14,2.4,-1.2,4.4,12.5,86
patagonia,2007-01-15,3.0,-0.4,5.3,12.1,88
patagonia,2007-01-16,2.3,-2.5,72.0,14.5,100
patagonia,2007-01-17,0.4,-2.8,8.4,15.6,97
patagonia,2007-01-18,1.8,-3.2,4.2,8.9,95
patagonia,2007-01-19,9.3,0.9,0.0,6.6,83
patagonia,2007-01-20,6.7,1.5,4.4,7.4,97
patagonia,2007-01-21,6.9,2.3,1.5,5.4,98
patagonia,2007-01-22,10.0,2.7,9.5,10.1,98
patagonia,2007-01-23,4.0,1.3,46.2,7.1,99
patagonia,2007-01-24,7.1,-0.7,5.8,9.7,79
patagonia,2007-01-25,3.0,0.7,5.3,13.4,66
patagonia,2007-01-26,2.2,0.2,5.4,10.5,88
patagonia,2007-01-27,4.8,-1.6,0.1,13.0,71
patagonia,2007-01-28,2.1,-1.9,8.1,13.5,81
patagonia,2007-01-29,0.2,-2.4,13.5,12.7,91
patagonia,2007-01-30,2.7,-2.3,26.9,18.2,99
patagonia,2007-01-31,3.2,2.0,21.0,14.8,100
patagonia,2007-02-01,2.3,-1.0,15.5,21.1,77
patagonia,2007-02-02,2.0,-1.3,7.8,13.1,100
patagonia,2007-02-03,-0.9,-3.2,24.4,16.1,92
patagonia,2007-02-04,0.2,-4.1,6.3,14.3,82
patagonia,2007-02-05,-0.5,-4.0,20.3,12.7,95
patagonia,2007-02-06,-2.5,-4.7,25.8,11.4,92
patagonia,2007-02-07,-0.9,-4.3,21.8,15.8,99
patagonia,2007-02-08,-0.5,-2.1,15.0,15.3,94
patagonia,2007-02-09,1.7,-1.1,10.7,10.8,100
patagonia,2007-02-10,8.1,1.8,0.0,14.1,62
patagonia,2007-02-11,12.1,3.3,0.0,9.3,65
patagonia,2007-02-12,6.2,-2.7,8.6,11.5,78
patagonia,2007-02-13,0.1,-3.4,5.8,11.3,87
patagonia,2007-02-14,1.6,-2.2,2.3,10.6,96
patagonia,2007-02-15,1.4,-2.2,4.6,7.2,96
patagonia,2007-02-16,1.6,-1.7,6.7,15.1,99
patagonia,2007-02-17,1.3,-0.8,8.4,16.0,100
patagonia,2007-02-18,-0.2,-2.3,7.2,12.6,80
patagonia,2007-02-19,1.8,-2.1,0.6,12.5,96
patagonia,2007-02-20,2.0,-0.0,10.7,14.8,100
patagonia,2007-02-21,2.0,0.4,2.6,13.8,98
patagonia,2007-02-22,2.9,0.4,2.9,11.3,100
patagonia,2007-02-23,1.9,0.5,25.8,13.0,100
patagonia,2007-02-24,1.4,-1.5,9.3,14.6,95
patagonia,2007-02-25,-1.6,-3.6,31.6,22.5,96
patagonia,2007-02-26,-1.8,-5.8,32.3,24.4,91
patagonia,2007-02-27,-3.0,-6.0,31.0,14.9,98
patagonia,2007-02-28,-3.1,-5.3,24.1,11.7,95
patagonia,2007-03-01,-2.2,-5.7,18.9,10.0,99
patagonia,2007-03-02,0.1,-2.3,6.7,13.6,99
patagonia,2007-03-03,1.9,-0.7,22.9,13.1,100
patagonia,2007-03-04,0.8,-2.7,43.6,12.9,100
patagonia,2007-03-05,-2.6,-5.3,9.6,9.4,72
patagonia,2007-03-06,4.0,-4.6,0.0,9.1,1
patagonia,2007-03-07,6.1,-6.3,0.0,9.1,49
patagonia,2007-03-08,5.5,-4.1,0.0,7.2,82
patagonia,2007-03-09,4.5,-0.8,2.9,10.3,87
patagonia,2007-03-10,1.8,-0.5,13.3,12.4,100
patagonia,2007-03-11,-0.5,-2.8,23.4,13.2,99
patagonia,2007-03-12,-1.3,-3.0,31.2,13.7,99
patagonia,2007-03-13,0.5,-2.6,33.4,10.7,100
patagonia,2007-03-14,5.2,0.2,1.2,6.3,88
patagonia,2007-03-15,10.0,-3.2,0.0,7.7,98
patagonia,2007-03-16,4.7,0.5,9.1,14.5,97
patagonia,2007-03-17,2.2,-0.3,19.5,15.5,89
patagonia,2007-03-18,1.5,-2.3,40.1,18.5,98
patagonia,2007-03-19,-0.0,-2.1,20.4,19.3,97
patagonia,2007-03-20,-0.8,-1.7,17.2,16.4,99
patagonia,2007-03-21,-0.1,-1.6,18.7,16.4,100
patagonia,2007-03-22,1.1,-2.4,23.8,14.7,99
patagonia,2007-03-23,-0.5,-3.2,39.8,15.8,100
patagonia,2007-03-24,2.0,-1.0,26.6,11.8,95
patagonia,2007-03-25,-0.2,-4.0,21.2,11.1,96
patagonia,2007-03-26,-1.3,-3.9,9.0,16.8,99
patagonia,2007-03-27,1.9,-1.2,12.3,16.4,100
patagonia,2007-03-28,2.6,1.3,14.5,13.0,100
patagonia,2007-03-29,1.5,-3.0,16.8,15.5,98
patagonia,2007-03-30,1.1,-2.5,37.1,19.4,100
patagonia,2007-03-31,2.1,0.8,33.4,15.5,100
patagonia,2007-04-01,4.6,1.4,12.6,16.3,99
patagonia,2007-04-02,1.2,-3.5,21.5,17.9,86
patagonia,2007-04-03,1.7,-1.0,29.0,16.8,100
patagonia,2007-04-04,5.5,0.6,5.7,14.9,86
patagonia,2007-04-05,4.9,0.6,30.3,14.4,98
patagonia,2007-04-06,0.1,-3.2,8.1,13.8,69
patagonia,2007-04-07,-2.1,-4.8,10.0,12.3,75
patagonia,2007-04-08,-0.6,-4.7,7.7,14.7,95
patagonia,2007-04-09,-3.2,-5.4,21.7,15.5,89
patagonia,2007-04-10,-2.9,-5.2,17.8,9.8,98
patagonia,2007-04-11,-4.0,-6.5,11.6,11.3,86
patagonia,2007-04-12,-3.5,-4.7,29.7,13.5,97
patagonia,2007-04-13,-3.2,-4.3,13.3,10.5,93
patagonia,2007-04-14,-3.6,-5.8,25.1,12.0,93
patagonia,2007-04-15,-2.0,-4.0,27.7,12.4,99
patagonia,2007-04-16,0.7,-2.5,26.7,10.9,81
patagonia,2007-04-17,-1.6,-4.5,0.4,8.3,63
patagonia,2007-04-18,-1.5,-4.4,7.9,10.9,96
patagonia,2007-04-19,-2.7,-5.7,23.8,13.8,96
patagonia,2007-04-20,-3.0,-5.8,45.6,17.3,100
patagonia,2007-04-21,-1.8,-2.9,5.5,13.0,98
patagonia,2007-04-22,-1.6,-5.9,15.0,16.4,93
patagonia,2007-04-23,-5.2,-7.3,27.7,15.8,93
patagonia,2007-04-24,-2.9,-6.6,29.0,13.6,99
patagonia,2007-04-25,-1.6,-2.7,13.3,12.6,100
patagonia,2007-04-26,-0.2,-1.8,6.4,14.1,100
patagonia,2007-04-27,1.3,-0.0,22.2,15.4,100
patagonia,2007-04-28,1.0,-3.7,24.2,15.8,90
patagonia,2007-04-29,-3.7,-7.2,6.0,8.0,72
patagonia,2007-04-30,-5.6,-7.2,1.9,13.3,75
patagonia,2007-05-01,-4.0,-6.0,1.4,10.8,87
patagonia,2007-05-02,-3.6,-5.0,0.0,5.5,48
patagonia,2007-05-03,-4.4,-6.5,0.0,6.9,81
patagonia,2007-05-04,-5.1,-7.1,4.3,9.4,80
patagonia,2007-05-05,-5.2,-7.3,2.6,8.2,89
patagonia,2007-05-06,-2.8,-6.6,11.4,8.9,99
patagonia,2007-05-07,-0.7,-2.8,14.3,8.2,100
patagonia,2007-05-08,-0.3,-1.5,1.3,11.8,100
patagonia,2007-05-09,0.1,-4.5,26.9,12.6,98
patagonia,2007-05-10,-4.3,-5.5,13.8,9.9,95
patagonia,2007-05-11,-1.4,-4.7,4.3,13.3,98
patagonia,2007-05-12,-0.1,-5.1,0.0,10.4,90
patagonia,2007-05-13,-2.8,-5.2,4.2,8.9,90
patagonia,2007-05-14,-3.9,-6.7,18.6,13.0,97
patagonia,2007-05-15,-6.6,-9.1,8.4,12.4,89
patagonia,2007-05-16,-4.3,-8.3,35.7,14.7,100
patagonia,2007-05-17,-2.4,-4.5,30.1,12.8,100
patagonia,2007-05-18,-0.5,-2.5,38.2,16.9,100
patagonia,2007-05-19,-1.7,-4.0,14.8,16.6,98
patagonia,2007-05-20,-2.6,-3.6,10.9,13.0,99
patagonia,2007-05-21,-1.3,-4.1,51.4,15.1,100
patagonia,2007-05-22,-1.0,-2.3,10.2,13.5,99
patagonia,2007-05-23,1.6,-1.8,4.6,13.5,100
patagonia,2007-05-24,1.0,-4.6,45.8,15.6,99
patagonia,2007-05-25,-4.4,-7.3,11.3,12.2,79
patagonia,2007-05-26,-5.9,-7.4,0.3,6.6,33
patagonia,2007-05-27,-3.2,-8.6,0.0,7.7,33
patagonia,2007-05-28,-2.8,-9.0,0.0,9.1,91
patagonia,2007-05-29,-4.2,-10.5,0.0,8.1,99
patagonia,2007-05-30,-6.2,-10.8,1.5,14.3,77
patagonia,2007-05-31,-6.0,-8.6,26.6,16.1,96
patagonia,2007-06-01,-2.3,-7.5,35.3,16.4,100
patagonia,2007-06-02,0.3,-2.3,26.5,16.3,100
patagonia,2007-06-03,0.3,-0.8,56.4,17.1,100
patagonia,2007-06-04,-1.0,-4.2,22.7,19.2,99
patagonia,2007-06-05,-3.2,-5.7,11.1,9.8,76
patagonia,2007-06-06,-2.2,-5.3,2.3,6.9,99
patagonia,2007-06-07,-2.6,-4.5,3.1,7.8,88
patagonia,2007-06-08,-5.0,-6.9,0.8,6.2,93
patagonia,2007-06-09,-5.6,-6.6,2.3,5.4,97
patagonia,2007-06-10,-6.6,-7.8,0.4,8.5,94
patagonia,2007-06-11,-6.1,-7.5,0.9,6.2,85
patagonia,2007-06-12,-7.5,-8.8,0.2,5.6,93
patagonia,2007-06-13,-6.3,-8.5,1.5,10.5,98
patagonia,2007-06-14,-4.6,-6.6,11.2,12.7,97
patagonia,2007-06-15,-6.3,-9.3,18.5,13.0,84
patagonia,2007-06-16,-6.8,-10.0,3.9,14.3,80
patagonia,2007-06-17,-5.0,-6.6,34.3,15.3,100
patagonia,2007-06-18,-3.9,-5.8,32.7,15.8,99
patagonia,2007-06-19,-5.1,-7.6,17.9,13.0,96
patagonia,2007-06-20,-7.7,-8.7,1.8,9.4,90
patagonia,2007-06-21,-7.5,-10.5,4.6,10.3,93
patagonia,2007-06-22,-7.5,-10.4,0.0,4.7,80
patagonia,2007-06-23,-5.8,-11.5,5.9,14.5,91
patagonia,2007-06-24,-2.8,-5.7,68.1,17.8,100
patagonia,2007-06-25,-2.5,-3.9,67.0,16.5,100
patagonia,2007-06-26,-0.9,-4.4,9.7,11.4,95
patagonia,2007-06-27,-3.2,-4.6,11.6,12.8,90
patagonia,2007-06-28,-3.8,-5.3,26.5,12.1,97
patagonia,2007-06-29,-3.6,-6.5,0.8,8.7,91
patagonia,2007-06-30,-3.5,-6.7,0.0,8.8,71
patagonia,2007-07-01,-3.6,-9.1,0.0,9.6,59
patagonia,2007-07-02,-1.1,-9.7,3.5,15.6,93
patagonia,2007-07-03,-6.5,-8.8,35.5,16.2,98
patagonia,2007-07-04,-9.5,-12.1,15.9,14.1,96
patagonia,2007-07-05,-11.0,-12.6,9.3,12.8,93
patagonia,2007-07-06,-10.0,-12.6,5.8,9.8,71
patagonia,2007-07-07,-9.5,-10.8,5.6,8.5,96
patagonia,2007-07-08,-7.5,-9.4,2.7,7.7,97
patagonia,2007-07-09,-4.7,-7.4,8.0,8.7,100
patagonia,2007-07-10,-3.1,-4.7,0.1,7.0,99
patagonia,2007-07-11,-3.9,-6.4,2.1,6.6,93
patagonia,2007-07-12,-5.2,-7.6,0.0,9.1,60
patagonia,2007-07-13,-2.5,-8.8,0.0,9.4,35
patagonia,2007-07-14,-2.9,-5.0,1.4,10.4,89
patagonia,2007-07-15,-4.7,-7.3,14.1,11.1,95
patagonia,2007-07-16,-5.9,-7.1,14.5,10.2,94
patagonia,2007-07-17,-5.7,-7.5,8.0,9.2,96
patagonia,2007-07-18,-2.8,-5.8,13.9,11.8,97
patagonia,2007-07-19,-4.0,-6.1,1.9,8.3,92
patagonia,2007-07-20,-4.7,-6.6,3.6,10.5,84
patagonia,2007-07-21,-5.4,-7.1,2.4,8.4,80
patagonia,2007-07-22,-6.5,-8.7,14.0,9.0,91
patagonia,2007-07-23,-6.2,-8.5,8.4,10.9,98
patagonia,2007-07-24,-4.4,-5.9,26.7,12.5,100
patagonia,2007-07-25,-4.1,-7.2,28.4,13.4,98
patagonia,2007-07-26,-4.5,-10.0,3.5,10.1,51
patagonia,2007-07-27,-3.7,-8.3,2.1,9.7,48
patagonia,2007-07-28,-0.8,-3.7,1.9,13.6,90
patagonia,2007-07-29,-2.3,-6.2,13.1,11.0,87
patagonia,2007-07-30,-6.1,-7.9,16.4,11.8,90
patagonia,2007-07-31,-5.4,-6.5,12.6,11.5,92
patagonia,2007-08-01,-4.6,-5.8,0.3,11.9,93
patagonia,2007-08-02,-3.3,-6.1,11.1,16.4,97
patagonia,2007-08-03,-4.1,-6.0,34.5,11.5,98
patagonia,2007-08-04,-5.6,-8.3,4.8,9.2,67
patagonia,2007-08-05,-3.1,-7.9,16.8,17.1,99
patagonia,2007-08-06,-3.9,-9.0,42.4,19.4,95
patagonia,2007-08-07,-7.7,-9.2,17.8,13.8,93
patagonia,2007-08-08,-5.6,-8.8,10.2,11.4,86
patagonia,2007-08-09,-4.7,-8.1,0.2,14.8,93
patagonia,2007-08-10,-3.1,-5.0,13.6,16.5,99
patagonia,2007-08-11,-4.6,-6.0,14.8,10.0,100
patagonia,2007-08-12,-2.1,-4.5,10.8,7.1,100
patagonia,2007-08-13,-3.1,-7.3,6.0,8.7,93
patagonia,2007-08-14,-6.5,-9.1,3.6,7.0,61
patagonia,2007-08-15,-4.7,-6.7,0.0,5.9,90
patagonia,2007-08-16,-1.9,-6.8,0.0,7.8,53
patagonia,2007-08-17,-1.5,-5.3,0.0,8.0,8
patagonia,2007-08-18,-3.0,-5.9,0.3,9.4,79
patagonia,2007-08-19,-5.2,-7.5,8.2,13.0,88
patagonia,2007-08-20,-4.9,-7.4,16.4,11.6,88
patagonia,2007-08-21,-6.1,-7.7,20.1,17.4,92
patagonia,2007-08-22,-6.2,-9.2,24.2,13.7,93
patagonia,2007-08-23,-6.2,-8.6,2.0,12.5,90
patagonia,2007-08-24,-4.5,-7.4,13.9,21.9,98
patagonia,2007-08-25,-4.0,-7.1,8.4,16.4,89
patagonia,2007-08-26,-2.9,-4.9,37.2,17.3,100
patagonia,2007-08-27,-4.0,-6.5,21.0,20.0,91
patagonia,2007-08-28,-3.6,-6.4,14.9,15.1,99
patagonia,2007-08-29,-1.9,-3.7,28.7,17.7,100
patagonia,2007-08-30,-1.9,-6.6,46.6,16.1,98
patagonia,2007-08-31,-1.8,-7.1,17.4,15.8,94
patagonia,2007-09-01,-0.3,-2.8,8.2,16.6,99
patagonia,2007-09-02,-0.7,-3.1,4.5,11.2,93
patagonia,2007-09-03,-0.4,-5.3,7.0,8.7,96
patagonia,2007-09-04,-2.9,-5.3,0.9,6.7,90
patagonia,2007-09-05,-3.8,-5.6,0.2,5.2,62
patagonia,2007-09-06,-3.1,-8.0,2.3,8.1,72
patagonia,2007-09-07,-2.6,-5.1,0.0,9.7,28
patagonia,2007-09-08,-2.1,-5.6,1.4,10.5,91
patagonia,2007-09-09,-1.1,-4.8,0.1,6.9,92
patagonia,2007-09-10,-2.9,-4.8,1.1,6.6,94
patagonia,2007-09-11,-2.8,-5.0,0.0,5.0,69
patagonia,2007-09-12,-3.8,-7.4,0.0,5.4,89
patagonia,2007-09-13,-2.3,-4.9,0.0,5.9,81
patagonia,2007-09-14,2.7,-9.5,0.0,5.6,44
patagonia,2007-09-15,4.1,-2.6,0.0,5.9,1
patagonia,2007-09-16,4.2,-2.7,0.0,6.6,7
patagonia,2007-09-17,1.4,-2.9,0.0,7.9,8
patagonia,2007-09-18,-0.6,-6.2,0.0,8.3,47
patagonia,2007-09-19,-1.4,-3.6,2.2,7.1,99
patagonia,2007-09-20,-2.0,-4.9,2.3,6.6,92
patagonia,2007-09-21,-3.6,-8.0,2.6,8.9,78
patagonia,2007-09-22,-3.8,-6.1,1.2,6.6,89
patagonia,2007-09-23,-2.4,-5.6,1.0,14.1,96
patagonia,2007-09-24,0.5,-3.4,1.8,11.7,100
patagonia,2007-09-25,-0.8,-3.0,8.6,12.7,96
patagonia,2007-09-26,-2.7,-3.9,9.1,18.7,99
patagonia,2007-09-27,-3.3,-5.1,33.9,18.6,97
patagonia,2007-09-28,-1.4,-3.0,12.8,20.7,100
patagonia,2007-09-29,-1.8,-2.7,62.9,20.4,100
patagonia,2007-09-30,-0.0,-5.4,34.7,18.3,100
patagonia,2007-10-01,-4.3,-6.2,24.9,20.7,88
patagonia,2007-10-02,-2.1,-4.8,1.7,6.6,81
patagonia,2007-10-03,-1.3,-7.4,11.9,16.6,82
patagonia,2007-10-04,-4.7,-7.2,15.7,13.5,88
patagonia,2007-10-05,-4.0,-6.8,22.6,13.8,95
patagonia,2007-10-06,-2.8,-7.4,2.0,6.1,85
patagonia,2007-10-07,-2.8,-5.5,0.0,8.1,81
patagonia,2007-10-08,-3.9,-8.0,4.3,14.5,79
patagonia,2007-10-09,-2.1,-6.5,0.1,5.8,51
patagonia,2007-10-10,-1.2,-10.1,0.0,8.7,53
patagonia,2007-10-11,-1.8,-4.9,8.9,12.7,95
patagonia,2007-10-12,-0.2,-3.0,1.0,9.4,97
patagonia,2007-10-13,-1.4,-3.5,10.4,17.6,99
patagonia,2007-10-14,0.8,-2.9,30.5,19.1,100
patagonia,2007-10-15,-3.0,-6.4,49.6,15.0,99
patagonia,2007-10-16,-4.6,-6.9,24.8,15.8,98
patagonia,2007-10-17,-5.6,-7.5,28.0,16.3,90
patagonia,2007-10-18,-1.6,-6.2,16.9,14.2,100
patagonia,2007-10-19,1.1,-1.4,11.3,7.9,100
patagonia,2007-10-20,-1.3,-3.5,13.7,11.7,97
patagonia,2007-10-21,-0.5,-3.7,10.7,11.4,98
patagonia,2007-10-22,-2.1,-3.6,31.8,16.9,95
patagonia,2007-10-23,0.4,-3.4,37.5,16.1,100
patagonia,2007-10-24,1.6,-1.9,7.7,9.9,95
patagonia,2007-10-25,-2.0,-3.2,13.9,13.6,97
patagonia,2007-10-26,-2.0,-8.2,23.4,16.0,94
patagonia,2007-10-27,-5.2,-8.2,15.4,15.3,89
patagonia,2007-10-28,-5.5,-9.2,4.4,9.8,62
patagonia,2007-10-29,-4.5,-8.5,4.6,14.6,76
patagonia,2007-10-30,-3.8,-7.3,16.3,14.5,94
patagonia,2007-10-31,-1.6,-7.8,13.3,19.5,95
patagonia,2007-11-01,-1.7,-3.6,15.2,18.1,96
patagonia,2007-11-02,-2.1,-7.3,31.8,17.3,93
patagonia,2007-11-03,-4.1,-8.6,1.9,11.6,82
patagonia,2007-11-04,-2.0,-4.6,20.4,14.4,94
patagonia,2007-11-05,-2.8,-5.7,37.6,15.9,99
patagonia,2007-11-06,-3.3,-5.4,20.2,12.4,97
patagonia,2007-11-07,-3.8,-6.6,22.5,10.5,91
patagonia,2007-11-08,-4.7,-7.7,11.5,8.8,76
patagonia,2007-11-09,-4.4,-7.5,13.7,12.0,90
patagonia,2007-11-10,-4.0,-8.0,12.4,12.2,93
patagonia,2007-11-11,-4.1,-6.7,23.5,12.7,95
patagonia,2007-11-12,-3.8,-6.8,12.3,10.8,81
patagonia,2007-11-13,-2.7,-6.8,0.0,9.0,74
patagonia,2007-11-14,-0.7,-5.1,1.3,11.2,99
patagonia,2007-11-15,0.2,-3.2,5.0,12.8,99
patagonia,2007-11-16,-2.0,-6.1,15.0,10.6,97
patagonia,2007-11-17,-3.2,-6.7,29.1,21.7,92
patagonia,2007-11-18,-2.6,-3.4,54.9,15.8,100
patagonia,2007-11-19,0.2,-2.5,32.0,15.4,100
patagonia,2007-11-20,1.7,-0.3,2.8,9.7,98
patagonia,2007-11-21,1.9,-1.0,2.5,9.5,97
patagonia,2007-11-22,-0.8,-4.2,1.5,8.1,75
patagonia,2007-11-23,2.8,-4.6,0.0,12.7,49
patagonia,2007-11-24,-0.7,-4.4,21.4,13.6,93
patagonia,2007-11-25,-2.3,-5.4,14.9,18.0,95
patagonia,2007-11-26,-1.9,-3.8,32.7,16.8,97
patagonia,2007-11-27,-0.8,-4.9,14.3,17.6,89
patagonia,2007-11-28,1.7,-2.6,1.7,11.4,85
patagonia,2007-11-29,2.9,-2.8,5.2,13.1,78
patagonia,2007-11-30,-0.4,-3.5,10.8,15.3,81
patagonia,2007-12-01,-0.5,-3.1,18.0,16.7,94
patagonia,2007-12-02,-2.3,-5.0,20.3,13.7,91
patagonia,2007-12-03,-3.1,-6.3,21.3,11.5,89
patagonia,2007-12-04,-1.9,-5.4,17.0,18.1,98
patagonia,2007-12-05,0.2,-2.4,11.5,13.8,100
patagonia,2007-12-06,2.0,-1.7,5.9,16.2,99
patagonia,2007-12-07,-2.3,-4.3,30.0,16.4,90
patagonia,2007-12-08,-1.8,-5.3,18.0,18.4,96
patagonia,2007-12-09,-3.1,-5.5,18.6,10.4,87
patagonia,2007-12-10,-1.9,-5.9,11.9,18.2,97
patagonia,2007-12-11,-0.6,-4.1,42.2,17.9,100
patagonia,2007-12-12,-0.2,-3.5,35.9,23.4,100
patagonia,2007-12-13,1.3,-3.5,1.4,9.5,51
patagonia,2007-12-14,-0.6,-3.1,7.7,13.8,96
patagonia,2007-12-15,1.8,-1.0,5.2,9.4,99
patagonia,2007-12-16,3.3,0.7,12.7,9.4,100
patagonia,2007-12-17,3.7,0.5,0.0,8.8,98
patagonia,2007-12-18,3.0,1.2,17.9,12.8,100
patagonia,2007-12-19,2.0,-3.0,9.0,11.1,90
patagonia,2007-12-20,-0.8,-3.9,18.8,16.1,88
patagonia,2007-12-21,-1.1,-4.3,8.6,16.9,87
patagonia,2007-12-22,-0.2,-1.9,27.1,13.2,99
patagonia,2007-12-23,1.5,-2.2,1.4,13.6,100
patagonia,2007-12-24,4.3,1.1,0.0,12.2,91
patagonia,2007-12-25,4.3,0.1,3.2,9.7,94
patagonia,2007-12-26,5.1,-0.3,1.8,15.3,95
patagonia,2007-12-27,2.9,-0.3,11.9,12.4,86
patagonia,2007-12-28,1.9,-0.7,14.5,12.8,94
patagonia,2007-12-29,1.6,-2.7,19.8,13.1,96
patagonia,2007-12-30,-1.2,-4.2,16.3,14.6,87
patagonia,2007-12-31,1.6,-2.6,12.8,17.1,95
patagonia,2008-01-01,-0.8,-3.6,46.0,13.0,100
patagonia,2008-01-02,-2.7,-4.9,26.3,14.1,95
patagonia,2008-01-03,-1.0,-4.5,10.6,20.0,90
patagonia,2008-01-04,0.4,-2.1,26.4,16.3,100
patagonia,2008-01-05,0.8,-3.5,9.4,17.6,86
patagonia,2008-01-06,2.8,-0.0,25.0,11.1,100
patagonia,2008-01-07,2.8,-1.6,34.1,15.6,99
patagonia,2008-01-08,-1.3,-4.1,19.0,19.4,84
patagonia,2008-01-09,-1.4,-4.7,5.3,9.2,75
patagonia,2008-01-10,-1.4,-5.8,13.5,13.8,88
patagonia,2008-01-11,1.5,-2.6,5.8,11.8,99
patagonia,2008-01-12,1.8,-1.0,26.4,12.6,96
patagonia,2008-01-13,1.1,-1.8,15.0,10.1,95
patagonia,2008-01-14,1.0,-1.4,15.9,11.2,95
patagonia,2008-01-15,0.7,-3.5,2.0,16.4,94
patagonia,2008-01-16,1.6,-1.3,15.5,16.3,98
patagonia,2008-01-17,1.9,-1.4,22.3,11.2,100
patagonia,2008-01-18,2.4,-0.1,10.9,11.4,97
patagonia,2008-01-19,5.0,0.2,0.0,12.3,83
patagonia,2008-01-20,3.2,1.2,3.6,11.0,100
patagonia,2008-01-21,3.0,0.6,2.9,19.1,99
patagonia,2008-01-22,5.4,1.5,1.8,12.2,89
patagonia,2008-01-23,6.5,2.7,3.4,11.0,94
patagonia,2008-01-24,14.6,-1.0,0.2,8.5,61
patagonia,2008-01-25,11.6,4.3,2.8,13.0,50
patagonia,2008-01-26,7.7,2.1,7.5,9.5,89
patagonia,2008-01-27,4.1,1.2,2.9,13.2,83
patagonia,2008-01-28,8.8,-0.5,0.0,10.4,36
patagonia,2008-01-29,10.0,3.2,0.0,13.0,85
patagonia,2008-01-30,7.5,2.3,3.3,13.5,87
patagonia,2008-01-31,2.4,-1.3,24.7,13.6,93
patagonia,2008-02-01,2.0,-2.9,2.0,14.9,86
patagonia,2008-02-02,6.0,1.2,10.1,13.0,100
patagonia,2008-02-03,5.8,-0.3,28.6,13.5,96
patagonia,2008-02-04,1.5,-2.9,3.9,14.7,73
patagonia,2008-02-05,1.6,-2.5,6.9,15.9,91
patagonia,2008-02-06,-0.3,-3.8,11.8,14.4,71
patagonia,2008-02-07,7.7,-1.9,1.3,7.4,77
patagonia,2008-02-08,3.9,1.9,15.3,10.0,100
patagonia,2008-02-09,2.8,1.7,17.6,12.3,100
patagonia,2008-02-10,7.6,2.9,13.6,13.6,99
patagonia,2008-02-11,5.7,-0.6,16.4,21.2,74
patagonia,2008-02-12,1.0,-2.5,20.8,16.9,89
patagonia,2008-02-13,1.5,-1.4,6.9,7.6,100
patagonia,2008-02-14,1.4,-1.5,3.1,13.7,88
patagonia,2008-02-15,2.9,-0.2,43.2,12.9,100
patagonia,2008-02-16,1.3,-3.4,30.3,11.3,98
patagonia,2008-02-17,-0.9,-4.5,14.2,15.6,93
patagonia,2008-02-18,2.7,-0.9,4.4,14.0,100
patagonia,2008-02-19,3.2,1.5,32.4,15.3,100
patagonia,2008-02-20,2.4,1.2,9.3,11.9,99
patagonia,2008-02-21,2.2,1.1,56.2,19.3,100
patagonia,2008-02-22,4.3,0.5,4.1,12.6,96
patagonia,2008-02-23,4.8,1.9,3.9,14.3,99
patagonia,2008-02-24,8.6,4.3,2.2,9.4,97
patagonia,2008-02-25,8.8,3.2,2.1,12.7,96
patagonia,2008-02-26,7.0,4.5,16.9,12.5,97
patagonia,2008-02-27,11.0,2.4,17.0,17.0,93
patagonia,2008-02-28,5.7,-1.0,2.5,15.0,73
patagonia,2008-02-29,3.7,-1.7,30.1,14.3,83
patagonia,2008-03-01,1.8,-1.4,10.8,15.6,93
patagonia,2008-03-02,8.0,0.9,0.1,10.2,72
patagonia,2008-03-03,7.2,-2.6,0.0,6.9,73
patagonia,2008-03-04,5.7,2.6,0.3,7.7,87
patagonia,2008-03-05,2.4,1.0,1.7,12.6,87
patagonia,2008-03-06,3.8,1.3,0.0,13.1,81
patagonia,2008-03-07,5.3,0.5,20.6,13.9,98
patagonia,2008-03-08,0.2,-3.7,12.1,8.6,92
patagonia,2008-03-09,1.0,-3.5,2.9,13.5,97
patagonia,2008-03-10,2.5,0.8,16.6,13.1,100
patagonia,2008-03-11,1.2,-2.0,6.7,12.9,91
patagonia,2008-03-12,0.5,-2.3,15.8,15.8,89
patagonia,2008-03-13,4.4,-2.1,0.1,9.2,70
patagonia,2008-03-14,8.7,-2.8,2.2,7.9,100
patagonia,2008-03-15,7.0,2.7,6.1,6.0,74
patagonia,2008-03-16,3.2,-1.1,7.5,10.9,98
patagonia,2008-03-17,-0.7,-2.2,16.1,13.5,95
patagonia,2008-03-18,1.5,-1.6,43.3,9.0,100
patagonia,2008-03-19,1.0,-1.1,20.1,10.9,100
patagonia,2008-03-20,-0.3,-2.7,18.6,12.5,95
patagonia,2008-03-21,0.7,-2.6,3.7,10.6,62
patagonia,2008-03-22,2.0,-1.4,10.7,11.7,85
patagonia,2008-03-23,3.8,1.5,13.2,13.2,99
patagonia,2008-03-24,3.7,-1.4,5.9,15.3,87
patagonia,2008-03-25,-0.3,-2.8,4.5,9.9,70
patagonia,2008-03-26,0.3,-2.2,14.4,13.9,99
patagonia,2008-03-27,1.6,-0.1,12.0,13.5,100
patagonia,2008-03-28,2.8,1.2,3.9,14.3,95
patagonia,2008-03-29,5.9,1.8,0.0,10.7,55
patagonia,2008-03-30,2.9,-0.4,9.4,11.3,91
patagonia,2008-03-31,2.1,-2.0,0.3,11.3,83
patagonia,2008-04-01,2.4,-0.2,4.4,13.3,96
patagonia,2008-04-02,6.3,2.8,23.8,14.6,100
patagonia,2008-04-03,3.8,-3.6,28.1,16.0,94
patagonia,2008-04-04,-0.8,-3.7,18.8,16.3,98
patagonia,2008-04-05,-0.8,-5.3,14.6,13.2,85
patagonia,2008-04-06,-3.7,-6.6,31.0,17.4,97
patagonia,2008-04-07,-5.2,-7.4,34.2,22.0,97
patagonia,2008-04-08,-6.7,-8.2,19.1,14.0,91
patagonia,2008-04-09,-6.6,-9.2,7.0,11.2,89
patagonia,2008-04-10,-7.1,-9.6,8.3,9.6,79
patagonia,2008-04-11,-5.4,-9.1,21.2,9.9,96
patagonia,2008-04-12,-5.5,-7.0,1.6,7.4,78
patagonia,2008-04-13,-2.4,-5.7,8.3,12.2,100
patagonia,2008-04-14,-1.7,-4.2,9.4,14.5,98
patagonia,2008-04-15,-2.3,-2.9,23.2,14.6,100
patagonia,2008-04-16,-2.7,-5.2,27.6,11.8,95
patagonia,2008-04-17,-0.6,-3.6,27.9,16.8,100
patagonia,2008-04-18,-2.1,-4.0,8.1,14.6,78
patagonia,2008-04-19,1.4,-3.9,35.1,13.1,94
patagonia,2008-04-20,-1.6,-5.8,37.7,15.4,94
patagonia,2008-04-21,-3.6,-6.6,21.0,18.3,97
patagonia,2008-04-22,-0.6,-3.6,34.2,16.6,100
patagonia,2008-04-23,0.3,-0.9,22.7,16.0,100
patagonia,2008-04-24,-0.5,-3.1,9.7,13.2,97
patagonia,2008-04-25,-1.4,-2.8,9.4,9.9,100
patagonia,2008-04-26,-1.8,-2.8,13.4,8.1,97
patagonia,2008-04-27,-3.1,-5.5,9.4,10.1,94
patagonia,2008-04-28,-1.7,-4.0,15.3,11.3,100
patagonia,2008-04-29,-0.7,-2.3,20.7,14.8,100
patagonia,2008-04-30,-0.8,-2.2,3.5,9.7,99
patagonia,2008-05-01,0.8,-1.1,3.1,12.0,96
patagonia,2008-05-02,3.0,-1.3,17.7,14.1,100
patagonia,2008-05-03,1.4,-2.0,33.4,12.6,96
patagonia,2008-05-04,-1.7,-4.0,18.7,12.7,78
patagonia,2008-05-05,-2.3,-5.7,15.6,13.2,90
patagonia,2008-05-06,-2.9,-6.2,26.6,14.3,90
patagonia,2008-05-07,-1.2,-3.1,30.3,12.8,100
patagonia,2008-05-08,0.3,-1.5,26.7,16.8,100
patagonia,2008-05-09,-0.6,-4.4,32.7,10.7,87
patagonia,2008-05-10,-2.1,-4.6,15.3,11.8,79
patagonia,2008-05-11,-3.8,-6.0,4.3,9.1,62
patagonia,2008-05-12,-3.8,-5.5,21.8,11.7,89
patagonia,2008-05-13,-5.2,-7.1,21.7,11.0,92
patagonia,2008-05-14,-7.0,-9.1,13.1,13.9,86
patagonia,2008-05-15,-5.4,-8.3,8.3,11.3,85
patagonia,2008-05-16,-4.8,-8.2,27.1,15.3,94
patagonia,2008-05-17,-6.0,-9.4,2.7,8.9,67
patagonia,2008-05-18,-5.7,-8.3,0.0,8.4,34
patagonia,2008-05-19,-5.8,-8.2,3.5,7.3,81
patagonia,2008-05-20,-5.7,-8.1,4.4,9.3,72
patagonia,2008-05-21,-3.7,-8.2,0.0,10.2,94
patagonia,2008-05-22,-4.6,-7.6,0.0,8.5,80
patagonia,2008-05-23,-4.4,-5.7,31.9,14.1,91
patagonia,2008-05-24,-4.5,-5.7,25.8,11.4,100
patagonia,2008-05-25,-4.7,-8.1,15.8,11.5,85
patagonia,2008-05-26,-6.6,-10.3,23.9,14.3,95
patagonia,2008-05-27,-5.8,-9.4,8.4,9.7,97
patagonia,2008-05-28,-4.0,-6.3,2.6,6.4,94
patagonia,2008-05-29,-3.2,-6.3,2.4,7.4,97
patagonia,2008-05-30,-4.1,-5.6,0.0,7.6,89
patagonia,2008-05-31,-3.5,-6.3,0.2,6.7,98
patagonia,2008-06-01,-3.7,-6.9,0.0,9.1,57
patagonia,2008-06-02,-2.0,-7.7,0.0,10.2,85
patagonia,2008-06-03,-0.4,-4.4,3.8,8.1,92
patagonia,2008-06-04,-1.1,-2.7,6.4,9.5,86
patagonia,2008-06-05,-1.3,-3.1,7.8,8.5,96
patagonia,2008-06-06,-1.8,-3.5,7.4,8.7,96
patagonia,2008-06-07,-2.2,-5.7,0.0,8.0,75
patagonia,2008-06-08,-2.3,-5.4,0.3,12.3,90
patagonia,2008-06-09,-1.8,-3.9,20.5,14.7,99
patagonia,2008-06-10,-3.9,-7.0,26.9,13.0,97
patagonia,2008-06-11,-4.1,-7.3,35.1,14.5,99
patagonia,2008-06-12,-4.0,-4.9,28.6,17.1,96
patagonia,2008-06-13,-4.1,-5.3,44.0,20.2,100
patagonia,2008-06-14,-2.8,-7.4,8.6,15.1,87
patagonia,2008-06-15,-1.2,-5.4,49.4,15.9,100
patagonia,2008-06-16,-5.9,-7.5,28.9,15.3,98
patagonia,2008-06-17,-3.5,-6.1,16.4,12.0,100
patagonia,2008-06-18,-3.4,-4.1,2.1,8.3,97
patagonia,2008-06-19,-2.4,-6.8,0.0,6.8,50
patagonia,2008-06-20,-3.0,-9.1,0.0,6.4,26
patagonia,2008-06-21,-3.3,-9.3,0.0,7.8,86
patagonia,2008-06-22,-2.7,-4.5,1.5,8.3,100
patagonia,2008-06-23,-2.8,-4.1,2.6,10.2,91
patagonia,2008-06-24,-2.8,-4.8,15.1,11.3,77
patagonia,2008-06-25,-4.7,-6.9,50.6,12.6,93
patagonia,2008-06-26,-5.4,-7.3,9.1,8.7,98
patagonia,2008-06-27,-6.3,-8.0,23.9,8.4,99
patagonia,2008-06-28,-6.9,-9.3,2.1,7.9,39
patagonia,2008-06-29,-8.1,-11.7,0.0,6.9,49
patagonia,2008-06-30,-7.1,-12.5,3.5,9.2,89
patagonia,2008-07-01,-5.8,-7.3,8.3,10.9,98
patagonia,2008-07-02,-6.1,-7.9,6.4,13.2,88
patagonia,2008-07-03,-5.4,-7.6,0.2,10.9,68
patagonia,2008-07-04,-4.4,-6.9,10.9,13.6,81
patagonia,2008-07-05,-7.3,-10.0,14.6,14.6,87
patagonia,2008-07-06,-4.1,-9.9,44.6,17.3,98
patagonia,2008-07-07,-4.4,-11.0,33.1,10.8,90
patagonia,2008-07-08,-10.3,-11.8,6.1,9.8,77
patagonia,2008-07-09,-8.2,-10.2,0.0,8.3,73
patagonia,2008-07-10,-4.5,-9.4,2.3,8.1,99
patagonia,2008-07-11,-4.8,-8.4,4.1,11.8,89
patagonia,2008-07-12,-3.1,-6.2,0.5,10.8,79
patagonia,2008-07-13,-3.9,-5.6,4.1,11.0,76
patagonia,2008-07-14,-3.4,-5.0,10.0,11.2,79
patagonia,2008-07-15,-2.5,-4.5,7.9,7.3,86
patagonia,2008-07-16,-2.8,-4.6,9.3,8.2,94
patagonia,2008-07-17,-3.8,-6.7,5.9,6.9,94
patagonia,2008-07-18,-5.7,-7.5,3.0,7.2,91
patagonia,2008-07-19,-6.5,-8.6,1.5,5.0,73
patagonia,2008-07-20,-7.8,-10.2,0.0,7.3,84
patagonia,2008-07-21,-8.4,-11.1,0.0,11.6,81
patagonia,2008-07-22,-6.3,-8.8,0.0,11.0,95
patagonia,2008-07-23,-3.4,-8.0,3.1,8.9,84
patagonia,2008-07-24,-3.9,-7.5,1.3,10.7,100
patagonia,2008-07-25,-4.0,-6.2,6.1,15.3,75
patagonia,2008-07-26,-4.5,-6.7,9.4,12.6,52
patagonia,2008-07-27,-3.9,-6.3,9.0,12.2,69
patagonia,2008-07-28,-6.1,-9.2,19.0,15.3,84
patagonia,2008-07-29,-8.1,-10.3,34.8,15.3,98
patagonia,2008-07-30,-6.9,-10.3,26.8,16.2,97
patagonia,2008-07-31,-6.8,-9.4,10.2,17.3,53
patagonia,2008-08-01,-6.8,-12.4,0.0,9.5,35
patagonia,2008-08-02,-7.6,-11.4,1.8,9.9,71
patagonia,2008-08-03,-6.0,-10.1,14.6,10.7,92
patagonia,2008-08-04,-6.7,-8.3,4.5,10.7,91
patagonia,2008-08-05,-7.7,-10.0,7.4,12.0,88
patagonia,2008-08-06,-8.1,-9.6,7.9,12.3,97
patagonia,2008-08-07,-7.0,-9.0,10.6,12.8,91
patagonia,2008-08-08,-7.0,-9.6,6.0,10.6,79
patagonia,2008-08-09,-6.3,-8.4,0.0,8.2,44
patagonia,2008-08-10,-6.9,-9.6,8.3,9.7,90
patagonia,2008-08-11,-7.9,-10.9,3.6,11.9,89
patagonia,2008-08-12,-5.8,-7.9,3.7,9.0,82
patagonia,2008-08-13,-6.8,-9.2,0.0,13.0,64
patagonia,2008-08-14,-5.8,-10.1,2.8,17.4,86
patagonia,2008-08-15,-8.4,-11.3,10.0,11.8,90
patagonia,2008-08-16,-8.7,-13.5,12.3,16.4,85
patagonia,2008-08-17,-8.2,-11.0,17.9,12.0,80
patagonia,2008-08-18,-7.7,-10.6,1.7,7.1,41
patagonia,2008-08-19,-7.6,-11.8,0.0,6.1,39
patagonia,2008-08-20,-7.6,-13.0,0.0,11.0,22
patagonia,2008-08-21,-5.6,-9.2,32.3,16.9,100
patagonia,2008-08-22,-3.0,-5.3,34.7,20.5,98
patagonia,2008-08-23,-2.2,-4.6,0.0,15.1,96
patagonia,2008-08-24,-1.4,-3.3,5.7,10.1,99
patagonia,2008-08-25,1.0,-2.9,0.0,7.0,78
patagonia,2008-08-26,-1.8,-4.8,9.6,8.0,99
patagonia,2008-08-27,-2.5,-4.8,3.8,5.8,100
patagonia,2008-08-28,-2.6,-5.6,0.0,8.1,74
patagonia,2008-08-29,-2.5,-6.2,7.8,9.7,93
patagonia,2008-08-30,-2.2,-5.4,0.0,9.4,79
patagonia,2008-08-31,-2.6,-5.2,3.9,9.4,100
patagonia,2008-09-01,-4.1,-7.4,0.0,9.0,68
patagonia,2008-09-02,-3.3,-7.4,0.0,8.7,46
patagonia,2008-09-03,-3.3,-6.7,0.0,7.8,61
patagonia,2008-09-04,-3.1,-4.9,0.0,10.4,98
patagonia,2008-09-05,-2.3,-5.6,5.4,13.2,78
patagonia,2008-09-06,-3.9,-6.5,5.2,9.7,72
patagonia,2008-09-07,-4.0,-7.7,0.0,9.0,51
patagonia,2008-09-08,-3.3,-6.4,3.0,9.4,85
patagonia,2008-09-09,-3.4,-5.7,6.0,11.5,81
patagonia,2008-09-10,-5.1,-7.2,4.5,7.0,61
patagonia,2008-09-11,-3.2,-8.0,0.0,11.2,68
patagonia,2008-09-12,-1.9,-4.0,20.7,11.9,99
patagonia,2008-09-13,0.8,-1.9,3.6,8.2,100
patagonia,2008-09-14,0.2,-1.9,0.0,8.7,92
patagonia,2008-09-15,-1.8,-3.3,5.2,10.1,77
patagonia,2008-09-16,0.4,-4.1,15.9,10.5,93
patagonia,2008-09-17,-4.6,-6.2,21.9,13.5,88
patagonia,2008-09-18,-1.9,-5.0,23.5,11.0,80
patagonia,2008-09-19,-0.3,-3.8,1.0,10.3,64
patagonia,2008-09-20,-1.4,-2.9,26.9,8.0,100
patagonia,2008-09-21,0.4,-1.3,23.6,8.0,100
patagonia,2008-09-22,4.4,-5.0,0.0,7.4,38
patagonia,2008-09-23,0.8,-1.1,1.0,7.7,85
patagonia,2008-09-24,0.7,-1.8,4.3,9.4,95
patagonia,2008-09-25,-1.2,-3.6,11.8,13.0,89
patagonia,2008-09-26,-1.6,-4.0,8.3,12.7,81
patagonia,2008-09-27,-2.0,-4.1,4.7,11.1,76
patagonia,2008-09-28,0.5,-5.7,0.0,9.0,68
patagonia,2008-09-29,1.2,-2.4,2.6,11.1,91
patagonia,2008-09-30,0.6,-1.9,2.8,10.0,84
patagonia,2008-10-01,-1.8,-6.6,21.3,16.1,95
patagonia,2008-10-02,-6.3,-7.4,13.5,15.9,88
patagonia,2008-10-03,-4.8,-7.6,21.3,14.2,93
patagonia,2008-10-04,-4.9,-6.5,36.3,19.9,100
patagonia,2008-10-05,-5.3,-7.3,34.9,14.6,99
patagonia,2008-10-06,-3.2,-8.3,1.3,8.3,55
patagonia,2008-10-07,1.4,-2.8,0.0,9.7,98
patagonia,2008-10-08,1.7,-1.2,1.3,9.2,99
patagonia,2008-10-09,2.4,-3.1,1.3,8.0,97
patagonia,2008-10-10,1.0,-0.9,2.6,7.6,100
patagonia,2008-10-11,0.9,-1.5,5.7,7.4,100
patagonia,2008-10-12,-1.2,-3.9,1.8,9.3,91
patagonia,2008-10-13,-1.6,-3.9,7.3,15.6,99
patagonia,2008-10-14,-2.0,-3.2,17.9,13.6,100
patagonia,2008-10-15,0.7,-2.0,5.7,12.4,95
patagonia,2008-10-16,-2.4,-4.8,13.4,13.8,77
patagonia,2008-10-17,-1.0,-6.8,5.5,12.5,98
patagonia,2008-10-18,-2.1,-5.1,12.9,14.1,90
patagonia,2008-10-19,-3.9,-6.3,17.2,15.6,75
patagonia,2008-10-20,-1.3,-6.7,8.8,12.5,97
patagonia,2008-10-21,-2.9,-4.4,6.3,15.8,100
patagonia,2008-10-22,-3.4,-6.0,25.7,18.9,88
patagonia,2008-10-23,-2.3,-5.8,29.7,22.7,97
patagonia,2008-10-24,-2.4,-5.4,15.4,17.3,91
patagonia,2008-10-25,-1.9,-4.4,13.8,13.0,92
patagonia,2008-10-26,-2.1,-4.8,7.7,18.6,83
patagonia,2008-10-27,-2.3,-5.3,17.6,14.5,95
patagonia,2008-10-28,-2.5,-5.3,24.4,20.1,98
patagonia,2008-10-29,0.2,-3.5,16.0,15.6,100
patagonia,2008-10-30,0.8,-3.7,30.4,17.6,100
patagonia,2008-10-31,-2.3,-7.2,49.8,19.3,95
patagonia,2008-11-01,-4.2,-7.6,36.8,18.9,98
patagonia,2008-11-02,-2.0,-4.6,39.9,18.1,96
patagonia,2008-11-03,-2.7,-4.1,68.6,16.8,100
patagonia,2008-11-04,-4.3,-7.9,26.7,16.9,91
patagonia,2008-11-05,-4.5,-8.7,5.9,13.4,78
patagonia,2008-11-06,-1.9,-5.4,11.9,12.0,91
patagonia,2008-11-07,-4.2,-5.5,26.9,15.3,92
patagonia,2008-11-08,-4.2,-6.5,36.6,16.6,99
patagonia,2008-11-09,-3.5,-6.7,29.5,18.9,92
patagonia,2008-11-10,-0.4,-4.9,15.3,17.6,90
patagonia,2008-11-11,-1.6,-4.6,47.4,15.7,100
patagonia,2008-11-12,-0.7,-6.1,38.7,25.3,99
patagonia,2008-11-13,-3.4,-6.4,13.3,15.0,93
patagonia,2008-11-14,-1.7,-5.1,11.8,11.8,90
patagonia,2008-11-15,-1.3,-3.2,9.7,14.3,99
patagonia,2008-11-16,0.2,-2.5,8.9,11.9,84
patagonia,2008-11-17,2.6,-4.4,0.0,8.9,61
patagonia,2008-11-18,1.7,-1.2,0.1,9.7,93
patagonia,2008-11-19,2.1,0.2,0.0,10.3,82
patagonia,2008-11-20,1.8,-2.1,11.7,12.7,93
patagonia,2008-11-21,-1.2,-3.0,12.5,15.2,92
patagonia,2008-11-22,-3.2,-6.4,27.3,14.5,89
patagonia,2008-11-23,-3.1,-6.9,9.0,13.8,86
patagonia,2008-11-24,-0.4,-3.3,9.6,12.9,99
patagonia,2008-11-25,1.4,-2.2,0.6,10.0,95
patagonia,2008-11-26,3.7,0.3,6.6,12.7,89
patagonia,2008-11-27,1.8,-0.7,21.3,8.2,100
patagonia,2008-11-28,-1.2,-3.5,17.8,12.1,77
patagonia,2008-11-29,0.9,-3.6,3.4,8.4,86
patagonia,2008-11-30,4.3,0.4,1.0,9.2,83
patagonia,2008-12-01,5.2,2.0,0.0,9.7,86
patagonia,2008-12-02,9.4,0.5,0.0,7.6,89
patagonia,2008-12-03,4.4,0.4,0.0,5.4,74
patagonia,2008-12-04,3.0,-3.0,2.7,8.6,95
patagonia,2008-12-05,4.4,1.6,8.5,9.9,99
patagonia,2008-12-06,3.4,-2.2,1.8,15.7,82
patagonia,2008-12-07,-1.3,-4.7,6.5,14.1,85
patagonia,2008-12-08,-0.0,-3.2,11.2,13.5,87
patagonia,2008-12-09,5.5,-2.1,0.0,8.2,49
patagonia,2008-12-10,6.3,0.1,0.0,15.8,50
patagonia,2008-12-11,4.6,2.2,0.1,14.4,78
patagonia,2008-12-12,3.0,0.8,4.4,11.0,100
patagonia,2008-12-13,5.4,1.9,1.0,16.5,85
patagonia,2008-12-14,4.2,1.8,10.5,14.8,98
patagonia,2008-12-15,1.3,-1.5,24.3,16.3,92
patagonia,2008-12-16,-0.5,-3.9,22.2,19.6,84
patagonia,2008-12-17,1.1,-2.8,18.7,14.5,91
patagonia,2008-12-18,2.4,-3.0,4.2,15.8,73
patagonia,2008-12-19,3.5,-0.1,19.7,11.1,99
patagonia,2008-12-20,0.2,-4.9,18.4,9.5,99
patagonia,2008-12-21,-0.7,-6.4,12.2,16.4,89
patagonia,2008-12-22,1.6,-0.6,19.3,17.2,94
patagonia,2008-12-23,1.1,-1.7,49.8,15.1,100
patagonia,2008-12-24,0.8,-2.2,39.0,14.7,100
patagonia,2008-12-25,3.0,0.8,7.3,19.0,100
patagonia,2008-12-26,2.5,-5.0,43.1,17.9,94
patagonia,2008-12-27,-2.2,-5.4,35.3,16.1,98
patagonia,2008-12-28,-1.2,-6.4,11.5,12.7,96
patagonia,2008-12-29,1.0,-3.7,29.4,15.5,98
patagonia,2008-12-30,-1.0,-4.1,21.4,16.7,97
patagonia,2008-12-31,0.9,-3.0,15.4,14.7,99
patagonia,2009-01-01,1.6,-1.6,5.4,14.3,99
patagonia,2009-01-02,1.6,-0.5,14.5,16.7,89
patagonia,2009-01-03,2.3,-1.3,47.3,12.7,98
patagonia,2009-01-04,-0.4,-3.7,41.8,14.9,99
patagonia,2009-01-05,-2.0,-4.7,22.0,12.3,92
patagonia,2009-01-06,-1.6,-4.8,24.8,17.4,99
patagonia,2009-01-07,0.9,-2.1,11.4,12.6,100
patagonia,2009-01-08,2.7,-0.5,2.6,12.0,100
patagonia,2009-01-09,3.7,1.6,19.9,14.3,100
patagonia,2009-01-10,1.2,-2.0,14.3,14.2,81
patagonia,2009-01-11,2.9,-2.3,0.2,11.4,84
patagonia,2009-01-12,6.0,-1.4,0.0,12.9,73
patagonia,2009-01-13,2.7,0.0,26.0,14.2,100
patagonia,2009-01-14,-0.2,-2.8,31.4,16.2,85
patagonia,2009-01-15,-0.0,-4.1,62.9,21.1,99
patagonia,2009-01-16,-2.7,-5.3,23.2,16.1,94
patagonia,2009-01-17,-1.2,-4.4,22.2,13.4,100
patagonia,2009-01-18,2.1,-1.3,28.3,14.1,100
patagonia,2009-01-19,3.7,2.0,82.5,14.3,100
patagonia,2009-01-20,2.4,-1.6,36.4,15.8,92
patagonia,2009-01-21,2.0,-3.2,5.8,12.6,92
patagonia,2009-01-22,1.3,-3.4,34.5,13.6,67
patagonia,2009-01-23,2.3,-4.6,0.0,7.9,57
patagonia,2009-01-24,0.3,-2.2,1.9,14.3,71
patagonia,2009-01-25,2.0,-1.8,20.6,15.0,100
patagonia,2009-01-26,2.4,-0.3,21.6,13.2,94
patagonia,2009-01-27,2.8,-1.0,10.1,14.0,95
patagonia,2009-01-28,4.4,1.5,28.5,15.9,100
patagonia,2009-01-29,2.1,-1.7,25.3,14.1,90
patagonia,2009-01-30,-0.2,-2.5,8.7,15.4,87
patagonia,2009-01-31,0.9,-2.8,4.4,15.9,93
patagonia,2009-02-01,2.1,-1.0,11.4,11.8,100
patagonia,2009-02-02,2.9,1.0,7.7,9.0,100
patagonia,2009-02-03,3.6,1.5,3.5,10.4,84
patagonia,2009-02-04,7.4,0.5,0.2,6.2,90
patagonia,2009-02-05,3.5,1.1,7.2,8.8,95
patagonia,2009-02-06,1.6,-1.2,3.4,9.5,87
patagonia,2009-02-07,1.5,-1.7,12.9,10.6,96
patagonia,2009-02-08,2.7,0.3,9.2,12.8,99
patagonia,2009-02-09,0.3,-2.8,25.2,17.0,83
patagonia,2009-02-10,-1.2,-3.5,21.1,18.6,89
patagonia,2009-02-11,1.8,-2.8,46.6,18.2,99
patagonia,2009-02-12,1.9,-1.8,65.6,16.7,96
patagonia,2009-02-13,0.8,-2.4,35.4,18.4,100
patagonia,2009-02-14,2.3,-1.2,23.2,21.4,98
patagonia,2009-02-15,1.0,-1.2,21.5,11.0,100
patagonia,2009-02-16,0.2,-2.1,25.0,14.0,98
patagonia,2009-02-17,0.7,-1.8,43.8,14.0,99
patagonia,2009-02-18,-0.4,-4.2,18.0,9.2,78
patagonia,2009-02-19,-1.5,-4.7,12.7,15.4,78
patagonia,2009-02-20,0.4,-4.2,21.0,13.8,97
patagonia,2009-02-21,2.5,-2.4,17.8,15.8,88
patagonia,2009-02-22,1.3,-2.9,7.7,14.8,74
patagonia,2009-02-23,2.9,-1.3,0.7,17.1,85
patagonia,2009-02-24,3.3,0.8,6.3,15.3,97
patagonia,2009-02-25,2.8,-1.8,24.8,12.1,89
patagonia,2009-02-26,1.6,-3.2,7.1,12.3,90
patagonia,2009-02-27,3.0,0.0,24.7,15.5,94
patagonia,2009-02-28,0.5,-3.5,33.4,14.5,100
patagonia,2009-03-01,-2.8,-6.0,8.8,7.3,70
patagonia,2009-03-02,-1.0,-4.8,0.6,10.7,86
patagonia,2009-03-03,1.9,-3.8,0.0,9.5,84
patagonia,2009-03-04,0.3,-4.7,17.7,13.6,94
patagonia,2009-03-05,-1.2,-5.0,18.1,19.3,96
patagonia,2009-03-06,1.7,-1.2,2.0,13.8,99
patagonia,2009-03-07,3.3,1.2,8.4,15.3,87
patagonia,2009-03-08,6.6,2.7,1.0,15.5,82
patagonia,2009-03-09,10.6,5.0,4.0,15.0,69
patagonia,2009-03-10,6.7,0.4,20.7,14.2,92
patagonia,2009-03-11,1.2,-1.9,8.2,13.2,74
patagonia,2009-03-12,2.6,-1.4,20.6,15.3,96
patagonia,2009-03-13,2.1,-4.1,37.8,15.6,95
patagonia,2009-03-14,-1.6,-4.4,9.5,13.1,88
patagonia,2009-03-15,3.1,-2.1,15.0,14.0,98
patagonia,2009-03-16,0.8,-0.9,19.7,16.3,98
patagonia,2009-03-17,2.1,0.5,26.2,14.5,92
patagonia,2009-03-18,3.5,1.6,6.0,14.2,97
patagonia,2009-03-19,2.7,-1.6,31.8,17.7,94
patagonia,2009-03-20,1.0,-1.0,12.1,15.3,98
patagonia,2009-03-21,2.0,-2.2,21.9,15.9,94
patagonia,2009-03-22,0.4,-5.0,17.4,18.9,93
patagonia,2009-03-23,1.7,-2.6,25.6,16.4,83
patagonia,2009-03-24,0.6,-3.0,13.8,11.4,93
patagonia,2009-03-25,-1.8,-4.2,16.3,13.4,86
patagonia,2009-03-26,-1.8,-4.5,17.5,13.2,93
patagonia,2009-03-27,1.0,-1.8,28.9,15.2,99
patagonia,2009-03-28,-1.7,-3.4,32.0,12.8,98
patagonia,2009-03-29,-2.3,-6.3,27.8,14.0,93
patagonia,2009-03-30,-4.7,-6.5,9.8,11.8,87
patagonia,2009-03-31,-2.3,-6.3,1.8,8.3,89
patagonia,2009-04-01,0.3,-4.4,2.6,8.4,97
patagonia,2009-04-02,-0.3,-2.7,4.4,7.8,92
patagonia,2009-04-03,-0.4,-3.9,0.2,7.9,83
patagonia,2009-04-04,-0.4,-3.1,7.1,10.3,93
patagonia,2009-04-05,-1.2,-3.6,29.1,20.9,98
patagonia,2009-04-06,-1.8,-4.3,8.1,12.0,65
patagonia,2009-04-07,0.2,-3.0,5.2,12.0,86
patagonia,2009-04-08,-1.3,-4.2,17.3,14.2,96
patagonia,2009-04-09,1.5,-2.1,17.0,14.5,100
patagonia,2009-04-10,0.5,-3.7,31.5,19.0,88
patagonia,2009-04-11,0.8,-5.6,45.9,14.0,84
patagonia,2009-04-12,-3.7,-6.6,18.3,13.2,96
patagonia,2009-04-13,-2.6,-4.7,2.8,13.0,89
patagonia,2009-04-14,2.7,-2.5,0.0,7.1,69
patagonia,2009-04-15,1.9,0.1,15.6,12.0,99
patagonia,2009-04-16,2.0,0.1,4.1,9.7,79
patagonia,2009-04-17,0.3,-2.7,50.7,14.0,98
patagonia,2009-04-18,-0.5,-2.1,9.6,10.0,93
patagonia,2009-04-19,0.9,-1.9,6.9,9.8,100
patagonia,2009-04-20,0.6,-2.9,7.4,12.7,85
patagonia,2009-04-21,1.6,-2.5,30.5,13.2,100
patagonia,2009-04-22,1.1,-3.8,21.1,12.3,96
patagonia,2009-04-23,-3.4,-5.4,28.9,15.5,99
patagonia,2009-04-24,-2.9,-4.3,56.6,16.7,100
patagonia,2009-04-25,-2.1,-5.0,29.2,18.9,99
patagonia,2009-04-26,-0.2,-2.3,74.3,20.5,100
patagonia,2009-04-27,-0.3,-5.1,26.4,20.6,98
patagonia,2009-04-28,-2.8,-4.9,11.1,13.9,80
patagonia,2009-04-29,2.1,-4.1,0.0,11.3,96
patagonia,2009-04-30,2.1,1.1,0.6,12.9,99
patagonia,2009-05-01,1.0,-2.8,19.7,11.8,77
patagonia,2009-05-02,-1.2,-4.0,0.0,6.5,97
patagonia,2009-05-03,-2.1,-4.1,24.7,19.4,96
patagonia,2009-05-04,0.3,-4.9,57.8,31.7,96
patagonia,2009-05-05,-4.8,-7.0,26.9,25.5,94
patagonia,2009-05-06,-3.8,-7.2,44.6,16.1,100
patagonia,2009-05-07,-3.9,-7.8,28.2,16.3,88
patagonia,2009-05-08,-4.9,-7.1,5.2,10.0,96
patagonia,2009-05-09,-5.7,-7.7,0.3,8.9,91
patagonia,2009-05-10,-7.0,-9.8,7.0,11.0,76
patagonia,2009-05-11,-5.7,-9.4,30.5,15.6,96
patagonia,2009-05-12,-3.5,-6.1,26.7,15.7,100
patagonia,2009-05-13,-1.8,-3.5,13.6,10.6,94
patagonia,2009-05-14,-1.7,-4.5,12.3,18.1,99
patagonia,2009-05-15,-2.6,-4.5,13.5,11.4,92
patagonia,2009-05-16,-4.6,-7.6,25.7,12.1,91
patagonia,2009-05-17,-4.5,-8.5,31.2,18.9,98
patagonia,2009-05-18,-3.7,-5.4,51.9,13.7,99
patagonia,2009-05-19,-5.4,-7.9,11.6,11.0,60
patagonia,2009-05-20,-3.4,-5.4,22.5,9.8,99
patagonia,2009-05-21,-4.6,-8.0,34.0,15.0,92
patagonia,2009-05-22,-5.8,-8.4,2.1,8.9,48
patagonia,2009-05-23,-5.4,-8.0,4.7,9.7,81
patagonia,2009-05-24,-4.6,-6.3,21.6,12.6,96
patagonia,2009-05-25,-4.5,-7.1,20.4,17.6,96
patagonia,2009-05-26,-3.6,-5.4,15.8,15.1,99
patagonia,2009-05-27,-3.2,-4.6,6.5,12.2,98
patagonia,2009-05-28,0.4,-3.3,0.0,9.7,73
patagonia,2009-05-29,0.8,-2.4,11.1,10.5,100
patagonia,2009-05-30,-0.0,-2.8,34.4,14.0,100
patagonia,2009-05-31,-2.7,-4.2,10.4,10.9,98
patagonia,2009-06-01,-2.2,-4.4,0.0,7.9,85
patagonia,2009-06-02,-0.7,-5.5,16.8,12.8,98
patagonia,2009-06-03,-3.5,-6.2,11.5,15.5,97
patagonia,2009-06-04,-1.3,-3.7,15.7,11.3,100
patagonia,2009-06-05,2.1,-1.9,0.0,6.9,98
patagonia,2009-06-06,1.5,-2.1,0.1,7.7,97
patagonia,2009-06-07,-1.6,-3.4,0.1,8.0,92
patagonia,2009-06-08,-1.4,-3.7,11.6,15.3,87
patagonia,2009-06-09,-2.5,-4.0,24.0,18.5,100
patagonia,2009-06-10,-1.5,-2.5,7.4,15.8,99
patagonia,2009-06-11,1.4,-2.2,7.2,17.8,96
patagonia,2009-06-12,1.6,-0.5,13.3,14.8,96
patagonia,2009-06-13,2.2,-6.5,15.9,14.2,97
patagonia,2009-06-14,-3.7,-7.2,11.4,13.7,84
patagonia,2009-06-15,-5.9,-8.8,23.4,17.1,95
patagonia,2009-06-16,-4.3,-6.6,14.4,15.1,75
patagonia,2009-06-17,-6.0,-9.3,22.7,13.5,92
patagonia,2009-06-18,-8.7,-10.9,8.0,11.5,87
patagonia,2009-06-19,-5.8,-9.0,26.7,14.3,99
patagonia,2009-06-20,-6.5,-10.4,20.0,13.2,83
patagonia,2009-06-21,-7.7,-11.3,32.7,18.4,97
patagonia,2009-06-22,-8.8,-11.2,19.9,15.8,95
patagonia,2009-06-23,-3.8,-9.6,35.7,16.4,100
patagonia,2009-06-24,-4.7,-7.8,11.5,18.4,63
patagonia,2009-06-25,-4.3,-8.5,0.0,7.0,59
patagonia,2009-06-26,-1.8,-8.9,0.0,12.1,96
patagonia,2009-06-27,-3.2,-7.7,1.0,11.4,83
patagonia,2009-06-28,-2.0,-7.5,0.0,10.7,87
patagonia,2009-06-29,-2.5,-7.2,1.8,10.9,97
patagonia,2009-06-30,-3.5,-5.5,0.0,11.1,93
patagonia,2009-07-01,-2.7,-8.8,0.4,7.8,89
patagonia,2009-07-02,-3.0,-8.3,1.6,8.0,94
patagonia,2009-07-03,-0.4,-4.4,18.3,7.9,100
patagonia,2009-07-04,-1.5,-3.4,3.2,7.3,96
patagonia,2009-07-05,-3.2,-4.8,11.1,13.3,93
patagonia,2009-07-06,-4.6,-8.9,20.9,13.5,89
patagonia,2009-07-07,-7.5,-9.6,9.7,14.1,78
patagonia,2009-07-08,-4.9,-7.5,15.9,11.0,99
patagonia,2009-07-09,-6.1,-9.4,0.0,7.2,78
patagonia,2009-07-10,-3.7,-8.9,27.6,17.1,100
patagonia,2009-07-11,-3.4,-6.8,40.1,11.7,98
patagonia,2009-07-12,-6.2,-9.3,20.0,14.2,91
patagonia,2009-07-13,-1.8,-7.4,32.0,18.8,100
patagonia,2009-07-14,-1.1,-4.6,12.6,14.9,95
patagonia,2009-07-15,-2.2,-4.8,5.8,15.9,96
patagonia,2009-07-16,-2.7,-3.4,26.4,10.2,99
patagonia,2009-07-17,-2.3,-4.8,0.0,11.4,55
patagonia,2009-07-18,0.6,-3.9,0.0,10.2,15
patagonia,2009-07-19,1.5,-2.0,1.2,8.7,95
patagonia,2009-07-20,-2.1,-9.2,16.2,7.8,89
patagonia,2009-07-21,-6.2,-11.1,6.8,10.8,85
patagonia,2009-07-22,-4.7,-6.2,0.0,6.2,95
patagonia,2009-07-23,-2.8,-6.4,12.8,11.7,99
patagonia,2009-07-24,-3.5,-7.9,22.1,14.3,89
patagonia,2009-07-25,-5.1,-8.1,16.1,19.3,99
patagonia,2009-07-26,-7.6,-9.6,25.5,14.1,97
patagonia,2009-07-27,-5.6,-7.6,15.8,13.7,91
patagonia,2009-07-28,-5.4,-8.6,5.9,13.5,83
patagonia,2009-07-29,-2.8,-6.6,0.0,4.7,96
patagonia,2009-07-30,-1.0,-7.3,0.0,7.9,83
patagonia,2009-07-31,-0.7,-10.5,0.0,8.7,74
patagonia,2009-08-01,-0.1,-2.0,4.1,13.2,99
patagonia,2009-08-02,-0.8,-4.0,15.6,12.6,75
patagonia,2009-08-03,-3.2,-5.1,12.5,10.2,93
patagonia,2009-08-04,-4.2,-7.0,2.0,8.9,74
patagonia,2009-08-05,-4.8,-6.4,5.1,11.7,92
patagonia,2009-08-06,-4.9,-7.0,13.1,13.4,90
patagonia,2009-08-07,-6.1,-7.6,35.0,19.3,97
patagonia,2009-08-08,-3.7,-7.4,23.1,18.2,99
patagonia,2009-08-09,-4.0,-6.2,50.0,20.4,100
patagonia,2009-08-10,-4.8,-7.4,5.6,7.6,100
patagonia,2009-08-11,-4.1,-6.9,12.0,13.0,88
patagonia,2009-08-12,-2.6,-6.8,19.0,14.7,96
patagonia,2009-08-13,-4.6,-7.6,31.4,13.6,90
patagonia,2009-08-14,-4.2,-5.9,4.2,13.4,100
patagonia,2009-08-15,-3.2,-6.7,2.7,8.2,83
patagonia,2009-08-16,-4.9,-7.4,15.2,11.2,97
patagonia,2009-08-17,-4.7,-6.8,4.0,8.4,99
patagonia,2009-08-18,-4.5,-7.6,0.0,6.6,57
patagonia,2009-08-19,-3.2,-7.3,0.0,7.4,20
patagonia,2009-08-20,-5.6,-7.6,0.0,8.7,67
patagonia,2009-08-21,-4.0,-8.2,4.5,9.7,82
patagonia,2009-08-22,-5.9,-8.1,3.1,12.1,88
patagonia,2009-08-23,-5.5,-7.7,9.8,11.8,78
patagonia,2009-08-24,-3.0,-6.8,0.0,7.1,64
patagonia,2009-08-25,-4.2,-10.2,2.9,7.8,92
patagonia,2009-08-26,-3.1,-7.8,17.6,10.6,96
patagonia,2009-08-27,-4.9,-8.5,3.2,9.7,64
patagonia,2009-08-28,-4.4,-10.2,7.5,13.6,90
patagonia,2009-08-29,-6.5,-10.7,10.6,16.9,90
patagonia,2009-08-30,-7.0,-9.6,21.8,14.7,93
patagonia,2009-08-31,-5.7,-9.4,21.3,13.3,99
patagonia,2009-09-01,-5.5,-7.3,10.7,12.8,93
patagonia,2009-09-02,-5.3,-7.5,9.0,12.0,95
patagonia,2009-09-03,-3.5,-5.7,1.8,12.7,100
patagonia,2009-09-04,-0.5,-4.5,3.6,12.2,96
patagonia,2009-09-05,-3.9,-7.7,12.5,7.9,73
patagonia,2009-09-06,-5.9,-8.7,0.0,5.9,45
patagonia,2009-09-07,-4.6,-7.8,1.7,11.8,90
patagonia,2009-09-08,-4.8,-8.3,20.3,16.3,93
patagonia,2009-09-09,-4.0,-8.6,9.3,14.1,93
patagonia,2009-09-10,-1.8,-3.9,19.8,13.3,99
patagonia,2009-09-11,1.4,-4.0,28.0,15.5,97
patagonia,2009-09-12,-4.8,-6.8,14.4,17.1,63
patagonia,2009-09-13,-3.4,-6.5,0.0,7.7,24
patagonia,2009-09-14,-3.6,-6.4,0.0,12.8,82
patagonia,2009-09-15,-3.8,-7.2,25.2,14.3,94
patagonia,2009-09-16,-1.7,-7.6,17.1,18.7,92
patagonia,2009-09-17,-2.0,-3.5,20.8,17.1,99
patagonia,2009-09-18,-3.0,-5.7,0.6,14.3,81
patagonia,2009-09-19,-2.9,-4.8,12.8,11.6,99
patagonia,2009-09-20,-3.4,-5.5,18.7,12.2,97
patagonia,2009-09-21,-3.7,-6.6,10.9,11.2,82
patagonia,2009-09-22,-2.6,-4.9,15.2,14.2,91
patagonia,2009-09-23,-3.4,-6.4,34.7,14.7,95
patagonia,2009-09-24,-5.4,-7.6,40.4,15.0,96
patagonia,2009-09-25,-5.9,-9.5,13.7,12.6,87
patagonia,2009-09-26,-4.2,-9.8,11.3,13.5,98
patagonia,2009-09-27,-1.9,-4.7,10.2,10.0,99
patagonia,2009-09-28,0.5,-2.6,0.0,9.4,65
patagonia,2009-09-29,1.0,-3.2,0.0,11.5,95
patagonia,2009-09-30,-1.5,-5.0,22.6,15.1,97
patagonia,2009-10-01,-4.4,-7.9,3.9,17.8,68
patagonia,2009-10-02,-5.4,-8.7,31.6,20.4,91
patagonia,2009-10-03,-2.1,-8.5,15.8,16.1,97
patagonia,2009-10-04,-2.3,-9.7,32.3,12.8,76
patagonia,2009-10-05,-5.5,-10.3,1.5,12.2,74
patagonia,2009-10-06,-3.6,-6.5,1.4,13.0,92
patagonia,2009-10-07,-0.9,-6.9,0.0,9.4,40
patagonia,2009-10-08,0.9,-3.8,2.5,11.7,91
patagonia,2009-10-09,-1.5,-4.6,4.2,11.8,89
patagonia,2009-10-10,-3.2,-6.9,14.3,13.4,88
patagonia,2009-10-11,-4.0,-8.7,27.2,22.3,96
patagonia,2009-10-12,-7.8,-9.8,22.3,17.9,95
patagonia,2009-10-13,-3.7,-9.6,16.4,11.9,98
patagonia,2009-10-14,-0.0,-3.7,0.6,7.1,88
patagonia,2009-10-15,-0.1,-3.4,0.6,12.8,97
patagonia,2009-10-16,-2.8,-5.7,4.8,13.1,75
patagonia,2009-10-17,-3.1,-6.2,17.3,18.8,92
patagonia,2009-10-18,-4.5,-6.9,35.0,16.2,98
patagonia,2009-10-19,-5.0,-8.0,26.7,16.2,98
patagonia,2009-10-20,-3.2,-4.9,17.7,19.6,96
patagonia,2009-10-21,-1.6,-4.4,6.5,13.1,97
patagonia,2009-10-22,-2.6,-8.3,15.3,22.2,91
patagonia,2009-10-23,-7.0,-9.8,10.7,18.3,93
patagonia,2009-10-24,-6.2,-10.0,7.7,16.1,76
patagonia,2009-10-25,-5.6,-10.3,0.8,14.6,79
patagonia,2009-10-26,-2.3,-7.0,27.7,19.7,98
patagonia,2009-10-27,-3.9,-6.7,16.1,14.0,94
patagonia,2009-10-28,-5.1,-7.2,10.4,13.5,83
patagonia,2009-10-29,-4.7,-7.5,9.0,15.9,82
patagonia,2009-10-30,-6.4,-9.1,13.0,13.0,78
patagonia,2009-10-31,-4.5,-9.8,24.3,21.7,89
patagonia,2009-11-01,-2.4,-6.8,7.5,15.1,96
patagonia,2009-11-02,-3.6,-6.5,20.7,13.1,91
patagonia,2009-11-03,-4.5,-7.9,22.7,14.2,96
patagonia,2009-11-04,-8.1,-10.6,15.8,14.1,88
patagonia,2009-11-05,-6.1,-10.0,11.2,10.9,88
patagonia,2009-11-06,-4.9,-8.6,9.9,15.8,95
patagonia,2009-11-07,-4.2,-8.2,13.8,19.5,96
patagonia,2009-11-08,-6.6,-10.0,16.3,14.2,92
patagonia,2009-11-09,-4.8,-9.4,33.1,15.2,100
patagonia,2009-11-10,-2.6,-4.8,36.1,14.3,100
patagonia,2009-11-11,-2.6,-3.9,44.5,14.8,100
patagonia,2009-11-12,-4.0,-7.6,24.6,12.6,89
patagonia,2009-11-13,-4.9,-9.6,0.5,9.8,67
patagonia,2009-11-14,-1.4,-5.8,15.3,7.9,87
patagonia,2009-11-15,-2.4,-6.6,3.1,11.7,93
patagonia,2009-11-16,-2.2,-5.7,3.2,6.5,92
patagonia,2009-11-17,-3.5,-7.4,1.5,14.8,84
patagonia,2009-11-18,-0.8,-5.3,7.1,9.8,96
patagonia,2009-11-19,-2.2,-5.5,6.5,14.7,60
patagonia,2009-11-20,-3.4,-6.9,11.9,14.2,85
patagonia,2009-11-21,-3.7,-7.2,19.8,11.8,95
patagonia,2009-11-22,-3.6,-7.4,6.7,9.6,68
patagonia,2009-11-23,-2.1,-7.2,0.0,7.3,46
patagonia,2009-11-24,0.1,-3.9,0.0,9.8,47
patagonia,2009-11-25,-2.0,-4.3,20.0,15.0,96
patagonia,2009-11-26,-1.7,-3.8,41.6,20.4,100
patagonia,2009-11-27,-2.1,-5.1,14.6,20.8,94
patagonia,2009-11-28,-2.1,-6.1,26.8,13.1,99
patagonia,2009-11-29,-4.6,-8.4,9.4,18.1,77
patagonia,2009-11-30,-4.5,-8.2,24.0,13.7,90
patagonia,2009-12-01,-4.9,-8.7,14.1,11.5,88
patagonia,2009-12-02,-1.9,-7.1,1.9,9.5,97
patagonia,2009-12-03,-0.3,-2.5,7.6,13.2,100
patagonia,2009-12-04,-0.0,-2.5,4.1,7.6,92
patagonia,2009-12-05,1.0,-2.9,0.8,8.4,91
patagonia,2009-12-06,0.4,-3.1,3.5,10.0,99
patagonia,2009-12-07,3.7,-0.9,0.0,8.0,84
patagonia,2009-12-08,3.2,-0.7,0.0,7.3,75
patagonia,2009-12-09,1.5,-1.0,3.5,8.2,97
patagonia,2009-12-10,1.0,-1.3,12.8,12.8,91
patagonia,2009-12-11,2.8,-1.7,1.4,9.3,98
patagonia,2009-12-12,1.8,0.5,1.4,10.0,99
patagonia,2009-12-13,2.0,-0.3,0.6,7.7,100
patagonia,2009-12-14,1.7,-1.5,7.0,13.5,79
patagonia,2009-12-15,1.9,-1.5,2.3,13.5,88
patagonia,2009-12-16,1.3,-2.5,24.4,13.7,96
patagonia,2009-12-17,-0.9,-4.3,3.6,13.0,55
patagonia,2009-12-18,0.9,-3.6,5.2,14.1,86
patagonia,2009-12-19,0.5,-3.2,26.4,16.1,100
patagonia,2009-12-20,-1.0,-4.5,11.8,13.8,97
patagonia,2009-12-21,-1.8,-4.1,31.6,13.1,91
patagonia,2009-12-22,-1.5,-3.7,22.1,11.2,93
patagonia,2009-12-23,-1.5,-4.2,6.1,10.7,70
patagonia,2009-12-24,-0.3,-4.3,20.6,14.4,98
patagonia,2009-12-25,-1.2,-4.1,31.9,16.1,89
patagonia,2009-12-26,-3.1,-4.9,12.5,12.5,88
patagonia,2009-12-27,-3.5,-6.1,9.2,13.7,86
patagonia,2009-12-28,-3.3,-6.1,9.3,11.5,94
patagonia,2009-12-29,-2.6,-6.8,7.9,10.4,79
patagonia,2009-12-30,0.8,-4.7,0.3,6.8,97
patagonia,2009-12-31,1.2,-1.3,8.3,8.1,100
patagonia,2010-01-01,1.4,-0.9,17.5,12.5,100
patagonia,2010-01-02,1.3,-2.2,11.8,20.9,81
patagonia,2010-01-03,1.9,-3.0,11.4,12.7,70
patagonia,2010-01-04,-0.3,-3.7,12.8,14.8,87
patagonia,2010-01-05,-0.8,-4.2,19.6,17.3,98
patagonia,2010-01-06,-0.1,-2.5,17.4,16.7,100
patagonia,2010-01-07,2.2,-1.0,12.9,13.9,97
patagonia,2010-01-08,-0.5,-2.3,22.1,12.7,98
patagonia,2010-01-09,-1.2,-3.4,33.9,13.0,100
patagonia,2010-01-10,0.1,-2.7,13.5,10.2,97
patagonia,2010-01-11,0.8,-3.9,21.6,13.0,95
patagonia,2010-01-12,-1.7,-4.4,30.2,13.6,100
patagonia,2010-01-13,1.5,-1.4,59.2,15.0,100
patagonia,2010-01-14,2.8,0.3,44.7,17.1,100
patagonia,2010-01-15,1.6,-1.9,2.3,12.8,77
patagonia,2010-01-16,-0.1,-2.5,7.3,15.9,88
patagonia,2010-01-17,1.1,-1.8,25.1,15.8,100
patagonia,2010-01-18,-0.6,-2.9,27.4,13.6,97
patagonia,2010-01-19,1.0,-1.7,26.8,13.9,99
patagonia,2010-01-20,1.1,-1.9,31.8,14.0,94
patagonia,2010-01-21,1.7,-2.1,18.3,17.5,99
patagonia,2010-01-22,0.8,-1.7,30.5,17.7,85
patagonia,2010-01-23,2.1,-1.9,23.6,18.1,98
patagonia,2010-01-24,1.5,-1.7,30.6,18.0,90
patagonia,2010-01-25,1.9,-2.8,50.8,14.7,100
patagonia,2010-01-26,-0.0,-3.9,21.2,16.3,94
patagonia,2010-01-27,2.1,-1.5,51.4,16.1,97
patagonia,2010-01-28,0.3,-4.3,38.8,15.1,100
patagonia,2010-01-29,-3.8,-6.5,12.8,9.0,94
patagonia,2010-01-30,-1.2,-6.2,1.9,15.7,88
patagonia,2010-01-31,-0.6,-3.6,16.0,15.4,92
patagonia,2010-02-01,-2.6,-4.1,23.9,14.6,95
patagonia,2010-02-02,-2.1,-4.4,8.8,11.9,86
patagonia,2010-02-03,-3.4,-6.0,11.8,14.3,93
patagonia,2010-02-04,-2.2,-5.6,11.0,13.2,68
patagonia,2010-02-05,0.6,-4.8,1.2,13.0,93
patagonia,2010-02-06,1.0,-2.7,23.6,12.3,100
patagonia,2010-02-07,-2.3,-5.1,20.2,15.6,93
patagonia,2010-02-08,2.2,-2.5,30.8,18.1,100
patagonia,2010-02-09,0.2,-3.8,43.0,20.6,98
patagonia,2010-02-10,-3.4,-4.5,45.0,16.2,99
patagonia,2010-02-11,0.3,-3.5,8.6,18.7,91
patagonia,2010-02-12,0.4,-4.2,8.7,11.0,90
patagonia,2010-02-13,-1.8,-4.9,15.0,9.3,87
patagonia,2010-02-14,-2.3,-5.5,13.0,11.9,86
patagonia,2010-02-15,0.5,-2.9,0.8,6.8,73
patagonia,2010-02-16,5.8,-6.3,0.0,8.4,42
patagonia,2010-02-17,6.9,-0.4,0.3,9.5,88
patagonia,2010-02-18,3.9,1.0,9.4,5.8,100
patagonia,2010-02-19,1.9,-0.6,0.5,6.6,98
patagonia,2010-02-20,1.9,-1.8,0.0,9.0,66
patagonia,2010-02-21,1.4,-2.4,8.9,10.5,99
patagonia,2010-02-22,-0.7,-3.3,22.2,13.8,90
patagonia,2010-02-23,0.8,-3.1,6.2,11.0,98
patagonia,2010-02-24,3.0,-0.3,0.0,8.8,69
patagonia,2010-02-25,5.5,-0.2,0.1,11.8,86
patagonia,2010-02-26,2.5,0.8,9.4,14.0,100
patagonia,2010-02-27,4.3,0.9,4.1,14.3,92
patagonia,2010-02-28,2.6,-1.2,15.2,14.8,95
patagonia,2010-03-01,9.9,-1.4,0.0,7.4,91
patagonia,2010-03-02,3.7,-0.3,5.3,13.1,76
patagonia,2010-03-03,7.0,-0.2,0.0,11.6,13
patagonia,2010-03-04,11.5,1.1,0.2,8.5,77
patagonia,2010-03-05,5.6,2.4,3.1,7.9,99
patagonia,2010-03-06,8.5,-0.0,0.6,7.9,98
patagonia,2010-03-07,4.3,-0.2,12.4,17.1,86
patagonia,2010-03-08,1.8,0.3,15.6,15.8,100
patagonia,2010-03-09,3.4,-1.1,5.3,25.0,96
patagonia,2010-03-10,0.5,-3.4,6.7,16.0,78
patagonia,2010-03-11,-0.4,-3.5,17.5,22.2,93
patagonia,2010-03-12,0.4,-4.7,65.4,26.3,98
patagonia,2010-03-13,-2.9,-5.4,38.4,25.1,97
patagonia,2010-03-14,-0.8,-5.4,16.4,13.4,100
patagonia,2010-03-15,2.0,-1.3,5.5,11.9,100
patagonia,2010-03-16,1.3,-1.3,26.6,16.8,98
patagonia,2010-03-17,-1.5,-3.9,2.7,10.1,94
patagonia,2010-03-18,4.2,-3.2,0.0,6.9,52
patagonia,2010-03-19,3.4,-4.8,1.4,8.5,87
patagonia,2010-03-20,1.0,-0.8,17.2,18.8,100
patagonia,2010-03-21,-0.3,-3.5,36.3,16.3,100
patagonia,2010-03-22,-1.5,-3.4,41.2,14.8,100
patagonia,2010-03-23,-2.3,-4.6,21.0,13.9,89
patagonia,2010-03-24,0.5,-3.3,23.1,13.6,98
patagonia,2010-03-25,1.9,-0.3,34.4,13.2,100
patagonia,2010-03-26,2.4,0.0,6.0,11.3,99
patagonia,2010-03-27,1.5,-0.1,2.7,10.1,98
patagonia,2010-03-28,1.6,-0.4,6.3,7.3,81
patagonia,2010-03-29,4.5,-3.7,0.0,7.1,48
patagonia,2010-03-30,2.7,-4.3,8.0,11.2,74
patagonia,2010-03-31,1.2,-0.6,9.9,8.9,96
patagonia,2010-04-01,-0.4,-4.8,19.6,13.3,97
patagonia,2010-04-02,-2.7,-6.0,15.6,11.8,94
patagonia,2010-04-03,0.8,-2.8,1.9,10.3,100
patagonia,2010-04-04,2.0,-0.5,1.0,9.8,100
patagonia,2010-04-05,4.8,1.2,1.9,8.7,100
patagonia,2010-04-06,2.4,-2.7,12.2,11.9,86
patagonia,2010-04-07,4.6,-2.6,0.0,10.2,53
patagonia,2010-04-08,7.4,-5.3,0.0,7.2,46
patagonia,2010-04-09,7.1,0.7,0.2,7.0,76
patagonia,2010-04-10,2.8,-1.4,0.1,8.4,73
patagonia,2010-04-11,0.4,-1.2,5.1,11.2,98
patagonia,2010-04-12,-0.5,-3.8,3.9,7.8,80
patagonia,2010-04-13,0.7,-2.0,1.7,13.3,98
patagonia,2010-04-14,1.5,0.1,3.7,10.8,100
patagonia,2010-04-15,0.3,-2.2,28.3,14.5,100
patagonia,2010-04-16,-2.5,-6.2,28.2,14.9,92
patagonia,2010-04-17,-5.9,-7.1,16.5,12.7,96
patagonia,2010-04-18,-5.6,-7.2,7.7,9.9,95
patagonia,2010-04-19,-6.2,-8.6,17.3,12.9,89
patagonia,2010-04-20,-6.2,-8.3,16.8,11.2,89
patagonia,2010-04-21,-6.2,-8.9,4.5,8.1,49
patagonia,2010-04-22,-2.5,-7.7,4.9,10.9,93
patagonia,2010-04-23,-0.2,-2.4,3.9,16.0,99
patagonia,2010-04-24,-1.4,-3.0,6.4,14.5,91
patagonia,2010-04-25,0.2,-2.2,17.5,14.6,100
patagonia,2010-04-26,-1.8,-5.0,60.1,19.2,100
patagonia,2010-04-27,-3.1,-5.0,22.3,13.6,99
patagonia,2010-04-28,-1.4,-3.8,51.7,20.9,100
patagonia,2010-04-29,1.3,-1.3,33.9,20.6,100
patagonia,2010-04-30,1.4,-0.4,56.4,17.5,100
patagonia,2010-05-01,0.4,-5.9,39.1,19.1,86
patagonia,2010-05-02,-3.4,-6.0,7.9,15.8,90
patagonia,2010-05-03,-4.0,-6.0,34.9,14.8,96
patagonia,2010-05-04,-2.1,-4.2,30.3,13.2,100
patagonia,2010-05-05,-3.9,-6.9,28.9,14.7,97
patagonia,2010-05-06,-1.9,-5.5,66.8,16.4,100
patagonia,2010-05-07,1.5,-1.6,22.4,16.3,100
patagonia,2010-05-08,0.4,-2.4,7.5,9.8,70
patagonia,2010-05-09,3.2,-0.3,0.0,12.0,84
patagonia,2010-05-10,3.3,0.8,0.8,11.6,75
patagonia,2010-05-11,0.8,-4.8,12.0,13.0,95
patagonia,2010-05-12,-3.9,-6.0,28.7,17.4,99
patagonia,2010-05-13,-3.3,-4.8,26.4,9.0,93
patagonia,2010-05-14,-2.8,-4.4,1.4,6.9,95
patagonia,2010-05-15,-0.3,-2.6,7.2,15.8,100
patagonia,2010-05-16,0.8,-1.5,4.3,12.0,97
patagonia,2010-05-17,0.8,-2.1,14.8,12.4,97
patagonia,2010-05-18,-2.0,-5.1,24.6,12.8,98
patagonia,2010-05-19,-2.6,-6.1,7.4,13.7,84
patagonia,2010-05-20,-1.4,-4.2,5.1,13.9,84
patagonia,2010-05-21,-1.7,-5.2,14.1,12.7,95
patagonia,2010-05-22,-2.4,-7.7,0.0,8.7,66
patagonia,2010-05-23,-0.2,-2.9,5.7,10.8,98
patagonia,2010-05-24,-0.7,-8.0,24.8,12.1,93
patagonia,2010-05-25,-5.9,-8.4,5.7,10.2,73
patagonia,2010-05-26,-3.2,-6.2,1.6,14.8,95
patagonia,2010-05-27,-1.9,-3.7,8.1,17.0,99
patagonia,2010-05-28,-3.2,-8.2,23.9,17.8,80
patagonia,2010-05-29,-5.2,-8.7,23.2,18.1,88
patagonia,2010-05-30,-3.0,-8.7,1.8,9.2,72
patagonia,2010-05-31,-0.3,-3.7,4.9,10.7,97
patagonia,2010-06-01,-0.3,-4.5,9.2,16.9,92
patagonia,2010-06-02,-3.6,-5.4,7.2,11.3,91
patagonia,2010-06-03,-3.2,-6.1,7.6,9.9,87
patagonia,2010-06-04,-0.9,-3.1,26.4,21.0,100
patagonia,2010-06-05,-2.0,-5.8,30.5,17.5,95
patagonia,2010-06-06,-5.7,-7.8,24.9,15.8,95
patagonia,2010-06-07,-4.3,-6.6,19.3,11.0,85
patagonia,2010-06-08,-2.3,-6.7,0.0,10.3,51
patagonia,2010-06-09,1.0,-2.5,0.0,11.3,100
patagonia,2010-06-10,0.8,-4.5,0.0,9.4,89
patagonia,2010-06-11,-0.9,-7.2,6.3,9.2,97
patagonia,2010-06-12,-2.1,-6.8,10.9,12.2,92
patagonia,2010-06-13,-5.8,-8.0,0.8,8.2,91
patagonia,2010-06-14,-6.0,-7.3,0.1,5.9,37
patagonia,2010-06-15,-7.3,-10.2,0.0,6.0,31
patagonia,2010-06-16,-7.9,-9.9,7.0,9.1,64
patagonia,2010-06-17,-7.5,-10.9,8.3,10.4,87
patagonia,2010-06-18,-5.4,-7.5,11.2,11.1,100
patagonia,2010-06-19,-5.6,-9.8,15.9,10.4,80
patagonia,2010-06-20,-4.9,-8.8,0.0,7.7,90
patagonia,2010-06-21,-4.4,-6.5,6.4,9.9,100
patagonia,2010-06-22,-3.5,-5.5,5.2,9.2,99
patagonia,2010-06-23,-5.4,-8.0,17.8,13.6,93
patagonia,2010-06-24,-8.1,-10.2,27.7,14.8,91
patagonia,2010-06-25,-4.7,-9.1,10.5,13.0,99
patagonia,2010-06-26,-4.3,-7.0,24.1,18.3,97
patagonia,2010-06-27,-2.4,-7.0,14.6,14.2,99
patagonia,2010-06-28,-1.1,-7.0,57.7,23.0,100
patagonia,2010-06-29,-7.2,-7.9,29.9,21.3,95
patagonia,2010-06-30,-4.3,-7.2,35.2,13.3,100
patagonia,2010-07-01,-4.9,-8.4,18.5,14.4,90
patagonia,2010-07-02,-4.7,-7.4,51.3,15.3,98
patagonia,2010-07-03,-7.2,-8.4,15.5,11.5,68
patagonia,2010-07-04,-8.6,-11.8,0.0,6.2,81
patagonia,2010-07-05,-9.5,-10.7,0.0,9.1,67
patagonia,2010-07-06,-5.5,-10.5,1.7,11.6,89
patagonia,2010-07-07,-7.8,-10.8,14.0,11.3,87
patagonia,2010-07-08,-8.2,-11.7,18.1,14.7,91
patagonia,2010-07-09,-7.3,-9.2,16.3,13.0,86
patagonia,2010-07-10,-6.4,-8.3,1.3,6.3,91
patagonia,2010-07-11,-7.2,-9.7,0.3,8.7,92
patagonia,2010-07-12,-5.0,-6.9,9.2,9.4,100
patagonia,2010-07-13,-4.0,-5.0,4.2,6.0,93
patagonia,2010-07-14,-1.4,-8.0,0.0,9.1,60
patagonia,2010-07-15,-1.1,-3.6,1.8,11.4,98
patagonia,2010-07-16,1.5,-1.6,15.7,14.7,100
patagonia,2010-07-17,1.9,-0.9,8.0,11.5,100
patagonia,2010-07-18,3.9,-3.1,4.2,16.9,98
patagonia,2010-07-19,-3.4,-7.3,14.2,10.2,64
patagonia,2010-07-20,-4.7,-9.0,0.0,8.1,38
patagonia,2010-07-21,-4.5,-7.6,2.0,10.7,85
patagonia,2010-07-22,-2.1,-5.0,6.8,9.3,100
patagonia,2010-07-23,-2.5,-4.8,3.9,8.1,83
patagonia,2010-07-24,-1.7,-5.2,0.2,10.5,75
patagonia,2010-07-25,-3.3,-4.9,13.2,14.3,100
patagonia,2010-07-26,-4.0,-5.8,11.1,13.5,100
patagonia,2010-07-27,-6.0,-8.4,17.4,15.8,96
patagonia,2010-07-28,-3.0,-6.1,29.5,12.9,100
patagonia,2010-07-29,-3.4,-8.5,1.0,9.6,72
patagonia,2010-07-30,-6.6,-9.9,0.4,6.9,77
patagonia,2010-07-31,-6.5,-10.6,0.0,6.2,43
patagonia,2010-08-01,-5.0,-8.4,0.0,6.7,71
patagonia,2010-08-02,-1.8,-7.5,0.0,11.5,81
patagonia,2010-08-03,-0.5,-1.8,0.0,12.2,77
patagonia,2010-08-04,1.1,-3.4,0.0,10.7,100
patagonia,2010-08-05,-3.6,-6.0,0.6,10.8,54
patagonia,2010-08-06,-6.6,-8.1,21.7,14.9,96
patagonia,2010-08-07,-4.9,-7.4,17.6,13.3,94
patagonia,2010-08-08,-5.5,-8.1,20.7,19.5,98
patagonia,2010-08-09,-4.2,-5.7,26.1,18.7,97
patagonia,2010-08-10,-2.4,-4.4,5.2,19.0,97
patagonia,2010-08-11,-4.3,-8.9,25.0,15.9,83
patagonia,2010-08-12,-4.2,-7.7,0.0,9.5,23
patagonia,2010-08-13,-2.5,-4.1,0.0,10.2,57
patagonia,2010-08-14,-0.4,-4.5,0.0,7.1,48
patagonia,2010-08-15,-2.3,-6.3,0.0,6.1,30
patagonia,2010-08-16,-4.4,-7.5,0.2,11.7,80
patagonia,2010-08-17,-4.1,-6.1,5.9,12.4,100
patagonia,2010-08-18,-2.6,-6.3,0.0,6.4,83
patagonia,2010-08-19,-2.5,-7.8,3.6,10.8,94
patagonia,2010-08-20,-1.7,-5.6,4.8,12.8,83
patagonia,2010-08-21,-4.3,-7.2,9.7,12.6,89
patagonia,2010-08-22,-5.2,-7.1,11.8,13.0,76
patagonia,2010-08-23,-4.7,-8.2,12.2,14.0,82
patagonia,2010-08-24,-5.0,-7.6,9.8,15.1,80
patagonia,2010-08-25,-4.0,-6.5,15.4,14.0,93
patagonia,2010-08-26,-5.9,-9.3,11.5,14.5,95
patagonia,2010-08-27,-7.5,-9.2,21.5,13.7,94
patagonia,2010-08-28,-7.4,-11.4,6.2,11.2,78
patagonia,2010-08-29,-5.9,-8.8,7.7,14.1,90
patagonia,2010-08-30,-6.2,-9.8,20.4,12.1,95
patagonia,2010-08-31,-7.1,-10.3,6.8,13.6,89
patagonia,2010-09-01,-2.3,-7.7,5.3,17.7,100
patagonia,2010-09-02,-0.4,-4.9,22.9,15.0,100
patagonia,2010-09-03,-5.4,-6.8,31.4,12.5,92
patagonia,2010-09-04,-6.3,-7.7,30.8,17.9,96
patagonia,2010-09-05,-4.8,-7.2,18.5,17.3,100
patagonia,2010-09-06,-1.4,-5.2,0.0,8.0,92
patagonia,2010-09-07,0.9,-3.8,0.3,7.6,94
patagonia,2010-09-08,-1.1,-4.4,0.4,6.5,76
patagonia,2010-09-09,-1.4,-4.3,1.6,6.6,80
patagonia,2010-09-10,-1.1,-6.3,0.0,5.6,90
patagonia,2010-09-11,-1.3,-5.0,0.0,4.0,49
patagonia,2010-09-12,-1.0,-5.9,0.0,10.4,69
patagonia,2010-09-13,-1.6,-4.2,11.0,11.2,98
patagonia,2010-09-14,-4.1,-7.4,20.3,16.9,88
patagonia,2010-09-15,-5.5,-7.9,6.7,13.1,71
patagonia,2010-09-16,-3.8,-8.0,16.2,16.8,97
patagonia,2010-09-17,-1.6,-4.6,3.1,12.2,96
patagonia,2010-09-18,-2.7,-5.9,25.4,16.1,96
patagonia,2010-09-19,-5.4,-7.4,16.2,14.7,89
patagonia,2010-09-20,-4.1,-6.5,32.1,18.1,100
patagonia,2010-09-21,-4.7,-6.4,19.9,14.8,99
patagonia,2010-09-22,-3.3,-7.0,4.8,16.1,97
patagonia,2010-09-23,-3.9,-5.8,43.5,17.1,96
patagonia,2010-09-24,-2.6,-6.6,0.0,13.3,86
patagonia,2010-09-25,-2.1,-4.4,0.7,8.0,95
patagonia,2010-09-26,-0.8,-4.1,2.5,7.1,79
patagonia,2010-09-27,0.2,-3.8,4.5,8.5,88
patagonia,2010-09-28,-2.8,-5.3,5.5,9.2,87
patagonia,2010-09-29,-2.4,-5.5,0.0,8.6,60
patagonia,2010-09-30,-1.8,-5.3,8.7,13.0,82
patagonia,2010-10-01,-2.6,-3.8,43.2,13.0,98
patagonia,2010-10-02,-2.5,-5.8,36.9,16.6,96
patagonia,2010-10-03,-3.8,-6.9,11.5,9.8,84
patagonia,2010-10-04,-4.1,-7.2,0.0,11.2,88
patagonia,2010-10-05,-0.7,-5.5,0.2,10.0,67
patagonia,2010-10-06,-3.2,-5.7,9.6,12.0,82
patagonia,2010-10-07,-2.8,-6.2,26.0,16.1,97
patagonia,2010-10-08,-2.0,-5.7,4.3,19.4,84
patagonia,2010-10-09,-1.6,-3.0,53.4,21.6,99
patagonia,2010-10-10,-2.5,-6.1,68.6,13.0,97
patagonia,2010-10-11,-3.9,-7.0,6.3,13.0,59
patagonia,2010-10-12,-3.7,-7.4,0.0,12.4,54
patagonia,2010-10-13,-3.6,-7.2,6.9,14.5,77
patagonia,2010-10-14,-2.4,-5.5,5.5,13.7,94
patagonia,2010-10-15,-2.2,-3.5,7.6,13.8,99
patagonia,2010-10-16,0.2,-5.2,0.0,12.3,87
patagonia,2010-10-17,-2.1,-3.8,16.1,16.8,92
patagonia,2010-10-18,-1.6,-4.8,39.6,19.8,99
patagonia,2010-10-19,-3.8,-6.0,40.1,15.3,97
patagonia,2010-10-20,-4.6,-7.5,13.6,16.6,93
patagonia,2010-10-21,-2.8,-5.6,3.7,17.9,95
patagonia,2010-10-22,-1.5,-4.3,4.2,12.0,100
patagonia,2010-10-23,-1.0,-3.2,9.3,14.6,98
patagonia,2010-10-24,0.5,-2.2,7.9,10.4,99
patagonia,2010-10-25,1.2,-1.1,8.0,10.5,98
patagonia,2010-10-26,3.3,-0.7,0.0,8.9,98
patagonia,2010-10-27,1.4,-1.7,2.7,9.0,86
patagonia,2010-10-28,-0.1,-3.1,2.0,6.4,83
patagonia,2010-10-29,-1.6,-3.9,2.2,12.2,96
patagonia,2010-10-30,-1.6,-4.9,7.4,8.6,95
patagonia,2010-10-31,1.2,-2.9,11.1,8.4,98
patagonia,2010-11-01,0.9,-1.1,4.8,7.1,98
patagonia,2010-11-02,2.5,-1.9,2.0,6.9,88
patagonia,2010-11-03,0.8,-3.1,8.9,7.6,99
patagonia,2010-11-04,0.9,-4.3,1.8,8.3,73
patagonia,2010-11-05,0.7,-2.1,11.6,8.4,100
patagonia,2010-11-06,-2.5,-5.1,4.4,8.6,73
patagonia,2010-11-07,-2.7,-7.2,1.3,12.8,73
patagonia,2010-11-08,-2.5,-4.1,12.0,13.4,91
patagonia,2010-11-09,-0.1,-6.1,0.0,9.8,69
patagonia,2010-11-10,6.5,-2.6,0.0,7.4,18
patagonia,2010-11-11,-0.1,-2.8,2.6,8.4,77
patagonia,2010-11-12,-2.1,-6.2,6.0,18.1,88
patagonia,2010-11-13,-0.0,-3.3,4.6,13.0,92
patagonia,2010-11-14,0.9,-3.4,0.0,8.1,85
patagonia,2010-11-15,1.8,-1.4,2.6,8.9,99
patagonia,2010-11-16,1.0,-4.0,20.5,11.8,95
patagonia,2010-11-17,-0.4,-4.0,20.6,12.7,100
patagonia,2010-11-18,-1.5,-5.3,22.8,17.9,88
patagonia,2010-11-19,-4.4,-7.7,11.8,16.3,80
patagonia,2010-11-20,-2.2,-7.4,20.2,23.2,94
patagonia,2010-11-21,-3.2,-7.6,20.8,18.6,96
patagonia,2010-11-22,-1.3,-3.4,50.9,18.9,100
patagonia,2010-11-23,-3.0,-5.0,20.2,19.2,86
patagonia,2010-11-24,-1.8,-3.8,24.8,18.5,100
patagonia,2010-11-25,-0.2,-3.4,14.7,14.5,99
patagonia,2010-11-26,-3.0,-5.4,14.9,12.5,84
patagonia,2010-11-27,-2.4,-5.7,2.3,15.7,80
patagonia,2010-11-28,-1.2,-4.7,34.2,16.6,98
patagonia,2010-11-29,-4.0,-7.1,15.5,15.8,91
patagonia,2010-11-30,-2.8,-6.7,60.2,18.9,98
patagonia,2010-12-01,-5.4,-7.6,21.7,16.8,90
patagonia,2010-12-02,-3.9,-7.0,15.5,13.4,97
patagonia,2010-12-03,-2.5,-4.7,33.0,18.7,100
patagonia,2010-12-04,-2.1,-4.8,13.9,17.1,85
patagonia,2010-12-05,0.9,-2.5,25.6,15.9,100
patagonia,2010-12-06,-2.4,-4.7,20.1,18.1,89
patagonia,2010-12-07,-3.1,-5.7,13.2,17.4,85
patagonia,2010-12-08,-3.8,-6.7,33.8,19.8,98
patagonia,2010-12-09,-4.8,-7.0,16.4,14.8,95
patagonia,2010-12-10,-3.1,-6.9,1.7,7.4,86
patagonia,2010-12-11,-2.2,-6.3,10.9,18.6,92
patagonia,2010-12-12,1.5,-2.2,18.1,14.7,100
patagonia,2010-12-13,0.1,-4.2,16.6,19.5,81
patagonia,2010-12-14,-0.4,-4.7,7.2,14.4,98
patagonia,2010-12-15,-0.9,-4.2,38.0,16.6,100
patagonia,2010-12-16,-3.7,-7.5,10.4,11.4,73
patagonia,2010-12-17,-3.8,-7.9,10.9,14.3,89
patagonia,2010-12-18,-1.9,-3.9,29.9,16.8,100
patagonia,2010-12-19,-2.1,-3.2,24.5,14.8,100
patagonia,2010-12-20,-1.8,-4.8,62.4,15.5,100
patagonia,2010-12-21,-2.5,-6.3,18.0,15.3,88
patagonia,2010-12-22,-0.6,-3.9,20.9,13.1,97
patagonia,2010-12-23,-1.1,-3.9,9.4,18.6,90
patagonia,2010-12-24,0.0,-4.6,27.8,16.7,99
patagonia,2010-12-25,-0.3,-5.5,21.7,18.5,93
patagonia,2010-12-26,1.8,-0.7,29.9,12.1,100
patagonia,2010-12-27,-0.6,-3.7,8.5,16.0,77
patagonia,2010-12-28,2.0,-2.6,1.2,10.5,88
patagonia,2010-12-29,2.9,0.2,0.4,11.8,98
patagonia,2010-12-30,3.4,2.0,3.3,11.3,100
patagonia,2010-12-31,1.8,0.1,10.1,17.0,97
patagonia,2011-01-01,8.6,-0.5,0.0,8.1,68
patagonia,2011-01-02,7.4,-0.4,0.0,8.4,31
patagonia,2011-01-03,4.6,-2.4,3.7,9.3,98
patagonia,2011-01-04,1.2,-0.2,8.2,13.3,94
patagonia,2011-01-05,2.8,-2.2,0.2,11.1,83
patagonia,2011-01-06,5.7,1.1,4.0,11.0,94
patagonia,2011-01-07,2.7,-2.8,9.2,8.8,65
patagonia,2011-01-08,0.3,-5.7,4.7,13.8,71
patagonia,2011-01-09,3.2,-1.1,9.2,13.0,100
patagonia,2011-01-10,2.2,-2.5,11.4,15.1,84
patagonia,2011-01-11,1.1,-2.6,6.8,13.1,91
patagonia,2011-01-12,-0.3,-3.2,25.6,12.0,96
patagonia,2011-01-13,-1.0,-4.2,19.0,11.4,90
patagonia,2011-01-14,0.7,-4.7,12.6,9.6,96
patagonia,2011-01-15,1.7,-1.2,1.4,8.6,76
patagonia,2011-01-16,-0.5,-4.5,15.2,11.5,88
patagonia,2011-01-17,0.1,-4.8,7.7,7.4,100
patagonia,2011-01-18,1.8,-1.9,8.5,10.3,81
patagonia,2011-01-19,-1.7,-3.1,36.5,15.8,99
patagonia,2011-01-20,0.2,-3.4,24.3,14.3,95
patagonia,2011-01-21,2.5,-0.5,26.8,14.8,100
patagonia,2011-01-22,3.0,0.1,29.4,28.4,97
patagonia,2011-01-23,0.2,-0.8,22.3,16.6,98
patagonia,2011-01-24,-1.1,-3.1,13.4,18.7,84
patagonia,2011-01-25,-0.7,-3.8,6.8,13.5,82
patagonia,2011-01-26,1.4,-3.4,0.0,4.4,82
patagonia,2011-01-27,0.7,-2.1,6.3,9.5,95
patagonia,2011-01-28,1.4,-3.0,7.4,15.5,98
patagonia,2011-01-29,1.3,-1.7,27.4,15.8,97
patagonia,2011-01-30,-0.0,-2.9,11.7,14.8,81
patagonia,2011-01-31,-0.5,-3.2,9.8,13.6,87
patagonia,2011-02-01,0.4,-2.5,9.3,8.3,100
patagonia,2011-02-02,0.2,-1.9,10.3,15.3,97
patagonia,2011-02-03,0.6,-2.2,13.8,10.6,98
patagonia,2011-02-04,-1.1,-3.1,26.7,9.5,99
patagonia,2011-02-05,0.1,-3.1,28.0,15.8,100
patagonia,2011-02-06,1.9,-0.6,10.6,12.9,92
patagonia,2011-02-07,2.9,-1.8,0.2,15.5,96
patagonia,2011-02-08,4.8,1.9,1.4,12.6,97
patagonia,2011-02-09,10.5,2.2,0.0,14.0,35
patagonia,2011-02-10,9.9,2.8,0.0,11.5,49
patagonia,2011-02-11,5.4,1.3,12.3,13.0,74
patagonia,2011-02-12,4.3,-2.6,7.0,12.0,89
patagonia,2011-02-13,1.2,-2.8,38.0,15.8,97
patagonia,2011-02-14,1.4,-2.8,53.9,18.7,92
patagonia,2011-02-15,-1.0,-4.5,20.4,15.1,82
patagonia,2011-02-16,-1.0,-4.8,2.5,13.8,64
patagonia,2011-02-17,1.7,-3.4,5.7,12.5,96
patagonia,2011-02-18,2.7,0.0,9.6,13.5,98
patagonia,2011-02-19,10.2,-0.1,0.0,6.1,80
patagonia,2011-02-20,10.6,2.8,0.5,11.2,29
patagonia,2011-02-21,7.4,1.4,0.8,7.6,97
patagonia,2011-02-22,4.9,2.3,3.1,5.6,100
patagonia,2011-02-23,6.2,0.2,0.0,8.5,75
patagonia,2011-02-24,6.5,2.3,0.6,17.6,68
patagonia,2011-02-25,2.6,-3.5,35.7,13.7,95
patagonia,2011-02-26,1.2,-3.8,1.6,11.9,85
patagonia,2011-02-27,2.9,-1.2,26.7,13.2,100
patagonia,2011-02-28,5.6,0.7,36.5,13.4,97
patagonia,2011-03-01,3.5,-2.4,31.1,13.7,86
patagonia,2011-03-02,0.7,-3.2,5.1,12.9,68
patagonia,2011-03-03,2.9,0.1,33.3,14.2,100
patagonia,2011-03-04,4.1,1.5,0.2,12.4,98
patagonia,2011-03-05,9.1,2.3,0.0,12.6,46
patagonia,2011-03-06,3.8,-1.1,12.5,16.3,90
patagonia,2011-03-07,1.2,-1.4,7.0,12.8,96
patagonia,2011-03-08,4.3,-0.2,7.7,16.6,95
patagonia,2011-03-09,2.3,-3.6,34.5,16.6,96
patagonia,2011-03-10,-1.8,-3.7,22.0,16.1,95
patagonia,2011-03-11,-3.0,-5.2,9.6,11.4,72
patagonia,2011-03-12,-1.9,-4.6,8.2,13.3,98
patagonia,2011-03-13,1.0,-1.9,4.0,7.9,100
patagonia,2011-03-14,0.2,-1.3,4.9,8.2,88
patagonia,2011-03-15,1.1,-3.2,2.0,9.4,93
patagonia,2011-03-16,0.3,-3.0,16.5,13.2,84
patagonia,2011-03-17,-0.4,-3.7,20.8,11.4,96
patagonia,2011-03-18,1.5,-1.9,24.4,10.9,99
patagonia,2011-03-19,-1.2,-3.2,15.7,13.5,81
patagonia,2011-03-20,1.1,-2.8,7.6,12.2,88
patagonia,2011-03-21,-2.1,-4.7,14.5,12.3,86
patagonia,2011-03-22,-2.8,-6.4,9.2,12.6,92
patagonia,2011-03-23,-1.1,-3.4,24.5,15.7,100
patagonia,2011-03-24,1.2,-2.9,17.8,16.3,93
patagonia,2011-03-25,-3.2,-5.2,17.0,15.6,87
patagonia,2011-03-26,-3.4,-5.6,17.6,16.9,89
patagonia,2011-03-27,-1.6,-4.6,14.3,14.2,99
patagonia,2011-03-28,0.1,-2.5,21.8,15.1,95
patagonia,2011-03-29,-2.1,-4.2,24.2,15.9,96
patagonia,2011-03-30,-3.3,-6.0,35.6,15.4,98
patagonia,2011-03-31,-4.7,-6.3,21.2,14.8,93
patagonia,2011-04-01,-2.3,-6.1,13.0,11.0,86
patagonia,2011-04-02,-1.7,-6.9,42.6,13.5,96
patagonia,2011-04-03,-2.8,-6.3,26.1,15.4,100
patagonia,2011-04-04,0.6,-2.7,29.2,16.6,100
patagonia,2011-04-05,1.5,0.2,13.1,12.6,100
patagonia,2011-04-06,1.4,-4.3,42.7,15.6,99
patagonia,2011-04-07,-1.0,-5.0,14.4,15.3,100
patagonia,2011-04-08,2.4,-0.7,4.9,18.1,100
patagonia,2011-04-09,1.7,0.8,20.1,14.5,100
patagonia,2011-04-10,3.6,1.0,23.2,11.8,100
patagonia,2011-04-11,0.7,-3.7,8.9,13.8,88
patagonia,2011-04-12,-3.0,-4.5,1.9,6.5,70
patagonia,2011-04-13,-3.5,-5.7,0.2,7.9,78
patagonia,2011-04-14,-3.7,-5.7,1.1,10.0,89
patagonia,2011-04-15,-2.4,-5.9,2.0,14.6,92
patagonia,2011-04-16,-1.6,-3.5,19.7,14.7,97
patagonia,2011-04-17,-1.3,-3.3,63.6,15.6,100
patagonia,2011-04-18,-0.8,-2.8,27.1,16.5,97
patagonia,2011-04-19,-2.8,-5.6,31.1,16.0,95
patagonia,2011-04-20,-2.6,-5.6,6.7,13.2,88
patagonia,2011-04-21,-0.7,-4.6,9.7,11.7,75
patagonia,2011-04-22,-3.0,-5.3,17.1,13.9,89
patagonia,2011-04-23,-3.7,-5.0,43.5,15.6,100
patagonia,2011-04-24,-3.5,-6.0,20.5,16.6,96
patagonia,2011-04-25,1.8,-3.3,36.7,19.7,100
patagonia,2011-04-26,1.6,-5.1,35.5,21.3,98
patagonia,2011-04-27,-3.3,-5.9,26.0,13.8,99
patagonia,2011-04-28,-1.5,-3.2,15.0,15.3,100
patagonia,2011-04-29,-1.5,-2.2,9.2,18.5,97
patagonia,2011-04-30,-1.6,-4.7,7.1,13.7,58
patagonia,2011-05-01,-0.3,-3.8,13.8,13.5,89
patagonia,2011-05-02,0.9,-0.9,13.3,14.3,100
patagonia,2011-05-03,-1.1,-4.4,32.5,16.7,88
patagonia,2011-05-04,-3.5,-7.3,34.7,22.5,95
patagonia,2011-05-05,-4.0,-7.3,16.8,14.5,95
patagonia,2011-05-06,-0.1,-5.2,59.3,20.9,100
patagonia,2011-05-07,-5.8,-7.6,20.6,15.6,92
patagonia,2011-05-08,-3.0,-5.5,15.3,16.9,100
patagonia,2011-05-09,-0.6,-2.8,36.0,17.4,99
patagonia,2011-05-10,-2.7,-4.4,15.8,11.8,96
patagonia,2011-05-11,-0.4,-3.2,15.8,12.8,98
patagonia,2011-05-12,0.6,-1.5,11.1,8.4,99
patagonia,2011-05-13,2.2,-0.1,3.7,11.6,98
patagonia,2011-05-14,2.4,-2.4,0.8,10.1,88
patagonia,2011-05-15,2.5,-1.5,3.8,10.1,98
patagonia,2011-05-16,1.4,-0.6,0.0,10.9,98
patagonia,2011-05-17,1.6,-3.4,22.8,14.0,100
patagonia,2011-05-18,-4.4,-6.9,16.7,12.5,83
patagonia,2011-05-19,-6.2,-7.9,8.9,13.7,90
patagonia,2011-05-20,-3.4,-6.2,23.0,14.8,99
patagonia,2011-05-21,-4.8,-9.0,10.6,8.8,52
patagonia,2011-05-22,-2.7,-9.0,18.0,17.1,100
patagonia,2011-05-23,-3.7,-4.7,38.1,23.8,100
patagonia,2011-05-24,-3.2,-4.8,21.7,10.7,92
patagonia,2011-05-25,-1.5,-4.9,4.5,14.1,89
patagonia,2011-05-26,-0.1,-4.7,0.0,9.9,77
patagonia,2011-05-27,-1.2,-5.1,16.5,11.9,87
patagonia,2011-05-28,-3.6,-6.3,7.7,10.2,72
patagonia,2011-05-29,-1.2,-3.5,0.1,10.9,97
patagonia,2011-05-30,-1.5,-6.6,22.0,12.4,86
patagonia,2011-05-31,-4.7,-6.0,3.4,13.2,85
patagonia,2011-06-01,-4.4,-5.4,6.0,14.1,90
patagonia,2011-06-02,-1.7,-7.2,0.0,8.8,40
patagonia,2011-06-03,-1.6,-8.2,0.0,6.1,38
patagonia,2011-06-04,-1.3,-3.5,0.5,7.2,67
patagonia,2011-06-05,-3.1,-5.3,0.0,9.2,78
patagonia,2011-06-06,-1.5,-3.5,6.6,8.2,100
patagonia,2011-06-07,-2.7,-5.4,6.6,12.1,98
patagonia,2011-06-08,-2.4,-5.8,0.0,9.0,62
patagonia,2011-06-09,-2.6,-5.4,6.8,9.2,98
patagonia,2011-06-10,-3.3,-4.9,12.5,12.7,85
patagonia,2011-06-11,-4.8,-6.3,33.2,13.9,99
patagonia,2011-06-12,-3.0,-5.9,19.5,13.4,95
patagonia,2011-06-13,-2.4,-6.4,36.1,14.1,90
patagonia,2011-06-14,-4.5,-6.6,1.1,7.9,80
patagonia,2011-06-15,-4.6,-6.3,3.3,6.6,89
patagonia,2011-06-16,-5.5,-6.7,0.7,6.9,83
patagonia,2011-06-17,-5.1,-8.0,5.0,8.8,84
patagonia,2011-06-18,-3.9,-5.9,10.5,10.6,96
patagonia,2011-06-19,-5.0,-6.7,0.1,7.8,86
patagonia,2011-06-20,-2.3,-6.6,2.2,16.3,98
patagonia,2011-06-21,-2.1,-3.6,16.2,15.5,99
patagonia,2011-06-22,-1.9,-5.9,48.6,17.0,99
patagonia,2011-06-23,-6.1,-9.7,13.5,13.7,78
patagonia,2011-06-24,-5.6,-8.2,6.1,14.6,87
patagonia,2011-06-25,-2.9,-5.4,21.4,18.8,99
patagonia,2011-06-26,-3.1,-5.5,34.4,13.8,95
patagonia,2011-06-27,-5.4,-8.0,14.0,14.6,91
patagonia,2011-06-28,-4.6,-7.3,1.7,9.2,92
patagonia,2011-06-29,-7.2,-10.4,23.0,15.6,93
patagonia,2011-06-30,-6.8,-10.8,11.3,13.6,94
patagonia,2011-07-01,-5.2,-7.2,4.1,9.2,98
patagonia,2011-07-02,-4.0,-5.9,0.0,6.4,73
patagonia,2011-07-03,-3.1,-6.4,3.5,10.7,95
patagonia,2011-07-04,-0.5,-4.6,0.0,8.0,98
patagonia,2011-07-05,0.8,-2.8,14.1,9.2,100
patagonia,2011-07-06,0.1,-1.9,15.4,11.2,100
patagonia,2011-07-07,-1.7,-6.2,29.4,11.9,94
patagonia,2011-07-08,-4.9,-6.8,23.6,8.7,95
patagonia,2011-07-09,-6.5,-8.0,14.2,13.5,91
patagonia,2011-07-10,-2.6,-6.6,12.2,10.8,99
patagonia,2011-07-11,-2.4,-4.1,0.4,10.6,99
patagonia,2011-07-12,-1.7,-4.0,7.5,9.5,87
patagonia,2011-07-13,-3.1,-4.9,8.1,7.6,93
patagonia,2011-07-14,-4.4,-6.8,15.1,10.1,99
patagonia,2011-07-15,-7.2,-9.9,4.5,7.5,81
patagonia,2011-07-16,-6.5,-10.0,0.0,4.6,52
patagonia,2011-07-17,-4.6,-6.4,0.0,8.0,76
patagonia,2011-07-18,-4.7,-6.3,0.0,10.6,84
patagonia,2011-07-19,-3.9,-5.6,2.0,11.2,96
patagonia,2011-07-20,-5.0,-6.3,21.3,11.9,88
patagonia,2011-07-21,-5.8,-6.9,14.2,13.4,90
patagonia,2011-07-22,-3.9,-6.4,25.3,13.0,98
patagonia,2011-07-23,-4.9,-7.2,32.5,14.9,99
patagonia,2011-07-24,-2.2,-5.0,12.6,7.3,90
patagonia,2011-07-25,-2.9,-7.1,6.2,6.2,82
patagonia,2011-07-26,-4.6,-7.0,2.7,11.8,98
patagonia,2011-07-27,-4.3,-5.9,4.9,12.0,98
patagonia,2011-07-28,-6.0,-8.2,0.4,11.7,62
patagonia,2011-07-29,-4.2,-9.9,0.0,8.1,14
patagonia,2011-07-30,-5.5,-6.7,0.1,11.2,76
patagonia,2011-07-31,-3.4,-7.5,39.3,14.2,100
patagonia,2011-08-01,-3.2,-5.2,20.3,13.6,99
patagonia,2011-08-02,-5.2,-8.3,10.8,10.5,63
patagonia,2011-08-03,-2.7,-7.3,0.0,8.0,97
patagonia,2011-08-04,-3.3,-5.2,3.4,9.2,99
patagonia,2011-08-05,-4.5,-5.5,18.0,10.5,100
patagonia,2011-08-06,-5.6,-8.1,1.7,12.1,91
patagonia,2011-08-07,-5.0,-8.0,0.0,10.2,93
patagonia,2011-08-08,-5.3,-7.7,0.8,13.3,83
patagonia,2011-08-09,-1.4,-5.5,1.9,11.9,78
patagonia,2011-08-10,-2.5,-5.9,7.2,10.3,76
patagonia,2011-08-11,-3.3,-6.8,1.5,7.1,60
patagonia,2011-08-12,-4.4,-7.6,0.0,5.3,64
patagonia,2011-08-13,-3.5,-5.4,0.0,6.2,38
patagonia,2011-08-14,-5.0,-7.8,3.7,8.0,87
patagonia,2011-08-15,-6.2,-7.6,8.1,7.2,73
patagonia,2011-08-16,-5.7,-10.4,0.0,9.1,79
patagonia,2011-08-17,-5.6,-8.8,1.5,10.5,68
patagonia,2011-08-18,-5.3,-7.6,9.1,12.4,89
patagonia,2011-08-19,-4.4,-7.2,2.5,9.8,94
patagonia,2011-08-20,-3.0,-5.8,0.0,6.7,83
patagonia,2011-08-21,0.9,-8.0,0.0,10.1,45
patagonia,2011-08-22,-1.4,-7.2,4.8,11.8,94
patagonia,2011-08-23,-6.3,-9.7,17.8,11.7,84
patagonia,2011-08-24,-5.5,-10.0,4.8,11.1,87
patagonia,2011-08-25,-4.6,-10.0,0.0,9.2,89
patagonia,2011-08-26,-1.9,-6.8,1.0,8.7,70
patagonia,2011-08-27,-4.5,-5.8,1.4,9.7,91
patagonia,2011-08-28,-3.5,-7.5,0.0,8.5,59
patagonia,2011-08-29,-3.4,-7.8,0.1,8.3,94
patagonia,2011-08-30,-4.4,-6.7,0.0,9.2,55
patagonia,2011-08-31,-3.2,-7.0,1.3,9.5,93
patagonia,2011-09-01,-1.6,-4.5,7.5,10.7,71
patagonia,2011-09-02,-2.1,-4.8,5.5,10.5,92
patagonia,2011-09-03,-5.5,-9.2,18.5,12.6,83
patagonia,2011-09-04,-7.2,-9.6,25.0,15.2,96
patagonia,2011-09-05,-7.9,-10.4,9.5,10.3,74
patagonia,2011-09-06,-4.5,-9.7,17.6,13.1,97
patagonia,2011-09-07,-4.0,-6.9,11.9,8.7,88
patagonia,2011-09-08,-3.7,-7.4,16.6,12.6,92
patagonia,2011-09-09,-4.9,-7.5,5.2,11.5,80
patagonia,2011-09-10,-2.5,-6.4,5.7,11.5,98
patagonia,2011-09-11,-4.0,-5.5,36.2,15.6,99
patagonia,2011-09-12,-4.1,-6.3,24.0,12.9,97
patagonia,2011-09-13,-2.5,-6.3,6.7,12.7,89
patagonia,2011-09-14,-1.3,-3.8,28.4,12.3,100
patagonia,2011-09-15,-2.1,-6.0,16.2,11.2,97
patagonia,2011-09-16,-5.1,-6.6,32.9,18.6,96
patagonia,2011-09-17,-2.5,-5.6,19.5,18.1,100
patagonia,2011-09-18,-1.9,-3.0,44.8,18.1,100
patagonia,2011-09-19,-2.8,-5.2,5.3,7.8,91
patagonia,2011-09-20,-2.8,-4.7,25.7,8.1,99
patagonia,2011-09-21,-2.5,-6.3,0.0,8.0,51
patagonia,2011-09-22,-0.4,-5.8,0.0,7.4,5
patagonia,2011-09-23,-1.6,-5.7,5.7,12.3,86
patagonia,2011-09-24,-2.4,-4.3,19.9,13.5,94
patagonia,2011-09-25,-3.2,-6.2,22.0,12.0,93
patagonia,2011-09-26,-1.3,-6.8,0.0,7.1,70
patagonia,2011-09-27,0.3,-3.8,0.0,6.8,90
patagonia,2011-09-28,-0.1,-3.8,0.0,7.2,85
patagonia,2011-09-29,0.1,-3.2,0.4,7.0,96
patagonia,2011-09-30,-0.9,-3.3,1.3,4.7,93
patagonia,2011-10-01,0.2,-5.2,0.0,5.8,53
patagonia,2011-10-02,-2.7,-4.4,3.6,4.9,80
patagonia,2011-10-03,-0.6,-3.7,0.0,7.6,100
patagonia,2011-10-04,0.2,-3.3,6.1,5.4,98
patagonia,2011-10-05,0.6,-2.0,3.0,6.7,95
patagonia,2011-10-06,0.1,-2.2,4.3,5.7,94
patagonia,2011-10-07,0.4,-5.0,0.0,10.2,60
patagonia,2011-10-08,0.3,-2.2,0.0,10.1,99
patagonia,2011-10-09,-1.6,-6.0,9.0,11.8,87
patagonia,2011-10-10,-3.5,-6.7,5.4,12.0,76
patagonia,2011-10-11,0.5,-4.2,0.0,6.2,32
patagonia,2011-10-12,-0.4,-3.6,0.1,11.7,55
patagonia,2011-10-13,0.7,-3.0,11.7,16.9,95
patagonia,2011-10-14,-3.3,-7.0,8.6,13.7,87
patagonia,2011-10-15,-3.0,-5.3,8.6,13.2,89
patagonia,2011-10-16,-3.0,-4.1,14.9,18.4,100
patagonia,2011-10-17,-0.8,-3.5,2.1,13.6,96
patagonia,2011-10-18,-0.8,-3.8,28.2,16.3,100
patagonia,2011-10-19,-4.1,-6.6,28.0,17.9,91
patagonia,2011-10-20,-4.0,-6.0,39.0,17.4,99
patagonia,2011-10-21,-3.4,-6.9,15.5,14.7,95
patagonia,2011-10-22,-1.8,-4.3,9.4,17.1,98
patagonia,2011-10-23,-3.2,-6.6,25.9,15.3,94
patagonia,2011-10-24,-3.5,-6.8,6.7,18.4,84
patagonia,2011-10-25,-2.9,-4.8,9.0,16.8,99
patagonia,2011-10-26,-0.2,-5.2,1.7,11.0,91
patagonia,2011-10-27,-0.2,-2.7,12.7,9.7,99
patagonia,2011-10-28,-1.7,-3.8,6.5,14.9,96
patagonia,2011-10-29,0.1,-2.8,6.2,15.6,83
patagonia,2011-10-30,0.6,-3.1,2.0,11.8,98
patagonia,2011-10-31,1.0,-1.7,0.0,13.5,94
patagonia,2011-11-01,1.0,-3.0,0.0,10.4,93
patagonia,2011-11-02,-1.5,-4.6,24.2,15.0,93
patagonia,2011-11-03,-0.9,-3.7,17.6,16.5,98
patagonia,2011-11-04,0.9,-1.8,1.0,13.1,92
patagonia,2011-11-05,1.7,-3.5,7.2,13.1,91
patagonia,2011-11-06,-2.3,-5.5,8.6,11.0,63
patagonia,2011-11-07,-1.3,-8.3,0.0,6.1,58
patagonia,2011-11-08,-2.0,-4.2,2.4,8.6,90
patagonia,2011-11-09,-1.8,-5.3,4.1,13.4,90
patagonia,2011-11-10,-1.0,-2.8,14.5,14.1,100
patagonia,2011-11-11,0.4,-1.9,6.4,16.4,100
patagonia,2011-11-12,1.9,-0.4,7.1,15.3,99
patagonia,2011-11-13,-0.9,-3.0,39.5,15.8,99
patagonia,2011-11-14,-1.3,-3.6,17.4,14.8,78
patagonia,2011-11-15,-0.9,-3.4,13.0,17.2,92
patagonia,2011-11-16,1.0,-1.6,5.8,9.7,100
patagonia,2011-11-17,5.2,-3.0,0.9,8.2,99
patagonia,2011-11-18,-0.5,-5.6,17.2,14.4,90
patagonia,2011-11-19,-1.8,-5.8,3.9,14.5,99
patagonia,2011-11-20,-3.1,-5.4,8.1,14.5,75
patagonia,2011-11-21,-0.3,-4.8,3.5,10.7,94
patagonia,2011-11-22,0.9,-3.0,4.2,5.1,92
patagonia,2011-11-23,-0.5,-3.2,12.0,12.2,99
patagonia,2011-11-24,-2.8,-4.5,22.0,14.2,91
patagonia,2011-11-25,-3.2,-5.3,45.2,17.0,97
patagonia,2011-11-26,-1.2,-4.5,19.7,13.0,97
patagonia,2011-11-27,-1.4,-4.3,17.5,11.2,99
patagonia,2011-11-28,-3.1,-6.1,13.9,12.6,82
patagonia,2011-11-29,-2.1,-5.0,6.7,16.4,97
patagonia,2011-11-30,-0.3,-2.6,21.9,16.8,100
patagonia,2011-12-01,3.8,-2.4,0.0,9.2,54
patagonia,2011-12-02,8.2,-1.4,0.3,9.2,55
patagonia,2011-12-03,5.3,0.5,0.0,7.9,83
patagonia,2011-12-04,2.3,-0.2,2.8,10.7,98
patagonia,2011-12-05,1.0,-1.8,12.1,12.5,87
patagonia,2011-12-06,1.4,-3.2,19.7,15.5,96
patagonia,2011-12-07,-0.3,-4.1,2.4,18.2,77
patagonia,2011-12-08,3.3,-3.0,0.0,8.2,56
patagonia,2011-12-09,1.6,-3.2,8.2,11.0,87
patagonia,2011-12-10,-2.5,-4.8,22.6,16.3,90
patagonia,2011-12-11,0.5,-3.7,10.6,15.8,97
patagonia,2011-12-12,2.4,0.4,0.2,13.7,96
patagonia,2011-12-13,5.0,1.1,0.0,11.2,81
patagonia,2011-12-14,8.0,1.1,0.0,10.7,53
patagonia,2011-12-15,11.9,-1.9,0.0,8.4,63
patagonia,2011-12-16,7.5,2.3,0.0,9.4,97
patagonia,2011-12-17,3.0,0.1,6.8,10.7,95
patagonia,2011-12-18,1.2,-2.2,11.3,15.1,88
patagonia,2011-12-19,0.1,-3.4,21.9,15.3,79
patagonia,2011-12-20,-0.3,-4.7,12.6,9.9,85
patagonia,2011-12-21,-3.3,-6.5,4.8,13.2,70
patagonia,2011-12-22,-1.2,-4.8,5.6,9.2,82
patagonia,2011-12-23,0.3,-4.4,0.3,14.1,85
patagonia,2011-12-24,1.8,-1.1,10.3,14.0,100
patagonia,2011-12-25,2.4,-0.9,0.0,10.2,68
patagonia,2011-12-26,5.2,-3.3,0.0,10.2,57
patagonia,2011-12-27,4.5,0.7,8.6,15.0,97
patagonia,2011-12-28,1.1,-1.6,6.2,17.8,97
patagonia,2011-12-29,2.2,-1.4,3.1,15.8,96
patagonia,2011-12-30,3.4,-0.0,31.8,17.8,100
patagonia,2011-12-31,0.8,-2.3,21.2,10.3,100
patagonia,2012-01-01,0.9,-3.9,6.8,18.9,82
patagonia,2012-01-02,1.3,-0.9,12.7,15.6,98
patagonia,2012-01-03,3.4,1.0,4.0,13.0,99
patagonia,2012-01-04,4.4,2.4,6.6,14.3,99
patagonia,2012-01-05,2.8,0.0,28.7,12.8,75
patagonia,2012-01-06,4.2,-3.0,7.6,7.9,97
patagonia,2012-01-07,7.1,-0.0,1.9,8.9,68
patagonia,2012-01-08,6.5,0.7,5.4,11.8,100
patagonia,2012-01-09,3.8,-0.2,14.3,14.4,92
patagonia,2012-01-10,-1.0,-4.5,21.1,12.7,92
patagonia,2012-01-11,0.9,-4.8,10.4,16.9,98
patagonia,2012-01-12,3.4,1.0,7.4,11.7,100
patagonia,2012-01-13,3.1,1.9,23.8,13.5,100
patagonia,2012-01-14,2.9,0.3,23.7,15.0,100
patagonia,2012-01-15,2.7,-3.3,0.1,11.5,75
patagonia,2012-01-16,6.5,-3.7,0.0,11.3,42
patagonia,2012-01-17,3.1,-0.3,3.2,12.0,83
patagonia,2012-01-18,3.0,0.8,31.6,11.5,100
patagonia,2012-01-19,2.1,-2.0,0.7,9.3,91
patagonia,2012-01-20,6.0,-0.4,0.0,7.6,71
patagonia,2012-01-21,6.1,-3.2,0.0,7.6,76
patagonia,2012-01-22,3.7,0.6,0.9,9.5,96
patagonia,2012-01-23,1.6,0.4,5.4,9.5,99
patagonia,2012-01-24,4.4,-0.8,0.0,11.7,66
patagonia,2012-01-25,5.4,0.5,0.4,11.6,96
patagonia,2012-01-26,2.6,-0.1,15.3,17.7,85
patagonia,2012-01-27,2.5,-1.3,6.7,11.6,79
patagonia,2012-01-28,2.3,-2.4,10.7,15.3,82
patagonia,2012-01-29,-0.9,-2.8,11.7,16.6,89
patagonia,2012-01-30,-1.3,-3.6,19.2,13.5,95
patagonia,2012-01-31,-1.3,-3.4,29.6,15.5,98
patagonia,2012-02-01,0.5,-1.9,22.5,19.2,92
patagonia,2012-02-02,2.6,-0.8,6.9,15.7,99
patagonia,2012-02-03,0.1,-3.5,30.7,16.2,88
patagonia,2012-02-04,-1.8,-3.8,30.8,17.8,98
patagonia,2012-02-05,-1.7,-4.8,43.4,17.4,96
patagonia,2012-02-06,-0.3,-5.2,36.1,17.3,99
patagonia,2012-02-07,-0.5,-4.0,47.5,19.7,93
patagonia,2012-02-08,0.8,-3.7,19.4,17.1,98
patagonia,2012-02-09,2.9,-0.6,30.8,18.6,97
patagonia,2012-02-10,4.8,2.5,33.4,12.4,100
patagonia,2012-02-11,4.3,-0.9,20.0,13.3,98
patagonia,2012-02-12,-1.6,-3.9,26.1,19.5,89
patagonia,2012-02-13,-1.9,-4.0,30.5,16.5,87
patagonia,2012-02-14,-2.4,-4.3,14.8,12.3,86
patagonia,2012-02-15,0.0,-4.2,16.7,8.7,99
patagonia,2012-02-16,-0.4,-2.8,8.5,13.5,84
patagonia,2012-02-17,2.4,-3.4,0.0,6.4,63
patagonia,2012-02-18,4.5,-2.1,0.0,8.3,83
patagonia,2012-02-19,1.1,-1.8,1.7,8.3,91
patagonia,2012-02-20,-1.2,-3.6,5.7,10.7,84
patagonia,2012-02-21,0.6,-2.9,0.0,7.4,72
patagonia,2012-02-22,-0.2,-4.0,5.6,15.1,87
patagonia,2012-02-23,-1.2,-5.2,1.5,8.7,70
patagonia,2012-02-24,4.9,-3.2,0.0,10.6,37
patagonia,2012-02-25,4.5,-3.0,0.0,8.5,34
patagonia,2012-02-26,2.9,-3.0,0.0,6.2,56
patagonia,2012-02-27,5.4,-3.9,0.0,6.3,66
patagonia,2012-02-28,2.7,-2.4,0.0,8.3,94
patagonia,2012-02-29,4.4,-2.6,0.0,11.0,63
patagonia,2012-03-01,2.1,0.2,7.5,12.6,91
patagonia,2012-03-02,1.4,-1.1,23.7,13.2,92
patagonia,2012-03-03,1.3,-1.5,29.6,10.2,89
patagonia,2012-03-04,0.9,-3.9,7.1,14.5,69
patagonia,2012-03-05,-1.1,-3.8,16.8,15.0,91
patagonia,2012-03-06,0.7,-1.8,41.1,15.7,96
patagonia,2012-03-07,1.4,0.5,26.0,15.6,99
patagonia,2012-03-08,9.4,0.9,0.1,9.7,79
patagonia,2012-03-09,4.7,2.0,0.4,8.5,99
patagonia,2012-03-10,6.2,0.9,0.5,7.2,96
patagonia,2012-03-11,4.4,2.7,13.9,6.6,100
patagonia,2012-03-12,2.5,0.1,12.7,6.2,98
patagonia,2012-03-13,5.9,-1.2,1.3,7.2,88
patagonia,2012-03-14,2.0,0.0,4.9,13.7,84
patagonia,2012-03-15,2.0,-0.2,19.0,16.1,89
patagonia,2012-03-16,1.7,-3.9,39.0,13.5,99
patagonia,2012-03-17,-2.1,-5.9,10.2,15.1,82
patagonia,2012-03-18,-0.1,-3.1,12.8,13.1,97
patagonia,2012-03-19,0.9,-2.9,3.9,14.0,97
patagonia,2012-03-20,0.3,-1.9,31.4,17.3,99
patagonia,2012-03-21,-0.4,-4.7,2.3,14.0,81
patagonia,2012-03-22,1.4,-0.4,18.1,15.0,100
patagonia,2012-03-23,1.2,-0.6,12.8,12.7,100
patagonia,2012-03-24,0.4,-1.2,16.6,10.9,97
patagonia,2012-03-25,0.8,-2.8,1.2,10.3,96
patagonia,2012-03-26,4.7,-2.0,0.1,9.7,100
patagonia,2012-03-27,1.7,0.0,20.0,16.0,99
patagonia,2012-03-28,0.2,-1.7,25.9,15.9,100
patagonia,2012-03-29,2.2,-0.7,10.5,17.1,100
patagonia,2012-03-30,2.4,0.2,21.5,14.0,99
patagonia,2012-03-31,0.1,-2.7,8.4,13.8,83
patagonia,2012-04-01,-2.1,-4.7,21.7,14.1,97
patagonia,2012-04-02,1.1,-2.9,38.4,19.9,98
patagonia,2012-04-03,-1.9,-4.6,30.0,19.3,94
patagonia,2012-04-04,-4.4,-5.3,23.7,15.0,97
patagonia,2012-04-05,-5.1,-6.6,26.5,16.6,94
patagonia,2012-04-06,-0.7,-5.6,35.0,13.0,99
patagonia,2012-04-07,-1.0,-3.7,31.3,13.4,100
patagonia,2012-04-08,-1.2,-3.0,22.0,16.8,100
patagonia,2012-04-09,0.6,-1.9,9.4,12.8,100
patagonia,2012-04-10,2.5,0.7,3.9,15.3,89
patagonia,2012-04-11,2.1,-2.5,38.8,16.4,95
patagonia,2012-04-12,-1.9,-3.7,26.2,15.3,91
patagonia,2012-04-13,-1.6,-3.8,12.7,15.6,85
patagonia,2012-04-14,-2.6,-5.2,29.1,17.5,97
patagonia,2012-04-15,-1.7,-4.7,18.8,13.2,96
patagonia,2012-04-16,-1.1,-4.7,32.3,18.1,99
patagonia,2012-04-17,-1.9,-4.3,51.5,17.6,100
patagonia,2012-04-18,-4.1,-6.4,23.5,14.7,95
patagonia,2012-04-19,-1.4,-4.7,38.9,17.9,98
patagonia,2012-04-20,-3.5,-5.2,9.2,16.7,74
patagonia,2012-04-21,0.3,-4.8,0.0,5.9,64
patagonia,2012-04-22,1.2,-6.7,0.0,8.4,78
patagonia,2012-04-23,1.4,-3.6,5.2,8.8,92
patagonia,2012-04-24,-0.9,-3.9,0.1,8.1,69
patagonia,2012-04-25,0.4,-6.0,0.0,8.4,71
patagonia,2012-04-26,-0.9,-5.0,0.0,6.0,92
patagonia,2012-04-27,-1.4,-3.1,0.0,9.9,69
patagonia,2012-04-28,-2.6,-5.5,2.9,10.0,60
patagonia,2012-04-29,-1.8,-3.8,3.8,12.7,91
patagonia,2012-04-30,-1.7,-4.9,31.8,18.3,96
patagonia,2012-05-01,-4.2,-5.5,33.6,16.8,96
patagonia,2012-05-02,-3.8,-5.8,7.4,11.9,69
patagonia,2012-05-03,-4.3,-5.5,27.7,14.3,95
patagonia,2012-05-04,-2.3,-4.6,7.6,12.4,90
patagonia,2012-05-05,0.9,-2.7,5.0,9.2,100
patagonia,2012-05-06,1.9,-3.1,8.1,11.5,99
patagonia,2012-05-07,-2.1,-3.7,8.5,10.7,93
patagonia,2012-05-08,-0.7,-3.0,5.2,10.8,88
patagonia,2012-05-09,-2.2,-4.0,12.6,10.7,95
patagonia,2012-05-10,-1.9,-6.5,25.1,13.4,94
patagonia,2012-05-11,-1.3,-5.4,0.5,12.9,97
patagonia,2012-05-12,-0.7,-4.8,14.7,14.7,91
patagonia,2012-05-13,-1.8,-3.9,26.7,11.6,95
patagonia,2012-05-14,-2.1,-5.0,11.0,11.0,79
patagonia,2012-05-15,-0.3,-4.0,15.4,9.8,71
patagonia,2012-05-16,-3.6,-7.0,9.1,12.0,77
patagonia,2012-05-17,-5.9,-7.1,0.0,13.6,72
patagonia,2012-05-18,-2.4,-6.3,11.5,15.6,98
patagonia,2012-05-19,-4.8,-8.9,22.3,23.7,93
patagonia,2012-05-20,-5.1,-8.6,37.0,15.3,98
patagonia,2012-05-21,-5.3,-8.5,33.1,18.0,97
patagonia,2012-05-22,-6.6,-9.1,29.6,14.8,97
patagonia,2012-05-23,-5.3,-6.5,30.7,14.9,99
patagonia,2012-05-24,-4.1,-5.3,10.3,9.7,97
patagonia,2012-05-25,-2.6,-4.7,0.9,9.2,99
patagonia,2012-05-26,-0.4,-3.4,2.4,9.5,91
patagonia,2012-05-27,-0.0,-2.0,2.6,10.8,98
patagonia,2012-05-28,-0.9,-4.5,13.4,11.7,100
patagonia,2012-05-29,-5.0,-7.2,0.5,12.0,51
patagonia,2012-05-30,-5.4,-7.5,0.0,6.9,68
patagonia,2012-05-31,-4.2,-7.1,0.0,7.6,55
patagonia,2012-06-01,-5.5,-8.2,4.5,12.6,99
patagonia,2012-06-02,-2.8,-6.1,0.1,8.1,91
patagonia,2012-06-03,-3.8,-6.0,3.2,14.3,98
patagonia,2012-06-04,-4.2,-9.5,25.0,19.0,94
patagonia,2012-06-05,-7.1,-9.9,7.4,12.6,87
patagonia,2012-06-06,-4.1,-6.7,8.0,13.6,97
patagonia,2012-06-07,-4.6,-6.4,2.4,15.5,86
patagonia,2012-06-08,-3.1,-6.2,9.0,14.5,89
patagonia,2012-06-09,-4.4,-10.2,18.4,18.7,92
patagonia,2012-06-10,-5.1,-9.2,24.3,17.4,98
patagonia,2012-06-11,-4.8,-5.1,35.6,14.8,100
patagonia,2012-06-12,-5.1,-11.3,13.5,12.8,69
patagonia,2012-06-13,-9.2,-12.3,11.8,13.4,75
patagonia,2012-06-14,-10.0,-12.0,2.8,7.8,60
patagonia,2012-06-15,-6.9,-11.5,1.9,9.2,79
patagonia,2012-06-16,-3.6,-6.5,1.3,7.6,95
patagonia,2012-06-17,-4.3,-5.3,11.8,16.3,99
patagonia,2012-06-18,-4.7,-6.3,19.8,13.0,96
patagonia,2012-06-19,-3.9,-6.5,2.1,9.7,98
patagonia,2012-06-20,-3.7,-7.8,13.9,11.4,81
patagonia,2012-06-21,-5.8,-9.8,29.7,18.4,98
patagonia,2012-06-22,-7.9,-9.9,14.9,15.6,85
patagonia,2012-06-23,-7.1,-10.0,6.9,11.6,73
patagonia,2012-06-24,-5.6,-8.7,20.2,17.1,97
patagonia,2012-06-25,-4.8,-5.8,77.3,16.8,100
patagonia,2012-06-26,-4.1,-6.2,40.0,11.0,100
patagonia,2012-06-27,-5.0,-6.8,16.5,13.5,98
patagonia,2012-06-28,-4.8,-8.9,35.2,14.6,95
patagonia,2012-06-29,-8.1,-9.4,19.7,19.0,95
patagonia,2012-06-30,-7.1,-9.2,13.7,15.7,98
patagonia,2012-07-01,-7.2,-11.0,7.8,13.5,82
patagonia,2012-07-02,-5.0,-7.8,65.3,15.8,100
patagonia,2012-07-03,-7.6,-9.5,20.4,13.2,95
patagonia,2012-07-04,-9.4,-10.8,17.7,11.2,98
patagonia,2012-07-05,-8.3,-10.0,10.2,10.0,95
patagonia,2012-07-06,-6.4,-10.5,2.0,10.7,78
patagonia,2012-07-07,-4.6,-9.1,17.8,11.3,97
patagonia,2012-07-08,-7.5,-9.9,21.5,13.1,89
patagonia,2012-07-09,-7.4,-11.0,13.3,12.1,91
patagonia,2012-07-10,-3.9,-7.3,27.8,14.8,100
patagonia,2012-07-11,-3.9,-4.5,21.2,14.5,100
patagonia,2012-07-12,-3.2,-8.5,28.6,13.7,94
patagonia,2012-07-13,-7.0,-9.2,5.9,13.0,83
patagonia,2012-07-14,-2.4,-6.7,1.9,13.5,99
patagonia,2012-07-15,-0.1,-3.8,1.3,11.5,99
patagonia,2012-07-16,-2.0,-3.9,16.2,14.3,92
patagonia,2012-07-17,0.8,-3.3,4.4,11.6,95
patagonia,2012-07-18,-0.2,-7.2,27.9,17.4,95
patagonia,2012-07-19,-5.9,-8.8,8.7,15.1,96
patagonia,2012-07-20,-5.1,-7.6,0.0,9.0,89
patagonia,2012-07-21,-4.5,-7.3,15.8,13.0,96
patagonia,2012-07-22,-4.7,-8.7,37.3,22.9,94
patagonia,2012-07-23,-7.0,-8.8,18.1,13.9,92
patagonia,2012-07-24,-4.3,-6.6,41.9,22.4,100
patagonia,2012-07-25,-6.9,-10.0,5.1,12.7,82
patagonia,2012-07-26,-6.1,-8.5,15.8,16.1,95
patagonia,2012-07-27,-5.1,-8.6,50.3,17.6,97
patagonia,2012-07-28,-6.9,-9.2,13.2,17.3,91
patagonia,2012-07-29,-4.5,-7.6,37.4,16.8,100
patagonia,2012-07-30,-2.3,-4.7,4.5,15.7,99
patagonia,2012-07-31,-0.2,-2.8,7.3,6.4,100
patagonia,2012-08-01,0.5,-2.6,0.0,6.4,67
patagonia,2012-08-02,-0.7,-4.6,1.6,9.1,55
patagonia,2012-08-03,-0.7,-4.0,15.2,15.0,99
patagonia,2012-08-04,0.1,-2.2,1.5,12.5,89
patagonia,2012-08-05,3.6,-3.2,0.0,12.2,72
patagonia,2012-08-06,0.2,-3.3,16.6,12.1,100
patagonia,2012-08-07,-0.0,-2.1,56.9,18.7,100
patagonia,2012-08-08,-0.5,-5.4,50.3,12.9,95
patagonia,2012-08-09,-5.4,-8.0,22.5,14.8,98
patagonia,2012-08-10,-4.4,-6.5,20.7,14.7,93
patagonia,2012-08-11,-5.8,-6.9,19.2,14.7,93
patagonia,2012-08-12,-6.6,-8.1,18.6,16.8,95
patagonia,2012-08-13,-6.7,-9.7,38.3,13.2,94
patagonia,2012-08-14,-6.5,-9.6,21.1,16.0,87
patagonia,2012-08-15,-5.6,-9.5,1.1,8.4,33
patagonia,2012-08-16,-2.5,-6.7,0.0,9.2,73
patagonia,2012-08-17,-1.4,-5.9,0.0,12.0,91
patagonia,2012-08-18,-0.2,-2.3,6.2,14.0,97
patagonia,2012-08-19,-2.3,-7.3,14.7,11.9,83
patagonia,2012-08-20,-4.3,-7.1,9.4,9.4,98
patagonia,2012-08-21,-4.0,-8.9,19.4,11.8,84
patagonia,2012-08-22,-7.5,-10.1,15.0,14.3,83
patagonia,2012-08-23,-5.4,-7.8,11.3,11.8,93
patagonia,2012-08-24,-5.0,-7.3,0.0,7.6,50
patagonia,2012-08-25,-3.0,-9.6,0.5,11.7,89
patagonia,2012-08-26,-1.0,-3.3,4.1,10.8,100
patagonia,2012-08-27,0.9,-2.5,3.7,10.4,93
patagonia,2012-08-28,-1.7,-3.6,1.8,8.3,62
patagonia,2012-08-29,-1.4,-3.6,7.6,11.4,93
patagonia,2012-08-30,-1.9,-6.4,19.0,13.2,97
patagonia,2012-08-31,-5.2,-7.2,13.9,11.7,90
patagonia,2012-09-01,-4.2,-7.2,2.4,10.7,73
patagonia,2012-09-02,-3.2,-6.6,4.7,11.2,73
patagonia,2012-09-03,-2.2,-6.5,19.6,11.3,84
patagonia,2012-09-04,-3.1,-6.4,8.6,20.9,99
patagonia,2012-09-05,-2.4,-3.0,78.4,20.9,100
patagonia,2012-09-06,-2.8,-6.7,56.7,15.5,96
patagonia,2012-09-07,-5.5,-6.5,20.0,17.7,92
patagonia,2012-09-08,-3.8,-5.6,41.0,15.8,99
patagonia,2012-09-09,-3.2,-4.7,36.1,17.3,100
patagonia,2012-09-10,-0.9,-5.1,18.1,13.8,100
patagonia,2012-09-11,-3.9,-5.5,44.2,12.8,100
patagonia,2012-09-12,-2.3,-4.6,11.0,10.4,97
patagonia,2012-09-13,-1.4,-4.1,9.6,10.7,84
patagonia,2012-09-14,-0.1,-3.8,3.7,9.7,81
patagonia,2012-09-15,-3.4,-5.0,9.1,9.4,92
patagonia,2012-09-16,-4.0,-5.7,4.2,12.7,97
patagonia,2012-09-17,-4.2,-6.2,0.0,6.5,18
patagonia,2012-09-18,-3.6,-6.1,4.4,15.5,87
patagonia,2012-09-19,-2.7,-4.9,12.0,12.7,94
patagonia,2012-09-20,-4.4,-6.1,12.7,12.6,97
patagonia,2012-09-21,-5.0,-7.4,14.3,14.8,90
patagonia,2012-09-22,-3.9,-6.3,37.9,17.4,100
patagonia,2012-09-23,-1.9,-5.7,12.9,13.3,97
patagonia,2012-09-24,2.8,-2.1,0.0,6.0,57
patagonia,2012-09-25,7.4,-2.0,0.0,8.1,0
patagonia,2012-09-26,4.9,-1.3,0.0,8.7,70
patagonia,2012-09-27,1.8,-2.5,0.0,8.0,75
patagonia,2012-09-28,1.7,-6.0,1.8,7.2,75
patagonia,2012-09-29,-0.4,-2.1,4.6,6.9,100
patagonia,2012-09-30,-0.8,-4.3,7.6,8.7,98
patagonia,2012-10-01,-4.1,-5.9,13.2,14.0,77
patagonia,2012-10-02,-1.5,-6.0,8.3,12.9,92
patagonia,2012-10-03,-3.6,-6.9,18.3,11.6,86
patagonia,2012-10-04,-4.4,-6.1,23.8,15.0,94
patagonia,2012-10-05,-5.2,-8.3,11.4,16.1,83
patagonia,2012-10-06,-4.6,-8.1,15.9,15.2,92
patagonia,2012-10-07,-3.5,-7.7,13.7,19.1,82
patagonia,2012-10-08,-4.8,-7.8,21.2,15.5,84
patagonia,2012-10-09,-2.6,-7.0,0.0,6.8,81
patagonia,2012-10-10,0.7,-3.9,5.0,8.4,100
patagonia,2012-10-11,-1.4,-3.8,14.7,11.0,100
patagonia,2012-10-12,-1.6,-3.8,1.6,10.2,96
patagonia,2012-10-13,-0.7,-3.0,2.8,12.2,95
patagonia,2012-10-14,0.2,-2.9,0.0,11.0,90
patagonia,2012-10-15,1.4,-2.4,0.0,7.4,95
patagonia,2012-10-16,-0.0,-2.1,7.1,10.7,98
patagonia,2012-10-17,-0.0,-1.2,12.4,6.9,100
patagonia,2012-10-18,-0.0,-1.6,4.9,9.5,99
patagonia,2012-10-19,-1.1,-2.7,2.4,11.7,99
patagonia,2012-10-20,-1.6,-3.6,3.3,11.3,98
patagonia,2012-10-21,-1.0,-4.1,0.0,8.6,87
patagonia,2012-10-22,-0.4,-3.2,1.7,12.0,92
patagonia,2012-10-23,-3.2,-6.9,25.2,12.0,89
patagonia,2012-10-24,-3.9,-7.0,59.7,19.5,100
patagonia,2012-10-25,-6.0,-8.3,19.7,14.0,92
patagonia,2012-10-26,-5.8,-8.8,15.5,15.5,91
patagonia,2012-10-27,-4.2,-5.6,56.4,18.9,100
patagonia,2012-10-28,-2.6,-5.9,19.8,17.1,93
patagonia,2012-10-29,-0.9,-3.6,6.5,17.1,99
patagonia,2012-10-30,-1.5,-4.2,8.8,13.0,91
patagonia,2012-10-31,-3.4,-5.2,11.5,11.6,89
patagonia,2012-11-01,-2.0,-4.3,41.9,15.0,100
patagonia,2012-11-02,0.1,-5.1,25.4,13.5,94
patagonia,2012-11-03,-1.7,-5.0,63.0,14.1,100
patagonia,2012-11-04,-0.9,-3.6,31.8,10.9,91
patagonia,2012-11-05,-1.6,-5.0,13.8,11.8,95
patagonia,2012-11-06,-1.2,-4.5,26.0,11.8,92
patagonia,2012-11-07,-2.1,-5.0,10.8,17.7,87
patagonia,2012-11-08,-3.4,-7.7,30.5,15.5,97
patagonia,2012-11-09,-1.8,-7.5,19.2,18.9,99
patagonia,2012-11-10,1.3,-1.6,1.7,16.9,96
patagonia,2012-11-11,4.7,-0.4,0.0,11.0,59
patagonia,2012-11-12,2.6,0.1,0.0,10.6,63
patagonia,2012-11-13,3.6,0.6,0.0,11.6,88
patagonia,2012-11-14,1.6,-2.6,8.8,11.2,90
patagonia,2012-11-15,0.9,-2.5,2.4,8.7,84
patagonia,2012-11-16,4.9,-2.8,0.0,11.3,53
patagonia,2012-11-17,1.7,-1.8,3.7,12.7,69
patagonia,2012-11-18,-1.0,-4.2,12.0,17.1,81
patagonia,2012-11-19,-0.7,-4.2,6.2,14.0,80
patagonia,2012-11-20,0.2,-5.5,8.6,15.6,95
patagonia,2012-11-21,-5.4,-7.3,20.6,17.6,89
patagonia,2012-11-22,-3.8,-7.2,29.3,13.4,97
patagonia,2012-11-23,-4.3,-8.1,13.4,12.8,88
patagonia,2012-11-24,-2.3,-5.1,11.8,14.5,98
patagonia,2012-11-25,-0.3,-3.2,20.7,11.4,100
patagonia,2012-11-26,-0.9,-2.2,40.3,20.3,100
patagonia,2012-11-27,0.0,-2.6,30.7,15.1,100
patagonia,2012-11-28,1.7,-0.9,1.4,7.4,97
patagonia,2012-11-29,3.0,-0.6,1.0,8.7,90
patagonia,2012-11-30,1.6,-0.0,1.7,9.4,100
patagonia,2012-12-01,3.1,0.1,5.1,9.4,98
patagonia,2012-12-02,1.3,-1.4,20.2,9.4,100
patagonia,2012-12-03,-0.8,-4.6,0.7,5.9,93
patagonia,2012-12-04,-1.6,-5.9,4.5,11.8,68
patagonia,2012-12-05,-0.6,-3.1,6.1,13.0,100
patagonia,2012-12-06,-0.7,-2.9,12.9,15.5,94
patagonia,2012-12-07,-1.4,-3.8,39.0,15.5,97
patagonia,2012-12-08,0.8,-2.4,43.1,16.4,100
patagonia,2012-12-09,1.4,-0.1,18.5,13.9,100
patagonia,2012-12-10,1.1,-1.7,21.3,11.2,100
patagonia,2012-12-11,-1.1,-2.2,26.3,12.2,99
patagonia,2012-12-12,-0.7,-2.7,16.7,13.7,97
patagonia,2012-12-13,0.6,-2.7,7.8,9.2,92
patagonia,2012-12-14,0.3,-1.5,5.1,7.3,93
patagonia,2012-12-15,0.9,-2.7,8.4,10.8,85
patagonia,2012-12-16,0.3,-2.7,4.0,10.7,77
patagonia,2012-12-17,1.9,-2.7,0.8,9.4,86
patagonia,2012-12-18,2.1,-0.8,2.7,10.0,90
patagonia,2012-12-19,1.9,-3.7,8.3,8.9,97
patagonia,2012-12-20,-3.6,-7.6,15.4,16.7,90
patagonia,2012-12-21,0.6,-5.4,3.4,14.3,95
patagonia,2012-12-22,1.7,-2.2,3.9,6.9,91
patagonia,2012-12-23,3.6,-3.6,0.0,5.0,46
patagonia,2012-12-24,1.5,-1.8,0.0,6.3,81
patagonia,2012-12-25,2.0,-2.2,0.0,7.0,89
patagonia,2012-12-26,0.6,-2.2,9.1,10.7,94
patagonia,2012-12-27,-0.5,-1.9,25.2,8.9,100
patagonia,2012-12-28,-0.4,-1.7,14.2,15.9,100
patagonia,2012-12-29,-0.2,-3.3,10.6,11.1,95
patagonia,2012-12-30,1.5,-2.4,18.6,7.3,88
patagonia,2012-12-31,4.4,-4.2,0.0,5.8,77
patagonia,2013-01-01,1.9,-1.2,0.4,7.8,82
patagonia,2013-01-02,1.7,-1.3,12.6,12.2,98
patagonia,2013-01-03,0.3,-3.4,8.5,18.1,88
patagonia,2013-01-04,1.8,-1.2,6.0,13.7,100
patagonia,2013-01-05,0.2,-1.8,48.2,12.7,100
patagonia,2013-01-06,-1.3,-4.0,32.1,13.2,98
patagonia,2013-01-07,-2.7,-3.6,29.8,14.1,100
patagonia,2013-01-08,0.7,-3.9,22.3,14.8,99
patagonia,2013-01-09,3.4,0.5,25.2,11.8,100
patagonia,2013-01-10,4.8,2.0,7.5,15.4,94
patagonia,2013-01-11,2.5,-1.6,33.3,14.7,96
patagonia,2013-01-12,1.8,-1.5,1.9,11.2,82
patagonia,2013-01-13,8.1,-0.3,0.0,5.6,42
patagonia,2013-01-14,7.0,2.1,1.1,9.8,68
patagonia,2013-01-15,4.3,1.2,12.3,11.8,99
patagonia,2013-01-16,2.5,0.1,0.3,10.3,79
patagonia,2013-01-17,4.4,-1.1,0.0,11.5,93
patagonia,2013-01-18,9.7,2.9,0.1,8.8,68
patagonia,2013-01-19,12.3,3.4,0.0,8.1,40
patagonia,2013-01-20,11.8,2.8,0.0,10.0,56
patagonia,2013-01-21,7.8,0.1,0.4,11.8,80
patagonia,2013-01-22,5.3,0.3,32.2,8.1,97
patagonia,2013-01-23,0.7,-2.2,13.6,12.6,94
patagonia,2013-01-24,0.8,-3.5,2.0,7.4,97
patagonia,2013-01-25,3.8,-0.9,0.0,7.0,68
patagonia,2013-01-26,4.2,-1.3,0.4,12.0,90
patagonia,2013-01-27,2.8,0.9,10.0,16.8,90
patagonia,2013-01-28,2.7,0.5,2.9,13.2,94
patagonia,2013-01-29,2.5,0.6,13.1,14.0,98
patagonia,2013-01-30,2.2,0.3,18.9,15.3,100
patagonia,2013-01-31,2.4,-2.4,26.9,18.2,94
patagonia,2013-02-01,-0.3,-3.6,20.9,15.1,88
patagonia,2013-02-02,1.5,-3.2,1.0,14.6,92
patagonia,2013-02-03,3.2,0.2,21.0,16.6,88
patagonia,2013-02-04,5.2,-0.6,0.0,14.2,81
patagonia,2013-02-05,3.9,2.1,20.5,14.8,100
patagonia,2013-02-06,2.2,-1.1,7.4,15.0,88
patagonia,2013-02-07,2.3,-1.0,3.2,12.2,92
patagonia,2013-02-08,6.0,0.5,11.9,16.1,95
patagonia,2013-02-09,4.3,1.7,2.4,11.5,89
patagonia,2013-02-10,10.3,1.9,0.5,10.1,98
patagonia,2013-02-11,4.8,0.0,19.3,14.3,91
patagonia,2013-02-12,1.0,-3.6,7.3,12.4,94
patagonia,2013-02-13,1.3,-2.3,16.7,14.3,99
patagonia,2013-02-14,0.6,-2.9,38.1,14.8,96
patagonia,2013-02-15,-1.3,-4.0,18.3,11.5,87
patagonia,2013-02-16,-2.2,-5.5,13.4,10.6,81
patagonia,2013-02-17,0.8,-3.2,19.1,14.2,99
patagonia,2013-02-18,0.5,-0.5,22.9,19.6,100
patagonia,2013-02-19,1.1,-1.2,14.0,14.2,97
patagonia,2013-02-20,1.9,-0.7,1.4,9.7,98
patagonia,2013-02-21,6.9,-1.7,0.0,5.8,84
patagonia,2013-02-22,4.2,1.0,0.2,8.3,74
patagonia,2013-02-23,3.5,0.8,5.8,9.0,90
patagonia,2013-02-24,6.8,2.2,5.4,8.1,78
patagonia,2013-02-25,4.1,2.2,2.1,7.7,100
patagonia,2013-02-26,5.1,2.1,2.0,7.7,100
patagonia,2013-02-27,10.4,1.4,0.0,9.0,75
patagonia,2013-02-28,7.1,1.6,0.0,6.4,89
patagonia,2013-03-01,4.6,0.2,0.1,7.8,97
patagonia,2013-03-02,4.6,1.4,0.1,9.9,97
patagonia,2013-03-03,11.2,1.8,0.0,11.0,55
patagonia,2013-03-04,5.5,2.8,2.8,9.8,99
patagonia,2013-03-05,2.4,-2.4,13.8,11.6,92
patagonia,2013-03-06,-1.1,-3.9,7.4,8.6,78
patagonia,2013-03-07,-0.3,-4.1,4.3,8.1,79
patagonia,2013-03-08,2.0,-1.9,10.5,8.7,97
patagonia,2013-03-09,1.2,-1.3,5.1,7.9,91
patagonia,2013-03-10,0.8,-2.9,18.4,12.8,93
patagonia,2013-03-11,-0.8,-3.4,17.5,11.4,90
patagonia,2013-03-12,1.3,-3.5,1.1,5.5,70
patagonia,2013-03-13,5.3,-3.1,0.0,6.2,54
patagonia,2013-03-14,6.5,-3.9,0.0,6.9,43
patagonia,2013-03-15,5.9,-2.8,0.3,6.6,93
patagonia,2013-03-16,6.9,-0.6,0.0,5.4,78
patagonia,2013-03-17,6.7,1.7,0.0,5.4,60
patagonia,2013-03-18,5.1,-2.6,0.0,12.8,81
patagonia,2013-03-19,3.8,-1.5,15.5,10.4,98
patagonia,2013-03-20,-0.8,-3.0,2.9,10.8,73
patagonia,2013-03-21,1.2,-3.2,33.4,18.2,99
patagonia,2013-03-22,1.1,-3.3,2.4,12.1,75
patagonia,2013-03-23,3.6,0.5,14.2,12.1,100
patagonia,2013-03-24,2.7,-1.9,25.2,13.7,90
patagonia,2013-03-25,2.7,-0.9,40.1,23.3,98
patagonia,2013-03-26,0.2,-3.0,19.9,20.5,89
patagonia,2013-03-27,1.1,-1.2,6.0,14.6,89
patagonia,2013-03-28,0.8,-2.2,4.6,15.4,74
patagonia,2013-03-29,0.6,-2.3,3.5,12.4,84
patagonia,2013-03-30,2.1,0.2,1.4,9.7,99
patagonia,2013-03-31,8.8,0.2,0.0,9.4,91
patagonia,2013-04-01,5.5,0.8,6.3,12.3,65
patagonia,2013-04-02,5.7,-2.8,0.0,12.8,98
patagonia,2013-04-03,4.2,2.5,22.5,15.1,98
patagonia,2013-04-04,2.9,-2.7,48.7,15.7,94
patagonia,2013-04-05,-2.7,-4.6,27.7,18.6,97
patagonia,2013-04-06,-1.6,-4.5,37.9,17.7,93
patagonia,2013-04-07,-1.4,-4.3,12.7,13.9,98
patagonia,2013-04-08,1.1,-2.2,6.1,10.1,98
patagonia,2013-04-09,2.8,-0.2,27.4,12.2,97
patagonia,2013-04-10,-0.9,-4.9,13.8,13.6,82
patagonia,2013-04-11,-3.5,-6.4,0.2,8.4,73
patagonia,2013-04-12,0.0,-3.7,6.2,10.0,100
patagonia,2013-04-13,1.5,-2.1,13.3,9.9,100
patagonia,2013-04-14,2.7,1.4,5.3,9.4,100
patagonia,2013-04-15,5.1,1.5,10.3,9.2,100
patagonia,2013-04-16,4.4,1.8,9.7,10.2,91
patagonia,2013-04-17,3.3,0.9,22.2,13.6,97
patagonia,2013-04-18,3.4,0.4,46.1,20.9,98
patagonia,2013-04-19,2.7,0.3,15.2,10.2,99
patagonia,2013-04-20,4.5,1.2,4.0,8.6,99
patagonia,2013-04-21,1.8,0.3,13.9,17.1,97
patagonia,2013-04-22,5.3,-2.0,0.0,8.1,68
patagonia,2013-04-23,3.8,-3.5,0.2,8.2,61
patagonia,2013-04-24,0.8,-1.6,0.7,10.8,92
patagonia,2013-04-25,1.7,-0.1,1.7,11.3,99
patagonia,2013-04-26,1.8,-4.0,13.2,12.9,90
patagonia,2013-04-27,-0.9,-4.6,0.2,9.7,35
patagonia,2013-04-28,-0.5,-4.0,14.6,13.0,81
patagonia,2013-04-29,-3.2,-5.5,23.4,13.8,91
patagonia,2013-04-30,-3.6,-6.4,19.7,13.6,89
patagonia,2013-05-01,-0.8,-3.6,4.0,11.5,94
patagonia,2013-05-02,0.1,-2.2,0.0,11.0,84
patagonia,2013-05-03,0.1,-4.6,6.6,11.0,66
patagonia,2013-05-04,-2.3,-3.9,12.0,16.4,96
patagonia,2013-05-05,-0.5,-4.4,52.5,16.6,99
patagonia,2013-05-06,-2.7,-4.3,33.1,17.5,100
patagonia,2013-05-07,-1.6,-3.7,35.6,14.3,99
patagonia,2013-05-08,-2.3,-3.2,36.2,14.2,99
patagonia,2013-05-09,-1.2,-2.7,49.4,16.8,100
patagonia,2013-05-10,-1.5,-5.3,19.2,13.4,84
patagonia,2013-05-11,-1.6,-5.3,30.0,17.5,96
patagonia,2013-05-12,-5.5,-6.9,25.3,20.3,94
patagonia,2013-05-13,-6.9,-8.8,11.3,10.5,82
patagonia,2013-05-14,-3.9,-9.2,20.8,12.4,96
patagonia,2013-05-15,-0.6,-3.8,7.3,10.0,100
patagonia,2013-05-16,0.4,-2.2,2.3,10.0,92
patagonia,2013-05-17,-0.3,-1.7,5.0,9.5,98
patagonia,2013-05-18,0.8,-2.5,0.4,9.8,95
patagonia,2013-05-19,1.2,-1.9,4.8,11.4,92
patagonia,2013-05-20,0.4,-3.6,15.1,11.0,98
patagonia,2013-05-21,-4.1,-6.0,20.0,15.0,93
patagonia,2013-05-22,-4.7,-7.2,25.8,17.9,98
patagonia,2013-05-23,-5.3,-7.6,9.7,11.1,80
patagonia,2013-05-24,-4.1,-6.7,2.1,11.6,97
patagonia,2013-05-25,-1.0,-3.9,23.2,7.4,100
patagonia,2013-05-26,-2.0,-2.8,0.0,4.7,85
patagonia,2013-05-27,-2.1,-3.9,0.6,11.3,98
patagonia,2013-05-28,-2.7,-5.1,0.2,8.9,59
patagonia,2013-05-29,-2.4,-4.4,9.4,11.3,99
patagonia,2013-05-30,-1.8,-3.5,4.5,12.3,84
patagonia,2013-05-31,-3.3,-5.1,11.1,6.4,95
patagonia,2013-06-01,-4.5,-5.7,3.7,9.2,90
patagonia,2013-06-02,-1.8,-5.0,29.0,11.6,99
patagonia,2013-06-03,-2.3,-3.5,22.9,10.2,100
patagonia,2013-06-04,-2.3,-3.3,1.8,7.9,99
patagonia,2013-06-05,-2.6,-3.2,8.9,12.6,100
patagonia,2013-06-06,-2.2,-6.0,26.2,17.0,97
patagonia,2013-06-07,-3.2,-7.0,27.3,18.6,95
patagonia,2013-06-08,-1.8,-3.1,60.8,19.6,100
patagonia,2013-06-09,-0.2,-3.4,62.7,18.1,100
patagonia,2013-06-10,-4.0,-6.4,17.8,16.9,86
patagonia,2013-06-11,-2.7,-7.2,41.6,20.3,94
patagonia,2013-06-12,-6.2,-7.1,24.0,14.8,92
patagonia,2013-06-13,-5.1,-8.1,13.6,18.5,75
patagonia,2013-06-14,-4.2,-7.0,6.5,8.2,96
patagonia,2013-06-15,-3.2,-8.5,25.2,12.5,90
patagonia,2013-06-16,-5.8,-7.9,41.2,19.0,98
patagonia,2013-06-17,-5.8,-11.0,27.2,12.3,92
patagonia,2013-06-18,-5.8,-10.5,11.4,10.7,95
patagonia,2013-06-19,-3.4,-5.3,41.2,17.3,100
patagonia,2013-06-20,-2.6,-9.6,50.2,22.1,97
patagonia,2013-06-21,-6.2,-9.9,20.7,16.4,97
patagonia,2013-06-22,-2.2,-5.9,28.1,14.1,100
patagonia,2013-06-23,-0.0,-2.3,6.8,16.7,98
patagonia,2013-06-24,0.8,-1.1,24.6,16.0,99
patagonia,2013-06-25,1.4,-0.3,27.5,15.9,99
patagonia,2013-06-26,0.1,-2.5,9.5,13.3,95
patagonia,2013-06-27,-1.0,-2.3,5.4,8.6,92
patagonia,2013-06-28,-1.6,-7.2,23.4,11.9,100
patagonia,2013-06-29,-5.6,-8.2,1.0,8.5,75
patagonia,2013-06-30,-4.6,-6.5,0.0,10.0,53
patagonia,2013-07-01,-1.6,-4.9,17.0,11.2,86
patagonia,2013-07-02,-2.1,-4.1,9.1,9.0,86
patagonia,2013-07-03,-4.4,-7.0,8.5,11.8,94
patagonia,2013-07-04,-4.5,-8.0,3.7,9.7,70
patagonia,2013-07-05,-4.9,-6.6,0.1,7.2,73
patagonia,2013-07-06,-4.3,-5.9,3.6,13.0,95
patagonia,2013-07-07,-3.8,-5.0,4.8,14.3,96
patagonia,2013-07-08,-1.8,-4.5,0.0,12.5,55
patagonia,2013-07-09,-1.7,-3.3,0.0,8.8,90
patagonia,2013-07-10,-2.5,-5.0,6.0,10.3,98
patagonia,2013-07-11,-1.8,-4.8,29.8,13.7,99
patagonia,2013-07-12,-1.5,-7.0,21.7,15.6,89
patagonia,2013-07-13,-5.1,-7.1,13.2,12.3,84
patagonia,2013-07-14,-4.2,-5.7,8.2,13.3,96
patagonia,2013-07-15,-5.0,-6.3,32.9,15.9,98
patagonia,2013-07-16,-6.5,-10.0,10.2,13.6,60
patagonia,2013-07-17,-8.8,-11.7,0.0,8.1,62
patagonia,2013-07-18,-4.8,-9.7,12.1,16.2,99
patagonia,2013-07-19,-4.8,-8.0,44.9,18.6,97
patagonia,2013-07-20,-5.3,-7.7,1.2,9.0,43
patagonia,2013-07-21,-2.2,-8.2,0.0,8.7,97
patagonia,2013-07-22,-3.3,-5.4,11.1,10.2,100
patagonia,2013-07-23,-1.9,-5.4,8.4,18.6,98
patagonia,2013-07-24,-2.6,-6.4,38.7,17.4,99
patagonia,2013-07-25,-6.9,-8.0,32.5,19.8,99
patagonia,2013-07-26,-6.2,-9.8,11.7,16.8,87
patagonia,2013-07-27,-3.2,-6.1,19.9,17.1,100
patagonia,2013-07-28,-2.2,-3.3,9.3,10.2,100
patagonia,2013-07-29,-2.4,-4.0,0.9,9.9,88
patagonia,2013-07-30,-0.9,-3.5,0.0,6.1,83
patagonia,2013-07-31,-1.0,-3.6,0.0,10.1,93
patagonia,2013-08-01,-1.1,-3.5,0.0,7.6,99
patagonia,2013-08-02,-1.7,-3.7,0.0,7.2,97
patagonia,2013-08-03,-3.1,-5.8,2.7,10.1,97
patagonia,2013-08-04,-4.8,-6.7,2.9,10.2,70
patagonia,2013-08-05,-5.1,-9.4,0.5,7.7,88
patagonia,2013-08-06,-3.9,-6.7,8.7,9.0,87
patagonia,2013-08-07,-5.9,-8.1,7.9,13.2,87
patagonia,2013-08-08,-5.3,-9.1,16.6,12.5,90
patagonia,2013-08-09,-3.5,-5.5,42.6,19.2,100
patagonia,2013-08-10,-3.4,-7.2,33.6,13.9,97
patagonia,2013-08-11,-7.3,-10.3,19.6,13.7,86
patagonia,2013-08-12,-6.4,-8.5,32.5,13.2,98
patagonia,2013-08-13,-4.2,-7.5,15.8,19.0,96
patagonia,2013-08-14,-2.7,-8.1,44.4,21.5,98
patagonia,2013-08-15,-6.7,-8.3,30.9,15.5,96
patagonia,2013-08-16,-4.5,-8.4,37.8,18.4,100
patagonia,2013-08-17,-3.8,-5.4,26.8,13.7,98
patagonia,2013-08-18,-2.8,-8.2,34.9,14.3,98
patagonia,2013-08-19,-7.9,-9.3,14.9,15.8,96
patagonia,2013-08-20,-6.4,-9.1,9.4,9.6,80
patagonia,2013-08-21,-9.0,-11.3,4.5,7.7,53
patagonia,2013-08-22,-8.4,-12.4,0.0,5.0,64
patagonia,2013-08-23,-6.9,-10.8,0.0,7.4,45
patagonia,2013-08-24,-3.9,-9.8,0.0,8.4,53
patagonia,2013-08-25,-5.4,-9.1,1.0,11.3,95
patagonia,2013-08-26,-4.9,-8.9,21.1,15.7,97
patagonia,2013-08-27,-6.6,-9.6,27.1,17.1,96
patagonia,2013-08-28,-6.8,-9.0,17.0,12.1,88
patagonia,2013-08-29,-7.1,-10.4,7.2,8.7,54
patagonia,2013-08-30,-6.9,-10.6,0.0,7.9,66
patagonia,2013-08-31,-6.1,-8.0,0.4,10.1,95
patagonia,2013-09-01,-3.0,-7.8,1.0,8.0,79
patagonia,2013-09-02,-4.1,-9.8,0.0,5.1,77
patagonia,2013-09-03,-4.3,-10.1,0.0,9.3,60
patagonia,2013-09-04,-4.5,-8.7,1.0,10.7,100
patagonia,2013-09-05,-2.7,-5.1,1.3,6.8,97
patagonia,2013-09-06,-2.0,-4.8,2.7,7.2,90
patagonia,2013-09-07,-1.2,-4.1,15.2,10.0,93
patagonia,2013-09-08,-0.7,-3.6,17.5,13.0,99
patagonia,2013-09-09,-3.4,-6.1,14.4,11.4,100
patagonia,2013-09-10,-6.4,-9.5,4.8,8.7,65
patagonia,2013-09-11,-6.8,-9.5,6.7,15.0,77
patagonia,2013-09-12,-5.6,-9.1,1.9,8.0,84
patagonia,2013-09-13,-5.1,-8.0,2.0,9.7,78
patagonia,2013-09-14,-4.4,-7.7,1.9,10.0,94
patagonia,2013-09-15,-2.6,-4.9,0.0,6.6,82
patagonia,2013-09-16,-2.6,-7.8,0.0,10.0,76
patagonia,2013-09-17,-5.1,-7.1,3.7,10.9,82
patagonia,2013-09-18,-3.0,-6.7,7.3,12.2,96
patagonia,2013-09-19,-4.6,-8.5,4.7,12.6,74
patagonia,2013-09-20,-3.5,-6.2,0.6,8.8,68
patagonia,2013-09-21,-4.2,-8.0,12.5,15.0,72
patagonia,2013-09-22,-3.3,-7.2,3.3,20.0,77
patagonia,2013-09-23,-1.6,-5.2,7.1,11.2,98
patagonia,2013-09-24,-0.6,-3.6,0.5,7.4,93
patagonia,2013-09-25,-2.4,-6.5,6.5,8.6,96
patagonia,2013-09-26,-4.0,-7.6,0.0,7.9,58
patagonia,2013-09-27,-0.1,-6.4,0.0,5.6,21
patagonia,2013-09-28,2.5,-7.8,0.0,5.7,98
patagonia,2013-09-29,2.1,-3.8,0.0,7.7,72
patagonia,2013-09-30,-0.7,-8.3,0.0,7.2,88
patagonia,2013-10-01,-1.7,-4.9,2.4,9.5,72
patagonia,2013-10-02,-4.2,-7.9,4.6,12.7,52
patagonia,2013-10-03,-3.2,-8.1,1.5,12.7,83
patagonia,2013-10-04,-2.5,-5.4,4.2,12.7,90
patagonia,2013-10-05,-1.7,-6.1,9.3,15.6,94
patagonia,2013-10-06,-1.5,-3.6,36.8,16.2,100
patagonia,2013-10-07,0.5,-1.4,30.5,10.0,100
patagonia,2013-10-08,-0.2,-4.7,12.7,12.0,91
patagonia,2013-10-09,-2.4,-6.9,15.1,14.1,91
patagonia,2013-10-10,-3.4,-7.3,6.2,15.9,70
patagonia,2013-10-11,-1.3,-5.5,1.7,12.8,85
patagonia,2013-10-12,0.9,-1.8,0.1,12.9,88
patagonia,2013-10-13,-0.0,-5.7,31.4,20.0,97
patagonia,2013-10-14,-4.0,-6.4,45.4,19.4,99
patagonia,2013-10-15,-4.5,-5.9,21.4,14.2,90
patagonia,2013-10-16,-3.1,-6.2,6.0,18.5,92
patagonia,2013-10-17,-2.1,-4.9,6.4,12.3,96
patagonia,2013-10-18,-1.5,-3.3,15.8,17.3,100
patagonia,2013-10-19,-2.9,-10.8,32.3,16.8,98
patagonia,2013-10-20,-6.1,-10.7,12.7,13.7,93
patagonia,2013-10-21,-3.7,-6.7,24.7,15.3,100
patagonia,2013-10-22,-3.8,-5.8,9.3,10.0,87
patagonia,2013-10-23,-1.8,-5.3,3.6,11.8,98
patagonia,2013-10-24,0.1,-3.0,0.3,10.2,91
patagonia,2013-10-25,-0.4,-3.2,2.5,13.5,95
patagonia,2013-10-26,-2.7,-4.7,23.3,15.3,99
patagonia,2013-10-27,-2.5,-3.6,21.6,19.6,99
patagonia,2013-10-28,2.4,-3.2,5.5,10.7,90
patagonia,2013-10-29,5.3,-6.1,0.0,8.4,70
patagonia,2013-10-30,0.7,-2.4,4.0,10.0,95
patagonia,2013-10-31,0.0,-4.0,0.0,9.7,67
patagonia,2013-11-01,0.7,-3.4,1.3,13.6,91
patagonia,2013-11-02,-0.2,-6.5,31.2,17.9,91
patagonia,2013-11-03,-2.1,-7.0,6.7,14.6,67
patagonia,2013-11-04,0.5,-5.8,0.0,12.8,30
patagonia,2013-11-05,1.9,-2.0,5.9,8.9,79
patagonia,2013-11-06,-0.1,-3.7,15.8,11.5,95
patagonia,2013-11-07,-3.8,-8.4,18.0,13.2,78
patagonia,2013-11-08,-5.4,-8.4,6.2,12.1,87
patagonia,2013-11-09,-2.5,-7.5,1.0,15.6,87
patagonia,2013-11-10,-2.7,-5.0,27.5,16.1,99
patagonia,2013-11-11,-4.8,-7.0,31.3,18.5,93
patagonia,2013-11-12,-5.7,-7.9,18.1,17.4,86
patagonia,2013-11-13,-0.8,-8.0,0.3,6.9,14
patagonia,2013-11-14,-0.9,-3.8,2.1,12.8,63
patagonia,2013-11-15,1.0,-2.9,20.3,17.9,100
patagonia,2013-11-16,-0.5,-2.0,36.1,17.1,100
patagonia,2013-11-17,-1.7,-4.4,23.3,12.7,93
patagonia,2013-11-18,-4.1,-5.6,38.4,16.8,99
patagonia,2013-11-19,-3.5,-6.0,51.5,17.4,99
patagonia,2013-11-20,-1.5,-7.0,2.7,8.2,39
patagonia,2013-11-21,2.0,-2.6,10.7,11.3,84
patagonia,2013-11-22,1.1,-1.1,11.7,10.4,100
patagonia,2013-11-23,-1.2,-6.1,14.4,9.9,99
patagonia,2013-11-24,-3.8,-7.9,9.5,12.3,90
patagonia,2013-11-25,-0.7,-3.8,7.3,15.5,100
patagonia,2013-11-26,0.3,-2.1,7.3,18.9,97
patagonia,2013-11-27,-1.7,-3.7,37.8,20.4,100
patagonia,2013-11-28,-1.6,-4.5,14.5,15.6,87
patagonia,2013-11-29,1.1,-1.4,16.2,12.3,100
patagonia,2013-11-30,2.2,-0.7,13.1,14.6,100
patagonia,2013-12-01,-1.1,-4.7,20.4,11.5,92
patagonia,2013-12-02,-3.8,-6.3,29.3,19.7,96
patagonia,2013-12-03,-2.1,-4.5,37.7,18.8,100
patagonia,2013-12-04,-2.3,-5.5,10.0,15.9,80
patagonia,2013-12-05,0.5,-3.5,8.0,13.0,96
patagonia,2013-12-06,0.5,-1.3,4.2,14.3,100
patagonia,2013-12-07,0.5,-1.1,27.3,12.9,100
patagonia,2013-12-08,1.7,0.1,13.5,8.4,100
patagonia,2013-12-09,3.5,-0.0,2.8,12.3,94
patagonia,2013-12-10,1.6,-0.9,4.6,20.0,85
patagonia,2013-12-11,1.3,-1.4,12.0,13.6,99
patagonia,2013-12-12,-0.8,-3.2,20.5,13.6,96
patagonia,2013-12-13,-1.6,-3.2,54.8,18.6,100
patagonia,2013-12-14,1.0,-1.2,70.0,15.6,100
patagonia,2013-12-15,0.2,-2.0,34.6,17.7,100
patagonia,2013-12-16,1.5,-2.4,28.9,11.3,100
patagonia,2013-12-17,-0.8,-4.3,10.7,13.0,82
patagonia,2013-12-18,-0.4,-4.0,4.1,8.7,87
patagonia,2013-12-19,4.9,-2.1,2.2,9.2,65
patagonia,2013-12-20,0.2,-2.5,24.5,14.3,92
patagonia,2013-12-21,0.9,-2.5,21.4,16.0,87
patagonia,2013-12-22,0.7,-1.7,21.4,13.7,99
patagonia,2013-12-23,-1.0,-4.3,24.2,15.8,80
patagonia,2013-12-24,-1.1,-4.4,10.5,18.4,74
patagonia,2013-12-25,-2.3,-4.5,51.2,17.7,100
patagonia,2013-12-26,-2.1,-4.5,39.1,14.3,98
patagonia,2013-12-27,0.6,-4.9,24.3,13.4,98
patagonia,2013-12-28,1.7,0.0,36.8,10.7,100
patagonia,2013-12-29,0.9,-1.2,15.0,13.6,100
patagonia,2013-12-30,-0.1,-3.6,15.7,13.1,94
patagonia,2013-12-31,-2.3,-5.5,22.9,10.4,99
patagonia,2014-01-01,-3.2,-6.8,13.8,10.0,82
patagonia,2014-01-02,-3.0,-6.9,10.0,11.5,86
patagonia,2014-01-03,-1.1,-4.2,8.9,10.7,99
patagonia,2014-01-04,-0.4,-2.2,20.6,18.0,100
patagonia,2014-01-05,1.1,-1.1,32.6,15.1,100
patagonia,2014-01-06,-0.8,-4.6,45.8,18.5,98
patagonia,2014-01-07,-1.0,-3.0,76.2,15.7,100
patagonia,2014-01-08,-0.5,-3.6,49.1,14.0,90
patagonia,2014-01-09,-1.8,-4.7,19.6,14.5,97
patagonia,2014-01-10,-0.6,-4.0,11.4,14.4,100
patagonia,2014-01-11,2.9,-0.8,1.7,13.4,95
patagonia,2014-01-12,4.7,1.3,8.9,13.2,93
patagonia,2014-01-13,2.3,-0.5,22.0,18.2,85
patagonia,2014-01-14,1.5,-2.7,28.7,17.1,92
patagonia,2014-01-15,0.5,-2.9,27.3,13.9,100
patagonia,2014-01-16,2.1,-0.0,18.6,8.3,91
patagonia,2014-01-17,0.0,-2.9,6.5,11.6,90
patagonia,2014-01-18,0.1,-3.2,11.0,15.7,91
patagonia,2014-01-19,-0.1,-2.7,23.5,16.7,99
patagonia,2014-01-20,-1.1,-3.0,42.3,14.6,100
patagonia,2014-01-21,-2.4,-5.3,14.0,10.6,84
patagonia,2014-01-22,-3.5,-5.9,8.9,13.3,94
patagonia,2014-01-23,-0.6,-6.1,4.0,8.0,77
patagonia,2014-01-24,1.4,-3.4,7.9,15.7,98
patagonia,2014-01-25,1.1,-0.8,20.4,15.9,100
patagonia,2014-01-26,-0.0,-3.6,35.5,14.5,100
patagonia,2014-01-27,-1.7,-4.2,22.2,13.8,92
patagonia,2014-01-28,-0.2,-4.5,11.9,19.1,98
patagonia,2014-01-29,-0.4,-4.0,24.1,13.0,87
patagonia,2014-01-30,-1.7,-4.8,22.1,15.3,98
patagonia,2014-01-31,-1.9,-4.9,20.8,15.8,98
patagonia,2014-02-01,-1.1,-3.5,21.0,11.9,98
patagonia,2014-02-02,-1.6,-4.9,11.3,13.0,82
patagonia,2014-02-03,-0.6,-2.7,17.1,9.7,100
patagonia,2014-02-04,-0.1,-2.9,5.8,7.4,87
patagonia,2014-02-05,-2.4,-4.4,23.0,15.1,99
patagonia,2014-02-06,1.0,-2.2,24.3,12.6,100
patagonia,2014-02-07,1.3,-1.5,8.2,12.0,99
patagonia,2014-02-08,0.2,-0.8,15.1,16.9,100
patagonia,2014-02-09,1.7,-0.3,37.9,15.3,100
patagonia,2014-02-10,0.1,-2.6,19.8,13.0,99
patagonia,2014-02-11,-0.4,-4.2,15.1,13.6,85
patagonia,2014-02-12,2.0,-1.9,2.6,11.2,78
patagonia,2014-02-13,10.3,-0.1,0.0,7.7,39
patagonia,2014-02-14,9.5,2.9,0.0,11.9,21
patagonia,2014-02-15,9.5,3.3,0.0,9.2,82
patagonia,2014-02-16,7.3,4.6,5.4,15.0,99
patagonia,2014-02-17,4.9,0.5,18.1,14.8,99
patagonia,2014-02-18,0.1,-3.2,20.0,16.1,85
patagonia,2014-02-19,0.7,-3.0,11.2,14.7,98
patagonia,2014-02-20,1.6,0.2,9.8,14.4,100
patagonia,2014-02-21,1.5,0.3,21.9,16.7,100
patagonia,2014-02-22,2.2,0.5,58.6,13.3,100
patagonia,2014-02-23,2.8,-1.2,5.5,10.5,99
patagonia,2014-02-24,7.7,-3.4,0.0,11.2,50
patagonia,2014-02-25,6.0,3.0,3.1,10.4,96
patagonia,2014-02-26,9.5,2.1,0.0,12.7,77
patagonia,2014-02-27,4.5,1.3,5.7,7.7,97
patagonia,2014-02-28,1.9,0.1,4.3,10.0,100
patagonia,2014-03-01,2.6,-0.7,1.4,14.3,97
patagonia,2014-03-02,3.5,1.2,0.8,13.8,91
patagonia,2014-03-03,6.8,3.1,4.1,12.6,99
patagonia,2014-03-04,3.6,-0.6,10.8,11.0,98
patagonia,2014-03-05,1.7,-0.3,25.0,15.5,100
patagonia,2014-03-06,0.1,-4.1,41.6,18.1,95
patagonia,2014-03-07,-0.7,-3.7,23.4,15.3,97
patagonia,2014-03-08,-2.2,-5.9,31.7,17.6,93
patagonia,2014-03-09,-1.6,-6.2,13.8,13.9,97
patagonia,2014-03-10,1.0,-1.7,33.0,12.4,100
patagonia,2014-03-11,-2.2,-5.7,24.8,14.1,86
patagonia,2014-03-12,-2.4,-6.0,7.7,18.3,90
patagonia,2014-03-13,-1.7,-3.2,36.0,18.2,99
patagonia,2014-03-14,-2.0,-3.4,20.0,15.6,87
patagonia,2014-03-15,-0.2,-3.6,2.2,7.9,97
patagonia,2014-03-16,2.5,-2.3,0.0,8.0,45
patagonia,2014-03-17,-0.1,-2.0,0.1,6.4,100
patagonia,2014-03-18,1.8,-1.6,0.0,7.9,88
patagonia,2014-03-19,0.8,-4.0,23.5,16.2,100
patagonia,2014-03-20,-3.7,-6.6,24.4,16.3,94
patagonia,2014-03-21,0.6,-3.7,12.0,16.8,98
patagonia,2014-03-22,1.8,-3.9,38.0,22.1,99
patagonia,2014-03-23,-2.1,-3.8,13.6,15.0,86
patagonia,2014-03-24,0.2,-3.0,6.4,17.4,96
patagonia,2014-03-25,2.6,-0.1,2.8,15.5,96
patagonia,2014-03-26,3.8,2.0,17.8,16.1,100
patagonia,2014-03-27,2.9,-3.6,31.3,14.3,91
patagonia,2014-03-28,-1.5,-3.9,10.7,11.6,98
patagonia,2014-03-29,-3.8,-6.6,5.1,8.9,77
patagonia,2014-03-30,-4.0,-6.5,1.7,7.2,60
patagonia,2014-03-31,-1.9,-5.7,1.3,8.3,94
patagonia,2014-04-01,1.4,-2.0,0.0,6.2,92
patagonia,2014-04-02,5.3,-1.4,0.0,6.9,81
patagonia,2014-04-03,4.5,-0.1,0.0,5.6,82
patagonia,2014-04-04,6.5,-1.1,0.0,4.4,57
patagonia,2014-04-05,6.8,-3.1,0.0,5.5,36
patagonia,2014-04-06,7.8,-1.7,0.0,8.2,88
patagonia,2014-04-07,8.8,2.5,0.0,7.1,33
patagonia,2014-04-08,3.1,0.8,0.9,8.1,92
patagonia,2014-04-09,2.5,-1.0,1.7,9.2,82
patagonia,2014-04-10,-0.9,-4.7,19.5,10.6,88
patagonia,2014-04-11,-3.6,-6.2,1.1,8.2,62
patagonia,2014-04-12,0.4,-6.7,0.0,8.7,74
patagonia,2014-04-13,1.2,-0.9,8.4,12.4,100
patagonia,2014-04-14,1.6,0.2,11.1,9.8,100
patagonia,2014-04-15,0.3,-6.0,35.8,19.6,99
patagonia,2014-04-16,-5.2,-6.6,29.8,18.1,96
patagonia,2014-04-17,-3.6,-6.4,39.4,15.0,99
patagonia,2014-04-18,-6.3,-7.7,11.4,11.2,84
patagonia,2014-04-19,-1.4,-6.8,1.7,10.2,94
patagonia,2014-04-20,2.2,-5.1,0.0,7.4,68
patagonia,2014-04-21,3.0,0.1,4.9,12.5,95
patagonia,2014-04-22,-0.2,-3.5,0.6,8.9,70
patagonia,2014-04-23,1.4,-3.2,0.0,9.4,80
patagonia,2014-04-24,1.5,-2.3,0.0,10.3,89
patagonia,2014-04-25,1.5,-1.0,8.9,9.0,99
patagonia,2014-04-26,-0.1,-4.4,4.8,8.7,76
patagonia,2014-04-27,-4.7,-6.1,10.2,11.1,81
patagonia,2014-04-28,-0.6,-4.2,37.2,13.6,100
patagonia,2014-04-29,0.8,-2.2,26.7,11.8,100
patagonia,2014-04-30,1.2,-6.7,25.7,21.1,92
patagonia,2014-05-01,-4.1,-7.0,17.8,15.5,91
patagonia,2014-05-02,-2.2,-4.6,0.9,10.0,89
patagonia,2014-05-03,-1.0,-4.7,11.0,12.6,77
patagonia,2014-05-04,-4.8,-7.0,20.0,16.9,96
patagonia,2014-05-05,-4.9,-7.4,37.5,18.4,97
patagonia,2014-05-06,-1.6,-5.9,3.2,13.7,84
patagonia,2014-05-07,0.7,-4.8,0.0,8.9,85
patagonia,2014-05-08,1.5,-1.4,17.3,11.6,96
patagonia,2014-05-09,-1.6,-4.4,2.2,10.7,77
patagonia,2014-05-10,-2.1,-4.2,3.9,11.6,85
patagonia,2014-05-11,-0.6,-4.5,28.0,14.8,100
patagonia,2014-05-12,-5.1,-7.8,16.2,12.5,86
patagonia,2014-05-13,-5.9,-7.7,32.1,16.6,100
patagonia,2014-05-14,-4.4,-7.4,2.3,9.5,68
patagonia,2014-05-15,-2.5,-7.8,2.7,8.0,86
patagonia,2014-05-16,-2.9,-3.9,12.7,10.7,95
patagonia,2014-05-17,-1.8,-3.1,3.0,6.5,89
patagonia,2014-05-18,-2.6,-4.3,0.0,10.3,60
patagonia,2014-05-19,-3.2,-4.4,0.0,9.1,43
patagonia,2014-05-20,-2.7,-7.1,0.0,7.2,54
patagonia,2014-05-21,-4.2,-6.5,5.9,7.9,85
patagonia,2014-05-22,-2.3,-6.3,2.5,10.1,99
patagonia,2014-05-23,-1.7,-4.7,6.9,11.4,100
patagonia,2014-05-24,0.8,-5.0,5.9,14.3,97
patagonia,2014-05-25,-1.7,-5.7,22.6,13.5,96
patagonia,2014-05-26,-0.9,-4.9,22.8,14.5,85
patagonia,2014-05-27,0.1,-4.5,8.4,10.7,99
patagonia,2014-05-28,0.6,-2.4,5.8,21.2,76
patagonia,2014-05-29,-3.3,-5.5,15.5,22.7,91
patagonia,2014-05-30,-4.1,-5.6,23.4,11.7,94
patagonia,2014-05-31,-3.8,-5.3,9.0,10.9,78
patagonia,2014-06-01,-4.8,-6.2,0.0,7.6,41
patagonia,2014-06-02,-5.3,-8.0,2.5,9.8,88
patagonia,2014-06-03,-6.2,-8.1,0.0,10.5,81
patagonia,2014-06-04,-5.9,-7.8,0.0,9.8,75
patagonia,2014-06-05,-6.8,-9.6,0.2,7.1,92
patagonia,2014-06-06,-6.9,-8.1,2.0,6.7,100
patagonia,2014-06-07,-6.4,-8.4,0.7,5.8,90
patagonia,2014-06-08,-5.0,-7.0,0.6,8.0,97
patagonia,2014-06-09,-4.2,-6.0,17.3,13.2,93
patagonia,2014-06-10,-4.2,-6.7,18.9,12.3,95
patagonia,2014-06-11,-4.8,-9.3,5.7,11.0,59
patagonia,2014-06-12,-6.2,-9.7,10.3,9.7,93
patagonia,2014-06-13,-5.2,-6.1,0.0,6.9,47
patagonia,2014-06-14,-2.7,-7.7,4.3,10.5,95
patagonia,2014-06-15,-3.5,-6.6,13.1,10.4,87
patagonia,2014-06-16,-6.6,-8.6,5.2,11.2,80
patagonia,2014-06-17,-4.1,-6.8,3.2,12.0,100
patagonia,2014-06-18,0.7,-3.7,27.3,13.3,100
patagonia,2014-06-19,3.0,-0.8,9.2,12.8,100
patagonia,2014-06-20,3.3,-3.2,1.0,10.1,90
patagonia,2014-06-21,-2.5,-4.8,0.0,5.1,91
patagonia,2014-06-22,-3.6,-6.6,0.0,9.9,67
patagonia,2014-06-23,-3.5,-6.9,23.4,15.5,98
patagonia,2014-06-24,-5.4,-7.1,39.2,16.0,94
patagonia,2014-06-25,-3.0,-6.0,15.3,16.1,98
patagonia,2014-06-26,-1.3,-4.1,30.7,15.9,96
patagonia,2014-06-27,1.0,-1.4,70.7,20.1,100
patagonia,2014-06-28,1.0,-1.5,39.7,18.7,100
patagonia,2014-06-29,-0.9,-3.9,16.6,14.8,88
patagonia,2014-06-30,-1.9,-5.5,12.6,14.8,92
patagonia,2014-07-01,-5.3,-7.2,8.4,12.2,75
patagonia,2014-07-02,-5.3,-7.6,0.0,12.2,88
patagonia,2014-07-03,-3.2,-8.2,4.7,11.9,94
patagonia,2014-07-04,-5.4,-6.8,1.5,11.9,91
patagonia,2014-07-05,-1.3,-5.2,19.4,18.7,99
patagonia,2014-07-06,-2.9,-8.8,43.9,13.5,98
patagonia,2014-07-07,-5.2,-7.9,22.7,13.5,97
patagonia,2014-07-08,-3.7,-6.2,13.7,13.1,99
patagonia,2014-07-09,-2.0,-4.3,0.0,5.1,38
patagonia,2014-07-10,-0.6,-5.4,0.0,6.9,20
patagonia,2014-07-11,-0.3,-9.2,0.0,8.9,97
patagonia,2014-07-12,-2.1,-6.5,0.4,10.0,96
patagonia,2014-07-13,-1.7,-5.9,5.4,9.0,90
patagonia,2014-07-14,-0.5,-2.6,1.9,9.4,88
patagonia,2014-07-15,-1.4,-2.7,5.0,6.1,100
patagonia,2014-07-16,-2.7,-4.3,3.2,7.1,94
patagonia,2014-07-17,-2.9,-5.6,4.2,7.8,87
patagonia,2014-07-18,-2.0,-3.8,16.9,10.0,99
patagonia,2014-07-19,-2.4,-4.0,8.2,9.5,99
patagonia,2014-07-20,-3.5,-6.3,6.2,10.5,85
patagonia,2014-07-21,-5.4,-8.3,8.9,10.7,81
patagonia,2014-07-22,-6.8,-8.8,31.4,14.9,97
patagonia,2014-07-23,-8.7,-10.4,19.3,15.3,96
patagonia,2014-07-24,-8.0,-9.4,16.6,10.5,94
patagonia,2014-07-25,-8.3,-10.8,0.3,6.4,17
patagonia,2014-07-26,-5.4,-12.2,0.0,10.5,33
patagonia,2014-07-27,-9.0,-11.0,4.1,13.1,97
patagonia,2014-07-28,-2.9,-8.9,6.3,9.4,97
patagonia,2014-07-29,-3.6,-8.1,3.6,11.0,86
patagonia,2014-07-30,-3.2,-5.3,4.3,12.8,98
patagonia,2014-07-31,-2.8,-5.1,7.2,11.7,93
patagonia,2014-08-01,-3.9,-7.1,3.9,8.7,97
patagonia,2014-08-02,-2.6,-5.0,12.2,7.0,94
patagonia,2014-08-03,-4.7,-6.3,15.8,14.9,96
patagonia,2014-08-04,-3.1,-5.8,14.6,13.4,95
patagonia,2014-08-05,-1.3,-3.7,2.2,7.8,80
patagonia,2014-08-06,-3.3,-5.6,5.8,13.5,89
patagonia,2014-08-07,-3.2,-6.5,17.3,12.6,85
patagonia,2014-08-08,-3.1,-7.2,49.5,21.9,99
patagonia,2014-08-09,-5.1,-7.6,45.7,17.6,97
patagonia,2014-08-10,-4.2,-5.0,39.4,12.3,100
patagonia,2014-08-11,-5.1,-8.5,31.5,16.8,96
patagonia,2014-08-12,-4.6,-7.2,37.1,18.4,97
patagonia,2014-08-13,-2.5,-4.8,47.1,16.1,100
patagonia,2014-08-14,-0.6,-3.7,16.5,13.8,98
patagonia,2014-08-15,-2.1,-3.8,3.7,11.2,99
patagonia,2014-08-16,-0.7,-3.0,2.7,11.0,98
patagonia,2014-08-17,-1.2,-5.6,35.7,10.5,99
patagonia,2014-08-18,-6.5,-8.5,6.1,10.5,64
patagonia,2014-08-19,-4.1,-7.5,5.2,8.6,73
patagonia,2014-08-20,-0.3,-4.5,7.3,6.9,90
patagonia,2014-08-21,-1.4,-5.4,0.2,6.1,64
patagonia,2014-08-22,-1.1,-7.7,0.0,10.2,67
patagonia,2014-08-23,-1.7,-3.9,0.8,9.1,99
patagonia,2014-08-24,0.1,-3.7,0.0,7.2,94
patagonia,2014-08-25,-1.4,-4.9,0.4,6.8,99
patagonia,2014-08-26,-1.7,-3.1,0.9,7.2,100
patagonia,2014-08-27,-0.3,-4.3,1.1,9.1,95
patagonia,2014-08-28,-0.5,-3.0,1.4,9.8,97
patagonia,2014-08-29,0.6,-4.8,0.7,6.0,95
patagonia,2014-08-30,-0.2,-2.4,1.4,8.1,98
patagonia,2014-08-31,0.6,-1.9,2.5,7.4,99
patagonia,2014-09-01,-0.0,-2.1,0.7,8.4,96
patagonia,2014-09-02,2.1,-3.1,1.5,8.1,81
patagonia,2014-09-03,0.1,-5.0,1.1,6.0,60
patagonia,2014-09-04,-0.0,-5.6,0.2,5.6,84
patagonia,2014-09-05,1.0,-4.6,0.0,6.9,21
patagonia,2014-09-06,0.8,-8.7,0.0,6.6,31
patagonia,2014-09-07,-1.1,-4.7,2.5,6.4,91
patagonia,2014-09-08,-1.7,-4.2,2.4,6.3,94
patagonia,2014-09-09,-4.1,-6.5,4.8,9.9,64
patagonia,2014-09-10,-3.9,-6.4,0.8,7.2,61
patagonia,2014-09-11,-3.4,-6.8,25.6,20.5,99
patagonia,2014-09-12,-4.2,-7.5,37.8,20.8,97
patagonia,2014-09-13,-2.6,-4.1,66.6,16.8,100
patagonia,2014-09-14,-3.8,-5.3,45.3,17.6,98
patagonia,2014-09-15,-3.1,-5.3,29.5,16.1,99
patagonia,2014-09-16,-3.3,-6.4,33.5,18.6,99
patagonia,2014-09-17,-3.0,-4.8,47.4,21.2,100
patagonia,2014-09-18,-4.7,-7.3,2.6,8.2,44
patagonia,2014-09-19,-0.5,-7.6,0.0,8.3,32
patagonia,2014-09-20,-1.7,-4.3,3.3,8.7,99
patagonia,2014-09-21,-1.2,-4.3,10.0,12.8,89
patagonia,2014-09-22,-3.5,-6.1,9.9,15.8,90
patagonia,2014-09-23,-3.0,-6.8,12.4,9.2,91
patagonia,2014-09-24,-6.2,-8.0,5.4,7.6,82
patagonia,2014-09-25,-5.6,-9.6,1.5,8.7,79
patagonia,2014-09-26,-4.5,-8.8,8.4,15.5,94
patagonia,2014-09-27,-4.8,-6.6,13.7,10.6,94
patagonia,2014-09-28,-4.4,-7.5,2.7,11.2,71
patagonia,2014-09-29,-4.0,-7.5,0.7,7.9,71
patagonia,2014-09-30,-3.3,-6.0,0.0,5.9,71
patagonia,2014-10-01,0.4,-5.6,0.0,8.4,83
patagonia,2014-10-02,3.8,-3.6,0.0,9.2,9
patagonia,2014-10-03,3.9,-1.7,0.0,8.8,82
patagonia,2014-10-04,0.8,-1.6,0.4,10.6,93
patagonia,2014-10-05,-0.0,-2.6,9.7,12.9,98
patagonia,2014-10-06,-2.5,-5.8,20.9,14.3,76
patagonia,2014-10-07,-3.9,-6.6,4.0,9.2,59
patagonia,2014-10-08,-3.6,-7.6,1.4,10.0,92
patagonia,2014-10-09,-1.9,-4.4,6.8,15.2,99
patagonia,2014-10-10,-3.3,-4.9,31.6,18.4,99
patagonia,2014-10-11,-5.6,-8.3,18.7,15.5,81
patagonia,2014-10-12,-6.0,-8.3,27.8,19.2,95
patagonia,2014-10-13,-5.2,-10.1,14.9,18.2,93
patagonia,2014-10-14,-2.9,-5.6,3.5,13.7,95
patagonia,2014-10-15,0.3,-6.1,0.0,6.1,90
patagonia,2014-10-16,-0.9,-3.4,10.5,8.2,99
patagonia,2014-10-17,-0.6,-3.4,6.8,8.9,78
patagonia,2014-10-18,2.5,-4.6,0.0,7.8,37
patagonia,2014-10-19,2.1,-5.0,1.0,8.0,84
patagonia,2014-10-20,0.1,-2.1,10.4,8.3,98
patagonia,2014-10-21,-0.5,-3.9,11.8,8.5,96
patagonia,2014-10-22,-2.5,-5.1,5.8,17.5,82
patagonia,2014-10-23,-0.6,-4.4,18.5,16.3,93
patagonia,2014-10-24,1.0,-1.4,3.6,15.6,96
patagonia,2014-10-25,0.4,-2.9,7.4,17.5,97
patagonia,2014-10-26,-1.5,-3.5,21.4,12.3,97
patagonia,2014-10-27,-0.6,-2.5,14.2,14.7,92
patagonia,2014-10-28,-2.4,-8.2,25.3,11.6,88
patagonia,2014-10-29,-5.3,-9.4,20.1,17.3,85
patagonia,2014-10-30,-7.2,-10.0,14.7,12.6,78
patagonia,2014-10-31,-5.0,-9.8,1.4,7.3,57
patagonia,2014-11-01,-1.8,-9.1,0.0,7.6,46
patagonia,2014-11-02,0.2,-3.8,0.1,10.4,26
patagonia,2014-11-03,-1.9,-4.6,20.6,13.6,99
patagonia,2014-11-04,-1.8,-4.8,8.1,11.3,96
patagonia,2014-11-05,-0.1,-3.2,10.9,9.6,86
patagonia,2014-11-06,-2.3,-4.8,27.8,13.3,98
patagonia,2014-11-07,-2.2,-5.4,47.9,18.1,98
patagonia,2014-11-08,-1.5,-5.6,37.4,15.3,99
patagonia,2014-11-09,1.3,-3.8,20.8,16.8,98
patagonia,2014-11-10,-4.1,-5.5,26.9,16.3,94
patagonia,2014-11-11,-4.0,-6.1,34.4,16.0,93
patagonia,2014-11-12,-1.4,-4.7,37.4,17.1,100
patagonia,2014-11-13,0.4,-1.5,59.4,16.3,100
patagonia,2014-11-14,0.5,-3.2,43.9,15.3,100
patagonia,2014-11-15,-3.0,-5.7,5.1,15.2,71
patagonia,2014-11-16,1.9,-6.4,27.8,14.3,99
patagonia,2014-11-17,-1.2,-5.2,32.5,15.2,85
patagonia,2014-11-18,-3.4,-6.0,15.4,19.5,93
patagonia,2014-11-19,-0.1,-3.3,10.0,13.0,100
patagonia,2014-11-20,2.0,-0.9,0.8,11.2,97
patagonia,2014-11-21,0.1,-2.0,27.3,15.4,100
patagonia,2014-11-22,-0.7,-3.8,22.9,11.5,99
patagonia,2014-11-23,-2.3,-5.2,5.5,15.2,89
patagonia,2014-11-24,-1.1,-3.5,19.2,17.1,100
patagonia,2014-11-25,-2.2,-3.5,56.7,18.0,100
patagonia,2014-11-26,0.3,-2.4,13.4,14.3,100
patagonia,2014-11-27,1.6,-2.4,14.4,9.0,97
patagonia,2014-11-28,-2.8,-5.8,12.2,12.0,83
patagonia,2014-11-29,-1.7,-6.6,9.5,18.3,92
patagonia,2014-11-30,0.6,-1.5,48.0,15.4,100
patagonia,2014-12-01,1.0,-1.2,62.8,20.9,100
patagonia,2014-12-02,1.9,-0.1,42.6,14.5,99
patagonia,2014-12-03,0.6,-2.1,17.9,13.3,96
patagonia,2014-12-04,1.6,-1.9,5.7,9.8,81
patagonia,2014-12-05,0.5,-2.5,14.4,15.5,85
patagonia,2014-12-06,0.1,-3.9,31.0,20.5,99
patagonia,2014-12-07,0.1,-3.9,36.7,19.2,99
patagonia,2014-12-08,-1.2,-4.0,14.6,16.3,86
patagonia,2014-12-09,-3.0,-4.8,23.6,14.7,87
patagonia,2014-12-10,-1.0,-5.2,10.4,19.6,91
patagonia,2014-12-11,-1.6,-2.5,26.0,19.8,100
patagonia,2014-12-12,-0.5,-2.5,12.0,16.7,97
patagonia,2014-12-13,1.8,-1.5,0.5,9.6,100
patagonia,2014-12-14,5.8,0.2,0.0,7.0,70
patagonia,2014-12-15,1.6,-3.6,5.3,14.7,90
patagonia,2014-12-16,-1.6,-4.0,41.9,16.5,98
patagonia,2014-12-17,-0.8,-2.2,50.6,16.0,100
patagonia,2014-12-18,-0.9,-6.5,44.1,18.0,91
patagonia,2014-12-19,-3.9,-7.4,18.5,13.2,92
patagonia,2014-12-20,-3.6,-5.8,19.1,10.6,89
patagonia,2014-12-21,-1.5,-5.0,11.1,14.2,96
patagonia,2014-12-22,0.6,-2.4,26.9,20.1,100
patagonia,2014-12-23,-1.6,-3.3,22.8,17.4,98
patagonia,2014-12-24,-0.2,-2.7,23.1,18.5,100
patagonia,2014-12-25,-0.1,-4.8,23.5,15.4,97
patagonia,2014-12-26,-2.8,-5.5,24.9,12.6,99
patagonia,2014-12-27,2.2,-3.9,2.8,5.6,71
patagonia,2014-12-28,3.7,-1.4,6.7,7.2,79
patagonia,2014-12-29,1.8,-1.3,17.9,11.8,95
patagonia,2014-12-30,1.3,-1.2,14.0,10.7,100
patagonia,2014-12-31,5.8,-1.8,7.1,7.1,86
patagonia,2015-01-01,2.4,0.2,0.1,6.4,100
patagonia,2015-01-02,2.5,-1.1,0.0,8.6,73
patagonia,2015-01-03,1.9,-3.0,7.1,10.2,94
patagonia,2015-01-04,1.3,-2.7,12.0,12.7,81
patagonia,2015-01-05,-1.0,-3.8,16.6,17.0,95
patagonia,2015-01-06,-2.6,-4.5,34.5,15.9,100
patagonia,2015-01-07,-0.8,-4.1,37.3,15.0,100
patagonia,2015-01-08,1.8,-1.4,15.5,10.1,100
patagonia,2015-01-09,0.0,-3.7,15.5,12.8,100
patagonia,2015-01-10,-3.1,-4.9,23.2,15.3,93
patagonia,2015-01-11,-2.8,-5.6,36.7,13.1,93
patagonia,2015-01-12,-3.5,-5.1,23.9,14.3,100
patagonia,2015-01-13,-1.9,-4.2,16.1,13.4,95
patagonia,2015-01-14,1.5,-2.5,4.3,13.3,94
patagonia,2015-01-15,2.9,0.7,39.8,13.0,100
patagonia,2015-01-16,6.1,-2.2,0.0,5.8,43
patagonia,2015-01-17,2.2,-0.7,0.0,5.8,92
patagonia,2015-01-18,4.1,0.6,0.0,8.7,44
patagonia,2015-01-19,5.4,-5.1,0.0,12.5,57
patagonia,2015-01-20,7.7,0.3,0.0,11.2,62
patagonia,2015-01-21,12.6,-1.5,0.0,12.5,20
patagonia,2015-01-22,6.2,3.1,4.9,14.0,58
patagonia,2015-01-23,8.6,2.3,0.0,14.5,76
patagonia,2015-01-24,3.6,-0.6,10.2,11.6,86
patagonia,2015-01-25,1.5,-3.2,0.3,10.7,76
patagonia,2015-01-26,1.7,-1.1,11.3,9.7,96
patagonia,2015-01-27,2.1,-0.7,9.3,9.1,93
patagonia,2015-01-28,2.2,-0.4,1.7,10.3,94
patagonia,2015-01-29,7.9,-0.3,0.2,13.2,87
patagonia,2015-01-30,3.8,2.2,3.4,13.5,89
patagonia,2015-01-31,2.1,-2.1,13.8,15.8,80
patagonia,2015-02-01,1.5,-2.7,2.5,16.6,91
patagonia,2015-02-02,4.2,1.0,0.2,14.3,83
patagonia,2015-02-03,10.9,0.9,0.0,10.0,39
patagonia,2015-02-04,6.2,2.7,2.3,13.5,67
patagonia,2015-02-05,3.4,-2.5,11.8,12.2,96
patagonia,2015-02-06,-0.2,-3.8,6.7,13.8,78
patagonia,2015-02-07,1.4,-2.4,19.1,14.7,98
patagonia,2015-02-08,-0.0,-4.1,26.5,9.4,83
patagonia,2015-02-09,-0.7,-3.9,16.0,18.3,100
patagonia,2015-02-10,0.4,-3.0,29.7,20.1,98
patagonia,2015-02-11,-1.6,-3.3,28.5,18.3,96
patagonia,2015-02-12,0.7,-3.1,5.9,13.3,96
patagonia,2015-02-13,6.9,-0.3,0.0,10.8,78
patagonia,2015-02-14,3.1,-0.4,12.3,11.8,83
patagonia,2015-02-15,2.4,-1.0,7.9,14.4,88
patagonia,2015-02-16,-0.3,-4.6,16.7,18.7,84
patagonia,2015-02-17,-1.8,-3.4,29.3,13.8,99
patagonia,2015-02-18,-0.1,-4.1,24.7,12.7,100
patagonia,2015-02-19,1.7,0.0,10.9,8.4,100
patagonia,2015-02-20,3.1,0.3,6.3,7.0,100
patagonia,2015-02-21,1.9,-1.3,0.0,9.5,84
patagonia,2015-02-22,1.5,-1.7,7.1,18.6,100
patagonia,2015-02-23,1.1,-1.0,36.4,18.7,100
patagonia,2015-02-24,0.4,-2.7,8.7,14.2,87
patagonia,2015-02-25,2.6,-1.2,11.4,15.9,96
patagonia,2015-02-26,4.8,1.3,4.0,12.8,67
patagonia,2015-02-27,6.9,1.9,11.2,17.3,77
patagonia,2015-02-28,4.7,1.5,7.0,16.0,95
patagonia,2015-03-01,3.1,-2.4,38.9,13.0,94
patagonia,2015-03-02,-1.3,-3.9,23.0,16.9,86
patagonia,2015-03-03,1.9,-1.1,69.6,17.0,100
patagonia,2015-03-04,4.7,0.2,26.0,14.7,99
patagonia,2015-03-05,1.8,-2.1,29.9,17.8,97
patagonia,2015-03-06,2.9,-1.0,7.5,13.4,78
patagonia,2015-03-07,0.9,-2.3,23.2,15.8,81
patagonia,2015-03-08,-0.8,-3.4,42.8,18.1,97
patagonia,2015-03-09,1.8,-2.3,31.6,15.3,100
patagonia,2015-03-10,1.4,-1.9,33.6,21.8,100
patagonia,2015-03-11,3.2,0.2,1.3,15.6,77
patagonia,2015-03-12,0.9,-3.9,25.3,14.4,76
patagonia,2015-03-13,-3.2,-5.9,15.0,17.2,89
patagonia,2015-03-14,0.6,-2.9,49.0,17.3,100
patagonia,2015-03-15,3.3,0.7,12.2,12.7,99
patagonia,2015-03-16,1.3,-4.5,36.9,15.6,85
patagonia,2015-03-17,-0.7,-4.5,64.8,20.2,100
patagonia,2015-03-18,-0.4,-5.7,42.4,16.6,97
patagonia,2015-03-19,-2.3,-5.6,15.4,12.7,95
patagonia,2015-03-20,-2.2,-6.6,6.0,15.3,92
patagonia,2015-03-21,0.9,-2.1,0.2,10.4,96
patagonia,2015-03-22,4.3,0.3,0.0,6.4,88
patagonia,2015-03-23,8.2,-2.0,0.0,8.1,54
patagonia,2015-03-24,10.2,-2.2,0.0,6.3,83
patagonia,2015-03-25,8.5,1.7,0.0,4.6,76
patagonia,2015-03-26,7.4,-1.0,0.1,8.2,91
patagonia,2015-03-27,2.8,-1.3,1.8,13.2,87
patagonia,2015-03-28,5.3,1.4,7.7,9.7,94
patagonia,2015-03-29,1.7,-1.7,22.6,12.8,98
patagonia,2015-03-30,-0.6,-4.6,33.6,14.2,96
patagonia,2015-03-31,-2.7,-5.5,56.6,13.7,98
patagonia,2015-04-01,-3.3,-6.3,41.7,19.1,99
patagonia,2015-04-02,-4.4,-7.4,41.6,22.2,93
patagonia,2015-04-03,-4.7,-7.6,13.0,15.5,94
patagonia,2015-04-04,-1.7,-4.5,7.6,11.9,100
patagonia,2015-04-05,2.0,-2.6,0.0,5.0,71
patagonia,2015-04-06,1.7,-5.8,0.0,10.5,97
patagonia,2015-04-07,2.3,-2.1,0.5,10.1,99
patagonia,2015-04-08,2.7,-1.5,3.5,8.7,90
patagonia,2015-04-09,0.9,-1.8,3.3,10.4,86
patagonia,2015-04-10,0.8,-1.8,0.0,11.6,80
patagonia,2015-04-11,2.4,-0.2,1.0,10.7,81
patagonia,2015-04-12,0.6,-1.7,8.2,10.2,65
patagonia,2015-04-13,-0.8,-4.7,0.5,6.2,38
patagonia,2015-04-14,-1.9,-3.9,0.7,6.3,90
patagonia,2015-04-15,2.5,-5.1,0.0,5.8,39
patagonia,2015-04-16,-1.5,-7.5,0.5,10.0,71
patagonia,2015-04-17,0.8,-1.9,16.7,6.7,100
patagonia,2015-04-18,0.8,-2.2,1.0,8.7,99
patagonia,2015-04-19,-2.5,-7.0,26.8,16.6,95
patagonia,2015-04-20,-1.9,-4.7,20.2,16.3,100
patagonia,2015-04-21,1.2,-1.6,16.0,20.1,100
patagonia,2015-04-22,2.4,1.4,92.6,15.8,100
patagonia,2015-04-23,1.6,-1.4,74.5,9.2,100
patagonia,2015-04-24,2.0,-1.4,14.4,9.0,99
patagonia,2015-04-25,1.7,-2.6,18.2,13.5,95
patagonia,2015-04-26,-0.7,-5.0,0.4,10.4,41
patagonia,2015-04-27,0.3,-3.0,1.8,9.8,87
patagonia,2015-04-28,0.7,-1.3,5.1,12.7,68
patagonia,2015-04-29,0.4,-2.3,7.1,12.1,64
patagonia,2015-04-30,-1.0,-4.6,19.3,12.9,84
patagonia,2015-05-01,-4.0,-5.8,8.9,11.5,84
patagonia,2015-05-02,-1.6,-5.0,8.6,15.3,97
patagonia,2015-05-03,-1.9,-6.1,10.7,15.5,80
patagonia,2015-05-04,-4.6,-8.2,2.8,11.2,81
patagonia,2015-05-05,-1.5,-5.9,0.0,5.4,46
patagonia,2015-05-06,-1.8,-8.5,0.0,6.2,68
patagonia,2015-05-07,-2.3,-7.7,0.1,8.9,85
patagonia,2015-05-08,-1.0,-3.5,1.1,11.0,94
patagonia,2015-05-09,0.6,-4.0,1.2,9.7,83
patagonia,2015-05-10,1.2,-3.6,3.3,9.3,96
patagonia,2015-05-11,1.3,-0.3,5.8,9.7,95
patagonia,2015-05-12,1.4,-4.0,15.1,12.0,96
patagonia,2015-05-13,-3.0,-5.0,22.7,12.9,93
patagonia,2015-05-14,1.3,-2.9,41.2,11.2,100
patagonia,2015-05-15,0.5,-3.5,27.0,12.6,98
patagonia,2015-05-16,-2.3,-4.0,24.4,15.7,96
patagonia,2015-05-17,-2.3,-4.5,15.0,13.9,85
patagonia,2015-05-18,1.2,-2.3,10.0,13.3,80
patagonia,2015-05-19,-0.5,-2.9,6.4,10.0,97
patagonia,2015-05-20,-0.8,-4.5,28.6,17.9,93
patagonia,2015-05-21,-4.3,-6.7,33.9,17.1,96
patagonia,2015-05-22,-5.9,-6.9,22.6,14.5,95
patagonia,2015-05-23,-4.1,-7.6,25.6,17.4,97
patagonia,2015-05-24,-3.0,-4.3,57.1,16.5,100
patagonia,2015-05-25,-1.6,-3.0,38.6,10.2,100
patagonia,2015-05-26,-0.1,-1.3,7.3,7.9,100
patagonia,2015-05-27,-0.2,-1.5,3.6,7.4,93
patagonia,2015-05-28,0.5,-2.9,13.5,10.0,80
patagonia,2015-05-29,-2.4,-3.7,21.6,11.2,94
patagonia,2015-05-30,-1.9,-3.9,5.5,9.4,78
patagonia,2015-05-31,-1.4,-2.9,10.2,6.0,99
patagonia,2015-06-01,-1.5,-2.2,3.4,5.9,100
patagonia,2015-06-02,-1.7,-2.4,7.3,7.6,99
patagonia,2015-06-03,-1.8,-3.8,13.8,11.0,99
patagonia,2015-06-04,-2.3,-3.7,4.6,10.7,89
patagonia,2015-06-05,-2.6,-4.4,0.0,8.2,80
patagonia,2015-06-06,-3.1,-4.3,0.0,6.6,94
patagonia,2015-06-07,-3.7,-4.8,4.3,7.9,95
patagonia,2015-06-08,-3.9,-5.6,1.1,9.2,94
patagonia,2015-06-09,-5.6,-9.4,10.0,13.6,82
patagonia,2015-06-10,-6.4,-9.5,32.7,15.3,91
patagonia,2015-06-11,-4.6,-8.0,39.6,16.6,99
patagonia,2015-06-12,-4.5,-6.4,23.3,15.4,99
patagonia,2015-06-13,-4.7,-8.1,28.4,13.0,97
patagonia,2015-06-14,-3.8,-7.8,39.6,16.3,100
patagonia,2015-06-15,-1.3,-7.7,61.5,25.2,98
patagonia,2015-06-16,-8.2,-11.6,19.0,21.6,95
patagonia,2015-06-17,-5.4,-9.7,10.0,14.4,95
patagonia,2015-06-18,-3.1,-5.8,5.8,14.4,98
patagonia,2015-06-19,-2.0,-5.7,19.9,11.3,95
patagonia,2015-06-20,-3.5,-5.6,26.6,14.8,98
patagonia,2015-06-21,-5.3,-9.5,24.1,16.2,89
patagonia,2015-06-22,-3.8,-7.3,0.3,12.2,93
patagonia,2015-06-23,-1.8,-4.7,8.1,14.4,91
patagonia,2015-06-24,-0.8,-2.7,2.0,11.0,95
patagonia,2015-06-25,-1.3,-4.5,6.0,13.6,78
patagonia,2015-06-26,-4.5,-7.4,11.3,17.3,81
patagonia,2015-06-27,-3.2,-5.4,70.0,21.4,100
patagonia,2015-06-28,-2.2,-6.2,50.6,19.1,100
patagonia,2015-06-29,-7.0,-9.0,15.3,12.6,86
patagonia,2015-06-30,-6.8,-9.5,11.6,13.9,92
patagonia,2015-07-01,-6.6,-8.3,1.3,10.5,89
patagonia,2015-07-02,-5.4,-8.6,9.9,14.6,96
patagonia,2015-07-03,-4.4,-5.5,6.7,12.0,100
patagonia,2015-07-04,-2.3,-4.5,1.9,8.4,100
patagonia,2015-07-05,-3.1,-5.2,6.4,7.1,95
patagonia,2015-07-06,-4.1,-5.2,4.3,5.9,99
patagonia,2015-07-07,-5.1,-7.0,6.7,7.9,83
patagonia,2015-07-08,-5.3,-6.8,3.6,9.5,100
patagonia,2015-07-09,-6.3,-7.9,2.5,9.2,90
patagonia,2015-07-10,-4.3,-7.5,8.2,16.7,99
patagonia,2015-07-11,-4.7,-9.2,34.5,18.0,97
patagonia,2015-07-12,-5.2,-10.1,14.5,20.1,95
patagonia,2015-07-13,-5.2,-9.4,17.4,16.9,93
patagonia,2015-07-14,-4.1,-8.8,36.1,17.5,99
patagonia,2015-07-15,-7.4,-10.1,18.6,13.5,95
patagonia,2015-07-16,-5.3,-7.9,11.4,12.0,91
patagonia,2015-07-17,-5.7,-9.2,25.6,16.3,93
patagonia,2015-07-18,-6.0,-9.6,38.8,15.9,96
patagonia,2015-07-19,-5.8,-9.3,19.0,16.9,99
patagonia,2015-07-20,-4.1,-5.7,10.6,14.1,100
patagonia,2015-07-21,-4.0,-4.6,32.0,14.8,100
patagonia,2015-07-22,-1.5,-4.0,28.5,15.1,100
patagonia,2015-07-23,-1.5,-2.7,24.9,9.5,100
patagonia,2015-07-24,-0.9,-2.7,20.7,8.4,99
patagonia,2015-07-25,-1.4,-4.2,12.9,19.0,99
patagonia,2015-07-26,-2.7,-5.7,0.2,6.0,93
patagonia,2015-07-27,-3.2,-5.3,7.5,4.5,96
patagonia,2015-07-28,-3.5,-6.1,0.0,8.2,94
patagonia,2015-07-29,-2.4,-5.5,8.3,9.9,94
patagonia,2015-07-30,-4.0,-5.7,1.4,7.4,38
patagonia,2015-07-31,-5.2,-9.4,0.0,10.0,76
patagonia,2015-08-01,-3.1,-7.6,1.0,8.9,81
patagonia,2015-08-02,-4.7,-9.1,0.0,7.6,89
patagonia,2015-08-03,-5.7,-7.7,1.9,8.1,63
patagonia,2015-08-04,-6.0,-10.6,1.0,13.8,85
patagonia,2015-08-05,-4.7,-8.7,14.7,16.8,83
patagonia,2015-08-06,-7.5,-8.6,1.5,12.3,44
patagonia,2015-08-07,-7.7,-11.5,8.8,14.2,70
patagonia,2015-08-08,-4.6,-10.1,12.6,15.2,95
patagonia,2015-08-09,-6.8,-9.1,10.9,10.5,73
patagonia,2015-08-10,-4.5,-8.9,4.8,11.5,99
patagonia,2015-08-11,-5.5,-9.0,12.5,12.5,85
patagonia,2015-08-12,-4.6,-7.0,0.0,8.0,46
patagonia,2015-08-13,-3.7,-8.8,0.0,16.5,73
patagonia,2015-08-14,-4.3,-10.1,28.8,18.4,94
patagonia,2015-08-15,-4.8,-9.8,44.0,19.2,96
patagonia,2015-08-16,-2.3,-6.6,71.9,24.4,100
patagonia,2015-08-17,-7.0,-11.3,13.7,21.9,89
patagonia,2015-08-18,-6.7,-9.2,22.8,18.7,85
patagonia,2015-08-19,-5.2,-11.4,1.2,6.9,65
patagonia,2015-08-20,-3.4,-6.3,12.9,5.2,100
patagonia,2015-08-21,-4.0,-7.4,0.0,8.7,69
patagonia,2015-08-22,-4.8,-7.9,0.0,11.0,64
patagonia,2015-08-23,-3.9,-7.1,0.4,9.3,82
patagonia,2015-08-24,-2.3,-5.4,4.4,8.3,99
patagonia,2015-08-25,-1.1,-4.4,0.2,7.3,91
patagonia,2015-08-26,-2.0,-3.1,3.1,6.9,94
patagonia,2015-08-27,-2.2,-3.7,4.2,11.3,97
patagonia,2015-08-28,-1.2,-4.6,2.8,8.9,51
patagonia,2015-08-29,-3.7,-4.8,23.1,15.0,97
patagonia,2015-08-30,-4.4,-7.9,29.5,15.0,93
patagonia,2015-08-31,-4.4,-8.4,5.0,16.8,92
patagonia,2015-09-01,-3.9,-5.2,6.1,18.2,99
patagonia,2015-09-02,-3.6,-4.3,21.8,18.1,100
patagonia,2015-09-03,-0.2,-3.5,14.4,16.9,100
patagonia,2015-09-04,1.3,-1.8,8.1,19.2,85
patagonia,2015-09-05,-2.2,-6.2,33.9,18.4,95
patagonia,2015-09-06,-4.4,-7.0,9.7,15.8,94
patagonia,2015-09-07,-5.1,-9.9,23.6,13.3,89
patagonia,2015-09-08,-9.2,-11.5,10.0,16.1,86
patagonia,2015-09-09,-7.2,-9.9,21.7,15.1,90
patagonia,2015-09-10,-5.9,-11.9,10.5,13.6,78
patagonia,2015-09-11,-3.7,-5.6,37.2,12.4,100
patagonia,2015-09-12,-4.1,-6.2,22.5,21.7,96
patagonia,2015-09-13,-4.3,-8.9,34.0,19.2,97
patagonia,2015-09-14,-8.7,-11.1,11.7,11.0,84
patagonia,2015-09-15,-6.8,-11.2,11.0,18.8,92
patagonia,2015-09-16,-6.9,-9.0,14.7,16.2,92
patagonia,2015-09-17,-5.8,-9.4,11.8,14.1,98
patagonia,2015-09-18,-4.1,-5.8,23.1,13.3,100
patagonia,2015-09-19,-5.0,-7.5,1.3,10.8,81
patagonia,2015-09-20,-4.4,-8.8,0.0,5.5,50
patagonia,2015-09-21,0.2,-6.4,0.0,5.8,37
patagonia,2015-09-22,-0.1,-9.9,0.0,5.6,22
patagonia,2015-09-23,-4.2,-6.1,0.0,7.9,71
patagonia,2015-09-24,-2.0,-9.4,0.0,7.7,70
patagonia,2015-09-25,-2.9,-5.7,3.5,9.2,91
patagonia,2015-09-26,-1.2,-7.8,1.7,8.0,97
patagonia,2015-09-27,-0.6,-4.1,1.7,6.9,68
patagonia,2015-09-28,1.0,-6.0,0.0,6.4,25
patagonia,2015-09-29,-1.3,-5.2,3.1,7.4,92
patagonia,2015-09-30,-3.2,-7.8,15.7,11.8,87
patagonia,2015-10-01,-1.4,-7.5,0.1,8.9,26
patagonia,2015-10-02,1.1,-4.1,0.0,8.9,91
patagonia,2015-10-03,2.3,-2.5,0.8,8.8,99
patagonia,2015-10-04,1.9,-1.7,3.6,8.7,90
patagonia,2015-10-05,-2.3,-5.0,1.4,12.8,51
patagonia,2015-10-06,-3.0,-5.6,0.2,5.6,47
patagonia,2015-10-07,-4.9,-7.8,2.0,10.1,92
patagonia,2015-10-08,-3.0,-6.0,9.4,10.7,100
patagonia,2015-10-09,-1.0,-3.5,0.1,6.0,97
patagonia,2015-10-10,2.3,-4.2,0.0,7.1,41
patagonia,2015-10-11,4.2,-2.4,0.0,8.0,62
patagonia,2015-10-12,0.6,-1.4,1.7,8.9,99
patagonia,2015-10-13,-0.5,-4.2,11.6,7.0,99
patagonia,2015-10-14,-3.3,-5.5,1.7,6.3,97
patagonia,2015-10-15,-2.4,-5.4,0.1,5.4,70
patagonia,2015-10-16,-2.4,-6.3,0.6,12.7,82
patagonia,2015-10-17,-1.3,-4.0,7.8,15.5,98
patagonia,2015-10-18,-1.5,-2.9,34.0,16.1,100
patagonia,2015-10-19,-3.0,-5.2,38.4,9.9,100
patagonia,2015-10-20,-3.5,-5.9,4.6,8.9,88
patagonia,2015-10-21,-2.5,-6.7,0.0,6.8,23
patagonia,2015-10-22,-1.3,-7.6,0.0,5.8,51
patagonia,2015-10-23,3.1,-9.1,0.0,10.0,22
patagonia,2015-10-24,5.3,-2.7,0.0,10.2,0
patagonia,2015-10-25,2.6,-3.3,1.3,6.3,71
patagonia,2015-10-26,-1.2,-4.5,5.3,12.1,89
patagonia,2015-10-27,-0.2,-3.8,17.5,11.0,98
patagonia,2015-10-28,-1.1,-6.9,24.2,13.5,89
patagonia,2015-10-29,-4.1,-7.9,5.6,19.5,79
patagonia,2015-10-30,-3.0,-6.2,19.6,17.2,91
patagonia,2015-10-31,-2.5,-4.2,18.7,18.1,99
patagonia,2015-11-01,-1.2,-3.9,9.0,13.7,100
patagonia,2015-11-02,-3.6,-5.4,13.3,18.2,77
patagonia,2015-11-03,-1.4,-5.9,5.8,17.0,85
patagonia,2015-11-04,0.6,-1.2,14.4,10.5,97
patagonia,2015-11-05,1.1,-1.3,5.5,8.9,99
patagonia,2015-11-06,3.6,-1.2,0.0,6.0,83
patagonia,2015-11-07,-0.0,-2.2,1.4,5.4,100
patagonia,2015-11-08,-0.4,-2.9,6.9,9.7,100
patagonia,2015-11-09,-0.3,-3.4,6.3,16.6,90
patagonia,2015-11-10,1.7,-2.3,19.4,17.8,100
patagonia,2015-11-11,0.3,-1.9,23.1,18.4,99
patagonia,2015-11-12,-1.4,-4.9,25.6,15.9,92
patagonia,2015-11-13,-2.8,-5.9,36.9,19.0,95
patagonia,2015-11-14,-3.1,-4.7,58.6,14.9,100
patagonia,2015-11-15,-4.5,-6.7,7.2,13.2,66
patagonia,2015-11-16,-0.5,-6.1,6.5,12.3,86
patagonia,2015-11-17,-4.5,-7.4,12.0,16.7,86
patagonia,2015-11-18,-5.0,-7.7,7.4,9.7,78
patagonia,2015-11-19,-1.7,-6.9,7.1,10.3,100
patagonia,2015-11-20,-3.5,-6.1,7.3,10.0,86
patagonia,2015-11-21,-0.6,-5.5,0.0,13.5,79
patagonia,2015-11-22,-1.0,-5.8,0.5,11.7,84
patagonia,2015-11-23,0.5,-3.9,0.0,14.6,90
patagonia,2015-11-24,-1.9,-3.4,24.8,14.6,100
patagonia,2015-11-25,-0.3,-4.1,5.5,10.8,89
patagonia,2015-11-26,-0.6,-2.2,1.9,6.8,98
patagonia,2015-11-27,-0.1,-2.6,3.2,9.7,93
patagonia,2015-11-28,1.3,-2.2,2.1,12.3,96
patagonia,2015-11-29,2.0,-0.1,27.4,12.7,100
patagonia,2015-11-30,-0.5,-3.7,26.7,15.1,87
patagonia,2015-12-01,6.6,-4.3,0.0,7.7,32
patagonia,2015-12-02,3.9,0.5,1.3,12.1,93
patagonia,2015-12-03,0.6,-2.6,12.3,9.0,95
patagonia,2015-12-04,1.7,-3.8,0.0,7.6,59
patagonia,2015-12-05,7.0,-4.5,0.0,9.4,90
patagonia,2015-12-06,2.5,-2.2,17.6,17.9,96
patagonia,2015-12-07,-0.6,-3.2,16.5,14.0,96
patagonia,2015-12-08,-2.0,-4.5,32.4,16.3,100
patagonia,2015-12-09,-2.2,-4.7,27.2,15.2,92
patagonia,2015-12-10,-3.5,-5.1,24.6,14.0,99
patagonia,2015-12-11,-4.7,-6.9,20.9,15.2,95
patagonia,2015-12-12,-4.7,-7.6,14.0,12.6,94
patagonia,2015-12-13,-3.8,-7.9,6.2,12.6,78
patagonia,2015-12-14,-2.1,-5.9,6.0,13.5,83
patagonia,2015-12-15,-0.4,-2.8,15.4,10.2,98
patagonia,2015-12-16,2.9,-2.4,1.6,7.2,77
patagonia,2015-12-17,1.9,-3.5,0.1,7.6,90
patagonia,2015-12-18,1.6,-2.1,15.8,14.7,99
patagonia,2015-12-19,1.7,-1.5,28.3,11.8,93
patagonia,2015-12-20,0.9,-2.6,4.6,12.0,76
patagonia,2015-12-21,-0.1,-3.6,6.6,14.9,77
patagonia,2015-12-22,-3.0,-4.4,14.7,12.7,91
patagonia,2015-12-23,-2.3,-4.8,15.8,16.9,96
patagonia,2015-12-24,-3.1,-5.3,33.7,17.7,94
patagonia,2015-12-25,-2.9,-5.0,29.7,10.7,100
patagonia,2015-12-26,0.9,-3.2,4.3,10.0,83
patagonia,2015-12-27,4.6,-3.4,0.0,9.6,68
patagonia,2015-12-28,4.0,-0.0,16.6,9.1,90
patagonia,2015-12-29,1.9,-0.9,3.8,10.7,99
patagonia,2015-12-30,1.7,-0.8,3.0,9.0,97
patagonia,2015-12-31,4.7,-0.6,0.0,9.6,83
patagonia,2016-01-01,6.2,-4.7,1.3,11.6,90
patagonia,2016-01-02,1.3,-3.6,22.2,22.2,90
patagonia,2016-01-03,1.3,-4.0,1.8,13.1,92
patagonia,2016-01-04,1.8,-1.1,7.3,14.7,98
patagonia,2016-01-05,1.8,-1.2,11.5,15.6,98
patagonia,2016-01-06,2.0,-3.1,0.2,9.5,84
patagonia,2016-01-07,2.6,-2.2,5.2,12.3,90
patagonia,2016-01-08,5.9,-2.0,0.0,6.6,51
patagonia,2016-01-09,2.4,0.4,4.2,12.7,71
patagonia,2016-01-10,3.0,-0.9,0.5,11.4,93
patagonia,2016-01-11,1.1,-4.0,21.5,15.9,96
patagonia,2016-01-12,-1.0,-5.4,4.3,16.2,82
patagonia,2016-01-13,2.4,-3.0,15.6,11.2,100
patagonia,2016-01-14,6.9,1.3,8.0,7.7,80
patagonia,2016-01-15,9.1,-1.0,1.7,6.9,75
patagonia,2016-01-16,4.7,2.9,12.1,6.9,100
patagonia,2016-01-17,3.9,0.8,0.4,10.7,77
patagonia,2016-01-18,4.3,-0.6,0.4,9.2,83
patagonia,2016-01-19,6.0,0.3,0.0,8.7,77
patagonia,2016-01-20,8.9,-0.3,0.0,13.7,61
patagonia,2016-01-21,6.1,1.4,2.3,12.8,85
patagonia,2016-01-22,6.8,0.6,6.1,9.7,84
patagonia,2016-01-23,3.0,-1.4,31.2,18.6,91
patagonia,2016-01-24,-1.5,-3.8,28.2,19.6,96
patagonia,2016-01-25,-0.1,-3.9,14.7,15.8,96
patagonia,2016-01-26,5.8,-1.8,0.6,9.2,98
patagonia,2016-01-27,4.7,1.9,3.8,11.6,99
patagonia,2016-01-28,4.1,1.1,1.9,13.9,98
patagonia,2016-01-29,2.0,-1.3,10.2,12.5,69
patagonia,2016-01-30,4.9,-0.2,0.0,14.3,53
patagonia,2016-01-31,10.9,2.6,0.0,10.1,55
patagonia,2016-02-01,10.8,4.8,0.0,10.7,95
patagonia,2016-02-02,10.6,4.2,8.3,8.9,78
patagonia,2016-02-03,3.8,0.1,18.6,9.4,99
patagonia,2016-02-04,5.3,-1.7,0.2,7.6,41
patagonia,2016-02-05,8.9,-1.4,0.0,7.4,40
patagonia,2016-02-06,11.6,0.9,0.0,9.3,59
patagonia,2016-02-07,4.0,0.5,14.8,16.0,93
patagonia,2016-02-08,1.9,-0.5,17.8,17.9,98
patagonia,2016-02-09,1.2,-1.7,17.3,18.6,80
patagonia,2016-02-10,3.1,-2.6,1.2,14.0,89
patagonia,2016-02-11,2.0,-2.3,31.5,11.0,97
patagonia,2016-02-12,0.9,-3.1,8.2,13.1,76
patagonia,2016-02-13,-0.4,-3.6,41.7,14.2,97
patagonia,2016-02-14,1.1,-0.7,33.8,17.4,100
patagonia,2016-02-15,4.9,-2.4,42.9,21.1,100
patagonia,2016-02-16,-2.6,-5.3,21.3,17.1,88
patagonia,2016-02-17,-1.4,-4.4,15.4,12.9,99
patagonia,2016-02-18,1.0,-2.3,4.8,13.0,93
patagonia,2016-02-19,2.0,-0.9,18.4,15.2,99
patagonia,2016-02-20,1.6,-2.3,45.1,20.8,95
patagonia,2016-02-21,1.3,-2.8,46.4,17.8,97
patagonia,2016-02-22,-1.6,-3.5,20.8,18.4,92
patagonia,2016-02-23,-0.1,-3.3,14.6,16.5,94
patagonia,2016-02-24,-0.0,-2.3,15.1,15.3,96
patagonia,2016-02-25,0.5,-1.5,18.1,13.2,93
patagonia,2016-02-26,1.5,-1.9,2.7,10.2,83
patagonia,2016-02-27,0.6,-2.6,12.1,11.9,83
patagonia,2016-02-28,0.4,-3.0,5.4,13.0,96
patagonia,2016-02-29,7.5,-1.4,2.5,12.0,69
patagonia,2016-03-01,6.7,3.7,3.7,9.7,89
patagonia,2016-03-02,9.3,0.5,4.0,12.7,70
patagonia,2016-03-03,2.2,-1.6,4.0,11.6,92
patagonia,2016-03-04,1.7,-1.5,4.6,12.4,100
patagonia,2016-03-05,2.0,0.6,6.1,16.8,99
patagonia,2016-03-06,5.0,-1.3,0.0,10.6,76
patagonia,2016-03-07,2.0,0.2,32.3,11.2,100
patagonia,2016-03-08,0.4,-3.5,8.1,10.5,78
patagonia,2016-03-09,6.8,-1.1,1.3,10.8,74
patagonia,2016-03-10,2.5,-3.3,25.7,14.0,98
patagonia,2016-03-11,0.5,-3.6,10.2,17.2,93
patagonia,2016-03-12,2.4,0.3,3.5,12.8,91
patagonia,2016-03-13,0.1,-1.9,13.1,18.2,90
patagonia,2016-03-14,1.0,-1.8,11.5,14.8,96
patagonia,2016-03-15,1.7,-0.2,7.5,13.8,93
patagonia,2016-03-16,3.9,1.5,13.7,13.9,99
patagonia,2016-03-17,0.1,-5.0,20.3,11.5,94
patagonia,2016-03-18,-1.3,-4.7,23.5,13.5,100
patagonia,2016-03-19,1.6,-1.1,24.7,13.2,100
patagonia,2016-03-20,2.3,1.5,40.6,15.3,100
patagonia,2016-03-21,1.4,-3.3,31.2,17.3,87
patagonia,2016-03-22,2.7,0.3,6.7,14.3,88
patagonia,2016-03-23,0.8,-4.6,27.7,15.5,92
patagonia,2016-03-24,1.1,-1.1,10.5,16.3,94
patagonia,2016-03-25,7.5,-0.6,0.0,13.5,91
patagonia,2016-03-26,6.0,3.6,5.5,12.4,99
patagonia,2016-03-27,3.6,1.8,6.3,13.3,97
patagonia,2016-03-28,3.8,1.5,15.7,11.1,94
patagonia,2016-03-29,5.2,2.1,14.3,12.1,95
patagonia,2016-03-30,2.8,-3.8,21.5,14.4,85
patagonia,2016-03-31,-3.3,-5.6,14.4,13.2,77
patagonia,2016-04-01,-2.4,-5.7,3.5,18.5,89
patagonia,2016-04-02,-1.4,-3.4,19.3,17.4,90
patagonia,2016-04-03,-0.8,-4.5,1.6,10.0,79
patagonia,2016-04-04,1.1,-3.1,0.5,12.3,90
patagonia,2016-04-05,2.3,-0.9,5.3,15.6,97
patagonia,2016-04-06,0.3,-4.9,22.6,15.3,84
patagonia,2016-04-07,-4.4,-6.8,16.8,14.5,87
patagonia,2016-04-08,-2.9,-6.7,13.9,13.6,92
patagonia,2016-04-09,-0.8,-3.0,0.9,7.9,95
patagonia,2016-04-10,-0.1,-2.5,0.1,6.9,95
patagonia,2016-04-11,0.6,-2.5,0.0,9.6,93
patagonia,2016-04-12,5.3,0.4,0.0,10.5,73
patagonia,2016-04-13,2.3,0.2,0.9,10.4,86
patagonia,2016-04-14,2.0,-0.9,18.4,8.3,98
patagonia,2016-04-15,-1.5,-8.6,13.1,11.5,89
patagonia,2016-04-16,-5.2,-8.9,28.2,15.2,94
patagonia,2016-04-17,-3.5,-6.8,14.6,13.9,98
patagonia,2016-04-18,-0.5,-3.5,14.6,10.5,93
patagonia,2016-04-19,-1.2,-2.7,3.1,9.0,81
patagonia,2016-04-20,-1.7,-5.9,3.4,7.9,93
patagonia,2016-04-21,-2.4,-6.3,5.3,12.3,91
patagonia,2016-04-22,-2.0,-3.4,2.7,6.3,48
patagonia,2016-04-23,-2.7,-4.7,0.1,7.2,69
patagonia,2016-04-24,-0.8,-4.6,0.0,6.0,97
patagonia,2016-04-25,2.0,-2.9,0.0,5.0,62
patagonia,2016-04-26,1.7,-7.2,0.0,5.2,59
patagonia,2016-04-27,0.8,-7.4,0.0,8.6,78
patagonia,2016-04-28,0.3,-5.2,0.0,10.1,34
patagonia,2016-04-29,2.4,-7.2,0.0,8.9,59
patagonia,2016-04-30,1.3,-2.0,0.0,7.9,47
patagonia,2016-05-01,-1.1,-4.8,0.0,5.4,40
patagonia,2016-05-02,0.8,-7.8,0.0,7.9,66
patagonia,2016-05-03,-2.2,-5.0,0.0,5.7,68
patagonia,2016-05-04,1.7,-5.9,0.0,9.3,55
patagonia,2016-05-05,1.7,-7.9,0.0,9.0,55
patagonia,2016-05-06,1.2,-4.7,0.0,8.5,63
patagonia,2016-05-07,1.1,-7.4,0.8,3.6,98
patagonia,2016-05-08,0.2,-1.7,0.0,4.9,83
patagonia,2016-05-09,0.2,-4.5,0.0,8.3,66
patagonia,2016-05-10,0.4,-5.1,0.0,9.8,46
patagonia,2016-05-11,-0.8,-5.5,0.0,9.7,50
patagonia,2016-05-12,-1.5,-5.1,0.6,4.6,75
patagonia,2016-05-13,-1.7,-4.8,0.0,9.9,90
patagonia,2016-05-14,-1.4,-4.3,1.1,9.3,86
patagonia,2016-05-15,0.3,-4.1,0.0,9.1,60
patagonia,2016-05-16,1.3,-3.1,0.2,5.4,89
patagonia,2016-05-17,-0.2,-5.6,0.0,7.6,53
patagonia,2016-05-18,-0.8,-4.6,1.3,7.2,47
patagonia,2016-05-19,-0.9,-2.5,0.6,8.5,99
patagonia,2016-05-20,-0.3,-3.6,0.0,11.7,85
patagonia,2016-05-21,-1.1,-4.1,18.9,14.8,88
patagonia,2016-05-22,-2.5,-7.9,0.0,6.1,58
patagonia,2016-05-23,-0.7,-9.1,0.0,6.1,48
patagonia,2016-05-24,-2.1,-9.6,0.0,11.0,72
patagonia,2016-05-25,-2.8,-6.1,0.0,11.8,48
patagonia,2016-05-26,-1.0,-4.6,0.0,12.7,1
patagonia,2016-05-27,-2.3,-7.9,0.0,8.7,49
patagonia,2016-05-28,-0.4,-6.7,1.3,9.2,95
patagonia,2016-05-29,0.4,-1.7,5.6,4.1,94
patagonia,2016-05-30,-0.7,-4.1,0.0,6.2,66
patagonia,2016-05-31,-0.8,-6.8,0.0,5.4,49
patagonia,2016-06-01,-2.3,-6.3,0.0,6.3,36
patagonia,2016-06-02,-2.4,-5.1,0.0,5.9,63
patagonia,2016-06-03,-3.5,-4.9,0.0,5.6,94
patagonia,2016-06-04,-4.1,-6.5,5.0,9.7,71
patagonia,2016-06-05,-2.5,-4.3,32.4,13.7,100
patagonia,2016-06-06,-3.8,-5.3,17.3,11.6,98
patagonia,2016-06-07,-3.6,-4.6,4.0,8.9,99
patagonia,2016-06-08,-3.7,-4.8,4.1,8.5,65
patagonia,2016-06-09,-2.4,-8.5,0.0,9.2,85
patagonia,2016-06-10,-2.4,-5.7,4.7,11.5,100
patagonia,2016-06-11,-2.2,-3.1,1.3,12.2,97
patagonia,2016-06-12,-2.0,-3.7,5.9,15.9,97
patagonia,2016-06-13,-3.3,-5.3,9.0,14.2,93
patagonia,2016-06-14,-2.2,-3.6,1.6,11.0,98
patagonia,2016-06-15,-0.9,-2.3,18.5,13.5,90
patagonia,2016-06-16,0.3,-2.3,6.9,12.4,98
patagonia,2016-06-17,0.3,-3.3,23.0,17.9,92
patagonia,2016-06-18,-0.9,-4.5,0.3,8.8,45
patagonia,2016-06-19,0.1,-7.1,0.0,11.0,51
patagonia,2016-06-20,-0.1,-1.7,3.2,8.9,100
patagonia,2016-06-21,-0.1,-2.2,5.2,10.7,100
patagonia,2016-06-22,-1.2,-2.3,1.8,6.1,100
patagonia,2016-06-23,-2.1,-4.4,16.3,9.5,93
patagonia,2016-06-24,0.6,-4.4,9.5,14.1,99
patagonia,2016-06-25,1.9,0.8,39.4,13.2,100
patagonia,2016-06-26,2.3,1.7,29.7,14.8,100
patagonia,2016-06-27,1.8,-0.2,44.2,12.8,100
patagonia,2016-06-28,0.3,-4.0,30.2,10.3,97
patagonia,2016-06-29,-4.6,-7.6,31.7,16.8,92
patagonia,2016-06-30,-5.0,-7.1,16.3,15.3,95
patagonia,2016-07-01,-4.3,-5.5,5.8,10.0,83
patagonia,2016-07-02,-4.6,-7.1,1.8,12.6,81
patagonia,2016-07-03,-3.1,-4.6,69.1,14.8,100
patagonia,2016-07-04,-2.1,-3.7,46.8,13.0,100
patagonia,2016-07-05,-0.0,-2.1,67.4,12.5,100
patagonia,2016-07-06,-0.2,-3.7,22.4,10.4,100
patagonia,2016-07-07,-0.9,-3.1,15.3,8.1,100
patagonia,2016-07-08,0.6,-1.8,13.6,11.1,78
patagonia,2016-07-09,-0.8,-2.8,5.8,7.6,93
patagonia,2016-07-10,-1.8,-4.4,1.7,6.3,72
patagonia,2016-07-11,-2.7,-5.8,0.1,6.6,95
patagonia,2016-07-12,-3.4,-5.9,2.5,3.9,98
patagonia,2016-07-13,-4.6,-7.0,0.0,8.9,50
patagonia,2016-07-14,-3.9,-6.7,0.0,8.6,52
patagonia,2016-07-15,-4.7,-6.4,0.0,8.9,44
patagonia,2016-07-16,-4.7,-5.9,0.0,10.8,100
patagonia,2016-07-17,-4.4,-5.9,1.3,9.4,62
patagonia,2016-07-18,-4.2,-5.6,6.0,11.4,62
patagonia,2016-07-19,-0.8,-5.0,9.9,9.8,100
patagonia,2016-07-20,-2.3,-6.4,13.2,18.8,82
patagonia,2016-07-21,-5.5,-8.0,19.0,14.8,90
patagonia,2016-07-22,-4.9,-7.2,17.5,13.3,83
patagonia,2016-07-23,-6.0,-7.8,5.7,8.2,67
patagonia,2016-07-24,-5.4,-7.1,0.0,5.5,70
patagonia,2016-07-25,-5.1,-9.0,0.0,5.9,43
patagonia,2016-07-26,-4.7,-12.1,0.0,10.9,67
patagonia,2016-07-27,-5.3,-9.8,0.0,10.8,97
patagonia,2016-07-28,-3.5,-7.6,2.3,10.5,96
patagonia,2016-07-29,-3.9,-7.2,1.2,7.0,98
patagonia,2016-07-30,-3.4,-7.3,0.0,7.9,83
patagonia,2016-07-31,-3.7,-10.9,0.0,6.1,58
patagonia,2016-08-01,-2.0,-10.9,0.0,6.1,47
patagonia,2016-08-02,-3.1,-8.8,0.0,7.4,59
patagonia,2016-08-03,-3.0,-8.7,1.8,7.9,98
patagonia,2016-08-04,-3.6,-7.6,0.5,5.4,97
patagonia,2016-08-05,-3.7,-6.2,0.0,9.7,66
patagonia,2016-08-06,-2.7,-5.3,13.1,12.4,95
patagonia,2016-08-07,-1.6,-2.6,21.3,11.4,98
patagonia,2016-08-08,1.1,-4.0,31.5,19.4,98
patagonia,2016-08-09,-3.8,-5.5,21.1,14.3,99
patagonia,2016-08-10,-2.4,-4.3,25.0,10.0,100
patagonia,2016-08-11,-3.0,-6.3,16.3,10.7,96
patagonia,2016-08-12,-5.0,-7.3,6.8,10.1,74
patagonia,2016-08-13,-5.9,-7.7,0.9,6.0,74
patagonia,2016-08-14,-6.5,-9.1,0.0,8.6,38
patagonia,2016-08-15,-4.3,-10.5,0.0,8.0,45
patagonia,2016-08-16,-7.1,-11.2,0.0,9.7,68
patagonia,2016-08-17,-6.7,-9.1,0.0,9.2,63
patagonia,2016-08-18,-7.1,-10.0,0.0,7.0,45
patagonia,2016-08-19,-7.5,-9.6,1.7,8.2,78
patagonia,2016-08-20,-6.4,-8.8,5.6,12.4,97
patagonia,2016-08-21,-3.6,-6.5,23.7,17.6,94
patagonia,2016-08-22,-4.3,-6.1,8.2,16.9,81
patagonia,2016-08-23,-3.4,-5.1,3.5,8.0,96
patagonia,2016-08-24,-2.4,-4.0,16.1,9.9,95
patagonia,2016-08-25,-2.2,-5.5,0.1,6.5,80
patagonia,2016-08-26,-2.5,-4.7,0.0,7.2,83
patagonia,2016-08-27,-1.0,-5.1,0.0,8.2,93
patagonia,2016-08-28,-1.3,-3.4,9.0,10.8,98
patagonia,2016-08-29,-1.5,-6.6,33.9,14.7,99
patagonia,2016-08-30,-7.0,-9.1,22.8,14.7,89
patagonia,2016-08-31,-5.7,-8.6,18.4,13.8,90
patagonia,2016-09-01,-3.6,-6.4,20.4,11.2,100
patagonia,2016-09-02,-1.4,-3.7,0.3,4.9,82
patagonia,2016-09-03,1.3,-7.6,0.0,9.2,64
patagonia,2016-09-04,1.2,-0.9,0.0,11.5,98
patagonia,2016-09-05,0.4,-2.4,0.0,12.3,88
patagonia,2016-09-06,0.4,-1.3,1.0,11.2,97
patagonia,2016-09-07,-0.5,-4.7,16.7,13.7,96
patagonia,2016-09-08,-4.5,-7.2,15.0,12.2,76
patagonia,2016-09-09,-5.1,-8.1,0.0,9.7,18
patagonia,2016-09-10,-3.5,-8.0,0.3,8.2,74
patagonia,2016-09-11,-0.6,-9.3,0.0,7.4,82
patagonia,2016-09-12,-2.8,-4.2,0.3,7.3,93
patagonia,2016-09-13,-1.4,-6.3,1.2,13.7,100
patagonia,2016-09-14,-0.3,-5.4,27.1,13.6,100
patagonia,2016-09-15,-5.4,-7.2,8.9,15.3,64
patagonia,2016-09-16,-3.1,-7.6,0.0,8.4,77
patagonia,2016-09-17,-1.6,-5.1,0.7,9.7,67
patagonia,2016-09-18,-1.3,-3.7,3.0,10.2,98
patagonia,2016-09-19,0.2,-3.7,2.2,10.4,98
patagonia,2016-09-20,-1.4,-2.8,13.0,10.7,95
patagonia,2016-09-21,-1.1,-5.2,13.2,11.4,94
patagonia,2016-09-22,-2.8,-6.7,3.3,12.1,76
patagonia,2016-09-23,-0.6,-4.5,6.4,12.9,93
patagonia,2016-09-24,1.1,-6.5,0.0,7.5,55
patagonia,2016-09-25,2.3,-4.4,1.0,8.2,96
patagonia,2016-09-26,-1.1,-6.0,12.9,9.0,84
patagonia,2016-09-27,-3.3,-6.9,0.0,10.2,63
patagonia,2016-09-28,3.1,-3.9,0.0,7.9,21
patagonia,2016-09-29,4.2,-4.3,0.0,5.9,36
patagonia,2016-09-30,1.4,-2.0,0.1,8.2,98
patagonia,2016-10-01,0.6,-3.2,4.7,7.8,79
patagonia,2016-10-02,-0.7,-4.2,3.7,8.0,89
patagonia,2016-10-03,0.7,-2.9,5.9,8.2,97
patagonia,2016-10-04,-2.1,-4.3,2.8,10.5,66
patagonia,2016-10-05,-0.9,-6.7,1.6,8.1,93
patagonia,2016-10-06,-2.2,-4.2,6.2,8.9,74
patagonia,2016-10-07,0.2,-6.1,0.0,7.6,86
patagonia,2016-10-08,-2.7,-6.1,9.4,9.2,86
patagonia,2016-10-09,-2.1,-7.0,6.4,11.7,82
patagonia,2016-10-10,-2.9,-5.0,30.2,15.8,90
patagonia,2016-10-11,-4.4,-6.3,24.0,12.8,98
patagonia,2016-10-12,-4.4,-6.9,23.7,15.0,95
patagonia,2016-10-13,-6.2,-8.8,30.1,19.2,96
patagonia,2016-10-14,-4.7,-9.2,10.3,12.5,89
patagonia,2016-10-15,-4.2,-7.7,5.1,14.5,98
patagonia,2016-10-16,-1.2,-4.7,0.5,5.9,54
patagonia,2016-10-17,3.3,-8.5,0.0,4.7,29
patagonia,2016-10-18,4.4,-3.2,0.0,6.5,16
patagonia,2016-10-19,1.5,-1.6,0.0,9.2,91
patagonia,2016-10-20,0.4,-2.8,1.0,9.8,94
patagonia,2016-10-21,-0.9,-2.5,14.4,13.6,99
patagonia,2016-10-22,1.2,-1.7,9.7,7.8,98
patagonia,2016-10-23,7.5,-6.5,0.0,7.4,59
patagonia,2016-10-24,2.6,-0.1,0.0,10.5,74
patagonia,2016-10-25,0.3,-3.2,21.7,12.0,96
patagonia,2016-10-26,0.9,-3.1,7.1,9.4,99
patagonia,2016-10-27,1.5,-0.8,5.4,13.2,99
patagonia,2016-10-28,0.6,-2.5,9.8,9.2,86
patagonia,2016-10-29,-1.0,-3.9,11.1,12.5,89
patagonia,2016-10-30,-0.7,-3.4,19.5,15.0,90
patagonia,2016-10-31,-3.6,-5.5,16.6,12.2,90
patagonia,2016-11-01,-1.7,-4.8,15.9,16.8,100
patagonia,2016-11-02,-0.1,-3.0,37.0,18.2,98
patagonia,2016-11-03,-3.1,-4.9,49.8,14.7,96
patagonia,2016-11-04,-0.8,-5.4,43.8,16.4,100
patagonia,2016-11-05,-4.2,-7.5,28.0,15.7,90
patagonia,2016-11-06,-3.9,-7.5,21.7,18.1,95
patagonia,2016-11-07,-2.7,-5.9,15.8,18.8,95
patagonia,2016-11-08,-1.0,-3.0,21.5,16.3,100
patagonia,2016-11-09,-2.4,-7.0,38.5,16.1,93
patagonia,2016-11-10,-3.7,-7.2,15.0,12.1,96
patagonia,2016-11-11,-0.6,-3.7,17.7,15.3,100
patagonia,2016-11-12,-2.0,-2.9,46.1,15.8,100
patagonia,2016-11-13,-2.4,-4.8,43.7,16.0,93
patagonia,2016-11-14,-4.1,-6.2,16.7,14.0,87
patagonia,2016-11-15,-4.5,-7.0,25.4,13.3,90
patagonia,2016-11-16,-3.1,-7.3,6.7,15.5,86
patagonia,2016-11-17,0.5,-3.8,7.3,13.0,99
patagonia,2016-11-18,-0.6,-3.0,19.9,16.6,96
patagonia,2016-11-19,-0.3,-3.7,3.3,10.5,91
patagonia,2016-11-20,6.8,-4.7,0.0,8.9,72
patagonia,2016-11-21,3.8,2.3,15.0,10.7,100
patagonia,2016-11-22,11.0,-1.1,0.0,10.9,90
patagonia,2016-11-23,4.0,0.9,0.0,14.1,73
patagonia,2016-11-24,1.8,-0.2,17.1,10.8,100
patagonia,2016-11-25,4.3,-0.7,1.4,5.6,73
patagonia,2016-11-26,3.8,-0.4,0.7,10.2,63
patagonia,2016-11-27,1.4,-1.8,11.8,15.3,99
patagonia,2016-11-28,1.9,-2.0,4.9,16.4,96
patagonia,2016-11-29,2.7,0.4,29.0,11.7,100
patagonia,2016-11-30,3.6,-1.8,9.1,11.0,77
patagonia,2016-12-01,0.5,-2.9,52.0,19.2,94
patagonia,2016-12-02,0.8,-3.4,5.6,12.6,94
patagonia,2016-12-03,1.0,-0.1,31.5,10.6,100
patagonia,2016-12-04,5.1,-1.7,0.0,6.2,87
patagonia,2016-12-05,1.8,-0.7,1.9,9.2,96
patagonia,2016-12-06,1.0,-2.7,9.5,9.7,89
patagonia,2016-12-07,1.9,-4.0,0.0,9.8,89
patagonia,2016-12-08,1.8,-2.2,3.6,13.5,96
patagonia,2016-12-09,-0.5,-3.2,9.9,18.2,87
patagonia,2016-12-10,-0.9,-3.7,19.5,15.3,96
patagonia,2016-12-11,-1.7,-2.7,28.1,12.9,99
patagonia,2016-12-12,-1.6,-4.6,10.9,10.8,84
patagonia,2016-12-13,0.8,-5.2,0.3,9.4,88
patagonia,2016-12-14,2.0,-2.2,16.7,16.9,94
patagonia,2016-12-15,0.3,-3.2,19.2,12.5,95
patagonia,2016-12-16,-0.2,-3.3,45.4,15.2,97
patagonia,2016-12-17,0.7,-3.5,15.0,15.5,91
patagonia,2016-12-18,0.6,-1.3,58.3,12.8,100
patagonia,2016-12-19,0.8,-2.1,30.8,11.3,95
patagonia,2016-12-20,0.3,-4.4,11.5,14.2,75
patagonia,2016-12-21,-3.2,-5.3,22.5,13.5,93
patagonia,2016-12-22,-0.3,-3.5,41.9,13.4,92
patagonia,2016-12-23,1.6,-2.9,10.1,9.9,100
patagonia,2016-12-24,1.7,-1.3,13.7,8.2,97
patagonia,2016-12-25,0.4,-4.3,2.8,10.6,95
patagonia,2016-12-26,2.5,-2.4,11.5,17.6,99
patagonia,2016-12-27,1.4,-1.3,17.8,17.5,97
patagonia,2016-12-28,1.1,-1.8,24.7,14.5,91
patagonia,2016-12-29,1.9,-2.1,13.2,11.8,91
patagonia,2016-12-30,4.0,-0.0,18.5,10.6,100
patagonia,2016-12-31,2.0,-0.9,3.6,15.6,98
patagonia,2017-01-01,0.7,-0.9,25.8,15.9,98
patagonia,2017-01-02,-0.4,-2.6,20.4,14.2,97
patagonia,2017-01-03,-2.4,-5.4,49.6,15.0,95
patagonia,2017-01-04,-4.2,-7.9,16.3,13.7,87
patagonia,2017-01-05,1.4,-5.1,27.0,23.7,97
patagonia,2017-01-06,1.3,-2.1,30.3,22.6,100
patagonia,2017-01-07,-1.6,-3.3,10.0,17.9,96
patagonia,2017-01-08,-1.6,-5.2,36.8,13.2,97
patagonia,2017-01-09,-2.4,-5.4,37.6,15.5,98
patagonia,2017-01-10,-1.4,-2.4,82.3,24.4,100
patagonia,2017-01-11,-0.2,-2.0,54.4,21.2,100
patagonia,2017-01-12,-0.6,-3.5,34.3,19.8,100
patagonia,2017-01-13,0.3,-3.6,62.2,22.0,100
patagonia,2017-01-14,1.2,-0.3,39.1,23.8,100
patagonia,2017-01-15,1.1,-1.4,63.8,23.3,100
patagonia,2017-01-16,-2.1,-5.8,42.2,16.9,100
patagonia,2017-01-17,-1.8,-4.0,51.2,19.1,99
patagonia,2017-01-18,1.5,-2.5,33.1,21.6,100
patagonia,2017-01-19,3.7,1.0,20.1,15.5,100
patagonia,2017-01-20,2.0,-1.8,74.2,14.3,100
patagonia,2017-01-21,0.0,-2.4,47.6,19.5,99
patagonia,2017-01-22,2.1,-0.1,59.7,19.0,100
patagonia,2017-01-23,2.0,-3.9,52.2,19.4,100
patagonia,2017-01-24,0.1,-4.7,0.5,18.1,77
patagonia,2017-01-25,6.9,-1.5,3.4,22.3,82
patagonia,2017-01-26,4.2,-0.8,35.8,23.9,97
patagonia,2017-01-27,0.1,-1.4,29.5,22.1,92
patagonia,2017-01-28,1.1,-0.9,21.5,21.7,97
patagonia,2017-01-29,1.2,-3.6,81.0,20.1,100
patagonia,2017-01-30,-2.9,-4.8,41.8,17.6,97
patagonia,2017-01-31,0.3,-3.5,19.0,21.3,99
patagonia,2017-02-01,2.8,-0.1,8.1,20.9,99
patagonia,2017-02-02,3.1,-1.0,15.5,20.4,100
patagonia,2017-02-03,-0.9,-5.5,3.1,5.2,58
patagonia,2017-02-04,1.3,-5.1,0.0,5.7,34
patagonia,2017-02-05,3.9,0.2,5.0,8.2,99
patagonia,2017-02-06,1.5,-1.6,7.9,11.8,96
patagonia,2017-02-07,1.4,0.3,18.7,8.2,98
patagonia,2017-02-08,0.5,-1.7,24.7,10.4,98
patagonia,2017-02-09,2.0,-0.6,23.6,20.6,99
patagonia,2017-02-10,4.4,2.5,23.6,30.3,100
patagonia,2017-02-11,2.1,-2.2,56.3,20.4,98
patagonia,2017-02-12,1.4,-2.1,24.0,23.7,99
patagonia,2017-02-13,0.7,-1.6,33.9,21.9,86
patagonia,2017-02-14,2.8,-3.4,5.2,11.8,97
patagonia,2017-02-15,1.1,-0.6,10.6,13.4,99
patagonia,2017-02-16,0.6,-1.6,10.1,8.8,100
patagonia,2017-02-17,-0.1,-2.3,8.1,14.0,95
patagonia,2017-02-18,0.1,-2.2,28.2,18.3,98
patagonia,2017-02-19,-0.7,-2.1,28.0,21.1,100
patagonia,2017-02-20,0.5,-2.4,40.1,19.3,98
patagonia,2017-02-21,1.0,-0.5,44.2,16.9,100
patagonia,2017-02-22,2.0,-1.6,1.9,20.0,66
patagonia,2017-02-23,6.2,1.3,18.2,20.3,100
patagonia,2017-02-24,5.2,-1.3,4.5,15.5,88
patagonia,2017-02-25,5.7,-0.9,28.9,22.4,94
patagonia,2017-02-26,0.9,-1.8,2.4,21.1,87
patagonia,2017-02-27,6.2,-0.9,8.8,14.4,98
patagonia,2017-02-28,6.9,-3.0,30.2,28.0,98
patagonia,2017-03-01,-0.9,-3.9,47.4,19.1,100
patagonia,2017-03-02,-1.3,-3.0,49.1,11.1,100
patagonia,2017-03-03,-0.7,-3.2,53.3,13.0,100
patagonia,2017-03-04,0.1,-3.3,10.3,10.0,92
patagonia,2017-03-05,-0.1,-1.8,0.4,5.1,94
patagonia,2017-03-06,-0.3,-2.5,4.3,7.0,93
patagonia,2017-03-07,2.3,-1.0,9.1,5.4,100
patagonia,2017-03-08,1.6,-1.6,22.5,14.9,100
patagonia,2017-03-09,-0.1,-2.7,6.6,10.5,99
patagonia,2017-03-10,0.4,-1.5,3.1,4.9,95
patagonia,2017-03-11,0.7,-2.4,7.5,17.1,98
patagonia,2017-03-12,1.9,-3.4,46.3,25.7,100
patagonia,2017-03-13,-2.1,-4.7,22.4,19.8,98
patagonia,2017-03-14,-0.2,-2.8,20.5,9.0,98
patagonia,2017-03-15,0.5,-4.2,0.5,11.2,57
patagonia,2017-03-16,4.9,0.6,8.4,12.8,93
patagonia,2017-03-17,3.0,-1.6,11.5,16.9,72
patagonia,2017-03-18,4.8,-0.8,0.3,17.6,70
patagonia,2017-03-19,10.0,1.6,4.1,15.8,81
patagonia,2017-03-20,2.0,-0.1,11.3,17.9,94
patagonia,2017-03-21,2.3,0.6,26.8,22.0,100
patagonia,2017-03-22,2.4,1.6,22.7,17.7,100
patagonia,2017-03-23,1.4,0.0,23.6,25.5,100
patagonia,2017-03-24,2.7,-0.9,1.3,14.8,99
patagonia,2017-03-25,1.3,0.4,1.6,7.6,100
patagonia,2017-03-26,6.7,-0.6,0.9,7.1,94
patagonia,2017-03-27,3.5,-0.8,0.4,5.4,69
patagonia,2017-03-28,5.6,0.4,0.1,7.4,31
patagonia,2017-03-29,3.5,1.2,0.1,7.9,34
patagonia,2017-03-30,2.7,0.9,0.3,6.1,85
patagonia,2017-03-31,8.9,3.1,0.0,5.4,0
patagonia,2017-04-01,10.2,3.2,0.0,8.5,1
patagonia,2017-04-02,6.0,0.4,0.2,7.9,65
patagonia,2017-04-03,-0.4,-4.2,15.5,10.9,93
patagonia,2017-04-04,-1.8,-4.9,21.8,13.4,99
patagonia,2017-04-05,-5.3,-6.9,8.3,13.6,90
patagonia,2017-04-06,-3.7,-6.9,0.0,10.6,57
patagonia,2017-04-07,1.9,-3.4,0.0,10.8,27
patagonia,2017-04-08,1.9,-0.9,13.4,18.0,99
patagonia,2017-04-09,3.8,-0.2,30.0,18.5,100
patagonia,2017-04-10,-0.3,-5.1,37.1,14.8,99
patagonia,2017-04-11,-1.2,-4.7,9.3,17.9,99
patagonia,2017-04-12,-1.2,-2.2,10.9,19.9,100
patagonia,2017-04-13,-0.7,-2.4,3.1,8.2,93
patagonia,2017-04-14,4.3,-1.1,0.0,6.2,70
patagonia,2017-04-15,9.8,5.2,0.0,7.5,15
patagonia,2017-04-16,9.8,7.5,0.0,7.9,58
patagonia,2017-04-17,10.9,2.4,0.0,13.7,81
patagonia,2017-04-18,4.6,-2.1,25.3,23.2,100
patagonia,2017-04-19,-0.7,-2.2,28.4,25.3,96
patagonia,2017-04-20,-2.4,-4.5,82.0,13.7,99
patagonia,2017-04-21,-2.3,-4.6,10.0,17.1,99
patagonia,2017-04-22,-2.1,-5.3,44.6,14.2,96
patagonia,2017-04-23,-0.8,-5.0,21.8,6.9,100
patagonia,2017-04-24,0.4,-3.4,24.4,10.9,96
patagonia,2017-04-25,-1.7,-4.4,17.3,15.2,100
patagonia,2017-04-26,-1.3,-3.4,61.9,19.9,100
patagonia,2017-04-27,-2.3,-3.4,18.9,15.7,96
patagonia,2017-04-28,-0.8,-3.8,75.8,14.9,100
patagonia,2017-04-29,-1.2,-4.2,51.2,17.6,100
patagonia,2017-04-30,2.0,-2.4,5.9,9.0,100
patagonia,2017-05-01,1.8,-1.5,41.9,9.0,100
patagonia,2017-05-02,-0.4,-6.5,44.3,18.4,90
patagonia,2017-05-03,0.6,-6.6,59.4,12.3,100
patagonia,2017-05-04,-0.5,-3.4,7.8,12.7,92
patagonia,2017-05-05,3.6,-3.7,14.6,7.7,99
patagonia,2017-05-06,1.2,-2.2,5.1,5.3,84
patagonia,2017-05-07,-0.3,-2.2,0.0,5.0,70
patagonia,2017-05-08,-0.8,-5.5,1.3,8.2,84
patagonia,2017-05-09,-0.1,-5.2,0.0,10.8,40
patagonia,2017-05-10,5.9,-4.9,0.0,10.9,41
patagonia,2017-05-11,-3.9,-7.3,0.0,12.7,79
patagonia,2017-05-12,-2.6,-8.6,0.8,7.1,94
patagonia,2017-05-13,3.2,-6.2,5.0,8.7,96
patagonia,2017-05-14,0.8,-6.1,37.7,14.5,96
patagonia,2017-05-15,-1.5,-6.1,60.9,15.3,99
patagonia,2017-05-16,0.9,-6.8,11.9,12.4,93
patagonia,2017-05-17,-1.2,-5.1,6.1,9.2,76
patagonia,2017-05-18,-1.4,-4.4,1.7,18.9,91
patagonia,2017-05-19,0.7,-1.3,45.1,23.0,100
patagonia,2017-05-20,0.2,-5.3,84.8,17.7,100
patagonia,2017-05-21,-6.0,-8.8,37.4,10.2,98
patagonia,2017-05-22,-6.4,-9.8,22.5,16.1,96
patagonia,2017-05-23,-3.2,-6.5,38.3,32.2,98
patagonia,2017-05-24,-3.5,-4.3,15.0,21.8,96
patagonia,2017-05-25,-4.4,-8.1,37.3,19.2,99
patagonia,2017-05-26,-3.4,-7.9,0.8,16.2,90
patagonia,2017-05-27,-0.7,-3.5,26.1,22.9,100
patagonia,2017-05-28,-1.5,-4.8,2.5,14.6,78
patagonia,2017-05-29,-0.5,-3.3,11.3,17.7,100
patagonia,2017-05-30,-1.8,-6.4,4.8,17.3,91
patagonia,2017-05-31,-3.7,-5.5,4.6,9.2,92
patagonia,2017-06-01,-2.3,-5.5,11.1,15.5,93
patagonia,2017-06-02,-4.3,-9.5,19.2,12.1,88
patagonia,2017-06-03,-7.2,-9.7,6.9,11.0,87
patagonia,2017-06-04,-4.6,-9.6,19.3,22.5,96
patagonia,2017-06-05,-0.7,-4.2,38.5,25.9,100
patagonia,2017-06-06,-1.2,-4.1,54.5,22.3,100
patagonia,2017-06-07,-3.9,-7.2,19.2,12.6,97
patagonia,2017-06-08,-1.3,-6.5,46.6,25.8,100
patagonia,2017-06-09,-2.6,-6.3,38.2,17.1,99
patagonia,2017-06-10,-5.3,-7.5,22.9,16.6,98
patagonia,2017-06-11,-6.0,-8.6,78.8,14.9,100
patagonia,2017-06-12,-7.8,-9.8,41.0,20.3,100
patagonia,2017-06-13,-7.2,-9.1,30.8,15.5,97
patagonia,2017-06-14,-8.8,-12.6,5.3,8.4,92
patagonia,2017-06-15,-9.3,-11.3,4.1,10.8,85
patagonia,2017-06-16,-9.5,-13.4,0.2,9.3,53
patagonia,2017-06-17,-5.6,-12.9,10.3,17.7,56
patagonia,2017-06-18,-4.9,-7.6,24.6,16.1,99
patagonia,2017-06-19,-5.1,-9.8,1.2,14.0,71
patagonia,2017-06-20,-3.6,-8.5,11.7,11.1,99
patagonia,2017-06-21,-4.0,-8.8,1.7,9.4,90
patagonia,2017-06-22,-3.9,-13.7,6.9,12.2,96
patagonia,2017-06-23,-10.3,-13.6,22.2,16.9,94
patagonia,2017-06-24,-9.1,-14.4,4.2,9.7,80
patagonia,2017-06-25,-6.7,-15.1,0.0,5.5,8
patagonia,2017-06-26,-6.9,-9.8,0.0,10.3,48
patagonia,2017-06-27,-3.2,-10.1,15.9,23.8,98
patagonia,2017-06-28,-3.3,-5.1,68.3,24.7,100
patagonia,2017-06-29,-6.2,-11.8,1.5,16.9,70
patagonia,2017-06-30,1.1,-9.8,5.4,16.1,82
patagonia,2017-07-01,4.1,-0.7,61.2,25.7,100
patagonia,2017-07-02,1.8,-3.6,48.3,12.1,98
patagonia,2017-07-03,3.5,-4.2,20.8,18.1,99
patagonia,2017-07-04,-3.3,-5.4,15.9,23.2,89
patagonia,2017-07-05,0.6,-5.8,12.1,18.0,96
patagonia,2017-07-06,-4.3,-5.7,52.8,18.5,99
patagonia,2017-07-07,-1.1,-3.9,13.6,23.7,97
patagonia,2017-07-08,-0.4,-7.3,24.3,23.8,93
patagonia,2017-07-09,-7.0,-9.8,25.4,21.3,98
patagonia,2017-07-10,-5.3,-6.8,54.2,16.3,100
patagonia,2017-07-11,-6.3,-7.6,8.9,16.0,91
patagonia,2017-07-12,-5.8,-7.2,13.4,19.5,88
patagonia,2017-07-13,-7.6,-11.7,37.4,9.7,96
patagonia,2017-07-14,-10.0,-12.0,17.8,11.5,98
patagonia,2017-07-15,-5.2,-11.1,2.7,17.1,97
patagonia,2017-07-16,-2.4,-5.2,31.0,26.0,100
patagonia,2017-07-17,-1.2,-2.5,43.8,30.3,100
patagonia,2017-07-18,-1.0,-2.5,57.7,16.5,100
patagonia,2017-07-19,-1.8,-3.1,27.1,16.1,99
patagonia,2017-07-20,-2.7,-5.3,15.3,9.4,97
patagonia,2017-07-21,-0.7,-5.6,31.0,18.1,97
patagonia,2017-07-22,-3.8,-6.7,24.1,20.1,97
patagonia,2017-07-23,-3.0,-7.5,18.1,14.5,94
patagonia,2017-07-24,-2.4,-6.5,64.4,17.9,100
patagonia,2017-07-25,-0.8,-2.2,53.9,24.8,99
patagonia,2017-07-26,0.0,-7.2,64.3,17.9,99
patagonia,2017-07-27,-4.2,-8.4,8.1,15.7,90
patagonia,2017-07-28,-5.7,-10.4,1.4,11.8,76
patagonia,2017-07-29,-3.4,-8.7,10.5,18.1,93
patagonia,2017-07-30,-2.2,-3.4,13.6,23.9,100
patagonia,2017-07-31,-2.6,-3.6,27.9,23.7,100
patagonia,2017-08-01,-3.2,-5.4,70.4,19.0,100
patagonia,2017-08-02,-4.5,-6.4,52.5,16.9,100
patagonia,2017-08-03,-5.0,-6.3,26.8,20.9,97
patagonia,2017-08-04,-1.6,-4.9,14.9,20.7,100
patagonia,2017-08-05,-1.8,-5.2,33.8,12.3,100
patagonia,2017-08-06,-5.3,-6.0,6.6,13.3,100
patagonia,2017-08-07,-2.1,-6.1,5.2,6.1,93
patagonia,2017-08-08,-0.3,-8.9,4.2,11.8,92
patagonia,2017-08-09,-2.3,-6.5,0.9,14.3,49
patagonia,2017-08-10,-2.6,-5.8,7.3,13.5,87
patagonia,2017-08-11,-3.8,-6.3,34.7,13.4,89
patagonia,2017-08-12,-3.4,-6.8,4.7,13.6,96
patagonia,2017-08-13,-2.1,-10.1,39.5,15.9,99
patagonia,2017-08-14,-6.8,-9.6,42.0,18.3,100
patagonia,2017-08-15,-4.6,-8.5,26.0,23.3,100
patagonia,2017-08-16,-3.2,-10.4,45.2,22.1,98
patagonia,2017-08-17,-6.8,-10.5,4.8,15.9,97
patagonia,2017-08-18,-6.6,-8.9,16.5,12.7,100
patagonia,2017-08-19,-6.9,-9.1,20.4,17.4,97
patagonia,2017-08-20,-1.8,-6.8,86.8,29.4,100
patagonia,2017-08-21,-1.2,-4.5,80.2,26.9,100
patagonia,2017-08-22,-1.6,-9.4,49.6,16.9,99
patagonia,2017-08-23,-5.8,-9.8,25.3,16.4,96
patagonia,2017-08-24,-6.3,-9.4,17.3,14.1,96
patagonia,2017-08-25,-3.7,-9.4,27.4,13.6,99
patagonia,2017-08-26,-3.0,-9.6,7.8,6.2,86
patagonia,2017-08-27,-4.6,-9.5,1.0,11.0,57
patagonia,2017-08-28,-4.6,-5.9,7.7,20.8,97
patagonia,2017-08-29,-3.4,-4.9,13.9,18.2,99
patagonia,2017-08-30,-1.9,-4.3,7.1,14.1,99
patagonia,2017-08-31,-3.4,-5.7,14.9,15.3,92
patagonia,2017-09-01,-3.5,-6.7,10.0,10.6,89
patagonia,2017-09-02,-5.3,-8.0,26.6,17.5,97
patagonia,2017-09-03,-3.9,-7.0,15.5,25.4,99
patagonia,2017-09-04,-2.2,-4.7,5.0,20.5,98
patagonia,2017-09-05,-2.2,-11.1,26.7,21.6,76
patagonia,2017-09-06,-3.8,-11.4,3.0,24.0,61
patagonia,2017-09-07,-3.6,-9.7,40.9,21.7,97
patagonia,2017-09-08,-8.6,-11.4,0.1,14.6,24
patagonia,2017-09-09,-3.8,-9.5,6.0,27.4,98
patagonia,2017-09-10,-3.1,-5.3,25.5,21.2,99
patagonia,2017-09-11,-2.7,-5.1,26.1,26.7,100
patagonia,2017-09-12,-3.3,-6.2,83.8,28.0,100
patagonia,2017-09-13,-5.5,-9.8,30.6,22.6,99
patagonia,2017-09-14,-4.7,-8.5,80.8,20.0,100
patagonia,2017-09-15,-3.3,-5.0,63.7,29.5,100
patagonia,2017-09-16,-1.9,-4.9,74.6,19.3,100
patagonia,2017-09-17,-2.3,-3.4,62.5,17.6,100
patagonia,2017-09-18,-0.9,-3.0,50.8,12.7,100
patagonia,2017-09-19,-1.3,-5.2,10.1,12.2,89
patagonia,2017-09-20,-2.5,-7.1,23.5,18.9,96
patagonia,2017-09-21,-1.2,-2.7,58.9,17.9,99
patagonia,2017-09-22,-1.2,-2.6,24.1,15.7,100
patagonia,2017-09-23,1.4,-1.7,23.7,21.1,99
patagonia,2017-09-24,-1.0,-8.5,51.6,20.2,100
patagonia,2017-09-25,-5.4,-8.8,24.6,15.9,99
patagonia,2017-09-26,-5.0,-6.4,18.0,22.6,100
patagonia,2017-09-27,-0.6,-5.4,26.6,23.7,100
patagonia,2017-09-28,0.5,-1.4,9.7,18.5,98
patagonia,2017-09-29,0.9,-1.4,3.1,14.5,99
patagonia,2017-09-30,-1.4,-2.6,5.1,10.4,100
patagonia,2017-10-01,0.1,-1.6,20.8,14.5,100
patagonia,2017-10-02,-2.0,-6.2,44.9,16.6,100
patagonia,2017-10-03,-3.6,-6.6,5.7,21.4,97
patagonia,2017-10-04,-2.4,-3.8,23.8,20.8,100
patagonia,2017-10-05,-2.1,-8.1,38.0,22.8,100
patagonia,2017-10-06,-1.8,-7.4,45.6,23.5,100
patagonia,2017-10-07,-1.9,-5.2,62.9,22.4,100
patagonia,2017-10-08,-4.5,-7.6,68.9,12.2,100
patagonia,2017-10-09,-5.1,-7.6,42.9,16.4,91
patagonia,2017-10-10,-5.3,-8.2,0.2,14.2,81
patagonia,2017-10-11,-1.9,-5.8,18.3,20.1,98
patagonia,2017-10-12,-0.7,-3.0,18.3,21.4,95
patagonia,2017-10-13,0.2,-4.5,79.7,27.7,100
patagonia,2017-10-14,-2.6,-6.4,48.8,20.2,100
patagonia,2017-10-15,-0.9,-2.4,112.9,20.3,100
patagonia,2017-10-16,-1.5,-4.8,55.2,15.9,99
patagonia,2017-10-17,-4.1,-6.4,50.3,13.0,98
patagonia,2017-10-18,-5.4,-7.3,24.1,19.4,98
patagonia,2017-10-19,-4.0,-5.7,20.2,13.3,98
patagonia,2017-10-20,-3.7,-6.0,4.7,11.0,97
patagonia,2017-10-21,-1.4,-5.9,21.1,23.9,97
patagonia,2017-10-22,-0.7,-4.7,54.7,24.7,100
patagonia,2017-10-23,-4.8,-6.5,58.1,15.2,99
patagonia,2017-10-24,-3.7,-7.2,43.5,14.9,99
patagonia,2017-10-25,-3.6,-6.4,6.9,12.2,62
patagonia,2017-10-26,-1.6,-5.5,6.4,8.8,92
patagonia,2017-10-27,-0.3,-2.9,12.4,8.1,100
patagonia,2017-10-28,-1.1,-2.3,35.1,5.2,99
patagonia,2017-10-29,-1.4,-2.3,22.0,8.5,100
patagonia,2017-10-30,-1.7,-4.0,4.1,5.6,87
patagonia,2017-10-31,2.5,-3.8,0.0,5.6,0
patagonia,2017-11-01,3.6,-3.6,0.0,12.9,10
patagonia,2017-11-02,0.8,-4.0,0.0,15.8,43
patagonia,2017-11-03,-1.1,-3.5,13.2,17.7,98
patagonia,2017-11-04,0.1,-2.7,3.8,12.4,73
patagonia,2017-11-05,6.6,0.4,0.0,5.9,18
patagonia,2017-11-06,7.6,0.1,8.7,10.1,85
patagonia,2017-11-07,0.2,-2.4,1.0,6.5,68
patagonia,2017-11-08,1.4,-2.2,0.0,8.9,58
patagonia,2017-11-09,2.9,-2.0,5.2,15.5,75
patagonia,2017-11-10,-0.7,-2.9,20.5,16.9,98
patagonia,2017-11-11,-0.7,-3.7,72.2,10.6,99
patagonia,2017-11-12,-1.7,-3.5,12.3,13.6,99
patagonia,2017-11-13,0.6,-5.3,3.8,9.2,85
patagonia,2017-11-14,-0.8,-3.8,20.2,17.3,98
patagonia,2017-11-15,-1.7,-3.6,21.2,18.4,99
patagonia,2017-11-16,-2.2,-6.6,27.4,13.4,99
patagonia,2017-11-17,-3.3,-6.9,4.6,19.3,92
patagonia,2017-11-18,-2.5,-7.8,41.3,21.9,99
patagonia,2017-11-19,-3.7,-7.4,54.1,21.1,100
patagonia,2017-11-20,-1.8,-4.6,28.7,18.2,99
patagonia,2017-11-21,-1.9,-3.5,47.4,20.8,100
patagonia,2017-11-22,-1.5,-6.9,44.8,22.4,100
patagonia,2017-11-23,-2.6,-7.3,16.6,27.7,96
patagonia,2017-11-24,-0.5,-3.0,58.4,24.0,100
patagonia,2017-11-25,1.5,-0.4,59.7,35.7,100
patagonia,2017-11-26,-0.2,-6.1,44.4,26.6,98
patagonia,2017-11-27,-0.2,-5.2,17.5,25.5,98
patagonia,2017-11-28,3.2,-2.6,11.7,27.4,85
patagonia,2017-11-29,-0.9,-3.2,5.5,19.9,84
patagonia,2017-11-30,-1.9,-3.4,16.6,16.1,84
patagonia,2017-12-01,-0.9,-3.5,0.7,14.5,87
patagonia,2017-12-02,2.7,-1.4,4.9,11.1,63
patagonia,2017-12-03,4.3,2.5,2.6,15.9,59
patagonia,2017-12-04,2.7,-0.2,16.7,21.3,100
patagonia,2017-12-05,1.6,-1.9,19.8,22.3,100
patagonia,2017-12-06,-2.0,-5.7,8.2,18.5,89
patagonia,2017-12-07,-0.3,-3.8,19.8,24.7,99
patagonia,2017-12-08,-1.7,-4.1,31.2,19.8,100
patagonia,2017-12-09,0.3,-4.8,37.5,16.9,100
patagonia,2017-12-10,3.1,0.3,19.9,23.4,100
patagonia,2017-12-11,2.1,-2.5,47.9,20.5,100
patagonia,2017-12-12,-0.2,-3.1,3.2,19.0,92
patagonia,2017-12-13,1.5,-3.3,33.2,20.4,95
patagonia,2017-12-14,-3.2,-4.7,59.3,16.9,100
patagonia,2017-12-15,-2.1,-4.4,64.4,12.0,98
patagonia,2017-12-16,-4.2,-6.5,25.8,14.5,98
patagonia,2017-12-17,-2.3,-5.6,58.0,23.8,100
patagonia,2017-12-18,-1.0,-4.5,40.2,20.1,100
patagonia,2017-12-19,4.7,-1.5,11.7,20.9,98
patagonia,2017-12-20,2.5,-4.9,57.1,16.1,100
patagonia,2017-12-21,-3.1,-5.8,42.8,14.1,94
patagonia,2017-12-22,-3.3,-6.3,28.9,14.5,96
patagonia,2017-12-23,-1.1,-4.5,18.5,27.4,99
patagonia,2017-12-24,0.1,-1.0,68.6,23.1,100
patagonia,2017-12-25,-0.9,-4.7,14.5,13.6,99
patagonia,2017-12-26,-1.9,-4.5,20.2,22.1,100
patagonia,2017-12-27,1.2,-1.7,46.0,19.9,100
patagonia,2017-12-28,2.8,-2.4,66.4,19.8,100
patagonia,2017-12-29,-2.7,-4.5,60.7,16.3,100
patagonia,2017-12-30,-3.0,-4.5,53.8,19.2,100
patagonia,2017-12-31,-1.8,-3.0,60.7,15.8,100
patagonia,2018-01-01,-0.4,-2.7,39.8,18.9,100
patagonia,2018-01-02,-0.9,-4.1,8.2,11.8,97
patagonia,2018-01-03,1.3,-2.1,39.6,16.7,100
patagonia,2018-01-04,-1.6,-2.7,50.9,17.0,98
patagonia,2018-01-05,-0.7,-2.7,28.7,19.0,98
patagonia,2018-01-06,3.0,-0.5,17.0,14.5,100
patagonia,2018-01-07,5.0,1.6,12.6,15.3,100
patagonia,2018-01-08,7.4,2.1,55.8,22.9,100
patagonia,2018-01-09,2.2,0.3,10.8,23.8,100
patagonia,2018-01-10,5.2,1.6,4.9,22.1,92
patagonia,2018-01-11,6.4,-1.6,33.8,24.3,100
patagonia,2018-01-12,-1.9,-4.2,46.9,18.8,97
patagonia,2018-01-13,1.1,-2.8,53.9,23.8,100
patagonia,2018-01-14,1.1,-0.1,33.8,20.5,100
patagonia,2018-01-15,1.3,-0.1,37.4,22.9,100
patagonia,2018-01-16,0.8,-1.7,76.3,19.1,100
patagonia,2018-01-17,1.4,-2.7,32.0,21.4,100
patagonia,2018-01-18,4.4,1.6,33.0,28.9,100
patagonia,2018-01-19,6.2,0.7,24.4,26.6,99
patagonia,2018-01-20,2.2,-1.6,6.1,25.1,83
patagonia,2018-01-21,0.6,-1.6,28.3,25.3,99
patagonia,2018-01-22,-1.8,-3.9,43.5,13.8,97
patagonia,2018-01-23,-1.5,-5.5,25.6,20.2,96
patagonia,2018-01-24,0.6,-1.8,14.0,16.9,100
patagonia,2018-01-25,4.0,0.7,5.7,16.1,100
patagonia,2018-01-26,3.3,0.9,18.9,19.9,100
patagonia,2018-01-27,0.4,-1.5,47.2,18.0,100
patagonia,2018-01-28,1.8,-1.6,56.9,20.3,100
patagonia,2018-01-29,2.4,-1.6,39.8,22.6,100
patagonia,2018-01-30,-2.2,-4.1,34.1,19.4,100
patagonia,2018-01-31,2.4,-3.4,74.9,24.8,100
patagonia,2018-02-01,6.9,2.6,18.4,26.6,100
patagonia,2018-02-02,6.8,4.4,7.9,24.2,93
patagonia,2018-02-03,6.7,4.5,13.8,24.4,96
patagonia,2018-02-04,7.4,0.9,43.0,26.2,99
patagonia,2018-02-05,2.4,-0.4,8.3,16.1,94
patagonia,2018-02-06,5.2,-1.5,26.8,24.8,99
patagonia,2018-02-07,-2.2,-4.2,55.7,13.3,100
patagonia,2018-02-08,-3.7,-5.8,41.7,12.2,91
patagonia,2018-02-09,-4.3,-6.5,12.3,9.7,89
patagonia,2018-02-10,-2.2,-4.5,1.6,9.1,73
patagonia,2018-02-11,1.4,-4.4,9.3,21.3,96
patagonia,2018-02-12,0.6,-2.4,15.7,23.6,99
patagonia,2018-02-13,4.3,-0.4,34.5,28.3,100
patagonia,2018-02-14,1.4,-2.5,2.3,18.8,75
patagonia,2018-02-15,6.6,0.1,49.8,21.0,94
patagonia,2018-02-16,1.5,-0.7,16.9,18.4,100
patagonia,2018-02-17,6.4,-0.4,24.4,17.1,94
patagonia,2018-02-18,5.1,-2.0,30.9,27.9,100
patagonia,2018-02-19,-0.2,-2.3,15.4,18.1,94
patagonia,2018-02-20,1.7,-0.8,23.1,19.2,100
patagonia,2018-02-21,3.8,-2.2,21.8,24.4,95
patagonia,2018-02-22,1.4,-1.7,4.0,20.4,99
patagonia,2018-02-23,3.4,0.5,0.0,14.8,92
patagonia,2018-02-24,6.0,2.0,10.4,23.2,66
patagonia,2018-02-25,1.7,-0.1,11.1,21.9,95
patagonia,2018-02-26,1.8,-0.8,16.0,20.7,99
patagonia,2018-02-27,2.7,-1.9,0.1,16.1,96
patagonia,2018-02-28,2.9,-1.2,44.0,23.8,100
patagonia,2018-03-01,1.3,-2.2,30.5,26.2,99
patagonia,2018-03-02,1.6,-0.4,69.9,27.0,100
patagonia,2018-03-03,0.5,-3.4,45.8,14.5,97
patagonia,2018-03-04,-1.0,-2.2,30.1,22.8,99
patagonia,2018-03-05,3.7,-1.5,49.2,28.5,100
patagonia,2018-03-06,6.1,3.8,82.2,25.7,100
patagonia,2018-03-07,4.4,-2.1,32.7,20.2,95
patagonia,2018-03-08,-2.6,-5.0,51.3,11.4,99
patagonia,2018-03-09,-4.1,-5.8,29.3,12.0,95
patagonia,2018-03-10,0.8,-3.8,33.0,13.6,99
patagonia,2018-03-11,-1.1,-3.5,38.3,14.8,100
patagonia,2018-03-12,-2.6,-3.9,63.9,17.6,100
patagonia,2018-03-13,-2.7,-5.6,82.2,12.9,100
patagonia,2018-03-14,-3.3,-6.0,39.3,15.0,100
patagonia,2018-03-15,-1.5,-3.7,37.5,13.1,92
patagonia,2018-03-16,-1.7,-5.2,10.1,10.1,98
patagonia,2018-03-17,-0.5,-6.3,7.8,25.1,96
patagonia,2018-03-18,-0.8,-5.4,86.7,25.9,100
patagonia,2018-03-19,-4.8,-7.4,5.6,14.8,95
patagonia,2018-03-20,-0.4,-5.2,0.6,15.5,72
patagonia,2018-03-21,3.1,-0.7,11.8,23.0,97
patagonia,2018-03-22,1.2,-4.0,49.5,18.4,100
patagonia,2018-03-23,-4.8,-7.2,35.8,15.2,96
patagonia,2018-03-24,-0.3,-6.0,0.3,21.2,75
patagonia,2018-03-25,1.0,-2.1,14.9,25.6,97
patagonia,2018-03-26,0.1,-5.7,27.1,29.0,98
patagonia,2018-03-27,-2.9,-4.9,1.8,19.9,59
patagonia,2018-03-28,-3.2,-6.2,50.3,17.2,99
patagonia,2018-03-29,-1.4,-5.3,28.9,22.7,99
patagonia,2018-03-30,-2.5,-6.0,68.1,26.3,99
patagonia,2018-03-31,0.9,-3.3,10.5,25.5,99
patagonia,2018-04-01,4.0,0.5,44.8,24.2,100
patagonia,2018-04-02,4.7,-4.0,62.4,24.7,100
patagonia,2018-04-03,-3.7,-5.3,12.5,15.8,95
patagonia,2018-04-04,-2.7,-5.4,7.9,12.2,96
patagonia,2018-04-05,-4.4,-6.3,20.0,16.2,100
patagonia,2018-04-06,-2.2,-5.5,22.1,14.5,99
patagonia,2018-04-07,-2.9,-5.4,17.3,15.8,99
patagonia,2018-04-08,-0.8,-3.2,12.6,27.5,100
patagonia,2018-04-09,-1.0,-5.6,43.8,25.4,100
patagonia,2018-04-10,-5.2,-6.9,36.5,14.3,97
patagonia,2018-04-11,-4.9,-7.0,49.0,17.7,98
patagonia,2018-04-12,-0.5,-5.3,13.4,23.1,100
patagonia,2018-04-13,0.9,-4.2,0.3,12.3,89
patagonia,2018-04-14,5.2,1.6,9.7,18.6,96
patagonia,2018-04-15,4.1,-4.8,22.3,16.7,100
patagonia,2018-04-16,-1.6,-4.4,19.2,14.5,100
patagonia,2018-04-17,-0.1,-5.5,39.3,27.5,99
patagonia,2018-04-18,1.4,-1.3,71.4,26.0,100
patagonia,2018-04-19,1.4,-5.4,59.2,17.3,100
patagonia,2018-04-20,-3.4,-7.3,81.0,15.8,100
patagonia,2018-04-21,-2.7,-6.7,77.2,9.6,100
patagonia,2018-04-22,-4.1,-7.4,59.8,14.9,100
patagonia,2018-04-23,-2.4,-4.2,33.5,17.3,100
patagonia,2018-04-24,-0.9,-2.3,18.3,23.4,98
patagonia,2018-04-25,0.1,-2.4,22.3,18.2,97
patagonia,2018-04-26,-1.4,-4.4,2.0,6.1,75
patagonia,2018-04-27,-3.5,-6.9,3.8,8.3,67
patagonia,2018-04-28,-4.3,-7.2,12.7,20.3,94
patagonia,2018-04-29,-4.3,-8.3,38.0,19.0,94
patagonia,2018-04-30,-4.3,-7.7,0.0,13.0,50
patagonia,2018-05-01,-4.2,-8.2,0.4,14.3,49
patagonia,2018-05-02,-1.4,-4.9,33.6,14.8,100
patagonia,2018-05-03,-3.9,-5.8,26.9,17.7,100
patagonia,2018-05-04,-2.1,-3.8,15.2,19.7,99
patagonia,2018-05-05,-3.0,-6.3,0.0,18.8,79
patagonia,2018-05-06,2.2,-2.4,0.0,15.2,77
patagonia,2018-05-07,3.1,0.6,0.7,20.5,99
patagonia,2018-05-08,3.8,2.3,25.7,22.2,100
patagonia,2018-05-09,2.2,1.7,49.2,19.1,100
patagonia,2018-05-10,1.8,-1.8,36.7,15.5,99
patagonia,2018-05-11,-1.9,-5.3,8.8,13.5,98
patagonia,2018-05-12,-5.5,-8.1,0.0,10.2,68
patagonia,2018-05-13,-5.0,-5.8,3.8,13.0,100
patagonia,2018-05-14,-4.7,-7.0,0.5,7.9,97
patagonia,2018-05-15,-3.1,-6.5,0.4,6.4,41
patagonia,2018-05-16,-0.2,-4.3,0.0,4.7,5
patagonia,2018-05-17,0.7,-2.6,0.0,6.4,96
patagonia,2018-05-18,0.5,-4.4,3.0,14.1,87
patagonia,2018-05-19,-0.3,-4.3,41.4,15.3,91
patagonia,2018-05-20,-2.9,-5.2,59.9,22.3,100
patagonia,2018-05-21,-2.7,-4.7,45.9,20.5,100
patagonia,2018-05-22,-3.3,-4.9,20.8,10.9,100
patagonia,2018-05-23,2.6,-4.1,11.7,10.8,99
patagonia,2018-05-24,3.1,1.8,27.7,20.2,100
patagonia,2018-05-25,4.9,-2.2,21.1,20.0,95
patagonia,2018-05-26,-2.3,-6.4,60.7,27.1,100
patagonia,2018-05-27,-3.0,-6.8,11.7,13.1,98
patagonia,2018-05-28,-2.8,-6.2,8.9,16.5,94
patagonia,2018-05-29,-4.4,-9.6,37.9,16.5,98
patagonia,2018-05-30,-5.0,-9.2,4.7,20.0,89
patagonia,2018-05-31,-4.2,-5.2,5.4,20.2,96
patagonia,2018-06-01,-4.3,-6.7,1.0,15.8,66
patagonia,2018-06-02,5.8,-5.5,0.0,7.6,4
patagonia,2018-06-03,6.9,-4.3,0.0,13.6,7
patagonia,2018-06-04,-2.2,-6.8,2.6,14.3,90
patagonia,2018-06-05,-2.7,-5.6,4.2,14.2,85
patagonia,2018-06-06,-3.5,-6.2,16.0,17.7,96
patagonia,2018-06-07,-1.4,-6.1,16.7,11.7,100
patagonia,2018-06-08,-3.5,-6.0,12.6,12.6,100
patagonia,2018-06-09,-5.5,-9.1,0.3,8.4,90
patagonia,2018-06-10,-4.9,-7.0,0.0,5.2,36
patagonia,2018-06-11,-6.4,-9.5,0.0,5.5,87
patagonia,2018-06-12,-7.2,-10.2,0.1,5.8,92
patagonia,2018-06-13,-4.5,-7.9,0.0,7.2,25
patagonia,2018-06-14,-0.1,-6.8,11.0,18.7,95
patagonia,2018-06-15,1.9,-0.7,17.1,21.0,100
patagonia,2018-06-16,1.5,-5.3,32.9,22.1,100
patagonia,2018-06-17,-3.9,-4.9,44.9,12.7,100
patagonia,2018-06-18,-4.4,-8.9,51.1,13.1,100
patagonia,2018-06-19,-4.9,-8.8,48.9,19.9,100
patagonia,2018-06-20,-5.0,-9.3,52.3,16.7,100
patagonia,2018-06-21,-8.6,-10.9,19.9,14.2,100
patagonia,2018-06-22,-8.3,-11.8,14.0,14.8,100
patagonia,2018-06-23,-3.8,-10.8,23.6,27.1,100
patagonia,2018-06-24,-3.6,-6.7,53.4,23.8,100
patagonia,2018-06-25,-3.9,-6.8,26.7,14.3,100
patagonia,2018-06-26,-5.5,-6.7,35.5,14.5,100
patagonia,2018-06-27,-6.1,-8.7,37.1,14.8,100
patagonia,2018-06-28,-7.6,-9.3,50.6,12.8,100
patagonia,2018-06-29,-7.4,-8.3,12.9,11.2,100
patagonia,2018-06-30,-7.5,-8.5,14.0,15.1,100
patagonia,2018-07-01,-7.2,-9.5,19.3,14.8,98
patagonia,2018-07-02,-1.7,-11.9,0.0,5.9,24
patagonia,2018-07-03,2.7,-1.2,0.0,5.8,62
patagonia,2018-07-04,0.4,-3.0,0.0,6.6,10
patagonia,2018-07-05,4.0,-2.2,0.0,8.8,9
patagonia,2018-07-06,3.0,0.4,0.0,8.3,28
patagonia,2018-07-07,0.7,-1.8,0.0,8.6,51
patagonia,2018-07-08,1.3,-4.0,11.2,20.2,97
patagonia,2018-07-09,2.6,-1.5,39.0,24.0,100
patagonia,2018-07-10,-1.8,-6.1,34.7,15.5,100
patagonia,2018-07-11,-3.9,-6.6,20.2,17.3,100
patagonia,2018-07-12,-3.1,-5.9,3.3,4.2,98
patagonia,2018-07-13,-6.0,-7.8,0.0,4.3,29
patagonia,2018-07-14,-4.2,-7.7,0.0,6.7,3
patagonia,2018-07-15,-2.4,-6.6,0.0,7.0,7
patagonia,2018-07-16,-6.3,-9.1,0.3,7.3,90
patagonia,2018-07-17,-9.0,-11.0,0.0,6.2,67
patagonia,2018-07-18,-5.8,-9.5,0.0,6.1,3
patagonia,2018-07-19,-1.3,-7.7,0.0,12.5,49
patagonia,2018-07-20,-3.2,-8.0,18.5,15.1,99
patagonia,2018-07-21,-6.9,-9.7,10.3,11.8,100
patagonia,2018-07-22,-3.4,-9.9,15.1,25.9,100
patagonia,2018-07-23,-2.5,-3.6,69.2,28.2,99
patagonia,2018-07-24,-2.5,-5.2,36.7,31.4,100
patagonia,2018-07-25,-2.5,-4.4,32.8,14.8,100
patagonia,2018-07-26,-1.8,-5.5,0.2,13.2,47
patagonia,2018-07-27,-0.9,-5.9,0.9,23.4,81
patagonia,2018-07-28,-2.0,-8.8,31.8,25.1,100
patagonia,2018-07-29,-8.2,-10.4,30.4,16.1,100
patagonia,2018-07-30,-5.2,-8.4,24.3,18.9,100
patagonia,2018-07-31,-4.2,-5.1,54.9,15.9,100
patagonia,2018-08-01,-3.3,-4.8,22.9,24.5,100
patagonia,2018-08-02,-0.5,-3.5,12.8,18.2,99
patagonia,2018-08-03,-4.2,-11.3,41.5,15.1,100
patagonia,2018-08-04,-7.8,-11.4,7.9,10.0,100
patagonia,2018-08-05,-4.1,-13.1,9.6,11.8,84
patagonia,2018-08-06,-4.0,-5.9,8.4,13.0,99
patagonia,2018-08-07,-3.2,-7.1,3.0,8.8,99
patagonia,2018-08-08,1.2,-4.2,0.2,12.4,98
patagonia,2018-08-09,0.7,-4.9,23.1,17.5,98
patagonia,2018-08-10,-3.9,-5.3,7.2,7.1,79
patagonia,2018-08-11,1.2,-6.2,3.9,12.4,86
patagonia,2018-08-12,-2.6,-6.3,2.6,12.5,87
patagonia,2018-08-13,-2.8,-5.8,14.6,17.4,99
patagonia,2018-08-14,1.3,-4.3,23.2,27.8,99
patagonia,2018-08-15,0.1,-1.0,49.4,15.0,100
patagonia,2018-08-16,-0.5,-5.8,34.4,13.4,100
patagonia,2018-08-17,-5.4,-9.3,44.4,12.8,100
patagonia,2018-08-18,-5.7,-9.8,24.3,22.1,100
patagonia,2018-08-19,-2.7,-5.3,11.3,29.3,99
patagonia,2018-08-20,-0.8,-3.7,10.6,25.8,100
patagonia,2018-08-21,-0.4,-2.6,20.3,21.8,100
patagonia,2018-08-22,-0.1,-4.5,31.9,13.3,100
patagonia,2018-08-23,-4.8,-7.9,25.0,17.2,100
patagonia,2018-08-24,-3.2,-6.1,12.5,23.3,97
patagonia,2018-08-25,-1.6,-3.0,29.0,22.3,100
patagonia,2018-08-26,-0.3,-4.3,51.1,16.1,100
patagonia,2018-08-27,-3.8,-7.7,48.2,15.6,100
patagonia,2018-08-28,-6.0,-11.5,42.1,14.4,100
patagonia,2018-08-29,-7.0,-8.8,24.5,16.1,100
patagonia,2018-08-30,-5.2,-9.4,5.5,16.8,100
patagonia,2018-08-31,-1.7,-10.2,0.0,11.0,69
patagonia,2018-09-01,-2.7,-6.8,36.7,21.2,100
patagonia,2018-09-02,-6.0,-8.1,60.9,17.4,100
patagonia,2018-09-03,-3.5,-6.8,37.2,23.2,97
patagonia,2018-09-04,-6.5,-10.3,18.2,18.3,100
patagonia,2018-09-05,-2.0,-12.1,3.5,10.0,95
patagonia,2018-09-06,-2.5,-5.6,8.0,16.0,100
patagonia,2018-09-07,-3.6,-5.0,23.8,18.2,100
patagonia,2018-09-08,-4.3,-5.5,3.1,18.7,97
patagonia,2018-09-09,-1.7,-5.7,0.4,12.2,93
patagonia,2018-09-10,0.4,-3.7,19.1,13.1,93
patagonia,2018-09-11,-4.1,-6.4,23.9,18.5,96
patagonia,2018-09-12,-2.9,-7.3,51.5,23.5,100
patagonia,2018-09-13,-2.1,-3.8,92.4,23.3,100
patagonia,2018-09-14,-2.0,-9.0,72.4,22.2,100
patagonia,2018-09-15,-6.4,-9.5,30.2,11.3,100
patagonia,2018-09-16,-2.6,-7.9,18.5,9.3,100
patagonia,2018-09-17,-1.5,-4.7,28.6,5.6,100
patagonia,2018-09-18,-4.6,-5.7,12.4,5.4,100
patagonia,2018-09-19,-4.3,-5.4,0.4,5.0,99
patagonia,2018-09-20,-4.9,-6.5,0.8,9.2,98
patagonia,2018-09-21,-5.4,-7.4,1.1,8.6,100
patagonia,2018-09-22,-5.7,-7.4,0.0,8.4,87
patagonia,2018-09-23,-5.3,-7.2,0.0,3.7,61
patagonia,2018-09-24,-6.0,-8.0,0.3,5.8,46
patagonia,2018-09-25,-4.9,-8.8,0.0,4.7,30
patagonia,2018-09-26,-4.1,-8.5,0.0,7.4,29
patagonia,2018-09-27,-2.8,-5.7,0.0,9.2,50
patagonia,2018-09-28,-4.4,-7.2,23.0,10.7,99
patagonia,2018-09-29,-7.8,-12.8,11.4,9.0,96
patagonia,2018-09-30,-8.2,-12.2,4.4,13.2,95
patagonia,2018-10-01,-6.6,-8.7,29.8,18.8,100
patagonia,2018-10-02,-5.5,-7.7,46.5,17.6,100
patagonia,2018-10-03,-3.0,-5.6,56.5,17.7,100
patagonia,2018-10-04,-3.1,-5.7,5.6,18.6,100
patagonia,2018-10-05,-3.8,-5.1,2.7,13.9,100
patagonia,2018-10-06,-1.5,-4.2,26.0,19.7,100
patagonia,2018-10-07,-4.5,-7.0,22.1,17.7,98
patagonia,2018-10-08,-5.3,-7.2,5.1,17.3,78
patagonia,2018-10-09,-5.1,-9.0,15.3,14.4,100
patagonia,2018-10-10,-4.3,-6.1,4.2,15.6,97
patagonia,2018-10-11,-3.2,-5.6,8.8,15.5,100
patagonia,2018-10-12,-3.3,-6.1,24.9,19.8,100
patagonia,2018-10-13,-2.3,-6.4,42.7,18.2,100
patagonia,2018-10-14,1.0,-3.9,33.0,14.5,100
patagonia,2018-10-15,0.3,-7.1,39.8,16.4,98
patagonia,2018-10-16,-3.5,-7.0,4.5,6.4,41
patagonia,2018-10-17,-3.3,-6.4,0.9,20.2,57
patagonia,2018-10-18,-0.8,-9.6,0.0,14.9,3
patagonia,2018-10-19,3.5,-0.4,0.0,5.9,0
patagonia,2018-10-20,3.2,-3.2,6.9,8.5,53
patagonia,2018-10-21,-2.8,-4.5,12.4,8.5,91
patagonia,2018-10-22,-1.6,-4.8,0.0,7.1,16
patagonia,2018-10-23,-2.2,-4.0,0.0,7.1,20
patagonia,2018-10-24,-1.6,-3.7,0.0,5.2,28
patagonia,2018-10-25,0.9,-3.4,0.0,5.2,34
patagonia,2018-10-26,1.0,-2.0,2.7,7.6,96
patagonia,2018-10-27,-0.4,-3.2,19.8,18.7,97
patagonia,2018-10-28,0.2,-2.7,12.6,16.3,100
patagonia,2018-10-29,-2.9,-5.8,4.7,13.4,94
patagonia,2018-10-30,-4.3,-8.4,22.6,13.0,95
patagonia,2018-10-31,-2.9,-7.7,0.0,12.1,48
patagonia,2018-11-01,-2.4,-5.6,4.0,14.0,96
patagonia,2018-11-02,0.3,-2.6,2.5,6.9,99
patagonia,2018-11-03,2.4,-2.9,9.1,14.9,92
patagonia,2018-11-04,-1.9,-4.4,49.6,17.8,98
patagonia,2018-11-05,-4.6,-7.4,18.3,15.0,100
patagonia,2018-11-06,-1.8,-6.3,29.3,20.7,100
patagonia,2018-11-07,0.2,-2.5,51.2,23.4,100
patagonia,2018-11-08,-1.9,-5.4,25.9,19.6,99
patagonia,2018-11-09,-4.0,-6.7,0.1,11.2,85
patagonia,2018-11-10,0.9,-7.4,0.0,7.4,6
patagonia,2018-11-11,2.7,-2.3,0.2,16.3,65
patagonia,2018-11-12,1.1,-1.8,23.3,20.8,100
patagonia,2018-11-13,0.7,-0.5,6.7,22.4,100
patagonia,2018-11-14,0.9,-7.4,35.5,23.3,99
patagonia,2018-11-15,-4.2,-7.0,33.2,19.6,100
patagonia,2018-11-16,-2.6,-4.5,46.9,18.8,100
patagonia,2018-11-17,-0.9,-3.5,13.6,23.8,100
patagonia,2018-11-18,-2.0,-5.2,28.1,21.0,99
patagonia,2018-11-19,-2.3,-5.0,43.3,19.5,100
patagonia,2018-11-20,-2.3,-5.9,57.3,15.1,100
patagonia,2018-11-21,-4.3,-6.4,12.0,12.2,100
patagonia,2018-11-22,-2.2,-5.0,18.5,22.6,100
patagonia,2018-11-23,-1.4,-2.5,77.4,22.4,100
patagonia,2018-11-24,-1.6,-3.3,59.4,20.1,100
patagonia,2018-11-25,-0.6,-3.4,32.6,21.5,100
patagonia,2018-11-26,-0.5,-1.5,13.7,21.3,100
patagonia,2018-11-27,0.3,-1.8,0.5,11.8,71
patagonia,2018-11-28,1.9,-0.1,0.0,14.3,71
patagonia,2018-11-29,2.3,-4.4,32.0,16.4,100
patagonia,2018-11-30,-3.3,-5.4,13.5,19.6,100
patagonia,2018-12-01,0.7,-3.4,0.6,20.9,97
patagonia,2018-12-02,1.6,0.4,20.5,28.0,100
patagonia,2018-12-03,3.3,-2.7,29.5,21.9,100
patagonia,2018-12-04,-2.5,-4.5,5.0,17.2,96
patagonia,2018-12-05,0.4,-7.0,1.5,19.3,66
patagonia,2018-12-06,2.8,-3.0,27.6,23.5,100
patagonia,2018-12-07,4.6,2.0,34.0,21.8,100
patagonia,2018-12-08,4.6,-1.7,10.7,24.2,94
patagonia,2018-12-09,1.6,-2.2,11.4,20.0,96
patagonia,2018-12-10,0.8,-1.6,54.6,18.9,99
patagonia,2018-12-11,-2.2,-4.5,16.7,16.6,100
patagonia,2018-12-12,0.1,-2.4,19.0,15.7,99
patagonia,2018-12-13,0.0,-3.3,14.0,11.0,94
patagonia,2018-12-14,1.5,-4.3,7.5,28.3,100
patagonia,2018-12-15,2.7,-2.4,59.4,28.2,100
patagonia,2018-12-16,-3.3,-4.9,18.2,19.3,99
patagonia,2018-12-17,-0.9,-4.3,20.9,23.7,99
patagonia,2018-12-18,2.0,-1.6,31.6,23.7,100
patagonia,2018-12-19,2.1,0.1,1.1,10.4,85
patagonia,2018-12-20,3.4,-1.1,4.4,23.3,91
patagonia,2018-12-21,1.5,-1.5,13.5,23.4,100
patagonia,2018-12-22,1.6,-1.2,31.3,27.7,93
patagonia,2018-12-23,2.1,-3.3,30.6,20.8,92
patagonia,2018-12-24,-2.3,-5.0,29.6,13.8,100
patagonia,2018-12-25,-0.8,-5.3,18.3,15.4,100
patagonia,2018-12-26,0.4,-1.3,4.0,14.5,97
patagonia,2018-12-27,-0.3,-1.6,35.4,16.8,100
patagonia,2018-12-28,0.4,-2.0,78.8,13.1,100
patagonia,2018-12-29,-1.1,-3.8,25.3,16.1,98
patagonia,2018-12-30,1.4,-3.9,35.5,17.5,100
patagonia,2018-12-31,-0.8,-5.3,62.7,17.9,100
patagonia,2019-01-01,-3.3,-5.7,24.6,15.3,99
patagonia,2019-01-02,-1.9,-5.5,19.4,22.4,100
patagonia,2019-01-03,1.1,-1.8,21.0,25.3,100
patagonia,2019-01-04,1.2,-5.1,19.0,25.5,100
patagonia,2019-01-05,-2.2,-4.8,52.9,17.9,100
patagonia,2019-01-06,-3.1,-5.3,35.2,18.7,100
patagonia,2019-01-07,-2.8,-4.3,18.0,9.9,100
patagonia,2019-01-08,-3.4,-5.7,1.8,6.9,84
patagonia,2019-01-09,-0.9,-6.3,0.0,21.5,77
patagonia,2019-01-10,0.8,-2.9,9.3,23.9,97
patagonia,2019-01-11,1.0,-4.5,33.6,25.7,100
patagonia,2019-01-12,-2.4,-4.7,23.1,21.7,99
patagonia,2019-01-13,1.5,-2.4,1.2,21.5,87
patagonia,2019-01-14,2.4,-1.4,4.1,19.8,94
patagonia,2019-01-15,2.0,-2.9,55.4,15.0,100
patagonia,2019-01-16,-1.8,-5.1,1.9,15.1,96
patagonia,2019-01-17,1.4,-2.8,3.6,20.2,100
patagonia,2019-01-18,5.0,1.2,14.9,19.0,89
patagonia,2019-01-19,5.4,0.9,69.2,27.2,100
patagonia,2019-01-20,0.5,-2.8,12.4,16.8,94
patagonia,2019-01-21,-1.6,-3.1,40.1,18.4,100
patagonia,2019-01-22,-2.6,-4.6,40.7,22.8,100
patagonia,2019-01-23,2.5,-3.0,28.2,25.1,100
patagonia,2019-01-24,2.1,-4.4,65.0,23.7,100
patagonia,2019-01-25,-3.2,-5.8,23.9,19.4,97
patagonia,2019-01-26,0.2,-4.2,14.5,18.5,100
patagonia,2019-01-27,-0.7,-2.3,41.6,20.8,100
patagonia,2019-01-28,-1.5,-3.5,62.7,19.2,100
patagonia,2019-01-29,-3.5,-4.7,48.3,17.3,100
patagonia,2019-01-30,-2.5,-4.6,27.5,16.5,100
patagonia,2019-01-31,-0.5,-3.0,28.1,20.8,99
patagonia,2019-02-01,3.4,-3.4,18.6,24.5,100
patagonia,2019-02-02,4.5,3.3,14.4,13.9,100
patagonia,2019-02-03,10.0,2.5,0.0,13.7,19
patagonia,2019-02-04,16.7,10.4,0.0,7.9,12
patagonia,2019-02-05,15.7,-1.3,13.1,22.9,58
patagonia,2019-02-06,-1.0,-2.6,32.3,21.5,100
patagonia,2019-02-07,-0.7,-3.3,34.7,16.6,100
patagonia,2019-02-08,-1.2,-3.9,70.8,18.1,100
patagonia,2019-02-09,-3.3,-4.3,45.7,16.2,100
patagonia,2019-02-10,-1.8,-4.1,14.6,13.4,98
patagonia,2019-02-11,0.2,-4.7,0.0,13.8,74
patagonia,2019-02-12,1.9,-0.9,10.9,20.1,96
patagonia,2019-02-13,4.6,1.8,18.4,26.5,100
patagonia,2019-02-14,4.2,0.8,47.3,25.3,100
patagonia,2019-02-15,7.2,2.2,40.6,30.6,97
patagonia,2019-02-16,5.1,-0.1,68.8,26.7,100
patagonia,2019-02-17,3.5,-5.0,76.9,19.9,100
patagonia,2019-02-18,-1.1,-4.5,9.4,19.2,100
patagonia,2019-02-19,-0.8,-4.9,66.0,24.3,100
patagonia,2019-02-20,-2.5,-4.8,51.0,16.5,99
patagonia,2019-02-21,-4.9,-6.4,10.7,12.2,100
patagonia,2019-02-22,-3.2,-6.6,35.2,15.1,100
patagonia,2019-02-23,-2.7,-5.5,24.6,14.1,100
patagonia,2019-02-24,-3.4,-7.7,2.6,14.2,92
patagonia,2019-02-25,1.2,-3.3,11.9,15.7,100
patagonia,2019-02-26,1.5,0.3,8.1,18.7,100
patagonia,2019-02-27,1.6,-1.1,0.9,12.9,84
patagonia,2019-02-28,2.9,2.0,3.7,14.5,100
patagonia,2019-03-01,3.3,1.2,6.5,11.1,97
patagonia,2019-03-02,1.2,-1.6,23.9,14.5,100
patagonia,2019-03-03,-1.7,-4.1,47.5,15.5,100
patagonia,2019-03-04,-3.5,-5.1,42.6,17.1,100
patagonia,2019-03-05,-0.7,-5.9,37.2,15.9,99
patagonia,2019-03-06,0.7,-5.2,27.1,12.2,100
patagonia,2019-03-07,-2.6,-4.8,3.4,18.2,95
patagonia,2019-03-08,0.2,-3.2,6.0,22.5,99
patagonia,2019-03-09,2.5,0.3,3.3,22.4,74
patagonia,2019-03-10,4.0,1.6,4.5,22.1,55
patagonia,2019-03-11,2.1,-3.4,5.5,20.4,100
patagonia,2019-03-12,2.2,-5.4,0.2,4.7,84
patagonia,2019-03-13,1.1,-0.6,1.9,4.4,85
patagonia,2019-03-14,2.3,-0.3,0.0,7.7,38
patagonia,2019-03-15,4.8,2.3,11.1,19.5,94
patagonia,2019-03-16,5.4,3.3,58.9,19.6,100
patagonia,2019-03-17,4.8,-3.7,43.5,18.3,100
patagonia,2019-03-18,-1.8,-4.3,21.3,18.4,99
patagonia,2019-03-19,-0.4,-4.6,3.8,19.9,99
patagonia,2019-03-20,0.4,-0.8,3.3,18.1,96
patagonia,2019-03-21,1.3,-0.3,2.4,11.3,94
patagonia,2019-03-22,1.0,0.2,14.6,9.2,100
patagonia,2019-03-23,1.8,-0.8,4.6,9.2,83
patagonia,2019-03-24,0.8,-1.2,11.2,23.5,99
patagonia,2019-03-25,-0.8,-2.8,1.9,21.6,79
patagonia,2019-03-26,2.5,-2.3,0.0,14.8,82
patagonia,2019-03-27,2.1,-1.1,13.8,17.4,94
patagonia,2019-03-28,4.8,1.9,6.5,21.5,100
patagonia,2019-03-29,5.7,-0.2,69.1,28.0,100
patagonia,2019-03-30,0.3,-2.6,6.9,25.2,100
patagonia,2019-03-31,3.5,0.1,18.0,24.0,100
patagonia,2019-04-01,4.8,1.0,30.7,22.4,100
patagonia,2019-04-02,0.9,-0.4,64.4,25.4,100
patagonia,2019-04-03,0.8,-5.9,56.9,24.1,100
patagonia,2019-04-04,-1.7,-5.2,60.8,23.4,100
patagonia,2019-04-05,2.4,-5.8,59.3,30.1,100
patagonia,2019-04-06,-2.3,-6.9,32.3,22.0,100
patagonia,2019-04-07,-1.9,-5.2,7.4,20.3,100
patagonia,2019-04-08,3.2,-4.3,14.9,10.6,100
patagonia,2019-04-09,2.6,-2.5,8.4,10.7,100
patagonia,2019-04-10,0.3,-3.6,0.4,20.5,79
patagonia,2019-04-11,0.4,-4.0,11.5,21.1,82
patagonia,2019-04-12,4.2,-5.6,41.0,23.9,98
patagonia,2019-04-13,-5.3,-7.6,42.9,15.2,100
patagonia,2019-04-14,-0.9,-8.2,44.3,23.6,100
patagonia,2019-04-15,-0.8,-4.7,80.2,24.3,100
patagonia,2019-04-16,-4.1,-5.1,33.3,17.4,100
patagonia,2019-04-17,-3.1,-6.0,26.3,25.7,100
patagonia,2019-04-18,-0.9,-3.3,53.9,24.9,100
patagonia,2019-04-19,0.0,-2.5,22.8,22.6,100
patagonia,2019-04-20,-0.2,-1.7,6.3,19.4,100
patagonia,2019-04-21,1.6,-0.1,0.8,13.3,81
patagonia,2019-04-22,0.2,-4.0,13.6,13.4,97
patagonia,2019-04-23,0.6,-4.3,0.0,14.8,82
patagonia,2019-04-24,2.0,-1.9,2.5,15.8,84
patagonia,2019-04-25,2.6,-0.1,0.0,12.5,78
patagonia,2019-04-26,2.9,-1.0,25.7,19.7,100
patagonia,2019-04-27,0.6,-2.4,2.1,6.4,97
patagonia,2019-04-28,0.1,-3.0,14.9,12.5,95
patagonia,2019-04-29,-3.7,-7.5,25.9,17.0,100
patagonia,2019-04-30,-2.4,-5.3,12.7,14.1,100
patagonia,2019-05-01,-3.5,-7.7,44.2,14.8,100
patagonia,2019-05-02,-3.4,-7.2,23.4,12.8,100
patagonia,2019-05-03,-3.8,-6.4,0.4,6.8,85
patagonia,2019-05-04,-3.7,-5.2,0.9,17.1,49
patagonia,2019-05-05,1.9,-3.3,12.8,24.2,100
patagonia,2019-05-06,2.3,1.1,3.0,19.2,99
patagonia,2019-05-07,2.2,-2.4,12.0,21.1,74
patagonia,2019-05-08,0.6,-2.8,0.0,17.7,45
patagonia,2019-05-09,-1.2,-4.6,14.0,17.9,86
patagonia,2019-05-10,1.2,-5.1,53.5,27.2,100
patagonia,2019-05-11,-2.2,-6.2,48.8,15.5,100
patagonia,2019-05-12,1.6,-7.3,63.4,29.7,100
patagonia,2019-05-13,-1.0,-6.6,51.7,20.5,100
patagonia,2019-05-14,-0.5,-4.0,8.7,19.3,100
patagonia,2019-05-15,6.7,-3.7,10.8,22.9,92
patagonia,2019-05-16,6.0,2.6,5.4,20.6,88
patagonia,2019-05-17,2.3,-5.8,31.4,14.9,96
patagonia,2019-05-18,-5.7,-7.3,37.4,14.7,100
patagonia,2019-05-19,-4.7,-6.8,10.6,17.1,98
patagonia,2019-05-20,-2.1,-4.2,6.5,22.1,100
patagonia,2019-05-21,0.9,-2.6,19.2,28.3,99
patagonia,2019-05-22,3.1,0.1,69.2,26.4,100
patagonia,2019-05-23,4.1,2.1,45.8,19.9,100
patagonia,2019-05-24,1.9,-5.2,46.4,17.3,100
patagonia,2019-05-25,-5.0,-6.4,34.3,11.3,99
patagonia,2019-05-26,-3.1,-5.9,4.8,9.7,98
patagonia,2019-05-27,-4.1,-5.5,3.0,10.4,100
patagonia,2019-05-28,-5.4,-10.2,0.0,8.8,47
patagonia,2019-05-29,2.5,-8.0,0.0,7.6,24
patagonia,2019-05-30,2.6,1.1,0.0,5.4,2
patagonia,2019-05-31,3.7,-7.8,0.0,7.2,28
patagonia,2019-06-01,-2.1,-8.2,6.8,7.5,97
patagonia,2019-06-02,-0.9,-5.8,3.1,15.7,96
patagonia,2019-06-03,2.6,-3.3,10.0,20.8,76
patagonia,2019-06-04,0.1,-3.6,1.9,16.6,82
patagonia,2019-06-05,-1.8,-5.1,14.8,16.6,98
patagonia,2019-06-06,-3.7,-5.3,49.3,13.9,100
patagonia,2019-06-07,-1.9,-3.9,21.9,16.1,100
patagonia,2019-06-08,-2.7,-5.2,28.6,12.6,99
patagonia,2019-06-09,-5.0,-10.5,35.0,13.4,100
patagonia,2019-06-10,-5.9,-10.8,30.0,20.7,100
patagonia,2019-06-11,-4.9,-6.1,32.6,16.6,100
patagonia,2019-06-12,-6.1,-8.1,7.5,7.3,98
patagonia,2019-06-13,-3.9,-8.9,0.0,7.3,19
patagonia,2019-06-14,-3.0,-7.1,1.3,14.7,71
patagonia,2019-06-15,0.1,-5.7,0.0,18.4,92
patagonia,2019-06-16,2.9,-1.9,0.0,17.7,73
patagonia,2019-06-17,2.3,-0.2,0.0,14.8,91
patagonia,2019-06-18,2.6,-3.7,8.7,18.2,86
patagonia,2019-06-19,-2.0,-4.7,44.1,14.0,100
patagonia,2019-06-20,1.3,-4.9,12.3,11.7,99
patagonia,2019-06-21,0.3,-1.2,18.0,17.2,99
patagonia,2019-06-22,-1.3,-3.9,17.5,15.0,100
patagonia,2019-06-23,-1.4,-6.8,9.3,15.0,95
patagonia,2019-06-24,-7.1,-10.8,33.2,13.4,100
patagonia,2019-06-25,-3.6,-10.0,19.4,14.1,100
patagonia,2019-06-26,-4.6,-11.3,17.6,11.9,100
patagonia,2019-06-27,-10.2,-13.9,1.5,8.4,83
patagonia,2019-06-28,-6.2,-9.8,19.3,14.5,100
patagonia,2019-06-29,-7.3,-9.1,19.7,13.1,99
patagonia,2019-06-30,-5.4,-8.6,23.9,22.5,100
patagonia,2019-07-01,-5.3,-7.1,49.6,12.6,100
patagonia,2019-07-02,-6.0,-9.7,0.2,4.7,52
patagonia,2019-07-03,-7.6,-9.9,0.0,7.2,3
patagonia,2019-07-04,-4.6,-9.4,3.5,16.8,95
patagonia,2019-07-05,-1.5,-4.6,24.5,23.9,100
patagonia,2019-07-06,0.6,-2.0,10.3,25.2,100
patagonia,2019-07-07,9.5,-3.6,0.0,10.8,81
patagonia,2019-07-08,3.5,0.1,2.1,5.5,92
patagonia,2019-07-09,1.3,-1.0,2.1,6.0,77
patagonia,2019-07-10,2.1,-0.8,3.2,5.6,67
patagonia,2019-07-11,-0.1,-3.5,1.3,6.4,98
patagonia,2019-07-12,-1.8,-4.3,0.3,5.6,71
patagonia,2019-07-13,-1.3,-5.1,9.0,8.7,92
patagonia,2019-07-14,-3.1,-6.0,7.7,9.7,95
patagonia,2019-07-15,-0.9,-5.0,39.8,18.5,100
patagonia,2019-07-16,-5.2,-8.2,23.7,18.4,99
patagonia,2019-07-17,-3.4,-9.0,1.7,11.3,72
patagonia,2019-07-18,-3.0,-7.3,27.2,20.2,99
patagonia,2019-07-19,-6.7,-8.6,60.7,12.5,100
patagonia,2019-07-20,-7.0,-8.7,48.9,12.3,100
patagonia,2019-07-21,-6.7,-8.3,25.8,14.7,100
patagonia,2019-07-22,-5.9,-6.9,56.4,16.8,100
patagonia,2019-07-23,-3.7,-8.0,12.8,17.5,100
patagonia,2019-07-24,0.7,-3.6,28.3,23.2,100
patagonia,2019-07-25,-0.3,-5.6,32.8,22.1,97
patagonia,2019-07-26,-5.3,-7.6,76.9,14.0,100
patagonia,2019-07-27,-1.6,-5.7,30.6,23.2,100
patagonia,2019-07-28,-1.1,-2.6,16.1,24.9,100
patagonia,2019-07-29,-2.5,-4.4,3.3,7.0,100
patagonia,2019-07-30,-3.5,-6.1,1.8,7.8,100
patagonia,2019-07-31,-2.4,-5.8,1.7,11.6,96
patagonia,2019-08-01,-3.5,-7.6,39.5,15.5,100
patagonia,2019-08-02,-1.5,-7.6,43.1,25.7,100
patagonia,2019-08-03,-1.4,-6.4,63.4,26.2,100
patagonia,2019-08-04,-5.5,-6.5,19.5,8.9,100
patagonia,2019-08-05,-6.8,-7.8,16.0,17.6,100
patagonia,2019-08-06,-8.1,-10.3,24.5,17.3,100
patagonia,2019-08-07,-6.3,-9.1,13.4,22.0,98
patagonia,2019-08-08,-3.8,-6.4,34.1,25.6,100
patagonia,2019-08-09,-3.9,-4.5,63.2,16.3,100
patagonia,2019-08-10,-5.2,-9.5,0.4,12.4,98
patagonia,2019-08-11,-8.4,-10.5,0.0,5.4,66
patagonia,2019-08-12,-8.6,-13.5,0.0,8.7,4
patagonia,2019-08-13,-7.8,-12.1,3.7,13.0,94
patagonia,2019-08-14,-6.7,-11.6,11.0,12.4,52
patagonia,2019-08-15,-1.6,-7.1,0.0,6.6,4
patagonia,2019-08-16,-5.4,-9.4,0.1,6.2,60
patagonia,2019-08-17,-3.2,-10.7,0.0,7.2,34
patagonia,2019-08-18,1.1,-2.5,0.0,6.6,0
patagonia,2019-08-19,1.0,-1.2,0.0,5.7,0
patagonia,2019-08-20,-0.1,-6.3,0.0,8.7,0
patagonia,2019-08-21,-2.3,-6.9,9.0,8.7,71
patagonia,2019-08-22,-2.3,-5.9,10.9,16.8,100
patagonia,2019-08-23,0.4,-3.4,2.1,9.2,79
patagonia,2019-08-24,-2.2,-4.7,17.7,15.3,93
patagonia,2019-08-25,-3.6,-5.3,12.0,14.4,99
patagonia,2019-08-26,-3.2,-9.1,31.4,20.9,99
patagonia,2019-08-27,-5.3,-9.2,55.9,11.3,100
patagonia,2019-08-28,-6.6,-8.9,32.1,18.2,100
patagonia,2019-08-29,-5.4,-7.3,34.0,16.6,100
patagonia,2019-08-30,-4.6,-6.3,38.9,16.3,100
patagonia,2019-08-31,-5.5,-7.5,16.9,17.1,99
patagonia,2019-09-01,-5.9,-8.5,21.0,18.8,99
patagonia,2019-09-02,-5.2,-8.5,1.2,12.4,99
patagonia,2019-09-03,-4.9,-6.9,0.2,11.9,58
patagonia,2019-09-04,-1.2,-5.3,0.0,5.8,20
patagonia,2019-09-05,-0.3,-3.0,0.0,5.9,2
patagonia,2019-09-06,-0.9,-4.3,0.0,6.6,1
patagonia,2019-09-07,-3.7,-9.1,0.0,10.7,47
patagonia,2019-09-08,-5.3,-8.5,20.8,11.1,100
patagonia,2019-09-09,-6.0,-8.0,6.1,10.0,93
patagonia,2019-09-10,-3.0,-7.7,0.0,18.2,40
patagonia,2019-09-11,-2.8,-10.5,33.7,24.9,92
patagonia,2019-09-12,-5.2,-13.1,0.1,8.5,67
patagonia,2019-09-13,-3.4,-7.2,8.2,13.0,100
patagonia,2019-09-14,-3.5,-6.8,29.3,16.6,98
patagonia,2019-09-15,-5.7,-7.8,9.7,20.9,100
patagonia,2019-09-16,-2.7,-5.6,61.0,21.9,100
patagonia,2019-09-17,-2.8,-5.6,45.1,17.9,100
patagonia,2019-09-18,-5.4,-7.9,44.6,14.0,100
patagonia,2019-09-19,-4.9,-7.5,54.5,19.7,100
patagonia,2019-09-20,-5.3,-7.9,40.7,16.5,100
patagonia,2019-09-21,-4.4,-7.5,29.9,19.3,99
patagonia,2019-09-22,-1.5,-5.0,28.7,23.2,100
patagonia,2019-09-23,1.3,-1.1,21.9,24.9,100
patagonia,2019-09-24,1.1,-1.1,34.5,26.1,100
patagonia,2019-09-25,0.1,-4.7,30.5,20.0,95
patagonia,2019-09-26,0.2,-4.6,0.0,20.3,22
patagonia,2019-09-27,0.4,-3.0,0.0,11.8,56
patagonia,2019-09-28,0.6,-5.6,12.2,13.5,94
patagonia,2019-09-29,-4.4,-9.4,18.3,13.5,92
patagonia,2019-09-30,-8.6,-10.6,3.7,8.6,99
patagonia,2019-10-01,-5.8,-8.3,6.1,12.1,100
patagonia,2019-10-02,-4.1,-5.8,1.1,14.4,100
patagonia,2019-10-03,-4.1,-4.9,3.7,21.3,100
patagonia,2019-10-04,-3.5,-4.7,33.7,21.6,100
patagonia,2019-10-05,-1.3,-3.3,18.0,12.1,100
patagonia,2019-10-06,-1.2,-4.9,25.9,17.0,100
patagonia,2019-10-07,-4.7,-6.4,33.1,17.4,100
patagonia,2019-10-08,-3.4,-6.3,12.3,22.5,100
patagonia,2019-10-09,-2.9,-6.0,49.9,24.0,100
patagonia,2019-10-10,-7.0,-10.4,16.5,16.1,100
patagonia,2019-10-11,-4.9,-8.7,31.0,18.4,100
patagonia,2019-10-12,-7.0,-9.6,22.2,15.5,100
patagonia,2019-10-13,-4.8,-7.7,0.8,13.3,59
patagonia,2019-10-14,4.9,-4.6,0.0,7.1,23
patagonia,2019-10-15,6.3,1.5,0.0,5.9,10
patagonia,2019-10-16,4.9,-3.8,1.4,9.7,24
patagonia,2019-10-17,-2.1,-4.6,47.9,16.4,100
patagonia,2019-10-18,0.7,-5.0,27.9,30.6,100
patagonia,2019-10-19,1.7,-1.5,2.5,28.2,92
patagonia,2019-10-20,-1.7,-5.0,22.9,17.2,100
patagonia,2019-10-21,-2.0,-5.1,6.0,18.7,99
patagonia,2019-10-22,-2.1,-2.9,5.3,17.6,100
patagonia,2019-10-23,2.7,-2.5,2.9,14.3,97
patagonia,2019-10-24,1.4,-3.6,9.7,18.2,99
patagonia,2019-10-25,-1.7,-5.9,0.2,8.7,88
patagonia,2019-10-26,-3.0,-8.2,30.8,12.4,100
patagonia,2019-10-27,-6.1,-8.0,34.5,12.6,100
patagonia,2019-10-28,-5.3,-7.1,26.2,13.1,97
patagonia,2019-10-29,-3.3,-8.4,0.1,11.6,30
patagonia,2019-10-30,-0.3,-4.0,9.4,15.8,97
patagonia,2019-10-31,0.4,-5.4,44.5,13.9,98
patagonia,2019-11-01,-2.7,-5.5,30.2,19.6,100
patagonia,2019-11-02,-1.5,-4.2,63.6,23.4,100
patagonia,2019-11-03,-4.6,-6.2,63.6,16.8,100
patagonia,2019-11-04,-4.3,-5.5,56.3,22.1,100
patagonia,2019-11-05,-4.0,-6.5,100.8,22.4,100
patagonia,2019-11-06,-5.3,-8.3,26.3,17.3,100
patagonia,2019-11-07,-4.8,-8.2,56.4,15.5,100
patagonia,2019-11-08,-4.2,-6.6,10.6,15.5,100
patagonia,2019-11-09,0.7,-8.2,0.0,7.1,48
patagonia,2019-11-10,2.2,-0.2,11.5,12.3,100
patagonia,2019-11-11,2.2,0.2,2.4,12.3,93
patagonia,2019-11-12,2.1,0.2,1.3,7.3,84
patagonia,2019-11-13,1.7,0.6,23.1,17.9,100
patagonia,2019-11-14,2.7,-1.2,45.9,13.3,100
patagonia,2019-11-15,-0.9,-3.4,55.8,18.3,100
patagonia,2019-11-16,-1.0,-3.3,80.0,14.3,100
patagonia,2019-11-17,-2.3,-4.3,61.4,19.1,100
patagonia,2019-11-18,-2.4,-3.6,49.1,17.7,100
patagonia,2019-11-19,-0.4,-4.5,57.3,14.9,100
patagonia,2019-11-20,-2.7,-5.0,21.3,14.9,100
patagonia,2019-11-21,-1.9,-3.8,15.6,18.5,100
patagonia,2019-11-22,1.0,-1.8,8.2,20.8,84
patagonia,2019-11-23,11.0,-1.4,5.2,11.7,81
patagonia,2019-11-24,-1.1,-3.8,3.9,12.6,97
patagonia,2019-11-25,-1.0,-4.4,23.5,16.1,100
patagonia,2019-11-26,-3.7,-5.2,24.6,12.0,99
patagonia,2019-11-27,-3.6,-5.6,16.3,13.5,100
patagonia,2019-11-28,-2.6,-6.0,9.3,8.9,99
patagonia,2019-11-29,-2.9,-5.0,20.2,12.8,99
patagonia,2019-11-30,-1.2,-5.0,7.5,15.2,100
patagonia,2019-12-01,2.3,-0.9,4.9,11.7,88
patagonia,2019-12-02,2.0,-2.1,15.6,15.6,99
patagonia,2019-12-03,1.2,-2.9,0.0,15.4,92
patagonia,2019-12-04,1.0,-2.0,11.5,22.0,100
patagonia,2019-12-05,1.0,-3.0,28.1,23.2,100
patagonia,2019-12-06,0.7,-0.5,8.0,20.6,100
patagonia,2019-12-07,0.9,-0.3,33.1,19.8,100
patagonia,2019-12-08,3.0,-0.7,26.6,27.9,100
patagonia,2019-12-09,2.6,-2.8,41.5,27.5,100
patagonia,2019-12-10,-0.7,-3.3,0.4,19.5,81
patagonia,2019-12-11,-0.9,-3.0,19.2,11.7,100
patagonia,2019-12-12,-0.4,-3.9,7.3,14.1,100
patagonia,2019-12-13,0.4,-1.5,23.5,15.9,100
patagonia,2019-12-14,0.1,-1.0,35.1,22.8,100
patagonia,2019-12-15,-0.7,-2.4,59.8,22.1,100
patagonia,2019-12-16,0.6,-3.2,24.1,20.9,100
patagonia,2019-12-17,2.5,0.0,52.3,20.9,100
patagonia,2019-12-18,0.9,-3.4,63.8,18.3,100
patagonia,2019-12-19,-1.4,-4.0,42.4,16.9,100
patagonia,2019-12-20,0.3,-1.9,27.8,25.9,100
patagonia,2019-12-21,1.3,-1.9,38.4,27.3,100
patagonia,2019-12-22,4.3,-1.7,49.2,23.3,100
patagonia,2019-12-23,-2.5,-4.0,34.5,15.3,99
patagonia,2019-12-24,-2.0,-5.7,40.1,16.1,99
patagonia,2019-12-25,-1.6,-2.2,105.0,19.0,100
patagonia,2019-12-26,3.6,-1.8,47.0,18.6,100
patagonia,2019-12-27,-0.6,-2.5,59.9,13.5,100
patagonia,2019-12-28,1.2,-2.2,33.7,22.6,100
patagonia,2019-12-29,1.0,-1.3,4.4,18.0,94
patagonia,2019-12-30,0.2,-1.3,3.5,18.0,94
patagonia,2019-12-31,1.8,-1.6,0.1,10.8,89
patagonia,2020-01-01,4.7,0.7,2.0,13.8,77
patagonia,2020-01-02,5.1,1.4,42.3,19.5,100
patagonia,2020-01-03,1.3,-2.7,33.8,11.6,98
patagonia,2020-01-04,-0.8,-3.1,37.7,14.1,100
patagonia,2020-01-05,-0.6,-3.2,23.0,14.7,100
patagonia,2020-01-06,2.7,-3.2,13.7,22.1,100
patagonia,2020-01-07,1.6,-3.3,28.8,13.2,96
patagonia,2020-01-08,-2.8,-5.0,17.2,12.4,97
patagonia,2020-01-09,-3.3,-5.3,15.2,18.3,100
patagonia,2020-01-10,1.7,-3.1,39.5,25.0,100
patagonia,2020-01-11,2.5,-0.4,24.6,25.3,100
patagonia,2020-01-12,4.2,2.0,25.5,24.4,100
patagonia,2020-01-13,5.3,2.1,48.7,17.6,100
patagonia,2020-01-14,2.0,-5.0,32.2,13.9,99
patagonia,2020-01-15,-3.2,-5.4,21.1,21.1,98
patagonia,2020-01-16,3.1,-3.5,22.1,26.3,100
patagonia,2020-01-17,3.6,-0.7,50.6,22.7,100
patagonia,2020-01-18,0.9,-0.7,19.2,24.5,100
patagonia,2020-01-19,0.2,-1.2,36.8,22.4,100
patagonia,2020-01-20,4.2,-0.9,33.8,22.0,100
patagonia,2020-01-21,3.5,1.2,17.5,19.8,100
patagonia,2020-01-22,1.5,-1.3,25.3,13.1,100
patagonia,2020-01-23,1.3,-3.7,55.8,13.0,100
patagonia,2020-01-24,3.0,-2.5,32.5,21.9,100
patagonia,2020-01-25,0.8,-2.8,28.3,22.4,98
patagonia,2020-01-26,0.6,-1.9,8.4,22.2,95
patagonia,2020-01-27,2.7,-2.1,24.1,21.5,98
patagonia,2020-01-28,-1.5,-3.6,22.7,18.2,100
patagonia,2020-01-29,0.8,-3.6,29.8,27.0,100
patagonia,2020-01-30,1.7,-0.5,26.1,26.2,99
patagonia,2020-01-31,1.5,-1.3,6.8,19.5,100
patagonia,2020-02-01,3.0,-4.0,39.8,15.3,99
patagonia,2020-02-02,3.8,-3.8,38.0,18.3,99
patagonia,2020-02-03,1.5,-2.1,34.9,14.7,83
patagonia,2020-02-04,-1.4,-2.6,35.6,16.4,95
patagonia,2020-02-05,-1.5,-4.3,0.5,8.9,99
patagonia,2020-02-06,3.5,-4.4,0.0,5.1,12
patagonia,2020-02-07,4.5,0.5,0.0,5.4,26
patagonia,2020-02-08,5.8,1.7,0.0,5.1,54
patagonia,2020-02-09,8.2,1.3,6.6,11.5,86
patagonia,2020-02-10,1.1,-0.5,0.2,12.1,90
patagonia,2020-02-11,4.2,-0.6,21.2,14.7,100
patagonia,2020-02-12,-0.7,-1.8,12.8,15.2,100
patagonia,2020-02-13,1.9,-0.8,26.6,18.4,100
patagonia,2020-02-14,0.1,-1.7,38.1,20.0,100
patagonia,2020-02-15,0.6,-3.3,53.4,20.5,99
patagonia,2020-02-16,-2.4,-4.4,33.2,17.1,100
patagonia,2020-02-17,-1.2,-3.0,32.4,20.3,100
patagonia,2020-02-18,-1.4,-2.8,63.3,19.7,100
patagonia,2020-02-19,-2.0,-3.5,8.6,18.8,94
patagonia,2020-02-20,4.6,-3.8,0.0,10.5,40
patagonia,2020-02-21,10.5,3.9,0.0,9.5,38
patagonia,2020-02-22,14.3,0.6,4.6,26.2,68
patagonia,2020-02-23,0.4,-1.1,28.2,24.8,100
patagonia,2020-02-24,-0.4,-3.1,50.5,21.9,100
patagonia,2020-02-25,3.5,-1.2,30.6,22.7,100
patagonia,2020-02-26,4.7,0.5,60.8,25.6,100
patagonia,2020-02-27,0.2,-2.4,17.3,21.2,100
patagonia,2020-02-28,3.8,-0.9,4.6,20.5,100
patagonia,2020-02-29,5.1,3.8,17.9,27.8,99
patagonia,2020-03-01,5.0,3.7,51.0,22.6,100
patagonia,2020-03-02,4.4,3.2,44.0,16.9,100
patagonia,2020-03-03,6.2,1.8,4.2,10.2,96
patagonia,2020-03-04,5.6,3.2,13.2,18.9,95
patagonia,2020-03-05,5.1,1.5,0.2,12.2,72
patagonia,2020-03-06,7.1,-0.6,27.0,20.9,98
patagonia,2020-03-07,0.8,-2.4,67.4,24.2,100
patagonia,2020-03-08,1.4,-0.3,33.7,20.3,100
patagonia,2020-03-09,1.6,0.7,13.5,15.1,100
patagonia,2020-03-10,1.2,-1.5,7.7,7.0,100
patagonia,2020-03-11,4.9,1.0,16.7,13.8,100
patagonia,2020-03-12,2.4,-0.2,8.8,11.2,95
patagonia,2020-03-13,0.5,-1.3,0.6,17.1,92
patagonia,2020-03-14,3.3,0.2,14.7,23.0,100
patagonia,2020-03-15,4.7,3.2,30.1,24.0,100
patagonia,2020-03-16,4.3,-2.1,27.9,23.0,93
patagonia,2020-03-17,0.9,-2.3,0.6,22.6,84
patagonia,2020-03-18,2.0,-1.4,36.3,30.5,100
patagonia,2020-03-19,-1.1,-2.5,6.0,28.1,100
patagonia,2020-03-20,2.9,-2.0,32.9,28.7,100
patagonia,2020-03-21,2.5,-0.6,60.8,14.2,100
patagonia,2020-03-22,5.0,2.0,28.4,16.6,100
patagonia,2020-03-23,5.6,-0.8,50.5,21.4,100
patagonia,2020-03-24,0.7,-5.1,7.9,15.6,83
patagonia,2020-03-25,4.8,0.3,14.9,22.2,100
patagonia,2020-03-26,2.6,-2.2,45.7,23.4,100
patagonia,2020-03-27,-1.8,-3.9,2.2,13.9,100
patagonia,2020-03-28,-2.1,-3.2,4.4,9.1,100
patagonia,2020-03-29,-1.2,-3.5,9.7,15.3,98
patagonia,2020-03-30,0.5,-0.8,17.6,20.4,96
patagonia,2020-03-31,-0.5,-1.5,1.7,20.1,100
patagonia,2020-04-01,2.2,-0.5,10.2,22.2,100
patagonia,2020-04-02,2.7,0.8,50.1,23.2,100
patagonia,2020-04-03,0.0,-6.1,30.4,14.1,100
patagonia,2020-04-04,-2.9,-6.0,89.7,13.6,100
patagonia,2020-04-05,-4.2,-5.7,25.3,15.8,100
patagonia,2020-04-06,1.3,-4.0,10.3,23.5,100
patagonia,2020-04-07,4.3,1.4,19.7,23.5,100
patagonia,2020-04-08,7.2,2.9,0.0,19.1,33
patagonia,2020-04-09,4.2,-1.3,16.7,17.7,93
patagonia,2020-04-10,-1.5,-4.3,26.4,12.9,100
patagonia,2020-04-11,-2.0,-4.7,53.4,19.6,100
patagonia,2020-04-12,1.3,-2.0,50.2,18.6,100
patagonia,2020-04-13,1.3,-0.2,14.6,20.1,100
patagonia,2020-04-14,0.5,-1.1,2.1,16.7,88
patagonia,2020-04-15,6.6,-0.2,5.1,5.9,99
patagonia,2020-04-16,7.2,-0.4,10.1,21.7,94
patagonia,2020-04-17,0.8,-2.7,23.9,16.9,67
patagonia,2020-04-18,-1.3,-4.0,46.9,11.1,99
patagonia,2020-04-19,-3.6,-4.8,45.1,16.7,100
patagonia,2020-04-20,-1.2,-4.2,32.1,22.0,100
patagonia,2020-04-21,-0.3,-2.2,13.6,22.0,100
patagonia,2020-04-22,-0.2,-3.3,2.7,17.5,100
patagonia,2020-04-23,-0.6,-3.5,0.0,6.1,86
patagonia,2020-04-24,-3.6,-6.2,0.0,6.6,58
patagonia,2020-04-25,0.8,-6.3,0.0,7.8,12
patagonia,2020-04-26,3.9,-1.4,0.0,8.6,37
patagonia,2020-04-27,5.1,-0.1,0.0,7.4,1
patagonia,2020-04-28,3.8,0.9,0.0,7.9,5
patagonia,2020-04-29,1.9,-2.2,19.9,13.6,89
patagonia,2020-04-30,-0.6,-2.0,3.8,16.4,100
patagonia,2020-05-01,3.4,-2.2,0.1,7.7,95
patagonia,2020-05-02,3.4,-2.3,1.3,7.7,78
patagonia,2020-05-03,-1.6,-5.2,0.0,7.3,87
patagonia,2020-05-04,0.3,-3.9,0.0,6.4,28
patagonia,2020-05-05,1.6,-2.4,0.0,8.6,34
patagonia,2020-05-06,3.7,0.6,16.1,21.2,100
patagonia,2020-05-07,5.2,1.3,30.8,19.6,100
patagonia,2020-05-08,0.7,-1.4,4.0,19.6,82
patagonia,2020-05-09,-0.3,-4.2,3.1,8.7,96
patagonia,2020-05-10,-1.3,-4.0,11.6,14.0,81
patagonia,2020-05-11,-2.5,-4.2,51.2,17.7,100
patagonia,2020-05-12,-4.0,-5.9,0.2,11.8,93
patagonia,2020-05-13,-1.5,-6.0,3.4,14.7,99
patagonia,2020-05-14,0.3,-2.0,26.1,19.8,100
patagonia,2020-05-15,1.0,-3.8,58.0,14.6,100
patagonia,2020-05-16,-1.7,-3.7,71.0,14.9,100
patagonia,2020-05-17,-3.3,-4.9,53.5,11.8,100
patagonia,2020-05-18,-1.7,-4.3,43.1,18.2,100
patagonia,2020-05-19,-3.9,-4.9,24.2,16.5,100
patagonia,2020-05-20,-2.8,-3.8,10.8,11.1,100
patagonia,2020-05-21,-1.7,-3.4,2.3,12.6,100
patagonia,2020-05-22,1.9,-1.5,21.9,23.7,100
patagonia,2020-05-23,3.3,1.6,42.6,20.9,100
patagonia,2020-05-24,1.6,-3.0,45.8,21.0,100
patagonia,2020-05-25,4.6,-4.1,16.0,17.3,100
patagonia,2020-05-26,2.5,-3.1,66.0,18.4,100
patagonia,2020-05-27,-2.9,-3.9,6.8,13.8,99
patagonia,2020-05-28,-3.9,-7.5,0.1,7.6,54
patagonia,2020-05-29,-3.5,-7.3,0.0,11.3,52
patagonia,2020-05-30,-0.4,-3.6,21.6,17.7,99
patagonia,2020-05-31,0.7,-2.8,1.3,16.6,96
patagonia,2020-06-01,0.8,-6.5,55.0,19.5,100
patagonia,2020-06-02,-5.2,-7.4,20.1,15.2,100
patagonia,2020-06-03,-2.5,-5.8,68.3,27.2,100
patagonia,2020-06-04,-1.2,-3.4,66.0,20.7,100
patagonia,2020-06-05,-2.6,-4.0,63.7,16.3,100
patagonia,2020-06-06,-2.0,-5.1,41.4,15.9,100
patagonia,2020-06-07,-2.7,-6.5,66.4,11.2,100
patagonia,2020-06-08,-3.6,-7.6,72.6,14.5,100
patagonia,2020-06-09,-3.4,-7.7,69.0,18.1,100
patagonia,2020-06-10,-5.9,-8.4,23.1,13.9,99
patagonia,2020-06-11,-6.8,-11.3,0.0,9.7,68
patagonia,2020-06-12,-8.4,-12.2,3.7,9.4,90
patagonia,2020-06-13,-5.7,-10.7,10.3,9.4,99
patagonia,2020-06-14,-1.4,-5.0,16.5,15.3,92
patagonia,2020-06-15,2.1,-5.0,0.2,16.7,82
patagonia,2020-06-16,1.9,-5.9,0.0,8.5,26
patagonia,2020-06-17,-1.0,-6.5,0.3,9.6,61
patagonia,2020-06-18,0.3,-6.5,3.4,10.7,90
patagonia,2020-06-19,-3.0,-5.0,24.0,15.7,99
patagonia,2020-06-20,-2.0,-5.4,30.4,14.5,99
patagonia,2020-06-21,-2.6,-5.5,23.1,17.1,98
patagonia,2020-06-22,-4.1,-6.0,11.7,7.2,100
patagonia,2020-06-23,-4.0,-7.2,11.9,5.9,100
patagonia,2020-06-24,-6.8,-10.8,5.9,9.2,88
patagonia,2020-06-25,-6.7,-9.1,1.5,11.4,57
patagonia,2020-06-26,-3.1,-8.3,0.0,4.7,1
patagonia,2020-06-27,-0.7,-7.5,0.0,5.9,38
patagonia,2020-06-28,-4.4,-7.9,0.0,8.7,17
patagonia,2020-06-29,-6.8,-8.6,0.0,7.1,5
patagonia,2020-06-30,-2.8,-6.7,0.0,5.5,20
patagonia,2020-07-01,-1.7,-7.0,0.0,5.8,27
patagonia,2020-07-02,-1.9,-8.8,0.1,6.7,98
patagonia,2020-07-03,-7.2,-10.2,0.0,6.0,84
patagonia,2020-07-04,-6.7,-8.9,0.0,5.1,5
patagonia,2020-07-05,-6.6,-8.1,0.0,5.5,29
patagonia,2020-07-06,-6.5,-8.4,0.0,5.8,18
patagonia,2020-07-07,-1.7,-6.2,2.7,5.9,98
patagonia,2020-07-08,-6.1,-9.0,34.9,15.5,94
patagonia,2020-07-09,-7.8,-10.0,26.7,17.9,100
patagonia,2020-07-10,-7.3,-9.2,32.8,12.6,99
patagonia,2020-07-11,-7.9,-9.0,12.3,11.6,100
patagonia,2020-07-12,-6.6,-9.0,14.7,16.6,100
patagonia,2020-07-13,-6.0,-8.6,11.9,16.3,99
patagonia,2020-07-14,-5.8,-7.2,6.8,11.1,100
patagonia,2020-07-15,-7.2,-11.4,3.5,7.5,80
patagonia,2020-07-16,-10.5,-12.5,0.0,8.5,33
patagonia,2020-07-17,-9.4,-11.2,3.8,8.9,100
patagonia,2020-07-18,-7.2,-9.4,0.7,10.5,100
patagonia,2020-07-19,-7.3,-7.9,0.3,12.3,100
patagonia,2020-07-20,-7.4,-8.7,0.0,9.9,81
patagonia,2020-07-21,-0.6,-8.6,0.0,5.9,11
patagonia,2020-07-22,-0.2,-7.1,0.0,10.6,0
patagonia,2020-07-23,-5.3,-10.4,1.9,20.5,87
patagonia,2020-07-24,-3.9,-5.3,36.1,22.5,100
patagonia,2020-07-25,-5.6,-13.0,6.0,12.6,67
patagonia,2020-07-26,-6.8,-13.8,14.4,16.8,82
patagonia,2020-07-27,-5.3,-6.9,7.8,16.8,100
patagonia,2020-07-28,-5.3,-5.8,5.4,19.5,100
patagonia,2020-07-29,-5.7,-7.4,0.4,16.2,98
patagonia,2020-07-30,0.9,-5.8,2.2,4.9,85
patagonia,2020-07-31,-0.8,-5.0,7.2,11.1,87
patagonia,2020-08-01,-0.8,-4.6,11.4,17.9,94
patagonia,2020-08-02,-3.5,-6.6,36.4,21.9,99
patagonia,2020-08-03,-0.3,-4.8,22.8,18.9,98
patagonia,2020-08-04,-1.4,-4.5,3.2,24.4,89
patagonia,2020-08-05,-1.8,-7.1,20.1,16.4,92
patagonia,2020-08-06,-5.1,-6.6,50.4,13.6,100
patagonia,2020-08-07,-5.4,-8.1,8.1,17.4,100
patagonia,2020-08-08,-5.7,-7.5,14.3,18.3,100
patagonia,2020-08-09,-6.6,-9.8,16.8,17.3,99
patagonia,2020-08-10,-5.2,-9.1,28.3,21.6,100
patagonia,2020-08-11,-4.4,-6.9,52.4,23.0,100
patagonia,2020-08-12,-6.3,-8.1,22.3,18.1,100
patagonia,2020-08-13,-6.6,-9.6,17.0,9.1,100
patagonia,2020-08-14,-5.9,-10.0,17.7,13.4,100
patagonia,2020-08-15,-6.6,-10.4,52.4,18.8,100
patagonia,2020-08-16,-7.5,-8.8,31.9,21.1,100
patagonia,2020-08-17,-6.7,-9.1,45.1,19.5,100
patagonia,2020-08-18,-8.8,-11.1,2.0,10.3,92
patagonia,2020-08-19,-2.4,-9.3,15.3,22.9,100
patagonia,2020-08-20,-3.6,-4.4,2.4,25.2,100
patagonia,2020-08-21,-1.9,-4.3,21.1,24.3,100
patagonia,2020-08-22,-3.1,-10.2,63.5,16.6,100
patagonia,2020-08-23,-9.9,-11.0,24.6,11.2,100
patagonia,2020-08-24,-9.6,-13.0,1.4,8.6,48
patagonia,2020-08-25,-5.1,-9.5,0.0,9.8,10
patagonia,2020-08-26,-6.3,-9.4,12.4,13.7,94
patagonia,2020-08-27,-6.3,-11.8,34.6,16.1,100
patagonia,2020-08-28,-10.9,-14.2,13.7,13.0,100
patagonia,2020-08-29,-5.3,-10.5,61.6,21.7,100
patagonia,2020-08-30,-4.9,-6.8,20.2,19.4,98
patagonia,2020-08-31,-4.1,-7.4,0.1,9.0,69
patagonia,2020-09-01,3.9,-3.0,0.0,7.6,90
patagonia,2020-09-02,-1.3,-5.1,19.0,13.3,100
patagonia,2020-09-03,-4.9,-5.6,39.3,14.1,100
patagonia,2020-09-04,-5.2,-8.1,2.7,7.8,100
patagonia,2020-09-05,-3.1,-7.8,13.1,15.5,99
patagonia,2020-09-06,-3.6,-5.2,8.9,16.2,100
patagonia,2020-09-07,-0.6,-5.4,5.0,8.0,89
patagonia,2020-09-08,-4.0,-6.2,30.2,10.4,97
patagonia,2020-09-09,-2.5,-6.3,25.4,14.8,97
patagonia,2020-09-10,-1.3,-7.3,39.2,15.1,99
patagonia,2020-09-11,-3.6,-7.1,31.1,13.0,100
patagonia,2020-09-12,-4.7,-6.9,63.4,17.2,100
patagonia,2020-09-13,-2.2,-5.6,18.0,29.9,97
patagonia,2020-09-14,-2.0,-7.6,66.7,28.9,100
patagonia,2020-09-15,-6.7,-7.9,12.7,18.4,100
patagonia,2020-09-16,-3.3,-7.8,39.9,22.8,99
patagonia,2020-09-17,-3.6,-9.0,53.5,18.7,100
patagonia,2020-09-18,-5.8,-10.1,16.2,19.4,100
patagonia,2020-09-19,-5.4,-6.6,7.5,23.2,98
patagonia,2020-09-20,-1.0,-6.2,0.0,12.3,80
patagonia,2020-09-21,0.4,-3.5,11.2,11.3,96
patagonia,2020-09-22,-3.3,-5.5,38.5,24.0,100
patagonia,2020-09-23,-2.4,-3.0,20.7,26.3,99
patagonia,2020-09-24,-1.8,-3.6,42.7,23.8,100
patagonia,2020-09-25,-2.2,-3.2,15.2,20.7,100
patagonia,2020-09-26,-3.1,-4.5,34.1,20.5,100
patagonia,2020-09-27,-1.7,-4.7,31.2,17.4,100
patagonia,2020-09-28,-2.8,-9.6,28.7,13.7,100
patagonia,2020-09-29,-7.6,-10.3,19.5,16.2,100
patagonia,2020-09-30,-6.5,-11.0,27.8,18.7,100
patagonia,2020-10-01,-10.5,-16.6,0.7,8.5,59
patagonia,2020-10-02,-6.7,-16.7,0.0,15.8,22
patagonia,2020-10-03,-2.6,-6.4,5.0,19.0,98
patagonia,2020-10-04,-2.0,-3.0,40.9,26.6,100
patagonia,2020-10-05,-2.8,-7.0,55.2,16.3,100
patagonia,2020-10-06,-5.0,-7.3,51.4,13.3,100
patagonia,2020-10-07,-2.5,-7.0,16.9,14.6,100
patagonia,2020-10-08,-2.5,-3.9,29.7,16.1,100
patagonia,2020-10-09,-0.3,-3.4,33.8,23.0,99
patagonia,2020-10-10,-2.5,-4.6,4.0,25.3,98
patagonia,2020-10-11,-2.3,-2.9,56.5,23.0,100
patagonia,2020-10-12,-1.1,-3.1,83.2,20.2,100
patagonia,2020-10-13,-3.4,-6.9,56.8,19.1,99
patagonia,2020-10-14,-2.1,-6.1,15.4,25.3,98
patagonia,2020-10-15,-2.0,-2.8,31.3,23.4,100
patagonia,2020-10-16,0.5,-2.2,46.4,20.6,100
patagonia,2020-10-17,0.8,-3.8,40.7,10.1,99
patagonia,2020-10-18,-3.2,-7.3,44.2,12.2,100
patagonia,2020-10-19,-4.9,-7.7,23.0,16.2,99
patagonia,2020-10-20,-4.8,-7.4,0.8,14.9,89
patagonia,2020-10-21,-0.5,-7.2,2.9,18.2,95
patagonia,2020-10-22,-0.5,-1.4,40.4,19.2,100
patagonia,2020-10-23,1.2,-0.9,5.2,6.4,97
patagonia,2020-10-24,0.8,-2.6,9.4,4.5,89
patagonia,2020-10-25,-1.1,-3.3,4.4,14.0,84
patagonia,2020-10-26,-1.1,-6.2,36.4,15.6,99
patagonia,2020-10-27,-4.6,-7.3,42.4,14.3,99
patagonia,2020-10-28,-2.7,-6.2,13.2,22.2,99
patagonia,2020-10-29,-1.8,-3.8,7.5,21.4,100
patagonia,2020-10-30,1.3,-1.6,1.4,21.7,76
patagonia,2020-10-31,2.1,-1.6,0.0,15.0,64
patagonia,2020-11-01,6.9,0.6,0.0,9.8,85
patagonia,2020-11-02,2.1,0.4,2.0,8.6,100
patagonia,2020-11-03,3.3,-0.3,5.5,4.9,96
patagonia,2020-11-04,3.2,-1.3,20.8,15.0,99
patagonia,2020-11-05,-1.0,-3.5,25.0,14.2,100
patagonia,2020-11-06,-1.6,-4.1,0.3,16.6,91
patagonia,2020-11-07,0.7,-1.6,28.1,24.3,100
patagonia,2020-11-08,1.3,0.5,63.8,26.6,100
patagonia,2020-11-09,1.3,0.2,49.5,22.4,100
patagonia,2020-11-10,2.9,1.2,3.2,18.1,100
patagonia,2020-11-11,3.7,0.2,19.1,15.7,100
patagonia,2020-11-12,0.6,-3.8,28.5,16.3,100
patagonia,2020-11-13,-3.1,-5.8,31.3,15.8,100
patagonia,2020-11-14,-3.2,-6.5,14.2,27.1,100
patagonia,2020-11-15,-0.6,-2.9,33.7,29.5,100
patagonia,2020-11-16,1.0,-1.7,9.0,23.1,100
patagonia,2020-11-17,1.1,-0.5,5.1,19.9,99
patagonia,2020-11-18,3.4,1.0,2.1,15.8,98
patagonia,2020-11-19,4.2,2.7,0.3,17.1,95
patagonia,2020-11-20,3.4,1.2,1.3,12.5,90
patagonia,2020-11-21,2.3,-3.5,17.5,15.8,100
patagonia,2020-11-22,-1.5,-3.5,40.1,17.4,100
patagonia,2020-11-23,-1.8,-5.7,40.1,13.7,98
patagonia,2020-11-24,-1.9,-5.9,34.8,18.3,100
patagonia,2020-11-25,-1.4,-5.0,23.5,17.0,100
patagonia,2020-11-26,-1.0,-4.9,50.6,21.4,100
patagonia,2020-11-27,-2.4,-7.4,30.4,16.6,100
patagonia,2020-11-28,-4.5,-6.9,41.3,18.1,100
patagonia,2020-11-29,-1.1,-5.2,38.9,27.8,100
patagonia,2020-11-30,-2.2,-3.4,63.7,26.9,100
patagonia,2020-12-01,-3.5,-6.6,52.2,16.6,100
patagonia,2020-12-02,-3.5,-6.1,50.2,19.1,100
patagonia,2020-12-03,-2.5,-5.1,26.5,16.8,100
patagonia,2020-12-04,0.9,-2.9,0.7,15.1,100
patagonia,2020-12-05,3.7,1.2,9.5,16.1,100
patagonia,2020-12-06,4.7,3.6,9.0,16.1,99
patagonia,2020-12-07,4.4,1.1,6.4,13.6,95
patagonia,2020-12-08,4.1,-0.1,15.0,18.2,100
patagonia,2020-12-09,1.3,-1.0,10.5,19.0,99
patagonia,2020-12-10,0.4,-0.7,7.7,10.5,98
patagonia,2020-12-11,-0.5,-4.6,38.0,15.6,100
patagonia,2020-12-12,-2.7,-4.2,42.3,17.9,100
patagonia,2020-12-13,-3.0,-4.7,58.7,16.0,100
patagonia,2020-12-14,-4.4,-6.7,29.6,18.9,100
patagonia,2020-12-15,-2.2,-5.1,44.4,25.9,100
patagonia,2020-12-16,-1.6,-2.4,25.3,23.5,100
patagonia,2020-12-17,-0.4,-3.9,37.4,19.9,100
patagonia,2020-12-18,-0.6,-2.4,23.8,12.7,100
patagonia,2020-12-19,0.7,-1.1,10.8,17.8,100
patagonia,2020-12-20,1.1,-3.5,33.9,21.9,100
patagonia,2020-12-21,-1.7,-3.8,3.7,16.9,98
patagonia,2020-12-22,-2.1,-3.0,29.3,18.9,100
patagonia,2020-12-23,0.7,-4.9,72.4,23.1,100
patagonia,2020-12-24,-2.5,-5.0,26.9,16.9,99
patagonia,2020-12-25,1.2,-3.2,20.2,18.9,99
patagonia,2020-12-26,3.9,0.5,33.3,20.2,100
patagonia,2020-12-27,6.4,-1.3,22.7,24.2,74
patagonia,2020-12-28,-0.3,-3.4,0.6,12.4,74
patagonia,2020-12-29,-1.9,-4.3,3.6,14.8,89
patagonia,2020-12-30,1.4,-3.6,13.5,18.1,100
patagonia,2020-12-31,3.8,1.2,31.1,23.0,100
patagonia,2021-01-01,4.4,2.7,40.0,25.5,100
patagonia,2021-01-02,3.1,-2.1,40.3,28.4,100
patagonia,2021-01-03,-2.2,-3.5,44.8,15.3,99
patagonia,2021-01-04,0.3,-2.8,3.8,16.4,98
patagonia,2021-01-05,0.5,-1.4,1.9,16.1,100
patagonia,2021-01-06,2.3,-0.8,33.1,14.6,100
patagonia,2021-01-07,-1.0,-2.9,27.8,23.1,100
patagonia,2021-01-08,-0.7,-1.4,50.4,21.1,100
patagonia,2021-01-09,-1.7,-3.8,25.9,14.2,96
patagonia,2021-01-10,-2.1,-4.5,10.9,12.2,100
patagonia,2021-01-11,-2.7,-5.7,34.7,24.2,100
patagonia,2021-01-12,-0.7,-4.5,12.5,20.1,97
patagonia,2021-01-13,2.1,-0.9,0.3,12.6,94
patagonia,2021-01-14,3.3,0.5,0.8,11.3,93
patagonia,2021-01-15,4.3,1.9,0.2,7.7,58
patagonia,2021-01-16,3.4,1.7,13.1,16.1,95
patagonia,2021-01-17,3.0,2.0,27.8,25.9,100
patagonia,2021-01-18,2.1,-0.4,13.2,22.9,100
patagonia,2021-01-19,3.9,0.8,1.2,15.5,87
patagonia,2021-01-20,4.1,0.8,18.9,20.2,100
patagonia,2021-01-21,0.8,-1.6,39.3,16.2,100
patagonia,2021-01-22,-0.9,-3.3,16.3,15.0,99
patagonia,2021-01-23,0.2,-2.9,13.2,20.3,100
patagonia,2021-01-24,0.8,-4.2,47.3,20.5,100
patagonia,2021-01-25,-3.8,-5.4,48.1,14.0,99
patagonia,2021-01-26,-3.2,-5.0,34.1,15.0,100
patagonia,2021-01-27,-3.1,-4.4,15.6,16.0,100
patagonia,2021-01-28,-1.9,-3.6,31.5,16.7,100
patagonia,2021-01-29,-2.0,-4.0,9.7,14.0,100
patagonia,2021-01-30,0.8,-2.0,0.4,10.8,94
patagonia,2021-01-31,2.6,-1.8,0.3,21.2,59
patagonia,2021-02-01,2.5,0.0,17.4,26.9,100
patagonia,2021-02-02,5.5,2.2,15.6,24.9,100
patagonia,2021-02-03,5.1,3.1,13.3,26.1,100
patagonia,2021-02-04,5.7,2.4,22.8,25.8,100
patagonia,2021-02-05,2.1,-4.0,1.0,17.4,92
patagonia,2021-02-06,0.5,-2.8,0.5,5.2,64
patagonia,2021-02-07,6.8,0.8,0.0,8.4,39
patagonia,2021-02-08,5.8,3.5,0.1,13.1,72
patagonia,2021-02-09,9.0,3.5,0.0,9.4,47
patagonia,2021-02-10,8.8,5.2,0.8,15.5,50
patagonia,2021-02-11,7.0,-1.3,32.1,18.4,97
patagonia,2021-02-12,1.1,-1.9,2.8,15.5,91
patagonia,2021-02-13,0.7,-3.7,46.0,13.6,100
patagonia,2021-02-14,-1.4,-4.9,6.1,14.3,99
patagonia,2021-02-15,2.1,-1.6,0.4,15.0,94
patagonia,2021-02-16,2.1,1.1,9.3,16.3,100
patagonia,2021-02-17,2.5,-2.5,33.5,13.6,100
patagonia,2021-02-18,-2.5,-4.2,13.6,14.9,99
patagonia,2021-02-19,0.2,-4.0,16.3,17.9,100
patagonia,2021-02-20,1.4,-0.2,20.7,22.2,100
patagonia,2021-02-21,0.9,-2.5,9.3,15.7,100
patagonia,2021-02-22,1.3,-3.4,12.2,26.0,100
patagonia,2021-02-23,3.4,-0.6,19.0,26.5,97
patagonia,2021-02-24,3.0,1.0,55.3,23.5,100
patagonia,2021-02-25,3.3,1.9,11.4,20.0,99
patagonia,2021-02-26,8.7,0.8,0.0,9.5,15
patagonia,2021-02-27,12.1,4.2,0.2,16.6,16
patagonia,2021-02-28,5.2,-1.4,24.2,19.8,96
patagonia,2021-03-01,-1.7,-6.4,2.7,8.0,72
patagonia,2021-03-02,-1.3,-6.0,0.0,5.8,16
patagonia,2021-03-03,1.3,-2.4,0.0,6.6,29
patagonia,2021-03-04,1.6,-2.4,0.0,12.2,62
patagonia,2021-03-05,6.0,-0.1,23.2,22.1,99
patagonia,2021-03-06,6.1,-2.4,64.1,21.4,100
patagonia,2021-03-07,-1.8,-5.3,51.6,22.0,100
patagonia,2021-03-08,3.2,-4.2,17.4,27.9,100
patagonia,2021-03-09,5.5,-0.1,27.8,21.9,100
patagonia,2021-03-10,-1.0,-4.7,56.9,19.8,100
patagonia,2021-03-11,1.4,-3.7,52.0,30.5,100
patagonia,2021-03-12,2.8,0.2,14.0,30.4,97
patagonia,2021-03-13,0.7,-0.9,12.6,22.4,95
patagonia,2021-03-14,3.9,0.6,1.8,13.2,79
patagonia,2021-03-15,2.8,-5.0,32.8,20.9,100
patagonia,2021-03-16,-2.3,-6.1,3.7,13.2,100
patagonia,2021-03-17,2.1,-2.3,0.0,17.9,59
patagonia,2021-03-18,1.0,-1.8,6.4,23.2,97
patagonia,2021-03-19,1.3,-2.3,46.9,22.9,100
patagonia,2021-03-20,-0.2,-3.7,3.0,18.8,99
patagonia,2021-03-21,2.1,-0.4,0.6,17.6,99
patagonia,2021-03-22,2.9,1.6,10.0,19.9,100
patagonia,2021-03-23,1.6,-5.9,31.3,15.9,100
patagonia,2021-03-24,-1.1,-5.8,16.4,20.4,99
patagonia,2021-03-25,1.0,-2.3,18.6,25.3,100
patagonia,2021-03-26,3.0,-1.0,2.6,18.1,99
patagonia,2021-03-27,4.3,-2.3,34.6,31.9,100
patagonia,2021-03-28,1.9,-2.4,3.3,24.1,74
patagonia,2021-03-29,5.9,2.9,41.0,22.1,100
patagonia,2021-03-30,4.3,-2.9,21.3,14.0,78
patagonia,2021-03-31,2.5,-0.6,0.0,6.4,21
patagonia,2021-04-01,5.6,-1.0,0.0,7.9,5
patagonia,2021-04-02,1.0,-0.9,8.3,11.1,96
patagonia,2021-04-03,0.3,-6.1,22.3,12.7,100
patagonia,2021-04-04,-4.3,-8.7,0.9,6.6,79
patagonia,2021-04-05,3.6,-8.8,0.0,6.1,86
patagonia,2021-04-06,9.8,0.2,1.0,6.8,70
patagonia,2021-04-07,0.4,-1.4,24.8,16.1,100
patagonia,2021-04-08,-1.3,-4.5,16.1,15.0,99
patagonia,2021-04-09,-1.2,-5.7,0.0,17.6,44
patagonia,2021-04-10,0.7,-1.8,17.1,26.4,99
patagonia,2021-04-11,2.3,-2.1,30.4,19.0,100
patagonia,2021-04-12,0.1,-4.3,34.4,20.5,100
patagonia,2021-04-13,5.7,-3.1,54.5,28.1,100
patagonia,2021-04-14,-1.3,-5.3,75.2,16.7,100
patagonia,2021-04-15,0.5,-3.1,60.4,19.9,99
patagonia,2021-04-16,-0.4,-5.3,17.6,20.0,99
patagonia,2021-04-17,2.3,-0.3,1.3,16.1,95
patagonia,2021-04-18,4.0,-1.2,25.0,17.7,99
patagonia,2021-04-19,0.0,-4.3,41.1,12.0,100
patagonia,2021-04-20,-3.1,-5.0,7.3,12.8,60
patagonia,2021-04-21,-0.3,-3.6,0.6,10.5,28
patagonia,2021-04-22,1.9,-0.9,8.6,7.7,100
patagonia,2021-04-23,0.2,-3.5,0.8,6.6,98
patagonia,2021-04-24,1.2,-1.4,12.3,16.4,94
patagonia,2021-04-25,2.4,0.7,31.0,21.7,97
patagonia,2021-04-26,2.7,1.4,86.9,18.6,100
patagonia,2021-04-27,1.2,-2.3,78.6,12.9,100
patagonia,2021-04-28,-1.8,-4.5,53.8,13.6,100
patagonia,2021-04-29,4.5,-4.4,23.3,17.8,98
patagonia,2021-04-30,3.6,-2.0,11.4,20.2,94
patagonia,2021-05-01,-0.4,-3.3,4.1,8.0,96
patagonia,2021-05-02,-1.1,-5.8,37.3,14.1,100
patagonia,2021-05-03,-4.8,-8.3,1.0,12.3,91
patagonia,2021-05-04,-2.8,-6.3,2.0,17.6,99
patagonia,2021-05-05,-0.2,-2.8,0.0,14.0,97
patagonia,2021-05-06,4.1,-3.5,0.0,8.4,66
patagonia,2021-05-07,4.8,-3.0,0.6,10.6,89
patagonia,2021-05-08,-1.2,-4.0,17.6,12.5,99
patagonia,2021-05-09,-1.6,-4.3,14.3,18.3,100
patagonia,2021-05-10,0.3,-2.1,1.1,22.7,99
patagonia,2021-05-11,2.7,-1.5,35.8,23.0,100
patagonia,2021-05-12,-0.5,-2.1,53.0,18.4,100
patagonia,2021-05-13,0.6,-1.2,43.0,15.6,98
patagonia,2021-05-14,2.0,-0.9,0.2,4.9,67
patagonia,2021-05-15,0.3,-2.5,0.2,7.4,95
patagonia,2021-05-16,3.2,-0.8,0.3,7.2,79
patagonia,2021-05-17,3.6,1.1,12.2,11.9,100
patagonia,2021-05-18,1.3,-2.3,5.8,5.4,100
patagonia,2021-05-19,-0.6,-1.4,3.1,8.3,100
patagonia,2021-05-20,1.5,-3.9,0.0,6.3,64
patagonia,2021-05-21,0.1,-4.8,0.7,6.1,95
patagonia,2021-05-22,-1.5,-3.6,4.1,5.4,95
patagonia,2021-05-23,1.2,-5.2,33.9,15.2,100
patagonia,2021-05-24,-5.5,-9.1,47.5,13.8,100
patagonia,2021-05-25,-6.1,-8.7,20.0,15.8,100
patagonia,2021-05-26,-4.8,-9.3,2.2,13.3,95
patagonia,2021-05-27,-3.0,-10.2,22.1,7.3,99
patagonia,2021-05-28,-7.3,-10.1,6.4,16.5,100
patagonia,2021-05-29,-6.7,-7.7,7.8,17.9,100
patagonia,2021-05-30,-4.0,-6.6,14.5,13.1,100
patagonia,2021-05-31,-1.2,-5.5,31.8,10.0,100
patagonia,2021-06-01,-4.2,-6.5,8.9,8.4,99
patagonia,2021-06-02,-3.5,-4.7,19.9,9.6,100
patagonia,2021-06-03,-3.6,-6.2,4.6,5.8,99
patagonia,2021-06-04,-3.3,-5.7,7.1,7.7,96
patagonia,2021-06-05,-2.7,-6.9,20.2,17.1,100
patagonia,2021-06-06,-1.6,-3.1,32.4,22.6,99
patagonia,2021-06-07,0.9,-3.5,21.9,17.0,99
patagonia,2021-06-08,-1.1,-4.8,55.1,16.6,93
patagonia,2021-06-09,-3.0,-5.0,74.6,13.1,100
patagonia,2021-06-10,-1.0,-5.0,18.0,19.3,100
patagonia,2021-06-11,0.3,-3.9,38.3,18.8,98
patagonia,2021-06-12,-3.8,-5.1,62.8,19.1,100
patagonia,2021-06-13,-4.8,-6.8,9.4,14.7,100
patagonia,2021-06-14,-3.7,-5.8,11.3,17.2,98
patagonia,2021-06-15,-3.4,-5.5,0.0,11.0,79
patagonia,2021-06-16,2.3,-3.7,0.0,7.7,1
patagonia,2021-06-17,1.8,-4.7,0.0,10.6,9
patagonia,2021-06-18,-4.0,-6.3,0.0,12.4,93
patagonia,2021-06-19,-2.7,-6.4,6.9,20.6,94
patagonia,2021-06-20,1.5,-4.5,7.0,16.6,94
patagonia,2021-06-21,1.6,-5.4,14.6,18.6,98
patagonia,2021-06-22,-3.2,-5.0,3.4,11.2,94
patagonia,2021-06-23,-3.2,-6.6,7.3,5.1,97
patagonia,2021-06-24,-2.3,-8.8,26.2,16.6,98
patagonia,2021-06-25,-4.8,-6.6,8.9,12.7,99
patagonia,2021-06-26,-2.1,-7.2,0.3,14.6,83
patagonia,2021-06-27,-0.3,-3.3,4.7,21.6,96
patagonia,2021-06-28,1.5,-0.3,29.4,22.2,100
patagonia,2021-06-29,2.2,-2.7,4.0,16.2,97
patagonia,2021-06-30,-0.7,-4.3,12.8,13.3,94
patagonia,2021-07-01,-2.7,-8.1,30.4,16.9,99
patagonia,2021-07-02,-1.1,-5.5,84.3,26.1,100
patagonia,2021-07-03,-1.9,-5.7,55.1,20.8,100
patagonia,2021-07-04,0.2,-5.7,52.1,20.9,100
patagonia,2021-07-05,0.1,-4.8,40.2,22.8,100
patagonia,2021-07-06,-3.5,-8.4,1.1,7.6,65
patagonia,2021-07-07,-2.8,-6.1,46.4,12.3,100
patagonia,2021-07-08,-2.3,-7.1,11.9,22.2,87
patagonia,2021-07-09,-3.5,-6.6,9.0,13.4,98
patagonia,2021-07-10,-5.0,-10.2,45.8,19.3,100
patagonia,2021-07-11,-7.2,-9.9,48.1,18.3,100
patagonia,2021-07-12,-7.7,-9.0,35.6,16.2,100
patagonia,2021-07-13,-2.7,-7.4,14.7,11.4,100
patagonia,2021-07-14,-2.1,-4.2,10.7,13.5,100
patagonia,2021-07-15,-3.4,-5.5,10.4,14.0,92
patagonia,2021-07-16,-4.6,-5.4,16.5,9.2,100
patagonia,2021-07-17,-1.5,-4.9,3.2,20.2,100
patagonia,2021-07-18,-0.2,-4.6,46.1,24.3,100
patagonia,2021-07-19,-3.7,-4.9,54.4,19.7,100
patagonia,2021-07-20,-4.7,-6.4,30.0,13.0,100
patagonia,2021-07-21,0.3,-7.4,10.3,18.8,98
patagonia,2021-07-22,-0.7,-6.4,53.1,19.4,100
patagonia,2021-07-23,-4.9,-6.9,52.3,18.3,100
patagonia,2021-07-24,-4.9,-6.8,54.4,13.2,100
patagonia,2021-07-25,-6.3,-7.8,22.9,13.0,100
patagonia,2021-07-26,-3.8,-6.8,17.4,17.8,100
patagonia,2021-07-27,-0.4,-4.6,3.9,17.6,99
patagonia,2021-07-28,-0.4,-2.0,12.2,21.3,100
patagonia,2021-07-29,-1.4,-6.8,48.2,23.7,100
patagonia,2021-07-30,-6.4,-7.7,27.5,19.4,100
patagonia,2021-07-31,-2.3,-6.4,18.8,26.5,100
patagonia,2021-08-01,-1.7,-5.4,66.3,25.1,100
patagonia,2021-08-02,-4.7,-6.9,54.1,16.3,100
patagonia,2021-08-03,-1.2,-7.1,22.0,21.4,100
patagonia,2021-08-04,3.5,-0.8,0.3,24.4,100
patagonia,2021-08-05,3.5,-9.3,53.0,23.0,98
patagonia,2021-08-06,-6.7,-9.5,61.6,13.5,100
patagonia,2021-08-07,-6.7,-8.5,25.6,16.3,100
patagonia,2021-08-08,-4.5,-7.0,2.7,18.5,99
patagonia,2021-08-09,-3.3,-5.2,18.9,23.7,100
patagonia,2021-08-10,-4.0,-6.3,13.4,18.8,95
patagonia,2021-08-11,-1.1,-5.6,5.4,25.6,90
patagonia,2021-08-12,-0.8,-2.9,34.0,31.1,98
patagonia,2021-08-13,-0.4,-2.8,48.7,22.9,100
patagonia,2021-08-14,0.3,-1.4,14.2,19.0,100
patagonia,2021-08-15,0.8,-2.0,5.2,7.9,99
patagonia,2021-08-16,-1.2,-4.5,6.4,8.7,99
patagonia,2021-08-17,-2.3,-4.6,17.5,16.8,98
patagonia,2021-08-18,-3.4,-4.8,13.5,6.2,100
patagonia,2021-08-19,-4.1,-11.3,8.5,7.9,93
patagonia,2021-08-20,-7.9,-11.6,0.0,4.8,13
patagonia,2021-08-21,-8.0,-12.9,0.0,6.5,62
patagonia,2021-08-22,-7.7,-13.7,1.0,7.5,72
patagonia,2021-08-23,-6.4,-9.8,5.5,17.3,100
patagonia,2021-08-24,-5.7,-7.9,7.0,16.7,98
patagonia,2021-08-25,-6.2,-7.7,6.3,5.5,99
patagonia,2021-08-26,-6.0,-8.4,0.5,6.0,71
patagonia,2021-08-27,-2.6,-8.3,12.0,12.0,99
patagonia,2021-08-28,-3.3,-4.6,37.8,18.4,99
patagonia,2021-08-29,-3.9,-7.4,7.8,8.3,97
patagonia,2021-08-30,-3.1,-6.8,0.5,15.3,42
patagonia,2021-08-31,-4.4,-6.9,23.8,16.1,100
patagonia,2021-09-01,-4.6,-8.1,0.0,10.1,45
patagonia,2021-09-02,-4.1,-7.5,0.2,12.1,87
patagonia,2021-09-03,-2.5,-3.8,3.3,13.2,96
patagonia,2021-09-04,-1.9,-3.9,0.6,12.3,95
patagonia,2021-09-05,-0.7,-3.4,0.7,8.4,42
patagonia,2021-09-06,-1.7,-4.0,1.2,7.4,57
patagonia,2021-09-07,0.1,-5.6,0.7,17.8,82
patagonia,2021-09-08,1.6,-2.6,31.6,21.4,100
patagonia,2021-09-09,-2.9,-5.4,0.2,15.9,89
patagonia,2021-09-10,-4.9,-6.6,21.5,11.7,99
patagonia,2021-09-11,-5.3,-6.9,0.9,14.0,93
patagonia,2021-09-12,-4.7,-8.2,14.1,12.3,100
patagonia,2021-09-13,-3.5,-7.6,27.5,25.9,100
patagonia,2021-09-14,-3.4,-8.1,51.3,26.1,100
patagonia,2021-09-15,-6.5,-9.2,24.3,16.4,100
patagonia,2021-09-16,-1.3,-6.5,27.6,10.6,98
patagonia,2021-09-17,-2.9,-4.9,6.0,5.0,99
patagonia,2021-09-18,-2.8,-6.1,0.0,5.9,59
patagonia,2021-09-19,-3.2,-6.1,11.2,18.2,99
patagonia,2021-09-20,1.1,-3.0,16.4,27.7,98
patagonia,2021-09-21,1.5,0.5,7.8,22.4,100
patagonia,2021-09-22,1.3,-5.5,28.7,15.6,100
patagonia,2021-09-23,-1.0,-6.7,26.2,13.8,99
patagonia,2021-09-24,1.1,-5.4,96.6,20.4,100
patagonia,2021-09-25,-5.7,-7.2,9.8,11.0,100
patagonia,2021-09-26,-4.8,-6.5,8.4,12.5,100
patagonia,2021-09-27,-3.8,-4.7,26.9,16.1,100
patagonia,2021-09-28,-3.9,-6.5,4.1,28.3,98
patagonia,2021-09-29,-2.3,-4.3,13.9,29.6,99
patagonia,2021-09-30,-4.4,-7.7,19.5,13.8,100
patagonia,2021-10-01,-5.7,-8.7,35.9,12.8,100
patagonia,2021-10-02,-4.0,-8.4,28.4,17.6,100
patagonia,2021-10-03,-3.8,-4.6,38.8,18.8,100
patagonia,2021-10-04,-5.0,-8.4,17.9,17.9,100
patagonia,2021-10-05,-5.0,-7.5,1.0,20.2,74
patagonia,2021-10-06,-2.8,-5.4,18.5,25.5,100
patagonia,2021-10-07,-2.5,-5.1,0.8,17.3,92
patagonia,2021-10-08,-2.2,-5.7,28.3,23.0,92
patagonia,2021-10-09,0.8,-3.3,36.4,27.2,100
patagonia,2021-10-10,-3.2,-4.7,22.0,19.2,100
patagonia,2021-10-11,-2.4,-4.7,13.0,20.1,98
patagonia,2021-10-12,-0.7,-3.2,7.9,22.2,99
patagonia,2021-10-13,-0.6,-7.4,51.2,20.6,100
patagonia,2021-10-14,-4.2,-8.2,22.1,16.2,100
patagonia,2021-10-15,-3.6,-8.6,52.9,24.5,100
patagonia,2021-10-16,-5.3,-8.8,27.8,19.0,100
patagonia,2021-10-17,-0.7,-5.7,12.6,30.5,100
patagonia,2021-10-18,-0.1,-1.4,24.3,28.7,100
patagonia,2021-10-19,2.9,-1.0,11.3,22.5,100
patagonia,2021-10-20,2.1,-4.2,32.5,21.6,100
patagonia,2021-10-21,-3.1,-4.7,19.7,16.0,100
patagonia,2021-10-22,-3.6,-6.5,43.4,24.0,100
patagonia,2021-10-23,-5.3,-8.5,39.5,18.3,100
patagonia,2021-10-24,-3.6,-7.7,80.9,23.7,100
patagonia,2021-10-25,-3.7,-9.6,24.5,17.1,100
patagonia,2021-10-26,-3.4,-4.5,57.3,20.0,100
patagonia,2021-10-27,-1.1,-3.5,97.9,16.9,100
patagonia,2021-10-28,1.5,-1.0,67.4,17.4,100
patagonia,2021-10-29,1.0,-5.3,35.1,17.6,100
patagonia,2021-10-30,-0.3,-5.2,0.2,11.7,46
patagonia,2021-10-31,4.8,0.2,0.0,7.1,0
patagonia,2021-11-01,4.8,0.4,1.1,10.9,45
patagonia,2021-11-02,0.8,-3.5,21.6,12.5,94
patagonia,2021-11-03,0.3,-5.2,24.6,13.5,100
patagonia,2021-11-04,-3.3,-6.5,19.7,21.1,100
patagonia,2021-11-05,-0.6,-4.3,12.1,20.0,100
patagonia,2021-11-06,0.3,-1.5,14.9,20.0,100
patagonia,2021-11-07,-0.1,-3.9,29.0,15.5,100
patagonia,2021-11-08,-1.1,-4.3,0.8,13.2,77
patagonia,2021-11-09,4.5,-1.1,1.4,18.2,77
patagonia,2021-11-10,-0.8,-3.5,14.6,15.1,100
patagonia,2021-11-11,-2.2,-4.8,2.0,14.8,100
patagonia,2021-11-12,-0.9,-4.0,0.5,9.8,57
patagonia,2021-11-13,-1.6,-3.8,12.2,10.2,98
patagonia,2021-11-14,-2.8,-6.9,29.6,13.6,100
patagonia,2021-11-15,-4.3,-6.8,1.9,16.3,98
patagonia,2021-11-16,-1.3,-5.0,13.9,27.5,100
patagonia,2021-11-17,-1.7,-3.8,42.9,25.2,100
patagonia,2021-11-18,-0.3,-4.8,21.8,22.7,100
patagonia,2021-11-19,-0.4,-2.6,73.3,24.6,100
patagonia,2021-11-20,-2.0,-4.4,60.4,21.1,100
patagonia,2021-11-21,-3.8,-5.2,12.2,14.9,100
patagonia,2021-11-22,-3.0,-6.4,8.2,15.0,100
patagonia,2021-11-23,-1.0,-3.5,45.3,16.1,100
patagonia,2021-11-24,-1.7,-3.6,25.6,13.9,100
patagonia,2021-11-25,-2.7,-4.6,24.4,17.2,100
patagonia,2021-11-26,-2.7,-4.5,9.9,18.2,100
patagonia,2021-11-27,-1.5,-3.4,21.6,16.4,100
patagonia,2021-11-28,-1.0,-4.3,53.9,22.2,100
patagonia,2021-11-29,-1.4,-4.4,48.7,25.1,100
patagonia,2021-11-30,-0.1,-1.7,17.1,17.7,100
patagonia,2021-12-01,-1.2,-3.8,27.8,15.6,100
patagonia,2021-12-02,-1.7,-3.5,24.5,16.1,100
patagonia,2021-12-03,-1.2,-3.0,9.1,20.1,100
patagonia,2021-12-04,0.7,-1.8,25.2,18.8,100
patagonia,2021-12-05,-0.1,-3.4,2.4,16.8,95
patagonia,2021-12-06,3.8,-4.2,15.4,27.2,99
patagonia,2021-12-07,1.7,-5.9,32.9,25.7,86
patagonia,2021-12-08,4.1,-5.8,0.0,16.7,82
patagonia,2021-12-09,3.2,0.3,5.6,19.7,100
patagonia,2021-12-10,0.1,-2.9,0.0,8.0,100
patagonia,2021-12-11,3.2,0.5,2.9,5.9,100
patagonia,2021-12-12,1.2,-4.9,14.5,17.3,100
patagonia,2021-12-13,-2.2,-5.3,15.0,18.0,100
patagonia,2021-12-14,0.7,-2.0,4.8,17.1,100
patagonia,2021-12-15,2.3,-1.2,15.8,21.4,100
patagonia,2021-12-16,3.2,1.5,20.2,20.7,100
patagonia,2021-12-17,2.5,-2.3,1.3,12.2,100
patagonia,2021-12-18,8.0,1.5,1.7,18.2,38
patagonia,2021-12-19,2.4,-4.1,12.6,20.9,81
patagonia,2021-12-20,-1.5,-3.9,6.8,23.7,100
patagonia,2021-12-21,2.7,-1.7,9.7,24.5,100
patagonia,2021-12-22,3.7,1.1,2.8,19.6,69
patagonia,2021-12-23,3.4,1.4,6.2,18.3,61
patagonia,2021-12-24,4.2,2.0,36.3,20.7,100
patagonia,2021-12-25,3.3,0.2,25.2,24.8,83
patagonia,2021-12-26,3.2,0.9,32.4,25.7,99
patagonia,2021-12-27,3.6,-3.0,44.5,18.5,100
patagonia,2021-12-28,2.0,-2.8,13.6,17.0,100
patagonia,2021-12-29,1.8,-3.9,62.0,15.0,100
patagonia,2021-12-30,-1.2,-3.3,41.0,14.7,100
patagonia,2021-12-31,-1.9,-4.7,47.4,20.7,100
patagonia,2022-01-01,0.5,-4.4,41.3,14.5,100
patagonia,2022-01-02,-3.4,-5.3,20.2,18.2,100
patagonia,2022-01-03,-1.2,-3.8,21.1,10.2,100
patagonia,2022-01-04,-2.7,-5.2,15.2,20.2,100
patagonia,2022-01-05,3.7,-2.5,44.3,23.4,100
patagonia,2022-01-06,4.5,2.5,38.5,24.3,100
patagonia,2022-01-07,4.5,-0.3,48.7,21.0,100
patagonia,2022-01-08,-1.0,-3.5,10.3,13.9,100
patagonia,2022-01-09,-1.4,-2.9,8.3,22.2,100
patagonia,2022-01-10,-0.2,-4.8,42.6,28.8,100
patagonia,2022-01-11,-0.7,-4.9,12.7,24.3,100
patagonia,2022-01-12,0.1,-1.1,49.8,25.1,100
patagonia,2022-01-13,-0.3,-2.6,25.9,10.8,100
patagonia,2022-01-14,-2.4,-3.9,19.9,13.8,100
patagonia,2022-01-15,-2.5,-5.4,73.4,11.8,100
patagonia,2022-01-16,-2.2,-4.9,27.0,13.2,100
patagonia,2022-01-17,-2.7,-6.4,0.0,11.8,100
patagonia,2022-01-18,1.0,-2.6,0.0,10.6,99
patagonia,2022-01-19,4.8,-0.8,0.0,8.7,33
patagonia,2022-01-20,11.0,4.5,0.0,7.4,19
patagonia,2022-01-21,7.8,1.6,6.5,14.5,52
patagonia,2022-01-22,1.6,-1.6,11.4,8.1,99
patagonia,2022-01-23,0.1,-1.4,43.8,23.2,100
patagonia,2022-01-24,0.6,-1.6,37.4,22.8,100
patagonia,2022-01-25,-1.5,-3.4,21.4,21.3,100
patagonia,2022-01-26,2.5,-3.1,0.0,11.1,65
patagonia,2022-01-27,6.0,0.3,0.0,10.3,6
patagonia,2022-01-28,8.0,2.1,0.0,9.7,51
patagonia,2022-01-29,3.6,-3.5,43.8,17.0,100
patagonia,2022-01-30,-2.2,-4.5,15.1,22.5,100
patagonia,2022-01-31,0.9,-3.2,42.2,26.0,100
patagonia,2022-02-01,-1.5,-3.4,35.0,27.8,100
patagonia,2022-02-02,3.1,-1.8,34.3,21.7,100
patagonia,2022-02-03,1.3,-1.2,20.0,12.1,100
patagonia,2022-02-04,0.8,-3.6,0.0,8.2,44
patagonia,2022-02-05,3.8,-0.1,16.4,20.3,90
patagonia,2022-02-06,5.9,2.9,5.8,16.6,100
patagonia,2022-02-07,7.1,-0.4,33.6,19.8,100
patagonia,2022-02-08,-0.3,-3.5,46.5,19.3,100
patagonia,2022-02-09,-0.7,-3.8,52.7,13.4,100
patagonia,2022-02-10,-2.3,-4.4,19.7,20.5,100
patagonia,2022-02-11,2.7,-2.1,15.1,24.5,100
patagonia,2022-02-12,4.6,2.5,19.8,28.9,100
patagonia,2022-02-13,4.7,-5.7,20.3,26.1,94
patagonia,2022-02-14,0.4,-4.6,21.7,16.4,100
patagonia,2022-02-15,-1.8,-4.0,51.5,15.5,100
patagonia,2022-02-16,0.0,-4.0,10.5,25.9,100
patagonia,2022-02-17,4.5,0.0,14.8,28.1,100
patagonia,2022-02-18,4.4,2.7,62.6,16.1,100
patagonia,2022-02-19,2.6,-1.0,22.2,8.1,100
patagonia,2022-02-20,1.0,-2.5,0.0,6.8,93
patagonia,2022-02-21,6.8,0.3,0.0,7.8,8
patagonia,2022-02-22,9.3,2.2,0.0,7.7,21
patagonia,2022-02-23,9.8,2.5,0.0,7.4,18
patagonia,2022-02-24,7.6,0.7,12.0,13.3,96
patagonia,2022-02-25,0.7,-1.1,28.7,14.1,100
patagonia,2022-02-26,-0.4,-2.0,35.0,12.9,100
patagonia,2022-02-27,-1.7,-5.5,63.8,14.8,100
patagonia,2022-02-28,0.2,-6.0,28.8,20.1,100
patagonia,2022-03-01,0.9,-4.4,33.9,23.7,100
patagonia,2022-03-02,3.2,-2.3,54.0,14.5,100
patagonia,2022-03-03,1.3,-3.2,38.6,19.5,100
patagonia,2022-03-04,-1.5,-3.4,84.4,18.0,100
patagonia,2022-03-05,-1.7,-3.5,36.9,20.3,100
patagonia,2022-03-06,-1.1,-2.1,5.1,7.2,100
patagonia,2022-03-07,1.6,-3.1,2.9,9.8,99
patagonia,2022-03-08,1.4,-3.0,22.6,13.6,100
patagonia,2022-03-09,1.4,-2.9,26.2,20.1,100
patagonia,2022-03-10,3.1,1.5,3.7,15.5,100
patagonia,2022-03-11,3.0,-4.7,22.9,17.2,97
patagonia,2022-03-12,-1.1,-5.5,4.9,23.8,85
patagonia,2022-03-13,-1.8,-4.1,28.0,24.9,100
patagonia,2022-03-14,2.9,-4.0,30.2,29.0,100
patagonia,2022-03-15,3.2,2.1,43.1,27.5,100
patagonia,2022-03-16,2.9,-6.2,41.4,18.9,100
patagonia,2022-03-17,-4.0,-6.3,21.8,19.5,100
patagonia,2022-03-18,-2.0,-4.9,24.1,17.0,100
patagonia,2022-03-19,3.1,-5.8,0.0,9.2,89
patagonia,2022-03-20,3.2,0.9,6.1,12.7,98
patagonia,2022-03-21,1.6,-0.9,13.4,25.3,100
patagonia,2022-03-22,0.4,-3.8,72.8,25.6,100
patagonia,2022-03-23,-2.8,-10.1,3.0,18.4,97
patagonia,2022-03-24,-0.7,-2.6,19.2,20.7,100
patagonia,2022-03-25,2.9,-1.5,8.9,23.7,100
patagonia,2022-03-26,1.9,-3.5,44.6,20.3,100
patagonia,2022-03-27,-2.3,-3.9,50.4,14.4,100
patagonia,2022-03-28,-2.3,-5.1,27.1,17.0,100
patagonia,2022-03-29,-2.9,-5.2,4.1,16.9,100
patagonia,2022-03-30,-0.9,-3.6,2.3,19.8,100
patagonia,2022-03-31,0.0,-2.8,8.4,22.7,100
patagonia,2022-04-01,-1.0,-3.6,37.1,21.7,100
patagonia,2022-04-02,-0.6,-3.2,19.0,18.5,100
patagonia,2022-04-03,-3.2,-5.1,50.7,26.3,100
patagonia,2022-04-04,-4.2,-5.8,76.8,17.3,100
patagonia,2022-04-05,-4.1,-7.5,3.1,13.7,84
patagonia,2022-04-06,-0.4,-10.0,0.0,5.2,6
patagonia,2022-04-07,4.5,-0.4,0.0,8.7,12
patagonia,2022-04-08,1.4,-1.8,0.0,8.1,74
patagonia,2022-04-09,1.4,-0.8,1.4,9.5,91
patagonia,2022-04-10,-0.4,-1.7,6.5,14.8,100
patagonia,2022-04-11,-1.2,-4.2,33.5,18.5,100
patagonia,2022-04-12,-1.6,-4.0,28.7,24.1,100
patagonia,2022-04-13,2.0,-1.6,16.7,26.7,100
patagonia,2022-04-14,2.8,1.3,22.2,21.6,100
patagonia,2022-04-15,2.8,-1.2,42.2,19.2,100
patagonia,2022-04-16,2.8,-2.2,5.2,18.2,100
patagonia,2022-04-17,3.7,-2.6,38.8,14.1,100
patagonia,2022-04-18,0.8,-3.2,1.8,13.0,99
patagonia,2022-04-19,-0.1,-4.4,34.7,18.8,100
patagonia,2022-04-20,-0.7,-3.7,38.3,24.1,100
patagonia,2022-04-21,-1.7,-4.1,6.3,13.0,100
patagonia,2022-04-22,-1.8,-4.3,15.5,12.3,100
patagonia,2022-04-23,-2.6,-3.5,23.1,7.8,100
patagonia,2022-04-24,-3.2,-6.5,6.4,9.0,100
patagonia,2022-04-25,-4.4,-7.1,8.9,10.5,100
patagonia,2022-04-26,-6.3,-7.2,2.8,8.0,100
patagonia,2022-04-27,-6.6,-7.8,1.4,8.9,100
patagonia,2022-04-28,-6.6,-8.6,1.7,14.0,100
patagonia,2022-04-29,-2.7,-9.1,8.1,10.6,89
patagonia,2022-04-30,-2.0,-3.0,7.9,8.7,100
patagonia,2022-05-01,-0.9,-3.6,16.2,10.6,100
patagonia,2022-05-02,-1.2,-4.0,20.8,23.7,100
patagonia,2022-05-03,-2.0,-4.6,62.3,22.7,100
patagonia,2022-05-04,-3.3,-4.3,78.7,15.6,100
patagonia,2022-05-05,-2.4,-5.3,61.1,18.1,100
patagonia,2022-05-06,3.2,-5.1,23.0,18.2,100
patagonia,2022-05-07,3.4,-1.3,35.8,23.2,100
patagonia,2022-05-08,-1.6,-3.8,47.2,19.3,100
patagonia,2022-05-09,-1.1,-3.3,69.9,15.8,100
patagonia,2022-05-10,0.2,-3.6,0.2,16.5,92
patagonia,2022-05-11,0.3,-2.7,0.2,12.3,100
patagonia,2022-05-12,-0.9,-5.6,2.6,5.2,93
patagonia,2022-05-13,-2.2,-4.9,8.8,15.9,98
patagonia,2022-05-14,-1.4,-4.1,6.7,16.7,98
patagonia,2022-05-15,5.1,-5.1,0.0,11.7,84
patagonia,2022-05-16,5.9,-0.4,0.0,13.3,96
patagonia,2022-05-17,10.1,0.6,0.0,11.5,90
patagonia,2022-05-18,7.5,0.8,0.0,11.3,74
patagonia,2022-05-19,8.8,3.2,1.9,8.9,91
patagonia,2022-05-20,7.3,-3.7,20.7,12.8,93
patagonia,2022-05-21,-4.8,-6.6,22.6,17.6,99
patagonia,2022-05-22,-6.5,-8.6,31.0,11.3,100
patagonia,2022-05-23,-7.7,-12.4,14.4,11.8,100
patagonia,2022-05-24,-7.2,-9.1,0.7,13.4,100
patagonia,2022-05-25,-4.7,-7.1,12.9,17.6,100
patagonia,2022-05-26,-4.6,-5.6,19.8,17.2,100
patagonia,2022-05-27,-5.0,-6.3,19.7,18.0,100
patagonia,2022-05-28,-5.7,-6.7,5.0,11.9,100
patagonia,2022-05-29,-5.4,-5.9,1.8,11.0,100
patagonia,2022-05-30,-2.7,-5.6,0.4,7.0,100
patagonia,2022-05-31,-3.3,-7.5,0.0,8.2,61
patagonia,2022-06-01,-3.3,-9.6,0.0,8.4,50
patagonia,2022-06-02,-6.3,-11.2,0.5,10.8,99
patagonia,2022-06-03,-4.7,-6.4,8.7,19.7,100
patagonia,2022-06-04,-5.8,-7.9,18.1,18.3,100
patagonia,2022-06-05,-2.2,-5.3,35.6,23.7,100
patagonia,2022-06-06,-4.8,-8.4,35.3,18.3,100
patagonia,2022-06-07,-2.0,-4.3,25.5,19.2,100
patagonia,2022-06-08,-2.2,-9.4,60.0,14.1,100
patagonia,2022-06-09,-5.6,-9.2,2.1,13.2,100
patagonia,2022-06-10,1.0,-5.4,19.9,26.8,100
patagonia,2022-06-11,2.1,0.2,10.7,23.1,100
patagonia,2022-06-12,1.5,0.7,31.2,15.7,100
patagonia,2022-06-13,0.8,-2.1,30.4,13.9,100
patagonia,2022-06-14,-2.4,-3.9,0.9,12.6,100
patagonia,2022-06-15,-3.4,-4.9,2.3,21.4,100
patagonia,2022-06-16,-3.1,-8.6,35.1,25.4,100
patagonia,2022-06-17,-4.6,-7.9,62.2,18.3,100
patagonia,2022-06-18,-5.8,-9.7,11.6,11.8,100
patagonia,2022-06-19,-6.7,-9.4,31.9,16.5,100
patagonia,2022-06-20,-6.3,-12.4,5.7,9.8,99
patagonia,2022-06-21,-6.4,-13.2,0.3,8.9,90
patagonia,2022-06-22,-6.4,-7.0,2.2,9.3,100
patagonia,2022-06-23,-5.3,-8.4,1.7,8.7,98
patagonia,2022-06-24,-4.7,-8.9,0.0,10.3,59
patagonia,2022-06-25,-1.2,-7.2,0.0,23.5,59
patagonia,2022-06-26,-0.1,-3.2,49.9,28.3,100
patagonia,2022-06-27,-2.0,-5.4,13.3,14.8,99
patagonia,2022-06-28,-2.1,-7.3,21.9,13.8,100
patagonia,2022-06-29,-6.8,-7.6,4.6,9.8,100
patagonia,2022-06-30,-6.7,-11.3,7.1,9.8,98
patagonia,2022-07-01,-5.8,-11.0,0.9,13.0,64
patagonia,2022-07-02,-3.6,-8.8,12.6,16.9,100
patagonia,2022-07-03,-4.9,-10.3,16.0,7.4,100
patagonia,2022-07-04,-7.2,-8.8,1.7,9.9,100
patagonia,2022-07-05,-5.4,-8.2,24.4,5.1,100
patagonia,2022-07-06,-6.2,-9.7,7.1,8.4,94
patagonia,2022-07-07,-5.7,-9.9,4.1,9.8,79
patagonia,2022-07-08,-0.6,-5.9,25.9,16.5,99
patagonia,2022-07-09,-3.1,-13.0,29.5,13.7,92
patagonia,2022-07-10,-4.7,-14.4,0.0,10.0,3
patagonia,2022-07-11,-4.0,-7.1,11.2,9.9,88
patagonia,2022-07-12,-6.2,-9.4,5.3,10.6,91
patagonia,2022-07-13,-8.1,-12.2,0.0,6.2,60
patagonia,2022-07-14,-8.0,-12.0,0.0,6.2,56
patagonia,2022-07-15,-4.1,-11.5,0.0,14.8,26
patagonia,2022-07-16,-4.9,-7.5,13.1,17.6,100
patagonia,2022-07-17,-5.4,-9.8,35.6,15.3,100
patagonia,2022-07-18,-5.1,-9.0,70.1,20.9,100
patagonia,2022-07-19,-3.5,-10.2,52.7,24.7,100
patagonia,2022-07-20,-9.2,-10.4,34.8,18.7,100
patagonia,2022-07-21,-9.3,-11.6,26.6,13.6,100
patagonia,2022-07-22,-7.6,-9.2,2.6,13.7,100
patagonia,2022-07-23,-5.1,-10.9,0.0,5.1,37
patagonia,2022-07-24,0.4,-5.2,0.0,11.3,4
patagonia,2022-07-25,-6.1,-14.3,2.9,18.1,69
patagonia,2022-07-26,-2.1,-15.8,0.0,10.3,17
patagonia,2022-07-27,-6.0,-11.1,5.3,25.9,97
patagonia,2022-07-28,-3.0,-5.8,83.5,28.7,100
patagonia,2022-07-29,-4.9,-6.7,51.8,17.4,100
patagonia,2022-07-30,-4.8,-5.8,23.2,22.4,100
patagonia,2022-07-31,-3.4,-4.9,14.8,21.5,100
patagonia,2022-08-01,-2.5,-3.6,13.1,17.4,100
patagonia,2022-08-02,-1.6,-3.2,18.4,12.1,100
patagonia,2022-08-03,-1.3,-3.9,10.0,5.7,100
patagonia,2022-08-04,-3.6,-6.3,9.2,10.9,100
patagonia,2022-08-05,-5.3,-8.8,0.3,9.7,96
patagonia,2022-08-06,-6.1,-11.0,0.0,6.4,32
patagonia,2022-08-07,-8.9,-12.3,0.0,6.9,20
patagonia,2022-08-08,-2.9,-8.4,9.1,16.5,76
patagonia,2022-08-09,-0.4,-3.4,47.2,17.4,100
patagonia,2022-08-10,-1.6,-5.4,36.8,10.8,100
patagonia,2022-08-11,-5.6,-9.9,1.7,7.7,97
patagonia,2022-08-12,-5.8,-10.2,18.2,14.1,100
patagonia,2022-08-13,-3.4,-10.1,18.3,16.1,100
patagonia,2022-08-14,-5.4,-8.3,6.4,14.7,98
patagonia,2022-08-15,-5.4,-8.6,39.6,17.1,100
patagonia,2022-08-16,-6.6,-9.3,37.3,14.0,100
patagonia,2022-08-17,-6.8,-8.8,5.9,16.6,100
patagonia,2022-08-18,-3.2,-6.7,34.2,24.6,100
patagonia,2022-08-19,-3.7,-4.5,79.3,20.9,100
patagonia,2022-08-20,-3.9,-6.0,1.5,12.9,89
patagonia,2022-08-21,0.0,-5.1,70.8,23.7,100
patagonia,2022-08-22,-5.4,-6.8,13.0,15.8,100
patagonia,2022-08-23,-3.6,-6.5,33.2,23.2,100
patagonia,2022-08-24,-3.8,-7.1,71.6,17.3,100
patagonia,2022-08-25,-5.3,-7.6,60.6,18.1,100
patagonia,2022-08-26,-8.0,-10.4,24.3,17.1,100
patagonia,2022-08-27,-5.8,-10.2,7.8,17.0,100
patagonia,2022-08-28,-0.9,-6.5,13.2,22.0,100
patagonia,2022-08-29,-1.1,-1.9,23.6,16.6,100
patagonia,2022-08-30,-1.5,-3.5,13.3,15.6,100
patagonia,2022-08-31,-1.7,-5.7,28.3,15.3,100
patagonia,2022-09-01,-3.7,-6.1,56.8,21.9,100
patagonia,2022-09-02,-1.8,-3.3,121.1,21.1,100
patagonia,2022-09-03,-2.3,-5.3,36.5,17.8,100
patagonia,2022-09-04,-0.5,-7.6,55.7,20.0,100
patagonia,2022-09-05,-2.7,-9.6,75.7,14.2,100
patagonia,2022-09-06,-8.6,-11.3,9.5,10.2,96
patagonia,2022-09-07,-6.8,-13.2,1.6,11.9,54
patagonia,2022-09-08,-4.4,-6.8,5.7,20.9,100
patagonia,2022-09-09,-3.1,-4.6,26.2,24.4,100
patagonia,2022-09-10,-2.0,-4.4,49.6,17.7,100
patagonia,2022-09-11,-2.7,-5.0,21.2,17.8,100
patagonia,2022-09-12,-4.5,-7.7,0.1,10.7,54
patagonia,2022-09-13,0.1,-6.7,22.0,18.1,82
patagonia,2022-09-14,-3.8,-10.0,11.0,15.9,63
patagonia,2022-09-15,-6.3,-8.4,12.6,9.4,100
patagonia,2022-09-16,-7.1,-8.5,4.3,16.5,100
patagonia,2022-09-17,-5.0,-7.7,5.8,15.2,76
patagonia,2022-09-18,-0.1,-5.2,0.0,5.6,6
patagonia,2022-09-19,0.3,-5.4,0.0,6.9,77
patagonia,2022-09-20,-3.1,-5.6,0.0,7.1,45
patagonia,2022-09-21,1.4,-4.7,10.2,24.8,66
patagonia,2022-09-22,-3.0,-5.4,13.9,23.3,100
patagonia,2022-09-23,-3.6,-4.6,39.0,15.5,100
patagonia,2022-09-24,-5.1,-8.5,21.0,14.9,100
patagonia,2022-09-25,-2.4,-6.6,31.0,17.2,100
patagonia,2022-09-26,-4.2,-6.8,57.3,21.7,100
patagonia,2022-09-27,-2.7,-4.7,22.4,25.1,100
patagonia,2022-09-28,-0.2,-3.0,13.2,22.5,100
patagonia,2022-09-29,-0.7,-3.6,40.9,15.8,100
patagonia,2022-09-30,-3.7,-5.9,12.7,17.6,100
patagonia,2022-10-01,-2.6,-4.2,36.6,17.2,100
patagonia,2022-10-02,4.1,-7.7,0.0,7.2,72
patagonia,2022-10-03,4.0,-0.5,0.9,8.4,100
patagonia,2022-10-04,0.2,-3.6,26.2,19.8,100
patagonia,2022-10-05,-2.3,-4.2,24.7,18.1,100
patagonia,2022-10-06,-3.8,-6.0,13.4,17.2,100
patagonia,2022-10-07,-5.3,-6.8,28.0,16.9,100
patagonia,2022-10-08,-4.0,-6.3,13.6,26.0,100
patagonia,2022-10-09,-2.6,-4.3,42.2,30.9,100
patagonia,2022-10-10,-1.6,-3.7,36.9,28.3,100
patagonia,2022-10-11,-1.4,-8.0,48.1,20.9,100
patagonia,2022-10-12,-7.8,-8.9,27.5,14.4,100
patagonia,2022-10-13,-3.0,-8.6,3.5,15.8,97
patagonia,2022-10-14,-0.8,-3.9,7.8,27.2,100
patagonia,2022-10-15,0.2,-2.9,19.7,25.0,60
patagonia,2022-10-16,0.9,-2.0,0.0,12.7,13
patagonia,2022-10-17,3.3,-1.9,0.1,20.6,97
patagonia,2022-10-18,3.1,-3.0,30.3,27.4,100
patagonia,2022-10-19,-3.1,-6.3,29.1,18.1,100
patagonia,2022-10-20,-5.8,-7.6,12.9,17.9,100
patagonia,2022-10-21,-4.8,-6.7,10.3,22.9,100
patagonia,2022-10-22,-1.2,-5.4,28.9,20.7,100
patagonia,2022-10-23,-1.1,-2.8,48.8,14.6,100
patagonia,2022-10-24,-2.8,-4.5,18.8,15.4,100
patagonia,2022-10-25,1.9,-5.6,10.8,14.8,100
patagonia,2022-10-26,-1.8,-3.7,88.8,19.3,100
patagonia,2022-10-27,-2.7,-6.2,103.7,16.9,100
patagonia,2022-10-28,-5.3,-7.8,56.2,16.2,100
patagonia,2022-10-29,-5.8,-7.6,42.1,15.8,100
patagonia,2022-10-30,-4.4,-6.8,11.4,20.5,100
patagonia,2022-10-31,-2.9,-5.6,13.2,28.3,100
patagonia,2022-11-01,0.8,-3.0,55.6,24.9,100
patagonia,2022-11-02,2.3,0.7,2.7,18.5,100
patagonia,2022-11-03,3.9,0.8,0.0,13.1,90
patagonia,2022-11-04,4.1,1.3,0.2,15.3,95
patagonia,2022-11-05,11.9,3.7,0.0,8.4,47
patagonia,2022-11-06,6.7,1.4,1.1,14.7,91
patagonia,2022-11-07,2.8,0.9,20.4,15.5,100
patagonia,2022-11-08,0.3,-1.6,14.7,19.8,100
patagonia,2022-11-09,-1.1,-2.5,39.2,18.3,100
patagonia,2022-11-10,-0.8,-2.4,9.1,7.1,100
patagonia,2022-11-11,-2.2,-3.7,1.6,6.4,52
patagonia,2022-11-12,1.4,-1.7,1.8,5.6,43
patagonia,2022-11-13,1.1,-0.9,4.0,9.9,100
patagonia,2022-11-14,1.4,-1.8,23.7,24.5,100
patagonia,2022-11-15,-0.9,-4.3,30.5,18.2,100
patagonia,2022-11-16,-0.3,-4.3,7.9,20.1,99
patagonia,2022-11-17,2.0,-2.7,30.5,24.1,100
patagonia,2022-11-18,-1.3,-3.2,18.2,20.6,100
patagonia,2022-11-19,-2.1,-5.3,40.5,19.8,99
patagonia,2022-11-20,-2.3,-4.4,9.9,20.3,100
patagonia,2022-11-21,2.8,-2.9,14.6,22.5,99
patagonia,2022-11-22,1.8,-2.4,19.2,19.3,100
patagonia,2022-11-23,-2.6,-6.4,47.5,15.6,100
patagonia,2022-11-24,-3.3,-5.4,18.0,24.0,100
patagonia,2022-11-25,-3.2,-5.6,47.8,20.1,100
patagonia,2022-11-26,-2.0,-5.3,2.7,20.7,100
patagonia,2022-11-27,2.9,-4.0,3.2,11.9,62
patagonia,2022-11-28,3.0,-4.5,64.2,16.5,100
patagonia,2022-11-29,-3.8,-5.4,20.1,25.0,100
patagonia,2022-11-30,-2.4,-4.4,15.9,26.8,100
patagonia,2022-12-01,-0.3,-2.9,27.7,27.0,100
patagonia,2022-12-02,-0.1,-4.0,49.9,17.9,100
patagonia,2022-12-03,-3.6,-5.0,46.6,15.3,100
patagonia,2022-12-04,-2.9,-4.3,76.1,20.9,100
patagonia,2022-12-05,-3.1,-4.9,49.0,15.8,100
patagonia,2022-12-06,-4.1,-6.3,21.1,16.6,100
patagonia,2022-12-07,-0.8,-4.6,3.0,8.0,100
patagonia,2022-12-08,0.7,-0.7,25.1,8.1,100
patagonia,2022-12-09,-0.9,-2.3,7.9,14.8,100
patagonia,2022-12-10,0.6,-2.2,7.0,11.6,100
patagonia,2022-12-11,0.3,-1.7,22.4,14.0,100
patagonia,2022-12-12,0.5,-2.2,31.1,20.3,100
patagonia,2022-12-13,-2.4,-3.9,27.7,17.3,100
patagonia,2022-12-14,-2.0,-4.2,25.0,23.1,100
patagonia,2022-12-15,2.1,-2.5,29.5,22.6,100
patagonia,2022-12-16,2.6,-0.6,25.4,21.1,100
patagonia,2022-12-17,-1.2,-2.9,41.7,21.3,100
patagonia,2022-12-18,-0.1,-2.1,18.0,18.2,100
patagonia,2022-12-19,1.6,-0.5,1.1,15.3,90
patagonia,2022-12-20,4.4,0.6,1.3,11.7,86
patagonia,2022-12-21,7.3,2.9,10.1,12.4,95
patagonia,2022-12-22,6.1,-3.0,32.0,28.8,96
patagonia,2022-12-23,0.4,-4.5,20.5,23.2,100
patagonia,2022-12-24,3.8,1.1,27.5,20.5,100
patagonia,2022-12-25,3.2,-1.0,1.7,19.1,78
patagonia,2022-12-26,1.3,-4.7,46.6,21.0,100
patagonia,2022-12-27,-2.8,-4.9,42.4,21.8,100
patagonia,2022-12-28,1.1,-3.5,72.6,32.2,100
patagonia,2022-12-29,-1.5,-3.6,13.7,28.3,100
patagonia,2022-12-30,-1.6,-3.6,23.6,24.2,100
patagonia,2022-12-31,4.5,-2.3,54.1,18.9,100
patagonia,2023-01-01,-1.4,-2.7,68.6,25.4,100
patagonia,2023-01-02,-2.0,-3.6,47.3,26.0,100
patagonia,2023-01-03,2.6,-2.7,59.5,25.1,100
patagonia,2023-01-04,3.7,1.0,75.8,26.7,100
patagonia,2023-01-05,5.0,3.0,37.5,26.4,100
patagonia,2023-01-06,2.8,0.4,18.1,20.4,100
patagonia,2023-01-07,2.1,0.0,24.2,15.4,100
patagonia,2023-01-08,6.0,1.9,11.0,12.1,100
patagonia,2023-01-09,2.9,-2.0,12.3,16.4,100
patagonia,2023-01-10,1.7,-4.1,0.0,7.2,43
patagonia,2023-01-11,0.6,-2.0,1.2,12.6,96
patagonia,2023-01-12,2.9,-0.1,17.3,26.9,100
patagonia,2023-01-13,2.6,-2.1,62.1,23.4,100
patagonia,2023-01-14,-1.1,-3.0,8.0,19.9,100
patagonia,2023-01-15,0.3,-2.0,27.0,25.7,100
patagonia,2023-01-16,0.5,-0.5,36.1,23.1,100
patagonia,2023-01-17,4.2,0.2,0.1,15.3,96
patagonia,2023-01-18,5.0,3.6,1.4,15.9,64
patagonia,2023-01-19,8.1,3.3,7.8,11.8,78
patagonia,2023-01-20,3.7,1.4,1.4,9.7,83
patagonia,2023-01-21,2.3,-1.1,8.3,14.7,93
patagonia,2023-01-22,1.9,-2.7,0.0,10.4,99
patagonia,2023-01-23,5.1,-2.4,25.1,19.1,100
patagonia,2023-01-24,-1.5,-5.4,47.6,24.5,100
patagonia,2023-01-25,-1.1,-3.7,79.1,18.8,100
patagonia,2023-01-26,-1.6,-3.9,33.1,25.3,100
patagonia,2023-01-27,3.0,-1.4,25.5,25.2,100
patagonia,2023-01-28,3.5,0.8,10.9,20.9,100
patagonia,2023-01-29,2.8,0.3,24.0,21.7,100
patagonia,2023-01-30,-0.5,-2.6,35.1,24.1,100
patagonia,2023-01-31,0.5,-2.2,7.0,16.9,100
patagonia,2023-02-01,2.2,0.3,5.3,14.7,100
patagonia,2023-02-02,3.9,1.8,7.2,19.0,100
patagonia,2023-02-03,5.7,3.1,49.7,20.9,100
patagonia,2023-02-04,6.4,1.0,74.4,25.9,100
patagonia,2023-02-05,1.0,-3.4,23.7,29.0,100
patagonia,2023-02-06,3.0,0.8,43.9,26.6,100
patagonia,2023-02-07,3.6,2.0,18.8,21.5,100
patagonia,2023-02-08,6.6,-0.6,35.6,25.7,99
patagonia,2023-02-09,-0.3,-2.6,38.8,16.8,100
patagonia,2023-02-10,0.9,-2.9,40.2,20.4,100
patagonia,2023-02-11,-1.8,-3.2,45.9,13.8,100
patagonia,2023-02-12,-2.4,-4.1,36.1,16.6,100
patagonia,2023-02-13,-1.9,-4.0,49.2,15.0,100
patagonia,2023-02-14,-2.9,-5.7,43.6,17.3,100
patagonia,2023-02-15,-4.6,-6.7,26.0,13.7,100
patagonia,2023-02-16,-2.1,-5.4,1.3,12.1,100
patagonia,2023-02-17,1.7,-2.5,7.0,14.7,100
patagonia,2023-02-18,0.5,-2.3,14.8,15.3,100
patagonia,2023-02-19,-2.1,-4.1,22.6,18.4,100
patagonia,2023-02-20,2.1,-2.8,43.4,27.2,100
patagonia,2023-02-21,1.5,-0.6,57.6,27.0,100
patagonia,2023-02-22,-1.2,-5.8,44.1,21.6,100
patagonia,2023-02-23,3.9,-5.7,26.3,21.9,100
patagonia,2023-02-24,5.1,-2.8,48.4,24.1,100
patagonia,2023-02-25,-2.1,-3.6,90.8,23.8,100
patagonia,2023-02-26,3.5,-2.1,66.1,29.7,100
patagonia,2023-02-27,4.3,-1.1,27.3,28.1,100
patagonia,2023-02-28,4.5,-3.8,52.4,19.4,100
patagonia,2023-03-01,-2.9,-5.6,41.6,19.6,100
patagonia,2023-03-02,1.8,-5.0,53.2,23.3,100
patagonia,2023-03-03,-4.2,-5.7,51.9,16.4,100
patagonia,2023-03-04,-2.9,-6.0,28.0,12.5,98
patagonia,2023-03-05,-2.3,-5.6,45.7,14.6,100
patagonia,2023-03-06,-2.5,-5.5,31.4,16.1,100
patagonia,2023-03-07,-1.6,-5.4,57.6,17.9,100
patagonia,2023-03-08,-1.5,-3.9,34.9,16.9,100
patagonia,2023-03-09,-0.4,-4.8,36.3,19.9,100
patagonia,2023-03-10,-0.4,-2.0,58.0,20.1,100
patagonia,2023-03-11,0.3,-3.5,4.9,17.3,88
patagonia,2023-03-12,0.5,-3.1,54.2,25.1,100
patagonia,2023-03-13,1.4,-3.4,66.3,12.8,100
patagonia,2023-03-14,2.1,-5.6,59.0,16.5,100
patagonia,2023-03-15,-1.8,-4.6,26.0,14.3,100
patagonia,2023-03-16,-3.9,-6.3,34.4,22.2,100
patagonia,2023-03-17,-1.9,-3.8,38.7,21.2,100
patagonia,2023-03-18,-2.5,-3.6,2.0,18.4,100
patagonia,2023-03-19,-2.5,-3.9,31.6,22.0,100
patagonia,2023-03-20,-1.2,-2.8,7.9,15.3,100
patagonia,2023-03-21,0.2,-1.8,6.2,25.6,100
patagonia,2023-03-22,-0.3,-4.5,62.3,19.8,100
patagonia,2023-03-23,0.3,-4.4,1.8,20.3,100
patagonia,2023-03-24,1.1,-5.0,34.3,21.8,100
patagonia,2023-03-25,-1.8,-4.7,24.1,26.3,100
patagonia,2023-03-26,-0.3,-3.1,68.7,18.4,100
patagonia,2023-03-27,1.5,-7.1,68.1,18.6,100
patagonia,2023-03-28,-7.0,-8.2,12.1,11.8,100
patagonia,2023-03-29,-5.7,-8.6,10.0,12.1,72
patagonia,2023-03-30,-5.2,-11.6,0.0,18.8,31
patagonia,2023-03-31,-0.7,-6.3,0.1,20.4,94
patagonia,2023-04-01,-1.1,-3.9,33.1,18.4,100
patagonia,2023-04-02,1.7,-2.9,1.6,21.8,100
patagonia,2023-04-03,2.7,-3.4,35.8,21.2,100
patagonia,2023-04-04,1.2,-3.3,16.1,18.1,100
patagonia,2023-04-05,2.3,-5.0,30.2,20.9,100
patagonia,2023-04-06,-1.3,-6.6,40.4,16.6,98
patagonia,2023-04-07,-3.3,-6.6,71.3,19.5,100
patagonia,2023-04-08,-2.4,-6.9,47.0,20.0,100
patagonia,2023-04-09,-6.2,-8.8,9.6,12.1,95
patagonia,2023-04-10,-3.8,-7.9,0.0,11.6,49
patagonia,2023-04-11,-3.7,-6.1,0.8,11.2,100
patagonia,2023-04-12,2.8,-8.8,0.0,6.8,13
patagonia,2023-04-13,4.5,-5.3,0.0,11.6,42
patagonia,2023-04-14,-4.0,-7.6,13.6,15.2,99
patagonia,2023-04-15,-3.1,-3.8,9.0,18.9,100
patagonia,2023-04-16,-3.6,-6.5,24.4,17.7,100
patagonia,2023-04-17,-2.2,-6.5,40.5,25.6,100
patagonia,2023-04-18,2.5,-3.2,47.1,23.5,100
patagonia,2023-04-19,2.2,-1.6,55.7,25.1,100
patagonia,2023-04-20,0.8,-1.0,50.0,23.5,100
patagonia,2023-04-21,-0.8,-5.7,17.1,17.2,100
patagonia,2023-04-22,0.4,-4.2,16.4,28.4,100
patagonia,2023-04-23,2.7,-1.7,57.0,18.4,100
patagonia,2023-04-24,3.9,-3.3,43.1,23.4,100
patagonia,2023-04-25,-2.3,-3.7,12.3,18.3,100
patagonia,2023-04-26,-2.4,-4.0,18.2,21.4,100
patagonia,2023-04-27,-1.2,-3.2,95.6,20.2,100
patagonia,2023-04-28,1.0,-1.8,22.1,7.9,100
patagonia,2023-04-29,-1.8,-7.9,8.1,7.5,100
patagonia,2023-04-30,-3.2,-9.6,12.7,24.0,100
patagonia,2023-05-01,-3.7,-7.3,34.9,19.5,100
patagonia,2023-05-02,-0.9,-3.9,30.4,29.2,100
patagonia,2023-05-03,0.1,-1.6,77.3,28.2,100
patagonia,2023-05-04,-0.4,-1.8,16.3,22.3,100
patagonia,2023-05-05,3.1,-0.4,43.4,29.3,100
patagonia,2023-05-06,1.0,-3.3,23.9,22.6,100
patagonia,2023-05-07,-0.6,-3.0,1.0,20.3,100
patagonia,2023-05-08,-0.6,-2.5,16.3,19.0,100
patagonia,2023-05-09,-2.3,-7.1,1.4,16.2,78
patagonia,2023-05-10,4.2,-1.1,14.6,23.5,100
patagonia,2023-05-11,1.0,-1.3,32.6,22.4,100
patagonia,2023-05-12,-1.7,-4.5,39.0,16.3,100
patagonia,2023-05-13,1.1,-4.2,22.4,21.3,100
patagonia,2023-05-14,5.2,-2.9,8.3,15.6,96
patagonia,2023-05-15,4.5,-1.4,49.9,18.9,100
patagonia,2023-05-16,0.4,-4.7,43.5,20.2,100
patagonia,2023-05-17,-4.1,-6.5,81.0,18.3,100
patagonia,2023-05-18,-3.5,-7.2,78.6,16.9,100
patagonia,2023-05-19,-4.4,-8.0,14.2,15.5,100
patagonia,2023-05-20,-0.3,-4.5,15.4,18.0,100
patagonia,2023-05-21,-3.7,-7.1,8.3,13.9,100
patagonia,2023-05-22,-2.0,-6.4,1.2,13.5,80
patagonia,2023-05-23,-1.9,-7.7,10.5,15.7,97
patagonia,2023-05-24,-3.9,-7.4,23.8,16.9,100
patagonia,2023-05-25,-5.5,-8.8,29.6,12.2,100
patagonia,2023-05-26,-7.4,-9.4,11.0,18.1,100
patagonia,2023-05-27,-3.5,-7.7,5.8,23.2,100
patagonia,2023-05-28,-0.1,-3.4,14.4,22.2,100
patagonia,2023-05-29,4.0,-0.4,4.7,15.9,100
patagonia,2023-05-30,4.5,-0.3,47.3,17.9,100
patagonia,2023-05-31,0.1,-2.8,11.2,18.9,100
patagonia,2023-06-01,3.5,-3.0,1.4,20.4,94
patagonia,2023-06-02,1.6,-3.7,8.0,17.9,99
patagonia,2023-06-03,-2.4,-5.7,8.4,11.3,94
patagonia,2023-06-04,-2.9,-6.4,15.7,16.1,100
patagonia,2023-06-05,1.2,-4.5,23.0,16.6,97
patagonia,2023-06-06,-4.3,-5.6,76.8,18.6,100
patagonia,2023-06-07,-5.7,-8.7,25.8,17.8,100
patagonia,2023-06-08,-6.4,-10.7,7.2,10.0,95
patagonia,2023-06-09,-6.5,-7.3,18.2,11.1,100
patagonia,2023-06-10,-5.0,-6.8,18.5,21.2,100
patagonia,2023-06-11,-4.4,-7.0,23.8,20.5,100
patagonia,2023-06-12,-4.3,-5.1,5.0,21.1,100
patagonia,2023-06-13,-0.1,-5.4,15.1,17.6,100
patagonia,2023-06-14,-1.6,-7.1,42.9,15.1,100
patagonia,2023-06-15,-5.2,-7.4,9.0,18.1,100
patagonia,2023-06-16,-4.0,-5.1,29.4,19.7,100
patagonia,2023-06-17,-4.1,-8.4,41.4,17.0,100
patagonia,2023-06-18,-5.5,-8.5,15.1,16.2,100
patagonia,2023-06-19,-1.7,-6.5,0.5,13.4,88
patagonia,2023-06-20,2.2,-7.9,0.0,12.7,56
patagonia,2023-06-21,-0.2,-6.1,9.2,16.3,100
patagonia,2023-06-22,-1.8,-3.2,17.6,12.9,100
patagonia,2023-06-23,-3.0,-8.6,3.7,5.2,99
patagonia,2023-06-24,-3.4,-8.9,5.8,7.4,98
patagonia,2023-06-25,-3.4,-6.9,8.9,8.6,100
patagonia,2023-06-26,-5.9,-7.2,11.9,9.0,100
patagonia,2023-06-27,-3.5,-6.7,34.1,7.3,100
patagonia,2023-06-28,-3.7,-6.2,8.6,9.2,99
patagonia,2023-06-29,-0.6,-5.7,5.7,10.5,93
patagonia,2023-06-30,1.1,-4.8,3.9,15.8,89
patagonia,2023-07-01,-1.4,-6.1,13.2,14.8,96
patagonia,2023-07-02,-2.6,-7.9,28.9,16.2,100
patagonia,2023-07-03,-4.2,-7.4,25.1,18.3,100
patagonia,2023-07-04,-5.1,-7.5,6.5,15.1,95
patagonia,2023-07-05,-5.8,-8.5,13.8,12.1,99
patagonia,2023-07-06,-5.6,-7.2,18.4,9.6,100
patagonia,2023-07-07,-5.8,-9.4,0.1,8.6,60
patagonia,2023-07-08,-3.3,-6.6,0.0,6.5,25
patagonia,2023-07-09,-2.3,-6.7,0.0,4.5,1
patagonia,2023-07-10,-6.0,-13.4,0.0,5.3,64
patagonia,2023-07-11,-5.3,-7.1,0.0,5.6,1
patagonia,2023-07-12,-3.6,-9.5,0.1,11.5,75
patagonia,2023-07-13,-5.9,-8.0,7.9,13.4,100
patagonia,2023-07-14,-1.5,-10.6,0.1,12.6,35
patagonia,2023-07-15,-7.2,-10.4,17.4,13.1,100
patagonia,2023-07-16,-6.6,-9.0,1.8,14.2,100
patagonia,2023-07-17,-6.6,-9.1,0.0,13.9,91
patagonia,2023-07-18,-4.1,-9.4,0.2,15.0,60
patagonia,2023-07-19,-0.9,-4.8,34.1,16.1,100
patagonia,2023-07-20,-0.7,-5.4,45.0,14.4,100
patagonia,2023-07-21,-6.1,-10.0,38.5,19.5,100
patagonia,2023-07-22,-8.2,-11.9,4.0,12.6,70
patagonia,2023-07-23,-7.7,-13.9,0.4,7.8,87
patagonia,2023-07-24,-1.0,-7.4,0.0,4.9,100
patagonia,2023-07-25,-1.9,-12.2,0.6,12.1,56
patagonia,2023-07-26,-7.5,-11.6,3.3,12.0,100
patagonia,2023-07-27,-4.6,-8.3,0.1,9.4,48
patagonia,2023-07-28,-0.7,-5.2,39.9,31.7,100
patagonia,2023-07-29,-1.1,-6.4,91.5,29.2,100
patagonia,2023-07-30,-6.7,-9.1,16.9,19.5,100
patagonia,2023-07-31,-1.3,-12.5,21.5,12.8,98
patagonia,2023-08-01,-2.0,-11.6,64.5,22.0,100
patagonia,2023-08-02,-6.1,-11.9,47.8,22.4,100
patagonia,2023-08-03,-5.5,-7.1,101.7,22.3,100
patagonia,2023-08-04,-5.0,-8.4,28.6,25.0,100
patagonia,2023-08-05,-4.7,-6.0,81.4,26.1,100
patagonia,2023-08-06,-5.6,-12.0,17.3,21.0,85
patagonia,2023-08-07,-1.1,-9.0,0.0,14.2,99
patagonia,2023-08-08,-0.4,-5.4,30.0,29.2,99
patagonia,2023-08-09,0.6,-3.1,20.2,20.5,100
patagonia,2023-08-10,-1.5,-8.1,25.5,15.0,100
patagonia,2023-08-11,-7.6,-9.1,5.0,14.9,100
patagonia,2023-08-12,-2.3,-9.6,8.0,12.2,100
patagonia,2023-08-13,-1.8,-4.0,21.0,17.7,100
patagonia,2023-08-14,-4.2,-11.4,50.1,15.3,99
patagonia,2023-08-15,-8.8,-14.4,0.0,8.2,30
patagonia,2023-08-16,-7.1,-11.6,0.0,7.9,1
patagonia,2023-08-17,-4.7,-9.6,0.0,5.9,43
patagonia,2023-08-18,-5.3,-9.7,0.9,5.7,97
patagonia,2023-08-19,-4.1,-9.9,0.0,7.3,69
patagonia,2023-08-20,-1.9,-5.5,2.7,7.6,80
patagonia,2023-08-21,-2.1,-6.2,1.9,11.9,56
patagonia,2023-08-22,-3.6,-9.1,10.5,17.5,100
patagonia,2023-08-23,-6.8,-8.9,18.9,20.4,100
patagonia,2023-08-24,-6.0,-6.9,51.8,21.1,100
patagonia,2023-08-25,-5.0,-6.9,8.9,18.0,100
patagonia,2023-08-26,-2.9,-5.1,42.3,29.5,100
patagonia,2023-08-27,-2.9,-4.1,66.0,15.3,100
patagonia,2023-08-28,-3.8,-5.6,21.6,20.4,100
patagonia,2023-08-29,-2.3,-6.9,19.1,23.6,100
patagonia,2023-08-30,-5.9,-8.4,47.0,16.6,100
patagonia,2023-08-31,-2.8,-8.3,54.1,17.3,100
patagonia,2023-09-01,-4.6,-8.2,13.3,11.7,100
patagonia,2023-09-02,-7.3,-8.9,17.8,9.5,100
patagonia,2023-09-03,-8.1,-9.2,2.1,13.4,100
patagonia,2023-09-04,-7.8,-11.5,0.2,10.8,81
patagonia,2023-09-05,-7.1,-12.7,0.0,8.6,23
patagonia,2023-09-06,-6.3,-10.2,0.0,9.6,76
patagonia,2023-09-07,-2.1,-7.3,3.5,7.6,83
patagonia,2023-09-08,-2.2,-5.2,2.2,7.7,87
patagonia,2023-09-09,-1.4,-4.8,2.9,12.4,93
patagonia,2023-09-10,-2.7,-7.3,7.1,8.3,90
patagonia,2023-09-11,-4.3,-7.8,9.5,15.0,95
patagonia,2023-09-12,-4.7,-7.8,39.8,18.5,100
patagonia,2023-09-13,-4.2,-7.1,68.3,14.0,100
patagonia,2023-09-14,-5.7,-8.2,21.3,12.5,100
patagonia,2023-09-15,-7.0,-8.5,14.3,12.6,100
patagonia,2023-09-16,-7.5,-12.2,2.3,8.0,73
patagonia,2023-09-17,-8.1,-12.4,0.0,7.9,38
patagonia,2023-09-18,-8.2,-10.0,0.9,7.9,100
patagonia,2023-09-19,-7.8,-10.0,1.7,12.0,100
patagonia,2023-09-20,-6.6,-7.8,8.1,15.0,100
patagonia,2023-09-21,-6.1,-7.6,4.2,15.9,100
patagonia,2023-09-22,-6.1,-8.2,0.1,13.4,99
patagonia,2023-09-23,-5.1,-6.6,0.5,16.8,100
patagonia,2023-09-24,-4.4,-5.8,0.2,15.1,100
patagonia,2023-09-25,-4.4,-6.3,2.8,25.8,100
patagonia,2023-09-26,-3.1,-4.4,49.4,28.1,100
patagonia,2023-09-27,-2.8,-5.7,32.7,11.8,100
patagonia,2023-09-28,-3.9,-7.6,0.3,18.7,96
patagonia,2023-09-29,-1.1,-4.7,0.2,22.2,98
patagonia,2023-09-30,-2.2,-7.6,18.0,21.7,91
patagonia,2023-10-01,-7.4,-9.1,24.3,23.8,100
patagonia,2023-10-02,-2.8,-7.6,16.5,14.6,100
patagonia,2023-10-03,-2.0,-3.0,9.8,22.1,100
patagonia,2023-10-04,-3.2,-4.1,5.6,28.0,100
patagonia,2023-10-05,-3.8,-7.5,44.0,28.9,100
patagonia,2023-10-06,-5.0,-8.3,35.6,30.8,100
patagonia,2023-10-07,-3.5,-8.5,79.7,33.9,100
patagonia,2023-10-08,-7.7,-10.0,38.9,22.9,100
patagonia,2023-10-09,-6.3,-8.4,44.5,27.8,100
patagonia,2023-10-10,-5.5,-9.4,12.2,19.7,100
patagonia,2023-10-11,-4.6,-5.5,12.1,23.7,100
patagonia,2023-10-12,-2.2,-4.5,6.1,16.9,100
patagonia,2023-10-13,-2.4,-4.3,4.7,17.6,100
patagonia,2023-10-14,-2.8,-4.7,1.9,21.6,100
patagonia,2023-10-15,-3.6,-5.3,14.1,20.9,100
patagonia,2023-10-16,-2.5,-4.7,18.9,25.1,100
patagonia,2023-10-17,0.1,-2.4,19.2,23.7,100
patagonia,2023-10-18,-0.4,-1.2,25.8,22.7,100
patagonia,2023-10-19,-1.2,-4.9,33.7,17.7,100
patagonia,2023-10-20,-3.9,-5.8,17.8,19.5,100
patagonia,2023-10-21,-3.9,-6.5,2.3,22.9,99
patagonia,2023-10-22,-2.0,-4.2,13.0,16.6,99
patagonia,2023-10-23,2.1,-4.6,0.0,12.9,4
patagonia,2023-10-24,-1.7,-4.6,17.6,27.7,90
patagonia,2023-10-25,-2.6,-4.7,89.9,31.6,100
patagonia,2023-10-26,-4.2,-8.0,28.6,20.5,100
patagonia,2023-10-27,-1.8,-7.7,36.4,23.1,100
patagonia,2023-10-28,-5.0,-8.3,17.4,14.3,100
patagonia,2023-10-29,-6.4,-11.5,0.5,10.2,70
patagonia,2023-10-30,-6.4,-8.1,0.4,8.4,86
patagonia,2023-10-31,-2.3,-6.6,0.0,7.9,0
patagonia,2023-11-01,-1.8,-7.2,0.0,18.6,37
patagonia,2023-11-02,-3.5,-6.0,34.5,25.8,100
patagonia,2023-11-03,-2.5,-4.4,18.5,20.9,100
patagonia,2023-11-04,-2.5,-4.7,32.8,19.0,100
patagonia,2023-11-05,-3.0,-4.4,8.5,23.1,100
patagonia,2023-11-06,-2.4,-3.7,12.1,20.3,100
patagonia,2023-11-07,-2.7,-4.9,31.2,15.5,99
patagonia,2023-11-08,-3.4,-6.3,16.7,20.6,100
patagonia,2023-11-09,-2.4,-4.3,8.4,23.4,100
patagonia,2023-11-10,-0.8,-3.2,30.3,22.1,100
patagonia,2023-11-11,-3.3,-6.9,11.2,13.0,99
patagonia,2023-11-12,-3.0,-7.8,10.5,25.8,100
patagonia,2023-11-13,-3.5,-8.7,36.8,25.3,100
patagonia,2023-11-14,-6.2,-8.3,38.3,17.3,100
patagonia,2023-11-15,-5.7,-8.5,12.1,17.1,100
patagonia,2023-11-16,-2.0,-6.3,32.3,21.3,100
patagonia,2023-11-17,-3.4,-4.8,24.6,12.9,100
patagonia,2023-11-18,-4.1,-6.7,16.5,17.8,98
patagonia,2023-11-19,-1.8,-6.9,6.9,14.3,100
patagonia,2023-11-20,-1.9,-5.0,12.1,16.1,100
patagonia,2023-11-21,-4.0,-4.6,39.6,23.0,100
patagonia,2023-11-22,-3.3,-5.1,18.6,22.1,100
patagonia,2023-11-23,-1.6,-5.2,7.7,26.3,100
patagonia,2023-11-24,1.5,-2.1,0.1,18.2,76
patagonia,2023-11-25,0.1,-5.0,32.1,24.0,98
patagonia,2023-11-26,-3.7,-6.1,22.3,18.5,100
patagonia,2023-11-27,0.8,-7.6,11.9,15.6,96
patagonia,2023-11-28,-0.9,-4.7,55.1,21.4,100
patagonia,2023-11-29,-2.9,-6.5,53.8,19.7,100
patagonia,2023-11-30,-4.5,-7.8,30.3,23.7,100
patagonia,2023-12-01,-5.5,-7.1,33.4,16.5,100
patagonia,2023-12-02,-5.1,-6.8,43.1,19.9,100
patagonia,2023-12-03,-0.8,-6.0,15.4,25.3,100
patagonia,2023-12-04,1.0,-0.7,6.9,28.7,100
patagonia,2023-12-05,0.6,-2.9,18.6,27.5,94
patagonia,2023-12-06,-1.5,-5.1,0.0,18.7,83
patagonia,2023-12-07,5.4,-2.9,0.0,7.2,55
patagonia,2023-12-08,6.2,-0.4,0.3,11.8,40
patagonia,2023-12-09,-0.1,-3.0,15.0,15.3,100
patagonia,2023-12-10,-1.1,-3.4,41.9,12.7,100
patagonia,2023-12-11,-2.5,-3.8,18.3,15.7,100
patagonia,2023-12-12,-2.5,-4.0,60.4,26.1,100
patagonia,2023-12-13,-2.6,-4.7,34.0,23.2,99
patagonia,2023-12-14,-2.6,-4.7,20.4,12.8,100
patagonia,2023-12-15,-2.3,-4.6,32.9,12.9,100
patagonia,2023-12-16,-3.0,-5.0,6.5,14.4,98
patagonia,2023-12-17,-1.5,-7.1,0.0,10.8,57
patagonia,2023-12-18,1.2,-3.7,0.4,13.2,84
patagonia,2023-12-19,2.3,0.7,0.3,11.4,96
patagonia,2023-12-20,4.0,0.5,13.9,18.7,65
patagonia,2023-12-21,0.3,-1.9,7.8,14.4,100
patagonia,2023-12-22,-2.2,-3.4,25.4,28.1,100
patagonia,2023-12-23,-0.4,-3.4,27.4,29.5,100
patagonia,2023-12-24,1.1,-0.8,16.6,26.8,100
patagonia,2023-12-25,1.8,-1.0,38.4,32.0,99
patagonia,2023-12-26,1.2,-1.9,4.9,23.5,83
patagonia,2023-12-27,0.8,-4.1,32.5,22.6,100
patagonia,2023-12-28,-3.5,-5.6,16.0,21.3,100
patagonia,2023-12-29,1.9,-4.4,2.3,19.7,100
patagonia,2023-12-30,2.2,0.5,7.2,21.9,100
patagonia,2023-12-31,3.0,-0.2,1.5,16.5,100
patagonia,2024-01-01,3.3,2.5,10.4,15.9,100
patagonia,2024-01-02,3.3,0.7,20.8,24.3,100
patagonia,2024-01-03,2.8,-0.5,34.8,18.2,100
patagonia,2024-01-04,2.6,1.2,58.6,16.9,100
patagonia,2024-01-05,1.5,-2.7,33.2,18.9,100
patagonia,2024-01-06,-0.7,-2.1,18.7,21.9,100
patagonia,2024-01-07,-0.9,-3.7,32.9,22.5,98
patagonia,2024-01-08,-2.8,-5.1,54.7,26.6,100
patagonia,2024-01-09,-3.6,-6.1,40.4,23.2,100
patagonia,2024-01-10,0.4,-3.1,18.7,18.1,100
patagonia,2024-01-11,0.9,-0.1,5.8,16.4,100
patagonia,2024-01-12,1.2,-0.2,1.1,23.0,100
patagonia,2024-01-13,-0.2,-3.3,32.4,29.4,100
patagonia,2024-01-14,0.4,-4.2,56.1,27.2,100
patagonia,2024-01-15,-0.9,-2.8,11.8,24.8,100
patagonia,2024-01-16,3.7,-3.1,33.2,32.9,100
patagonia,2024-01-17,3.4,-1.3,52.1,26.5,100
patagonia,2024-01-18,0.6,-3.1,31.2,25.3,100
patagonia,2024-01-19,-0.3,-3.2,45.2,27.1,100
patagonia,2024-01-20,1.1,-1.0,10.9,28.4,100
patagonia,2024-01-21,4.5,0.3,12.9,31.1,100
patagonia,2024-01-22,4.6,3.8,28.9,32.0,100
patagonia,2024-01-23,5.0,-1.0,19.1,28.2,94
patagonia,2024-01-24,0.9,-2.3,27.0,21.4,100
patagonia,2024-01-25,0.9,-1.9,75.2,17.4,100
patagonia,2024-01-26,2.6,-2.7,23.5,23.2,98
patagonia,2024-01-27,-0.6,-3.2,24.4,30.8,100
patagonia,2024-01-28,1.0,-0.5,17.0,22.6,100
patagonia,2024-01-29,2.3,0.8,36.8,21.1,100
patagonia,2024-01-30,3.2,0.3,36.9,20.1,100
patagonia,2024-01-31,0.8,-0.8,29.7,18.8,100
patagonia,2024-02-01,1.6,-0.9,41.1,18.7,100
patagonia,2024-02-02,2.0,-4.2,57.5,20.7,99
patagonia,2024-02-03,-0.1,-4.1,8.1,18.6,100
patagonia,2024-02-04,6.0,2.2,73.9,39.3,100
patagonia,2024-02-05,0.0,-2.7,40.7,24.8,100
patagonia,2024-02-06,2.7,0.1,13.6,18.9,100
patagonia,2024-02-07,-0.6,-2.7,54.5,33.1,100
patagonia,2024-02-08,0.7,-1.8,21.9,30.3,100
patagonia,2024-02-09,2.9,0.6,10.7,29.3,77
patagonia,2024-02-10,2.4,0.2,4.6,13.8,56
patagonia,2024-02-11,2.6,-4.4,43.1,16.5,100
patagonia,2024-02-12,0.4,-4.4,2.2,21.7,96
patagonia,2024-02-13,5.1,0.6,53.4,24.7,95
patagonia,2024-02-14,5.8,2.8,58.6,22.6,100
patagonia,2024-02-15,6.2,1.4,4.1,15.0,100
patagonia,2024-02-16,9.4,1.4,7.5,10.9,68
patagonia,2024-02-17,1.4,-0.9,26.5,20.2,100
patagonia,2024-02-18,3.4,-0.1,33.6,28.4,100
patagonia,2024-02-19,5.2,2.7,51.8,21.5,100
patagonia,2024-02-20,4.3,-0.1,20.1,21.2,100
patagonia,2024-02-21,-0.2,-3.4,37.0,14.0,100
patagonia,2024-02-22,-3.8,-5.6,25.3,16.6,100
patagonia,2024-02-23,-0.1,-5.7,3.4,18.6,100
patagonia,2024-02-24,1.2,-1.7,0.0,8.7,96
patagonia,2024-02-25,5.4,1.2,0.0,6.7,51
patagonia,2024-02-26,5.9,1.0,0.0,7.4,38
patagonia,2024-02-27,3.5,0.6,34.0,13.7,100
patagonia,2024-02-28,0.9,0.0,24.8,18.8,100
patagonia,2024-02-29,1.3,0.9,32.9,17.9,100
patagonia,2024-03-01,1.1,-3.3,54.2,14.6,100
patagonia,2024-03-02,-3.3,-4.9,28.7,24.3,100
patagonia,2024-03-03,0.3,-3.6,32.9,19.8,100
patagonia,2024-03-04,3.9,-1.2,0.0,8.4,89
patagonia,2024-03-05,5.2,-0.9,14.5,13.2,100
patagonia,2024-03-06,-0.6,-2.9,16.0,17.8,100
patagonia,2024-03-07,1.4,-0.4,9.7,10.7,100
patagonia,2024-03-08,1.6,-3.4,33.8,27.9,100
patagonia,2024-03-09,-0.4,-2.9,77.0,28.8,100
patagonia,2024-03-10,-0.7,-4.8,55.7,19.3,100
patagonia,2024-03-11,-0.8,-4.7,18.8,23.2,100
patagonia,2024-03-12,-1.4,-3.6,42.3,21.1,100
patagonia,2024-03-13,-3.0,-6.5,69.7,17.2,100
patagonia,2024-03-14,-3.1,-7.1,54.8,21.3,100
patagonia,2024-03-15,-3.3,-6.2,30.4,20.6,100
patagonia,2024-03-16,-4.6,-6.4,52.3,19.8,100
patagonia,2024-03-17,-5.9,-8.0,33.8,19.8,100
patagonia,2024-03-18,-4.6,-7.4,20.6,11.9,100
patagonia,2024-03-19,-4.3,-7.4,5.5,8.8,100
patagonia,2024-03-20,-2.7,-8.8,8.0,21.7,99
patagonia,2024-03-21,-0.6,-3.0,37.9,22.2,100
patagonia,2024-03-22,4.8,-3.4,0.0,12.1,96
patagonia,2024-03-23,4.6,2.4,14.1,10.8,100
patagonia,2024-03-24,2.9,1.1,18.7,12.2,100
patagonia,2024-03-25,4.5,3.2,27.9,28.2,100
patagonia,2024-03-26,2.9,-3.0,33.0,23.0,100
patagonia,2024-03-27,3.0,-3.0,19.7,27.7,100
patagonia,2024-03-28,4.3,-4.2,59.3,29.3,100
patagonia,2024-03-29,-3.9,-6.8,46.0,24.6,100
patagonia,2024-03-30,-3.8,-6.1,37.4,24.1,100
patagonia,2024-03-31,-2.7,-3.9,31.8,29.0,100
patagonia,2024-04-01,-0.1,-2.9,24.3,26.9,100
patagonia,2024-04-02,-1.0,-7.3,49.3,18.3,100
patagonia,2024-04-03,-4.0,-7.3,28.1,23.5,100
patagonia,2024-04-04,-2.6,-7.3,30.4,27.2,100
patagonia,2024-04-05,1.4,-2.3,58.3,37.8,100
patagonia,2024-04-06,0.2,-6.7,69.4,30.3,100
patagonia,2024-04-07,-4.3,-7.6,57.3,21.0,100
patagonia,2024-04-08,-6.5,-9.0,21.0,20.3,100
patagonia,2024-04-09,-3.7,-6.2,15.8,24.3,100
patagonia,2024-04-10,-0.9,-5.1,0.0,10.8,68
patagonia,2024-04-11,3.1,-5.3,0.0,14.2,16
patagonia,2024-04-12,2.6,-4.1,0.0,13.2,67
patagonia,2024-04-13,3.8,-1.0,0.0,15.9,80
patagonia,2024-04-14,4.0,1.8,18.1,22.8,100
patagonia,2024-04-15,5.6,1.2,0.0,12.7,87
patagonia,2024-04-16,1.5,-0.9,21.9,18.9,97
patagonia,2024-04-17,1.0,-0.1,13.6,19.8,100
patagonia,2024-04-18,3.3,-4.6,28.3,17.2,99
patagonia,2024-04-19,-2.6,-6.2,19.4,19.8,93
patagonia,2024-04-20,-5.8,-6.9,24.4,17.7,100
patagonia,2024-04-21,-4.4,-5.9,2.8,17.5,100
patagonia,2024-04-22,-3.5,-6.5,0.5,13.7,84
patagonia,2024-04-23,-2.2,-3.6,15.6,17.0,100
patagonia,2024-04-24,0.1,-3.7,19.1,14.7,100
patagonia,2024-04-25,-1.1,-8.5,38.9,16.8,100
patagonia,2024-04-26,-6.0,-8.3,34.5,23.7,100
patagonia,2024-04-27,-4.7,-7.0,63.3,33.8,100
patagonia,2024-04-28,-5.0,-6.5,70.5,20.2,100
patagonia,2024-04-29,-6.1,-10.4,4.1,16.3,98
patagonia,2024-04-30,-5.2,-8.3,0.6,13.8,75
patagonia,2024-05-01,-6.5,-10.1,0.0,10.0,42
patagonia,2024-05-02,-2.6,-9.1,7.1,13.5,99
patagonia,2024-05-03,-2.0,-5.5,21.2,10.2,100
patagonia,2024-05-04,-5.6,-8.6,1.1,8.3,100
patagonia,2024-05-05,-8.6,-11.2,1.3,10.2,81
patagonia,2024-05-06,-6.3,-9.0,0.0,5.4,12
patagonia,2024-05-07,-5.0,-9.9,1.4,8.4,88
patagonia,2024-05-08,-4.2,-8.7,31.3,6.1,100
patagonia,2024-05-09,-6.3,-8.0,4.2,11.2,100
patagonia,2024-05-10,-1.6,-9.5,0.0,9.5,24
patagonia,2024-05-11,-6.2,-10.3,0.7,14.5,46
patagonia,2024-05-12,-1.7,-7.8,1.7,11.3,49
patagonia,2024-05-13,-2.2,-9.1,0.0,12.9,68
patagonia,2024-05-14,-2.9,-8.7,0.0,13.4,79
patagonia,2024-05-15,-1.7,-4.1,0.5,15.0,85
patagonia,2024-05-16,3.2,-5.3,0.0,11.4,38
patagonia,2024-05-17,0.4,-5.5,0.0,10.5,33
patagonia,2024-05-18,-3.6,-7.2,0.0,10.8,41
patagonia,2024-05-19,-0.2,-6.2,9.8,12.9,100
patagonia,2024-05-20,-3.6,-4.8,20.5,20.0,100
patagonia,2024-05-21,-3.1,-4.4,24.8,23.4,100
patagonia,2024-05-22,-4.6,-9.4,22.3,15.8,100
patagonia,2024-05-23,-7.7,-10.1,0.0,9.1,97
patagonia,2024-05-24,0.1,-7.4,0.0,7.1,21
patagonia,2024-05-25,3.4,0.2,0.0,7.3,0
patagonia,2024-05-26,1.6,-3.9,0.0,9.8,33
patagonia,2024-05-27,-2.8,-5.1,11.8,13.0,100
patagonia,2024-05-28,-2.4,-6.2,41.4,13.7,100
patagonia,2024-05-29,-3.6,-6.5,28.2,15.4,100
patagonia,2024-05-30,-1.3,-6.9,11.5,12.7,96
patagonia,2024-05-31,1.9,-3.8,8.8,7.3,100
patagonia,2024-06-01,-1.6,-7.2,10.4,9.1,90
patagonia,2024-06-02,-1.0,-5.9,0.0,11.2,52
patagonia,2024-06-03,2.7,-5.8,0.0,11.6,100
patagonia,2024-06-04,-1.5,-5.3,10.5,12.4,100
patagonia,2024-06-05,-2.4,-7.4,20.1,10.5,100
patagonia,2024-06-06,1.3,-4.2,11.1,8.9,100
patagonia,2024-06-07,0.7,-0.2,16.9,8.8,100
patagonia,2024-06-08,-0.2,-4.5,1.7,13.8,100
patagonia,2024-06-09,-4.8,-6.1,13.0,13.6,100
patagonia,2024-06-10,-1.6,-7.0,4.7,8.4,87
patagonia,2024-06-11,0.8,-6.7,13.7,12.4,98
patagonia,2024-06-12,-2.1,-8.0,29.7,19.0,100
patagonia,2024-06-13,-5.5,-8.7,27.8,22.8,99
patagonia,2024-06-14,-6.1,-9.3,57.8,18.8,100
patagonia,2024-06-15,-6.1,-7.7,54.5,17.1,100
patagonia,2024-06-16,-4.6,-7.1,14.5,12.8,100
patagonia,2024-06-17,-6.2,-11.8,1.7,15.5,100
patagonia,2024-06-18,-11.6,-14.5,2.4,16.6,100
patagonia,2024-06-19,-12.1,-14.0,1.0,10.9,98
patagonia,2024-06-20,-10.1,-14.5,0.0,12.8,60
patagonia,2024-06-21,-10.5,-14.2,0.1,11.6,100
patagonia,2024-06-22,-5.7,-10.2,0.3,8.4,68
patagonia,2024-06-23,-4.1,-11.4,0.6,8.4,63
patagonia,2024-06-24,-7.0,-11.9,7.3,18.1,57
patagonia,2024-06-25,-6.2,-7.9,41.5,15.3,100
patagonia,2024-06-26,-6.9,-11.5,4.0,9.4,86
patagonia,2024-06-27,-5.9,-9.9,3.5,10.3,60
patagonia,2024-06-28,-6.7,-8.5,1.9,12.4,100
patagonia,2024-06-29,-3.4,-10.6,21.5,11.8,94
patagonia,2024-06-30,-3.0,-7.5,49.3,20.2,100
patagonia,2024-07-01,-7.2,-9.6,30.3,21.4,100
patagonia,2024-07-02,-7.2,-9.0,23.1,16.9,100
patagonia,2024-07-03,-8.0,-10.0,32.2,15.2,100
patagonia,2024-07-04,-7.7,-9.1,10.4,16.8,100
patagonia,2024-07-05,-6.9,-11.4,2.1,8.3,80
patagonia,2024-07-06,-3.2,-6.9,12.2,11.0,72
patagonia,2024-07-07,-4.3,-5.7,4.5,17.3,100
patagonia,2024-07-08,-4.5,-7.5,2.2,13.4,96
patagonia,2024-07-09,-5.1,-7.3,11.3,25.1,97
patagonia,2024-07-10,-4.3,-5.2,21.4,22.0,100
patagonia,2024-07-11,-2.1,-4.3,3.1,22.6,100
patagonia,2024-07-12,-1.7,-3.4,0.0,25.5,94
patagonia,2024-07-13,0.7,-2.7,0.0,20.5,89
patagonia,2024-07-14,5.5,-3.8,0.0,19.6,88
patagonia,2024-07-15,-0.2,-3.5,19.0,21.3,100
patagonia,2024-07-16,-1.7,-3.3,18.5,21.0,100
patagonia,2024-07-17,-1.3,-5.5,22.2,19.3,100
patagonia,2024-07-18,-5.2,-8.5,11.9,22.1,100
patagonia,2024-07-19,-3.2,-4.8,21.1,32.9,100
patagonia,2024-07-20,-2.8,-5.4,31.5,32.8,100
patagonia,2024-07-21,-1.3,-5.4,97.3,32.8,100
patagonia,2024-07-22,-1.6,-3.8,62.7,30.1,100
patagonia,2024-07-23,0.4,-6.8,31.6,36.1,100
patagonia,2024-07-24,-4.8,-6.6,20.3,14.1,100
patagonia,2024-07-25,-5.7,-7.0,45.8,23.1,100
patagonia,2024-07-26,-5.2,-7.9,67.1,21.3,100
patagonia,2024-07-27,-8.3,-10.4,29.0,17.9,100
patagonia,2024-07-28,-6.4,-10.4,25.4,23.5,100
patagonia,2024-07-29,-2.7,-6.6,29.1,22.6,100
patagonia,2024-07-30,-2.0,-2.6,36.6,15.6,100
patagonia,2024-07-31,-2.1,-4.8,4.9,11.6,100
patagonia,2024-08-01,0.7,-4.9,3.2,14.5,99
patagonia,2024-08-02,-2.1,-4.7,18.0,9.4,100
patagonia,2024-08-03,-2.8,-4.4,10.2,8.9,100
patagonia,2024-08-04,-4.2,-7.2,3.1,6.6,100
patagonia,2024-08-05,-4.2,-8.4,0.0,6.9,54
patagonia,2024-08-06,-0.4,-5.1,0.0,8.4,30
patagonia,2024-08-07,-4.2,-8.3,0.5,17.1,60
patagonia,2024-08-08,-0.7,-3.6,22.0,26.9,100
patagonia,2024-08-09,-1.0,-4.1,55.4,21.3,100
patagonia,2024-08-10,-3.4,-4.6,44.6,21.3,100
patagonia,2024-08-11,-0.5,-6.0,29.1,13.8,100
patagonia,2024-08-12,-0.6,-5.2,58.6,17.4,100
patagonia,2024-08-13,-4.0,-6.1,14.8,17.3,82
patagonia,2024-08-14,-4.2,-6.9,6.3,9.5,90
patagonia,2024-08-15,-4.1,-6.5,9.5,13.6,99
patagonia,2024-08-16,-4.8,-7.2,23.6,12.2,100
patagonia,2024-08-17,-6.4,-9.6,3.3,13.7,84
patagonia,2024-08-18,-5.4,-9.6,0.0,8.7,86
patagonia,2024-08-19,3.9,-7.1,0.0,8.2,36
patagonia,2024-08-20,4.1,-2.1,0.0,6.4,61
patagonia,2024-08-21,2.3,-1.3,0.0,8.5,24
patagonia,2024-08-22,0.8,-9.5,0.0,10.0,32
patagonia,2024-08-23,-4.5,-8.2,0.3,11.1,100
patagonia,2024-08-24,-3.8,-8.5,0.1,10.5,100
patagonia,2024-08-25,-1.0,-3.6,38.0,9.8,100
patagonia,2024-08-26,-2.7,-6.3,44.7,20.3,100
patagonia,2024-08-27,-4.2,-6.0,22.6,22.1,100
patagonia,2024-08-28,-5.3,-7.3,42.1,21.4,100
patagonia,2024-08-29,-2.3,-5.7,3.2,21.1,93
patagonia,2024-08-30,-0.4,-4.9,7.6,25.2,100
patagonia,2024-08-31,1.3,-3.0,26.8,24.7,100
patagonia,2024-09-01,-3.3,-5.0,32.5,22.2,100
patagonia,2024-09-02,-3.2,-4.9,11.5,20.4,100
patagonia,2024-09-03,-4.2,-7.9,41.9,22.7,100
patagonia,2024-09-04,-4.0,-6.9,28.7,31.8,100
patagonia,2024-09-05,-2.5,-4.5,18.9,29.5,100
patagonia,2024-09-06,-4.6,-5.4,87.4,23.6,100
patagonia,2024-09-07,-3.1,-6.1,57.6,22.9,100
patagonia,2024-09-08,-3.9,-8.6,54.6,22.7,100
patagonia,2024-09-09,-7.4,-8.8,12.8,18.8,100
patagonia,2024-09-10,-4.8,-7.2,30.3,21.4,100
patagonia,2024-09-11,-4.0,-5.1,29.8,32.1,100
patagonia,2024-09-12,-4.8,-8.2,56.1,20.2,100
patagonia,2024-09-13,-5.9,-8.1,39.9,21.4,100
patagonia,2024-09-14,-3.4,-6.9,31.8,21.0,100
patagonia,2024-09-15,-4.9,-6.9,49.7,19.9,100
patagonia,2024-09-16,-2.8,-4.6,49.8,25.3,100
patagonia,2024-09-17,-4.0,-9.2,47.2,19.2,100
patagonia,2024-09-18,-7.0,-10.8,0.5,10.5,47
patagonia,2024-09-19,-6.8,-11.6,8.9,11.8,93
patagonia,2024-09-20,-7.7,-10.3,5.4,10.6,99
patagonia,2024-09-21,-6.2,-10.7,5.7,26.3,100
patagonia,2024-09-22,-5.8,-10.8,26.3,26.1,100
patagonia,2024-09-23,-6.9,-10.6,38.7,28.9,100
patagonia,2024-09-24,-8.3,-11.3,20.5,27.1,100
patagonia,2024-09-25,-5.9,-8.2,71.0,22.1,100
patagonia,2024-09-26,-3.4,-5.8,66.4,31.3,100
patagonia,2024-09-27,-3.2,-8.8,65.1,19.1,100
patagonia,2024-09-28,-8.6,-11.1,20.0,13.9,100
patagonia,2024-09-29,-9.4,-13.6,15.5,10.4,82
patagonia,2024-09-30,-7.9,-14.3,16.6,18.2,86
patagonia,2024-10-01,-4.9,-7.6,43.3,20.7,100
patagonia,2024-10-02,-4.4,-6.6,22.7,23.5,100
patagonia,2024-10-03,-4.6,-6.4,39.4,25.8,100
patagonia,2024-10-04,-4.1,-5.9,12.7,23.6,100
patagonia,2024-10-05,-3.4,-5.3,1.5,18.3,100
patagonia,2024-10-06,-3.0,-4.8,5.7,19.2,97
patagonia,2024-10-07,0.5,-2.9,11.5,18.6,100
patagonia,2024-10-08,1.2,-1.1,14.9,25.1,100
patagonia,2024-10-09,0.4,-4.7,46.2,22.7,100
patagonia,2024-10-10,-4.0,-5.4,45.3,21.7,100
patagonia,2024-10-11,-4.2,-5.1,31.1,16.7,100
patagonia,2024-10-12,-2.6,-4.8,15.5,31.1,100
patagonia,2024-10-13,-2.0,-3.4,23.0,32.4,100
patagonia,2024-10-14,-1.5,-2.3,11.6,23.7,100
patagonia,2024-10-15,-1.3,-3.2,26.0,24.8,100
patagonia,2024-10-16,1.1,-2.1,13.2,18.6,99
patagonia,2024-10-17,-0.2,-2.3,42.5,18.3,100
patagonia,2024-10-18,-0.4,-2.5,85.9,18.1,100
patagonia,2024-10-19,-0.3,-1.2,43.2,21.5,100
patagonia,2024-10-20,0.2,-2.6,24.4,28.2,100
patagonia,2024-10-21,-1.2,-3.6,26.3,29.8,100
patagonia,2024-10-22,0.2,-2.3,39.8,23.0,100
patagonia,2024-10-23,-0.8,-3.0,21.2,16.6,100
patagonia,2024-10-24,-3.7,-5.7,45.6,21.6,100
patagonia,2024-10-25,-4.1,-5.8,80.8,31.1,100
patagonia,2024-10-26,-2.5,-5.2,52.0,30.7,100
patagonia,2024-10-27,-3.5,-6.1,78.6,28.4,100
patagonia,2024-10-28,-1.6,-3.5,76.1,27.6,100
patagonia,2024-10-29,-1.7,-2.6,110.6,25.0,100
patagonia,2024-10-30,1.0,-1.4,41.7,25.3,100
patagonia,2024-10-31,1.8,-0.1,1.6,14.9,99
patagonia,2024-11-01,0.5,-6.4,16.3,24.7,99
patagonia,2024-11-02,-0.1,-6.1,4.9,25.6,93
patagonia,2024-11-03,-0.7,-4.9,22.5,15.4,99
patagonia,2024-11-04,-4.0,-5.5,42.6,17.6,100
patagonia,2024-11-05,-3.7,-6.3,46.0,17.1,100
patagonia,2024-11-06,-3.9,-6.6,11.0,21.2,100
patagonia,2024-11-07,0.1,-6.6,21.1,28.1,100
patagonia,2024-11-08,0.6,-2.7,24.5,34.1,100
patagonia,2024-11-09,0.1,-4.5,11.3,20.8,95
patagonia,2024-11-10,-2.8,-4.6,33.6,19.9,100
patagonia,2024-11-11,-1.4,-3.3,43.3,26.6,100
patagonia,2024-11-12,2.1,-1.3,25.1,26.3,100
patagonia,2024-11-13,0.0,-3.8,13.0,27.5,100
patagonia,2024-11-14,-1.3,-3.8,10.7,21.0,92
patagonia,2024-11-15,-2.9,-6.0,33.5,17.7,100
patagonia,2024-11-16,-3.6,-6.0,58.3,24.4,100
patagonia,2024-11-17,-1.5,-4.5,57.3,25.5,100
patagonia,2024-11-18,-0.1,-2.3,1.0,16.5,57
patagonia,2024-11-19,2.7,-2.0,6.4,18.5,87
patagonia,2024-11-20,0.3,-2.7,20.3,18.5,100
patagonia,2024-11-21,1.2,-0.2,15.3,17.3,100
patagonia,2024-11-22,0.9,-5.9,42.6,17.1,100
patagonia,2024-11-23,-4.8,-6.9,41.4,18.9,100
patagonia,2024-11-24,-1.4,-5.2,6.5,10.4,94
patagonia,2024-11-25,1.1,-2.5,0.1,9.8,40
patagonia,2024-11-26,2.5,0.1,0.0,6.2,32
patagonia,2024-11-27,1.7,0.5,0.0,8.6,94
patagonia,2024-11-28,0.8,-1.4,8.5,18.9,100
patagonia,2024-11-29,-0.8,-2.8,11.5,30.5,100
patagonia,2024-11-30,-1.7,-4.9,45.4,31.1,100
patagonia,2024-12-01,-4.4,-6.3,26.0,18.1,100
patagonia,2024-12-02,-2.7,-5.0,22.4,21.7,100
patagonia,2024-12-03,-0.5,-3.1,28.8,20.1,100
patagonia,2024-12-04,-0.6,-5.0,4.1,13.6,56
patagonia,2024-12-05,-3.8,-5.8,0.6,11.3,78
patagonia,2024-12-06,0.7,-5.4,0.0,12.6,14
patagonia,2024-12-07,-2.9,-4.3,19.4,20.9,92
patagonia,2024-12-08,-1.3,-4.3,10.0,15.9,97
patagonia,2024-12-09,-1.9,-3.7,12.9,17.2,100
patagonia,2024-12-10,-1.0,-3.3,11.2,11.1,91
patagonia,2024-12-11,1.3,-1.9,12.1,25.1,100
patagonia,2024-12-12,1.0,-2.4,42.7,24.5,100
patagonia,2024-12-13,-0.2,-2.9,22.2,23.4,100
patagonia,2024-12-14,0.6,-0.5,28.2,25.4,100
patagonia,2024-12-15,2.0,0.6,38.2,25.2,100
patagonia,2024-12-16,4.4,1.7,2.3,13.4,48
patagonia,2024-12-17,3.6,-3.8,21.5,23.6,99
patagonia,2024-12-18,-3.5,-5.3,32.9,28.6,100
patagonia,2024-12-19,-3.4,-5.2,49.4,23.0,100
patagonia,2024-12-20,-3.5,-5.3,20.4,21.0,100
patagonia,2024-12-21,1.4,-3.8,5.9,18.8,100
patagonia,2024-12-22,3.7,0.0,46.4,19.8,100
patagonia,2024-12-23,0.5,-1.9,7.2,22.5,100
patagonia,2024-12-24,2.0,-0.2,14.6,24.2,100
patagonia,2024-12-25,4.6,2.0,3.1,15.5,87
patagonia,2024-12-26,4.0,-2.7,30.9,16.9,100
patagonia,2024-12-27,1.4,-2.9,1.3,16.9,81
patagonia,2024-12-28,1.8,-1.3,0.0,11.6,32
patagonia,2024-12-29,2.8,0.5,0.4,9.6,68
patagonia,2024-12-30,3.7,0.7,11.3,4.3,100
patagonia,2024-12-31,2.8,0.2,0.1,9.2,100
patagonia,2025-01-01,3.0,-0.5,6.4,16.3,97
patagonia,2025-01-02,2.8,-1.2,13.0,20.0,100
patagonia,2025-01-03,0.8,-1.5,2.0,21.3,100
patagonia,2025-01-04,1.5,-0.4,0.3,14.1,100
patagonia,2025-01-05,1.7,-0.1,14.3,19.5,97
patagonia,2025-01-06,1.6,-1.6,48.6,15.9,99
patagonia,2025-01-07,1.5,-1.9,1.1,9.7,91
patagonia,2025-01-08,2.0,-4.2,48.2,18.4,97
patagonia,2025-01-09,-0.6,-3.8,3.0,20.0,100
patagonia,2025-01-10,1.6,-3.3,1.1,11.7,75
patagonia,2025-01-11,5.0,1.0,35.9,29.7,100
patagonia,2025-01-12,5.3,-4.9,65.3,32.4,100
patagonia,2025-01-13,-0.4,-4.0,26.7,26.8,100
patagonia,2025-01-14,-0.9,-1.8,62.5,26.9,100
patagonia,2025-01-15,-1.7,-4.7,69.9,22.9,100
patagonia,2025-01-16,-0.1,-3.6,61.2,26.1,100
patagonia,2025-01-17,1.2,-0.6,52.5,28.7,100
patagonia,2025-01-18,1.3,0.6,26.7,27.5,100
patagonia,2025-01-19,1.2,0.0,7.9,20.0,100
patagonia,2025-01-20,2.0,0.4,7.5,8.3,100
patagonia,2025-01-21,3.1,0.7,3.3,7.9,99
patagonia,2025-01-22,2.6,0.3,9.2,11.3,96
patagonia,2025-01-23,0.0,-2.1,47.5,19.8,100
patagonia,2025-01-24,0.2,-0.9,84.0,21.5,100
patagonia,2025-01-25,3.6,-0.3,16.6,21.0,100
patagonia,2025-01-26,3.8,-2.7,48.3,18.0,100
patagonia,2025-01-27,-0.1,-3.0,61.2,21.6,100
patagonia,2025-01-28,3.1,-0.7,62.5,31.4,100
patagonia,2025-01-29,5.8,3.0,75.4,25.8,100
patagonia,2025-01-30,5.4,-0.9,33.0,26.3,100
patagonia,2025-01-31,0.3,-1.3,13.2,21.5,100
patagonia,2025-02-01,1.0,-1.1,37.3,25.2,100
patagonia,2025-02-02,-0.8,-2.9,43.9,18.2,100
patagonia,2025-02-03,-2.4,-3.7,39.5,16.2,100
patagonia,2025-02-04,-1.5,-4.0,15.8,20.0,100
patagonia,2025-02-05,0.3,-2.5,11.8,12.3,100
patagonia,2025-02-06,-1.6,-3.7,54.7,20.2,100
patagonia,2025-02-07,-1.1,-3.2,14.4,18.1,100
patagonia,2025-02-08,-1.6,-2.6,28.7,18.0,100
patagonia,2025-02-09,0.4,-2.2,5.1,16.5,100
patagonia,2025-02-10,-0.7,-3.6,42.7,23.6,100
patagonia,2025-02-11,-0.6,-3.9,26.7,24.7,100
patagonia,2025-02-12,0.8,-0.6,14.9,22.7,99
patagonia,2025-02-13,0.7,-0.9,7.6,20.1,100
patagonia,2025-02-14,0.1,-1.5,2.6,22.1,100
patagonia,2025-02-15,-0.9,-2.0,36.3,27.6,100
patagonia,2025-02-16,-1.9,-2.9,32.2,24.8,100
patagonia,2025-02-17,2.8,-3.3,37.0,29.5,100
patagonia,2025-02-18,4.1,0.8,49.2,30.3,100
patagonia,2025-02-19,3.8,-1.7,24.5,33.8,97
patagonia,2025-02-20,0.8,-1.6,14.5,19.5,100
patagonia,2025-02-21,1.6,-0.7,63.6,20.3,100
patagonia,2025-02-22,0.6,-2.7,42.9,25.4,100
patagonia,2025-02-23,-1.0,-2.3,55.2,26.6,100
patagonia,2025-02-24,-1.6,-6.4,48.8,24.3,100
patagonia,2025-02-25,-4.2,-6.5,10.0,18.9,100
patagonia,2025-02-26,-2.6,-4.7,0.6,20.1,83
patagonia,2025-02-27,-1.1,-4.2,7.3,17.6,100
patagonia,2025-02-28,1.5,-1.6,10.3,10.8,100
patagonia,2025-03-01,1.4,-0.9,15.7,12.6,100
patagonia,2025-03-02,1.2,-1.4,6.1,14.1,92
patagonia,2025-03-03,-0.6,-3.0,55.5,21.7,100
patagonia,2025-03-04,0.5,-2.5,51.1,18.4,97
patagonia,2025-03-05,-2.4,-5.2,26.1,24.5,99
patagonia,2025-03-06,-1.5,-6.3,0.8,9.7,82
patagonia,2025-03-07,-1.2,-3.6,4.7,17.1,100
patagonia,2025-03-08,-1.2,-3.8,4.7,17.4,100
patagonia,2025-03-09,0.7,-3.1,67.6,22.3,100
patagonia,2025-03-10,-2.9,-6.0,37.9,20.2,100
patagonia,2025-03-11,-1.2,-2.7,17.3,18.2,100
patagonia,2025-03-12,5.3,-1.4,13.6,18.8,78
patagonia,2025-03-13,-0.3,-2.5,27.9,30.0,100
patagonia,2025-03-14,0.8,-1.6,8.6,23.5,100
patagonia,2025-03-15,1.0,-0.1,20.7,26.3,100
patagonia,2025-03-16,3.3,1.1,15.8,22.8,99
patagonia,2025-03-17,3.0,-4.0,25.3,31.0,100
patagonia,2025-03-18,2.2,-3.7,18.0,27.8,100
patagonia,2025-03-19,2.0,-2.4,58.7,39.0,100
patagonia,2025-03-20,-1.0,-3.3,59.4,21.4,100
patagonia,2025-03-21,-3.4,-4.6,13.9,20.5,100
patagonia,2025-03-22,-1.1,-4.1,1.0,16.3,100
patagonia,2025-03-23,1.5,-1.3,6.1,26.5,100
patagonia,2025-03-24,4.5,1.2,23.7,26.3,100
patagonia,2025-03-25,4.5,2.2,4.0,16.6,94
patagonia,2025-03-26,6.7,-1.1,6.1,27.4,53
patagonia,2025-03-27,-0.6,-1.3,15.2,24.0,100
patagonia,2025-03-28,-0.7,-4.1,63.7,16.0,100
patagonia,2025-03-29,-4.2,-7.1,2.0,12.2,100
patagonia,2025-03-30,-3.2,-6.4,33.0,17.6,100
patagonia,2025-03-31,-2.2,-6.2,36.0,22.8,100
patagonia,2025-04-01,-1.5,-6.7,44.8,21.8,100
patagonia,2025-04-02,-4.4,-9.9,1.0,10.8,84
patagonia,2025-04-03,-2.5,-11.5,0.0,8.2,13
patagonia,2025-04-04,3.8,-2.7,0.0,12.2,96
patagonia,2025-04-05,4.9,2.5,0.0,15.5,96
patagonia,2025-04-06,5.7,1.9,3.7,18.3,99
patagonia,2025-04-07,3.6,-0.4,18.5,23.0,100
patagonia,2025-04-08,1.5,-1.0,6.9,13.9,99
patagonia,2025-04-09,1.5,-1.8,16.0,16.5,86
patagonia,2025-04-10,0.7,-4.6,0.0,16.8,50
patagonia,2025-04-11,1.1,-1.3,13.1,16.2,86
patagonia,2025-04-12,-0.7,-2.1,28.6,17.0,97
patagonia,2025-04-13,-0.3,-3.8,0.0,9.1,16
patagonia,2025-04-14,-0.1,-4.1,0.0,7.4,24
patagonia,2025-04-15,0.8,-0.8,0.4,7.9,79
patagonia,2025-04-16,0.7,-3.1,2.4,7.6,94
patagonia,2025-04-17,-1.0,-3.6,1.9,16.2,84
patagonia,2025-04-18,-0.8,-1.7,5.2,19.7,100
patagonia,2025-04-19,0.8,-2.5,5.4,12.4,100
patagonia,2025-04-20,4.1,-3.4,35.9,19.6,100
patagonia,2025-04-21,-3.3,-6.0,10.4,13.6,65
patagonia,2025-04-22,0.8,-5.9,12.2,16.7,83
patagonia,2025-04-23,1.8,-5.2,12.1,22.0,98
patagonia,2025-04-24,3.1,-4.3,15.5,24.9,100
patagonia,2025-04-25,-3.3,-5.6,12.4,23.8,100
patagonia,2025-04-26,-2.6,-6.8,50.6,22.6,100
patagonia,2025-04-27,0.7,-1.8,33.3,33.7,100
patagonia,2025-04-28,0.1,-1.3,21.9,27.3,100
patagonia,2025-04-29,-0.6,-2.5,13.1,18.6,100
patagonia,2025-04-30,1.0,-2.8,4.3,10.1,91
patagonia,2025-05-01,0.0,-3.1,1.2,10.5,64
patagonia,2025-05-02,0.6,-4.8,19.2,18.2,100
patagonia,2025-05-03,-4.4,-6.3,38.9,16.7,100
patagonia,2025-05-04,-3.5,-5.4,11.1,13.0,93
patagonia,2025-05-05,-1.7,-3.9,11.9,9.1,99
patagonia,2025-05-06,-2.0,-6.1,1.4,7.4,59
patagonia,2025-05-07,-5.3,-8.4,0.0,9.6,70
patagonia,2025-05-08,-2.5,-6.1,10.5,16.9,71
patagonia,2025-05-09,-1.8,-4.7,14.2,18.4,100
patagonia,2025-05-10,1.8,-3.9,54.8,21.4,100
patagonia,2025-05-11,2.0,-4.8,24.7,21.0,80
patagonia,2025-05-12,2.0,-4.8,46.5,21.3,100
patagonia,2025-05-13,-0.9,-4.2,23.1,20.3,99
patagonia,2025-05-14,-0.3,-7.0,41.8,23.6,100
patagonia,2025-05-15,-1.3,-6.4,45.9,26.2,100
patagonia,2025-05-16,-5.1,-10.2,23.9,11.5,99
patagonia,2025-05-17,-8.2,-9.7,0.4,10.5,100
patagonia,2025-05-18,-8.3,-9.4,12.7,12.4,100
patagonia,2025-05-19,-7.7,-8.9,1.5,12.5,100
patagonia,2025-05-20,-7.3,-11.1,0.4,9.2,42
patagonia,2025-05-21,-0.7,-7.9,1.1,14.1,73
patagonia,2025-05-22,0.5,-2.1,14.1,13.7,100
patagonia,2025-05-23,-2.3,-4.9,27.0,13.1,100
patagonia,2025-05-24,-2.4,-5.3,48.8,14.0,100
patagonia,2025-05-25,-1.4,-6.1,40.4,14.9,100
patagonia,2025-05-26,-6.1,-9.5,3.0,15.1,74
patagonia,2025-05-27,-4.7,-8.1,2.3,9.2,76
patagonia,2025-05-28,-0.7,-4.8,34.9,19.0,100
patagonia,2025-05-29,-1.2,-4.6,30.2,19.8,100
patagonia,2025-05-30,-4.1,-4.9,43.3,19.8,100
patagonia,2025-05-31,-2.5,-4.4,26.6,18.0,100
patagonia,2025-06-01,-2.2,-8.0,36.6,16.4,100
patagonia,2025-06-02,-3.5,-8.0,31.8,24.8,100
patagonia,2025-06-03,-3.4,-7.2,64.0,20.2,100
patagonia,2025-06-04,-3.6,-8.6,31.9,21.9,100
patagonia,2025-06-05,-1.6,-3.8,70.2,19.6,100
patagonia,2025-06-06,0.6,-1.7,27.9,18.5,100
patagonia,2025-06-07,2.0,-1.9,0.0,9.6,83
patagonia,2025-06-08,0.9,-2.3,0.0,12.7,97
patagonia,2025-06-09,5.5,-0.9,13.5,11.8,100
patagonia,2025-06-10,4.1,0.7,8.6,10.9,100
patagonia,2025-06-11,3.3,-3.3,0.1,12.2,100
patagonia,2025-06-12,-2.6,-5.3,11.4,12.8,100
patagonia,2025-06-13,-4.3,-5.8,15.9,17.6,100
patagonia,2025-06-14,-2.2,-4.6,17.4,16.9,100
patagonia,2025-06-15,-2.8,-8.1,5.9,11.3,92
patagonia,2025-06-16,-5.7,-7.6,11.7,14.8,97
patagonia,2025-06-17,-5.2,-7.1,33.3,14.9,100
patagonia,2025-06-18,-0.8,-4.9,34.3,18.1,100
patagonia,2025-06-19,-2.9,-6.5,31.7,16.6,100
patagonia,2025-06-20,-2.9,-6.2,31.5,32.3,100
patagonia,2025-06-21,-1.8,-8.1,49.3,33.5,100
patagonia,2025-06-22,-4.9,-8.6,8.2,24.2,100
patagonia,2025-06-23,-3.2,-6.5,73.5,30.1,100
patagonia,2025-06-24,-7.0,-11.4,36.3,15.9,100
patagonia,2025-06-25,-9.3,-11.8,27.1,17.5,100
patagonia,2025-06-26,-9.6,-11.6,10.0,12.7,100
patagonia,2025-06-27,-9.5,-13.3,0.0,6.7,90
patagonia,2025-06-28,-7.9,-12.2,0.0,14.5,28
patagonia,2025-06-29,-5.7,-11.0,1.2,16.4,41
patagonia,2025-06-30,-1.9,-5.6,8.2,14.5,100
patagonia,2025-07-01,0.2,-3.4,6.8,13.5,99
patagonia,2025-07-02,0.2,-3.7,21.4,17.7,100
patagonia,2025-07-03,-3.2,-3.9,13.7,16.4,100
patagonia,2025-07-04,-3.8,-6.5,0.4,13.4,74
patagonia,2025-07-05,-3.7,-6.2,0.0,8.3,55
patagonia,2025-07-06,-3.8,-6.4,0.0,10.9,26
patagonia,2025-07-07,0.5,-5.0,23.2,16.8,100
patagonia,2025-07-08,-2.8,-7.1,24.8,20.7,100
patagonia,2025-07-09,-2.3,-3.2,41.6,23.8,100
patagonia,2025-07-10,-2.4,-8.1,111.7,26.1,100
patagonia,2025-07-11,-4.4,-8.6,15.8,24.7,100
patagonia,2025-07-12,-3.2,-7.2,41.6,30.6,100
patagonia,2025-07-13,-4.3,-7.8,12.9,18.8,100
patagonia,2025-07-14,1.0,-4.5,28.4,21.7,100
patagonia,2025-07-15,-4.2,-5.5,24.9,18.2,100
patagonia,2025-07-16,-1.8,-6.1,72.7,26.7,100
patagonia,2025-07-17,-4.9,-7.5,13.8,18.7,100
patagonia,2025-07-18,-3.8,-6.8,34.8,19.4,100
patagonia,2025-07-19,-6.4,-7.4,40.3,18.8,100
patagonia,2025-07-20,-6.0,-7.3,26.9,14.1,100
patagonia,2025-07-21,-5.1,-6.1,18.8,17.2,100
patagonia,2025-07-22,-4.8,-5.5,15.7,18.9,100
patagonia,2025-07-23,-3.2,-6.6,27.6,17.3,100
patagonia,2025-07-24,-3.9,-14.1,10.7,15.6,80
patagonia,2025-07-25,-10.0,-14.0,0.0,4.8,2
patagonia,2025-07-26,-3.2,-9.6,0.0,5.5,4
patagonia,2025-07-27,-3.8,-7.2,0.0,6.5,2
patagonia,2025-07-28,-5.8,-7.6,0.0,9.9,33
patagonia,2025-07-29,-2.1,-7.3,8.4,15.3,100
patagonia,2025-07-30,-2.7,-7.8,1.7,8.2,97
patagonia,2025-07-31,-3.8,-7.6,3.1,8.7,97
patagonia,2025-08-01,-4.8,-8.0,0.7,9.8,93
patagonia,2025-08-02,-4.0,-6.1,5.0,4.8,100
patagonia,2025-08-03,-4.1,-7.5,0.1,6.1,100
patagonia,2025-08-04,-5.9,-9.1,0.0,9.2,82
patagonia,2025-08-05,-5.5,-10.0,0.0,14.2,18
patagonia,2025-08-06,-5.1,-10.3,0.5,23.5,95
patagonia,2025-08-07,-3.4,-5.6,0.0,22.9,91
patagonia,2025-08-08,-0.7,-5.7,0.0,13.4,70
patagonia,2025-08-09,-1.6,-6.8,0.0,14.4,89
patagonia,2025-08-10,-2.2,-5.4,5.7,9.7,97
patagonia,2025-08-11,-1.0,-2.1,14.3,11.4,100
patagonia,2025-08-12,-1.8,-7.9,0.8,13.4,66
patagonia,2025-08-13,-1.6,-7.6,0.0,14.9,24
patagonia,2025-08-14,2.4,-1.6,0.0,8.0,43
patagonia,2025-08-15,0.3,-5.7,0.0,9.0,40
patagonia,2025-08-16,-3.8,-5.0,2.7,12.0,96
patagonia,2025-08-17,-2.1,-4.3,13.3,7.3,100
patagonia,2025-08-18,-2.0,-4.4,13.0,13.1,100
patagonia,2025-08-19,-2.9,-5.1,31.2,15.2,100
patagonia,2025-08-20,-3.4,-7.0,25.4,18.7,100
patagonia,2025-08-21,-7.0,-7.9,6.7,14.2,100
patagonia,2025-08-22,-5.6,-8.1,21.8,17.1,100
patagonia,2025-08-23,-2.1,-5.3,54.6,24.1,100
patagonia,2025-08-24,-3.0,-6.3,25.3,22.3,100
patagonia,2025-08-25,-3.3,-5.4,24.6,22.9,100
patagonia,2025-08-26,-1.8,-6.4,49.7,20.6,100
patagonia,2025-08-27,-2.0,-3.9,5.6,20.0,96
patagonia,2025-08-28,-1.3,-6.5,0.1,10.5,51
patagonia,2025-08-29,-4.3,-7.5,0.0,12.5,17
patagonia,2025-08-30,2.4,-3.4,0.0,16.2,91
patagonia,2025-08-31,0.1,-6.2,12.0,20.8,93
patagonia,2025-09-01,-5.6,-7.2,29.0,19.7,100
patagonia,2025-09-02,-7.6,-10.2,25.4,18.1,100
patagonia,2025-09-03,-6.5,-10.4,3.4,19.5,100
patagonia,2025-09-04,-3.3,-6.0,2.3,17.4,98
patagonia,2025-09-05,-2.2,-3.1,15.8,21.5,100
patagonia,2025-09-06,-1.3,-3.0,0.7,13.9,96
patagonia,2025-09-07,-1.0,-4.3,0.0,13.4,99
patagonia,2025-09-08,-2.8,-6.5,0.0,11.5,100
patagonia,2025-09-09,-1.7,-4.9,4.6,7.9,96
patagonia,2025-09-10,-1.0,-3.5,8.2,19.1,100
patagonia,2025-09-11,1.2,-1.0,1.1,20.2,96
patagonia,2025-09-12,2.2,-4.0,6.9,22.0,100
patagonia,2025-09-13,-4.0,-5.3,23.0,18.6,92
patagonia,2025-09-14,-2.0,-5.0,35.8,22.4,100
patagonia,2025-09-15,-2.2,-7.7,44.0,13.3,100
patagonia,2025-09-16,-6.3,-8.5,12.6,13.2,100
patagonia,2025-09-17,-4.3,-9.4,0.1,8.8,43
patagonia,2025-09-18,-4.7,-8.6,0.0,9.1,1
patagonia,2025-09-19,-2.8,-7.7,0.0,11.4,61
patagonia,2025-09-20,-1.6,-4.4,1.9,12.4,92
patagonia,2025-09-21,-4.2,-5.9,27.0,23.8,100
patagonia,2025-09-22,-5.5,-9.8,6.2,19.8,90
patagonia,2025-09-23,-3.7,-9.6,0.0,10.8,14
patagonia,2025-09-24,-0.2,-3.5,2.2,13.6,87
patagonia,2025-09-25,2.9,-0.7,22.0,14.1,100
patagonia,2025-09-26,-0.8,-3.0,4.3,15.7,100
patagonia,2025-09-27,-0.3,-3.1,35.5,14.7,100
patagonia,2025-09-28,-3.0,-7.5,48.9,23.9,100
patagonia,2025-09-29,-5.1,-8.3,35.8,20.3,100
patagonia,2025-09-30,-3.5,-8.3,59.7,22.2,100
patagonia,2025-10-01,-4.0,-7.1,57.8,23.7,100
patagonia,2025-10-02,-5.5,-7.2,36.0,20.8,100
patagonia,2025-10-03,-5.9,-7.5,33.8,21.5,100
patagonia,2025-10-04,-5.6,-7.7,2.5,11.6,97
patagonia,2025-10-05,-4.3,-8.3,9.0,20.9,73
patagonia,2025-10-06,-2.2,-4.6,18.1,26.7,100
patagonia,2025-10-07,-2.2,-4.0,61.6,25.7,100
patagonia,2025-10-08,-3.1,-6.8,61.2,19.9,100
patagonia,2025-10-09,-5.2,-6.9,35.0,31.0,100
patagonia,2025-10-10,-3.7,-5.6,10.8,30.6,100
patagonia,2025-10-11,-2.3,-4.9,33.1,26.6,100
patagonia,2025-10-12,-2.2,-3.3,77.2,22.6,100
patagonia,2025-10-13,-3.4,-5.5,64.6,15.9,100
patagonia,2025-10-14,-3.6,-5.2,39.7,16.7,100
patagonia,2025-10-15,-4.4,-5.8,29.0,14.4,100
patagonia,2025-10-16,-5.3,-6.9,30.7,19.5,100
patagonia,2025-10-17,-1.2,-5.6,23.3,25.6,100
patagonia,2025-10-18,1.9,-1.8,11.1,28.7,100
patagonia,2025-10-19,2.0,-1.6,33.3,23.4,100
patagonia,2025-10-20,-2.0,-5.2,48.3,17.5,100
patagonia,2025-10-21,-3.4,-5.4,28.7,18.1,100
patagonia,2025-10-22,-3.1,-4.8,39.8,17.3,100
patagonia,2025-10-23,-3.5,-5.0,18.9,12.6,100
patagonia,2025-10-24,-4.6,-9.5,41.3,19.0,100
patagonia,2025-10-25,-6.5,-8.9,22.6,17.1,100
patagonia,2025-10-26,-2.8,-9.5,0.0,6.1,49
patagonia,2025-10-27,0.6,-4.0,0.0,9.5,28
patagonia,2025-10-28,2.5,-0.8,5.7,14.8,100
patagonia,2025-10-29,-0.7,-1.4,14.3,17.5,100
patagonia,2025-10-30,-0.1,-2.3,31.7,20.0,100
patagonia,2025-10-31,-2.5,-5.1,39.0,23.0,100
patagonia,2025-11-01,-4.2,-6.3,35.9,22.8,100
patagonia,2025-11-02,-3.2,-4.7,54.7,26.1,100
patagonia,2025-11-03,-3.4,-5.0,23.7,23.9,100
patagonia,2025-11-04,-2.8,-5.3,0.7,17.9,100
patagonia,2025-11-05,-2.0,-3.7,0.4,13.3,100
patagonia,2025-11-06,-1.8,-3.6,0.0,11.3,99
patagonia,2025-11-07,0.8,-4.0,0.0,12.3,36
patagonia,2025-11-08,0.6,-2.7,0.0,13.6,87
patagonia,2025-11-09,3.4,-0.5,0.0,13.3,27
patagonia,2025-11-10,5.7,0.6,0.7,12.3,73
patagonia,2025-11-11,0.4,-2.2,28.0,21.7,100
patagonia,2025-11-12,-2.4,-4.2,43.3,24.0,100
patagonia,2025-11-13,-0.5,-3.1,105.2,31.1,100
patagonia,2025-11-14,0.8,-2.4,82.0,30.3,100
patagonia,2025-11-15,-2.1,-5.8,51.0,28.1,100
patagonia,2025-11-16,-2.3,-5.8,36.0,28.5,100
patagonia,2025-11-17,-1.2,-7.0,44.5,28.2,100
patagonia,2025-11-18,-4.3,-7.3,34.5,27.4,100
patagonia,2025-11-19,-1.5,-5.1,2.5,16.5,62
patagonia,2025-11-20,-1.0,-4.1,0.9,14.7,65
patagonia,2025-11-21,0.3,-1.8,14.5,18.6,100
patagonia,2025-11-22,1.6,-0.2,37.5,29.4,100
patagonia,2025-11-23,0.5,-2.2,19.0,22.6,100
patagonia,2025-11-24,-1.1,-3.3,17.9,20.1,100
patagonia,2025-11-25,2.2,-2.7,29.7,21.6,100
patagonia,2025-11-26,1.0,-3.9,62.5,20.9,100
patagonia,2025-11-27,-2.2,-5.1,5.0,15.3,98
patagonia,2025-11-28,-0.2,-3.9,0.0,12.2,71
patagonia,2025-11-29,3.7,0.6,0.0,8.2,19
patagonia,2025-11-30,3.7,-0.3,0.0,10.5,80
patagonia,2025-12-01,2.2,-0.3,14.5,24.8,100
patagonia,2025-12-02,0.9,-3.8,33.7,21.4,100
patagonia,2025-12-03,-3.6,-5.1,52.1,18.5,100
patagonia,2025-12-04,-3.4,-5.2,59.5,18.5,100
patagonia,2025-12-05,-1.6,-4.5,14.4,22.8,100
patagonia,2025-12-06,3.0,-1.2,28.9,21.0,100
patagonia,2025-12-07,3.7,1.8,23.4,29.1,100
patagonia,2025-12-08,3.4,1.5,19.7,22.4,100
patagonia,2025-12-09,1.1,-3.0,47.6,24.1,100
patagonia,2025-12-10,0.9,-3.2,34.5,30.5,100
patagonia,2025-12-11,0.4,-6.0,74.8,24.9,100
patagonia,2025-12-12,-4.7,-6.5,44.1,22.9,100
patagonia,2025-12-13,-4.2,-5.2,44.4,25.9,100
patagonia,2025-12-14,-3.7,-5.7,24.1,21.6,100
patagonia,2025-12-15,-1.8,-5.2,12.6,19.6,100
patagonia,2025-12-16,0.8,-4.0,57.3,26.5,100
patagonia,2025-12-17,-2.8,-5.0,41.6,29.9,100
patagonia,2025-12-18,-3.0,-5.2,36.7,22.1,100
patagonia,2025-12-19,-1.5,-3.0,38.6,16.1,100
patagonia,2025-12-20,-1.5,-3.1,25.2,23.7,100
patagonia,2025-12-21,0.7,-3.7,32.7,29.3,100
patagonia,2025-12-22,0.3,-3.5,71.3,29.0,100
patagonia,2025-12-23,-2.7,-4.1,45.8,24.4,100
patagonia,2025-12-24,-3.2,-6.1,66.8,27.5,100
patagonia,2025-12-25,-0.1,-3.3,37.0,29.2,100
patagonia,2025-12-26,0.3,-4.7,46.0,26.5,100
patagonia,2025-12-27,-0.1,-4.4,54.9,29.8,100
patagonia,2025-12-28,1.2,-0.8,26.0,28.6,100
patagonia,2025-12-29,3.3,1.1,42.6,24.6,100
patagonia,2025-12-30,1.6,-0.5,59.1,29.0,100
patagonia,2025-12-31,-0.3,-2.6,18.9,23.8,100
patagonia,2026-01-01,-1.5,-4.1,5.7,21.8,100
patagonia,2026-01-02,2.6,-1.7,30.3,21.0,100
patagonia,2026-01-03,5.0,1.9,0.0,15.5,88
patagonia,2026-01-04,6.2,3.1,0.1,17.7,36
patagonia,2026-01-05,3.3,-2.6,21.8,25.9,99
patagonia,2026-01-06,-1.6,-4.1,11.8,25.2,97
patagonia,2026-01-07,2.8,-5.5,0.2,9.4,76
patagonia,2026-01-08,3.5,2.0,17.7,18.4,100
patagonia,2026-01-09,4.2,0.9,7.0,15.1,100
patagonia,2026-01-10,4.4,-0.4,24.5,27.5,98
patagonia,2026-01-11,-0.7,-1.9,14.4,21.4,100
patagonia,2026-01-12,0.3,-3.3,52.0,23.3,100
patagonia,2026-01-13,2.8,-1.3,76.0,27.8,100
patagonia,2026-01-14,-0.3,-2.3,34.9,16.5,100
patagonia,2026-01-15,0.1,-3.4,27.0,19.8,100
patagonia,2026-01-16,-0.9,-2.8,57.4,25.0,100
patagonia,2026-01-17,-2.0,-3.3,31.5,21.9,100
patagonia,2026-01-18,0.9,-3.4,0.1,19.3,99
patagonia,2026-01-19,2.7,0.6,30.6,27.2,100
patagonia,2026-01-20,4.1,-0.7,30.7,25.5,100
patagonia,2026-01-21,0.9,-3.7,0.8,14.9,34
patagonia,2026-01-22,3.7,-1.9,0.0,14.8,20
patagonia,2026-01-23,3.5,2.3,17.9,16.6,100
patagonia,2026-01-24,2.8,0.8,54.6,25.1,100
patagonia,2026-01-25,3.6,-2.8,75.3,18.6,100
patagonia,2026-01-26,2.2,-3.6,1.4,16.7,99
patagonia,2026-01-27,6.0,0.9,23.5,31.1,100
patagonia,2026-01-28,5.9,-0.3,2.1,12.0,44
patagonia,2026-01-29,6.3,5.6,15.5,16.1,100
patagonia,2026-01-30,7.0,4.1,41.6,20.7,100
patagonia,2026-01-31,3.8,-5.0,13.4,19.9,93
patagonia,2026-02-01,0.5,-5.0,11.2,11.1,98
patagonia,2026-02-02,0.0,-2.1,1.2,8.7,100
patagonia,2026-02-03,-0.6,-2.4,7.3,12.7,100
patagonia,2026-02-04,-0.9,-2.8,5.1,15.8,100
patagonia,2026-02-05,0.6,-1.3,40.8,24.0,100
patagonia,2026-02-06,3.6,0.5,22.4,23.5,100
patagonia,2026-02-07,3.0,-2.3,10.7,22.5,89
patagonia,2026-02-08,4.7,-1.9,16.5,25.8,88
patagonia,2026-02-09,-2.2,-3.4,54.0,24.3,100
patagonia,2026-02-10,-2.3,-3.4,35.5,19.1,100
patagonia,2026-02-11,-3.6,-5.1,20.7,16.8,100
patagonia,2026-02-12,-0.6,-4.1,12.9,18.1,100
patagonia,2026-02-13,0.1,-2.2,3.4,13.6,97
patagonia,2026-02-14,-1.9,-3.5,23.5,19.9,100
patagonia,2026-02-15,1.4,-4.4,10.3,26.9,100
patagonia,2026-02-16,4.1,1.3,36.9,25.0,100
patagonia,2026-02-17,1.3,-3.9,60.3,25.2,100
patagonia,2026-02-18,-0.3,-3.1,29.9,25.6,100
patagonia,2026-02-19,3.6,0.5,54.8,31.0,100
patagonia,2026-02-20,5.2,3.3,40.4,25.7,100
patagonia,2026-02-21,4.8,2.4,45.6,25.5,100
patagonia,2026-02-22,2.2,-0.8,17.1,22.8,100
patagonia,2026-02-23,1.0,-4.4,45.3,21.0,96
patagonia,2026-02-24,-1.0,-4.6,0.0,17.1,75
patagonia,2026-02-25,3.5,-4.1,5.2,15.2,81
patagonia,2026-02-26,3.4,0.8,29.9,22.6,100
patagonia,2026-02-27,1.2,-0.4,9.8,18.9,100
patagonia,2026-02-28,0.5,-1.7,23.3,11.9,100
patagonia,2026-03-01,1.3,-3.5,6.6,12.2,99
patagonia,2026-03-02,1.1,-2.5,15.0,20.6,100
patagonia,2026-03-03,0.8,-3.6,44.8,18.5,100
patagonia,2026-03-04,-1.3,-4.6,61.2,26.1,100
patagonia,2026-03-05,-0.6,-3.4,21.0,18.6,99
patagonia,2026-03-06,2.8,-3.0,0.0,7.8,7
patagonia,2026-03-07,6.5,0.7,0.0,7.7,78
patagonia,2026-03-08,4.1,0.8,0.3,8.7,49
patagonia,2026-03-09,4.3,1.6,11.8,20.4,99
patagonia,2026-03-10,4.1,1.3,5.2,20.7,96
patagonia,2026-03-11,4.0,-1.3,32.8,19.8,95
patagonia,2026-03-12,-0.2,-2.7,68.6,21.1,100
patagonia,2026-03-13,-1.7,-3.8,8.2,21.6,98
patagonia,2026-03-14,1.0,-3.9,15.4,10.6,100
patagonia,2026-03-15,-1.2,-3.4,22.3,13.9,100
patagonia,2026-03-16,-1.6,-3.2,3.4,7.6,100
patagonia,2026-03-17,-2.7,-4.2,21.9,20.2,100
patagonia,2026-03-18,-2.4,-4.6,8.0,17.1,97
patagonia,2026-03-19,-2.8,-5.4,0.0,7.3,79
patagonia,2026-03-20,-1.6,-4.4,8.5,17.2,75
patagonia,2026-03-21,-1.7,-5.9,19.0,16.1,100
patagonia,2026-03-22,-1.8,-8.9,0.0,15.7,69
patagonia,2026-03-23,-0.5,-5.5,61.2,22.8,100
patagonia,2026-03-24,-4.0,-6.8,66.7,22.4,100
patagonia,2026-03-25,-3.6,-8.1,26.4,26.1,100
patagonia,2026-03-26,-1.0,-7.9,36.8,29.4,100
patagonia,2026-03-27,3.0,-1.0,36.6,24.2,100
patagonia,2026-03-28,4.7,-2.4,22.4,24.9,100
patagonia,2026-03-29,-1.2,-3.3,38.3,18.3,98
patagonia,2026-03-30,1.9,-1.6,36.9,14.0,100
patagonia,2026-03-31,-1.3,-6.0,51.7,21.4,100
patagonia,2026-04-01,-2.6,-6.7,47.9,25.8,100
patagonia,2026-04-02,0.5,-6.6,82.9,21.9,100
patagonia,2026-04-03,-1.2,-8.3,23.3,22.6,100
patagonia,2026-04-04,-0.7,-2.1,1.6,19.5,99
patagonia,2026-04-05,3.9,-2.0,1.4,28.7,62
patagonia,2026-04-06,0.3,-3.5,13.0,26.1,98
patagonia,2026-04-07,-1.7,-4.0,8.2,20.2,100
patagonia,2026-04-08,-0.9,-2.0,20.4,27.7,100
patagonia,2026-04-09,0.5,-2.7,66.6,36.1,100
patagonia,2026-04-10,3.0,-3.3,40.8,19.2,100
patagonia,2026-04-11,1.1,-5.3,39.9,17.8,100
patagonia,2026-04-12,-1.2,-6.1,36.5,29.3,100
patagonia,2026-04-13,-0.9,-3.2,101.1,27.9,100
patagonia,2026-04-14,-0.5,-5.6,52.0,27.0,100
patagonia,2026-04-15,0.6,-1.3,21.8,31.4,100
patagonia,2026-04-16,0.8,-4.2,43.2,22.2,100
patagonia,2026-04-17,-4.1,-6.2,34.4,13.9,100
patagonia,2026-04-18,-5.0,-8.2,4.4,11.9,94
patagonia,2026-04-19,-2.2,-6.4,32.3,20.5,100
patagonia,2026-04-20,-0.5,-2.8,33.1,24.9,100
patagonia,2026-04-21,-1.1,-4.7,81.9,19.8,100
patagonia,2026-04-22,-2.6,-6.6,69.4,28.3,100
patagonia,2026-04-23,-4.1,-7.4,54.7,18.0,100
patagonia,2026-04-24,-7.1,-8.3,28.8,20.7,100
patagonia,2026-04-25,-4.6,-8.1,17.9,15.4,99
patagonia,2026-04-26,-0.9,-8.1,6.9,25.4,97
patagonia,2026-04-27,-0.7,-2.9,14.2,23.0,100
patagonia,2026-04-28,-2.0,-3.6,32.9,21.5,100
patagonia,2026-04-29,-3.5,-6.3,45.3,23.1,100
patagonia,2026-04-30,-6.0,-8.5,9.1,14.4,87
patagonia,2026-05-01,-5.1,-6.8,4.4,16.6,100
patagonia,2026-05-02,-1.7,-7.2,0.9,16.5,93
patagonia,2026-05-03,1.7,-2.6,28.1,8.7,100
patagonia,2026-05-04,-0.7,-2.1,29.1,17.6,100
patagonia,2026-05-05,-1.2,-2.9,24.8,11.8,100
patagonia,2026-05-06,-2.9,-6.4,14.5,10.4,100
patagonia,2026-05-07,-5.2,-6.7,7.3,10.8,100
patagonia,2026-05-08,1.1,-7.7,0.0,14.3,55
patagonia,2026-05-09,1.3,-2.1,14.4,20.7,100
patagonia,2026-05-10,0.4,-3.6,23.5,13.2,96
patagonia,2026-05-11,0.1,-7.6,35.6,16.8,100
patagonia,2026-05-12,-3.9,-7.9,15.1,20.7,100
patagonia,2026-05-13,-2.0,-3.8,12.8,16.3,100
patagonia,2026-05-14,-2.4,-4.6,5.6,19.4,100
patagonia,2026-05-15,-4.3,-6.5,34.6,19.4,100
patagonia,2026-05-16,-2.2,-4.0,3.1,21.7,100
patagonia,2026-05-17,0.3,-3.0,20.3,22.7,100
patagonia,2026-05-18,1.1,-0.2,49.3,23.3,100
patagonia,2026-05-19,2.3,0.2,3.1,14.8,91
patagonia,2026-05-20,8.6,3.9,0.0,7.7,23
patagonia,2026-05-21,8.4,2.5,0.0,13.2,92
patagonia,2026-05-22,3.2,0.3,0.0,10.5,97
patagonia,2026-05-23,2.5,-1.0,0.0,9.2,83
patagonia,2026-05-24,0.8,-3.0,19.3,14.8,86
patagonia,2026-05-25,-1.4,-3.1,16.0,8.8,100
patagonia,2026-05-26,-2.1,-3.4,23.1,10.2,100
patagonia,2026-05-27,2.2,-3.3,0.2,9.4,95
patagonia,2026-05-28,2.2,-1.0,7.0,6.6,99
patagonia,2026-05-29,1.7,0.4,16.3,10.3,100
patagonia,2026-05-30,0.6,-1.0,14.4,7.7,100
patagonia,2026-05-31,-0.1,-2.2,0.0,6.4,62
patagonia,2026-06-01,1.7,-4.3,0.9,7.3,44
patagonia,2026-06-02,4.3,1.6,5.2,8.6,95
patagonia,2026-06-03,3.7,-2.6,20.3,19.7,100
patagonia,2026-06-04,2.7,-2.0,0.0,14.9,55
patagonia,2026-06-05,4.2,0.3,0.0,14.1,70
patagonia,2026-06-06,-0.5,-3.1,7.1,13.4,98
patagonia,2026-06-07,1.8,-2.2,0.6,15.2,93
patagonia,2026-06-08,3.3,-1.7,5.7,18.4,97
patagonia,2026-06-09,-0.3,-4.4,24.0,20.6,100
patagonia,2026-06-10,-4.0,-8.4,36.5,19.9,100
patagonia,2026-06-11,-4.0,-7.3,51.0,12.0,100
patagonia,2026-06-12,-7.1,-9.5,9.0,14.3,100
patagonia,2026-06-13,-2.7,-7.7,31.6,28.5,100
patagonia,2026-06-14,-0.7,-2.4,35.8,26.3,100
patagonia,2026-06-15,-2.3,-4.3,101.5,23.7,100
patagonia,2026-06-16,-4.1,-6.1,14.6,17.7,100
patagonia,2026-06-17,-2.3,-6.4,12.6,16.3,100
patagonia,2026-06-18,-1.3,-3.3,24.4,17.1,100
patagonia,2026-06-19,-0.4,-4.5,5.8,11.8,93
patagonia,2026-06-20,-2.7,-4.8,14.1,9.1,100
patagonia,2026-06-21,-2.4,-3.8,1.7,15.4,99
patagonia,2026-06-22,-3.1,-4.9,20.3,21.8,100
patagonia,2026-06-23,-4.1,-4.9,12.6,17.4,100
patagonia,2026-06-24,-2.2,-5.5,0.4,11.4,24
patagonia,2026-06-25,1.4,-2.3,31.2,22.9,100
patagonia,2026-06-26,-2.6,-8.3,39.7,16.8,100
patagonia,2026-06-27,-5.8,-7.8,1.5,28.3,97
patagonia,2026-06-28,-5.3,-8.6,39.6,25.7,100
patagonia,2026-06-29,-5.2,-6.6,55.3,20.4,100
patagonia,2026-06-30,-7.1,-11.7,1.6,9.6,86
patagonia,2026-07-01,-1.5,-10.5,0.0,13.7,73
patagonia,2026-07-02,3.2,-3.7,0.0,20.3,16
patagonia,2026-07-03,-1.8,-5.4,0.1,11.7,74
patagonia,2026-07-04,-3.0,-5.5,0.0,11.3,11
patagonia,2026-07-05,-3.1,-7.3,0.0,22.5,77
patagonia,2026-07-06,-0.3,-5.3,22.6,26.5,99
patagonia,2026-07-07,-5.7,-8.4,33.1,23.1,100
patagonia,2026-07-08,-6.9,-9.7,0.2,14.0,31
patagonia,2026-07-09,-7.8,-9.5,0.0,13.3,5
patagonia,2026-07-10,-4.3,-9.2,0.0,9.4,5
patagonia,2026-07-11,-5.7,-10.1,1.1,12.3,71
patagonia,2026-07-12,-4.4,-8.5,25.3,10.1,100
patagonia,2026-07-13,-6.4,-9.9,3.9,12.8,100
patagonia,2026-07-14,-0.4,-6.6,1.5,11.1,91
patagonia,2026-07-15,-0.1,-5.0,27.1,16.1,100
patagonia,2026-07-16,-5.3,-15.6,6.7,14.3,96
patagonia,2026-07-17,-10.6,-12.8,3.5,11.7,100
patagonia,2026-07-18,-10.5,-12.7,2.7,11.3,97
patagonia,2026-07-19,-8.6,-11.2,20.4,14.9,99
patagonia,2026-07-20,-9.0,-14.5,3.6,12.8,40
patagonia,2026-07-21,-12.2,-14.1,0.0,5.6,11
patagonia,2026-07-22,-13.8,-16.1,0.0,9.4,1
patagonia,2026-07-23,-12.3,-17.6,1.3,17.3,90
patagonia,2026-07-24,-6.1,-12.6,0.0,9.8,77
patagonia,2026-07-25,-7.7,-10.5,0.0,5.2,44
patagonia,2026-07-26,-7.4,-8.9,22.5,4.7,100
patagonia,2026-07-27,-8.9,-12.1,0.2,6.1,58
patagonia,2026-07-28,-10.7,-14.1,0.0,7.1,6
patagonia,2026-07-29,-9.9,-13.7,0.7,8.7,94
patagonia,2026-07-30,-11.3,-13.5,0.1,13.1,89
patagonia,2026-07-31,-9.5,-13.3,3.0,12.6,100
patagonia,2026-08-01,-6.9,-9.5,2.9,11.5,100
patagonia,2026-08-02,-5.9,-7.3,4.8,14.9,100
patagonia,2026-08-03,-4.8,-9.1,1.8,4.8,97
patagonia,2026-08-04,-7.3,-10.8,0.0,7.6,56
patagonia,2026-08-05,-6.5,-8.4,3.0,8.0,96
patagonia,2026-08-06,-5.6,-9.7,9.5,11.6,96
patagonia,2026-08-07,-6.6,-8.5,9.2,11.3,99
patagonia,2026-08-08,-7.5,-9.5,0.1,5.6,96
patagonia,2026-08-09,-7.9,-13.9,0.0,9.3,47
patagonia,2026-08-10,-3.6,-9.8,0.0,8.0,23
patagonia,2026-08-11,1.9,-3.2,0.0,5.2,6
patagonia,2026-08-12,-0.2,-4.2,0.0,5.6,1
patagonia,2026-08-13,-0.2,-8.1,0.0,8.8,9
patagonia,2026-08-14,-4.5,-8.1,0.6,6.4,61
patagonia,2026-08-15,-4.4,-6.7,5.8,8.0,99
patagonia,2026-08-16,-5.5,-7.9,1.3,12.7,56
patagonia,2026-08-17,-2.3,-6.7,13.7,32.3,97
patagonia,2026-08-18,-3.4,-6.4,63.2,26.0,100
patagonia,2026-08-19,-5.7,-9.9,31.1,24.7,100
patagonia,2026-08-20,-5.9,-8.8,7.1,15.8,100
patagonia,2026-08-21,-3.1,-5.7,5.3,13.0,100
patagonia,2026-08-22,-1.8,-6.1,0.0,7.4,16
patagonia,2026-08-23,-1.9,-4.9,0.0,10.0,37
patagonia,2026-08-24,-1.0,-4.8,3.4,7.8,94
patagonia,2026-08-25,-2.7,-7.6,10.0,9.6,89
patagonia,2026-08-26,-3.0,-8.1,3.1,6.5,91
patagonia,2026-08-27,-3.3,-8.4,13.6,10.3,93
patagonia,2026-08-28,-3.2,-6.8,0.6,7.9,94
patagonia,2026-08-29,-4.4,-8.3,5.8,8.0,83
patagonia,2026-08-30,-5.4,-7.7,17.0,10.9,98
patagonia,2026-08-31,-6.7,-7.6,44.5,12.0,100
patagonia,2026-09-01,-6.4,-8.3,15.9,12.0,100
patagonia,2026-09-02,-6.1,-8.0,30.9,21.2,100
patagonia,2026-09-03,-4.7,-6.9,46.3,16.0,100
patagonia,2026-09-04,-5.1,-12.0,2.8,11.7,48
patagonia,2026-09-05,-2.7,-6.9,0.0,12.2,50
patagonia,2026-09-06,-1.7,-7.1,0.0,11.6,63
