area_id,date,temperature_2m_max,temperature_2m_min,precipitation_sum,windspeed_10m_max,cloudcover_mean
svalbard_arctic,2011-09-17,-3.89,-5.88,1.27,18.3,67.34
svalbard_arctic,2011-09-18,4.15,-2.58,1.84,19.3,81.58
svalbard_arctic,2011-09-19,-1.78,-3.12,0.58,9.64,55.88
svalbard_arctic,2011-09-20,3.34,-7.46,1.39,12.57,61.32
svalbard_arctic,2011-09-21,-4.27,-11.19,0.11,19.69,65.56
svalbard_arctic,2011-09-22,0.83,-4.44,2.2,8.3,44.84
svalbard_arctic,2011-09-23,-1.79,-10.49,3.23,11.42,63.28
svalbard_arctic,2011-09-24,-5.16,-7.08,1.27,22.08,74.74
svalbard_arctic,2011-09-25,-2.16,-5.34,0.67,14.37,54.23
svalbard_arctic,2011-09-26,-3.76,-1.28,4.98,16.61,61.46
svalbard_arctic,2011-09-27,-4.26,-0.31,2.26,17.41,59.69
svalbard_arctic,2011-09-28,-8.54,-6.23,2.61,17.54,77.96
svalbard_arctic,2011-09-29,2.14,-14.17,1.5,13.64,43.28
svalbard_arctic,2011-09-30,-2.35,-11.6,0.07,14.22,59.64
svalbard_arctic,2011-10-01,-7.54,-8.73,0.88,24.19,90.7
svalbard_arctic,2011-10-02,-3.24,-9.56,1.17,10.25,84.49
svalbard_arctic,2011-10-03,-5.67,-8.27,1.04,12.72,83.24
svalbard_arctic,2011-10-04,-0.64,-8.43,0.0,10.79,87.82
svalbard_arctic,2011-10-05,-5.93,-12.9,1.04,14.6,52.7
svalbard_arctic,2011-10-06,-5.42,-7.35,0.0,11.64,86.13
svalbard_arctic,2011-10-07,-7.37,-12.45,0.0,20.36,35.43
svalbard_arctic,2011-10-08,-4.27,-9.21,0.27,21.58,58.36
svalbard_arctic,2011-10-09,-5.99,-4.11,0.75,15.03,75.93
svalbard_arctic,2011-10-10,-2.41,-13.36,0.81,11.05,69.26
svalbard_arctic,2011-10-11,-5.46,-9.91,0.9,22.37,69.55
svalbard_arctic,2011-10-12,0.73,-11.89,2.83,11.98,51.51
svalbard_arctic,2011-10-13,-7.25,-14.06,0.89,15.85,23.43
svalbard_arctic,2011-10-14,-9.43,-10.66,0.0,16.38,71.42
svalbard_arctic,2011-10-15,-9.45,-13.74,0.65,10.93,80.63
svalbard_arctic,2011-10-16,-9.66,-8.98,0.72,13.12,66.93
svalbard_arctic,2011-10-17,-10.16,-9.68,0.0,22.16,68.8
svalbard_arctic,2011-10-18,-3.38,-6.57,0.94,15.8,70.48
svalbard_arctic,2011-10-19,-8.94,-9.69,0.39,16.62,52.08
svalbard_arctic,2011-10-20,-7.48,-10.3,0.84,17.86,62.25
svalbard_arctic,2011-10-21,-12.44,-18.9,1.14,16.26,46.56
svalbard_arctic,2011-10-22,-8.82,-9.96,0.76,18.53,79.59
svalbard_arctic,2011-10-23,-16.07,-10.62,0.77,16.62,29.23
svalbard_arctic,2011-10-24,-8.2,-15.61,0.36,13.86,59.8
svalbard_arctic,2011-10-25,-11.08,-7.88,1.43,26.99,89.72
svalbard_arctic,2011-10-26,-4.9,-10.8,0.46,11.95,70.6
svalbard_arctic,2011-10-27,-7.45,-13.26,1.49,12.72,46.27
svalbard_arctic,2011-10-28,-7.74,-11.81,0.0,19.77,69.6
svalbard_arctic,2011-10-29,-13.0,-12.91,0.43,17.34,75.08
svalbard_arctic,2011-10-30,-9.5,-14.0,1.32,12.5,65.34
svalbard_arctic,2011-10-31,-4.93,-15.42,0.0,12.15,71.26
svalbard_arctic,2011-11-01,-13.31,-11.18,0.27,14.05,44.08
svalbard_arctic,2011-11-02,-13.76,-19.69,1.38,15.27,51.97
svalbard_arctic,2011-11-03,-11.3,-14.84,0.07,13.98,67.25
svalbard_arctic,2011-11-04,-10.92,-11.09,2.03,11.85,57.19
svalbard_arctic,2011-11-05,-9.86,-15.53,0.84,16.59,55.28
svalbard_arctic,2011-11-06,-10.47,-13.67,0.51,14.1,46.48
svalbard_arctic,2011-11-07,-11.61,-16.32,1.4,17.32,82.52
svalbard_arctic,2011-11-08,-14.64,-19.64,0.88,14.35,62.89
svalbard_arctic,2011-11-09,-6.75,-13.93,0.84,7.66,75.9
svalbard_arctic,2011-11-10,-8.38,-12.42,0.61,15.64,28.32
svalbard_arctic,2011-11-11,-11.7,-18.88,0.65,17.55,75.01
svalbard_arctic,2011-11-12,-9.55,-15.66,0.0,15.19,43.77
svalbard_arctic,2011-11-13,-13.61,-16.68,1.43,7.23,56.55
svalbard_arctic,2011-11-14,-17.32,-18.92,0.18,14.69,63.35
svalbard_arctic,2011-11-15,-11.18,-14.41,1.76,11.62,90.02
svalbard_arctic,2011-11-16,-17.86,-18.91,0.0,13.7,87.44
svalbard_arctic,2011-11-17,-8.04,-21.54,1.94,15.4,59.02
svalbard_arctic,2011-11-18,-17.82,-19.69,0.0,12.41,66.25
svalbard_arctic,2011-11-19,-10.38,-19.26,1.5,15.87,50.77
svalbard_arctic,2011-11-20,-9.17,-21.01,0.35,15.22,60.26
svalbard_arctic,2011-11-21,-19.04,-20.83,0.93,14.68,59.19
svalbard_arctic,2011-11-22,-19.51,-22.88,0.15,11.79,64.2
svalbard_arctic,2011-11-23,-13.81,-20.47,0.0,17.17,50.81
svalbard_arctic,2011-11-24,-10.88,-19.17,0.38,19.03,66.46
svalbard_arctic,2011-11-25,-13.56,-22.66,1.37,13.06,64.44
svalbard_arctic,2011-11-26,-18.33,-23.38,1.37,11.16,42.72
svalbard_arctic,2011-11-27,-11.37,-23.35,1.26,11.44,57.05
svalbard_arctic,2011-11-28,-9.45,-20.87,0.96,16.2,50.58
svalbard_arctic,2011-11-29,-19.19,-22.18,2.78,13.39,88.98
svalbard_arctic,2011-11-30,-15.36,-25.78,0.0,12.01,77.49
svalbard_arctic,2011-12-01,-14.78,-24.8,0.59,9.97,72.92
svalbard_arctic,2011-12-02,-17.67,-21.41,0.0,14.46,50.58
svalbard_arctic,2011-12-03,-19.68,-22.45,1.12,15.31,85.57
svalbard_arctic,2011-12-04,-20.33,-21.73,0.0,12.52,52.64
svalbard_arctic,2011-12-05,-22.63,-16.89,0.66,13.88,47.03
svalbard_arctic,2011-12-06,-14.86,-20.99,0.0,14.74,91.56
svalbard_arctic,2011-12-07,-19.14,-27.51,0.53,16.4,67.46
svalbard_arctic,2011-12-08,-12.76,-23.97,0.83,9.17,45.56
svalbard_arctic,2011-12-09,-16.25,-21.16,0.0,9.79,51.43
svalbard_arctic,2011-12-10,-18.28,-24.38,0.99,11.0,68.82
svalbard_arctic,2011-12-11,-13.81,-25.47,0.25,12.7,52.5
svalbard_arctic,2011-12-12,-18.53,-19.9,0.03,10.69,55.58
svalbard_arctic,2011-12-13,-20.13,-24.01,1.31,11.39,82.04
svalbard_arctic,2011-12-14,-16.37,-25.49,0.89,15.37,46.82
svalbard_arctic,2011-12-15,-20.36,-25.58,0.0,6.67,49.65
svalbard_arctic,2011-12-16,-18.34,-18.07,0.34,9.27,98.49
svalbard_arctic,2011-12-17,-17.9,-26.66,0.0,9.67,63.61
svalbard_arctic,2011-12-18,-18.92,-23.96,1.98,17.37,63.93
svalbard_arctic,2011-12-19,-18.08,-23.89,0.0,12.66,79.42
svalbard_arctic,2011-12-20,-18.18,-21.51,0.03,13.23,64.88
svalbard_arctic,2011-12-21,-18.9,-26.11,0.7,8.95,76.02
svalbard_arctic,2011-12-22,-21.14,-26.3,1.14,10.31,34.99
svalbard_arctic,2011-12-23,-22.76,-21.45,0.0,1.96,63.41
svalbard_arctic,2011-12-24,-21.98,-16.52,0.8,12.44,53.49
svalbard_arctic,2011-12-25,-21.88,-25.75,0.91,9.5,63.6
svalbard_arctic,2011-12-26,-17.97,-26.04,0.0,5.69,22.82
svalbard_arctic,2011-12-27,-14.85,-16.76,1.1,13.35,34.27
svalbard_arctic,2011-12-28,-20.13,-25.38,0.14,8.38,55.01
svalbard_arctic,2011-12-29,-16.49,-25.34,0.0,12.48,66.87
svalbard_arctic,2011-12-30,-22.37,-23.81,2.41,13.21,36.01
svalbard_arctic,2011-12-31,-20.76,-23.19,0.0,23.15,47.29
svalbard_arctic,2012-01-01,-20.91,-23.74,1.38,10.47,60.85
svalbard_arctic,2012-01-02,-18.68,-21.65,1.1,12.79,53.98
svalbard_arctic,2012-01-03,-22.37,-28.79,0.0,11.82,70.91
svalbard_arctic,2012-01-04,-18.34,-25.34,0.0,8.94,72.46
svalbard_arctic,2012-01-05,-19.57,-21.44,0.0,12.8,39.5
svalbard_arctic,2012-01-06,-20.18,-31.64,1.52,15.06,54.0
svalbard_arctic,2012-01-07,-22.42,-28.74,1.4,14.14,47.38
svalbard_arctic,2012-01-08,-25.73,-22.7,2.19,14.72,74.22
svalbard_arctic,2012-01-09,-22.14,-24.61,0.0,8.77,68.69
svalbard_arctic,2012-01-10,-18.57,-26.83,2.95,12.24,41.15
svalbard_arctic,2012-01-11,-26.15,-23.98,1.54,5.57,75.8
svalbard_arctic,2012-01-12,-25.61,-23.62,2.26,5.03,35.29
svalbard_arctic,2012-01-13,-21.77,-27.63,0.77,18.72,48.2
svalbard_arctic,2012-01-14,-23.46,-25.21,0.35,12.37,38.81
svalbard_arctic,2012-01-15,-11.31,-28.52,0.0,14.44,48.32
svalbard_arctic,2012-01-16,-20.24,-21.54,1.88,14.45,21.53
svalbard_arctic,2012-01-17,-22.18,-29.68,0.51,11.8,54.97
svalbard_arctic,2012-01-18,-17.56,-25.39,0.52,17.25,29.29
svalbard_arctic,2012-01-19,-21.17,-22.62,1.75,11.37,47.79
svalbard_arctic,2012-01-20,-21.22,-18.98,1.45,3.3,72.36
svalbard_arctic,2012-01-21,-15.48,-25.55,0.44,12.63,57.45
svalbard_arctic,2012-01-22,-27.19,-16.71,0.78,15.67,88.53
svalbard_arctic,2012-01-23,-23.82,-28.35,0.93,6.29,71.26
svalbard_arctic,2012-01-24,-19.3,-23.15,0.72,10.81,70.88
svalbard_arctic,2012-01-25,-23.74,-26.99,1.82,16.38,46.85
svalbard_arctic,2012-01-26,-23.74,-19.94,1.18,15.5,50.98
svalbard_arctic,2012-01-27,-18.33,-25.09,0.35,11.43,63.09
svalbard_arctic,2012-01-28,-22.8,-27.88,1.94,8.88,47.66
svalbard_arctic,2012-01-29,-19.62,-21.03,0.05,11.95,55.42
svalbard_arctic,2012-01-30,-21.44,-26.02,0.56,12.95,72.21
svalbard_arctic,2012-01-31,-19.58,-28.55,0.44,14.96,57.41
svalbard_arctic,2012-02-01,-20.87,-25.56,0.28,11.43,33.59
svalbard_arctic,2012-02-02,-18.01,-21.51,0.36,18.23,65.75
svalbard_arctic,2012-02-03,-17.61,-24.93,1.63,12.96,49.08
svalbard_arctic,2012-02-04,-22.49,-25.59,0.74,10.63,47.56
svalbard_arctic,2012-02-05,-25.17,-24.36,2.39,9.84,91.92
svalbard_arctic,2012-02-06,-20.67,-31.49,0.18,8.65,57.82
svalbard_arctic,2012-02-07,-21.94,-15.62,0.1,16.18,87.11
svalbard_arctic,2012-02-08,-22.25,-24.29,0.0,11.31,44.47
svalbard_arctic,2012-02-09,-25.23,-21.15,0.0,0.7,45.74
svalbard_arctic,2012-02-10,-21.17,-19.47,0.0,10.59,48.72
svalbard_arctic,2012-02-11,-19.73,-27.09,0.0,17.09,54.41
svalbard_arctic,2012-02-12,-21.54,-27.62,0.13,10.34,51.46
svalbard_arctic,2012-02-13,-19.82,-18.9,0.86,6.81,41.18
svalbard_arctic,2012-02-14,-17.62,-26.04,0.0,10.33,70.25
svalbard_arctic,2012-02-15,-15.21,-24.65,2.36,14.61,57.7
svalbard_arctic,2012-02-16,-14.75,-25.66,0.61,11.29,68.96
svalbard_arctic,2012-02-17,-21.2,-32.26,1.52,8.55,61.22
svalbard_arctic,2012-02-18,-21.38,-23.83,0.0,14.65,94.84
svalbard_arctic,2012-02-19,-23.16,-23.26,0.33,16.95,58.82
svalbard_arctic,2012-02-20,-16.45,-19.7,1.03,18.21,71.4
svalbard_arctic,2012-02-21,-18.22,-24.15,1.14,13.21,76.24
svalbard_arctic,2012-02-22,-14.39,-24.51,1.61,11.72,39.41
svalbard_arctic,2012-02-23,-17.97,-20.93,0.0,14.19,41.23
svalbard_arctic,2012-02-24,-20.06,-19.72,3.36,17.51,42.17
svalbard_arctic,2012-02-25,-18.39,-25.78,2.34,16.67,51.7
svalbard_arctic,2012-02-26,-18.76,-28.09,0.97,12.26,52.79
svalbard_arctic,2012-02-27,-20.12,-15.3,1.09,8.79,61.01
svalbard_arctic,2012-02-28,-17.57,-17.16,0.97,13.6,81.51
svalbard_arctic,2012-02-29,-20.3,-23.72,0.0,12.61,33.72
svalbard_arctic,2012-03-01,-13.35,-22.56,0.0,14.52,34.65
svalbard_arctic,2012-03-02,-22.53,-21.54,0.0,8.36,49.23
svalbard_arctic,2012-03-03,-13.6,-23.85,0.0,10.14,43.4
svalbard_arctic,2012-03-04,-18.56,-22.88,2.46,16.33,35.54
svalbard_arctic,2012-03-05,-25.61,-21.32,0.29,13.6,53.2
svalbard_arctic,2012-03-06,-22.12,-25.06,1.88,8.18,61.86
svalbard_arctic,2012-03-07,-16.76,-13.6,0.54,18.16,57.38
svalbard_arctic,2012-03-08,-17.66,-25.52,0.67,11.79,50.25
svalbard_arctic,2012-03-09,-14.99,-26.59,0.56,14.53,58.92
svalbard_arctic,2012-03-10,-17.32,-17.39,0.22,11.11,32.99
svalbard_arctic,2012-03-11,-14.13,-21.12,2.55,14.18,69.58
svalbard_arctic,2012-03-12,-15.65,-18.48,0.94,18.37,59.19
svalbard_arctic,2012-03-13,-13.55,-19.57,2.21,18.44,64.73
svalbard_arctic,2012-03-14,-12.72,-20.53,1.05,19.4,60.53
svalbard_arctic,2012-03-15,-13.61,-19.49,2.24,11.35,35.52
svalbard_arctic,2012-03-16,-15.84,-17.8,0.92,15.89,53.16
svalbard_arctic,2012-03-17,-10.49,-15.4,0.56,6.67,80.55
svalbard_arctic,2012-03-18,-14.77,-20.89,0.0,14.7,69.08
svalbard_arctic,2012-03-19,-16.55,-17.02,1.58,20.84,57.16
svalbard_arctic,2012-03-20,-15.45,-19.63,2.38,8.65,72.68
svalbard_arctic,2012-03-21,-12.82,-19.14,1.85,10.21,75.87
svalbard_arctic,2012-03-22,-10.79,-20.47,0.43,13.01,81.59
svalbard_arctic,2012-03-23,-11.58,-18.51,1.66,12.66,72.85
svalbard_arctic,2012-03-24,-11.36,-21.12,0.0,16.98,83.24
svalbard_arctic,2012-03-25,-14.28,-20.64,0.0,16.76,62.12
svalbard_arctic,2012-03-26,-9.7,-19.76,0.19,5.65,75.4
svalbard_arctic,2012-03-27,-12.73,-23.6,0.2,9.66,46.43
svalbard_arctic,2012-03-28,-14.18,-19.46,1.48,13.27,73.56
svalbard_arctic,2012-03-29,-18.07,-17.91,1.72,11.65,64.88
svalbard_arctic,2012-03-30,-10.31,-15.12,0.49,15.44,71.16
svalbard_arctic,2012-03-31,-13.67,-20.16,2.5,15.68,80.99
svalbard_arctic,2012-04-01,-14.96,-15.89,0.4,5.11,48.74
svalbard_arctic,2012-04-02,-15.32,-14.44,2.08,12.9,84.28
svalbard_arctic,2012-04-03,-8.58,-16.17,0.56,10.8,72.85
svalbard_arctic,2012-04-04,-10.54,-14.58,0.94,14.73,67.24
svalbard_arctic,2012-04-05,-9.29,-14.29,1.0,16.99,45.0
svalbard_arctic,2012-04-06,-11.27,-15.81,1.78,13.53,54.12
svalbard_arctic,2012-04-07,-10.27,-16.51,0.74,9.3,77.44
svalbard_arctic,2012-04-08,-10.3,-13.79,0.0,19.76,63.54
svalbard_arctic,2012-04-09,-13.44,-17.33,1.72,11.39,81.31
svalbard_arctic,2012-04-10,-7.28,-20.61,0.95,12.49,76.27
svalbard_arctic,2012-04-11,-12.08,-15.83,2.71,7.03,52.85
svalbard_arctic,2012-04-12,-10.91,-15.13,0.0,16.83,63.74
svalbard_arctic,2012-04-13,-7.95,-12.76,0.77,14.82,62.88
svalbard_arctic,2012-04-14,-5.73,-12.67,0.0,16.77,78.03
svalbard_arctic,2012-04-15,-10.47,-14.7,1.09,11.63,65.96
svalbard_arctic,2012-04-16,-6.11,-12.29,1.09,17.51,64.15
svalbard_arctic,2012-04-17,-7.18,-9.61,2.4,20.62,71.89
svalbard_arctic,2012-04-18,-8.61,-12.65,1.49,5.86,61.4
svalbard_arctic,2012-04-19,-7.97,-14.66,0.5,16.84,77.74
svalbard_arctic,2012-04-20,-7.78,-12.87,1.1,9.26,68.31
svalbard_arctic,2012-04-21,-6.59,-9.29,2.0,16.97,84.57
svalbard_arctic,2012-04-22,-3.6,-15.53,0.0,19.5,77.9
svalbard_arctic,2012-04-23,-5.95,-9.01,1.57,11.13,69.31
svalbard_arctic,2012-04-24,-7.42,-12.43,0.32,12.08,88.46
svalbard_arctic,2012-04-25,-7.74,-7.29,0.67,15.92,58.04
svalbard_arctic,2012-04-26,-5.74,-9.52,1.06,15.36,69.39
svalbard_arctic,2012-04-27,-7.36,-8.33,0.0,10.0,69.02
svalbard_arctic,2012-04-28,-11.05,-7.17,0.0,13.25,73.35
svalbard_arctic,2012-04-29,-2.06,-6.43,1.71,12.49,59.16
svalbard_arctic,2012-04-30,-5.66,-6.94,0.64,14.71,69.56
svalbard_arctic,2012-05-01,-5.6,-12.08,1.03,22.7,59.02
svalbard_arctic,2012-05-02,-0.79,-6.8,1.3,16.36,46.61
svalbard_arctic,2012-05-03,-6.16,-12.86,0.0,11.48,65.8
svalbard_arctic,2012-05-04,-3.13,-12.17,0.34,16.92,72.22
svalbard_arctic,2012-05-05,-4.21,-8.65,0.19,14.85,52.92
svalbard_arctic,2012-05-06,-2.95,-4.44,0.0,21.68,63.2
svalbard_arctic,2012-05-07,-5.56,-8.3,0.9,14.19,76.73
svalbard_arctic,2012-05-08,-0.85,-10.14,0.94,14.81,78.84
svalbard_arctic,2012-05-09,1.98,-5.68,1.58,20.52,80.34
svalbard_arctic,2012-05-10,-5.95,-8.73,1.46,12.73,53.91
svalbard_arctic,2012-05-11,-0.66,-5.75,0.0,11.4,100.0
svalbard_arctic,2012-05-12,-2.37,-6.52,0.0,17.3,46.42
svalbard_arctic,2012-05-13,-1.42,-9.58,0.5,16.94,66.64
svalbard_arctic,2012-05-14,-0.93,-3.09,1.34,10.99,34.95
svalbard_arctic,2012-05-15,-5.88,-11.24,0.62,8.4,54.8
svalbard_arctic,2012-05-16,-4.3,-8.79,0.36,17.69,56.59
svalbard_arctic,2012-05-17,-2.46,-3.97,2.46,17.71,88.9
svalbard_arctic,2012-05-18,2.14,2.91,1.72,18.66,95.39
svalbard_arctic,2012-05-19,-2.25,-10.81,1.86,20.57,73.72
svalbard_arctic,2012-05-20,0.26,-5.69,1.5,16.98,63.22
svalbard_arctic,2012-05-21,-0.79,-12.19,0.05,16.01,31.87
svalbard_arctic,2012-05-22,-0.57,-5.38,1.9,19.54,58.54
svalbard_arctic,2012-05-23,-0.13,-6.71,3.69,17.12,43.33
svalbard_arctic,2012-05-24,-2.85,-4.45,1.78,10.77,60.84
svalbard_arctic,2012-05-25,-0.69,-0.15,1.08,17.73,66.19
svalbard_arctic,2012-05-26,-1.27,-1.61,0.0,19.44,74.32
svalbard_arctic,2012-05-27,-0.04,-5.08,0.43,13.23,68.4
svalbard_arctic,2012-05-28,-1.73,-1.73,1.89,23.76,64.53
svalbard_arctic,2012-05-29,5.92,-3.44,1.84,15.69,64.0
svalbard_arctic,2012-05-30,-4.48,-6.61,0.17,21.29,69.55
svalbard_arctic,2012-05-31,-4.21,-3.49,1.68,13.1,88.14
svalbard_arctic,2012-06-01,2.25,-1.73,0.24,20.38,82.12
svalbard_arctic,2012-06-02,3.6,8.16,2.08,22.61,62.06
svalbard_arctic,2012-06-03,6.11,1.13,1.82,13.94,67.17
svalbard_arctic,2012-06-04,0.66,-0.5,2.2,18.34,100.0
svalbard_arctic,2012-06-05,1.61,-7.86,0.73,16.27,63.39
svalbard_arctic,2012-06-06,3.25,-1.76,1.95,13.15,82.28
svalbard_arctic,2012-06-07,6.1,2.11,1.34,17.73,87.41
svalbard_arctic,2012-06-08,-1.89,-0.38,1.63,16.02,73.09
svalbard_arctic,2012-06-09,2.76,1.58,1.3,16.3,63.11
svalbard_arctic,2012-06-10,4.24,-0.2,0.37,12.71,44.82
svalbard_arctic,2012-06-11,1.45,1.5,1.57,20.84,82.13
svalbard_arctic,2012-06-12,3.88,-6.6,1.7,15.76,76.58
svalbard_arctic,2012-06-13,0.87,3.62,0.14,16.29,62.38
svalbard_arctic,2012-06-14,6.5,1.25,1.82,13.32,81.49
svalbard_arctic,2012-06-15,-2.33,2.48,1.77,21.84,75.54
svalbard_arctic,2012-06-16,2.3,-0.53,0.58,12.32,61.94
svalbard_arctic,2012-06-17,4.9,0.79,1.52,11.16,52.22
svalbard_arctic,2012-06-18,2.44,1.5,0.65,18.17,67.26
svalbard_arctic,2012-06-19,5.98,-1.12,1.85,15.65,95.25
svalbard_arctic,2012-06-20,3.73,-2.87,0.38,20.17,84.02
svalbard_arctic,2012-06-21,4.52,-3.72,2.59,23.89,79.72
svalbard_arctic,2012-06-22,5.41,-0.67,2.54,22.84,80.46
svalbard_arctic,2012-06-23,3.66,-2.79,2.09,21.55,61.38
svalbard_arctic,2012-06-24,-1.06,-2.27,3.22,14.1,66.96
svalbard_arctic,2012-06-25,9.25,4.4,2.7,21.95,75.21
svalbard_arctic,2012-06-26,8.18,4.94,2.22,15.97,73.39
svalbard_arctic,2012-06-27,6.33,-0.9,2.84,13.24,58.46
svalbard_arctic,2012-06-28,3.15,4.14,1.16,20.0,57.7
svalbard_arctic,2012-06-29,5.65,-0.26,0.73,16.11,73.26
svalbard_arctic,2012-06-30,-0.8,-0.75,2.27,17.23,67.13
svalbard_arctic,2012-07-01,-0.24,1.55,1.18,20.57,70.41
svalbard_arctic,2012-07-02,11.74,-1.73,2.21,21.0,71.69
svalbard_arctic,2012-07-03,0.85,-0.44,0.52,16.68,95.67
svalbard_arctic,2012-07-04,3.71,4.65,0.63,18.46,67.9
svalbard_arctic,2012-07-05,5.11,1.67,0.0,21.62,82.06
svalbard_arctic,2012-07-06,5.76,1.86,0.18,15.04,58.92
svalbard_arctic,2012-07-07,4.77,0.08,1.64,11.6,95.59
svalbard_arctic,2012-07-08,3.7,-0.15,0.0,15.99,100.0
svalbard_arctic,2012-07-09,4.54,1.19,0.31,16.66,69.01
svalbard_arctic,2012-07-10,8.29,3.2,0.5,17.44,56.11
svalbard_arctic,2012-07-11,6.82,1.93,0.89,27.03,49.0
svalbard_arctic,2012-07-12,6.98,2.75,1.39,15.08,77.7
svalbard_arctic,2012-07-13,-0.86,-4.46,3.26,17.33,70.46
svalbard_arctic,2012-07-14,6.55,-2.04,2.09,14.54,96.03
svalbard_arctic,2012-07-15,5.36,-0.86,0.71,18.94,79.42
svalbard_arctic,2012-07-16,3.09,2.3,1.32,20.09,64.79
svalbard_arctic,2012-07-17,10.52,2.09,0.76,20.99,88.67
svalbard_arctic,2012-07-18,0.59,2.95,2.18,19.01,43.65
svalbard_arctic,2012-07-19,4.9,-0.04,1.86,18.38,74.59
svalbard_arctic,2012-07-20,8.54,1.31,0.76,8.3,76.23
svalbard_arctic,2012-07-21,5.45,6.3,1.68,20.86,82.42
svalbard_arctic,2012-07-22,-0.92,1.07,1.75,23.5,66.89
svalbard_arctic,2012-07-23,9.27,-4.63,1.35,14.86,72.71
svalbard_arctic,2012-07-24,-0.18,2.38,1.69,14.52,67.16
svalbard_arctic,2012-07-25,1.32,4.46,1.88,13.6,82.54
svalbard_arctic,2012-07-26,7.78,4.3,3.43,20.45,86.08
svalbard_arctic,2012-07-27,1.95,-0.14,2.49,13.45,62.22
svalbard_arctic,2012-07-28,4.04,0.03,0.33,17.45,85.72
svalbard_arctic,2012-07-29,1.84,3.04,1.55,12.0,56.82
svalbard_arctic,2012-07-30,4.94,1.15,3.42,19.6,71.02
svalbard_arctic,2012-07-31,8.27,2.32,1.66,16.19,88.13
svalbard_arctic,2012-08-01,-0.11,-1.1,3.14,18.77,67.7
svalbard_arctic,2012-08-02,5.3,1.66,3.91,14.48,67.41
svalbard_arctic,2012-08-03,-0.65,-1.1,0.36,15.04,77.52
svalbard_arctic,2012-08-04,10.75,-0.19,1.22,15.58,28.87
svalbard_arctic,2012-08-05,1.62,-2.87,1.36,14.46,63.94
svalbard_arctic,2012-08-06,6.0,-2.13,0.0,14.24,68.62
svalbard_arctic,2012-08-07,5.12,-4.07,2.67,12.71,71.05
svalbard_arctic,2012-08-08,4.57,-4.55,1.62,19.69,77.51
svalbard_arctic,2012-08-09,2.76,-2.74,0.0,18.99,73.66
svalbard_arctic,2012-08-10,-0.11,1.26,1.6,16.08,92.54
svalbard_arctic,2012-08-11,8.33,0.62,0.49,20.77,100.0
svalbard_arctic,2012-08-12,0.98,2.31,1.25,23.64,72.5
svalbard_arctic,2012-08-13,3.37,-1.66,0.0,14.87,64.13
svalbard_arctic,2012-08-14,2.58,-4.92,1.08,18.52,92.66
svalbard_arctic,2012-08-15,6.47,0.57,2.11,18.5,69.96
svalbard_arctic,2012-08-16,10.24,-0.65,0.84,15.07,64.21
svalbard_arctic,2012-08-17,1.26,-1.11,0.0,12.4,85.82
svalbard_arctic,2012-08-18,3.61,-4.08,1.2,27.38,73.86
svalbard_arctic,2012-08-19,6.3,-2.04,1.05,18.93,86.26
svalbard_arctic,2012-08-20,6.95,0.98,2.82,17.65,62.79
svalbard_arctic,2012-08-21,2.37,-4.78,1.69,18.81,69.11
svalbard_arctic,2012-08-22,2.36,-6.8,1.02,27.17,85.9
svalbard_arctic,2012-08-23,6.43,-0.99,0.04,16.57,39.98
svalbard_arctic,2012-08-24,-3.09,-3.98,1.2,17.61,66.02
svalbard_arctic,2012-08-25,5.05,0.53,3.17,17.62,88.11
svalbard_arctic,2012-08-26,-0.22,-2.84,1.61,21.71,69.07
svalbard_arctic,2012-08-27,2.48,-5.11,1.89,18.4,88.8
svalbard_arctic,2012-08-28,2.08,-1.68,0.0,11.08,61.52
svalbard_arctic,2012-08-29,-0.07,-2.37,2.14,10.19,76.18
svalbard_arctic,2012-08-30,2.53,-2.52,1.32,21.35,67.96
svalbard_arctic,2012-08-31,0.37,-5.81,1.24,18.17,47.72
svalbard_arctic,2012-09-01,4.33,0.9,1.39,15.81,67.16
svalbard_arctic,2012-09-02,-1.17,-4.67,1.41,13.94,65.08
svalbard_arctic,2012-09-03,-2.17,1.27,0.95,24.06,62.25
svalbard_arctic,2012-09-04,1.14,-8.35,0.71,17.96,58.58
svalbard_arctic,2012-09-05,0.43,-0.77,0.0,19.08,92.68
svalbard_arctic,2012-09-06,5.01,-2.03,0.83,20.22,61.31
svalbard_arctic,2012-09-07,0.23,-4.61,2.3,18.63,76.3
svalbard_arctic,2012-09-08,0.13,-8.87,0.63,15.1,69.37
svalbard_arctic,2012-09-09,-3.67,-3.89,1.98,16.03,83.59
svalbard_arctic,2012-09-10,0.35,-9.79,0.11,19.38,96.99
svalbard_arctic,2012-09-11,-3.83,-5.79,0.0,20.3,94.04
svalbard_arctic,2012-09-12,-1.15,-2.24,0.74,20.94,62.75
svalbard_arctic,2012-09-13,-3.52,-5.39,2.09,13.48,78.97
svalbard_arctic,2012-09-14,0.58,-5.58,0.0,17.36,88.14
svalbard_arctic,2012-09-15,-1.47,-1.03,2.93,13.36,65.92
svalbard_arctic,2012-09-16,2.11,-4.96,3.29,16.06,85.3
svalbard_arctic,2012-09-17,-4.54,-0.41,1.86,15.47,70.44
svalbard_arctic,2012-09-18,-1.61,-6.74,0.61,16.41,50.6
svalbard_arctic,2012-09-19,-1.55,-2.89,0.67,20.09,99.48
svalbard_arctic,2012-09-20,-2.58,-6.6,0.45,12.95,43.6
svalbard_arctic,2012-09-21,0.91,-5.31,0.44,24.16,48.74
svalbard_arctic,2012-09-22,-2.77,-9.03,0.91,21.26,62.15
svalbard_arctic,2012-09-23,-5.89,-6.0,0.0,9.76,82.82
svalbard_arctic,2012-09-24,-1.77,-6.01,1.47,17.4,77.7
svalbard_arctic,2012-09-25,2.19,-6.79,0.0,11.46,97.15
svalbard_arctic,2012-09-26,-5.43,-12.58,0.25,17.46,83.71
svalbard_arctic,2012-09-27,-3.81,-4.5,0.34,10.28,70.98
svalbard_arctic,2012-09-28,-3.2,-6.87,1.46,20.57,86.45
svalbard_arctic,2012-09-29,-1.2,-6.68,2.2,20.7,63.88
svalbard_arctic,2012-09-30,-1.98,-3.68,0.07,13.95,69.73
svalbard_arctic,2012-10-01,-4.08,-8.66,2.29,16.47,60.43
svalbard_arctic,2012-10-02,-5.92,-6.61,0.0,10.63,83.69
svalbard_arctic,2012-10-03,-6.29,-6.55,0.34,13.45,62.06
svalbard_arctic,2012-10-04,-3.65,-9.91,1.96,14.96,47.38
svalbard_arctic,2012-10-05,-7.45,-9.28,0.0,9.28,47.09
svalbard_arctic,2012-10-06,-9.67,-11.88,0.51,22.03,50.15
svalbard_arctic,2012-10-07,-6.42,-17.08,0.12,15.99,73.9
svalbard_arctic,2012-10-08,-7.51,-12.21,0.59,20.37,64.07
svalbard_arctic,2012-10-09,-7.33,-14.31,0.36,14.61,66.71
svalbard_arctic,2012-10-10,-4.8,-14.9,0.0,12.49,72.04
svalbard_arctic,2012-10-11,-6.34,-12.74,1.64,15.63,73.64
svalbard_arctic,2012-10-12,-7.54,-3.75,1.37,18.98,60.94
svalbard_arctic,2012-10-13,-10.63,-14.56,1.92,12.42,64.13
svalbard_arctic,2012-10-14,-8.49,-9.75,0.61,16.1,58.57
svalbard_arctic,2012-10-15,-12.37,-17.15,0.92,12.66,70.73
svalbard_arctic,2012-10-16,-10.06,-10.85,1.9,6.43,63.54
svalbard_arctic,2012-10-17,-10.37,-9.93,1.23,13.47,51.69
svalbard_arctic,2012-10-18,-8.15,-15.53,1.9,15.38,66.13
svalbard_arctic,2012-10-19,-8.23,-14.36,1.82,14.82,74.69
svalbard_arctic,2012-10-20,-9.38,-15.43,1.03,13.61,90.87
svalbard_arctic,2012-10-21,-12.27,-11.36,1.08,15.07,46.6
svalbard_arctic,2012-10-22,-14.24,-12.22,0.91,12.07,44.75
svalbard_arctic,2012-10-23,-5.25,-10.91,1.07,16.58,42.43
svalbard_arctic,2012-10-24,-12.05,-14.0,0.42,12.76,54.22
svalbard_arctic,2012-10-25,-10.6,-18.35,1.3,17.76,60.72
svalbard_arctic,2012-10-26,-11.4,-17.31,1.14,8.88,56.62
svalbard_arctic,2012-10-27,-7.59,-18.27,0.35,14.72,41.63
svalbard_arctic,2012-10-28,-9.52,-17.0,1.33,16.28,84.59
svalbard_arctic,2012-10-29,-12.76,-16.4,2.17,19.26,34.95
svalbard_arctic,2012-10-30,-9.28,-16.27,0.94,12.08,89.34
svalbard_arctic,2012-10-31,-15.11,-15.53,1.0,18.84,71.09
svalbard_arctic,2012-11-01,-11.57,-20.91,1.11,15.85,83.88
svalbard_arctic,2012-11-02,-20.49,-13.07,0.0,20.96,47.41
svalbard_arctic,2012-11-03,-10.76,-14.89,0.55,8.12,56.76
svalbard_arctic,2012-11-04,-13.18,-17.08,3.23,14.89,58.85
svalbard_arctic,2012-11-05,-12.8,-17.81,0.95,13.75,55.03
svalbard_arctic,2012-11-06,-8.71,-17.94,0.0,14.49,65.27
svalbard_arctic,2012-11-07,-14.8,-17.68,0.86,17.28,65.3
svalbard_arctic,2012-11-08,-14.88,-15.46,0.33,19.32,47.98
svalbard_arctic,2012-11-09,-17.43,-17.47,1.05,15.01,89.59
svalbard_arctic,2012-11-10,-13.03,-16.36,1.06,7.22,44.31
svalbard_arctic,2012-11-11,-13.58,-17.17,0.81,12.08,68.24
svalbard_arctic,2012-11-12,-11.39,-19.41,1.76,26.17,64.46
svalbard_arctic,2012-11-13,-13.88,-22.64,0.0,9.69,64.71
svalbard_arctic,2012-11-14,-12.97,-13.89,1.19,14.18,23.13
svalbard_arctic,2012-11-15,-12.61,-16.36,1.9,16.32,57.45
svalbard_arctic,2012-11-16,-13.29,-14.54,0.58,17.35,57.41
svalbard_arctic,2012-11-17,-14.96,-20.09,1.66,10.9,65.61
svalbard_arctic,2012-11-18,-13.15,-17.77,0.62,19.05,39.84
svalbard_arctic,2012-11-19,-13.01,-20.8,0.0,18.12,64.5
svalbard_arctic,2012-11-20,-12.13,-17.18,0.0,14.94,71.82
svalbard_arctic,2012-11-21,-8.48,-14.62,0.28,9.48,69.38
svalbard_arctic,2012-11-22,-18.5,-14.96,0.51,10.86,59.85
svalbard_arctic,2012-11-23,-14.13,-19.58,3.02,10.4,76.97
svalbard_arctic,2012-11-24,-15.91,-17.66,0.86,12.03,72.42
svalbard_arctic,2012-11-25,-15.44,-18.5,0.25,18.46,48.39
svalbard_arctic,2012-11-26,-13.95,-19.81,1.34,14.09,61.69
svalbard_arctic,2012-11-27,-15.72,-19.1,0.42,15.36,73.49
svalbard_arctic,2012-11-28,-19.76,-22.88,1.84,13.46,83.04
svalbard_arctic,2012-11-29,-18.29,-25.34,2.34,18.89,49.1
svalbard_arctic,2012-11-30,-15.17,-19.6,0.96,6.5,45.29
svalbard_arctic,2012-12-01,-19.38,-24.34,0.0,-2.38,42.68
svalbard_arctic,2012-12-02,-20.52,-23.76,0.69,12.48,38.73
svalbard_arctic,2012-12-03,-18.28,-22.69,0.62,12.54,58.19
svalbard_arctic,2012-12-04,-21.86,-17.01,2.42,12.39,48.04
svalbard_arctic,2012-12-05,-19.96,-21.88,1.22,9.76,66.45
svalbard_arctic,2012-12-06,-12.0,-24.47,0.38,7.27,48.64
svalbard_arctic,2012-12-07,-19.61,-25.67,2.17,12.03,40.63
svalbard_arctic,2012-12-08,-16.96,-22.64,0.65,10.95,71.78
svalbard_arctic,2012-12-09,-20.72,-22.9,0.64,13.33,56.59
svalbard_arctic,2012-12-10,-16.5,-25.89,0.26,15.12,69.87
svalbard_arctic,2012-12-11,-19.3,-22.12,1.92,17.02,49.51
svalbard_arctic,2012-12-12,-16.28,-27.58,0.22,15.6,83.0
svalbard_arctic,2012-12-13,-19.74,-26.01,1.4,12.19,62.27
svalbard_arctic,2012-12-14,-20.3,-18.81,1.15,14.08,40.14
svalbard_arctic,2012-12-15,-19.47,-26.53,0.81,7.54,32.08
svalbard_arctic,2012-12-16,-19.12,-23.54,1.66,8.86,61.1
svalbard_arctic,2012-12-17,-18.56,-22.1,2.28,19.02,62.96
svalbard_arctic,2012-12-18,-21.44,-17.91,0.0,16.34,67.06
svalbard_arctic,2012-12-19,-22.16,-18.91,0.57,6.29,29.48
svalbard_arctic,2012-12-20,-23.81,-21.63,0.49,9.33,29.83
svalbard_arctic,2012-12-21,-21.43,-26.91,0.84,19.51,29.02
svalbard_arctic,2012-12-22,-24.84,-26.65,0.15,9.01,42.1
svalbard_arctic,2012-12-23,-23.7,-25.3,0.0,4.68,65.08
svalbard_arctic,2012-12-24,-20.68,-16.65,0.62,10.0,56.14
svalbard_arctic,2012-12-25,-18.28,-22.56,1.74,10.09,30.3
svalbard_arctic,2012-12-26,-21.13,-24.3,0.52,16.62,32.97
svalbard_arctic,2012-12-27,-14.22,-23.65,1.13,15.49,60.75
svalbard_arctic,2012-12-28,-19.36,-20.2,2.25,10.16,72.82
svalbard_arctic,2012-12-29,-19.74,-26.18,0.88,11.84,63.27
svalbard_arctic,2012-12-30,-23.81,-24.21,1.7,13.26,78.86
svalbard_arctic,2012-12-31,-18.73,-25.18,1.8,14.99,61.49
svalbard_arctic,2013-01-01,-18.75,-26.67,1.95,10.61,78.51
svalbard_arctic,2013-01-02,-23.38,-25.31,2.79,13.26,91.79
svalbard_arctic,2013-01-03,-20.48,-23.56,0.58,17.81,52.36
svalbard_arctic,2013-01-04,-16.06,-23.79,1.62,11.49,66.07
svalbard_arctic,2013-01-05,-19.92,-20.53,0.92,12.62,22.96
svalbard_arctic,2013-01-06,-18.2,-26.63,1.2,14.5,66.22
svalbard_arctic,2013-01-07,-21.8,-24.1,1.12,9.76,39.26
svalbard_arctic,2013-01-08,-26.09,-28.43,1.9,8.5,64.45
svalbard_arctic,2013-01-09,-19.42,-25.11,0.2,13.61,48.48
svalbard_arctic,2013-01-10,-21.37,-29.53,1.1,14.35,61.94
svalbard_arctic,2013-01-11,-20.19,-23.51,0.0,11.69,37.38
svalbard_arctic,2013-01-12,-20.8,-19.52,0.0,9.47,49.79
svalbard_arctic,2013-01-13,-23.32,-21.88,0.12,10.15,66.44
svalbard_arctic,2013-01-14,-20.79,-26.16,1.29,13.05,60.47
svalbard_arctic,2013-01-15,-22.89,-22.08,1.12,7.3,26.02
svalbard_arctic,2013-01-16,-24.08,-29.47,2.1,16.19,52.9
svalbard_arctic,2013-01-17,-18.65,-23.7,1.69,18.26,45.59
svalbard_arctic,2013-01-18,-23.54,-17.39,0.68,6.0,40.11
svalbard_arctic,2013-01-19,-21.44,-23.73,3.71,14.22,44.36
svalbard_arctic,2013-01-20,-23.65,-25.81,0.89,15.18,66.62
svalbard_arctic,2013-01-21,-16.64,-26.0,0.0,15.5,78.51
svalbard_arctic,2013-01-22,-19.49,-24.16,0.0,5.4,64.29
svalbard_arctic,2013-01-23,-23.93,-25.11,1.4,10.72,45.56
svalbard_arctic,2013-01-24,-20.9,-26.39,0.0,9.74,55.81
svalbard_arctic,2013-01-25,-20.82,-25.39,0.88,11.05,55.76
svalbard_arctic,2013-01-26,-20.54,-29.9,0.37,7.09,68.86
svalbard_arctic,2013-01-27,-22.68,-22.67,2.61,18.94,55.54
svalbard_arctic,2013-01-28,-22.81,-21.61,0.0,13.79,64.4
svalbard_arctic,2013-01-29,-16.31,-22.71,1.7,7.99,56.18
svalbard_arctic,2013-01-30,-23.39,-25.8,0.36,9.86,63.27
svalbard_arctic,2013-01-31,-23.78,-23.62,0.27,17.69,68.77
svalbard_arctic,2013-02-01,-26.07,-23.42,2.23,11.69,39.05
svalbard_arctic,2013-02-02,-21.3,-25.49,0.2,17.22,52.98
svalbard_arctic,2013-02-03,-24.35,-21.08,0.0,14.82,51.67
svalbard_arctic,2013-02-04,-13.82,-21.95,0.24,6.71,67.02
svalbard_arctic,2013-02-05,-24.43,-21.39,0.0,8.19,55.23
svalbard_arctic,2013-02-06,-22.58,-23.34,0.0,7.47,44.47
svalbard_arctic,2013-02-07,-13.68,-28.76,0.0,14.05,49.2
svalbard_arctic,2013-02-08,-16.88,-30.84,0.0,19.83,57.82
svalbard_arctic,2013-02-09,-25.52,-25.56,0.0,12.91,64.77
svalbard_arctic,2013-02-10,-19.92,-26.54,0.0,11.81,45.33
svalbard_arctic,2013-02-11,-19.15,-24.11,0.98,14.41,47.48
svalbard_arctic,2013-02-12,-22.73,-27.28,0.0,11.98,46.96
svalbard_arctic,2013-02-13,-17.83,-27.16,1.32,10.96,47.66
svalbard_arctic,2013-02-14,-23.85,-29.74,0.0,13.1,49.79
svalbard_arctic,2013-02-15,-24.6,-27.67,0.0,15.39,61.93
svalbard_arctic,2013-02-16,-16.52,-24.76,0.52,10.34,70.24
svalbard_arctic,2013-02-17,-17.55,-25.09,0.34,8.41,47.64
svalbard_arctic,2013-02-18,-13.63,-20.08,0.8,16.22,30.49
svalbard_arctic,2013-02-19,-19.36,-24.05,0.0,3.58,60.83
svalbard_arctic,2013-02-20,-14.25,-27.77,2.65,7.19,32.85
svalbard_arctic,2013-02-21,-20.48,-23.69,2.37,12.55,76.7
svalbard_arctic,2013-02-22,-15.23,-21.28,0.0,16.09,55.5
svalbard_arctic,2013-02-23,-12.95,-29.67,1.36,13.38,59.84
svalbard_arctic,2013-02-24,-21.16,-18.8,0.41,10.31,72.4
svalbard_arctic,2013-02-25,-23.65,-21.04,0.64,15.86,53.08
svalbard_arctic,2013-02-26,-17.47,-17.97,0.66,9.53,62.86
svalbard_arctic,2013-02-27,-17.41,-20.6,0.0,15.36,63.11
svalbard_arctic,2013-02-28,-18.32,-23.16,0.65,10.93,82.81
svalbard_arctic,2013-03-01,-14.8,-21.91,2.3,8.0,88.28
svalbard_arctic,2013-03-02,-20.92,-23.03,2.6,15.65,56.83
svalbard_arctic,2013-03-03,-17.76,-18.94,0.66,19.15,80.2
svalbard_arctic,2013-03-04,-19.56,-23.61,0.0,11.27,26.38
svalbard_arctic,2013-03-05,-12.19,-20.09,0.53,16.89,54.16
svalbard_arctic,2013-03-06,-14.59,-17.5,0.48,5.02,67.64
svalbard_arctic,2013-03-07,-18.88,-20.09,2.23,7.51,36.98
svalbard_arctic,2013-03-08,-16.45,-20.37,0.0,9.07,90.68
svalbard_arctic,2013-03-09,-16.93,-19.17,0.0,12.35,80.71
svalbard_arctic,2013-03-10,-20.2,-22.31,0.09,14.95,53.21
svalbard_arctic,2013-03-11,-11.3,-26.6,1.46,8.18,91.09
svalbard_arctic,2013-03-12,-17.18,-22.87,0.0,9.36,70.75
svalbard_arctic,2013-03-13,-6.45,-22.07,0.56,16.38,62.67
svalbard_arctic,2013-03-14,-15.42,-18.52,1.56,9.76,65.91
svalbard_arctic,2013-03-15,-11.59,-22.06,0.0,18.71,47.94
svalbard_arctic,2013-03-16,-15.06,-21.48,0.71,10.3,62.01
svalbard_arctic,2013-03-17,-14.04,-16.71,1.06,17.9,47.46
svalbard_arctic,2013-03-18,-16.02,-17.6,1.47,16.56,59.82
svalbard_arctic,2013-03-19,-19.97,-14.98,0.41,13.67,61.52
svalbard_arctic,2013-03-20,-9.37,-18.7,2.37,14.27,63.34
svalbard_arctic,2013-03-21,-16.02,-22.78,0.35,13.95,60.06
svalbard_arctic,2013-03-22,-9.59,-11.59,1.65,18.01,95.69
svalbard_arctic,2013-03-23,-7.51,-15.97,1.97,4.81,36.37
svalbard_arctic,2013-03-24,-15.55,-19.36,0.0,12.22,33.67
svalbard_arctic,2013-03-25,-15.91,-14.79,2.4,14.38,47.71
svalbard_arctic,2013-03-26,-14.92,-16.59,0.0,18.5,60.76
svalbard_arctic,2013-03-27,-18.7,-13.31,0.43,11.43,55.23
svalbard_arctic,2013-03-28,-11.72,-16.07,1.96,5.42,40.13
svalbard_arctic,2013-03-29,-8.67,-17.82,0.44,3.75,90.12
svalbard_arctic,2013-03-30,-15.18,-15.52,0.79,14.15,69.76
svalbard_arctic,2013-03-31,-10.72,-13.22,1.81,8.66,56.84
svalbard_arctic,2013-04-01,-12.59,-18.29,1.06,13.03,48.15
svalbard_arctic,2013-04-02,-12.36,-15.54,0.0,8.91,58.11
svalbard_arctic,2013-04-03,-11.54,-19.1,2.09,12.63,54.7
svalbard_arctic,2013-04-04,-10.27,-13.83,1.25,21.93,68.25
svalbard_arctic,2013-04-05,-12.97,-14.89,0.0,19.25,43.15
svalbard_arctic,2013-04-06,-10.8,-12.94,0.8,14.15,51.07
svalbard_arctic,2013-04-07,-12.42,-11.6,1.26,13.16,75.78
svalbard_arctic,2013-04-08,-10.01,-16.39,0.52,10.75,54.08
svalbard_arctic,2013-04-09,-12.93,-13.61,0.0,16.6,72.79
svalbard_arctic,2013-04-10,-7.23,-13.27,0.0,12.98,62.42
svalbard_arctic,2013-04-11,-10.78,-15.67,0.27,19.86,59.67
svalbard_arctic,2013-04-12,-13.26,-16.5,1.3,14.98,53.24
svalbard_arctic,2013-04-13,-9.93,-8.7,2.11,15.2,65.03
svalbard_arctic,2013-04-14,-9.29,-14.32,0.0,7.93,61.06
svalbard_arctic,2013-04-15,-10.31,-14.11,0.38,12.38,28.26
svalbard_arctic,2013-04-16,-13.45,-13.38,0.0,22.18,81.28
svalbard_arctic,2013-04-17,-8.78,-10.87,0.93,8.61,69.58
svalbard_arctic,2013-04-18,-7.68,-13.6,2.48,13.81,43.36
svalbard_arctic,2013-04-19,-6.68,-14.29,2.0,13.95,62.23
svalbard_arctic,2013-04-20,-4.68,-11.26,0.71,15.93,60.06
svalbard_arctic,2013-04-21,-6.0,-9.38,0.65,16.51,51.03
svalbard_arctic,2013-04-22,-6.29,-9.9,0.63,12.82,75.25
svalbard_arctic,2013-04-23,-5.35,-12.92,0.7,18.51,86.89
svalbard_arctic,2013-04-24,-8.53,-14.1,1.02,12.59,59.07
svalbard_arctic,2013-04-25,-3.8,-13.51,0.64,17.43,59.73
svalbard_arctic,2013-04-26,-6.61,-9.39,1.0,8.96,52.06
svalbard_arctic,2013-04-27,-6.73,-8.57,0.0,12.13,33.03
svalbard_arctic,2013-04-28,-9.68,-11.39,1.47,9.19,72.9
svalbard_arctic,2013-04-29,-4.39,-11.36,1.64,16.38,95.26
svalbard_arctic,2013-04-30,-4.49,-13.12,3.51,16.59,64.56
svalbard_arctic,2013-05-01,-3.05,-9.48,1.53,13.78,64.37
svalbard_arctic,2013-05-02,-9.22,-7.0,0.89,16.51,66.24
svalbard_arctic,2013-05-03,-2.69,-10.87,2.65,10.75,59.77
svalbard_arctic,2013-05-04,-5.16,-5.48,2.46,20.49,50.39
svalbard_arctic,2013-05-05,-7.1,-11.56,0.35,19.18,100.0
svalbard_arctic,2013-05-06,-5.58,-10.58,2.81,11.88,74.92
svalbard_arctic,2013-05-07,-6.43,-8.46,1.41,10.9,76.95
svalbard_arctic,2013-05-08,-2.78,-7.31,0.0,13.78,100.0
svalbard_arctic,2013-05-09,-4.87,-8.31,0.36,16.71,71.43
svalbard_arctic,2013-05-10,-3.6,-6.56,0.47,16.32,55.88
svalbard_arctic,2013-05-11,-4.54,-6.47,2.59,11.65,52.41
svalbard_arctic,2013-05-12,-3.31,-3.38,1.29,14.24,97.7
svalbard_arctic,2013-05-13,-6.14,-6.52,1.22,17.31,81.01
svalbard_arctic,2013-05-14,-8.55,-7.52,1.06,14.42,67.71
svalbard_arctic,2013-05-15,5.66,-5.12,3.11,16.5,61.15
svalbard_arctic,2013-05-16,-2.01,-11.46,0.92,20.1,65.2
svalbard_arctic,2013-05-17,6.93,-10.05,0.72,13.69,75.6
svalbard_arctic,2013-05-18,-1.96,-3.04,2.33,19.83,97.29
svalbard_arctic,2013-05-19,-1.63,-7.15,1.31,16.13,68.98
svalbard_arctic,2013-05-20,-2.22,-7.74,2.56,15.85,57.26
svalbard_arctic,2013-05-21,0.53,-3.84,0.74,10.99,51.03
svalbard_arctic,2013-05-22,-0.67,-5.35,1.34,19.58,79.87
svalbard_arctic,2013-05-23,-4.82,-1.92,2.96,24.38,86.78
svalbard_arctic,2013-05-24,-3.77,-5.84,0.67,12.44,98.28
svalbard_arctic,2013-05-25,-4.07,-0.59,2.14,12.92,100.0
svalbard_arctic,2013-05-26,0.08,-5.28,0.0,22.92,48.41
svalbard_arctic,2013-05-27,0.39,-1.26,1.92,19.36,71.59
svalbard_arctic,2013-05-28,0.43,-3.61,0.53,14.12,65.39
svalbard_arctic,2013-05-29,-1.88,-6.15,2.07,23.62,68.54
svalbard_arctic,2013-05-30,-3.2,-3.75,0.07,15.12,59.06
svalbard_arctic,2013-05-31,4.02,-3.03,2.21,17.1,76.78
svalbard_arctic,2013-06-01,1.38,-3.48,1.13,18.38,52.86
svalbard_arctic,2013-06-02,2.66,-5.38,1.6,20.11,79.2
svalbard_arctic,2013-06-03,3.96,1.43,1.32,18.87,89.54
svalbard_arctic,2013-06-04,-4.9,-1.98,1.1,25.4,64.47
svalbard_arctic,2013-06-05,1.58,-9.16,0.54,22.67,89.31
svalbard_arctic,2013-06-06,4.9,-1.79,0.24,23.5,74.42
svalbard_arctic,2013-06-07,-2.01,-0.73,1.91,14.6,86.69
svalbard_arctic,2013-06-08,-1.55,-8.11,0.07,18.58,77.33
svalbard_arctic,2013-06-09,-1.47,-4.1,1.06,24.05,58.82
svalbard_arctic,2013-06-10,-2.47,0.95,0.2,15.76,72.47
svalbard_arctic,2013-06-11,3.98,-1.2,0.87,15.82,66.32
svalbard_arctic,2013-06-12,2.95,-1.06,0.0,21.1,85.68
svalbard_arctic,2013-06-13,-1.24,-5.01,2.4,19.32,69.59
svalbard_arctic,2013-06-14,-2.87,-3.85,1.95,17.4,89.07
svalbard_arctic,2013-06-15,0.18,-5.24,1.18,18.59,81.09
svalbard_arctic,2013-06-16,6.09,-6.71,1.42,10.24,76.45
svalbard_arctic,2013-06-17,-0.56,-8.6,2.41,16.22,77.24
svalbard_arctic,2013-06-18,-2.18,5.44,0.7,14.19,88.38
svalbard_arctic,2013-06-19,2.69,-2.88,2.55,24.02,83.7
svalbard_arctic,2013-06-20,-0.45,0.26,0.54,16.92,88.11
svalbard_arctic,2013-06-21,8.33,2.9,1.21,18.0,58.37
svalbard_arctic,2013-06-22,3.78,0.07,0.0,22.09,65.78
svalbard_arctic,2013-06-23,2.28,-0.57,2.63,23.91,74.1
svalbard_arctic,2013-06-24,2.42,0.89,0.97,18.79,70.11
svalbard_arctic,2013-06-25,1.81,6.05,1.6,14.34,60.08
svalbard_arctic,2013-06-26,2.2,0.16,0.49,15.57,93.02
svalbard_arctic,2013-06-27,11.01,-4.3,1.06,18.96,57.18
svalbard_arctic,2013-06-28,6.72,-3.14,0.26,19.1,89.03
svalbard_arctic,2013-06-29,3.26,-2.61,0.42,14.59,100.0
svalbard_arctic,2013-06-30,4.63,-0.29,0.0,9.6,66.91
svalbard_arctic,2013-07-01,1.81,-3.24,1.0,11.37,41.3
svalbard_arctic,2013-07-02,7.12,-1.35,0.55,13.13,67.42
svalbard_arctic,2013-07-03,-5.95,-0.0,3.47,17.01,63.09
svalbard_arctic,2013-07-04,2.41,3.51,0.13,16.63,53.56
svalbard_arctic,2013-07-05,0.95,-2.09,0.56,11.26,81.0
svalbard_arctic,2013-07-06,6.87,2.43,2.01,16.95,81.36
svalbard_arctic,2013-07-07,4.17,1.42,0.26,24.6,81.74
svalbard_arctic,2013-07-08,-1.05,2.81,1.1,19.37,60.89
svalbard_arctic,2013-07-09,3.87,-6.38,1.96,25.96,91.07
svalbard_arctic,2013-07-10,4.18,-4.56,1.88,17.98,65.03
svalbard_arctic,2013-07-11,8.66,-3.74,1.28,17.87,59.13
svalbard_arctic,2013-07-12,5.08,4.92,1.14,19.11,58.6
svalbard_arctic,2013-07-13,4.13,-1.44,2.19,25.27,63.8
svalbard_arctic,2013-07-14,4.43,-2.6,2.44,24.28,76.62
svalbard_arctic,2013-07-15,-2.59,0.58,1.29,21.03,59.19
svalbard_arctic,2013-07-16,1.82,7.14,1.74,19.71,62.77
svalbard_arctic,2013-07-17,-1.63,-1.08,0.7,14.57,98.8
svalbard_arctic,2013-07-18,10.35,-1.03,2.37,12.63,65.35
svalbard_arctic,2013-07-19,2.85,3.85,2.0,16.21,88.21
svalbard_arctic,2013-07-20,6.24,1.69,0.9,24.12,76.24
svalbard_arctic,2013-07-21,1.22,0.95,0.7,25.14,89.31
svalbard_arctic,2013-07-22,3.09,-0.46,3.03,11.56,78.15
svalbard_arctic,2013-07-23,3.25,1.81,0.71,23.39,75.15
svalbard_arctic,2013-07-24,5.8,-7.17,1.01,25.3,70.04
svalbard_arctic,2013-07-25,3.74,1.71,0.0,22.98,63.04
svalbard_arctic,2013-07-26,2.2,-2.9,2.24,16.17,78.75
svalbard_arctic,2013-07-27,-2.04,5.21,0.7,21.26,66.71
svalbard_arctic,2013-07-28,10.78,3.94,1.24,11.8,45.67
svalbard_arctic,2013-07-29,2.48,3.06,1.15,12.35,80.04
svalbard_arctic,2013-07-30,2.83,6.67,3.59,27.95,73.23
svalbard_arctic,2013-07-31,2.22,8.65,3.01,16.12,80.46
svalbard_arctic,2013-08-01,8.12,0.62,1.55,13.37,74.75
svalbard_arctic,2013-08-02,1.87,0.7,0.58,16.5,86.47
svalbard_arctic,2013-08-03,2.34,2.68,1.36,25.37,81.43
svalbard_arctic,2013-08-04,4.37,2.32,1.16,22.55,72.71
svalbard_arctic,2013-08-05,7.34,-6.75,2.82,15.23,80.56
svalbard_arctic,2013-08-06,3.57,-0.51,3.81,17.61,94.35
svalbard_arctic,2013-08-07,3.7,-2.46,1.56,19.85,61.7
svalbard_arctic,2013-08-08,3.13,1.4,2.03,20.56,44.54
svalbard_arctic,2013-08-09,1.99,1.44,3.19,19.88,88.62
svalbard_arctic,2013-08-10,8.87,0.05,1.76,14.04,83.52
svalbard_arctic,2013-08-11,0.8,-2.18,0.43,16.9,100.0
svalbard_arctic,2013-08-12,4.35,-1.8,1.12,13.38,75.81
svalbard_arctic,2013-08-13,1.37,5.27,1.23,21.6,70.22
svalbard_arctic,2013-08-14,4.76,-7.59,0.51,17.38,80.79
svalbard_arctic,2013-08-15,2.7,8.68,1.28,19.09,86.93
svalbard_arctic,2013-08-16,3.5,5.07,0.0,15.06,83.07
svalbard_arctic,2013-08-17,2.93,-1.14,0.0,20.26,70.36
svalbard_arctic,2013-08-18,-0.76,1.19,1.17,20.37,92.95
svalbard_arctic,2013-08-19,2.25,-1.2,1.01,11.95,58.98
svalbard_arctic,2013-08-20,-3.13,-1.48,3.01,20.8,63.52
svalbard_arctic,2013-08-21,2.87,-2.46,0.75,12.97,97.19
svalbard_arctic,2013-08-22,0.56,-3.23,1.53,14.84,83.82
svalbard_arctic,2013-08-23,1.28,0.79,0.81,21.22,66.95
svalbard_arctic,2013-08-24,1.91,-4.07,0.0,14.91,75.23
svalbard_arctic,2013-08-25,2.14,-1.41,1.18,17.96,100.0
svalbard_arctic,2013-08-26,-5.38,-2.94,1.45,17.09,69.73
svalbard_arctic,2013-08-27,0.29,4.0,0.68,11.68,62.43
svalbard_arctic,2013-08-28,2.07,1.25,1.02,23.05,73.84
svalbard_arctic,2013-08-29,5.86,-4.37,2.16,23.07,86.08
svalbard_arctic,2013-08-30,8.76,1.61,0.95,19.19,78.28
svalbard_arctic,2013-08-31,6.82,-1.26,2.49,16.1,88.32
svalbard_arctic,2013-09-01,-1.5,0.75,1.43,17.65,59.78
svalbard_arctic,2013-09-02,2.2,0.1,2.27,22.59,54.51
svalbard_arctic,2013-09-03,3.78,-7.22,2.79,15.13,88.67
svalbard_arctic,2013-09-04,2.28,-1.35,0.3,15.46,54.84
svalbard_arctic,2013-09-05,0.03,-3.41,2.28,16.24,54.56
svalbard_arctic,2013-09-06,0.88,2.44,2.52,8.37,60.72
svalbard_arctic,2013-09-07,1.07,-6.35,2.27,19.86,57.77
svalbard_arctic,2013-09-08,-2.09,-1.57,0.92,17.8,61.92
svalbard_arctic,2013-09-09,0.4,-7.55,0.0,20.31,45.51
svalbard_arctic,2013-09-10,-4.27,2.44,3.63,15.07,92.16
svalbard_arctic,2013-09-11,6.42,-2.52,0.0,11.12,48.03
svalbard_arctic,2013-09-12,-1.94,-6.0,3.17,17.42,100.0
svalbard_arctic,2013-09-13,0.69,-0.27,0.01,12.18,83.2
svalbard_arctic,2013-09-14,-0.43,0.52,0.0,19.08,100.0
svalbard_arctic,2013-09-15,-0.92,-3.75,1.24,19.38,59.79
svalbard_arctic,2013-09-16,0.36,-5.76,1.09,25.27,64.33
svalbard_arctic,2013-09-17,1.72,-8.85,3.34,22.29,91.0
svalbard_arctic,2013-09-18,-1.53,-8.58,0.5,17.72,55.41
svalbard_arctic,2013-09-19,0.42,-9.62,2.06,15.56,82.57
svalbard_arctic,2013-09-20,-0.77,-2.54,1.65,20.07,68.7
svalbard_arctic,2013-09-21,-6.25,-2.59,0.25,17.71,84.31
svalbard_arctic,2013-09-22,-2.49,-9.67,1.69,14.57,90.55
svalbard_arctic,2013-09-23,-3.43,-2.87,1.05,8.14,61.8
svalbard_arctic,2013-09-24,-1.13,-7.71,2.31,25.55,57.86
svalbard_arctic,2013-09-25,-1.07,-8.76,0.91,20.58,49.92
svalbard_arctic,2013-09-26,-3.0,-5.8,2.6,18.84,47.16
svalbard_arctic,2013-09-27,-2.41,-7.65,1.49,16.45,60.88
svalbard_arctic,2013-09-28,-3.3,-13.08,0.0,23.76,68.89
svalbard_arctic,2013-09-29,-5.69,-8.93,0.0,19.67,60.27
svalbard_arctic,2013-09-30,-0.45,-12.23,2.93,10.49,72.64
svalbard_arctic,2013-10-01,-2.6,-13.53,1.04,14.99,79.44
svalbard_arctic,2013-10-02,1.16,-10.41,1.03,18.99,59.98
svalbard_arctic,2013-10-03,-5.33,-8.99,1.34,20.74,61.42
svalbard_arctic,2013-10-04,-6.72,-13.02,1.04,14.69,86.04
svalbard_arctic,2013-10-05,-11.53,-8.95,1.19,21.92,73.39
svalbard_arctic,2013-10-06,1.53,-9.1,0.0,10.44,64.92
svalbard_arctic,2013-10-07,-4.01,-7.46,2.0,14.67,57.48
svalbard_arctic,2013-10-08,-3.45,-10.38,1.23,14.79,80.51
svalbard_arctic,2013-10-09,-0.88,-7.84,1.75,19.41,63.04
svalbard_arctic,2013-10-10,-5.78,-7.8,0.5,20.77,37.98
svalbard_arctic,2013-10-11,-8.56,-15.11,1.04,20.62,36.11
svalbard_arctic,2013-10-12,-3.94,-5.39,0.0,9.89,54.49
svalbard_arctic,2013-10-13,-7.56,-7.17,2.15,15.97,51.09
svalbard_arctic,2013-10-14,-12.55,-11.99,0.91,9.22,66.82
svalbard_arctic,2013-10-15,-2.77,-14.23,0.0,15.45,37.92
svalbard_arctic,2013-10-16,-10.83,-8.97,0.66,21.91,66.35
svalbard_arctic,2013-10-17,-9.98,-13.84,1.4,23.29,50.78
svalbard_arctic,2013-10-18,-5.65,-15.19,2.48,17.06,80.76
svalbard_arctic,2013-10-19,-14.25,-13.25,0.0,16.25,53.66
svalbard_arctic,2013-10-20,-8.16,-8.8,2.3,14.35,78.1
svalbard_arctic,2013-10-21,-7.91,-8.23,1.7,14.9,63.5
svalbard_arctic,2013-10-22,-5.68,-7.26,0.54,20.75,57.13
svalbard_arctic,2013-10-23,-7.3,-13.82,1.88,11.42,45.04
svalbard_arctic,2013-10-24,-7.16,-13.78,1.29,13.75,51.93
svalbard_arctic,2013-10-25,-6.87,-13.99,0.42,14.84,84.41
svalbard_arctic,2013-10-26,-5.38,-15.67,2.07,11.87,62.19
svalbard_arctic,2013-10-27,-11.39,-15.99,2.36,16.67,50.54
svalbard_arctic,2013-10-28,-13.21,-15.49,0.0,20.79,67.95
svalbard_arctic,2013-10-29,-13.27,-8.77,1.31,17.05,55.9
svalbard_arctic,2013-10-30,-8.79,-17.19,0.78,11.66,52.27
svalbard_arctic,2013-10-31,-11.75,-14.18,1.41,11.41,56.39
svalbard_arctic,2013-11-01,-12.91,-13.24,0.6,9.26,76.96
svalbard_arctic,2013-11-02,-8.1,-8.91,2.44,13.84,61.87
svalbard_arctic,2013-11-03,-9.82,-14.58,0.0,10.9,72.71
svalbard_arctic,2013-11-04,-7.04,-16.53,1.1,15.14,55.53
svalbard_arctic,2013-11-05,-11.14,-18.86,0.38,11.32,52.6
svalbard_arctic,2013-11-06,-10.52,-18.81,0.67,8.44,83.7
svalbard_arctic,2013-11-07,-13.59,-16.37,0.0,6.26,45.56
svalbard_arctic,2013-11-08,-18.94,-17.47,2.17,16.47,56.65
svalbard_arctic,2013-11-09,-14.4,-16.93,0.0,8.35,78.02
svalbard_arctic,2013-11-10,-15.2,-15.22,1.34,15.84,54.18
svalbard_arctic,2013-11-11,-17.25,-19.13,0.32,11.2,88.78
svalbard_arctic,2013-11-12,-12.88,-16.25,0.6,14.81,47.43
svalbard_arctic,2013-11-13,-10.84,-14.46,1.46,13.52,70.19
svalbard_arctic,2013-11-14,-15.2,-23.26,2.1,14.26,86.14
svalbard_arctic,2013-11-15,-12.82,-17.45,0.0,17.44,63.22
svalbard_arctic,2013-11-16,-15.91,-13.87,0.44,10.74,66.34
svalbard_arctic,2013-11-17,-14.85,-17.11,1.13,19.48,72.48
svalbard_arctic,2013-11-18,-16.38,-20.44,0.8,16.54,21.58
svalbard_arctic,2013-11-19,-13.87,-16.91,1.69,12.09,81.22
svalbard_arctic,2013-11-20,-13.21,-20.52,2.35,12.46,64.77
svalbard_arctic,2013-11-21,-10.0,-16.48,0.17,13.81,60.42
svalbard_arctic,2013-11-22,-17.05,-17.91,0.0,11.6,61.72
svalbard_arctic,2013-11-23,-16.15,-13.78,1.38,6.3,28.53
svalbard_arctic,2013-11-24,-12.31,-20.0,0.0,9.3,72.66
svalbard_arctic,2013-11-25,-16.89,-18.53,1.29,9.24,64.58
svalbard_arctic,2013-11-26,-14.54,-21.06,0.76,12.35,44.46
svalbard_arctic,2013-11-27,-17.73,-19.89,0.65,8.22,64.84
svalbard_arctic,2013-11-28,-15.21,-22.94,1.51,16.37,66.74
svalbard_arctic,2013-11-29,-14.77,-16.59,0.32,13.53,50.11
svalbard_arctic,2013-11-30,-12.82,-20.01,4.08,11.32,77.43
svalbard_arctic,2013-12-01,-19.18,-20.79,0.5,9.66,56.31
svalbard_arctic,2013-12-02,-15.59,-18.32,0.05,12.98,53.86
svalbard_arctic,2013-12-03,-17.64,-16.61,3.06,16.62,67.97
svalbard_arctic,2013-12-04,-22.29,-14.55,0.76,5.3,44.75
svalbard_arctic,2013-12-05,-19.4,-24.05,0.0,6.79,50.69
svalbard_arctic,2013-12-06,-19.92,-19.58,0.61,8.63,40.34
svalbard_arctic,2013-12-07,-16.54,-18.95,2.6,7.47,54.82
svalbard_arctic,2013-12-08,-20.59,-22.22,1.02,6.89,52.36
svalbard_arctic,2013-12-09,-17.84,-24.02,0.0,12.69,59.17
svalbard_arctic,2013-12-10,-18.21,-18.72,1.72,12.47,72.4
svalbard_arctic,2013-12-11,-16.44,-25.11,1.39,11.08,67.21
svalbard_arctic,2013-12-12,-19.95,-21.28,1.36,13.36,58.84
svalbard_arctic,2013-12-13,-23.09,-24.73,0.0,12.21,76.13
svalbard_arctic,2013-12-14,-16.0,-22.62,0.0,9.46,47.37
svalbard_arctic,2013-12-15,-20.58,-27.54,0.0,10.74,64.04
svalbard_arctic,2013-12-16,-15.72,-26.12,0.4,13.31,70.25
svalbard_arctic,2013-12-17,-19.19,-28.56,2.2,7.55,84.82
svalbard_arctic,2013-12-18,-19.04,-15.24,0.0,13.58,58.54
svalbard_arctic,2013-12-19,-17.53,-27.67,0.0,-0.48,50.45
svalbard_arctic,2013-12-20,-17.54,-20.82,0.0,12.21,56.41
svalbard_arctic,2013-12-21,-19.8,-25.84,1.51,13.59,57.09
svalbard_arctic,2013-12-22,-20.97,-30.8,2.6,8.43,45.93
svalbard_arctic,2013-12-23,-19.9,-22.97,0.98,16.54,56.24
svalbard_arctic,2013-12-24,-25.28,-16.12,1.2,16.84,82.47
svalbard_arctic,2013-12-25,-17.01,-26.29,0.68,13.08,30.64
svalbard_arctic,2013-12-26,-22.62,-18.5,0.54,18.7,19.4
svalbard_arctic,2013-12-27,-21.66,-18.21,1.42,9.0,32.93
svalbard_arctic,2013-12-28,-21.39,-27.42,0.0,15.7,41.63
svalbard_arctic,2013-12-29,-19.15,-29.46,1.35,17.81,37.67
svalbard_arctic,2013-12-30,-20.74,-26.7,0.4,7.58,43.39
svalbard_arctic,2013-12-31,-18.42,-21.14,0.67,12.44,39.96
svalbard_arctic,2014-01-01,-18.93,-30.53,0.15,6.21,62.16
svalbard_arctic,2014-01-02,-22.99,-23.06,0.0,15.45,41.18
svalbard_arctic,2014-01-03,-23.03,-24.31,1.45,18.76,37.99
svalbard_arctic,2014-01-04,-21.46,-26.62,0.58,9.89,25.93
svalbard_arctic,2014-01-05,-18.55,-26.18,0.63,11.93,70.16
svalbard_arctic,2014-01-06,-19.14,-25.29,2.6,10.01,75.29
svalbard_arctic,2014-01-07,-18.88,-24.52,0.84,22.02,58.98
svalbard_arctic,2014-01-08,-21.6,-19.9,0.0,8.41,57.04
svalbard_arctic,2014-01-09,-17.85,-26.11,0.0,8.38,64.98
svalbard_arctic,2014-01-10,-19.85,-25.18,0.37,14.26,67.29
svalbard_arctic,2014-01-11,-22.69,-23.06,1.1,11.66,37.74
svalbard_arctic,2014-01-12,-21.73,-27.91,0.0,22.06,51.32
svalbard_arctic,2014-01-13,-18.52,-20.14,1.77,19.95,69.72
svalbard_arctic,2014-01-14,-16.47,-27.48,0.29,14.47,46.87
svalbard_arctic,2014-01-15,-26.18,-23.57,0.52,15.73,57.38
svalbard_arctic,2014-01-16,-20.2,-25.79,0.67,14.93,73.18
svalbard_arctic,2014-01-17,-25.81,-24.99,0.0,16.18,90.89
svalbard_arctic,2014-01-18,-23.25,-19.0,0.16,14.1,69.78
svalbard_arctic,2014-01-19,-19.59,-24.21,1.09,7.97,35.98
svalbard_arctic,2014-01-20,-20.64,-27.09,0.6,8.71,44.59
svalbard_arctic,2014-01-21,-23.42,-27.77,0.18,15.89,73.2
svalbard_arctic,2014-01-22,-22.28,-21.17,0.35,10.0,43.83
svalbard_arctic,2014-01-23,-18.15,-23.6,1.23,17.38,68.11
svalbard_arctic,2014-01-24,-20.68,-26.44,2.09,14.92,80.89
svalbard_arctic,2014-01-25,-20.9,-21.59,0.5,7.28,71.1
svalbard_arctic,2014-01-26,-17.8,-27.33,0.0,7.44,82.0
svalbard_arctic,2014-01-27,-18.5,-27.46,3.14,6.82,38.05
svalbard_arctic,2014-01-28,-21.94,-25.23,1.7,15.19,26.07
svalbard_arctic,2014-01-29,-18.91,-25.65,0.57,16.71,43.4
svalbard_arctic,2014-01-30,-21.46,-29.98,0.09,10.51,55.3
svalbard_arctic,2014-01-31,-20.36,-26.2,2.41,12.06,41.57
svalbard_arctic,2014-02-01,-25.75,-22.92,0.0,13.37,43.62
svalbard_arctic,2014-02-02,-22.25,-25.7,0.71,15.61,53.2
svalbard_arctic,2014-02-03,-20.01,-24.6,1.39,10.72,48.45
svalbard_arctic,2014-02-04,-23.78,-27.49,0.9,13.87,67.96
svalbard_arctic,2014-02-05,-21.33,-23.5,0.0,11.86,55.72
svalbard_arctic,2014-02-06,-25.1,-22.81,0.31,5.93,46.66
svalbard_arctic,2014-02-07,-18.09,-19.99,0.7,17.66,69.93
svalbard_arctic,2014-02-08,-15.94,-25.09,0.0,13.47,98.54
svalbard_arctic,2014-02-09,-23.06,-24.82,0.54,11.46,62.64
svalbard_arctic,2014-02-10,-24.7,-22.05,2.18,9.21,47.76
svalbard_arctic,2014-02-11,-18.24,-24.32,2.52,9.43,30.95
svalbard_arctic,2014-02-12,-19.03,-21.88,0.5,6.5,51.82
svalbard_arctic,2014-02-13,-18.33,-21.48,0.66,7.81,38.05
svalbard_arctic,2014-02-14,-17.47,-26.78,0.52,8.58,63.59
svalbard_arctic,2014-02-15,-19.05,-26.82,0.0,10.13,81.27
svalbard_arctic,2014-02-16,-15.26,-25.1,1.18,17.67,43.29
svalbard_arctic,2014-02-17,-14.81,-28.42,0.99,14.79,47.51
svalbard_arctic,2014-02-18,-13.4,-17.57,1.76,8.75,67.11
svalbard_arctic,2014-02-19,-12.83,-26.84,1.79,6.08,45.5
svalbard_arctic,2014-02-20,-21.04,-19.44,1.35,8.82,30.24
svalbard_arctic,2014-02-21,-15.56,-25.87,1.36,18.3,74.47
svalbard_arctic,2014-02-22,-18.08,-19.41,0.0,15.2,35.7
svalbard_arctic,2014-02-23,-24.25,-18.97,0.92,11.85,55.38
svalbard_arctic,2014-02-24,-16.83,-27.59,0.0,12.54,54.74
svalbard_arctic,2014-02-25,-20.39,-22.58,0.36,17.22,50.45
svalbard_arctic,2014-02-26,-18.11,-16.98,2.38,12.58,66.06
svalbard_arctic,2014-02-27,-21.39,-21.66,1.28,21.76,34.16
svalbard_arctic,2014-02-28,-13.91,-19.11,1.05,13.06,62.49
svalbard_arctic,2014-03-01,-20.36,-20.89,0.73,9.04,44.44
svalbard_arctic,2014-03-02,-19.74,-18.85,0.74,4.72,58.12
svalbard_arctic,2014-03-03,-13.95,-17.57,0.93,14.61,45.07
svalbard_arctic,2014-03-04,-16.39,-21.76,0.86,12.04,59.32
svalbard_arctic,2014-03-05,-11.67,-21.04,1.44,9.16,70.17
svalbard_arctic,2014-03-06,-14.23,-21.83,2.81,15.72,55.36
svalbard_arctic,2014-03-07,-13.43,-24.44,2.23,14.07,53.14
svalbard_arctic,2014-03-08,-19.69,-18.45,0.35,11.19,46.12
svalbard_arctic,2014-03-09,-15.34,-20.15,0.18,14.29,59.7
svalbard_arctic,2014-03-10,-10.73,-16.44,0.28,12.55,73.23
svalbard_arctic,2014-03-11,-19.31,-14.2,0.17,16.84,57.31
svalbard_arctic,2014-03-12,-15.83,-21.48,0.0,13.55,79.54
svalbard_arctic,2014-03-13,-15.99,-20.92,0.93,11.7,54.89
svalbard_arctic,2014-03-14,-14.68,-21.36,0.41,18.25,87.67
svalbard_arctic,2014-03-15,-13.04,-14.97,0.8,9.04,29.67
svalbard_arctic,2014-03-16,-14.73,-23.26,0.33,7.72,51.03
svalbard_arctic,2014-03-17,-8.86,-17.92,0.89,11.0,46.99
svalbard_arctic,2014-03-18,-21.82,-23.21,0.18,6.3,58.03
svalbard_arctic,2014-03-19,-22.62,-14.15,0.21,7.34,68.58
svalbard_arctic,2014-03-20,-15.12,-16.18,2.85,12.58,98.54
svalbard_arctic,2014-03-21,-10.35,-20.07,0.0,13.81,61.68
svalbard_arctic,2014-03-22,-14.44,-12.57,3.98,12.56,73.12
svalbard_arctic,2014-03-23,-15.04,-20.17,0.0,15.68,48.29
svalbard_arctic,2014-03-24,-19.27,-17.21,0.04,11.84,56.03
svalbard_arctic,2014-03-25,-14.29,-23.98,0.0,6.17,71.04
svalbard_arctic,2014-03-26,-14.76,-15.29,0.49,16.79,38.27
svalbard_arctic,2014-03-27,-13.47,-18.03,0.0,13.52,44.02
svalbard_arctic,2014-03-28,-13.18,-17.43,1.87,16.69,62.53
svalbard_arctic,2014-03-29,-10.47,-19.44,0.07,16.45,59.04
svalbard_arctic,2014-03-30,-13.64,-19.64,1.21,18.33,64.92
svalbard_arctic,2014-03-31,-14.68,-17.76,2.63,10.5,36.59
svalbard_arctic,2014-04-01,-11.86,-12.04,0.39,9.35,56.88
svalbard_arctic,2014-04-02,-11.75,-14.47,1.3,13.79,58.32
svalbard_arctic,2014-04-03,-15.16,-18.09,0.0,13.6,65.21
svalbard_arctic,2014-04-04,-10.14,-21.94,1.75,19.24,75.19
svalbard_arctic,2014-04-05,-14.84,-9.16,1.27,16.34,63.33
svalbard_arctic,2014-04-06,-8.87,-22.25,0.0,14.94,46.36
svalbard_arctic,2014-04-07,-12.19,-11.22,2.3,9.54,67.85
svalbard_arctic,2014-04-08,-13.8,-12.91,0.83,11.63,36.88
svalbard_arctic,2014-04-09,-1.85,-14.77,0.78,8.04,64.79
svalbard_arctic,2014-04-10,-9.63,-15.67,1.64,11.28,70.74
svalbard_arctic,2014-04-11,-6.56,-11.43,1.99,15.33,62.71
svalbard_arctic,2014-04-12,-9.73,-10.23,0.0,16.46,73.65
svalbard_arctic,2014-04-13,-5.35,-9.98,1.9,17.27,44.18
svalbard_arctic,2014-04-14,-6.85,-9.72,1.01,17.82,98.19
svalbard_arctic,2014-04-15,-9.67,-17.37,0.73,17.09,50.5
svalbard_arctic,2014-04-16,-5.7,-14.66,0.34,12.46,25.43
svalbard_arctic,2014-04-17,-4.83,-14.29,1.21,11.86,45.49
svalbard_arctic,2014-04-18,-9.42,-11.99,0.0,20.16,100.0
svalbard_arctic,2014-04-19,-7.99,-11.09,0.17,13.45,81.39
svalbard_arctic,2014-04-20,-1.45,-8.51,0.0,13.68,46.2
svalbard_arctic,2014-04-21,-6.91,-11.58,1.85,14.65,83.0
svalbard_arctic,2014-04-22,-3.93,-8.92,1.18,9.2,84.74
svalbard_arctic,2014-04-23,-4.57,-12.11,1.26,14.49,43.95
svalbard_arctic,2014-04-24,-3.55,-4.65,0.56,9.02,84.2
svalbard_arctic,2014-04-25,-3.61,-12.51,0.84,17.84,59.89
svalbard_arctic,2014-04-26,-14.56,-12.34,0.85,13.61,76.71
svalbard_arctic,2014-04-27,-7.75,-9.35,1.38,13.09,80.82
svalbard_arctic,2014-04-28,-6.84,-6.46,0.0,7.8,80.65
svalbard_arctic,2014-04-29,-4.84,-12.03,1.15,16.81,63.74
svalbard_arctic,2014-04-30,-8.14,-10.37,1.51,25.15,54.58
svalbard_arctic,2014-05-01,-5.6,-10.36,1.56,13.34,74.97
svalbard_arctic,2014-05-02,-8.83,-12.14,3.07,15.49,79.57
svalbard_arctic,2014-05-03,-10.9,-10.48,1.34,22.04,74.42
svalbard_arctic,2014-05-04,3.43,-10.67,1.95,25.26,66.65
svalbard_arctic,2014-05-05,-5.7,-4.41,2.04,10.99,77.84
svalbard_arctic,2014-05-06,-0.37,-7.69,0.35,20.72,43.47
svalbard_arctic,2014-05-07,-1.29,-9.48,1.88,4.83,79.06
svalbard_arctic,2014-05-08,-5.02,-2.15,0.0,3.38,65.17
svalbard_arctic,2014-05-09,1.02,-2.1,0.29,8.87,85.08
svalbard_arctic,2014-05-10,-6.03,-2.17,1.8,14.59,70.98
svalbard_arctic,2014-05-11,-3.37,-8.47,0.0,8.13,77.77
svalbard_arctic,2014-05-12,-1.1,-3.82,2.21,21.41,77.65
svalbard_arctic,2014-05-13,-2.63,-0.28,2.17,16.38,63.46
svalbard_arctic,2014-05-14,-3.0,-7.69,1.57,18.74,57.95
svalbard_arctic,2014-05-15,-8.18,-6.96,1.43,14.92,83.4
svalbard_arctic,2014-05-16,0.19,-7.42,0.91,13.99,74.39
svalbard_arctic,2014-05-17,0.82,-5.26,1.33,16.07,73.82
svalbard_arctic,2014-05-18,-3.17,-0.24,2.18,24.24,83.66
svalbard_arctic,2014-05-19,1.27,-5.32,2.31,17.29,79.26
svalbard_arctic,2014-05-20,-0.59,-7.02,1.27,17.18,90.52
svalbard_arctic,2014-05-21,2.17,-5.43,0.0,12.37,65.01
svalbard_arctic,2014-05-22,1.39,-1.4,0.89,12.61,78.44
svalbard_arctic,2014-05-23,-1.66,-13.26,1.44,13.96,90.6
svalbard_arctic,2014-05-24,5.7,-3.42,1.98,19.17,61.43
svalbard_arctic,2014-05-25,-3.07,-5.08,1.61,18.06,56.34
svalbard_arctic,2014-05-26,-9.3,-6.17,2.48,8.89,69.52
svalbard_arctic,2014-05-27,-7.91,-9.32,0.51,18.63,71.67
svalbard_arctic,2014-05-28,1.47,-2.02,0.52,19.75,74.68
svalbard_arctic,2014-05-29,-6.49,-4.58,2.2,19.27,83.25
svalbard_arctic,2014-05-30,-1.43,-2.15,0.29,19.24,79.5
svalbard_arctic,2014-05-31,4.0,-6.74,0.17,19.38,100.0
svalbard_arctic,2014-06-01,-6.73,-8.89,1.27,18.5,90.95
svalbard_arctic,2014-06-02,0.25,-6.69,1.97,11.73,62.81
svalbard_arctic,2014-06-03,0.91,-3.54,1.44,20.98,85.47
svalbard_arctic,2014-06-04,-3.33,-8.16,0.0,24.03,71.6
svalbard_arctic,2014-06-05,2.2,-2.12,1.08,22.24,81.94
svalbard_arctic,2014-06-06,1.02,2.6,0.48,18.31,77.23
svalbard_arctic,2014-06-07,3.59,-9.73,2.42,16.95,46.05
svalbard_arctic,2014-06-08,1.74,-4.24,0.0,14.77,61.96
svalbard_arctic,2014-06-09,0.57,-2.48,1.81,9.82,75.02
svalbard_arctic,2014-06-10,3.26,-2.4,1.25,21.22,84.16
svalbard_arctic,2014-06-11,6.13,2.25,1.51,11.45,56.41
svalbard_arctic,2014-06-12,6.59,-2.83,2.04,15.98,93.87
svalbard_arctic,2014-06-13,4.38,-2.3,1.04,15.92,86.65
svalbard_arctic,2014-06-14,5.18,-2.39,1.35,22.5,58.52
svalbard_arctic,2014-06-15,0.87,0.28,2.99,20.16,73.26
svalbard_arctic,2014-06-16,2.17,3.89,2.26,15.07,87.0
svalbard_arctic,2014-06-17,4.48,-0.92,2.19,17.1,91.38
svalbard_arctic,2014-06-18,3.93,3.79,2.16,16.75,53.33
svalbard_arctic,2014-06-19,5.14,-0.41,3.16,20.1,63.94
svalbard_arctic,2014-06-20,7.74,-4.38,1.85,13.59,89.33
svalbard_arctic,2014-06-21,3.17,2.86,1.39,18.84,56.84
svalbard_arctic,2014-06-22,-0.82,-0.45,1.91,16.87,82.97
svalbard_arctic,2014-06-23,1.05,4.01,0.72,27.51,73.92
svalbard_arctic,2014-06-24,4.44,2.29,2.12,14.57,71.0
svalbard_arctic,2014-06-25,2.79,2.7,2.3,22.64,38.98
svalbard_arctic,2014-06-26,0.31,-2.29,0.95,16.08,90.23
svalbard_arctic,2014-06-27,3.95,-2.81,1.15,17.43,63.23
svalbard_arctic,2014-06-28,1.94,0.04,1.64,23.23,65.42
svalbard_arctic,2014-06-29,5.99,-3.83,0.65,20.02,81.65
svalbard_arctic,2014-06-30,8.87,-2.93,0.25,17.4,74.56
svalbard_arctic,2014-07-01,7.88,-1.87,1.05,16.45,74.53
svalbard_arctic,2014-07-02,1.67,-3.23,1.36,23.45,72.36
svalbard_arctic,2014-07-03,2.64,0.18,1.96,16.47,66.27
svalbard_arctic,2014-07-04,-0.05,0.63,1.85,16.47,65.33
svalbard_arctic,2014-07-05,7.98,-0.96,1.25,15.2,83.61
svalbard_arctic,2014-07-06,5.09,-3.07,1.87,25.17,60.58
svalbard_arctic,2014-07-07,9.52,-1.77,0.77,12.91,65.0
svalbard_arctic,2014-07-08,6.59,1.45,0.0,19.1,75.56
svalbard_arctic,2014-07-09,3.47,0.06,1.1,19.3,84.19
svalbard_arctic,2014-07-10,-0.48,1.15,1.55,13.18,63.55
svalbard_arctic,2014-07-11,5.8,-1.81,0.72,16.89,62.62
svalbard_arctic,2014-07-12,11.22,2.15,0.0,16.49,70.55
svalbard_arctic,2014-07-13,7.49,3.27,0.44,15.57,61.5
svalbard_arctic,2014-07-14,4.57,-2.98,0.1,18.42,73.08
svalbard_arctic,2014-07-15,7.5,-0.41,0.0,19.25,41.28
svalbard_arctic,2014-07-16,7.18,-3.99,1.36,16.85,97.48
svalbard_arctic,2014-07-17,8.8,3.45,2.49,26.03,73.91
svalbard_arctic,2014-07-18,2.44,7.67,1.34,15.37,48.09
svalbard_arctic,2014-07-19,6.31,3.71,2.48,19.04,66.26
svalbard_arctic,2014-07-20,0.54,0.55,0.0,18.49,75.78
svalbard_arctic,2014-07-21,-0.62,1.46,1.5,20.44,73.03
svalbard_arctic,2014-07-22,7.09,2.69,1.87,18.85,54.91
svalbard_arctic,2014-07-23,8.71,-2.83,0.54,14.65,93.38
svalbard_arctic,2014-07-24,4.96,1.11,0.42,20.6,87.65
svalbard_arctic,2014-07-25,4.67,0.85,0.95,18.07,55.14
svalbard_arctic,2014-07-26,5.96,0.23,2.19,21.91,79.63
svalbard_arctic,2014-07-27,8.34,-0.4,0.12,21.12,60.87
svalbard_arctic,2014-07-28,7.53,1.1,0.48,20.38,54.21
svalbard_arctic,2014-07-29,5.79,-2.22,0.0,21.7,60.82
svalbard_arctic,2014-07-30,6.83,-1.5,1.9,15.7,85.55
svalbard_arctic,2014-07-31,7.19,1.54,0.59,18.32,59.25
svalbard_arctic,2014-08-01,1.46,0.54,1.2,22.38,78.35
svalbard_arctic,2014-08-02,6.24,0.66,1.77,18.87,52.83
svalbard_arctic,2014-08-03,0.71,3.47,0.79,14.83,84.48
svalbard_arctic,2014-08-04,7.74,0.19,0.0,13.75,69.77
svalbard_arctic,2014-08-05,6.99,-0.2,1.79,20.97,80.38
svalbard_arctic,2014-08-06,4.56,2.33,1.87,15.66,55.49
svalbard_arctic,2014-08-07,3.76,5.6,2.89,17.64,100.0
svalbard_arctic,2014-08-08,7.69,-1.18,1.59,23.47,100.0
svalbard_arctic,2014-08-09,4.98,1.52,1.36,14.45,35.64
svalbard_arctic,2014-08-10,4.85,-0.7,1.56,22.53,93.0
svalbard_arctic,2014-08-11,5.0,-2.85,1.1,13.77,76.16
svalbard_arctic,2014-08-12,5.13,-0.17,1.24,22.55,81.02
svalbard_arctic,2014-08-13,7.32,1.64,0.67,18.41,80.08
svalbard_arctic,2014-08-14,-1.11,-2.79,1.54,10.87,87.43
svalbard_arctic,2014-08-15,3.28,2.97,1.55,12.81,64.72
svalbard_arctic,2014-08-16,-2.55,-1.66,1.1,14.22,51.04
svalbard_arctic,2014-08-17,4.62,-1.92,0.32,18.17,63.58
svalbard_arctic,2014-08-18,1.38,1.55,0.0,22.11,61.58
svalbard_arctic,2014-08-19,3.62,-0.0,0.73,19.14,73.69
svalbard_arctic,2014-08-20,0.76,-3.12,0.62,14.11,73.13
svalbard_arctic,2014-08-21,0.5,-4.97,0.86,23.31,65.56
svalbard_arctic,2014-08-22,1.53,3.98,0.79,17.26,62.79
svalbard_arctic,2014-08-23,2.96,-0.76,2.96,13.81,83.2
svalbard_arctic,2014-08-24,4.64,4.2,0.85,16.98,57.06
svalbard_arctic,2014-08-25,0.24,-3.02,0.0,17.45,84.31
svalbard_arctic,2014-08-26,2.73,-0.69,1.26,13.97,72.07
svalbard_arctic,2014-08-27,3.39,-5.52,0.85,21.16,64.34
svalbard_arctic,2014-08-28,0.57,-4.98,3.09,15.87,57.61
svalbard_arctic,2014-08-29,3.03,-3.4,1.53,13.97,93.45
svalbard_arctic,2014-08-30,-2.14,2.74,2.12,19.69,46.3
svalbard_arctic,2014-08-31,-1.11,-1.71,1.25,18.8,78.85
svalbard_arctic,2014-09-01,4.62,0.71,1.41,20.33,70.19
svalbard_arctic,2014-09-02,-5.41,3.38,0.68,20.2,68.15
svalbard_arctic,2014-09-03,0.11,-0.01,1.16,14.47,52.65
svalbard_arctic,2014-09-04,1.18,-0.3,0.3,16.61,60.29
svalbard_arctic,2014-09-05,1.54,-2.79,0.76,8.04,100.0
svalbard_arctic,2014-09-06,1.49,0.99,1.51,17.54,88.01
svalbard_arctic,2014-09-07,-0.19,-2.43,1.58,17.92,86.59
svalbard_arctic,2014-09-08,-0.84,-0.28,1.41,16.11,82.04
svalbard_arctic,2014-09-09,-2.41,-4.83,0.58,13.04,75.21
svalbard_arctic,2014-09-10,4.59,-1.96,3.4,21.06,92.86
svalbard_arctic,2014-09-11,2.08,-2.94,1.09,11.95,74.34
svalbard_arctic,2014-09-12,0.47,-5.37,1.42,22.76,100.0
svalbard_arctic,2014-09-13,-0.8,-8.81,2.43,10.63,89.99
svalbard_arctic,2014-09-14,-2.56,-3.8,0.24,15.61,76.08
svalbard_arctic,2014-09-15,-1.11,-3.6,0.98,7.51,80.39
svalbard_arctic,2014-09-16,-4.05,-8.15,2.99,13.55,69.61
svalbard_arctic,2014-09-17,2.77,-4.89,1.61,17.5,96.5
svalbard_arctic,2014-09-18,-4.17,-4.64,1.94,17.75,61.47
svalbard_arctic,2014-09-19,-5.48,-2.39,0.77,15.48,79.99
svalbard_arctic,2014-09-20,7.0,-4.99,0.73,14.39,71.83
svalbard_arctic,2014-09-21,-2.55,-4.01,0.06,25.8,57.91
svalbard_arctic,2014-09-22,-4.92,-6.76,3.13,15.98,75.98
svalbard_arctic,2014-09-23,-0.23,-7.45,0.68,27.6,28.35
svalbard_arctic,2014-09-24,-6.73,-7.13,0.0,22.35,82.73
svalbard_arctic,2014-09-25,-5.02,-8.28,2.29,13.49,92.46
svalbard_arctic,2014-09-26,-0.74,-7.85,0.45,14.18,61.12
svalbard_arctic,2014-09-27,3.08,-5.79,1.81,22.54,63.46
svalbard_arctic,2014-09-28,-0.49,-5.92,1.78,10.46,65.85
svalbard_arctic,2014-09-29,-1.59,-6.43,2.13,21.58,83.9
svalbard_arctic,2014-09-30,0.2,-7.05,0.0,15.48,91.33
svalbard_arctic,2014-10-01,-5.05,-4.23,1.46,5.95,87.85
svalbard_arctic,2014-10-02,-8.8,-4.46,0.0,11.3,85.71
svalbard_arctic,2014-10-03,-6.73,-8.16,1.14,14.82,73.53
svalbard_arctic,2014-10-04,-0.72,-4.17,1.93,13.67,37.44
svalbard_arctic,2014-10-05,-8.62,-4.79,0.0,12.8,64.46
svalbard_arctic,2014-10-06,-5.7,-8.82,0.62,9.7,81.22
svalbard_arctic,2014-10-07,-5.36,-11.33,0.11,15.44,80.81
svalbard_arctic,2014-10-08,-4.44,-10.79,1.21,21.63,64.03
svalbard_arctic,2014-10-09,-4.12,-9.67,0.0,21.49,38.76
svalbard_arctic,2014-10-10,-4.2,-11.09,1.73,20.25,79.9
svalbard_arctic,2014-10-11,2.51,-13.31,0.79,14.66,53.28
svalbard_arctic,2014-10-12,-4.29,-13.7,0.98,20.19,53.16
svalbard_arctic,2014-10-13,-2.48,-12.09,1.26,8.96,81.56
svalbard_arctic,2014-10-14,-6.86,-12.8,0.0,17.68,68.37
svalbard_arctic,2014-10-15,-1.26,-16.96,0.0,21.54,79.29
svalbard_arctic,2014-10-16,-9.82,-8.97,2.47,18.09,44.89
svalbard_arctic,2014-10-17,-4.65,-8.61,0.0,8.58,64.07
svalbard_arctic,2014-10-18,-8.24,-10.16,0.0,11.43,40.38
svalbard_arctic,2014-10-19,-5.18,-18.48,0.64,12.36,80.4
svalbard_arctic,2014-10-20,-6.72,-12.96,1.77,10.59,77.09
svalbard_arctic,2014-10-21,-4.74,-11.25,0.0,13.54,50.2
svalbard_arctic,2014-10-22,-7.3,-9.1,0.72,14.4,60.87
svalbard_arctic,2014-10-23,-9.18,-6.54,2.2,13.83,73.45
svalbard_arctic,2014-10-24,-6.24,-13.25,1.29,11.09,49.21
svalbard_arctic,2014-10-25,-11.95,-13.04,0.0,19.08,38.06
svalbard_arctic,2014-10-26,-15.02,-12.26,1.99,13.87,63.1
svalbard_arctic,2014-10-27,-16.51,-15.71,0.62,8.85,75.13
svalbard_arctic,2014-10-28,-4.69,-16.47,1.41,12.71,48.45
svalbard_arctic,2014-10-29,-9.59,-11.74,0.16,12.2,83.33
svalbard_arctic,2014-10-30,-9.15,-12.57,1.93,7.1,69.05
svalbard_arctic,2014-10-31,-11.86,-15.43,0.61,12.81,82.29
svalbard_arctic,2014-11-01,-10.06,-19.75,1.15,19.43,46.95
svalbard_arctic,2014-11-02,-13.36,-21.68,0.0,13.23,47.42
svalbard_arctic,2014-11-03,-11.52,-15.7,2.42,13.45,52.38
svalbard_arctic,2014-11-04,-17.07,-15.81,2.22,16.34,84.11
svalbard_arctic,2014-11-05,-17.53,-16.65,0.0,11.71,63.07
svalbard_arctic,2014-11-06,-16.02,-13.42,2.44,9.68,58.93
svalbard_arctic,2014-11-07,-14.86,-15.69,0.0,16.8,82.22
svalbard_arctic,2014-11-08,-8.41,-22.47,0.0,13.87,43.23
svalbard_arctic,2014-11-09,-5.13,-10.76,0.68,7.04,65.3
svalbard_arctic,2014-11-10,-9.5,-24.5,1.07,15.49,59.72
svalbard_arctic,2014-11-11,-22.69,-18.81,1.77,15.07,85.2
svalbard_arctic,2014-11-12,-8.04,-20.37,0.79,6.76,75.1
svalbard_arctic,2014-11-13,-14.71,-16.12,0.0,4.14,53.38
svalbard_arctic,2014-11-14,-18.45,-21.63,1.94,10.99,86.19
svalbard_arctic,2014-11-15,-8.25,-15.99,0.69,23.79,63.17
svalbard_arctic,2014-11-16,-15.37,-19.11,1.5,23.07,69.0
svalbard_arctic,2014-11-17,-17.24,-16.21,1.81,19.58,66.09
svalbard_arctic,2014-11-18,-16.16,-25.75,0.29,10.46,85.59
svalbard_arctic,2014-11-19,-15.72,-19.35,0.6,10.12,23.58
svalbard_arctic,2014-11-20,-13.1,-16.85,1.49,8.2,67.73
svalbard_arctic,2014-11-21,-14.49,-22.54,1.8,8.41,93.54
svalbard_arctic,2014-11-22,-17.24,-18.39,0.22,15.79,40.43
svalbard_arctic,2014-11-23,-21.33,-18.67,0.8,20.21,44.6
svalbard_arctic,2014-11-24,-18.02,-18.94,0.0,12.22,62.65
svalbard_arctic,2014-11-25,-15.11,-20.95,0.42,10.99,77.86
svalbard_arctic,2014-11-26,-18.22,-17.86,2.3,9.45,63.9
svalbard_arctic,2014-11-27,-15.78,-19.17,0.0,12.24,55.47
svalbard_arctic,2014-11-28,-16.37,-19.52,2.63,9.62,58.4
svalbard_arctic,2014-11-29,-13.11,-22.3,2.65,7.39,52.96
svalbard_arctic,2014-11-30,-15.86,-23.68,0.0,13.71,51.35
svalbard_arctic,2014-12-01,-14.26,-19.46,0.0,9.73,37.77
svalbard_arctic,2014-12-02,-17.71,-23.17,0.81,10.81,89.92
svalbard_arctic,2014-12-03,-12.28,-16.88,0.38,12.93,60.58
svalbard_arctic,2014-12-04,-18.72,-15.26,1.85,4.56,42.62
svalbard_arctic,2014-12-05,-20.04,-23.64,1.56,6.67,74.55
svalbard_arctic,2014-12-06,-13.65,-24.14,0.7,13.29,22.58
svalbard_arctic,2014-12-07,-19.7,-20.49,0.0,8.08,38.09
svalbard_arctic,2014-12-08,-21.23,-21.05,0.51,12.89,61.86
svalbard_arctic,2014-12-09,-21.46,-22.2,3.32,9.73,56.52
svalbard_arctic,2014-12-10,-19.74,-20.52,1.0,13.75,65.63
svalbard_arctic,2014-12-11,-19.18,-20.26,2.21,6.2,43.32
svalbard_arctic,2014-12-12,-17.27,-24.83,1.15,9.25,50.44
svalbard_arctic,2014-12-13,-16.33,-25.21,2.51,18.96,53.84
svalbard_arctic,2014-12-14,-18.68,-28.37,0.7,13.99,44.4
svalbard_arctic,2014-12-15,-16.05,-27.97,1.98,16.19,39.83
svalbard_arctic,2014-12-16,-16.57,-25.88,1.74,12.49,79.92
svalbard_arctic,2014-12-17,-21.91,-24.14,0.85,7.34,40.66
svalbard_arctic,2014-12-18,-22.17,-20.85,0.85,9.44,52.45
svalbard_arctic,2014-12-19,-20.69,-21.52,0.0,9.76,41.71
svalbard_arctic,2014-12-20,-25.91,-22.06,0.38,9.75,46.95
svalbard_arctic,2014-12-21,-19.33,-24.16,3.25,17.57,34.34
svalbard_arctic,2014-12-22,-20.34,-16.97,2.55,11.4,36.65
svalbard_arctic,2014-12-23,-14.87,-27.33,0.67,6.71,50.46
svalbard_arctic,2014-12-24,-16.56,-24.61,0.0,9.54,50.84
svalbard_arctic,2014-12-25,-20.84,-22.93,1.99,13.86,59.77
svalbard_arctic,2014-12-26,-17.1,-27.29,1.04,6.16,87.17
svalbard_arctic,2014-12-27,-20.6,-25.02,1.22,16.55,58.96
svalbard_arctic,2014-12-28,-18.78,-28.52,0.44,18.0,47.96
svalbard_arctic,2014-12-29,-26.06,-25.29,2.24,8.79,20.03
svalbard_arctic,2014-12-30,-22.02,-19.92,1.0,14.25,35.88
svalbard_arctic,2014-12-31,-19.92,-23.91,1.37,15.91,81.81
svalbard_arctic,2015-01-01,-21.27,-18.68,0.0,8.03,66.17
svalbard_arctic,2015-01-02,-16.65,-20.28,0.0,10.42,60.03
svalbard_arctic,2015-01-03,-19.51,-29.02,0.0,10.99,63.5
svalbard_arctic,2015-01-04,-18.81,-28.1,1.18,13.56,37.64
svalbard_arctic,2015-01-05,-20.05,-20.4,0.81,17.89,60.38
svalbard_arctic,2015-01-06,-20.69,-25.03,0.0,10.98,51.58
svalbard_arctic,2015-01-07,-18.02,-29.21,1.04,5.92,71.8
svalbard_arctic,2015-01-08,-15.46,-21.96,0.85,4.92,52.78
svalbard_arctic,2015-01-09,-27.13,-20.24,0.0,8.91,42.88
svalbard_arctic,2015-01-10,-23.92,-20.42,0.0,10.82,59.61
svalbard_arctic,2015-01-11,-20.74,-23.42,0.96,16.74,48.28
svalbard_arctic,2015-01-12,-16.9,-21.37,0.0,4.99,63.76
svalbard_arctic,2015-01-13,-18.6,-23.39,0.44,11.2,55.29
svalbard_arctic,2015-01-14,-23.42,-27.87,0.0,17.85,69.66
svalbard_arctic,2015-01-15,-22.16,-21.64,0.0,13.51,40.82
svalbard_arctic,2015-01-16,-18.73,-25.64,0.0,6.96,78.34
svalbard_arctic,2015-01-17,-22.79,-19.44,0.0,12.59,60.89
svalbard_arctic,2015-01-18,-20.15,-26.03,2.69,11.68,55.39
svalbard_arctic,2015-01-19,-23.04,-25.69,0.0,16.86,69.93
svalbard_arctic,2015-01-20,-19.52,-28.23,0.52,14.76,65.44
svalbard_arctic,2015-01-21,-19.07,-22.8,0.63,12.94,64.74
svalbard_arctic,2015-01-22,-29.03,-19.25,2.64,14.06,61.78
svalbard_arctic,2015-01-23,-15.55,-22.53,0.0,11.98,65.75
svalbard_arctic,2015-01-24,-15.2,-24.66,0.0,8.75,51.37
svalbard_arctic,2015-01-25,-26.99,-26.24,0.99,14.7,63.91
svalbard_arctic,2015-01-26,-21.55,-26.82,0.57,9.13,47.04
svalbard_arctic,2015-01-27,-25.72,-21.14,0.27,13.27,43.3
svalbard_arctic,2015-01-28,-27.18,-26.67,1.24,14.63,47.55
svalbard_arctic,2015-01-29,-18.31,-30.99,0.0,6.83,29.29
svalbard_arctic,2015-01-30,-15.26,-15.68,0.39,10.95,36.71
svalbard_arctic,2015-01-31,-20.72,-23.76,0.11,18.08,50.36
svalbard_arctic,2015-02-01,-15.91,-25.72,1.57,17.2,31.13
svalbard_arctic,2015-02-02,-22.53,-26.53,0.0,13.6,49.43
svalbard_arctic,2015-02-03,-24.83,-22.82,0.46,11.17,67.89
svalbard_arctic,2015-02-04,-21.58,-27.86,0.51,10.81,50.53
svalbard_arctic,2015-02-05,-22.7,-26.2,0.24,9.23,49.6
svalbard_arctic,2015-02-06,-18.99,-22.97,0.08,11.64,53.0
svalbard_arctic,2015-02-07,-16.94,-26.82,0.53,17.11,16.2
svalbard_arctic,2015-02-08,-23.58,-27.63,1.77,9.44,57.22
svalbard_arctic,2015-02-09,-24.1,-25.61,1.32,6.88,66.16
svalbard_arctic,2015-02-10,-17.31,-24.79,0.0,15.9,69.83
svalbard_arctic,2015-02-11,-20.91,-24.58,0.0,10.55,48.47
svalbard_arctic,2015-02-12,-17.43,-24.57,0.0,8.08,77.89
svalbard_arctic,2015-02-13,-22.14,-22.82,1.68,12.18,59.6
svalbard_arctic,2015-02-14,-21.54,-25.65,0.07,10.73,70.77
svalbard_arctic,2015-02-15,-16.39,-22.57,0.0,12.3,51.19
svalbard_arctic,2015-02-16,-16.9,-25.1,0.75,14.07,77.89
svalbard_arctic,2015-02-17,-15.07,-23.6,0.94,13.55,48.81
svalbard_arctic,2015-02-18,-19.76,-25.04,0.38,13.95,61.75
svalbard_arctic,2015-02-19,-15.13,-28.44,0.78,12.69,56.82
svalbard_arctic,2015-02-20,-17.56,-21.98,0.49,5.04,37.85
svalbard_arctic,2015-02-21,-17.56,-19.57,1.17,12.52,79.85
svalbard_arctic,2015-02-22,-21.21,-21.87,0.94,7.05,51.68
svalbard_arctic,2015-02-23,-16.54,-26.22,0.03,9.35,38.67
svalbard_arctic,2015-02-24,-19.15,-26.36,1.32,9.44,44.42
svalbard_arctic,2015-02-25,-12.67,-19.7,0.0,14.58,69.03
svalbard_arctic,2015-02-26,-18.11,-20.86,0.0,5.17,81.5
svalbard_arctic,2015-02-27,-18.51,-21.49,0.85,11.56,43.86
svalbard_arctic,2015-02-28,-13.99,-19.26,1.06,12.01,64.12
svalbard_arctic,2015-03-01,-17.42,-19.65,1.55,15.52,50.07
svalbard_arctic,2015-03-02,-20.08,-21.14,2.54,12.85,22.43
svalbard_arctic,2015-03-03,-21.96,-17.18,0.0,14.67,68.4
svalbard_arctic,2015-03-04,-19.9,-16.06,0.12,12.99,42.26
svalbard_arctic,2015-03-05,-22.53,-17.2,0.83,19.41,68.4
svalbard_arctic,2015-03-06,-17.17,-18.59,2.4,10.87,66.43
svalbard_arctic,2015-03-07,-14.15,-20.38,0.32,21.97,51.65
svalbard_arctic,2015-03-08,-18.27,-20.41,0.0,10.46,63.97
svalbard_arctic,2015-03-09,-8.79,-18.14,0.0,15.85,71.31
svalbard_arctic,2015-03-10,-20.47,-21.9,0.52,18.88,33.07
svalbard_arctic,2015-03-11,-14.45,-20.22,1.12,12.08,63.51
svalbard_arctic,2015-03-12,-14.56,-21.67,2.93,12.58,66.2
svalbard_arctic,2015-03-13,-16.96,-19.9,0.08,7.53,55.85
svalbard_arctic,2015-03-14,-15.97,-21.97,1.27,26.52,82.96
svalbard_arctic,2015-03-15,-10.33,-19.97,1.78,12.18,62.63
svalbard_arctic,2015-03-16,-11.92,-20.31,0.17,18.78,92.91
svalbard_arctic,2015-03-17,-12.14,-15.73,2.42,10.32,81.71
svalbard_arctic,2015-03-18,-17.56,-15.27,0.17,7.61,87.41
svalbard_arctic,2015-03-19,-13.08,-16.84,0.0,10.74,71.37
svalbard_arctic,2015-03-20,-11.92,-22.8,2.3,14.06,77.68
svalbard_arctic,2015-03-21,-11.58,-16.38,0.72,13.87,56.62
svalbard_arctic,2015-03-22,-18.17,-15.35,0.0,10.82,92.21
svalbard_arctic,2015-03-23,-12.75,-18.76,0.33,11.69,44.35
svalbard_arctic,2015-03-24,-12.58,-15.27,0.06,14.13,88.18
svalbard_arctic,2015-03-25,-10.01,-14.56,0.22,10.46,58.83
svalbard_arctic,2015-03-26,-13.96,-22.02,0.96,11.78,40.86
svalbard_arctic,2015-03-27,-16.42,-14.08,0.44,9.38,70.67
svalbard_arctic,2015-03-28,-15.6,-17.39,2.85,16.93,60.38
svalbard_arctic,2015-03-29,-11.46,-20.65,0.43,8.56,71.38
svalbard_arctic,2015-03-30,-8.85,-15.86,0.65,12.66,91.36
svalbard_arctic,2015-03-31,-13.22,-17.28,2.28,16.08,44.71
svalbard_arctic,2015-04-01,-11.03,-13.35,2.05,16.44,85.6
svalbard_arctic,2015-04-02,-17.84,-13.86,1.56,9.51,73.81
svalbard_arctic,2015-04-03,-17.87,-13.85,0.42,17.25,75.52
svalbard_arctic,2015-04-04,-9.84,-17.61,2.26,16.06,35.97
svalbard_arctic,2015-04-05,-9.67,-16.22,0.44,16.91,70.72
svalbard_arctic,2015-04-06,-8.69,-15.75,0.0,13.85,79.9
svalbard_arctic,2015-04-07,-16.88,-12.66,0.24,16.16,93.76
svalbard_arctic,2015-04-08,-6.03,-10.26,1.64,16.82,40.2
svalbard_arctic,2015-04-09,-11.85,-12.53,0.59,24.4,59.02
svalbard_arctic,2015-04-10,-11.77,-16.44,1.05,7.66,100.0
svalbard_arctic,2015-04-11,-7.73,-15.01,0.0,16.24,32.89
svalbard_arctic,2015-04-12,-9.26,-12.27,1.69,17.55,81.84
svalbard_arctic,2015-04-13,-4.21,-9.8,0.13,15.89,68.92
svalbard_arctic,2015-04-14,-6.9,-13.38,0.0,18.8,54.92
svalbard_arctic,2015-04-15,-4.21,-10.81,0.67,18.64,59.13
svalbard_arctic,2015-04-16,-9.87,-17.28,0.0,16.29,100.0
svalbard_arctic,2015-04-17,-4.71,-14.03,0.0,14.51,78.66
svalbard_arctic,2015-04-18,-14.83,-9.99,0.02,6.73,63.46
svalbard_arctic,2015-04-19,-8.2,-19.13,1.13,23.7,54.12
svalbard_arctic,2015-04-20,-11.75,-8.45,0.19,5.85,79.63
svalbard_arctic,2015-04-21,-7.1,-10.34,1.21,17.78,61.57
svalbard_arctic,2015-04-22,-6.72,-11.01,0.75,16.75,52.95
svalbard_arctic,2015-04-23,-4.18,-17.16,0.45,10.13,63.27
svalbard_arctic,2015-04-24,-6.06,-7.99,2.16,24.54,73.3
svalbard_arctic,2015-04-25,-8.79,-4.72,0.0,19.17,64.15
svalbard_arctic,2015-04-26,-7.75,-11.13,1.55,16.84,93.95
svalbard_arctic,2015-04-27,-5.54,-11.62,0.0,10.48,79.42
svalbard_arctic,2015-04-28,-7.87,-10.81,0.13,21.9,62.84
svalbard_arctic,2015-04-29,-2.13,-7.47,0.52,22.22,79.48
svalbard_arctic,2015-04-30,-6.61,-6.46,0.73,16.5,63.03
svalbard_arctic,2015-05-01,-2.19,-7.55,0.91,23.28,65.11
svalbard_arctic,2015-05-02,-7.08,-9.84,1.07,16.82,67.95
svalbard_arctic,2015-05-03,-2.96,-5.55,0.46,17.57,60.85
svalbard_arctic,2015-05-04,-5.25,-12.05,0.0,15.8,85.11
svalbard_arctic,2015-05-05,-0.91,-4.87,0.24,19.1,84.36
svalbard_arctic,2015-05-06,1.55,-4.24,1.81,18.36,53.87
svalbard_arctic,2015-05-07,-3.35,-9.16,1.54,14.01,94.14
svalbard_arctic,2015-05-08,1.94,-2.49,1.58,11.59,76.3
svalbard_arctic,2015-05-09,-4.01,-4.55,0.74,15.39,37.06
svalbard_arctic,2015-05-10,-2.75,-7.34,1.47,19.13,72.2
svalbard_arctic,2015-05-11,-3.46,-8.16,0.53,15.55,78.44
svalbard_arctic,2015-05-12,-5.94,-4.59,0.63,12.55,58.69
svalbard_arctic,2015-05-13,1.66,-8.64,0.42,16.03,100.0
svalbard_arctic,2015-05-14,-2.05,-2.18,1.97,11.66,55.97
svalbard_arctic,2015-05-15,-3.58,-8.01,0.0,14.19,77.91
svalbard_arctic,2015-05-16,-4.27,1.27,1.13,9.17,59.29
svalbard_arctic,2015-05-17,3.76,-5.03,1.14,16.97,60.17
svalbard_arctic,2015-05-18,-2.16,-9.7,1.22,19.67,71.63
svalbard_arctic,2015-05-19,-1.99,-1.61,0.94,16.7,57.82
svalbard_arctic,2015-05-20,1.74,-6.49,2.26,18.2,64.96
svalbard_arctic,2015-05-21,3.5,-10.74,1.07,17.28,60.32
svalbard_arctic,2015-05-22,-2.5,0.72,0.82,18.59,46.51
svalbard_arctic,2015-05-23,1.1,3.44,1.69,19.12,65.79
svalbard_arctic,2015-05-24,1.28,-3.0,0.0,19.24,100.0
svalbard_arctic,2015-05-25,-0.93,-2.46,0.32,21.4,62.26
svalbard_arctic,2015-05-26,-1.37,-2.82,2.11,10.37,70.08
svalbard_arctic,2015-05-27,-1.87,-2.17,1.33,19.98,72.58
svalbard_arctic,2015-05-28,3.25,-4.78,0.0,16.0,97.49
svalbard_arctic,2015-05-29,1.06,-3.7,3.69,15.01,78.04
svalbard_arctic,2015-05-30,0.71,-4.09,0.9,9.22,58.0
svalbard_arctic,2015-05-31,-1.5,-3.33,0.31,10.65,46.04
svalbard_arctic,2015-06-01,3.93,-6.79,0.0,15.02,57.74
svalbard_arctic,2015-06-02,1.92,-0.11,2.44,13.75,73.74
svalbard_arctic,2015-06-03,-1.47,-2.54,0.15,21.09,54.3
svalbard_arctic,2015-06-04,0.25,-0.55,0.7,20.09,92.06
svalbard_arctic,2015-06-05,3.73,-1.04,1.42,23.19,67.11
svalbard_arctic,2015-06-06,-3.68,-9.19,0.0,16.6,92.59
svalbard_arctic,2015-06-07,1.64,-0.88,1.92,19.87,66.63
svalbard_arctic,2015-06-08,4.4,0.39,0.21,10.98,60.03
svalbard_arctic,2015-06-09,2.78,-4.5,2.19,26.88,58.09
svalbard_arctic,2015-06-10,4.39,-1.8,1.4,24.53,80.36
svalbard_arctic,2015-06-11,-3.94,-2.69,2.26,14.07,92.05
svalbard_arctic,2015-06-12,-1.45,-0.34,1.32,23.82,79.76
svalbard_arctic,2015-06-13,5.27,-1.84,2.15,12.84,55.06
svalbard_arctic,2015-06-14,3.92,-6.48,1.58,14.78,74.48
svalbard_arctic,2015-06-15,2.04,-4.09,1.07,17.54,70.67
svalbard_arctic,2015-06-16,3.79,0.84,1.47,14.02,40.96
svalbard_arctic,2015-06-17,4.89,0.43,0.0,19.98,74.11
svalbard_arctic,2015-06-18,1.74,6.38,0.6,22.13,86.89
svalbard_arctic,2015-06-19,1.23,-0.6,2.32,11.93,98.15
svalbard_arctic,2015-06-20,-0.59,-5.7,0.0,18.11,86.06
svalbard_arctic,2015-06-21,7.88,3.9,0.56,13.7,49.95
svalbard_arctic,2015-06-22,3.84,2.77,0.0,18.78,60.88
svalbard_arctic,2015-06-23,8.29,-2.56,0.0,18.9,88.16
svalbard_arctic,2015-06-24,-0.2,2.37,0.76,15.18,56.97
svalbard_arctic,2015-06-25,4.3,0.87,1.56,17.09,83.23
svalbard_arctic,2015-06-26,0.43,-2.54,0.87,18.18,66.94
svalbard_arctic,2015-06-27,9.36,1.05,0.0,15.05,73.34
svalbard_arctic,2015-06-28,12.33,-1.51,0.0,11.11,57.58
svalbard_arctic,2015-06-29,8.0,-4.04,0.18,20.93,79.66
svalbard_arctic,2015-06-30,0.95,-0.13,0.85,20.91,68.09
svalbard_arctic,2015-07-01,0.91,2.44,0.19,20.75,100.0
svalbard_arctic,2015-07-02,4.16,0.38,2.24,13.9,67.74
svalbard_arctic,2015-07-03,4.93,-1.34,0.43,16.96,100.0
svalbard_arctic,2015-07-04,6.13,2.28,0.66,11.38,82.28
svalbard_arctic,2015-07-05,6.05,0.06,1.68,26.26,71.77
svalbard_arctic,2015-07-06,4.73,-1.94,0.0,12.61,64.39
svalbard_arctic,2015-07-07,4.04,1.49,2.66,22.94,71.98
svalbard_arctic,2015-07-08,2.3,0.18,1.98,14.84,68.25
svalbard_arctic,2015-07-09,6.84,6.4,1.95,19.17,74.92
svalbard_arctic,2015-07-10,-2.29,3.6,0.41,16.94,71.24
svalbard_arctic,2015-07-11,5.18,3.38,0.29,16.43,98.48
svalbard_arctic,2015-07-12,5.59,-4.32,0.54,19.6,85.9
svalbard_arctic,2015-07-13,4.27,3.22,0.77,15.78,89.88
svalbard_arctic,2015-07-14,7.4,3.71,2.42,11.54,92.72
svalbard_arctic,2015-07-15,7.92,-3.87,0.0,17.33,68.59
svalbard_arctic,2015-07-16,5.6,-1.51,2.46,22.45,56.42
svalbard_arctic,2015-07-17,11.93,-1.24,0.95,18.06,80.96
svalbard_arctic,2015-07-18,2.91,4.25,2.24,14.24,75.27
svalbard_arctic,2015-07-19,3.61,4.67,1.55,29.06,72.89
svalbard_arctic,2015-07-20,3.75,-1.21,1.8,18.03,100.0
svalbard_arctic,2015-07-21,8.38,-2.47,2.11,14.6,84.02
svalbard_arctic,2015-07-22,6.07,-5.42,1.04,26.59,59.58
svalbard_arctic,2015-07-23,-0.8,-3.93,0.21,11.06,79.25
svalbard_arctic,2015-07-24,3.96,-1.18,0.26,14.26,82.0
svalbard_arctic,2015-07-25,3.13,-0.98,2.12,22.07,64.4
svalbard_arctic,2015-07-26,9.98,0.89,2.7,14.18,86.81
svalbard_arctic,2015-07-27,2.45,2.67,0.43,20.89,57.9
svalbard_arctic,2015-07-28,4.8,1.54,2.27,21.4,62.81
svalbard_arctic,2015-07-29,0.08,-1.18,2.13,26.23,70.33
svalbard_arctic,2015-07-30,5.24,0.46,0.0,22.2,68.64
svalbard_arctic,2015-07-31,10.37,-1.75,2.09,16.1,76.56
svalbard_arctic,2015-08-01,2.18,-0.66,0.56,14.98,63.54
svalbard_arctic,2015-08-02,7.42,-0.14,2.68,13.69,80.73
svalbard_arctic,2015-08-03,3.95,2.84,1.41,13.43,79.69
svalbard_arctic,2015-08-04,4.45,3.24,3.67,19.46,26.37
svalbard_arctic,2015-08-05,6.31,-2.04,1.15,10.76,94.62
svalbard_arctic,2015-08-06,0.61,0.44,0.56,18.5,82.01
svalbard_arctic,2015-08-07,2.01,2.45,1.72,10.12,71.82
svalbard_arctic,2015-08-08,1.52,-0.17,1.96,18.85,61.98
svalbard_arctic,2015-08-09,9.23,-0.91,1.76,15.62,84.78
svalbard_arctic,2015-08-10,7.24,3.09,0.81,20.32,64.81
svalbard_arctic,2015-08-11,6.96,1.93,1.97,6.96,67.75
svalbard_arctic,2015-08-12,6.94,-0.21,0.01,21.53,69.66
svalbard_arctic,2015-08-13,6.24,-2.95,0.0,17.77,68.32
svalbard_arctic,2015-08-14,-1.15,-5.03,1.55,15.83,70.12
svalbard_arctic,2015-08-15,1.83,0.18,3.42,19.77,49.03
svalbard_arctic,2015-08-16,2.87,1.35,1.8,19.44,80.18
svalbard_arctic,2015-08-17,3.81,-3.74,0.41,12.12,61.43
svalbard_arctic,2015-08-18,0.25,2.27,0.86,18.24,71.42
svalbard_arctic,2015-08-19,-0.96,-1.82,1.18,20.51,66.2
svalbard_arctic,2015-08-20,-0.08,-6.15,0.27,11.18,73.21
svalbard_arctic,2015-08-21,0.68,0.43,0.18,18.35,70.75
svalbard_arctic,2015-08-22,1.73,-1.45,1.55,22.32,67.01
svalbard_arctic,2015-08-23,3.99,-1.73,1.6,18.16,75.32
svalbard_arctic,2015-08-24,2.12,1.1,0.23,15.56,86.33
svalbard_arctic,2015-08-25,6.11,2.98,0.0,11.93,77.62
svalbard_arctic,2015-08-26,4.18,0.07,0.93,12.98,88.85
svalbard_arctic,2015-08-27,1.25,-3.05,0.71,15.73,91.27
svalbard_arctic,2015-08-28,3.39,-7.15,1.77,20.42,65.95
svalbard_arctic,2015-08-29,1.58,-0.24,0.38,19.65,96.94
svalbard_arctic,2015-08-30,-0.02,-2.09,1.45,15.65,66.52
svalbard_arctic,2015-08-31,1.77,-4.74,1.53,13.91,52.99
svalbard_arctic,2015-09-01,2.69,-4.11,1.9,14.74,75.55
svalbard_arctic,2015-09-02,4.3,1.78,1.03,21.76,80.6
svalbard_arctic,2015-09-03,7.75,-0.01,0.42,11.0,100.0
svalbard_arctic,2015-09-04,4.79,0.37,0.8,17.13,84.76
svalbard_arctic,2015-09-05,-2.18,-0.02,0.9,14.85,91.03
svalbard_arctic,2015-09-06,-4.14,-2.57,3.08,19.54,90.53
svalbard_arctic,2015-09-07,4.36,-6.63,0.56,15.97,62.85
svalbard_arctic,2015-09-08,-0.07,-3.37,2.97,11.72,79.37
svalbard_arctic,2015-09-09,-1.98,-1.9,1.12,23.03,61.96
svalbard_arctic,2015-09-10,4.85,-4.39,0.67,17.53,72.75
svalbard_arctic,2015-09-11,-0.79,-3.42,0.4,17.26,72.01
svalbard_arctic,2015-09-12,-0.74,-2.72,0.0,10.97,75.96
svalbard_arctic,2015-09-13,-2.5,-1.68,0.87,15.21,95.25
svalbard_arctic,2015-09-14,-6.87,-1.93,0.98,13.53,90.76
svalbard_arctic,2015-09-15,-3.73,-6.05,1.06,16.06,70.58
svalbard_arctic,2015-09-16,-3.06,-9.1,3.25,8.86,64.94
svalbard_arctic,2015-09-17,-6.26,-0.73,2.42,16.84,88.4
svalbard_arctic,2015-09-18,-1.29,-4.56,1.12,19.61,73.58
svalbard_arctic,2015-09-19,-0.93,-6.6,0.62,14.04,89.76
svalbard_arctic,2015-09-20,0.8,-11.5,0.0,17.29,34.72
svalbard_arctic,2015-09-21,-4.39,-3.98,1.28,12.0,70.07
svalbard_arctic,2015-09-22,-7.94,-4.84,2.0,22.84,88.72
svalbard_arctic,2015-09-23,-3.51,-7.35,2.31,11.98,51.07
svalbard_arctic,2015-09-24,-6.48,-5.57,0.44,15.26,46.94
svalbard_arctic,2015-09-25,-3.01,-2.7,0.0,12.75,47.42
svalbard_arctic,2015-09-26,-0.54,-10.94,1.0,12.19,70.69
svalbard_arctic,2015-09-27,-4.94,-3.97,1.47,22.23,58.4
svalbard_arctic,2015-09-28,-3.77,-10.35,0.65,21.75,74.44
svalbard_arctic,2015-09-29,-9.92,-11.31,1.45,13.83,82.84
svalbard_arctic,2015-09-30,-5.15,-8.79,0.86,29.48,58.39
svalbard_arctic,2015-10-01,0.62,-4.09,1.12,20.19,75.88
svalbard_arctic,2015-10-02,-2.74,-10.74,1.2,19.8,69.09
svalbard_arctic,2015-10-03,-6.97,-9.04,0.88,15.72,37.43
svalbard_arctic,2015-10-04,-8.21,-13.27,0.0,20.41,53.0
svalbard_arctic,2015-10-05,-5.14,-7.5,2.16,16.1,75.1
svalbard_arctic,2015-10-06,-3.75,-11.84,0.35,11.61,76.18
svalbard_arctic,2015-10-07,-7.8,-10.86,0.0,15.42,45.92
svalbard_arctic,2015-10-08,-6.3,-7.02,0.81,13.68,64.77
svalbard_arctic,2015-10-09,-11.73,-11.98,1.28,10.47,34.32
svalbard_arctic,2015-10-10,-3.72,-8.89,1.85,19.41,66.06
svalbard_arctic,2015-10-11,-8.95,-9.44,1.1,16.01,75.25
svalbard_arctic,2015-10-12,-4.7,-9.89,0.96,14.99,42.47
svalbard_arctic,2015-10-13,-5.78,-13.9,1.03,22.23,50.73
svalbard_arctic,2015-10-14,-5.66,-10.51,0.17,15.85,45.53
svalbard_arctic,2015-10-15,-8.05,-11.82,0.53,20.09,68.24
svalbard_arctic,2015-10-16,-2.56,-12.31,1.74,10.88,76.93
svalbard_arctic,2015-10-17,-9.67,-9.56,0.35,11.9,90.08
svalbard_arctic,2015-10-18,-2.96,-15.73,1.0,15.01,42.31
svalbard_arctic,2015-10-19,-7.41,-14.13,0.43,15.34,64.26
svalbard_arctic,2015-10-20,-8.02,-12.43,0.22,16.1,79.7
svalbard_arctic,2015-10-21,-9.31,-8.05,0.66,18.87,68.92
svalbard_arctic,2015-10-22,-8.5,-18.27,0.67,29.28,43.67
svalbard_arctic,2015-10-23,-9.03,-12.48,0.69,8.3,61.41
svalbard_arctic,2015-10-24,-4.06,-13.83,1.11,12.25,79.15
svalbard_arctic,2015-10-25,-13.15,-11.24,0.0,16.25,64.1
svalbard_arctic,2015-10-26,-10.31,-15.88,0.4,22.41,73.85
svalbard_arctic,2015-10-27,-12.79,-14.57,1.37,13.64,77.65
svalbard_arctic,2015-10-28,-11.9,-16.87,2.2,14.41,42.25
svalbard_arctic,2015-10-29,-10.34,-15.64,0.0,12.8,50.81
svalbard_arctic,2015-10-30,-6.1,-12.72,0.0,16.51,52.37
svalbard_arctic,2015-10-31,-9.38,-13.61,1.01,14.22,61.2
svalbard_arctic,2015-11-01,-13.92,-15.86,1.8,17.56,61.5
svalbard_arctic,2015-11-02,-12.15,-12.58,0.02,19.14,75.89
svalbard_arctic,2015-11-03,-8.02,-8.19,0.0,12.66,50.74
svalbard_arctic,2015-11-04,-13.45,-18.07,1.01,17.96,84.36
svalbard_arctic,2015-11-05,-11.51,-14.33,0.0,11.08,83.26
svalbard_arctic,2015-11-06,-10.9,-15.97,2.34,14.92,75.26
svalbard_arctic,2015-11-07,-12.99,-13.08,0.63,11.3,87.25
svalbard_arctic,2015-11-08,-15.28,-18.2,0.0,7.29,58.78
svalbard_arctic,2015-11-09,-12.0,-13.74,0.0,17.57,39.03
svalbard_arctic,2015-11-10,-6.05,-17.28,0.88,9.75,41.88
svalbard_arctic,2015-11-11,-14.57,-17.86,0.39,10.83,63.91
svalbard_arctic,2015-11-12,-14.98,-16.89,0.82,12.31,55.06
svalbard_arctic,2015-11-13,-11.35,-17.1,3.64,21.31,49.75
svalbard_arctic,2015-11-14,-6.63,-20.48,0.0,20.16,72.7
svalbard_arctic,2015-11-15,-16.53,-17.88,1.46,6.89,58.39
svalbard_arctic,2015-11-16,-17.72,-14.15,2.03,8.62,40.45
svalbard_arctic,2015-11-17,-11.98,-21.86,1.89,21.03,42.29
svalbard_arctic,2015-11-18,-12.11,-17.15,0.0,22.23,74.94
svalbard_arctic,2015-11-19,-17.69,-15.7,0.8,15.35,38.22
svalbard_arctic,2015-11-20,-15.84,-19.03,0.0,13.95,39.78
svalbard_arctic,2015-11-21,-18.61,-19.83,1.47,13.1,76.86
svalbard_arctic,2015-11-22,-16.42,-19.29,0.21,12.43,70.72
svalbard_arctic,2015-11-23,-16.37,-22.29,1.0,8.28,81.24
svalbard_arctic,2015-11-24,-12.83,-20.3,2.04,16.54,71.53
svalbard_arctic,2015-11-25,-12.19,-14.75,0.91,9.41,68.0
svalbard_arctic,2015-11-26,-16.33,-20.42,0.88,15.76,62.58
svalbard_arctic,2015-11-27,-11.71,-20.18,0.44,13.24,62.67
svalbard_arctic,2015-11-28,-13.51,-23.19,1.91,17.44,74.8
svalbard_arctic,2015-11-29,-20.52,-19.34,0.1,10.28,45.4
svalbard_arctic,2015-11-30,-13.33,-23.89,1.08,7.88,54.27
svalbard_arctic,2015-12-01,-14.46,-21.48,1.23,8.9,42.0
svalbard_arctic,2015-12-02,-11.29,-29.2,1.41,12.82,61.33
svalbard_arctic,2015-12-03,-16.41,-21.14,0.96,12.25,68.18
svalbard_arctic,2015-12-04,-12.05,-20.89,0.0,7.71,65.03
svalbard_arctic,2015-12-05,-22.72,-23.77,0.65,10.67,42.62
svalbard_arctic,2015-12-06,-19.0,-23.28,0.0,13.08,74.42
svalbard_arctic,2015-12-07,-23.77,-23.87,0.4,15.56,48.04
svalbard_arctic,2015-12-08,-18.89,-19.95,1.29,12.61,53.37
svalbard_arctic,2015-12-09,-17.61,-23.74,1.64,15.47,71.84
svalbard_arctic,2015-12-10,-18.32,-18.11,0.0,12.8,58.07
svalbard_arctic,2015-12-11,-15.59,-18.1,2.69,12.8,53.61
svalbard_arctic,2015-12-12,-11.08,-22.35,0.0,14.57,94.65
svalbard_arctic,2015-12-13,-19.72,-18.02,1.1,7.77,61.66
svalbard_arctic,2015-12-14,-14.96,-18.43,1.2,20.06,57.29
svalbard_arctic,2015-12-15,-16.77,-21.7,1.21,12.8,52.87
svalbard_arctic,2015-12-16,-17.9,-25.68,1.03,12.11,50.82
svalbard_arctic,2015-12-17,-16.57,-22.04,0.72,13.43,57.41
svalbard_arctic,2015-12-18,-20.27,-22.57,2.33,16.96,44.75
svalbard_arctic,2015-12-19,-16.19,-24.98,0.0,14.04,44.07
svalbard_arctic,2015-12-20,-23.79,-17.43,0.3,14.9,50.15
svalbard_arctic,2015-12-21,-19.09,-21.64,0.75,12.69,66.59
svalbard_arctic,2015-12-22,-20.59,-27.24,0.49,7.98,71.31
svalbard_arctic,2015-12-23,-12.3,-22.54,0.0,1.9,29.41
svalbard_arctic,2015-12-24,-23.09,-23.69,1.23,15.58,60.27
svalbard_arctic,2015-12-25,-18.47,-22.62,0.88,16.28,53.25
svalbard_arctic,2015-12-26,-16.24,-24.53,2.31,7.43,94.04
svalbard_arctic,2015-12-27,-21.8,-27.89,1.44,6.94,51.97
svalbard_arctic,2015-12-28,-20.08,-21.0,1.71,7.5,38.59
svalbard_arctic,2015-12-29,-21.79,-18.87,1.67,9.6,67.13
svalbard_arctic,2015-12-30,-21.65,-25.58,0.0,8.33,66.59
svalbard_arctic,2015-12-31,-15.35,-24.82,0.29,12.44,52.1
svalbard_arctic,2016-01-01,-26.14,-21.09,0.32,12.56,62.13
svalbard_arctic,2016-01-02,-19.71,-25.96,1.75,12.06,72.34
svalbard_arctic,2016-01-03,-26.85,-22.02,0.81,9.74,74.73
svalbard_arctic,2016-01-04,-17.78,-24.85,0.68,8.17,63.59
svalbard_arctic,2016-01-05,-21.84,-27.12,0.61,5.86,45.55
svalbard_arctic,2016-01-06,-25.91,-26.48,1.74,9.46,35.94
svalbard_arctic,2016-01-07,-21.22,-24.91,0.0,14.26,45.35
svalbard_arctic,2016-01-08,-24.44,-24.72,0.71,5.23,69.76
svalbard_arctic,2016-01-09,-17.87,-28.3,2.17,11.43,63.45
svalbard_arctic,2016-01-10,-17.76,-24.3,1.19,7.47,27.75
svalbard_arctic,2016-01-11,-24.34,-31.54,0.31,6.49,25.63
svalbard_arctic,2016-01-12,-19.29,-22.92,0.95,15.55,16.41
svalbard_arctic,2016-01-13,-22.89,-22.64,0.0,16.62,62.0
svalbard_arctic,2016-01-14,-21.83,-27.27,0.01,13.69,49.7
svalbard_arctic,2016-01-15,-15.0,-24.82,0.36,6.93,49.56
svalbard_arctic,2016-01-16,-22.11,-26.31,0.0,15.03,54.24
svalbard_arctic,2016-01-17,-16.59,-26.19,1.36,14.66,48.55
svalbard_arctic,2016-01-18,-15.68,-25.77,0.0,19.69,46.74
svalbard_arctic,2016-01-19,-21.92,-25.42,1.86,9.57,76.42
svalbard_arctic,2016-01-20,-20.11,-26.55,1.21,13.21,67.23
svalbard_arctic,2016-01-21,-22.36,-24.21,0.03,8.15,69.13
svalbard_arctic,2016-01-22,-20.88,-20.43,0.17,4.12,78.26
svalbard_arctic,2016-01-23,-18.92,-23.55,0.67,4.39,71.73
svalbard_arctic,2016-01-24,-21.13,-25.49,1.58,11.97,40.04
svalbard_arctic,2016-01-25,-19.67,-21.22,0.61,8.78,63.89
svalbard_arctic,2016-01-26,-22.9,-21.41,1.68,13.84,27.67
svalbard_arctic,2016-01-27,-23.47,-22.18,0.67,14.35,43.53
svalbard_arctic,2016-01-28,-21.84,-23.54,1.32,11.85,69.81
svalbard_arctic,2016-01-29,-20.27,-23.46,2.13,5.59,45.89
svalbard_arctic,2016-01-30,-16.77,-22.7,0.9,7.87,61.93
svalbard_arctic,2016-01-31,-21.15,-21.13,0.0,12.77,79.82
svalbard_arctic,2016-02-01,-19.31,-26.65,0.5,13.18,54.34
svalbard_arctic,2016-02-02,-23.31,-24.97,2.62,13.25,51.36
svalbard_arctic,2016-02-03,-17.85,-21.76,0.18,15.33,51.18
svalbard_arctic,2016-02-04,-21.53,-24.09,0.0,10.92,49.68
svalbard_arctic,2016-02-05,-20.96,-24.07,0.0,12.74,48.57
svalbard_arctic,2016-02-06,-20.04,-21.65,0.46,14.15,53.8
svalbard_arctic,2016-02-07,-21.78,-27.01,1.18,15.8,60.92
svalbard_arctic,2016-02-08,-23.4,-21.27,1.84,11.9,51.72
svalbard_arctic,2016-02-09,-18.62,-26.77,0.0,11.78,51.69
svalbard_arctic,2016-02-10,-17.17,-25.04,2.03,13.22,56.94
svalbard_arctic,2016-02-11,-23.81,-28.56,1.42,12.2,38.85
svalbard_arctic,2016-02-12,-18.97,-25.14,1.76,10.94,52.95
svalbard_arctic,2016-02-13,-18.92,-21.96,1.69,9.52,66.08
svalbard_arctic,2016-02-14,-20.6,-22.99,0.33,5.21,38.58
svalbard_arctic,2016-02-15,-20.51,-24.2,2.51,14.24,63.7
svalbard_arctic,2016-02-16,-16.1,-22.05,2.03,13.99,66.88
svalbard_arctic,2016-02-17,-12.69,-21.9,0.81,13.21,83.5
svalbard_arctic,2016-02-18,-15.19,-26.35,2.13,13.82,61.46
svalbard_arctic,2016-02-19,-17.35,-19.73,3.36,11.54,45.41
svalbard_arctic,2016-02-20,-15.3,-21.16,1.73,19.72,55.83
svalbard_arctic,2016-02-21,-17.31,-27.12,0.0,15.81,48.91
svalbard_arctic,2016-02-22,-20.66,-17.78,0.0,20.07,54.0
svalbard_arctic,2016-02-23,-17.38,-23.35,1.05,9.69,37.33
svalbard_arctic,2016-02-24,-22.38,-25.56,0.0,12.14,55.98
svalbard_arctic,2016-02-25,-20.44,-26.08,0.04,12.17,76.23
svalbard_arctic,2016-02-26,-15.25,-26.81,1.01,18.23,77.07
svalbard_arctic,2016-02-27,-18.5,-23.41,0.4,4.2,67.47
svalbard_arctic,2016-02-28,-20.28,-24.06,1.64,14.96,45.65
svalbard_arctic,2016-02-29,-19.46,-25.03,1.77,13.41,65.46
svalbard_arctic,2016-03-01,-21.17,-22.47,0.0,16.98,54.99
svalbard_arctic,2016-03-02,-16.38,-16.8,1.08,10.6,53.4
svalbard_arctic,2016-03-03,-18.48,-23.31,0.3,5.93,75.87
svalbard_arctic,2016-03-04,-17.78,-22.04,1.52,20.48,53.4
svalbard_arctic,2016-03-05,-15.64,-19.18,0.59,12.9,52.96
svalbard_arctic,2016-03-06,-15.7,-15.32,1.74,16.81,65.52
svalbard_arctic,2016-03-07,-20.11,-20.0,0.73,11.79,38.24
svalbard_arctic,2016-03-08,-19.84,-19.02,2.39,17.62,56.02
svalbard_arctic,2016-03-09,-16.42,-17.69,1.08,16.2,77.96
svalbard_arctic,2016-03-10,-14.09,-18.58,0.0,18.04,81.29
svalbard_arctic,2016-03-11,-17.87,-24.85,1.39,11.87,45.88
svalbard_arctic,2016-03-12,-17.27,-21.99,0.52,18.65,44.57
svalbard_arctic,2016-03-13,-15.08,-17.39,0.0,15.39,50.66
svalbard_arctic,2016-03-14,-14.95,-20.93,0.51,6.06,10.61
svalbard_arctic,2016-03-15,-15.29,-23.04,1.39,18.82,85.34
svalbard_arctic,2016-03-16,-13.79,-19.76,1.62,15.72,70.48
svalbard_arctic,2016-03-17,-17.48,-17.1,1.51,12.27,43.39
svalbard_arctic,2016-03-18,-10.02,-17.04,0.83,12.98,39.59
svalbard_arctic,2016-03-19,-15.27,-18.23,0.48,9.52,60.44
svalbard_arctic,2016-03-20,-9.13,-23.71,0.0,14.19,65.85
svalbard_arctic,2016-03-21,-20.51,-17.36,1.7,15.85,91.48
svalbard_arctic,2016-03-22,-18.86,-21.66,1.57,14.14,53.39
svalbard_arctic,2016-03-23,-13.82,-15.91,0.28,14.65,64.28
svalbard_arctic,2016-03-24,-10.37,-16.26,2.35,11.59,53.93
svalbard_arctic,2016-03-25,-12.47,-18.81,1.79,10.14,58.58
svalbard_arctic,2016-03-26,-13.29,-21.0,1.81,14.0,89.59
svalbard_arctic,2016-03-27,-11.9,-13.35,0.87,14.95,100.0
svalbard_arctic,2016-03-28,-12.61,-15.66,2.91,12.32,72.17
svalbard_arctic,2016-03-29,-6.45,-19.13,0.09,15.91,42.01
svalbard_arctic,2016-03-30,-13.67,-11.7,0.0,17.52,76.0
svalbard_arctic,2016-03-31,-8.09,-15.78,1.82,18.01,62.71
svalbard_arctic,2016-04-01,-13.92,-17.64,1.88,12.21,66.46
svalbard_arctic,2016-04-02,-12.36,-12.3,1.77,7.56,60.35
svalbard_arctic,2016-04-03,-14.18,-12.87,2.17,15.99,54.16
svalbard_arctic,2016-04-04,-8.49,-13.28,2.09,13.16,70.67
svalbard_arctic,2016-04-05,-7.19,-14.09,2.15,14.45,54.56
svalbard_arctic,2016-04-06,-11.13,-17.97,1.34,12.48,59.11
svalbard_arctic,2016-04-07,-8.76,-17.59,1.35,21.0,63.93
svalbard_arctic,2016-04-08,-9.79,-15.38,1.1,12.84,68.03
svalbard_arctic,2016-04-09,-8.17,-19.9,2.04,22.05,41.65
svalbard_arctic,2016-04-10,-6.18,-12.88,0.28,17.73,69.43
svalbard_arctic,2016-04-11,-12.94,-13.75,0.84,18.87,57.15
svalbard_arctic,2016-04-12,-12.45,-13.13,0.0,14.19,72.21
svalbard_arctic,2016-04-13,-10.71,-8.37,1.64,11.43,97.49
svalbard_arctic,2016-04-14,-10.16,-16.27,2.63,17.62,51.74
svalbard_arctic,2016-04-15,-7.99,-12.21,0.18,16.24,63.69
svalbard_arctic,2016-04-16,-8.36,-15.8,0.0,12.9,59.32
svalbard_arctic,2016-04-17,-8.77,-8.35,0.94,17.81,56.96
svalbard_arctic,2016-04-18,-8.17,-15.03,1.32,17.37,47.72
svalbard_arctic,2016-04-19,-7.05,-6.04,0.85,8.18,67.42
svalbard_arctic,2016-04-20,-9.8,-14.39,0.0,17.6,51.71
svalbard_arctic,2016-04-21,-13.62,-10.34,2.12,19.03,90.56
svalbard_arctic,2016-04-22,-9.77,-9.52,1.36,9.14,70.63
svalbard_arctic,2016-04-23,-3.5,-8.23,2.83,23.09,47.16
svalbard_arctic,2016-04-24,-14.37,-13.82,2.01,20.93,71.69
svalbard_arctic,2016-04-25,-2.98,-13.94,0.2,8.5,67.89
svalbard_arctic,2016-04-26,-7.86,-11.56,1.53,13.99,49.63
svalbard_arctic,2016-04-27,-3.38,-7.86,1.65,11.91,66.11
svalbard_arctic,2016-04-28,-8.78,-9.7,2.69,10.78,70.09
svalbard_arctic,2016-04-29,-13.02,-6.26,0.49,16.84,99.3
svalbard_arctic,2016-04-30,-7.85,-11.78,0.0,16.23,50.74
svalbard_arctic,2016-05-01,-5.46,-9.82,1.1,12.04,72.79
svalbard_arctic,2016-05-02,-3.68,-9.07,0.88,12.55,49.98
svalbard_arctic,2016-05-03,-8.87,-9.01,0.86,15.83,62.53
svalbard_arctic,2016-05-04,-3.28,-6.65,1.42,17.48,52.83
svalbard_arctic,2016-05-05,-4.11,-4.48,0.0,12.58,89.8
svalbard_arctic,2016-05-06,-5.83,-9.74,0.0,16.21,87.47
svalbard_arctic,2016-05-07,-3.42,-9.16,1.22,18.19,85.13
svalbard_arctic,2016-05-08,-3.29,-6.66,1.02,19.69,59.1
svalbard_arctic,2016-05-09,-1.77,-6.35,3.11,17.25,56.1
svalbard_arctic,2016-05-10,-2.54,-3.9,1.12,16.76,69.09
svalbard_arctic,2016-05-11,-2.62,-6.65,0.0,15.21,96.97
svalbard_arctic,2016-05-12,3.2,-7.34,0.43,14.59,84.25
svalbard_arctic,2016-05-13,-8.36,-1.28,2.12,16.98,100.0
svalbard_arctic,2016-05-14,-6.23,-5.33,0.88,16.69,64.72
svalbard_arctic,2016-05-15,1.15,-3.97,0.0,18.01,69.46
svalbard_arctic,2016-05-16,-6.32,-10.66,1.81,13.35,80.55
svalbard_arctic,2016-05-17,0.96,-6.14,2.29,19.01,68.98
svalbard_arctic,2016-05-18,-0.57,-2.14,1.04,10.42,69.15
svalbard_arctic,2016-05-19,-5.26,-4.99,0.61,19.27,54.86
svalbard_arctic,2016-05-20,1.82,-5.35,2.01,15.73,57.33
svalbard_arctic,2016-05-21,2.61,-10.62,0.0,12.1,100.0
svalbard_arctic,2016-05-22,-0.68,-5.16,1.92,12.17,62.47
svalbard_arctic,2016-05-23,-0.88,-0.83,1.21,18.91,87.4
svalbard_arctic,2016-05-24,3.49,-4.37,2.06,17.25,45.95
svalbard_arctic,2016-05-25,-5.32,-2.79,0.05,17.62,71.84
svalbard_arctic,2016-05-26,2.04,-5.0,1.13,16.08,55.53
svalbard_arctic,2016-05-27,-4.19,-4.85,2.16,15.25,68.08
svalbard_arctic,2016-05-28,2.05,-3.51,1.74,17.4,85.34
svalbard_arctic,2016-05-29,0.09,-2.01,0.0,16.82,67.2
svalbard_arctic,2016-05-30,0.54,-1.01,2.05,13.94,100.0
svalbard_arctic,2016-05-31,5.75,-1.04,2.27,10.32,76.78
svalbard_arctic,2016-06-01,-3.73,-4.01,1.63,14.26,74.93
svalbard_arctic,2016-06-02,3.29,-2.22,1.28,17.72,66.69
svalbard_arctic,2016-06-03,1.08,-6.5,2.22,20.45,59.08
svalbard_arctic,2016-06-04,1.75,-1.77,1.34,9.18,61.44
svalbard_arctic,2016-06-05,4.17,-8.39,0.0,15.2,79.72
svalbard_arctic,2016-06-06,4.17,-6.78,0.49,18.09,61.17
svalbard_arctic,2016-06-07,3.76,-1.49,2.78,17.76,68.58
svalbard_arctic,2016-06-08,-0.57,-0.34,1.0,17.52,67.75
svalbard_arctic,2016-06-09,4.03,-5.44,1.47,15.24,98.14
svalbard_arctic,2016-06-10,4.6,-0.01,0.0,14.26,75.37
svalbard_arctic,2016-06-11,3.96,-2.04,1.78,19.19,77.19
svalbard_arctic,2016-06-12,4.48,1.99,1.85,18.35,60.29
svalbard_arctic,2016-06-13,3.0,3.08,3.53,17.16,60.54
svalbard_arctic,2016-06-14,-0.65,-7.87,2.06,25.49,57.83
svalbard_arctic,2016-06-15,1.74,4.73,2.22,22.38,71.79
svalbard_arctic,2016-06-16,1.68,1.83,0.0,19.52,48.59
svalbard_arctic,2016-06-17,3.28,1.02,0.7,21.28,84.88
svalbard_arctic,2016-06-18,2.11,-1.68,3.38,20.19,80.56
svalbard_arctic,2016-06-19,8.83,0.98,2.17,16.53,55.49
svalbard_arctic,2016-06-20,4.89,0.63,1.75,13.2,70.29
svalbard_arctic,2016-06-21,3.45,2.21,3.1,21.54,91.28
svalbard_arctic,2016-06-22,4.57,0.83,0.43,17.65,73.43
svalbard_arctic,2016-06-23,5.09,1.52,1.66,21.33,55.36
svalbard_arctic,2016-06-24,10.42,2.17,1.77,21.02,92.2
svalbard_arctic,2016-06-25,5.35,-5.78,1.15,11.77,89.37
svalbard_arctic,2016-06-26,2.88,-0.74,0.0,20.3,92.58
svalbard_arctic,2016-06-27,1.09,0.21,2.78,24.74,59.61
svalbard_arctic,2016-06-28,4.93,-0.86,1.38,17.11,100.0
svalbard_arctic,2016-06-29,10.47,3.74,1.73,19.23,79.76
svalbard_arctic,2016-06-30,3.92,5.28,0.6,22.02,73.44
svalbard_arctic,2016-07-01,1.65,0.92,0.57,12.02,79.12
svalbard_arctic,2016-07-02,7.49,0.97,0.96,9.75,87.42
svalbard_arctic,2016-07-03,4.93,0.96,1.06,17.28,98.05
svalbard_arctic,2016-07-04,-0.27,-4.03,2.41,11.65,62.0
svalbard_arctic,2016-07-05,5.31,-1.92,1.68,23.31,69.77
svalbard_arctic,2016-07-06,8.15,-1.84,0.31,21.38,63.1
svalbard_arctic,2016-07-07,-1.53,3.23,0.0,23.15,50.14
svalbard_arctic,2016-07-08,6.96,-0.34,2.24,17.78,78.67
svalbard_arctic,2016-07-09,1.09,0.65,2.34,22.45,89.0
svalbard_arctic,2016-07-10,4.27,0.4,0.99,18.35,63.08
svalbard_arctic,2016-07-11,3.48,0.15,0.67,19.58,65.05
svalbard_arctic,2016-07-12,8.27,7.23,1.35,26.56,65.13
svalbard_arctic,2016-07-13,7.95,1.3,1.36,12.97,89.76
svalbard_arctic,2016-07-14,0.91,5.21,1.58,24.94,67.1
svalbard_arctic,2016-07-15,-0.99,-1.1,2.37,10.49,41.75
svalbard_arctic,2016-07-16,0.45,-2.32,2.29,17.94,76.19
svalbard_arctic,2016-07-17,6.27,3.7,2.17,20.24,68.45
svalbard_arctic,2016-07-18,-1.85,1.49,0.28,16.03,58.99
svalbard_arctic,2016-07-19,3.07,2.9,1.83,19.15,75.17
svalbard_arctic,2016-07-20,7.78,6.43,1.64,19.48,77.69
svalbard_arctic,2016-07-21,6.78,1.56,0.02,20.48,70.38
svalbard_arctic,2016-07-22,-0.12,2.16,0.93,17.2,72.39
svalbard_arctic,2016-07-23,5.55,-0.04,1.8,15.27,49.36
svalbard_arctic,2016-07-24,2.06,1.35,0.0,18.74,60.27
svalbard_arctic,2016-07-25,2.97,1.72,0.7,16.69,79.23
svalbard_arctic,2016-07-26,3.16,2.36,1.39,18.09,85.61
svalbard_arctic,2016-07-27,3.48,1.73,0.88,16.73,63.15
svalbard_arctic,2016-07-28,4.55,-3.83,2.38,18.76,100.0
svalbard_arctic,2016-07-29,2.56,5.35,2.03,15.53,71.45
svalbard_arctic,2016-07-30,2.63,0.99,0.0,16.03,63.89
svalbard_arctic,2016-07-31,7.35,5.44,0.43,13.49,77.11
svalbard_arctic,2016-08-01,4.64,-1.85,2.43,18.54,79.81
svalbard_arctic,2016-08-02,1.3,-0.93,1.86,14.3,75.26
svalbard_arctic,2016-08-03,4.81,-0.1,0.0,19.13,73.94
svalbard_arctic,2016-08-04,-0.01,-0.78,2.71,21.95,82.74
svalbard_arctic,2016-08-05,4.72,1.47,1.3,24.13,94.58
svalbard_arctic,2016-08-06,5.99,3.58,1.25,17.4,59.76
svalbard_arctic,2016-08-07,6.66,4.36,0.4,28.92,62.0
svalbard_arctic,2016-08-08,5.43,-1.24,2.54,20.27,75.58
svalbard_arctic,2016-08-09,0.83,-1.72,1.8,18.3,86.99
svalbard_arctic,2016-08-10,2.3,2.3,1.14,25.54,46.59
svalbard_arctic,2016-08-11,7.32,-3.26,0.0,14.22,76.21
svalbard_arctic,2016-08-12,2.87,1.83,0.78,17.67,98.91
svalbard_arctic,2016-08-13,3.46,-0.99,0.18,16.52,77.77
svalbard_arctic,2016-08-14,5.65,-1.7,0.88,12.52,82.43
svalbard_arctic,2016-08-15,8.04,-8.92,0.38,21.62,75.42
svalbard_arctic,2016-08-16,3.19,0.21,2.06,18.81,78.11
svalbard_arctic,2016-08-17,2.13,2.81,2.81,20.28,83.98
svalbard_arctic,2016-08-18,8.88,-4.36,1.18,20.19,61.74
svalbard_arctic,2016-08-19,8.98,-0.07,0.1,10.79,53.5
svalbard_arctic,2016-08-20,3.07,0.46,0.9,22.31,82.11
svalbard_arctic,2016-08-21,2.89,-2.75,0.81,14.5,73.98
svalbard_arctic,2016-08-22,5.43,0.01,2.82,21.38,100.0
svalbard_arctic,2016-08-23,3.9,1.27,1.29,12.44,52.08
svalbard_arctic,2016-08-24,2.54,-1.0,2.69,18.87,86.87
svalbard_arctic,2016-08-25,4.53,-0.02,0.0,14.87,58.2
svalbard_arctic,2016-08-26,0.24,-2.6,1.24,18.26,75.96
svalbard_arctic,2016-08-27,5.38,0.47,0.19,16.7,82.65
svalbard_arctic,2016-08-28,3.89,-7.25,1.1,18.45,72.59
svalbard_arctic,2016-08-29,3.11,0.06,1.73,16.35,74.01
svalbard_arctic,2016-08-30,1.28,1.29,0.0,15.31,70.39
svalbard_arctic,2016-08-31,-0.42,-4.81,0.67,22.19,72.86
svalbard_arctic,2016-09-01,-4.01,-5.04,1.02,22.15,53.75
svalbard_arctic,2016-09-02,-4.16,1.99,1.4,24.73,58.16
svalbard_arctic,2016-09-03,-4.05,-1.87,0.0,17.29,71.39
svalbard_arctic,2016-09-04,4.48,-7.76,1.61,16.73,72.62
svalbard_arctic,2016-09-05,-1.33,-4.01,1.64,17.43,70.11
svalbard_arctic,2016-09-06,-3.15,-8.69,2.19,14.37,55.34
svalbard_arctic,2016-09-07,0.03,-4.37,0.0,12.14,85.97
svalbard_arctic,2016-09-08,-2.72,-3.96,0.87,14.88,75.87
svalbard_arctic,2016-09-09,-1.22,-2.21,1.16,14.06,75.2
svalbard_arctic,2016-09-10,1.44,-4.14,1.37,19.21,71.49
svalbard_arctic,2016-09-11,-1.39,0.39,1.24,20.06,55.27
svalbard_arctic,2016-09-12,-1.57,-4.24,0.61,9.06,46.07
svalbard_arctic,2016-09-13,-0.83,-10.49,1.27,13.67,71.49
svalbard_arctic,2016-09-14,-5.15,-3.11,4.02,18.37,60.56
svalbard_arctic,2016-09-15,-0.28,-4.83,1.73,17.34,61.48
svalbard_arctic,2016-09-16,2.94,-5.85,0.0,15.89,80.37
svalbard_arctic,2016-09-17,-2.63,-2.37,2.67,15.73,67.16
svalbard_arctic,2016-09-18,-1.43,-3.23,2.8,17.99,79.57
svalbard_arctic,2016-09-19,-4.43,-8.52,1.97,18.18,59.82
svalbard_arctic,2016-09-20,-4.29,-5.31,2.43,11.32,64.5
svalbard_arctic,2016-09-21,0.63,-1.76,3.47,9.34,67.31
svalbard_arctic,2016-09-22,-2.04,-6.29,1.41,16.1,42.09
svalbard_arctic,2016-09-23,-0.74,-10.59,2.18,19.31,57.28
svalbard_arctic,2016-09-24,-2.13,-5.74,2.64,14.57,89.19
svalbard_arctic,2016-09-25,-3.61,-8.07,0.34,25.0,58.68
svalbard_arctic,2016-09-26,0.29,-7.25,2.61,19.55,70.9
svalbard_arctic,2016-09-27,-8.92,-10.43,1.3,14.32,57.24
svalbard_arctic,2016-09-28,-6.2,-6.76,2.07,9.22,57.3
svalbard_arctic,2016-09-29,-5.12,-9.72,2.01,19.02,71.31
svalbard_arctic,2016-09-30,-4.06,-5.77,0.41,12.69,50.03
svalbard_arctic,2016-10-01,-5.3,-4.36,2.45,13.69,79.52
svalbard_arctic,2016-10-02,-4.0,-8.07,0.64,12.86,78.36
svalbard_arctic,2016-10-03,-0.73,-11.7,1.35,10.79,76.23
svalbard_arctic,2016-10-04,-8.51,-11.32,1.9,13.7,35.42
svalbard_arctic,2016-10-05,-0.71,-8.75,1.64,13.6,67.42
svalbard_arctic,2016-10-06,-6.15,-8.54,0.49,12.32,95.03
svalbard_arctic,2016-10-07,-5.14,-11.3,0.0,13.1,38.75
svalbard_arctic,2016-10-08,-5.87,-10.54,0.22,22.71,90.6
svalbard_arctic,2016-10-09,-5.32,-8.42,1.77,18.38,28.73
svalbard_arctic,2016-10-10,-2.77,-7.17,1.57,14.85,74.69
svalbard_arctic,2016-10-11,-10.05,-10.63,0.83,8.52,41.27
svalbard_arctic,2016-10-12,-8.98,-8.99,0.8,17.44,68.67
svalbard_arctic,2016-10-13,-5.17,-11.06,0.71,22.56,82.42
svalbard_arctic,2016-10-14,-9.68,-10.33,0.0,22.09,46.16
svalbard_arctic,2016-10-15,-13.1,-13.45,1.93,14.58,97.22
svalbard_arctic,2016-10-16,-5.78,-10.55,0.0,16.45,48.24
svalbard_arctic,2016-10-17,-10.26,-7.84,1.13,10.59,70.26
svalbard_arctic,2016-10-18,-5.53,-11.07,2.27,16.02,49.06
svalbard_arctic,2016-10-19,-9.74,-11.13,0.95,17.66,83.21
svalbard_arctic,2016-10-20,-5.19,-15.29,2.57,16.88,90.32
svalbard_arctic,2016-10-21,-8.08,-11.81,0.0,19.51,58.45
svalbard_arctic,2016-10-22,-11.16,-19.23,0.0,17.39,87.45
svalbard_arctic,2016-10-23,-12.96,-11.32,0.0,8.17,67.98
svalbard_arctic,2016-10-24,-10.21,-9.19,1.72,13.12,59.38
svalbard_arctic,2016-10-25,-9.56,-15.32,0.0,18.58,47.27
svalbard_arctic,2016-10-26,-11.88,-14.67,2.54,8.02,51.94
svalbard_arctic,2016-10-27,-14.05,-11.3,2.68,14.77,76.97
svalbard_arctic,2016-10-28,-11.08,-16.86,1.21,12.75,51.55
svalbard_arctic,2016-10-29,-6.0,-13.21,0.13,9.45,73.14
svalbard_arctic,2016-10-30,-10.09,-17.08,0.0,18.11,57.92
svalbard_arctic,2016-10-31,-12.99,-13.33,1.33,11.16,86.24
svalbard_arctic,2016-11-01,-10.83,-15.99,0.91,22.72,52.42
svalbard_arctic,2016-11-02,-9.59,-23.74,1.15,13.34,37.63
svalbard_arctic,2016-11-03,-14.48,-18.85,1.45,18.45,43.06
svalbard_arctic,2016-11-04,-12.68,-16.19,0.0,20.81,69.12
svalbard_arctic,2016-11-05,-12.56,-10.52,0.69,15.36,61.03
svalbard_arctic,2016-11-06,-13.54,-17.07,1.05,14.34,61.89
svalbard_arctic,2016-11-07,-16.24,-18.69,3.17,17.02,71.51
svalbard_arctic,2016-11-08,-10.77,-15.82,1.67,20.53,43.34
svalbard_arctic,2016-11-09,-19.28,-26.21,1.04,15.16,51.17
svalbard_arctic,2016-11-10,-15.15,-13.34,0.0,11.01,54.48
svalbard_arctic,2016-11-11,-15.55,-15.52,2.16,8.0,63.1
svalbard_arctic,2016-11-12,-15.25,-19.09,2.56,15.09,47.65
svalbard_arctic,2016-11-13,-9.4,-15.61,0.0,9.64,53.52
svalbard_arctic,2016-11-14,-14.9,-17.07,0.0,17.32,52.33
svalbard_arctic,2016-11-15,-10.98,-18.57,0.92,18.62,36.82
svalbard_arctic,2016-11-16,-13.97,-16.73,0.66,15.86,52.31
svalbard_arctic,2016-11-17,-13.22,-18.83,2.27,13.25,66.05
svalbard_arctic,2016-11-18,-15.64,-18.25,0.0,15.91,42.4
svalbard_arctic,2016-11-19,-12.78,-17.28,0.0,13.51,37.59
svalbard_arctic,2016-11-20,-16.98,-20.27,0.0,12.31,54.08
svalbard_arctic,2016-11-21,-16.66,-19.7,0.0,11.56,48.81
svalbard_arctic,2016-11-22,-17.07,-23.01,0.99,13.74,30.61
svalbard_arctic,2016-11-23,-18.82,-23.54,0.0,13.3,30.09
svalbard_arctic,2016-11-24,-15.93,-24.96,4.06,18.16,73.04
svalbard_arctic,2016-11-25,-13.44,-18.95,0.0,15.44,47.01
svalbard_arctic,2016-11-26,-17.23,-21.16,0.26,7.81,71.35
svalbard_arctic,2016-11-27,-18.79,-23.92,1.04,15.07,67.43
svalbard_arctic,2016-11-28,-10.71,-21.71,2.08,13.41,82.9
svalbard_arctic,2016-11-29,-17.9,-23.91,0.0,14.13,61.92
svalbard_arctic,2016-11-30,-14.7,-20.34,0.0,11.97,48.31
svalbard_arctic,2016-12-01,-17.04,-18.09,0.0,13.07,67.54
svalbard_arctic,2016-12-02,-13.98,-17.23,2.62,19.48,25.26
svalbard_arctic,2016-12-03,-17.52,-21.83,0.0,11.39,71.54
svalbard_arctic,2016-12-04,-17.67,-22.05,1.82,10.27,84.81
svalbard_arctic,2016-12-05,-17.85,-27.09,1.06,9.98,39.51
svalbard_arctic,2016-12-06,-18.59,-26.21,1.17,8.48,53.5
svalbard_arctic,2016-12-07,-17.78,-17.96,1.97,15.12,58.64
svalbard_arctic,2016-12-08,-20.42,-21.59,0.02,17.38,51.38
svalbard_arctic,2016-12-09,-16.76,-18.88,1.74,10.27,55.18
svalbard_arctic,2016-12-10,-10.25,-28.04,0.92,14.74,44.8
svalbard_arctic,2016-12-11,-21.32,-22.75,0.0,16.73,47.37
svalbard_arctic,2016-12-12,-17.7,-27.85,0.66,13.46,100.0
svalbard_arctic,2016-12-13,-18.73,-29.28,0.71,12.6,58.43
svalbard_arctic,2016-12-14,-22.29,-25.58,0.0,9.86,17.76
svalbard_arctic,2016-12-15,-16.68,-17.55,0.0,14.95,47.75
svalbard_arctic,2016-12-16,-20.47,-25.55,1.23,11.49,49.78
svalbard_arctic,2016-12-17,-21.31,-19.5,0.89,14.81,80.66
svalbard_arctic,2016-12-18,-15.26,-24.13,1.79,10.33,78.12
svalbard_arctic,2016-12-19,-20.49,-19.77,2.02,13.66,57.63
svalbard_arctic,2016-12-20,-16.07,-21.53,0.0,16.69,38.83
svalbard_arctic,2016-12-21,-18.05,-19.72,0.0,14.24,59.27
svalbard_arctic,2016-12-22,-19.48,-25.2,0.0,9.74,42.54
svalbard_arctic,2016-12-23,-17.95,-23.06,1.24,7.88,60.28
svalbard_arctic,2016-12-24,-17.59,-23.59,0.18,12.53,70.48
svalbard_arctic,2016-12-25,-20.56,-16.42,1.89,17.78,46.74
svalbard_arctic,2016-12-26,-21.22,-21.42,1.76,15.37,58.47
svalbard_arctic,2016-12-27,-17.63,-24.63,1.21,20.1,66.85
svalbard_arctic,2016-12-28,-11.94,-18.17,0.28,23.13,63.04
svalbard_arctic,2016-12-29,-25.21,-18.0,1.81,11.75,30.58
svalbard_arctic,2016-12-30,-23.76,-26.34,0.71,14.68,54.45
svalbard_arctic,2016-12-31,-23.37,-23.64,0.95,12.11,11.02
svalbard_arctic,2017-01-01,-21.45,-25.62,0.0,9.95,59.96
svalbard_arctic,2017-01-02,-23.46,-29.26,1.09,13.88,67.97
svalbard_arctic,2017-01-03,-18.76,-24.05,0.75,13.11,61.82
svalbard_arctic,2017-01-04,-24.99,-33.81,0.59,11.89,60.09
svalbard_arctic,2017-01-05,-21.98,-24.46,0.12,10.66,59.64
svalbard_arctic,2017-01-06,-22.23,-24.9,0.0,12.6,63.86
svalbard_arctic,2017-01-07,-17.8,-24.98,0.64,10.59,41.64
svalbard_arctic,2017-01-08,-20.97,-25.47,0.0,11.49,45.4
svalbard_arctic,2017-01-09,-24.88,-26.16,0.47,7.62,56.91
svalbard_arctic,2017-01-10,-20.0,-30.02,0.13,8.78,73.79
svalbard_arctic,2017-01-11,-23.7,-29.12,2.01,9.87,62.93
svalbard_arctic,2017-01-12,-24.52,-25.11,2.57,12.82,65.72
svalbard_arctic,2017-01-13,-17.63,-25.11,0.0,12.33,50.48
svalbard_arctic,2017-01-14,-22.27,-22.4,1.48,9.64,56.49
svalbard_arctic,2017-01-15,-19.52,-26.41,0.03,10.0,53.83
svalbard_arctic,2017-01-16,-22.42,-28.22,0.22,12.84,36.14
svalbard_arctic,2017-01-17,-20.26,-25.93,0.2,10.09,59.52
svalbard_arctic,2017-01-18,-16.8,-31.6,2.0,8.19,52.36
svalbard_arctic,2017-01-19,-20.43,-24.47,0.58,14.73,68.15
svalbard_arctic,2017-01-20,-22.07,-23.27,1.12,6.55,32.35
svalbard_arctic,2017-01-21,-24.93,-21.01,0.0,7.85,47.79
svalbard_arctic,2017-01-22,-18.29,-24.13,0.0,16.5,27.25
svalbard_arctic,2017-01-23,-19.5,-28.33,0.14,7.39,60.92
svalbard_arctic,2017-01-24,-19.94,-27.0,0.7,18.0,67.25
svalbard_arctic,2017-01-25,-21.13,-25.45,1.37,7.39,60.8
svalbard_arctic,2017-01-26,-17.49,-26.97,0.11,8.18,84.61
svalbard_arctic,2017-01-27,-22.14,-28.35,2.1,7.84,63.4
svalbard_arctic,2017-01-28,-19.14,-26.61,0.43,6.81,42.0
svalbard_arctic,2017-01-29,-15.29,-21.84,0.01,17.65,73.45
svalbard_arctic,2017-01-30,-20.46,-23.58,1.57,16.88,86.11
svalbard_arctic,2017-01-31,-21.66,-22.09,1.41,6.52,65.52
svalbard_arctic,2017-02-01,-22.26,-26.97,0.0,18.39,44.26
svalbard_arctic,2017-02-02,-22.24,-20.43,2.29,7.21,45.65
svalbard_arctic,2017-02-03,-20.37,-23.44,0.16,23.98,60.72
svalbard_arctic,2017-02-04,-15.45,-23.21,0.49,11.56,49.42
svalbard_arctic,2017-02-05,-19.05,-24.52,0.0,9.76,71.81
svalbard_arctic,2017-02-06,-19.66,-31.7,0.28,14.17,52.11
svalbard_arctic,2017-02-07,-19.76,-20.07,0.0,8.68,68.4
svalbard_arctic,2017-02-08,-24.77,-23.21,1.01,6.56,66.14
svalbard_arctic,2017-02-09,-20.33,-27.1,0.08,10.49,34.95
svalbard_arctic,2017-02-10,-22.73,-17.74,0.4,12.58,54.53
svalbard_arctic,2017-02-11,-15.35,-23.81,1.7,3.62,71.48
svalbard_arctic,2017-02-12,-22.38,-24.89,1.17,8.71,53.83
svalbard_arctic,2017-02-13,-23.68,-26.6,0.71,20.13,61.17
svalbard_arctic,2017-02-14,-24.74,-25.47,2.68,12.3,58.65
svalbard_arctic,2017-02-15,-21.79,-28.3,0.0,2.77,43.66
svalbard_arctic,2017-02-16,-28.07,-24.7,0.79,12.39,82.18
svalbard_arctic,2017-02-17,-18.69,-23.64,1.99,13.84,45.07
svalbard_arctic,2017-02-18,-18.43,-21.48,2.25,12.37,42.52
svalbard_arctic,2017-02-19,-22.29,-28.48,0.0,15.6,72.33
svalbard_arctic,2017-02-20,-16.31,-25.32,0.0,11.34,48.44
svalbard_arctic,2017-02-21,-19.28,-26.48,1.87,16.58,57.84
svalbard_arctic,2017-02-22,-19.11,-19.94,0.27,12.5,63.18
svalbard_arctic,2017-02-23,-15.92,-20.5,0.8,13.04,72.2
svalbard_arctic,2017-02-24,-14.99,-28.12,0.26,13.99,25.53
svalbard_arctic,2017-02-25,-21.3,-23.08,0.74,15.42,54.94
svalbard_arctic,2017-02-26,-22.42,-17.91,0.0,14.1,52.77
svalbard_arctic,2017-02-27,-19.11,-19.76,0.37,9.73,56.7
svalbard_arctic,2017-02-28,-13.17,-22.87,0.7,19.14,69.04
svalbard_arctic,2017-03-01,-19.99,-20.39,0.32,9.64,79.74
svalbard_arctic,2017-03-02,-14.62,-19.13,0.89,9.33,60.7
svalbard_arctic,2017-03-03,-20.29,-16.08,0.0,5.06,46.19
svalbard_arctic,2017-03-04,-17.67,-22.52,1.06,11.86,61.36
svalbard_arctic,2017-03-05,-18.78,-16.97,2.44,10.92,66.72
svalbard_arctic,2017-03-06,-15.66,-22.54,2.09,13.22,62.39
svalbard_arctic,2017-03-07,-16.28,-22.52,1.5,9.67,74.17
svalbard_arctic,2017-03-08,-19.24,-21.11,1.06,19.63,48.27
svalbard_arctic,2017-03-09,-17.84,-19.91,0.09,10.72,49.24
svalbard_arctic,2017-03-10,-19.42,-17.95,0.31,10.76,61.33
svalbard_arctic,2017-03-11,-15.35,-20.33,1.68,12.86,76.12
svalbard_arctic,2017-03-12,-18.92,-21.39,0.67,14.68,84.85
svalbard_arctic,2017-03-13,-15.4,-22.26,2.94,18.06,67.2
svalbard_arctic,2017-03-14,-14.31,-17.73,0.0,15.37,64.13
svalbard_arctic,2017-03-15,-13.34,-19.2,0.62,15.34,45.18
svalbard_arctic,2017-03-16,-13.12,-18.25,0.27,13.83,70.45
svalbard_arctic,2017-03-17,-13.94,-17.76,1.61,10.12,42.74
svalbard_arctic,2017-03-18,-18.0,-14.57,1.83,10.97,76.0
svalbard_arctic,2017-03-19,-17.17,-15.21,0.0,4.61,62.55
svalbard_arctic,2017-03-20,-16.99,-16.13,0.0,12.28,62.25
svalbard_arctic,2017-03-21,-14.37,-18.63,0.08,16.13,79.85
svalbard_arctic,2017-03-22,-10.7,-21.81,1.41,12.58,62.56
svalbard_arctic,2017-03-23,-15.87,-19.22,1.3,15.4,55.18
svalbard_arctic,2017-03-24,-14.5,-17.85,0.0,21.31,64.96
svalbard_arctic,2017-03-25,-9.77,-19.42,1.17,14.19,48.19
svalbard_arctic,2017-03-26,-17.28,-15.47,1.04,16.1,64.76
svalbard_arctic,2017-03-27,-8.4,-16.76,0.83,14.32,58.82
svalbard_arctic,2017-03-28,-10.89,-19.45,1.48,10.63,51.3
svalbard_arctic,2017-03-29,-14.65,-12.47,1.12,13.1,97.5
svalbard_arctic,2017-03-30,-13.36,-15.01,0.98,9.64,58.93
svalbard_arctic,2017-03-31,-7.03,-15.82,2.07,17.44,53.11
svalbard_arctic,2017-04-01,-13.41,-12.65,2.44,17.81,36.68
svalbard_arctic,2017-04-02,-9.55,-18.06,0.5,13.78,51.1
svalbard_arctic,2017-04-03,-5.36,-17.35,0.86,21.28,73.7
svalbard_arctic,2017-04-04,-11.39,-16.34,1.6,13.34,39.45
svalbard_arctic,2017-04-05,-11.08,-13.48,0.74,17.79,45.45
svalbard_arctic,2017-04-06,-4.2,-13.84,1.63,13.36,77.5
svalbard_arctic,2017-04-07,-13.88,-5.23,1.07,16.18,57.53
svalbard_arctic,2017-04-08,-10.45,-17.3,1.72,8.87,56.03
svalbard_arctic,2017-04-09,-8.89,-13.91,1.62,12.52,64.48
svalbard_arctic,2017-04-10,-14.58,-14.75,0.87,14.82,81.43
svalbard_arctic,2017-04-11,-13.22,-12.4,1.86,18.0,49.41
svalbard_arctic,2017-04-12,-11.22,-10.9,1.68,14.84,93.21
svalbard_arctic,2017-04-13,-8.06,-12.59,3.29,20.17,65.31
svalbard_arctic,2017-04-14,-10.52,-11.96,0.0,13.31,63.46
svalbard_arctic,2017-04-15,-9.1,-13.92,1.65,11.1,73.87
svalbard_arctic,2017-04-16,-6.27,-7.71,2.03,22.34,32.03
svalbard_arctic,2017-04-17,-6.59,-13.81,3.22,8.84,68.97
svalbard_arctic,2017-04-18,-14.32,-21.56,0.48,12.02,67.69
svalbard_arctic,2017-04-19,-7.4,-13.74,1.11,14.98,92.37
svalbard_arctic,2017-04-20,-6.07,-4.57,0.55,13.89,99.65
svalbard_arctic,2017-04-21,-7.74,-15.04,2.79,15.62,68.06
svalbard_arctic,2017-04-22,-5.7,-9.83,0.25,15.56,67.31
svalbard_arctic,2017-04-23,-4.74,-13.44,0.53,24.0,63.12
svalbard_arctic,2017-04-24,-5.85,-9.43,0.0,14.32,65.32
svalbard_arctic,2017-04-25,-6.89,-7.29,0.0,16.76,60.21
svalbard_arctic,2017-04-26,-5.63,-11.76,1.04,15.58,81.23
svalbard_arctic,2017-04-27,-13.14,-6.32,0.94,5.7,87.13
svalbard_arctic,2017-04-28,-1.71,-6.69,0.82,10.67,84.98
svalbard_arctic,2017-04-29,-1.75,-8.76,1.66,6.68,86.3
svalbard_arctic,2017-04-30,-1.74,-9.71,1.83,11.1,74.37
svalbard_arctic,2017-05-01,-4.89,-9.95,0.38,14.83,78.7
svalbard_arctic,2017-05-02,-3.35,-11.5,1.13,19.01,78.01
svalbard_arctic,2017-05-03,-4.42,-12.21,0.96,20.98,45.24
svalbard_arctic,2017-05-04,-3.66,-6.87,1.08,25.72,63.47
svalbard_arctic,2017-05-05,-0.31,-7.38,2.58,16.05,59.01
svalbard_arctic,2017-05-06,-9.51,-6.95,1.5,15.88,66.27
svalbard_arctic,2017-05-07,-2.67,-4.95,2.13,10.01,65.78
svalbard_arctic,2017-05-08,-6.27,-7.84,0.89,11.84,77.51
svalbard_arctic,2017-05-09,-7.02,-3.55,0.0,19.13,61.9
svalbard_arctic,2017-05-10,-3.73,-12.24,2.18,23.67,34.1
svalbard_arctic,2017-05-11,-6.9,-1.75,1.84,21.57,73.55
svalbard_arctic,2017-05-12,-6.7,-7.03,0.64,13.58,64.96
svalbard_arctic,2017-05-13,-7.71,-8.84,0.94,11.46,76.09
svalbard_arctic,2017-05-14,-3.97,-6.86,1.67,8.86,51.56
svalbard_arctic,2017-05-15,-0.73,-1.58,1.49,15.85,76.02
svalbard_arctic,2017-05-16,0.35,-8.11,1.01,24.03,56.73
svalbard_arctic,2017-05-17,4.01,-5.63,0.05,14.21,44.55
svalbard_arctic,2017-05-18,-2.94,-8.83,3.06,13.77,64.66
svalbard_arctic,2017-05-19,0.86,-4.33,1.14,15.34,43.75
svalbard_arctic,2017-05-20,-0.8,-1.58,2.3,15.28,60.07
svalbard_arctic,2017-05-21,-0.7,-4.29,0.0,16.75,71.85
svalbard_arctic,2017-05-22,0.16,-6.04,0.0,6.4,49.82
svalbard_arctic,2017-05-23,1.63,-6.0,2.27,12.56,75.07
svalbard_arctic,2017-05-24,0.85,-4.25,0.99,14.99,49.97
svalbard_arctic,2017-05-25,-1.59,-2.76,2.23,17.68,56.27
svalbard_arctic,2017-05-26,1.53,-1.62,0.59,14.36,54.82
svalbard_arctic,2017-05-27,-1.93,-7.17,1.05,17.53,80.12
svalbard_arctic,2017-05-28,1.89,-5.32,0.43,14.21,74.02
svalbard_arctic,2017-05-29,0.65,0.65,2.17,20.13,63.94
svalbard_arctic,2017-05-30,-5.13,-2.03,0.86,18.09,38.83
svalbard_arctic,2017-05-31,0.23,-2.91,2.03,17.61,70.29
svalbard_arctic,2017-06-01,3.6,-0.84,2.71,20.14,53.46
svalbard_arctic,2017-06-02,0.59,-10.04,1.01,19.26,52.57
svalbard_arctic,2017-06-03,1.82,-0.85,1.12,14.71,80.95
svalbard_arctic,2017-06-04,-0.15,4.87,0.7,13.79,58.93
svalbard_arctic,2017-06-05,0.62,-2.33,3.2,22.46,72.87
svalbard_arctic,2017-06-06,4.44,-1.56,1.11,24.91,58.33
svalbard_arctic,2017-06-07,0.45,-3.23,0.99,21.86,85.49
svalbard_arctic,2017-06-08,-1.56,-4.97,0.12,21.79,80.29
svalbard_arctic,2017-06-09,-4.5,-3.45,0.68,13.16,87.54
svalbard_arctic,2017-06-10,-0.11,0.87,0.79,16.65,90.38
svalbard_arctic,2017-06-11,-0.98,0.02,2.33,16.17,50.35
svalbard_arctic,2017-06-12,-2.01,-4.16,0.94,16.06,100.0
svalbard_arctic,2017-06-13,-0.64,-3.31,0.88,14.18,35.91
svalbard_arctic,2017-06-14,-0.26,-3.13,2.01,18.82,64.2
svalbard_arctic,2017-06-15,-0.34,-0.67,1.28,18.89,66.53
svalbard_arctic,2017-06-16,7.11,-1.64,0.17,13.85,47.03
svalbard_arctic,2017-06-17,-1.87,-1.13,2.81,14.57,65.65
svalbard_arctic,2017-06-18,4.93,-4.03,0.71,18.36,87.6
svalbard_arctic,2017-06-19,4.91,4.18,1.54,17.46,75.38
svalbard_arctic,2017-06-20,5.26,0.31,1.71,15.2,49.45
svalbard_arctic,2017-06-21,3.38,-2.05,0.0,16.83,68.71
svalbard_arctic,2017-06-22,7.42,-2.77,0.94,12.41,87.56
svalbard_arctic,2017-06-23,3.72,-1.43,0.68,20.35,61.8
svalbard_arctic,2017-06-24,3.18,3.33,0.09,16.13,68.02
svalbard_arctic,2017-06-25,7.4,4.43,1.15,16.01,80.83
svalbard_arctic,2017-06-26,3.47,-1.91,1.39,19.67,85.66
svalbard_arctic,2017-06-27,-0.69,-1.23,1.82,21.97,83.86
svalbard_arctic,2017-06-28,5.66,-4.86,1.39,17.81,68.85
svalbard_arctic,2017-06-29,7.49,-4.6,1.23,15.31,49.31
svalbard_arctic,2017-06-30,5.19,0.71,2.88,19.44,78.28
svalbard_arctic,2017-07-01,3.29,-0.56,0.94,18.09,51.66
svalbard_arctic,2017-07-02,5.23,-0.63,0.0,19.12,72.34
svalbard_arctic,2017-07-03,6.56,-0.98,0.47,21.12,61.79
svalbard_arctic,2017-07-04,1.47,1.53,2.41,17.19,71.62
svalbard_arctic,2017-07-05,-1.5,1.01,1.09,22.0,93.12
svalbard_arctic,2017-07-06,4.26,3.8,0.41,15.61,78.71
svalbard_arctic,2017-07-07,7.84,8.53,2.01,15.19,90.89
svalbard_arctic,2017-07-08,1.36,-2.44,2.85,21.53,63.33
svalbard_arctic,2017-07-09,0.97,-2.9,1.11,19.72,79.28
svalbard_arctic,2017-07-10,5.45,5.69,1.95,17.33,58.46
svalbard_arctic,2017-07-11,4.18,0.7,2.77,17.91,71.28
svalbard_arctic,2017-07-12,2.83,3.33,3.38,16.78,82.31
svalbard_arctic,2017-07-13,8.42,-2.43,1.87,17.18,45.43
svalbard_arctic,2017-07-14,2.94,-2.23,1.25,13.06,72.59
svalbard_arctic,2017-07-15,6.05,3.57,1.24,14.89,82.21
svalbard_arctic,2017-07-16,7.5,-2.77,0.0,17.38,67.83
svalbard_arctic,2017-07-17,4.37,5.3,0.03,11.72,86.96
svalbard_arctic,2017-07-18,7.52,3.53,1.81,9.36,73.18
svalbard_arctic,2017-07-19,7.0,-1.06,3.93,11.54,53.5
svalbard_arctic,2017-07-20,5.55,5.67,0.74,22.71,79.35
svalbard_arctic,2017-07-21,3.87,2.63,1.08,25.67,75.71
svalbard_arctic,2017-07-22,9.28,0.38,1.72,19.1,72.31
svalbard_arctic,2017-07-23,7.69,1.25,2.88,17.28,73.96
svalbard_arctic,2017-07-24,7.17,-4.84,0.48,22.57,85.74
svalbard_arctic,2017-07-25,5.1,-3.07,0.86,13.59,74.48
svalbard_arctic,2017-07-26,3.29,3.23,1.33,19.2,83.71
svalbard_arctic,2017-07-27,-0.93,1.54,1.46,19.21,96.84
svalbard_arctic,2017-07-28,6.42,5.24,1.52,16.94,85.54
svalbard_arctic,2017-07-29,3.81,2.0,1.71,10.53,74.71
svalbard_arctic,2017-07-30,5.43,-2.82,1.91,22.38,73.89
svalbard_arctic,2017-07-31,12.13,-2.37,1.67,15.64,70.29
svalbard_arctic,2017-08-01,8.43,-1.77,1.33,15.11,75.43
svalbard_arctic,2017-08-02,5.97,-1.12,0.0,11.87,76.31
svalbard_arctic,2017-08-03,4.27,1.04,0.03,20.26,64.13
svalbard_arctic,2017-08-04,6.85,4.08,0.59,19.35,66.92
svalbard_arctic,2017-08-05,7.16,2.33,2.46,20.03,61.14
svalbard_arctic,2017-08-06,3.22,4.17,2.75,16.02,85.42
svalbard_arctic,2017-08-07,3.53,1.53,0.0,16.62,77.72
svalbard_arctic,2017-08-08,4.94,-1.02,2.28,15.02,73.86
svalbard_arctic,2017-08-09,1.89,-4.0,0.0,18.75,64.26
svalbard_arctic,2017-08-10,2.02,1.97,1.94,17.72,83.14
svalbard_arctic,2017-08-11,0.61,-0.29,0.88,16.48,64.36
svalbard_arctic,2017-08-12,9.13,2.28,0.0,12.78,63.51
svalbard_arctic,2017-08-13,-0.23,-2.0,0.31,16.43,84.87
svalbard_arctic,2017-08-14,-0.22,4.62,0.73,11.76,67.84
svalbard_arctic,2017-08-15,-3.23,4.54,1.76,15.14,77.82
svalbard_arctic,2017-08-16,5.37,-3.1,1.28,14.34,65.77
svalbard_arctic,2017-08-17,0.57,0.4,1.2,16.67,70.05
svalbard_arctic,2017-08-18,5.58,-5.41,1.03,18.66,72.92
svalbard_arctic,2017-08-19,3.05,-3.27,2.3,16.92,89.03
svalbard_arctic,2017-08-20,6.89,-3.54,0.31,15.14,79.02
svalbard_arctic,2017-08-21,0.41,-2.85,1.83,16.45,80.65
svalbard_arctic,2017-08-22,3.01,-1.98,3.7,18.09,80.52
svalbard_arctic,2017-08-23,6.04,-3.62,1.84,19.16,88.42
svalbard_arctic,2017-08-24,6.23,-0.96,1.8,22.81,97.47
svalbard_arctic,2017-08-25,5.71,-6.14,0.63,26.92,81.07
svalbard_arctic,2017-08-26,3.98,1.29,3.32,23.18,59.19
svalbard_arctic,2017-08-27,2.1,-5.01,0.48,17.31,77.12
svalbard_arctic,2017-08-28,3.79,-2.43,1.19,13.58,92.37
svalbard_arctic,2017-08-29,-2.03,-3.38,0.0,15.81,53.49
svalbard_arctic,2017-08-30,0.62,0.83,0.61,18.05,97.4
svalbard_arctic,2017-08-31,5.83,-3.39,2.02,15.52,82.99
svalbard_arctic,2017-09-01,4.21,1.82,1.12,15.86,77.01
svalbard_arctic,2017-09-02,-2.37,-1.64,2.3,19.72,67.82
svalbard_arctic,2017-09-03,2.19,-5.67,1.45,16.31,64.06
svalbard_arctic,2017-09-04,-1.73,-3.67,1.73,18.34,87.15
svalbard_arctic,2017-09-05,-0.05,-3.32,2.23,16.13,52.29
svalbard_arctic,2017-09-06,5.09,-1.15,0.0,8.96,100.0
svalbard_arctic,2017-09-07,-4.98,-3.02,2.07,8.91,85.26
svalbard_arctic,2017-09-08,-3.53,-4.36,0.85,18.43,79.47
svalbard_arctic,2017-09-09,0.58,-6.16,0.73,16.51,77.03
svalbard_arctic,2017-09-10,1.36,-2.61,0.13,17.39,60.87
svalbard_arctic,2017-09-11,-1.13,-5.28,1.66,17.9,74.11
svalbard_arctic,2017-09-12,3.07,-6.57,1.33,17.62,49.01
svalbard_arctic,2017-09-13,-1.27,-7.67,2.04,16.5,54.86
svalbard_arctic,2017-09-14,0.04,-1.7,0.0,21.78,46.75
svalbard_arctic,2017-09-15,-0.79,-9.42,2.24,17.47,71.6
svalbard_arctic,2017-09-16,-1.91,-3.71,1.69,17.54,63.63
svalbard_arctic,2017-09-17,0.9,-5.28,0.29,14.47,67.24
svalbard_arctic,2017-09-18,-3.95,-7.17,2.18,11.86,73.22
svalbard_arctic,2017-09-19,2.15,-7.88,1.55,25.12,88.52
svalbard_arctic,2017-09-20,0.97,-5.87,0.0,19.68,46.97
svalbard_arctic,2017-09-21,0.82,-7.74,1.32,17.35,90.88
svalbard_arctic,2017-09-22,4.52,-8.05,0.0,15.37,70.99
svalbard_arctic,2017-09-23,-1.26,-3.54,1.82,18.75,62.21
svalbard_arctic,2017-09-24,-2.36,-7.19,0.46,14.18,72.93
svalbard_arctic,2017-09-25,-1.53,-6.91,0.0,18.97,74.95
svalbard_arctic,2017-09-26,-4.37,-9.55,0.0,22.1,86.2
svalbard_arctic,2017-09-27,-3.61,-4.37,1.41,15.75,65.89
svalbard_arctic,2017-09-28,-6.05,-3.9,0.97,22.22,49.1
svalbard_arctic,2017-09-29,0.31,-7.11,0.77,14.92,47.68
svalbard_arctic,2017-09-30,-7.0,-3.7,1.34,8.8,78.77
svalbard_arctic,2017-10-01,-6.65,-9.83,1.1,19.16,75.56
svalbard_arctic,2017-10-02,-5.05,-5.65,1.82,15.42,94.88
svalbard_arctic,2017-10-03,-7.93,-9.76,1.07,19.09,46.29
svalbard_arctic,2017-10-04,-6.8,-10.29,0.6,11.25,74.39
svalbard_arctic,2017-10-05,-6.13,-4.86,0.61,13.73,80.28
svalbard_arctic,2017-10-06,-2.89,-10.37,1.28,21.0,71.75
svalbard_arctic,2017-10-07,-9.84,-12.37,1.52,16.76,64.41
svalbard_arctic,2017-10-08,-7.28,-15.16,0.46,21.51,62.17
svalbard_arctic,2017-10-09,-5.04,-9.91,0.57,12.97,62.0
svalbard_arctic,2017-10-10,-4.66,-13.24,1.31,24.87,70.22
svalbard_arctic,2017-10-11,1.4,-4.46,1.36,24.48,84.23
svalbard_arctic,2017-10-12,-2.21,-5.38,0.1,18.34,47.28
svalbard_arctic,2017-10-13,-1.87,-19.82,0.0,15.88,60.31
svalbard_arctic,2017-10-14,-11.66,-6.14,1.07,16.95,88.34
svalbard_arctic,2017-10-15,-6.27,-13.62,1.49,19.35,46.22
svalbard_arctic,2017-10-16,-5.61,-7.74,1.29,16.12,72.07
svalbard_arctic,2017-10-17,-11.39,-8.54,0.0,13.68,24.7
svalbard_arctic,2017-10-18,-8.65,-7.92,1.33,10.91,57.85
svalbard_arctic,2017-10-19,-5.73,-6.77,1.86,6.28,51.18
svalbard_arctic,2017-10-20,-5.78,-15.86,0.56,13.73,81.6
svalbard_arctic,2017-10-21,-4.79,-15.75,0.33,6.62,47.03
svalbard_arctic,2017-10-22,-8.44,-10.41,2.16,14.2,47.7
svalbard_arctic,2017-10-23,-10.68,-12.72,2.04,21.0,50.93
svalbard_arctic,2017-10-24,-7.46,-11.26,0.03,14.42,56.05
svalbard_arctic,2017-10-25,-8.9,-14.56,1.16,10.88,57.33
svalbard_arctic,2017-10-26,-8.32,-11.07,0.0,12.55,54.78
svalbard_arctic,2017-10-27,-15.53,-17.84,1.39,11.29,67.73
svalbard_arctic,2017-10-28,-10.15,-8.29,0.47,21.3,46.85
svalbard_arctic,2017-10-29,-9.11,-6.99,0.0,11.82,69.78
svalbard_arctic,2017-10-30,-10.59,-20.02,0.0,7.25,51.53
svalbard_arctic,2017-10-31,-11.22,-10.14,2.18,24.54,31.25
svalbard_arctic,2017-11-01,-11.44,-20.26,0.46,13.53,60.19
svalbard_arctic,2017-11-02,-13.89,-13.52,4.09,10.73,69.24
svalbard_arctic,2017-11-03,-8.89,-18.34,2.34,14.23,47.92
svalbard_arctic,2017-11-04,-12.58,-14.32,2.22,13.2,63.39
svalbard_arctic,2017-11-05,-19.44,-19.66,0.0,15.97,54.68
svalbard_arctic,2017-11-06,-13.96,-14.9,0.78,13.4,53.02
svalbard_arctic,2017-11-07,-14.63,-16.9,0.0,5.43,70.61
svalbard_arctic,2017-11-08,-13.52,-17.34,1.37,13.23,71.08
svalbard_arctic,2017-11-09,-14.7,-15.68,0.83,17.45,43.98
svalbard_arctic,2017-11-10,-13.29,-22.08,2.37,11.7,46.34
svalbard_arctic,2017-11-11,-12.58,-15.31,0.0,16.72,71.6
svalbard_arctic,2017-11-12,-15.75,-18.31,1.35,17.54,44.76
svalbard_arctic,2017-11-13,-13.42,-22.22,0.91,18.43,46.97
svalbard_arctic,2017-11-14,-11.78,-15.74,0.84,9.52,56.05
svalbard_arctic,2017-11-15,-15.05,-19.84,1.65,9.89,51.29
svalbard_arctic,2017-11-16,-12.2,-18.33,1.35,13.66,52.32
svalbard_arctic,2017-11-17,-10.4,-17.39,1.72,6.27,55.92
svalbard_arctic,2017-11-18,-17.39,-18.77,1.39,9.16,56.25
svalbard_arctic,2017-11-19,-13.87,-18.85,1.21,14.63,62.85
svalbard_arctic,2017-11-20,-8.84,-17.18,0.1,5.06,60.87
svalbard_arctic,2017-11-21,-14.41,-19.96,0.53,6.17,85.34
svalbard_arctic,2017-11-22,-17.8,-16.25,0.0,15.35,68.61
svalbard_arctic,2017-11-23,-14.04,-16.06,0.53,6.78,58.03
svalbard_arctic,2017-11-24,-16.19,-21.44,1.27,23.99,83.67
svalbard_arctic,2017-11-25,-19.66,-21.55,0.0,9.11,45.56
svalbard_arctic,2017-11-26,-16.55,-18.17,1.61,8.81,87.62
svalbard_arctic,2017-11-27,-19.65,-15.19,0.55,7.42,96.99
svalbard_arctic,2017-11-28,-21.32,-17.1,0.67,12.91,71.49
svalbard_arctic,2017-11-29,-13.96,-23.25,0.78,12.14,56.09
svalbard_arctic,2017-11-30,-23.75,-21.6,0.97,14.46,72.8
svalbard_arctic,2017-12-01,-12.7,-23.34,0.0,11.87,76.48
svalbard_arctic,2017-12-02,-15.35,-16.65,0.69,16.52,43.88
svalbard_arctic,2017-12-03,-12.73,-19.94,0.09,11.86,69.87
svalbard_arctic,2017-12-04,-12.37,-24.37,0.52,11.25,54.35
svalbard_arctic,2017-12-05,-14.15,-22.83,1.54,13.63,45.4
svalbard_arctic,2017-12-06,-18.96,-24.51,0.28,4.84,62.42
svalbard_arctic,2017-12-07,-19.68,-23.02,0.0,8.16,58.78
svalbard_arctic,2017-12-08,-17.63,-20.27,1.08,19.42,37.18
svalbard_arctic,2017-12-09,-15.13,-23.97,0.0,5.45,78.28
svalbard_arctic,2017-12-10,-12.57,-21.97,1.96,16.07,59.99
svalbard_arctic,2017-12-11,-21.4,-21.45,2.7,2.95,69.53
svalbard_arctic,2017-12-12,-16.08,-28.25,0.0,6.03,70.87
svalbard_arctic,2017-12-13,-18.53,-27.76,1.38,9.3,46.46
svalbard_arctic,2017-12-14,-18.65,-24.21,2.25,14.11,89.52
svalbard_arctic,2017-12-15,-16.95,-25.57,0.28,11.77,88.22
svalbard_arctic,2017-12-16,-26.74,-21.78,0.16,13.9,42.21
svalbard_arctic,2017-12-17,-19.05,-24.18,0.14,10.16,57.23
svalbard_arctic,2017-12-18,-22.96,-21.1,1.98,11.62,59.58
svalbard_arctic,2017-12-19,-17.15,-21.86,2.07,12.38,46.95
svalbard_arctic,2017-12-20,-18.53,-20.88,0.48,16.01,50.8
svalbard_arctic,2017-12-21,-14.49,-25.15,2.25,19.12,92.37
svalbard_arctic,2017-12-22,-15.19,-24.33,0.0,7.87,49.06
svalbard_arctic,2017-12-23,-21.58,-17.74,1.24,11.51,85.36
svalbard_arctic,2017-12-24,-19.03,-27.0,0.0,10.52,74.53
svalbard_arctic,2017-12-25,-15.11,-21.95,0.89,13.36,63.04
svalbard_arctic,2017-12-26,-18.6,-21.0,0.37,17.73,76.12
svalbard_arctic,2017-12-27,-17.95,-22.7,0.0,12.48,69.89
svalbard_arctic,2017-12-28,-15.24,-21.52,1.05,9.82,65.1
svalbard_arctic,2017-12-29,-15.79,-24.27,0.0,16.2,71.53
svalbard_arctic,2017-12-30,-19.68,-22.9,1.43,11.1,48.58
svalbard_arctic,2017-12-31,-17.1,-23.75,1.45,11.46,53.15
svalbard_arctic,2018-01-01,-17.66,-28.7,0.83,14.46,35.1
svalbard_arctic,2018-01-02,-15.35,-25.19,0.41,6.76,67.06
svalbard_arctic,2018-01-03,-20.16,-29.16,1.43,6.49,46.49
svalbard_arctic,2018-01-04,-16.71,-22.75,1.52,8.02,33.68
svalbard_arctic,2018-01-05,-21.75,-24.03,0.22,10.89,64.91
svalbard_arctic,2018-01-06,-19.17,-21.89,0.88,16.16,51.87
svalbard_arctic,2018-01-07,-17.91,-28.2,0.3,9.33,80.56
svalbard_arctic,2018-01-08,-18.55,-24.53,1.16,9.94,69.01
svalbard_arctic,2018-01-09,-19.71,-24.46,0.0,12.71,76.66
svalbard_arctic,2018-01-10,-20.76,-18.86,0.91,8.27,54.58
svalbard_arctic,2018-01-11,-18.56,-25.5,0.6,10.1,60.41
svalbard_arctic,2018-01-12,-19.17,-26.59,1.59,11.84,70.13
svalbard_arctic,2018-01-13,-20.41,-24.87,0.16,14.27,18.61
svalbard_arctic,2018-01-14,-18.73,-20.02,0.97,15.77,32.03
svalbard_arctic,2018-01-15,-25.27,-22.41,0.28,11.36,54.68
svalbard_arctic,2018-01-16,-19.52,-23.04,0.0,10.81,30.33
svalbard_arctic,2018-01-17,-25.92,-25.7,0.45,11.14,43.58
svalbard_arctic,2018-01-18,-23.45,-25.66,1.33,12.82,64.53
svalbard_arctic,2018-01-19,-19.81,-20.52,1.36,17.87,61.02
svalbard_arctic,2018-01-20,-20.96,-26.24,0.08,20.7,65.95
svalbard_arctic,2018-01-21,-25.87,-26.47,1.68,19.4,39.17
svalbard_arctic,2018-01-22,-26.45,-30.0,1.97,16.27,69.2
svalbard_arctic,2018-01-23,-21.81,-29.61,0.0,7.92,43.53
svalbard_arctic,2018-01-24,-26.23,-21.51,0.84,12.89,64.29
svalbard_arctic,2018-01-25,-24.89,-30.97,1.77,10.56,66.41
svalbard_arctic,2018-01-26,-22.54,-20.03,2.01,11.48,87.65
svalbard_arctic,2018-01-27,-18.13,-25.59,0.92,19.0,81.89
svalbard_arctic,2018-01-28,-24.24,-23.68,1.82,17.36,66.59
svalbard_arctic,2018-01-29,-27.18,-21.56,2.01,15.45,51.08
svalbard_arctic,2018-01-30,-16.65,-26.51,1.28,22.53,58.08
svalbard_arctic,2018-01-31,-18.08,-22.85,0.43,15.39,61.62
svalbard_arctic,2018-02-01,-19.5,-27.67,1.08,18.04,46.89
svalbard_arctic,2018-02-02,-20.64,-26.46,0.04,14.33,66.1
svalbard_arctic,2018-02-03,-14.2,-23.17,0.1,12.91,67.66
svalbard_arctic,2018-02-04,-19.45,-23.16,0.0,20.26,67.69
svalbard_arctic,2018-02-05,-20.09,-23.26,1.59,9.02,39.59
svalbard_arctic,2018-02-06,-20.81,-19.84,1.78,5.72,55.66
svalbard_arctic,2018-02-07,-18.89,-24.43,0.0,8.34,70.64
svalbard_arctic,2018-02-08,-22.31,-19.3,0.25,10.38,67.72
svalbard_arctic,2018-02-09,-16.69,-23.86,0.11,15.89,53.91
svalbard_arctic,2018-02-10,-16.04,-22.14,1.24,17.27,55.61
svalbard_arctic,2018-02-11,-16.04,-21.66,0.72,9.12,50.27
svalbard_arctic,2018-02-12,-19.91,-25.28,1.38,9.85,65.36
svalbard_arctic,2018-02-13,-18.54,-23.04,0.76,10.54,31.92
svalbard_arctic,2018-02-14,-23.54,-27.93,1.0,12.52,42.15
svalbard_arctic,2018-02-15,-23.23,-23.14,0.78,12.38,47.99
svalbard_arctic,2018-02-16,-17.05,-23.15,1.91,13.84,64.99
svalbard_arctic,2018-02-17,-16.5,-21.64,0.0,8.64,78.53
svalbard_arctic,2018-02-18,-24.36,-23.51,0.0,8.15,62.37
svalbard_arctic,2018-02-19,-22.87,-17.66,0.0,8.99,39.11
svalbard_arctic,2018-02-20,-21.69,-27.99,1.19,12.66,53.69
svalbard_arctic,2018-02-21,-17.74,-26.3,0.0,7.64,42.95
svalbard_arctic,2018-02-22,-19.94,-25.52,0.0,8.94,53.2
svalbard_arctic,2018-02-23,-22.01,-22.64,1.44,14.62,43.24
svalbard_arctic,2018-02-24,-19.33,-24.72,0.0,18.48,51.67
svalbard_arctic,2018-02-25,-19.24,-25.76,0.0,14.19,44.82
svalbard_arctic,2018-02-26,-15.38,-23.62,0.0,8.32,88.09
svalbard_arctic,2018-02-27,-18.76,-26.39,0.05,15.47,63.57
svalbard_arctic,2018-02-28,-13.44,-20.73,3.7,10.44,44.53
svalbard_arctic,2018-03-01,-23.81,-20.75,0.44,18.38,57.07
svalbard_arctic,2018-03-02,-16.15,-25.33,0.76,14.53,84.21
svalbard_arctic,2018-03-03,-11.07,-18.76,0.0,9.44,70.91
svalbard_arctic,2018-03-04,-17.62,-25.21,0.67,13.36,55.61
svalbard_arctic,2018-03-05,-17.89,-22.67,1.76,7.31,49.77
svalbard_arctic,2018-03-06,-18.88,-20.21,0.9,13.64,63.23
svalbard_arctic,2018-03-07,-21.09,-20.53,2.8,11.92,50.6
svalbard_arctic,2018-03-08,-13.38,-25.25,0.03,21.43,75.94
svalbard_arctic,2018-03-09,-18.76,-19.05,0.0,13.9,96.9
svalbard_arctic,2018-03-10,-13.5,-20.36,1.21,13.34,61.69
svalbard_arctic,2018-03-11,-14.87,-14.36,1.23,3.6,60.57
svalbard_arctic,2018-03-12,-13.89,-18.08,0.89,15.71,41.44
svalbard_arctic,2018-03-13,-18.52,-15.27,0.0,17.9,82.65
svalbard_arctic,2018-03-14,-14.48,-22.33,0.28,17.97,67.75
svalbard_arctic,2018-03-15,-15.31,-24.05,1.03,12.82,33.77
svalbard_arctic,2018-03-16,-14.56,-15.16,1.08,10.89,65.17
svalbard_arctic,2018-03-17,-22.49,-17.9,1.51,18.37,59.77
svalbard_arctic,2018-03-18,-13.18,-13.27,0.0,13.09,62.29
svalbard_arctic,2018-03-19,-7.87,-15.19,0.0,13.34,54.21
svalbard_arctic,2018-03-20,-18.2,-15.17,0.67,12.2,62.1
svalbard_arctic,2018-03-21,-11.34,-16.81,1.48,4.59,44.51
svalbard_arctic,2018-03-22,-14.68,-20.55,0.0,10.34,62.27
svalbard_arctic,2018-03-23,-16.89,-20.81,2.45,14.06,73.14
svalbard_arctic,2018-03-24,-15.68,-23.66,0.53,16.11,58.27
svalbard_arctic,2018-03-25,-9.0,-18.94,2.01,13.64,50.62
svalbard_arctic,2018-03-26,-12.3,-17.2,2.65,15.96,82.85
svalbard_arctic,2018-03-27,-13.34,-17.26,0.0,7.0,78.69
svalbard_arctic,2018-03-28,-17.47,-16.7,1.38,10.08,46.2
svalbard_arctic,2018-03-29,-10.89,-22.93,2.71,23.16,55.75
svalbard_arctic,2018-03-30,-9.1,-15.74,0.45,16.83,62.62
svalbard_arctic,2018-03-31,-11.22,-11.54,2.86,19.47,66.65
svalbard_arctic,2018-04-01,-15.34,-18.3,1.9,13.01,71.88
svalbard_arctic,2018-04-02,-10.12,-20.0,0.58,18.27,58.14
svalbard_arctic,2018-04-03,-5.9,-20.2,0.88,18.16,48.6
svalbard_arctic,2018-04-04,-11.74,-17.16,0.0,22.87,67.02
svalbard_arctic,2018-04-05,-7.94,-16.18,0.25,16.08,52.1
svalbard_arctic,2018-04-06,-11.5,-14.27,1.6,10.16,72.06
svalbard_arctic,2018-04-07,-11.15,-12.31,0.67,11.34,71.68
svalbard_arctic,2018-04-08,-9.78,-17.3,1.29,15.67,90.45
svalbard_arctic,2018-04-09,-11.25,-15.74,2.11,4.07,83.82
svalbard_arctic,2018-04-10,-11.32,-18.88,2.07,16.2,74.29
svalbard_arctic,2018-04-11,-9.67,-12.03,1.35,16.85,58.74
svalbard_arctic,2018-04-12,-6.61,-14.7,0.41,20.58,51.89
svalbard_arctic,2018-04-13,-9.03,-14.02,1.15,7.44,80.67
svalbard_arctic,2018-04-14,-9.17,-9.17,1.21,10.31,70.88
svalbard_arctic,2018-04-15,-8.25,-12.56,0.34,15.27,53.04
svalbard_arctic,2018-04-16,-3.86,-7.57,1.36,14.68,67.36
svalbard_arctic,2018-04-17,-11.34,-10.19,0.18,14.99,62.79
svalbard_arctic,2018-04-18,-6.15,-13.49,0.98,18.86,60.78
svalbard_arctic,2018-04-19,-5.42,-15.33,0.41,16.4,67.64
svalbard_arctic,2018-04-20,-8.21,-12.23,0.54,21.21,56.27
svalbard_arctic,2018-04-21,-3.81,-8.47,1.93,19.93,47.93
svalbard_arctic,2018-04-22,-4.45,-15.48,1.93,12.47,94.04
svalbard_arctic,2018-04-23,-4.54,-12.9,0.85,16.43,63.15
svalbard_arctic,2018-04-24,-10.64,-13.35,2.29,17.55,75.41
svalbard_arctic,2018-04-25,-8.21,-11.9,1.78,22.94,43.21
svalbard_arctic,2018-04-26,-8.38,-9.22,1.63,16.31,46.51
svalbard_arctic,2018-04-27,-3.99,-9.59,0.97,17.78,53.05
svalbard_arctic,2018-04-28,-3.23,-9.43,1.72,13.63,52.86
svalbard_arctic,2018-04-29,-6.48,-13.92,0.62,17.73,52.0
svalbard_arctic,2018-04-30,-6.25,-7.39,1.29,11.32,53.17
svalbard_arctic,2018-05-01,1.39,-6.31,2.31,13.03,79.21
svalbard_arctic,2018-05-02,-4.46,-9.8,1.99,20.78,56.4
svalbard_arctic,2018-05-03,-3.47,-11.54,0.49,19.2,35.12
svalbard_arctic,2018-05-04,-5.33,-6.19,2.18,21.25,69.6
svalbard_arctic,2018-05-05,-0.41,-4.41,0.0,24.91,60.66
svalbard_arctic,2018-05-06,-2.95,-7.07,1.06,19.68,90.89
svalbard_arctic,2018-05-07,-3.43,-10.17,2.24,16.95,67.14
svalbard_arctic,2018-05-08,-3.09,-10.96,0.3,13.78,87.27
svalbard_arctic,2018-05-09,-4.79,-5.87,1.43,13.91,64.73
svalbard_arctic,2018-05-10,-6.18,-12.05,1.58,16.18,59.6
svalbard_arctic,2018-05-11,-3.12,-11.33,2.41,15.93,77.69
svalbard_arctic,2018-05-12,1.73,-6.3,0.63,19.68,50.31
svalbard_arctic,2018-05-13,-3.59,-2.02,1.97,12.73,85.96
svalbard_arctic,2018-05-14,0.64,-3.08,0.43,14.04,63.46
svalbard_arctic,2018-05-15,-3.49,-5.18,0.78,17.78,46.05
svalbard_arctic,2018-05-16,-7.75,-12.39,1.15,10.48,77.3
svalbard_arctic,2018-05-17,-3.49,-13.3,1.02,22.29,66.49
svalbard_arctic,2018-05-18,-6.59,-6.25,2.12,19.93,51.74
svalbard_arctic,2018-05-19,0.72,-0.24,3.58,17.34,76.08
svalbard_arctic,2018-05-20,-6.84,-8.02,1.16,12.47,62.62
svalbard_arctic,2018-05-21,-0.9,-2.56,1.2,16.04,80.93
svalbard_arctic,2018-05-22,-3.21,-4.03,2.88,19.5,68.36
svalbard_arctic,2018-05-23,-2.64,-6.49,3.58,14.17,77.35
svalbard_arctic,2018-05-24,2.02,-5.82,1.03,10.16,66.35
svalbard_arctic,2018-05-25,-0.76,-9.46,1.5,18.64,48.08
svalbard_arctic,2018-05-26,-0.31,-2.9,0.0,18.07,83.91
svalbard_arctic,2018-05-27,-0.32,-6.01,0.43,14.91,59.92
svalbard_arctic,2018-05-28,-1.05,-1.32,0.0,26.27,41.11
svalbard_arctic,2018-05-29,-2.08,-4.37,0.89,13.64,65.32
svalbard_arctic,2018-05-30,-4.52,-4.41,2.88,22.54,61.22
svalbard_arctic,2018-05-31,1.79,-9.7,0.34,19.7,85.14
svalbard_arctic,2018-06-01,1.71,-2.33,0.58,18.51,61.85
svalbard_arctic,2018-06-02,4.41,-1.5,1.69,26.39,70.13
svalbard_arctic,2018-06-03,2.34,0.91,0.0,21.77,80.17
svalbard_arctic,2018-06-04,-0.06,-5.24,1.55,14.51,72.92
svalbard_arctic,2018-06-05,0.97,-1.76,0.0,14.94,87.46
svalbard_arctic,2018-06-06,3.32,-1.2,0.96,14.19,88.18
svalbard_arctic,2018-06-07,5.05,-6.08,0.0,18.53,58.47
svalbard_arctic,2018-06-08,0.69,-3.98,0.5,14.5,78.05
svalbard_arctic,2018-06-09,5.36,-5.52,1.12,8.93,97.09
svalbard_arctic,2018-06-10,1.96,-5.13,1.13,15.47,60.0
svalbard_arctic,2018-06-11,0.34,-2.87,1.05,21.13,55.68
svalbard_arctic,2018-06-12,0.54,-3.63,3.49,22.92,83.33
svalbard_arctic,2018-06-13,1.73,-1.47,1.98,20.86,61.81
svalbard_arctic,2018-06-14,2.68,0.59,0.0,17.05,100.0
svalbard_arctic,2018-06-15,6.29,0.61,0.0,21.8,68.15
svalbard_arctic,2018-06-16,8.63,1.32,2.6,25.42,59.69
svalbard_arctic,2018-06-17,2.44,-1.72,1.27,19.74,65.56
svalbard_arctic,2018-06-18,-0.95,-2.35,2.53,17.83,95.08
svalbard_arctic,2018-06-19,1.54,-4.39,2.3,24.67,54.52
svalbard_arctic,2018-06-20,2.52,1.51,0.99,15.18,68.57
svalbard_arctic,2018-06-21,4.36,2.45,1.43,20.82,70.01
svalbard_arctic,2018-06-22,-1.76,3.38,0.69,5.44,35.53
svalbard_arctic,2018-06-23,6.9,0.66,2.23,16.29,66.78
svalbard_arctic,2018-06-24,1.12,-1.59,1.41,8.88,71.23
svalbard_arctic,2018-06-25,4.83,-3.35,2.51,20.9,61.14
svalbard_arctic,2018-06-26,3.63,-4.03,0.61,14.69,85.08
svalbard_arctic,2018-06-27,2.08,-5.81,1.02,20.54,86.2
svalbard_arctic,2018-06-28,8.19,3.24,0.74,15.6,76.46
svalbard_arctic,2018-06-29,2.89,1.38,2.8,15.95,57.01
svalbard_arctic,2018-06-30,1.45,7.32,1.25,15.27,60.91
svalbard_arctic,2018-07-01,5.98,0.02,1.18,20.21,90.65
svalbard_arctic,2018-07-02,7.09,0.62,1.1,19.35,100.0
svalbard_arctic,2018-07-03,3.92,1.6,2.47,14.44,88.53
svalbard_arctic,2018-07-04,5.13,2.36,4.27,17.67,81.65
svalbard_arctic,2018-07-05,7.52,-1.4,3.8,15.28,60.05
svalbard_arctic,2018-07-06,4.05,0.55,2.01,16.15,76.19
svalbard_arctic,2018-07-07,3.99,3.04,0.34,16.14,55.17
svalbard_arctic,2018-07-08,7.13,5.54,0.71,15.83,83.24
svalbard_arctic,2018-07-09,4.37,-1.94,1.6,20.84,69.22
svalbard_arctic,2018-07-10,2.53,1.43,0.0,20.8,57.1
svalbard_arctic,2018-07-11,4.87,1.15,0.65,11.8,68.08
svalbard_arctic,2018-07-12,2.03,0.08,2.17,17.17,80.8
svalbard_arctic,2018-07-13,4.73,3.96,0.0,28.54,77.89
svalbard_arctic,2018-07-14,7.86,7.79,1.83,23.3,75.69
svalbard_arctic,2018-07-15,1.32,2.07,0.75,26.85,79.92
svalbard_arctic,2018-07-16,4.86,-1.36,0.66,14.16,58.56
svalbard_arctic,2018-07-17,6.79,-3.29,1.88,16.66,59.68
svalbard_arctic,2018-07-18,4.83,0.78,2.88,14.76,61.59
svalbard_arctic,2018-07-19,9.18,3.83,1.23,18.26,54.87
svalbard_arctic,2018-07-20,5.18,0.38,2.67,19.22,74.8
svalbard_arctic,2018-07-21,6.17,1.77,1.63,20.21,52.59
svalbard_arctic,2018-07-22,9.14,6.85,0.17,16.34,78.29
svalbard_arctic,2018-07-23,6.53,2.91,2.4,15.51,51.2
svalbard_arctic,2018-07-24,4.91,1.12,2.61,14.57,85.8
svalbard_arctic,2018-07-25,3.65,-3.1,1.69,17.5,78.69
svalbard_arctic,2018-07-26,4.46,3.32,0.02,20.57,52.07
svalbard_arctic,2018-07-27,5.91,2.55,0.0,21.11,81.74
svalbard_arctic,2018-07-28,2.54,3.32,1.77,23.22,73.07
svalbard_arctic,2018-07-29,8.77,-2.95,1.77,19.55,91.77
svalbard_arctic,2018-07-30,11.68,0.67,2.0,21.26,72.78
svalbard_arctic,2018-07-31,4.76,2.46,0.0,12.39,49.6
svalbard_arctic,2018-08-01,-0.45,-3.73,0.43,22.16,68.01
svalbard_arctic,2018-08-02,6.96,1.02,0.72,22.61,71.71
svalbard_arctic,2018-08-03,4.9,3.83,2.36,25.16,66.61
svalbard_arctic,2018-08-04,6.52,-1.42,1.31,26.5,82.41
svalbard_arctic,2018-08-05,4.36,3.63,2.42,13.44,89.84
svalbard_arctic,2018-08-06,7.24,0.46,0.3,21.73,81.62
svalbard_arctic,2018-08-07,2.17,0.6,0.0,16.6,59.06
svalbard_arctic,2018-08-08,5.5,3.19,2.13,16.1,79.63
svalbard_arctic,2018-08-09,5.13,-1.89,1.06,16.55,73.13
svalbard_arctic,2018-08-10,5.3,-3.8,1.33,16.06,62.43
svalbard_arctic,2018-08-11,6.36,-0.8,0.04,17.37,95.76
svalbard_arctic,2018-08-12,6.68,0.89,1.41,16.25,75.35
svalbard_arctic,2018-08-13,0.43,0.86,1.48,19.83,62.0
svalbard_arctic,2018-08-14,6.13,0.67,1.29,20.71,72.04
svalbard_arctic,2018-08-15,4.19,-2.61,1.94,22.65,77.17
svalbard_arctic,2018-08-16,2.95,0.94,2.05,20.04,98.9
svalbard_arctic,2018-08-17,4.28,-0.9,2.53,17.52,81.53
svalbard_arctic,2018-08-18,4.03,3.88,1.33,20.64,63.91
svalbard_arctic,2018-08-19,3.49,1.86,2.95,21.89,83.53
svalbard_arctic,2018-08-20,-2.2,0.63,0.0,20.19,75.7
svalbard_arctic,2018-08-21,3.38,-1.59,2.19,19.93,50.04
svalbard_arctic,2018-08-22,2.24,-2.23,1.3,28.7,53.19
svalbard_arctic,2018-08-23,3.75,-1.97,1.14,15.35,61.33
svalbard_arctic,2018-08-24,2.43,-0.59,0.8,21.35,58.23
svalbard_arctic,2018-08-25,8.84,1.39,1.79,18.3,56.64
svalbard_arctic,2018-08-26,1.72,-6.08,3.1,10.99,79.7
svalbard_arctic,2018-08-27,-2.4,-3.32,2.56,10.74,86.98
svalbard_arctic,2018-08-28,1.75,1.78,2.14,10.03,53.28
svalbard_arctic,2018-08-29,0.56,-3.82,1.1,17.66,70.43
svalbard_arctic,2018-08-30,2.37,-4.79,2.87,11.06,90.48
svalbard_arctic,2018-08-31,0.25,0.8,1.65,17.08,85.55
svalbard_arctic,2018-09-01,3.35,-1.05,0.18,18.04,67.48
svalbard_arctic,2018-09-02,1.25,-2.05,0.41,15.45,64.9
svalbard_arctic,2018-09-03,2.2,-1.04,2.83,16.32,94.78
svalbard_arctic,2018-09-04,5.39,-3.88,2.34,20.99,92.51
svalbard_arctic,2018-09-05,1.01,-3.09,2.47,13.74,94.3
svalbard_arctic,2018-09-06,-3.36,-3.08,1.36,17.48,68.42
svalbard_arctic,2018-09-07,-0.96,-4.5,0.35,8.22,68.2
svalbard_arctic,2018-09-08,-3.83,-4.69,0.0,18.17,54.78
svalbard_arctic,2018-09-09,-1.64,-6.5,0.36,22.34,75.14
svalbard_arctic,2018-09-10,-10.59,-5.55,0.0,20.25,64.69
svalbard_arctic,2018-09-11,2.29,-5.54,3.51,16.04,71.03
svalbard_arctic,2018-09-12,-4.86,-10.01,0.62,15.33,36.23
svalbard_arctic,2018-09-13,1.58,-2.78,0.62,23.67,64.52
svalbard_arctic,2018-09-14,-2.7,-3.97,0.6,19.44,90.37
svalbard_arctic,2018-09-15,-1.77,-0.51,0.0,17.13,72.75
svalbard_arctic,2018-09-16,3.73,-9.1,0.0,19.44,29.02
svalbard_arctic,2018-09-17,-2.28,-8.38,2.77,14.53,80.35
svalbard_arctic,2018-09-18,-4.45,-2.73,2.94,16.13,88.79
svalbard_arctic,2018-09-19,-3.23,-9.36,2.34,13.74,46.97
svalbard_arctic,2018-09-20,-5.66,-6.07,1.66,20.17,73.13
svalbard_arctic,2018-09-21,0.43,-6.86,0.0,12.79,65.0
svalbard_arctic,2018-09-22,-0.67,-1.73,2.42,14.49,76.64
svalbard_arctic,2018-09-23,-3.43,-6.69,1.14,18.09,79.69
svalbard_arctic,2018-09-24,-0.43,-6.9,1.67,6.1,66.53
svalbard_arctic,2018-09-25,-1.14,-6.28,1.42,13.13,69.94
svalbard_arctic,2018-09-26,-3.97,-9.73,1.9,12.56,95.77
svalbard_arctic,2018-09-27,-2.62,-8.88,2.09,16.88,100.0
svalbard_arctic,2018-09-28,-4.27,-10.86,0.97,16.77,80.46
svalbard_arctic,2018-09-29,-5.75,-5.83,2.15,23.94,72.79
svalbard_arctic,2018-09-30,-11.65,-5.91,0.81,12.24,59.87
svalbard_arctic,2018-10-01,-5.06,-10.74,2.11,9.84,67.24
svalbard_arctic,2018-10-02,-4.46,-9.19,2.13,20.67,69.21
svalbard_arctic,2018-10-03,-8.84,-8.15,0.0,13.2,70.29
svalbard_arctic,2018-10-04,-2.35,-13.0,1.12,16.25,35.28
svalbard_arctic,2018-10-05,-5.77,-7.46,0.0,13.63,58.75
svalbard_arctic,2018-10-06,-4.06,-12.49,0.0,18.07,63.93
svalbard_arctic,2018-10-07,-4.72,-14.58,1.13,16.95,62.13
svalbard_arctic,2018-10-08,-6.1,-9.54,0.92,14.03,72.8
svalbard_arctic,2018-10-09,-7.72,-8.13,0.79,15.56,94.0
svalbard_arctic,2018-10-10,-8.36,-7.47,1.71,13.47,75.78
svalbard_arctic,2018-10-11,-11.54,-9.0,0.67,15.58,73.81
svalbard_arctic,2018-10-12,-2.28,-12.65,0.0,13.51,78.14
svalbard_arctic,2018-10-13,-5.92,-5.28,0.0,21.12,87.59
svalbard_arctic,2018-10-14,-10.03,-10.86,0.0,14.1,100.0
svalbard_arctic,2018-10-15,-5.65,-14.05,0.15,13.33,70.62
svalbard_arctic,2018-10-16,-11.05,-8.6,0.27,7.91,70.06
svalbard_arctic,2018-10-17,-5.99,-10.85,2.43,10.72,71.31
svalbard_arctic,2018-10-18,-6.72,-5.85,1.18,17.39,71.55
svalbard_arctic,2018-10-19,-10.19,-7.53,0.0,14.31,55.03
svalbard_arctic,2018-10-20,-13.22,-13.58,1.84,13.58,66.93
svalbard_arctic,2018-10-21,-10.2,-16.28,1.8,17.8,54.53
svalbard_arctic,2018-10-22,-8.61,-14.34,0.55,20.04,80.26
svalbard_arctic,2018-10-23,-13.84,-20.01,2.26,11.36,100.0
svalbard_arctic,2018-10-24,-11.45,-13.18,2.02,13.77,69.72
svalbard_arctic,2018-10-25,-5.68,-10.56,0.66,6.29,77.71
svalbard_arctic,2018-10-26,-10.03,-13.66,0.92,18.42,83.09
svalbard_arctic,2018-10-27,-2.1,-12.51,0.61,25.94,48.75
svalbard_arctic,2018-10-28,-8.94,-11.86,1.5,13.09,76.07
svalbard_arctic,2018-10-29,-11.05,-9.91,0.0,12.94,70.45
svalbard_arctic,2018-10-30,-13.39,-14.11,1.9,14.07,41.34
svalbard_arctic,2018-10-31,-14.35,-15.48,0.0,15.3,61.04
svalbard_arctic,2018-11-01,-10.68,-16.76,0.29,15.42,24.06
svalbard_arctic,2018-11-02,-12.79,-10.46,3.04,15.36,37.14
svalbard_arctic,2018-11-03,-12.53,-17.26,0.61,8.63,43.63
svalbard_arctic,2018-11-04,-11.22,-10.14,1.29,13.93,40.69
svalbard_arctic,2018-11-05,-14.03,-16.9,1.36,16.66,83.55
svalbard_arctic,2018-11-06,-9.61,-18.63,1.3,9.28,44.12
svalbard_arctic,2018-11-07,-11.57,-15.05,0.51,8.56,66.05
svalbard_arctic,2018-11-08,-14.39,-15.81,1.38,11.72,59.93
svalbard_arctic,2018-11-09,-12.12,-21.73,0.86,14.6,59.43
svalbard_arctic,2018-11-10,-19.89,-14.87,0.0,16.34,54.26
svalbard_arctic,2018-11-11,-12.06,-22.69,0.0,16.93,50.37
svalbard_arctic,2018-11-12,-12.31,-11.93,0.75,10.3,72.18
svalbard_arctic,2018-11-13,-19.79,-21.84,1.43,6.19,23.76
svalbard_arctic,2018-11-14,-19.39,-16.89,1.44,19.95,76.0
svalbard_arctic,2018-11-15,-14.95,-16.35,1.09,18.57,53.89
svalbard_arctic,2018-11-16,-16.12,-15.28,0.9,11.79,63.51
svalbard_arctic,2018-11-17,-14.57,-22.68,0.76,16.58,70.2
svalbard_arctic,2018-11-18,-14.43,-17.0,1.21,14.61,79.55
svalbard_arctic,2018-11-19,-10.19,-21.97,0.0,12.72,48.66
svalbard_arctic,2018-11-20,-16.05,-18.19,0.91,20.59,53.21
svalbard_arctic,2018-11-21,-13.34,-24.95,1.76,10.75,35.9
svalbard_arctic,2018-11-22,-16.76,-17.75,0.97,7.69,65.12
svalbard_arctic,2018-11-23,-14.37,-15.58,0.0,13.86,89.78
svalbard_arctic,2018-11-24,-16.96,-20.54,0.0,10.9,51.1
svalbard_arctic,2018-11-25,-19.85,-19.59,2.13,13.89,55.33
svalbard_arctic,2018-11-26,-17.92,-18.19,0.69,11.97,65.97
svalbard_arctic,2018-11-27,-15.11,-19.2,0.0,10.28,57.36
svalbard_arctic,2018-11-28,-19.9,-25.19,0.0,12.19,70.63
svalbard_arctic,2018-11-29,-16.35,-24.22,0.0,6.92,57.73
svalbard_arctic,2018-11-30,-15.8,-21.94,0.0,6.85,73.01
svalbard_arctic,2018-12-01,-15.91,-20.55,1.09,11.93,51.21
svalbard_arctic,2018-12-02,-14.86,-22.48,0.21,14.48,59.49
svalbard_arctic,2018-12-03,-11.14,-20.92,0.0,6.16,43.58
svalbard_arctic,2018-12-04,-21.22,-18.34,2.02,14.65,48.11
svalbard_arctic,2018-12-05,-18.7,-22.61,0.49,10.86,59.39
svalbard_arctic,2018-12-06,-17.88,-24.98,0.8,14.33,57.6
svalbard_arctic,2018-12-07,-19.37,-20.33,1.51,13.67,72.18
svalbard_arctic,2018-12-08,-14.49,-18.29,0.0,16.6,62.36
svalbard_arctic,2018-12-09,-14.41,-21.25,0.0,12.08,55.45
svalbard_arctic,2018-12-10,-11.56,-23.65,0.78,6.07,50.05
svalbard_arctic,2018-12-11,-18.84,-22.91,0.0,20.75,59.3
svalbard_arctic,2018-12-12,-22.0,-23.96,2.79,12.97,70.96
svalbard_arctic,2018-12-13,-19.37,-21.78,1.13,13.15,46.66
svalbard_arctic,2018-12-14,-21.7,-29.1,0.63,11.97,98.26
svalbard_arctic,2018-12-15,-16.43,-22.61,1.22,18.1,36.25
svalbard_arctic,2018-12-16,-16.78,-23.54,1.4,7.56,44.4
svalbard_arctic,2018-12-17,-16.85,-20.43,1.07,6.9,49.51
svalbard_arctic,2018-12-18,-13.0,-27.51,1.56,9.61,70.4
svalbard_arctic,2018-12-19,-19.34,-26.81,1.9,13.95,78.16
svalbard_arctic,2018-12-20,-21.41,-22.41,2.47,9.46,51.18
svalbard_arctic,2018-12-21,-19.72,-19.66,0.0,9.27,43.06
svalbard_arctic,2018-12-22,-22.6,-24.1,0.0,7.85,42.42
svalbard_arctic,2018-12-23,-21.85,-24.46,0.0,15.71,70.29
svalbard_arctic,2018-12-24,-19.84,-26.21,0.93,13.69,37.49
svalbard_arctic,2018-12-25,-18.49,-23.83,0.0,15.42,60.29
svalbard_arctic,2018-12-26,-22.55,-26.93,0.0,10.06,61.58
svalbard_arctic,2018-12-27,-24.08,-28.1,1.24,11.91,60.9
svalbard_arctic,2018-12-28,-18.08,-22.58,0.23,15.19,43.81
svalbard_arctic,2018-12-29,-22.92,-26.89,0.57,8.93,36.76
svalbard_arctic,2018-12-30,-19.91,-22.34,2.31,16.17,55.54
svalbard_arctic,2018-12-31,-17.0,-24.6,1.72,13.86,64.76
svalbard_arctic,2019-01-01,-18.06,-21.55,0.94,17.28,49.82
svalbard_arctic,2019-01-02,-18.78,-27.79,0.0,15.86,64.91
svalbard_arctic,2019-01-03,-17.35,-22.21,0.51,5.55,53.11
svalbard_arctic,2019-01-04,-19.95,-24.63,0.0,9.79,64.29
svalbard_arctic,2019-01-05,-24.03,-29.14,0.42,2.72,39.54
svalbard_arctic,2019-01-06,-13.38,-26.91,0.0,4.25,51.86
svalbard_arctic,2019-01-07,-19.47,-26.86,0.76,8.1,80.74
svalbard_arctic,2019-01-08,-19.41,-23.65,0.36,17.38,46.32
svalbard_arctic,2019-01-09,-20.35,-27.72,0.0,11.95,60.5
svalbard_arctic,2019-01-10,-26.01,-28.59,0.0,13.79,54.69
svalbard_arctic,2019-01-11,-23.55,-26.13,2.29,10.0,47.44
svalbard_arctic,2019-01-12,-16.04,-22.17,0.0,10.69,67.51
svalbard_arctic,2019-01-13,-26.75,-24.59,1.72,14.67,44.89
svalbard_arctic,2019-01-14,-21.34,-25.84,0.54,11.3,71.34
svalbard_arctic,2019-01-15,-20.19,-23.23,0.75,11.12,65.72
svalbard_arctic,2019-01-16,-22.06,-27.92,0.77,14.06,34.34
svalbard_arctic,2019-01-17,-14.94,-19.63,0.36,7.69,67.04
svalbard_arctic,2019-01-18,-25.62,-20.01,0.65,12.72,56.6
svalbard_arctic,2019-01-19,-23.19,-26.41,1.2,12.91,38.88
svalbard_arctic,2019-01-20,-20.03,-24.73,0.0,4.9,46.98
svalbard_arctic,2019-01-21,-19.79,-25.34,0.47,7.56,42.74
svalbard_arctic,2019-01-22,-20.67,-26.57,0.68,9.37,60.25
svalbard_arctic,2019-01-23,-20.14,-22.23,1.31,10.04,83.95
svalbard_arctic,2019-01-24,-22.84,-29.35,0.24,13.96,54.77
svalbard_arctic,2019-01-25,-21.92,-26.05,0.45,8.32,46.94
svalbard_arctic,2019-01-26,-24.02,-23.38,1.44,8.26,54.8
svalbard_arctic,2019-01-27,-19.64,-20.21,0.0,14.56,53.37
svalbard_arctic,2019-01-28,-25.9,-20.76,1.78,15.84,63.38
svalbard_arctic,2019-01-29,-24.85,-26.86,0.0,15.99,48.63
svalbard_arctic,2019-01-30,-18.07,-27.11,1.71,7.55,11.57
svalbard_arctic,2019-01-31,-22.43,-25.97,1.92,8.38,56.67
svalbard_arctic,2019-02-01,-13.37,-20.37,0.31,5.23,50.74
svalbard_arctic,2019-02-02,-21.94,-23.39,1.66,1.68,38.85
svalbard_arctic,2019-02-03,-21.86,-16.0,0.3,7.11,51.42
svalbard_arctic,2019-02-04,-16.47,-22.59,0.0,9.48,73.89
svalbard_arctic,2019-02-05,-17.41,-19.36,1.06,12.94,42.46
svalbard_arctic,2019-02-06,-20.86,-24.62,1.55,15.48,53.68
svalbard_arctic,2019-02-07,-20.48,-26.73,0.0,11.73,49.05
svalbard_arctic,2019-02-08,-17.11,-16.98,0.0,17.89,34.92
svalbard_arctic,2019-02-09,-19.43,-28.07,0.89,8.57,59.58
svalbard_arctic,2019-02-10,-20.96,-23.19,2.33,17.66,54.85
svalbard_arctic,2019-02-11,-20.42,-23.57,0.67,8.88,89.8
svalbard_arctic,2019-02-12,-13.85,-25.61,1.99,14.19,66.54
svalbard_arctic,2019-02-13,-20.61,-22.66,1.8,13.15,68.28
svalbard_arctic,2019-02-14,-20.52,-24.09,1.59,17.04,43.56
svalbard_arctic,2019-02-15,-19.59,-26.14,0.54,18.25,67.32
svalbard_arctic,2019-02-16,-19.18,-27.29,0.06,8.31,64.57
svalbard_arctic,2019-02-17,-21.47,-22.0,0.85,3.16,20.06
svalbard_arctic,2019-02-18,-14.35,-25.55,0.0,11.58,73.39
svalbard_arctic,2019-02-19,-20.11,-24.65,1.56,14.01,54.85
svalbard_arctic,2019-02-20,-17.39,-25.44,0.33,12.43,43.1
svalbard_arctic,2019-02-21,-13.84,-25.24,0.57,24.14,55.15
svalbard_arctic,2019-02-22,-19.63,-23.17,0.54,14.71,47.5
svalbard_arctic,2019-02-23,-17.3,-26.32,0.0,14.73,61.99
svalbard_arctic,2019-02-24,-22.04,-23.4,0.19,7.4,51.05
svalbard_arctic,2019-02-25,-20.55,-20.6,1.12,10.43,82.86
svalbard_arctic,2019-02-26,-17.65,-20.36,0.0,14.57,83.04
svalbard_arctic,2019-02-27,-19.12,-23.55,0.0,13.95,61.15
svalbard_arctic,2019-02-28,-15.51,-24.1,0.0,13.0,66.02
svalbard_arctic,2019-03-01,-19.16,-18.19,0.82,17.8,82.93
svalbard_arctic,2019-03-02,-18.25,-20.38,0.0,10.09,52.77
svalbard_arctic,2019-03-03,-19.18,-19.9,0.04,14.53,55.17
svalbard_arctic,2019-03-04,-13.82,-17.52,0.0,10.27,67.01
svalbard_arctic,2019-03-05,-17.59,-17.99,0.0,24.28,57.25
svalbard_arctic,2019-03-06,-18.77,-18.32,0.35,9.91,62.17
svalbard_arctic,2019-03-07,-19.28,-26.11,1.09,21.32,53.3
svalbard_arctic,2019-03-08,-19.77,-22.35,0.87,12.06,43.65
svalbard_arctic,2019-03-09,-14.27,-24.53,0.77,10.49,43.37
svalbard_arctic,2019-03-10,-16.41,-16.24,0.22,12.97,76.53
svalbard_arctic,2019-03-11,-7.17,-21.17,1.98,8.59,64.72
svalbard_arctic,2019-03-12,-17.46,-22.22,0.33,9.53,72.61
svalbard_arctic,2019-03-13,-20.3,-18.82,0.0,19.78,45.61
svalbard_arctic,2019-03-14,-16.1,-17.69,2.19,15.11,66.25
svalbard_arctic,2019-03-15,-8.49,-17.96,0.0,17.02,68.55
svalbard_arctic,2019-03-16,-14.04,-19.15,0.53,11.5,49.88
svalbard_arctic,2019-03-17,-15.15,-15.42,1.8,16.19,52.46
svalbard_arctic,2019-03-18,-16.32,-19.82,0.17,14.02,81.81
svalbard_arctic,2019-03-19,-15.51,-23.14,1.95,10.66,56.93
svalbard_arctic,2019-03-20,-10.75,-19.62,0.96,26.26,70.9
svalbard_arctic,2019-03-21,-16.67,-19.54,1.35,8.02,47.86
svalbard_arctic,2019-03-22,-13.87,-16.11,1.09,13.97,82.11
svalbard_arctic,2019-03-23,-13.32,-15.04,0.6,15.92,54.98
svalbard_arctic,2019-03-24,-13.53,-19.9,2.42,14.96,58.48
svalbard_arctic,2019-03-25,-14.29,-23.86,1.62,11.99,68.12
svalbard_arctic,2019-03-26,-17.51,-11.3,0.0,11.24,100.0
svalbard_arctic,2019-03-27,-12.3,-16.41,0.42,15.26,54.02
svalbard_arctic,2019-03-28,-13.57,-22.97,1.66,10.98,62.23
svalbard_arctic,2019-03-29,-8.84,-21.48,0.0,18.6,80.69
svalbard_arctic,2019-03-30,-12.84,-15.68,0.06,14.96,63.95
svalbard_arctic,2019-03-31,-12.28,-17.7,1.96,13.37,63.54
svalbard_arctic,2019-04-01,-11.43,-12.21,1.22,14.6,94.43
svalbard_arctic,2019-04-02,-10.27,-17.26,0.38,16.28,82.28
svalbard_arctic,2019-04-03,-16.88,-15.73,1.63,19.51,96.05
svalbard_arctic,2019-04-04,-10.33,-17.09,3.09,15.88,54.4
svalbard_arctic,2019-04-05,-16.13,-15.48,0.0,15.14,76.81
svalbard_arctic,2019-04-06,-11.94,-14.66,0.0,18.02,64.81
svalbard_arctic,2019-04-07,-8.69,-10.61,2.66,8.73,62.48
svalbard_arctic,2019-04-08,-4.18,-13.5,1.95,12.3,64.18
svalbard_arctic,2019-04-09,-13.15,-13.93,0.66,13.91,75.32
svalbard_arctic,2019-04-10,-12.44,-11.72,1.01,11.07,65.32
svalbard_arctic,2019-04-11,-14.78,-9.8,1.81,17.53,52.23
svalbard_arctic,2019-04-12,-11.68,-17.51,1.81,14.79,52.61
svalbard_arctic,2019-04-13,-2.41,-15.28,1.88,10.21,47.87
svalbard_arctic,2019-04-14,-13.83,-12.45,0.16,9.81,65.4
svalbard_arctic,2019-04-15,-18.17,-12.85,0.72,14.79,74.99
svalbard_arctic,2019-04-16,-5.97,-14.46,2.93,17.51,82.33
svalbard_arctic,2019-04-17,-5.81,-18.27,1.64,15.29,73.11
svalbard_arctic,2019-04-18,-8.02,-13.02,2.67,25.38,69.58
svalbard_arctic,2019-04-19,-7.56,-10.82,1.2,14.26,83.47
svalbard_arctic,2019-04-20,-5.36,-7.4,0.5,12.74,45.33
svalbard_arctic,2019-04-21,-5.08,-11.41,0.06,20.37,74.36
svalbard_arctic,2019-04-22,-10.34,-11.25,0.6,16.49,73.19
svalbard_arctic,2019-04-23,-10.8,-13.4,2.25,20.59,49.15
svalbard_arctic,2019-04-24,-9.84,-10.82,1.13,21.0,38.83
svalbard_arctic,2019-04-25,-8.92,-12.1,0.0,13.93,66.09
svalbard_arctic,2019-04-26,-4.21,-8.69,0.06,13.02,77.21
svalbard_arctic,2019-04-27,-2.99,-8.79,3.38,18.36,47.01
svalbard_arctic,2019-04-28,-6.97,-5.7,0.21,12.24,57.64
svalbard_arctic,2019-04-29,-4.87,-8.87,1.32,13.65,66.63
svalbard_arctic,2019-04-30,-5.78,-7.88,1.95,7.85,83.12
svalbard_arctic,2019-05-01,-7.78,-13.39,0.75,15.04,74.24
svalbard_arctic,2019-05-02,-7.7,-8.05,0.0,21.6,74.13
svalbard_arctic,2019-05-03,-4.65,-6.62,0.0,15.87,63.92
svalbard_arctic,2019-05-04,-2.36,-8.28,0.13,9.18,90.76
svalbard_arctic,2019-05-05,-3.18,-8.54,0.0,24.11,74.36
svalbard_arctic,2019-05-06,-4.8,-8.73,2.51,13.29,60.19
svalbard_arctic,2019-05-07,0.2,-3.04,1.89,16.13,62.1
svalbard_arctic,2019-05-08,0.92,-12.66,2.34,17.32,66.61
svalbard_arctic,2019-05-09,-8.09,-3.79,0.21,19.5,64.56
svalbard_arctic,2019-05-10,-6.91,-6.14,0.87,17.97,43.39
svalbard_arctic,2019-05-11,-7.49,-8.61,2.14,15.57,61.01
svalbard_arctic,2019-05-12,-0.23,-5.32,0.0,16.12,76.2
svalbard_arctic,2019-05-13,-3.57,-5.49,2.96,13.43,57.57
svalbard_arctic,2019-05-14,-2.35,-9.49,2.28,12.11,71.19
svalbard_arctic,2019-05-15,-0.51,-3.14,1.55,15.09,52.95
svalbard_arctic,2019-05-16,-2.16,-5.5,0.51,22.56,37.71
svalbard_arctic,2019-05-17,-3.85,-8.26,0.0,12.15,65.34
svalbard_arctic,2019-05-18,-5.02,-1.1,1.82,11.16,73.03
svalbard_arctic,2019-05-19,-2.24,-3.7,2.67,17.21,62.29
svalbard_arctic,2019-05-20,1.06,-4.16,1.52,20.63,55.29
svalbard_arctic,2019-05-21,-6.22,-2.02,1.8,13.89,79.93
svalbard_arctic,2019-05-22,-2.42,-4.86,1.83,12.73,69.99
svalbard_arctic,2019-05-23,-6.57,-2.17,1.34,18.14,80.26
svalbard_arctic,2019-05-24,2.18,-2.17,1.67,17.39,99.23
svalbard_arctic,2019-05-25,-5.4,-6.02,2.71,22.83,77.86
svalbard_arctic,2019-05-26,-5.05,-4.69,1.75,21.62,78.13
svalbard_arctic,2019-05-27,2.46,-5.42,1.32,11.78,60.41
svalbard_arctic,2019-05-28,-1.81,0.33,0.39,12.75,70.93
svalbard_arctic,2019-05-29,-5.15,-8.12,2.02,5.75,52.87
svalbard_arctic,2019-05-30,2.06,-2.46,1.28,17.73,56.67
svalbard_arctic,2019-05-31,0.98,0.76,1.3,13.93,76.04
svalbard_arctic,2019-06-01,6.63,-6.83,1.76,24.97,67.27
svalbard_arctic,2019-06-02,-2.7,-2.83,1.23,15.07,63.11
svalbard_arctic,2019-06-03,-1.84,0.77,1.6,15.78,73.91
svalbard_arctic,2019-06-04,-0.95,-3.78,1.41,14.33,63.86
svalbard_arctic,2019-06-05,4.38,-2.11,0.87,17.54,68.44
svalbard_arctic,2019-06-06,-4.35,-3.05,2.11,22.61,76.74
svalbard_arctic,2019-06-07,0.64,-5.09,0.0,8.82,65.47
svalbard_arctic,2019-06-08,2.61,-3.23,1.82,21.76,58.45
svalbard_arctic,2019-06-09,5.53,-3.89,0.21,9.47,91.47
svalbard_arctic,2019-06-10,-0.5,-6.43,2.39,16.17,100.0
svalbard_arctic,2019-06-11,3.09,2.66,0.0,13.04,72.93
svalbard_arctic,2019-06-12,0.46,-0.21,0.71,13.28,70.53
svalbard_arctic,2019-06-13,-1.22,-2.56,1.65,11.89,73.67
svalbard_arctic,2019-06-14,2.27,-2.71,1.11,19.04,62.83
svalbard_arctic,2019-06-15,1.88,-2.43,0.54,15.7,90.74
svalbard_arctic,2019-06-16,4.36,-3.3,2.35,19.66,87.62
svalbard_arctic,2019-06-17,8.88,-2.09,0.0,20.19,66.53
svalbard_arctic,2019-06-18,4.4,-3.53,1.36,16.47,68.67
svalbard_arctic,2019-06-19,3.18,1.41,0.63,20.22,79.44
svalbard_arctic,2019-06-20,4.94,-6.17,2.03,17.92,91.45
svalbard_arctic,2019-06-21,1.18,0.12,0.69,15.73,80.45
svalbard_arctic,2019-06-22,5.86,-3.03,1.27,21.34,82.48
svalbard_arctic,2019-06-23,1.61,2.45,0.97,23.6,80.38
svalbard_arctic,2019-06-24,4.65,-0.7,1.21,22.75,77.23
svalbard_arctic,2019-06-25,3.1,0.97,1.42,10.94,79.96
svalbard_arctic,2019-06-26,3.05,-1.87,1.32,18.02,86.22
svalbard_arctic,2019-06-27,8.71,3.98,1.22,23.0,79.29
svalbard_arctic,2019-06-28,1.33,-3.57,0.58,12.9,71.38
svalbard_arctic,2019-06-29,5.54,-1.76,1.52,17.44,100.0
svalbard_arctic,2019-06-30,2.87,-2.64,0.11,14.84,50.85
svalbard_arctic,2019-07-01,6.93,0.18,1.66,18.93,87.96
svalbard_arctic,2019-07-02,0.34,0.72,1.27,29.56,67.47
svalbard_arctic,2019-07-03,3.36,-3.28,0.0,17.85,50.08
svalbard_arctic,2019-07-04,1.66,-2.6,1.48,17.23,44.21
svalbard_arctic,2019-07-05,9.2,-2.7,2.99,26.81,72.0
svalbard_arctic,2019-07-06,8.4,-3.72,1.19,18.72,100.0
svalbard_arctic,2019-07-07,2.45,-1.34,1.47,15.42,100.0
svalbard_arctic,2019-07-08,1.17,5.98,0.58,11.34,66.58
svalbard_arctic,2019-07-09,3.33,1.23,3.67,22.3,66.0
svalbard_arctic,2019-07-10,7.12,-1.15,3.54,13.21,69.13
svalbard_arctic,2019-07-11,5.62,0.07,3.03,17.18,78.19
svalbard_arctic,2019-07-12,3.63,-3.77,3.4,19.7,100.0
svalbard_arctic,2019-07-13,8.24,-3.57,0.42,20.52,89.44
svalbard_arctic,2019-07-14,5.91,-1.62,0.03,11.41,84.96
svalbard_arctic,2019-07-15,2.33,-2.84,4.14,13.67,79.04
svalbard_arctic,2019-07-16,-1.31,3.55,1.14,18.87,46.5
svalbard_arctic,2019-07-17,11.11,6.67,0.47,11.65,46.25
svalbard_arctic,2019-07-18,4.08,3.59,1.76,20.72,63.61
svalbard_arctic,2019-07-19,-2.18,-1.38,0.18,12.66,56.93
svalbard_arctic,2019-07-20,5.86,1.02,1.56,16.81,50.24
svalbard_arctic,2019-07-21,-0.06,2.53,0.47,15.95,89.6
svalbard_arctic,2019-07-22,8.8,2.18,2.21,21.15,71.64
svalbard_arctic,2019-07-23,8.6,5.44,0.43,15.88,62.32
svalbard_arctic,2019-07-24,4.23,-2.64,0.11,20.81,55.78
svalbard_arctic,2019-07-25,1.59,1.38,0.36,22.57,86.07
svalbard_arctic,2019-07-26,6.35,0.75,1.63,17.8,74.12
svalbard_arctic,2019-07-27,8.5,-0.14,0.68,18.93,52.76
svalbard_arctic,2019-07-28,4.52,-3.83,2.18,15.16,68.16
svalbard_arctic,2019-07-29,3.66,-3.57,1.26,13.51,100.0
svalbard_arctic,2019-07-30,2.51,4.64,1.91,12.78,90.31
svalbard_arctic,2019-07-31,3.67,3.28,0.35,18.32,75.69
svalbard_arctic,2019-08-01,4.19,-2.75,1.13,15.61,80.42
svalbard_arctic,2019-08-02,3.13,-4.8,1.26,19.59,68.06
svalbard_arctic,2019-08-03,1.65,0.65,0.48,16.71,70.64
svalbard_arctic,2019-08-04,9.46,0.27,0.79,15.86,57.61
svalbard_arctic,2019-08-05,3.71,-4.4,1.69,17.08,64.33
svalbard_arctic,2019-08-06,2.78,6.55,0.0,9.33,81.89
svalbard_arctic,2019-08-07,4.89,4.03,0.84,21.49,95.91
svalbard_arctic,2019-08-08,4.95,-3.0,1.16,16.37,79.67
svalbard_arctic,2019-08-09,3.97,4.09,0.0,16.22,88.98
svalbard_arctic,2019-08-10,0.66,0.77,0.0,24.14,43.47
svalbard_arctic,2019-08-11,3.97,2.17,1.2,16.47,81.45
svalbard_arctic,2019-08-12,4.34,-2.62,0.27,20.08,79.23
svalbard_arctic,2019-08-13,4.78,1.67,0.0,9.83,62.47
svalbard_arctic,2019-08-14,4.51,6.38,0.43,15.14,73.06
svalbard_arctic,2019-08-15,4.18,3.16,1.52,22.27,93.95
svalbard_arctic,2019-08-16,0.3,1.74,1.66,21.13,80.25
svalbard_arctic,2019-08-17,11.04,-6.15,1.02,20.31,68.87
svalbard_arctic,2019-08-18,4.67,1.87,2.39,14.35,100.0
svalbard_arctic,2019-08-19,5.47,0.57,1.93,18.49,73.98
svalbard_arctic,2019-08-20,4.91,-3.37,0.04,15.98,96.27
svalbard_arctic,2019-08-21,2.6,-2.01,0.65,18.9,67.62
svalbard_arctic,2019-08-22,-0.17,-1.43,0.0,21.03,73.91
svalbard_arctic,2019-08-23,2.05,0.32,2.6,18.25,95.5
svalbard_arctic,2019-08-24,-0.29,-5.75,0.76,21.63,58.47
svalbard_arctic,2019-08-25,-2.12,-1.39,3.42,21.85,100.0
svalbard_arctic,2019-08-26,8.58,2.96,0.78,12.64,61.71
svalbard_arctic,2019-08-27,4.62,-0.22,1.03,9.6,82.92
svalbard_arctic,2019-08-28,2.34,-5.19,1.8,21.43,80.79
svalbard_arctic,2019-08-29,2.09,-1.29,3.0,17.6,55.77
svalbard_arctic,2019-08-30,3.57,-0.8,3.16,22.89,49.57
svalbard_arctic,2019-08-31,1.21,-8.6,1.22,18.6,53.2
svalbard_arctic,2019-09-01,-0.42,-1.64,1.13,23.55,69.26
svalbard_arctic,2019-09-02,5.35,-2.66,0.61,20.21,82.46
svalbard_arctic,2019-09-03,-1.65,-7.58,3.07,18.68,67.8
svalbard_arctic,2019-09-04,4.49,2.71,1.88,15.47,63.76
svalbard_arctic,2019-09-05,0.85,-2.26,0.58,14.94,62.17
svalbard_arctic,2019-09-06,1.36,-3.98,2.14,9.87,68.54
svalbard_arctic,2019-09-07,-0.62,-6.11,1.86,19.47,66.36
svalbard_arctic,2019-09-08,-3.19,-3.36,0.5,13.6,64.5
svalbard_arctic,2019-09-09,-2.13,-2.61,0.66,15.78,55.91
svalbard_arctic,2019-09-10,0.81,-0.06,0.01,16.67,58.73
svalbard_arctic,2019-09-11,-2.89,-4.57,2.32,14.58,83.44
svalbard_arctic,2019-09-12,-3.03,-8.46,0.63,17.47,60.49
svalbard_arctic,2019-09-13,1.52,-4.82,0.0,6.91,82.91
svalbard_arctic,2019-09-14,0.39,-5.03,2.63,16.76,72.29
svalbard_arctic,2019-09-15,-4.92,-0.04,1.48,19.26,99.12
svalbard_arctic,2019-09-16,2.34,-4.28,0.0,9.45,72.58
svalbard_arctic,2019-09-17,2.41,-4.19,1.86,13.7,78.83
svalbard_arctic,2019-09-18,-2.36,-7.18,0.0,22.08,54.13
svalbard_arctic,2019-09-19,-6.92,-4.67,0.32,16.05,49.18
svalbard_arctic,2019-09-20,-6.19,-8.45,1.58,13.5,98.21
svalbard_arctic,2019-09-21,-3.87,-5.63,1.54,19.41,83.24
svalbard_arctic,2019-09-22,1.2,-3.94,0.35,11.7,50.02
svalbard_arctic,2019-09-23,-2.12,-6.57,0.0,12.01,78.93
svalbard_arctic,2019-09-24,-6.44,-3.42,2.91,12.34,80.18
svalbard_arctic,2019-09-25,1.41,-2.76,2.6,21.78,93.05
svalbard_arctic,2019-09-26,-3.32,-3.73,0.81,11.89,55.88
svalbard_arctic,2019-09-27,-0.97,-7.17,1.04,15.75,66.27
svalbard_arctic,2019-09-28,-4.55,-10.36,0.35,20.7,60.79
svalbard_arctic,2019-09-29,-9.57,-10.76,0.78,11.82,71.54
svalbard_arctic,2019-09-30,-9.3,-6.35,1.07,8.7,62.19
svalbard_arctic,2019-10-01,-6.74,-7.39,1.83,24.53,78.65
svalbard_arctic,2019-10-02,-3.52,-8.59,0.0,16.36,46.89
svalbard_arctic,2019-10-03,-3.36,-10.22,1.46,13.12,70.17
svalbard_arctic,2019-10-04,0.72,-8.8,2.6,15.06,46.47
svalbard_arctic,2019-10-05,-5.15,-13.2,0.68,18.73,84.79
svalbard_arctic,2019-10-06,-5.59,-11.21,0.03,9.23,63.15
svalbard_arctic,2019-10-07,-8.43,-10.11,2.12,13.63,64.47
svalbard_arctic,2019-10-08,-2.99,-7.62,0.0,18.8,79.18
svalbard_arctic,2019-10-09,-1.6,-7.02,0.0,21.5,69.7
svalbard_arctic,2019-10-10,-8.06,-15.99,0.0,21.41,66.5
svalbard_arctic,2019-10-11,-6.76,-15.15,1.5,15.81,57.27
svalbard_arctic,2019-10-12,-5.57,-8.46,0.0,21.5,62.99
svalbard_arctic,2019-10-13,-9.27,-10.52,0.0,8.28,51.37
svalbard_arctic,2019-10-14,-12.4,-9.17,1.12,15.81,50.66
svalbard_arctic,2019-10-15,-6.86,-13.14,0.0,4.39,70.72
svalbard_arctic,2019-10-16,-5.79,-13.2,1.57,20.95,45.31
svalbard_arctic,2019-10-17,-10.53,-13.93,1.47,16.86,61.99
svalbard_arctic,2019-10-18,-8.01,-19.98,1.03,22.25,68.51
svalbard_arctic,2019-10-19,-1.99,-15.53,0.17,12.48,70.04
svalbard_arctic,2019-10-20,-5.09,-15.59,1.75,9.39,30.17
svalbard_arctic,2019-10-21,-7.12,-15.4,0.0,18.1,54.56
svalbard_arctic,2019-10-22,-10.46,-15.76,2.08,14.14,76.66
svalbard_arctic,2019-10-23,-7.18,-15.82,0.69,19.2,72.86
svalbard_arctic,2019-10-24,-14.21,-13.99,0.83,17.88,64.66
svalbard_arctic,2019-10-25,-9.82,-11.86,1.29,13.41,55.96
svalbard_arctic,2019-10-26,-11.31,-22.35,2.21,14.47,60.75
svalbard_arctic,2019-10-27,-7.71,-16.77,1.21,13.59,69.2
svalbard_arctic,2019-10-28,-16.72,-16.88,0.45,14.61,57.76
svalbard_arctic,2019-10-29,-2.87,-18.99,1.49,12.39,70.72
svalbard_arctic,2019-10-30,-11.95,-11.29,2.03,16.84,77.22
svalbard_arctic,2019-10-31,-6.0,-18.16,1.92,7.38,57.71
svalbard_arctic,2019-11-01,-8.88,-13.81,1.1,6.53,71.09
svalbard_arctic,2019-11-02,-10.3,-17.64,1.13,12.44,54.66
svalbard_arctic,2019-11-03,-10.78,-11.69,1.28,11.66,56.93
svalbard_arctic,2019-11-04,-11.48,-18.25,1.73,12.03,71.01
svalbard_arctic,2019-11-05,-13.37,-18.67,0.75,19.05,91.1
svalbard_arctic,2019-11-06,-10.86,-16.68,1.05,14.56,58.62
svalbard_arctic,2019-11-07,-12.95,-11.85,1.02,17.09,97.37
svalbard_arctic,2019-11-08,-10.91,-15.08,0.0,16.02,53.36
svalbard_arctic,2019-11-09,-11.52,-18.76,0.25,19.93,77.22
svalbard_arctic,2019-11-10,-14.17,-16.44,1.87,11.28,76.76
svalbard_arctic,2019-11-11,-14.68,-18.91,2.83,16.1,79.8
svalbard_arctic,2019-11-12,-12.57,-12.93,0.94,12.88,55.39
svalbard_arctic,2019-11-13,-12.31,-15.25,0.74,9.26,68.47
svalbard_arctic,2019-11-14,-15.26,-17.9,0.31,8.78,63.3
svalbard_arctic,2019-11-15,-17.0,-17.42,0.0,12.73,58.2
svalbard_arctic,2019-11-16,-13.41,-20.09,2.41,17.79,59.22
svalbard_arctic,2019-11-17,-13.31,-18.38,0.06,11.19,39.48
svalbard_arctic,2019-11-18,-14.22,-16.84,0.0,11.45,58.91
svalbard_arctic,2019-11-19,-15.04,-16.1,1.14,10.65,53.66
svalbard_arctic,2019-11-20,-12.57,-20.24,0.83,8.58,56.26
svalbard_arctic,2019-11-21,-18.05,-25.59,2.97,11.4,41.31
svalbard_arctic,2019-11-22,-17.83,-17.24,1.32,17.83,54.85
svalbard_arctic,2019-11-23,-17.22,-21.39,2.41,14.31,63.52
svalbard_arctic,2019-11-24,-16.04,-17.17,1.54,10.93,45.68
svalbard_arctic,2019-11-25,-17.77,-24.44,0.22,11.66,63.81
svalbard_arctic,2019-11-26,-17.88,-19.08,3.33,14.47,60.54
svalbard_arctic,2019-11-27,-13.5,-20.84,2.44,10.68,53.55
svalbard_arctic,2019-11-28,-16.64,-21.74,1.38,16.61,67.27
svalbard_arctic,2019-11-29,-14.15,-16.21,1.92,17.98,72.98
svalbard_arctic,2019-11-30,-16.71,-22.92,1.15,8.36,51.64
svalbard_arctic,2019-12-01,-19.03,-16.82,1.03,11.73,47.69
svalbard_arctic,2019-12-02,-13.73,-14.54,1.29,14.51,67.38
svalbard_arctic,2019-12-03,-18.42,-25.0,2.9,18.08,48.93
svalbard_arctic,2019-12-04,-16.35,-24.11,2.03,2.4,39.76
svalbard_arctic,2019-12-05,-15.32,-22.01,0.78,10.25,68.22
svalbard_arctic,2019-12-06,-18.24,-22.35,1.01,2.57,49.63
svalbard_arctic,2019-12-07,-18.58,-18.51,0.0,15.76,65.16
svalbard_arctic,2019-12-08,-20.32,-18.66,0.92,12.7,37.48
svalbard_arctic,2019-12-09,-17.8,-23.58,1.4,16.77,60.84
svalbard_arctic,2019-12-10,-20.55,-24.6,1.18,11.68,57.22
svalbard_arctic,2019-12-11,-19.22,-23.38,0.97,11.69,69.16
svalbard_arctic,2019-12-12,-19.6,-21.87,0.1,14.0,30.87
svalbard_arctic,2019-12-13,-20.36,-26.09,1.67,12.86,37.35
svalbard_arctic,2019-12-14,-17.99,-26.55,1.78,10.4,75.04
svalbard_arctic,2019-12-15,-15.48,-25.16,0.84,15.98,55.16
svalbard_arctic,2019-12-16,-16.7,-24.39,0.84,16.89,39.27
svalbard_arctic,2019-12-17,-24.98,-24.26,0.72,13.72,62.48
svalbard_arctic,2019-12-18,-19.14,-29.27,1.06,17.93,48.74
svalbard_arctic,2019-12-19,-12.72,-24.64,1.27,18.27,45.6
svalbard_arctic,2019-12-20,-19.2,-27.39,0.0,9.96,80.99
svalbard_arctic,2019-12-21,-20.57,-23.37,0.26,12.38,49.19
svalbard_arctic,2019-12-22,-15.85,-27.46,0.0,13.79,26.11
svalbard_arctic,2019-12-23,-19.86,-22.8,0.18,5.87,50.79
svalbard_arctic,2019-12-24,-16.36,-24.38,1.95,12.66,43.8
svalbard_arctic,2019-12-25,-20.46,-19.69,0.0,11.69,20.16
svalbard_arctic,2019-12-26,-18.8,-23.19,0.0,9.23,65.57
svalbard_arctic,2019-12-27,-22.04,-24.71,0.0,13.16,74.36
svalbard_arctic,2019-12-28,-17.22,-24.37,0.99,8.38,60.72
svalbard_arctic,2019-12-29,-20.43,-24.13,1.43,5.92,52.75
svalbard_arctic,2019-12-30,-19.97,-26.14,0.74,2.56,48.46
svalbard_arctic,2019-12-31,-17.62,-25.19,0.0,5.22,52.27
svalbard_arctic,2020-01-01,-19.11,-26.01,0.0,7.23,68.04
svalbard_arctic,2020-01-02,-21.06,-25.62,2.35,12.17,23.68
svalbard_arctic,2020-01-03,-24.77,-25.98,0.8,13.35,54.61
svalbard_arctic,2020-01-04,-20.99,-25.77,0.0,9.61,70.72
svalbard_arctic,2020-01-05,-21.78,-24.85,0.0,14.43,34.92
svalbard_arctic,2020-01-06,-20.7,-23.09,0.0,13.26,68.69
svalbard_arctic,2020-01-07,-21.42,-22.05,0.22,8.38,79.01
svalbard_arctic,2020-01-08,-17.07,-26.72,0.82,8.12,46.17
svalbard_arctic,2020-01-09,-19.26,-29.12,0.54,16.87,34.51
svalbard_arctic,2020-01-10,-21.94,-22.56,0.31,9.86,45.51
svalbard_arctic,2020-01-11,-18.84,-18.46,2.79,18.9,60.07
svalbard_arctic,2020-01-12,-16.63,-23.38,0.92,6.86,92.1
svalbard_arctic,2020-01-13,-22.87,-25.98,0.35,10.91,43.15
svalbard_arctic,2020-01-14,-21.67,-24.33,1.48,5.82,43.89
svalbard_arctic,2020-01-15,-23.02,-24.54,1.48,3.94,53.13
svalbard_arctic,2020-01-16,-19.9,-25.13,1.11,9.15,56.76
svalbard_arctic,2020-01-17,-14.75,-27.71,3.44,14.76,54.63
svalbard_arctic,2020-01-18,-17.45,-22.05,0.0,9.31,29.87
svalbard_arctic,2020-01-19,-21.95,-27.39,1.97,14.2,36.5
svalbard_arctic,2020-01-20,-19.07,-22.12,1.87,8.34,67.06
svalbard_arctic,2020-01-21,-17.28,-23.37,0.0,17.28,74.22
svalbard_arctic,2020-01-22,-25.84,-20.73,1.25,8.56,35.0
svalbard_arctic,2020-01-23,-23.94,-22.8,0.0,17.76,73.24
svalbard_arctic,2020-01-24,-18.12,-31.91,0.78,12.08,20.14
svalbard_arctic,2020-01-25,-25.31,-29.14,1.95,7.74,58.96
svalbard_arctic,2020-01-26,-20.65,-24.69,0.85,8.45,50.01
svalbard_arctic,2020-01-27,-18.65,-19.82,0.0,13.43,60.33
svalbard_arctic,2020-01-28,-19.82,-26.0,1.5,7.35,34.67
svalbard_arctic,2020-01-29,-21.03,-28.89,0.0,13.02,67.19
svalbard_arctic,2020-01-30,-16.57,-22.33,0.23,9.01,50.38
svalbard_arctic,2020-01-31,-18.15,-19.77,1.94,7.57,43.52
svalbard_arctic,2020-02-01,-13.98,-27.0,0.0,8.53,48.24
svalbard_arctic,2020-02-02,-23.9,-26.15,1.21,5.67,66.19
svalbard_arctic,2020-02-03,-22.06,-19.59,0.0,12.44,54.22
svalbard_arctic,2020-02-04,-20.61,-28.26,0.0,12.73,60.12
svalbard_arctic,2020-02-05,-16.44,-27.57,0.0,8.89,65.66
svalbard_arctic,2020-02-06,-18.05,-27.54,0.05,8.77,44.51
svalbard_arctic,2020-02-07,-21.42,-23.71,0.0,5.95,45.93
svalbard_arctic,2020-02-08,-23.06,-24.99,0.74,9.39,94.29
svalbard_arctic,2020-02-09,-23.3,-25.86,0.8,13.76,35.41
svalbard_arctic,2020-02-10,-14.72,-21.34,0.29,9.17,23.57
svalbard_arctic,2020-02-11,-19.93,-21.41,0.32,12.96,43.82
svalbard_arctic,2020-02-12,-19.17,-19.44,1.41,14.34,50.96
svalbard_arctic,2020-02-13,-22.65,-23.51,0.0,7.25,66.77
svalbard_arctic,2020-02-14,-19.48,-21.27,1.95,20.81,45.85
svalbard_arctic,2020-02-15,-22.04,-26.91,0.1,15.73,67.44
svalbard_arctic,2020-02-16,-18.96,-21.21,0.38,10.66,48.73
svalbard_arctic,2020-02-17,-20.25,-20.96,0.0,5.09,63.72
svalbard_arctic,2020-02-18,-21.28,-25.52,0.0,8.04,72.72
svalbard_arctic,2020-02-19,-15.42,-21.22,1.77,19.99,46.79
svalbard_arctic,2020-02-20,-15.06,-22.18,0.0,14.02,69.03
svalbard_arctic,2020-02-21,-17.29,-21.4,1.27,10.06,39.03
svalbard_arctic,2020-02-22,-24.03,-19.81,1.16,10.48,57.49
svalbard_arctic,2020-02-23,-21.69,-22.0,0.5,17.93,59.46
svalbard_arctic,2020-02-24,-21.43,-18.92,1.89,14.07,58.67
svalbard_arctic,2020-02-25,-12.61,-25.6,0.86,10.8,60.48
svalbard_arctic,2020-02-26,-14.93,-24.71,0.0,5.84,59.92
svalbard_arctic,2020-02-27,-13.89,-22.46,0.12,11.69,11.71
svalbard_arctic,2020-02-28,-20.07,-24.14,3.57,14.88,59.76
svalbard_arctic,2020-02-29,-22.27,-20.9,0.82,14.53,32.26
svalbard_arctic,2020-03-01,-14.47,-22.54,0.7,8.5,48.38
svalbard_arctic,2020-03-02,-24.17,-22.27,1.81,12.55,69.51
svalbard_arctic,2020-03-03,-16.97,-22.2,2.25,14.91,65.13
svalbard_arctic,2020-03-04,-15.24,-20.34,0.0,18.42,79.63
svalbard_arctic,2020-03-05,-20.25,-20.91,0.81,11.29,63.61
svalbard_arctic,2020-03-06,-12.2,-19.63,0.8,19.96,46.12
svalbard_arctic,2020-03-07,-17.41,-21.73,0.0,14.85,38.35
svalbard_arctic,2020-03-08,-15.41,-25.93,0.59,10.55,75.93
svalbard_arctic,2020-03-09,-14.62,-18.0,1.03,8.87,41.96
svalbard_arctic,2020-03-10,-15.47,-22.39,0.61,4.22,40.66
svalbard_arctic,2020-03-11,-17.55,-19.03,2.86,8.99,59.29
svalbard_arctic,2020-03-12,-18.12,-19.7,1.61,19.07,76.45
svalbard_arctic,2020-03-13,-14.36,-12.87,1.17,11.31,59.66
svalbard_arctic,2020-03-14,-13.44,-27.37,0.86,6.62,54.04
svalbard_arctic,2020-03-15,-12.2,-21.11,1.6,9.81,47.65
svalbard_arctic,2020-03-16,-15.39,-17.83,0.6,13.39,64.78
svalbard_arctic,2020-03-17,-14.52,-23.57,0.0,11.89,32.31
svalbard_arctic,2020-03-18,-17.21,-18.7,0.0,14.82,37.97
svalbard_arctic,2020-03-19,-11.3,-23.41,1.11,12.02,47.45
svalbard_arctic,2020-03-20,-16.71,-18.21,2.15,11.02,48.03
svalbard_arctic,2020-03-21,-12.21,-17.87,0.42,13.18,50.9
svalbard_arctic,2020-03-22,-10.74,-15.65,1.79,8.95,74.34
svalbard_arctic,2020-03-23,-10.58,-16.77,1.33,14.22,79.62
svalbard_arctic,2020-03-24,-17.46,-20.29,2.06,9.6,46.38
svalbard_arctic,2020-03-25,-17.8,-17.01,0.0,12.87,56.36
svalbard_arctic,2020-03-26,-15.72,-16.02,0.0,14.93,48.99
svalbard_arctic,2020-03-27,-15.93,-19.5,2.69,12.24,51.82
svalbard_arctic,2020-03-28,-6.21,-13.64,0.0,13.65,68.87
svalbard_arctic,2020-03-29,-11.22,-14.66,1.29,16.56,78.0
svalbard_arctic,2020-03-30,-15.92,-21.02,2.51,10.96,79.88
svalbard_arctic,2020-03-31,-14.9,-15.86,1.34,20.62,62.04
svalbard_arctic,2020-04-01,-7.0,-18.81,2.36,8.89,34.17
svalbard_arctic,2020-04-02,-7.6,-21.45,2.28,18.91,41.33
svalbard_arctic,2020-04-03,-15.24,-17.0,1.77,15.76,36.1
svalbard_arctic,2020-04-04,-8.72,-16.2,1.31,15.97,77.35
svalbard_arctic,2020-04-05,-11.77,-8.47,0.0,18.19,52.73
svalbard_arctic,2020-04-06,-11.22,-16.27,0.0,14.28,64.36
svalbard_arctic,2020-04-07,-14.46,-14.3,0.73,15.06,85.3
svalbard_arctic,2020-04-08,-11.35,-13.29,0.0,14.66,46.61
svalbard_arctic,2020-04-09,-13.06,-15.08,1.56,17.83,58.31
svalbard_arctic,2020-04-10,-5.93,-12.95,3.41,18.6,64.22
svalbard_arctic,2020-04-11,-12.41,-15.69,1.01,14.53,41.47
svalbard_arctic,2020-04-12,-5.81,-16.63,1.35,13.18,75.64
svalbard_arctic,2020-04-13,-10.23,-14.86,0.0,10.48,81.64
svalbard_arctic,2020-04-14,-14.6,-16.73,0.85,15.49,74.03
svalbard_arctic,2020-04-15,-10.6,-10.87,1.05,12.83,74.41
svalbard_arctic,2020-04-16,-12.21,-12.68,0.74,7.69,65.65
svalbard_arctic,2020-04-17,-6.87,-13.72,1.41,14.34,69.76
svalbard_arctic,2020-04-18,-11.62,-10.29,0.33,15.11,82.67
svalbard_arctic,2020-04-19,-9.25,-13.6,1.13,18.15,81.12
svalbard_arctic,2020-04-20,-6.72,-20.58,1.49,14.9,71.14
svalbard_arctic,2020-04-21,-11.08,-12.98,2.42,10.92,52.31
svalbard_arctic,2020-04-22,-3.09,-8.88,1.11,19.17,26.34
svalbard_arctic,2020-04-23,-6.43,-7.93,0.42,6.82,85.68
svalbard_arctic,2020-04-24,-6.56,-14.4,0.88,9.03,90.96
svalbard_arctic,2020-04-25,-11.12,-12.26,1.5,14.16,57.07
svalbard_arctic,2020-04-26,-7.94,-8.09,0.11,13.99,83.28
svalbard_arctic,2020-04-27,-6.99,-14.53,0.31,14.29,33.99
svalbard_arctic,2020-04-28,-9.64,-10.77,1.18,11.96,77.21
svalbard_arctic,2020-04-29,-3.15,-8.68,0.0,19.12,72.75
svalbard_arctic,2020-04-30,-5.43,-5.2,0.92,14.56,57.16
svalbard_arctic,2020-05-01,-7.91,-10.57,0.61,9.9,96.63
svalbard_arctic,2020-05-02,-6.14,-13.19,1.66,16.91,63.39
svalbard_arctic,2020-05-03,-4.79,-11.1,0.18,12.32,81.48
svalbard_arctic,2020-05-04,1.29,-1.36,0.63,11.69,95.68
svalbard_arctic,2020-05-05,-3.28,-7.39,1.04,15.19,66.08
svalbard_arctic,2020-05-06,-6.7,-4.45,0.37,22.01,81.26
svalbard_arctic,2020-05-07,-6.06,-7.94,0.09,6.94,67.53
svalbard_arctic,2020-05-08,-5.07,-10.08,0.43,9.07,73.22
svalbard_arctic,2020-05-09,-1.92,-10.69,0.0,12.03,53.94
svalbard_arctic,2020-05-10,-2.26,-8.67,0.09,22.36,70.68
svalbard_arctic,2020-05-11,-1.82,-4.9,1.7,11.27,71.45
svalbard_arctic,2020-05-12,-3.33,-10.79,0.0,19.9,70.74
svalbard_arctic,2020-05-13,-7.5,-4.49,0.02,19.26,86.54
svalbard_arctic,2020-05-14,-1.01,-9.93,0.82,20.31,73.51
svalbard_arctic,2020-05-15,-4.76,-7.17,1.82,12.22,54.06
svalbard_arctic,2020-05-16,-0.62,-6.24,0.0,16.29,77.7
svalbard_arctic,2020-05-17,-5.74,-4.05,0.46,18.77,60.92
svalbard_arctic,2020-05-18,-1.89,-6.55,2.48,17.58,72.69
svalbard_arctic,2020-05-19,0.57,-3.9,1.29,27.41,72.06
svalbard_arctic,2020-05-20,4.5,-6.23,1.8,23.76,80.89
svalbard_arctic,2020-05-21,-2.87,-3.94,0.07,20.87,73.33
svalbard_arctic,2020-05-22,3.29,-4.98,0.5,19.11,79.57
svalbard_arctic,2020-05-23,2.23,-4.14,2.16,19.47,72.87
svalbard_arctic,2020-05-24,-1.76,-4.0,1.5,20.78,100.0
svalbard_arctic,2020-05-25,-0.46,-4.67,1.74,23.55,65.91
svalbard_arctic,2020-05-26,-1.95,-0.69,1.86,13.39,63.07
svalbard_arctic,2020-05-27,-2.31,-2.23,2.02,21.36,80.55
svalbard_arctic,2020-05-28,-4.31,-3.32,0.78,17.75,64.96
svalbard_arctic,2020-05-29,-2.75,-5.3,0.09,20.94,83.51
svalbard_arctic,2020-05-30,-7.22,3.76,0.48,17.14,53.49
svalbard_arctic,2020-05-31,0.98,1.29,0.76,15.06,74.29
svalbard_arctic,2020-06-01,5.29,-6.16,0.0,15.16,79.03
svalbard_arctic,2020-06-02,1.67,-1.19,1.67,17.42,55.57
svalbard_arctic,2020-06-03,1.25,0.9,2.07,19.1,78.21
svalbard_arctic,2020-06-04,-0.57,-1.19,1.31,15.37,43.09
svalbard_arctic,2020-06-05,7.13,-2.55,0.53,11.24,73.11
svalbard_arctic,2020-06-06,4.71,-4.22,1.3,19.79,90.5
svalbard_arctic,2020-06-07,-2.07,-0.81,0.0,16.71,59.97
svalbard_arctic,2020-06-08,8.16,-4.8,0.0,8.88,71.9
svalbard_arctic,2020-06-09,6.63,-3.08,2.91,10.82,60.42
svalbard_arctic,2020-06-10,-0.96,-3.37,0.0,18.41,83.54
svalbard_arctic,2020-06-11,4.68,-0.13,2.04,19.93,85.37
svalbard_arctic,2020-06-12,1.91,2.55,2.6,21.8,81.41
svalbard_arctic,2020-06-13,-3.31,-2.85,1.19,15.3,84.69
svalbard_arctic,2020-06-14,-0.02,-2.43,1.15,14.84,63.44
svalbard_arctic,2020-06-15,5.13,2.72,1.39,19.64,72.13
svalbard_arctic,2020-06-16,4.87,-2.64,0.0,14.04,56.3
svalbard_arctic,2020-06-17,11.37,-9.38,0.59,14.19,60.1
svalbard_arctic,2020-06-18,3.74,4.76,2.65,18.28,71.01
svalbard_arctic,2020-06-19,-2.12,2.32,1.35,18.63,91.76
svalbard_arctic,2020-06-20,0.46,1.82,1.07,19.75,61.11
svalbard_arctic,2020-06-21,2.16,0.63,1.31,18.03,78.85
svalbard_arctic,2020-06-22,2.7,-0.63,0.53,13.6,61.09
svalbard_arctic,2020-06-23,2.68,-5.9,0.0,16.19,56.32
svalbard_arctic,2020-06-24,4.72,-0.86,2.18,17.97,94.96
svalbard_arctic,2020-06-25,8.33,-0.84,0.3,22.73,91.48
svalbard_arctic,2020-06-26,5.1,-0.43,3.47,20.44,62.71
svalbard_arctic,2020-06-27,-1.79,1.77,0.94,18.38,69.49
svalbard_arctic,2020-06-28,5.16,4.64,1.61,20.32,77.14
svalbard_arctic,2020-06-29,-1.28,-0.04,2.92,22.91,59.54
svalbard_arctic,2020-06-30,2.22,-0.36,1.72,12.6,82.25
svalbard_arctic,2020-07-01,9.49,4.84,0.0,17.92,50.7
svalbard_arctic,2020-07-02,-1.8,-1.99,0.66,11.31,66.82
svalbard_arctic,2020-07-03,10.23,0.35,0.0,17.88,69.46
svalbard_arctic,2020-07-04,5.98,0.59,1.05,15.92,81.57
svalbard_arctic,2020-07-05,5.43,-1.83,0.22,23.27,93.63
svalbard_arctic,2020-07-06,0.43,-0.42,1.03,22.5,58.99
svalbard_arctic,2020-07-07,4.76,-0.34,2.63,26.08,72.58
svalbard_arctic,2020-07-08,3.06,3.01,2.96,16.82,83.3
svalbard_arctic,2020-07-09,1.98,-0.15,0.0,18.95,73.41
svalbard_arctic,2020-07-10,4.23,-0.03,0.0,17.75,71.69
svalbard_arctic,2020-07-11,11.71,2.2,1.33,23.24,86.75
svalbard_arctic,2020-07-12,7.03,-0.65,1.05,17.87,46.64
svalbard_arctic,2020-07-13,4.02,-1.9,0.0,14.16,71.3
svalbard_arctic,2020-07-14,5.82,8.81,1.01,11.19,75.45
svalbard_arctic,2020-07-15,3.43,0.7,1.21,23.04,74.2
svalbard_arctic,2020-07-16,6.85,1.55,0.9,19.32,62.82
svalbard_arctic,2020-07-17,1.05,0.08,2.48,18.78,87.93
svalbard_arctic,2020-07-18,7.3,-3.63,2.31,24.17,78.99
svalbard_arctic,2020-07-19,0.15,-0.67,1.1,18.6,24.74
svalbard_arctic,2020-07-20,3.87,-2.47,2.49,12.07,83.78
svalbard_arctic,2020-07-21,8.05,2.5,2.13,12.99,72.38
svalbard_arctic,2020-07-22,10.16,2.1,1.34,20.42,87.89
svalbard_arctic,2020-07-23,-2.06,2.58,0.0,20.85,94.72
svalbard_arctic,2020-07-24,1.11,-2.14,0.0,26.93,75.88
svalbard_arctic,2020-07-25,4.7,-5.21,0.81,18.31,63.26
svalbard_arctic,2020-07-26,6.81,-6.05,1.7,25.61,88.38
svalbard_arctic,2020-07-27,2.78,1.93,0.0,13.63,96.94
svalbard_arctic,2020-07-28,4.5,-0.5,2.32,15.19,79.71
svalbard_arctic,2020-07-29,4.65,-3.19,2.69,13.77,73.97
svalbard_arctic,2020-07-30,4.3,2.25,1.69,19.03,88.92
svalbard_arctic,2020-07-31,4.42,3.16,1.73,22.98,61.88
svalbard_arctic,2020-08-01,4.57,0.32,1.96,17.46,76.19
svalbard_arctic,2020-08-02,9.38,-1.3,1.62,14.37,68.0
svalbard_arctic,2020-08-03,3.82,-0.28,1.29,20.66,83.19
svalbard_arctic,2020-08-04,8.19,3.84,1.08,17.62,71.47
svalbard_arctic,2020-08-05,4.19,3.43,2.14,20.71,71.93
svalbard_arctic,2020-08-06,2.15,-0.49,2.11,17.75,82.99
svalbard_arctic,2020-08-07,3.39,0.52,0.0,17.71,95.16
svalbard_arctic,2020-08-08,-1.05,13.68,1.18,26.18,83.96
svalbard_arctic,2020-08-09,0.77,6.3,1.71,13.84,86.58
svalbard_arctic,2020-08-10,1.76,0.01,0.0,19.7,89.97
svalbard_arctic,2020-08-11,4.27,4.08,1.84,20.89,69.58
svalbard_arctic,2020-08-12,8.72,0.85,1.03,22.21,77.2
svalbard_arctic,2020-08-13,2.63,4.05,3.18,13.58,72.41
svalbard_arctic,2020-08-14,0.48,-2.64,1.95,19.51,74.1
svalbard_arctic,2020-08-15,6.03,1.63,1.31,16.0,68.46
svalbard_arctic,2020-08-16,3.96,2.37,1.66,17.58,71.36
svalbard_arctic,2020-08-17,6.78,-0.86,1.33,16.09,69.53
svalbard_arctic,2020-08-18,6.11,-2.19,0.0,15.71,62.66
svalbard_arctic,2020-08-19,4.77,-0.35,1.14,23.98,36.66
svalbard_arctic,2020-08-20,4.02,-5.21,0.0,21.81,73.95
svalbard_arctic,2020-08-21,5.76,-2.44,0.88,12.14,96.67
svalbard_arctic,2020-08-22,5.42,-3.04,1.34,16.56,81.08
svalbard_arctic,2020-08-23,5.42,1.05,0.0,17.12,70.9
svalbard_arctic,2020-08-24,5.23,-0.1,1.11,23.04,53.14
svalbard_arctic,2020-08-25,2.11,0.16,2.67,12.92,59.88
svalbard_arctic,2020-08-26,-0.25,1.61,0.64,14.74,45.46
svalbard_arctic,2020-08-27,2.12,-5.41,0.23,14.47,78.74
svalbard_arctic,2020-08-28,0.68,2.65,2.28,9.55,60.59
svalbard_arctic,2020-08-29,-1.03,0.4,1.4,9.56,89.22
svalbard_arctic,2020-08-30,6.39,-6.62,1.14,18.32,37.45
svalbard_arctic,2020-08-31,1.41,-0.31,1.71,14.25,64.11
svalbard_arctic,2020-09-01,-1.86,-1.1,1.33,18.11,86.97
svalbard_arctic,2020-09-02,5.15,-1.72,0.39,10.71,52.27
svalbard_arctic,2020-09-03,1.32,-5.91,0.01,12.54,51.97
svalbard_arctic,2020-09-04,3.79,-3.31,2.95,15.34,62.64
svalbard_arctic,2020-09-05,-0.46,-1.45,1.63,11.06,54.2
svalbard_arctic,2020-09-06,2.26,-3.49,2.72,15.75,64.79
svalbard_arctic,2020-09-07,2.22,-7.73,0.9,15.66,36.88
svalbard_arctic,2020-09-08,0.44,-5.03,2.38,15.27,88.38
svalbard_arctic,2020-09-09,-1.93,-3.05,0.35,11.34,82.34
svalbard_arctic,2020-09-10,0.98,-4.84,0.0,21.48,62.02
svalbard_arctic,2020-09-11,1.4,1.17,1.6,11.9,42.37
svalbard_arctic,2020-09-12,-4.19,-2.4,2.07,15.98,56.48
svalbard_arctic,2020-09-13,6.49,-2.7,2.18,15.97,80.78
svalbard_arctic,2020-09-14,3.93,-4.48,1.54,16.73,81.2
svalbard_arctic,2020-09-15,-0.71,-6.52,0.44,11.02,59.93
svalbard_arctic,2020-09-16,1.22,-0.3,1.5,17.6,76.02
svalbard_arctic,2020-09-17,-1.58,-6.69,1.48,13.67,46.08
svalbard_arctic,2020-09-18,-3.62,-5.55,1.03,18.55,67.56
svalbard_arctic,2020-09-19,0.93,-6.21,0.65,19.99,49.38
svalbard_arctic,2020-09-20,-4.57,-10.3,0.0,16.53,74.0
svalbard_arctic,2020-09-21,-1.21,-5.02,1.29,14.0,61.8
svalbard_arctic,2020-09-22,-4.5,-3.63,1.32,22.65,64.22
svalbard_arctic,2020-09-23,-5.24,-8.47,0.0,17.85,67.87
svalbard_arctic,2020-09-24,-2.5,-7.84,3.02,13.02,41.08
svalbard_arctic,2020-09-25,-0.01,-9.63,0.0,11.54,68.16
svalbard_arctic,2020-09-26,-2.56,-1.99,0.39,17.56,84.91
svalbard_arctic,2020-09-27,-3.37,-6.28,1.31,14.67,69.25
svalbard_arctic,2020-09-28,-9.16,-3.84,1.44,11.54,83.54
svalbard_arctic,2020-09-29,-4.58,-9.24,0.23,16.24,61.66
svalbard_arctic,2020-09-30,-8.43,-6.54,0.1,10.84,71.26
svalbard_arctic,2020-10-01,-4.24,-13.12,0.93,16.14,72.86
svalbard_arctic,2020-10-02,-4.64,-10.44,1.0,16.83,76.84
svalbard_arctic,2020-10-03,-5.02,-2.76,2.46,12.3,81.29
svalbard_arctic,2020-10-04,-5.15,-7.84,0.0,17.0,46.21
svalbard_arctic,2020-10-05,-3.77,-10.27,1.09,12.55,55.33
svalbard_arctic,2020-10-06,-3.8,-15.02,0.85,15.4,74.19
svalbard_arctic,2020-10-07,-4.7,-9.18,1.38,9.25,72.24
svalbard_arctic,2020-10-08,-3.03,-11.2,0.73,15.77,66.17
svalbard_arctic,2020-10-09,-13.41,-7.62,2.05,19.63,100.0
svalbard_arctic,2020-10-10,-9.39,-14.74,1.67,9.31,67.66
svalbard_arctic,2020-10-11,-5.28,-7.93,2.29,18.19,70.43
svalbard_arctic,2020-10-12,-6.81,-12.19,1.1,12.95,45.62
svalbard_arctic,2020-10-13,-9.63,-14.16,0.96,18.74,79.87
svalbard_arctic,2020-10-14,-5.97,-10.72,0.57,22.06,66.93
svalbard_arctic,2020-10-15,-5.29,-6.05,0.0,15.43,66.32
svalbard_arctic,2020-10-16,-9.99,-9.55,1.34,17.2,93.69
svalbard_arctic,2020-10-17,-9.88,-11.02,1.4,16.45,62.51
svalbard_arctic,2020-10-18,-13.08,-13.78,1.51,18.78,81.6
svalbard_arctic,2020-10-19,-8.69,-8.14,0.55,13.98,81.22
svalbard_arctic,2020-10-20,-8.75,-11.57,0.0,17.5,61.62
svalbard_arctic,2020-10-21,-12.02,-18.76,0.12,11.96,42.81
svalbard_arctic,2020-10-22,-10.63,-10.78,1.15,19.21,54.63
svalbard_arctic,2020-10-23,-9.44,-12.57,2.03,10.44,80.62
svalbard_arctic,2020-10-24,-6.75,-13.88,0.0,12.76,57.97
svalbard_arctic,2020-10-25,-10.88,-10.01,2.53,12.03,44.91
svalbard_arctic,2020-10-26,-12.66,-16.17,0.0,16.06,65.62
svalbard_arctic,2020-10-27,-5.73,-15.77,2.74,17.54,47.19
svalbard_arctic,2020-10-28,-8.31,-14.94,0.0,16.56,49.13
svalbard_arctic,2020-10-29,-14.51,-13.39,2.36,12.26,47.8
svalbard_arctic,2020-10-30,-8.69,-16.68,0.44,20.18,77.49
svalbard_arctic,2020-10-31,-12.62,-18.05,2.3,18.95,81.48
svalbard_arctic,2020-11-01,-8.19,-15.9,0.0,15.3,42.04
svalbard_arctic,2020-11-02,-12.73,-17.02,1.46,11.75,65.4
svalbard_arctic,2020-11-03,-17.08,-10.78,1.9,8.73,69.74
svalbard_arctic,2020-11-04,-13.62,-22.11,1.18,16.88,51.54
svalbard_arctic,2020-11-05,-14.76,-13.51,1.46,12.79,49.69
svalbard_arctic,2020-11-06,-14.33,-22.51,1.91,17.81,86.26
svalbard_arctic,2020-11-07,-19.43,-16.84,1.05,18.06,42.52
svalbard_arctic,2020-11-08,-13.11,-20.06,0.41,12.13,70.32
svalbard_arctic,2020-11-09,-19.07,-21.67,0.0,13.9,67.79
svalbard_arctic,2020-11-10,-13.55,-13.26,1.79,13.68,96.86
svalbard_arctic,2020-11-11,-20.61,-15.25,1.95,19.54,77.75
svalbard_arctic,2020-11-12,-16.87,-17.45,1.54,12.23,37.06
svalbard_arctic,2020-11-13,-12.13,-17.45,1.62,16.26,42.04
svalbard_arctic,2020-11-14,-11.88,-20.33,1.1,13.9,49.93
svalbard_arctic,2020-11-15,-16.56,-19.62,0.39,19.75,61.35
svalbard_arctic,2020-11-16,-12.73,-20.5,1.98,10.87,33.85
svalbard_arctic,2020-11-17,-20.04,-20.21,0.35,9.31,65.15
svalbard_arctic,2020-11-18,-11.83,-19.46,0.95,5.91,63.63
svalbard_arctic,2020-11-19,-11.41,-15.02,1.38,14.05,53.03
svalbard_arctic,2020-11-20,-15.77,-17.42,2.21,14.3,76.92
svalbard_arctic,2020-11-21,-16.64,-18.45,0.0,12.44,68.06
svalbard_arctic,2020-11-22,-22.55,-22.55,1.69,16.89,77.03
svalbard_arctic,2020-11-23,-15.87,-18.41,0.37,19.3,98.3
svalbard_arctic,2020-11-24,-13.89,-27.4,1.32,10.08,45.27
svalbard_arctic,2020-11-25,-14.96,-22.19,0.0,12.23,66.54
svalbard_arctic,2020-11-26,-15.77,-23.98,0.05,6.33,49.98
svalbard_arctic,2020-11-27,-20.69,-21.57,1.97,13.3,69.21
svalbard_arctic,2020-11-28,-16.17,-21.49,1.97,10.47,52.36
svalbard_arctic,2020-11-29,-19.31,-22.1,0.6,11.26,52.8
svalbard_arctic,2020-11-30,-12.63,-21.01,2.49,12.33,42.4
svalbard_arctic,2020-12-01,-15.25,-20.67,0.78,14.83,65.84
svalbard_arctic,2020-12-02,-16.41,-17.26,1.11,11.77,83.58
svalbard_arctic,2020-12-03,-17.25,-23.87,0.0,20.69,42.22
svalbard_arctic,2020-12-04,-20.37,-24.09,0.31,12.33,27.16
svalbard_arctic,2020-12-05,-20.12,-22.07,1.18,7.0,67.87
svalbard_arctic,2020-12-06,-12.08,-20.98,0.0,9.65,76.81
svalbard_arctic,2020-12-07,-20.65,-21.92,0.86,15.02,96.1
svalbard_arctic,2020-12-08,-18.06,-16.7,1.2,15.16,55.39
svalbard_arctic,2020-12-09,-17.95,-19.78,0.76,12.42,55.21
svalbard_arctic,2020-12-10,-18.38,-18.33,2.19,12.4,66.11
svalbard_arctic,2020-12-11,-17.98,-21.23,0.27,13.13,43.87
svalbard_arctic,2020-12-12,-13.04,-22.47,0.51,15.0,46.08
svalbard_arctic,2020-12-13,-18.35,-30.44,0.34,12.17,70.34
svalbard_arctic,2020-12-14,-17.41,-22.83,0.44,7.26,36.14
svalbard_arctic,2020-12-15,-19.93,-24.08,0.58,9.4,41.42
svalbard_arctic,2020-12-16,-19.72,-24.12,0.18,9.85,34.29
svalbard_arctic,2020-12-17,-17.85,-20.38,1.86,7.47,45.44
svalbard_arctic,2020-12-18,-15.15,-27.44,2.13,7.26,51.06
svalbard_arctic,2020-12-19,-15.6,-20.3,1.87,13.42,52.23
svalbard_arctic,2020-12-20,-29.05,-21.79,1.44,11.87,52.73
svalbard_arctic,2020-12-21,-24.71,-23.12,0.0,14.76,67.44
svalbard_arctic,2020-12-22,-13.54,-21.45,0.64,18.96,53.38
svalbard_arctic,2020-12-23,-21.46,-29.37,2.8,15.03,43.76
svalbard_arctic,2020-12-24,-21.1,-22.95,0.5,14.64,38.03
svalbard_arctic,2020-12-25,-21.78,-28.64,1.11,6.02,50.14
svalbard_arctic,2020-12-26,-24.04,-23.21,0.0,14.22,84.51
svalbard_arctic,2020-12-27,-22.52,-27.97,1.25,11.75,59.51
svalbard_arctic,2020-12-28,-21.9,-26.84,0.03,16.56,81.16
svalbard_arctic,2020-12-29,-21.85,-25.88,0.44,6.86,24.32
svalbard_arctic,2020-12-30,-23.35,-25.44,0.0,15.34,41.26
svalbard_arctic,2020-12-31,-17.73,-24.09,0.65,9.51,28.04
svalbard_arctic,2021-01-01,-20.76,-22.54,1.6,7.83,53.42
svalbard_arctic,2021-01-02,-20.1,-17.53,1.64,19.95,62.28
svalbard_arctic,2021-01-03,-20.33,-26.82,0.31,12.13,69.23
svalbard_arctic,2021-01-04,-22.22,-24.47,1.47,11.37,66.36
svalbard_arctic,2021-01-05,-22.82,-25.18,1.66,9.66,69.57
svalbard_arctic,2021-01-06,-25.19,-28.15,0.0,10.53,51.74
svalbard_arctic,2021-01-07,-18.62,-30.9,1.67,10.18,46.76
svalbard_arctic,2021-01-08,-21.27,-27.91,0.37,10.8,41.15
svalbard_arctic,2021-01-09,-17.18,-26.77,0.0,11.18,78.48
svalbard_arctic,2021-01-10,-19.76,-26.27,0.0,10.74,66.79
svalbard_arctic,2021-01-11,-16.18,-29.44,0.92,7.46,49.24
svalbard_arctic,2021-01-12,-22.09,-26.09,0.0,11.8,55.82
svalbard_arctic,2021-01-13,-23.88,-25.73,0.0,12.8,70.39
svalbard_arctic,2021-01-14,-15.4,-27.91,1.09,14.83,44.5
svalbard_arctic,2021-01-15,-17.53,-22.96,1.05,16.07,59.01
svalbard_arctic,2021-01-16,-26.58,-30.36,0.42,10.43,52.14
svalbard_arctic,2021-01-17,-19.62,-24.4,0.78,13.09,74.08
svalbard_arctic,2021-01-18,-18.88,-25.92,1.35,14.7,50.36
svalbard_arctic,2021-01-19,-21.67,-24.97,0.0,9.5,65.41
svalbard_arctic,2021-01-20,-24.84,-23.97,0.0,12.59,40.21
svalbard_arctic,2021-01-21,-21.53,-24.33,1.5,13.06,38.53
svalbard_arctic,2021-01-22,-20.38,-31.06,1.06,4.55,36.66
svalbard_arctic,2021-01-23,-23.05,-25.94,1.22,11.72,69.73
svalbard_arctic,2021-01-24,-18.76,-23.75,0.0,12.3,64.76
svalbard_arctic,2021-01-25,-25.71,-23.62,0.88,9.01,75.1
svalbard_arctic,2021-01-26,-20.33,-27.48,1.75,15.5,64.6
svalbard_arctic,2021-01-27,-15.01,-28.3,0.89,18.74,57.1
svalbard_arctic,2021-01-28,-18.99,-23.3,0.17,13.22,51.04
svalbard_arctic,2021-01-29,-16.41,-23.51,0.91,7.18,70.61
svalbard_arctic,2021-01-30,-21.11,-28.16,2.03,11.01,64.61
svalbard_arctic,2021-01-31,-20.03,-28.73,0.85,8.27,43.27
svalbard_arctic,2021-02-01,-21.9,-26.06,0.0,19.98,46.86
svalbard_arctic,2021-02-02,-21.74,-27.15,2.41,9.78,57.82
svalbard_arctic,2021-02-03,-18.96,-24.39,0.39,12.63,55.63
svalbard_arctic,2021-02-04,-23.23,-20.67,0.0,16.34,67.35
svalbard_arctic,2021-02-05,-17.85,-28.4,0.08,8.62,65.67
svalbard_arctic,2021-02-06,-18.81,-25.01,1.2,9.11,44.1
svalbard_arctic,2021-02-07,-23.84,-26.86,0.09,16.91,39.42
svalbard_arctic,2021-02-08,-17.21,-22.2,0.0,16.8,30.97
svalbard_arctic,2021-02-09,-13.72,-21.93,1.15,8.22,55.73
svalbard_arctic,2021-02-10,-17.28,-27.03,0.92,8.06,82.93
svalbard_arctic,2021-02-11,-25.68,-20.94,0.8,14.41,52.75
svalbard_arctic,2021-02-12,-12.64,-21.65,0.0,14.4,55.64
svalbard_arctic,2021-02-13,-26.31,-24.56,0.3,9.9,59.88
svalbard_arctic,2021-02-14,-24.72,-21.72,1.16,13.3,56.36
svalbard_arctic,2021-02-15,-24.74,-27.96,0.82,7.79,37.93
svalbard_arctic,2021-02-16,-20.19,-18.03,1.04,14.29,45.92
svalbard_arctic,2021-02-17,-25.08,-23.48,2.25,13.25,52.59
svalbard_arctic,2021-02-18,-25.88,-19.75,0.99,5.7,80.06
svalbard_arctic,2021-02-19,-21.11,-25.21,1.22,10.86,74.57
svalbard_arctic,2021-02-20,-21.1,-28.04,0.0,11.08,39.47
svalbard_arctic,2021-02-21,-19.71,-21.77,0.0,14.89,76.8
svalbard_arctic,2021-02-22,-17.26,-25.27,1.41,8.29,82.97
svalbard_arctic,2021-02-23,-14.15,-24.82,0.27,16.87,63.58
svalbard_arctic,2021-02-24,-18.52,-22.07,0.0,12.69,47.97
svalbard_arctic,2021-02-25,-16.95,-20.15,1.24,16.7,58.12
svalbard_arctic,2021-02-26,-19.03,-21.44,1.79,7.06,80.77
svalbard_arctic,2021-02-27,-14.52,-19.21,0.0,13.68,40.39
svalbard_arctic,2021-02-28,-13.31,-22.83,0.0,13.3,51.26
svalbard_arctic,2021-03-01,-19.49,-18.0,2.2,13.46,63.61
svalbard_arctic,2021-03-02,-21.6,-19.46,2.07,14.07,52.42
svalbard_arctic,2021-03-03,-19.18,-25.04,1.8,13.82,32.51
svalbard_arctic,2021-03-04,-18.66,-19.71,0.0,3.89,40.59
svalbard_arctic,2021-03-05,-17.77,-21.39,0.49,19.45,37.49
svalbard_arctic,2021-03-06,-16.92,-23.7,1.19,10.32,51.49
svalbard_arctic,2021-03-07,-17.43,-19.42,1.69,10.6,85.32
svalbard_arctic,2021-03-08,-20.4,-19.71,0.67,13.25,79.19
svalbard_arctic,2021-03-09,-17.19,-18.81,3.45,14.96,59.09
svalbard_arctic,2021-03-10,-15.42,-23.94,1.41,7.81,68.4
svalbard_arctic,2021-03-11,-11.56,-27.05,0.94,7.15,61.46
svalbard_arctic,2021-03-12,-17.65,-21.33,0.67,19.08,56.07
svalbard_arctic,2021-03-13,-15.82,-20.96,1.05,11.83,59.65
svalbard_arctic,2021-03-14,-15.96,-18.52,1.21,14.45,54.39
svalbard_arctic,2021-03-15,-16.95,-27.87,0.0,9.23,40.29
svalbard_arctic,2021-03-16,-16.68,-17.68,0.0,19.79,59.97
svalbard_arctic,2021-03-17,-20.61,-16.93,0.1,16.72,47.66
svalbard_arctic,2021-03-18,-13.49,-16.55,0.52,11.2,52.05
svalbard_arctic,2021-03-19,-12.64,-16.49,1.02,19.61,66.85
svalbard_arctic,2021-03-20,-15.69,-22.09,0.41,16.19,36.2
svalbard_arctic,2021-03-21,-12.76,-21.23,0.83,16.82,43.57
svalbard_arctic,2021-03-22,-19.28,-19.02,0.0,17.16,60.24
svalbard_arctic,2021-03-23,-9.43,-18.67,2.08,12.18,42.77
svalbard_arctic,2021-03-24,-15.97,-20.85,0.0,20.93,51.05
svalbard_arctic,2021-03-25,-14.25,-17.27,1.18,20.77,73.67
svalbard_arctic,2021-03-26,-10.48,-16.2,0.0,20.98,56.81
svalbard_arctic,2021-03-27,-17.39,-16.34,1.28,4.61,49.85
svalbard_arctic,2021-03-28,-14.28,-16.7,2.45,14.06,73.09
svalbard_arctic,2021-03-29,-14.8,-15.72,1.71,15.41,35.46
svalbard_arctic,2021-03-30,-10.78,-17.42,0.01,12.74,39.79
svalbard_arctic,2021-03-31,-15.03,-14.85,1.14,14.1,41.14
svalbard_arctic,2021-04-01,-9.72,-14.99,0.55,13.98,51.75
svalbard_arctic,2021-04-02,-11.01,-18.36,0.0,19.54,38.52
svalbard_arctic,2021-04-03,-16.24,-10.24,1.91,19.04,89.91
svalbard_arctic,2021-04-04,-8.81,-10.98,3.26,15.65,23.48
svalbard_arctic,2021-04-05,-5.52,-13.24,2.22,16.08,68.83
svalbard_arctic,2021-04-06,-13.63,-11.69,0.0,14.48,56.65
svalbard_arctic,2021-04-07,-12.22,-13.93,3.02,22.45,63.85
svalbard_arctic,2021-04-08,-14.35,-15.67,0.33,15.98,54.53
svalbard_arctic,2021-04-09,-10.41,-11.04,0.54,21.5,59.79
svalbard_arctic,2021-04-10,-6.74,-13.31,0.21,18.46,48.53
svalbard_arctic,2021-04-11,-11.83,-11.8,1.12,16.99,81.38
svalbard_arctic,2021-04-12,-12.34,-9.08,0.0,8.6,44.03
svalbard_arctic,2021-04-13,-5.53,-18.11,0.0,19.66,61.55
svalbard_arctic,2021-04-14,-11.41,-11.86,2.15,7.88,99.98
svalbard_arctic,2021-04-15,-11.04,-15.71,3.57,14.07,76.09
svalbard_arctic,2021-04-16,-9.39,-13.28,0.0,9.42,45.94
svalbard_arctic,2021-04-17,-13.67,-14.86,2.05,18.85,83.8
svalbard_arctic,2021-04-18,-10.76,-8.82,0.0,13.36,69.55
svalbard_arctic,2021-04-19,-2.41,-10.69,0.54,17.66,58.19
svalbard_arctic,2021-04-20,-5.63,-11.69,0.0,6.7,77.15
svalbard_arctic,2021-04-21,-5.71,-16.29,2.01,18.73,85.2
svalbard_arctic,2021-04-22,-5.45,-13.02,1.59,18.54,54.47
svalbard_arctic,2021-04-23,-5.21,-12.62,1.14,11.15,58.75
svalbard_arctic,2021-04-24,-8.1,-10.06,1.8,13.12,58.32
svalbard_arctic,2021-04-25,-6.85,-12.04,1.66,20.71,74.45
svalbard_arctic,2021-04-26,-5.32,-11.49,0.0,16.51,79.47
svalbard_arctic,2021-04-27,-7.62,-17.62,1.37,18.86,75.95
svalbard_arctic,2021-04-28,-2.01,-7.3,0.41,8.44,52.04
svalbard_arctic,2021-04-29,-10.81,-13.42,0.29,14.9,95.11
svalbard_arctic,2021-04-30,-6.46,-11.75,1.57,19.73,54.49
svalbard_arctic,2021-05-01,-1.96,-7.87,2.4,12.75,71.07
svalbard_arctic,2021-05-02,-2.08,-6.6,0.99,13.12,64.56
svalbard_arctic,2021-05-03,-6.35,-8.96,2.73,15.73,51.6
svalbard_arctic,2021-05-04,-3.69,-7.7,0.75,12.75,71.24
svalbard_arctic,2021-05-05,-3.5,-5.72,0.0,21.57,68.89
svalbard_arctic,2021-05-06,2.33,-16.21,0.0,18.81,78.46
svalbard_arctic,2021-05-07,-6.38,-5.52,0.0,15.96,67.53
svalbard_arctic,2021-05-08,-3.15,-14.42,1.51,24.45,71.74
svalbard_arctic,2021-05-09,-4.81,-8.7,3.03,15.61,95.53
svalbard_arctic,2021-05-10,1.22,-6.28,2.28,18.14,65.81
svalbard_arctic,2021-05-11,-3.56,-10.25,2.03,12.53,44.08
svalbard_arctic,2021-05-12,-4.8,-7.72,2.76,16.09,82.87
svalbard_arctic,2021-05-13,-0.52,-16.45,1.81,19.07,82.06
svalbard_arctic,2021-05-14,-4.92,-10.62,2.27,18.98,48.16
svalbard_arctic,2021-05-15,-1.76,-8.93,1.24,12.77,50.99
svalbard_arctic,2021-05-16,-0.11,-9.3,0.26,11.23,61.94
svalbard_arctic,2021-05-17,-7.12,-6.59,0.0,16.79,55.78
svalbard_arctic,2021-05-18,-4.17,-0.77,0.76,18.1,64.53
svalbard_arctic,2021-05-19,4.2,-3.19,0.0,8.68,65.45
svalbard_arctic,2021-05-20,-0.68,-2.88,0.81,25.24,68.65
svalbard_arctic,2021-05-21,-4.56,-3.98,0.84,17.9,89.33
svalbard_arctic,2021-05-22,-0.53,-9.45,2.05,8.58,100.0
svalbard_arctic,2021-05-23,-6.39,-1.42,1.02,18.42,51.73
svalbard_arctic,2021-05-24,-0.09,-3.66,2.45,10.33,72.34
svalbard_arctic,2021-05-25,0.78,-3.04,0.72,12.71,87.28
svalbard_arctic,2021-05-26,-0.49,-2.01,0.18,18.71,89.51
svalbard_arctic,2021-05-27,-2.28,-2.72,2.99,11.85,49.37
svalbard_arctic,2021-05-28,5.49,-2.97,2.36,13.12,71.28
svalbard_arctic,2021-05-29,-0.69,-6.35,1.34,20.38,85.15
svalbard_arctic,2021-05-30,-5.2,-6.8,0.61,16.56,58.95
svalbard_arctic,2021-05-31,0.15,-6.61,3.49,15.23,62.32
svalbard_arctic,2021-06-01,4.32,-12.13,1.25,16.39,85.78
svalbard_arctic,2021-06-02,5.83,-4.76,2.09,23.92,64.83
svalbard_arctic,2021-06-03,-6.95,-1.45,2.73,20.53,81.11
svalbard_arctic,2021-06-04,-1.22,0.45,1.67,11.65,97.74
svalbard_arctic,2021-06-05,0.32,-4.94,0.07,23.23,75.6
svalbard_arctic,2021-06-06,2.1,-2.91,1.05,15.55,67.24
svalbard_arctic,2021-06-07,-2.34,-3.98,0.73,16.94,82.4
svalbard_arctic,2021-06-08,3.56,-1.62,1.22,13.43,79.14
svalbard_arctic,2021-06-09,4.82,-6.26,1.57,15.49,65.35
svalbard_arctic,2021-06-10,-0.47,-3.6,0.86,18.16,74.31
svalbard_arctic,2021-06-11,2.17,-4.27,0.88,17.7,84.76
svalbard_arctic,2021-06-12,4.89,0.18,1.4,24.35,77.08
svalbard_arctic,2021-06-13,7.89,-6.72,0.0,12.92,59.93
svalbard_arctic,2021-06-14,5.88,-0.34,0.92,16.9,85.54
svalbard_arctic,2021-06-15,1.27,1.44,1.54,9.15,70.31
svalbard_arctic,2021-06-16,4.32,-5.56,1.44,15.25,68.74
svalbard_arctic,2021-06-17,2.37,-2.97,0.51,21.73,49.13
svalbard_arctic,2021-06-18,0.94,-3.5,0.76,23.62,93.97
svalbard_arctic,2021-06-19,4.79,3.99,0.0,23.99,81.93
svalbard_arctic,2021-06-20,4.87,3.43,0.49,16.12,67.97
svalbard_arctic,2021-06-21,3.5,2.23,0.0,16.42,83.38
svalbard_arctic,2021-06-22,6.63,0.8,1.03,13.81,90.73
svalbard_arctic,2021-06-23,2.87,2.34,1.73,16.93,87.33
svalbard_arctic,2021-06-24,3.54,1.57,0.54,22.45,69.03
svalbard_arctic,2021-06-25,4.5,4.68,0.0,21.08,59.94
svalbard_arctic,2021-06-26,4.96,0.12,2.14,15.74,65.88
svalbard_arctic,2021-06-27,1.31,-7.34,1.49,16.49,79.68
svalbard_arctic,2021-06-28,9.82,-1.32,0.41,16.66,54.99
svalbard_arctic,2021-06-29,6.25,1.87,0.36,15.64,100.0
svalbard_arctic,2021-06-30,4.32,-0.67,2.18,18.77,79.39
svalbard_arctic,2021-07-01,4.45,3.95,1.72,20.82,90.67
svalbard_arctic,2021-07-02,4.22,-2.06,1.99,27.08,61.21
svalbard_arctic,2021-07-03,8.9,3.21,0.0,17.93,77.02
svalbard_arctic,2021-07-04,7.44,-3.82,1.83,20.68,65.93
svalbard_arctic,2021-07-05,6.53,1.63,0.24,13.87,47.62
svalbard_arctic,2021-07-06,12.11,-1.75,0.0,18.35,83.85
svalbard_arctic,2021-07-07,6.5,-3.29,1.26,17.31,93.8
svalbard_arctic,2021-07-08,2.07,0.59,1.78,20.61,100.0
svalbard_arctic,2021-07-09,7.03,-2.84,1.33,19.92,79.35
svalbard_arctic,2021-07-10,6.44,3.16,1.38,20.72,68.7
svalbard_arctic,2021-07-11,9.04,-0.2,0.13,17.42,88.5
svalbard_arctic,2021-07-12,7.14,1.19,0.0,16.61,64.34
svalbard_arctic,2021-07-13,5.34,0.77,1.75,13.17,66.14
svalbard_arctic,2021-07-14,7.84,2.64,1.54,18.82,73.91
svalbard_arctic,2021-07-15,-0.07,-1.12,0.81,17.6,61.21
svalbard_arctic,2021-07-16,6.42,4.34,0.85,23.47,61.81
svalbard_arctic,2021-07-17,6.71,7.12,1.39,17.35,97.89
svalbard_arctic,2021-07-18,1.0,-2.33,0.88,15.84,61.86
svalbard_arctic,2021-07-19,5.37,5.78,2.0,20.28,83.65
svalbard_arctic,2021-07-20,3.01,-0.66,2.05,12.51,62.46
svalbard_arctic,2021-07-21,3.68,-0.52,1.21,19.16,72.75
svalbard_arctic,2021-07-22,7.75,3.52,1.07,15.51,80.35
svalbard_arctic,2021-07-23,1.87,-2.35,1.56,13.13,76.71
svalbard_arctic,2021-07-24,4.27,2.75,0.0,18.52,62.41
svalbard_arctic,2021-07-25,2.15,2.58,1.23,8.43,88.35
svalbard_arctic,2021-07-26,5.58,0.69,0.0,20.28,76.79
svalbard_arctic,2021-07-27,5.88,0.54,1.72,18.32,49.35
svalbard_arctic,2021-07-28,0.98,-0.76,2.2,15.56,88.56
svalbard_arctic,2021-07-29,3.78,2.98,0.0,21.74,75.97
svalbard_arctic,2021-07-30,4.2,-0.4,1.97,19.98,72.42
svalbard_arctic,2021-07-31,5.07,4.06,1.19,12.85,78.67
svalbard_arctic,2021-08-01,7.52,4.11,1.79,20.3,49.52
svalbard_arctic,2021-08-02,1.75,-3.74,2.29,19.95,62.53
svalbard_arctic,2021-08-03,3.35,-3.4,1.51,16.13,77.34
svalbard_arctic,2021-08-04,8.44,-0.05,1.43,17.0,59.65
svalbard_arctic,2021-08-05,6.79,-2.37,0.13,24.44,85.06
svalbard_arctic,2021-08-06,1.49,-1.69,0.41,19.5,55.36
svalbard_arctic,2021-08-07,3.97,-2.14,3.29,12.92,72.06
svalbard_arctic,2021-08-08,5.48,6.02,2.28,18.34,94.92
svalbard_arctic,2021-08-09,6.82,3.59,1.74,11.7,61.32
svalbard_arctic,2021-08-10,5.04,-2.45,0.32,19.86,74.47
svalbard_arctic,2021-08-11,5.22,-5.79,1.63,15.53,60.48
svalbard_arctic,2021-08-12,5.21,-1.8,0.84,15.9,50.98
svalbard_arctic,2021-08-13,3.95,-4.03,3.5,14.04,83.3
svalbard_arctic,2021-08-14,-1.03,1.84,2.66,16.4,73.24
svalbard_arctic,2021-08-15,2.11,-0.2,0.43,18.64,75.01
svalbard_arctic,2021-08-16,7.23,-2.21,0.53,15.09,78.31
svalbard_arctic,2021-08-17,6.0,-0.84,1.04,14.63,61.26
svalbard_arctic,2021-08-18,3.26,-4.16,2.55,17.94,55.56
svalbard_arctic,2021-08-19,2.46,-1.51,2.36,16.36,76.37
svalbard_arctic,2021-08-20,0.85,3.97,0.0,16.6,95.72
svalbard_arctic,2021-08-21,0.37,-3.1,1.67,14.8,78.2
svalbard_arctic,2021-08-22,5.68,-0.87,2.41,13.71,52.12
svalbard_arctic,2021-08-23,1.76,-3.64,1.03,16.96,100.0
svalbard_arctic,2021-08-24,3.47,-3.82,1.8,20.34,54.6
svalbard_arctic,2021-08-25,9.67,0.94,3.14,17.13,45.57
svalbard_arctic,2021-08-26,2.62,-5.4,2.63,16.17,99.33
svalbard_arctic,2021-08-27,-0.08,-2.37,1.72,11.64,60.63
svalbard_arctic,2021-08-28,4.67,-4.6,1.57,15.41,65.29
svalbard_arctic,2021-08-29,5.12,2.01,1.19,15.14,90.01
svalbard_arctic,2021-08-30,-4.08,-4.33,1.79,17.59,97.52
svalbard_arctic,2021-08-31,5.34,-6.22,1.03,17.4,69.66
svalbard_arctic,2021-09-01,-1.26,-3.04,2.27,26.49,83.39
svalbard_arctic,2021-09-02,6.13,-3.18,0.19,15.7,99.33
svalbard_arctic,2021-09-03,4.96,0.42,0.6,20.32,54.31
svalbard_arctic,2021-09-04,1.36,-4.67,0.81,20.4,76.25
svalbard_arctic,2021-09-05,-1.73,-1.92,2.44,19.54,66.0
svalbard_arctic,2021-09-06,3.94,-6.36,2.0,17.02,53.51
svalbard_arctic,2021-09-07,1.73,-0.27,1.5,27.08,85.48
svalbard_arctic,2021-09-08,-2.02,-1.05,1.55,13.52,89.33
svalbard_arctic,2021-09-09,1.7,-2.21,0.0,18.82,80.86
svalbard_arctic,2021-09-10,-3.43,-1.55,1.84,19.74,79.76
svalbard_arctic,2021-09-11,0.58,-3.45,0.07,10.22,66.85
svalbard_arctic,2021-09-12,0.46,-4.06,0.49,11.11,75.65
svalbard_arctic,2021-09-13,0.85,-8.03,4.28,21.65,79.1
svalbard_arctic,2021-09-14,2.86,-6.79,1.64,17.87,100.0
svalbard_arctic,2021-09-15,-2.44,-2.43,1.28,12.03,46.2
svalbard_arctic,2021-09-16,-3.07,-2.73,0.91,21.44,61.14
svalbard_arctic,2021-09-17,-1.26,-2.68,2.38,15.83,67.25
svalbard_arctic,2021-09-18,0.91,-6.82,0.04,20.26,77.16
svalbard_arctic,2021-09-19,-2.36,-0.7,0.56,23.23,92.15
svalbard_arctic,2021-09-20,-6.75,-6.44,2.27,15.63,85.01
svalbard_arctic,2021-09-21,-2.91,-4.75,1.11,8.62,65.14
svalbard_arctic,2021-09-22,-1.85,2.01,1.5,13.21,79.03
svalbard_arctic,2021-09-23,-4.86,-8.07,0.5,8.24,67.49
svalbard_arctic,2021-09-24,-9.78,-4.57,1.68,12.59,72.89
svalbard_arctic,2021-09-25,-2.0,-11.47,0.56,21.69,84.39
svalbard_arctic,2021-09-26,-7.07,-8.25,0.0,13.18,28.87
svalbard_arctic,2021-09-27,-0.45,-5.56,2.07,11.62,64.53
svalbard_arctic,2021-09-28,3.35,-9.41,0.17,22.21,53.78
svalbard_arctic,2021-09-29,-6.45,-7.66,0.0,15.18,55.03
svalbard_arctic,2021-09-30,-2.93,-7.3,0.07,16.82,58.91
svalbard_arctic,2021-10-01,-3.3,-7.71,1.11,11.48,39.86
svalbard_arctic,2021-10-02,-9.02,-15.03,0.31,20.72,87.01
svalbard_arctic,2021-10-03,-11.9,-1.9,2.9,15.9,100.0
svalbard_arctic,2021-10-04,-8.91,-12.17,2.16,18.84,70.31
svalbard_arctic,2021-10-05,-5.97,-11.48,1.16,9.84,91.52
svalbard_arctic,2021-10-06,2.04,-14.15,0.11,20.78,57.28
svalbard_arctic,2021-10-07,-3.78,-12.59,1.99,16.83,86.92
svalbard_arctic,2021-10-08,-8.37,-9.93,1.34,12.56,59.83
svalbard_arctic,2021-10-09,-8.62,-6.99,0.33,13.74,58.02
svalbard_arctic,2021-10-10,-8.21,-12.09,1.26,13.26,68.88
svalbard_arctic,2021-10-11,-12.02,-10.08,1.23,16.35,93.49
svalbard_arctic,2021-10-12,-9.26,-9.75,0.25,15.76,83.45
svalbard_arctic,2021-10-13,-5.44,-14.32,0.0,21.6,87.98
svalbard_arctic,2021-10-14,-7.73,-16.75,2.21,7.05,44.35
svalbard_arctic,2021-10-15,-8.5,-14.29,1.72,17.55,49.12
svalbard_arctic,2021-10-16,-5.0,-7.64,0.86,8.6,58.12
svalbard_arctic,2021-10-17,-11.1,-14.28,1.52,25.11,87.49
svalbard_arctic,2021-10-18,-6.66,-14.32,1.88,20.96,75.52
svalbard_arctic,2021-10-19,-11.59,-11.33,0.57,14.75,38.14
svalbard_arctic,2021-10-20,-5.9,-10.68,0.65,16.56,60.57
svalbard_arctic,2021-10-21,-8.42,-16.25,2.72,15.1,54.5
svalbard_arctic,2021-10-22,-8.35,-10.84,0.32,12.3,62.35
svalbard_arctic,2021-10-23,-9.47,-11.81,2.85,11.78,98.28
svalbard_arctic,2021-10-24,-7.65,-15.25,4.32,14.51,61.15
svalbard_arctic,2021-10-25,-12.07,-19.36,1.23,3.94,57.9
svalbard_arctic,2021-10-26,-6.7,-11.58,0.0,19.82,46.05
svalbard_arctic,2021-10-27,-10.72,-13.14,0.85,21.35,76.11
svalbard_arctic,2021-10-28,-8.69,-13.87,1.03,13.43,61.49
svalbard_arctic,2021-10-29,-8.41,-18.8,0.86,20.18,50.31
svalbard_arctic,2021-10-30,-12.91,-8.05,2.24,12.32,72.76
svalbard_arctic,2021-10-31,-9.35,-18.13,0.45,12.05,57.39
svalbard_arctic,2021-11-01,-13.28,-16.95,1.38,15.07,59.53
svalbard_arctic,2021-11-02,-16.04,-12.61,1.32,16.3,47.12
svalbard_arctic,2021-11-03,-10.9,-15.45,1.35,10.78,33.39
svalbard_arctic,2021-11-04,-5.2,-15.35,0.0,15.46,74.28
svalbard_arctic,2021-11-05,-13.88,-19.76,1.84,15.2,68.05
svalbard_arctic,2021-11-06,-10.59,-20.2,0.0,4.99,66.39
svalbard_arctic,2021-11-07,-9.88,-15.41,1.29,12.86,59.5
svalbard_arctic,2021-11-08,-16.02,-17.99,1.4,13.02,52.98
svalbard_arctic,2021-11-09,-14.61,-11.27,0.0,11.42,62.75
svalbard_arctic,2021-11-10,-9.21,-20.68,0.0,11.39,71.34
svalbard_arctic,2021-11-11,-11.2,-18.57,0.53,15.7,66.79
svalbard_arctic,2021-11-12,-13.16,-16.99,1.99,7.34,50.22
svalbard_arctic,2021-11-13,-18.31,-19.09,1.3,18.02,75.14
svalbard_arctic,2021-11-14,-15.51,-20.33,1.91,13.13,61.36
svalbard_arctic,2021-11-15,-12.41,-17.92,1.99,18.56,60.89
svalbard_arctic,2021-11-16,-23.6,-12.26,1.61,11.03,51.95
svalbard_arctic,2021-11-17,-11.93,-20.47,0.82,17.39,53.17
svalbard_arctic,2021-11-18,-11.17,-23.56,0.0,15.67,63.04
svalbard_arctic,2021-11-19,-9.36,-17.25,1.53,6.28,39.77
svalbard_arctic,2021-11-20,-11.13,-20.18,3.18,12.65,53.46
svalbard_arctic,2021-11-21,-13.93,-22.36,0.09,23.48,51.47
svalbard_arctic,2021-11-22,-12.99,-17.59,0.79,16.69,56.26
svalbard_arctic,2021-11-23,-16.57,-18.22,2.6,8.85,63.36
svalbard_arctic,2021-11-24,-17.34,-21.86,1.35,11.34,38.14
svalbard_arctic,2021-11-25,-14.55,-24.98,1.29,16.5,84.23
svalbard_arctic,2021-11-26,-18.51,-17.4,0.4,14.5,58.29
svalbard_arctic,2021-11-27,-17.5,-22.38,1.09,7.04,67.27
svalbard_arctic,2021-11-28,-9.82,-19.7,1.01,6.02,72.66
svalbard_arctic,2021-11-29,-18.78,-21.06,1.21,15.87,85.87
svalbard_arctic,2021-11-30,-16.02,-19.3,0.0,11.86,60.73
svalbard_arctic,2021-12-01,-21.76,-20.28,3.21,17.22,44.62
svalbard_arctic,2021-12-02,-19.52,-17.2,0.81,14.28,39.17
svalbard_arctic,2021-12-03,-19.65,-19.31,0.0,9.6,64.71
svalbard_arctic,2021-12-04,-17.74,-27.34,0.08,12.68,52.56
svalbard_arctic,2021-12-05,-20.16,-22.65,0.0,11.1,82.25
svalbard_arctic,2021-12-06,-18.53,-21.3,0.52,13.92,46.84
svalbard_arctic,2021-12-07,-19.35,-23.07,0.45,9.14,42.38
svalbard_arctic,2021-12-08,-18.57,-18.45,1.75,6.63,41.38
svalbard_arctic,2021-12-09,-23.12,-20.77,0.0,12.03,92.42
svalbard_arctic,2021-12-10,-22.95,-27.97,0.0,9.2,81.2
svalbard_arctic,2021-12-11,-16.07,-23.51,0.0,16.38,41.84
svalbard_arctic,2021-12-12,-20.27,-22.46,1.12,11.62,51.94
svalbard_arctic,2021-12-13,-18.08,-25.06,1.43,13.59,50.99
svalbard_arctic,2021-12-14,-17.63,-20.75,0.0,11.01,30.45
svalbard_arctic,2021-12-15,-18.71,-21.25,1.17,13.13,54.91
svalbard_arctic,2021-12-16,-23.09,-21.87,0.03,14.88,66.59
svalbard_arctic,2021-12-17,-25.33,-20.96,1.78,13.39,57.61
svalbard_arctic,2021-12-18,-20.54,-19.24,2.66,5.86,52.55
svalbard_arctic,2021-12-19,-19.3,-20.88,0.0,10.6,50.4
svalbard_arctic,2021-12-20,-15.32,-21.05,0.16,20.52,50.03
svalbard_arctic,2021-12-21,-13.71,-23.63,1.76,13.82,59.13
svalbard_arctic,2021-12-22,-18.67,-25.41,1.77,10.51,77.62
svalbard_arctic,2021-12-23,-20.07,-17.63,0.58,10.24,50.48
svalbard_arctic,2021-12-24,-20.16,-22.62,1.65,17.87,44.49
svalbard_arctic,2021-12-25,-20.16,-26.85,1.2,14.36,42.25
svalbard_arctic,2021-12-26,-22.16,-24.27,1.71,7.17,84.0
svalbard_arctic,2021-12-27,-16.12,-25.17,1.77,20.2,83.55
svalbard_arctic,2021-12-28,-21.51,-21.72,0.59,13.31,55.03
svalbard_arctic,2021-12-29,-19.31,-25.21,1.55,13.2,57.39
svalbard_arctic,2021-12-30,-19.43,-28.97,0.6,18.07,51.82
svalbard_arctic,2021-12-31,-27.49,-22.66,1.59,12.79,38.78
svalbard_arctic,2022-01-01,-23.63,-26.08,0.0,13.82,55.08
svalbard_arctic,2022-01-02,-19.56,-31.46,1.16,6.03,33.37
svalbard_arctic,2022-01-03,-16.93,-21.88,1.13,11.74,43.24
svalbard_arctic,2022-01-04,-20.12,-28.59,1.66,7.03,47.87
svalbard_arctic,2022-01-05,-18.71,-27.67,0.59,9.99,71.32
svalbard_arctic,2022-01-06,-24.08,-24.51,0.0,13.06,56.18
svalbard_arctic,2022-01-07,-20.71,-24.37,0.63,3.08,40.5
svalbard_arctic,2022-01-08,-24.36,-26.46,0.0,13.34,71.55
svalbard_arctic,2022-01-09,-18.54,-23.77,0.28,15.39,53.23
svalbard_arctic,2022-01-10,-20.76,-22.38,0.0,4.7,40.18
svalbard_arctic,2022-01-11,-15.71,-27.68,0.78,9.3,64.42
svalbard_arctic,2022-01-12,-21.01,-24.72,1.8,5.96,57.52
svalbard_arctic,2022-01-13,-25.7,-24.57,1.64,14.08,21.6
svalbard_arctic,2022-01-14,-19.99,-21.39,0.0,10.0,57.39
svalbard_arctic,2022-01-15,-22.37,-24.36,0.95,16.5,44.71
svalbard_arctic,2022-01-16,-18.14,-30.53,3.21,6.75,42.62
svalbard_arctic,2022-01-17,-23.18,-18.08,0.14,12.79,50.22
svalbard_arctic,2022-01-18,-17.25,-24.68,1.17,8.66,27.54
svalbard_arctic,2022-01-19,-25.16,-24.25,1.91,12.07,51.41
svalbard_arctic,2022-01-20,-16.75,-25.33,0.0,10.69,59.05
svalbard_arctic,2022-01-21,-25.09,-24.18,1.07,14.82,42.52
svalbard_arctic,2022-01-22,-23.32,-23.71,1.66,13.16,50.59
svalbard_arctic,2022-01-23,-18.9,-22.65,0.37,16.6,55.66
svalbard_arctic,2022-01-24,-14.49,-25.41,0.0,11.63,62.07
svalbard_arctic,2022-01-25,-20.64,-32.09,1.97,8.37,64.3
svalbard_arctic,2022-01-26,-25.07,-26.21,0.0,14.49,45.79
svalbard_arctic,2022-01-27,-27.84,-25.51,0.0,11.74,51.0
svalbard_arctic,2022-01-28,-17.93,-26.89,0.0,10.98,32.05
svalbard_arctic,2022-01-29,-15.8,-28.05,0.29,13.42,45.35
svalbard_arctic,2022-01-30,-17.42,-26.19,0.0,9.04,74.96
svalbard_arctic,2022-01-31,-20.15,-22.13,0.0,19.2,40.49
svalbard_arctic,2022-02-01,-22.89,-23.7,0.0,16.3,72.86
svalbard_arctic,2022-02-02,-19.0,-28.65,2.04,13.57,38.44
svalbard_arctic,2022-02-03,-19.43,-29.79,1.17,13.14,65.89
svalbard_arctic,2022-02-04,-14.48,-29.77,0.94,12.3,58.98
svalbard_arctic,2022-02-05,-18.8,-23.67,2.37,10.07,80.36
svalbard_arctic,2022-02-06,-17.62,-28.86,2.43,14.19,19.01
svalbard_arctic,2022-02-07,-20.56,-24.52,0.0,10.49,43.6
svalbard_arctic,2022-02-08,-23.08,-22.23,0.0,18.77,80.65
svalbard_arctic,2022-02-09,-20.16,-22.92,0.07,17.96,57.22
svalbard_arctic,2022-02-10,-27.21,-25.06,0.98,13.12,63.97
svalbard_arctic,2022-02-11,-19.92,-19.27,2.14,15.96,43.17
svalbard_arctic,2022-02-12,-18.84,-25.68,0.0,6.27,39.79
svalbard_arctic,2022-02-13,-21.36,-23.35,0.65,12.97,74.07
svalbard_arctic,2022-02-14,-18.51,-24.81,0.6,5.32,55.19
svalbard_arctic,2022-02-15,-16.25,-24.14,2.21,12.77,100.0
svalbard_arctic,2022-02-16,-18.98,-20.98,1.65,9.16,58.48
svalbard_arctic,2022-02-17,-19.55,-21.39,0.0,16.02,68.06
svalbard_arctic,2022-02-18,-20.32,-28.67,1.58,12.75,72.26
svalbard_arctic,2022-02-19,-19.8,-26.19,0.45,10.96,63.92
svalbard_arctic,2022-02-20,-12.98,-20.5,1.03,11.06,68.8
svalbard_arctic,2022-02-21,-21.16,-26.79,0.0,3.73,76.5
svalbard_arctic,2022-02-22,-20.56,-25.78,0.0,16.08,56.33
svalbard_arctic,2022-02-23,-15.68,-21.57,0.45,18.09,48.41
svalbard_arctic,2022-02-24,-20.7,-19.56,0.0,15.72,71.77
svalbard_arctic,2022-02-25,-15.61,-19.8,0.57,10.65,81.52
svalbard_arctic,2022-02-26,-20.92,-27.03,0.08,9.19,46.52
svalbard_arctic,2022-02-27,-18.0,-22.87,0.82,6.0,82.75
svalbard_arctic,2022-02-28,-15.04,-23.06,1.02,11.19,40.13
svalbard_arctic,2022-03-01,-21.36,-23.57,1.52,3.53,58.4
svalbard_arctic,2022-03-02,-15.33,-26.34,1.51,4.25,34.79
svalbard_arctic,2022-03-03,-14.67,-17.36,2.12,16.71,30.01
svalbard_arctic,2022-03-04,-18.01,-21.65,0.89,19.28,54.5
svalbard_arctic,2022-03-05,-13.21,-24.07,0.0,10.42,65.52
svalbard_arctic,2022-03-06,-17.41,-19.91,1.81,14.83,56.51
svalbard_arctic,2022-03-07,-17.04,-21.33,1.08,11.01,86.37
svalbard_arctic,2022-03-08,-14.41,-18.14,1.6,17.74,40.2
svalbard_arctic,2022-03-09,-12.69,-21.96,1.65,13.97,58.5
svalbard_arctic,2022-03-10,-24.7,-21.61,0.53,15.57,47.77
svalbard_arctic,2022-03-11,-22.29,-20.05,0.52,5.88,52.37
svalbard_arctic,2022-03-12,-19.73,-17.88,2.87,12.81,49.28
svalbard_arctic,2022-03-13,-13.82,-22.71,0.0,11.12,52.83
svalbard_arctic,2022-03-14,-14.84,-23.78,0.36,18.75,57.0
svalbard_arctic,2022-03-15,-20.97,-17.86,1.71,11.13,40.31
svalbard_arctic,2022-03-16,-9.32,-18.36,0.64,12.36,74.97
svalbard_arctic,2022-03-17,-13.24,-18.86,0.26,5.96,77.89
svalbard_arctic,2022-03-18,-15.53,-18.58,1.66,14.05,61.72
svalbard_arctic,2022-03-19,-13.06,-18.54,2.24,13.9,57.08
svalbard_arctic,2022-03-20,-15.3,-14.39,1.03,12.37,55.96
svalbard_arctic,2022-03-21,-10.9,-17.61,0.0,18.67,74.55
svalbard_arctic,2022-03-22,-9.93,-18.62,0.98,13.7,45.2
svalbard_arctic,2022-03-23,-9.07,-20.95,1.29,11.15,68.79
svalbard_arctic,2022-03-24,-12.12,-18.79,0.0,10.51,55.1
svalbard_arctic,2022-03-25,-13.04,-15.77,2.43,16.76,54.09
svalbard_arctic,2022-03-26,-10.06,-15.0,1.44,7.32,59.04
svalbard_arctic,2022-03-27,-7.86,-21.41,0.0,11.2,63.47
svalbard_arctic,2022-03-28,-13.54,-14.15,1.47,13.4,39.77
svalbard_arctic,2022-03-29,-8.17,-16.97,1.45,12.31,47.15
svalbard_arctic,2022-03-30,-13.98,-9.33,0.27,13.71,52.21
svalbard_arctic,2022-03-31,-14.48,-12.53,0.0,18.57,65.87
svalbard_arctic,2022-04-01,-10.79,-16.52,0.62,13.02,34.44
svalbard_arctic,2022-04-02,-13.9,-19.27,0.27,10.16,75.93
svalbard_arctic,2022-04-03,-17.17,-18.65,1.19,20.35,85.36
svalbard_arctic,2022-04-04,-11.83,-16.95,0.64,13.14,50.23
svalbard_arctic,2022-04-05,-3.79,-9.75,1.44,15.99,62.75
svalbard_arctic,2022-04-06,-16.4,-15.85,1.17,20.26,77.67
svalbard_arctic,2022-04-07,-8.0,-14.06,1.71,11.52,61.63
svalbard_arctic,2022-04-08,-11.14,-14.93,1.55,21.58,58.66
svalbard_arctic,2022-04-09,-12.27,-14.87,1.98,21.63,76.73
svalbard_arctic,2022-04-10,-12.47,-15.32,0.07,11.63,82.11
svalbard_arctic,2022-04-11,-9.43,-9.46,2.04,12.31,55.2
svalbard_arctic,2022-04-12,-10.34,-11.03,2.96,17.59,54.72
svalbard_arctic,2022-04-13,-7.46,-17.68,2.22,20.5,70.94
svalbard_arctic,2022-04-14,-2.42,-18.14,0.0,18.07,54.65
svalbard_arctic,2022-04-15,-8.14,-10.51,2.67,14.64,49.03
svalbard_arctic,2022-04-16,-10.44,-9.49,1.78,17.0,55.55
svalbard_arctic,2022-04-17,-7.21,-15.27,2.03,17.76,49.46
svalbard_arctic,2022-04-18,-10.09,-13.57,0.18,16.22,45.37
svalbard_arctic,2022-04-19,-9.32,-8.75,0.0,13.21,89.07
svalbard_arctic,2022-04-20,-9.76,-9.9,2.51,18.34,45.6
svalbard_arctic,2022-04-21,-4.63,-11.58,0.52,14.07,66.09
svalbard_arctic,2022-04-22,-4.65,-9.65,0.17,7.61,37.44
svalbard_arctic,2022-04-23,-7.57,-11.88,0.0,9.77,89.37
svalbard_arctic,2022-04-24,-11.2,-12.12,0.0,20.46,66.72
svalbard_arctic,2022-04-25,-9.27,-7.48,1.03,11.06,88.64
svalbard_arctic,2022-04-26,-6.51,-12.45,1.96,15.81,54.23
svalbard_arctic,2022-04-27,-2.64,-11.64,1.35,20.55,100.0
svalbard_arctic,2022-04-28,-15.01,-4.91,0.9,16.2,48.98
svalbard_arctic,2022-04-29,-4.98,-12.36,2.42,24.75,75.1
svalbard_arctic,2022-04-30,-3.46,-4.57,2.56,15.2,29.96
svalbard_arctic,2022-05-01,-3.17,-8.81,0.13,12.35,60.18
svalbard_arctic,2022-05-02,-2.9,-9.11,1.26,9.92,66.21
svalbard_arctic,2022-05-03,-1.66,-7.34,1.2,8.33,67.44
svalbard_arctic,2022-05-04,-5.29,-6.17,0.76,21.97,60.3
svalbard_arctic,2022-05-05,-2.15,-4.39,1.55,11.38,73.85
svalbard_arctic,2022-05-06,-9.74,-8.93,2.58,9.44,60.05
svalbard_arctic,2022-05-07,-5.32,-6.71,0.0,14.5,89.78
svalbard_arctic,2022-05-08,-2.73,-9.18,1.33,13.65,75.39
svalbard_arctic,2022-05-09,-5.03,-9.27,1.25,13.37,48.39
svalbard_arctic,2022-05-10,-6.39,-7.05,0.86,21.26,74.6
svalbard_arctic,2022-05-11,-5.07,-5.0,1.88,17.03,67.87
svalbard_arctic,2022-05-12,-0.94,-9.77,0.85,19.67,34.09
svalbard_arctic,2022-05-13,-3.06,-11.59,0.39,25.4,91.86
svalbard_arctic,2022-05-14,-2.64,-9.66,1.92,13.1,53.96
svalbard_arctic,2022-05-15,-1.16,-7.83,0.0,17.24,71.04
svalbard_arctic,2022-05-16,-1.31,-2.33,0.44,10.8,75.26
svalbard_arctic,2022-05-17,2.48,-8.52,0.3,22.56,69.93
svalbard_arctic,2022-05-18,1.82,-4.31,2.84,15.63,81.56
svalbard_arctic,2022-05-19,-0.24,-2.2,1.3,4.17,83.03
svalbard_arctic,2022-05-20,-2.16,-7.72,0.0,11.21,72.96
svalbard_arctic,2022-05-21,2.93,-1.14,1.41,22.54,55.93
svalbard_arctic,2022-05-22,4.12,-3.3,0.04,9.33,71.93
svalbard_arctic,2022-05-23,-5.35,-7.75,1.45,16.27,88.17
svalbard_arctic,2022-05-24,-0.79,-5.84,0.0,18.69,68.73
svalbard_arctic,2022-05-25,-0.92,-6.85,0.0,19.01,48.87
svalbard_arctic,2022-05-26,-3.06,-5.07,1.89,27.04,88.1
svalbard_arctic,2022-05-27,-1.49,-2.93,0.55,16.52,64.16
svalbard_arctic,2022-05-28,-0.95,-5.9,2.45,13.02,84.44
svalbard_arctic,2022-05-29,3.56,-2.67,0.0,13.41,63.13
svalbard_arctic,2022-05-30,-3.65,-3.07,1.77,21.62,79.19
svalbard_arctic,2022-05-31,1.43,-6.62,0.71,7.17,67.68
svalbard_arctic,2022-06-01,-1.47,-2.15,1.94,17.97,62.43
svalbard_arctic,2022-06-02,4.72,0.12,0.79,23.64,79.23
svalbard_arctic,2022-06-03,1.5,-3.66,1.82,17.47,60.12
svalbard_arctic,2022-06-04,4.16,-0.58,0.94,22.41,46.02
svalbard_arctic,2022-06-05,1.78,-5.7,1.32,8.62,83.06
svalbard_arctic,2022-06-06,-3.22,2.14,2.53,22.32,63.66
svalbard_arctic,2022-06-07,0.2,-0.51,1.28,18.07,76.74
svalbard_arctic,2022-06-08,7.1,-0.06,0.6,15.12,76.27
svalbard_arctic,2022-06-09,3.82,-4.02,0.28,15.22,82.91
svalbard_arctic,2022-06-10,8.25,0.23,1.72,24.32,86.31
svalbard_arctic,2022-06-11,6.97,-0.51,2.36,14.05,80.22
svalbard_arctic,2022-06-12,0.65,0.61,1.91,14.29,82.32
svalbard_arctic,2022-06-13,-1.33,2.42,2.99,23.9,86.78
svalbard_arctic,2022-06-14,6.09,-2.81,1.54,18.67,65.12
svalbard_arctic,2022-06-15,6.0,2.67,0.69,19.49,64.04
svalbard_arctic,2022-06-16,3.09,1.19,2.62,13.41,82.36
svalbard_arctic,2022-06-17,-1.26,-4.5,0.0,13.37,47.94
svalbard_arctic,2022-06-18,1.6,4.1,0.45,24.62,54.57
svalbard_arctic,2022-06-19,3.83,-2.32,1.34,18.95,48.63
svalbard_arctic,2022-06-20,5.76,-0.0,0.24,17.52,90.38
svalbard_arctic,2022-06-21,0.55,0.23,1.81,16.32,90.12
svalbard_arctic,2022-06-22,6.73,-3.27,0.84,17.04,86.29
svalbard_arctic,2022-06-23,6.13,2.3,2.33,14.53,74.68
svalbard_arctic,2022-06-24,6.27,-1.52,1.76,19.26,67.29
svalbard_arctic,2022-06-25,5.52,-3.93,3.17,15.05,70.72
svalbard_arctic,2022-06-26,-2.5,-2.48,0.0,16.05,79.93
svalbard_arctic,2022-06-27,5.03,-5.37,1.75,19.61,84.7
svalbard_arctic,2022-06-28,3.01,-3.85,1.41,23.42,57.64
svalbard_arctic,2022-06-29,5.99,3.19,1.4,22.71,85.12
svalbard_arctic,2022-06-30,-0.46,-4.3,0.87,15.18,90.65
svalbard_arctic,2022-07-01,-1.67,1.4,1.61,16.95,86.75
svalbard_arctic,2022-07-02,6.24,-1.31,0.0,11.03,52.25
svalbard_arctic,2022-07-03,1.84,3.74,0.0,20.32,85.73
svalbard_arctic,2022-07-04,-1.81,0.49,0.46,20.79,73.49
svalbard_arctic,2022-07-05,1.45,-3.0,0.0,17.87,98.12
svalbard_arctic,2022-07-06,4.18,2.42,1.68,22.92,72.83
svalbard_arctic,2022-07-07,8.1,-0.44,0.29,15.45,91.32
svalbard_arctic,2022-07-08,4.88,2.76,1.21,18.22,96.78
svalbard_arctic,2022-07-09,3.08,1.77,1.57,13.2,87.03
svalbard_arctic,2022-07-10,4.07,-2.34,1.12,17.31,66.65
svalbard_arctic,2022-07-11,7.15,0.47,1.94,15.95,82.14
svalbard_arctic,2022-07-12,6.56,-0.82,0.8,20.28,62.84
svalbard_arctic,2022-07-13,7.08,0.14,1.21,16.36,66.54
svalbard_arctic,2022-07-14,10.19,0.52,0.76,22.66,92.41
svalbard_arctic,2022-07-15,5.11,-3.83,2.21,11.09,75.69
svalbard_arctic,2022-07-16,7.1,1.86,0.0,20.16,72.9
svalbard_arctic,2022-07-17,-1.44,-0.02,1.65,6.86,99.78
svalbard_arctic,2022-07-18,5.54,-2.85,2.81,17.45,96.04
svalbard_arctic,2022-07-19,0.95,-2.51,1.75,22.63,58.86
svalbard_arctic,2022-07-20,3.11,-4.24,0.67,17.47,76.65
svalbard_arctic,2022-07-21,3.62,6.82,1.61,22.77,69.12
svalbard_arctic,2022-07-22,4.97,0.86,0.62,13.91,71.39
svalbard_arctic,2022-07-23,3.22,2.06,2.36,18.61,90.73
svalbard_arctic,2022-07-24,3.8,5.25,1.73,14.6,85.19
svalbard_arctic,2022-07-25,6.88,9.1,1.44,23.8,51.2
svalbard_arctic,2022-07-26,5.17,-1.25,2.68,14.48,91.85
svalbard_arctic,2022-07-27,4.68,-0.71,1.34,13.96,68.07
svalbard_arctic,2022-07-28,4.83,-2.2,0.0,22.93,81.48
svalbard_arctic,2022-07-29,4.12,0.33,1.33,12.83,85.21
svalbard_arctic,2022-07-30,7.74,-4.68,0.99,14.52,86.16
svalbard_arctic,2022-07-31,4.45,4.62,1.24,20.04,66.35
svalbard_arctic,2022-08-01,11.46,2.16,1.76,18.72,81.42
svalbard_arctic,2022-08-02,5.99,-0.02,1.96,14.99,87.63
svalbard_arctic,2022-08-03,6.81,-3.84,0.18,17.33,72.75
svalbard_arctic,2022-08-04,3.56,4.81,1.28,24.94,67.84
svalbard_arctic,2022-08-05,6.11,-0.89,1.06,13.71,59.56
svalbard_arctic,2022-08-06,7.44,5.58,1.47,17.75,100.0
svalbard_arctic,2022-08-07,4.94,-0.6,1.67,16.56,56.56
svalbard_arctic,2022-08-08,3.08,0.45,1.19,21.72,60.57
svalbard_arctic,2022-08-09,7.44,-3.6,0.03,12.77,77.93
svalbard_arctic,2022-08-10,9.96,3.69,1.16,14.96,59.47
svalbard_arctic,2022-08-11,-0.47,-5.03,2.41,16.32,100.0
svalbard_arctic,2022-08-12,2.48,2.23,0.13,14.89,56.01
svalbard_arctic,2022-08-13,3.68,3.95,2.61,19.34,76.97
svalbard_arctic,2022-08-14,2.64,-5.28,0.0,20.38,87.94
svalbard_arctic,2022-08-15,3.44,2.41,1.44,19.25,55.99
svalbard_arctic,2022-08-16,0.51,3.83,0.62,10.47,61.91
svalbard_arctic,2022-08-17,6.21,0.71,1.21,16.18,75.64
svalbard_arctic,2022-08-18,3.38,1.07,1.96,16.49,63.93
svalbard_arctic,2022-08-19,3.94,0.34,2.16,12.88,79.99
svalbard_arctic,2022-08-20,2.22,-0.72,2.5,13.89,70.27
svalbard_arctic,2022-08-21,0.89,-4.12,0.0,24.49,75.11
svalbard_arctic,2022-08-22,0.86,-1.33,0.34,20.6,83.62
svalbard_arctic,2022-08-23,7.54,-2.2,0.64,12.49,60.19
svalbard_arctic,2022-08-24,-0.37,4.22,0.46,19.92,73.27
svalbard_arctic,2022-08-25,1.26,-1.75,1.63,19.6,69.65
svalbard_arctic,2022-08-26,-3.11,-1.78,2.0,14.12,59.37
svalbard_arctic,2022-08-27,3.63,-1.25,0.0,19.18,85.04
svalbard_arctic,2022-08-28,4.69,-0.61,0.1,15.33,47.9
svalbard_arctic,2022-08-29,-3.36,-4.43,1.02,9.88,52.28
svalbard_arctic,2022-08-30,-0.42,0.6,1.18,15.33,82.76
svalbard_arctic,2022-08-31,-0.79,-2.64,2.76,12.77,51.27
svalbard_arctic,2022-09-01,0.38,-0.35,0.0,14.61,97.98
svalbard_arctic,2022-09-02,2.95,-5.42,0.63,19.08,50.16
svalbard_arctic,2022-09-03,1.05,-3.28,2.47,19.05,94.82
svalbard_arctic,2022-09-04,0.97,1.43,0.65,18.5,85.58
svalbard_arctic,2022-09-05,-3.47,2.78,1.89,18.18,47.84
svalbard_arctic,2022-09-06,0.52,-1.35,0.68,12.67,72.18
svalbard_arctic,2022-09-07,3.33,-6.88,0.89,13.73,50.27
svalbard_arctic,2022-09-08,0.62,-9.22,1.71,21.52,59.01
svalbard_arctic,2022-09-09,-5.89,-1.86,0.87,23.97,64.21
svalbard_arctic,2022-09-10,3.76,1.9,0.39,16.77,40.12
svalbard_arctic,2022-09-11,3.83,-5.38,1.83,17.97,60.22
svalbard_arctic,2022-09-12,1.3,-4.97,0.22,25.23,67.17
svalbard_arctic,2022-09-13,2.21,-3.75,1.88,14.99,67.13
svalbard_arctic,2022-09-14,0.67,2.78,0.76,17.31,49.26
svalbard_arctic,2022-09-15,1.02,-4.38,0.2,13.96,63.03
svalbard_arctic,2022-09-16,-2.87,-4.52,1.95,8.08,72.92
svalbard_arctic,2022-09-17,1.04,-6.45,0.66,14.15,80.94
svalbard_arctic,2022-09-18,-8.25,-5.19,0.9,17.98,100.0
svalbard_arctic,2022-09-19,-2.21,-2.31,0.0,10.11,86.47
svalbard_arctic,2022-09-20,0.82,-7.84,0.0,18.38,55.74
svalbard_arctic,2022-09-21,2.27,-3.23,2.24,11.16,61.41
svalbard_arctic,2022-09-22,-1.07,-3.3,1.27,13.82,74.88
svalbard_arctic,2022-09-23,1.08,-8.87,2.22,15.46,88.22
svalbard_arctic,2022-09-24,-2.89,-4.31,0.98,12.5,95.17
svalbard_arctic,2022-09-25,-1.02,-0.74,1.14,16.27,42.93
svalbard_arctic,2022-09-26,-1.0,-10.78,2.73,15.65,83.57
svalbard_arctic,2022-09-27,-10.43,-7.77,1.49,16.34,49.22
svalbard_arctic,2022-09-28,-1.22,-6.76,2.7,21.9,64.16
svalbard_arctic,2022-09-29,-3.42,-6.58,0.59,12.68,82.87
svalbard_arctic,2022-09-30,-3.32,-10.81,0.8,17.82,55.57
svalbard_arctic,2022-10-01,-1.51,-11.93,0.27,12.87,60.72
svalbard_arctic,2022-10-02,-6.01,-10.6,1.59,15.87,96.56
svalbard_arctic,2022-10-03,-4.55,-8.31,0.13,19.62,91.79
svalbard_arctic,2022-10-04,-4.63,-10.23,2.72,19.68,74.31
svalbard_arctic,2022-10-05,-3.9,-6.43,0.0,13.82,39.47
svalbard_arctic,2022-10-06,-11.73,-5.63,1.02,19.26,42.42
svalbard_arctic,2022-10-07,-3.49,-12.06,0.44,16.71,68.85
svalbard_arctic,2022-10-08,-3.59,-8.7,1.27,16.01,73.74
svalbard_arctic,2022-10-09,-9.85,-9.62,0.25,16.58,70.48
svalbard_arctic,2022-10-10,-8.38,-2.51,1.23,15.33,50.89
svalbard_arctic,2022-10-11,-2.98,-11.63,1.4,11.89,65.35
svalbard_arctic,2022-10-12,-9.54,-9.36,1.54,14.77,81.54
svalbard_arctic,2022-10-13,-2.36,-4.82,2.76,20.99,63.45
svalbard_arctic,2022-10-14,-9.84,-17.01,0.94,12.74,52.02
svalbard_arctic,2022-10-15,-4.35,-6.82,0.7,28.12,66.81
svalbard_arctic,2022-10-16,-10.39,-13.33,0.79,12.11,72.52
svalbard_arctic,2022-10-17,-5.23,-16.06,0.0,18.56,59.79
svalbard_arctic,2022-10-18,-7.26,-10.98,1.93,9.18,69.62
svalbard_arctic,2022-10-19,-7.44,-11.54,0.0,16.63,62.14
svalbard_arctic,2022-10-20,-11.49,-10.52,2.02,8.26,43.01
svalbard_arctic,2022-10-21,-8.64,-10.33,0.07,18.42,59.58
svalbard_arctic,2022-10-22,-11.19,-13.13,0.0,14.93,79.44
svalbard_arctic,2022-10-23,-11.72,-7.76,0.0,18.74,58.3
svalbard_arctic,2022-10-24,-5.33,-9.08,1.82,9.89,94.34
svalbard_arctic,2022-10-25,-0.92,-12.12,2.22,15.45,35.77
svalbard_arctic,2022-10-26,-12.03,-12.62,1.31,17.06,70.02
svalbard_arctic,2022-10-27,-8.68,-10.36,0.0,16.97,72.41
svalbard_arctic,2022-10-28,-7.34,-14.0,0.0,10.95,46.71
svalbard_arctic,2022-10-29,-12.28,-18.04,0.46,15.04,62.39
svalbard_arctic,2022-10-30,-13.27,-14.89,1.82,12.35,29.76
svalbard_arctic,2022-10-31,-10.83,-15.8,0.63,15.15,63.61
svalbard_arctic,2022-11-01,-11.0,-14.59,0.0,7.62,55.99
svalbard_arctic,2022-11-02,-18.84,-18.77,0.01,20.17,67.8
svalbard_arctic,2022-11-03,-10.72,-18.59,1.09,11.78,70.97
svalbard_arctic,2022-11-04,-9.28,-12.19,2.1,16.09,59.1
svalbard_arctic,2022-11-05,-10.43,-15.63,1.52,9.45,44.6
svalbard_arctic,2022-11-06,-12.91,-16.91,0.03,7.4,41.42
svalbard_arctic,2022-11-07,-16.7,-17.56,0.85,16.68,44.62
svalbard_arctic,2022-11-08,-11.17,-16.94,1.89,16.55,66.05
svalbard_arctic,2022-11-09,-15.08,-16.18,0.82,17.31,65.54
svalbard_arctic,2022-11-10,-13.91,-21.85,0.0,15.29,27.4
svalbard_arctic,2022-11-11,-13.15,-18.29,0.17,18.53,88.29
svalbard_arctic,2022-11-12,-10.96,-16.7,0.0,15.14,65.31
svalbard_arctic,2022-11-13,-10.46,-17.94,1.16,10.03,53.25
svalbard_arctic,2022-11-14,-13.15,-22.92,2.16,23.28,49.24
svalbard_arctic,2022-11-15,-13.88,-17.82,2.32,10.28,53.76
svalbard_arctic,2022-11-16,-11.87,-18.2,0.78,16.95,78.07
svalbard_arctic,2022-11-17,-17.0,-20.37,0.0,15.52,72.1
svalbard_arctic,2022-11-18,-16.62,-21.25,0.62,17.73,58.36
svalbard_arctic,2022-11-19,-10.38,-18.07,0.97,13.07,74.9
svalbard_arctic,2022-11-20,-10.55,-18.53,2.07,14.74,71.3
svalbard_arctic,2022-11-21,-20.43,-17.65,1.19,10.85,56.53
svalbard_arctic,2022-11-22,-16.82,-12.99,0.0,15.63,75.78
svalbard_arctic,2022-11-23,-12.72,-17.69,1.62,8.13,78.41
svalbard_arctic,2022-11-24,-14.54,-21.77,0.0,18.31,76.64
svalbard_arctic,2022-11-25,-16.31,-16.0,1.0,22.59,67.27
svalbard_arctic,2022-11-26,-19.68,-20.71,2.48,17.55,66.59
svalbard_arctic,2022-11-27,-17.75,-20.87,0.0,4.81,45.62
svalbard_arctic,2022-11-28,-18.92,-23.0,0.67,10.94,29.42
svalbard_arctic,2022-11-29,-12.47,-18.74,0.72,16.95,62.39
svalbard_arctic,2022-11-30,-19.0,-21.53,0.79,8.52,54.77
svalbard_arctic,2022-12-01,-16.51,-18.14,1.61,7.56,52.31
svalbard_arctic,2022-12-02,-15.8,-19.17,0.1,13.47,37.13
svalbard_arctic,2022-12-03,-17.54,-23.62,1.45,10.96,69.04
svalbard_arctic,2022-12-04,-17.49,-24.1,0.51,10.7,55.02
svalbard_arctic,2022-12-05,-21.35,-20.65,0.9,7.22,42.15
svalbard_arctic,2022-12-06,-18.84,-17.81,0.0,19.55,47.31
svalbard_arctic,2022-12-07,-18.79,-18.51,1.84,8.82,41.15
svalbard_arctic,2022-12-08,-19.78,-17.26,0.92,10.98,52.53
svalbard_arctic,2022-12-09,-13.94,-21.47,1.35,14.34,56.99
svalbard_arctic,2022-12-10,-12.49,-19.37,1.88,11.72,64.28
svalbard_arctic,2022-12-11,-15.43,-18.81,0.47,10.69,29.56
svalbard_arctic,2022-12-12,-13.98,-16.32,0.5,16.33,58.93
svalbard_arctic,2022-12-13,-20.54,-21.24,0.0,14.01,33.52
svalbard_arctic,2022-12-14,-19.41,-23.72,0.92,13.81,50.28
svalbard_arctic,2022-12-15,-21.48,-19.22,2.12,10.8,62.82
svalbard_arctic,2022-12-16,-18.67,-26.78,0.69,7.2,53.02
svalbard_arctic,2022-12-17,-21.8,-19.67,0.0,17.01,25.48
svalbard_arctic,2022-12-18,-22.43,-19.0,1.62,9.5,49.19
svalbard_arctic,2022-12-19,-27.55,-20.08,0.0,6.91,79.66
svalbard_arctic,2022-12-20,-18.09,-26.05,0.12,10.88,71.58
svalbard_arctic,2022-12-21,-16.03,-22.67,0.06,12.04,92.7
svalbard_arctic,2022-12-22,-16.46,-20.16,1.62,6.65,56.99
svalbard_arctic,2022-12-23,-17.46,-21.95,0.96,10.48,45.03
svalbard_arctic,2022-12-24,-17.4,-23.51,0.14,12.18,49.78
svalbard_arctic,2022-12-25,-20.88,-23.07,0.21,7.06,58.18
svalbard_arctic,2022-12-26,-24.78,-14.55,0.89,16.65,51.17
svalbard_arctic,2022-12-27,-23.35,-26.85,0.92,6.98,66.19
svalbard_arctic,2022-12-28,-21.11,-27.77,0.87,14.77,63.7
svalbard_arctic,2022-12-29,-26.79,-26.86,0.05,12.77,33.93
svalbard_arctic,2022-12-30,-18.66,-17.72,1.79,22.3,68.51
svalbard_arctic,2022-12-31,-19.16,-22.01,2.31,12.37,57.9
svalbard_arctic,2023-01-01,-18.88,-25.92,2.13,6.5,79.1
svalbard_arctic,2023-01-02,-17.8,-17.62,1.93,7.03,70.52
svalbard_arctic,2023-01-03,-26.01,-27.77,3.09,10.81,71.99
svalbard_arctic,2023-01-04,-23.03,-26.19,0.01,2.09,54.09
svalbard_arctic,2023-01-05,-24.18,-28.01,0.07,6.66,35.55
svalbard_arctic,2023-01-06,-22.46,-24.3,0.0,14.55,74.93
svalbard_arctic,2023-01-07,-22.92,-23.15,0.47,20.7,66.44
svalbard_arctic,2023-01-08,-27.32,-24.16,0.0,11.63,80.59
svalbard_arctic,2023-01-09,-18.79,-21.05,2.03,7.79,48.0
svalbard_arctic,2023-01-10,-16.86,-25.87,0.93,16.14,60.38
svalbard_arctic,2023-01-11,-23.13,-25.56,0.38,17.24,55.96
svalbard_arctic,2023-01-12,-22.84,-23.82,0.0,10.2,45.51
svalbard_arctic,2023-01-13,-18.44,-19.23,0.0,14.51,30.43
svalbard_arctic,2023-01-14,-21.2,-23.37,0.18,17.23,50.16
svalbard_arctic,2023-01-15,-19.31,-25.64,2.33,13.32,43.23
svalbard_arctic,2023-01-16,-24.04,-22.38,1.85,9.24,73.96
svalbard_arctic,2023-01-17,-19.17,-25.43,1.46,9.91,60.47
svalbard_arctic,2023-01-18,-19.82,-24.02,0.0,7.07,47.73
svalbard_arctic,2023-01-19,-22.35,-25.32,0.61,8.86,73.04
svalbard_arctic,2023-01-20,-21.13,-28.45,0.46,14.49,68.63
svalbard_arctic,2023-01-21,-27.36,-26.72,0.01,11.12,57.66
svalbard_arctic,2023-01-22,-21.79,-20.17,0.76,5.92,55.22
svalbard_arctic,2023-01-23,-20.86,-23.84,0.0,13.38,41.05
svalbard_arctic,2023-01-24,-22.17,-24.27,0.17,16.43,58.58
svalbard_arctic,2023-01-25,-23.46,-24.6,0.0,11.31,53.14
svalbard_arctic,2023-01-26,-16.72,-25.54,0.07,11.7,73.32
svalbard_arctic,2023-01-27,-17.1,-24.51,0.0,17.92,62.36
svalbard_arctic,2023-01-28,-20.67,-25.73,0.78,16.75,50.85
svalbard_arctic,2023-01-29,-19.66,-23.8,1.33,14.24,75.16
svalbard_arctic,2023-01-30,-26.14,-27.68,0.0,17.77,47.15
svalbard_arctic,2023-01-31,-24.02,-22.4,1.83,16.78,49.35
svalbard_arctic,2023-02-01,-21.99,-24.65,0.0,11.63,57.51
svalbard_arctic,2023-02-02,-23.72,-28.22,0.0,13.66,65.49
svalbard_arctic,2023-02-03,-17.46,-25.19,1.76,12.61,62.33
svalbard_arctic,2023-02-04,-22.29,-25.43,0.19,20.05,83.51
svalbard_arctic,2023-02-05,-23.97,-21.17,0.95,13.88,65.04
svalbard_arctic,2023-02-06,-14.27,-24.63,0.0,13.59,29.28
svalbard_arctic,2023-02-07,-14.67,-26.41,0.56,19.67,59.57
svalbard_arctic,2023-02-08,-17.92,-29.95,0.4,12.9,57.76
svalbard_arctic,2023-02-09,-25.86,-25.64,0.34,10.89,43.28
svalbard_arctic,2023-02-10,-15.52,-20.27,0.36,3.6,53.76
svalbard_arctic,2023-02-11,-15.54,-22.33,0.91,10.55,36.93
svalbard_arctic,2023-02-12,-24.96,-26.23,0.85,13.05,60.78
svalbard_arctic,2023-02-13,-26.47,-24.06,1.25,16.24,54.9
svalbard_arctic,2023-02-14,-21.23,-23.18,0.0,12.31,42.07
svalbard_arctic,2023-02-15,-18.38,-18.61,2.24,8.9,49.48
svalbard_arctic,2023-02-16,-15.08,-23.19,0.52,13.97,74.84
svalbard_arctic,2023-02-17,-24.9,-24.69,0.22,5.34,58.46
svalbard_arctic,2023-02-18,-13.7,-21.94,1.09,17.62,52.39
svalbard_arctic,2023-02-19,-24.04,-20.97,0.56,18.19,46.28
svalbard_arctic,2023-02-20,-16.3,-20.47,0.87,5.48,66.11
svalbard_arctic,2023-02-21,-18.86,-20.41,0.38,9.14,69.5
svalbard_arctic,2023-02-22,-14.88,-16.09,1.33,13.96,68.23
svalbard_arctic,2023-02-23,-17.39,-26.01,0.0,19.62,67.0
svalbard_arctic,2023-02-24,-18.58,-22.64,1.0,12.4,73.19
svalbard_arctic,2023-02-25,-16.2,-22.15,0.25,14.2,52.54
svalbard_arctic,2023-02-26,-20.48,-25.83,0.0,13.68,46.79
svalbard_arctic,2023-02-27,-18.33,-25.18,1.87,6.49,63.13
svalbard_arctic,2023-02-28,-21.86,-22.46,0.4,11.37,59.61
svalbard_arctic,2023-03-01,-15.48,-22.64,1.79,9.73,54.33
svalbard_arctic,2023-03-02,-13.99,-22.94,1.51,13.74,58.95
svalbard_arctic,2023-03-03,-16.01,-26.62,0.04,10.11,88.17
svalbard_arctic,2023-03-04,-16.55,-24.45,1.95,13.0,63.59
svalbard_arctic,2023-03-05,-17.95,-22.64,0.56,12.7,69.67
svalbard_arctic,2023-03-06,-9.68,-21.51,0.12,13.07,37.02
svalbard_arctic,2023-03-07,-16.84,-19.75,0.0,17.26,76.49
svalbard_arctic,2023-03-08,-21.25,-21.25,0.0,14.57,59.7
svalbard_arctic,2023-03-09,-14.7,-22.3,1.18,12.09,61.18
svalbard_arctic,2023-03-10,-16.05,-19.06,0.07,15.09,55.47
svalbard_arctic,2023-03-11,-9.82,-19.19,1.24,10.98,41.22
svalbard_arctic,2023-03-12,-15.9,-22.57,0.31,8.88,35.96
svalbard_arctic,2023-03-13,-19.76,-13.71,1.77,17.52,47.41
svalbard_arctic,2023-03-14,-10.41,-26.26,0.44,10.64,100.0
svalbard_arctic,2023-03-15,-14.42,-17.25,0.64,9.26,82.52
svalbard_arctic,2023-03-16,-16.85,-16.33,0.7,19.43,61.99
svalbard_arctic,2023-03-17,-8.17,-15.75,1.02,16.91,65.76
svalbard_arctic,2023-03-18,-14.85,-17.7,0.88,12.7,82.57
svalbard_arctic,2023-03-19,-16.24,-22.59,0.0,17.06,63.47
svalbard_arctic,2023-03-20,-11.51,-12.43,2.76,11.67,31.76
svalbard_arctic,2023-03-21,-11.29,-22.18,1.51,15.5,79.56
svalbard_arctic,2023-03-22,-11.22,-21.12,1.79,13.84,61.44
svalbard_arctic,2023-03-23,-9.74,-19.32,2.04,12.21,64.08
svalbard_arctic,2023-03-24,-19.28,-21.3,0.66,14.75,60.42
svalbard_arctic,2023-03-25,-10.87,-21.07,1.7,9.28,57.77
svalbard_arctic,2023-03-26,-12.92,-19.76,2.23,11.53,73.17
svalbard_arctic,2023-03-27,-12.55,-22.74,2.31,5.65,63.59
svalbard_arctic,2023-03-28,-14.27,-16.36,1.83,12.6,64.92
svalbard_arctic,2023-03-29,-13.81,-17.82,0.68,14.97,48.92
svalbard_arctic,2023-03-30,-13.07,-17.04,2.25,8.23,96.72
svalbard_arctic,2023-03-31,-11.71,-15.23,0.0,15.57,81.8
svalbard_arctic,2023-04-01,-18.5,-16.25,0.27,5.31,77.42
svalbard_arctic,2023-04-02,-9.54,-17.61,0.0,11.79,86.36
svalbard_arctic,2023-04-03,-8.54,-14.08,0.67,13.8,64.79
svalbard_arctic,2023-04-04,-9.86,-16.05,0.51,14.16,78.08
svalbard_arctic,2023-04-05,-9.28,-17.44,0.46,15.23,75.66
svalbard_arctic,2023-04-06,-7.93,-15.23,0.72,7.71,65.24
svalbard_arctic,2023-04-07,-9.9,-10.77,0.0,15.06,62.2
svalbard_arctic,2023-04-08,-3.84,-16.08,1.57,17.17,63.25
svalbard_arctic,2023-04-09,-10.16,-12.19,0.73,12.71,66.58
svalbard_arctic,2023-04-10,-7.02,-16.89,0.63,13.59,44.34
svalbard_arctic,2023-04-11,-12.41,-13.63,0.0,8.84,73.69
svalbard_arctic,2023-04-12,-9.91,-12.66,0.0,18.1,82.02
svalbard_arctic,2023-04-13,-5.96,-15.87,0.03,9.62,55.97
svalbard_arctic,2023-04-14,-9.56,-14.1,1.45,19.07,56.99
svalbard_arctic,2023-04-15,-10.52,-15.65,3.74,23.58,54.59
svalbard_arctic,2023-04-16,-7.59,-15.15,1.23,12.86,59.56
svalbard_arctic,2023-04-17,-8.26,-12.42,1.77,11.82,47.86
svalbard_arctic,2023-04-18,-10.95,-7.33,1.85,14.21,58.5
svalbard_arctic,2023-04-19,-9.09,-10.68,0.0,18.99,80.75
svalbard_arctic,2023-04-20,-7.07,-11.6,2.16,11.41,49.45
svalbard_arctic,2023-04-21,-14.78,-7.22,1.26,6.52,62.67
svalbard_arctic,2023-04-22,-7.14,-15.18,2.09,19.68,76.89
svalbard_arctic,2023-04-23,-9.77,-6.98,0.0,15.3,71.7
svalbard_arctic,2023-04-24,-7.61,-11.9,1.3,14.34,75.0
svalbard_arctic,2023-04-25,-10.42,-9.71,1.73,15.53,74.4
svalbard_arctic,2023-04-26,-7.46,-8.29,0.95,12.07,69.5
svalbard_arctic,2023-04-27,-0.77,-8.65,0.0,14.63,49.7
svalbard_arctic,2023-04-28,-9.0,-10.96,0.0,16.5,68.14
svalbard_arctic,2023-04-29,-7.72,-7.15,1.76,17.45,57.6
svalbard_arctic,2023-04-30,-6.63,-10.65,1.63,15.68,79.72
svalbard_arctic,2023-05-01,-11.68,-10.45,0.37,5.94,57.61
svalbard_arctic,2023-05-02,-10.3,-9.14,1.88,14.35,82.64
svalbard_arctic,2023-05-03,-3.22,-7.26,0.51,15.88,69.29
svalbard_arctic,2023-05-04,-6.44,-11.54,0.09,16.27,75.2
svalbard_arctic,2023-05-05,0.95,-10.99,1.5,14.06,77.79
svalbard_arctic,2023-05-06,-7.04,-13.3,0.0,23.67,88.88
svalbard_arctic,2023-05-07,1.56,-8.74,1.29,14.09,81.92
svalbard_arctic,2023-05-08,-9.07,-4.52,0.0,17.71,63.34
svalbard_arctic,2023-05-09,-4.08,2.17,0.0,14.12,79.73
svalbard_arctic,2023-05-10,-6.09,-6.53,0.72,17.91,76.11
svalbard_arctic,2023-05-11,-0.89,-2.12,1.81,10.15,83.44
svalbard_arctic,2023-05-12,-4.95,-6.74,0.0,22.16,71.81
svalbard_arctic,2023-05-13,-4.4,-6.32,1.85,17.5,93.04
svalbard_arctic,2023-05-14,-2.88,-6.81,2.31,14.09,73.53
svalbard_arctic,2023-05-15,5.31,-6.37,1.37,14.64,47.63
svalbard_arctic,2023-05-16,1.98,-6.15,0.95,13.35,72.57
svalbard_arctic,2023-05-17,-3.37,-6.81,1.11,14.92,58.74
svalbard_arctic,2023-05-18,-4.66,-0.32,0.0,16.31,65.34
svalbard_arctic,2023-05-19,-4.23,-3.79,1.09,14.19,70.13
svalbard_arctic,2023-05-20,-4.71,-7.39,1.46,19.42,79.18
svalbard_arctic,2023-05-21,1.89,-3.14,4.83,25.41,66.13
svalbard_arctic,2023-05-22,-3.24,-1.87,2.44,15.67,94.58
svalbard_arctic,2023-05-23,2.8,-8.38,1.0,7.69,73.32
svalbard_arctic,2023-05-24,2.96,-1.38,0.17,15.27,68.74
svalbard_arctic,2023-05-25,-0.92,-1.6,1.51,16.27,87.34
svalbard_arctic,2023-05-26,-4.73,-3.01,1.12,19.76,76.88
svalbard_arctic,2023-05-27,2.25,0.8,1.54,13.94,51.24
svalbard_arctic,2023-05-28,-3.68,-0.75,0.14,14.05,56.2
svalbard_arctic,2023-05-29,0.29,-4.81,0.0,13.99,98.81
svalbard_arctic,2023-05-30,4.97,-2.99,1.58,11.76,73.02
svalbard_arctic,2023-05-31,-6.67,1.01,0.71,9.81,72.41
svalbard_arctic,2023-06-01,-0.05,-4.46,1.18,17.32,92.23
svalbard_arctic,2023-06-02,-1.0,-4.07,0.12,11.22,73.25
svalbard_arctic,2023-06-03,-0.29,-1.86,2.3,15.83,68.22
svalbard_arctic,2023-06-04,-2.99,-3.21,0.0,19.7,73.86
svalbard_arctic,2023-06-05,7.67,5.04,2.05,13.46,68.53
svalbard_arctic,2023-06-06,2.09,1.86,1.15,21.73,72.5
svalbard_arctic,2023-06-07,-4.41,4.49,0.98,14.27,75.56
svalbard_arctic,2023-06-08,3.0,1.75,1.39,11.14,80.47
svalbard_arctic,2023-06-09,5.41,-1.15,1.01,15.59,70.82
svalbard_arctic,2023-06-10,1.95,-7.62,0.92,18.66,73.56
svalbard_arctic,2023-06-11,7.2,-0.46,1.2,20.53,74.94
svalbard_arctic,2023-06-12,-3.82,-4.76,0.74,18.88,100.0
svalbard_arctic,2023-06-13,5.99,-5.97,1.55,24.45,81.25
svalbard_arctic,2023-06-14,1.94,2.39,2.53,18.2,35.67
svalbard_arctic,2023-06-15,0.14,-4.34,3.78,15.34,72.11
svalbard_arctic,2023-06-16,5.33,-3.07,2.25,17.27,55.33
svalbard_arctic,2023-06-17,5.38,-2.24,1.93,12.32,69.51
svalbard_arctic,2023-06-18,7.73,-0.26,0.0,20.89,70.19
svalbard_arctic,2023-06-19,7.7,-0.77,1.11,12.03,50.7
svalbard_arctic,2023-06-20,3.63,1.77,0.58,13.46,100.0
svalbard_arctic,2023-06-21,-1.32,1.36,0.0,17.08,76.68
svalbard_arctic,2023-06-22,-1.85,-4.99,2.3,13.85,90.05
svalbard_arctic,2023-06-23,-1.47,4.43,0.0,19.16,64.45
svalbard_arctic,2023-06-24,2.5,-3.52,0.45,18.86,74.12
svalbard_arctic,2023-06-25,4.64,-3.03,0.0,20.62,85.51
svalbard_arctic,2023-06-26,5.64,5.36,1.14,20.05,56.44
svalbard_arctic,2023-06-27,5.8,-0.08,2.42,18.66,100.0
svalbard_arctic,2023-06-28,1.68,3.62,0.06,17.46,93.26
svalbard_arctic,2023-06-29,8.34,2.44,0.75,20.61,78.11
svalbard_arctic,2023-06-30,9.13,1.71,2.09,17.82,66.11
svalbard_arctic,2023-07-01,1.34,-1.7,2.54,23.44,78.26
svalbard_arctic,2023-07-02,4.12,-0.13,1.3,21.44,42.66
svalbard_arctic,2023-07-03,6.55,5.57,0.05,16.78,80.76
svalbard_arctic,2023-07-04,8.93,-1.48,0.97,22.64,97.48
svalbard_arctic,2023-07-05,6.42,0.85,0.86,23.92,53.57
svalbard_arctic,2023-07-06,2.87,2.24,0.69,26.39,66.61
svalbard_arctic,2023-07-07,1.64,-0.45,0.0,22.47,61.87
svalbard_arctic,2023-07-08,1.51,-1.3,2.01,13.67,92.5
svalbard_arctic,2023-07-09,4.02,0.28,0.95,14.12,83.07
svalbard_arctic,2023-07-10,3.3,0.25,0.0,13.76,66.5
svalbard_arctic,2023-07-11,1.02,-3.62,1.87,21.99,74.99
svalbard_arctic,2023-07-12,7.04,1.74,2.97,28.14,77.82
svalbard_arctic,2023-07-13,3.88,4.92,1.57,19.44,57.8
svalbard_arctic,2023-07-14,6.26,-9.09,0.27,18.16,59.22
svalbard_arctic,2023-07-15,1.07,1.52,3.41,20.0,68.07
svalbard_arctic,2023-07-16,8.01,-8.02,1.27,20.27,62.05
svalbard_arctic,2023-07-17,7.48,5.42,2.07,23.06,73.49
svalbard_arctic,2023-07-18,8.47,-0.77,0.91,15.65,63.26
svalbard_arctic,2023-07-19,4.64,1.03,0.65,19.83,77.64
svalbard_arctic,2023-07-20,4.29,-2.04,2.03,21.27,74.25
svalbard_arctic,2023-07-21,6.87,6.92,0.33,19.01,84.73
svalbard_arctic,2023-07-22,8.87,7.23,0.86,11.75,79.4
svalbard_arctic,2023-07-23,4.9,-2.37,1.18,10.46,46.62
svalbard_arctic,2023-07-24,0.26,-2.73,2.57,12.47,68.53
svalbard_arctic,2023-07-25,3.56,3.45,0.0,22.42,82.63
svalbard_arctic,2023-07-26,8.96,3.49,2.36,24.27,93.71
svalbard_arctic,2023-07-27,7.19,-0.29,2.07,13.57,92.92
svalbard_arctic,2023-07-28,5.77,-2.33,1.88,21.22,94.65
svalbard_arctic,2023-07-29,3.53,5.31,1.99,9.81,76.95
svalbard_arctic,2023-07-30,9.89,-0.04,0.16,15.47,91.99
svalbard_arctic,2023-07-31,1.62,-0.26,0.0,19.41,100.0
svalbard_arctic,2023-08-01,4.73,1.03,0.0,21.28,87.69
svalbard_arctic,2023-08-02,6.07,-3.82,0.9,15.21,79.83
svalbard_arctic,2023-08-03,5.86,-1.33,1.59,17.48,83.39
svalbard_arctic,2023-08-04,2.14,-2.53,0.3,17.61,46.36
svalbard_arctic,2023-08-05,6.94,-5.52,1.86,12.53,68.13
svalbard_arctic,2023-08-06,6.17,-2.22,1.11,22.06,35.77
svalbard_arctic,2023-08-07,4.87,0.12,1.28,18.61,73.62
svalbard_arctic,2023-08-08,5.52,-2.19,1.89,14.63,61.69
svalbard_arctic,2023-08-09,2.56,-0.3,1.28,17.55,50.49
svalbard_arctic,2023-08-10,9.66,-3.16,0.08,22.18,81.26
svalbard_arctic,2023-08-11,8.07,1.78,2.83,14.55,63.83
svalbard_arctic,2023-08-12,1.95,2.82,1.81,13.15,71.79
svalbard_arctic,2023-08-13,3.34,1.76,0.15,13.3,80.37
svalbard_arctic,2023-08-14,7.19,0.15,1.04,27.31,51.83
svalbard_arctic,2023-08-15,5.64,2.04,1.43,21.24,84.86
svalbard_arctic,2023-08-16,3.94,-2.37,0.06,13.75,74.74
svalbard_arctic,2023-08-17,0.51,-3.01,2.03,18.08,81.5
svalbard_arctic,2023-08-18,0.7,-0.95,0.13,18.62,62.14
svalbard_arctic,2023-08-19,3.51,-2.48,2.95,17.81,89.74
svalbard_arctic,2023-08-20,8.18,3.16,2.18,15.27,73.89
svalbard_arctic,2023-08-21,6.55,5.0,0.56,11.95,76.17
svalbard_arctic,2023-08-22,4.82,6.71,0.17,14.6,67.42
svalbard_arctic,2023-08-23,5.05,1.47,1.38,15.42,51.58
svalbard_arctic,2023-08-24,-4.18,-0.34,0.0,20.75,74.34
svalbard_arctic,2023-08-25,3.49,-7.45,1.06,18.09,82.23
svalbard_arctic,2023-08-26,3.33,-2.94,1.21,19.61,70.3
svalbard_arctic,2023-08-27,-2.13,-4.05,1.6,12.84,58.66
svalbard_arctic,2023-08-28,8.84,-3.97,2.2,16.31,66.55
svalbard_arctic,2023-08-29,3.4,1.95,2.07,21.5,80.9
svalbard_arctic,2023-08-30,3.56,2.1,2.18,12.15,84.9
svalbard_arctic,2023-08-31,-0.55,-3.67,1.59,23.98,86.58
svalbard_arctic,2023-09-01,2.36,-4.4,1.37,17.63,87.19
svalbard_arctic,2023-09-02,1.86,-3.37,0.54,19.73,56.36
svalbard_arctic,2023-09-03,7.02,-8.36,0.0,9.49,78.43
svalbard_arctic,2023-09-04,3.98,0.84,1.34,19.96,74.98
svalbard_arctic,2023-09-05,1.52,-0.71,0.0,13.56,66.73
svalbard_arctic,2023-09-06,-3.79,-7.07,1.31,17.29,44.76
svalbard_arctic,2023-09-07,-3.18,-7.18,0.0,12.17,65.44
svalbard_arctic,2023-09-08,-7.31,1.29,0.0,20.94,97.83
svalbard_arctic,2023-09-09,-0.77,-1.33,0.42,12.66,76.41
svalbard_arctic,2023-09-10,1.61,1.52,4.34,18.73,68.24
svalbard_arctic,2023-09-11,0.11,-6.47,0.43,18.25,57.87
svalbard_arctic,2023-09-12,1.63,1.08,0.73,17.84,80.58
svalbard_arctic,2023-09-13,5.94,-7.33,1.22,15.99,95.36
svalbard_arctic,2023-09-14,-3.52,-4.19,1.95,18.87,79.61
svalbard_arctic,2023-09-15,-3.73,-10.05,0.43,16.4,52.53
svalbard_arctic,2023-09-16,-0.68,-6.54,0.0,15.52,55.89
svalbard_arctic,2023-09-17,-5.94,-4.64,0.0,19.5,52.85
svalbard_arctic,2023-09-18,-1.63,-6.62,0.8,24.7,100.0
svalbard_arctic,2023-09-19,-3.01,-3.68,2.66,16.34,73.84
svalbard_arctic,2023-09-20,-5.66,-8.21,0.12,11.09,80.52
svalbard_arctic,2023-09-21,-5.94,-5.97,1.9,15.26,75.11
svalbard_arctic,2023-09-22,-3.82,-7.17,0.62,18.86,75.88
svalbard_arctic,2023-09-23,-4.53,-7.41,0.92,14.85,58.12
svalbard_arctic,2023-09-24,-3.72,-4.16,0.0,10.46,54.12
svalbard_arctic,2023-09-25,1.17,-8.88,1.49,17.19,51.52
svalbard_arctic,2023-09-26,0.08,-7.55,1.68,15.32,68.49
svalbard_arctic,2023-09-27,-2.09,-8.66,0.0,13.56,61.33
svalbard_arctic,2023-09-28,-1.45,-2.63,0.26,17.13,60.6
svalbard_arctic,2023-09-29,-6.75,-7.77,0.97,19.57,69.82
svalbard_arctic,2023-09-30,-2.05,-7.96,1.6,14.27,43.39
svalbard_arctic,2023-10-01,-7.13,-8.94,3.46,19.13,49.56
svalbard_arctic,2023-10-02,-2.56,-7.04,0.42,16.26,84.5
svalbard_arctic,2023-10-03,0.94,-9.82,0.0,11.76,87.94
svalbard_arctic,2023-10-04,-1.77,-10.17,0.48,7.98,90.7
svalbard_arctic,2023-10-05,-2.31,-10.39,1.41,16.6,63.0
svalbard_arctic,2023-10-06,-8.39,-9.05,1.54,15.4,65.93
svalbard_arctic,2023-10-07,-5.42,-6.22,0.85,12.72,83.53
svalbard_arctic,2023-10-08,-4.76,-10.65,0.0,13.16,43.12
svalbard_arctic,2023-10-09,-2.67,-13.85,1.41,10.8,63.4
svalbard_arctic,2023-10-10,-8.18,-14.61,1.13,16.49,72.8
svalbard_arctic,2023-10-11,-6.52,-1.66,1.27,11.16,62.14
svalbard_arctic,2023-10-12,-1.57,-13.06,0.29,14.23,82.52
svalbard_arctic,2023-10-13,-6.48,-5.12,1.87,13.37,67.41
svalbard_arctic,2023-10-14,-13.62,-11.76,1.21,9.21,47.44
svalbard_arctic,2023-10-15,-10.48,-14.14,0.91,17.61,59.58
svalbard_arctic,2023-10-16,-9.31,-11.73,2.05,14.43,51.91
svalbard_arctic,2023-10-17,-10.57,-9.84,0.65,24.6,80.96
svalbard_arctic,2023-10-18,-6.97,-12.62,1.89,11.56,77.14
svalbard_arctic,2023-10-19,-4.52,-13.97,0.42,22.11,76.19
svalbard_arctic,2023-10-20,-4.19,-17.07,0.0,15.13,75.94
svalbard_arctic,2023-10-21,-4.21,-14.49,0.97,12.96,78.09
svalbard_arctic,2023-10-22,-10.39,-11.63,0.0,10.86,99.21
svalbard_arctic,2023-10-23,-9.51,-17.7,1.32,9.42,60.44
svalbard_arctic,2023-10-24,-9.34,-14.59,2.0,12.13,64.27
svalbard_arctic,2023-10-25,-0.48,-12.71,3.38,11.7,64.06
svalbard_arctic,2023-10-26,-8.29,-10.14,1.98,12.92,67.9
svalbard_arctic,2023-10-27,-10.11,-17.28,2.76,11.62,68.48
svalbard_arctic,2023-10-28,-12.64,-8.06,1.25,18.07,86.66
svalbard_arctic,2023-10-29,-6.52,-13.01,2.34,10.11,86.26
svalbard_arctic,2023-10-30,-14.11,-18.11,1.13,11.41,66.75
svalbard_arctic,2023-10-31,-9.81,-14.39,2.35,13.31,76.27
svalbard_arctic,2023-11-01,-11.03,-17.22,0.0,10.99,40.44
svalbard_arctic,2023-11-02,-12.03,-19.96,0.0,17.99,71.69
svalbard_arctic,2023-11-03,-5.51,-15.96,0.55,10.47,91.18
svalbard_arctic,2023-11-04,-9.81,-16.1,1.8,12.82,15.78
svalbard_arctic,2023-11-05,-8.59,-15.07,1.63,12.48,74.76
svalbard_arctic,2023-11-06,-15.43,-18.97,0.0,12.46,76.71
svalbard_arctic,2023-11-07,-9.0,-18.97,0.0,22.49,60.43
svalbard_arctic,2023-11-08,-8.15,-13.72,0.76,18.88,73.25
svalbard_arctic,2023-11-09,-11.74,-14.47,0.42,15.82,56.17
svalbard_arctic,2023-11-10,-14.12,-20.7,0.48,14.9,88.69
svalbard_arctic,2023-11-11,-15.43,-22.18,0.6,21.07,76.93
svalbard_arctic,2023-11-12,-13.14,-20.73,0.64,12.92,67.29
svalbard_arctic,2023-11-13,-14.0,-14.22,1.84,12.39,41.7
svalbard_arctic,2023-11-14,-15.41,-26.45,1.76,13.24,51.01
svalbard_arctic,2023-11-15,-12.38,-19.73,0.42,12.96,28.08
svalbard_arctic,2023-11-16,-13.4,-15.4,0.47,14.64,60.65
svalbard_arctic,2023-11-17,-15.35,-17.79,1.65,13.64,65.85
svalbard_arctic,2023-11-18,-15.5,-19.02,1.12,4.74,56.68
svalbard_arctic,2023-11-19,-19.73,-15.99,1.77,14.32,56.13
svalbard_arctic,2023-11-20,-15.3,-19.62,1.34,15.14,54.52
svalbard_arctic,2023-11-21,-18.72,-20.77,0.8,15.04,47.41
svalbard_arctic,2023-11-22,-16.35,-17.07,1.03,10.51,56.06
svalbard_arctic,2023-11-23,-14.47,-13.76,0.0,7.55,64.0
svalbard_arctic,2023-11-24,-21.12,-26.52,0.2,17.65,34.32
svalbard_arctic,2023-11-25,-16.61,-22.22,2.29,11.68,82.51
svalbard_arctic,2023-11-26,-14.89,-20.96,1.86,11.21,53.69
svalbard_arctic,2023-11-27,-20.73,-21.91,0.56,10.59,49.32
svalbard_arctic,2023-11-28,-18.15,-20.21,0.0,14.96,72.56
svalbard_arctic,2023-11-29,-20.49,-20.62,1.46,16.57,76.35
svalbard_arctic,2023-11-30,-14.04,-24.39,0.0,14.49,85.82
svalbard_arctic,2023-12-01,-18.73,-19.17,1.27,14.32,79.61
svalbard_arctic,2023-12-02,-19.04,-21.42,0.84,11.34,38.9
svalbard_arctic,2023-12-03,-14.6,-17.46,0.51,11.01,64.75
svalbard_arctic,2023-12-04,-18.09,-18.17,1.84,11.19,72.81
svalbard_arctic,2023-12-05,-12.05,-22.16,1.68,14.27,70.98
svalbard_arctic,2023-12-06,-16.04,-20.08,1.55,10.47,35.98
svalbard_arctic,2023-12-07,-16.42,-28.71,2.33,14.87,46.83
svalbard_arctic,2023-12-08,-16.47,-28.35,0.22,15.11,47.88
svalbard_arctic,2023-12-09,-14.18,-18.83,0.23,15.25,69.79
svalbard_arctic,2023-12-10,-27.55,-22.66,0.83,10.91,50.7
svalbard_arctic,2023-12-11,-16.3,-18.58,2.57,9.1,66.44
svalbard_arctic,2023-12-12,-20.96,-19.23,0.0,12.57,55.07
svalbard_arctic,2023-12-13,-22.19,-27.25,0.22,10.59,69.58
svalbard_arctic,2023-12-14,-19.19,-20.81,0.13,10.0,61.52
svalbard_arctic,2023-12-15,-19.15,-25.25,1.24,11.35,63.22
svalbard_arctic,2023-12-16,-24.27,-23.93,0.0,14.79,29.74
svalbard_arctic,2023-12-17,-22.7,-26.96,0.81,8.99,44.57
svalbard_arctic,2023-12-18,-23.49,-20.27,2.45,19.07,68.33
svalbard_arctic,2023-12-19,-21.88,-21.89,0.0,14.42,53.28
svalbard_arctic,2023-12-20,-17.95,-25.27,0.0,10.48,41.63
svalbard_arctic,2023-12-21,-20.71,-25.91,0.86,15.17,35.68
svalbard_arctic,2023-12-22,-18.81,-21.35,1.65,8.74,30.97
svalbard_arctic,2023-12-23,-22.14,-26.13,0.92,12.9,63.79
svalbard_arctic,2023-12-24,-15.77,-25.69,1.68,13.98,87.03
svalbard_arctic,2023-12-25,-21.32,-26.15,1.67,14.84,31.05
svalbard_arctic,2023-12-26,-17.35,-26.27,0.0,11.64,62.92
svalbard_arctic,2023-12-27,-19.93,-22.08,0.58,7.88,52.17
svalbard_arctic,2023-12-28,-22.53,-23.52,0.0,12.13,54.47
svalbard_arctic,2023-12-29,-13.77,-25.96,1.24,17.04,59.91
svalbard_arctic,2023-12-30,-16.64,-27.51,2.85,9.45,33.61
svalbard_arctic,2023-12-31,-21.06,-24.47,0.12,9.3,57.66
svalbard_arctic,2024-01-01,-17.72,-25.29,0.4,11.15,82.85
svalbard_arctic,2024-01-02,-20.59,-22.21,0.01,14.36,60.64
svalbard_arctic,2024-01-03,-21.41,-26.78,2.2,7.69,58.31
svalbard_arctic,2024-01-04,-22.76,-23.36,1.35,9.61,58.51
svalbard_arctic,2024-01-05,-20.73,-25.47,0.41,7.98,53.85
svalbard_arctic,2024-01-06,-19.81,-23.88,0.0,17.5,68.28
svalbard_arctic,2024-01-07,-20.15,-19.92,0.42,8.3,74.09
svalbard_arctic,2024-01-08,-19.08,-25.61,0.0,12.5,52.13
svalbard_arctic,2024-01-09,-20.93,-18.34,0.6,9.35,34.64
svalbard_arctic,2024-01-10,-24.8,-25.54,0.85,13.54,70.85
svalbard_arctic,2024-01-11,-19.72,-28.05,0.0,15.8,54.48
svalbard_arctic,2024-01-12,-23.14,-20.24,0.31,11.3,52.81
svalbard_arctic,2024-01-13,-25.99,-19.52,1.68,15.02,70.46
svalbard_arctic,2024-01-14,-21.75,-27.79,0.07,14.29,53.15
svalbard_arctic,2024-01-15,-22.67,-27.36,2.28,12.94,72.98
svalbard_arctic,2024-01-16,-23.64,-22.54,1.22,15.49,75.48
svalbard_arctic,2024-01-17,-25.03,-23.28,1.05,20.96,72.91
svalbard_arctic,2024-01-18,-20.28,-27.43,1.18,16.92,62.86
svalbard_arctic,2024-01-19,-23.1,-27.68,0.0,5.63,56.48
svalbard_arctic,2024-01-20,-23.93,-24.13,1.64,6.48,50.12
svalbard_arctic,2024-01-21,-19.93,-25.38,1.87,11.63,40.79
svalbard_arctic,2024-01-22,-21.73,-23.23,1.25,3.88,75.79
svalbard_arctic,2024-01-23,-20.01,-23.22,0.0,11.4,57.15
svalbard_arctic,2024-01-24,-21.55,-22.18,1.16,5.93,48.11
svalbard_arctic,2024-01-25,-19.99,-31.02,0.0,12.64,64.91
svalbard_arctic,2024-01-26,-25.41,-19.27,1.42,13.55,77.97
svalbard_arctic,2024-01-27,-16.65,-23.27,1.32,11.41,58.64
svalbard_arctic,2024-01-28,-26.14,-26.09,0.34,10.63,71.55
svalbard_arctic,2024-01-29,-18.36,-25.06,0.96,9.2,73.31
svalbard_arctic,2024-01-30,-21.23,-22.75,1.01,12.42,57.83
svalbard_arctic,2024-01-31,-14.29,-23.95,1.99,7.2,52.13
svalbard_arctic,2024-02-01,-20.6,-23.85,1.2,8.44,70.43
svalbard_arctic,2024-02-02,-18.66,-24.82,0.0,13.76,60.62
svalbard_arctic,2024-02-03,-26.84,-19.47,0.0,10.68,60.28
svalbard_arctic,2024-02-04,-16.83,-23.39,2.1,10.23,55.27
svalbard_arctic,2024-02-05,-19.08,-20.93,0.0,15.93,60.13
svalbard_arctic,2024-02-06,-25.76,-17.73,0.0,11.95,49.38
svalbard_arctic,2024-02-07,-22.34,-21.31,0.26,10.25,49.34
svalbard_arctic,2024-02-08,-21.18,-23.22,0.28,14.86,89.25
svalbard_arctic,2024-02-09,-16.89,-29.56,0.0,8.59,55.49
svalbard_arctic,2024-02-10,-20.89,-25.18,0.79,-0.56,67.75
svalbard_arctic,2024-02-11,-23.85,-17.5,0.0,17.7,51.82
svalbard_arctic,2024-02-12,-21.26,-22.78,1.12,7.51,77.06
svalbard_arctic,2024-02-13,-18.15,-27.67,1.22,18.93,62.16
svalbard_arctic,2024-02-14,-20.01,-24.21,1.84,10.06,54.57
svalbard_arctic,2024-02-15,-17.6,-27.01,1.19,4.78,28.71
svalbard_arctic,2024-02-16,-26.79,-24.73,1.39,8.61,47.86
svalbard_arctic,2024-02-17,-13.88,-24.46,0.0,13.86,68.92
svalbard_arctic,2024-02-18,-19.33,-24.89,0.0,18.63,24.25
svalbard_arctic,2024-02-19,-18.16,-22.79,0.59,16.01,43.97
svalbard_arctic,2024-02-20,-16.41,-29.03,1.61,16.51,9.2
svalbard_arctic,2024-02-21,-15.08,-20.79,0.7,7.43,23.37
svalbard_arctic,2024-02-22,-15.29,-18.35,0.48,15.8,61.14
svalbard_arctic,2024-02-23,-20.99,-28.04,1.34,11.6,38.07
svalbard_arctic,2024-02-24,-23.49,-19.2,0.0,19.6,61.95
svalbard_arctic,2024-02-25,-16.82,-20.28,0.0,14.44,73.88
svalbard_arctic,2024-02-26,-14.6,-21.01,0.94,14.2,53.18
svalbard_arctic,2024-02-27,-16.53,-21.82,0.8,7.14,57.1
svalbard_arctic,2024-02-28,-24.14,-21.15,1.25,15.25,48.08
svalbard_arctic,2024-02-29,-11.57,-19.07,1.04,10.3,61.94
svalbard_arctic,2024-03-01,-19.14,-20.87,1.18,15.49,57.84
svalbard_arctic,2024-03-02,-14.84,-13.29,0.2,12.07,39.21
svalbard_arctic,2024-03-03,-22.97,-23.11,2.12,10.86,51.05
svalbard_arctic,2024-03-04,-12.89,-16.12,0.0,14.94,78.09
svalbard_arctic,2024-03-05,-13.93,-21.27,0.56,13.57,78.27
svalbard_arctic,2024-03-06,-18.05,-21.91,0.83,7.97,60.34
svalbard_arctic,2024-03-07,-12.73,-17.54,1.44,19.08,17.47
svalbard_arctic,2024-03-08,-15.87,-21.31,0.0,12.23,72.06
svalbard_arctic,2024-03-09,-13.73,-15.0,0.73,16.54,38.98
svalbard_arctic,2024-03-10,-16.41,-22.28,1.86,12.67,50.34
svalbard_arctic,2024-03-11,-18.02,-16.06,0.81,9.67,59.73
svalbard_arctic,2024-03-12,-10.27,-17.88,0.99,12.43,81.89
svalbard_arctic,2024-03-13,-14.1,-20.0,0.44,15.48,55.51
svalbard_arctic,2024-03-14,-19.5,-22.27,0.83,22.96,68.88
svalbard_arctic,2024-03-15,-14.7,-22.09,0.81,17.4,33.9
svalbard_arctic,2024-03-16,-12.86,-21.5,1.25,11.22,63.35
svalbard_arctic,2024-03-17,-11.43,-15.43,0.0,7.37,75.14
svalbard_arctic,2024-03-18,-8.15,-18.43,0.71,13.6,54.1
svalbard_arctic,2024-03-19,-12.51,-16.0,0.99,13.75,57.93
svalbard_arctic,2024-03-20,-16.37,-17.72,1.66,17.53,82.25
svalbard_arctic,2024-03-21,-14.63,-21.27,1.53,18.9,55.05
svalbard_arctic,2024-03-22,-9.86,-16.71,2.26,16.18,67.21
svalbard_arctic,2024-03-23,-15.67,-15.73,0.89,17.51,48.76
svalbard_arctic,2024-03-24,-12.76,-22.62,0.0,12.96,59.87
svalbard_arctic,2024-03-25,-14.62,-18.95,0.81,17.25,45.21
svalbard_arctic,2024-03-26,-13.91,-19.4,0.0,15.12,37.91
svalbard_arctic,2024-03-27,-13.44,-20.52,0.0,21.91,54.2
svalbard_arctic,2024-03-28,-11.86,-16.11,0.26,14.86,79.33
svalbard_arctic,2024-03-29,-12.75,-15.51,1.13,13.25,65.63
svalbard_arctic,2024-03-30,-16.96,-12.18,0.0,17.12,73.32
svalbard_arctic,2024-03-31,-8.23,-13.49,2.24,20.2,45.18
svalbard_arctic,2024-04-01,-8.37,-16.61,1.14,17.41,93.99
svalbard_arctic,2024-04-02,-10.86,-16.39,2.16,15.94,76.77
svalbard_arctic,2024-04-03,-7.5,-9.95,2.66,14.06,47.77
svalbard_arctic,2024-04-04,-8.82,-13.53,1.92,10.79,55.71
svalbard_arctic,2024-04-05,-8.44,-11.38,0.45,19.08,39.83
svalbard_arctic,2024-04-06,-9.63,-18.85,0.0,19.14,38.27
svalbard_arctic,2024-04-07,-8.11,-19.15,0.0,6.02,69.11
svalbard_arctic,2024-04-08,-13.25,-15.41,1.09,11.1,29.53
svalbard_arctic,2024-04-09,-10.92,-11.02,0.51,17.42,65.4
svalbard_arctic,2024-04-10,-14.1,-8.95,0.0,12.6,52.64
svalbard_arctic,2024-04-11,-13.06,-15.8,1.56,16.88,71.94
svalbard_arctic,2024-04-12,-5.53,-11.7,1.48,10.74,65.73
svalbard_arctic,2024-04-13,-7.8,-11.82,0.05,11.42,42.8
svalbard_arctic,2024-04-14,-10.32,-16.33,0.42,10.21,60.5
svalbard_arctic,2024-04-15,-11.5,-15.17,0.0,14.4,66.47
svalbard_arctic,2024-04-16,-12.53,-12.72,1.07,14.9,65.72
svalbard_arctic,2024-04-17,-11.8,-16.0,0.54,10.12,63.33
svalbard_arctic,2024-04-18,-9.81,-4.34,1.98,10.89,83.44
svalbard_arctic,2024-04-19,-16.24,-14.9,0.99,13.34,81.64
svalbard_arctic,2024-04-20,-4.79,-12.87,0.24,13.73,48.38
svalbard_arctic,2024-04-21,-6.34,-10.17,1.02,12.07,44.43
svalbard_arctic,2024-04-22,-5.8,-10.32,0.71,17.6,46.15
svalbard_arctic,2024-04-23,-4.92,-8.98,0.25,13.57,62.67
svalbard_arctic,2024-04-24,-6.7,-13.64,0.86,15.93,69.08
svalbard_arctic,2024-04-25,-5.74,-14.45,0.0,17.01,93.23
svalbard_arctic,2024-04-26,-6.29,-9.86,1.16,11.83,52.78
svalbard_arctic,2024-04-27,-1.58,-12.66,1.24,17.57,66.46
svalbard_arctic,2024-04-28,-8.44,-11.91,2.09,16.15,63.06
svalbard_arctic,2024-04-29,-3.01,-11.9,1.19,15.91,73.77
svalbard_arctic,2024-04-30,-8.52,-11.69,0.04,12.25,66.01
svalbard_arctic,2024-05-01,-8.56,-13.42,0.0,19.29,54.27
svalbard_arctic,2024-05-02,-9.28,-12.05,0.0,9.15,69.42
svalbard_arctic,2024-05-03,-10.42,-9.73,1.37,15.2,93.26
svalbard_arctic,2024-05-04,-3.66,-5.01,2.28,12.41,66.73
svalbard_arctic,2024-05-05,-7.3,-2.1,1.16,14.16,92.83
svalbard_arctic,2024-05-06,-3.01,-5.21,0.25,10.25,66.42
svalbard_arctic,2024-05-07,1.13,-7.05,1.32,13.08,86.02
svalbard_arctic,2024-05-08,-4.94,-4.49,0.0,11.54,59.65
svalbard_arctic,2024-05-09,-2.26,-7.82,1.13,10.03,75.84
svalbard_arctic,2024-05-10,-0.05,-6.37,1.69,18.18,85.74
svalbard_arctic,2024-05-11,-2.07,-4.78,0.31,13.24,81.43
svalbard_arctic,2024-05-12,-2.36,-5.1,2.09,15.32,95.74
svalbard_arctic,2024-05-13,-7.57,-3.65,2.53,17.64,100.0
svalbard_arctic,2024-05-14,-1.96,-4.29,1.69,17.37,46.95
svalbard_arctic,2024-05-15,-0.29,-8.33,1.51,15.7,52.2
svalbard_arctic,2024-05-16,3.51,-4.0,0.0,13.58,48.04
svalbard_arctic,2024-05-17,-2.83,-7.97,1.44,14.8,98.76
svalbard_arctic,2024-05-18,2.13,-3.34,2.11,17.18,60.83
svalbard_arctic,2024-05-19,-3.2,-6.57,1.03,20.67,64.91
svalbard_arctic,2024-05-20,1.65,-9.02,1.97,7.21,78.11
svalbard_arctic,2024-05-21,-3.46,-9.16,1.3,18.13,69.77
svalbard_arctic,2024-05-22,-0.4,1.7,1.21,11.85,75.91
svalbard_arctic,2024-05-23,-2.55,-7.74,1.65,14.58,61.72
svalbard_arctic,2024-05-24,-0.38,-1.56,0.99,15.82,92.49
svalbard_arctic,2024-05-25,-0.21,-2.2,0.41,16.28,54.5
svalbard_arctic,2024-05-26,0.23,-1.28,0.93,14.24,69.55
svalbard_arctic,2024-05-27,-2.25,-6.89,0.83,21.4,75.23
svalbard_arctic,2024-05-28,0.16,-4.95,1.57,19.11,81.27
svalbard_arctic,2024-05-29,1.5,-6.45,0.3,15.05,77.28
svalbard_arctic,2024-05-30,-0.34,-0.4,2.36,23.23,66.94
svalbard_arctic,2024-05-31,-1.8,1.25,1.53,14.11,61.16
svalbard_arctic,2024-06-01,-1.28,-3.17,2.41,13.89,98.04
svalbard_arctic,2024-06-02,4.1,3.56,0.96,17.43,52.42
svalbard_arctic,2024-06-03,1.31,-1.93,0.0,14.74,84.67
svalbard_arctic,2024-06-04,5.64,-3.18,0.0,18.68,53.66
svalbard_arctic,2024-06-05,0.87,-2.11,0.57,15.93,79.26
svalbard_arctic,2024-06-06,1.3,-0.81,0.17,18.48,86.74
svalbard_arctic,2024-06-07,3.5,-6.55,0.0,13.6,52.38
svalbard_arctic,2024-06-08,3.7,-1.19,1.42,24.44,82.79
svalbard_arctic,2024-06-09,6.19,-2.31,1.57,15.25,63.13
svalbard_arctic,2024-06-10,-4.17,-2.49,1.01,23.01,38.12
svalbard_arctic,2024-06-11,3.88,-1.96,2.64,11.91,85.05
svalbard_arctic,2024-06-12,-0.61,1.5,1.22,24.53,57.2
svalbard_arctic,2024-06-13,2.34,-1.29,0.92,16.86,63.0
svalbard_arctic,2024-06-14,-0.5,-4.58,0.95,16.45,51.12
svalbard_arctic,2024-06-15,3.6,-0.84,2.0,7.31,62.64
svalbard_arctic,2024-06-16,-0.13,-1.67,0.0,12.14,94.6
svalbard_arctic,2024-06-17,-2.52,-0.81,0.0,13.61,100.0
svalbard_arctic,2024-06-18,-0.18,-0.95,1.47,13.0,60.96
svalbard_arctic,2024-06-19,6.82,0.45,1.47,19.98,70.88
svalbard_arctic,2024-06-20,5.52,-4.68,1.86,15.73,77.68
svalbard_arctic,2024-06-21,7.42,-4.47,1.24,17.51,57.92
svalbard_arctic,2024-06-22,-2.17,-0.58,3.03,18.32,83.36
svalbard_arctic,2024-06-23,9.14,-1.0,2.1,4.78,95.27
svalbard_arctic,2024-06-24,11.05,-2.99,0.0,16.37,55.61
svalbard_arctic,2024-06-25,0.85,-6.16,0.0,25.82,94.49
svalbard_arctic,2024-06-26,5.19,0.8,0.0,21.88,56.08
svalbard_arctic,2024-06-27,2.27,-1.22,1.36,19.5,69.8
svalbard_arctic,2024-06-28,6.56,1.2,1.47,18.18,100.0
svalbard_arctic,2024-06-29,9.24,1.09,2.99,23.34,100.0
svalbard_arctic,2024-06-30,1.43,2.49,0.55,20.04,53.94
svalbard_arctic,2024-07-01,0.49,-2.77,0.39,17.06,87.06
svalbard_arctic,2024-07-02,3.72,0.56,1.54,19.14,54.58
svalbard_arctic,2024-07-03,15.47,6.81,0.26,20.97,82.35
svalbard_arctic,2024-07-04,7.15,1.34,1.04,22.77,68.62
svalbard_arctic,2024-07-05,6.17,5.13,2.22,12.13,83.89
svalbard_arctic,2024-07-06,7.81,2.81,2.07,18.28,79.65
svalbard_arctic,2024-07-07,8.27,-1.91,2.36,21.66,78.44
svalbard_arctic,2024-07-08,5.81,8.01,0.0,15.45,71.87
svalbard_arctic,2024-07-09,4.69,5.0,1.85,17.02,100.0
svalbard_arctic,2024-07-10,3.14,-3.0,1.31,24.37,67.55
svalbard_arctic,2024-07-11,5.56,0.43,3.67,18.75,64.97
svalbard_arctic,2024-07-12,8.36,6.27,2.02,14.81,98.45
svalbard_arctic,2024-07-13,8.2,2.87,1.31,12.12,59.32
svalbard_arctic,2024-07-14,3.32,-4.56,2.33,17.38,90.19
svalbard_arctic,2024-07-15,4.64,-1.12,1.88,15.48,70.25
svalbard_arctic,2024-07-16,1.4,-1.38,2.06,22.87,62.17
svalbard_arctic,2024-07-17,8.22,5.44,1.81,14.88,92.09
svalbard_arctic,2024-07-18,6.56,2.55,0.92,21.42,79.58
svalbard_arctic,2024-07-19,4.18,0.08,0.92,17.75,76.05
svalbard_arctic,2024-07-20,3.73,-1.34,2.0,16.01,77.8
svalbard_arctic,2024-07-21,2.07,2.99,0.68,16.68,85.34
svalbard_arctic,2024-07-22,5.22,0.6,1.48,22.85,53.23
svalbard_arctic,2024-07-23,9.44,1.49,1.81,20.99,91.29
svalbard_arctic,2024-07-24,2.58,2.75,0.74,18.72,49.11
svalbard_arctic,2024-07-25,0.78,1.43,1.75,15.4,58.52
svalbard_arctic,2024-07-26,5.23,-3.19,1.34,20.78,86.16
svalbard_arctic,2024-07-27,8.39,3.41,0.93,18.3,90.25
svalbard_arctic,2024-07-28,7.69,3.91,2.08,16.14,66.8
svalbard_arctic,2024-07-29,8.42,7.09,0.05,14.13,87.49
svalbard_arctic,2024-07-30,3.18,-1.15,0.04,15.53,69.82
svalbard_arctic,2024-07-31,7.34,4.52,1.35,13.5,50.1
svalbard_arctic,2024-08-01,5.74,4.46,0.18,14.5,65.16
svalbard_arctic,2024-08-02,3.78,3.77,2.59,28.58,53.75
svalbard_arctic,2024-08-03,4.6,0.99,0.97,10.44,74.47
svalbard_arctic,2024-08-04,6.91,-2.3,0.0,21.31,78.67
svalbard_arctic,2024-08-05,6.1,-0.49,1.14,19.74,80.92
svalbard_arctic,2024-08-06,5.96,-3.05,3.08,11.42,54.36
svalbard_arctic,2024-08-07,6.25,-4.29,0.41,21.04,80.89
svalbard_arctic,2024-08-08,2.94,2.42,0.67,26.06,82.78
svalbard_arctic,2024-08-09,0.1,-2.44,1.84,17.69,94.34
svalbard_arctic,2024-08-10,1.92,-5.95,2.69,21.44,65.74
svalbard_arctic,2024-08-11,6.56,0.28,0.29,17.12,58.09
svalbard_arctic,2024-08-12,-0.46,2.25,0.52,19.35,61.96
svalbard_arctic,2024-08-13,3.75,1.62,0.0,10.17,76.87
svalbard_arctic,2024-08-14,4.07,-3.33,1.26,17.68,73.4
svalbard_arctic,2024-08-15,5.7,-2.28,1.52,17.69,71.1
svalbard_arctic,2024-08-16,-0.41,0.65,2.18,15.86,65.15
svalbard_arctic,2024-08-17,-3.45,2.03,1.69,23.45,82.63
svalbard_arctic,2024-08-18,1.48,0.51,1.37,17.37,81.64
svalbard_arctic,2024-08-19,4.76,1.7,1.52,16.93,69.35
svalbard_arctic,2024-08-20,7.13,-1.54,1.86,16.04,100.0
svalbard_arctic,2024-08-21,0.83,0.04,0.07,15.75,53.27
svalbard_arctic,2024-08-22,0.19,-0.63,1.51,16.88,65.23
svalbard_arctic,2024-08-23,3.32,-4.71,0.0,16.28,57.91
svalbard_arctic,2024-08-24,8.71,-6.84,2.39,19.16,61.5
svalbard_arctic,2024-08-25,3.7,-4.26,3.05,19.58,69.18
svalbard_arctic,2024-08-26,3.79,-4.03,0.66,23.17,77.55
svalbard_arctic,2024-08-27,7.91,2.03,1.55,15.53,73.06
svalbard_arctic,2024-08-28,4.69,-2.46,2.04,13.28,100.0
svalbard_arctic,2024-08-29,2.25,-4.78,2.79,17.89,48.05
svalbard_arctic,2024-08-30,-1.77,-2.99,1.1,17.95,66.95
svalbard_arctic,2024-08-31,1.66,-1.94,0.52,20.93,81.75
svalbard_arctic,2024-09-01,3.46,-4.03,1.69,11.6,30.06
svalbard_arctic,2024-09-02,-1.99,-4.62,2.54,16.8,82.83
svalbard_arctic,2024-09-03,3.77,-4.23,1.29,21.69,92.9
svalbard_arctic,2024-09-04,0.47,-2.57,2.56,20.58,66.69
svalbard_arctic,2024-09-05,0.01,-3.89,2.22,21.71,61.25
svalbard_arctic,2024-09-06,-2.32,-4.94,1.94,15.53,63.95
svalbard_arctic,2024-09-07,1.36,-6.0,1.17,8.09,76.39
svalbard_arctic,2024-09-08,2.18,-2.89,0.95,17.87,73.38
svalbard_arctic,2024-09-09,-3.26,-5.22,2.91,18.7,80.09
svalbard_arctic,2024-09-10,1.33,-2.53,0.31,14.15,58.34
svalbard_arctic,2024-09-11,2.28,0.3,1.7,18.17,84.5
svalbard_arctic,2024-09-12,1.94,-7.95,1.62,17.17,68.8
svalbard_arctic,2024-09-13,-0.08,-5.51,1.52,10.76,100.0
svalbard_arctic,2024-09-14,-1.93,-9.76,0.08,20.75,55.29
svalbard_arctic,2024-09-15,-1.94,-5.88,1.24,10.53,91.44
svalbard_arctic,2024-09-16,-5.52,0.32,0.62,19.36,59.39
svalbard_arctic,2024-09-17,-3.42,-3.75,2.08,12.91,50.99
svalbard_arctic,2024-09-18,-2.6,-7.74,1.4,17.16,69.5
svalbard_arctic,2024-09-19,-4.35,-4.55,2.63,16.78,51.94
svalbard_arctic,2024-09-20,-1.68,-9.51,2.58,16.73,74.88
svalbard_arctic,2024-09-21,2.15,-9.71,0.74,20.65,84.18
svalbard_arctic,2024-09-22,2.49,-4.56,2.57,19.64,61.99
svalbard_arctic,2024-09-23,-4.48,-7.67,0.51,13.1,56.55
svalbard_arctic,2024-09-24,2.35,-7.6,2.45,16.38,83.54
svalbard_arctic,2024-09-25,0.25,-7.29,0.0,18.52,53.34
svalbard_arctic,2024-09-26,-5.44,-8.12,2.6,18.24,45.24
svalbard_arctic,2024-09-27,-2.07,-3.65,0.4,18.18,81.79
svalbard_arctic,2024-09-28,-3.84,-12.15,0.76,16.22,71.07
svalbard_arctic,2024-09-29,-10.17,-10.39,0.92,19.37,67.34
svalbard_arctic,2024-09-30,-8.03,-7.52,0.49,19.0,53.93
svalbard_arctic,2024-10-01,-2.29,-11.91,2.45,17.25,77.64
svalbard_arctic,2024-10-02,-9.29,-10.91,0.0,14.93,78.91
svalbard_arctic,2024-10-03,0.56,-6.26,1.59,22.33,38.1
svalbard_arctic,2024-10-04,-2.06,-11.59,1.67,14.45,100.0
svalbard_arctic,2024-10-05,-3.23,-6.82,0.02,12.09,46.19
svalbard_arctic,2024-10-06,-10.18,-13.53,0.61,14.36,56.91
svalbard_arctic,2024-10-07,-2.58,-3.55,0.06,16.21,59.57
svalbard_arctic,2024-10-08,-3.06,-7.9,0.73,14.25,36.44
svalbard_arctic,2024-10-09,-3.46,-8.05,1.95,12.09,51.83
svalbard_arctic,2024-10-10,-3.56,-11.54,0.66,14.93,57.08
svalbard_arctic,2024-10-11,-1.37,-10.57,1.32,19.81,60.28
svalbard_arctic,2024-10-12,-9.01,-2.73,0.93,9.83,53.84
svalbard_arctic,2024-10-13,-7.64,-14.33,3.03,15.8,82.98
svalbard_arctic,2024-10-14,-9.92,-12.97,1.15,10.67,70.34
svalbard_arctic,2024-10-15,-5.15,-12.49,0.15,10.7,79.24
svalbard_arctic,2024-10-16,-8.44,-11.21,1.25,8.42,60.19
svalbard_arctic,2024-10-17,-11.95,-9.88,1.7,15.02,75.12
svalbard_arctic,2024-10-18,-7.94,-10.68,0.46,7.93,67.79
svalbard_arctic,2024-10-19,-14.41,-15.62,2.28,15.43,76.04
svalbard_arctic,2024-10-20,-8.4,-10.3,0.0,14.28,48.74
svalbard_arctic,2024-10-21,-8.48,-10.55,0.55,16.59,82.05
svalbard_arctic,2024-10-22,-10.4,-12.84,1.0,6.2,66.97
svalbard_arctic,2024-10-23,-6.27,-15.16,1.95,7.88,64.54
svalbard_arctic,2024-10-24,-14.94,-12.65,2.38,13.01,84.61
svalbard_arctic,2024-10-25,-9.45,-14.57,2.35,14.49,59.41
svalbard_arctic,2024-10-26,-9.36,-14.09,1.12,18.46,58.02
svalbard_arctic,2024-10-27,-10.31,-14.11,2.08,13.81,83.13
svalbard_arctic,2024-10-28,-6.7,-17.01,1.61,11.13,57.29
svalbard_arctic,2024-10-29,-12.55,-14.5,1.07,18.91,59.93
svalbard_arctic,2024-10-30,-11.12,-11.62,0.44,11.8,40.15
svalbard_arctic,2024-10-31,-10.73,-13.01,1.16,8.28,48.87
svalbard_arctic,2024-11-01,-12.44,-15.84,2.19,15.56,77.6
svalbard_arctic,2024-11-02,-16.19,-16.21,1.01,14.24,65.98
svalbard_arctic,2024-11-03,-7.15,-10.42,0.54,17.54,45.81
svalbard_arctic,2024-11-04,-14.26,-18.51,2.07,9.88,53.11
svalbard_arctic,2024-11-05,-14.42,-14.18,0.47,14.23,47.75
svalbard_arctic,2024-11-06,-19.07,-12.67,1.46,11.27,67.04
svalbard_arctic,2024-11-07,-12.37,-19.84,1.29,14.94,68.45
svalbard_arctic,2024-11-08,-12.23,-17.25,1.8,11.08,52.21
svalbard_arctic,2024-11-09,-9.2,-13.63,1.69,13.91,45.27
svalbard_arctic,2024-11-10,-14.29,-19.34,1.55,18.41,35.87
svalbard_arctic,2024-11-11,-12.61,-16.92,0.55,14.01,82.54
svalbard_arctic,2024-11-12,-10.57,-21.76,0.36,12.39,56.53
svalbard_arctic,2024-11-13,-9.63,-18.98,1.19,19.31,68.85
svalbard_arctic,2024-11-14,-12.86,-13.78,1.1,13.07,44.46
svalbard_arctic,2024-11-15,-15.23,-21.89,3.33,14.51,54.75
svalbard_arctic,2024-11-16,-10.76,-23.26,1.21,16.91,42.73
svalbard_arctic,2024-11-17,-10.88,-18.67,0.94,12.76,69.52
svalbard_arctic,2024-11-18,-19.95,-17.15,0.28,12.95,71.36
svalbard_arctic,2024-11-19,-13.9,-20.41,0.0,12.87,71.72
svalbard_arctic,2024-11-20,-12.2,-20.05,0.0,14.6,47.43
svalbard_arctic,2024-11-21,-13.15,-17.09,0.0,22.97,60.89
svalbard_arctic,2024-11-22,-16.31,-15.82,0.54,17.92,40.93
svalbard_arctic,2024-11-23,-17.12,-18.13,1.79,17.29,60.93
svalbard_arctic,2024-11-24,-11.73,-17.02,1.24,9.6,70.52
svalbard_arctic,2024-11-25,-15.31,-20.13,0.0,11.45,52.9
svalbard_arctic,2024-11-26,-16.77,-22.09,0.21,15.41,56.34
svalbard_arctic,2024-11-27,-16.81,-24.85,0.7,5.6,44.16
svalbard_arctic,2024-11-28,-16.56,-24.69,0.46,9.85,45.88
svalbard_arctic,2024-11-29,-17.18,-21.1,0.0,17.78,45.98
svalbard_arctic,2024-11-30,-13.43,-16.99,0.0,17.16,47.36
svalbard_arctic,2024-12-01,-15.74,-23.87,0.0,14.04,72.4
svalbard_arctic,2024-12-02,-16.1,-11.99,0.0,15.7,47.13
svalbard_arctic,2024-12-03,-17.97,-21.89,1.93,21.63,57.43
svalbard_arctic,2024-12-04,-15.79,-24.53,2.18,11.79,69.84
svalbard_arctic,2024-12-05,-20.38,-23.32,0.0,21.36,62.12
svalbard_arctic,2024-12-06,-17.29,-22.04,1.53,14.64,96.12
svalbard_arctic,2024-12-07,-22.84,-17.87,1.99,11.94,67.48
svalbard_arctic,2024-12-08,-18.85,-21.76,0.0,18.4,52.42
svalbard_arctic,2024-12-09,-19.81,-25.98,0.0,9.54,35.64
svalbard_arctic,2024-12-10,-18.47,-17.11,2.4,12.83,74.8
svalbard_arctic,2024-12-11,-19.76,-24.36,0.57,11.7,50.08
svalbard_arctic,2024-12-12,-17.1,-25.08,2.03,18.88,44.9
svalbard_arctic,2024-12-13,-20.82,-21.37,0.84,11.0,42.7
svalbard_arctic,2024-12-14,-16.29,-19.91,2.22,11.5,39.69
svalbard_arctic,2024-12-15,-14.35,-20.12,1.21,12.21,52.99
svalbard_arctic,2024-12-16,-22.38,-28.38,0.38,4.9,48.56
svalbard_arctic,2024-12-17,-17.39,-18.37,0.26,17.41,59.18
svalbard_arctic,2024-12-18,-20.17,-26.51,0.16,12.25,89.39
svalbard_arctic,2024-12-19,-16.67,-21.56,0.53,10.7,57.09
svalbard_arctic,2024-12-20,-22.82,-22.19,0.67,15.64,82.24
svalbard_arctic,2024-12-21,-16.05,-21.87,1.1,11.4,51.15
svalbard_arctic,2024-12-22,-20.89,-24.42,0.33,13.73,52.5
svalbard_arctic,2024-12-23,-20.52,-20.39,2.49,8.72,21.12
svalbard_arctic,2024-12-24,-20.61,-23.85,2.34,9.63,74.04
svalbard_arctic,2024-12-25,-23.39,-19.83,1.01,13.3,42.74
svalbard_arctic,2024-12-26,-17.76,-27.49,2.57,9.85,67.29
svalbard_arctic,2024-12-27,-21.99,-18.84,2.18,5.82,18.51
svalbard_arctic,2024-12-28,-18.79,-29.47,0.43,17.88,45.15
svalbard_arctic,2024-12-29,-21.12,-19.18,1.2,6.47,57.26
svalbard_arctic,2024-12-30,-21.05,-25.91,0.67,15.55,52.13
svalbard_arctic,2024-12-31,-17.47,-23.18,2.17,11.35,42.65
svalbard_arctic,2025-01-01,-24.98,-25.79,0.0,16.58,58.21
svalbard_arctic,2025-01-02,-27.42,-27.25,0.0,12.3,66.39
svalbard_arctic,2025-01-03,-22.71,-25.85,0.7,11.66,33.42
svalbard_arctic,2025-01-04,-20.95,-22.18,0.0,13.97,62.55
svalbard_arctic,2025-01-05,-21.44,-23.46,0.0,12.23,71.24
svalbard_arctic,2025-01-06,-23.03,-20.92,0.54,12.95,69.74
svalbard_arctic,2025-01-07,-15.77,-23.07,0.27,11.69,55.39
svalbard_arctic,2025-01-08,-17.06,-23.64,0.42,15.58,50.47
svalbard_arctic,2025-01-09,-28.86,-19.74,0.51,9.4,64.54
svalbard_arctic,2025-01-10,-22.91,-23.37,0.99,17.68,52.43
svalbard_arctic,2025-01-11,-19.76,-27.78,0.06,13.52,73.66
svalbard_arctic,2025-01-12,-19.97,-28.55,0.15,16.43,89.76
svalbard_arctic,2025-01-13,-23.39,-19.31,1.59,9.3,37.33
svalbard_arctic,2025-01-14,-17.0,-25.16,1.89,20.02,60.11
svalbard_arctic,2025-01-15,-23.73,-24.73,2.5,14.49,53.62
svalbard_arctic,2025-01-16,-21.08,-26.68,0.75,19.8,24.83
svalbard_arctic,2025-01-17,-21.23,-29.62,1.84,10.67,60.88
svalbard_arctic,2025-01-18,-20.27,-19.01,0.4,7.85,52.87
svalbard_arctic,2025-01-19,-22.72,-28.64,1.18,11.51,67.39
svalbard_arctic,2025-01-20,-19.53,-27.87,0.81,15.28,68.44
svalbard_arctic,2025-01-21,-23.49,-25.85,2.45,17.11,57.57
svalbard_arctic,2025-01-22,-19.96,-26.29,0.09,9.79,69.02
svalbard_arctic,2025-01-23,-22.67,-26.61,0.0,16.44,36.3
svalbard_arctic,2025-01-24,-16.74,-22.77,0.76,13.56,54.07
svalbard_arctic,2025-01-25,-21.63,-21.46,0.0,15.92,72.61
svalbard_arctic,2025-01-26,-20.34,-24.92,0.78,7.63,67.69
svalbard_arctic,2025-01-27,-17.57,-23.85,0.0,9.05,52.55
svalbard_arctic,2025-01-28,-20.15,-27.47,0.0,6.9,61.6
svalbard_arctic,2025-01-29,-18.34,-22.89,0.7,12.02,43.06
svalbard_arctic,2025-01-30,-24.32,-25.4,0.0,16.07,78.34
svalbard_arctic,2025-01-31,-18.99,-25.67,0.97,17.23,69.33
svalbard_arctic,2025-02-01,-21.2,-21.59,0.0,9.45,57.17
svalbard_arctic,2025-02-02,-17.97,-28.74,0.64,13.89,61.12
svalbard_arctic,2025-02-03,-19.03,-21.26,1.45,13.87,62.49
svalbard_arctic,2025-02-04,-18.84,-24.47,1.88,5.21,64.74
svalbard_arctic,2025-02-05,-18.24,-25.66,2.25,13.38,51.37
svalbard_arctic,2025-02-06,-17.19,-18.88,0.0,4.83,65.74
svalbard_arctic,2025-02-07,-26.39,-21.67,0.31,11.78,85.22
svalbard_arctic,2025-02-08,-22.45,-29.1,0.03,9.61,68.87
svalbard_arctic,2025-02-09,-20.09,-21.01,1.58,14.6,50.75
svalbard_arctic,2025-02-10,-23.47,-22.05,0.93,15.1,50.7
svalbard_arctic,2025-02-11,-20.58,-27.57,0.72,17.78,59.32
svalbard_arctic,2025-02-12,-19.17,-23.87,0.67,12.58,78.67
svalbard_arctic,2025-02-13,-14.93,-21.13,1.3,13.63,62.8
svalbard_arctic,2025-02-14,-17.4,-28.94,0.0,8.95,29.25
svalbard_arctic,2025-02-15,-17.3,-20.99,1.53,9.93,41.08
svalbard_arctic,2025-02-16,-19.2,-24.4,1.07,10.29,41.24
svalbard_arctic,2025-02-17,-24.43,-23.66,1.79,11.89,65.94
svalbard_arctic,2025-02-18,-21.3,-19.6,0.38,20.56,37.6
svalbard_arctic,2025-02-19,-23.91,-25.19,0.8,13.0,72.68
svalbard_arctic,2025-02-20,-17.21,-26.08,1.84,17.9,82.07
svalbard_arctic,2025-02-21,-18.47,-20.53,0.0,14.9,69.82
svalbard_arctic,2025-02-22,-18.01,-22.22,1.97,15.79,26.19
svalbard_arctic,2025-02-23,-17.01,-23.74,0.5,13.34,44.27
svalbard_arctic,2025-02-24,-19.78,-26.34,1.54,12.15,53.11
svalbard_arctic,2025-02-25,-22.15,-23.36,1.58,13.32,49.05
svalbard_arctic,2025-02-26,-19.41,-23.8,0.59,9.53,43.43
svalbard_arctic,2025-02-27,-16.6,-22.63,0.8,10.36,45.31
svalbard_arctic,2025-02-28,-22.95,-26.54,0.0,12.71,58.81
svalbard_arctic,2025-03-01,-17.07,-23.7,0.0,13.2,49.76
svalbard_arctic,2025-03-02,-21.13,-20.26,0.89,4.75,52.94
svalbard_arctic,2025-03-03,-15.59,-21.58,1.96,8.77,68.51
svalbard_arctic,2025-03-04,-21.04,-21.77,0.61,15.3,23.81
svalbard_arctic,2025-03-05,-14.7,-23.89,0.0,15.89,33.83
svalbard_arctic,2025-03-06,-21.08,-23.63,0.32,6.43,50.84
svalbard_arctic,2025-03-07,-19.57,-21.55,0.3,13.7,52.12
svalbard_arctic,2025-03-08,-14.53,-20.64,0.45,26.73,49.2
svalbard_arctic,2025-03-09,-16.92,-22.9,0.0,17.63,58.74
svalbard_arctic,2025-03-10,-22.12,-19.66,0.09,8.42,53.05
svalbard_arctic,2025-03-11,-13.92,-19.5,0.0,13.81,81.55
svalbard_arctic,2025-03-12,-22.22,-22.95,2.88,14.01,43.48
svalbard_arctic,2025-03-13,-16.22,-16.01,2.5,12.43,60.54
svalbard_arctic,2025-03-14,-9.28,-21.97,0.0,17.27,55.27
svalbard_arctic,2025-03-15,-15.08,-22.01,0.88,17.9,58.46
svalbard_arctic,2025-03-16,-16.18,-21.02,0.24,11.2,54.6
svalbard_arctic,2025-03-17,-15.16,-22.99,0.68,15.94,72.84
svalbard_arctic,2025-03-18,-18.03,-23.98,1.24,10.59,65.38
svalbard_arctic,2025-03-19,-14.05,-15.36,1.04,13.02,43.04
svalbard_arctic,2025-03-20,-7.86,-15.63,1.84,19.96,78.45
svalbard_arctic,2025-03-21,-15.45,-20.79,0.35,9.88,67.8
svalbard_arctic,2025-03-22,-16.41,-16.04,0.88,16.94,55.09
svalbard_arctic,2025-03-23,-12.35,-19.69,0.0,8.52,72.13
svalbard_arctic,2025-03-24,-11.34,-20.61,1.03,11.32,51.23
svalbard_arctic,2025-03-25,-13.06,-18.11,0.0,11.1,63.66
svalbard_arctic,2025-03-26,-14.1,-17.94,0.0,10.33,44.27
svalbard_arctic,2025-03-27,-11.3,-13.99,2.16,8.22,72.8
svalbard_arctic,2025-03-28,-17.15,-23.86,2.17,8.75,66.93
svalbard_arctic,2025-03-29,-14.01,-17.4,0.0,6.66,61.46
svalbard_arctic,2025-03-30,-19.27,-9.56,2.62,10.69,69.63
svalbard_arctic,2025-03-31,-12.45,-22.83,1.63,10.35,38.64
svalbard_arctic,2025-04-01,-12.55,-17.61,1.39,13.9,74.2
svalbard_arctic,2025-04-02,-8.54,-16.64,0.0,19.5,50.64
svalbard_arctic,2025-04-03,-14.04,-15.03,2.74,16.14,87.82
svalbard_arctic,2025-04-04,-8.15,-13.06,1.65,15.51,61.77
svalbard_arctic,2025-04-05,-11.68,-14.62,0.14,11.45,43.4
svalbard_arctic,2025-04-06,-8.91,-10.08,0.0,16.17,96.58
svalbard_arctic,2025-04-07,-8.3,-15.74,0.0,16.77,73.25
svalbard_arctic,2025-04-08,-10.25,-11.23,1.1,11.91,47.62
svalbard_arctic,2025-04-09,-9.35,-14.62,0.74,18.71,67.25
svalbard_arctic,2025-04-10,-11.68,-11.61,2.45,13.13,78.71
svalbard_arctic,2025-04-11,-6.13,-15.65,0.0,13.26,17.28
svalbard_arctic,2025-04-12,-1.42,-16.19,1.27,16.06,66.39
svalbard_arctic,2025-04-13,-13.66,-17.23,2.02,9.48,64.13
svalbard_arctic,2025-04-14,-8.86,-13.83,0.0,12.54,64.86
svalbard_arctic,2025-04-15,-9.7,-14.96,1.59,14.16,40.48
svalbard_arctic,2025-04-16,-7.28,-11.61,0.97,12.27,60.55
svalbard_arctic,2025-04-17,-13.23,-10.36,0.44,16.8,41.99
svalbard_arctic,2025-04-18,-11.33,-9.08,0.0,11.68,70.25
svalbard_arctic,2025-04-19,-2.77,-9.48,1.46,12.56,56.44
svalbard_arctic,2025-04-20,-3.33,-8.44,0.33,18.6,67.93
svalbard_arctic,2025-04-21,-12.3,-9.44,0.63,14.95,65.37
svalbard_arctic,2025-04-22,-1.36,-14.65,2.42,17.93,68.62
svalbard_arctic,2025-04-23,-9.28,-10.21,0.99,17.36,58.43
svalbard_arctic,2025-04-24,-4.32,-13.0,1.27,22.21,65.87
svalbard_arctic,2025-04-25,-6.93,-11.03,2.98,13.35,68.66
svalbard_arctic,2025-04-26,-5.59,-10.52,1.21,10.2,86.69
svalbard_arctic,2025-04-27,-5.69,-17.63,0.25,8.79,70.59
svalbard_arctic,2025-04-28,-3.03,-13.06,2.32,12.96,77.28
svalbard_arctic,2025-04-29,-7.19,-11.22,1.12,19.67,77.73
svalbard_arctic,2025-04-30,0.17,-17.88,0.54,18.06,66.58
svalbard_arctic,2025-05-01,-1.87,-5.35,0.17,14.8,76.41
svalbard_arctic,2025-05-02,-6.04,-8.69,0.78,24.23,74.2
svalbard_arctic,2025-05-03,-4.61,-8.49,2.02,10.48,41.91
svalbard_arctic,2025-05-04,-4.15,-5.56,0.52,19.65,76.82
svalbard_arctic,2025-05-05,-5.52,-6.27,1.25,13.56,83.46
svalbard_arctic,2025-05-06,-5.09,-6.05,0.25,22.85,74.35
svalbard_arctic,2025-05-07,-1.46,-4.91,2.52,14.28,52.83
svalbard_arctic,2025-05-08,-1.89,-6.87,0.0,20.26,55.6
svalbard_arctic,2025-05-09,-5.06,-6.58,0.12,15.2,56.49
svalbard_arctic,2025-05-10,-3.03,-6.0,0.45,26.15,73.37
svalbard_arctic,2025-05-11,-6.06,-11.1,0.0,17.01,80.99
svalbard_arctic,2025-05-12,2.27,-13.27,1.64,16.17,38.12
svalbard_arctic,2025-05-13,-0.35,-12.92,1.8,17.55,62.73
svalbard_arctic,2025-05-14,-2.71,-4.42,1.77,19.03,68.92
svalbard_arctic,2025-05-15,-1.73,-7.91,1.82,22.73,72.35
svalbard_arctic,2025-05-16,0.37,-6.94,0.0,22.24,56.63
svalbard_arctic,2025-05-17,-3.48,-5.45,1.4,8.46,69.01
svalbard_arctic,2025-05-18,-1.71,-1.47,2.52,15.37,71.48
svalbard_arctic,2025-05-19,0.61,-3.55,0.81,13.98,68.31
svalbard_arctic,2025-05-20,-4.92,-4.73,2.23,19.58,74.4
svalbard_arctic,2025-05-21,0.53,-3.9,1.0,14.26,67.81
svalbard_arctic,2025-05-22,6.56,1.76,1.04,24.63,74.13
svalbard_arctic,2025-05-23,-5.7,-7.75,0.0,13.28,59.29
svalbard_arctic,2025-05-24,2.17,-0.41,0.69,10.79,69.9
svalbard_arctic,2025-05-25,-4.06,-4.34,2.46,17.48,63.32
svalbard_arctic,2025-05-26,-4.36,-4.46,0.54,19.82,72.14
svalbard_arctic,2025-05-27,-1.22,-2.17,3.08,12.86,70.94
svalbard_arctic,2025-05-28,1.73,-9.39,1.02,21.95,63.07
svalbard_arctic,2025-05-29,2.01,-6.9,2.54,14.4,65.93
svalbard_arctic,2025-05-30,0.13,-2.35,1.21,15.55,67.37
svalbard_arctic,2025-05-31,-2.56,-1.98,0.0,17.46,66.98
svalbard_arctic,2025-06-01,0.38,-1.48,0.48,14.74,42.11
svalbard_arctic,2025-06-02,-4.47,-0.89,0.49,24.91,90.92
svalbard_arctic,2025-06-03,3.66,3.16,0.52,11.89,67.85
svalbard_arctic,2025-06-04,0.12,-4.64,0.0,11.19,80.44
svalbard_arctic,2025-06-05,4.77,-1.38,0.23,14.25,46.33
svalbard_arctic,2025-06-06,-1.32,-0.16,1.83,12.59,74.8
svalbard_arctic,2025-06-07,3.36,-1.13,3.85,10.87,69.42
svalbard_arctic,2025-06-08,-3.41,-2.43,1.43,18.3,48.46
svalbard_arctic,2025-06-09,6.09,-4.29,0.88,12.59,95.86
svalbard_arctic,2025-06-10,3.5,-2.44,0.0,16.79,92.95
svalbard_arctic,2025-06-11,1.23,2.21,3.22,15.39,78.91
svalbard_arctic,2025-06-12,1.14,5.03,2.31,22.88,85.47
svalbard_arctic,2025-06-13,1.64,-6.64,0.79,12.38,79.48
svalbard_arctic,2025-06-14,2.71,-1.23,1.56,19.2,67.21
svalbard_arctic,2025-06-15,-1.94,-6.51,0.78,17.24,46.91
svalbard_arctic,2025-06-16,1.97,-3.22,0.08,14.79,57.42
svalbard_arctic,2025-06-17,2.15,-0.21,0.86,17.14,65.19
svalbard_arctic,2025-06-18,6.25,-4.37,2.12,19.18,100.0
svalbard_arctic,2025-06-19,1.74,-2.04,1.63,11.51,59.98
svalbard_arctic,2025-06-20,0.32,-2.39,1.05,18.31,68.7
svalbard_arctic,2025-06-21,3.31,0.1,1.92,17.73,74.77
svalbard_arctic,2025-06-22,5.37,-1.65,0.95,20.92,81.06
svalbard_arctic,2025-06-23,4.0,3.23,2.51,19.43,70.79
svalbard_arctic,2025-06-24,3.99,-0.38,0.22,24.3,67.78
svalbard_arctic,2025-06-25,4.05,-2.73,0.91,22.18,100.0
svalbard_arctic,2025-06-26,3.51,-4.73,2.07,16.87,66.66
svalbard_arctic,2025-06-27,2.4,-2.51,2.0,23.39,100.0
svalbard_arctic,2025-06-28,1.8,-0.47,0.61,18.61,68.25
svalbard_arctic,2025-06-29,4.32,1.72,0.41,22.09,75.59
svalbard_arctic,2025-06-30,5.29,2.43,1.8,17.57,86.38
svalbard_arctic,2025-07-01,4.58,3.09,2.72,19.39,68.95
svalbard_arctic,2025-07-02,-0.95,2.1,2.19,10.82,54.47
svalbard_arctic,2025-07-03,7.3,3.39,0.11,18.72,78.63
svalbard_arctic,2025-07-04,0.45,-0.49,0.62,20.29,55.65
svalbard_arctic,2025-07-05,0.66,0.04,0.21,20.33,39.18
svalbard_arctic,2025-07-06,1.54,-1.17,2.71,11.07,81.17
svalbard_arctic,2025-07-07,3.44,-1.71,1.23,16.44,58.29
svalbard_arctic,2025-07-08,4.43,4.85,0.99,14.76,88.02
svalbard_arctic,2025-07-09,7.74,0.23,1.57,17.77,78.47
svalbard_arctic,2025-07-10,7.82,-2.59,1.77,9.36,85.62
svalbard_arctic,2025-07-11,-0.34,-1.73,0.9,15.04,94.81
svalbard_arctic,2025-07-12,-0.48,7.18,1.58,18.28,85.63
svalbard_arctic,2025-07-13,8.15,1.66,1.4,16.12,90.92
svalbard_arctic,2025-07-14,4.42,2.32,2.94,24.73,65.24
svalbard_arctic,2025-07-15,1.88,-0.66,1.33,16.51,91.6
svalbard_arctic,2025-07-16,6.73,-5.72,1.7,17.7,83.05
svalbard_arctic,2025-07-17,8.37,-2.84,0.67,11.15,82.26
svalbard_arctic,2025-07-18,6.25,-0.99,0.68,13.97,90.39
svalbard_arctic,2025-07-19,2.68,-0.9,1.76,21.35,91.1
svalbard_arctic,2025-07-20,-1.47,0.94,0.39,15.59,79.68
svalbard_arctic,2025-07-21,6.55,3.46,1.63,17.52,47.27
svalbard_arctic,2025-07-22,4.61,1.01,1.06,15.8,95.63
svalbard_arctic,2025-07-23,2.45,2.2,1.91,20.72,67.51
svalbard_arctic,2025-07-24,0.25,3.64,0.0,13.17,80.05
svalbard_arctic,2025-07-25,5.6,5.22,2.74,15.6,85.1
svalbard_arctic,2025-07-26,3.25,-1.93,0.0,19.67,43.36
svalbard_arctic,2025-07-27,5.37,2.06,3.09,16.63,69.85
svalbard_arctic,2025-07-28,7.58,2.16,1.37,10.18,77.51
svalbard_arctic,2025-07-29,2.77,1.53,1.81,17.59,100.0
svalbard_arctic,2025-07-30,11.12,-0.51,1.25,11.13,88.47
svalbard_arctic,2025-07-31,4.39,-2.28,1.37,17.65,61.17
svalbard_arctic,2025-08-01,6.94,0.1,0.34,21.25,92.75
svalbard_arctic,2025-08-02,3.04,1.27,1.91,15.44,96.83
svalbard_arctic,2025-08-03,6.32,3.69,1.74,21.87,71.08
svalbard_arctic,2025-08-04,1.8,-0.02,1.71,20.48,75.58
svalbard_arctic,2025-08-05,6.41,-3.16,2.78,21.1,82.4
svalbard_arctic,2025-08-06,11.85,-2.72,0.0,11.03,82.44
svalbard_arctic,2025-08-07,1.05,-3.36,1.37,16.63,74.05
svalbard_arctic,2025-08-08,-2.74,-0.13,0.0,20.26,58.31
svalbard_arctic,2025-08-09,2.33,-4.07,2.45,15.5,49.58
svalbard_arctic,2025-08-10,4.97,-2.38,2.01,10.54,59.93
svalbard_arctic,2025-08-11,4.26,4.72,1.04,21.65,66.04
svalbard_arctic,2025-08-12,2.64,-0.71,2.16,21.25,72.11
svalbard_arctic,2025-08-13,7.04,-0.05,1.77,22.99,84.77
svalbard_arctic,2025-08-14,2.36,-4.29,0.0,9.96,61.08
svalbard_arctic,2025-08-15,6.26,-0.63,1.93,16.69,60.51
svalbard_arctic,2025-08-16,2.39,-5.56,0.41,15.74,81.19
svalbard_arctic,2025-08-17,0.72,-0.27,1.42,13.48,61.97
svalbard_arctic,2025-08-18,3.66,-4.54,2.2,18.1,63.76
svalbard_arctic,2025-08-19,3.7,3.06,1.31,18.65,71.61
svalbard_arctic,2025-08-20,8.67,4.77,1.19,16.25,70.09
svalbard_arctic,2025-08-21,4.24,-3.09,2.67,23.93,56.3
svalbard_arctic,2025-08-22,3.67,-5.96,1.43,9.34,83.9
svalbard_arctic,2025-08-23,3.06,-2.74,0.99,19.03,90.03
svalbard_arctic,2025-08-24,0.89,-6.47,0.0,12.03,66.46
svalbard_arctic,2025-08-25,1.72,-2.69,1.27,17.7,100.0
svalbard_arctic,2025-08-26,0.74,-4.44,1.94,18.98,62.01
svalbard_arctic,2025-08-27,2.58,1.51,2.73,22.49,73.0
svalbard_arctic,2025-08-28,-2.57,-8.28,0.0,16.01,53.23
svalbard_arctic,2025-08-29,-3.3,-6.13,1.68,17.79,65.43
svalbard_arctic,2025-08-30,-0.52,0.28,1.91,8.09,100.0
svalbard_arctic,2025-08-31,-1.0,-4.3,0.8,21.68,77.6
svalbard_arctic,2025-09-01,2.32,1.93,2.88,19.42,73.02
svalbard_arctic,2025-09-02,-0.43,-2.67,0.38,17.66,59.63
svalbard_arctic,2025-09-03,2.71,-2.25,3.04,17.64,51.04
svalbard_arctic,2025-09-04,-0.97,-2.14,1.35,14.33,90.46
svalbard_arctic,2025-09-05,7.38,-2.04,1.97,15.09,77.74
svalbard_arctic,2025-09-06,-0.18,-4.02,0.79,13.97,59.32
svalbard_arctic,2025-09-07,1.63,-4.05,0.0,13.31,57.99
svalbard_arctic,2025-09-08,-1.65,-0.08,1.09,17.56,79.6
svalbard_arctic,2025-09-09,-1.18,-6.13,1.83,22.47,86.4
svalbard_arctic,2025-09-10,1.2,-3.57,0.64,14.9,49.4
svalbard_arctic,2025-09-11,-0.24,-5.47,0.9,17.26,70.23
svalbard_arctic,2025-09-12,1.77,-2.5,1.26,15.98,74.4
svalbard_arctic,2025-09-13,2.45,-0.77,0.0,15.89,72.32
svalbard_arctic,2025-09-14,5.4,-6.37,0.88,15.46,68.6
svalbard_arctic,2025-09-15,1.19,-7.93,1.37,22.88,48.58
svalbard_arctic,2025-09-16,-1.04,-7.42,0.63,16.15,71.32
svalbard_arctic,2025-09-17,-2.57,-2.59,2.39,20.11,81.9
svalbard_arctic,2025-09-18,-3.64,-4.8,1.38,16.27,48.73
svalbard_arctic,2025-09-19,-2.97,-5.97,0.0,23.32,72.3
svalbard_arctic,2025-09-20,-1.28,-6.51,0.63,21.55,76.01
svalbard_arctic,2025-09-21,1.37,-8.26,0.44,19.55,52.82
svalbard_arctic,2025-09-22,-1.22,-3.76,0.27,19.17,60.1
svalbard_arctic,2025-09-23,-3.38,-6.01,2.66,18.78,56.28
svalbard_arctic,2025-09-24,-6.33,-1.39,1.75,14.28,69.63
svalbard_arctic,2025-09-25,-5.29,-7.03,0.74,17.15,52.35
svalbard_arctic,2025-09-26,-2.5,-6.37,0.64,25.49,43.33
svalbard_arctic,2025-09-27,-1.68,-8.75,0.79,17.81,75.1
svalbard_arctic,2025-09-28,-0.73,-9.5,0.52,13.63,84.22
svalbard_arctic,2025-09-29,-0.94,-7.98,0.4,10.13,63.66
svalbard_arctic,2025-09-30,-7.02,-4.41,1.6,14.0,38.69
svalbard_arctic,2025-10-01,-6.28,-9.61,0.0,11.25,50.3
svalbard_arctic,2025-10-02,-1.85,-9.88,1.6,17.3,60.07
svalbard_arctic,2025-10-03,-1.51,-12.92,0.0,10.31,70.3
svalbard_arctic,2025-10-04,-4.87,-1.42,1.58,9.71,55.68
svalbard_arctic,2025-10-05,-0.26,-10.85,2.13,16.45,70.62
svalbard_arctic,2025-10-06,-1.84,-13.57,0.02,9.53,53.89
svalbard_arctic,2025-10-07,-3.47,-8.97,0.33,16.37,84.3
svalbard_arctic,2025-10-08,-4.68,-8.98,2.03,21.9,43.75
svalbard_arctic,2025-10-09,-11.06,-7.58,0.73,17.07,63.04
svalbard_arctic,2025-10-10,-8.96,-9.59,0.26,18.23,57.47
svalbard_arctic,2025-10-11,-6.66,-15.65,0.31,17.75,68.65
svalbard_arctic,2025-10-12,-1.76,-12.89,3.45,7.62,45.65
svalbard_arctic,2025-10-13,-2.85,-7.64,0.53,6.43,67.59
svalbard_arctic,2025-10-14,-9.16,-8.27,1.53,16.97,57.36
svalbard_arctic,2025-10-15,-4.36,-10.0,1.67,17.88,68.44
svalbard_arctic,2025-10-16,-10.18,-7.08,2.58,16.96,56.61
svalbard_arctic,2025-10-17,-15.58,-12.43,2.94,16.25,81.87
svalbard_arctic,2025-10-18,-2.16,-8.47,0.0,12.26,64.59
svalbard_arctic,2025-10-19,-14.85,-13.48,2.45,16.53,59.5
svalbard_arctic,2025-10-20,-16.93,-7.19,1.13,18.44,59.95
svalbard_arctic,2025-10-21,-7.88,-14.15,0.0,12.91,60.22
svalbard_arctic,2025-10-22,-9.79,-16.34,1.96,11.56,73.61
svalbard_arctic,2025-10-23,-8.02,-16.69,0.07,9.29,64.88
svalbard_arctic,2025-10-24,-3.72,-9.12,2.26,9.42,59.72
svalbard_arctic,2025-10-25,-6.6,-9.01,0.58,12.92,74.72
svalbard_arctic,2025-10-26,-8.07,-16.55,2.04,15.29,94.92
svalbard_arctic,2025-10-27,-12.57,-16.0,1.7,20.14,53.31
svalbard_arctic,2025-10-28,-11.68,-21.37,0.0,12.1,66.8
svalbard_arctic,2025-10-29,-8.66,-18.12,0.0,9.6,51.03
svalbard_arctic,2025-10-30,-11.91,-15.45,1.11,15.44,70.64
svalbard_arctic,2025-10-31,-8.43,-15.69,0.45,12.18,82.23
svalbard_arctic,2025-11-01,-10.38,-21.36,1.59,19.21,41.85
svalbard_arctic,2025-11-02,-11.86,-19.69,0.69,17.12,67.41
svalbard_arctic,2025-11-03,-8.11,-9.93,0.05,16.47,37.24
svalbard_arctic,2025-11-04,-12.43,-12.26,1.26,8.55,53.34
svalbard_arctic,2025-11-05,-16.01,-15.51,0.0,11.65,60.55
svalbard_arctic,2025-11-06,-8.4,-15.63,0.0,18.08,70.91
svalbard_arctic,2025-11-07,-12.31,-16.33,0.0,13.06,45.48
svalbard_arctic,2025-11-08,-13.22,-16.92,0.0,5.06,43.09
svalbard_arctic,2025-11-09,-13.13,-16.72,1.25,20.56,50.09
svalbard_arctic,2025-11-10,-14.67,-21.68,0.03,12.59,63.69
svalbard_arctic,2025-11-11,-5.32,-17.94,1.12,15.04,38.76
svalbard_arctic,2025-11-12,-17.26,-23.44,1.62,15.41,96.85
svalbard_arctic,2025-11-13,-12.49,-18.2,2.14,13.19,50.03
svalbard_arctic,2025-11-14,-13.16,-16.52,1.66,18.4,47.21
svalbard_arctic,2025-11-15,-11.56,-19.67,0.0,12.95,40.35
svalbard_arctic,2025-11-16,-15.24,-17.42,0.0,12.28,67.74
svalbard_arctic,2025-11-17,-10.65,-18.69,0.0,23.34,51.88
svalbard_arctic,2025-11-18,-15.56,-17.23,0.0,6.97,68.24
svalbard_arctic,2025-11-19,-16.24,-17.7,2.31,14.08,64.86
svalbard_arctic,2025-11-20,-14.69,-21.51,1.14,14.91,87.99
svalbard_arctic,2025-11-21,-14.09,-23.42,1.83,15.79,41.59
svalbard_arctic,2025-11-22,-12.04,-23.38,0.0,21.11,58.38
svalbard_arctic,2025-11-23,-19.39,-22.26,0.62,13.82,55.35
svalbard_arctic,2025-11-24,-12.92,-17.27,1.42,8.81,28.09
svalbard_arctic,2025-11-25,-12.9,-17.7,0.0,14.17,65.55
svalbard_arctic,2025-11-26,-13.84,-21.47,0.59,12.94,54.19
svalbard_arctic,2025-11-27,-16.41,-21.1,1.76,17.8,69.52
svalbard_arctic,2025-11-28,-17.84,-24.4,1.81,15.88,60.88
svalbard_arctic,2025-11-29,-15.06,-24.38,1.33,12.2,57.21
svalbard_arctic,2025-11-30,-16.02,-19.49,0.76,11.12,77.95
svalbard_arctic,2025-12-01,-21.33,-22.19,0.9,14.57,47.0
svalbard_arctic,2025-12-02,-14.31,-22.06,0.0,14.02,70.13
svalbard_arctic,2025-12-03,-19.24,-19.22,2.67,6.51,62.99
svalbard_arctic,2025-12-04,-19.29,-20.05,0.0,7.21,81.98
svalbard_arctic,2025-12-05,-14.3,-22.22,2.08,14.69,54.01
svalbard_arctic,2025-12-06,-17.15,-18.11,0.0,8.85,91.2
svalbard_arctic,2025-12-07,-18.29,-23.42,0.5,7.18,50.54
svalbard_arctic,2025-12-08,-19.06,-24.85,1.15,13.97,63.69
svalbard_arctic,2025-12-09,-18.81,-25.9,0.04,7.83,47.95
svalbard_arctic,2025-12-10,-18.32,-18.65,0.0,11.53,69.55
svalbard_arctic,2025-12-11,-13.42,-24.28,0.0,15.56,48.89
svalbard_arctic,2025-12-12,-24.29,-22.48,0.51,7.92,96.77
svalbard_arctic,2025-12-13,-11.09,-17.03,0.92,14.62,59.62
svalbard_arctic,2025-12-14,-11.74,-25.16,0.63,15.7,55.34
svalbard_arctic,2025-12-15,-19.98,-22.55,0.87,8.37,42.62
svalbard_arctic,2025-12-16,-18.45,-22.69,1.08,18.48,26.31
svalbard_arctic,2025-12-17,-18.57,-22.99,1.41,9.28,61.28
svalbard_arctic,2025-12-18,-16.03,-20.5,0.28,13.61,40.13
svalbard_arctic,2025-12-19,-18.94,-22.21,1.08,8.12,67.07
svalbard_arctic,2025-12-20,-18.31,-22.9,0.0,9.05,15.86
svalbard_arctic,2025-12-21,-16.01,-18.54,0.0,18.07,39.86
svalbard_arctic,2025-12-22,-25.47,-28.11,0.26,19.12,57.08
svalbard_arctic,2025-12-23,-20.23,-27.33,3.83,16.0,76.83
svalbard_arctic,2025-12-24,-19.16,-24.06,0.71,10.27,54.59
svalbard_arctic,2025-12-25,-20.91,-22.38,1.56,8.04,58.27
svalbard_arctic,2025-12-26,-25.13,-24.16,1.91,4.88,38.76
svalbard_arctic,2025-12-27,-19.98,-26.1,0.41,12.92,55.38
svalbard_arctic,2025-12-28,-21.82,-20.41,2.2,5.05,49.24
svalbard_arctic,2025-12-29,-21.55,-21.84,1.21,10.65,80.04
svalbard_arctic,2025-12-30,-20.36,-26.15,1.81,14.04,24.71
svalbard_arctic,2025-12-31,-25.47,-19.49,0.91,8.27,66.3
svalbard_arctic,2026-01-01,-21.34,-25.73,0.96,11.67,44.6
svalbard_arctic,2026-01-02,-22.57,-25.35,2.14,10.12,52.25
svalbard_arctic,2026-01-03,-24.44,-29.19,0.22,13.92,52.19
svalbard_arctic,2026-01-04,-19.13,-23.86,1.04,11.95,47.57
svalbard_arctic,2026-01-05,-24.54,-18.93,0.8,9.22,38.79
svalbard_arctic,2026-01-06,-19.09,-19.09,0.85,6.47,31.81
svalbard_arctic,2026-01-07,-18.14,-25.86,1.41,19.73,92.34
svalbard_arctic,2026-01-08,-21.15,-26.45,1.04,9.35,52.78
svalbard_arctic,2026-01-09,-17.56,-24.8,0.65,8.34,39.53
svalbard_arctic,2026-01-10,-13.93,-20.61,2.4,16.68,65.66
svalbard_arctic,2026-01-11,-19.19,-24.3,1.11,11.35,67.99
svalbard_arctic,2026-01-12,-21.85,-22.55,0.08,15.73,55.41
svalbard_arctic,2026-01-13,-17.41,-22.87,0.73,11.92,39.64
svalbard_arctic,2026-01-14,-26.78,-21.58,0.72,12.93,69.05
svalbard_arctic,2026-01-15,-13.96,-22.4,0.17,13.86,42.47
svalbard_arctic,2026-01-16,-20.69,-26.91,0.27,11.75,41.23
svalbard_arctic,2026-01-17,-20.14,-24.53,0.6,7.9,38.67
svalbard_arctic,2026-01-18,-25.68,-26.34,1.22,10.13,38.44
svalbard_arctic,2026-01-19,-18.25,-22.19,0.0,3.28,65.83
svalbard_arctic,2026-01-20,-20.62,-23.43,1.28,14.6,46.86
svalbard_arctic,2026-01-21,-21.37,-23.3,0.51,8.95,91.4
svalbard_arctic,2026-01-22,-22.83,-23.87,0.0,6.99,58.82
svalbard_arctic,2026-01-23,-23.6,-29.5,1.23,14.49,57.05
svalbard_arctic,2026-01-24,-23.13,-23.24,1.03,11.89,58.73
svalbard_arctic,2026-01-25,-25.76,-28.69,1.29,16.51,46.31
svalbard_arctic,2026-01-26,-20.25,-27.88,1.82,3.49,67.73
svalbard_arctic,2026-01-27,-16.07,-21.45,2.55,10.56,42.26
svalbard_arctic,2026-01-28,-19.6,-25.95,0.8,9.62,47.87
svalbard_arctic,2026-01-29,-23.21,-28.86,0.45,15.14,68.28
svalbard_arctic,2026-01-30,-19.72,-26.56,0.6,12.77,75.61
svalbard_arctic,2026-01-31,-28.61,-22.41,0.37,18.52,86.38
svalbard_arctic,2026-02-01,-15.48,-26.01,0.18,18.88,48.64
svalbard_arctic,2026-02-02,-22.22,-21.2,0.75,14.85,63.54
svalbard_arctic,2026-02-03,-18.94,-21.75,0.0,13.24,28.17
svalbard_arctic,2026-02-04,-20.58,-21.4,1.57,6.53,79.08
svalbard_arctic,2026-02-05,-18.6,-22.39,1.09,14.47,53.0
svalbard_arctic,2026-02-06,-13.28,-28.09,2.25,20.64,66.16
svalbard_arctic,2026-02-07,-26.62,-24.98,0.0,17.39,65.24
svalbard_arctic,2026-02-08,-19.34,-22.81,2.18,10.0,62.78
svalbard_arctic,2026-02-09,-19.18,-26.44,1.69,11.08,46.26
svalbard_arctic,2026-02-10,-21.09,-22.42,0.0,19.39,44.76
svalbard_arctic,2026-02-11,-22.08,-20.66,0.0,7.75,69.59
svalbard_arctic,2026-02-12,-16.9,-27.15,1.08,13.33,48.26
svalbard_arctic,2026-02-13,-19.78,-29.09,1.33,9.66,45.54
svalbard_arctic,2026-02-14,-19.57,-23.28,1.54,10.45,54.48
svalbard_arctic,2026-02-15,-20.37,-16.14,0.13,13.97,54.16
svalbard_arctic,2026-02-16,-19.84,-23.52,3.16,14.73,49.93
svalbard_arctic,2026-02-17,-17.42,-27.07,0.0,10.47,54.18
svalbard_arctic,2026-02-18,-17.43,-21.46,1.93,15.91,60.54
svalbard_arctic,2026-02-19,-21.35,-22.03,0.0,15.39,41.39
svalbard_arctic,2026-02-20,-19.81,-21.17,0.0,15.58,39.14
svalbard_arctic,2026-02-21,-15.72,-16.21,1.66,13.38,65.24
svalbard_arctic,2026-02-22,-13.6,-26.28,2.52,18.54,62.94
svalbard_arctic,2026-02-23,-13.47,-20.25,1.9,8.58,51.8
svalbard_arctic,2026-02-24,-13.57,-22.44,0.62,13.31,48.62
svalbard_arctic,2026-02-25,-17.65,-20.99,0.0,11.21,69.07
svalbard_arctic,2026-02-26,-15.0,-24.13,2.06,14.07,39.57
svalbard_arctic,2026-02-27,-16.87,-26.15,0.62,17.16,40.32
svalbard_arctic,2026-02-28,-20.04,-16.85,2.25,7.53,45.94
svalbard_arctic,2026-03-01,-18.04,-16.28,1.95,12.79,20.85
svalbard_arctic,2026-03-02,-18.14,-15.67,1.33,10.62,87.43
svalbard_arctic,2026-03-03,-14.59,-23.57,0.0,17.63,38.23
svalbard_arctic,2026-03-04,-14.82,-21.65,0.06,19.18,73.22
svalbard_arctic,2026-03-05,-17.36,-17.38,1.42,8.31,62.34
svalbard_arctic,2026-03-06,-17.57,-21.34,0.98,15.35,63.84
svalbard_arctic,2026-03-07,-18.77,-22.77,2.72,26.33,83.22
svalbard_arctic,2026-03-08,-17.54,-19.29,1.45,13.88,65.24
svalbard_arctic,2026-03-09,-16.71,-24.08,1.37,12.96,57.73
svalbard_arctic,2026-03-10,-15.23,-25.66,2.4,14.77,80.99
svalbard_arctic,2026-03-11,-15.7,-12.99,0.22,16.83,26.58
svalbard_arctic,2026-03-12,-18.28,-20.76,1.39,18.79,78.11
svalbard_arctic,2026-03-13,-17.15,-17.22,0.02,19.51,60.54
svalbard_arctic,2026-03-14,-15.83,-20.32,1.77,9.32,57.99
svalbard_arctic,2026-03-15,-13.8,-18.6,2.46,18.04,55.7
svalbard_arctic,2026-03-16,-16.63,-18.96,1.08,13.15,64.85
svalbard_arctic,2026-03-17,-19.34,-23.43,0.0,12.7,52.22
svalbard_arctic,2026-03-18,-18.1,-20.56,1.91,12.4,45.38
svalbard_arctic,2026-03-19,-13.61,-16.4,2.41,16.48,61.09
svalbard_arctic,2026-03-20,-12.98,-17.38,0.16,11.48,70.72
svalbard_arctic,2026-03-21,-15.93,-18.22,0.24,19.03,58.39
svalbard_arctic,2026-03-22,-16.95,-24.09,1.9,13.02,67.65
svalbard_arctic,2026-03-23,-17.99,-16.23,0.0,16.93,71.36
svalbard_arctic,2026-03-24,-17.64,-18.94,0.0,15.98,70.66
svalbard_arctic,2026-03-25,-14.53,-19.22,0.03,9.75,69.44
svalbard_arctic,2026-03-26,-17.89,-19.66,0.49,10.21,70.34
svalbard_arctic,2026-03-27,-12.48,-16.71,1.69,16.53,65.54
svalbard_arctic,2026-03-28,-11.22,-17.08,1.11,8.44,29.39
svalbard_arctic,2026-03-29,-16.64,-17.75,1.91,14.53,50.72
svalbard_arctic,2026-03-30,-15.44,-12.28,1.53,12.13,57.6
svalbard_arctic,2026-03-31,-12.4,-16.01,2.31,12.4,74.17
svalbard_arctic,2026-04-01,-14.34,-20.29,2.02,15.62,54.74
svalbard_arctic,2026-04-02,-11.12,-17.6,0.0,19.43,76.84
svalbard_arctic,2026-04-03,-8.53,-14.84,0.63,16.36,83.82
svalbard_arctic,2026-04-04,-11.88,-13.25,2.26,8.79,95.45
svalbard_arctic,2026-04-05,-16.16,-18.03,1.39,14.49,72.14
svalbard_arctic,2026-04-06,-10.33,-17.8,0.47,17.73,52.85
svalbard_arctic,2026-04-07,-11.63,-13.15,0.62,13.09,68.86
svalbard_arctic,2026-04-08,-8.8,-14.16,1.87,14.04,75.62
svalbard_arctic,2026-04-09,-3.2,-13.06,0.64,12.31,40.83
svalbard_arctic,2026-04-10,-12.83,-15.99,2.15,19.0,81.43
svalbard_arctic,2026-04-11,-11.93,-11.24,0.81,10.56,56.08
svalbard_arctic,2026-04-12,-8.65,-11.19,2.5,12.99,66.89
svalbard_arctic,2026-04-13,-6.69,-11.4,2.19,10.49,48.6
svalbard_arctic,2026-04-14,-2.94,-14.45,0.45,17.91,80.21
svalbard_arctic,2026-04-15,-10.1,-14.28,1.8,10.68,36.53
svalbard_arctic,2026-04-16,-11.23,-13.17,0.0,11.88,63.62
svalbard_arctic,2026-04-17,-10.77,-17.69,1.08,13.64,57.21
svalbard_arctic,2026-04-18,-9.48,-13.4,1.01,15.45,76.66
svalbard_arctic,2026-04-19,-8.69,-9.36,0.0,13.46,58.67
svalbard_arctic,2026-04-20,-7.21,-14.27,0.0,15.08,83.91
svalbard_arctic,2026-04-21,-7.4,-6.11,2.22,7.43,61.05
svalbard_arctic,2026-04-22,-11.11,-15.12,0.99,17.88,74.69
svalbard_arctic,2026-04-23,-11.65,-13.97,1.19,16.49,76.23
svalbard_arctic,2026-04-24,-7.15,-12.97,0.74,15.54,71.71
svalbard_arctic,2026-04-25,-8.89,-8.96,2.3,5.34,74.19
svalbard_arctic,2026-04-26,-8.17,-11.51,0.0,15.5,42.42
svalbard_arctic,2026-04-27,-3.52,-13.92,1.89,12.68,57.8
svalbard_arctic,2026-04-28,-3.97,-8.43,3.03,12.89,59.12
svalbard_arctic,2026-04-29,-6.81,-9.02,0.25,15.43,76.7
svalbard_arctic,2026-04-30,-2.45,-11.89,0.09,20.36,84.58
svalbard_arctic,2026-05-01,-2.03,-4.17,1.45,22.99,71.27
svalbard_arctic,2026-05-02,-0.96,-6.95,1.72,20.49,62.71
svalbard_arctic,2026-05-03,-0.17,-7.21,0.0,15.2,67.79
svalbard_arctic,2026-05-04,-5.24,-10.5,0.72,22.26,72.16
svalbard_arctic,2026-05-05,-1.08,-11.57,2.6,21.75,66.5
svalbard_arctic,2026-05-06,-5.11,-3.94,3.0,16.17,57.99
svalbard_arctic,2026-05-07,-0.34,-10.73,0.93,8.52,50.73
svalbard_arctic,2026-05-08,-4.48,-6.27,1.23,12.57,53.12
svalbard_arctic,2026-05-09,-3.5,-4.84,1.42,7.32,51.18
svalbard_arctic,2026-05-10,-6.36,-11.63,0.0,14.2,71.13
svalbard_arctic,2026-05-11,-6.18,-7.84,0.36,16.41,59.2
svalbard_arctic,2026-05-12,-1.71,-9.92,1.07,9.33,78.38
svalbard_arctic,2026-05-13,0.18,-5.69,3.47,19.78,35.72
svalbard_arctic,2026-05-14,-5.63,-9.06,1.55,17.0,57.09
svalbard_arctic,2026-05-15,1.65,-9.05,2.59,8.98,66.72
svalbard_arctic,2026-05-16,1.52,-10.15,0.95,17.23,72.08
svalbard_arctic,2026-05-17,-0.73,-6.22,1.59,9.27,70.84
svalbard_arctic,2026-05-18,1.12,-10.87,0.18,24.78,84.48
svalbard_arctic,2026-05-19,-3.11,-1.14,0.0,11.37,92.26
svalbard_arctic,2026-05-20,-5.6,-6.04,0.02,12.76,76.99
svalbard_arctic,2026-05-21,-2.72,-2.77,0.71,14.79,72.13
svalbard_arctic,2026-05-22,2.61,-5.29,1.06,17.07,78.46
svalbard_arctic,2026-05-23,3.02,-3.94,0.52,15.01,69.04
svalbard_arctic,2026-05-24,-4.14,-8.57,0.0,10.39,88.69
svalbard_arctic,2026-05-25,-4.0,-2.89,1.82,17.06,70.21
svalbard_arctic,2026-05-26,-2.9,-7.9,0.27,14.43,68.11
svalbard_arctic,2026-05-27,-5.86,-0.07,1.13,14.4,78.56
svalbard_arctic,2026-05-28,-1.7,-5.52,0.36,23.23,61.24
svalbard_arctic,2026-05-29,1.75,-1.74,2.1,15.27,94.45
svalbard_arctic,2026-05-30,-8.54,-7.33,0.0,15.58,48.93
svalbard_arctic,2026-05-31,0.42,-1.24,2.0,17.56,56.15
svalbard_arctic,2026-06-01,5.06,-8.37,0.64,18.98,88.23
svalbard_arctic,2026-06-02,3.71,-7.95,0.76,18.12,96.37
svalbard_arctic,2026-06-03,2.33,0.13,1.12,7.61,100.0
svalbard_arctic,2026-06-04,1.61,-0.01,1.01,15.88,64.09
svalbard_arctic,2026-06-05,4.85,-4.04,2.48,15.58,71.02
svalbard_arctic,2026-06-06,3.11,-3.62,1.74,12.37,77.23
svalbard_arctic,2026-06-07,0.93,-2.78,2.43,12.08,79.28
svalbard_arctic,2026-06-08,4.7,-1.37,1.59,21.67,88.73
svalbard_arctic,2026-06-09,-2.06,0.89,0.96,17.79,79.51
svalbard_arctic,2026-06-10,4.56,-2.95,0.98,15.14,100.0
svalbard_arctic,2026-06-11,3.96,-6.48,0.0,18.67,89.84
svalbard_arctic,2026-06-12,3.05,-1.92,3.0,22.24,91.31
svalbard_arctic,2026-06-13,2.86,-3.74,0.98,19.49,60.14
svalbard_arctic,2026-06-14,7.76,2.5,0.0,22.87,87.02
svalbard_arctic,2026-06-15,6.09,-2.41,0.08,18.53,90.76
svalbard_arctic,2026-06-16,7.08,2.43,0.0,20.24,87.79
svalbard_arctic,2026-06-17,4.54,-1.15,0.39,16.62,48.39
svalbard_arctic,2026-06-18,6.64,-2.87,1.67,22.37,62.5
svalbard_arctic,2026-06-19,4.65,2.71,0.0,24.35,62.76
svalbard_arctic,2026-06-20,2.99,-3.04,2.44,18.39,71.62
svalbard_arctic,2026-06-21,5.89,-0.6,0.49,12.51,69.81
svalbard_arctic,2026-06-22,2.83,-1.54,0.91,18.18,100.0
svalbard_arctic,2026-06-23,7.26,-2.83,1.05,17.34,67.15
svalbard_arctic,2026-06-24,0.19,0.63,0.03,20.42,75.36
svalbard_arctic,2026-06-25,3.17,-2.01,1.85,16.33,84.22
svalbard_arctic,2026-06-26,1.97,-2.63,0.0,18.18,76.49
svalbard_arctic,2026-06-27,11.1,-0.58,2.68,20.18,100.0
svalbard_arctic,2026-06-28,2.22,-1.79,0.08,15.19,82.76
svalbard_arctic,2026-06-29,4.09,-1.12,1.1,19.09,71.29
svalbard_arctic,2026-06-30,-1.86,-0.25,0.46,18.78,70.8
svalbard_arctic,2026-07-01,9.54,2.02,2.24,8.99,89.73
svalbard_arctic,2026-07-02,2.03,-1.08,0.01,17.31,95.25
svalbard_arctic,2026-07-03,9.03,-3.53,2.55,11.99,84.39
svalbard_arctic,2026-07-04,1.46,1.95,3.3,23.44,67.82
svalbard_arctic,2026-07-05,1.72,-1.34,0.0,15.5,66.94
svalbard_arctic,2026-07-06,7.19,1.56,0.0,16.09,84.83
svalbard_arctic,2026-07-07,0.1,3.88,0.88,21.12,100.0
svalbard_arctic,2026-07-08,6.07,0.45,1.3,8.36,87.43
svalbard_arctic,2026-07-09,2.54,-1.99,0.93,13.24,70.72
svalbard_arctic,2026-07-10,11.34,0.01,0.88,23.06,73.3
svalbard_arctic,2026-07-11,10.31,-1.62,1.85,17.71,45.74
svalbard_arctic,2026-07-12,8.73,-1.72,1.52,12.05,92.97
svalbard_arctic,2026-07-13,11.94,-0.39,0.0,14.87,58.39
svalbard_arctic,2026-07-14,3.11,-2.91,0.44,12.58,92.79
svalbard_arctic,2026-07-15,7.33,-2.45,2.5,15.28,77.54
svalbard_arctic,2026-07-16,2.17,2.82,1.33,16.43,100.0
svalbard_arctic,2026-07-17,7.64,1.22,1.13,24.97,91.84
svalbard_arctic,2026-07-18,6.05,1.72,0.0,13.61,81.4
svalbard_arctic,2026-07-19,1.32,2.95,1.92,12.4,76.24
svalbard_arctic,2026-07-20,4.85,-4.7,1.17,16.8,66.61
svalbard_arctic,2026-07-21,5.31,-0.16,1.17,18.08,77.03
svalbard_arctic,2026-07-22,5.2,5.28,2.17,16.6,74.15
svalbard_arctic,2026-07-23,10.37,5.85,0.14,17.71,53.72
svalbard_arctic,2026-07-24,1.77,-1.32,2.37,24.43,95.09
svalbard_arctic,2026-07-25,2.91,-1.96,1.49,13.51,71.64
svalbard_arctic,2026-07-26,-3.99,-5.49,2.35,17.14,71.22
svalbard_arctic,2026-07-27,6.91,-0.62,0.91,23.59,48.67
svalbard_arctic,2026-07-28,7.31,2.31,2.47,24.85,69.37
svalbard_arctic,2026-07-29,7.46,3.24,0.0,19.31,86.68
svalbard_arctic,2026-07-30,4.66,-3.42,0.0,10.71,64.06
svalbard_arctic,2026-07-31,2.51,-0.12,0.26,21.08,60.55
svalbard_arctic,2026-08-01,1.09,-1.19,0.43,21.31,71.54
svalbard_arctic,2026-08-02,6.32,-2.88,2.29,19.34,77.06
svalbard_arctic,2026-08-03,2.1,-1.55,0.0,16.22,90.4
svalbard_arctic,2026-08-04,-0.51,2.75,2.08,15.02,94.07
svalbard_arctic,2026-08-05,7.56,1.6,1.16,21.6,73.92
svalbard_arctic,2026-08-06,3.28,1.17,0.05,19.55,55.29
svalbard_arctic,2026-08-07,4.82,4.03,2.93,22.28,66.28
svalbard_arctic,2026-08-08,-5.93,-0.39,0.0,16.79,89.87
svalbard_arctic,2026-08-09,4.03,-0.57,2.07,19.73,57.8
svalbard_arctic,2026-08-10,3.37,1.08,2.49,13.62,84.34
svalbard_arctic,2026-08-11,9.57,-3.3,0.0,24.01,100.0
svalbard_arctic,2026-08-12,3.16,2.1,0.13,24.94,88.63
svalbard_arctic,2026-08-13,-5.28,1.36,2.52,17.66,79.74
svalbard_arctic,2026-08-14,3.0,0.55,1.34,10.55,94.47
svalbard_arctic,2026-08-15,3.64,-2.78,1.83,22.59,80.52
svalbard_arctic,2026-08-16,7.47,1.27,1.24,25.97,68.34
svalbard_arctic,2026-08-17,3.27,4.28,1.94,16.31,77.09
svalbard_arctic,2026-08-18,1.97,0.61,0.0,16.23,57.77
svalbard_arctic,2026-08-19,2.74,-2.78,1.9,16.22,54.43
svalbard_arctic,2026-08-20,11.92,4.11,0.99,16.44,71.63
svalbard_arctic,2026-08-21,4.53,0.0,0.95,21.98,62.96
svalbard_arctic,2026-08-22,1.93,3.76,0.0,19.54,62.66
svalbard_arctic,2026-08-23,5.87,-4.45,0.0,13.2,57.46
svalbard_arctic,2026-08-24,-1.0,-3.71,1.01,16.35,69.07
svalbard_arctic,2026-08-25,0.08,0.59,2.37,18.62,62.35
svalbard_arctic,2026-08-26,0.59,-9.84,1.34,14.85,73.41
svalbard_arctic,2026-08-27,-3.41,3.63,0.17,19.11,62.85
svalbard_arctic,2026-08-28,5.15,1.65,0.96,17.81,62.23
svalbard_arctic,2026-08-29,-0.61,-4.39,0.86,21.75,69.56
svalbard_arctic,2026-08-30,2.14,1.21,0.31,20.26,47.78
svalbard_arctic,2026-08-31,-0.22,-2.43,1.54,15.41,59.15
svalbard_arctic,2026-09-01,2.48,-3.45,0.16,17.35,90.81
svalbard_arctic,2026-09-02,7.35,-5.82,0.44,14.08,82.37
svalbard_arctic,2026-09-03,-0.01,0.02,0.02,25.36,72.22
svalbard_arctic,2026-09-04,-0.57,-1.14,0.36,19.79,49.25
svalbard_arctic,2026-09-05,-3.23,-2.53,2.65,11.46,56.1
svalbard_arctic,2026-09-06,-0.29,-6.97,0.4,16.05,67.84
svalbard_arctic,2026-09-07,-5.62,-2.14,0.63,10.45,77.36
svalbard_arctic,2026-09-08,4.94,-0.9,1.9,15.21,62.02
svalbard_arctic,2026-09-09,-1.98,1.24,2.14,17.18,79.68
svalbard_arctic,2026-09-10,-3.1,-4.62,0.59,20.28,68.71
svalbard_arctic,2026-09-11,-0.83,-5.92,2.35,20.81,84.01
svalbard_arctic,2026-09-12,1.65,-7.68,0.11,11.27,77.19
svalbard_arctic,2026-09-13,-1.41,-4.4,1.77,17.41,83.96
svalbard_arctic,2026-09-14,2.79,-2.36,1.01,17.95,70.73
svalbard_arctic,2026-09-15,-2.43,0.81,1.51,16.97,62.55
svalbard_arctic,2026-09-16,-3.7,-3.73,1.68,10.56,83.04
svalbard_arctic,2026-09-17,-1.55,-1.43,1.0,13.28,72.5
