area_id,date,temperature_2m_max,temperature_2m_min,precipitation_sum,windspeed_10m_max,cloudcover_mean
scottish_highlands,2011-09-17,15.48,7.57,6.18,29.1,74.38
scottish_highlands,2011-09-18,14.31,7.87,4.59,25.32,40.85
scottish_highlands,2011-09-19,15.13,9.74,3.52,25.68,78.23
scottish_highlands,2011-09-20,12.39,9.35,7.95,18.85,74.62
scottish_highlands,2011-09-21,14.34,7.09,3.5,21.82,59.1
scottish_highlands,2011-09-22,14.1,5.37,0.0,14.2,66.86
scottish_highlands,2011-09-23,16.9,6.24,6.85,25.66,77.74
scottish_highlands,2011-09-24,14.09,6.62,0.07,13.58,67.87
scottish_highlands,2011-09-25,14.38,6.92,4.07,21.76,67.11
scottish_highlands,2011-09-26,16.12,6.23,0.0,19.73,77.47
scottish_highlands,2011-09-27,15.91,12.35,1.92,21.6,69.83
scottish_highlands,2011-09-28,13.97,2.35,5.17,26.52,60.05
scottish_highlands,2011-09-29,8.05,11.63,2.92,18.25,81.86
scottish_highlands,2011-09-30,19.38,7.16,1.2,21.98,66.98
scottish_highlands,2011-10-01,17.11,6.49,8.74,18.16,60.84
scottish_highlands,2011-10-02,16.76,7.32,9.21,20.43,85.21
scottish_highlands,2011-10-03,14.03,11.64,2.13,16.57,78.98
scottish_highlands,2011-10-04,16.98,5.77,7.22,19.13,68.34
scottish_highlands,2011-10-05,17.07,10.07,4.01,16.44,71.23
scottish_highlands,2011-10-06,11.37,6.9,7.77,16.25,63.17
scottish_highlands,2011-10-07,12.51,4.33,5.02,19.47,80.05
scottish_highlands,2011-10-08,13.72,2.96,3.91,16.66,74.12
scottish_highlands,2011-10-09,13.71,7.08,5.25,16.19,48.29
scottish_highlands,2011-10-10,10.52,7.26,2.32,27.61,71.81
scottish_highlands,2011-10-11,11.18,8.36,4.5,18.81,69.89
scottish_highlands,2011-10-12,15.23,6.13,0.0,13.15,77.65
scottish_highlands,2011-10-13,6.04,3.26,0.0,14.3,65.86
scottish_highlands,2011-10-14,11.49,7.2,0.29,23.67,71.01
scottish_highlands,2011-10-15,12.73,4.4,4.96,24.08,57.93
scottish_highlands,2011-10-16,11.16,6.34,4.85,23.8,74.82
scottish_highlands,2011-10-17,12.3,5.16,4.13,23.23,69.24
scottish_highlands,2011-10-18,10.42,7.28,4.29,18.67,92.36
scottish_highlands,2011-10-19,14.44,1.67,0.9,15.16,66.16
scottish_highlands,2011-10-20,17.41,0.71,9.56,20.82,87.71
scottish_highlands,2011-10-21,14.61,5.84,2.78,13.9,51.77
scottish_highlands,2011-10-22,16.24,5.21,0.0,18.16,71.15
scottish_highlands,2011-10-23,9.49,1.68,0.75,21.79,69.55
scottish_highlands,2011-10-24,9.87,8.85,4.25,17.48,56.89
scottish_highlands,2011-10-25,9.23,6.31,4.37,13.2,76.48
scottish_highlands,2011-10-26,14.36,5.39,7.27,15.2,84.33
scottish_highlands,2011-10-27,9.23,8.31,4.51,20.57,75.35
scottish_highlands,2011-10-28,12.16,6.23,2.77,22.88,49.87
scottish_highlands,2011-10-29,12.7,0.16,4.65,25.61,77.68
scottish_highlands,2011-10-30,10.48,2.08,8.72,10.06,85.58
scottish_highlands,2011-10-31,12.81,0.78,5.73,12.24,72.31
scottish_highlands,2011-11-01,9.97,4.55,4.53,16.84,85.04
scottish_highlands,2011-11-02,15.38,6.28,0.0,14.49,54.28
scottish_highlands,2011-11-03,13.02,0.8,3.37,28.29,63.67
scottish_highlands,2011-11-04,9.69,4.32,5.0,13.47,66.08
scottish_highlands,2011-11-05,10.46,6.0,0.7,19.45,59.61
scottish_highlands,2011-11-06,1.45,4.47,9.68,15.82,65.1
scottish_highlands,2011-11-07,10.84,6.6,6.08,12.32,48.81
scottish_highlands,2011-11-08,3.17,5.36,0.94,17.26,70.12
scottish_highlands,2011-11-09,6.81,0.15,0.0,14.18,61.12
scottish_highlands,2011-11-10,13.06,3.73,1.17,20.27,72.39
scottish_highlands,2011-11-11,10.91,9.64,0.89,18.93,64.94
scottish_highlands,2011-11-12,10.12,6.96,0.56,11.55,85.71
scottish_highlands,2011-11-13,8.6,6.07,0.0,14.71,63.79
scottish_highlands,2011-11-14,6.41,2.33,0.37,9.32,79.09
scottish_highlands,2011-11-15,5.89,3.95,2.77,25.41,81.15
scottish_highlands,2011-11-16,9.81,2.08,0.27,20.65,71.16
scottish_highlands,2011-11-17,5.34,-0.48,1.12,15.51,58.06
scottish_highlands,2011-11-18,8.6,0.94,0.81,12.71,56.0
scottish_highlands,2011-11-19,8.89,1.86,3.38,5.89,70.68
scottish_highlands,2011-11-20,7.48,3.04,5.42,18.16,61.05
scottish_highlands,2011-11-21,5.8,2.42,0.0,19.32,74.89
scottish_highlands,2011-11-22,8.61,0.57,7.68,20.1,78.45
scottish_highlands,2011-11-23,5.72,5.37,0.0,16.78,47.67
scottish_highlands,2011-11-24,8.23,1.78,8.01,16.03,59.55
scottish_highlands,2011-11-25,7.91,4.71,5.54,21.3,64.75
scottish_highlands,2011-11-26,13.78,5.42,0.16,22.23,64.07
scottish_highlands,2011-11-27,9.63,-2.12,0.0,21.62,57.02
scottish_highlands,2011-11-28,4.45,-1.59,3.91,7.69,56.26
scottish_highlands,2011-11-29,10.49,0.09,6.47,10.81,45.72
scottish_highlands,2011-11-30,4.71,0.23,5.69,10.62,53.47
scottish_highlands,2011-12-01,12.97,7.75,9.39,9.97,71.96
scottish_highlands,2011-12-02,5.88,-4.03,4.0,14.64,65.3
scottish_highlands,2011-12-03,12.59,2.72,0.89,18.9,72.73
scottish_highlands,2011-12-04,7.69,3.71,9.14,18.56,78.14
scottish_highlands,2011-12-05,4.65,-2.69,5.14,11.77,70.75
scottish_highlands,2011-12-06,4.2,3.38,6.51,22.51,60.37
scottish_highlands,2011-12-07,10.31,1.05,3.74,15.31,63.92
scottish_highlands,2011-12-08,6.82,-1.75,7.18,14.49,88.22
scottish_highlands,2011-12-09,4.92,-3.88,4.1,7.17,44.95
scottish_highlands,2011-12-10,7.44,5.14,3.69,21.9,67.72
scottish_highlands,2011-12-11,9.67,2.28,0.0,13.14,77.71
scottish_highlands,2011-12-12,9.49,-5.49,5.7,9.36,66.25
scottish_highlands,2011-12-13,11.45,1.67,5.02,21.41,55.55
scottish_highlands,2011-12-14,11.03,0.14,1.54,14.99,60.29
scottish_highlands,2011-12-15,9.17,1.39,7.63,12.29,62.63
scottish_highlands,2011-12-16,6.11,2.25,0.0,9.97,54.23
scottish_highlands,2011-12-17,5.46,-2.05,0.0,2.65,65.61
scottish_highlands,2011-12-18,0.18,-2.22,6.18,14.86,61.78
scottish_highlands,2011-12-19,10.99,-1.84,5.61,17.72,76.94
scottish_highlands,2011-12-20,2.89,2.7,0.0,17.85,76.42
scottish_highlands,2011-12-21,9.34,-4.07,0.0,20.23,59.53
scottish_highlands,2011-12-22,7.14,3.04,3.94,22.34,58.52
scottish_highlands,2011-12-23,7.83,-0.35,3.14,23.99,67.53
scottish_highlands,2011-12-24,9.01,-2.59,0.0,8.33,76.42
scottish_highlands,2011-12-25,3.51,1.83,2.64,6.98,68.44
scottish_highlands,2011-12-26,3.34,-0.0,3.92,15.91,58.3
scottish_highlands,2011-12-27,5.89,0.66,0.0,5.56,51.49
scottish_highlands,2011-12-28,6.17,-0.15,6.46,7.52,68.43
scottish_highlands,2011-12-29,6.95,-3.82,4.22,10.26,60.79
scottish_highlands,2011-12-30,6.35,-3.56,6.59,10.33,60.05
scottish_highlands,2011-12-31,3.78,1.04,3.4,14.63,60.72
scottish_highlands,2012-01-01,6.18,-2.36,0.0,10.74,65.46
scottish_highlands,2012-01-02,6.87,-1.17,0.0,20.49,70.62
scottish_highlands,2012-01-03,9.46,1.5,0.0,12.55,64.95
scottish_highlands,2012-01-04,9.73,3.22,0.0,8.8,87.41
scottish_highlands,2012-01-05,4.92,-0.81,0.21,17.4,75.51
scottish_highlands,2012-01-06,7.77,-3.25,0.0,13.78,64.28
scottish_highlands,2012-01-07,10.27,-5.5,3.05,6.27,57.81
scottish_highlands,2012-01-08,4.31,-2.9,3.41,9.7,58.85
scottish_highlands,2012-01-09,2.89,6.02,3.45,10.55,46.93
scottish_highlands,2012-01-10,4.41,1.25,0.0,9.48,37.6
scottish_highlands,2012-01-11,4.0,0.59,1.48,5.5,81.21
scottish_highlands,2012-01-12,8.8,-4.4,0.59,8.84,64.47
scottish_highlands,2012-01-13,9.13,4.19,6.34,9.72,49.71
scottish_highlands,2012-01-14,10.53,-3.57,0.62,23.34,66.31
scottish_highlands,2012-01-15,6.69,-0.81,5.0,13.45,48.01
scottish_highlands,2012-01-16,8.37,1.73,2.21,17.45,74.2
scottish_highlands,2012-01-17,6.15,0.27,0.06,21.78,67.04
scottish_highlands,2012-01-18,11.8,-1.53,2.48,16.13,64.38
scottish_highlands,2012-01-19,8.77,-2.67,0.0,15.59,84.7
scottish_highlands,2012-01-20,7.35,-0.43,3.59,19.25,57.32
scottish_highlands,2012-01-21,6.24,-3.26,3.06,10.02,47.19
scottish_highlands,2012-01-22,6.65,-0.77,5.15,17.63,59.96
scottish_highlands,2012-01-23,7.15,0.47,5.7,9.92,63.72
scottish_highlands,2012-01-24,2.64,0.53,7.27,9.56,60.43
scottish_highlands,2012-01-25,1.22,-2.72,0.0,13.16,56.27
scottish_highlands,2012-01-26,10.85,0.04,2.6,14.75,75.06
scottish_highlands,2012-01-27,4.41,-1.75,6.3,20.25,73.78
scottish_highlands,2012-01-28,4.4,0.06,2.09,12.47,72.81
scottish_highlands,2012-01-29,4.23,-0.04,0.0,18.41,68.18
scottish_highlands,2012-01-30,7.84,-1.1,1.45,18.04,80.61
scottish_highlands,2012-01-31,3.18,0.27,1.75,9.01,51.47
scottish_highlands,2012-02-01,2.07,-1.48,3.47,16.07,72.3
scottish_highlands,2012-02-02,5.44,-1.97,1.21,17.64,67.03
scottish_highlands,2012-02-03,2.26,6.07,4.95,17.72,63.92
scottish_highlands,2012-02-04,5.33,-0.99,0.74,14.91,65.16
scottish_highlands,2012-02-05,4.05,1.42,0.0,15.26,44.17
scottish_highlands,2012-02-06,8.12,-1.98,6.88,9.07,60.87
scottish_highlands,2012-02-07,7.87,-5.88,0.0,10.93,54.8
scottish_highlands,2012-02-08,-0.99,-2.92,2.18,23.89,56.46
scottish_highlands,2012-02-09,6.77,-4.05,2.57,18.72,48.48
scottish_highlands,2012-02-10,-0.78,-1.34,1.69,15.97,41.63
scottish_highlands,2012-02-11,8.29,5.0,1.12,17.54,59.69
scottish_highlands,2012-02-12,6.91,2.86,2.09,13.69,75.95
scottish_highlands,2012-02-13,11.17,-2.03,1.36,21.33,60.86
scottish_highlands,2012-02-14,12.31,3.47,0.53,9.88,72.92
scottish_highlands,2012-02-15,4.84,2.12,0.0,16.09,50.71
scottish_highlands,2012-02-16,5.77,-2.68,5.24,10.63,64.96
scottish_highlands,2012-02-17,5.04,-0.58,4.39,12.81,64.55
scottish_highlands,2012-02-18,12.94,1.55,1.48,10.07,68.68
scottish_highlands,2012-02-19,9.13,-0.98,1.38,24.03,61.95
scottish_highlands,2012-02-20,7.54,-0.26,1.52,22.86,59.98
scottish_highlands,2012-02-21,4.06,1.15,0.36,19.45,37.57
scottish_highlands,2012-02-22,2.96,1.82,8.94,24.36,65.73
scottish_highlands,2012-02-23,6.71,-0.15,2.78,13.22,52.18
scottish_highlands,2012-02-24,9.98,-0.93,2.58,8.01,92.18
scottish_highlands,2012-02-25,6.39,-1.33,1.08,13.88,73.55
scottish_highlands,2012-02-26,4.44,6.81,3.0,10.28,90.57
scottish_highlands,2012-02-27,10.89,-4.98,0.0,12.53,58.84
scottish_highlands,2012-02-28,6.9,3.58,4.65,12.2,65.87
scottish_highlands,2012-02-29,8.99,0.16,5.9,21.42,67.45
scottish_highlands,2012-03-01,10.16,0.95,0.0,14.09,51.19
scottish_highlands,2012-03-02,9.22,1.75,5.65,10.86,68.12
scottish_highlands,2012-03-03,3.96,2.89,2.52,14.94,59.74
scottish_highlands,2012-03-04,9.11,-0.53,0.0,21.63,73.19
scottish_highlands,2012-03-05,0.37,2.66,2.28,13.19,75.12
scottish_highlands,2012-03-06,7.42,5.83,0.32,15.31,45.08
scottish_highlands,2012-03-07,10.34,-1.96,5.85,21.0,79.56
scottish_highlands,2012-03-08,6.26,5.84,5.32,11.69,92.55
scottish_highlands,2012-03-09,7.52,-1.48,0.0,19.12,58.14
scottish_highlands,2012-03-10,8.79,-4.96,2.16,16.27,79.09
scottish_highlands,2012-03-11,6.81,-2.29,7.33,17.84,57.43
scottish_highlands,2012-03-12,5.2,3.98,0.0,17.29,97.87
scottish_highlands,2012-03-13,0.66,2.09,0.3,17.09,67.89
scottish_highlands,2012-03-14,15.04,5.04,7.01,12.15,37.75
scottish_highlands,2012-03-15,8.27,3.98,3.1,16.99,84.67
scottish_highlands,2012-03-16,9.56,1.93,1.62,23.39,74.25
scottish_highlands,2012-03-17,8.68,5.01,3.89,15.75,81.25
scottish_highlands,2012-03-18,5.88,1.77,2.53,18.03,47.22
scottish_highlands,2012-03-19,7.18,2.32,4.6,16.71,76.4
scottish_highlands,2012-03-20,8.15,-0.21,1.81,11.27,69.16
scottish_highlands,2012-03-21,13.28,1.02,2.46,24.08,44.97
scottish_highlands,2012-03-22,10.69,0.9,4.26,9.34,59.35
scottish_highlands,2012-03-23,7.15,-0.9,0.4,20.42,46.32
scottish_highlands,2012-03-24,7.34,-1.81,5.22,21.57,68.18
scottish_highlands,2012-03-25,12.46,1.51,6.37,18.88,66.14
scottish_highlands,2012-03-26,6.69,5.48,2.4,19.57,68.39
scottish_highlands,2012-03-27,12.06,3.0,1.53,11.24,71.31
scottish_highlands,2012-03-28,9.53,-0.72,2.29,13.11,69.33
scottish_highlands,2012-03-29,9.5,3.07,8.2,27.79,69.94
scottish_highlands,2012-03-30,6.09,-1.08,4.64,18.12,61.98
scottish_highlands,2012-03-31,12.23,4.28,1.19,21.52,52.87
scottish_highlands,2012-04-01,13.22,2.73,4.43,25.15,91.08
scottish_highlands,2012-04-02,3.14,4.12,2.08,8.2,52.64
scottish_highlands,2012-04-03,15.74,6.32,6.49,11.14,74.24
scottish_highlands,2012-04-04,10.22,5.15,5.61,22.07,53.86
scottish_highlands,2012-04-05,14.25,3.94,1.75,6.94,78.22
scottish_highlands,2012-04-06,11.71,4.92,0.32,18.63,58.76
scottish_highlands,2012-04-07,15.43,1.56,2.38,20.66,74.68
scottish_highlands,2012-04-08,19.31,7.86,0.0,12.26,85.33
scottish_highlands,2012-04-09,11.73,3.4,5.65,16.31,45.61
scottish_highlands,2012-04-10,15.8,3.58,4.47,17.33,59.54
scottish_highlands,2012-04-11,12.26,8.57,2.61,17.37,90.08
scottish_highlands,2012-04-12,13.85,3.62,10.07,16.59,67.17
scottish_highlands,2012-04-13,6.55,4.67,0.91,14.69,87.73
scottish_highlands,2012-04-14,12.27,6.63,7.1,20.19,64.02
scottish_highlands,2012-04-15,11.59,6.63,3.76,21.24,69.31
scottish_highlands,2012-04-16,10.76,7.07,6.38,19.04,61.2
scottish_highlands,2012-04-17,12.16,3.13,7.7,16.14,71.92
scottish_highlands,2012-04-18,12.73,2.98,4.72,16.09,88.62
scottish_highlands,2012-04-19,11.28,5.52,6.52,17.73,78.15
scottish_highlands,2012-04-20,13.65,5.54,0.0,18.17,94.33
scottish_highlands,2012-04-21,10.7,6.55,1.03,20.77,86.23
scottish_highlands,2012-04-22,5.96,4.73,9.59,27.88,93.75
scottish_highlands,2012-04-23,9.25,6.98,1.23,26.19,68.58
scottish_highlands,2012-04-24,0.48,5.79,3.84,13.61,78.42
scottish_highlands,2012-04-25,10.4,7.77,0.0,17.18,80.95
scottish_highlands,2012-04-26,15.74,4.86,6.54,14.82,78.78
scottish_highlands,2012-04-27,14.55,7.88,6.64,18.05,65.64
scottish_highlands,2012-04-28,14.36,5.2,3.88,18.55,76.33
scottish_highlands,2012-04-29,16.96,8.69,0.0,22.1,56.31
scottish_highlands,2012-04-30,10.22,11.08,1.55,15.17,70.2
scottish_highlands,2012-05-01,12.39,8.05,3.35,20.11,82.86
scottish_highlands,2012-05-02,17.28,4.15,4.75,24.7,71.81
scottish_highlands,2012-05-03,11.8,6.15,6.74,19.79,52.84
scottish_highlands,2012-05-04,17.51,6.73,5.85,22.28,74.3
scottish_highlands,2012-05-05,15.18,9.58,9.65,11.4,61.07
scottish_highlands,2012-05-06,13.58,2.53,5.76,9.95,61.65
scottish_highlands,2012-05-07,14.48,6.34,3.5,17.55,68.84
scottish_highlands,2012-05-08,13.86,4.05,1.98,20.18,80.0
scottish_highlands,2012-05-09,13.66,4.52,3.91,13.42,62.43
scottish_highlands,2012-05-10,13.5,7.33,5.43,17.19,52.05
scottish_highlands,2012-05-11,16.09,8.87,0.72,21.03,55.28
scottish_highlands,2012-05-12,17.65,6.38,9.09,23.45,52.37
scottish_highlands,2012-05-13,14.49,2.58,5.18,15.43,75.35
scottish_highlands,2012-05-14,16.23,11.65,5.47,31.67,65.78
scottish_highlands,2012-05-15,14.96,8.2,8.59,17.5,80.69
scottish_highlands,2012-05-16,17.6,8.58,5.49,18.82,59.87
scottish_highlands,2012-05-17,13.91,9.2,0.0,27.01,80.97
scottish_highlands,2012-05-18,13.68,5.85,5.07,13.36,44.84
scottish_highlands,2012-05-19,18.79,10.81,9.95,20.15,62.89
scottish_highlands,2012-05-20,17.85,8.4,3.07,25.54,71.17
scottish_highlands,2012-05-21,17.87,7.56,0.89,19.99,69.44
scottish_highlands,2012-05-22,18.66,10.13,3.44,22.93,83.88
scottish_highlands,2012-05-23,14.67,8.28,6.32,19.71,72.89
scottish_highlands,2012-05-24,17.92,5.24,8.45,18.24,83.46
scottish_highlands,2012-05-25,20.24,7.56,14.09,23.2,80.88
scottish_highlands,2012-05-26,23.06,14.28,4.77,21.4,55.82
scottish_highlands,2012-05-27,18.12,9.43,7.24,20.39,67.3
scottish_highlands,2012-05-28,16.74,8.99,9.88,15.87,90.38
scottish_highlands,2012-05-29,17.8,10.56,7.88,31.65,77.37
scottish_highlands,2012-05-30,14.3,10.16,7.35,15.63,81.08
scottish_highlands,2012-05-31,16.77,6.88,4.42,11.93,83.52
scottish_highlands,2012-06-01,12.61,9.4,1.57,17.06,78.39
scottish_highlands,2012-06-02,12.65,7.14,6.25,12.94,71.76
scottish_highlands,2012-06-03,20.82,13.42,2.2,14.94,79.11
scottish_highlands,2012-06-04,13.61,10.39,5.47,21.26,88.46
scottish_highlands,2012-06-05,13.89,10.43,10.25,16.16,80.43
scottish_highlands,2012-06-06,17.6,10.12,12.92,26.13,80.57
scottish_highlands,2012-06-07,20.87,8.0,13.32,18.27,71.74
scottish_highlands,2012-06-08,15.51,15.06,10.13,15.52,64.88
scottish_highlands,2012-06-09,12.84,10.55,7.42,24.7,84.4
scottish_highlands,2012-06-10,18.5,8.09,2.69,18.0,72.65
scottish_highlands,2012-06-11,23.91,9.17,0.03,20.1,56.32
scottish_highlands,2012-06-12,12.12,11.55,6.73,17.34,71.98
scottish_highlands,2012-06-13,11.86,11.55,3.9,18.17,73.85
scottish_highlands,2012-06-14,16.85,9.67,4.2,21.86,94.98
scottish_highlands,2012-06-15,24.73,8.73,4.31,11.03,74.62
scottish_highlands,2012-06-16,14.39,10.64,6.41,34.71,82.88
scottish_highlands,2012-06-17,15.19,8.27,4.28,15.98,100.0
scottish_highlands,2012-06-18,19.99,8.43,9.05,21.99,65.42
scottish_highlands,2012-06-19,21.67,8.24,8.46,14.64,69.5
scottish_highlands,2012-06-20,17.82,8.55,8.16,19.85,88.12
scottish_highlands,2012-06-21,25.81,7.64,3.72,23.51,75.97
scottish_highlands,2012-06-22,20.25,8.63,5.02,34.02,67.05
scottish_highlands,2012-06-23,15.43,8.82,1.39,22.51,76.67
scottish_highlands,2012-06-24,19.31,10.47,3.08,21.02,59.84
scottish_highlands,2012-06-25,16.83,8.48,4.91,19.39,79.44
scottish_highlands,2012-06-26,20.15,15.21,6.01,24.91,59.05
scottish_highlands,2012-06-27,19.48,9.68,1.75,22.28,79.97
scottish_highlands,2012-06-28,19.21,5.69,6.62,14.5,91.99
scottish_highlands,2012-06-29,13.69,10.91,6.73,18.2,55.43
scottish_highlands,2012-06-30,23.11,12.67,3.38,19.81,76.63
scottish_highlands,2012-07-01,20.78,9.44,5.56,19.63,62.32
scottish_highlands,2012-07-02,13.94,11.43,3.96,15.33,66.81
scottish_highlands,2012-07-03,23.66,12.37,4.65,19.66,89.03
scottish_highlands,2012-07-04,18.7,12.97,7.59,24.72,93.38
scottish_highlands,2012-07-05,13.13,10.65,6.25,30.38,95.07
scottish_highlands,2012-07-06,21.48,11.24,2.89,23.29,59.41
scottish_highlands,2012-07-07,25.64,11.65,6.82,22.65,95.74
scottish_highlands,2012-07-08,19.65,10.69,11.83,25.75,84.98
scottish_highlands,2012-07-09,23.6,11.37,0.0,18.31,66.15
scottish_highlands,2012-07-10,19.17,14.01,12.8,20.11,81.73
scottish_highlands,2012-07-11,16.06,12.39,7.5,34.39,84.12
scottish_highlands,2012-07-12,24.18,5.6,3.98,25.12,85.31
scottish_highlands,2012-07-13,18.94,9.46,8.11,13.52,100.0
scottish_highlands,2012-07-14,18.17,8.35,4.54,25.11,80.63
scottish_highlands,2012-07-15,17.52,11.02,4.2,27.1,63.36
scottish_highlands,2012-07-16,21.15,11.0,9.14,19.32,91.05
scottish_highlands,2012-07-17,20.78,8.28,4.99,20.6,75.74
scottish_highlands,2012-07-18,19.77,12.84,9.08,29.7,83.62
scottish_highlands,2012-07-19,21.87,16.28,9.38,20.7,99.92
scottish_highlands,2012-07-20,19.31,10.76,9.84,19.41,73.06
scottish_highlands,2012-07-21,16.46,10.03,4.5,27.28,74.16
scottish_highlands,2012-07-22,17.06,10.81,2.67,19.9,70.72
scottish_highlands,2012-07-23,20.77,10.2,6.06,15.49,89.71
scottish_highlands,2012-07-24,18.19,11.23,4.49,22.52,67.43
scottish_highlands,2012-07-25,16.89,8.71,0.48,22.66,59.14
scottish_highlands,2012-07-26,19.22,8.9,0.0,26.81,73.62
scottish_highlands,2012-07-27,23.08,14.34,5.57,22.23,72.07
scottish_highlands,2012-07-28,13.92,10.41,4.01,38.87,77.78
scottish_highlands,2012-07-29,23.55,10.66,3.16,17.24,83.83
scottish_highlands,2012-07-30,14.63,13.89,2.93,9.97,70.55
scottish_highlands,2012-07-31,18.06,8.2,7.14,23.39,76.66
scottish_highlands,2012-08-01,21.96,7.23,2.29,17.22,80.44
scottish_highlands,2012-08-02,19.63,14.53,0.0,26.98,77.9
scottish_highlands,2012-08-03,16.62,12.8,4.89,23.43,81.28
scottish_highlands,2012-08-04,19.68,11.09,0.0,19.72,78.79
scottish_highlands,2012-08-05,17.55,11.44,3.8,25.43,96.84
scottish_highlands,2012-08-06,19.52,8.57,5.88,13.41,83.73
scottish_highlands,2012-08-07,21.15,9.59,5.43,22.4,59.03
scottish_highlands,2012-08-08,19.23,16.44,4.33,23.7,55.91
scottish_highlands,2012-08-09,17.05,12.56,2.32,20.3,52.77
scottish_highlands,2012-08-10,14.08,10.14,5.9,23.86,71.44
scottish_highlands,2012-08-11,17.97,10.57,9.06,25.62,81.63
scottish_highlands,2012-08-12,21.95,6.59,11.49,22.79,66.11
scottish_highlands,2012-08-13,20.47,10.79,7.92,20.18,76.15
scottish_highlands,2012-08-14,18.79,8.1,5.98,30.35,59.84
scottish_highlands,2012-08-15,22.26,12.63,3.79,16.88,54.96
scottish_highlands,2012-08-16,19.11,12.85,9.95,28.81,83.46
scottish_highlands,2012-08-17,13.7,9.23,0.94,31.23,72.62
scottish_highlands,2012-08-18,16.33,9.92,4.99,15.07,57.52
scottish_highlands,2012-08-19,17.91,14.21,6.84,23.52,59.73
scottish_highlands,2012-08-20,21.14,8.0,5.79,24.93,85.32
scottish_highlands,2012-08-21,15.54,14.44,9.49,25.71,84.05
scottish_highlands,2012-08-22,16.85,13.61,4.62,20.98,63.79
scottish_highlands,2012-08-23,17.56,8.55,0.32,18.12,59.82
scottish_highlands,2012-08-24,19.17,10.36,3.74,22.11,65.35
scottish_highlands,2012-08-25,16.8,5.56,9.08,6.86,85.39
scottish_highlands,2012-08-26,15.49,7.87,8.66,19.41,85.91
scottish_highlands,2012-08-27,19.57,9.37,1.65,24.98,50.25
scottish_highlands,2012-08-28,21.06,8.59,3.21,24.22,73.65
scottish_highlands,2012-08-29,19.14,6.94,2.61,15.19,52.91
scottish_highlands,2012-08-30,19.0,9.55,1.49,21.08,71.93
scottish_highlands,2012-08-31,19.38,10.79,2.6,26.53,64.24
scottish_highlands,2012-09-01,21.18,7.29,7.41,20.36,75.42
scottish_highlands,2012-09-02,15.76,5.13,6.4,22.79,77.91
scottish_highlands,2012-09-03,24.6,11.96,7.52,13.31,71.23
scottish_highlands,2012-09-04,18.24,8.65,3.01,16.01,79.08
scottish_highlands,2012-09-05,14.89,5.18,5.16,21.58,71.93
scottish_highlands,2012-09-06,19.37,8.85,6.03,24.11,50.47
scottish_highlands,2012-09-07,18.48,9.82,8.49,28.97,64.24
scottish_highlands,2012-09-08,16.31,6.98,3.61,25.3,63.17
scottish_highlands,2012-09-09,19.33,7.99,4.82,14.66,64.9
scottish_highlands,2012-09-10,18.36,14.42,2.02,20.46,90.31
scottish_highlands,2012-09-11,13.09,6.83,2.54,15.48,69.4
scottish_highlands,2012-09-12,16.96,7.23,4.83,16.53,64.2
scottish_highlands,2012-09-13,14.13,5.11,6.23,18.87,64.15
scottish_highlands,2012-09-14,13.61,3.33,11.27,16.2,77.93
scottish_highlands,2012-09-15,10.71,6.69,4.18,14.55,88.31
scottish_highlands,2012-09-16,13.96,5.52,0.17,23.44,65.4
scottish_highlands,2012-09-17,13.94,8.06,6.36,15.73,73.26
scottish_highlands,2012-09-18,16.44,10.64,4.62,24.32,65.76
scottish_highlands,2012-09-19,15.94,7.23,8.09,24.68,59.37
scottish_highlands,2012-09-20,13.67,11.15,7.26,23.99,44.5
scottish_highlands,2012-09-21,19.01,0.99,6.38,20.25,62.78
scottish_highlands,2012-09-22,11.53,4.72,0.93,22.17,62.83
scottish_highlands,2012-09-23,14.13,8.81,2.38,15.26,88.91
scottish_highlands,2012-09-24,13.35,5.84,4.07,20.38,83.74
scottish_highlands,2012-09-25,14.38,10.96,6.35,19.71,69.55
scottish_highlands,2012-09-26,13.63,10.4,5.69,13.74,78.67
scottish_highlands,2012-09-27,10.77,12.23,5.91,18.39,74.17
scottish_highlands,2012-09-28,12.61,8.29,1.64,24.15,57.71
scottish_highlands,2012-09-29,10.8,5.6,6.7,19.39,55.33
scottish_highlands,2012-09-30,19.11,9.9,6.24,16.18,98.18
scottish_highlands,2012-10-01,12.75,8.53,8.2,20.94,77.85
scottish_highlands,2012-10-02,11.12,6.85,6.16,12.53,86.06
scottish_highlands,2012-10-03,19.41,5.47,0.0,18.8,83.87
scottish_highlands,2012-10-04,17.46,4.46,0.0,20.19,89.81
scottish_highlands,2012-10-05,12.15,8.1,1.84,13.05,74.02
scottish_highlands,2012-10-06,11.09,7.38,9.81,25.88,63.81
scottish_highlands,2012-10-07,16.96,-0.38,10.43,22.14,77.75
scottish_highlands,2012-10-08,12.91,4.23,1.48,18.87,82.74
scottish_highlands,2012-10-09,9.39,5.42,3.78,21.15,66.97
scottish_highlands,2012-10-10,16.17,9.29,3.5,11.27,74.18
scottish_highlands,2012-10-11,10.93,1.54,3.44,14.83,53.32
scottish_highlands,2012-10-12,12.45,4.27,3.02,32.81,59.33
scottish_highlands,2012-10-13,15.0,6.97,8.34,24.0,63.03
scottish_highlands,2012-10-14,13.0,7.6,1.74,8.92,48.69
scottish_highlands,2012-10-15,11.75,6.35,2.62,24.84,88.01
scottish_highlands,2012-10-16,13.56,6.15,3.89,20.79,73.88
scottish_highlands,2012-10-17,9.04,4.37,4.91,18.79,83.74
scottish_highlands,2012-10-18,12.5,8.19,1.11,18.12,65.0
scottish_highlands,2012-10-19,8.75,6.01,1.47,14.82,60.15
scottish_highlands,2012-10-20,5.88,2.89,4.22,7.47,55.53
scottish_highlands,2012-10-21,9.2,5.6,4.43,14.76,72.78
scottish_highlands,2012-10-22,10.67,6.56,7.01,24.56,52.34
scottish_highlands,2012-10-23,10.81,-0.38,4.62,14.37,66.95
scottish_highlands,2012-10-24,10.16,5.28,10.48,19.71,76.81
scottish_highlands,2012-10-25,5.75,5.35,1.84,24.09,87.07
scottish_highlands,2012-10-26,14.76,4.26,5.68,20.45,64.6
scottish_highlands,2012-10-27,13.04,3.48,4.52,14.0,79.16
scottish_highlands,2012-10-28,14.93,6.75,0.0,10.04,67.72
scottish_highlands,2012-10-29,13.6,4.61,3.57,12.87,73.46
scottish_highlands,2012-10-30,11.18,1.72,4.23,22.2,71.6
scottish_highlands,2012-10-31,8.94,0.67,0.0,18.92,53.56
scottish_highlands,2012-11-01,6.83,8.6,5.95,19.63,49.34
scottish_highlands,2012-11-02,13.85,5.63,6.46,22.73,72.68
scottish_highlands,2012-11-03,8.55,5.76,4.88,11.88,62.51
scottish_highlands,2012-11-04,12.18,3.51,0.04,9.36,69.94
scottish_highlands,2012-11-05,9.23,1.84,5.3,12.02,77.35
scottish_highlands,2012-11-06,8.87,4.71,5.87,20.57,84.89
scottish_highlands,2012-11-07,8.34,8.58,6.11,10.8,51.29
scottish_highlands,2012-11-08,11.32,2.54,5.27,14.18,75.24
scottish_highlands,2012-11-09,11.49,-0.51,3.24,15.16,59.28
scottish_highlands,2012-11-10,9.04,2.51,5.76,22.63,59.77
scottish_highlands,2012-11-11,9.88,2.34,1.56,19.72,79.72
scottish_highlands,2012-11-12,11.7,5.2,0.0,12.37,67.68
scottish_highlands,2012-11-13,3.14,4.49,3.48,20.11,59.62
scottish_highlands,2012-11-14,6.44,1.51,1.01,18.07,75.77
scottish_highlands,2012-11-15,9.75,0.85,1.54,10.89,57.78
scottish_highlands,2012-11-16,6.18,-1.19,0.0,22.23,86.71
scottish_highlands,2012-11-17,9.62,3.65,0.1,10.39,68.24
scottish_highlands,2012-11-18,7.11,0.38,3.24,13.84,66.02
scottish_highlands,2012-11-19,5.95,1.73,2.66,19.36,75.93
scottish_highlands,2012-11-20,8.33,0.48,5.54,12.57,74.24
scottish_highlands,2012-11-21,8.38,2.19,4.55,20.21,75.21
scottish_highlands,2012-11-22,9.88,2.95,0.0,20.53,61.45
scottish_highlands,2012-11-23,9.98,0.97,4.15,14.21,51.16
scottish_highlands,2012-11-24,7.18,-0.71,0.12,18.52,61.1
scottish_highlands,2012-11-25,8.89,3.03,0.0,25.78,76.25
scottish_highlands,2012-11-26,4.53,2.2,1.09,14.56,63.26
scottish_highlands,2012-11-27,5.84,-4.23,1.91,13.31,73.96
scottish_highlands,2012-11-28,12.77,-0.8,0.28,19.15,67.13
scottish_highlands,2012-11-29,15.43,-1.35,7.67,11.49,60.1
scottish_highlands,2012-11-30,5.82,2.11,5.04,11.03,75.25
scottish_highlands,2012-12-01,13.72,-0.27,2.88,13.84,68.88
scottish_highlands,2012-12-02,2.09,2.4,2.48,9.23,68.7
scottish_highlands,2012-12-03,4.26,6.17,6.95,8.65,53.84
scottish_highlands,2012-12-04,10.58,1.92,5.54,16.6,60.05
scottish_highlands,2012-12-05,7.12,-1.38,4.39,14.8,63.85
scottish_highlands,2012-12-06,9.56,0.58,6.83,16.24,63.07
scottish_highlands,2012-12-07,8.28,-1.99,0.0,17.3,53.13
scottish_highlands,2012-12-08,5.49,3.2,3.86,8.67,66.93
scottish_highlands,2012-12-09,5.64,-0.25,7.66,16.05,61.12
scottish_highlands,2012-12-10,8.43,-2.44,2.48,17.59,53.25
scottish_highlands,2012-12-11,4.92,1.24,3.73,23.36,72.67
scottish_highlands,2012-12-12,7.11,-0.48,1.48,20.07,63.53
scottish_highlands,2012-12-13,0.16,3.21,5.4,5.58,34.79
scottish_highlands,2012-12-14,4.02,1.36,0.0,13.96,34.8
scottish_highlands,2012-12-15,2.66,-0.38,4.03,17.58,54.47
scottish_highlands,2012-12-16,3.33,2.27,1.36,13.21,64.57
scottish_highlands,2012-12-17,5.22,2.57,3.72,17.08,64.24
scottish_highlands,2012-12-18,4.18,-0.84,4.14,20.94,44.99
scottish_highlands,2012-12-19,6.75,1.82,5.08,5.24,70.53
scottish_highlands,2012-12-20,10.0,2.33,4.27,15.08,59.8
scottish_highlands,2012-12-21,3.6,-3.02,0.0,5.66,54.7
scottish_highlands,2012-12-22,5.88,-1.03,1.66,12.27,63.81
scottish_highlands,2012-12-23,1.85,-2.77,6.15,18.88,60.94
scottish_highlands,2012-12-24,7.7,4.2,5.79,19.16,73.37
scottish_highlands,2012-12-25,3.92,1.73,5.9,15.82,61.72
scottish_highlands,2012-12-26,4.97,0.83,1.8,12.97,72.48
scottish_highlands,2012-12-27,1.06,-1.47,4.6,19.55,66.14
scottish_highlands,2012-12-28,5.6,-1.69,0.0,21.11,64.47
scottish_highlands,2012-12-29,1.46,-5.44,5.71,12.29,50.65
scottish_highlands,2012-12-30,-1.29,-0.52,5.24,9.36,68.1
scottish_highlands,2012-12-31,8.49,-2.45,4.13,13.95,45.6
scottish_highlands,2013-01-01,1.51,1.06,1.89,9.26,62.56
scottish_highlands,2013-01-02,2.46,1.3,3.87,16.31,89.24
scottish_highlands,2013-01-03,5.99,0.74,4.28,22.95,49.82
scottish_highlands,2013-01-04,3.85,-1.3,1.34,15.66,82.87
scottish_highlands,2013-01-05,0.88,-0.08,0.0,17.46,83.44
scottish_highlands,2013-01-06,6.63,2.32,2.6,16.56,64.95
scottish_highlands,2013-01-07,1.95,-0.15,3.31,11.54,66.84
scottish_highlands,2013-01-08,3.73,3.25,8.82,12.71,54.65
scottish_highlands,2013-01-09,4.31,-1.82,4.77,14.85,76.49
scottish_highlands,2013-01-10,5.34,-1.43,3.32,13.62,59.16
scottish_highlands,2013-01-11,5.9,-2.24,0.68,13.31,82.64
scottish_highlands,2013-01-12,7.99,-1.45,1.23,4.89,90.41
scottish_highlands,2013-01-13,8.47,-4.99,0.0,13.03,62.66
scottish_highlands,2013-01-14,4.14,1.61,4.33,17.33,48.98
scottish_highlands,2013-01-15,8.01,-1.12,0.34,18.5,59.96
scottish_highlands,2013-01-16,5.76,-5.64,1.08,13.61,67.36
scottish_highlands,2013-01-17,4.28,-4.03,1.79,11.44,46.74
scottish_highlands,2013-01-18,3.07,-1.93,0.0,15.9,47.79
scottish_highlands,2013-01-19,6.18,0.88,2.22,8.98,46.43
scottish_highlands,2013-01-20,4.74,0.4,0.13,13.75,64.77
scottish_highlands,2013-01-21,1.97,-1.32,2.59,6.48,42.15
scottish_highlands,2013-01-22,-3.33,0.5,1.76,19.24,67.75
scottish_highlands,2013-01-23,9.73,-1.18,0.0,2.94,65.6
scottish_highlands,2013-01-24,-0.8,-1.89,1.71,6.69,43.02
scottish_highlands,2013-01-25,10.36,3.87,0.0,12.95,52.09
scottish_highlands,2013-01-26,6.87,-1.67,0.0,11.04,58.75
scottish_highlands,2013-01-27,3.75,-1.41,3.1,15.92,57.6
scottish_highlands,2013-01-28,8.94,1.56,0.0,16.18,88.1
scottish_highlands,2013-01-29,9.79,1.79,0.0,10.53,80.01
scottish_highlands,2013-01-30,9.0,0.87,2.16,10.82,50.99
scottish_highlands,2013-01-31,2.94,-1.36,3.76,11.5,56.3
scottish_highlands,2013-02-01,5.79,-0.07,5.78,12.92,53.24
scottish_highlands,2013-02-02,2.67,-1.79,2.84,9.45,59.83
scottish_highlands,2013-02-03,7.07,-0.37,7.1,14.37,49.8
scottish_highlands,2013-02-04,4.79,-2.68,2.49,9.21,49.75
scottish_highlands,2013-02-05,4.42,-4.4,0.0,16.15,62.16
scottish_highlands,2013-02-06,1.34,-7.25,0.0,12.71,65.01
scottish_highlands,2013-02-07,7.75,-5.2,1.96,18.98,73.22
scottish_highlands,2013-02-08,10.55,-1.42,3.06,18.25,46.35
scottish_highlands,2013-02-09,6.72,0.17,5.42,13.3,45.06
scottish_highlands,2013-02-10,6.5,1.5,6.99,9.48,49.16
scottish_highlands,2013-02-11,7.48,-0.29,10.39,11.39,54.67
scottish_highlands,2013-02-12,12.58,-0.06,0.0,14.24,72.85
scottish_highlands,2013-02-13,13.08,2.3,0.25,10.03,64.15
scottish_highlands,2013-02-14,7.86,-1.07,6.84,13.75,73.34
scottish_highlands,2013-02-15,3.57,3.47,2.72,8.83,81.84
scottish_highlands,2013-02-16,3.38,0.34,0.0,10.19,46.73
scottish_highlands,2013-02-17,7.01,-2.51,3.58,1.74,61.27
scottish_highlands,2013-02-18,9.46,-5.09,0.17,16.61,73.8
scottish_highlands,2013-02-19,7.4,-1.67,3.71,19.26,49.31
scottish_highlands,2013-02-20,8.86,3.68,2.66,19.0,83.83
scottish_highlands,2013-02-21,8.24,-5.17,1.28,4.3,67.0
scottish_highlands,2013-02-22,0.86,-1.02,0.9,25.0,87.91
scottish_highlands,2013-02-23,2.21,-0.65,3.19,19.73,60.91
scottish_highlands,2013-02-24,2.33,-5.13,3.17,23.32,65.41
scottish_highlands,2013-02-25,3.97,-1.22,1.95,19.75,68.06
scottish_highlands,2013-02-26,9.81,-0.77,1.26,17.93,80.36
scottish_highlands,2013-02-27,4.87,-1.98,3.91,11.39,54.19
scottish_highlands,2013-02-28,5.54,1.46,0.0,5.24,63.75
scottish_highlands,2013-03-01,6.19,9.85,2.36,14.84,36.94
scottish_highlands,2013-03-02,7.25,2.38,2.17,15.06,67.33
scottish_highlands,2013-03-03,5.4,1.48,1.89,18.89,36.88
scottish_highlands,2013-03-04,5.7,-0.56,0.0,10.52,63.92
scottish_highlands,2013-03-05,9.73,0.25,6.36,26.44,74.79
scottish_highlands,2013-03-06,6.93,5.57,1.68,9.61,63.65
scottish_highlands,2013-03-07,6.4,4.04,0.61,16.54,61.81
scottish_highlands,2013-03-08,7.76,-0.04,8.07,14.27,68.58
scottish_highlands,2013-03-09,9.59,2.25,3.67,10.09,52.57
scottish_highlands,2013-03-10,11.36,0.26,4.65,24.76,47.54
scottish_highlands,2013-03-11,7.32,3.27,0.69,19.02,65.66
scottish_highlands,2013-03-12,9.33,0.57,6.08,12.12,69.83
scottish_highlands,2013-03-13,5.78,2.35,4.2,22.98,67.32
scottish_highlands,2013-03-14,4.95,6.12,3.47,12.28,60.93
scottish_highlands,2013-03-15,7.47,3.56,4.57,5.17,63.09
scottish_highlands,2013-03-16,8.7,4.52,5.17,11.52,70.38
scottish_highlands,2013-03-17,11.44,1.25,3.42,14.88,75.37
scottish_highlands,2013-03-18,12.3,1.23,8.31,15.01,77.18
scottish_highlands,2013-03-19,8.83,-4.02,6.58,18.12,80.42
scottish_highlands,2013-03-20,8.55,4.28,0.73,16.35,53.18
scottish_highlands,2013-03-21,9.38,0.03,5.17,22.86,59.84
scottish_highlands,2013-03-22,7.33,1.11,3.16,13.74,61.93
scottish_highlands,2013-03-23,7.63,2.48,3.2,9.8,59.4
scottish_highlands,2013-03-24,10.85,5.76,3.53,11.29,68.3
scottish_highlands,2013-03-25,11.18,3.32,0.0,8.63,39.62
scottish_highlands,2013-03-26,9.23,-0.31,3.36,14.73,49.99
scottish_highlands,2013-03-27,12.78,3.26,0.0,20.06,51.88
scottish_highlands,2013-03-28,9.79,0.86,7.11,21.34,78.04
scottish_highlands,2013-03-29,8.2,3.64,4.69,18.14,57.3
scottish_highlands,2013-03-30,10.03,1.27,7.7,16.75,60.91
scottish_highlands,2013-03-31,14.95,5.9,4.65,12.02,68.73
scottish_highlands,2013-04-01,9.21,11.06,7.5,25.51,58.51
scottish_highlands,2013-04-02,9.37,8.02,2.6,14.26,77.65
scottish_highlands,2013-04-03,8.92,5.82,3.44,23.23,41.55
scottish_highlands,2013-04-04,9.55,7.19,5.91,17.07,87.49
scottish_highlands,2013-04-05,9.79,10.43,5.89,22.92,71.38
scottish_highlands,2013-04-06,11.19,4.47,4.56,15.87,53.4
scottish_highlands,2013-04-07,11.93,5.93,2.53,14.61,69.91
scottish_highlands,2013-04-08,11.02,4.98,0.0,16.39,72.18
scottish_highlands,2013-04-09,15.09,1.33,2.54,25.31,73.55
scottish_highlands,2013-04-10,8.16,2.73,3.96,25.36,60.74
scottish_highlands,2013-04-11,13.29,4.1,2.34,14.29,66.6
scottish_highlands,2013-04-12,13.67,2.02,2.36,14.27,72.27
scottish_highlands,2013-04-13,16.59,0.62,0.0,12.68,53.03
scottish_highlands,2013-04-14,15.68,2.38,2.6,19.12,66.06
scottish_highlands,2013-04-15,14.8,5.14,4.6,22.97,72.05
scottish_highlands,2013-04-16,8.43,3.7,2.76,20.0,92.02
scottish_highlands,2013-04-17,14.15,6.87,5.65,21.83,72.58
scottish_highlands,2013-04-18,8.49,10.16,6.66,26.47,70.41
scottish_highlands,2013-04-19,8.13,7.29,0.51,24.4,79.3
scottish_highlands,2013-04-20,12.11,1.76,3.58,16.06,83.41
scottish_highlands,2013-04-21,7.96,2.07,6.9,13.9,64.41
scottish_highlands,2013-04-22,8.19,0.95,6.59,16.5,70.71
scottish_highlands,2013-04-23,12.05,5.09,6.7,21.81,100.0
scottish_highlands,2013-04-24,11.88,6.26,7.34,14.03,60.37
scottish_highlands,2013-04-25,11.59,3.21,3.6,17.04,69.37
scottish_highlands,2013-04-26,8.29,8.6,1.37,10.61,76.55
scottish_highlands,2013-04-27,12.08,4.53,6.38,21.76,60.94
scottish_highlands,2013-04-28,16.46,10.23,4.45,20.7,63.03
scottish_highlands,2013-04-29,12.47,9.3,1.31,22.91,81.22
scottish_highlands,2013-04-30,16.54,4.42,2.12,13.94,55.67
scottish_highlands,2013-05-01,19.63,3.6,0.0,20.53,91.82
scottish_highlands,2013-05-02,16.52,5.87,4.03,18.53,69.03
scottish_highlands,2013-05-03,15.77,6.22,3.05,24.57,47.59
scottish_highlands,2013-05-04,14.89,10.25,5.71,15.99,80.08
scottish_highlands,2013-05-05,12.93,4.05,0.85,26.93,75.29
scottish_highlands,2013-05-06,15.47,7.63,6.01,15.79,93.2
scottish_highlands,2013-05-07,13.38,9.49,5.55,25.82,58.58
scottish_highlands,2013-05-08,19.04,6.0,5.02,22.04,91.9
scottish_highlands,2013-05-09,15.42,11.57,5.92,8.79,63.51
scottish_highlands,2013-05-10,15.2,3.63,3.04,21.98,68.19
scottish_highlands,2013-05-11,15.25,7.22,10.04,20.15,60.43
scottish_highlands,2013-05-12,14.61,3.88,6.65,21.24,64.2
scottish_highlands,2013-05-13,10.28,7.34,0.0,17.67,76.72
scottish_highlands,2013-05-14,18.77,10.61,8.33,19.56,47.12
scottish_highlands,2013-05-15,8.69,4.12,8.69,21.39,79.41
scottish_highlands,2013-05-16,14.67,7.6,5.56,21.16,76.43
scottish_highlands,2013-05-17,14.73,12.22,2.22,28.55,86.61
scottish_highlands,2013-05-18,15.49,10.0,5.94,15.44,63.54
scottish_highlands,2013-05-19,8.93,7.63,9.99,20.27,59.63
scottish_highlands,2013-05-20,18.43,5.44,7.35,13.94,59.45
scottish_highlands,2013-05-21,17.01,5.77,0.99,18.55,74.17
scottish_highlands,2013-05-22,16.91,9.12,7.76,19.02,94.63
scottish_highlands,2013-05-23,14.18,9.92,5.02,18.14,82.39
scottish_highlands,2013-05-24,18.51,6.71,0.0,19.09,78.37
scottish_highlands,2013-05-25,11.08,9.2,7.02,21.1,74.0
scottish_highlands,2013-05-26,19.76,7.41,8.36,16.7,69.67
scottish_highlands,2013-05-27,21.46,7.52,0.17,19.55,87.04
scottish_highlands,2013-05-28,20.75,8.67,2.16,17.1,100.0
scottish_highlands,2013-05-29,15.82,10.17,3.3,22.33,70.2
scottish_highlands,2013-05-30,20.05,10.25,6.12,16.91,75.96
scottish_highlands,2013-05-31,18.89,13.72,0.54,21.47,64.96
scottish_highlands,2013-06-01,7.57,4.35,7.04,19.41,90.6
scottish_highlands,2013-06-02,15.51,4.55,6.46,24.44,92.45
scottish_highlands,2013-06-03,20.54,3.18,4.97,16.28,73.87
scottish_highlands,2013-06-04,14.6,6.75,5.35,21.42,74.34
scottish_highlands,2013-06-05,15.55,10.65,2.07,18.18,75.64
scottish_highlands,2013-06-06,17.08,7.69,8.74,22.95,90.87
scottish_highlands,2013-06-07,20.34,6.7,8.15,21.54,69.77
scottish_highlands,2013-06-08,21.71,9.08,4.44,27.1,76.84
scottish_highlands,2013-06-09,15.16,12.1,1.26,20.18,77.09
scottish_highlands,2013-06-10,17.45,11.87,7.39,24.62,36.39
scottish_highlands,2013-06-11,18.29,11.52,2.99,16.12,66.69
scottish_highlands,2013-06-12,15.4,10.77,2.59,19.42,79.76
scottish_highlands,2013-06-13,19.2,5.67,5.22,19.7,93.6
scottish_highlands,2013-06-14,21.64,13.58,5.14,26.71,84.02
scottish_highlands,2013-06-15,18.37,11.54,4.07,29.05,80.71
scottish_highlands,2013-06-16,13.86,9.36,4.13,24.27,60.23
scottish_highlands,2013-06-17,15.69,11.16,4.28,24.63,73.35
scottish_highlands,2013-06-18,19.28,8.48,2.03,22.58,96.88
scottish_highlands,2013-06-19,18.38,16.0,8.73,18.08,77.27
scottish_highlands,2013-06-20,16.96,10.96,5.68,13.18,64.67
scottish_highlands,2013-06-21,15.6,8.95,4.69,20.48,100.0
scottish_highlands,2013-06-22,18.88,11.25,9.84,25.71,78.45
scottish_highlands,2013-06-23,14.98,9.29,10.14,18.06,83.58
scottish_highlands,2013-06-24,20.74,12.31,6.87,5.8,78.96
scottish_highlands,2013-06-25,18.3,8.96,3.92,19.17,94.18
scottish_highlands,2013-06-26,18.71,11.75,8.37,22.95,63.11
scottish_highlands,2013-06-27,23.21,14.86,9.59,31.42,74.49
scottish_highlands,2013-06-28,19.35,12.0,5.15,25.63,82.7
scottish_highlands,2013-06-29,24.11,13.91,8.36,32.51,82.14
scottish_highlands,2013-06-30,17.07,6.1,1.6,35.01,85.11
scottish_highlands,2013-07-01,16.16,11.39,5.98,22.48,77.12
scottish_highlands,2013-07-02,16.16,12.86,7.57,22.88,76.74
scottish_highlands,2013-07-03,21.45,7.18,1.77,28.3,75.61
scottish_highlands,2013-07-04,20.97,13.78,3.33,28.51,67.76
scottish_highlands,2013-07-05,21.31,11.61,3.7,21.37,74.48
scottish_highlands,2013-07-06,17.16,11.96,5.9,26.18,70.11
scottish_highlands,2013-07-07,12.64,8.96,0.28,13.54,75.12
scottish_highlands,2013-07-08,21.65,8.63,11.25,17.47,87.4
scottish_highlands,2013-07-09,16.67,12.35,4.42,29.39,75.41
scottish_highlands,2013-07-10,17.4,13.11,6.76,19.23,80.34
scottish_highlands,2013-07-11,14.06,10.59,4.5,21.79,76.94
scottish_highlands,2013-07-12,19.07,8.93,11.12,14.44,65.94
scottish_highlands,2013-07-13,11.14,6.31,2.64,24.92,67.31
scottish_highlands,2013-07-14,16.78,11.9,9.88,18.38,88.9
scottish_highlands,2013-07-15,20.66,8.7,7.17,24.06,68.49
scottish_highlands,2013-07-16,17.96,9.68,8.25,27.23,78.82
scottish_highlands,2013-07-17,15.39,10.92,11.47,18.34,85.28
scottish_highlands,2013-07-18,17.39,13.25,10.37,27.44,87.2
scottish_highlands,2013-07-19,20.95,13.14,10.25,28.72,76.79
scottish_highlands,2013-07-20,18.03,10.15,8.43,29.9,98.52
scottish_highlands,2013-07-21,20.47,11.93,2.56,13.98,76.03
scottish_highlands,2013-07-22,15.57,8.42,3.74,24.09,73.95
scottish_highlands,2013-07-23,19.92,11.7,3.53,20.1,91.13
scottish_highlands,2013-07-24,21.6,9.88,3.0,21.29,82.12
scottish_highlands,2013-07-25,19.35,11.74,5.6,24.64,84.38
scottish_highlands,2013-07-26,20.65,14.36,7.32,20.41,72.49
scottish_highlands,2013-07-27,17.86,8.28,11.63,22.35,70.37
scottish_highlands,2013-07-28,19.65,6.88,5.57,23.12,74.73
scottish_highlands,2013-07-29,24.06,9.68,5.58,21.75,69.89
scottish_highlands,2013-07-30,19.21,13.72,4.57,20.74,58.46
scottish_highlands,2013-07-31,17.18,6.98,8.55,20.32,75.3
scottish_highlands,2013-08-01,23.4,8.71,11.13,19.29,68.17
scottish_highlands,2013-08-02,22.94,12.96,5.1,23.49,100.0
scottish_highlands,2013-08-03,18.98,14.35,10.01,18.98,86.01
scottish_highlands,2013-08-04,17.36,7.99,0.0,28.44,82.6
scottish_highlands,2013-08-05,18.39,8.77,9.29,21.02,53.05
scottish_highlands,2013-08-06,22.85,9.3,3.76,24.01,83.62
scottish_highlands,2013-08-07,16.58,12.28,2.35,21.96,66.84
scottish_highlands,2013-08-08,25.34,14.78,1.93,16.04,100.0
scottish_highlands,2013-08-09,16.09,9.09,5.98,23.94,72.54
scottish_highlands,2013-08-10,16.55,11.31,6.55,22.17,92.32
scottish_highlands,2013-08-11,15.56,12.75,9.91,19.38,65.45
scottish_highlands,2013-08-12,17.43,11.66,2.87,24.24,95.71
scottish_highlands,2013-08-13,23.86,8.41,4.51,11.61,65.75
scottish_highlands,2013-08-14,16.4,11.15,6.26,23.82,71.93
scottish_highlands,2013-08-15,18.8,7.88,2.79,19.63,78.42
scottish_highlands,2013-08-16,22.6,14.34,0.34,10.57,93.83
scottish_highlands,2013-08-17,22.61,11.43,7.44,24.83,80.1
scottish_highlands,2013-08-18,15.82,9.9,13.31,25.39,73.22
scottish_highlands,2013-08-19,16.72,11.94,9.12,21.94,100.0
scottish_highlands,2013-08-20,23.19,9.7,5.77,18.13,59.6
scottish_highlands,2013-08-21,15.25,10.18,4.45,13.49,100.0
scottish_highlands,2013-08-22,24.08,7.37,7.13,22.19,66.14
scottish_highlands,2013-08-23,13.42,8.18,7.97,20.03,82.94
scottish_highlands,2013-08-24,16.32,11.91,1.67,25.14,81.93
scottish_highlands,2013-08-25,13.47,3.81,3.91,25.21,82.1
scottish_highlands,2013-08-26,26.35,13.98,3.51,21.7,71.57
scottish_highlands,2013-08-27,17.2,11.26,1.59,20.29,96.65
scottish_highlands,2013-08-28,15.95,8.8,3.38,21.49,72.94
scottish_highlands,2013-08-29,25.34,4.75,7.91,11.4,65.19
scottish_highlands,2013-08-30,19.82,9.76,5.6,10.92,60.82
scottish_highlands,2013-08-31,18.09,10.76,5.8,10.29,76.58
scottish_highlands,2013-09-01,20.83,11.62,10.05,26.02,73.16
scottish_highlands,2013-09-02,19.65,6.81,3.51,20.5,82.98
scottish_highlands,2013-09-03,21.46,6.45,8.63,24.46,68.12
scottish_highlands,2013-09-04,15.67,8.94,4.51,26.74,100.0
scottish_highlands,2013-09-05,15.87,7.69,6.95,14.74,68.0
scottish_highlands,2013-09-06,20.01,8.23,3.61,17.17,67.5
scottish_highlands,2013-09-07,14.5,7.33,6.91,24.98,84.54
scottish_highlands,2013-09-08,17.0,10.34,7.93,21.65,76.64
scottish_highlands,2013-09-09,19.33,8.39,6.8,18.52,75.29
scottish_highlands,2013-09-10,19.66,11.29,0.0,19.93,86.65
scottish_highlands,2013-09-11,21.62,8.47,6.49,21.44,62.71
scottish_highlands,2013-09-12,20.09,8.85,6.64,21.99,99.67
scottish_highlands,2013-09-13,16.55,9.92,5.32,16.22,60.43
scottish_highlands,2013-09-14,15.46,12.9,0.28,23.26,68.57
scottish_highlands,2013-09-15,13.26,8.09,4.46,16.42,76.19
scottish_highlands,2013-09-16,17.38,9.28,3.68,23.12,82.9
scottish_highlands,2013-09-17,15.52,12.19,10.95,21.91,59.99
scottish_highlands,2013-09-18,20.63,7.47,12.89,25.57,48.74
scottish_highlands,2013-09-19,16.19,7.68,3.52,15.77,87.14
scottish_highlands,2013-09-20,16.04,3.43,7.73,20.83,63.37
scottish_highlands,2013-09-21,12.41,5.94,5.41,22.26,71.94
scottish_highlands,2013-09-22,10.6,10.32,4.88,15.97,60.42
scottish_highlands,2013-09-23,12.57,8.07,1.22,21.97,72.08
scottish_highlands,2013-09-24,12.12,10.01,2.01,20.15,64.35
scottish_highlands,2013-09-25,14.12,3.57,6.0,21.92,63.3
scottish_highlands,2013-09-26,17.74,6.02,2.59,16.78,82.6
scottish_highlands,2013-09-27,18.8,9.46,4.82,21.35,71.4
scottish_highlands,2013-09-28,16.0,6.84,6.05,13.63,72.85
scottish_highlands,2013-09-29,15.4,6.69,0.58,24.65,66.22
scottish_highlands,2013-09-30,9.12,6.72,4.74,19.84,78.4
scottish_highlands,2013-10-01,12.33,8.14,4.97,25.48,81.12
scottish_highlands,2013-10-02,16.05,2.63,7.48,18.11,59.45
scottish_highlands,2013-10-03,16.31,5.65,4.81,17.54,64.34
scottish_highlands,2013-10-04,9.66,3.12,3.33,16.82,90.23
scottish_highlands,2013-10-05,11.7,1.08,5.11,14.32,72.67
scottish_highlands,2013-10-06,13.83,6.43,10.78,19.95,75.1
scottish_highlands,2013-10-07,8.56,8.15,3.64,12.32,92.02
scottish_highlands,2013-10-08,10.99,8.99,8.51,17.29,78.89
scottish_highlands,2013-10-09,20.17,9.64,1.32,16.56,66.92
scottish_highlands,2013-10-10,18.96,6.29,0.0,10.46,68.97
scottish_highlands,2013-10-11,11.6,4.11,6.25,13.56,57.89
scottish_highlands,2013-10-12,15.39,6.37,0.84,11.03,64.01
scottish_highlands,2013-10-13,13.51,6.66,5.97,19.14,68.37
scottish_highlands,2013-10-14,13.3,4.17,4.27,25.81,59.02
scottish_highlands,2013-10-15,11.57,7.46,6.28,17.09,72.22
scottish_highlands,2013-10-16,10.58,7.96,7.65,19.23,84.47
scottish_highlands,2013-10-17,9.93,7.14,4.68,14.36,46.03
scottish_highlands,2013-10-18,12.85,4.62,0.99,12.34,88.66
scottish_highlands,2013-10-19,13.42,3.01,7.46,18.09,83.66
scottish_highlands,2013-10-20,14.36,5.72,0.0,15.28,54.83
scottish_highlands,2013-10-21,18.39,5.75,1.42,6.24,61.48
scottish_highlands,2013-10-22,18.53,1.01,4.91,22.36,66.48
scottish_highlands,2013-10-23,13.29,1.26,4.68,28.21,55.98
scottish_highlands,2013-10-24,4.91,2.51,0.47,17.61,78.51
scottish_highlands,2013-10-25,4.42,4.55,4.89,18.09,69.15
scottish_highlands,2013-10-26,11.75,3.43,0.72,5.78,75.17
scottish_highlands,2013-10-27,13.38,6.85,5.11,16.36,56.71
scottish_highlands,2013-10-28,12.76,3.88,2.73,16.6,79.05
scottish_highlands,2013-10-29,5.09,5.27,0.0,17.07,45.1
scottish_highlands,2013-10-30,9.42,3.16,3.65,16.26,54.34
scottish_highlands,2013-10-31,9.67,7.46,9.67,12.09,57.82
scottish_highlands,2013-11-01,12.22,6.61,8.5,17.63,79.47
scottish_highlands,2013-11-02,10.61,-1.7,12.22,18.74,83.52
scottish_highlands,2013-11-03,12.9,2.92,5.07,32.39,60.41
scottish_highlands,2013-11-04,13.53,6.24,2.88,15.74,67.39
scottish_highlands,2013-11-05,6.93,3.26,4.95,17.82,58.4
scottish_highlands,2013-11-06,5.32,1.86,7.88,19.52,35.1
scottish_highlands,2013-11-07,6.92,-1.36,2.95,19.04,76.49
scottish_highlands,2013-11-08,7.23,-1.68,2.08,16.31,70.27
scottish_highlands,2013-11-09,10.65,5.0,1.93,24.03,72.75
scottish_highlands,2013-11-10,11.42,4.51,2.99,13.16,90.68
scottish_highlands,2013-11-11,13.38,1.55,4.43,14.9,49.95
scottish_highlands,2013-11-12,8.12,-0.66,8.25,19.61,57.49
scottish_highlands,2013-11-13,5.76,2.65,5.03,16.22,51.64
scottish_highlands,2013-11-14,10.38,2.34,2.71,13.65,75.52
scottish_highlands,2013-11-15,4.7,0.55,0.0,22.67,64.1
scottish_highlands,2013-11-16,8.87,6.22,7.31,22.59,52.26
scottish_highlands,2013-11-17,11.72,-0.83,4.83,23.22,53.2
scottish_highlands,2013-11-18,6.89,5.93,7.58,11.98,78.16
scottish_highlands,2013-11-19,4.08,9.14,9.56,28.8,58.26
scottish_highlands,2013-11-20,13.59,7.18,1.27,24.53,64.64
scottish_highlands,2013-11-21,10.23,3.8,4.38,8.25,65.79
scottish_highlands,2013-11-22,6.57,0.3,3.82,15.43,79.17
scottish_highlands,2013-11-23,12.95,2.05,0.0,11.24,55.19
scottish_highlands,2013-11-24,3.08,-1.13,0.0,10.47,65.15
scottish_highlands,2013-11-25,13.77,-2.48,2.41,13.4,35.84
scottish_highlands,2013-11-26,7.21,-0.21,2.23,18.06,46.57
scottish_highlands,2013-11-27,5.7,-0.7,0.28,19.56,77.33
scottish_highlands,2013-11-28,2.7,0.68,8.5,15.78,85.89
scottish_highlands,2013-11-29,6.59,-1.65,1.17,9.81,79.49
scottish_highlands,2013-11-30,9.99,2.15,6.97,6.13,56.75
scottish_highlands,2013-12-01,8.35,-0.57,2.91,18.57,60.22
scottish_highlands,2013-12-02,10.81,-0.54,3.41,15.96,59.95
scottish_highlands,2013-12-03,7.13,-0.07,6.1,17.86,55.74
scottish_highlands,2013-12-04,9.0,-2.79,1.87,20.65,66.34
scottish_highlands,2013-12-05,8.96,-2.15,0.0,13.61,70.81
scottish_highlands,2013-12-06,2.19,-1.39,0.0,20.16,65.81
scottish_highlands,2013-12-07,8.51,-3.97,2.41,14.93,51.45
scottish_highlands,2013-12-08,9.22,0.95,0.0,11.24,72.87
scottish_highlands,2013-12-09,7.36,0.31,5.44,14.86,44.32
scottish_highlands,2013-12-10,6.55,0.51,0.76,16.93,68.03
scottish_highlands,2013-12-11,2.7,-2.82,0.0,15.99,59.09
scottish_highlands,2013-12-12,6.49,4.69,5.03,10.79,56.93
scottish_highlands,2013-12-13,0.91,0.95,0.0,16.86,84.13
scottish_highlands,2013-12-14,1.56,1.14,2.18,18.06,68.59
scottish_highlands,2013-12-15,5.68,-1.5,6.37,10.08,86.59
scottish_highlands,2013-12-16,3.5,1.13,0.0,8.33,83.06
scottish_highlands,2013-12-17,6.12,-0.9,3.92,10.06,59.15
scottish_highlands,2013-12-18,8.06,3.48,3.05,15.07,69.91
scottish_highlands,2013-12-19,5.51,-5.02,1.54,12.78,46.17
scottish_highlands,2013-12-20,3.45,0.21,7.79,15.65,68.05
scottish_highlands,2013-12-21,7.45,-0.64,0.52,14.45,72.47
scottish_highlands,2013-12-22,6.54,1.03,0.0,18.83,69.45
scottish_highlands,2013-12-23,2.96,3.43,1.53,10.41,70.74
scottish_highlands,2013-12-24,1.54,2.52,4.99,11.1,55.36
scottish_highlands,2013-12-25,3.51,-0.24,0.0,16.77,62.82
scottish_highlands,2013-12-26,7.15,0.07,4.63,0.85,93.3
scottish_highlands,2013-12-27,7.18,-6.14,4.94,14.7,84.6
scottish_highlands,2013-12-28,6.72,-0.54,0.84,14.25,74.74
scottish_highlands,2013-12-29,5.53,3.64,4.07,18.19,70.07
scottish_highlands,2013-12-30,5.44,-0.83,5.76,18.25,75.77
scottish_highlands,2013-12-31,1.55,-2.44,4.55,8.81,52.35
scottish_highlands,2014-01-01,6.33,-3.39,6.86,15.5,66.49
scottish_highlands,2014-01-02,7.29,-1.52,1.81,10.42,55.45
scottish_highlands,2014-01-03,-1.13,-1.26,1.77,21.27,53.5
scottish_highlands,2014-01-04,4.22,-4.25,0.0,9.04,64.36
scottish_highlands,2014-01-05,5.83,-0.44,0.0,16.39,71.51
scottish_highlands,2014-01-06,4.86,0.09,1.21,11.5,69.43
scottish_highlands,2014-01-07,2.01,-1.99,0.0,16.02,44.86
scottish_highlands,2014-01-08,-0.51,2.26,4.49,20.84,41.93
scottish_highlands,2014-01-09,8.51,-0.61,0.0,20.88,58.75
scottish_highlands,2014-01-10,4.65,-2.04,0.0,16.14,50.36
scottish_highlands,2014-01-11,4.08,2.49,4.1,9.47,73.99
scottish_highlands,2014-01-12,3.31,-2.2,0.0,16.82,57.85
scottish_highlands,2014-01-13,8.25,-1.23,3.87,6.27,46.26
scottish_highlands,2014-01-14,12.86,-3.08,3.21,14.54,51.89
scottish_highlands,2014-01-15,8.47,-6.01,4.84,17.65,61.92
scottish_highlands,2014-01-16,0.3,-7.04,1.9,12.61,62.04
scottish_highlands,2014-01-17,5.26,-0.13,10.31,13.96,67.27
scottish_highlands,2014-01-18,4.62,-0.28,0.0,6.71,71.23
scottish_highlands,2014-01-19,1.14,-2.5,3.7,27.73,72.62
scottish_highlands,2014-01-20,5.46,0.94,5.95,4.6,72.81
scottish_highlands,2014-01-21,10.31,1.42,4.19,11.28,44.7
scottish_highlands,2014-01-22,6.95,-2.43,6.47,15.39,75.9
scottish_highlands,2014-01-23,6.33,-4.44,0.0,5.8,65.38
scottish_highlands,2014-01-24,3.89,-1.47,4.91,21.13,78.46
scottish_highlands,2014-01-25,2.83,-1.56,2.02,23.3,68.66
scottish_highlands,2014-01-26,4.65,-1.51,0.0,12.0,56.26
scottish_highlands,2014-01-27,7.55,2.36,9.67,5.63,66.57
scottish_highlands,2014-01-28,4.7,-0.48,3.22,14.48,34.87
scottish_highlands,2014-01-29,5.0,0.49,2.76,13.56,54.71
scottish_highlands,2014-01-30,5.16,-1.45,1.14,18.29,60.4
scottish_highlands,2014-01-31,7.58,-5.04,3.92,16.97,55.49
scottish_highlands,2014-02-01,2.42,3.11,2.86,14.0,57.6
scottish_highlands,2014-02-02,4.56,1.7,5.29,10.29,62.11
scottish_highlands,2014-02-03,4.73,-4.31,4.98,19.87,55.0
scottish_highlands,2014-02-04,3.77,-0.79,5.09,9.5,35.6
scottish_highlands,2014-02-05,4.25,0.17,3.02,16.31,61.8
scottish_highlands,2014-02-06,3.87,-2.54,0.0,17.74,65.27
scottish_highlands,2014-02-07,7.17,2.3,4.36,13.81,44.7
scottish_highlands,2014-02-08,2.94,-1.54,6.44,12.73,46.44
scottish_highlands,2014-02-09,4.55,-0.82,3.44,12.11,32.17
scottish_highlands,2014-02-10,-0.13,-0.77,10.3,15.88,42.26
scottish_highlands,2014-02-11,2.76,1.15,0.53,10.64,46.37
scottish_highlands,2014-02-12,10.01,-0.6,0.0,15.21,63.52
scottish_highlands,2014-02-13,4.25,-0.37,0.0,8.33,55.57
scottish_highlands,2014-02-14,15.97,-0.45,4.81,10.0,67.78
scottish_highlands,2014-02-15,3.55,-0.58,3.92,8.03,84.68
scottish_highlands,2014-02-16,10.24,0.23,2.26,13.19,50.94
scottish_highlands,2014-02-17,6.61,-2.85,3.66,14.48,68.33
scottish_highlands,2014-02-18,5.05,0.78,0.0,8.31,67.39
scottish_highlands,2014-02-19,6.9,0.16,4.51,14.67,56.7
scottish_highlands,2014-02-20,10.07,5.15,4.1,13.25,75.38
scottish_highlands,2014-02-21,8.4,-4.51,1.43,11.08,82.18
scottish_highlands,2014-02-22,7.76,-3.27,1.86,12.52,74.54
scottish_highlands,2014-02-23,2.06,-2.86,0.0,19.34,28.21
scottish_highlands,2014-02-24,1.65,2.12,7.37,8.03,55.33
scottish_highlands,2014-02-25,9.03,2.64,4.1,9.95,66.81
scottish_highlands,2014-02-26,0.54,0.17,0.03,15.35,62.97
scottish_highlands,2014-02-27,6.86,-1.51,5.18,15.37,51.6
scottish_highlands,2014-02-28,5.23,-1.13,5.22,13.39,55.83
scottish_highlands,2014-03-01,7.28,-0.95,2.38,8.82,79.46
scottish_highlands,2014-03-02,8.74,1.97,2.8,13.74,70.67
scottish_highlands,2014-03-03,4.96,-0.38,2.54,13.83,65.66
scottish_highlands,2014-03-04,4.71,0.26,4.48,14.15,60.39
scottish_highlands,2014-03-05,7.6,-5.48,7.41,18.88,44.26
scottish_highlands,2014-03-06,8.24,-0.07,0.53,13.55,59.2
scottish_highlands,2014-03-07,9.37,-0.67,4.61,5.28,71.22
scottish_highlands,2014-03-08,7.33,-2.22,0.49,18.18,80.83
scottish_highlands,2014-03-09,5.61,3.35,1.34,11.95,62.13
scottish_highlands,2014-03-10,8.77,-1.24,4.21,3.09,99.61
scottish_highlands,2014-03-11,7.64,2.32,6.14,15.24,64.48
scottish_highlands,2014-03-12,6.72,-1.34,6.38,9.0,51.15
scottish_highlands,2014-03-13,3.11,2.28,1.69,18.71,92.7
scottish_highlands,2014-03-14,9.84,-1.39,9.94,13.84,70.3
scottish_highlands,2014-03-15,5.26,1.27,1.91,19.62,65.22
scottish_highlands,2014-03-16,11.82,1.77,0.0,17.34,68.47
scottish_highlands,2014-03-17,11.4,4.86,5.69,21.08,73.55
scottish_highlands,2014-03-18,11.46,-2.56,0.89,19.01,51.42
scottish_highlands,2014-03-19,11.57,6.02,2.18,7.3,48.3
scottish_highlands,2014-03-20,5.0,1.87,8.81,16.45,84.38
scottish_highlands,2014-03-21,9.39,3.88,4.51,5.03,65.8
scottish_highlands,2014-03-22,6.88,1.85,3.56,18.22,67.9
scottish_highlands,2014-03-23,9.07,1.84,11.31,20.7,81.21
scottish_highlands,2014-03-24,9.62,0.07,0.0,13.73,74.87
scottish_highlands,2014-03-25,11.71,2.65,1.66,16.51,56.34
scottish_highlands,2014-03-26,8.96,3.39,2.94,24.85,72.28
scottish_highlands,2014-03-27,14.19,1.84,0.56,18.51,56.86
scottish_highlands,2014-03-28,3.96,3.63,3.7,22.38,56.71
scottish_highlands,2014-03-29,3.81,0.55,0.73,15.78,59.94
scottish_highlands,2014-03-30,8.4,0.51,4.31,17.72,65.3
scottish_highlands,2014-03-31,7.27,6.63,4.67,16.97,59.17
scottish_highlands,2014-04-01,14.33,5.14,9.21,6.72,75.3
scottish_highlands,2014-04-02,9.47,8.14,1.97,7.25,51.29
scottish_highlands,2014-04-03,12.03,8.13,4.88,20.32,68.99
scottish_highlands,2014-04-04,9.17,4.49,10.16,27.72,75.77
scottish_highlands,2014-04-05,9.12,2.35,2.65,19.39,80.47
scottish_highlands,2014-04-06,9.22,5.08,7.75,27.4,44.3
scottish_highlands,2014-04-07,8.3,6.22,0.0,14.17,74.33
scottish_highlands,2014-04-08,11.21,1.78,4.43,21.84,79.39
scottish_highlands,2014-04-09,9.4,7.03,7.56,25.43,70.2
scottish_highlands,2014-04-10,6.68,6.74,4.92,17.99,62.11
scottish_highlands,2014-04-11,7.24,0.96,5.41,19.85,80.39
scottish_highlands,2014-04-12,9.0,3.51,5.0,17.77,75.73
scottish_highlands,2014-04-13,14.54,3.78,2.11,9.71,91.88
scottish_highlands,2014-04-14,11.0,3.73,5.56,17.46,78.84
scottish_highlands,2014-04-15,14.15,7.78,2.42,14.01,74.31
scottish_highlands,2014-04-16,10.97,1.3,7.84,18.58,67.49
scottish_highlands,2014-04-17,11.19,4.29,1.39,17.33,84.05
scottish_highlands,2014-04-18,14.51,4.96,4.13,14.54,72.02
scottish_highlands,2014-04-19,7.64,6.31,5.52,15.98,76.87
scottish_highlands,2014-04-20,10.09,2.87,2.76,26.27,71.46
scottish_highlands,2014-04-21,4.81,7.37,2.54,18.2,65.47
scottish_highlands,2014-04-22,9.82,12.47,1.39,16.48,87.96
scottish_highlands,2014-04-23,13.89,5.86,2.18,10.47,88.64
scottish_highlands,2014-04-24,13.52,8.49,1.63,9.26,61.91
scottish_highlands,2014-04-25,17.43,5.49,3.17,19.63,90.29
scottish_highlands,2014-04-26,12.1,4.56,7.21,21.72,79.24
scottish_highlands,2014-04-27,17.1,9.77,5.18,15.94,63.32
scottish_highlands,2014-04-28,14.01,6.44,1.05,18.95,45.68
scottish_highlands,2014-04-29,11.08,4.6,6.59,23.1,60.5
scottish_highlands,2014-04-30,10.18,1.62,1.53,19.23,76.2
scottish_highlands,2014-05-01,18.36,8.06,7.53,12.73,76.55
scottish_highlands,2014-05-02,13.78,4.35,3.87,19.32,64.53
scottish_highlands,2014-05-03,11.75,1.69,4.47,18.06,65.77
scottish_highlands,2014-05-04,11.83,4.82,7.41,30.52,56.93
scottish_highlands,2014-05-05,18.5,5.59,7.8,21.29,79.11
scottish_highlands,2014-05-06,14.6,7.93,0.0,15.64,76.95
scottish_highlands,2014-05-07,11.28,4.32,3.16,22.22,81.41
scottish_highlands,2014-05-08,11.92,5.0,4.32,14.94,100.0
scottish_highlands,2014-05-09,11.83,4.55,8.78,21.45,60.11
scottish_highlands,2014-05-10,14.62,9.15,5.24,20.67,84.37
scottish_highlands,2014-05-11,19.4,8.41,3.62,19.09,71.27
scottish_highlands,2014-05-12,10.28,5.24,5.01,24.14,57.41
scottish_highlands,2014-05-13,14.39,10.58,1.26,21.67,67.03
scottish_highlands,2014-05-14,18.71,8.39,0.13,21.21,55.1
scottish_highlands,2014-05-15,14.56,6.97,8.01,17.46,65.0
scottish_highlands,2014-05-16,16.49,10.63,7.15,28.29,74.32
scottish_highlands,2014-05-17,15.93,7.92,5.01,25.27,77.77
scottish_highlands,2014-05-18,9.59,6.1,1.57,20.21,54.12
scottish_highlands,2014-05-19,14.89,5.91,4.76,13.25,93.21
scottish_highlands,2014-05-20,12.77,10.54,1.34,26.0,70.9
scottish_highlands,2014-05-21,18.8,9.32,3.36,13.53,61.96
scottish_highlands,2014-05-22,19.82,5.71,0.0,20.52,90.32
scottish_highlands,2014-05-23,17.22,9.24,5.94,16.76,84.09
scottish_highlands,2014-05-24,18.28,9.01,9.22,14.54,66.0
scottish_highlands,2014-05-25,14.5,7.43,3.42,12.17,67.38
scottish_highlands,2014-05-26,20.34,5.07,5.53,18.95,71.15
scottish_highlands,2014-05-27,18.13,9.49,8.65,26.48,84.43
scottish_highlands,2014-05-28,14.02,11.03,2.5,24.93,77.87
scottish_highlands,2014-05-29,11.02,8.23,1.8,18.0,100.0
scottish_highlands,2014-05-30,20.4,9.58,10.01,27.5,76.41
scottish_highlands,2014-05-31,13.24,7.62,0.59,22.77,96.73
scottish_highlands,2014-06-01,18.48,5.92,2.68,19.84,65.58
scottish_highlands,2014-06-02,19.48,12.14,8.62,18.8,66.33
scottish_highlands,2014-06-03,14.27,10.39,9.31,12.29,77.85
scottish_highlands,2014-06-04,23.05,13.57,9.05,23.71,100.0
scottish_highlands,2014-06-05,15.11,7.05,6.18,22.93,68.03
scottish_highlands,2014-06-06,15.09,10.89,5.15,22.94,84.31
scottish_highlands,2014-06-07,17.22,8.53,0.0,18.38,76.61
scottish_highlands,2014-06-08,16.87,12.99,3.61,21.12,85.32
scottish_highlands,2014-06-09,15.51,4.62,1.65,24.95,67.05
scottish_highlands,2014-06-10,16.96,7.4,4.29,21.84,69.76
scottish_highlands,2014-06-11,19.89,8.3,8.99,15.86,68.91
scottish_highlands,2014-06-12,16.11,6.45,8.49,22.34,98.82
scottish_highlands,2014-06-13,16.41,3.44,2.68,26.44,68.44
scottish_highlands,2014-06-14,12.13,7.34,8.58,17.24,56.46
scottish_highlands,2014-06-15,14.54,9.99,6.85,23.18,79.16
scottish_highlands,2014-06-16,13.19,6.49,3.11,18.79,59.65
scottish_highlands,2014-06-17,20.9,16.5,8.52,21.21,77.29
scottish_highlands,2014-06-18,19.18,13.28,0.83,18.08,98.5
scottish_highlands,2014-06-19,18.77,10.64,8.51,20.71,57.3
scottish_highlands,2014-06-20,17.68,12.59,3.15,13.38,67.48
scottish_highlands,2014-06-21,19.1,13.03,0.0,6.82,63.63
scottish_highlands,2014-06-22,21.42,11.35,6.81,17.06,81.4
scottish_highlands,2014-06-23,20.71,14.65,5.53,22.08,74.1
scottish_highlands,2014-06-24,15.93,11.01,8.53,21.42,66.55
scottish_highlands,2014-06-25,13.01,12.41,6.48,27.56,72.81
scottish_highlands,2014-06-26,15.62,7.88,6.8,25.29,79.67
scottish_highlands,2014-06-27,15.62,14.04,4.91,13.78,55.18
scottish_highlands,2014-06-28,21.11,12.13,0.0,26.61,68.23
scottish_highlands,2014-06-29,21.22,11.16,9.09,12.91,70.55
scottish_highlands,2014-06-30,25.83,13.43,2.58,25.13,100.0
scottish_highlands,2014-07-01,15.28,15.04,10.92,27.98,76.95
scottish_highlands,2014-07-02,19.26,9.93,11.92,20.0,84.03
scottish_highlands,2014-07-03,21.45,8.08,4.29,25.24,67.05
scottish_highlands,2014-07-04,21.33,11.83,4.38,22.66,79.42
scottish_highlands,2014-07-05,14.71,12.28,2.46,12.44,61.9
scottish_highlands,2014-07-06,21.44,8.37,0.0,22.54,75.8
scottish_highlands,2014-07-07,19.71,9.5,2.01,20.98,92.0
scottish_highlands,2014-07-08,19.69,15.55,4.52,32.08,89.46
scottish_highlands,2014-07-09,22.54,8.69,7.34,20.45,79.94
scottish_highlands,2014-07-10,16.13,10.96,2.95,18.91,70.13
scottish_highlands,2014-07-11,19.01,8.77,5.08,23.91,75.67
scottish_highlands,2014-07-12,14.61,11.6,5.8,18.48,74.09
scottish_highlands,2014-07-13,21.6,10.21,5.68,20.96,78.38
scottish_highlands,2014-07-14,17.22,3.34,1.47,21.86,68.53
scottish_highlands,2014-07-15,16.2,11.54,3.68,25.86,82.85
scottish_highlands,2014-07-16,14.66,11.55,7.56,14.7,70.94
scottish_highlands,2014-07-17,21.88,8.36,4.71,21.04,100.0
scottish_highlands,2014-07-18,19.99,10.65,2.31,26.15,88.73
scottish_highlands,2014-07-19,23.68,10.31,3.65,21.82,93.08
scottish_highlands,2014-07-20,23.73,12.12,5.72,13.7,82.92
scottish_highlands,2014-07-21,21.57,11.61,7.72,23.91,76.23
scottish_highlands,2014-07-22,16.01,10.68,7.97,25.64,82.92
scottish_highlands,2014-07-23,17.75,10.55,3.98,25.46,80.55
scottish_highlands,2014-07-24,19.25,10.02,9.47,15.47,83.4
scottish_highlands,2014-07-25,22.7,14.44,1.73,15.3,72.8
scottish_highlands,2014-07-26,26.27,12.29,3.72,23.91,86.92
scottish_highlands,2014-07-27,20.21,14.7,7.15,30.09,82.15
scottish_highlands,2014-07-28,15.78,12.41,11.17,25.55,93.06
scottish_highlands,2014-07-29,21.35,10.55,4.02,26.03,77.46
scottish_highlands,2014-07-30,21.27,9.23,6.14,21.12,63.94
scottish_highlands,2014-07-31,17.63,9.93,11.13,15.28,84.51
scottish_highlands,2014-08-01,20.92,11.32,3.44,23.41,88.34
scottish_highlands,2014-08-02,16.12,13.29,3.86,24.02,46.82
scottish_highlands,2014-08-03,15.7,9.01,4.5,21.5,67.56
scottish_highlands,2014-08-04,23.48,11.51,4.07,16.17,81.34
scottish_highlands,2014-08-05,19.05,8.82,7.28,22.6,74.3
scottish_highlands,2014-08-06,23.46,10.4,3.49,22.08,82.2
scottish_highlands,2014-08-07,18.01,12.33,6.78,32.81,68.03
scottish_highlands,2014-08-08,18.74,12.7,8.22,21.19,76.61
scottish_highlands,2014-08-09,21.95,4.87,3.95,28.5,89.44
scottish_highlands,2014-08-10,14.09,11.03,3.82,16.11,62.99
scottish_highlands,2014-08-11,19.89,12.42,5.26,31.44,84.25
scottish_highlands,2014-08-12,17.79,8.86,6.22,12.85,89.12
scottish_highlands,2014-08-13,15.8,10.2,8.22,16.74,70.19
scottish_highlands,2014-08-14,16.65,11.95,8.8,25.95,95.1
scottish_highlands,2014-08-15,19.42,9.77,7.41,23.81,83.83
scottish_highlands,2014-08-16,21.47,7.61,3.44,15.55,67.26
scottish_highlands,2014-08-17,23.13,10.74,6.09,24.28,80.37
scottish_highlands,2014-08-18,18.0,10.94,2.2,15.92,54.97
scottish_highlands,2014-08-19,20.9,10.17,4.03,21.46,60.73
scottish_highlands,2014-08-20,24.46,8.88,2.22,14.77,78.27
scottish_highlands,2014-08-21,19.37,8.32,1.88,19.11,83.03
scottish_highlands,2014-08-22,21.47,8.23,8.2,22.56,90.95
scottish_highlands,2014-08-23,18.16,4.79,2.23,17.62,65.02
scottish_highlands,2014-08-24,24.82,10.05,1.56,19.11,95.19
scottish_highlands,2014-08-25,18.93,8.58,5.86,21.55,60.05
scottish_highlands,2014-08-26,13.95,11.89,7.9,25.61,69.5
scottish_highlands,2014-08-27,21.83,10.5,3.88,14.04,85.53
scottish_highlands,2014-08-28,21.37,9.44,7.0,26.54,85.81
scottish_highlands,2014-08-29,22.26,7.51,5.35,33.37,82.69
scottish_highlands,2014-08-30,14.53,8.72,6.3,22.27,72.85
scottish_highlands,2014-08-31,17.54,9.91,1.96,18.03,71.33
scottish_highlands,2014-09-01,13.18,10.45,7.82,24.0,83.84
scottish_highlands,2014-09-02,11.04,9.73,4.05,13.59,80.98
scottish_highlands,2014-09-03,16.37,6.23,5.67,22.24,69.08
scottish_highlands,2014-09-04,17.5,11.31,5.33,22.35,73.73
scottish_highlands,2014-09-05,15.94,4.04,5.77,17.02,68.19
scottish_highlands,2014-09-06,17.59,8.35,11.22,21.67,62.4
scottish_highlands,2014-09-07,18.97,5.56,4.68,19.67,83.04
scottish_highlands,2014-09-08,24.21,8.1,5.05,21.53,59.38
scottish_highlands,2014-09-09,16.43,9.98,3.43,19.16,84.28
scottish_highlands,2014-09-10,10.44,7.43,7.16,17.15,55.84
scottish_highlands,2014-09-11,11.78,9.59,2.58,20.49,83.53
scottish_highlands,2014-09-12,15.98,8.37,2.04,14.35,66.76
scottish_highlands,2014-09-13,15.84,6.81,6.63,21.32,63.01
scottish_highlands,2014-09-14,15.31,10.3,5.41,23.64,81.13
scottish_highlands,2014-09-15,22.56,7.15,2.77,20.8,76.38
scottish_highlands,2014-09-16,14.31,8.21,6.78,20.96,68.58
scottish_highlands,2014-09-17,15.13,9.83,4.09,20.89,67.68
scottish_highlands,2014-09-18,17.66,6.74,4.05,15.91,77.53
scottish_highlands,2014-09-19,12.94,11.17,2.8,24.75,54.58
scottish_highlands,2014-09-20,13.22,6.94,12.51,18.0,90.73
scottish_highlands,2014-09-21,18.65,12.02,7.63,20.99,77.24
scottish_highlands,2014-09-22,16.21,12.27,10.11,24.97,78.52
scottish_highlands,2014-09-23,15.91,9.04,6.03,20.8,88.05
scottish_highlands,2014-09-24,11.21,5.94,6.27,23.22,100.0
scottish_highlands,2014-09-25,20.45,9.57,2.55,15.27,82.37
scottish_highlands,2014-09-26,21.97,3.68,10.13,18.48,59.66
scottish_highlands,2014-09-27,7.63,6.31,4.55,18.67,64.68
scottish_highlands,2014-09-28,12.97,4.84,1.37,23.4,49.34
scottish_highlands,2014-09-29,12.37,4.18,3.16,14.73,59.6
scottish_highlands,2014-09-30,13.22,3.34,0.0,22.35,77.69
scottish_highlands,2014-10-01,12.88,5.7,4.26,24.51,73.48
scottish_highlands,2014-10-02,10.58,3.89,1.56,17.76,77.89
scottish_highlands,2014-10-03,13.22,5.85,7.15,35.89,74.23
scottish_highlands,2014-10-04,10.12,5.09,4.55,29.42,68.69
scottish_highlands,2014-10-05,11.42,8.32,5.79,22.48,80.52
scottish_highlands,2014-10-06,15.37,9.18,6.94,16.66,58.03
scottish_highlands,2014-10-07,10.16,8.03,4.04,19.49,84.16
scottish_highlands,2014-10-08,13.68,9.63,7.88,17.18,81.33
scottish_highlands,2014-10-09,17.07,3.99,8.32,23.13,69.66
scottish_highlands,2014-10-10,13.09,7.24,3.21,21.26,67.96
scottish_highlands,2014-10-11,13.69,5.86,3.53,24.3,79.5
scottish_highlands,2014-10-12,15.25,3.82,5.34,23.06,71.77
scottish_highlands,2014-10-13,13.0,2.34,2.38,17.32,67.06
scottish_highlands,2014-10-14,11.03,4.86,0.52,11.64,74.27
scottish_highlands,2014-10-15,14.04,3.66,4.33,23.67,80.17
scottish_highlands,2014-10-16,10.73,4.79,0.86,18.58,60.3
scottish_highlands,2014-10-17,8.56,3.64,2.77,16.5,74.68
scottish_highlands,2014-10-18,13.79,2.85,6.68,17.6,63.67
scottish_highlands,2014-10-19,11.99,4.98,1.6,18.44,69.75
scottish_highlands,2014-10-20,10.11,1.07,3.32,19.32,58.57
scottish_highlands,2014-10-21,16.23,6.93,4.22,14.74,66.14
scottish_highlands,2014-10-22,12.66,0.96,7.19,26.51,73.58
scottish_highlands,2014-10-23,14.18,4.72,5.48,18.26,81.55
scottish_highlands,2014-10-24,11.96,5.01,0.0,17.92,68.07
scottish_highlands,2014-10-25,14.3,4.43,3.4,21.88,81.28
scottish_highlands,2014-10-26,9.6,5.75,1.99,5.2,66.5
scottish_highlands,2014-10-27,6.82,5.19,3.58,21.3,70.47
scottish_highlands,2014-10-28,9.15,6.48,6.42,18.71,70.4
scottish_highlands,2014-10-29,13.38,6.31,3.07,21.43,65.55
scottish_highlands,2014-10-30,6.59,4.69,9.42,12.16,66.02
scottish_highlands,2014-10-31,11.14,3.41,6.62,13.2,76.96
scottish_highlands,2014-11-01,11.76,2.9,5.75,14.74,56.09
scottish_highlands,2014-11-02,14.34,5.39,0.28,14.08,77.69
scottish_highlands,2014-11-03,13.52,2.27,2.06,18.0,58.54
scottish_highlands,2014-11-04,7.61,3.97,5.65,10.81,68.84
scottish_highlands,2014-11-05,7.38,2.06,0.42,28.01,79.16
scottish_highlands,2014-11-06,17.64,2.16,0.0,25.1,58.62
scottish_highlands,2014-11-07,16.26,6.88,5.43,14.4,68.27
scottish_highlands,2014-11-08,6.32,4.7,3.79,11.46,71.51
scottish_highlands,2014-11-09,7.41,4.93,4.57,20.79,71.14
scottish_highlands,2014-11-10,11.87,5.52,0.0,25.34,75.62
scottish_highlands,2014-11-11,4.82,2.28,1.72,22.54,54.08
scottish_highlands,2014-11-12,8.39,1.75,4.39,16.43,73.95
scottish_highlands,2014-11-13,8.68,2.76,4.74,10.47,75.88
scottish_highlands,2014-11-14,10.19,-1.45,5.06,15.85,79.56
scottish_highlands,2014-11-15,12.25,4.27,0.94,22.37,43.44
scottish_highlands,2014-11-16,13.55,-0.93,3.23,20.96,77.37
scottish_highlands,2014-11-17,7.16,3.59,3.25,17.32,55.73
scottish_highlands,2014-11-18,7.03,4.3,0.0,7.78,78.89
scottish_highlands,2014-11-19,10.97,5.51,7.65,17.61,55.73
scottish_highlands,2014-11-20,12.55,-0.52,1.46,13.95,96.27
scottish_highlands,2014-11-21,9.0,1.44,4.75,18.8,61.82
scottish_highlands,2014-11-22,12.02,1.2,4.79,16.6,62.65
scottish_highlands,2014-11-23,9.19,1.66,3.15,24.86,60.47
scottish_highlands,2014-11-24,8.91,1.16,4.6,18.76,62.17
scottish_highlands,2014-11-25,7.0,-1.38,0.22,11.97,53.59
scottish_highlands,2014-11-26,4.59,-1.32,2.97,13.26,73.0
scottish_highlands,2014-11-27,4.7,4.16,2.22,16.1,64.72
scottish_highlands,2014-11-28,5.92,2.73,7.2,12.06,61.25
scottish_highlands,2014-11-29,9.29,-0.32,1.26,7.87,69.71
scottish_highlands,2014-11-30,9.41,3.77,0.0,26.99,58.45
scottish_highlands,2014-12-01,7.69,-1.79,3.32,11.09,60.88
scottish_highlands,2014-12-02,4.99,0.66,2.81,28.49,50.58
scottish_highlands,2014-12-03,7.87,5.14,2.16,14.13,60.39
scottish_highlands,2014-12-04,4.38,-1.48,5.23,8.63,83.11
scottish_highlands,2014-12-05,5.48,4.43,2.35,15.5,72.51
scottish_highlands,2014-12-06,6.59,-3.24,2.55,14.32,68.07
scottish_highlands,2014-12-07,6.31,2.2,1.87,17.92,69.48
scottish_highlands,2014-12-08,2.86,-3.6,5.23,15.61,67.91
scottish_highlands,2014-12-09,6.84,5.07,0.39,9.53,58.86
scottish_highlands,2014-12-10,6.12,-0.02,3.01,15.14,77.04
scottish_highlands,2014-12-11,9.79,-0.22,0.79,11.17,49.58
scottish_highlands,2014-12-12,4.53,1.21,5.0,13.36,67.05
scottish_highlands,2014-12-13,9.26,-0.32,9.01,14.69,84.08
scottish_highlands,2014-12-14,10.85,0.65,3.91,15.62,58.57
scottish_highlands,2014-12-15,5.1,0.75,0.46,6.66,66.31
scottish_highlands,2014-12-16,7.99,-2.36,1.04,8.03,58.89
scottish_highlands,2014-12-17,11.24,-0.67,8.23,17.81,72.52
scottish_highlands,2014-12-18,0.32,5.06,2.76,16.66,57.65
scottish_highlands,2014-12-19,4.4,0.4,4.12,20.27,55.0
scottish_highlands,2014-12-20,12.47,-1.11,0.0,9.9,59.02
scottish_highlands,2014-12-21,7.35,0.91,0.44,24.5,50.45
scottish_highlands,2014-12-22,7.81,1.18,0.6,4.68,55.78
scottish_highlands,2014-12-23,1.63,1.86,2.97,18.18,51.2
scottish_highlands,2014-12-24,6.42,-2.08,0.0,21.1,66.17
scottish_highlands,2014-12-25,6.56,2.66,3.86,12.85,58.14
scottish_highlands,2014-12-26,4.0,0.56,0.0,10.57,56.72
scottish_highlands,2014-12-27,6.25,-0.04,5.17,15.1,68.53
scottish_highlands,2014-12-28,-0.31,-2.56,9.79,14.06,49.36
scottish_highlands,2014-12-29,9.51,0.68,2.49,12.55,67.54
scottish_highlands,2014-12-30,10.35,-2.27,0.0,16.73,71.15
scottish_highlands,2014-12-31,1.57,-3.31,2.37,23.38,53.05
scottish_highlands,2015-01-01,6.09,0.45,0.0,13.53,68.6
scottish_highlands,2015-01-02,2.79,-1.81,1.03,16.6,71.18
scottish_highlands,2015-01-03,6.69,-2.59,1.47,23.53,67.59
scottish_highlands,2015-01-04,5.11,-5.81,2.35,17.57,55.63
scottish_highlands,2015-01-05,4.51,-0.65,0.41,24.97,41.59
scottish_highlands,2015-01-06,7.85,-3.11,4.92,8.52,55.29
scottish_highlands,2015-01-07,8.4,-1.74,0.55,7.91,80.95
scottish_highlands,2015-01-08,0.76,0.14,0.0,6.5,57.11
scottish_highlands,2015-01-09,9.53,-2.77,1.04,18.26,67.91
scottish_highlands,2015-01-10,6.41,-1.54,4.12,11.25,58.65
scottish_highlands,2015-01-11,1.84,0.18,3.23,18.61,52.29
scottish_highlands,2015-01-12,5.37,-0.7,1.57,12.8,57.34
scottish_highlands,2015-01-13,4.01,-1.46,1.67,15.69,68.15
scottish_highlands,2015-01-14,5.51,0.63,0.0,8.92,53.07
scottish_highlands,2015-01-15,4.83,-2.98,2.07,20.37,62.65
scottish_highlands,2015-01-16,2.8,-8.8,2.15,10.43,62.28
scottish_highlands,2015-01-17,2.31,-4.41,0.0,22.0,67.63
scottish_highlands,2015-01-18,3.13,1.54,0.0,12.12,55.85
scottish_highlands,2015-01-19,2.04,1.21,4.34,13.09,54.84
scottish_highlands,2015-01-20,9.04,1.19,3.94,15.06,65.94
scottish_highlands,2015-01-21,4.33,-1.72,0.0,16.58,60.52
scottish_highlands,2015-01-22,4.89,-7.25,2.27,18.8,72.33
scottish_highlands,2015-01-23,7.13,-0.44,4.8,11.37,70.97
scottish_highlands,2015-01-24,9.91,2.27,4.14,12.05,61.17
scottish_highlands,2015-01-25,4.84,-2.91,4.79,12.4,81.3
scottish_highlands,2015-01-26,7.35,-1.41,0.0,10.1,44.66
scottish_highlands,2015-01-27,5.5,2.93,0.0,16.1,56.63
scottish_highlands,2015-01-28,5.99,-0.42,7.15,10.23,71.23
scottish_highlands,2015-01-29,4.31,-2.2,3.23,13.79,36.45
scottish_highlands,2015-01-30,4.69,-6.84,0.74,18.87,64.16
scottish_highlands,2015-01-31,7.64,-5.57,5.12,16.66,53.38
scottish_highlands,2015-02-01,5.25,1.0,6.06,12.45,85.17
scottish_highlands,2015-02-02,3.11,1.2,4.39,21.27,56.4
scottish_highlands,2015-02-03,5.39,2.06,6.95,12.49,63.29
scottish_highlands,2015-02-04,3.82,0.5,4.61,12.77,59.06
scottish_highlands,2015-02-05,7.21,1.6,0.93,21.39,59.03
scottish_highlands,2015-02-06,0.88,3.71,2.08,23.37,75.05
scottish_highlands,2015-02-07,7.39,-1.55,1.02,9.04,65.55
scottish_highlands,2015-02-08,7.63,0.1,6.19,26.41,54.57
scottish_highlands,2015-02-09,7.37,-2.15,4.4,14.68,67.23
scottish_highlands,2015-02-10,3.3,1.79,0.0,15.74,67.21
scottish_highlands,2015-02-11,5.19,0.94,0.0,17.52,65.25
scottish_highlands,2015-02-12,6.98,-1.53,1.53,12.9,68.35
scottish_highlands,2015-02-13,3.14,-1.94,0.0,9.07,75.37
scottish_highlands,2015-02-14,2.61,3.13,7.21,20.36,46.9
scottish_highlands,2015-02-15,5.79,-0.39,3.89,5.6,54.67
scottish_highlands,2015-02-16,6.14,0.75,4.8,13.01,49.81
scottish_highlands,2015-02-17,8.06,0.19,0.0,13.19,62.89
scottish_highlands,2015-02-18,6.59,1.36,2.83,15.85,63.52
scottish_highlands,2015-02-19,-0.19,0.07,0.0,18.87,65.44
scottish_highlands,2015-02-20,4.85,-0.31,8.17,20.63,79.77
scottish_highlands,2015-02-21,7.64,-1.97,7.33,9.09,73.7
scottish_highlands,2015-02-22,4.1,0.11,0.0,21.35,71.67
scottish_highlands,2015-02-23,7.41,0.52,3.79,7.88,74.4
scottish_highlands,2015-02-24,3.62,-0.61,2.53,12.19,66.66
scottish_highlands,2015-02-25,5.91,1.9,0.0,28.76,77.76
scottish_highlands,2015-02-26,7.37,-0.16,5.29,19.62,61.67
scottish_highlands,2015-02-27,11.67,-9.86,8.24,20.59,64.98
scottish_highlands,2015-02-28,5.96,1.76,3.36,18.25,63.48
scottish_highlands,2015-03-01,8.0,2.22,4.64,26.67,52.56
scottish_highlands,2015-03-02,5.42,2.71,0.26,25.15,57.82
scottish_highlands,2015-03-03,4.13,4.91,8.15,18.31,47.79
scottish_highlands,2015-03-04,5.92,4.51,4.44,14.59,74.43
scottish_highlands,2015-03-05,5.92,2.32,7.79,12.12,66.0
scottish_highlands,2015-03-06,6.17,3.15,4.63,13.12,64.09
scottish_highlands,2015-03-07,7.82,2.26,6.47,16.6,59.26
scottish_highlands,2015-03-08,6.44,0.56,0.25,12.76,60.57
scottish_highlands,2015-03-09,3.86,-4.25,0.0,17.91,68.51
scottish_highlands,2015-03-10,6.96,-5.97,8.19,21.57,74.75
scottish_highlands,2015-03-11,9.83,-1.76,11.01,18.82,75.1
scottish_highlands,2015-03-12,11.19,5.49,1.55,12.88,51.81
scottish_highlands,2015-03-13,10.26,1.85,0.0,19.41,71.86
scottish_highlands,2015-03-14,9.3,1.13,3.6,16.79,49.58
scottish_highlands,2015-03-15,7.37,1.82,0.0,16.95,44.51
scottish_highlands,2015-03-16,2.31,2.55,4.33,8.51,77.26
scottish_highlands,2015-03-17,4.9,4.72,1.12,13.67,67.18
scottish_highlands,2015-03-18,10.49,2.72,4.51,14.58,59.65
scottish_highlands,2015-03-19,13.81,2.4,0.0,10.94,65.4
scottish_highlands,2015-03-20,6.14,3.64,0.69,12.29,81.53
scottish_highlands,2015-03-21,11.36,-1.77,8.19,14.26,83.28
scottish_highlands,2015-03-22,6.94,0.03,4.17,17.42,62.7
scottish_highlands,2015-03-23,6.72,2.78,2.32,15.37,78.56
scottish_highlands,2015-03-24,10.36,5.73,4.55,23.27,74.55
scottish_highlands,2015-03-25,7.6,-0.34,4.06,15.83,68.37
scottish_highlands,2015-03-26,5.09,0.14,2.19,15.17,73.09
scottish_highlands,2015-03-27,8.3,1.4,0.0,24.1,77.07
scottish_highlands,2015-03-28,8.45,4.56,1.78,21.81,59.59
scottish_highlands,2015-03-29,5.19,3.3,5.34,21.14,77.95
scottish_highlands,2015-03-30,13.92,1.73,0.0,15.52,72.73
scottish_highlands,2015-03-31,11.0,4.24,3.05,16.43,69.47
scottish_highlands,2015-04-01,8.35,2.46,3.22,17.9,55.91
scottish_highlands,2015-04-02,7.22,0.6,2.71,21.17,68.76
scottish_highlands,2015-04-03,10.08,3.69,5.44,12.83,76.73
scottish_highlands,2015-04-04,7.22,0.76,0.0,24.93,58.89
scottish_highlands,2015-04-05,10.7,6.3,8.55,9.17,86.71
scottish_highlands,2015-04-06,4.0,2.17,3.99,16.37,73.29
scottish_highlands,2015-04-07,9.49,5.25,3.78,27.15,71.77
scottish_highlands,2015-04-08,17.73,5.61,4.42,16.5,48.62
scottish_highlands,2015-04-09,10.94,5.79,2.64,19.34,74.18
scottish_highlands,2015-04-10,5.73,3.86,5.35,15.22,61.23
scottish_highlands,2015-04-11,15.5,3.46,10.23,23.18,82.87
scottish_highlands,2015-04-12,13.04,1.77,0.0,27.22,68.62
scottish_highlands,2015-04-13,10.39,2.3,0.0,18.46,68.46
scottish_highlands,2015-04-14,14.0,1.07,8.52,14.88,92.36
scottish_highlands,2015-04-15,6.69,-0.11,2.12,27.3,69.38
scottish_highlands,2015-04-16,9.73,6.16,7.58,27.26,73.32
scottish_highlands,2015-04-17,13.4,9.01,2.98,19.64,68.32
scottish_highlands,2015-04-18,16.27,3.34,4.11,24.78,71.68
scottish_highlands,2015-04-19,7.97,4.75,6.73,9.16,64.99
scottish_highlands,2015-04-20,3.59,5.67,3.49,15.93,70.26
scottish_highlands,2015-04-21,13.53,5.72,1.48,16.31,63.41
scottish_highlands,2015-04-22,13.14,3.61,2.2,17.46,72.08
scottish_highlands,2015-04-23,9.71,4.61,3.05,13.08,64.3
scottish_highlands,2015-04-24,13.61,9.07,7.88,23.06,99.69
scottish_highlands,2015-04-25,13.63,4.16,6.06,15.02,71.12
scottish_highlands,2015-04-26,15.56,8.19,6.5,20.51,50.25
scottish_highlands,2015-04-27,16.15,8.71,4.54,16.94,53.13
scottish_highlands,2015-04-28,11.5,4.63,5.87,18.62,64.13
scottish_highlands,2015-04-29,13.54,4.03,10.09,21.39,49.25
scottish_highlands,2015-04-30,11.33,5.33,4.72,19.76,79.59
scottish_highlands,2015-05-01,14.98,6.61,5.72,9.82,58.19
scottish_highlands,2015-05-02,12.33,5.26,9.0,19.01,93.39
scottish_highlands,2015-05-03,18.48,6.6,0.0,22.28,78.58
scottish_highlands,2015-05-04,13.69,8.08,1.41,11.6,66.95
scottish_highlands,2015-05-05,11.46,4.44,6.68,18.84,54.43
scottish_highlands,2015-05-06,11.41,7.56,3.67,22.34,76.55
scottish_highlands,2015-05-07,12.67,7.07,6.08,21.18,71.59
scottish_highlands,2015-05-08,14.9,5.25,2.49,12.13,73.87
scottish_highlands,2015-05-09,18.02,1.02,3.39,15.16,84.25
scottish_highlands,2015-05-10,15.51,6.48,2.4,24.88,62.41
scottish_highlands,2015-05-11,15.07,8.3,0.0,19.43,57.42
scottish_highlands,2015-05-12,12.94,6.17,3.28,22.89,74.2
scottish_highlands,2015-05-13,12.3,5.65,9.5,21.4,64.29
scottish_highlands,2015-05-14,9.84,8.01,11.19,22.76,62.66
scottish_highlands,2015-05-15,17.31,9.27,11.95,23.56,60.04
scottish_highlands,2015-05-16,13.8,4.59,2.6,21.68,50.55
scottish_highlands,2015-05-17,17.36,7.37,3.81,27.82,77.01
scottish_highlands,2015-05-18,15.09,7.4,0.0,15.74,76.07
scottish_highlands,2015-05-19,11.24,13.91,0.0,21.55,73.55
scottish_highlands,2015-05-20,14.22,5.58,8.95,15.86,60.08
scottish_highlands,2015-05-21,20.43,9.25,6.78,22.66,75.43
scottish_highlands,2015-05-22,18.67,6.42,5.91,20.25,56.71
scottish_highlands,2015-05-23,11.94,7.79,4.19,15.81,70.33
scottish_highlands,2015-05-24,12.77,13.49,7.36,22.37,69.17
scottish_highlands,2015-05-25,18.27,8.92,0.0,23.12,72.51
scottish_highlands,2015-05-26,15.79,10.8,0.0,21.23,66.78
scottish_highlands,2015-05-27,20.3,14.35,4.76,12.01,74.31
scottish_highlands,2015-05-28,17.47,8.39,2.87,26.28,72.75
scottish_highlands,2015-05-29,8.48,8.54,8.7,17.45,72.72
scottish_highlands,2015-05-30,12.25,5.08,10.83,23.98,73.25
scottish_highlands,2015-05-31,13.64,14.0,6.66,10.95,80.31
scottish_highlands,2015-06-01,19.37,9.18,8.1,15.84,61.23
scottish_highlands,2015-06-02,22.89,8.53,1.15,24.5,87.01
scottish_highlands,2015-06-03,18.52,10.78,2.21,16.67,54.27
scottish_highlands,2015-06-04,13.74,4.31,1.56,17.42,100.0
scottish_highlands,2015-06-05,22.52,7.14,4.93,20.9,57.8
scottish_highlands,2015-06-06,16.43,11.08,0.0,17.54,67.57
scottish_highlands,2015-06-07,18.7,13.65,0.23,27.57,80.9
scottish_highlands,2015-06-08,24.41,12.7,7.28,22.89,63.32
scottish_highlands,2015-06-09,16.4,4.7,2.58,25.77,64.37
scottish_highlands,2015-06-10,15.16,14.91,5.01,17.76,67.82
scottish_highlands,2015-06-11,21.97,7.61,8.53,21.83,74.59
scottish_highlands,2015-06-12,15.17,8.5,4.75,25.45,73.06
scottish_highlands,2015-06-13,13.78,9.87,0.84,23.29,65.32
scottish_highlands,2015-06-14,22.05,8.91,0.83,17.13,77.77
scottish_highlands,2015-06-15,18.21,11.8,7.44,23.63,75.99
scottish_highlands,2015-06-16,19.05,9.38,6.94,26.2,81.54
scottish_highlands,2015-06-17,20.77,12.72,3.93,24.44,75.44
scottish_highlands,2015-06-18,25.61,12.04,3.63,17.42,65.52
scottish_highlands,2015-06-19,20.36,11.74,2.95,23.65,100.0
scottish_highlands,2015-06-20,21.2,11.51,8.62,21.31,94.79
scottish_highlands,2015-06-21,12.56,13.65,1.27,24.71,46.62
scottish_highlands,2015-06-22,22.61,10.39,7.45,10.74,61.81
scottish_highlands,2015-06-23,23.38,12.4,4.81,28.62,76.74
scottish_highlands,2015-06-24,14.7,6.53,1.46,12.7,85.69
scottish_highlands,2015-06-25,17.78,11.4,8.35,24.56,66.06
scottish_highlands,2015-06-26,20.25,14.68,4.7,15.23,54.57
scottish_highlands,2015-06-27,22.42,12.15,3.04,16.98,71.78
scottish_highlands,2015-06-28,12.77,5.73,1.81,27.99,73.82
scottish_highlands,2015-06-29,18.07,10.22,7.34,31.53,89.97
scottish_highlands,2015-06-30,15.41,13.77,0.93,19.22,77.77
scottish_highlands,2015-07-01,10.68,10.27,4.02,22.56,78.44
scottish_highlands,2015-07-02,20.45,12.25,6.46,24.97,65.92
scottish_highlands,2015-07-03,17.77,13.02,7.0,25.16,47.59
scottish_highlands,2015-07-04,20.97,13.39,6.71,28.05,87.84
scottish_highlands,2015-07-05,16.83,9.92,6.79,17.32,77.61
scottish_highlands,2015-07-06,21.02,8.58,5.82,21.58,63.71
scottish_highlands,2015-07-07,15.75,10.7,3.49,20.97,82.02
scottish_highlands,2015-07-08,14.85,5.84,4.74,14.38,73.14
scottish_highlands,2015-07-09,19.4,11.46,8.58,22.01,72.04
scottish_highlands,2015-07-10,17.31,10.18,7.1,21.37,83.5
scottish_highlands,2015-07-11,15.03,11.46,8.01,26.18,61.72
scottish_highlands,2015-07-12,17.91,13.38,2.78,21.06,82.64
scottish_highlands,2015-07-13,14.26,8.36,7.84,28.19,53.74
scottish_highlands,2015-07-14,19.75,13.05,1.72,23.81,82.65
scottish_highlands,2015-07-15,17.24,7.65,1.81,26.22,68.41
scottish_highlands,2015-07-16,18.15,15.65,2.02,28.45,52.79
scottish_highlands,2015-07-17,18.63,13.89,1.93,10.58,69.82
scottish_highlands,2015-07-18,18.75,13.26,7.53,26.35,62.93
scottish_highlands,2015-07-19,16.67,8.47,8.66,26.88,63.15
scottish_highlands,2015-07-20,15.18,10.04,4.03,30.11,73.37
scottish_highlands,2015-07-21,20.1,12.4,6.4,10.23,69.38
scottish_highlands,2015-07-22,20.28,9.04,8.41,27.64,73.54
scottish_highlands,2015-07-23,18.31,11.56,9.64,15.59,86.11
scottish_highlands,2015-07-24,16.55,6.41,1.43,25.22,100.0
scottish_highlands,2015-07-25,18.87,9.45,3.91,29.5,90.76
scottish_highlands,2015-07-26,16.62,11.65,2.8,15.43,77.12
scottish_highlands,2015-07-27,19.21,12.05,8.19,22.69,63.37
scottish_highlands,2015-07-28,13.44,6.48,4.77,25.99,88.03
scottish_highlands,2015-07-29,17.55,5.81,0.0,32.45,47.8
scottish_highlands,2015-07-30,19.19,9.69,9.75,19.59,78.63
scottish_highlands,2015-07-31,22.25,9.31,9.1,19.81,86.36
scottish_highlands,2015-08-01,16.59,10.53,9.28,20.91,74.96
scottish_highlands,2015-08-02,24.24,7.96,6.65,22.06,90.99
scottish_highlands,2015-08-03,22.67,13.34,0.28,15.47,89.59
scottish_highlands,2015-08-04,18.0,11.22,3.63,30.51,79.29
scottish_highlands,2015-08-05,19.7,13.33,3.68,26.43,86.79
scottish_highlands,2015-08-06,19.49,10.45,3.09,13.56,72.01
scottish_highlands,2015-08-07,13.22,9.45,9.96,16.28,78.59
scottish_highlands,2015-08-08,20.54,11.21,9.24,24.11,72.22
scottish_highlands,2015-08-09,15.85,13.02,7.36,19.44,88.49
scottish_highlands,2015-08-10,19.93,8.77,4.1,16.28,69.29
scottish_highlands,2015-08-11,19.46,9.97,3.65,19.64,73.9
scottish_highlands,2015-08-12,16.26,8.53,3.92,19.98,81.61
scottish_highlands,2015-08-13,18.41,5.84,4.49,21.93,86.3
scottish_highlands,2015-08-14,18.51,17.45,5.25,23.18,78.02
scottish_highlands,2015-08-15,15.28,12.91,9.88,27.98,61.91
scottish_highlands,2015-08-16,13.7,9.89,4.03,18.99,65.68
scottish_highlands,2015-08-17,9.12,10.46,8.33,28.64,91.0
scottish_highlands,2015-08-18,16.56,8.46,10.02,16.24,75.84
scottish_highlands,2015-08-19,19.39,7.87,9.27,19.75,78.54
scottish_highlands,2015-08-20,15.41,9.67,9.38,13.57,84.34
scottish_highlands,2015-08-21,18.6,5.99,7.2,26.41,86.11
scottish_highlands,2015-08-22,22.2,8.98,5.82,28.66,58.22
scottish_highlands,2015-08-23,18.16,9.27,2.94,16.69,77.93
scottish_highlands,2015-08-24,18.45,7.87,5.1,19.3,63.69
scottish_highlands,2015-08-25,14.72,4.86,9.05,27.4,83.35
scottish_highlands,2015-08-26,18.59,13.87,5.69,21.25,99.34
scottish_highlands,2015-08-27,18.62,10.09,8.28,24.09,85.07
scottish_highlands,2015-08-28,18.24,6.95,2.49,24.79,78.78
scottish_highlands,2015-08-29,17.17,10.61,5.36,24.31,72.49
scottish_highlands,2015-08-30,20.39,9.04,2.7,17.48,69.33
scottish_highlands,2015-08-31,11.09,11.91,2.45,19.67,71.72
scottish_highlands,2015-09-01,16.43,7.53,6.29,24.89,63.07
scottish_highlands,2015-09-02,17.41,7.39,8.11,14.01,75.99
scottish_highlands,2015-09-03,12.59,12.13,2.96,20.42,76.89
scottish_highlands,2015-09-04,20.2,9.49,9.13,26.3,88.22
scottish_highlands,2015-09-05,15.42,10.89,5.57,27.8,95.62
scottish_highlands,2015-09-06,18.44,12.18,0.0,15.53,71.9
scottish_highlands,2015-09-07,16.78,14.67,8.66,26.67,86.2
scottish_highlands,2015-09-08,14.57,7.72,0.0,28.56,89.47
scottish_highlands,2015-09-09,15.16,13.42,7.97,19.15,74.26
scottish_highlands,2015-09-10,17.21,7.88,3.29,25.77,52.68
scottish_highlands,2015-09-11,12.09,8.94,4.88,22.9,74.69
scottish_highlands,2015-09-12,15.58,12.81,2.99,24.18,82.16
scottish_highlands,2015-09-13,17.02,9.78,12.53,29.53,75.1
scottish_highlands,2015-09-14,15.89,6.52,10.55,16.58,73.89
scottish_highlands,2015-09-15,11.68,7.64,5.69,19.15,63.68
scottish_highlands,2015-09-16,16.95,6.25,7.86,19.89,53.91
scottish_highlands,2015-09-17,14.11,8.01,5.41,20.23,58.93
scottish_highlands,2015-09-18,18.43,6.67,4.38,15.1,81.14
scottish_highlands,2015-09-19,19.67,3.07,4.13,19.0,51.96
scottish_highlands,2015-09-20,12.94,5.64,8.33,24.2,92.44
scottish_highlands,2015-09-21,12.6,4.71,4.04,25.78,78.36
scottish_highlands,2015-09-22,13.83,2.76,4.54,17.17,68.28
scottish_highlands,2015-09-23,16.08,1.68,6.93,20.16,71.21
scottish_highlands,2015-09-24,13.26,9.64,4.54,26.39,68.5
scottish_highlands,2015-09-25,11.98,2.45,1.4,15.37,80.34
scottish_highlands,2015-09-26,15.99,7.96,11.99,20.69,80.61
scottish_highlands,2015-09-27,12.54,4.45,0.0,18.15,83.41
scottish_highlands,2015-09-28,19.51,5.08,1.59,14.28,67.1
scottish_highlands,2015-09-29,11.29,6.92,0.0,23.03,59.87
scottish_highlands,2015-09-30,12.94,9.47,1.06,13.99,68.73
scottish_highlands,2015-10-01,10.09,6.34,2.38,19.75,80.85
scottish_highlands,2015-10-02,15.0,1.83,7.06,18.58,82.48
scottish_highlands,2015-10-03,11.07,7.28,0.0,13.22,60.64
scottish_highlands,2015-10-04,14.36,3.24,4.95,19.29,85.99
scottish_highlands,2015-10-05,18.16,5.5,1.83,21.38,50.49
scottish_highlands,2015-10-06,10.05,4.62,11.6,16.44,79.73
scottish_highlands,2015-10-07,17.56,7.47,6.05,23.43,73.85
scottish_highlands,2015-10-08,19.0,9.08,6.56,27.93,79.95
scottish_highlands,2015-10-09,18.55,7.64,0.95,16.78,68.1
scottish_highlands,2015-10-10,18.63,-0.12,1.8,20.06,91.09
scottish_highlands,2015-10-11,15.47,6.22,1.74,20.4,82.68
scottish_highlands,2015-10-12,9.37,8.74,1.72,14.74,94.63
scottish_highlands,2015-10-13,9.83,8.22,4.72,19.93,52.48
scottish_highlands,2015-10-14,8.16,5.08,2.44,22.47,75.23
scottish_highlands,2015-10-15,13.19,0.75,4.06,17.45,73.17
scottish_highlands,2015-10-16,6.76,6.96,4.04,20.47,51.27
scottish_highlands,2015-10-17,13.8,1.25,5.12,17.7,78.59
scottish_highlands,2015-10-18,15.14,6.83,2.2,28.18,81.86
scottish_highlands,2015-10-19,8.91,7.79,6.96,19.54,80.51
scottish_highlands,2015-10-20,9.21,1.85,3.53,17.68,79.47
scottish_highlands,2015-10-21,2.76,4.35,0.0,13.2,60.99
scottish_highlands,2015-10-22,11.29,2.96,7.36,13.45,61.47
scottish_highlands,2015-10-23,13.55,2.72,8.8,19.44,63.48
scottish_highlands,2015-10-24,13.19,3.84,1.66,17.3,78.69
scottish_highlands,2015-10-25,6.44,-0.39,3.86,12.61,81.16
scottish_highlands,2015-10-26,11.57,3.01,5.76,15.56,71.94
scottish_highlands,2015-10-27,10.21,1.43,4.62,17.93,77.17
scottish_highlands,2015-10-28,7.75,1.85,1.27,15.91,61.25
scottish_highlands,2015-10-29,7.67,4.21,9.17,17.53,72.27
scottish_highlands,2015-10-30,12.72,4.38,3.01,22.09,56.74
scottish_highlands,2015-10-31,7.73,7.09,7.35,24.75,47.3
scottish_highlands,2015-11-01,11.09,-0.46,4.82,20.69,47.61
scottish_highlands,2015-11-02,11.22,1.73,1.75,12.81,63.72
scottish_highlands,2015-11-03,6.4,3.89,5.22,12.82,45.56
scottish_highlands,2015-11-04,16.48,1.31,7.42,16.62,55.54
scottish_highlands,2015-11-05,7.75,-1.59,9.16,14.88,71.76
scottish_highlands,2015-11-06,7.06,1.9,8.15,16.51,88.41
scottish_highlands,2015-11-07,6.15,0.68,1.61,16.55,69.92
scottish_highlands,2015-11-08,9.6,5.44,6.99,20.22,60.34
scottish_highlands,2015-11-09,7.24,8.28,0.14,14.3,38.89
scottish_highlands,2015-11-10,10.74,5.54,5.57,18.36,94.93
scottish_highlands,2015-11-11,11.53,2.88,6.16,25.58,66.89
scottish_highlands,2015-11-12,10.5,4.09,4.61,12.89,59.87
scottish_highlands,2015-11-13,7.86,-0.21,5.82,20.97,57.61
scottish_highlands,2015-11-14,3.02,5.78,0.0,18.01,49.52
scottish_highlands,2015-11-15,2.17,3.4,3.02,21.73,60.18
scottish_highlands,2015-11-16,15.0,1.64,2.57,16.9,68.88
scottish_highlands,2015-11-17,11.72,0.9,5.36,18.94,72.41
scottish_highlands,2015-11-18,3.51,6.22,1.53,20.04,66.37
scottish_highlands,2015-11-19,7.55,-0.86,5.93,7.72,74.28
scottish_highlands,2015-11-20,7.99,5.38,6.51,10.06,64.71
scottish_highlands,2015-11-21,14.1,2.07,5.51,19.63,56.83
scottish_highlands,2015-11-22,7.92,-0.1,4.88,8.09,76.69
scottish_highlands,2015-11-23,4.54,1.73,5.67,15.92,51.07
scottish_highlands,2015-11-24,5.46,-0.53,7.12,20.16,63.05
scottish_highlands,2015-11-25,9.38,-2.74,2.58,14.13,73.68
scottish_highlands,2015-11-26,11.07,0.42,2.41,13.55,56.72
scottish_highlands,2015-11-27,10.16,-3.65,1.22,17.04,70.0
scottish_highlands,2015-11-28,4.29,1.68,2.93,19.07,68.47
scottish_highlands,2015-11-29,4.98,2.18,1.15,9.25,59.22
scottish_highlands,2015-11-30,8.15,2.32,5.82,18.91,71.48
scottish_highlands,2015-12-01,9.89,1.15,8.97,6.74,46.82
scottish_highlands,2015-12-02,5.34,-0.63,4.12,19.4,63.41
scottish_highlands,2015-12-03,9.05,0.73,2.37,18.11,57.85
scottish_highlands,2015-12-04,9.22,-0.1,3.89,11.63,74.38
scottish_highlands,2015-12-05,7.25,-2.37,1.53,18.85,66.63
scottish_highlands,2015-12-06,4.11,-3.17,3.9,9.65,56.95
scottish_highlands,2015-12-07,3.43,-0.0,0.0,12.37,52.16
scottish_highlands,2015-12-08,8.51,1.74,7.45,6.13,71.53
scottish_highlands,2015-12-09,4.1,2.77,1.51,11.85,75.2
scottish_highlands,2015-12-10,7.57,-0.33,6.35,16.52,89.46
scottish_highlands,2015-12-11,6.7,1.43,1.78,15.14,55.61
scottish_highlands,2015-12-12,-0.28,-3.58,6.89,15.2,73.94
scottish_highlands,2015-12-13,6.63,1.24,2.31,14.94,76.99
scottish_highlands,2015-12-14,5.66,0.96,1.77,12.35,75.6
scottish_highlands,2015-12-15,3.36,-0.24,3.22,16.49,53.41
scottish_highlands,2015-12-16,2.64,0.33,2.72,15.04,45.59
scottish_highlands,2015-12-17,11.06,1.37,1.8,12.56,49.31
scottish_highlands,2015-12-18,4.7,-0.93,4.2,23.39,69.15
scottish_highlands,2015-12-19,4.05,-1.32,0.08,7.36,40.64
scottish_highlands,2015-12-20,7.56,-3.88,1.97,13.28,79.72
scottish_highlands,2015-12-21,6.17,-0.86,7.14,13.6,54.82
scottish_highlands,2015-12-22,4.04,2.02,4.33,14.35,51.61
scottish_highlands,2015-12-23,7.87,0.19,0.77,12.8,73.08
scottish_highlands,2015-12-24,7.3,-4.33,3.35,23.74,71.78
scottish_highlands,2015-12-25,6.04,0.57,3.16,21.21,66.86
scottish_highlands,2015-12-26,4.46,1.13,5.06,16.98,67.84
scottish_highlands,2015-12-27,6.58,3.33,2.38,11.29,69.72
scottish_highlands,2015-12-28,6.74,-2.38,4.06,7.4,69.79
scottish_highlands,2015-12-29,3.68,0.95,2.15,20.02,51.39
scottish_highlands,2015-12-30,5.03,2.23,1.23,16.1,48.73
scottish_highlands,2015-12-31,6.98,-0.14,4.87,10.69,79.45
scottish_highlands,2016-01-01,2.41,-0.86,4.9,9.14,67.75
scottish_highlands,2016-01-02,1.15,0.04,0.53,16.05,67.86
scottish_highlands,2016-01-03,2.18,-0.03,6.07,19.71,70.32
scottish_highlands,2016-01-04,3.72,1.38,2.64,19.22,51.86
scottish_highlands,2016-01-05,5.17,2.73,0.0,18.67,59.61
scottish_highlands,2016-01-06,2.16,-0.78,3.33,18.38,66.85
scottish_highlands,2016-01-07,6.27,-3.67,1.55,11.8,56.4
scottish_highlands,2016-01-08,0.19,-1.36,2.74,9.61,74.27
scottish_highlands,2016-01-09,-1.47,-1.57,6.55,6.41,60.39
scottish_highlands,2016-01-10,5.18,-0.34,5.05,20.24,66.62
scottish_highlands,2016-01-11,10.74,-3.84,0.0,16.38,71.1
scottish_highlands,2016-01-12,3.97,1.04,4.43,11.05,81.62
scottish_highlands,2016-01-13,3.26,1.49,1.14,14.59,83.4
scottish_highlands,2016-01-14,2.85,-1.25,5.99,11.8,43.73
scottish_highlands,2016-01-15,1.4,-2.62,9.14,13.99,69.38
scottish_highlands,2016-01-16,5.41,-0.28,2.02,17.87,68.32
scottish_highlands,2016-01-17,7.89,0.33,3.28,20.89,48.92
scottish_highlands,2016-01-18,0.56,-1.7,6.08,14.11,54.72
scottish_highlands,2016-01-19,9.23,0.74,6.29,11.15,74.81
scottish_highlands,2016-01-20,7.85,-1.14,5.04,8.91,40.84
scottish_highlands,2016-01-21,2.9,-2.54,0.0,14.19,48.26
scottish_highlands,2016-01-22,6.62,-2.1,0.0,3.87,82.81
scottish_highlands,2016-01-23,0.1,-2.0,4.26,8.77,41.64
scottish_highlands,2016-01-24,10.52,-2.75,0.0,12.26,73.34
scottish_highlands,2016-01-25,2.09,-0.4,0.0,10.75,85.8
scottish_highlands,2016-01-26,5.44,2.73,4.72,20.81,54.58
scottish_highlands,2016-01-27,2.09,-1.66,0.0,9.73,62.69
scottish_highlands,2016-01-28,7.96,1.06,0.7,20.14,81.52
scottish_highlands,2016-01-29,1.58,1.88,0.23,14.21,63.88
scottish_highlands,2016-01-30,2.86,3.21,0.0,14.31,62.06
scottish_highlands,2016-01-31,3.74,0.53,0.0,12.47,67.57
scottish_highlands,2016-02-01,5.4,-3.9,2.06,14.13,81.2
scottish_highlands,2016-02-02,6.95,-4.92,2.37,17.46,47.67
scottish_highlands,2016-02-03,4.47,-4.23,2.5,16.17,59.71
scottish_highlands,2016-02-04,2.91,-4.02,4.66,10.54,49.68
scottish_highlands,2016-02-05,6.93,-2.33,4.98,18.52,57.29
scottish_highlands,2016-02-06,4.87,-2.24,0.0,8.0,62.39
scottish_highlands,2016-02-07,2.35,0.43,2.7,20.21,53.27
scottish_highlands,2016-02-08,3.96,0.89,6.6,13.56,73.79
scottish_highlands,2016-02-09,5.28,-6.35,6.62,15.28,47.57
scottish_highlands,2016-02-10,0.8,-3.81,0.0,17.63,32.09
scottish_highlands,2016-02-11,2.62,-2.02,2.36,13.6,63.11
scottish_highlands,2016-02-12,4.44,-1.75,0.95,25.38,49.09
scottish_highlands,2016-02-13,3.43,0.25,5.59,4.87,64.67
scottish_highlands,2016-02-14,2.16,2.58,1.92,22.56,82.84
scottish_highlands,2016-02-15,10.08,-3.46,2.17,16.58,58.83
scottish_highlands,2016-02-16,6.19,7.67,1.57,14.88,79.8
scottish_highlands,2016-02-17,4.05,0.73,2.31,18.78,64.11
scottish_highlands,2016-02-18,8.94,-4.14,8.38,4.41,64.15
scottish_highlands,2016-02-19,7.51,-0.48,0.0,15.43,52.28
scottish_highlands,2016-02-20,4.63,-1.8,4.4,10.55,60.58
scottish_highlands,2016-02-21,10.56,-5.65,0.32,7.62,66.95
scottish_highlands,2016-02-22,7.08,-0.89,2.53,16.35,53.3
scottish_highlands,2016-02-23,0.7,1.78,0.39,15.14,75.13
scottish_highlands,2016-02-24,6.67,-0.43,0.84,18.71,64.22
scottish_highlands,2016-02-25,4.59,2.2,6.44,20.31,89.1
scottish_highlands,2016-02-26,2.9,-2.84,8.8,15.17,56.71
scottish_highlands,2016-02-27,2.01,3.76,2.55,8.79,40.66
scottish_highlands,2016-02-28,4.15,2.76,2.4,11.6,71.14
scottish_highlands,2016-02-29,6.43,2.85,3.56,10.43,95.73
scottish_highlands,2016-03-01,5.57,-5.48,3.62,13.88,70.23
scottish_highlands,2016-03-02,7.95,1.26,3.03,9.38,61.73
scottish_highlands,2016-03-03,10.31,1.92,1.22,17.8,62.6
scottish_highlands,2016-03-04,5.6,4.2,1.26,18.08,57.3
scottish_highlands,2016-03-05,6.46,-2.89,0.99,21.81,46.14
scottish_highlands,2016-03-06,8.82,0.93,1.08,9.2,55.77
scottish_highlands,2016-03-07,9.48,4.92,0.68,9.3,62.0
scottish_highlands,2016-03-08,7.05,-1.68,1.2,16.79,83.02
scottish_highlands,2016-03-09,6.29,5.76,2.0,6.71,63.77
scottish_highlands,2016-03-10,3.05,-3.94,10.16,24.09,86.49
scottish_highlands,2016-03-11,8.44,2.22,1.77,13.69,82.71
scottish_highlands,2016-03-12,11.12,1.5,7.53,13.73,68.06
scottish_highlands,2016-03-13,10.16,1.74,0.61,17.27,77.76
scottish_highlands,2016-03-14,12.83,5.61,5.29,11.84,69.11
scottish_highlands,2016-03-15,9.01,0.68,3.02,15.64,71.18
scottish_highlands,2016-03-16,11.63,3.07,4.66,15.07,62.61
scottish_highlands,2016-03-17,8.76,2.84,2.98,9.86,77.35
scottish_highlands,2016-03-18,7.67,4.65,2.14,12.84,63.69
scottish_highlands,2016-03-19,3.76,0.15,0.0,11.9,94.31
scottish_highlands,2016-03-20,12.59,3.72,3.4,16.17,74.47
scottish_highlands,2016-03-21,11.98,1.3,3.45,18.81,60.87
scottish_highlands,2016-03-22,6.0,5.23,1.2,11.07,52.22
scottish_highlands,2016-03-23,8.43,1.16,0.0,22.93,57.86
scottish_highlands,2016-03-24,3.76,5.05,5.11,20.4,78.77
scottish_highlands,2016-03-25,6.56,0.94,2.71,12.41,55.38
scottish_highlands,2016-03-26,6.32,0.98,2.29,12.26,50.21
scottish_highlands,2016-03-27,8.47,0.52,9.88,7.5,63.28
scottish_highlands,2016-03-28,14.14,1.61,0.0,13.56,68.38
scottish_highlands,2016-03-29,8.13,2.01,7.74,15.52,75.59
scottish_highlands,2016-03-30,13.46,-1.23,3.84,17.78,81.61
scottish_highlands,2016-03-31,10.5,4.04,1.1,16.14,74.58
scottish_highlands,2016-04-01,6.79,4.53,0.0,18.02,49.19
scottish_highlands,2016-04-02,7.44,0.88,1.63,16.65,67.57
scottish_highlands,2016-04-03,6.87,3.51,0.0,9.06,40.39
scottish_highlands,2016-04-04,10.84,0.84,1.82,15.43,82.34
scottish_highlands,2016-04-05,2.69,0.97,1.51,3.87,50.22
scottish_highlands,2016-04-06,14.55,5.46,2.46,21.18,51.15
scottish_highlands,2016-04-07,10.41,7.41,4.21,21.02,63.32
scottish_highlands,2016-04-08,11.36,6.8,0.0,20.11,71.26
scottish_highlands,2016-04-09,13.64,0.62,5.68,19.09,61.71
scottish_highlands,2016-04-10,14.62,4.15,5.08,22.04,49.77
scottish_highlands,2016-04-11,12.08,8.14,1.62,17.68,79.69
scottish_highlands,2016-04-12,14.73,6.31,8.99,9.57,72.82
scottish_highlands,2016-04-13,9.2,7.37,3.79,16.94,74.96
scottish_highlands,2016-04-14,14.26,8.79,0.0,16.7,73.05
scottish_highlands,2016-04-15,8.52,9.97,3.19,19.38,55.77
scottish_highlands,2016-04-16,14.38,3.23,3.34,22.1,55.96
scottish_highlands,2016-04-17,13.84,1.37,6.27,15.08,79.67
scottish_highlands,2016-04-18,15.7,13.6,2.48,22.59,74.44
scottish_highlands,2016-04-19,6.46,4.43,3.42,15.79,69.84
scottish_highlands,2016-04-20,15.28,4.34,6.13,24.6,63.45
scottish_highlands,2016-04-21,13.25,4.67,2.65,19.42,66.87
scottish_highlands,2016-04-22,12.44,9.01,5.38,21.42,77.94
scottish_highlands,2016-04-23,11.53,5.15,2.64,19.71,58.44
scottish_highlands,2016-04-24,12.09,8.35,2.67,15.43,88.18
scottish_highlands,2016-04-25,19.81,8.23,0.51,19.4,92.79
scottish_highlands,2016-04-26,12.55,4.82,1.08,12.43,68.35
scottish_highlands,2016-04-27,14.38,6.53,5.89,22.42,72.75
scottish_highlands,2016-04-28,15.39,3.85,5.9,21.3,86.37
scottish_highlands,2016-04-29,11.39,8.52,9.79,16.44,89.17
scottish_highlands,2016-04-30,16.66,1.25,10.3,23.83,50.91
scottish_highlands,2016-05-01,11.4,5.9,9.09,10.45,89.84
scottish_highlands,2016-05-02,17.04,5.97,8.19,12.81,77.07
scottish_highlands,2016-05-03,11.51,8.04,4.63,26.98,82.96
scottish_highlands,2016-05-04,12.59,6.99,10.67,12.39,77.82
scottish_highlands,2016-05-05,16.37,5.82,8.3,26.62,64.63
scottish_highlands,2016-05-06,14.89,6.03,9.98,15.75,76.46
scottish_highlands,2016-05-07,15.79,6.35,5.26,20.85,87.35
scottish_highlands,2016-05-08,11.37,9.16,7.18,24.81,72.67
scottish_highlands,2016-05-09,19.39,7.52,5.2,30.88,68.5
scottish_highlands,2016-05-10,9.8,7.28,5.74,13.94,66.19
scottish_highlands,2016-05-11,17.92,6.55,0.0,22.17,75.61
scottish_highlands,2016-05-12,16.62,8.16,0.33,24.29,60.43
scottish_highlands,2016-05-13,13.25,13.87,6.78,26.85,63.29
scottish_highlands,2016-05-14,16.1,9.28,1.47,18.81,83.69
scottish_highlands,2016-05-15,16.94,6.81,5.58,26.05,82.95
scottish_highlands,2016-05-16,14.71,5.79,3.47,20.9,80.9
scottish_highlands,2016-05-17,13.89,8.32,4.42,8.88,65.15
scottish_highlands,2016-05-18,17.28,9.36,0.46,22.39,78.71
scottish_highlands,2016-05-19,20.78,8.26,2.17,28.21,89.47
scottish_highlands,2016-05-20,13.73,7.35,6.39,16.96,78.15
scottish_highlands,2016-05-21,18.21,6.14,6.97,18.6,83.71
scottish_highlands,2016-05-22,17.67,8.74,7.0,21.04,87.56
scottish_highlands,2016-05-23,21.98,11.38,9.01,19.89,69.4
scottish_highlands,2016-05-24,20.25,5.39,4.8,16.6,66.68
scottish_highlands,2016-05-25,19.56,8.28,1.82,22.54,68.36
scottish_highlands,2016-05-26,21.38,9.66,1.51,22.25,64.24
scottish_highlands,2016-05-27,17.39,6.8,9.11,22.58,89.72
scottish_highlands,2016-05-28,16.08,11.59,2.57,18.92,75.89
scottish_highlands,2016-05-29,19.48,6.37,4.4,13.82,96.07
scottish_highlands,2016-05-30,14.68,8.32,0.9,16.19,67.45
scottish_highlands,2016-05-31,21.1,10.81,3.56,25.18,81.91
scottish_highlands,2016-06-01,13.45,14.81,1.35,12.82,80.12
scottish_highlands,2016-06-02,13.73,9.4,8.41,20.4,71.94
scottish_highlands,2016-06-03,15.11,7.34,2.54,25.59,56.18
scottish_highlands,2016-06-04,14.56,11.57,5.21,18.39,77.73
scottish_highlands,2016-06-05,15.27,8.29,2.22,22.71,62.22
scottish_highlands,2016-06-06,11.53,9.31,8.28,19.33,51.8
scottish_highlands,2016-06-07,15.22,10.8,4.68,12.52,53.07
scottish_highlands,2016-06-08,16.74,7.45,11.43,25.0,76.05
scottish_highlands,2016-06-09,18.4,6.76,8.96,12.0,76.62
scottish_highlands,2016-06-10,17.16,10.0,7.55,16.73,89.87
scottish_highlands,2016-06-11,18.55,13.68,2.38,15.79,89.09
scottish_highlands,2016-06-12,18.67,16.58,7.34,18.08,74.45
scottish_highlands,2016-06-13,13.74,10.46,8.19,22.62,68.74
scottish_highlands,2016-06-14,20.63,8.78,0.0,19.07,67.61
scottish_highlands,2016-06-15,16.41,10.26,4.36,16.14,54.85
scottish_highlands,2016-06-16,10.44,11.27,5.76,15.43,82.57
scottish_highlands,2016-06-17,15.85,10.48,6.24,18.69,84.29
scottish_highlands,2016-06-18,18.68,12.59,7.52,23.41,81.52
scottish_highlands,2016-06-19,22.84,9.24,4.62,19.11,80.66
scottish_highlands,2016-06-20,22.12,10.04,1.46,21.4,71.13
scottish_highlands,2016-06-21,12.9,10.19,3.09,25.1,84.71
scottish_highlands,2016-06-22,15.15,9.35,1.33,23.21,83.21
scottish_highlands,2016-06-23,19.4,14.63,1.25,17.46,62.67
scottish_highlands,2016-06-24,19.22,8.39,5.92,26.81,75.07
scottish_highlands,2016-06-25,18.83,13.94,8.96,15.01,71.66
scottish_highlands,2016-06-26,19.63,10.7,1.64,22.8,78.57
scottish_highlands,2016-06-27,13.64,7.93,4.08,24.78,72.57
scottish_highlands,2016-06-28,18.15,8.91,3.09,22.82,93.14
scottish_highlands,2016-06-29,18.46,7.35,6.53,23.54,84.34
scottish_highlands,2016-06-30,15.65,10.4,4.81,24.21,81.48
scottish_highlands,2016-07-01,18.42,10.78,6.31,33.25,69.59
scottish_highlands,2016-07-02,18.77,12.63,3.04,16.42,78.67
scottish_highlands,2016-07-03,18.72,16.93,6.89,31.87,71.54
scottish_highlands,2016-07-04,24.54,11.17,2.77,26.63,82.84
scottish_highlands,2016-07-05,19.85,10.5,5.17,15.79,92.21
scottish_highlands,2016-07-06,18.0,11.87,6.73,27.25,70.52
scottish_highlands,2016-07-07,15.95,14.12,7.88,24.36,63.75
scottish_highlands,2016-07-08,22.54,11.6,10.37,20.12,84.73
scottish_highlands,2016-07-09,19.63,10.81,7.96,20.73,92.4
scottish_highlands,2016-07-10,17.14,9.67,5.38,25.69,100.0
scottish_highlands,2016-07-11,14.79,14.11,6.47,24.81,48.56
scottish_highlands,2016-07-12,21.62,11.39,8.42,12.35,61.8
scottish_highlands,2016-07-13,20.64,9.84,1.27,19.88,65.41
scottish_highlands,2016-07-14,16.82,11.13,6.31,25.57,42.77
scottish_highlands,2016-07-15,17.08,9.85,9.05,18.38,81.17
scottish_highlands,2016-07-16,19.45,9.76,5.16,22.95,91.01
scottish_highlands,2016-07-17,22.48,12.06,6.35,20.32,79.48
scottish_highlands,2016-07-18,20.11,14.55,5.75,25.1,73.92
scottish_highlands,2016-07-19,16.43,9.82,6.48,16.55,73.0
scottish_highlands,2016-07-20,23.3,11.03,6.26,27.62,83.18
scottish_highlands,2016-07-21,19.68,10.72,2.58,20.24,75.31
scottish_highlands,2016-07-22,16.98,11.45,9.16,17.9,69.92
scottish_highlands,2016-07-23,18.33,11.9,5.17,29.36,62.87
scottish_highlands,2016-07-24,19.66,17.01,1.7,25.55,95.1
scottish_highlands,2016-07-25,22.54,14.39,5.01,10.46,68.14
scottish_highlands,2016-07-26,18.46,8.37,2.84,18.15,63.67
scottish_highlands,2016-07-27,14.69,10.77,11.53,25.0,83.09
scottish_highlands,2016-07-28,17.08,9.28,3.54,17.68,91.18
scottish_highlands,2016-07-29,25.03,14.34,4.89,21.53,67.47
scottish_highlands,2016-07-30,24.68,11.47,7.8,18.52,76.2
scottish_highlands,2016-07-31,20.85,16.12,0.01,29.48,70.83
scottish_highlands,2016-08-01,12.57,10.08,5.14,15.38,84.54
scottish_highlands,2016-08-02,25.0,7.18,3.15,20.75,71.82
scottish_highlands,2016-08-03,16.47,12.19,7.77,29.09,75.93
scottish_highlands,2016-08-04,21.39,15.62,6.77,20.61,94.73
scottish_highlands,2016-08-05,18.95,9.04,2.76,26.39,68.18
scottish_highlands,2016-08-06,20.84,11.95,4.44,22.91,76.15
scottish_highlands,2016-08-07,19.99,10.47,8.42,12.87,71.06
scottish_highlands,2016-08-08,19.23,7.93,9.03,28.06,77.81
scottish_highlands,2016-08-09,18.06,12.21,0.98,16.81,86.64
scottish_highlands,2016-08-10,15.39,9.77,7.05,25.49,64.73
scottish_highlands,2016-08-11,15.8,11.32,7.77,16.24,81.66
scottish_highlands,2016-08-12,18.5,6.55,1.48,22.96,83.34
scottish_highlands,2016-08-13,16.99,7.53,7.82,27.33,77.9
scottish_highlands,2016-08-14,18.24,10.28,5.81,19.95,77.28
scottish_highlands,2016-08-15,21.11,11.83,6.23,17.7,72.71
scottish_highlands,2016-08-16,20.33,7.85,6.47,31.0,70.71
scottish_highlands,2016-08-17,19.4,11.62,6.47,17.67,59.62
scottish_highlands,2016-08-18,19.17,6.52,4.58,22.27,83.82
scottish_highlands,2016-08-19,18.79,8.96,12.9,23.44,74.31
scottish_highlands,2016-08-20,21.27,11.22,2.1,21.38,86.26
scottish_highlands,2016-08-21,18.53,7.16,7.2,21.97,81.7
scottish_highlands,2016-08-22,15.43,9.94,1.36,19.03,100.0
scottish_highlands,2016-08-23,25.34,8.39,3.05,22.52,94.37
scottish_highlands,2016-08-24,16.39,7.73,6.83,18.56,93.56
scottish_highlands,2016-08-25,12.77,9.07,7.44,19.32,87.15
scottish_highlands,2016-08-26,17.6,8.2,6.17,17.23,90.33
scottish_highlands,2016-08-27,14.06,11.59,1.62,16.63,85.11
scottish_highlands,2016-08-28,13.66,10.45,4.7,20.99,73.05
scottish_highlands,2016-08-29,18.0,8.8,8.28,24.66,85.79
scottish_highlands,2016-08-30,18.5,6.57,5.27,23.77,77.17
scottish_highlands,2016-08-31,14.51,10.77,7.7,20.68,65.03
scottish_highlands,2016-09-01,16.4,10.27,5.44,21.15,72.75
scottish_highlands,2016-09-02,20.72,6.68,4.16,21.15,87.28
scottish_highlands,2016-09-03,11.89,12.15,5.29,18.45,87.94
scottish_highlands,2016-09-04,17.28,9.27,0.0,21.57,65.67
scottish_highlands,2016-09-05,14.97,8.72,0.0,18.68,65.04
scottish_highlands,2016-09-06,17.46,12.91,5.53,13.56,72.16
scottish_highlands,2016-09-07,15.32,9.09,3.7,18.92,73.32
scottish_highlands,2016-09-08,12.82,6.95,5.36,20.73,54.27
scottish_highlands,2016-09-09,18.31,7.07,5.14,21.42,65.54
scottish_highlands,2016-09-10,22.5,8.67,3.1,21.06,55.27
scottish_highlands,2016-09-11,18.17,8.24,7.89,22.72,71.4
scottish_highlands,2016-09-12,15.93,7.56,5.04,19.67,58.65
scottish_highlands,2016-09-13,18.31,11.8,3.28,26.78,86.15
scottish_highlands,2016-09-14,15.69,6.02,1.72,24.84,83.72
scottish_highlands,2016-09-15,20.75,10.19,0.0,22.26,53.58
scottish_highlands,2016-09-16,16.06,8.39,3.78,16.88,85.88
scottish_highlands,2016-09-17,20.96,8.71,9.98,20.78,70.06
scottish_highlands,2016-09-18,18.1,9.3,5.24,19.9,77.36
scottish_highlands,2016-09-19,16.9,13.75,3.2,22.94,57.35
scottish_highlands,2016-09-20,16.11,9.94,1.06,18.2,59.31
scottish_highlands,2016-09-21,16.32,5.37,4.36,26.1,63.07
scottish_highlands,2016-09-22,11.4,4.99,6.28,19.29,94.25
scottish_highlands,2016-09-23,15.0,8.32,4.41,19.85,74.7
scottish_highlands,2016-09-24,19.91,9.63,0.87,15.82,60.15
scottish_highlands,2016-09-25,13.13,8.63,1.05,20.94,73.42
scottish_highlands,2016-09-26,14.06,1.26,2.32,16.39,76.01
scottish_highlands,2016-09-27,16.63,9.56,4.26,29.21,61.09
scottish_highlands,2016-09-28,9.9,11.79,2.71,19.78,53.32
scottish_highlands,2016-09-29,11.15,9.05,5.52,21.06,69.69
scottish_highlands,2016-09-30,18.63,8.34,8.47,28.21,80.08
scottish_highlands,2016-10-01,13.33,6.24,2.57,20.66,48.24
scottish_highlands,2016-10-02,18.75,7.34,6.72,27.33,74.83
scottish_highlands,2016-10-03,16.25,3.21,4.9,16.69,73.98
scottish_highlands,2016-10-04,12.47,1.71,0.0,17.95,64.02
scottish_highlands,2016-10-05,16.97,5.44,5.23,21.21,55.95
scottish_highlands,2016-10-06,12.54,9.71,4.53,17.98,68.52
scottish_highlands,2016-10-07,10.02,11.78,1.08,15.3,66.48
scottish_highlands,2016-10-08,17.98,5.73,2.8,19.77,59.49
scottish_highlands,2016-10-09,7.98,2.53,2.4,22.19,74.86
scottish_highlands,2016-10-10,11.76,3.43,1.34,14.32,76.39
scottish_highlands,2016-10-11,9.03,6.14,6.57,19.95,85.23
scottish_highlands,2016-10-12,12.81,7.85,4.4,19.37,75.05
scottish_highlands,2016-10-13,13.71,0.54,6.54,24.1,57.19
scottish_highlands,2016-10-14,14.71,3.36,0.8,22.62,80.31
scottish_highlands,2016-10-15,18.26,5.1,0.0,10.01,86.12
scottish_highlands,2016-10-16,14.75,2.43,8.71,27.19,72.4
scottish_highlands,2016-10-17,12.1,2.84,10.51,11.64,69.74
scottish_highlands,2016-10-18,11.27,4.84,0.37,17.2,85.47
scottish_highlands,2016-10-19,9.38,4.12,2.22,13.23,59.26
scottish_highlands,2016-10-20,12.45,4.56,8.02,15.74,46.43
scottish_highlands,2016-10-21,10.27,2.15,2.05,15.47,55.42
scottish_highlands,2016-10-22,17.16,3.14,3.07,24.83,100.0
scottish_highlands,2016-10-23,12.37,1.62,1.97,15.25,77.99
scottish_highlands,2016-10-24,9.07,3.92,0.0,16.03,72.75
scottish_highlands,2016-10-25,11.08,6.51,6.61,12.25,80.52
scottish_highlands,2016-10-26,14.36,4.42,2.39,20.22,42.21
scottish_highlands,2016-10-27,11.96,3.67,3.48,18.23,72.69
scottish_highlands,2016-10-28,10.45,5.33,6.38,15.26,71.85
scottish_highlands,2016-10-29,10.1,4.33,1.49,13.04,67.56
scottish_highlands,2016-10-30,12.46,1.14,0.0,13.13,74.52
scottish_highlands,2016-10-31,10.68,6.56,2.66,8.04,46.81
scottish_highlands,2016-11-01,8.78,2.74,3.49,19.77,58.93
scottish_highlands,2016-11-02,10.93,3.5,4.82,13.27,55.33
scottish_highlands,2016-11-03,10.7,5.55,4.13,14.62,60.02
scottish_highlands,2016-11-04,10.69,6.79,0.7,16.41,84.87
scottish_highlands,2016-11-05,12.81,6.01,0.0,19.21,84.54
scottish_highlands,2016-11-06,6.4,5.81,4.12,19.29,53.45
scottish_highlands,2016-11-07,8.72,5.72,3.37,20.85,68.0
scottish_highlands,2016-11-08,9.21,-0.95,6.06,17.85,36.13
scottish_highlands,2016-11-09,7.64,2.43,0.0,27.04,63.27
scottish_highlands,2016-11-10,6.9,3.12,3.17,15.39,85.93
scottish_highlands,2016-11-11,9.78,3.38,0.0,19.1,81.25
scottish_highlands,2016-11-12,10.03,4.75,6.23,16.35,77.33
scottish_highlands,2016-11-13,7.83,3.43,2.74,19.85,48.47
scottish_highlands,2016-11-14,13.23,2.84,3.92,12.04,77.19
scottish_highlands,2016-11-15,8.12,1.27,6.68,13.05,63.32
scottish_highlands,2016-11-16,4.29,2.53,3.69,12.13,57.29
scottish_highlands,2016-11-17,10.68,6.69,0.0,13.81,64.76
scottish_highlands,2016-11-18,5.71,-0.31,2.24,16.34,68.69
scottish_highlands,2016-11-19,13.79,-2.44,3.22,10.38,78.96
scottish_highlands,2016-11-20,6.06,7.85,1.18,16.96,65.85
scottish_highlands,2016-11-21,5.39,2.53,4.63,8.09,62.09
scottish_highlands,2016-11-22,11.3,1.52,7.71,23.86,57.23
scottish_highlands,2016-11-23,7.08,-0.83,2.44,16.59,43.13
scottish_highlands,2016-11-24,7.82,0.15,0.04,13.09,71.82
scottish_highlands,2016-11-25,4.83,2.79,4.55,21.58,37.31
scottish_highlands,2016-11-26,7.19,1.24,0.0,16.55,75.43
scottish_highlands,2016-11-27,7.01,-2.08,3.65,8.45,59.67
scottish_highlands,2016-11-28,5.0,-0.61,2.24,11.06,44.63
scottish_highlands,2016-11-29,11.18,4.52,0.25,13.26,54.07
scottish_highlands,2016-11-30,4.66,0.03,4.86,20.75,56.09
scottish_highlands,2016-12-01,5.99,6.04,2.31,22.43,48.31
scottish_highlands,2016-12-02,4.93,0.8,0.0,7.88,68.36
scottish_highlands,2016-12-03,5.53,4.64,2.81,11.55,71.95
scottish_highlands,2016-12-04,3.21,-0.24,9.02,28.15,67.74
scottish_highlands,2016-12-05,8.05,1.9,3.08,19.67,68.56
scottish_highlands,2016-12-06,10.88,-2.11,1.91,12.13,50.03
scottish_highlands,2016-12-07,8.83,-1.47,2.51,12.92,56.6
scottish_highlands,2016-12-08,9.48,2.56,1.7,20.58,67.06
scottish_highlands,2016-12-09,7.67,0.72,3.19,17.95,79.65
scottish_highlands,2016-12-10,3.81,1.81,5.23,17.5,55.73
scottish_highlands,2016-12-11,2.76,-2.54,4.92,20.23,28.35
scottish_highlands,2016-12-12,4.03,-2.39,0.0,17.11,72.39
scottish_highlands,2016-12-13,7.72,-1.68,0.0,15.48,78.15
scottish_highlands,2016-12-14,9.36,2.88,3.25,5.46,35.23
scottish_highlands,2016-12-15,3.38,1.28,0.0,9.99,65.27
scottish_highlands,2016-12-16,6.7,0.23,1.49,14.84,68.87
scottish_highlands,2016-12-17,8.88,3.53,1.89,17.04,51.48
scottish_highlands,2016-12-18,9.9,1.04,6.08,17.93,50.86
scottish_highlands,2016-12-19,9.31,0.22,3.49,12.98,58.83
scottish_highlands,2016-12-20,5.6,2.71,0.0,16.72,65.04
scottish_highlands,2016-12-21,12.7,2.81,0.78,21.11,54.94
scottish_highlands,2016-12-22,11.62,-4.4,2.23,16.73,62.43
scottish_highlands,2016-12-23,4.83,-0.44,0.0,15.24,58.58
scottish_highlands,2016-12-24,8.27,3.13,0.0,15.36,61.17
scottish_highlands,2016-12-25,6.12,3.48,4.71,8.86,55.34
scottish_highlands,2016-12-26,5.62,-0.56,0.0,8.95,61.51
scottish_highlands,2016-12-27,0.57,-1.85,2.0,6.89,54.46
scottish_highlands,2016-12-28,14.25,-1.41,2.29,9.7,70.15
scottish_highlands,2016-12-29,3.09,-3.0,1.64,16.97,74.18
scottish_highlands,2016-12-30,3.42,-0.77,7.62,14.7,50.4
scottish_highlands,2016-12-31,4.52,-4.67,1.34,16.47,81.54
scottish_highlands,2017-01-01,9.47,0.28,3.22,17.91,65.6
scottish_highlands,2017-01-02,5.03,0.6,0.0,15.61,69.4
scottish_highlands,2017-01-03,-0.61,-0.79,0.0,13.21,64.7
scottish_highlands,2017-01-04,2.84,-3.05,5.12,5.24,73.63
scottish_highlands,2017-01-05,9.64,-1.87,5.28,19.72,60.96
scottish_highlands,2017-01-06,5.14,-3.39,0.0,17.76,53.42
scottish_highlands,2017-01-07,3.82,-0.25,5.86,10.48,75.18
scottish_highlands,2017-01-08,8.17,-1.96,3.6,15.09,71.69
scottish_highlands,2017-01-09,8.49,-1.91,1.15,15.61,53.69
scottish_highlands,2017-01-10,6.31,2.17,6.41,13.75,53.52
scottish_highlands,2017-01-11,6.53,1.03,4.22,10.98,63.65
scottish_highlands,2017-01-12,11.75,2.4,0.55,9.49,75.23
scottish_highlands,2017-01-13,3.61,-3.0,2.25,22.67,88.35
scottish_highlands,2017-01-14,0.43,7.08,2.93,14.38,59.48
scottish_highlands,2017-01-15,3.49,1.99,10.05,22.98,53.07
scottish_highlands,2017-01-16,4.27,0.76,6.84,11.57,63.45
scottish_highlands,2017-01-17,7.43,-0.25,3.25,8.4,66.88
scottish_highlands,2017-01-18,3.83,-6.55,2.23,9.27,58.81
scottish_highlands,2017-01-19,-0.01,-2.82,1.25,12.0,68.98
scottish_highlands,2017-01-20,5.99,-6.78,0.0,12.88,83.94
scottish_highlands,2017-01-21,3.6,2.79,4.99,21.65,42.01
scottish_highlands,2017-01-22,3.81,-2.54,0.0,18.04,71.78
scottish_highlands,2017-01-23,2.35,0.66,0.27,5.83,59.72
scottish_highlands,2017-01-24,2.68,1.75,0.0,13.11,47.39
scottish_highlands,2017-01-25,4.48,-3.82,1.97,16.06,46.16
scottish_highlands,2017-01-26,2.66,1.06,5.51,16.61,61.73
scottish_highlands,2017-01-27,8.73,-5.74,0.0,4.03,55.45
scottish_highlands,2017-01-28,2.13,-0.55,3.99,18.64,69.92
scottish_highlands,2017-01-29,5.93,4.53,4.8,17.52,85.81
scottish_highlands,2017-01-30,5.87,1.86,12.42,15.31,68.51
scottish_highlands,2017-01-31,6.31,3.3,6.38,14.78,82.39
scottish_highlands,2017-02-01,7.64,-5.65,3.52,18.88,52.19
scottish_highlands,2017-02-02,7.74,-1.41,5.36,13.56,50.71
scottish_highlands,2017-02-03,4.59,-2.44,2.65,3.39,55.27
scottish_highlands,2017-02-04,6.51,0.48,0.0,12.42,63.34
scottish_highlands,2017-02-05,1.31,-4.95,0.84,15.18,48.34
scottish_highlands,2017-02-06,11.33,0.59,2.53,15.6,65.65
scottish_highlands,2017-02-07,3.97,-1.0,5.85,17.17,62.03
scottish_highlands,2017-02-08,1.36,-2.67,1.76,13.4,56.19
scottish_highlands,2017-02-09,3.81,0.22,0.0,13.95,64.3
scottish_highlands,2017-02-10,6.56,-6.69,5.67,4.88,63.1
scottish_highlands,2017-02-11,9.1,1.33,0.0,13.26,71.77
scottish_highlands,2017-02-12,6.54,-0.23,3.39,7.02,31.39
scottish_highlands,2017-02-13,6.17,3.52,9.36,17.74,44.19
scottish_highlands,2017-02-14,8.83,2.53,1.37,11.87,71.99
scottish_highlands,2017-02-15,5.31,-2.72,5.47,19.75,62.59
scottish_highlands,2017-02-16,5.73,-1.08,4.49,15.15,62.13
scottish_highlands,2017-02-17,7.93,-2.52,1.02,5.45,60.98
scottish_highlands,2017-02-18,9.23,-0.22,4.77,21.27,56.57
scottish_highlands,2017-02-19,7.7,1.2,5.06,19.0,39.41
scottish_highlands,2017-02-20,2.16,0.94,6.37,3.39,58.88
scottish_highlands,2017-02-21,10.98,0.96,3.43,14.16,64.36
scottish_highlands,2017-02-22,7.04,0.21,5.69,17.03,56.56
scottish_highlands,2017-02-23,-0.11,-0.29,2.62,22.7,60.91
scottish_highlands,2017-02-24,4.83,2.19,0.58,19.56,54.39
scottish_highlands,2017-02-25,10.22,-4.76,4.14,23.36,88.98
scottish_highlands,2017-02-26,3.1,4.22,6.13,17.68,60.96
scottish_highlands,2017-02-27,6.9,-4.8,3.63,8.1,57.83
scottish_highlands,2017-02-28,13.08,-3.03,0.0,12.83,60.44
scottish_highlands,2017-03-01,9.2,5.38,3.08,8.29,77.25
scottish_highlands,2017-03-02,2.99,3.2,4.71,11.45,80.95
scottish_highlands,2017-03-03,6.21,-2.23,2.73,14.98,45.44
scottish_highlands,2017-03-04,4.64,-3.35,5.42,14.4,71.78
scottish_highlands,2017-03-05,9.08,-0.47,4.89,16.82,77.83
scottish_highlands,2017-03-06,10.14,-1.99,6.66,10.96,69.09
scottish_highlands,2017-03-07,5.26,3.75,0.35,21.16,60.26
scottish_highlands,2017-03-08,3.49,0.66,1.21,13.67,62.93
scottish_highlands,2017-03-09,8.83,-3.73,4.54,15.69,67.07
scottish_highlands,2017-03-10,9.75,3.54,6.06,17.78,56.92
scottish_highlands,2017-03-11,10.15,-1.27,6.93,17.24,61.29
scottish_highlands,2017-03-12,9.79,0.59,0.0,19.08,78.13
scottish_highlands,2017-03-13,6.91,0.59,5.78,15.52,92.02
scottish_highlands,2017-03-14,0.25,6.59,4.68,17.22,68.31
scottish_highlands,2017-03-15,6.16,-0.82,5.45,21.94,73.72
scottish_highlands,2017-03-16,10.36,0.95,2.93,8.82,76.3
scottish_highlands,2017-03-17,8.34,0.25,5.79,17.91,49.29
scottish_highlands,2017-03-18,9.6,3.01,3.76,23.08,78.32
scottish_highlands,2017-03-19,3.48,3.8,0.43,24.0,71.63
scottish_highlands,2017-03-20,7.77,2.13,0.0,4.82,51.32
scottish_highlands,2017-03-21,7.99,2.06,0.0,11.81,71.76
scottish_highlands,2017-03-22,10.1,4.37,5.21,19.94,47.57
scottish_highlands,2017-03-23,8.33,6.02,0.08,17.84,68.11
scottish_highlands,2017-03-24,7.79,3.84,4.77,15.63,79.55
scottish_highlands,2017-03-25,5.06,4.23,3.41,26.43,74.85
scottish_highlands,2017-03-26,10.04,1.72,3.05,12.58,57.1
scottish_highlands,2017-03-27,9.64,2.89,2.22,10.75,72.38
scottish_highlands,2017-03-28,7.24,0.98,5.86,14.83,75.63
scottish_highlands,2017-03-29,6.04,1.49,0.0,20.55,54.38
scottish_highlands,2017-03-30,16.66,2.68,6.91,11.93,73.94
scottish_highlands,2017-03-31,7.14,0.53,3.35,8.03,73.67
scottish_highlands,2017-04-01,11.98,9.76,7.69,13.7,45.06
scottish_highlands,2017-04-02,8.85,2.57,3.01,11.1,61.06
scottish_highlands,2017-04-03,5.36,3.65,5.62,16.82,63.49
scottish_highlands,2017-04-04,13.61,3.86,2.13,20.36,57.56
scottish_highlands,2017-04-05,10.61,2.57,4.24,17.67,59.13
scottish_highlands,2017-04-06,11.21,6.33,2.48,24.34,64.5
scottish_highlands,2017-04-07,10.26,6.09,9.37,19.02,71.24
scottish_highlands,2017-04-08,9.47,3.31,0.0,15.86,82.46
scottish_highlands,2017-04-09,11.64,5.41,0.98,12.17,82.28
scottish_highlands,2017-04-10,11.83,7.31,0.0,16.24,89.58
scottish_highlands,2017-04-11,7.41,5.32,0.0,15.15,62.42
scottish_highlands,2017-04-12,5.83,4.9,2.41,19.76,100.0
scottish_highlands,2017-04-13,9.13,9.36,11.1,17.36,83.54
scottish_highlands,2017-04-14,11.01,0.3,4.04,6.3,68.49
scottish_highlands,2017-04-15,14.91,9.39,8.79,18.54,55.91
scottish_highlands,2017-04-16,13.63,4.38,1.34,26.03,76.74
scottish_highlands,2017-04-17,17.42,3.05,7.9,15.66,58.81
scottish_highlands,2017-04-18,11.98,6.39,4.22,21.76,75.2
scottish_highlands,2017-04-19,6.41,9.07,3.69,17.49,91.16
scottish_highlands,2017-04-20,8.22,3.26,4.26,15.95,72.65
scottish_highlands,2017-04-21,10.66,5.19,3.7,18.0,73.05
scottish_highlands,2017-04-22,13.88,4.08,12.13,26.36,71.71
scottish_highlands,2017-04-23,10.57,6.22,3.09,22.97,74.37
scottish_highlands,2017-04-24,11.78,1.14,4.85,34.44,85.36
scottish_highlands,2017-04-25,13.94,9.36,7.61,13.72,66.07
scottish_highlands,2017-04-26,11.8,0.56,2.49,26.57,55.42
scottish_highlands,2017-04-27,11.73,3.87,10.17,12.83,81.2
scottish_highlands,2017-04-28,14.61,7.11,1.93,23.97,55.91
scottish_highlands,2017-04-29,5.87,5.63,7.48,12.53,74.18
scottish_highlands,2017-04-30,15.22,6.23,0.0,12.7,67.56
scottish_highlands,2017-05-01,15.17,6.71,4.55,8.89,53.58
scottish_highlands,2017-05-02,14.51,7.32,7.92,18.38,74.04
scottish_highlands,2017-05-03,17.81,5.58,2.19,19.46,75.41
scottish_highlands,2017-05-04,16.85,12.29,2.24,20.99,77.26
scottish_highlands,2017-05-05,16.94,2.7,4.87,19.32,67.77
scottish_highlands,2017-05-06,12.56,8.82,5.32,19.31,68.0
scottish_highlands,2017-05-07,14.34,2.15,0.0,16.63,85.66
scottish_highlands,2017-05-08,12.29,8.29,4.98,20.48,73.31
scottish_highlands,2017-05-09,18.18,9.68,4.09,22.67,76.48
scottish_highlands,2017-05-10,13.39,9.82,0.29,18.63,56.47
scottish_highlands,2017-05-11,17.62,3.69,7.08,23.47,78.49
scottish_highlands,2017-05-12,13.61,6.08,0.22,26.5,61.57
scottish_highlands,2017-05-13,12.95,9.4,0.4,26.67,67.15
scottish_highlands,2017-05-14,18.92,6.21,1.91,25.82,74.98
scottish_highlands,2017-05-15,18.02,6.99,9.92,16.66,94.84
scottish_highlands,2017-05-16,19.55,4.58,2.71,22.5,66.65
scottish_highlands,2017-05-17,11.91,5.87,6.98,23.91,63.62
scottish_highlands,2017-05-18,11.91,6.63,10.0,14.63,100.0
scottish_highlands,2017-05-19,10.7,5.87,4.15,20.66,80.64
scottish_highlands,2017-05-20,16.28,6.39,4.18,24.38,73.58
scottish_highlands,2017-05-21,14.92,11.23,3.76,23.06,76.58
scottish_highlands,2017-05-22,14.9,8.05,4.56,30.6,73.99
scottish_highlands,2017-05-23,17.41,8.3,1.2,19.83,82.22
scottish_highlands,2017-05-24,14.01,9.26,0.67,16.94,98.46
scottish_highlands,2017-05-25,11.12,4.23,2.7,17.01,73.18
scottish_highlands,2017-05-26,11.61,10.56,4.44,26.34,59.61
scottish_highlands,2017-05-27,13.22,8.99,5.42,23.88,87.47
scottish_highlands,2017-05-28,16.94,8.01,2.88,19.53,73.32
scottish_highlands,2017-05-29,17.53,16.19,7.26,30.23,68.67
scottish_highlands,2017-05-30,19.91,10.55,5.82,25.64,29.79
scottish_highlands,2017-05-31,13.77,11.37,7.44,24.98,83.2
scottish_highlands,2017-06-01,15.05,8.82,0.55,14.51,70.99
scottish_highlands,2017-06-02,17.87,10.72,3.85,20.52,77.38
scottish_highlands,2017-06-03,15.23,12.09,6.89,18.99,88.17
scottish_highlands,2017-06-04,16.61,11.47,2.91,17.27,85.39
scottish_highlands,2017-06-05,17.64,7.35,3.95,36.58,75.68
scottish_highlands,2017-06-06,21.96,11.7,5.8,23.92,75.01
scottish_highlands,2017-06-07,19.24,9.07,2.59,23.69,71.68
scottish_highlands,2017-06-08,15.3,7.5,7.47,23.23,92.65
scottish_highlands,2017-06-09,20.81,8.71,4.42,16.2,76.9
scottish_highlands,2017-06-10,16.33,8.23,0.68,25.07,68.53
scottish_highlands,2017-06-11,19.85,13.17,6.74,27.76,85.03
scottish_highlands,2017-06-12,18.51,9.35,6.21,17.68,63.2
scottish_highlands,2017-06-13,13.18,12.38,4.33,20.73,69.01
scottish_highlands,2017-06-14,18.04,6.74,4.92,18.29,82.54
scottish_highlands,2017-06-15,18.74,10.61,4.31,20.14,85.37
scottish_highlands,2017-06-16,10.14,7.28,4.83,25.58,89.27
scottish_highlands,2017-06-17,18.02,10.63,8.63,27.06,75.53
scottish_highlands,2017-06-18,21.27,9.32,5.93,22.24,70.82
scottish_highlands,2017-06-19,17.9,9.33,6.49,18.42,77.36
scottish_highlands,2017-06-20,16.3,9.05,1.52,28.96,93.83
scottish_highlands,2017-06-21,18.83,7.49,8.97,20.74,84.54
scottish_highlands,2017-06-22,21.08,12.14,7.1,26.8,94.31
scottish_highlands,2017-06-23,21.76,10.16,2.3,23.73,70.69
scottish_highlands,2017-06-24,19.8,8.39,4.25,21.18,73.58
scottish_highlands,2017-06-25,16.99,7.96,2.0,21.6,94.61
scottish_highlands,2017-06-26,15.18,12.46,2.25,20.7,69.75
scottish_highlands,2017-06-27,20.97,8.12,0.0,20.44,79.99
scottish_highlands,2017-06-28,17.03,10.4,7.68,15.28,65.36
scottish_highlands,2017-06-29,15.85,10.8,3.31,24.73,72.42
scottish_highlands,2017-06-30,13.41,14.16,9.1,18.63,97.16
scottish_highlands,2017-07-01,13.08,12.5,4.53,31.49,63.53
scottish_highlands,2017-07-02,21.17,11.54,4.7,20.79,82.23
scottish_highlands,2017-07-03,17.97,11.73,3.1,23.05,67.68
scottish_highlands,2017-07-04,20.47,14.1,7.98,22.79,97.25
scottish_highlands,2017-07-05,22.76,12.97,3.73,18.38,92.95
scottish_highlands,2017-07-06,22.18,7.39,0.0,19.46,82.84
scottish_highlands,2017-07-07,11.71,9.41,2.27,34.07,89.56
scottish_highlands,2017-07-08,15.18,10.21,4.53,31.65,51.65
scottish_highlands,2017-07-09,18.58,6.28,3.27,18.22,82.16
scottish_highlands,2017-07-10,21.07,7.98,6.4,18.38,73.33
scottish_highlands,2017-07-11,20.4,8.44,0.67,23.7,64.41
scottish_highlands,2017-07-12,24.74,10.75,4.58,16.45,63.27
scottish_highlands,2017-07-13,20.67,12.74,3.8,18.46,72.1
scottish_highlands,2017-07-14,17.89,9.98,9.27,30.83,95.63
scottish_highlands,2017-07-15,17.62,8.64,6.68,20.64,64.51
scottish_highlands,2017-07-16,16.14,11.91,4.96,27.57,80.25
scottish_highlands,2017-07-17,20.51,15.85,3.49,31.15,56.2
scottish_highlands,2017-07-18,18.14,12.64,3.98,25.11,100.0
scottish_highlands,2017-07-19,13.3,11.98,7.8,20.07,89.3
scottish_highlands,2017-07-20,21.14,6.0,5.02,27.49,67.53
scottish_highlands,2017-07-21,19.21,8.56,8.63,14.0,72.62
scottish_highlands,2017-07-22,20.1,10.04,6.23,17.13,100.0
scottish_highlands,2017-07-23,15.53,8.99,6.79,22.52,96.85
scottish_highlands,2017-07-24,23.8,2.59,2.38,15.96,62.15
scottish_highlands,2017-07-25,16.81,10.14,3.21,20.61,96.3
scottish_highlands,2017-07-26,23.18,11.02,7.23,20.04,79.97
scottish_highlands,2017-07-27,19.64,10.02,5.6,16.52,84.86
scottish_highlands,2017-07-28,18.03,11.41,8.34,26.33,83.86
scottish_highlands,2017-07-29,24.28,9.21,1.41,20.43,59.28
scottish_highlands,2017-07-30,19.51,12.35,9.41,23.5,79.73
scottish_highlands,2017-07-31,19.48,13.08,8.63,17.97,76.17
scottish_highlands,2017-08-01,17.94,12.85,4.29,25.88,72.73
scottish_highlands,2017-08-02,11.92,8.85,4.78,25.01,84.02
scottish_highlands,2017-08-03,21.55,10.99,8.99,19.02,87.71
scottish_highlands,2017-08-04,17.9,10.66,1.09,24.23,76.9
scottish_highlands,2017-08-05,17.89,8.18,8.29,25.26,63.44
scottish_highlands,2017-08-06,15.92,10.05,3.53,19.18,77.54
scottish_highlands,2017-08-07,17.14,10.9,5.19,16.79,97.85
scottish_highlands,2017-08-08,15.73,13.31,3.86,21.62,64.72
scottish_highlands,2017-08-09,21.91,13.33,7.68,19.89,53.57
scottish_highlands,2017-08-10,14.15,8.62,3.96,18.47,100.0
scottish_highlands,2017-08-11,12.29,10.69,7.67,19.43,85.5
scottish_highlands,2017-08-12,14.61,9.65,10.03,18.0,67.21
scottish_highlands,2017-08-13,22.28,8.46,3.89,24.55,69.54
scottish_highlands,2017-08-14,15.14,7.22,7.57,10.52,62.76
scottish_highlands,2017-08-15,21.0,13.33,7.61,23.75,100.0
scottish_highlands,2017-08-16,11.08,11.0,4.69,21.62,97.39
scottish_highlands,2017-08-17,16.12,8.29,4.22,24.53,69.35
scottish_highlands,2017-08-18,17.34,10.4,7.89,22.6,71.34
scottish_highlands,2017-08-19,14.66,9.78,10.89,23.99,90.58
scottish_highlands,2017-08-20,18.02,8.33,3.81,24.44,82.61
scottish_highlands,2017-08-21,18.09,7.94,3.52,17.03,67.86
scottish_highlands,2017-08-22,14.49,9.5,3.89,20.89,76.64
scottish_highlands,2017-08-23,14.4,11.61,6.73,25.32,76.02
scottish_highlands,2017-08-24,18.04,12.01,7.4,26.19,52.84
scottish_highlands,2017-08-25,21.85,10.41,6.16,19.23,69.12
scottish_highlands,2017-08-26,20.36,11.68,1.26,16.33,70.72
scottish_highlands,2017-08-27,20.62,9.18,6.99,11.7,73.74
scottish_highlands,2017-08-28,19.78,7.52,4.59,19.32,62.37
scottish_highlands,2017-08-29,19.86,8.95,3.35,13.52,90.83
scottish_highlands,2017-08-30,16.03,10.27,6.4,11.35,86.37
scottish_highlands,2017-08-31,15.41,9.34,2.79,13.02,68.48
scottish_highlands,2017-09-01,20.65,9.83,7.59,24.39,93.63
scottish_highlands,2017-09-02,15.98,6.87,7.05,21.61,77.77
scottish_highlands,2017-09-03,14.52,5.55,6.7,25.78,81.55
scottish_highlands,2017-09-04,19.32,10.08,2.89,22.82,84.54
scottish_highlands,2017-09-05,14.87,11.74,6.48,19.25,81.23
scottish_highlands,2017-09-06,17.24,7.06,4.49,14.41,81.2
scottish_highlands,2017-09-07,10.39,8.8,7.63,22.21,77.22
scottish_highlands,2017-09-08,18.24,4.69,4.21,24.48,70.34
scottish_highlands,2017-09-09,12.21,9.26,5.71,23.41,66.01
scottish_highlands,2017-09-10,17.19,16.47,5.95,24.33,62.65
scottish_highlands,2017-09-11,15.75,7.42,6.1,19.3,55.37
scottish_highlands,2017-09-12,23.08,8.44,4.67,16.42,90.32
scottish_highlands,2017-09-13,15.94,12.12,6.29,22.53,80.85
scottish_highlands,2017-09-14,17.18,8.02,7.05,15.0,86.64
scottish_highlands,2017-09-15,16.96,8.5,3.48,22.58,89.59
scottish_highlands,2017-09-16,13.41,9.98,5.77,20.39,84.07
scottish_highlands,2017-09-17,18.34,6.4,6.07,9.51,56.81
scottish_highlands,2017-09-18,16.38,5.2,0.74,16.64,59.96
scottish_highlands,2017-09-19,17.51,7.35,10.16,29.21,78.55
scottish_highlands,2017-09-20,22.04,5.5,6.36,22.88,79.25
scottish_highlands,2017-09-21,10.98,1.79,0.8,17.0,71.96
scottish_highlands,2017-09-22,16.2,3.01,5.44,19.85,68.36
scottish_highlands,2017-09-23,15.3,5.1,4.41,28.79,82.57
scottish_highlands,2017-09-24,10.95,11.9,3.33,22.8,88.91
scottish_highlands,2017-09-25,10.79,8.32,7.32,23.73,61.66
scottish_highlands,2017-09-26,16.93,8.82,0.0,20.74,72.21
scottish_highlands,2017-09-27,19.58,9.18,2.48,16.32,74.39
scottish_highlands,2017-09-28,18.15,6.98,3.1,30.35,70.58
scottish_highlands,2017-09-29,16.75,4.0,0.91,16.71,72.01
scottish_highlands,2017-09-30,14.96,4.09,3.15,22.04,85.24
scottish_highlands,2017-10-01,16.12,1.54,6.43,14.1,75.87
scottish_highlands,2017-10-02,14.01,8.32,5.87,21.98,67.2
scottish_highlands,2017-10-03,16.68,1.96,0.0,12.74,80.77
scottish_highlands,2017-10-04,11.99,-0.11,7.7,16.71,70.86
scottish_highlands,2017-10-05,16.4,2.49,4.71,19.61,78.21
scottish_highlands,2017-10-06,16.4,6.96,8.98,20.66,70.21
scottish_highlands,2017-10-07,14.34,5.9,9.34,14.85,57.11
scottish_highlands,2017-10-08,21.08,4.38,1.48,13.25,67.59
scottish_highlands,2017-10-09,11.52,3.11,1.71,23.14,65.17
scottish_highlands,2017-10-10,17.4,8.03,6.31,21.22,75.28
scottish_highlands,2017-10-11,10.96,6.62,5.14,25.71,68.72
scottish_highlands,2017-10-12,13.92,1.53,8.93,24.09,47.65
scottish_highlands,2017-10-13,12.13,5.84,10.53,10.81,72.2
scottish_highlands,2017-10-14,17.32,5.76,5.93,16.49,85.96
scottish_highlands,2017-10-15,13.25,7.58,1.44,10.39,61.54
scottish_highlands,2017-10-16,9.41,7.1,2.09,11.78,75.94
scottish_highlands,2017-10-17,13.39,5.05,0.0,6.42,75.16
scottish_highlands,2017-10-18,8.74,7.26,7.66,23.18,77.26
scottish_highlands,2017-10-19,12.72,7.63,6.03,22.94,86.93
scottish_highlands,2017-10-20,12.48,3.69,0.0,20.56,85.08
scottish_highlands,2017-10-21,6.69,3.2,7.74,23.2,81.74
scottish_highlands,2017-10-22,16.48,7.31,3.23,10.27,63.21
scottish_highlands,2017-10-23,12.12,5.95,7.28,28.78,78.63
scottish_highlands,2017-10-24,15.08,0.56,7.79,19.12,53.75
scottish_highlands,2017-10-25,15.28,7.16,8.63,11.34,66.98
scottish_highlands,2017-10-26,11.22,6.04,6.45,10.5,51.12
scottish_highlands,2017-10-27,8.89,2.42,2.84,21.2,52.11
scottish_highlands,2017-10-28,13.44,7.03,2.9,12.65,76.06
scottish_highlands,2017-10-29,8.71,0.37,4.1,9.96,58.34
scottish_highlands,2017-10-30,8.69,0.36,5.6,13.25,57.23
scottish_highlands,2017-10-31,14.91,1.59,6.26,13.83,78.54
scottish_highlands,2017-11-01,9.31,4.53,7.2,18.4,52.28
scottish_highlands,2017-11-02,9.63,4.66,8.3,19.13,59.96
scottish_highlands,2017-11-03,13.02,6.09,3.2,17.51,53.65
scottish_highlands,2017-11-04,9.25,5.69,1.58,22.4,55.5
scottish_highlands,2017-11-05,7.09,2.1,6.95,12.83,53.41
scottish_highlands,2017-11-06,9.55,4.76,3.41,13.38,72.95
scottish_highlands,2017-11-07,11.11,2.31,2.89,14.94,62.12
scottish_highlands,2017-11-08,8.44,0.81,2.92,16.87,54.8
scottish_highlands,2017-11-09,9.81,4.03,9.72,22.56,66.06
scottish_highlands,2017-11-10,8.68,3.51,2.23,18.27,60.19
scottish_highlands,2017-11-11,6.4,0.48,0.28,8.67,45.74
scottish_highlands,2017-11-12,3.24,1.11,2.35,6.51,54.27
scottish_highlands,2017-11-13,11.54,2.54,1.22,25.12,70.58
scottish_highlands,2017-11-14,9.56,2.85,4.93,14.54,69.42
scottish_highlands,2017-11-15,8.8,1.21,1.13,21.37,70.83
scottish_highlands,2017-11-16,7.44,2.51,5.41,13.13,76.74
scottish_highlands,2017-11-17,9.71,7.89,3.05,4.14,83.01
scottish_highlands,2017-11-18,7.09,1.22,0.0,14.89,50.09
scottish_highlands,2017-11-19,9.98,2.97,4.8,18.31,53.59
scottish_highlands,2017-11-20,7.81,3.46,10.64,18.46,55.75
scottish_highlands,2017-11-21,5.69,2.56,1.18,7.58,63.5
scottish_highlands,2017-11-22,13.25,3.5,1.2,9.34,75.09
scottish_highlands,2017-11-23,10.54,1.08,1.74,19.0,55.78
scottish_highlands,2017-11-24,12.05,2.72,3.19,18.97,68.62
scottish_highlands,2017-11-25,11.07,0.06,3.83,10.1,72.08
scottish_highlands,2017-11-26,6.35,2.99,5.05,16.01,55.78
scottish_highlands,2017-11-27,7.39,0.11,6.46,7.09,65.22
scottish_highlands,2017-11-28,10.3,-0.34,0.0,16.22,71.28
scottish_highlands,2017-11-29,7.29,5.04,4.45,10.61,56.73
scottish_highlands,2017-11-30,4.82,0.26,11.81,20.27,88.35
scottish_highlands,2017-12-01,7.59,-0.14,0.0,15.61,65.93
scottish_highlands,2017-12-02,12.35,3.35,6.55,11.55,66.95
scottish_highlands,2017-12-03,8.1,-0.87,3.59,6.06,66.41
scottish_highlands,2017-12-04,2.58,2.3,0.08,22.23,65.93
scottish_highlands,2017-12-05,5.35,-0.24,1.12,14.67,68.44
scottish_highlands,2017-12-06,11.05,3.4,7.99,18.9,70.94
scottish_highlands,2017-12-07,6.49,-3.94,3.23,14.93,63.85
scottish_highlands,2017-12-08,2.24,-0.06,7.96,14.24,47.35
scottish_highlands,2017-12-09,7.63,-4.17,1.62,4.37,82.51
scottish_highlands,2017-12-10,5.56,-0.68,6.49,4.32,56.55
scottish_highlands,2017-12-11,9.9,-0.28,3.03,16.1,72.8
scottish_highlands,2017-12-12,6.32,5.1,2.74,9.17,44.05
scottish_highlands,2017-12-13,12.03,-4.7,7.51,15.25,78.73
scottish_highlands,2017-12-14,4.93,-1.73,10.65,11.94,82.0
scottish_highlands,2017-12-15,9.57,3.93,1.33,26.68,58.4
scottish_highlands,2017-12-16,6.45,2.14,1.2,13.76,79.23
scottish_highlands,2017-12-17,5.0,0.17,2.51,12.85,55.83
scottish_highlands,2017-12-18,5.58,2.9,0.0,8.89,73.18
scottish_highlands,2017-12-19,3.16,1.22,5.87,20.52,80.61
scottish_highlands,2017-12-20,9.14,-2.78,0.0,15.31,45.15
scottish_highlands,2017-12-21,4.22,3.24,2.49,16.29,72.38
scottish_highlands,2017-12-22,10.25,-2.0,7.02,21.0,67.28
scottish_highlands,2017-12-23,7.95,-0.45,0.0,16.69,52.09
scottish_highlands,2017-12-24,5.33,-0.83,3.07,14.99,72.92
scottish_highlands,2017-12-25,6.46,2.28,4.85,20.11,59.78
scottish_highlands,2017-12-26,7.51,-0.01,0.0,20.63,47.55
scottish_highlands,2017-12-27,7.93,0.64,7.58,11.6,96.57
scottish_highlands,2017-12-28,11.15,-0.23,5.41,12.39,80.36
scottish_highlands,2017-12-29,10.47,-0.56,3.98,9.13,49.39
scottish_highlands,2017-12-30,0.4,-1.27,4.48,17.69,58.92
scottish_highlands,2017-12-31,9.21,0.19,4.16,24.32,67.9
scottish_highlands,2018-01-01,6.74,-4.86,5.19,11.14,51.32
scottish_highlands,2018-01-02,2.64,2.16,0.0,18.39,63.76
scottish_highlands,2018-01-03,3.2,0.77,0.0,17.97,55.91
scottish_highlands,2018-01-04,8.16,-2.58,6.01,11.01,63.62
scottish_highlands,2018-01-05,6.35,2.25,4.46,6.87,69.27
scottish_highlands,2018-01-06,5.17,-4.99,2.92,21.37,61.91
scottish_highlands,2018-01-07,9.92,0.69,5.46,16.79,63.64
scottish_highlands,2018-01-08,4.98,3.69,0.0,16.91,60.43
scottish_highlands,2018-01-09,9.07,-1.71,2.69,12.74,52.05
scottish_highlands,2018-01-10,-4.99,-2.77,4.83,9.26,49.25
scottish_highlands,2018-01-11,11.03,1.44,3.03,6.65,55.1
scottish_highlands,2018-01-12,8.84,-4.59,5.06,13.28,56.14
scottish_highlands,2018-01-13,4.11,-0.71,0.0,9.6,63.76
scottish_highlands,2018-01-14,4.0,-2.13,2.42,8.99,66.44
scottish_highlands,2018-01-15,4.33,-2.67,6.7,18.0,72.21
scottish_highlands,2018-01-16,8.83,4.46,1.34,17.89,76.79
scottish_highlands,2018-01-17,6.67,0.25,0.0,22.24,56.65
scottish_highlands,2018-01-18,2.67,-5.59,2.4,17.28,53.2
scottish_highlands,2018-01-19,5.03,-1.43,4.28,16.87,55.94
scottish_highlands,2018-01-20,7.74,1.1,6.7,7.54,69.91
scottish_highlands,2018-01-21,8.03,3.61,4.89,6.02,72.01
scottish_highlands,2018-01-22,9.49,-0.92,0.0,21.6,61.12
scottish_highlands,2018-01-23,4.1,-2.95,3.91,12.36,68.13
scottish_highlands,2018-01-24,4.13,0.03,2.78,13.04,56.76
scottish_highlands,2018-01-25,9.18,-1.04,3.69,12.86,84.43
scottish_highlands,2018-01-26,4.63,-3.55,2.32,10.14,70.28
scottish_highlands,2018-01-27,8.3,0.07,3.55,17.71,75.29
scottish_highlands,2018-01-28,4.75,0.01,6.72,18.96,52.23
scottish_highlands,2018-01-29,2.76,0.48,3.71,14.31,83.37
scottish_highlands,2018-01-30,4.17,-4.71,4.58,7.54,56.42
scottish_highlands,2018-01-31,4.74,-4.74,0.0,9.2,82.17
scottish_highlands,2018-02-01,1.43,2.73,0.0,5.5,61.6
scottish_highlands,2018-02-02,7.04,-0.57,4.22,18.54,62.06
scottish_highlands,2018-02-03,7.54,-0.61,8.45,14.86,48.4
scottish_highlands,2018-02-04,3.64,-1.94,6.05,8.97,59.29
scottish_highlands,2018-02-05,10.64,-2.85,0.12,10.92,60.4
scottish_highlands,2018-02-06,7.56,3.73,0.83,9.51,51.3
scottish_highlands,2018-02-07,7.08,-4.84,5.25,7.9,68.93
scottish_highlands,2018-02-08,7.71,-2.88,5.15,13.56,66.22
scottish_highlands,2018-02-09,4.54,2.52,0.0,13.8,53.08
scottish_highlands,2018-02-10,3.24,1.78,4.94,21.82,57.75
scottish_highlands,2018-02-11,0.79,-5.28,6.51,12.73,66.52
scottish_highlands,2018-02-12,11.07,-3.75,1.16,12.76,58.37
scottish_highlands,2018-02-13,3.32,2.22,0.0,19.65,62.07
scottish_highlands,2018-02-14,5.88,-4.07,5.2,14.34,45.19
scottish_highlands,2018-02-15,7.41,-1.34,0.24,11.32,65.71
scottish_highlands,2018-02-16,6.97,-1.69,0.0,2.03,53.32
scottish_highlands,2018-02-17,8.94,3.41,3.45,7.12,58.65
scottish_highlands,2018-02-18,7.86,-0.67,2.46,12.71,61.04
scottish_highlands,2018-02-19,6.23,1.43,2.76,15.25,71.26
scottish_highlands,2018-02-20,4.91,-4.17,3.64,11.86,61.42
scottish_highlands,2018-02-21,9.87,-2.09,1.9,15.59,96.31
scottish_highlands,2018-02-22,3.99,5.65,5.88,15.71,60.05
scottish_highlands,2018-02-23,12.07,-1.57,3.64,14.02,44.78
scottish_highlands,2018-02-24,7.5,3.79,2.99,17.59,74.61
scottish_highlands,2018-02-25,4.14,-3.74,4.52,19.72,63.7
scottish_highlands,2018-02-26,4.99,-2.33,1.97,15.14,48.68
scottish_highlands,2018-02-27,10.36,2.07,3.89,12.99,66.87
scottish_highlands,2018-02-28,4.53,-1.64,0.0,9.81,59.16
scottish_highlands,2018-03-01,8.15,2.32,4.79,16.32,51.35
scottish_highlands,2018-03-02,6.11,-0.12,0.0,23.1,58.34
scottish_highlands,2018-03-03,7.8,7.81,0.0,25.58,68.11
scottish_highlands,2018-03-04,11.58,0.34,0.0,14.42,49.08
scottish_highlands,2018-03-05,6.63,4.66,3.2,5.33,74.65
scottish_highlands,2018-03-06,11.23,2.66,5.22,10.22,70.38
scottish_highlands,2018-03-07,7.12,1.03,0.67,14.96,37.12
scottish_highlands,2018-03-08,6.11,0.88,3.43,15.69,67.38
scottish_highlands,2018-03-09,9.72,0.46,5.53,17.33,60.6
scottish_highlands,2018-03-10,8.33,0.08,1.79,13.66,68.91
scottish_highlands,2018-03-11,11.96,1.82,6.98,12.71,69.82
scottish_highlands,2018-03-12,6.19,-2.68,1.48,17.99,68.05
scottish_highlands,2018-03-13,5.24,2.15,0.18,16.29,57.93
scottish_highlands,2018-03-14,11.57,2.3,10.81,11.62,47.98
scottish_highlands,2018-03-15,4.76,-0.57,0.99,14.73,82.82
scottish_highlands,2018-03-16,11.93,2.4,9.74,4.13,53.43
scottish_highlands,2018-03-17,5.0,0.58,3.67,13.95,70.87
scottish_highlands,2018-03-18,11.32,2.67,4.0,23.09,65.48
scottish_highlands,2018-03-19,9.71,6.46,2.05,16.12,56.37
scottish_highlands,2018-03-20,4.52,2.39,4.89,11.69,75.42
scottish_highlands,2018-03-21,2.7,2.88,1.07,23.76,66.87
scottish_highlands,2018-03-22,9.67,2.95,2.76,18.99,54.12
scottish_highlands,2018-03-23,12.27,0.8,3.46,19.05,85.9
scottish_highlands,2018-03-24,13.15,3.5,2.24,17.08,84.37
scottish_highlands,2018-03-25,5.74,-3.34,6.44,15.84,76.81
scottish_highlands,2018-03-26,11.92,0.66,1.2,24.46,80.35
scottish_highlands,2018-03-27,9.78,6.1,1.41,19.37,83.36
scottish_highlands,2018-03-28,14.45,4.57,3.77,18.16,42.1
scottish_highlands,2018-03-29,8.36,5.7,1.94,26.85,74.55
scottish_highlands,2018-03-30,11.05,-1.2,0.0,29.73,89.23
scottish_highlands,2018-03-31,5.5,4.07,1.12,12.01,82.84
scottish_highlands,2018-04-01,12.37,3.9,0.0,13.19,67.32
scottish_highlands,2018-04-02,6.97,1.06,4.52,10.85,75.52
scottish_highlands,2018-04-03,12.22,0.33,1.68,21.92,82.26
scottish_highlands,2018-04-04,11.17,2.54,0.0,28.3,79.49
scottish_highlands,2018-04-05,9.24,4.85,5.18,22.58,83.87
scottish_highlands,2018-04-06,9.15,2.32,5.55,25.31,44.66
scottish_highlands,2018-04-07,11.08,2.85,5.12,9.81,76.73
scottish_highlands,2018-04-08,12.6,-1.14,3.42,26.77,82.16
scottish_highlands,2018-04-09,12.15,0.09,8.08,16.74,74.36
scottish_highlands,2018-04-10,14.12,1.6,1.17,16.61,68.92
scottish_highlands,2018-04-11,10.82,-1.19,1.25,3.79,68.37
scottish_highlands,2018-04-12,12.03,2.58,4.02,5.39,65.28
scottish_highlands,2018-04-13,16.11,4.44,6.6,22.0,61.68
scottish_highlands,2018-04-14,14.11,4.86,5.57,16.15,53.0
scottish_highlands,2018-04-15,8.06,5.24,4.56,13.25,60.89
scottish_highlands,2018-04-16,10.12,2.43,0.44,17.83,75.99
scottish_highlands,2018-04-17,11.61,4.34,1.18,23.45,79.93
scottish_highlands,2018-04-18,10.06,4.39,5.37,12.91,58.05
scottish_highlands,2018-04-19,14.39,10.32,5.1,12.86,77.35
scottish_highlands,2018-04-20,9.74,6.13,3.6,23.1,81.08
scottish_highlands,2018-04-21,8.85,8.95,4.83,16.06,79.18
scottish_highlands,2018-04-22,12.33,6.16,2.64,15.27,54.55
scottish_highlands,2018-04-23,9.64,4.29,0.0,17.53,61.54
scottish_highlands,2018-04-24,11.03,7.98,5.47,17.3,78.96
scottish_highlands,2018-04-25,14.82,7.78,6.65,25.29,85.71
scottish_highlands,2018-04-26,11.12,4.24,2.36,18.37,72.5
scottish_highlands,2018-04-27,14.38,4.59,8.44,22.86,77.76
scottish_highlands,2018-04-28,11.63,1.09,6.39,20.47,56.08
scottish_highlands,2018-04-29,12.49,11.78,6.91,22.48,54.84
scottish_highlands,2018-04-30,15.75,3.95,3.83,9.81,65.55
scottish_highlands,2018-05-01,14.4,7.66,0.0,16.34,59.36
scottish_highlands,2018-05-02,17.38,7.03,5.68,29.61,86.77
scottish_highlands,2018-05-03,12.02,4.48,4.95,19.79,65.24
scottish_highlands,2018-05-04,14.32,7.64,2.34,17.52,78.14
scottish_highlands,2018-05-05,10.38,5.67,4.98,15.77,77.06
scottish_highlands,2018-05-06,13.58,10.45,5.1,16.99,77.52
scottish_highlands,2018-05-07,10.55,8.28,5.86,23.72,61.11
scottish_highlands,2018-05-08,16.06,7.93,4.34,27.6,52.38
scottish_highlands,2018-05-09,13.42,10.99,6.32,24.88,62.83
scottish_highlands,2018-05-10,16.17,11.27,9.34,19.75,71.61
scottish_highlands,2018-05-11,17.25,11.56,6.87,16.81,51.9
scottish_highlands,2018-05-12,14.93,13.92,5.5,18.37,51.84
scottish_highlands,2018-05-13,19.21,10.05,8.07,25.36,79.5
scottish_highlands,2018-05-14,15.35,9.85,5.69,15.57,77.36
scottish_highlands,2018-05-15,14.09,9.34,4.11,17.3,73.58
scottish_highlands,2018-05-16,13.85,12.01,2.25,13.71,70.4
scottish_highlands,2018-05-17,12.98,8.03,7.94,19.36,48.95
scottish_highlands,2018-05-18,13.57,7.6,0.0,22.26,73.77
scottish_highlands,2018-05-19,12.23,11.24,3.56,15.06,69.23
scottish_highlands,2018-05-20,15.49,13.26,0.0,22.31,73.22
scottish_highlands,2018-05-21,17.15,8.83,2.56,15.79,49.44
scottish_highlands,2018-05-22,13.43,10.93,6.97,20.5,89.62
scottish_highlands,2018-05-23,19.8,9.2,0.0,23.03,84.18
scottish_highlands,2018-05-24,22.69,10.75,6.42,16.4,73.9
scottish_highlands,2018-05-25,13.61,11.65,7.63,23.15,70.16
scottish_highlands,2018-05-26,21.38,4.69,4.9,23.59,59.94
scottish_highlands,2018-05-27,17.4,13.96,5.12,22.27,75.07
scottish_highlands,2018-05-28,18.21,7.13,10.15,17.8,97.02
scottish_highlands,2018-05-29,8.64,11.81,1.52,22.32,100.0
scottish_highlands,2018-05-30,13.95,6.62,5.49,17.92,71.26
scottish_highlands,2018-05-31,15.08,9.47,4.35,20.48,70.49
scottish_highlands,2018-06-01,9.32,14.59,6.29,24.79,88.6
scottish_highlands,2018-06-02,15.62,12.45,3.07,19.81,66.19
scottish_highlands,2018-06-03,18.9,12.12,0.76,21.37,68.89
scottish_highlands,2018-06-04,14.56,6.82,1.6,29.06,63.9
scottish_highlands,2018-06-05,18.99,5.46,7.91,26.35,65.76
scottish_highlands,2018-06-06,15.29,6.55,7.55,20.11,100.0
scottish_highlands,2018-06-07,21.2,4.76,2.22,19.58,77.49
scottish_highlands,2018-06-08,15.21,8.72,4.35,20.69,77.22
scottish_highlands,2018-06-09,22.25,9.85,5.02,17.01,96.73
scottish_highlands,2018-06-10,17.88,11.3,7.0,22.25,91.24
scottish_highlands,2018-06-11,18.23,9.49,3.82,21.63,72.92
scottish_highlands,2018-06-12,16.44,11.05,5.37,20.84,59.85
scottish_highlands,2018-06-13,19.32,14.94,5.88,22.22,77.6
scottish_highlands,2018-06-14,13.67,12.5,4.69,16.32,86.79
scottish_highlands,2018-06-15,17.28,6.53,8.59,15.84,87.03
scottish_highlands,2018-06-16,17.44,16.85,8.31,23.28,80.89
scottish_highlands,2018-06-17,17.68,10.8,6.18,23.44,78.61
scottish_highlands,2018-06-18,16.17,7.32,1.77,27.6,77.74
scottish_highlands,2018-06-19,16.18,11.54,8.53,25.9,87.53
scottish_highlands,2018-06-20,16.93,13.75,3.37,19.17,68.4
scottish_highlands,2018-06-21,16.76,13.4,7.11,17.68,77.62
scottish_highlands,2018-06-22,18.52,7.53,2.73,26.31,57.77
scottish_highlands,2018-06-23,24.51,11.26,10.42,15.83,90.83
scottish_highlands,2018-06-24,17.52,9.19,3.39,17.02,70.55
scottish_highlands,2018-06-25,20.8,11.96,5.74,21.19,70.42
scottish_highlands,2018-06-26,19.07,11.03,7.62,25.13,66.45
scottish_highlands,2018-06-27,27.32,8.83,5.75,22.11,62.72
scottish_highlands,2018-06-28,21.82,9.52,5.74,22.23,71.46
scottish_highlands,2018-06-29,21.11,11.59,1.7,22.57,89.43
scottish_highlands,2018-06-30,17.9,9.11,2.78,28.9,74.97
scottish_highlands,2018-07-01,21.24,11.89,3.47,18.4,88.36
scottish_highlands,2018-07-02,19.23,11.1,7.5,18.0,76.9
scottish_highlands,2018-07-03,19.62,7.42,8.24,16.73,97.95
scottish_highlands,2018-07-04,24.63,11.77,6.69,24.4,79.91
scottish_highlands,2018-07-05,17.57,12.7,10.79,23.04,70.53
scottish_highlands,2018-07-06,21.66,12.91,5.05,21.75,74.95
scottish_highlands,2018-07-07,14.33,10.57,6.85,19.64,61.93
scottish_highlands,2018-07-08,21.11,10.9,5.77,17.61,91.43
scottish_highlands,2018-07-09,20.14,16.7,3.98,15.71,74.31
scottish_highlands,2018-07-10,20.07,6.65,4.93,26.33,85.11
scottish_highlands,2018-07-11,21.36,14.4,9.65,12.82,93.35
scottish_highlands,2018-07-12,23.56,12.49,8.39,15.85,65.16
scottish_highlands,2018-07-13,18.65,9.62,6.06,21.63,71.42
scottish_highlands,2018-07-14,18.72,9.56,1.77,19.14,73.11
scottish_highlands,2018-07-15,20.01,6.69,5.18,14.44,89.55
scottish_highlands,2018-07-16,16.92,9.59,4.87,20.95,82.9
scottish_highlands,2018-07-17,19.63,11.21,6.58,7.0,99.37
scottish_highlands,2018-07-18,18.36,13.76,0.91,24.85,72.18
scottish_highlands,2018-07-19,22.0,5.89,10.4,26.57,63.45
scottish_highlands,2018-07-20,19.09,9.45,3.6,17.1,79.28
scottish_highlands,2018-07-21,18.31,12.55,6.98,24.46,49.77
scottish_highlands,2018-07-22,19.65,14.39,3.45,21.3,66.13
scottish_highlands,2018-07-23,14.26,6.44,6.2,17.56,87.55
scottish_highlands,2018-07-24,16.57,10.8,6.07,19.46,88.4
scottish_highlands,2018-07-25,22.67,14.16,2.2,31.05,66.18
scottish_highlands,2018-07-26,13.39,12.24,7.78,26.23,92.05
scottish_highlands,2018-07-27,20.19,14.11,8.33,22.65,71.42
scottish_highlands,2018-07-28,21.55,12.94,4.78,20.07,74.22
scottish_highlands,2018-07-29,17.41,6.68,6.28,14.46,80.72
scottish_highlands,2018-07-30,19.31,7.71,6.69,25.8,64.29
scottish_highlands,2018-07-31,16.31,12.66,3.54,33.11,88.63
scottish_highlands,2018-08-01,20.1,9.22,6.51,24.93,80.78
scottish_highlands,2018-08-02,16.8,14.71,5.91,18.93,82.16
scottish_highlands,2018-08-03,18.84,11.75,8.43,26.14,64.81
scottish_highlands,2018-08-04,18.77,9.58,7.46,18.94,100.0
scottish_highlands,2018-08-05,21.31,9.37,3.98,27.75,89.67
scottish_highlands,2018-08-06,17.34,13.9,1.61,16.59,83.48
scottish_highlands,2018-08-07,19.68,9.47,4.96,15.58,81.29
scottish_highlands,2018-08-08,14.49,7.08,4.52,16.85,90.04
scottish_highlands,2018-08-09,14.08,9.26,6.84,23.93,67.36
scottish_highlands,2018-08-10,16.62,11.72,3.58,18.68,85.61
scottish_highlands,2018-08-11,17.41,9.9,6.66,28.55,61.91
scottish_highlands,2018-08-12,19.93,7.37,8.55,33.77,77.55
scottish_highlands,2018-08-13,13.93,8.85,4.32,22.55,100.0
scottish_highlands,2018-08-14,19.57,9.63,5.82,22.61,69.18
scottish_highlands,2018-08-15,19.83,3.96,4.58,17.77,79.67
scottish_highlands,2018-08-16,10.65,15.63,7.23,21.81,85.76
scottish_highlands,2018-08-17,15.53,9.51,8.43,23.52,100.0
scottish_highlands,2018-08-18,14.85,10.16,3.59,18.16,79.1
scottish_highlands,2018-08-19,13.63,11.01,7.51,13.3,79.29
scottish_highlands,2018-08-20,12.26,9.56,7.25,21.85,95.07
scottish_highlands,2018-08-21,22.9,7.42,0.01,26.73,99.72
scottish_highlands,2018-08-22,15.0,6.64,7.93,19.31,80.84
scottish_highlands,2018-08-23,16.35,10.24,6.21,23.6,79.79
scottish_highlands,2018-08-24,18.73,11.42,3.94,13.32,70.52
scottish_highlands,2018-08-25,15.91,7.89,5.65,25.41,81.7
scottish_highlands,2018-08-26,17.97,9.5,5.27,22.36,68.3
scottish_highlands,2018-08-27,20.04,6.64,6.52,15.58,66.1
scottish_highlands,2018-08-28,11.98,11.93,6.56,24.88,75.76
scottish_highlands,2018-08-29,11.85,10.2,3.82,18.54,61.08
scottish_highlands,2018-08-30,17.27,9.21,7.26,23.68,94.65
scottish_highlands,2018-08-31,11.88,11.47,9.53,12.07,76.75
scottish_highlands,2018-09-01,14.66,5.84,7.42,24.17,58.21
scottish_highlands,2018-09-02,13.27,6.99,3.62,24.15,89.0
scottish_highlands,2018-09-03,15.53,2.92,2.31,19.6,76.73
scottish_highlands,2018-09-04,13.72,9.29,6.23,22.21,83.47
scottish_highlands,2018-09-05,16.14,5.59,7.34,17.52,66.1
scottish_highlands,2018-09-06,8.34,10.66,1.0,20.14,64.65
scottish_highlands,2018-09-07,14.54,9.4,7.12,30.25,86.86
scottish_highlands,2018-09-08,14.03,10.52,6.03,20.73,82.83
scottish_highlands,2018-09-09,15.57,6.76,6.26,18.51,53.44
scottish_highlands,2018-09-10,11.16,8.94,5.0,22.24,82.06
scottish_highlands,2018-09-11,13.97,7.62,5.96,16.35,82.98
scottish_highlands,2018-09-12,10.06,5.73,3.39,27.78,74.03
scottish_highlands,2018-09-13,20.05,6.83,6.55,24.91,77.13
scottish_highlands,2018-09-14,14.05,4.49,5.36,19.89,64.24
scottish_highlands,2018-09-15,14.08,7.32,5.49,19.86,85.75
scottish_highlands,2018-09-16,16.45,6.99,0.0,18.22,59.38
scottish_highlands,2018-09-17,16.36,6.85,0.0,16.47,62.39
scottish_highlands,2018-09-18,17.2,8.57,8.77,15.24,70.98
scottish_highlands,2018-09-19,17.11,6.55,5.34,16.2,73.97
scottish_highlands,2018-09-20,16.9,7.62,0.0,11.57,58.74
scottish_highlands,2018-09-21,13.25,9.06,4.23,18.17,75.08
scottish_highlands,2018-09-22,6.9,6.19,5.33,26.9,78.98
scottish_highlands,2018-09-23,19.97,5.22,6.0,25.01,70.05
scottish_highlands,2018-09-24,18.1,8.93,2.19,24.19,76.22
scottish_highlands,2018-09-25,15.27,7.88,6.6,26.01,76.25
scottish_highlands,2018-09-26,15.78,9.89,9.65,17.9,77.08
scottish_highlands,2018-09-27,19.76,4.08,6.92,27.43,75.71
scottish_highlands,2018-09-28,14.56,8.92,9.97,8.54,89.33
scottish_highlands,2018-09-29,11.85,9.19,1.1,25.49,75.12
scottish_highlands,2018-09-30,15.03,6.88,2.07,21.24,74.0
scottish_highlands,2018-10-01,11.56,6.38,2.48,18.31,70.77
scottish_highlands,2018-10-02,16.17,6.12,3.57,15.77,61.37
scottish_highlands,2018-10-03,13.42,4.54,7.67,15.41,70.79
scottish_highlands,2018-10-04,10.15,9.32,6.48,20.41,56.7
scottish_highlands,2018-10-05,12.71,6.96,3.15,19.57,70.92
scottish_highlands,2018-10-06,9.6,2.05,10.78,22.62,74.48
scottish_highlands,2018-10-07,11.6,6.53,0.89,7.96,87.67
scottish_highlands,2018-10-08,11.91,9.33,2.17,15.55,46.75
scottish_highlands,2018-10-09,11.17,3.87,8.34,19.71,74.38
scottish_highlands,2018-10-10,14.26,8.66,3.85,19.43,79.64
scottish_highlands,2018-10-11,11.38,8.85,4.19,16.23,65.24
scottish_highlands,2018-10-12,11.92,3.11,2.46,20.76,77.97
scottish_highlands,2018-10-13,13.94,5.72,10.84,7.92,60.32
scottish_highlands,2018-10-14,14.66,3.53,5.86,17.21,56.37
scottish_highlands,2018-10-15,9.03,9.62,1.76,15.75,87.15
scottish_highlands,2018-10-16,9.53,8.18,5.08,17.47,48.72
scottish_highlands,2018-10-17,16.27,0.45,2.47,17.17,91.46
scottish_highlands,2018-10-18,9.22,2.39,6.19,24.33,85.63
scottish_highlands,2018-10-19,8.29,6.9,1.2,13.93,76.98
scottish_highlands,2018-10-20,17.36,7.52,3.2,27.36,71.44
scottish_highlands,2018-10-21,8.19,5.76,6.43,24.43,62.15
scottish_highlands,2018-10-22,9.16,2.83,0.48,17.9,61.39
scottish_highlands,2018-10-23,11.09,6.01,2.83,20.46,77.39
scottish_highlands,2018-10-24,10.9,5.49,5.5,11.78,80.06
scottish_highlands,2018-10-25,6.58,-0.22,5.58,14.87,75.36
scottish_highlands,2018-10-26,8.89,5.8,4.5,20.32,64.25
scottish_highlands,2018-10-27,11.28,4.26,4.43,25.94,68.62
scottish_highlands,2018-10-28,14.85,4.44,7.34,21.22,73.41
scottish_highlands,2018-10-29,12.94,3.89,2.5,20.7,82.91
scottish_highlands,2018-10-30,9.57,3.77,4.73,19.29,93.89
scottish_highlands,2018-10-31,10.38,6.95,2.15,11.33,65.06
scottish_highlands,2018-11-01,11.7,5.92,3.05,14.32,87.21
scottish_highlands,2018-11-02,8.79,-0.35,4.94,12.21,54.5
scottish_highlands,2018-11-03,8.04,2.7,0.0,17.13,78.09
scottish_highlands,2018-11-04,7.62,5.87,8.83,17.67,64.67
scottish_highlands,2018-11-05,12.16,3.24,4.07,23.88,70.07
scottish_highlands,2018-11-06,9.65,5.9,0.0,21.71,94.61
scottish_highlands,2018-11-07,8.09,-0.3,2.27,18.83,70.02
scottish_highlands,2018-11-08,9.41,7.43,0.0,16.48,57.81
scottish_highlands,2018-11-09,4.73,-0.08,0.0,20.81,68.14
scottish_highlands,2018-11-10,12.37,2.44,4.03,22.42,75.7
scottish_highlands,2018-11-11,10.72,-0.83,4.61,9.02,57.42
scottish_highlands,2018-11-12,7.04,2.04,1.84,17.51,73.91
scottish_highlands,2018-11-13,12.48,4.5,5.08,16.5,67.5
scottish_highlands,2018-11-14,7.9,2.69,3.32,14.11,76.55
scottish_highlands,2018-11-15,5.52,3.33,2.62,22.79,72.87
scottish_highlands,2018-11-16,11.2,0.58,7.0,27.58,56.41
scottish_highlands,2018-11-17,9.47,2.26,4.1,24.97,61.71
scottish_highlands,2018-11-18,8.52,-2.62,0.0,11.31,53.38
scottish_highlands,2018-11-19,6.52,2.97,5.48,16.6,67.14
scottish_highlands,2018-11-20,4.38,3.28,8.13,16.67,78.62
scottish_highlands,2018-11-21,4.12,5.45,3.7,12.7,55.11
scottish_highlands,2018-11-22,5.15,1.5,5.18,17.27,65.12
scottish_highlands,2018-11-23,7.12,0.53,7.76,19.07,71.2
scottish_highlands,2018-11-24,8.94,0.61,5.66,30.9,58.12
scottish_highlands,2018-11-25,4.44,-1.72,7.83,12.17,50.01
scottish_highlands,2018-11-26,7.46,1.21,1.35,11.45,50.44
scottish_highlands,2018-11-27,9.63,5.64,2.79,10.1,68.0
scottish_highlands,2018-11-28,5.15,5.32,5.11,27.47,69.18
scottish_highlands,2018-11-29,5.99,0.33,0.0,17.08,55.14
scottish_highlands,2018-11-30,4.6,3.09,7.24,12.59,89.3
scottish_highlands,2018-12-01,5.36,0.29,0.0,11.12,60.72
scottish_highlands,2018-12-02,6.92,5.07,3.87,16.02,59.26
scottish_highlands,2018-12-03,12.19,5.1,3.57,21.02,74.95
scottish_highlands,2018-12-04,12.14,3.45,4.42,18.42,83.17
scottish_highlands,2018-12-05,7.13,1.67,4.59,3.87,69.88
scottish_highlands,2018-12-06,2.69,-1.36,1.76,18.57,56.1
scottish_highlands,2018-12-07,6.71,-2.45,0.39,12.23,80.77
scottish_highlands,2018-12-08,5.32,-2.8,3.77,18.46,66.13
scottish_highlands,2018-12-09,5.29,2.13,5.74,9.07,53.84
scottish_highlands,2018-12-10,6.33,-0.53,0.72,21.62,52.92
scottish_highlands,2018-12-11,8.99,-2.89,6.32,12.84,89.18
scottish_highlands,2018-12-12,3.93,5.64,2.21,8.35,81.06
scottish_highlands,2018-12-13,9.28,1.94,0.0,10.48,65.51
scottish_highlands,2018-12-14,4.65,0.43,1.01,10.58,53.86
scottish_highlands,2018-12-15,6.68,1.24,2.01,2.53,58.51
scottish_highlands,2018-12-16,6.32,0.99,1.16,22.14,51.83
scottish_highlands,2018-12-17,5.78,-1.41,4.3,21.5,53.29
scottish_highlands,2018-12-18,3.76,-3.71,3.12,23.43,62.91
scottish_highlands,2018-12-19,5.13,0.53,7.14,5.91,67.01
scottish_highlands,2018-12-20,7.64,-3.33,6.15,12.85,49.76
scottish_highlands,2018-12-21,2.21,-1.72,7.89,9.61,82.2
scottish_highlands,2018-12-22,9.78,1.96,6.61,13.11,70.24
scottish_highlands,2018-12-23,1.65,1.26,0.72,19.45,59.89
scottish_highlands,2018-12-24,9.6,2.86,6.71,13.64,64.09
scottish_highlands,2018-12-25,0.55,3.52,1.32,9.39,82.46
scottish_highlands,2018-12-26,6.41,-6.29,2.53,10.71,54.07
scottish_highlands,2018-12-27,9.07,2.24,2.88,11.67,69.52
scottish_highlands,2018-12-28,7.36,0.11,4.96,14.35,50.19
scottish_highlands,2018-12-29,1.91,2.21,0.0,17.06,68.46
scottish_highlands,2018-12-30,5.02,-3.51,3.23,19.39,52.54
scottish_highlands,2018-12-31,4.47,-3.94,1.98,11.19,64.36
scottish_highlands,2019-01-01,-0.51,-0.51,6.56,11.31,53.19
scottish_highlands,2019-01-02,2.32,-3.18,1.55,9.0,81.75
scottish_highlands,2019-01-03,8.26,-1.71,2.36,10.78,63.03
scottish_highlands,2019-01-04,4.08,-2.92,2.81,16.47,62.23
scottish_highlands,2019-01-05,4.39,-5.7,0.39,15.5,62.44
scottish_highlands,2019-01-06,4.26,2.44,0.0,13.03,60.02
scottish_highlands,2019-01-07,6.01,-3.69,1.56,17.94,98.67
scottish_highlands,2019-01-08,8.61,-0.99,0.18,13.39,66.54
scottish_highlands,2019-01-09,7.35,-1.55,2.82,10.36,60.39
scottish_highlands,2019-01-10,4.38,-3.66,5.88,13.5,54.17
scottish_highlands,2019-01-11,3.28,-5.4,3.49,11.01,62.87
scottish_highlands,2019-01-12,7.65,-2.2,2.07,18.29,81.57
scottish_highlands,2019-01-13,3.26,-4.01,1.31,14.31,39.23
scottish_highlands,2019-01-14,5.41,-0.89,2.43,17.2,69.78
scottish_highlands,2019-01-15,10.96,-3.63,4.12,13.4,73.61
scottish_highlands,2019-01-16,1.38,2.73,1.26,18.75,43.56
scottish_highlands,2019-01-17,1.79,-1.46,4.45,21.36,49.7
scottish_highlands,2019-01-18,3.74,-4.22,0.0,10.6,59.68
scottish_highlands,2019-01-19,2.18,-2.72,1.9,7.68,47.1
scottish_highlands,2019-01-20,5.16,-2.11,6.52,14.73,67.54
scottish_highlands,2019-01-21,0.43,-4.15,1.13,11.56,40.49
scottish_highlands,2019-01-22,9.06,-1.19,0.0,17.58,66.3
scottish_highlands,2019-01-23,3.27,-1.07,2.74,11.19,63.5
scottish_highlands,2019-01-24,2.44,-0.86,3.35,11.02,61.73
scottish_highlands,2019-01-25,8.35,0.48,2.62,16.87,67.27
scottish_highlands,2019-01-26,6.88,-2.27,3.08,14.25,56.59
scottish_highlands,2019-01-27,3.84,-3.01,3.65,13.44,59.86
scottish_highlands,2019-01-28,5.62,-3.71,0.0,10.44,51.55
scottish_highlands,2019-01-29,3.84,-4.61,6.51,18.13,63.84
scottish_highlands,2019-01-30,3.44,-0.92,5.13,15.77,40.91
scottish_highlands,2019-01-31,1.82,0.0,2.2,14.58,74.89
scottish_highlands,2019-02-01,7.3,-2.65,2.36,8.9,52.06
scottish_highlands,2019-02-02,11.03,3.69,2.51,22.26,50.83
scottish_highlands,2019-02-03,2.34,-2.24,3.92,13.71,47.72
scottish_highlands,2019-02-04,4.93,1.55,0.0,18.02,85.67
scottish_highlands,2019-02-05,7.77,2.49,6.44,14.2,60.2
scottish_highlands,2019-02-06,7.91,-1.01,0.0,19.47,66.12
scottish_highlands,2019-02-07,2.62,2.41,0.0,13.01,62.9
scottish_highlands,2019-02-08,6.42,-0.31,0.51,7.7,54.8
scottish_highlands,2019-02-09,2.56,-1.44,0.0,13.86,71.67
scottish_highlands,2019-02-10,1.61,-2.72,6.26,18.85,54.07
scottish_highlands,2019-02-11,0.72,1.51,5.1,13.41,60.19
scottish_highlands,2019-02-12,7.84,-3.11,0.0,16.42,58.05
scottish_highlands,2019-02-13,1.88,0.72,0.0,18.18,65.89
scottish_highlands,2019-02-14,5.11,0.24,7.22,20.5,63.99
scottish_highlands,2019-02-15,6.94,-2.73,5.0,24.32,60.87
scottish_highlands,2019-02-16,9.46,0.15,3.69,17.05,66.81
scottish_highlands,2019-02-17,5.64,-3.98,4.04,15.75,72.97
scottish_highlands,2019-02-18,7.0,-1.5,5.44,14.78,39.01
scottish_highlands,2019-02-19,7.43,1.7,0.0,10.33,72.75
scottish_highlands,2019-02-20,4.29,3.15,0.0,22.15,71.04
scottish_highlands,2019-02-21,4.2,-1.33,1.36,14.88,53.59
scottish_highlands,2019-02-22,6.25,-1.49,0.0,14.08,74.34
scottish_highlands,2019-02-23,6.31,5.03,0.15,16.69,77.29
scottish_highlands,2019-02-24,12.02,3.64,4.15,9.05,62.56
scottish_highlands,2019-02-25,6.82,1.63,2.84,11.33,68.85
scottish_highlands,2019-02-26,6.19,1.62,6.82,18.63,63.36
scottish_highlands,2019-02-27,5.52,-0.6,2.56,7.36,74.69
scottish_highlands,2019-02-28,5.5,3.61,0.3,6.66,69.35
scottish_highlands,2019-03-01,5.96,-0.18,4.04,11.74,64.22
scottish_highlands,2019-03-02,8.14,1.94,2.7,15.55,57.8
scottish_highlands,2019-03-03,6.72,2.14,3.38,15.37,65.9
scottish_highlands,2019-03-04,7.21,0.07,6.06,15.62,79.07
scottish_highlands,2019-03-05,8.21,1.85,0.37,26.83,66.44
scottish_highlands,2019-03-06,5.59,0.61,0.74,16.93,63.34
scottish_highlands,2019-03-07,11.24,-2.7,0.54,13.26,40.31
scottish_highlands,2019-03-08,1.49,-0.43,4.16,18.04,67.05
scottish_highlands,2019-03-09,11.99,-3.53,3.14,12.91,56.7
scottish_highlands,2019-03-10,6.05,6.37,5.15,17.99,64.78
scottish_highlands,2019-03-11,4.02,-2.94,0.0,11.89,50.75
scottish_highlands,2019-03-12,11.22,-0.39,3.45,12.27,49.93
scottish_highlands,2019-03-13,3.66,-0.64,7.57,21.6,74.58
scottish_highlands,2019-03-14,12.15,3.95,4.09,21.6,76.85
scottish_highlands,2019-03-15,2.07,-0.6,2.79,19.88,72.44
scottish_highlands,2019-03-16,11.19,4.25,2.52,1.87,72.21
scottish_highlands,2019-03-17,6.71,-1.06,0.33,15.25,62.19
scottish_highlands,2019-03-18,5.91,5.53,6.31,17.42,80.06
scottish_highlands,2019-03-19,12.69,3.06,1.6,9.45,47.11
scottish_highlands,2019-03-20,5.63,-0.51,0.9,11.49,77.42
scottish_highlands,2019-03-21,7.94,1.04,0.0,25.43,68.28
scottish_highlands,2019-03-22,4.9,-0.84,0.0,26.14,86.97
scottish_highlands,2019-03-23,9.31,0.98,3.32,20.16,69.79
scottish_highlands,2019-03-24,10.76,0.66,2.93,16.14,53.29
scottish_highlands,2019-03-25,14.38,-1.17,3.08,16.79,64.17
scottish_highlands,2019-03-26,10.66,1.5,3.94,24.65,88.83
scottish_highlands,2019-03-27,6.51,-0.92,0.06,13.25,83.9
scottish_highlands,2019-03-28,8.75,4.5,4.85,20.54,46.76
scottish_highlands,2019-03-29,7.37,3.97,0.0,22.43,66.5
scottish_highlands,2019-03-30,9.09,6.47,4.13,12.38,62.24
scottish_highlands,2019-03-31,11.55,3.47,6.2,18.38,74.24
scottish_highlands,2019-04-01,7.81,7.05,5.55,6.59,56.25
scottish_highlands,2019-04-02,6.61,-0.49,0.0,19.53,73.83
scottish_highlands,2019-04-03,9.5,2.29,5.37,11.5,70.59
scottish_highlands,2019-04-04,9.58,4.89,0.0,23.44,52.37
scottish_highlands,2019-04-05,9.25,1.8,2.61,8.05,78.32
scottish_highlands,2019-04-06,10.77,5.53,5.57,13.0,69.71
scottish_highlands,2019-04-07,8.37,-0.6,4.4,9.17,61.52
scottish_highlands,2019-04-08,10.05,0.86,4.38,22.08,58.93
scottish_highlands,2019-04-09,6.77,2.21,5.87,15.35,70.52
scottish_highlands,2019-04-10,11.91,5.31,5.48,22.73,58.8
scottish_highlands,2019-04-11,7.96,8.47,9.46,15.43,65.84
scottish_highlands,2019-04-12,11.7,2.62,3.98,9.64,49.34
scottish_highlands,2019-04-13,7.84,2.2,2.68,19.43,66.87
scottish_highlands,2019-04-14,8.74,2.68,5.44,19.94,82.19
scottish_highlands,2019-04-15,10.2,4.02,1.76,24.17,80.79
scottish_highlands,2019-04-16,16.23,3.39,0.35,14.1,81.01
scottish_highlands,2019-04-17,13.73,5.73,4.32,18.25,60.5
scottish_highlands,2019-04-18,8.71,6.64,2.62,12.89,67.01
scottish_highlands,2019-04-19,13.21,6.5,1.5,16.91,55.75
scottish_highlands,2019-04-20,15.59,7.13,10.4,20.33,72.78
scottish_highlands,2019-04-21,9.0,7.51,10.65,14.47,61.46
scottish_highlands,2019-04-22,12.26,6.03,0.0,21.32,66.72
scottish_highlands,2019-04-23,14.05,5.36,0.0,17.56,73.25
scottish_highlands,2019-04-24,13.78,2.92,5.3,6.79,66.25
scottish_highlands,2019-04-25,13.51,7.03,3.03,17.66,77.67
scottish_highlands,2019-04-26,8.73,4.86,3.91,9.56,72.52
scottish_highlands,2019-04-27,14.11,5.03,5.19,18.05,82.36
scottish_highlands,2019-04-28,7.47,7.51,2.62,20.88,65.91
scottish_highlands,2019-04-29,6.21,4.84,0.61,16.89,66.83
scottish_highlands,2019-04-30,7.14,5.11,3.89,20.3,88.39
scottish_highlands,2019-05-01,18.57,3.13,9.17,19.74,59.53
scottish_highlands,2019-05-02,9.12,4.77,6.97,28.63,75.56
scottish_highlands,2019-05-03,14.48,5.9,5.72,8.6,67.68
scottish_highlands,2019-05-04,18.17,8.4,6.12,12.14,52.32
scottish_highlands,2019-05-05,13.87,7.59,6.42,23.41,60.29
scottish_highlands,2019-05-06,12.94,2.57,5.85,28.64,80.15
scottish_highlands,2019-05-07,13.61,6.26,6.93,16.74,73.73
scottish_highlands,2019-05-08,16.72,6.64,4.53,31.2,78.02
scottish_highlands,2019-05-09,15.82,2.94,0.0,18.25,84.69
scottish_highlands,2019-05-10,17.07,6.07,3.53,16.79,83.67
scottish_highlands,2019-05-11,14.3,3.58,9.23,20.08,77.85
scottish_highlands,2019-05-12,19.6,8.36,4.48,18.93,55.1
scottish_highlands,2019-05-13,15.44,5.31,6.75,25.19,74.84
scottish_highlands,2019-05-14,16.1,5.67,3.28,19.93,80.91
scottish_highlands,2019-05-15,15.72,6.95,8.53,15.12,78.45
scottish_highlands,2019-05-16,15.39,11.9,7.55,19.31,68.68
scottish_highlands,2019-05-17,14.68,6.11,3.85,11.63,82.73
scottish_highlands,2019-05-18,9.41,5.54,8.53,18.06,67.43
scottish_highlands,2019-05-19,11.7,10.85,11.33,12.73,73.64
scottish_highlands,2019-05-20,13.05,7.33,5.02,12.89,72.49
scottish_highlands,2019-05-21,15.64,6.3,8.85,21.45,55.57
scottish_highlands,2019-05-22,14.19,8.65,4.48,24.35,76.5
scottish_highlands,2019-05-23,19.83,8.89,2.92,20.31,90.88
scottish_highlands,2019-05-24,19.05,7.71,8.59,9.8,50.55
scottish_highlands,2019-05-25,12.1,6.59,2.47,19.39,73.88
scottish_highlands,2019-05-26,13.09,10.24,3.42,18.5,70.43
scottish_highlands,2019-05-27,13.1,9.02,8.82,10.78,77.85
scottish_highlands,2019-05-28,13.41,11.22,1.94,22.72,67.86
scottish_highlands,2019-05-29,18.34,9.32,0.0,8.85,77.04
scottish_highlands,2019-05-30,15.28,7.48,5.72,19.18,61.22
scottish_highlands,2019-05-31,16.28,9.16,0.99,18.54,76.32
scottish_highlands,2019-06-01,20.9,8.48,7.53,22.47,71.72
scottish_highlands,2019-06-02,17.96,7.7,11.01,15.95,65.52
scottish_highlands,2019-06-03,9.94,5.12,9.02,24.24,61.98
scottish_highlands,2019-06-04,24.13,7.89,2.96,19.01,100.0
scottish_highlands,2019-06-05,10.31,7.9,8.75,23.62,92.6
scottish_highlands,2019-06-06,11.2,11.18,1.76,20.81,74.39
scottish_highlands,2019-06-07,18.94,6.95,6.7,30.14,75.24
scottish_highlands,2019-06-08,17.31,9.62,2.6,13.86,88.64
scottish_highlands,2019-06-09,20.09,4.45,1.43,20.23,92.14
scottish_highlands,2019-06-10,17.99,16.61,0.0,11.92,77.26
scottish_highlands,2019-06-11,21.21,11.17,9.18,16.07,68.98
scottish_highlands,2019-06-12,15.63,8.84,7.21,24.2,62.74
scottish_highlands,2019-06-13,16.3,8.76,11.23,22.79,77.29
scottish_highlands,2019-06-14,15.52,6.91,3.28,20.23,74.08
scottish_highlands,2019-06-15,17.47,9.73,4.15,22.1,81.54
scottish_highlands,2019-06-16,18.28,8.3,4.51,26.37,78.46
scottish_highlands,2019-06-17,21.04,5.3,8.87,28.57,78.62
scottish_highlands,2019-06-18,23.43,11.04,3.33,11.52,69.25
scottish_highlands,2019-06-19,19.18,8.69,6.59,22.89,75.42
scottish_highlands,2019-06-20,18.65,13.51,5.83,30.57,75.03
scottish_highlands,2019-06-21,18.62,14.33,5.7,21.65,86.97
scottish_highlands,2019-06-22,18.95,14.63,7.15,18.76,52.03
scottish_highlands,2019-06-23,17.06,9.51,6.33,22.26,100.0
scottish_highlands,2019-06-24,15.12,7.08,6.77,20.91,94.55
scottish_highlands,2019-06-25,15.97,8.0,5.77,16.26,69.56
scottish_highlands,2019-06-26,20.73,12.66,9.84,25.1,60.43
scottish_highlands,2019-06-27,21.92,15.94,2.85,21.58,95.44
scottish_highlands,2019-06-28,20.74,15.55,0.0,37.29,79.47
scottish_highlands,2019-06-29,19.43,8.42,0.0,18.81,97.52
scottish_highlands,2019-06-30,24.23,9.13,1.71,16.92,73.11
scottish_highlands,2019-07-01,20.01,12.24,5.01,24.05,68.54
scottish_highlands,2019-07-02,21.75,11.79,5.26,25.33,90.38
scottish_highlands,2019-07-03,19.66,11.41,7.06,20.96,71.41
scottish_highlands,2019-07-04,22.07,11.5,0.0,24.43,66.12
scottish_highlands,2019-07-05,22.23,10.53,1.69,22.03,76.26
scottish_highlands,2019-07-06,15.21,10.34,7.2,31.68,36.61
scottish_highlands,2019-07-07,21.76,8.62,3.3,21.95,68.1
scottish_highlands,2019-07-08,19.01,11.2,1.83,22.86,87.05
scottish_highlands,2019-07-09,15.21,8.7,10.54,25.0,85.37
scottish_highlands,2019-07-10,15.53,12.41,0.95,20.84,60.13
scottish_highlands,2019-07-11,23.83,12.25,7.61,26.26,99.3
scottish_highlands,2019-07-12,19.12,9.43,0.0,20.29,91.75
scottish_highlands,2019-07-13,17.16,9.04,0.56,24.59,73.25
scottish_highlands,2019-07-14,16.09,9.74,2.24,25.5,79.41
scottish_highlands,2019-07-15,16.98,10.32,6.67,21.19,75.82
scottish_highlands,2019-07-16,19.02,14.72,2.97,25.68,88.46
scottish_highlands,2019-07-17,21.82,5.27,3.96,27.63,74.66
scottish_highlands,2019-07-18,21.59,13.76,8.09,22.57,86.34
scottish_highlands,2019-07-19,26.85,16.33,9.49,18.79,100.0
scottish_highlands,2019-07-20,21.58,8.34,4.79,22.89,79.68
scottish_highlands,2019-07-21,19.13,10.66,6.27,14.2,85.08
scottish_highlands,2019-07-22,23.61,10.36,8.93,26.16,78.42
scottish_highlands,2019-07-23,15.68,11.7,7.71,20.28,89.18
scottish_highlands,2019-07-24,21.85,7.59,6.48,13.17,86.65
scottish_highlands,2019-07-25,23.53,6.13,5.81,20.72,86.58
scottish_highlands,2019-07-26,20.99,11.32,8.0,30.18,100.0
scottish_highlands,2019-07-27,22.84,4.45,1.78,14.7,86.41
scottish_highlands,2019-07-28,20.04,10.35,3.36,33.47,54.82
scottish_highlands,2019-07-29,21.92,14.88,6.59,23.08,79.0
scottish_highlands,2019-07-30,17.0,10.66,7.42,22.08,97.62
scottish_highlands,2019-07-31,20.82,13.35,7.72,31.5,82.4
scottish_highlands,2019-08-01,15.79,10.76,3.87,19.24,68.19
scottish_highlands,2019-08-02,22.66,11.92,4.93,23.75,71.03
scottish_highlands,2019-08-03,21.97,9.15,4.73,22.7,52.88
scottish_highlands,2019-08-04,17.52,12.67,6.48,25.22,84.96
scottish_highlands,2019-08-05,13.12,13.64,7.21,17.49,61.39
scottish_highlands,2019-08-06,16.38,6.44,4.74,18.57,68.19
scottish_highlands,2019-08-07,18.94,10.38,5.7,12.66,72.72
scottish_highlands,2019-08-08,18.31,12.28,1.48,21.79,100.0
scottish_highlands,2019-08-09,14.96,9.11,6.65,20.02,83.07
scottish_highlands,2019-08-10,22.11,5.19,0.34,21.19,52.83
scottish_highlands,2019-08-11,20.63,4.29,2.94,26.05,88.28
scottish_highlands,2019-08-12,18.69,9.56,3.12,28.78,73.56
scottish_highlands,2019-08-13,20.15,8.52,4.51,23.18,86.54
scottish_highlands,2019-08-14,18.45,10.08,1.03,21.59,47.2
scottish_highlands,2019-08-15,11.61,12.44,5.81,28.12,83.97
scottish_highlands,2019-08-16,22.66,10.32,2.9,10.85,87.13
scottish_highlands,2019-08-17,24.55,14.46,9.98,24.24,76.72
scottish_highlands,2019-08-18,19.67,4.39,4.93,15.1,75.16
scottish_highlands,2019-08-19,17.19,10.47,6.24,19.08,51.16
scottish_highlands,2019-08-20,12.7,8.96,5.5,26.09,71.82
scottish_highlands,2019-08-21,16.74,10.67,6.23,16.06,88.77
scottish_highlands,2019-08-22,13.62,8.39,9.59,28.31,68.23
scottish_highlands,2019-08-23,16.58,9.78,5.17,14.2,98.12
scottish_highlands,2019-08-24,15.48,11.09,5.68,20.14,80.9
scottish_highlands,2019-08-25,17.42,9.28,0.28,26.25,62.76
scottish_highlands,2019-08-26,16.6,10.57,7.31,17.81,54.4
scottish_highlands,2019-08-27,17.21,6.13,6.11,20.56,81.96
scottish_highlands,2019-08-28,16.79,8.65,5.84,13.23,53.47
scottish_highlands,2019-08-29,18.52,9.19,3.33,19.48,75.26
scottish_highlands,2019-08-30,15.28,14.1,5.7,21.76,75.99
scottish_highlands,2019-08-31,11.08,12.89,5.65,20.72,64.37
scottish_highlands,2019-09-01,16.06,14.97,0.0,18.86,76.38
scottish_highlands,2019-09-02,21.38,7.83,4.81,16.9,62.93
scottish_highlands,2019-09-03,15.87,12.56,7.1,22.24,70.97
scottish_highlands,2019-09-04,13.87,8.01,9.47,33.64,83.47
scottish_highlands,2019-09-05,17.15,13.38,5.45,14.34,77.82
scottish_highlands,2019-09-06,17.05,9.89,6.29,25.36,83.26
scottish_highlands,2019-09-07,21.07,12.92,3.65,19.94,59.98
scottish_highlands,2019-09-08,16.21,9.09,6.61,13.34,80.72
scottish_highlands,2019-09-09,10.11,9.96,7.01,24.53,100.0
scottish_highlands,2019-09-10,17.4,6.05,5.59,20.53,66.84
scottish_highlands,2019-09-11,18.31,17.46,9.33,19.22,79.16
scottish_highlands,2019-09-12,16.64,7.18,3.73,25.61,74.18
scottish_highlands,2019-09-13,19.1,4.11,6.18,11.95,76.16
scottish_highlands,2019-09-14,13.97,13.29,4.95,20.25,75.91
scottish_highlands,2019-09-15,18.23,10.83,6.06,17.46,90.58
scottish_highlands,2019-09-16,22.7,-0.66,8.04,16.23,91.82
scottish_highlands,2019-09-17,15.24,12.65,3.13,19.4,73.13
scottish_highlands,2019-09-18,13.35,5.53,1.96,24.27,60.32
scottish_highlands,2019-09-19,14.0,9.12,16.95,25.84,81.09
scottish_highlands,2019-09-20,13.42,7.71,4.23,16.08,79.4
scottish_highlands,2019-09-21,18.05,9.65,0.63,22.43,79.88
scottish_highlands,2019-09-22,16.17,3.94,0.0,18.43,81.57
scottish_highlands,2019-09-23,14.85,12.61,4.43,21.45,97.99
scottish_highlands,2019-09-24,22.33,2.95,5.2,14.64,80.69
scottish_highlands,2019-09-25,11.88,8.12,2.79,20.51,72.07
scottish_highlands,2019-09-26,17.6,6.07,8.14,19.4,89.28
scottish_highlands,2019-09-27,18.46,4.72,1.09,16.09,74.36
scottish_highlands,2019-09-28,15.62,10.67,7.98,16.15,54.67
scottish_highlands,2019-09-29,12.45,4.3,7.42,18.95,67.72
scottish_highlands,2019-09-30,12.56,5.42,10.15,17.22,90.87
scottish_highlands,2019-10-01,10.87,3.96,5.37,19.04,55.95
scottish_highlands,2019-10-02,19.63,3.99,0.03,19.9,43.68
scottish_highlands,2019-10-03,13.36,7.44,4.46,9.56,82.48
scottish_highlands,2019-10-04,11.19,1.77,3.65,21.44,69.06
scottish_highlands,2019-10-05,11.24,6.05,3.99,15.78,69.95
scottish_highlands,2019-10-06,20.45,7.41,6.38,16.96,78.62
scottish_highlands,2019-10-07,12.52,4.76,5.32,24.69,64.08
scottish_highlands,2019-10-08,10.46,6.2,3.46,25.42,58.89
scottish_highlands,2019-10-09,11.28,5.64,5.03,14.71,69.83
scottish_highlands,2019-10-10,17.57,5.93,3.75,12.96,78.32
scottish_highlands,2019-10-11,14.15,6.63,0.0,13.59,82.76
scottish_highlands,2019-10-12,11.67,5.39,2.08,19.22,78.4
scottish_highlands,2019-10-13,12.55,3.49,5.76,17.26,55.52
scottish_highlands,2019-10-14,17.1,5.73,0.0,16.7,65.83
scottish_highlands,2019-10-15,11.71,3.9,4.2,12.14,60.65
scottish_highlands,2019-10-16,11.73,4.48,2.79,16.92,71.26
scottish_highlands,2019-10-17,10.42,7.03,4.11,17.13,60.07
scottish_highlands,2019-10-18,7.49,6.62,5.43,20.3,73.35
scottish_highlands,2019-10-19,17.09,3.29,8.0,14.66,71.61
scottish_highlands,2019-10-20,16.83,3.35,2.61,25.78,72.86
scottish_highlands,2019-10-21,11.59,5.18,4.19,19.3,74.84
scottish_highlands,2019-10-22,13.06,4.91,2.43,11.34,44.93
scottish_highlands,2019-10-23,9.73,3.43,5.46,16.66,83.74
scottish_highlands,2019-10-24,14.84,1.57,8.1,7.75,82.02
scottish_highlands,2019-10-25,11.32,5.18,4.6,21.47,62.43
scottish_highlands,2019-10-26,18.9,1.94,4.33,16.37,64.22
scottish_highlands,2019-10-27,17.33,6.53,1.2,22.68,54.93
scottish_highlands,2019-10-28,5.04,4.97,3.7,18.37,93.45
scottish_highlands,2019-10-29,5.65,1.32,1.74,15.28,76.77
scottish_highlands,2019-10-30,13.76,2.84,0.0,16.92,85.24
scottish_highlands,2019-10-31,7.15,1.0,4.95,16.43,90.67
scottish_highlands,2019-11-01,7.11,2.55,3.62,16.68,80.43
scottish_highlands,2019-11-02,12.54,1.87,3.59,18.87,68.08
scottish_highlands,2019-11-03,8.44,6.99,4.42,11.32,76.2
scottish_highlands,2019-11-04,8.76,1.95,0.0,20.78,72.17
scottish_highlands,2019-11-05,13.47,3.49,1.9,13.83,89.38
scottish_highlands,2019-11-06,9.88,5.17,4.51,13.57,80.48
scottish_highlands,2019-11-07,10.4,8.64,2.75,15.93,72.02
scottish_highlands,2019-11-08,8.56,8.05,4.69,10.86,69.73
scottish_highlands,2019-11-09,8.62,3.16,0.97,12.18,54.64
scottish_highlands,2019-11-10,10.23,1.59,3.97,19.84,52.67
scottish_highlands,2019-11-11,7.92,-0.75,9.61,22.14,71.42
scottish_highlands,2019-11-12,4.86,1.27,0.0,28.3,78.35
scottish_highlands,2019-11-13,10.32,3.84,6.24,29.35,70.36
scottish_highlands,2019-11-14,6.3,3.72,4.54,9.44,55.16
scottish_highlands,2019-11-15,7.91,1.18,1.29,18.8,65.4
scottish_highlands,2019-11-16,8.89,-1.21,7.85,11.39,62.76
scottish_highlands,2019-11-17,10.52,-0.12,0.0,9.91,66.04
scottish_highlands,2019-11-18,3.92,3.03,3.46,19.63,71.88
scottish_highlands,2019-11-19,11.1,-3.65,1.19,11.48,59.71
scottish_highlands,2019-11-20,5.67,-5.92,0.0,18.24,80.22
scottish_highlands,2019-11-21,15.49,5.31,0.3,21.68,60.76
scottish_highlands,2019-11-22,11.68,1.82,4.01,9.25,48.58
scottish_highlands,2019-11-23,13.97,3.39,4.03,17.26,71.55
scottish_highlands,2019-11-24,9.89,5.42,5.22,16.43,74.82
scottish_highlands,2019-11-25,6.53,1.17,0.0,19.13,56.17
scottish_highlands,2019-11-26,8.21,3.29,8.51,17.47,66.26
scottish_highlands,2019-11-27,8.62,5.7,1.28,17.36,68.52
scottish_highlands,2019-11-28,4.5,1.61,5.08,13.21,70.13
scottish_highlands,2019-11-29,5.29,-0.92,8.66,13.87,73.52
scottish_highlands,2019-11-30,6.67,0.86,0.07,16.12,92.89
scottish_highlands,2019-12-01,7.45,0.97,3.59,13.43,63.9
scottish_highlands,2019-12-02,9.89,-2.99,3.75,18.24,67.75
scottish_highlands,2019-12-03,6.01,5.06,1.17,10.65,62.46
scottish_highlands,2019-12-04,9.06,-0.64,2.33,20.65,66.3
scottish_highlands,2019-12-05,4.93,3.65,3.18,21.19,59.31
scottish_highlands,2019-12-06,8.06,4.61,0.99,11.6,63.56
scottish_highlands,2019-12-07,9.68,2.04,3.58,17.04,40.44
scottish_highlands,2019-12-08,4.71,-0.28,0.0,14.42,64.59
scottish_highlands,2019-12-09,6.68,-1.0,4.72,13.64,58.88
scottish_highlands,2019-12-10,8.66,-4.0,2.15,22.44,55.02
scottish_highlands,2019-12-11,2.98,1.13,6.67,12.14,67.16
scottish_highlands,2019-12-12,5.93,-2.41,1.31,14.54,31.28
scottish_highlands,2019-12-13,6.21,-4.71,5.64,12.1,60.94
scottish_highlands,2019-12-14,5.0,3.11,2.31,15.07,70.33
scottish_highlands,2019-12-15,6.77,0.39,2.64,21.44,80.32
scottish_highlands,2019-12-16,2.14,-1.22,5.82,4.11,84.86
scottish_highlands,2019-12-17,6.41,-0.45,0.0,21.34,56.97
scottish_highlands,2019-12-18,7.99,0.95,0.53,22.19,67.8
scottish_highlands,2019-12-19,6.3,-1.95,5.58,7.48,39.37
scottish_highlands,2019-12-20,7.4,-2.05,3.84,24.43,72.28
scottish_highlands,2019-12-21,6.13,-3.62,0.72,22.33,58.85
scottish_highlands,2019-12-22,4.31,-2.52,2.56,23.29,64.54
scottish_highlands,2019-12-23,5.71,-3.79,0.0,19.67,75.16
scottish_highlands,2019-12-24,7.18,-0.5,7.66,7.3,73.35
scottish_highlands,2019-12-25,8.81,1.92,0.0,12.0,34.58
scottish_highlands,2019-12-26,2.48,-0.69,0.0,1.98,53.91
scottish_highlands,2019-12-27,5.66,0.59,0.23,14.87,63.17
scottish_highlands,2019-12-28,11.52,-0.27,1.44,16.73,43.69
scottish_highlands,2019-12-29,7.61,-1.44,1.68,20.2,75.91
scottish_highlands,2019-12-30,6.32,1.64,2.36,9.9,71.76
scottish_highlands,2019-12-31,2.87,-2.52,6.2,11.83,55.81
scottish_highlands,2020-01-01,6.92,-4.7,4.73,11.2,37.57
scottish_highlands,2020-01-02,5.36,-0.2,0.11,6.75,72.92
scottish_highlands,2020-01-03,3.58,-0.46,0.16,19.96,60.52
scottish_highlands,2020-01-04,6.41,-3.6,0.0,16.06,69.23
scottish_highlands,2020-01-05,5.77,0.72,4.61,13.71,62.11
scottish_highlands,2020-01-06,5.61,1.83,0.3,17.76,46.32
scottish_highlands,2020-01-07,0.46,2.59,3.26,17.9,59.46
scottish_highlands,2020-01-08,3.79,-1.33,0.0,18.17,44.17
scottish_highlands,2020-01-09,7.42,0.81,0.0,12.7,53.42
scottish_highlands,2020-01-10,2.72,2.85,8.63,12.54,66.44
scottish_highlands,2020-01-11,-0.83,-0.76,3.95,7.5,43.01
scottish_highlands,2020-01-12,5.88,0.13,1.49,12.09,65.76
scottish_highlands,2020-01-13,1.77,-2.61,2.39,16.07,37.66
scottish_highlands,2020-01-14,6.07,0.26,4.27,12.2,77.26
scottish_highlands,2020-01-15,10.66,2.64,1.75,21.39,49.77
scottish_highlands,2020-01-16,4.86,-1.37,0.08,11.3,71.33
scottish_highlands,2020-01-17,6.52,2.82,0.0,22.48,48.41
scottish_highlands,2020-01-18,4.76,-0.49,0.0,16.54,73.76
scottish_highlands,2020-01-19,6.46,2.21,0.0,18.7,39.36
scottish_highlands,2020-01-20,5.5,2.85,0.0,3.31,58.33
scottish_highlands,2020-01-21,5.06,-3.13,0.16,11.1,53.81
scottish_highlands,2020-01-22,9.3,-2.33,6.36,18.24,47.24
scottish_highlands,2020-01-23,5.1,-3.6,2.08,23.54,54.69
scottish_highlands,2020-01-24,10.18,-1.14,5.01,33.25,60.25
scottish_highlands,2020-01-25,5.49,2.1,0.23,17.25,53.66
scottish_highlands,2020-01-26,5.01,-4.95,1.97,8.57,75.44
scottish_highlands,2020-01-27,4.28,0.9,3.07,14.94,68.23
scottish_highlands,2020-01-28,2.34,-1.58,1.06,9.95,79.01
scottish_highlands,2020-01-29,3.68,-0.24,8.7,14.46,50.03
scottish_highlands,2020-01-30,5.82,0.83,4.65,22.9,66.0
scottish_highlands,2020-01-31,5.73,-1.07,0.2,20.42,66.16
scottish_highlands,2020-02-01,4.66,0.79,3.87,12.52,63.92
scottish_highlands,2020-02-02,8.38,-1.17,0.03,7.65,36.55
scottish_highlands,2020-02-03,5.71,1.34,3.58,12.59,57.74
scottish_highlands,2020-02-04,5.74,2.49,2.02,4.89,36.08
scottish_highlands,2020-02-05,7.24,-1.31,0.26,14.56,41.33
scottish_highlands,2020-02-06,10.35,-0.08,0.96,16.81,75.98
scottish_highlands,2020-02-07,5.86,-1.21,0.0,9.65,55.59
scottish_highlands,2020-02-08,-0.23,-1.67,7.93,6.67,71.19
scottish_highlands,2020-02-09,-0.18,-1.94,1.43,22.31,58.47
scottish_highlands,2020-02-10,5.96,-2.12,0.0,14.81,75.27
scottish_highlands,2020-02-11,0.68,5.52,2.63,32.9,72.58
scottish_highlands,2020-02-12,2.59,-4.12,0.0,12.69,61.28
scottish_highlands,2020-02-13,6.15,-0.33,3.12,13.55,60.29
scottish_highlands,2020-02-14,5.68,-1.58,3.57,19.27,58.59
scottish_highlands,2020-02-15,-0.1,-3.85,5.78,11.03,79.16
scottish_highlands,2020-02-16,2.32,1.18,8.23,24.93,70.84
scottish_highlands,2020-02-17,3.51,2.07,2.76,10.05,63.26
scottish_highlands,2020-02-18,7.86,-3.12,8.59,14.73,64.91
scottish_highlands,2020-02-19,6.74,-2.33,0.0,20.49,68.77
scottish_highlands,2020-02-20,8.14,-3.64,6.25,17.93,49.04
scottish_highlands,2020-02-21,8.74,2.35,3.07,19.78,56.88
scottish_highlands,2020-02-22,8.81,4.0,1.73,9.38,72.85
scottish_highlands,2020-02-23,6.05,-1.53,0.0,15.17,70.78
scottish_highlands,2020-02-24,9.97,-2.46,8.0,20.27,62.22
scottish_highlands,2020-02-25,6.29,-0.43,2.79,17.69,49.86
scottish_highlands,2020-02-26,-0.49,1.73,1.97,16.21,87.15
scottish_highlands,2020-02-27,5.94,4.59,0.91,26.8,64.4
scottish_highlands,2020-02-28,7.34,-0.22,10.3,20.14,78.65
scottish_highlands,2020-02-29,0.56,-4.18,4.43,11.15,73.12
scottish_highlands,2020-03-01,4.42,-0.44,3.52,17.19,66.81
scottish_highlands,2020-03-02,10.2,0.8,1.74,18.52,85.59
scottish_highlands,2020-03-03,3.53,0.88,1.37,18.57,68.43
scottish_highlands,2020-03-04,6.41,-0.3,2.74,18.24,96.08
scottish_highlands,2020-03-05,13.49,2.29,2.64,22.52,71.5
scottish_highlands,2020-03-06,8.9,2.47,1.69,20.48,73.73
scottish_highlands,2020-03-07,7.35,1.93,1.0,17.27,71.87
scottish_highlands,2020-03-08,6.39,2.66,8.41,11.3,69.84
scottish_highlands,2020-03-09,10.3,2.94,3.19,5.89,75.88
scottish_highlands,2020-03-10,8.95,3.02,2.77,20.41,73.45
scottish_highlands,2020-03-11,12.71,3.61,4.67,13.63,80.24
scottish_highlands,2020-03-12,12.65,-1.79,1.19,18.54,55.42
scottish_highlands,2020-03-13,5.15,-1.21,4.39,18.12,61.26
scottish_highlands,2020-03-14,6.24,3.34,0.93,12.62,63.57
scottish_highlands,2020-03-15,12.04,-0.34,1.23,21.45,69.4
scottish_highlands,2020-03-16,11.71,-1.36,4.78,18.9,94.63
scottish_highlands,2020-03-17,9.17,1.51,6.19,13.65,69.64
scottish_highlands,2020-03-18,4.68,1.64,2.92,15.55,67.04
scottish_highlands,2020-03-19,6.92,1.84,0.0,16.66,67.58
scottish_highlands,2020-03-20,5.26,2.51,4.96,11.79,80.67
scottish_highlands,2020-03-21,11.09,0.42,7.62,24.96,72.91
scottish_highlands,2020-03-22,11.26,2.36,2.14,19.06,49.27
scottish_highlands,2020-03-23,12.25,1.8,3.85,4.14,45.16
scottish_highlands,2020-03-24,8.73,2.9,5.74,23.56,73.13
scottish_highlands,2020-03-25,8.69,-0.09,0.33,11.03,47.21
scottish_highlands,2020-03-26,5.77,6.61,1.32,10.1,80.05
scottish_highlands,2020-03-27,7.29,2.62,6.64,19.19,69.62
scottish_highlands,2020-03-28,8.58,2.73,2.41,16.31,62.06
scottish_highlands,2020-03-29,9.78,4.24,0.0,11.65,83.01
scottish_highlands,2020-03-30,9.33,7.18,3.32,17.67,88.43
scottish_highlands,2020-03-31,9.19,0.84,0.0,15.27,71.98
scottish_highlands,2020-04-01,10.23,2.54,4.12,25.09,61.32
scottish_highlands,2020-04-02,12.9,3.1,0.09,11.7,72.46
scottish_highlands,2020-04-03,14.06,6.52,0.52,10.11,64.08
scottish_highlands,2020-04-04,7.61,4.24,3.32,21.66,73.63
scottish_highlands,2020-04-05,10.14,7.31,2.59,16.21,52.24
scottish_highlands,2020-04-06,13.57,2.09,5.35,25.94,67.93
scottish_highlands,2020-04-07,10.32,1.97,6.9,18.74,62.22
scottish_highlands,2020-04-08,16.37,3.89,0.31,16.18,73.7
scottish_highlands,2020-04-09,13.32,5.34,4.06,19.64,67.58
scottish_highlands,2020-04-10,4.29,7.94,4.7,15.36,50.27
scottish_highlands,2020-04-11,13.34,1.34,6.53,23.5,75.91
scottish_highlands,2020-04-12,15.15,5.74,0.02,23.87,74.59
scottish_highlands,2020-04-13,6.02,1.19,5.64,12.14,69.68
scottish_highlands,2020-04-14,10.49,5.62,7.69,13.13,71.5
scottish_highlands,2020-04-15,14.04,4.07,2.43,13.97,53.53
scottish_highlands,2020-04-16,10.54,5.05,3.72,10.43,78.74
scottish_highlands,2020-04-17,9.79,5.0,3.74,10.53,64.29
scottish_highlands,2020-04-18,8.62,7.94,2.98,15.29,60.33
scottish_highlands,2020-04-19,10.26,0.29,6.31,15.46,65.41
scottish_highlands,2020-04-20,11.61,4.65,4.55,13.1,75.6
scottish_highlands,2020-04-21,15.59,1.76,2.16,8.28,60.62
scottish_highlands,2020-04-22,17.79,6.21,0.0,15.45,79.78
scottish_highlands,2020-04-23,14.94,4.78,5.86,14.51,81.21
scottish_highlands,2020-04-24,12.23,1.61,3.23,23.2,75.85
scottish_highlands,2020-04-25,13.99,3.78,6.82,15.78,74.9
scottish_highlands,2020-04-26,16.0,0.51,9.02,18.0,76.28
scottish_highlands,2020-04-27,12.83,1.03,6.29,19.77,84.02
scottish_highlands,2020-04-28,10.2,7.83,7.12,18.53,86.79
scottish_highlands,2020-04-29,12.55,8.1,5.13,19.09,60.83
scottish_highlands,2020-04-30,11.61,5.07,4.0,18.59,92.67
scottish_highlands,2020-05-01,12.79,3.49,1.18,19.94,72.6
scottish_highlands,2020-05-02,8.05,9.07,3.97,23.19,72.74
scottish_highlands,2020-05-03,18.0,8.91,4.58,32.56,80.38
scottish_highlands,2020-05-04,15.16,4.46,1.33,26.6,58.86
scottish_highlands,2020-05-05,6.5,5.54,0.78,11.34,80.44
scottish_highlands,2020-05-06,13.82,6.78,2.48,22.17,75.99
scottish_highlands,2020-05-07,21.04,6.87,2.61,8.6,76.49
scottish_highlands,2020-05-08,12.9,6.42,5.18,24.45,65.64
scottish_highlands,2020-05-09,11.95,6.88,8.54,17.62,77.06
scottish_highlands,2020-05-10,17.15,6.66,4.83,19.93,86.79
scottish_highlands,2020-05-11,10.31,6.74,5.69,17.63,74.1
scottish_highlands,2020-05-12,16.58,8.53,4.21,20.84,74.97
scottish_highlands,2020-05-13,11.81,3.29,3.02,16.15,68.1
scottish_highlands,2020-05-14,13.96,5.88,4.82,13.95,76.83
scottish_highlands,2020-05-15,18.94,6.89,0.0,14.26,54.38
scottish_highlands,2020-05-16,10.72,7.2,3.98,25.7,73.76
scottish_highlands,2020-05-17,15.46,14.79,4.17,17.59,83.8
scottish_highlands,2020-05-18,16.88,8.04,0.0,22.23,92.11
scottish_highlands,2020-05-19,16.04,12.29,5.87,22.98,86.44
scottish_highlands,2020-05-20,14.92,8.63,5.96,29.89,87.4
scottish_highlands,2020-05-21,16.01,5.78,1.93,22.34,58.34
scottish_highlands,2020-05-22,9.67,8.74,4.48,17.39,76.38
scottish_highlands,2020-05-23,20.19,8.32,3.9,21.43,72.98
scottish_highlands,2020-05-24,16.75,6.15,0.89,18.97,79.17
scottish_highlands,2020-05-25,18.85,8.43,0.0,14.46,84.78
scottish_highlands,2020-05-26,15.14,7.07,7.87,23.56,74.95
scottish_highlands,2020-05-27,16.02,9.55,0.24,20.49,77.16
scottish_highlands,2020-05-28,20.9,10.63,4.0,18.84,69.28
scottish_highlands,2020-05-29,13.07,8.37,4.19,11.29,73.26
scottish_highlands,2020-05-30,19.87,9.26,3.95,15.91,73.55
scottish_highlands,2020-05-31,19.52,11.38,4.89,8.84,95.71
scottish_highlands,2020-06-01,23.66,10.93,4.46,14.08,70.54
scottish_highlands,2020-06-02,16.7,9.23,1.57,23.08,85.53
scottish_highlands,2020-06-03,16.11,8.16,6.06,22.22,72.32
scottish_highlands,2020-06-04,20.11,7.17,9.31,19.63,71.1
scottish_highlands,2020-06-05,14.14,7.53,3.6,20.27,83.64
scottish_highlands,2020-06-06,20.89,7.59,9.5,15.58,80.38
scottish_highlands,2020-06-07,14.97,11.18,4.92,19.16,81.39
scottish_highlands,2020-06-08,17.57,10.24,4.73,25.28,68.4
scottish_highlands,2020-06-09,19.54,11.88,4.14,25.6,51.19
scottish_highlands,2020-06-10,18.94,5.58,5.73,20.48,65.57
scottish_highlands,2020-06-11,17.1,9.59,3.84,14.11,72.89
scottish_highlands,2020-06-12,18.22,13.9,9.45,15.25,80.27
scottish_highlands,2020-06-13,14.92,11.07,6.85,25.18,69.34
scottish_highlands,2020-06-14,15.36,7.63,7.19,27.67,77.9
scottish_highlands,2020-06-15,17.06,9.16,2.44,14.99,51.27
scottish_highlands,2020-06-16,19.24,12.7,5.07,19.61,91.69
scottish_highlands,2020-06-17,19.64,6.73,4.62,14.81,64.49
scottish_highlands,2020-06-18,20.75,9.58,3.94,24.68,77.74
scottish_highlands,2020-06-19,14.11,12.2,0.0,26.91,74.37
scottish_highlands,2020-06-20,21.26,11.65,5.6,23.66,67.19
scottish_highlands,2020-06-21,19.26,9.49,6.68,25.15,93.65
scottish_highlands,2020-06-22,19.04,7.99,8.47,23.45,83.83
scottish_highlands,2020-06-23,17.95,12.65,3.18,30.0,70.81
scottish_highlands,2020-06-24,19.35,10.74,4.11,10.9,92.15
scottish_highlands,2020-06-25,13.41,6.64,3.62,20.25,70.45
scottish_highlands,2020-06-26,11.12,7.65,7.68,13.21,100.0
scottish_highlands,2020-06-27,18.74,6.98,9.05,21.66,80.04
scottish_highlands,2020-06-28,20.73,12.41,4.55,25.63,82.52
scottish_highlands,2020-06-29,15.51,11.81,1.72,28.58,85.06
scottish_highlands,2020-06-30,18.87,13.78,4.91,20.36,55.02
scottish_highlands,2020-07-01,23.21,8.58,7.66,23.98,57.9
scottish_highlands,2020-07-02,22.88,10.39,3.31,15.1,81.94
scottish_highlands,2020-07-03,17.53,6.22,7.81,16.04,90.44
scottish_highlands,2020-07-04,17.65,9.3,4.7,22.02,88.58
scottish_highlands,2020-07-05,25.03,9.17,3.81,27.41,84.35
scottish_highlands,2020-07-06,19.06,12.38,5.12,20.4,88.95
scottish_highlands,2020-07-07,18.87,15.51,5.67,25.48,67.43
scottish_highlands,2020-07-08,24.94,15.65,4.85,25.51,84.27
scottish_highlands,2020-07-09,18.43,6.64,9.83,21.97,72.52
scottish_highlands,2020-07-10,17.56,9.21,0.51,20.28,39.08
scottish_highlands,2020-07-11,13.4,12.75,1.17,26.71,50.64
scottish_highlands,2020-07-12,19.07,8.68,0.0,25.77,92.72
scottish_highlands,2020-07-13,17.95,6.43,3.78,25.55,93.28
scottish_highlands,2020-07-14,19.02,9.06,13.09,22.56,72.37
scottish_highlands,2020-07-15,13.73,15.66,7.89,13.63,61.65
scottish_highlands,2020-07-16,19.5,13.6,6.65,27.95,82.87
scottish_highlands,2020-07-17,21.2,12.56,3.33,28.94,88.52
scottish_highlands,2020-07-18,21.91,9.6,5.63,27.16,68.0
scottish_highlands,2020-07-19,19.67,11.56,4.54,23.39,74.08
scottish_highlands,2020-07-20,19.85,11.49,6.35,22.93,76.99
scottish_highlands,2020-07-21,26.39,13.36,0.62,13.96,76.11
scottish_highlands,2020-07-22,20.8,11.7,8.92,25.02,82.35
scottish_highlands,2020-07-23,19.96,9.96,0.19,24.7,82.64
scottish_highlands,2020-07-24,19.17,13.85,8.56,23.69,58.49
scottish_highlands,2020-07-25,20.66,11.25,5.51,28.11,94.18
scottish_highlands,2020-07-26,14.53,7.04,6.36,11.67,72.64
scottish_highlands,2020-07-27,25.19,10.38,2.71,24.09,69.87
scottish_highlands,2020-07-28,20.44,10.81,7.79,27.75,69.87
scottish_highlands,2020-07-29,17.41,16.49,3.43,19.15,79.54
scottish_highlands,2020-07-30,19.04,10.68,7.96,13.35,69.49
scottish_highlands,2020-07-31,18.21,10.0,6.55,17.01,67.01
scottish_highlands,2020-08-01,21.92,9.93,0.2,29.91,84.58
scottish_highlands,2020-08-02,20.06,8.18,5.47,24.05,61.76
scottish_highlands,2020-08-03,16.84,11.04,7.9,19.64,86.6
scottish_highlands,2020-08-04,21.55,11.64,6.6,29.34,100.0
scottish_highlands,2020-08-05,12.29,12.16,5.15,13.07,85.41
scottish_highlands,2020-08-06,18.75,9.94,7.64,21.67,90.57
scottish_highlands,2020-08-07,16.27,8.36,4.48,9.77,74.14
scottish_highlands,2020-08-08,20.4,7.03,2.28,14.33,88.64
scottish_highlands,2020-08-09,13.75,8.4,5.98,20.67,94.61
scottish_highlands,2020-08-10,17.19,9.85,1.05,31.71,72.66
scottish_highlands,2020-08-11,24.81,8.69,6.51,29.9,83.77
scottish_highlands,2020-08-12,19.11,9.78,1.72,28.63,75.27
scottish_highlands,2020-08-13,17.92,13.21,9.02,18.29,61.5
scottish_highlands,2020-08-14,16.85,14.52,3.75,19.89,83.34
scottish_highlands,2020-08-15,19.46,10.81,8.36,24.44,86.72
scottish_highlands,2020-08-16,15.16,13.47,3.66,12.46,87.9
scottish_highlands,2020-08-17,18.52,9.85,5.86,21.15,68.11
scottish_highlands,2020-08-18,15.41,12.37,7.5,11.29,89.53
scottish_highlands,2020-08-19,17.47,14.73,8.61,26.0,90.67
scottish_highlands,2020-08-20,21.29,10.79,3.71,21.84,84.58
scottish_highlands,2020-08-21,20.43,6.59,5.5,13.2,83.13
scottish_highlands,2020-08-22,17.82,7.2,2.21,22.53,56.95
scottish_highlands,2020-08-23,18.18,5.13,9.42,17.61,73.03
scottish_highlands,2020-08-24,16.99,8.1,6.89,24.62,75.25
scottish_highlands,2020-08-25,14.92,11.4,8.35,19.14,64.89
scottish_highlands,2020-08-26,11.32,10.71,1.64,29.47,84.42
scottish_highlands,2020-08-27,19.17,9.52,2.43,22.93,72.22
scottish_highlands,2020-08-28,22.11,13.93,4.69,19.53,77.47
scottish_highlands,2020-08-29,14.92,9.97,7.37,24.79,87.67
scottish_highlands,2020-08-30,16.12,7.67,4.55,15.93,84.12
scottish_highlands,2020-08-31,18.74,8.27,4.36,28.96,65.02
scottish_highlands,2020-09-01,16.85,9.67,4.04,25.71,80.9
scottish_highlands,2020-09-02,15.51,11.64,6.63,17.4,83.67
scottish_highlands,2020-09-03,17.02,13.67,7.18,24.96,51.76
scottish_highlands,2020-09-04,17.23,11.69,4.67,22.84,77.83
scottish_highlands,2020-09-05,16.64,10.25,8.41,18.32,55.15
scottish_highlands,2020-09-06,10.91,11.33,4.24,25.85,74.65
scottish_highlands,2020-09-07,20.34,5.32,8.75,23.18,91.97
scottish_highlands,2020-09-08,9.68,8.39,5.61,22.21,73.95
scottish_highlands,2020-09-09,12.41,5.11,6.27,28.29,84.85
scottish_highlands,2020-09-10,17.25,11.14,0.0,26.33,77.78
scottish_highlands,2020-09-11,14.85,7.46,6.39,15.98,92.16
scottish_highlands,2020-09-12,10.29,5.14,6.34,14.23,80.94
scottish_highlands,2020-09-13,18.74,6.04,2.26,25.47,73.32
scottish_highlands,2020-09-14,14.99,13.17,4.06,20.37,82.67
scottish_highlands,2020-09-15,16.39,4.48,5.97,19.97,93.77
scottish_highlands,2020-09-16,16.67,7.29,5.39,15.79,62.29
scottish_highlands,2020-09-17,17.61,6.85,1.4,11.49,63.88
scottish_highlands,2020-09-18,15.9,8.99,2.62,24.09,75.16
scottish_highlands,2020-09-19,12.69,10.39,3.24,20.23,79.62
scottish_highlands,2020-09-20,17.25,5.82,1.31,27.3,96.88
scottish_highlands,2020-09-21,17.55,10.98,10.37,18.29,67.41
scottish_highlands,2020-09-22,7.91,12.54,8.32,17.19,58.53
scottish_highlands,2020-09-23,14.4,8.6,6.99,18.43,86.43
scottish_highlands,2020-09-24,10.7,6.0,9.89,17.0,69.24
scottish_highlands,2020-09-25,21.21,7.14,2.55,15.41,97.81
scottish_highlands,2020-09-26,13.44,7.22,1.15,24.99,83.88
scottish_highlands,2020-09-27,15.58,4.88,3.56,26.09,67.37
scottish_highlands,2020-09-28,19.34,7.08,6.02,19.98,60.39
scottish_highlands,2020-09-29,18.42,2.29,3.39,20.28,54.26
scottish_highlands,2020-09-30,11.56,11.77,5.5,18.31,86.19
scottish_highlands,2020-10-01,13.33,7.87,2.02,17.43,97.16
scottish_highlands,2020-10-02,13.06,7.57,1.61,16.75,75.89
scottish_highlands,2020-10-03,9.46,6.9,5.08,17.26,81.71
scottish_highlands,2020-10-04,15.0,2.65,5.4,16.9,64.08
scottish_highlands,2020-10-05,13.23,8.17,6.75,23.65,63.64
scottish_highlands,2020-10-06,13.14,5.84,4.47,22.89,73.41
scottish_highlands,2020-10-07,5.85,4.81,8.39,16.39,76.21
scottish_highlands,2020-10-08,15.21,4.47,5.85,15.76,75.13
scottish_highlands,2020-10-09,12.26,3.36,7.43,17.29,63.29
scottish_highlands,2020-10-10,11.3,4.67,5.33,17.06,68.68
scottish_highlands,2020-10-11,15.15,4.83,5.69,26.27,56.21
scottish_highlands,2020-10-12,16.9,3.47,7.08,28.54,54.72
scottish_highlands,2020-10-13,7.21,8.07,8.17,11.59,64.01
scottish_highlands,2020-10-14,12.9,8.0,1.19,11.57,56.37
scottish_highlands,2020-10-15,14.02,8.27,4.3,20.19,74.12
scottish_highlands,2020-10-16,11.71,5.01,7.92,8.47,82.66
scottish_highlands,2020-10-17,13.24,4.93,4.14,15.03,68.09
scottish_highlands,2020-10-18,10.67,-1.74,2.17,23.62,73.37
scottish_highlands,2020-10-19,8.77,5.07,11.22,19.25,74.72
scottish_highlands,2020-10-20,17.19,4.63,0.0,9.5,44.16
scottish_highlands,2020-10-21,10.85,2.7,0.11,27.82,52.08
scottish_highlands,2020-10-22,9.45,3.13,2.21,15.91,94.06
scottish_highlands,2020-10-23,8.15,7.23,7.05,19.73,66.33
scottish_highlands,2020-10-24,8.49,0.7,0.0,11.77,49.84
scottish_highlands,2020-10-25,18.0,4.11,2.06,13.6,73.39
scottish_highlands,2020-10-26,10.12,3.05,3.23,14.66,74.6
scottish_highlands,2020-10-27,8.68,5.99,5.64,13.5,83.17
scottish_highlands,2020-10-28,13.47,1.74,5.83,13.15,73.03
scottish_highlands,2020-10-29,7.13,1.64,6.15,8.17,76.66
scottish_highlands,2020-10-30,12.75,8.88,2.18,14.75,54.15
scottish_highlands,2020-10-31,16.73,3.94,5.25,17.95,60.93
scottish_highlands,2020-11-01,9.39,2.03,6.16,6.64,80.78
scottish_highlands,2020-11-02,12.96,3.43,3.79,21.51,69.85
scottish_highlands,2020-11-03,16.94,2.53,4.98,22.49,63.17
scottish_highlands,2020-11-04,13.15,0.21,5.62,14.26,83.39
scottish_highlands,2020-11-05,7.41,5.98,2.86,16.39,66.36
scottish_highlands,2020-11-06,8.32,5.24,0.29,24.37,78.16
scottish_highlands,2020-11-07,8.6,1.44,2.75,21.04,79.7
scottish_highlands,2020-11-08,8.34,5.62,7.59,17.34,66.03
scottish_highlands,2020-11-09,5.8,3.2,9.0,13.63,65.3
scottish_highlands,2020-11-10,7.93,3.61,3.16,19.35,77.42
scottish_highlands,2020-11-11,8.4,4.96,5.46,18.93,40.55
scottish_highlands,2020-11-12,7.34,2.78,1.1,9.89,60.89
scottish_highlands,2020-11-13,11.6,1.07,3.61,15.41,70.12
scottish_highlands,2020-11-14,10.02,2.75,6.75,22.58,70.31
scottish_highlands,2020-11-15,10.78,2.04,0.32,16.9,49.11
scottish_highlands,2020-11-16,9.1,2.76,3.11,19.98,54.74
scottish_highlands,2020-11-17,8.26,0.61,4.47,16.27,50.73
scottish_highlands,2020-11-18,10.96,4.34,1.77,11.42,81.15
scottish_highlands,2020-11-19,6.45,1.59,6.2,24.82,70.09
scottish_highlands,2020-11-20,5.71,4.52,1.68,23.54,54.08
scottish_highlands,2020-11-21,11.62,3.23,2.0,21.67,60.74
scottish_highlands,2020-11-22,6.22,1.6,5.02,16.37,59.99
scottish_highlands,2020-11-23,8.21,-0.59,0.0,20.2,72.95
scottish_highlands,2020-11-24,5.02,2.28,7.72,28.23,53.18
scottish_highlands,2020-11-25,5.0,1.76,1.91,23.56,63.2
scottish_highlands,2020-11-26,6.04,1.83,7.02,8.53,50.91
scottish_highlands,2020-11-27,5.66,1.98,5.32,20.01,77.26
scottish_highlands,2020-11-28,6.72,2.37,0.0,9.69,55.33
scottish_highlands,2020-11-29,8.77,0.2,1.55,11.79,62.4
scottish_highlands,2020-11-30,6.92,1.71,1.92,10.48,59.25
scottish_highlands,2020-12-01,6.6,-1.67,3.2,15.01,94.61
scottish_highlands,2020-12-02,6.3,-1.27,1.19,15.33,56.41
scottish_highlands,2020-12-03,4.23,1.85,0.0,13.83,80.04
scottish_highlands,2020-12-04,4.11,-2.25,0.78,15.42,68.2
scottish_highlands,2020-12-05,3.23,5.31,1.31,20.9,72.09
scottish_highlands,2020-12-06,8.23,1.16,5.07,18.66,73.84
scottish_highlands,2020-12-07,5.67,1.88,4.07,17.58,71.42
scottish_highlands,2020-12-08,8.47,5.67,0.0,15.75,61.78
scottish_highlands,2020-12-09,9.01,0.8,3.96,12.75,49.72
scottish_highlands,2020-12-10,4.98,-0.48,3.51,13.15,54.87
scottish_highlands,2020-12-11,8.46,0.08,0.0,13.68,76.68
scottish_highlands,2020-12-12,3.85,-1.96,1.58,6.48,71.2
scottish_highlands,2020-12-13,9.01,1.52,0.79,10.37,58.73
scottish_highlands,2020-12-14,5.24,-2.59,0.0,13.68,54.43
scottish_highlands,2020-12-15,2.13,-6.49,0.0,22.28,76.54
scottish_highlands,2020-12-16,2.99,-1.63,5.07,10.42,67.78
scottish_highlands,2020-12-17,2.33,-2.57,0.0,14.79,72.22
scottish_highlands,2020-12-18,3.87,-1.94,2.12,20.93,59.36
scottish_highlands,2020-12-19,4.61,-3.4,0.0,7.86,59.88
scottish_highlands,2020-12-20,12.95,-0.91,8.72,16.89,59.3
scottish_highlands,2020-12-21,7.68,-1.78,7.03,13.48,68.38
scottish_highlands,2020-12-22,-1.26,0.7,2.62,12.41,58.13
scottish_highlands,2020-12-23,5.72,-1.73,4.54,14.95,48.75
scottish_highlands,2020-12-24,4.59,-0.28,1.57,20.83,64.18
scottish_highlands,2020-12-25,9.58,3.19,5.93,15.19,47.5
scottish_highlands,2020-12-26,3.12,-0.42,2.09,14.27,74.93
scottish_highlands,2020-12-27,3.75,-3.31,3.71,16.75,49.08
scottish_highlands,2020-12-28,2.69,-2.68,1.71,16.94,61.92
scottish_highlands,2020-12-29,5.33,0.37,6.7,14.24,63.25
scottish_highlands,2020-12-30,7.87,1.89,1.97,13.26,62.75
scottish_highlands,2020-12-31,5.18,-1.54,4.83,7.95,80.79
scottish_highlands,2021-01-01,5.45,-2.02,8.25,19.13,75.49
scottish_highlands,2021-01-02,-0.36,1.53,0.0,16.01,61.57
scottish_highlands,2021-01-03,7.12,-2.16,6.45,8.76,79.49
scottish_highlands,2021-01-04,6.62,-0.38,10.03,15.47,73.72
scottish_highlands,2021-01-05,2.15,-2.85,2.93,8.04,71.07
scottish_highlands,2021-01-06,4.17,4.36,0.0,6.13,69.18
scottish_highlands,2021-01-07,8.71,-2.97,4.07,8.28,57.54
scottish_highlands,2021-01-08,-1.39,1.42,4.64,5.1,73.51
scottish_highlands,2021-01-09,3.61,1.52,5.83,10.78,61.43
scottish_highlands,2021-01-10,8.28,-3.18,2.14,12.15,48.68
scottish_highlands,2021-01-11,7.48,1.14,1.24,14.52,60.08
scottish_highlands,2021-01-12,8.13,-2.2,6.38,11.85,67.33
scottish_highlands,2021-01-13,9.61,-0.23,4.16,21.01,76.48
scottish_highlands,2021-01-14,3.81,-2.9,5.61,25.25,64.94
scottish_highlands,2021-01-15,7.48,0.12,0.0,19.59,48.13
scottish_highlands,2021-01-16,7.33,-0.35,0.0,8.22,56.49
scottish_highlands,2021-01-17,5.64,-0.47,5.58,12.24,78.28
scottish_highlands,2021-01-18,4.98,-4.19,2.72,19.97,38.27
scottish_highlands,2021-01-19,6.81,0.0,6.47,8.79,62.26
scottish_highlands,2021-01-20,7.01,-3.15,0.72,11.5,59.37
scottish_highlands,2021-01-21,4.87,-1.95,0.52,12.2,54.63
scottish_highlands,2021-01-22,3.16,-1.63,0.09,12.35,66.57
scottish_highlands,2021-01-23,4.1,-2.68,0.53,20.67,67.4
scottish_highlands,2021-01-24,5.3,3.25,1.01,12.37,69.78
scottish_highlands,2021-01-25,3.95,1.06,0.0,3.96,56.6
scottish_highlands,2021-01-26,1.0,-4.22,7.92,16.89,57.43
scottish_highlands,2021-01-27,2.81,0.9,4.89,13.77,57.3
scottish_highlands,2021-01-28,1.09,-2.56,1.72,14.7,57.01
scottish_highlands,2021-01-29,6.8,-2.31,10.23,12.73,49.77
scottish_highlands,2021-01-30,4.25,0.68,7.5,18.47,58.76
scottish_highlands,2021-01-31,1.85,-0.94,3.31,15.29,63.06
scottish_highlands,2021-02-01,5.37,2.81,3.59,13.06,48.58
scottish_highlands,2021-02-02,1.21,-2.82,0.0,15.01,51.57
scottish_highlands,2021-02-03,6.41,1.16,1.01,23.07,59.58
scottish_highlands,2021-02-04,5.5,-1.9,5.23,7.85,50.42
scottish_highlands,2021-02-05,8.61,-0.27,5.27,11.38,74.38
scottish_highlands,2021-02-06,7.68,-1.47,1.68,16.02,56.68
scottish_highlands,2021-02-07,9.16,-0.06,5.62,14.4,85.52
scottish_highlands,2021-02-08,6.09,-2.38,1.42,16.14,82.3
scottish_highlands,2021-02-09,5.83,-4.14,2.59,19.04,75.9
scottish_highlands,2021-02-10,5.15,3.8,4.17,11.57,80.75
scottish_highlands,2021-02-11,6.95,-1.85,4.08,13.65,58.69
scottish_highlands,2021-02-12,4.15,1.94,6.14,8.81,54.55
scottish_highlands,2021-02-13,2.09,-1.89,6.9,16.39,70.48
scottish_highlands,2021-02-14,6.41,-4.68,5.73,20.63,51.25
scottish_highlands,2021-02-15,5.73,-1.02,3.42,18.23,58.49
scottish_highlands,2021-02-16,3.49,-1.35,4.43,20.61,77.57
scottish_highlands,2021-02-17,5.86,1.71,4.75,17.42,56.71
scottish_highlands,2021-02-18,7.71,-0.28,3.27,15.74,49.11
scottish_highlands,2021-02-19,6.75,-3.32,6.11,21.94,56.22
scottish_highlands,2021-02-20,5.48,-0.83,0.0,13.39,67.69
scottish_highlands,2021-02-21,4.68,0.82,4.13,22.4,75.0
scottish_highlands,2021-02-22,10.54,-0.95,0.0,9.1,67.52
scottish_highlands,2021-02-23,5.01,1.33,3.7,18.45,59.9
scottish_highlands,2021-02-24,5.57,0.81,2.46,13.66,57.57
scottish_highlands,2021-02-25,5.98,-2.06,2.79,10.52,64.57
scottish_highlands,2021-02-26,8.7,-2.32,2.56,12.82,69.62
scottish_highlands,2021-02-27,2.38,0.84,4.48,19.97,58.95
scottish_highlands,2021-02-28,5.23,-1.45,1.05,19.2,58.03
scottish_highlands,2021-03-01,4.79,1.56,2.49,14.35,45.33
scottish_highlands,2021-03-02,10.49,0.22,1.43,9.72,55.69
scottish_highlands,2021-03-03,-0.44,0.54,1.2,14.24,44.48
scottish_highlands,2021-03-04,0.8,-0.3,0.0,14.45,80.77
scottish_highlands,2021-03-05,3.83,-3.6,10.58,18.01,51.99
scottish_highlands,2021-03-06,6.74,-2.07,1.6,11.72,61.51
scottish_highlands,2021-03-07,8.86,-5.7,3.21,9.31,75.16
scottish_highlands,2021-03-08,5.44,0.05,2.4,11.69,77.49
scottish_highlands,2021-03-09,3.78,5.05,6.08,20.2,58.79
scottish_highlands,2021-03-10,8.88,-0.28,2.49,22.42,37.59
scottish_highlands,2021-03-11,4.77,2.05,7.84,7.46,64.92
scottish_highlands,2021-03-12,4.23,3.19,0.0,17.41,64.01
scottish_highlands,2021-03-13,6.11,3.34,0.0,19.99,64.46
scottish_highlands,2021-03-14,1.91,1.7,7.71,16.87,51.3
scottish_highlands,2021-03-15,8.08,-1.4,1.75,13.42,58.55
scottish_highlands,2021-03-16,7.22,3.72,0.5,31.72,84.12
scottish_highlands,2021-03-17,0.8,1.52,3.98,13.37,80.42
scottish_highlands,2021-03-18,6.51,6.17,3.89,17.03,51.47
scottish_highlands,2021-03-19,6.9,-2.14,0.0,18.9,53.86
scottish_highlands,2021-03-20,5.1,2.38,2.83,17.19,47.66
scottish_highlands,2021-03-21,1.75,2.91,1.45,20.19,53.86
scottish_highlands,2021-03-22,8.77,0.44,1.95,16.66,64.78
scottish_highlands,2021-03-23,6.19,0.81,0.0,19.61,56.91
scottish_highlands,2021-03-24,10.04,-0.12,4.21,20.95,74.19
scottish_highlands,2021-03-25,6.75,6.69,3.18,12.2,76.79
scottish_highlands,2021-03-26,8.33,2.2,3.2,14.37,66.51
scottish_highlands,2021-03-27,5.19,-0.26,7.23,14.09,62.77
scottish_highlands,2021-03-28,12.31,1.46,3.16,22.56,70.87
scottish_highlands,2021-03-29,8.36,4.9,6.21,21.17,53.97
scottish_highlands,2021-03-30,4.23,5.28,0.0,23.25,100.0
scottish_highlands,2021-03-31,7.89,3.01,1.82,13.95,86.2
scottish_highlands,2021-04-01,6.26,1.22,0.0,19.12,69.84
scottish_highlands,2021-04-02,10.49,5.31,3.15,15.05,96.47
scottish_highlands,2021-04-03,12.66,3.38,2.13,15.88,56.38
scottish_highlands,2021-04-04,10.75,3.87,0.1,17.9,87.67
scottish_highlands,2021-04-05,11.97,5.04,2.22,15.2,37.93
scottish_highlands,2021-04-06,7.66,2.48,3.91,15.58,67.72
scottish_highlands,2021-04-07,9.69,2.47,3.29,12.57,65.79
scottish_highlands,2021-04-08,10.55,6.49,0.89,14.6,74.05
scottish_highlands,2021-04-09,10.58,5.38,3.98,16.25,61.58
scottish_highlands,2021-04-10,7.26,3.15,3.16,15.51,60.82
scottish_highlands,2021-04-11,6.48,4.97,3.96,21.65,74.01
scottish_highlands,2021-04-12,6.97,6.35,10.29,23.74,68.62
scottish_highlands,2021-04-13,12.45,2.43,4.04,20.65,59.81
scottish_highlands,2021-04-14,11.66,2.52,6.31,22.99,59.24
scottish_highlands,2021-04-15,12.26,7.05,2.35,17.73,66.55
scottish_highlands,2021-04-16,8.06,8.75,1.71,27.79,74.74
scottish_highlands,2021-04-17,12.18,3.27,3.13,20.53,81.09
scottish_highlands,2021-04-18,12.66,6.85,8.04,25.61,90.94
scottish_highlands,2021-04-19,7.09,4.69,0.0,14.23,53.39
scottish_highlands,2021-04-20,10.03,6.01,4.66,20.86,52.16
scottish_highlands,2021-04-21,11.22,8.6,6.27,23.21,73.77
scottish_highlands,2021-04-22,15.12,9.11,1.02,12.06,66.15
scottish_highlands,2021-04-23,14.23,8.31,6.91,16.86,80.13
scottish_highlands,2021-04-24,18.3,3.42,2.32,21.48,71.23
scottish_highlands,2021-04-25,11.74,6.33,3.97,24.73,71.2
scottish_highlands,2021-04-26,5.68,6.26,0.0,9.2,66.77
scottish_highlands,2021-04-27,14.4,3.78,6.47,18.3,76.38
scottish_highlands,2021-04-28,7.75,6.48,11.8,23.93,80.39
scottish_highlands,2021-04-29,14.12,7.02,6.66,14.55,47.81
scottish_highlands,2021-04-30,11.95,7.33,2.23,11.48,47.87
scottish_highlands,2021-05-01,11.92,4.34,6.47,16.85,86.09
scottish_highlands,2021-05-02,12.47,5.82,5.28,9.36,54.4
scottish_highlands,2021-05-03,11.68,6.22,3.24,23.46,61.51
scottish_highlands,2021-05-04,7.69,6.31,5.63,13.67,93.85
scottish_highlands,2021-05-05,16.95,4.7,3.01,27.6,76.61
scottish_highlands,2021-05-06,14.98,9.14,2.13,19.5,80.93
scottish_highlands,2021-05-07,12.52,7.33,3.76,15.61,51.68
scottish_highlands,2021-05-08,16.19,4.56,3.37,19.62,84.09
scottish_highlands,2021-05-09,13.85,7.49,8.89,27.34,80.76
scottish_highlands,2021-05-10,18.17,9.14,6.93,21.82,71.36
scottish_highlands,2021-05-11,19.24,11.94,1.81,14.75,70.18
scottish_highlands,2021-05-12,13.07,8.03,2.06,19.78,73.87
scottish_highlands,2021-05-13,15.64,10.83,2.13,23.53,61.98
scottish_highlands,2021-05-14,17.08,4.76,6.44,15.33,79.7
scottish_highlands,2021-05-15,19.6,11.1,5.0,24.8,89.43
scottish_highlands,2021-05-16,9.8,7.77,4.31,23.07,100.0
scottish_highlands,2021-05-17,14.39,4.53,4.76,18.99,96.22
scottish_highlands,2021-05-18,13.12,9.25,7.96,24.48,74.7
scottish_highlands,2021-05-19,12.57,4.28,2.12,20.24,87.77
scottish_highlands,2021-05-20,16.77,6.69,3.65,18.98,91.65
scottish_highlands,2021-05-21,12.97,9.44,2.31,24.61,73.66
scottish_highlands,2021-05-22,19.87,5.04,6.37,20.95,65.73
scottish_highlands,2021-05-23,19.47,9.75,6.67,26.58,70.08
scottish_highlands,2021-05-24,15.26,5.66,0.0,24.6,81.91
scottish_highlands,2021-05-25,10.75,11.13,5.87,11.37,73.93
scottish_highlands,2021-05-26,12.03,8.21,2.1,24.48,75.34
scottish_highlands,2021-05-27,19.51,6.93,6.93,17.78,74.16
scottish_highlands,2021-05-28,15.27,10.75,6.47,18.68,64.07
scottish_highlands,2021-05-29,21.66,4.79,1.85,25.69,72.35
scottish_highlands,2021-05-30,19.13,10.98,4.67,22.58,94.81
scottish_highlands,2021-05-31,24.66,7.93,6.0,15.61,42.94
scottish_highlands,2021-06-01,20.91,10.06,7.79,17.9,62.84
scottish_highlands,2021-06-02,19.28,10.15,9.61,25.6,64.1
scottish_highlands,2021-06-03,15.39,9.75,6.55,15.88,66.72
scottish_highlands,2021-06-04,18.48,5.82,7.56,18.08,71.27
scottish_highlands,2021-06-05,16.19,7.1,6.48,15.88,73.13
scottish_highlands,2021-06-06,20.8,8.18,8.52,11.91,73.95
scottish_highlands,2021-06-07,13.14,9.86,7.75,24.63,68.26
scottish_highlands,2021-06-08,15.05,14.67,1.3,21.96,78.4
scottish_highlands,2021-06-09,19.88,11.41,4.22,22.28,80.23
scottish_highlands,2021-06-10,14.57,10.06,7.06,25.33,62.99
scottish_highlands,2021-06-11,19.61,12.98,6.29,19.29,83.86
scottish_highlands,2021-06-12,18.84,10.91,7.36,26.47,61.85
scottish_highlands,2021-06-13,17.99,12.5,7.58,29.19,90.97
scottish_highlands,2021-06-14,20.98,11.4,12.03,24.4,79.87
scottish_highlands,2021-06-15,15.41,5.47,5.57,24.37,100.0
scottish_highlands,2021-06-16,15.63,9.53,8.82,20.6,75.94
scottish_highlands,2021-06-17,19.05,7.8,3.23,23.47,79.91
scottish_highlands,2021-06-18,15.9,11.48,5.0,17.29,70.11
scottish_highlands,2021-06-19,15.8,7.25,6.78,22.24,96.83
scottish_highlands,2021-06-20,20.25,14.46,6.64,16.6,83.03
scottish_highlands,2021-06-21,22.16,8.5,10.48,24.26,100.0
scottish_highlands,2021-06-22,16.64,9.71,4.8,21.08,60.49
scottish_highlands,2021-06-23,19.88,12.81,2.74,20.24,77.18
scottish_highlands,2021-06-24,18.47,5.27,1.91,25.35,59.92
scottish_highlands,2021-06-25,18.49,12.9,1.29,17.12,83.7
scottish_highlands,2021-06-26,17.68,10.33,0.85,21.17,69.46
scottish_highlands,2021-06-27,18.06,14.23,8.3,26.48,71.25
scottish_highlands,2021-06-28,19.47,9.3,2.11,21.35,64.6
scottish_highlands,2021-06-29,17.19,10.6,2.72,13.35,77.7
scottish_highlands,2021-06-30,21.37,7.58,8.29,16.19,100.0
scottish_highlands,2021-07-01,16.74,11.1,2.64,24.62,71.71
scottish_highlands,2021-07-02,19.87,17.33,0.0,19.45,80.33
scottish_highlands,2021-07-03,21.06,12.38,5.85,24.16,86.0
scottish_highlands,2021-07-04,18.65,12.63,7.21,24.47,62.77
scottish_highlands,2021-07-05,17.22,13.31,2.25,22.64,61.92
scottish_highlands,2021-07-06,17.28,11.44,8.6,14.18,80.53
scottish_highlands,2021-07-07,17.14,7.08,2.18,15.2,79.73
scottish_highlands,2021-07-08,18.37,9.45,9.56,23.04,80.29
scottish_highlands,2021-07-09,17.23,10.25,9.53,21.0,65.66
scottish_highlands,2021-07-10,17.68,10.97,7.46,22.9,81.73
scottish_highlands,2021-07-11,16.97,9.37,9.64,25.86,88.67
scottish_highlands,2021-07-12,15.74,11.04,6.05,19.27,52.94
scottish_highlands,2021-07-13,23.42,11.08,1.97,14.38,79.38
scottish_highlands,2021-07-14,13.26,13.29,7.62,21.34,72.42
scottish_highlands,2021-07-15,19.84,9.1,9.56,11.65,77.07
scottish_highlands,2021-07-16,15.55,12.91,5.82,27.95,83.69
scottish_highlands,2021-07-17,19.03,11.24,5.51,18.49,66.73
scottish_highlands,2021-07-18,19.54,6.74,4.38,24.45,75.18
scottish_highlands,2021-07-19,16.0,14.36,4.44,24.68,60.7
scottish_highlands,2021-07-20,16.43,10.72,6.61,20.75,62.11
scottish_highlands,2021-07-21,18.1,12.85,7.28,18.98,96.13
scottish_highlands,2021-07-22,16.77,6.02,4.36,19.51,78.99
scottish_highlands,2021-07-23,18.22,10.6,6.84,16.67,57.89
scottish_highlands,2021-07-24,18.45,11.85,7.85,18.78,95.19
scottish_highlands,2021-07-25,16.55,12.92,3.15,14.8,43.31
scottish_highlands,2021-07-26,20.8,11.2,7.45,19.06,78.52
scottish_highlands,2021-07-27,20.44,14.34,8.09,17.04,56.31
scottish_highlands,2021-07-28,16.3,9.3,3.78,27.94,67.12
scottish_highlands,2021-07-29,14.87,12.22,3.43,18.52,72.3
scottish_highlands,2021-07-30,22.0,10.46,3.46,15.6,100.0
scottish_highlands,2021-07-31,12.79,10.41,5.8,20.91,77.91
scottish_highlands,2021-08-01,16.07,13.13,6.7,18.59,56.0
scottish_highlands,2021-08-02,21.24,13.35,8.07,21.65,77.86
scottish_highlands,2021-08-03,19.08,12.93,2.29,29.23,73.84
scottish_highlands,2021-08-04,21.35,11.11,3.71,29.16,76.52
scottish_highlands,2021-08-05,21.79,10.21,3.51,23.32,78.42
scottish_highlands,2021-08-06,16.29,10.85,9.04,31.6,69.84
scottish_highlands,2021-08-07,20.27,9.06,6.19,15.96,63.66
scottish_highlands,2021-08-08,18.39,8.13,7.03,18.78,74.18
scottish_highlands,2021-08-09,15.89,9.63,9.32,24.06,82.42
scottish_highlands,2021-08-10,16.7,9.67,4.12,19.27,78.96
scottish_highlands,2021-08-11,15.66,10.95,0.0,22.36,93.67
scottish_highlands,2021-08-12,19.42,9.68,6.96,26.64,86.12
scottish_highlands,2021-08-13,14.4,9.51,2.83,34.22,72.94
scottish_highlands,2021-08-14,15.03,9.8,6.91,21.38,80.17
scottish_highlands,2021-08-15,20.16,13.39,7.76,14.24,68.22
scottish_highlands,2021-08-16,19.84,12.35,4.99,26.28,92.18
scottish_highlands,2021-08-17,16.07,13.22,12.65,19.54,76.79
scottish_highlands,2021-08-18,19.24,10.35,5.53,11.11,69.42
scottish_highlands,2021-08-19,17.58,15.38,6.44,19.8,90.69
scottish_highlands,2021-08-20,14.13,10.55,2.59,23.88,90.98
scottish_highlands,2021-08-21,15.09,12.72,6.19,21.13,64.61
scottish_highlands,2021-08-22,17.12,10.33,3.82,22.97,93.17
scottish_highlands,2021-08-23,23.28,7.43,2.76,25.75,66.09
scottish_highlands,2021-08-24,18.68,8.31,0.0,23.73,64.5
scottish_highlands,2021-08-25,20.31,10.6,0.01,26.22,71.32
scottish_highlands,2021-08-26,12.04,7.89,5.22,30.4,61.91
scottish_highlands,2021-08-27,15.89,16.15,6.48,12.1,78.88
scottish_highlands,2021-08-28,14.73,10.59,5.73,24.82,65.15
scottish_highlands,2021-08-29,18.17,8.6,6.32,13.97,77.74
scottish_highlands,2021-08-30,16.67,9.89,1.85,18.55,82.69
scottish_highlands,2021-08-31,12.12,8.1,6.56,19.11,98.59
scottish_highlands,2021-09-01,20.24,8.41,7.2,20.85,64.47
scottish_highlands,2021-09-02,15.44,5.25,5.84,22.95,96.63
scottish_highlands,2021-09-03,17.23,7.37,3.77,21.32,72.5
scottish_highlands,2021-09-04,22.33,8.08,5.28,21.18,70.75
scottish_highlands,2021-09-05,16.84,8.16,3.39,27.82,95.01
scottish_highlands,2021-09-06,12.76,10.82,3.29,26.37,82.55
scottish_highlands,2021-09-07,15.73,10.56,3.63,16.83,95.62
scottish_highlands,2021-09-08,17.0,9.86,4.32,18.42,74.93
scottish_highlands,2021-09-09,16.42,11.16,1.13,15.63,79.88
scottish_highlands,2021-09-10,15.39,7.71,1.77,28.32,58.6
scottish_highlands,2021-09-11,20.11,8.97,11.16,26.57,73.1
scottish_highlands,2021-09-12,11.25,8.18,6.35,13.93,70.05
scottish_highlands,2021-09-13,23.7,13.53,2.6,13.15,86.42
scottish_highlands,2021-09-14,17.26,6.63,3.08,16.68,67.46
scottish_highlands,2021-09-15,18.06,6.93,3.52,14.88,68.89
scottish_highlands,2021-09-16,16.93,7.07,1.14,17.88,92.53
scottish_highlands,2021-09-17,13.7,4.97,5.09,21.55,71.22
scottish_highlands,2021-09-18,16.18,8.28,8.98,27.68,69.39
scottish_highlands,2021-09-19,13.56,9.19,3.73,25.69,83.87
scottish_highlands,2021-09-20,17.9,11.49,7.37,19.02,63.83
scottish_highlands,2021-09-21,14.39,9.72,11.8,16.3,66.12
scottish_highlands,2021-09-22,15.99,12.17,5.43,18.98,71.94
scottish_highlands,2021-09-23,14.53,7.54,4.84,26.06,94.3
scottish_highlands,2021-09-24,12.27,3.52,6.21,24.92,75.92
scottish_highlands,2021-09-25,16.78,7.78,4.8,28.96,91.67
scottish_highlands,2021-09-26,15.45,7.4,3.05,23.97,61.26
scottish_highlands,2021-09-27,14.07,10.64,6.62,16.81,83.07
scottish_highlands,2021-09-28,14.78,9.84,3.23,22.45,68.7
scottish_highlands,2021-09-29,15.35,4.21,2.82,16.21,69.35
scottish_highlands,2021-09-30,19.13,6.3,2.63,17.43,72.31
scottish_highlands,2021-10-01,21.09,8.88,5.75,20.99,95.44
scottish_highlands,2021-10-02,13.43,6.9,0.0,21.98,60.64
scottish_highlands,2021-10-03,11.78,4.34,2.12,22.27,50.43
scottish_highlands,2021-10-04,13.44,9.69,0.0,21.33,66.77
scottish_highlands,2021-10-05,12.61,7.95,5.46,22.56,77.59
scottish_highlands,2021-10-06,16.84,10.37,5.94,14.24,72.54
scottish_highlands,2021-10-07,13.0,3.66,0.0,18.34,73.09
scottish_highlands,2021-10-08,10.94,7.86,7.7,25.27,70.48
scottish_highlands,2021-10-09,15.58,2.42,6.06,27.72,81.61
scottish_highlands,2021-10-10,12.94,9.29,1.81,23.08,85.46
scottish_highlands,2021-10-11,10.79,5.68,3.12,18.5,89.44
scottish_highlands,2021-10-12,14.23,4.39,6.1,18.81,64.46
scottish_highlands,2021-10-13,6.57,3.81,7.76,11.96,49.74
scottish_highlands,2021-10-14,11.63,5.31,4.68,24.18,52.61
scottish_highlands,2021-10-15,15.66,6.79,3.25,13.29,56.8
scottish_highlands,2021-10-16,12.16,7.85,9.11,21.59,64.4
scottish_highlands,2021-10-17,15.89,6.09,2.89,10.57,60.28
scottish_highlands,2021-10-18,10.83,6.82,7.4,24.28,68.1
scottish_highlands,2021-10-19,14.25,5.77,5.39,22.43,89.36
scottish_highlands,2021-10-20,8.98,4.01,0.0,18.87,78.46
scottish_highlands,2021-10-21,11.03,7.01,3.26,17.02,55.87
scottish_highlands,2021-10-22,8.28,4.27,1.72,18.34,64.36
scottish_highlands,2021-10-23,4.54,4.34,5.41,14.43,33.59
scottish_highlands,2021-10-24,9.04,4.65,0.0,20.87,67.4
scottish_highlands,2021-10-25,9.41,3.02,5.06,12.44,63.67
scottish_highlands,2021-10-26,9.01,7.12,0.0,22.96,80.68
scottish_highlands,2021-10-27,14.54,4.46,2.33,17.68,81.48
scottish_highlands,2021-10-28,17.36,7.08,3.71,20.55,59.65
scottish_highlands,2021-10-29,10.41,2.7,3.42,14.08,69.88
scottish_highlands,2021-10-30,11.48,0.39,3.9,20.45,65.76
scottish_highlands,2021-10-31,8.87,6.17,6.78,9.92,84.52
scottish_highlands,2021-11-01,10.32,2.26,4.31,11.67,64.4
scottish_highlands,2021-11-02,10.53,6.78,2.89,17.13,71.6
scottish_highlands,2021-11-03,9.74,4.0,6.78,21.3,87.86
scottish_highlands,2021-11-04,9.2,1.83,2.88,23.81,73.99
scottish_highlands,2021-11-05,12.0,2.13,6.41,3.64,63.76
scottish_highlands,2021-11-06,5.18,3.13,7.54,12.35,59.98
scottish_highlands,2021-11-07,9.41,3.62,6.16,21.76,66.56
scottish_highlands,2021-11-08,12.47,5.01,0.9,15.22,71.37
scottish_highlands,2021-11-09,7.83,1.86,3.19,23.66,59.85
scottish_highlands,2021-11-10,7.69,0.7,0.0,18.17,74.58
scottish_highlands,2021-11-11,8.67,2.23,3.65,18.47,64.2
scottish_highlands,2021-11-12,10.61,-0.67,0.0,10.74,80.19
scottish_highlands,2021-11-13,7.35,1.2,0.26,11.84,60.41
scottish_highlands,2021-11-14,7.48,3.89,3.78,20.84,78.85
scottish_highlands,2021-11-15,9.52,4.77,0.49,24.28,71.11
scottish_highlands,2021-11-16,6.19,2.54,1.66,18.32,86.74
scottish_highlands,2021-11-17,7.68,1.74,1.81,12.44,77.49
scottish_highlands,2021-11-18,3.89,7.07,6.61,18.19,75.39
scottish_highlands,2021-11-19,11.52,2.72,3.44,19.83,42.95
scottish_highlands,2021-11-20,11.41,-0.32,2.79,23.1,42.88
scottish_highlands,2021-11-21,10.75,6.63,4.45,15.94,46.02
scottish_highlands,2021-11-22,10.52,4.59,4.37,23.1,68.36
scottish_highlands,2021-11-23,7.13,0.4,4.0,21.99,73.94
scottish_highlands,2021-11-24,7.64,1.39,1.17,17.6,57.27
scottish_highlands,2021-11-25,6.78,2.73,0.0,22.41,77.4
scottish_highlands,2021-11-26,10.24,-2.13,0.0,7.36,66.9
scottish_highlands,2021-11-27,11.86,1.66,5.11,20.96,59.26
scottish_highlands,2021-11-28,3.32,1.48,5.14,16.86,91.4
scottish_highlands,2021-11-29,8.96,-0.35,5.09,17.17,60.74
scottish_highlands,2021-11-30,13.68,-0.35,3.66,21.95,74.2
scottish_highlands,2021-12-01,6.63,1.38,6.2,18.62,62.11
scottish_highlands,2021-12-02,10.07,3.94,2.52,18.75,77.62
scottish_highlands,2021-12-03,8.7,-0.8,1.01,10.26,44.99
scottish_highlands,2021-12-04,6.51,-2.93,0.0,13.39,62.32
scottish_highlands,2021-12-05,9.83,-2.6,0.1,24.06,76.38
scottish_highlands,2021-12-06,9.76,-0.64,2.81,15.69,56.7
scottish_highlands,2021-12-07,6.36,-0.11,3.7,14.34,42.51
scottish_highlands,2021-12-08,6.93,2.1,5.25,7.0,66.84
scottish_highlands,2021-12-09,5.99,1.74,6.57,18.13,47.49
scottish_highlands,2021-12-10,10.02,-1.35,4.4,15.23,57.32
scottish_highlands,2021-12-11,9.77,-2.27,3.32,9.84,39.26
scottish_highlands,2021-12-12,4.64,3.94,4.35,19.07,47.71
scottish_highlands,2021-12-13,5.62,-3.19,3.41,11.57,59.69
scottish_highlands,2021-12-14,12.04,-6.05,6.22,27.25,61.46
scottish_highlands,2021-12-15,8.11,-1.06,4.09,16.43,65.95
scottish_highlands,2021-12-16,6.47,0.42,0.0,19.58,69.4
scottish_highlands,2021-12-17,8.42,1.98,3.51,24.3,61.26
scottish_highlands,2021-12-18,6.3,-1.48,3.72,17.91,63.86
scottish_highlands,2021-12-19,2.11,0.57,3.85,17.28,72.22
scottish_highlands,2021-12-20,7.78,1.69,7.26,23.17,59.98
scottish_highlands,2021-12-21,-0.92,-5.69,3.42,17.49,59.89
scottish_highlands,2021-12-22,8.86,3.21,6.35,17.23,70.09
scottish_highlands,2021-12-23,4.28,-1.54,0.48,19.53,54.07
scottish_highlands,2021-12-24,5.9,3.67,3.53,5.03,57.58
scottish_highlands,2021-12-25,2.06,1.4,4.94,14.51,60.1
scottish_highlands,2021-12-26,5.68,-1.45,1.31,13.35,66.0
scottish_highlands,2021-12-27,9.2,1.59,6.13,16.19,64.74
scottish_highlands,2021-12-28,6.07,-1.8,0.0,23.08,65.32
scottish_highlands,2021-12-29,8.69,-2.0,0.0,14.13,48.37
scottish_highlands,2021-12-30,7.55,-1.71,4.11,2.86,84.42
scottish_highlands,2021-12-31,3.15,-0.56,1.84,10.95,45.73
scottish_highlands,2022-01-01,0.96,-0.31,0.6,12.04,67.06
scottish_highlands,2022-01-02,1.06,-0.81,10.26,21.79,73.99
scottish_highlands,2022-01-03,1.56,3.0,0.0,22.55,71.67
scottish_highlands,2022-01-04,8.32,-3.38,3.7,11.25,61.44
scottish_highlands,2022-01-05,1.94,2.29,0.0,16.5,56.57
scottish_highlands,2022-01-06,4.9,-4.03,0.93,5.44,60.08
scottish_highlands,2022-01-07,2.38,0.78,2.36,23.36,69.24
scottish_highlands,2022-01-08,4.15,-2.44,0.73,12.69,69.06
scottish_highlands,2022-01-09,9.73,-5.74,4.95,19.04,54.76
scottish_highlands,2022-01-10,7.08,2.12,0.0,4.59,65.11
scottish_highlands,2022-01-11,7.75,-5.24,2.85,17.17,64.16
scottish_highlands,2022-01-12,3.56,2.01,1.61,7.3,49.67
scottish_highlands,2022-01-13,6.12,2.41,0.0,11.67,93.17
scottish_highlands,2022-01-14,5.38,0.85,4.1,12.83,68.22
scottish_highlands,2022-01-15,2.01,-1.81,0.0,10.75,54.74
scottish_highlands,2022-01-16,3.96,-1.61,3.0,24.55,90.46
scottish_highlands,2022-01-17,3.61,-0.04,0.0,8.86,45.33
scottish_highlands,2022-01-18,3.7,-7.03,3.64,10.07,62.93
scottish_highlands,2022-01-19,1.81,2.5,5.66,13.57,66.21
scottish_highlands,2022-01-20,5.8,-1.47,0.0,14.9,66.39
scottish_highlands,2022-01-21,4.04,-0.2,3.11,9.97,60.99
scottish_highlands,2022-01-22,5.31,-4.4,0.0,14.02,63.73
scottish_highlands,2022-01-23,3.48,-0.98,4.23,15.02,72.72
scottish_highlands,2022-01-24,4.4,-6.6,0.0,22.49,47.69
scottish_highlands,2022-01-25,2.42,1.54,2.48,19.51,71.04
scottish_highlands,2022-01-26,2.37,-3.19,2.0,11.63,46.28
scottish_highlands,2022-01-27,4.61,-5.66,2.76,10.65,73.26
scottish_highlands,2022-01-28,7.07,-1.14,5.37,16.91,62.42
scottish_highlands,2022-01-29,8.36,4.67,0.0,16.14,74.53
scottish_highlands,2022-01-30,7.18,3.01,2.79,11.63,64.48
scottish_highlands,2022-01-31,4.89,-2.03,3.33,21.08,70.02
scottish_highlands,2022-02-01,8.23,-4.04,1.8,15.66,72.77
scottish_highlands,2022-02-02,6.1,0.88,0.0,10.72,62.86
scottish_highlands,2022-02-03,-3.48,0.48,0.93,19.94,77.66
scottish_highlands,2022-02-04,3.08,-4.71,4.14,16.14,54.49
scottish_highlands,2022-02-05,5.8,1.81,5.34,19.48,34.92
scottish_highlands,2022-02-06,2.18,-1.17,2.02,4.76,59.76
scottish_highlands,2022-02-07,6.14,3.69,0.48,6.1,65.65
scottish_highlands,2022-02-08,2.95,0.29,4.36,19.23,71.36
scottish_highlands,2022-02-09,4.94,2.58,1.24,8.5,57.64
scottish_highlands,2022-02-10,2.5,0.97,0.0,13.33,69.28
scottish_highlands,2022-02-11,4.41,3.04,0.89,5.68,66.5
scottish_highlands,2022-02-12,3.66,-4.39,2.64,21.3,69.98
scottish_highlands,2022-02-13,10.55,4.65,0.47,11.07,45.68
scottish_highlands,2022-02-14,8.11,-0.91,2.55,12.35,68.93
scottish_highlands,2022-02-15,7.13,1.22,2.96,12.61,49.72
scottish_highlands,2022-02-16,1.89,3.6,5.1,21.79,62.4
scottish_highlands,2022-02-17,3.96,0.67,0.0,20.72,64.65
scottish_highlands,2022-02-18,5.95,-0.72,2.79,21.15,61.27
scottish_highlands,2022-02-19,6.69,2.27,4.29,17.3,67.7
scottish_highlands,2022-02-20,5.59,-0.31,0.38,15.46,53.07
scottish_highlands,2022-02-21,9.1,0.51,2.3,12.49,74.74
scottish_highlands,2022-02-22,5.98,2.24,8.55,22.94,55.7
scottish_highlands,2022-02-23,11.93,2.78,0.0,16.25,74.96
scottish_highlands,2022-02-24,7.66,-1.8,2.79,16.67,73.83
scottish_highlands,2022-02-25,5.41,1.22,6.82,13.48,79.12
scottish_highlands,2022-02-26,4.82,1.34,0.0,9.71,55.81
scottish_highlands,2022-02-27,3.57,-3.91,7.85,17.08,71.3
scottish_highlands,2022-02-28,4.55,-1.92,0.53,19.58,63.63
scottish_highlands,2022-03-01,9.39,1.15,0.0,17.73,57.45
scottish_highlands,2022-03-02,4.34,3.65,2.25,7.62,70.41
scottish_highlands,2022-03-03,6.72,0.17,2.61,17.0,48.01
scottish_highlands,2022-03-04,8.1,-0.11,1.98,14.58,53.28
scottish_highlands,2022-03-05,3.91,1.43,1.62,20.06,39.46
scottish_highlands,2022-03-06,5.25,-1.59,2.5,19.22,85.72
scottish_highlands,2022-03-07,6.16,4.37,3.66,17.09,52.78
scottish_highlands,2022-03-08,3.24,0.73,5.11,11.73,56.38
scottish_highlands,2022-03-09,8.48,1.35,7.35,8.82,74.99
scottish_highlands,2022-03-10,10.23,4.77,0.0,9.36,58.91
scottish_highlands,2022-03-11,10.67,1.42,3.61,2.29,48.54
scottish_highlands,2022-03-12,6.14,4.81,4.31,17.36,55.73
scottish_highlands,2022-03-13,8.86,1.62,0.0,15.41,84.63
scottish_highlands,2022-03-14,10.93,-3.0,0.0,11.99,63.73
scottish_highlands,2022-03-15,5.46,2.92,3.23,20.26,67.11
scottish_highlands,2022-03-16,9.95,-1.24,3.34,16.7,68.15
scottish_highlands,2022-03-17,11.99,1.13,2.72,20.42,59.21
scottish_highlands,2022-03-18,10.36,3.62,5.46,26.38,65.44
scottish_highlands,2022-03-19,9.05,2.73,3.66,15.92,72.55
scottish_highlands,2022-03-20,10.42,-1.28,1.91,15.38,47.45
scottish_highlands,2022-03-21,6.5,1.18,3.42,20.68,63.17
scottish_highlands,2022-03-22,11.23,5.92,4.08,21.04,52.21
scottish_highlands,2022-03-23,5.78,-0.28,2.93,14.03,79.82
scottish_highlands,2022-03-24,16.6,1.24,0.78,9.44,68.05
scottish_highlands,2022-03-25,1.76,-2.29,1.37,16.53,46.35
scottish_highlands,2022-03-26,11.34,2.88,0.0,20.88,59.6
scottish_highlands,2022-03-27,12.78,2.3,1.61,19.76,67.69
scottish_highlands,2022-03-28,2.43,2.43,1.53,13.4,57.17
scottish_highlands,2022-03-29,8.56,5.47,11.97,24.36,69.13
scottish_highlands,2022-03-30,9.02,5.4,1.72,12.83,97.13
scottish_highlands,2022-03-31,10.39,2.77,7.35,16.13,70.91
scottish_highlands,2022-04-01,16.6,4.38,7.42,13.65,55.26
scottish_highlands,2022-04-02,12.51,2.4,0.63,18.55,55.14
scottish_highlands,2022-04-03,13.55,0.4,1.49,12.7,76.55
scottish_highlands,2022-04-04,9.76,3.21,4.84,14.17,65.65
scottish_highlands,2022-04-05,11.64,3.67,5.78,21.19,54.44
scottish_highlands,2022-04-06,19.43,-0.52,6.39,17.7,64.48
scottish_highlands,2022-04-07,17.24,4.81,2.42,17.63,86.42
scottish_highlands,2022-04-08,15.4,8.48,8.59,21.66,88.72
scottish_highlands,2022-04-09,9.51,3.15,3.41,18.96,62.19
scottish_highlands,2022-04-10,11.71,8.5,0.64,22.98,59.43
scottish_highlands,2022-04-11,12.06,-3.32,6.91,17.93,71.21
scottish_highlands,2022-04-12,15.22,0.81,0.0,16.86,61.7
scottish_highlands,2022-04-13,15.53,1.97,5.05,17.4,67.21
scottish_highlands,2022-04-14,14.01,3.52,8.74,18.39,77.57
scottish_highlands,2022-04-15,13.02,4.24,6.05,14.02,63.25
scottish_highlands,2022-04-16,12.84,0.69,7.3,19.42,50.38
scottish_highlands,2022-04-17,13.63,3.82,0.0,13.49,68.34
scottish_highlands,2022-04-18,10.75,3.21,0.78,20.18,80.92
scottish_highlands,2022-04-19,12.96,7.41,4.26,21.41,67.83
scottish_highlands,2022-04-20,13.37,2.48,4.24,15.23,94.83
scottish_highlands,2022-04-21,9.2,7.33,2.99,14.58,69.55
scottish_highlands,2022-04-22,6.78,7.19,0.4,10.17,87.68
scottish_highlands,2022-04-23,12.48,4.45,7.99,20.13,73.01
scottish_highlands,2022-04-24,12.82,4.27,3.17,20.32,64.58
scottish_highlands,2022-04-25,17.28,8.8,10.8,17.24,83.14
scottish_highlands,2022-04-26,11.09,3.8,9.62,12.3,27.82
scottish_highlands,2022-04-27,15.97,11.72,4.77,13.51,87.77
scottish_highlands,2022-04-28,10.67,7.17,5.88,18.03,70.51
scottish_highlands,2022-04-29,16.41,7.32,5.3,28.92,74.71
scottish_highlands,2022-04-30,10.87,3.76,4.07,16.59,81.96
scottish_highlands,2022-05-01,8.56,9.27,6.15,15.98,56.86
scottish_highlands,2022-05-02,15.67,7.67,0.0,21.37,79.55
scottish_highlands,2022-05-03,14.05,2.08,5.03,15.39,84.27
scottish_highlands,2022-05-04,12.46,2.75,4.4,16.1,59.38
scottish_highlands,2022-05-05,13.48,9.16,3.99,22.33,52.48
scottish_highlands,2022-05-06,12.63,7.88,0.0,24.39,91.25
scottish_highlands,2022-05-07,14.5,7.47,5.19,25.45,74.4
scottish_highlands,2022-05-08,13.66,5.09,4.1,16.13,64.25
scottish_highlands,2022-05-09,10.46,9.84,0.0,24.36,89.62
scottish_highlands,2022-05-10,15.37,5.63,9.37,20.91,68.31
scottish_highlands,2022-05-11,13.22,9.12,0.35,10.19,75.2
scottish_highlands,2022-05-12,12.91,6.49,3.75,19.94,74.37
scottish_highlands,2022-05-13,17.26,10.08,5.26,9.37,77.94
scottish_highlands,2022-05-14,14.49,6.6,0.02,19.42,90.61
scottish_highlands,2022-05-15,15.36,10.91,4.4,27.48,77.45
scottish_highlands,2022-05-16,18.07,9.1,5.07,20.61,92.33
scottish_highlands,2022-05-17,17.62,7.19,0.0,21.83,70.65
scottish_highlands,2022-05-18,12.16,5.65,0.0,15.71,67.74
scottish_highlands,2022-05-19,17.04,8.23,9.64,22.64,91.64
scottish_highlands,2022-05-20,16.05,6.24,8.52,16.58,72.53
scottish_highlands,2022-05-21,11.35,10.85,5.11,14.03,75.57
scottish_highlands,2022-05-22,14.36,5.16,3.77,22.16,73.62
scottish_highlands,2022-05-23,14.88,4.98,3.14,23.04,72.8
scottish_highlands,2022-05-24,13.02,9.28,5.12,23.77,85.6
scottish_highlands,2022-05-25,15.06,7.55,6.61,25.56,68.71
scottish_highlands,2022-05-26,12.56,6.8,6.27,20.06,100.0
scottish_highlands,2022-05-27,19.01,8.91,10.2,25.94,76.86
scottish_highlands,2022-05-28,13.69,8.67,14.12,20.86,93.55
scottish_highlands,2022-05-29,18.16,5.5,7.22,22.23,70.72
scottish_highlands,2022-05-30,16.94,11.01,4.82,23.91,77.87
scottish_highlands,2022-05-31,18.95,7.39,2.81,19.33,64.59
scottish_highlands,2022-06-01,18.69,6.71,6.97,16.52,76.06
scottish_highlands,2022-06-02,17.01,11.04,2.72,10.57,67.34
scottish_highlands,2022-06-03,21.39,7.84,7.09,24.26,70.33
scottish_highlands,2022-06-04,18.54,10.85,0.0,20.66,57.11
scottish_highlands,2022-06-05,12.61,9.87,3.21,14.09,91.56
scottish_highlands,2022-06-06,13.92,8.91,0.92,23.96,86.94
scottish_highlands,2022-06-07,10.57,11.86,6.0,22.44,76.07
scottish_highlands,2022-06-08,18.78,11.0,6.62,32.5,85.06
scottish_highlands,2022-06-09,15.79,9.69,9.23,20.32,55.83
scottish_highlands,2022-06-10,17.16,8.56,6.94,14.76,80.25
scottish_highlands,2022-06-11,21.59,12.0,5.48,28.23,68.35
scottish_highlands,2022-06-12,12.33,9.85,2.86,20.39,99.37
scottish_highlands,2022-06-13,17.12,10.57,8.16,20.84,88.66
scottish_highlands,2022-06-14,16.68,12.87,1.18,22.71,62.32
scottish_highlands,2022-06-15,17.37,11.81,8.88,20.38,64.51
scottish_highlands,2022-06-16,12.53,7.18,1.18,29.01,50.85
scottish_highlands,2022-06-17,20.54,11.04,8.92,21.69,56.46
scottish_highlands,2022-06-18,16.68,12.05,7.1,21.53,60.21
scottish_highlands,2022-06-19,19.58,3.8,4.2,18.26,51.76
scottish_highlands,2022-06-20,26.48,9.68,0.0,18.87,91.07
scottish_highlands,2022-06-21,15.23,10.95,6.51,20.48,84.31
scottish_highlands,2022-06-22,12.69,9.77,3.46,28.23,75.78
scottish_highlands,2022-06-23,17.59,10.35,0.78,22.05,75.95
scottish_highlands,2022-06-24,24.05,12.58,5.6,17.46,97.92
scottish_highlands,2022-06-25,19.53,9.86,6.18,16.72,68.15
scottish_highlands,2022-06-26,18.59,16.13,6.5,11.2,70.48
scottish_highlands,2022-06-27,21.03,10.17,5.0,29.98,91.81
scottish_highlands,2022-06-28,18.42,9.35,7.1,16.43,81.07
scottish_highlands,2022-06-29,18.17,7.79,6.67,21.99,89.68
scottish_highlands,2022-06-30,16.83,7.53,2.63,20.48,58.48
scottish_highlands,2022-07-01,20.81,8.55,6.78,18.88,67.99
scottish_highlands,2022-07-02,17.02,9.6,3.96,22.01,83.28
scottish_highlands,2022-07-03,20.81,10.92,0.0,24.44,72.2
scottish_highlands,2022-07-04,14.17,11.97,6.17,21.37,71.36
scottish_highlands,2022-07-05,22.24,11.62,7.15,14.12,94.58
scottish_highlands,2022-07-06,21.49,12.96,1.33,28.2,83.93
scottish_highlands,2022-07-07,20.65,12.1,5.36,26.79,73.55
scottish_highlands,2022-07-08,17.47,11.06,9.34,15.62,69.16
scottish_highlands,2022-07-09,16.9,10.01,6.06,21.06,68.2
scottish_highlands,2022-07-10,21.67,16.42,3.72,20.67,82.7
scottish_highlands,2022-07-11,15.16,11.67,7.45,17.51,83.27
scottish_highlands,2022-07-12,18.71,11.04,3.49,17.75,75.83
scottish_highlands,2022-07-13,18.15,9.32,0.0,23.23,84.31
scottish_highlands,2022-07-14,17.84,16.06,1.16,25.37,96.11
scottish_highlands,2022-07-15,20.65,12.26,14.29,26.12,88.11
scottish_highlands,2022-07-16,20.18,12.75,6.81,21.87,66.63
scottish_highlands,2022-07-17,16.49,10.28,7.65,21.74,92.67
scottish_highlands,2022-07-18,15.5,8.45,14.22,21.09,56.26
scottish_highlands,2022-07-19,20.08,11.57,3.46,10.07,56.72
scottish_highlands,2022-07-20,20.59,10.74,6.78,24.68,83.01
scottish_highlands,2022-07-21,18.77,11.19,3.21,12.15,68.87
scottish_highlands,2022-07-22,21.67,11.69,1.98,22.63,84.02
scottish_highlands,2022-07-23,17.87,9.35,8.61,21.23,76.45
scottish_highlands,2022-07-24,22.79,8.87,1.59,23.33,84.28
scottish_highlands,2022-07-25,25.69,9.06,10.43,25.7,85.74
scottish_highlands,2022-07-26,19.79,12.22,6.41,23.26,43.61
scottish_highlands,2022-07-27,23.63,10.95,0.64,28.05,71.42
scottish_highlands,2022-07-28,17.83,9.37,6.12,27.41,87.4
scottish_highlands,2022-07-29,20.76,14.47,3.49,32.59,75.21
scottish_highlands,2022-07-30,16.88,11.1,8.0,14.87,88.01
scottish_highlands,2022-07-31,20.38,7.93,6.07,23.14,74.5
scottish_highlands,2022-08-01,17.26,14.06,6.41,17.11,55.69
scottish_highlands,2022-08-02,17.81,7.37,4.96,21.51,82.62
scottish_highlands,2022-08-03,19.08,9.25,7.65,17.1,73.19
scottish_highlands,2022-08-04,15.18,10.13,2.86,17.71,57.77
scottish_highlands,2022-08-05,11.98,9.3,7.06,24.01,87.61
scottish_highlands,2022-08-06,19.74,10.09,4.02,24.78,83.75
scottish_highlands,2022-08-07,20.02,7.89,2.24,11.42,65.06
scottish_highlands,2022-08-08,22.23,10.68,9.34,19.26,57.18
scottish_highlands,2022-08-09,17.92,10.14,3.5,24.31,91.85
scottish_highlands,2022-08-10,22.21,10.05,9.55,22.19,88.12
scottish_highlands,2022-08-11,20.34,12.93,7.94,21.07,74.53
scottish_highlands,2022-08-12,21.91,10.58,5.06,24.66,69.78
scottish_highlands,2022-08-13,15.5,10.54,2.59,21.09,73.54
scottish_highlands,2022-08-14,12.98,8.86,2.23,18.65,74.86
scottish_highlands,2022-08-15,15.27,10.97,2.89,19.76,94.77
scottish_highlands,2022-08-16,16.48,10.52,5.68,23.1,89.75
scottish_highlands,2022-08-17,15.7,11.96,6.3,18.54,71.32
scottish_highlands,2022-08-18,18.54,5.97,4.93,34.25,50.9
scottish_highlands,2022-08-19,22.75,9.22,0.09,23.83,97.4
scottish_highlands,2022-08-20,15.31,6.77,6.05,22.78,59.24
scottish_highlands,2022-08-21,18.76,7.69,9.86,22.29,53.86
scottish_highlands,2022-08-22,13.36,9.67,7.83,22.23,79.63
scottish_highlands,2022-08-23,17.09,11.53,10.27,18.49,84.39
scottish_highlands,2022-08-24,18.66,11.34,4.68,19.19,82.39
scottish_highlands,2022-08-25,19.26,11.01,6.82,21.62,62.61
scottish_highlands,2022-08-26,17.48,8.42,6.81,30.39,85.4
scottish_highlands,2022-08-27,17.36,9.09,7.1,16.97,87.15
scottish_highlands,2022-08-28,17.18,7.33,8.01,18.97,68.61
scottish_highlands,2022-08-29,16.53,9.69,4.99,22.63,56.5
scottish_highlands,2022-08-30,14.37,6.51,8.01,26.51,69.35
scottish_highlands,2022-08-31,12.07,9.98,3.51,21.08,77.2
scottish_highlands,2022-09-01,15.32,15.06,9.31,18.58,75.17
scottish_highlands,2022-09-02,17.85,12.7,9.31,25.22,50.29
scottish_highlands,2022-09-03,19.41,9.19,4.24,18.25,46.85
scottish_highlands,2022-09-04,16.2,7.87,5.7,33.59,65.73
scottish_highlands,2022-09-05,17.17,5.75,0.68,23.53,74.6
scottish_highlands,2022-09-06,16.77,12.08,8.08,19.44,91.01
scottish_highlands,2022-09-07,16.6,7.01,0.0,18.71,52.42
scottish_highlands,2022-09-08,14.41,5.04,2.03,25.22,54.68
scottish_highlands,2022-09-09,15.32,7.72,1.13,21.27,76.27
scottish_highlands,2022-09-10,20.9,7.83,9.68,29.58,85.39
scottish_highlands,2022-09-11,15.89,13.76,3.29,21.39,77.74
scottish_highlands,2022-09-12,14.09,4.49,5.94,14.6,59.88
scottish_highlands,2022-09-13,12.03,7.63,9.55,19.58,78.51
scottish_highlands,2022-09-14,15.26,10.48,7.75,17.39,69.65
scottish_highlands,2022-09-15,17.38,6.21,6.69,22.21,93.72
scottish_highlands,2022-09-16,14.74,7.27,0.58,17.55,90.7
scottish_highlands,2022-09-17,8.95,5.75,4.73,18.63,61.59
scottish_highlands,2022-09-18,18.35,14.54,9.33,19.54,100.0
scottish_highlands,2022-09-19,15.2,8.43,6.43,19.5,66.87
scottish_highlands,2022-09-20,15.21,8.97,2.8,26.2,56.15
scottish_highlands,2022-09-21,16.01,9.37,4.28,19.21,68.94
scottish_highlands,2022-09-22,8.63,4.18,1.67,22.48,53.6
scottish_highlands,2022-09-23,14.99,7.78,7.25,21.24,81.95
scottish_highlands,2022-09-24,20.73,6.38,4.61,23.05,67.31
scottish_highlands,2022-09-25,12.97,4.68,0.14,18.15,86.67
scottish_highlands,2022-09-26,16.63,11.7,3.98,23.06,65.76
scottish_highlands,2022-09-27,11.08,1.1,4.85,14.67,61.27
scottish_highlands,2022-09-28,15.8,8.58,4.53,14.51,54.12
scottish_highlands,2022-09-29,15.39,5.53,6.08,18.9,84.67
scottish_highlands,2022-09-30,16.96,5.4,0.41,18.18,67.95
scottish_highlands,2022-10-01,11.33,9.53,2.64,18.64,77.64
scottish_highlands,2022-10-02,19.2,6.58,7.52,10.71,69.95
scottish_highlands,2022-10-03,17.29,6.62,8.88,16.87,72.85
scottish_highlands,2022-10-04,14.05,5.8,0.0,22.32,66.44
scottish_highlands,2022-10-05,10.82,4.64,5.4,14.35,72.79
scottish_highlands,2022-10-06,14.67,4.77,7.1,15.97,77.24
scottish_highlands,2022-10-07,11.14,5.98,4.7,25.48,75.27
scottish_highlands,2022-10-08,11.19,5.86,6.16,14.81,85.52
scottish_highlands,2022-10-09,5.0,5.68,9.78,21.85,53.13
scottish_highlands,2022-10-10,6.82,3.84,1.29,20.12,85.5
scottish_highlands,2022-10-11,11.96,1.42,2.5,14.3,56.47
scottish_highlands,2022-10-12,14.26,1.6,4.62,20.95,72.78
scottish_highlands,2022-10-13,16.73,1.43,3.8,17.1,69.9
scottish_highlands,2022-10-14,12.56,3.68,3.4,17.01,89.02
scottish_highlands,2022-10-15,14.51,6.6,5.23,7.39,72.4
scottish_highlands,2022-10-16,17.71,6.08,5.07,16.48,59.78
scottish_highlands,2022-10-17,11.46,10.83,0.0,18.21,100.0
scottish_highlands,2022-10-18,10.93,2.04,8.42,20.62,55.51
scottish_highlands,2022-10-19,17.38,7.49,5.38,15.57,85.06
scottish_highlands,2022-10-20,14.53,5.7,6.11,25.38,77.12
scottish_highlands,2022-10-21,6.49,1.23,7.48,14.45,67.5
scottish_highlands,2022-10-22,10.09,6.16,7.37,21.63,73.13
scottish_highlands,2022-10-23,14.77,4.81,7.8,19.31,70.22
scottish_highlands,2022-10-24,12.43,5.06,8.52,13.16,73.78
scottish_highlands,2022-10-25,12.92,3.13,3.74,13.09,61.31
scottish_highlands,2022-10-26,6.28,4.27,3.49,11.69,89.17
scottish_highlands,2022-10-27,15.1,8.89,2.3,18.61,89.16
scottish_highlands,2022-10-28,8.34,0.59,7.99,16.71,60.12
scottish_highlands,2022-10-29,8.3,4.91,8.0,16.56,79.93
scottish_highlands,2022-10-30,10.83,5.46,5.1,17.74,50.22
scottish_highlands,2022-10-31,10.57,5.85,5.52,12.74,73.1
scottish_highlands,2022-11-01,8.01,6.6,4.65,18.02,64.53
scottish_highlands,2022-11-02,12.24,-0.41,5.75,17.11,75.17
scottish_highlands,2022-11-03,9.85,8.13,4.92,9.44,71.64
scottish_highlands,2022-11-04,14.23,3.24,5.82,17.31,74.23
scottish_highlands,2022-11-05,11.26,1.73,2.78,19.92,53.74
scottish_highlands,2022-11-06,7.35,4.24,4.31,10.95,75.53
scottish_highlands,2022-11-07,6.66,2.83,1.27,22.72,70.02
scottish_highlands,2022-11-08,11.71,4.51,5.82,15.78,96.53
scottish_highlands,2022-11-09,6.16,-0.38,8.47,17.66,60.18
scottish_highlands,2022-11-10,8.31,5.18,8.61,16.28,57.47
scottish_highlands,2022-11-11,9.59,6.76,5.97,20.72,74.75
scottish_highlands,2022-11-12,13.99,6.64,5.14,25.24,72.66
scottish_highlands,2022-11-13,3.97,3.38,1.51,19.21,52.37
scottish_highlands,2022-11-14,5.37,1.56,1.56,16.57,74.62
scottish_highlands,2022-11-15,12.68,4.0,0.7,12.59,56.04
scottish_highlands,2022-11-16,12.61,-0.03,0.0,13.91,77.75
scottish_highlands,2022-11-17,13.93,-0.33,1.18,7.34,53.05
scottish_highlands,2022-11-18,9.2,0.84,6.79,11.53,84.63
scottish_highlands,2022-11-19,4.14,3.59,3.35,19.78,69.12
scottish_highlands,2022-11-20,13.94,5.86,3.29,8.71,47.51
scottish_highlands,2022-11-21,6.88,0.57,0.73,18.48,57.05
scottish_highlands,2022-11-22,5.44,3.38,4.46,25.64,63.21
scottish_highlands,2022-11-23,12.34,1.83,2.45,12.78,57.8
scottish_highlands,2022-11-24,9.0,3.24,6.22,12.93,65.97
scottish_highlands,2022-11-25,8.36,1.66,0.19,15.2,73.12
scottish_highlands,2022-11-26,9.84,0.06,3.34,12.74,56.98
scottish_highlands,2022-11-27,1.08,2.3,9.1,16.48,73.05
scottish_highlands,2022-11-28,7.77,-0.3,0.0,20.8,75.56
scottish_highlands,2022-11-29,9.16,-0.49,4.12,16.72,78.3
scottish_highlands,2022-11-30,9.58,-0.22,4.67,20.2,51.09
scottish_highlands,2022-12-01,8.67,-0.41,2.75,13.9,68.86
scottish_highlands,2022-12-02,3.7,-1.57,4.23,11.6,57.7
scottish_highlands,2022-12-03,4.47,-1.63,4.16,8.71,59.31
scottish_highlands,2022-12-04,10.18,-0.83,3.15,4.84,67.4
scottish_highlands,2022-12-05,4.93,4.89,0.58,19.05,67.32
scottish_highlands,2022-12-06,3.05,4.89,1.67,14.7,45.55
scottish_highlands,2022-12-07,6.2,-2.97,1.33,7.15,59.94
scottish_highlands,2022-12-08,9.35,0.18,4.31,7.53,58.12
scottish_highlands,2022-12-09,7.36,-2.29,0.0,14.49,65.65
scottish_highlands,2022-12-10,3.96,2.84,0.0,7.32,71.89
scottish_highlands,2022-12-11,5.58,-0.13,3.79,18.18,69.05
scottish_highlands,2022-12-12,1.64,-0.93,3.86,14.5,60.77
scottish_highlands,2022-12-13,8.4,1.22,2.71,14.1,51.46
scottish_highlands,2022-12-14,5.62,1.84,4.49,8.75,67.02
scottish_highlands,2022-12-15,11.98,-0.81,2.0,17.24,67.12
scottish_highlands,2022-12-16,2.18,0.76,6.85,12.85,58.05
scottish_highlands,2022-12-17,0.46,-3.37,4.36,10.34,37.67
scottish_highlands,2022-12-18,7.85,-0.94,0.53,19.61,59.08
scottish_highlands,2022-12-19,7.23,-0.99,6.32,11.95,41.14
scottish_highlands,2022-12-20,6.19,-0.21,5.83,16.1,48.27
scottish_highlands,2022-12-21,2.31,0.88,0.0,14.0,74.03
scottish_highlands,2022-12-22,0.48,0.12,2.51,22.49,54.46
scottish_highlands,2022-12-23,4.41,-1.24,0.0,12.4,55.62
scottish_highlands,2022-12-24,3.93,-2.69,6.22,11.19,55.8
scottish_highlands,2022-12-25,5.5,3.47,3.7,6.9,81.43
scottish_highlands,2022-12-26,2.26,-0.23,0.98,9.21,65.51
scottish_highlands,2022-12-27,3.2,-0.21,2.27,8.9,51.81
scottish_highlands,2022-12-28,3.52,2.34,0.96,16.53,68.64
scottish_highlands,2022-12-29,-3.0,0.97,6.89,14.7,53.97
scottish_highlands,2022-12-30,6.3,0.26,0.0,10.82,86.8
scottish_highlands,2022-12-31,7.7,-2.47,0.0,14.78,51.21
scottish_highlands,2023-01-01,7.41,3.45,0.93,10.54,73.19
scottish_highlands,2023-01-02,3.1,-0.89,6.44,10.63,74.15
scottish_highlands,2023-01-03,3.42,1.27,0.01,10.41,60.88
scottish_highlands,2023-01-04,2.03,-2.66,4.16,8.53,72.73
scottish_highlands,2023-01-05,2.91,-0.12,7.76,16.27,64.87
scottish_highlands,2023-01-06,1.85,-4.27,0.0,14.54,61.09
scottish_highlands,2023-01-07,5.02,-1.6,0.0,9.4,57.89
scottish_highlands,2023-01-08,0.8,-3.7,0.9,8.32,50.08
scottish_highlands,2023-01-09,5.6,1.56,5.54,9.78,62.16
scottish_highlands,2023-01-10,1.7,-3.83,4.81,17.32,84.46
scottish_highlands,2023-01-11,10.28,-2.31,0.14,22.4,74.6
scottish_highlands,2023-01-12,-0.58,-0.4,8.11,16.62,77.87
scottish_highlands,2023-01-13,10.48,-3.33,0.0,15.62,64.18
scottish_highlands,2023-01-14,5.88,-2.84,2.04,15.57,59.15
scottish_highlands,2023-01-15,9.38,1.24,3.49,19.52,39.44
scottish_highlands,2023-01-16,7.04,0.0,0.0,13.87,65.26
scottish_highlands,2023-01-17,7.49,0.51,3.71,18.21,67.66
scottish_highlands,2023-01-18,6.15,3.76,1.28,10.41,57.02
scottish_highlands,2023-01-19,-1.12,-1.33,0.26,7.34,51.68
scottish_highlands,2023-01-20,5.48,0.46,6.22,13.28,50.34
scottish_highlands,2023-01-21,9.67,-5.2,0.0,18.61,62.1
scottish_highlands,2023-01-22,-0.08,0.9,3.55,14.53,65.38
scottish_highlands,2023-01-23,4.06,-0.5,2.09,10.91,55.69
scottish_highlands,2023-01-24,7.16,-1.67,5.23,12.88,68.2
scottish_highlands,2023-01-25,6.27,0.4,3.81,17.0,65.4
scottish_highlands,2023-01-26,5.42,-0.36,3.98,12.72,66.38
scottish_highlands,2023-01-27,7.34,0.66,2.97,19.31,100.0
scottish_highlands,2023-01-28,8.4,4.12,3.49,16.04,64.61
scottish_highlands,2023-01-29,5.58,-0.25,0.72,9.57,71.15
scottish_highlands,2023-01-30,6.59,-0.81,1.02,18.33,63.07
scottish_highlands,2023-01-31,4.86,0.78,2.78,6.35,63.56
scottish_highlands,2023-02-01,4.85,1.39,4.31,12.84,49.84
scottish_highlands,2023-02-02,2.0,-2.46,0.01,15.08,64.61
scottish_highlands,2023-02-03,8.64,-2.88,1.11,7.97,67.64
scottish_highlands,2023-02-04,4.62,5.03,1.18,17.05,52.12
scottish_highlands,2023-02-05,5.45,-0.08,0.0,12.69,57.13
scottish_highlands,2023-02-06,7.02,0.84,1.15,16.11,65.23
scottish_highlands,2023-02-07,3.27,-0.86,6.39,18.58,64.16
scottish_highlands,2023-02-08,6.99,-1.6,6.51,12.75,62.23
scottish_highlands,2023-02-09,8.02,-0.09,4.27,17.04,66.88
scottish_highlands,2023-02-10,6.89,0.09,2.98,12.63,87.83
scottish_highlands,2023-02-11,7.17,-0.48,1.93,11.15,76.49
scottish_highlands,2023-02-12,1.49,4.5,0.0,16.86,34.37
scottish_highlands,2023-02-13,4.94,-1.66,1.37,13.89,70.58
scottish_highlands,2023-02-14,9.69,-3.38,0.0,16.26,66.17
scottish_highlands,2023-02-15,10.46,-6.34,5.59,22.83,77.93
scottish_highlands,2023-02-16,12.0,-1.53,6.31,5.47,33.25
scottish_highlands,2023-02-17,5.17,-0.12,4.6,13.42,58.68
scottish_highlands,2023-02-18,1.24,-3.86,0.0,10.06,45.13
scottish_highlands,2023-02-19,4.23,4.42,3.99,19.46,68.61
scottish_highlands,2023-02-20,1.79,0.62,0.0,15.53,68.81
scottish_highlands,2023-02-21,3.85,-2.73,6.14,14.8,71.63
scottish_highlands,2023-02-22,5.6,1.37,4.39,15.65,49.47
scottish_highlands,2023-02-23,1.11,0.61,2.46,13.58,56.53
scottish_highlands,2023-02-24,4.41,0.7,5.59,19.82,59.17
scottish_highlands,2023-02-25,5.27,3.03,4.22,12.18,53.95
scottish_highlands,2023-02-26,7.72,1.13,7.37,11.71,61.03
scottish_highlands,2023-02-27,9.3,-0.38,5.7,20.32,63.68
scottish_highlands,2023-02-28,6.59,4.48,3.22,8.77,63.03
scottish_highlands,2023-03-01,6.24,-1.16,5.66,18.48,52.08
scottish_highlands,2023-03-02,3.81,1.49,2.33,6.79,63.92
scottish_highlands,2023-03-03,1.5,-2.22,1.65,20.37,85.96
scottish_highlands,2023-03-04,6.2,0.38,3.53,14.38,59.17
scottish_highlands,2023-03-05,1.22,3.64,1.77,15.31,83.55
scottish_highlands,2023-03-06,11.71,5.25,7.34,14.95,66.4
scottish_highlands,2023-03-07,6.23,-0.29,0.0,20.64,55.16
scottish_highlands,2023-03-08,6.0,3.93,0.59,19.32,52.89
scottish_highlands,2023-03-09,8.2,1.38,0.0,15.8,67.55
scottish_highlands,2023-03-10,9.84,0.02,2.48,13.56,59.99
scottish_highlands,2023-03-11,8.86,1.94,2.4,15.97,62.12
scottish_highlands,2023-03-12,4.68,2.83,3.9,23.8,53.59
scottish_highlands,2023-03-13,9.39,-2.17,5.78,15.63,53.64
scottish_highlands,2023-03-14,5.65,1.56,6.37,19.38,65.28
scottish_highlands,2023-03-15,2.47,3.1,0.87,12.89,45.43
scottish_highlands,2023-03-16,7.42,-1.24,5.27,12.72,61.45
scottish_highlands,2023-03-17,9.26,1.47,0.0,18.99,88.3
scottish_highlands,2023-03-18,5.6,-4.92,0.68,18.97,76.26
scottish_highlands,2023-03-19,8.57,0.33,0.38,10.55,70.57
scottish_highlands,2023-03-20,5.14,-3.06,3.23,16.58,82.35
scottish_highlands,2023-03-21,9.75,-0.75,1.74,19.35,53.41
scottish_highlands,2023-03-22,6.23,-1.52,1.06,12.9,45.07
scottish_highlands,2023-03-23,14.79,2.71,0.1,19.04,71.54
scottish_highlands,2023-03-24,8.87,2.93,0.07,16.41,56.52
scottish_highlands,2023-03-25,7.14,1.71,5.72,25.72,64.79
scottish_highlands,2023-03-26,6.83,1.96,14.03,14.87,61.79
scottish_highlands,2023-03-27,9.84,6.69,2.9,13.91,65.78
scottish_highlands,2023-03-28,4.19,0.59,1.38,11.16,38.91
scottish_highlands,2023-03-29,8.36,6.69,1.68,18.16,58.78
scottish_highlands,2023-03-30,7.77,3.05,8.23,19.13,53.0
scottish_highlands,2023-03-31,15.85,4.47,0.25,22.43,72.35
scottish_highlands,2023-04-01,11.66,4.01,3.8,6.62,72.84
scottish_highlands,2023-04-02,6.11,5.66,6.2,9.23,67.49
scottish_highlands,2023-04-03,10.76,-0.58,4.39,18.4,79.61
scottish_highlands,2023-04-04,7.27,6.02,3.7,17.59,72.71
scottish_highlands,2023-04-05,15.26,8.88,4.11,14.59,98.13
scottish_highlands,2023-04-06,7.62,4.85,2.56,19.12,66.45
scottish_highlands,2023-04-07,8.9,5.84,5.53,27.91,76.82
scottish_highlands,2023-04-08,8.91,1.28,4.0,13.11,72.46
scottish_highlands,2023-04-09,15.84,3.27,6.91,18.71,70.77
scottish_highlands,2023-04-10,10.12,3.87,5.19,17.7,76.73
scottish_highlands,2023-04-11,12.55,4.12,4.11,7.25,66.71
scottish_highlands,2023-04-12,13.92,5.57,0.84,9.99,96.46
scottish_highlands,2023-04-13,12.0,2.03,2.98,31.76,65.23
scottish_highlands,2023-04-14,11.62,4.53,3.26,13.71,85.73
scottish_highlands,2023-04-15,13.53,5.99,5.44,14.85,87.78
scottish_highlands,2023-04-16,8.86,4.72,8.82,9.98,54.24
scottish_highlands,2023-04-17,13.47,7.61,9.63,9.04,67.23
scottish_highlands,2023-04-18,11.0,5.87,4.05,6.82,62.08
scottish_highlands,2023-04-19,14.75,4.48,3.35,12.09,69.37
scottish_highlands,2023-04-20,12.87,6.92,0.0,17.93,85.07
scottish_highlands,2023-04-21,7.71,7.35,4.63,30.94,63.23
scottish_highlands,2023-04-22,13.94,8.2,0.0,16.51,60.54
scottish_highlands,2023-04-23,11.87,12.47,2.03,11.68,64.97
scottish_highlands,2023-04-24,9.15,3.27,7.82,15.12,84.27
scottish_highlands,2023-04-25,17.1,4.59,3.01,16.36,86.25
scottish_highlands,2023-04-26,14.9,5.23,6.19,25.48,60.39
scottish_highlands,2023-04-27,9.91,6.97,3.06,22.22,70.95
scottish_highlands,2023-04-28,16.63,5.4,0.82,22.48,90.8
scottish_highlands,2023-04-29,10.27,7.52,3.53,9.91,65.04
scottish_highlands,2023-04-30,17.91,8.5,3.67,23.92,59.92
scottish_highlands,2023-05-01,11.01,2.25,9.13,13.46,76.01
scottish_highlands,2023-05-02,13.12,6.61,4.81,17.93,48.08
scottish_highlands,2023-05-03,12.92,3.79,6.47,15.59,59.11
scottish_highlands,2023-05-04,9.59,7.97,5.19,18.78,89.95
scottish_highlands,2023-05-05,10.54,6.3,5.79,17.8,40.11
scottish_highlands,2023-05-06,15.32,5.42,1.33,19.08,90.23
scottish_highlands,2023-05-07,14.51,0.6,5.16,31.4,72.62
scottish_highlands,2023-05-08,17.51,11.89,0.0,15.73,72.96
scottish_highlands,2023-05-09,15.35,8.63,3.44,13.27,60.77
scottish_highlands,2023-05-10,12.47,8.14,6.28,17.06,60.21
scottish_highlands,2023-05-11,19.21,3.6,5.87,21.68,51.79
scottish_highlands,2023-05-12,18.07,5.76,5.39,8.26,74.35
scottish_highlands,2023-05-13,12.61,7.37,3.93,25.56,88.06
scottish_highlands,2023-05-14,18.51,7.78,6.77,7.01,76.43
scottish_highlands,2023-05-15,20.96,10.12,2.36,15.01,64.51
scottish_highlands,2023-05-16,14.0,7.77,5.04,22.58,66.33
scottish_highlands,2023-05-17,14.54,8.19,4.78,24.49,83.88
scottish_highlands,2023-05-18,15.68,7.46,10.53,18.59,84.87
scottish_highlands,2023-05-19,13.68,6.35,6.82,18.86,57.78
scottish_highlands,2023-05-20,16.42,7.2,9.9,11.67,64.88
scottish_highlands,2023-05-21,11.43,6.26,2.83,13.08,84.1
scottish_highlands,2023-05-22,19.0,4.69,6.9,20.24,67.29
scottish_highlands,2023-05-23,16.48,11.17,11.64,14.66,43.91
scottish_highlands,2023-05-24,19.66,11.52,3.62,26.8,70.17
scottish_highlands,2023-05-25,15.24,12.68,0.95,27.49,74.06
scottish_highlands,2023-05-26,11.44,7.26,3.05,18.86,62.83
scottish_highlands,2023-05-27,13.75,8.36,1.68,13.89,78.36
scottish_highlands,2023-05-28,11.86,11.04,7.47,28.7,100.0
scottish_highlands,2023-05-29,17.65,10.6,12.67,22.63,67.27
scottish_highlands,2023-05-30,16.4,6.68,6.08,13.61,72.31
scottish_highlands,2023-05-31,22.44,9.18,4.56,20.86,72.51
scottish_highlands,2023-06-01,17.76,9.82,5.07,27.29,63.97
scottish_highlands,2023-06-02,20.69,10.66,5.71,12.42,64.17
scottish_highlands,2023-06-03,17.85,6.54,12.89,13.88,92.81
scottish_highlands,2023-06-04,15.22,8.02,5.44,23.5,69.44
scottish_highlands,2023-06-05,15.25,12.06,8.8,24.7,64.65
scottish_highlands,2023-06-06,15.85,9.07,6.28,15.11,82.42
scottish_highlands,2023-06-07,13.29,8.8,5.51,11.97,88.82
scottish_highlands,2023-06-08,20.72,7.28,7.0,21.33,67.1
scottish_highlands,2023-06-09,25.22,8.65,2.42,32.28,90.52
scottish_highlands,2023-06-10,26.49,10.01,8.35,28.26,75.21
scottish_highlands,2023-06-11,15.01,12.41,5.32,19.36,89.29
scottish_highlands,2023-06-12,16.16,8.54,6.33,18.28,87.79
scottish_highlands,2023-06-13,15.18,13.07,5.89,26.98,71.0
scottish_highlands,2023-06-14,13.19,9.13,0.0,23.24,62.37
scottish_highlands,2023-06-15,22.63,7.67,5.26,24.51,70.37
scottish_highlands,2023-06-16,18.38,11.68,4.35,19.65,60.71
scottish_highlands,2023-06-17,13.14,10.32,10.32,9.31,90.69
scottish_highlands,2023-06-18,18.74,9.16,2.26,32.41,81.47
scottish_highlands,2023-06-19,16.47,9.91,4.65,16.36,61.94
scottish_highlands,2023-06-20,16.83,14.0,2.38,24.98,81.91
scottish_highlands,2023-06-21,17.15,9.81,9.24,23.14,57.06
scottish_highlands,2023-06-22,19.54,10.97,1.2,20.03,66.2
scottish_highlands,2023-06-23,17.83,11.46,6.25,27.4,82.69
scottish_highlands,2023-06-24,13.36,10.63,7.53,20.25,73.35
scottish_highlands,2023-06-25,20.2,10.5,6.89,20.96,83.18
scottish_highlands,2023-06-26,13.37,6.84,6.99,20.5,50.84
scottish_highlands,2023-06-27,17.71,7.34,7.9,20.4,100.0
scottish_highlands,2023-06-28,17.45,7.5,5.65,9.52,72.79
scottish_highlands,2023-06-29,17.57,8.24,8.45,20.52,68.86
scottish_highlands,2023-06-30,21.69,9.45,7.8,16.58,85.73
scottish_highlands,2023-07-01,21.34,6.86,4.42,13.43,56.83
scottish_highlands,2023-07-02,19.42,9.31,5.77,25.5,59.06
scottish_highlands,2023-07-03,20.61,13.14,9.63,16.25,90.65
scottish_highlands,2023-07-04,16.64,9.18,8.89,17.58,94.51
scottish_highlands,2023-07-05,18.3,10.36,9.23,22.61,80.35
scottish_highlands,2023-07-06,15.69,12.54,7.44,19.1,83.76
scottish_highlands,2023-07-07,19.21,11.37,10.36,20.83,62.24
scottish_highlands,2023-07-08,22.46,12.77,11.93,24.42,55.0
scottish_highlands,2023-07-09,22.76,15.13,0.93,18.6,79.09
scottish_highlands,2023-07-10,21.55,14.25,9.15,18.26,92.97
scottish_highlands,2023-07-11,22.2,8.85,6.0,13.64,71.59
scottish_highlands,2023-07-12,15.09,8.63,6.41,13.76,75.41
scottish_highlands,2023-07-13,24.47,14.56,6.28,22.47,96.22
scottish_highlands,2023-07-14,19.75,9.22,6.06,30.24,85.81
scottish_highlands,2023-07-15,20.95,12.99,7.07,20.33,71.89
scottish_highlands,2023-07-16,19.05,14.51,4.91,22.54,91.53
scottish_highlands,2023-07-17,14.61,9.54,5.12,21.77,65.7
scottish_highlands,2023-07-18,23.27,12.79,2.67,23.14,84.77
scottish_highlands,2023-07-19,15.69,10.34,3.73,23.41,69.41
scottish_highlands,2023-07-20,16.98,14.6,4.81,27.57,75.87
scottish_highlands,2023-07-21,17.75,6.44,4.46,20.41,70.0
scottish_highlands,2023-07-22,18.78,10.41,1.49,24.06,88.76
scottish_highlands,2023-07-23,21.36,10.61,3.88,13.64,77.85
scottish_highlands,2023-07-24,20.71,12.08,10.09,14.65,64.2
scottish_highlands,2023-07-25,13.89,11.55,1.15,24.32,56.94
scottish_highlands,2023-07-26,18.42,13.31,6.01,28.86,52.92
scottish_highlands,2023-07-27,15.73,9.29,4.25,29.36,74.89
scottish_highlands,2023-07-28,17.07,11.86,8.95,26.18,77.66
scottish_highlands,2023-07-29,15.94,13.27,8.92,29.68,71.38
scottish_highlands,2023-07-30,16.24,13.82,6.36,12.66,86.97
scottish_highlands,2023-07-31,22.1,12.86,5.33,17.15,60.96
scottish_highlands,2023-08-01,17.44,3.34,5.62,15.34,74.93
scottish_highlands,2023-08-02,14.04,9.86,2.83,15.06,100.0
scottish_highlands,2023-08-03,21.31,13.21,11.76,21.28,48.13
scottish_highlands,2023-08-04,21.93,8.76,9.43,21.36,65.22
scottish_highlands,2023-08-05,17.81,8.47,1.49,29.65,56.68
scottish_highlands,2023-08-06,20.94,4.5,7.94,14.44,91.36
scottish_highlands,2023-08-07,19.77,10.62,6.21,16.3,65.25
scottish_highlands,2023-08-08,13.27,12.9,5.04,27.38,92.77
scottish_highlands,2023-08-09,25.51,14.62,4.07,19.94,68.32
scottish_highlands,2023-08-10,21.91,6.63,8.2,28.87,81.59
scottish_highlands,2023-08-11,18.13,8.79,6.56,17.23,88.81
scottish_highlands,2023-08-12,17.1,7.2,8.02,23.41,75.41
scottish_highlands,2023-08-13,21.49,10.11,3.22,32.01,73.59
scottish_highlands,2023-08-14,13.47,10.64,5.25,21.14,88.58
scottish_highlands,2023-08-15,20.42,7.26,8.21,18.39,66.45
scottish_highlands,2023-08-16,20.62,10.46,6.42,27.94,78.21
scottish_highlands,2023-08-17,20.43,14.68,5.15,22.4,100.0
scottish_highlands,2023-08-18,14.49,11.14,3.75,24.46,73.14
scottish_highlands,2023-08-19,14.26,7.97,7.12,22.84,72.1
scottish_highlands,2023-08-20,14.42,6.66,11.14,15.96,70.49
scottish_highlands,2023-08-21,17.01,9.5,4.28,25.88,71.68
scottish_highlands,2023-08-22,17.48,14.37,6.52,27.25,66.77
scottish_highlands,2023-08-23,16.14,10.21,4.09,24.57,100.0
scottish_highlands,2023-08-24,15.56,10.2,0.53,23.25,78.41
scottish_highlands,2023-08-25,22.62,5.92,3.16,21.95,70.46
scottish_highlands,2023-08-26,18.48,12.17,6.88,20.95,70.96
scottish_highlands,2023-08-27,20.67,10.87,5.68,18.1,61.59
scottish_highlands,2023-08-28,16.8,11.43,7.61,19.68,68.38
scottish_highlands,2023-08-29,19.0,8.9,2.59,22.54,62.07
scottish_highlands,2023-08-30,21.0,8.45,10.08,17.29,71.4
scottish_highlands,2023-08-31,18.16,10.83,5.69,25.93,63.73
scottish_highlands,2023-09-01,16.0,8.51,5.54,15.73,59.49
scottish_highlands,2023-09-02,14.22,7.81,6.04,18.04,60.53
scottish_highlands,2023-09-03,10.95,12.72,8.52,19.51,78.31
scottish_highlands,2023-09-04,18.03,8.22,3.6,19.67,68.83
scottish_highlands,2023-09-05,17.79,10.56,3.93,16.74,67.68
scottish_highlands,2023-09-06,19.84,7.21,4.86,29.54,74.77
scottish_highlands,2023-09-07,17.37,8.19,2.12,15.62,57.33
scottish_highlands,2023-09-08,15.42,10.31,7.1,25.41,72.98
scottish_highlands,2023-09-09,15.71,8.37,2.5,16.03,50.44
scottish_highlands,2023-09-10,14.18,9.2,2.08,19.31,91.36
scottish_highlands,2023-09-11,12.97,5.89,10.68,22.66,100.0
scottish_highlands,2023-09-12,18.49,2.27,0.0,14.07,85.66
scottish_highlands,2023-09-13,22.03,8.78,2.38,14.65,85.64
scottish_highlands,2023-09-14,13.56,9.32,3.17,21.88,71.58
scottish_highlands,2023-09-15,21.06,5.14,8.38,19.03,71.27
scottish_highlands,2023-09-16,11.25,6.27,11.41,30.69,71.78
scottish_highlands,2023-09-17,17.43,9.18,0.0,20.83,100.0
scottish_highlands,2023-09-18,17.43,9.13,7.47,20.85,48.31
scottish_highlands,2023-09-19,19.04,8.64,3.76,10.25,76.16
scottish_highlands,2023-09-20,15.57,6.43,5.24,21.63,89.67
scottish_highlands,2023-09-21,15.66,6.91,2.57,29.3,75.73
scottish_highlands,2023-09-22,15.71,3.01,1.46,20.87,68.36
scottish_highlands,2023-09-23,19.05,6.32,2.6,26.4,83.25
scottish_highlands,2023-09-24,15.83,6.72,2.27,23.08,54.03
scottish_highlands,2023-09-25,12.51,8.42,9.62,27.26,100.0
scottish_highlands,2023-09-26,14.79,5.46,8.57,20.48,70.37
scottish_highlands,2023-09-27,12.2,9.93,1.25,18.33,76.45
scottish_highlands,2023-09-28,19.2,5.64,6.97,21.97,83.07
scottish_highlands,2023-09-29,14.05,7.51,0.13,19.08,52.31
scottish_highlands,2023-09-30,17.56,4.08,7.81,22.78,79.42
scottish_highlands,2023-10-01,12.53,6.8,3.88,23.05,47.68
scottish_highlands,2023-10-02,14.94,9.65,3.76,23.96,58.22
scottish_highlands,2023-10-03,15.72,9.75,3.07,20.56,81.24
scottish_highlands,2023-10-04,10.84,4.83,8.41,22.15,58.15
scottish_highlands,2023-10-05,18.14,4.34,2.99,14.48,82.68
scottish_highlands,2023-10-06,16.97,1.99,4.18,14.21,58.6
scottish_highlands,2023-10-07,18.94,4.11,0.0,17.84,67.8
scottish_highlands,2023-10-08,9.81,6.7,1.55,14.86,65.38
scottish_highlands,2023-10-09,19.13,5.58,5.86,8.43,94.04
scottish_highlands,2023-10-10,12.07,7.23,2.21,16.34,75.21
scottish_highlands,2023-10-11,10.49,1.91,7.85,18.56,78.85
scottish_highlands,2023-10-12,15.95,4.67,4.56,21.09,70.82
scottish_highlands,2023-10-13,15.07,7.88,0.99,6.31,68.11
scottish_highlands,2023-10-14,10.97,1.16,9.18,20.86,83.58
scottish_highlands,2023-10-15,7.97,2.43,3.13,23.93,58.68
scottish_highlands,2023-10-16,9.64,3.18,5.12,19.24,82.63
scottish_highlands,2023-10-17,13.25,4.04,7.56,19.56,87.18
scottish_highlands,2023-10-18,15.33,6.39,0.47,19.53,81.13
scottish_highlands,2023-10-19,16.02,5.44,3.41,18.17,56.12
scottish_highlands,2023-10-20,14.79,7.41,3.12,21.69,56.45
scottish_highlands,2023-10-21,9.85,6.03,2.11,26.48,80.01
scottish_highlands,2023-10-22,16.07,4.34,2.69,16.93,53.03
scottish_highlands,2023-10-23,11.26,7.07,2.7,19.88,50.96
scottish_highlands,2023-10-24,13.8,0.26,5.08,9.69,74.92
scottish_highlands,2023-10-25,4.43,1.43,4.85,17.65,65.98
scottish_highlands,2023-10-26,14.59,6.37,3.06,12.03,83.25
scottish_highlands,2023-10-27,13.31,10.8,3.14,19.12,64.37
scottish_highlands,2023-10-28,13.42,-0.06,3.74,19.77,74.17
scottish_highlands,2023-10-29,9.93,6.96,3.16,26.93,79.63
scottish_highlands,2023-10-30,10.44,1.62,4.39,12.3,81.64
scottish_highlands,2023-10-31,7.33,-3.41,0.25,20.31,56.79
scottish_highlands,2023-11-01,12.26,6.85,4.41,19.29,70.84
scottish_highlands,2023-11-02,12.28,8.99,5.5,16.41,82.6
scottish_highlands,2023-11-03,5.42,2.65,0.44,14.14,100.0
scottish_highlands,2023-11-04,5.33,2.01,0.0,14.62,86.23
scottish_highlands,2023-11-05,6.95,4.04,6.95,14.23,57.91
scottish_highlands,2023-11-06,12.27,5.39,10.44,14.94,39.3
scottish_highlands,2023-11-07,14.83,2.23,4.96,18.63,60.63
scottish_highlands,2023-11-08,10.98,3.26,2.5,15.88,61.33
scottish_highlands,2023-11-09,8.1,6.07,3.85,9.72,52.29
scottish_highlands,2023-11-10,3.06,1.43,0.0,14.59,49.82
scottish_highlands,2023-11-11,11.51,-0.83,7.13,21.76,78.94
scottish_highlands,2023-11-12,9.11,0.23,0.6,18.74,87.34
scottish_highlands,2023-11-13,10.7,-0.59,0.0,18.01,70.13
scottish_highlands,2023-11-14,7.79,2.78,0.4,12.06,68.94
scottish_highlands,2023-11-15,8.9,3.49,5.01,21.1,41.38
scottish_highlands,2023-11-16,13.23,10.05,4.56,18.9,59.25
scottish_highlands,2023-11-17,12.11,2.3,1.89,7.6,65.84
scottish_highlands,2023-11-18,11.89,5.76,5.27,9.42,86.43
scottish_highlands,2023-11-19,0.33,2.74,2.03,14.4,70.41
scottish_highlands,2023-11-20,9.25,2.65,3.95,18.53,57.83
scottish_highlands,2023-11-21,8.5,2.92,5.15,12.52,79.97
scottish_highlands,2023-11-22,11.87,1.55,6.81,13.68,91.6
scottish_highlands,2023-11-23,7.6,-0.69,0.0,23.59,63.76
scottish_highlands,2023-11-24,6.78,0.55,7.19,7.48,62.04
scottish_highlands,2023-11-25,13.06,0.37,3.26,10.9,71.55
scottish_highlands,2023-11-26,9.39,2.44,3.3,22.9,61.9
scottish_highlands,2023-11-27,5.63,1.06,0.0,14.88,72.61
scottish_highlands,2023-11-28,3.88,1.14,0.0,14.14,56.56
scottish_highlands,2023-11-29,9.04,1.37,1.58,24.01,55.3
scottish_highlands,2023-11-30,6.97,-0.88,1.71,10.05,59.28
scottish_highlands,2023-12-01,7.83,0.08,3.78,12.45,71.85
scottish_highlands,2023-12-02,7.17,1.05,5.56,12.75,57.09
scottish_highlands,2023-12-03,7.65,1.75,3.05,16.23,68.18
scottish_highlands,2023-12-04,11.08,2.69,0.0,13.98,54.91
scottish_highlands,2023-12-05,4.4,-1.11,5.44,12.1,44.49
scottish_highlands,2023-12-06,6.89,-0.67,7.71,12.71,70.33
scottish_highlands,2023-12-07,7.81,3.78,4.86,18.8,62.02
scottish_highlands,2023-12-08,9.38,5.05,0.0,20.56,82.66
scottish_highlands,2023-12-09,9.92,4.91,0.33,10.97,56.23
scottish_highlands,2023-12-10,5.22,-2.49,4.98,14.11,75.12
scottish_highlands,2023-12-11,6.24,0.27,0.0,18.84,48.8
scottish_highlands,2023-12-12,10.22,-0.51,2.49,10.54,46.6
scottish_highlands,2023-12-13,11.76,-0.86,3.73,12.0,61.08
scottish_highlands,2023-12-14,4.84,-1.26,3.37,14.6,55.53
scottish_highlands,2023-12-15,4.13,3.84,7.46,13.76,81.24
scottish_highlands,2023-12-16,4.85,0.0,3.24,11.87,48.77
scottish_highlands,2023-12-17,8.87,0.98,6.92,19.76,64.59
scottish_highlands,2023-12-18,5.74,3.23,0.93,11.45,56.46
scottish_highlands,2023-12-19,10.77,0.6,0.0,20.22,72.14
scottish_highlands,2023-12-20,8.22,-1.02,3.52,15.91,53.89
scottish_highlands,2023-12-21,9.49,-3.76,1.06,8.46,51.54
scottish_highlands,2023-12-22,6.61,-0.41,4.13,22.04,40.42
scottish_highlands,2023-12-23,1.09,2.51,0.39,7.98,72.25
scottish_highlands,2023-12-24,0.9,-2.89,5.98,20.88,60.87
scottish_highlands,2023-12-25,7.32,-3.29,1.3,14.5,63.81
scottish_highlands,2023-12-26,8.51,-5.15,2.43,19.12,69.16
scottish_highlands,2023-12-27,4.44,-4.93,7.22,15.65,49.74
scottish_highlands,2023-12-28,2.7,4.66,6.01,24.87,41.1
scottish_highlands,2023-12-29,2.54,5.01,0.92,12.54,49.2
scottish_highlands,2023-12-30,3.88,4.02,4.27,13.93,60.37
scottish_highlands,2023-12-31,6.34,-0.18,3.58,15.47,54.41
scottish_highlands,2024-01-01,1.35,0.74,0.93,12.43,55.86
scottish_highlands,2024-01-02,-2.18,-0.18,6.33,9.89,47.89
scottish_highlands,2024-01-03,0.05,2.1,5.45,7.58,71.19
scottish_highlands,2024-01-04,1.85,-2.24,3.78,22.0,63.37
scottish_highlands,2024-01-05,9.24,-1.96,0.0,9.85,55.34
scottish_highlands,2024-01-06,4.45,-3.59,0.0,16.72,43.7
scottish_highlands,2024-01-07,0.57,-4.04,4.41,13.77,45.98
scottish_highlands,2024-01-08,6.39,1.76,0.0,10.22,43.8
scottish_highlands,2024-01-09,3.48,0.6,8.17,10.19,46.32
scottish_highlands,2024-01-10,7.68,-0.94,5.34,9.19,37.26
scottish_highlands,2024-01-11,7.52,-1.32,4.02,21.75,73.08
scottish_highlands,2024-01-12,4.89,2.27,0.0,11.14,57.43
scottish_highlands,2024-01-13,0.16,0.35,0.0,18.38,89.83
scottish_highlands,2024-01-14,4.59,-2.48,2.53,13.75,50.01
scottish_highlands,2024-01-15,4.0,2.43,0.85,17.71,74.65
scottish_highlands,2024-01-16,0.73,-1.25,3.23,15.1,55.22
scottish_highlands,2024-01-17,8.33,-3.21,0.0,17.6,64.35
scottish_highlands,2024-01-18,4.39,1.8,0.91,15.18,62.05
scottish_highlands,2024-01-19,8.32,1.64,4.86,5.1,45.8
scottish_highlands,2024-01-20,4.19,-3.82,7.81,20.61,65.61
scottish_highlands,2024-01-21,8.1,-1.65,2.22,13.13,74.98
scottish_highlands,2024-01-22,6.55,-4.18,4.33,10.96,52.02
scottish_highlands,2024-01-23,4.38,-6.78,0.0,14.01,84.65
scottish_highlands,2024-01-24,6.18,-2.1,0.84,20.57,46.11
scottish_highlands,2024-01-25,8.41,-4.28,1.56,14.49,60.5
scottish_highlands,2024-01-26,3.93,1.86,2.08,13.05,76.16
scottish_highlands,2024-01-27,4.93,-1.58,2.17,20.97,57.84
scottish_highlands,2024-01-28,3.52,-3.57,6.8,9.06,56.87
scottish_highlands,2024-01-29,2.38,0.38,0.31,8.68,38.32
scottish_highlands,2024-01-30,8.1,1.29,1.49,10.44,73.8
scottish_highlands,2024-01-31,8.28,-1.08,1.4,14.45,60.14
scottish_highlands,2024-02-01,8.75,-0.33,3.12,13.65,71.59
scottish_highlands,2024-02-02,6.02,0.65,3.94,20.55,50.15
scottish_highlands,2024-02-03,5.85,3.69,2.56,13.71,65.06
scottish_highlands,2024-02-04,3.93,-0.48,3.38,18.49,87.5
scottish_highlands,2024-02-05,3.38,0.92,0.0,10.37,41.48
scottish_highlands,2024-02-06,8.36,2.39,5.43,12.43,77.05
scottish_highlands,2024-02-07,7.83,0.48,6.35,13.35,73.22
scottish_highlands,2024-02-08,-1.52,0.77,5.21,14.85,80.01
scottish_highlands,2024-02-09,4.54,-3.0,8.72,14.85,61.05
scottish_highlands,2024-02-10,2.19,-3.6,4.47,15.86,53.71
scottish_highlands,2024-02-11,-0.35,-1.78,6.61,14.74,57.32
scottish_highlands,2024-02-12,5.42,-0.97,6.02,1.39,42.67
scottish_highlands,2024-02-13,9.38,1.32,0.55,10.74,58.59
scottish_highlands,2024-02-14,5.91,-4.15,3.17,11.5,65.95
scottish_highlands,2024-02-15,5.2,-1.58,0.79,13.08,55.05
scottish_highlands,2024-02-16,6.69,6.04,0.0,14.42,50.24
scottish_highlands,2024-02-17,7.22,1.65,5.79,18.24,83.91
scottish_highlands,2024-02-18,9.76,3.41,8.55,10.9,84.09
scottish_highlands,2024-02-19,3.46,-2.04,0.0,2.97,62.46
scottish_highlands,2024-02-20,7.15,-1.89,6.49,13.49,63.62
scottish_highlands,2024-02-21,5.06,-2.42,9.95,15.45,64.61
scottish_highlands,2024-02-22,2.42,-0.11,3.86,20.69,51.2
scottish_highlands,2024-02-23,6.83,1.36,5.95,12.9,56.57
scottish_highlands,2024-02-24,4.72,-1.25,0.0,12.36,67.02
scottish_highlands,2024-02-25,11.08,-1.66,10.81,10.94,59.25
scottish_highlands,2024-02-26,6.62,0.38,3.2,24.72,70.1
scottish_highlands,2024-02-27,4.89,-3.47,4.16,25.01,66.25
scottish_highlands,2024-02-28,10.53,0.86,1.49,8.48,70.6
scottish_highlands,2024-02-29,12.79,1.14,5.85,14.17,65.36
scottish_highlands,2024-03-01,9.73,5.59,5.53,14.49,74.26
scottish_highlands,2024-03-02,6.91,1.37,7.13,18.55,83.74
scottish_highlands,2024-03-03,3.49,-8.21,4.28,12.07,58.47
scottish_highlands,2024-03-04,8.24,3.82,2.56,18.86,45.82
scottish_highlands,2024-03-05,7.27,3.7,9.11,15.09,61.17
scottish_highlands,2024-03-06,12.1,0.9,9.15,10.56,78.65
scottish_highlands,2024-03-07,13.44,2.68,4.77,18.77,67.06
scottish_highlands,2024-03-08,10.59,2.77,3.78,22.19,68.26
scottish_highlands,2024-03-09,9.14,-0.27,2.53,10.32,69.28
scottish_highlands,2024-03-10,7.85,4.23,5.71,22.34,74.17
scottish_highlands,2024-03-11,12.27,2.34,2.04,21.95,62.12
scottish_highlands,2024-03-12,0.97,2.67,0.0,19.53,65.3
scottish_highlands,2024-03-13,7.9,-2.09,7.52,20.09,62.53
scottish_highlands,2024-03-14,9.35,-0.11,3.57,19.86,72.93
scottish_highlands,2024-03-15,5.2,0.57,8.54,10.22,92.08
scottish_highlands,2024-03-16,4.96,0.81,2.45,19.27,67.9
scottish_highlands,2024-03-17,11.81,0.93,3.28,13.51,72.58
scottish_highlands,2024-03-18,3.72,2.61,0.0,13.94,67.81
scottish_highlands,2024-03-19,9.8,4.68,7.82,26.18,68.06
scottish_highlands,2024-03-20,7.22,3.11,0.08,14.84,73.78
scottish_highlands,2024-03-21,6.63,3.79,0.0,18.0,54.87
scottish_highlands,2024-03-22,3.71,3.33,1.15,23.76,44.73
scottish_highlands,2024-03-23,8.05,3.29,3.74,14.74,52.57
scottish_highlands,2024-03-24,6.66,0.51,2.38,19.8,56.97
scottish_highlands,2024-03-25,6.53,2.01,6.22,16.54,72.76
scottish_highlands,2024-03-26,8.34,0.29,0.0,21.55,54.96
scottish_highlands,2024-03-27,11.03,4.64,0.61,12.37,76.17
scottish_highlands,2024-03-28,10.19,6.72,0.94,14.72,59.05
scottish_highlands,2024-03-29,11.64,3.86,8.53,10.32,70.72
scottish_highlands,2024-03-30,10.36,0.26,5.86,13.47,60.11
scottish_highlands,2024-03-31,14.07,3.67,2.73,19.87,79.77
scottish_highlands,2024-04-01,5.41,1.58,6.39,18.0,81.85
scottish_highlands,2024-04-02,16.26,1.75,2.02,15.22,75.54
scottish_highlands,2024-04-03,11.13,2.6,0.0,12.54,62.81
scottish_highlands,2024-04-04,13.22,1.26,7.98,20.31,71.41
scottish_highlands,2024-04-05,11.26,3.29,5.66,9.28,81.43
scottish_highlands,2024-04-06,8.73,4.85,11.17,19.59,65.52
scottish_highlands,2024-04-07,9.47,4.38,10.19,20.19,60.19
scottish_highlands,2024-04-08,14.15,2.59,4.61,15.58,42.72
scottish_highlands,2024-04-09,10.67,5.16,6.21,13.14,71.73
scottish_highlands,2024-04-10,14.43,7.58,2.05,9.67,72.97
scottish_highlands,2024-04-11,10.73,0.82,0.32,16.8,68.52
scottish_highlands,2024-04-12,13.59,4.14,2.52,17.18,64.8
scottish_highlands,2024-04-13,9.87,4.73,5.61,19.51,64.77
scottish_highlands,2024-04-14,5.28,5.05,0.37,9.38,67.96
scottish_highlands,2024-04-15,10.65,8.7,10.39,23.89,78.47
scottish_highlands,2024-04-16,10.71,2.27,0.85,22.8,67.22
scottish_highlands,2024-04-17,11.34,3.67,4.43,25.66,88.4
scottish_highlands,2024-04-18,8.06,6.84,6.41,23.69,87.16
scottish_highlands,2024-04-19,15.54,3.73,0.0,25.42,59.86
scottish_highlands,2024-04-20,15.79,5.9,9.19,16.86,86.66
scottish_highlands,2024-04-21,18.38,2.58,8.31,19.36,82.19
scottish_highlands,2024-04-22,6.35,2.5,0.0,17.99,77.69
scottish_highlands,2024-04-23,8.38,4.93,11.5,18.67,58.46
scottish_highlands,2024-04-24,14.9,8.63,4.93,7.41,75.3
scottish_highlands,2024-04-25,9.59,7.51,4.87,16.54,90.74
scottish_highlands,2024-04-26,14.55,8.25,11.34,15.56,65.27
scottish_highlands,2024-04-27,10.73,0.54,6.7,9.17,82.61
scottish_highlands,2024-04-28,12.2,6.34,3.29,23.02,69.65
scottish_highlands,2024-04-29,14.15,7.0,6.99,17.2,59.44
scottish_highlands,2024-04-30,15.98,2.69,6.69,13.07,73.22
scottish_highlands,2024-05-01,13.59,9.07,4.12,23.3,79.61
scottish_highlands,2024-05-02,13.3,8.12,2.74,20.44,76.08
scottish_highlands,2024-05-03,14.0,7.03,5.05,23.31,76.2
scottish_highlands,2024-05-04,10.45,10.5,5.29,21.62,80.44
scottish_highlands,2024-05-05,16.11,10.33,8.57,8.11,79.45
scottish_highlands,2024-05-06,15.42,6.97,8.91,22.58,69.61
scottish_highlands,2024-05-07,15.42,10.16,7.57,23.89,66.34
scottish_highlands,2024-05-08,10.69,6.49,4.58,15.27,63.84
scottish_highlands,2024-05-09,16.81,7.26,2.99,19.27,76.54
scottish_highlands,2024-05-10,13.43,6.78,7.86,27.24,65.51
scottish_highlands,2024-05-11,11.6,10.18,6.06,24.81,82.12
scottish_highlands,2024-05-12,16.27,7.58,1.41,25.8,60.5
scottish_highlands,2024-05-13,15.21,5.03,5.69,18.44,70.55
scottish_highlands,2024-05-14,16.03,10.83,0.17,16.83,80.01
scottish_highlands,2024-05-15,12.05,7.47,7.47,23.76,74.28
scottish_highlands,2024-05-16,15.1,7.32,0.0,17.36,55.91
scottish_highlands,2024-05-17,17.23,3.91,0.0,19.04,68.8
scottish_highlands,2024-05-18,17.14,6.68,10.12,28.43,97.31
scottish_highlands,2024-05-19,11.09,8.27,4.39,12.15,64.8
scottish_highlands,2024-05-20,18.94,12.05,6.89,18.5,88.12
scottish_highlands,2024-05-21,16.12,11.34,5.33,12.29,79.05
scottish_highlands,2024-05-22,13.72,10.83,8.54,26.32,82.16
scottish_highlands,2024-05-23,14.8,2.64,5.11,22.84,69.1
scottish_highlands,2024-05-24,9.81,7.98,4.77,16.94,79.21
scottish_highlands,2024-05-25,14.45,7.68,3.73,14.31,78.05
scottish_highlands,2024-05-26,17.25,11.44,5.25,12.66,84.49
scottish_highlands,2024-05-27,15.96,8.24,9.38,25.13,65.19
scottish_highlands,2024-05-28,16.32,7.82,7.33,24.07,57.72
scottish_highlands,2024-05-29,17.75,6.13,7.54,31.0,80.74
scottish_highlands,2024-05-30,16.65,7.56,2.88,18.82,57.76
scottish_highlands,2024-05-31,15.47,1.26,8.06,18.61,60.16
scottish_highlands,2024-06-01,22.73,5.43,3.17,25.86,75.09
scottish_highlands,2024-06-02,15.01,10.91,0.0,24.36,97.03
scottish_highlands,2024-06-03,17.23,10.58,6.39,21.33,68.64
scottish_highlands,2024-06-04,23.82,8.0,7.3,21.42,84.17
scottish_highlands,2024-06-05,19.26,8.02,2.98,22.64,58.22
scottish_highlands,2024-06-06,23.31,12.93,5.9,20.57,88.39
scottish_highlands,2024-06-07,15.92,12.9,2.59,14.86,83.31
scottish_highlands,2024-06-08,14.82,9.24,6.43,22.58,68.64
scottish_highlands,2024-06-09,14.89,14.17,11.38,22.54,60.73
scottish_highlands,2024-06-10,18.41,8.58,7.47,19.68,75.21
scottish_highlands,2024-06-11,25.37,13.51,1.08,15.11,72.83
scottish_highlands,2024-06-12,16.05,10.04,6.11,25.3,76.97
scottish_highlands,2024-06-13,18.49,13.57,6.53,29.3,76.2
scottish_highlands,2024-06-14,13.57,6.14,7.84,21.22,64.68
scottish_highlands,2024-06-15,20.35,11.87,4.04,25.16,69.9
scottish_highlands,2024-06-16,12.84,9.1,4.03,18.84,72.89
scottish_highlands,2024-06-17,17.18,12.36,3.95,18.25,62.33
scottish_highlands,2024-06-18,25.16,12.25,7.16,22.89,52.97
scottish_highlands,2024-06-19,16.28,11.13,0.89,23.87,89.93
scottish_highlands,2024-06-20,12.89,14.59,8.98,18.64,69.33
scottish_highlands,2024-06-21,18.74,9.52,6.83,20.22,88.59
scottish_highlands,2024-06-22,19.94,12.32,8.04,17.43,91.28
scottish_highlands,2024-06-23,16.86,10.1,7.55,24.25,73.67
scottish_highlands,2024-06-24,18.75,10.79,0.0,25.02,89.42
scottish_highlands,2024-06-25,17.22,10.75,9.18,21.89,70.94
scottish_highlands,2024-06-26,16.61,7.98,1.91,22.93,100.0
scottish_highlands,2024-06-27,15.58,10.7,3.85,29.86,85.29
scottish_highlands,2024-06-28,17.69,10.5,6.19,26.65,74.38
scottish_highlands,2024-06-29,17.75,10.77,1.7,16.9,85.95
scottish_highlands,2024-06-30,16.12,12.17,1.71,29.88,74.92
scottish_highlands,2024-07-01,15.72,8.59,8.37,15.09,75.25
scottish_highlands,2024-07-02,12.98,10.74,3.26,18.28,52.94
scottish_highlands,2024-07-03,14.84,12.13,9.73,29.09,46.79
scottish_highlands,2024-07-04,22.17,11.6,5.87,25.07,100.0
scottish_highlands,2024-07-05,24.19,11.14,3.74,9.77,61.57
scottish_highlands,2024-07-06,15.51,14.31,9.22,21.24,82.97
scottish_highlands,2024-07-07,15.88,9.5,0.83,14.79,63.12
scottish_highlands,2024-07-08,23.44,12.4,1.9,22.77,81.02
scottish_highlands,2024-07-09,19.92,12.07,3.72,23.33,59.73
scottish_highlands,2024-07-10,16.86,9.96,6.69,15.61,79.44
scottish_highlands,2024-07-11,21.28,5.34,3.48,16.78,76.18
scottish_highlands,2024-07-12,13.01,7.07,5.41,24.64,79.29
scottish_highlands,2024-07-13,19.0,9.3,2.74,25.67,61.53
scottish_highlands,2024-07-14,13.15,12.1,6.26,24.5,75.24
scottish_highlands,2024-07-15,27.08,12.28,6.05,22.5,78.84
scottish_highlands,2024-07-16,22.75,10.92,7.65,32.02,73.28
scottish_highlands,2024-07-17,18.87,12.09,4.74,24.05,74.35
scottish_highlands,2024-07-18,17.9,10.37,6.83,26.05,72.05
scottish_highlands,2024-07-19,19.04,9.84,10.01,23.53,72.71
scottish_highlands,2024-07-20,19.32,10.13,2.66,22.43,88.32
scottish_highlands,2024-07-21,18.4,9.36,7.17,20.4,96.77
scottish_highlands,2024-07-22,16.64,11.15,4.46,28.17,79.16
scottish_highlands,2024-07-23,17.36,10.48,4.32,13.3,62.12
scottish_highlands,2024-07-24,20.95,14.28,4.61,24.37,76.85
scottish_highlands,2024-07-25,18.11,7.98,4.19,34.59,71.16
scottish_highlands,2024-07-26,20.0,12.7,9.87,26.17,62.47
scottish_highlands,2024-07-27,20.36,10.57,7.08,26.34,87.25
scottish_highlands,2024-07-28,16.68,7.09,1.91,27.49,74.44
scottish_highlands,2024-07-29,19.25,9.39,1.96,23.4,68.35
scottish_highlands,2024-07-30,22.51,13.06,7.67,28.3,100.0
scottish_highlands,2024-07-31,19.86,9.6,4.65,19.79,63.35
scottish_highlands,2024-08-01,17.49,4.99,0.83,10.8,77.09
scottish_highlands,2024-08-02,17.47,14.23,1.85,21.14,99.71
scottish_highlands,2024-08-03,15.69,12.6,9.01,19.63,80.57
scottish_highlands,2024-08-04,20.93,7.95,7.5,18.78,87.23
scottish_highlands,2024-08-05,18.12,7.23,4.73,23.52,63.57
scottish_highlands,2024-08-06,19.42,8.92,4.15,22.98,100.0
scottish_highlands,2024-08-07,18.79,11.88,4.16,22.18,76.95
scottish_highlands,2024-08-08,23.55,13.06,8.02,24.85,88.36
scottish_highlands,2024-08-09,16.88,6.58,7.39,19.97,84.9
scottish_highlands,2024-08-10,18.22,11.47,7.33,16.97,82.65
scottish_highlands,2024-08-11,18.92,9.3,10.26,29.89,61.75
scottish_highlands,2024-08-12,20.77,12.95,8.35,14.5,79.35
scottish_highlands,2024-08-13,16.81,15.27,0.59,14.44,59.94
scottish_highlands,2024-08-14,14.93,7.62,7.52,25.83,68.25
scottish_highlands,2024-08-15,14.17,13.44,5.72,15.7,90.21
scottish_highlands,2024-08-16,19.54,10.37,4.23,17.26,69.87
scottish_highlands,2024-08-17,18.69,13.78,10.98,15.82,92.56
scottish_highlands,2024-08-18,19.71,11.63,10.44,23.32,74.91
scottish_highlands,2024-08-19,18.6,10.82,5.98,19.79,75.11
scottish_highlands,2024-08-20,19.93,6.72,7.09,18.64,64.26
scottish_highlands,2024-08-21,19.47,10.32,4.1,23.93,97.16
scottish_highlands,2024-08-22,18.75,12.83,2.16,15.02,86.13
scottish_highlands,2024-08-23,17.3,8.91,7.71,20.53,71.13
scottish_highlands,2024-08-24,18.03,7.18,1.83,18.58,73.73
scottish_highlands,2024-08-25,19.85,10.05,3.17,23.22,50.42
scottish_highlands,2024-08-26,19.5,11.32,1.03,29.96,74.88
scottish_highlands,2024-08-27,19.34,12.28,7.96,17.86,96.11
scottish_highlands,2024-08-28,17.56,13.09,1.27,12.75,73.1
scottish_highlands,2024-08-29,16.18,6.61,6.39,22.9,84.05
scottish_highlands,2024-08-30,20.18,10.08,3.66,18.8,87.31
scottish_highlands,2024-08-31,14.29,9.68,7.39,18.81,79.66
scottish_highlands,2024-09-01,18.82,10.36,3.19,23.05,83.38
scottish_highlands,2024-09-02,16.49,7.58,1.29,17.33,91.64
scottish_highlands,2024-09-03,16.74,8.95,0.0,14.5,52.33
scottish_highlands,2024-09-04,14.22,6.47,4.67,20.67,100.0
scottish_highlands,2024-09-05,18.51,11.11,0.65,18.98,78.66
scottish_highlands,2024-09-06,19.39,4.24,5.31,25.01,73.87
scottish_highlands,2024-09-07,9.08,8.17,0.0,21.41,77.88
scottish_highlands,2024-09-08,16.35,8.15,4.98,25.23,67.75
scottish_highlands,2024-09-09,12.39,6.8,3.47,13.8,94.28
scottish_highlands,2024-09-10,12.7,7.95,0.0,17.87,84.78
scottish_highlands,2024-09-11,15.13,5.54,3.28,16.34,79.29
scottish_highlands,2024-09-12,14.08,12.17,9.73,21.2,83.17
scottish_highlands,2024-09-13,18.51,9.71,4.54,15.09,63.07
scottish_highlands,2024-09-14,21.33,4.94,0.03,27.86,63.78
scottish_highlands,2024-09-15,18.53,9.62,0.38,22.07,78.83
scottish_highlands,2024-09-16,21.79,11.7,5.12,33.65,90.37
scottish_highlands,2024-09-17,15.78,7.09,4.6,16.31,65.02
scottish_highlands,2024-09-18,15.27,6.99,13.64,20.47,73.99
scottish_highlands,2024-09-19,11.8,9.06,4.96,17.5,77.73
scottish_highlands,2024-09-20,13.91,9.91,7.65,22.53,85.79
scottish_highlands,2024-09-21,9.87,9.23,0.96,21.24,77.8
scottish_highlands,2024-09-22,17.28,8.52,5.07,25.59,83.34
scottish_highlands,2024-09-23,11.0,7.39,0.73,21.07,87.1
scottish_highlands,2024-09-24,13.27,8.12,5.94,17.51,87.97
scottish_highlands,2024-09-25,12.19,11.45,3.38,23.08,79.79
scottish_highlands,2024-09-26,15.34,3.55,4.22,22.92,60.19
scottish_highlands,2024-09-27,11.4,8.52,7.43,20.69,84.1
scottish_highlands,2024-09-28,11.29,2.07,3.16,16.09,74.13
scottish_highlands,2024-09-29,15.14,5.79,4.53,20.74,88.14
scottish_highlands,2024-09-30,10.58,6.22,2.9,12.24,88.75
scottish_highlands,2024-10-01,15.67,6.47,3.03,17.5,69.77
scottish_highlands,2024-10-02,16.35,5.9,6.55,8.49,52.64
scottish_highlands,2024-10-03,7.57,5.75,3.17,28.14,82.49
scottish_highlands,2024-10-04,19.94,4.75,7.73,16.4,76.42
scottish_highlands,2024-10-05,11.48,7.37,1.53,14.63,59.21
scottish_highlands,2024-10-06,14.0,8.61,3.24,9.41,87.4
scottish_highlands,2024-10-07,9.96,12.36,8.47,13.53,59.17
scottish_highlands,2024-10-08,14.71,6.71,2.34,10.61,64.62
scottish_highlands,2024-10-09,16.93,4.08,7.25,28.36,72.32
scottish_highlands,2024-10-10,11.8,7.07,6.23,19.29,69.1
scottish_highlands,2024-10-11,13.86,4.15,1.83,18.89,80.62
scottish_highlands,2024-10-12,15.31,3.92,5.38,11.29,60.05
scottish_highlands,2024-10-13,11.5,1.65,0.95,10.26,80.58
scottish_highlands,2024-10-14,15.95,2.83,5.64,23.0,58.65
scottish_highlands,2024-10-15,9.05,0.37,6.77,19.85,80.95
scottish_highlands,2024-10-16,12.05,4.38,8.8,20.56,61.07
scottish_highlands,2024-10-17,12.34,5.91,2.87,21.37,92.07
scottish_highlands,2024-10-18,10.26,6.79,2.72,16.06,46.95
scottish_highlands,2024-10-19,15.05,5.35,0.14,21.6,59.87
scottish_highlands,2024-10-20,11.76,9.38,4.81,18.13,87.87
scottish_highlands,2024-10-21,15.94,4.24,6.45,24.88,71.67
scottish_highlands,2024-10-22,6.59,6.4,0.96,21.44,76.98
scottish_highlands,2024-10-23,9.56,1.43,5.08,21.87,65.38
scottish_highlands,2024-10-24,7.7,1.25,7.91,15.65,44.72
scottish_highlands,2024-10-25,6.6,3.83,3.04,23.01,87.26
scottish_highlands,2024-10-26,15.49,2.77,0.0,11.41,59.79
scottish_highlands,2024-10-27,14.37,7.39,4.92,9.79,71.58
scottish_highlands,2024-10-28,13.08,-0.34,0.0,24.76,48.34
scottish_highlands,2024-10-29,10.13,6.31,0.74,19.46,79.96
scottish_highlands,2024-10-30,4.88,5.4,3.49,15.48,73.98
scottish_highlands,2024-10-31,9.57,5.37,1.58,20.53,71.07
scottish_highlands,2024-11-01,4.04,2.1,3.38,18.53,63.46
scottish_highlands,2024-11-02,10.75,4.13,8.97,11.34,64.41
scottish_highlands,2024-11-03,14.01,5.37,2.95,19.88,100.0
scottish_highlands,2024-11-04,13.89,3.63,1.68,18.8,66.43
scottish_highlands,2024-11-05,11.71,2.56,5.3,17.07,73.92
scottish_highlands,2024-11-06,3.05,4.51,6.55,22.8,60.05
scottish_highlands,2024-11-07,12.6,-0.19,1.11,20.38,79.59
scottish_highlands,2024-11-08,10.06,-0.61,1.48,12.91,62.57
scottish_highlands,2024-11-09,8.03,4.08,9.03,16.75,74.47
scottish_highlands,2024-11-10,8.32,7.42,1.31,24.63,75.26
scottish_highlands,2024-11-11,10.47,5.16,7.26,14.43,78.62
scottish_highlands,2024-11-12,10.23,-0.7,7.3,21.06,90.07
scottish_highlands,2024-11-13,7.06,2.77,3.32,17.77,82.11
scottish_highlands,2024-11-14,7.16,2.76,0.0,11.55,66.76
scottish_highlands,2024-11-15,9.03,5.77,4.47,12.97,66.19
scottish_highlands,2024-11-16,8.83,-1.62,2.56,15.41,76.64
scottish_highlands,2024-11-17,7.06,0.43,0.0,13.91,71.38
scottish_highlands,2024-11-18,9.21,3.57,4.28,15.44,55.83
scottish_highlands,2024-11-19,10.64,2.67,0.68,21.17,68.66
scottish_highlands,2024-11-20,10.06,2.37,6.75,17.84,70.86
scottish_highlands,2024-11-21,9.07,8.39,2.5,9.97,84.23
scottish_highlands,2024-11-22,9.01,4.9,3.12,27.63,76.52
scottish_highlands,2024-11-23,7.21,7.22,0.0,3.14,67.3
scottish_highlands,2024-11-24,8.07,2.56,4.14,25.54,73.53
scottish_highlands,2024-11-25,4.42,1.55,3.16,11.33,87.74
scottish_highlands,2024-11-26,2.87,-2.36,0.0,17.23,75.3
scottish_highlands,2024-11-27,10.5,1.44,7.08,12.04,63.25
scottish_highlands,2024-11-28,5.24,2.87,0.67,21.39,70.52
scottish_highlands,2024-11-29,3.39,1.98,1.17,11.12,37.15
scottish_highlands,2024-11-30,10.7,-0.8,4.03,22.4,53.33
scottish_highlands,2024-12-01,4.16,2.4,3.44,21.52,47.71
scottish_highlands,2024-12-02,2.78,0.72,2.92,12.38,61.6
scottish_highlands,2024-12-03,9.4,-1.54,4.93,12.79,56.79
scottish_highlands,2024-12-04,5.4,1.13,0.0,10.68,51.76
scottish_highlands,2024-12-05,7.73,-2.8,2.39,16.11,80.2
scottish_highlands,2024-12-06,4.68,-4.86,4.67,9.05,59.98
scottish_highlands,2024-12-07,5.51,-1.26,0.0,13.42,77.16
scottish_highlands,2024-12-08,7.77,-2.98,7.44,9.39,94.44
scottish_highlands,2024-12-09,4.37,2.93,3.35,17.25,62.8
scottish_highlands,2024-12-10,4.27,-2.24,5.82,18.1,45.9
scottish_highlands,2024-12-11,4.29,2.93,4.66,12.43,61.73
scottish_highlands,2024-12-12,0.38,1.66,2.05,13.39,71.08
scottish_highlands,2024-12-13,8.27,1.23,7.0,17.65,66.08
scottish_highlands,2024-12-14,6.35,-1.91,0.0,20.14,77.7
scottish_highlands,2024-12-15,7.84,0.43,2.29,7.1,71.33
scottish_highlands,2024-12-16,9.62,2.34,7.26,4.62,59.92
scottish_highlands,2024-12-17,2.14,6.45,0.0,18.75,59.9
scottish_highlands,2024-12-18,7.37,-1.68,5.7,12.72,74.38
scottish_highlands,2024-12-19,5.93,5.04,1.41,17.71,73.02
scottish_highlands,2024-12-20,8.9,0.51,0.86,13.84,75.47
scottish_highlands,2024-12-21,4.86,1.78,4.05,15.97,45.8
scottish_highlands,2024-12-22,4.07,-2.75,3.68,0.36,69.56
scottish_highlands,2024-12-23,4.23,-2.18,6.45,14.15,59.36
scottish_highlands,2024-12-24,4.81,-5.1,0.0,10.6,75.89
scottish_highlands,2024-12-25,13.35,2.74,0.0,6.31,64.18
scottish_highlands,2024-12-26,4.67,-1.21,3.8,14.68,69.32
scottish_highlands,2024-12-27,4.09,0.7,5.67,20.43,78.72
scottish_highlands,2024-12-28,8.47,-1.62,3.09,22.41,70.53
scottish_highlands,2024-12-29,7.09,-2.9,3.14,5.01,68.11
scottish_highlands,2024-12-30,5.77,-0.91,2.72,10.15,71.51
scottish_highlands,2024-12-31,4.74,2.74,4.11,21.8,48.54
scottish_highlands,2025-01-01,0.02,0.69,0.0,10.5,62.65
scottish_highlands,2025-01-02,4.06,-1.56,1.53,16.79,41.56
scottish_highlands,2025-01-03,3.75,1.21,0.0,12.24,52.26
scottish_highlands,2025-01-04,3.89,-1.98,0.0,13.27,45.2
scottish_highlands,2025-01-05,4.6,-0.3,0.0,14.18,61.37
scottish_highlands,2025-01-06,4.2,-4.36,0.0,14.98,57.59
scottish_highlands,2025-01-07,3.78,3.51,2.4,20.87,65.95
scottish_highlands,2025-01-08,3.41,-2.56,4.02,11.51,81.04
scottish_highlands,2025-01-09,9.05,4.58,0.34,8.48,75.02
scottish_highlands,2025-01-10,1.67,-3.88,6.61,16.24,84.96
scottish_highlands,2025-01-11,11.48,1.65,4.67,12.84,57.75
scottish_highlands,2025-01-12,1.09,-1.53,1.41,12.4,60.86
scottish_highlands,2025-01-13,1.1,-2.53,4.36,15.59,53.76
scottish_highlands,2025-01-14,1.86,-0.41,5.4,17.18,68.48
scottish_highlands,2025-01-15,3.38,0.06,0.0,20.23,63.94
scottish_highlands,2025-01-16,6.67,1.94,4.16,11.89,80.69
scottish_highlands,2025-01-17,5.71,0.77,0.0,17.12,54.56
scottish_highlands,2025-01-18,3.05,-0.08,0.0,15.04,57.94
scottish_highlands,2025-01-19,6.16,2.01,5.23,12.22,92.18
scottish_highlands,2025-01-20,14.7,-3.3,5.55,8.04,42.73
scottish_highlands,2025-01-21,2.14,2.39,1.25,11.05,57.91
scottish_highlands,2025-01-22,1.94,3.02,4.09,4.45,93.38
scottish_highlands,2025-01-23,7.21,-0.59,0.0,11.8,55.27
scottish_highlands,2025-01-24,9.96,-1.97,0.0,17.71,65.93
scottish_highlands,2025-01-25,2.75,-2.93,1.12,17.3,45.57
scottish_highlands,2025-01-26,4.94,-7.16,0.36,11.43,52.62
scottish_highlands,2025-01-27,1.29,-2.16,3.23,16.54,50.96
scottish_highlands,2025-01-28,2.26,-2.8,0.0,8.12,75.42
scottish_highlands,2025-01-29,6.22,-3.29,0.0,19.07,51.13
scottish_highlands,2025-01-30,-0.43,-2.46,6.79,16.43,54.71
scottish_highlands,2025-01-31,4.9,-1.71,4.53,11.13,53.85
scottish_highlands,2025-02-01,3.04,0.43,7.18,19.42,67.36
scottish_highlands,2025-02-02,3.25,-2.49,4.97,10.33,78.62
scottish_highlands,2025-02-03,-3.59,-2.13,0.0,12.6,52.72
scottish_highlands,2025-02-04,7.9,0.98,0.0,7.05,59.68
scottish_highlands,2025-02-05,12.37,3.98,2.22,15.6,75.51
scottish_highlands,2025-02-06,4.45,4.95,2.14,17.64,55.41
scottish_highlands,2025-02-07,-0.02,1.83,4.38,15.69,61.39
scottish_highlands,2025-02-08,8.99,0.76,0.0,21.32,53.58
scottish_highlands,2025-02-09,4.78,4.48,6.53,7.78,64.6
scottish_highlands,2025-02-10,2.75,1.25,2.22,9.08,53.01
scottish_highlands,2025-02-11,6.7,-4.98,0.0,15.09,67.54
scottish_highlands,2025-02-12,4.45,-1.19,0.1,18.64,29.81
scottish_highlands,2025-02-13,5.29,0.61,0.0,22.08,58.43
scottish_highlands,2025-02-14,7.68,-6.53,6.4,-0.68,77.01
scottish_highlands,2025-02-15,7.59,-0.28,0.0,11.19,90.67
scottish_highlands,2025-02-16,2.54,-0.65,8.51,10.73,66.94
scottish_highlands,2025-02-17,1.71,0.02,4.72,22.18,61.94
scottish_highlands,2025-02-18,9.64,-0.82,1.5,8.12,59.51
scottish_highlands,2025-02-19,8.82,0.33,0.0,12.86,66.86
scottish_highlands,2025-02-20,1.91,3.75,3.08,20.72,63.57
scottish_highlands,2025-02-21,8.83,-2.76,0.8,12.47,52.37
scottish_highlands,2025-02-22,7.44,3.77,2.24,14.91,58.49
scottish_highlands,2025-02-23,4.96,-1.85,4.49,15.21,74.31
scottish_highlands,2025-02-24,2.96,-0.02,3.24,9.31,63.14
scottish_highlands,2025-02-25,6.52,3.22,0.0,17.05,76.46
scottish_highlands,2025-02-26,7.58,3.01,3.93,14.01,83.84
scottish_highlands,2025-02-27,7.08,-0.19,2.14,16.92,45.37
scottish_highlands,2025-02-28,6.69,0.73,0.0,17.47,88.79
scottish_highlands,2025-03-01,11.37,1.66,0.34,13.89,52.73
scottish_highlands,2025-03-02,6.5,0.28,0.0,14.05,52.17
scottish_highlands,2025-03-03,3.02,0.32,2.85,22.72,67.51
scottish_highlands,2025-03-04,4.46,-2.73,0.0,12.79,64.18
scottish_highlands,2025-03-05,8.79,2.27,1.86,23.37,64.94
scottish_highlands,2025-03-06,4.06,1.74,0.0,16.12,76.58
scottish_highlands,2025-03-07,10.61,2.38,4.65,13.89,64.81
scottish_highlands,2025-03-08,5.53,0.38,3.69,20.12,78.67
scottish_highlands,2025-03-09,7.8,2.98,0.99,22.54,61.11
scottish_highlands,2025-03-10,10.11,3.98,5.29,5.81,67.7
scottish_highlands,2025-03-11,7.24,-2.21,2.59,21.75,66.69
scottish_highlands,2025-03-12,2.3,1.89,0.0,15.35,76.38
scottish_highlands,2025-03-13,5.43,3.65,4.64,13.41,58.31
scottish_highlands,2025-03-14,7.14,2.71,4.09,29.19,61.4
scottish_highlands,2025-03-15,6.46,-0.78,2.7,17.23,58.06
scottish_highlands,2025-03-16,5.73,0.49,11.23,19.07,63.94
scottish_highlands,2025-03-17,8.91,0.76,7.5,15.27,64.91
scottish_highlands,2025-03-18,6.13,3.65,0.13,18.02,55.25
scottish_highlands,2025-03-19,10.48,4.13,0.0,21.58,68.83
scottish_highlands,2025-03-20,8.04,2.29,3.49,22.51,62.55
scottish_highlands,2025-03-21,9.48,3.34,4.78,18.49,73.49
scottish_highlands,2025-03-22,9.16,1.56,4.61,15.48,82.45
scottish_highlands,2025-03-23,6.54,2.2,4.27,21.88,79.51
scottish_highlands,2025-03-24,8.58,3.64,3.72,30.91,76.53
scottish_highlands,2025-03-25,14.16,-0.4,2.31,21.22,46.29
scottish_highlands,2025-03-26,7.56,3.37,0.0,6.37,54.3
scottish_highlands,2025-03-27,7.53,4.6,0.0,18.47,68.67
scottish_highlands,2025-03-28,12.21,-0.03,3.56,16.93,58.47
scottish_highlands,2025-03-29,11.63,1.63,6.35,18.24,54.35
scottish_highlands,2025-03-30,9.15,-2.13,2.02,12.62,72.9
scottish_highlands,2025-03-31,5.84,8.12,1.56,17.67,85.05
scottish_highlands,2025-04-01,11.86,9.48,3.54,19.57,89.91
scottish_highlands,2025-04-02,5.91,5.68,3.87,17.93,61.81
scottish_highlands,2025-04-03,4.22,2.74,3.7,9.03,87.26
scottish_highlands,2025-04-04,14.53,4.71,6.63,12.86,58.59
scottish_highlands,2025-04-05,11.95,0.64,0.0,16.87,93.19
scottish_highlands,2025-04-06,8.41,1.35,0.0,17.97,60.23
scottish_highlands,2025-04-07,7.64,6.52,6.72,17.61,69.12
scottish_highlands,2025-04-08,14.33,3.03,2.53,24.53,63.13
scottish_highlands,2025-04-09,13.75,7.06,1.5,17.45,73.32
scottish_highlands,2025-04-10,13.63,2.72,5.75,14.48,59.03
scottish_highlands,2025-04-11,16.31,4.99,0.0,30.68,70.82
scottish_highlands,2025-04-12,8.91,4.5,0.0,19.06,71.11
scottish_highlands,2025-04-13,9.51,1.9,1.14,24.51,55.12
scottish_highlands,2025-04-14,14.81,4.3,8.75,19.77,69.53
scottish_highlands,2025-04-15,17.38,8.18,2.05,21.62,71.93
scottish_highlands,2025-04-16,16.11,9.74,6.17,16.53,88.02
scottish_highlands,2025-04-17,11.8,7.56,8.76,21.28,64.96
scottish_highlands,2025-04-18,8.12,5.69,8.25,16.16,48.73
scottish_highlands,2025-04-19,15.09,7.06,6.17,21.25,44.03
scottish_highlands,2025-04-20,7.93,5.69,5.18,18.69,80.16
scottish_highlands,2025-04-21,12.37,2.78,3.03,14.33,61.51
scottish_highlands,2025-04-22,12.8,6.29,0.84,24.11,69.95
scottish_highlands,2025-04-23,12.83,3.23,0.0,25.99,70.28
scottish_highlands,2025-04-24,11.74,0.84,0.83,11.49,66.27
scottish_highlands,2025-04-25,8.97,4.67,4.82,15.73,98.57
scottish_highlands,2025-04-26,12.94,2.68,5.32,12.52,83.12
scottish_highlands,2025-04-27,15.66,6.69,3.61,17.9,85.87
scottish_highlands,2025-04-28,11.56,6.47,3.14,15.79,69.52
scottish_highlands,2025-04-29,14.02,8.51,6.95,17.38,53.83
scottish_highlands,2025-04-30,14.37,7.62,0.0,23.85,79.49
scottish_highlands,2025-05-01,17.57,2.36,5.82,23.49,66.73
scottish_highlands,2025-05-02,10.48,4.78,6.06,19.98,73.44
scottish_highlands,2025-05-03,20.56,8.69,0.0,19.12,86.57
scottish_highlands,2025-05-04,11.94,7.7,1.13,18.5,70.0
scottish_highlands,2025-05-05,20.19,7.19,4.04,23.75,54.6
scottish_highlands,2025-05-06,13.67,7.67,1.4,29.76,70.98
scottish_highlands,2025-05-07,14.1,4.59,9.01,15.63,82.17
scottish_highlands,2025-05-08,16.2,6.19,4.11,25.64,66.16
scottish_highlands,2025-05-09,16.43,8.01,1.81,24.18,72.73
scottish_highlands,2025-05-10,9.02,5.81,2.44,17.34,67.15
scottish_highlands,2025-05-11,19.12,8.6,1.41,19.23,74.76
scottish_highlands,2025-05-12,11.39,9.57,9.32,21.52,77.12
scottish_highlands,2025-05-13,18.32,7.06,0.11,10.92,72.95
scottish_highlands,2025-05-14,16.7,10.56,6.03,11.27,87.96
scottish_highlands,2025-05-15,14.25,9.59,4.8,13.64,43.9
scottish_highlands,2025-05-16,12.15,8.65,7.29,21.61,79.8
scottish_highlands,2025-05-17,19.88,10.63,2.6,20.99,69.77
scottish_highlands,2025-05-18,17.27,6.56,4.64,25.47,97.4
scottish_highlands,2025-05-19,14.95,9.6,5.42,20.8,100.0
scottish_highlands,2025-05-20,13.5,10.95,1.43,28.43,69.27
scottish_highlands,2025-05-21,17.64,6.63,8.6,16.59,74.74
scottish_highlands,2025-05-22,13.36,11.37,6.68,25.39,68.16
scottish_highlands,2025-05-23,15.41,10.8,3.18,20.52,68.92
scottish_highlands,2025-05-24,13.63,8.54,0.72,28.19,65.64
scottish_highlands,2025-05-25,18.47,4.38,1.33,22.13,89.63
scottish_highlands,2025-05-26,18.89,12.37,1.85,10.31,79.6
scottish_highlands,2025-05-27,20.8,10.42,0.0,23.71,68.98
scottish_highlands,2025-05-28,18.78,7.34,6.59,8.54,58.45
scottish_highlands,2025-05-29,15.77,8.62,0.89,24.39,79.8
scottish_highlands,2025-05-30,13.85,8.33,4.84,14.92,75.48
scottish_highlands,2025-05-31,13.56,2.62,6.27,22.49,72.64
scottish_highlands,2025-06-01,9.52,6.77,5.29,17.88,79.98
scottish_highlands,2025-06-02,15.65,6.54,1.48,19.99,94.37
scottish_highlands,2025-06-03,13.78,9.12,9.33,27.31,65.2
scottish_highlands,2025-06-04,11.23,8.6,1.19,20.57,76.44
scottish_highlands,2025-06-05,19.67,4.1,1.31,22.42,75.0
scottish_highlands,2025-06-06,21.82,8.1,6.24,17.23,80.05
scottish_highlands,2025-06-07,13.86,10.22,6.21,20.13,86.82
scottish_highlands,2025-06-08,13.28,10.84,3.44,17.44,100.0
scottish_highlands,2025-06-09,15.83,6.58,5.09,25.36,92.95
scottish_highlands,2025-06-10,19.11,10.85,8.8,28.72,69.84
scottish_highlands,2025-06-11,17.93,11.16,13.46,12.84,53.76
scottish_highlands,2025-06-12,19.54,11.79,7.53,24.26,56.13
scottish_highlands,2025-06-13,18.21,10.22,6.71,20.2,67.24
scottish_highlands,2025-06-14,15.37,9.11,9.05,24.05,83.39
scottish_highlands,2025-06-15,14.38,11.93,6.35,19.73,85.03
scottish_highlands,2025-06-16,11.34,9.46,5.48,19.52,88.37
scottish_highlands,2025-06-17,15.89,12.53,6.48,31.85,70.27
scottish_highlands,2025-06-18,19.49,13.45,4.99,23.97,62.17
scottish_highlands,2025-06-19,13.3,14.17,3.63,22.86,75.54
scottish_highlands,2025-06-20,20.32,6.98,6.84,17.17,66.6
scottish_highlands,2025-06-21,19.89,9.73,4.51,27.22,77.95
scottish_highlands,2025-06-22,21.52,11.0,9.06,24.43,76.62
scottish_highlands,2025-06-23,22.12,9.12,4.31,29.46,84.57
scottish_highlands,2025-06-24,22.73,14.04,2.79,30.11,64.51
scottish_highlands,2025-06-25,19.81,16.53,3.19,25.48,73.46
scottish_highlands,2025-06-26,20.18,13.16,5.18,11.35,69.09
scottish_highlands,2025-06-27,15.58,8.57,4.93,28.66,100.0
scottish_highlands,2025-06-28,21.04,9.15,7.08,23.61,75.47
scottish_highlands,2025-06-29,17.47,12.08,4.6,13.48,75.14
scottish_highlands,2025-06-30,15.29,8.57,9.82,21.3,79.81
scottish_highlands,2025-07-01,20.15,8.67,5.84,21.59,77.23
scottish_highlands,2025-07-02,14.92,10.25,5.37,25.19,85.64
scottish_highlands,2025-07-03,13.24,15.03,5.85,18.51,78.21
scottish_highlands,2025-07-04,22.18,13.11,6.63,26.82,75.01
scottish_highlands,2025-07-05,20.66,9.29,4.83,25.34,76.18
scottish_highlands,2025-07-06,16.62,9.11,10.48,19.22,80.6
scottish_highlands,2025-07-07,17.25,13.72,1.87,11.3,100.0
scottish_highlands,2025-07-08,16.68,4.91,7.18,27.08,92.61
scottish_highlands,2025-07-09,19.42,12.47,5.43,25.07,63.03
scottish_highlands,2025-07-10,15.56,13.59,0.0,17.2,80.96
scottish_highlands,2025-07-11,21.92,11.65,1.82,15.41,99.74
scottish_highlands,2025-07-12,16.17,12.36,4.37,24.18,83.43
scottish_highlands,2025-07-13,21.52,10.97,8.28,23.71,67.88
scottish_highlands,2025-07-14,17.36,9.03,1.95,26.74,81.09
scottish_highlands,2025-07-15,20.21,11.64,0.0,16.73,100.0
scottish_highlands,2025-07-16,19.22,12.8,1.37,18.89,66.19
scottish_highlands,2025-07-17,22.45,16.97,3.59,23.91,71.54
scottish_highlands,2025-07-18,14.67,8.7,3.48,20.05,71.45
scottish_highlands,2025-07-19,20.31,12.67,6.7,26.98,71.41
scottish_highlands,2025-07-20,21.47,12.24,9.25,18.03,75.2
scottish_highlands,2025-07-21,24.27,7.3,8.92,23.97,73.53
scottish_highlands,2025-07-22,21.41,12.34,10.52,24.09,84.29
scottish_highlands,2025-07-23,20.81,9.34,2.44,18.87,68.75
scottish_highlands,2025-07-24,17.93,13.48,1.64,22.76,65.14
scottish_highlands,2025-07-25,18.5,15.03,8.0,21.04,100.0
scottish_highlands,2025-07-26,16.21,9.67,4.2,17.21,84.91
scottish_highlands,2025-07-27,19.78,13.98,3.78,27.06,97.66
scottish_highlands,2025-07-28,14.75,12.37,4.06,28.32,78.49
scottish_highlands,2025-07-29,23.47,5.21,10.07,28.7,89.02
scottish_highlands,2025-07-30,19.48,9.83,5.38,12.87,83.72
scottish_highlands,2025-07-31,15.22,11.41,3.64,21.26,92.8
scottish_highlands,2025-08-01,20.46,12.5,0.0,28.32,85.18
scottish_highlands,2025-08-02,14.16,12.15,10.02,20.83,95.42
scottish_highlands,2025-08-03,17.99,11.63,2.63,21.83,89.82
scottish_highlands,2025-08-04,16.63,9.33,6.29,18.22,81.06
scottish_highlands,2025-08-05,21.67,9.76,5.3,27.08,58.88
scottish_highlands,2025-08-06,17.38,10.02,8.74,16.46,74.72
scottish_highlands,2025-08-07,16.48,18.87,3.75,18.92,79.86
scottish_highlands,2025-08-08,22.1,9.74,10.83,25.75,75.75
scottish_highlands,2025-08-09,17.23,11.11,5.46,21.26,70.12
scottish_highlands,2025-08-10,21.42,13.04,2.36,23.93,85.19
scottish_highlands,2025-08-11,16.54,8.52,4.4,28.25,94.23
scottish_highlands,2025-08-12,22.11,10.97,4.05,23.66,100.0
scottish_highlands,2025-08-13,16.97,7.94,3.21,23.6,98.27
scottish_highlands,2025-08-14,20.51,15.09,13.65,28.27,71.1
scottish_highlands,2025-08-15,22.11,10.63,6.27,24.79,54.85
scottish_highlands,2025-08-16,18.79,10.64,3.15,25.65,55.94
scottish_highlands,2025-08-17,18.13,10.32,8.12,18.18,74.37
scottish_highlands,2025-08-18,18.42,8.79,9.07,12.94,82.6
scottish_highlands,2025-08-19,24.01,10.69,4.96,19.45,65.97
scottish_highlands,2025-08-20,27.26,8.61,4.02,9.72,81.18
scottish_highlands,2025-08-21,9.02,9.16,8.24,25.25,92.55
scottish_highlands,2025-08-22,15.6,10.02,10.23,25.7,58.92
scottish_highlands,2025-08-23,18.7,8.7,5.18,27.37,59.39
scottish_highlands,2025-08-24,20.25,14.37,3.42,27.1,95.64
scottish_highlands,2025-08-25,17.76,6.33,6.94,21.75,83.36
scottish_highlands,2025-08-26,21.74,7.39,9.25,26.95,78.72
scottish_highlands,2025-08-27,17.74,9.43,4.48,12.96,72.67
scottish_highlands,2025-08-28,14.72,9.92,6.99,34.23,77.49
scottish_highlands,2025-08-29,15.37,9.38,5.68,17.26,73.04
scottish_highlands,2025-08-30,17.15,8.29,7.8,23.38,83.75
scottish_highlands,2025-08-31,15.45,8.22,5.45,13.53,82.33
scottish_highlands,2025-09-01,21.97,9.6,3.8,21.71,80.08
scottish_highlands,2025-09-02,11.9,9.0,6.01,25.68,87.34
scottish_highlands,2025-09-03,12.95,13.52,6.5,23.54,79.46
scottish_highlands,2025-09-04,17.67,7.68,0.0,16.56,74.22
scottish_highlands,2025-09-05,19.29,7.5,0.23,27.01,74.48
scottish_highlands,2025-09-06,17.25,13.5,2.27,17.45,89.3
scottish_highlands,2025-09-07,14.32,7.99,0.77,14.2,87.63
scottish_highlands,2025-09-08,15.01,7.89,5.97,28.83,77.1
scottish_highlands,2025-09-09,19.85,8.78,3.92,19.63,64.7
scottish_highlands,2025-09-10,11.74,12.36,5.43,11.52,54.26
scottish_highlands,2025-09-11,27.31,10.01,7.3,28.98,87.05
scottish_highlands,2025-09-12,13.79,9.7,1.06,14.98,63.44
scottish_highlands,2025-09-13,13.22,6.98,6.88,23.46,63.59
scottish_highlands,2025-09-14,14.91,6.37,5.92,13.14,70.44
scottish_highlands,2025-09-15,12.72,5.03,9.76,13.57,47.96
scottish_highlands,2025-09-16,16.72,5.35,0.0,18.54,70.48
scottish_highlands,2025-09-17,13.68,12.73,3.3,26.78,85.19
scottish_highlands,2025-09-18,15.79,7.91,1.75,16.29,79.86
scottish_highlands,2025-09-19,15.72,7.59,0.85,11.19,78.82
scottish_highlands,2025-09-20,13.36,6.65,0.71,15.26,68.23
scottish_highlands,2025-09-21,14.69,7.75,1.07,24.13,85.5
scottish_highlands,2025-09-22,13.81,3.11,3.39,28.79,82.33
scottish_highlands,2025-09-23,16.03,9.9,2.42,24.44,54.43
scottish_highlands,2025-09-24,18.47,6.39,1.95,9.51,80.79
scottish_highlands,2025-09-25,18.93,10.02,7.26,19.21,46.07
scottish_highlands,2025-09-26,11.1,4.01,10.73,9.2,68.24
scottish_highlands,2025-09-27,7.98,7.43,8.11,17.22,80.68
scottish_highlands,2025-09-28,17.17,9.02,1.14,21.44,83.66
scottish_highlands,2025-09-29,18.13,8.99,0.05,25.99,56.26
scottish_highlands,2025-09-30,12.03,6.88,7.8,15.09,66.1
scottish_highlands,2025-10-01,17.37,6.94,10.23,19.97,86.62
scottish_highlands,2025-10-02,11.54,8.67,0.4,22.86,80.37
scottish_highlands,2025-10-03,12.99,8.35,4.22,15.69,80.43
scottish_highlands,2025-10-04,11.12,7.89,2.66,16.48,100.0
scottish_highlands,2025-10-05,14.3,6.66,3.87,19.35,65.45
scottish_highlands,2025-10-06,15.0,5.03,6.77,8.99,87.5
scottish_highlands,2025-10-07,10.38,0.74,6.23,19.96,69.75
scottish_highlands,2025-10-08,16.03,4.27,3.19,9.83,72.26
scottish_highlands,2025-10-09,14.73,5.69,4.15,21.81,83.25
scottish_highlands,2025-10-10,16.82,5.31,5.3,24.12,79.28
scottish_highlands,2025-10-11,10.51,1.69,5.09,8.68,60.3
scottish_highlands,2025-10-12,10.98,3.25,4.09,18.19,65.83
scottish_highlands,2025-10-13,15.34,7.74,0.0,14.7,71.89
scottish_highlands,2025-10-14,6.29,-1.5,5.85,17.61,69.22
scottish_highlands,2025-10-15,6.33,6.68,4.34,17.31,89.93
scottish_highlands,2025-10-16,12.61,5.49,2.12,16.81,90.01
scottish_highlands,2025-10-17,11.69,2.18,4.4,11.84,68.98
scottish_highlands,2025-10-18,10.66,8.18,5.45,22.86,95.35
scottish_highlands,2025-10-19,10.89,6.46,4.55,13.19,61.13
scottish_highlands,2025-10-20,8.07,9.52,8.92,14.13,34.76
scottish_highlands,2025-10-21,11.31,3.48,0.0,19.36,79.84
scottish_highlands,2025-10-22,14.55,3.64,6.17,24.79,70.1
scottish_highlands,2025-10-23,15.49,2.48,4.41,19.03,62.47
scottish_highlands,2025-10-24,11.5,6.71,0.0,15.55,56.28
scottish_highlands,2025-10-25,8.84,1.91,2.11,15.2,74.54
scottish_highlands,2025-10-26,9.26,4.37,6.54,20.78,84.04
scottish_highlands,2025-10-27,6.37,7.25,0.0,18.62,49.83
scottish_highlands,2025-10-28,13.11,5.42,0.0,14.32,91.16
scottish_highlands,2025-10-29,10.77,4.67,0.0,12.44,76.75
scottish_highlands,2025-10-30,10.87,3.11,2.22,18.79,61.52
scottish_highlands,2025-10-31,6.1,3.02,3.33,10.77,67.16
scottish_highlands,2025-11-01,10.85,2.81,5.49,25.66,80.0
scottish_highlands,2025-11-02,12.7,3.69,2.16,19.54,55.34
scottish_highlands,2025-11-03,7.25,0.36,2.02,18.01,57.93
scottish_highlands,2025-11-04,10.31,0.83,3.69,10.64,50.81
scottish_highlands,2025-11-05,10.61,1.79,4.83,18.36,84.17
scottish_highlands,2025-11-06,9.95,2.66,4.13,17.25,65.8
scottish_highlands,2025-11-07,7.35,3.92,3.15,22.38,83.48
scottish_highlands,2025-11-08,7.35,-0.49,2.24,8.03,58.16
scottish_highlands,2025-11-09,13.7,6.12,0.0,20.03,67.87
scottish_highlands,2025-11-10,11.51,3.83,1.73,11.41,84.34
scottish_highlands,2025-11-11,9.27,4.18,5.71,15.98,63.32
scottish_highlands,2025-11-12,11.6,1.08,0.36,14.68,84.51
scottish_highlands,2025-11-13,8.66,1.5,0.0,5.62,64.16
scottish_highlands,2025-11-14,11.86,-0.2,0.0,12.06,73.31
scottish_highlands,2025-11-15,7.89,0.33,5.6,19.36,52.28
scottish_highlands,2025-11-16,8.68,-1.31,3.2,17.59,62.65
scottish_highlands,2025-11-17,12.98,5.35,1.54,9.98,100.0
scottish_highlands,2025-11-18,4.83,4.81,3.85,16.39,60.12
scottish_highlands,2025-11-19,16.76,-0.55,4.08,8.44,75.12
scottish_highlands,2025-11-20,9.13,5.4,3.31,23.13,52.71
scottish_highlands,2025-11-21,10.5,2.81,0.0,12.0,65.51
scottish_highlands,2025-11-22,9.24,1.21,0.0,17.4,81.92
scottish_highlands,2025-11-23,8.02,3.7,1.86,10.61,65.16
scottish_highlands,2025-11-24,9.97,-0.04,5.19,15.45,67.85
scottish_highlands,2025-11-25,9.27,-1.7,2.9,7.69,59.21
scottish_highlands,2025-11-26,6.94,1.76,3.5,20.07,43.18
scottish_highlands,2025-11-27,12.16,-1.86,0.0,14.34,65.3
scottish_highlands,2025-11-28,7.75,3.78,3.79,11.98,61.31
scottish_highlands,2025-11-29,4.91,-6.46,6.32,16.96,69.2
scottish_highlands,2025-11-30,3.55,4.42,1.14,20.04,31.88
scottish_highlands,2025-12-01,5.85,0.14,7.58,14.88,63.62
scottish_highlands,2025-12-02,7.98,1.57,0.24,15.31,55.95
scottish_highlands,2025-12-03,12.54,2.73,3.89,26.77,55.1
scottish_highlands,2025-12-04,6.03,3.36,5.19,14.41,66.42
scottish_highlands,2025-12-05,10.76,-1.33,5.52,23.81,70.97
scottish_highlands,2025-12-06,1.59,1.21,4.48,13.35,65.99
scottish_highlands,2025-12-07,3.79,-2.06,7.84,7.97,49.0
scottish_highlands,2025-12-08,3.86,0.89,5.29,6.02,62.31
scottish_highlands,2025-12-09,12.53,0.34,1.62,10.34,86.01
scottish_highlands,2025-12-10,3.77,-0.44,0.0,11.04,76.77
scottish_highlands,2025-12-11,8.11,-1.06,0.0,14.32,46.87
scottish_highlands,2025-12-12,13.85,4.51,3.73,12.83,66.84
scottish_highlands,2025-12-13,7.68,0.52,5.21,11.54,61.15
scottish_highlands,2025-12-14,8.25,2.9,0.6,14.33,61.9
scottish_highlands,2025-12-15,4.09,-6.77,3.27,8.55,56.39
scottish_highlands,2025-12-16,8.49,2.31,3.11,9.89,58.17
scottish_highlands,2025-12-17,8.1,-1.35,0.0,21.75,61.89
scottish_highlands,2025-12-18,2.71,-3.01,4.12,11.48,64.79
scottish_highlands,2025-12-19,2.84,-3.79,4.44,9.69,56.61
scottish_highlands,2025-12-20,4.06,1.08,7.67,21.71,70.88
scottish_highlands,2025-12-21,1.92,-0.75,0.0,11.53,80.7
scottish_highlands,2025-12-22,6.13,1.42,1.05,20.19,66.51
scottish_highlands,2025-12-23,5.84,-0.17,0.0,26.54,74.42
scottish_highlands,2025-12-24,4.86,0.42,0.09,7.18,44.94
scottish_highlands,2025-12-25,3.29,-2.79,0.1,13.72,72.7
scottish_highlands,2025-12-26,8.19,6.43,1.5,8.25,72.33
scottish_highlands,2025-12-27,9.72,3.37,0.58,13.73,56.03
scottish_highlands,2025-12-28,9.56,0.54,3.42,16.54,56.48
scottish_highlands,2025-12-29,1.69,1.26,2.47,8.56,64.72
scottish_highlands,2025-12-30,1.29,3.93,4.37,10.96,39.03
scottish_highlands,2025-12-31,8.13,-2.23,3.59,20.12,59.2
scottish_highlands,2026-01-01,4.47,-4.27,0.0,18.77,58.53
scottish_highlands,2026-01-02,2.6,-6.61,3.46,20.92,65.47
scottish_highlands,2026-01-03,6.85,2.12,5.72,5.42,66.2
scottish_highlands,2026-01-04,2.93,1.13,1.3,19.33,66.8
scottish_highlands,2026-01-05,4.52,-2.45,3.41,11.77,37.93
scottish_highlands,2026-01-06,-1.85,-4.47,4.21,21.49,58.93
scottish_highlands,2026-01-07,6.18,-0.18,0.02,16.58,56.82
scottish_highlands,2026-01-08,2.74,-0.1,2.26,21.0,75.05
scottish_highlands,2026-01-09,3.6,-0.08,1.3,15.54,60.27
scottish_highlands,2026-01-10,6.17,3.77,1.66,14.23,79.14
scottish_highlands,2026-01-11,-1.46,-3.91,5.44,13.18,67.26
scottish_highlands,2026-01-12,0.47,1.42,0.56,15.88,52.92
scottish_highlands,2026-01-13,3.4,-2.04,8.3,8.87,72.66
scottish_highlands,2026-01-14,0.37,-3.8,3.6,12.72,68.71
scottish_highlands,2026-01-15,9.02,1.59,2.31,15.36,53.84
scottish_highlands,2026-01-16,4.96,2.58,0.0,15.67,37.18
scottish_highlands,2026-01-17,3.76,-1.68,1.57,16.17,54.85
scottish_highlands,2026-01-18,0.46,3.66,2.05,16.65,89.75
scottish_highlands,2026-01-19,8.55,-1.72,3.65,19.86,45.42
scottish_highlands,2026-01-20,2.15,-0.77,0.86,14.31,50.35
scottish_highlands,2026-01-21,8.76,-3.27,5.54,17.63,61.75
scottish_highlands,2026-01-22,6.71,-4.27,5.46,11.54,56.13
scottish_highlands,2026-01-23,8.53,3.9,4.16,23.18,52.03
scottish_highlands,2026-01-24,0.63,3.65,0.83,10.72,77.15
scottish_highlands,2026-01-25,9.56,-0.27,2.12,14.52,59.69
scottish_highlands,2026-01-26,-0.37,-3.32,0.0,18.26,55.06
scottish_highlands,2026-01-27,3.86,0.42,0.0,10.48,46.43
scottish_highlands,2026-01-28,5.62,-3.97,5.51,17.07,42.55
scottish_highlands,2026-01-29,5.45,-3.47,1.18,13.15,47.02
scottish_highlands,2026-01-30,3.53,1.5,2.45,10.79,51.91
scottish_highlands,2026-01-31,8.25,-0.16,1.84,7.73,53.15
scottish_highlands,2026-02-01,10.06,1.49,1.83,12.83,63.0
scottish_highlands,2026-02-02,7.31,-1.69,0.0,17.5,56.5
scottish_highlands,2026-02-03,2.34,-3.56,0.0,11.69,36.38
scottish_highlands,2026-02-04,5.94,-5.41,4.92,12.41,65.41
scottish_highlands,2026-02-05,7.32,0.96,4.12,18.09,58.82
scottish_highlands,2026-02-06,6.12,-5.21,2.56,13.42,67.43
scottish_highlands,2026-02-07,0.34,-1.15,1.68,21.45,44.24
scottish_highlands,2026-02-08,3.11,-3.69,2.27,9.51,66.06
scottish_highlands,2026-02-09,7.5,-1.95,0.0,13.78,66.62
scottish_highlands,2026-02-10,6.11,1.86,1.74,12.79,54.68
scottish_highlands,2026-02-11,6.08,1.29,0.0,8.92,72.02
scottish_highlands,2026-02-12,4.03,-3.53,5.16,15.55,51.96
scottish_highlands,2026-02-13,2.37,2.02,3.37,8.09,73.8
scottish_highlands,2026-02-14,3.65,-2.76,0.88,14.58,56.31
scottish_highlands,2026-02-15,5.89,-0.39,1.41,16.29,73.03
scottish_highlands,2026-02-16,3.54,-0.29,1.76,12.92,61.65
scottish_highlands,2026-02-17,0.06,-2.57,0.09,18.66,77.55
scottish_highlands,2026-02-18,4.8,-2.72,4.1,10.4,59.31
scottish_highlands,2026-02-19,3.28,-2.62,3.17,10.88,72.76
scottish_highlands,2026-02-20,4.91,2.8,1.06,13.7,41.31
scottish_highlands,2026-02-21,9.87,-7.51,3.25,14.84,56.91
scottish_highlands,2026-02-22,7.84,-0.91,8.63,6.61,53.6
scottish_highlands,2026-02-23,7.6,-1.03,2.92,15.11,52.11
scottish_highlands,2026-02-24,6.93,-0.69,0.0,4.1,77.78
scottish_highlands,2026-02-25,4.37,1.0,0.0,9.56,70.44
scottish_highlands,2026-02-26,4.17,-3.32,1.35,25.63,75.0
scottish_highlands,2026-02-27,8.94,-4.58,2.74,16.43,70.62
scottish_highlands,2026-02-28,10.02,-0.4,1.0,16.33,61.77
scottish_highlands,2026-03-01,5.28,-1.31,1.56,21.14,59.43
scottish_highlands,2026-03-02,7.1,3.94,0.27,15.1,59.04
scottish_highlands,2026-03-03,9.68,1.85,0.02,15.63,53.03
scottish_highlands,2026-03-04,10.1,1.79,5.49,14.01,77.49
scottish_highlands,2026-03-05,-0.15,2.15,3.66,24.53,77.97
scottish_highlands,2026-03-06,13.78,-3.39,4.11,19.31,68.66
scottish_highlands,2026-03-07,8.89,-0.06,6.18,14.67,68.39
scottish_highlands,2026-03-08,3.68,-4.65,2.95,17.56,69.41
scottish_highlands,2026-03-09,7.51,-2.34,3.35,22.8,57.54
scottish_highlands,2026-03-10,4.74,3.58,0.0,20.26,50.81
scottish_highlands,2026-03-11,9.48,9.24,8.1,16.38,74.79
scottish_highlands,2026-03-12,7.15,6.97,3.8,19.0,67.5
scottish_highlands,2026-03-13,13.94,1.23,3.23,20.08,55.53
scottish_highlands,2026-03-14,5.67,-4.51,0.0,15.01,54.3
scottish_highlands,2026-03-15,7.11,0.8,1.36,14.76,75.62
scottish_highlands,2026-03-16,9.92,2.73,1.8,13.33,65.94
scottish_highlands,2026-03-17,7.7,2.89,5.44,18.64,79.13
scottish_highlands,2026-03-18,10.94,0.21,4.85,21.03,56.9
scottish_highlands,2026-03-19,5.02,4.06,1.36,11.76,72.68
scottish_highlands,2026-03-20,7.47,5.06,4.84,20.32,73.15
scottish_highlands,2026-03-21,13.45,1.44,4.48,20.73,80.54
scottish_highlands,2026-03-22,9.98,4.09,0.0,24.63,44.84
scottish_highlands,2026-03-23,6.79,-1.06,1.31,12.72,55.62
scottish_highlands,2026-03-24,12.16,3.46,7.91,21.06,57.43
scottish_highlands,2026-03-25,9.69,3.03,3.4,17.01,73.07
scottish_highlands,2026-03-26,1.93,2.95,8.19,10.21,53.26
scottish_highlands,2026-03-27,7.81,3.4,5.43,16.24,71.87
scottish_highlands,2026-03-28,16.65,3.65,2.54,18.25,52.75
scottish_highlands,2026-03-29,4.92,4.43,3.87,23.03,54.36
scottish_highlands,2026-03-30,11.97,-4.86,6.55,24.35,68.86
scottish_highlands,2026-03-31,9.79,4.85,2.43,21.4,33.32
scottish_highlands,2026-04-01,11.9,6.07,7.29,15.91,79.04
scottish_highlands,2026-04-02,13.82,-2.18,7.66,13.53,48.66
scottish_highlands,2026-04-03,10.78,2.81,8.07,17.48,47.96
scottish_highlands,2026-04-04,12.75,6.76,0.16,19.46,73.37
scottish_highlands,2026-04-05,13.16,6.02,4.92,15.01,56.01
scottish_highlands,2026-04-06,5.11,3.17,3.59,14.02,75.4
scottish_highlands,2026-04-07,14.13,3.92,1.91,17.34,66.43
scottish_highlands,2026-04-08,8.97,6.48,8.2,22.08,80.27
scottish_highlands,2026-04-09,10.3,1.36,1.09,28.04,85.84
scottish_highlands,2026-04-10,12.34,6.73,2.4,17.52,58.76
scottish_highlands,2026-04-11,6.99,7.37,3.22,11.76,69.9
scottish_highlands,2026-04-12,11.42,5.36,2.46,11.37,65.97
scottish_highlands,2026-04-13,9.48,5.39,5.12,21.98,57.86
scottish_highlands,2026-04-14,7.55,6.27,1.65,20.69,80.08
scottish_highlands,2026-04-15,15.5,3.01,2.89,10.23,87.79
scottish_highlands,2026-04-16,8.3,3.12,3.26,15.86,65.75
scottish_highlands,2026-04-17,12.4,2.72,0.0,15.68,66.75
scottish_highlands,2026-04-18,11.81,6.21,9.32,17.3,74.48
scottish_highlands,2026-04-19,13.94,-0.05,6.8,18.67,71.49
scottish_highlands,2026-04-20,7.61,4.12,0.0,20.73,37.46
scottish_highlands,2026-04-21,8.08,1.65,4.4,17.8,50.05
scottish_highlands,2026-04-22,15.92,2.78,3.02,10.72,58.51
scottish_highlands,2026-04-23,10.0,8.82,7.65,16.96,67.66
scottish_highlands,2026-04-24,10.98,1.99,5.61,18.43,77.42
scottish_highlands,2026-04-25,13.96,6.02,0.0,27.0,56.5
scottish_highlands,2026-04-26,9.48,5.59,2.82,16.25,84.01
scottish_highlands,2026-04-27,9.09,5.43,5.73,19.29,75.58
scottish_highlands,2026-04-28,17.55,4.26,1.66,19.98,71.9
scottish_highlands,2026-04-29,14.8,4.24,3.32,17.5,83.29
scottish_highlands,2026-04-30,17.62,4.23,5.35,31.85,66.55
scottish_highlands,2026-05-01,14.6,6.96,0.0,9.19,68.98
scottish_highlands,2026-05-02,10.71,6.5,7.54,17.57,70.19
scottish_highlands,2026-05-03,11.48,4.26,7.95,19.43,41.29
scottish_highlands,2026-05-04,10.83,11.0,0.0,18.99,62.42
scottish_highlands,2026-05-05,10.8,4.89,4.64,13.97,62.27
scottish_highlands,2026-05-06,16.41,4.41,0.0,11.31,47.61
scottish_highlands,2026-05-07,13.52,7.36,7.16,22.9,75.54
scottish_highlands,2026-05-08,14.1,4.67,2.88,20.65,73.65
scottish_highlands,2026-05-09,15.25,7.52,2.09,14.72,61.6
scottish_highlands,2026-05-10,12.94,8.55,6.54,19.33,92.64
scottish_highlands,2026-05-11,16.04,8.72,0.0,20.38,92.78
scottish_highlands,2026-05-12,9.77,4.11,1.25,23.71,77.33
scottish_highlands,2026-05-13,11.37,7.53,6.58,17.62,87.71
scottish_highlands,2026-05-14,12.63,9.32,11.13,13.23,85.06
scottish_highlands,2026-05-15,16.01,8.32,10.04,20.51,86.94
scottish_highlands,2026-05-16,22.18,10.56,7.92,12.99,94.06
scottish_highlands,2026-05-17,9.47,10.24,5.88,21.12,48.39
scottish_highlands,2026-05-18,13.78,7.0,0.1,20.86,62.49
scottish_highlands,2026-05-19,13.8,6.57,4.31,19.97,80.62
scottish_highlands,2026-05-20,17.5,7.5,0.93,21.7,82.46
scottish_highlands,2026-05-21,17.03,10.9,6.8,21.36,62.18
scottish_highlands,2026-05-22,20.25,16.48,9.22,13.49,51.44
scottish_highlands,2026-05-23,14.17,8.73,2.68,25.14,48.31
scottish_highlands,2026-05-24,16.71,8.86,6.39,21.92,92.86
scottish_highlands,2026-05-25,16.0,8.07,5.14,23.09,89.78
scottish_highlands,2026-05-26,13.76,8.1,3.55,22.79,71.36
scottish_highlands,2026-05-27,17.98,8.78,14.95,16.07,81.41
scottish_highlands,2026-05-28,11.42,11.42,1.02,20.15,70.24
scottish_highlands,2026-05-29,15.58,11.19,1.0,27.13,69.77
scottish_highlands,2026-05-30,22.52,5.22,3.8,21.45,91.08
scottish_highlands,2026-05-31,12.97,12.18,9.29,21.52,67.19
scottish_highlands,2026-06-01,18.66,7.86,8.48,19.22,96.09
scottish_highlands,2026-06-02,25.67,7.79,5.49,21.38,77.61
scottish_highlands,2026-06-03,11.11,9.05,10.65,21.75,57.02
scottish_highlands,2026-06-04,14.56,8.86,5.0,20.42,57.6
scottish_highlands,2026-06-05,18.78,6.24,6.62,14.78,90.24
scottish_highlands,2026-06-06,14.36,8.69,4.49,16.05,91.8
scottish_highlands,2026-06-07,18.2,12.43,3.63,24.21,59.59
scottish_highlands,2026-06-08,18.89,2.15,4.68,18.61,63.77
scottish_highlands,2026-06-09,12.8,10.77,1.72,10.35,76.47
scottish_highlands,2026-06-10,15.66,9.46,3.52,21.88,85.87
scottish_highlands,2026-06-11,19.21,14.34,3.39,17.92,87.76
scottish_highlands,2026-06-12,12.42,11.25,3.15,20.06,78.33
scottish_highlands,2026-06-13,23.2,6.64,5.29,20.48,72.71
scottish_highlands,2026-06-14,19.73,9.31,3.76,27.95,75.26
scottish_highlands,2026-06-15,12.59,11.58,5.06,27.27,85.05
scottish_highlands,2026-06-16,18.38,10.08,3.88,20.25,77.28
scottish_highlands,2026-06-17,21.36,13.23,0.0,14.58,85.64
scottish_highlands,2026-06-18,16.3,7.19,3.1,28.01,77.29
scottish_highlands,2026-06-19,18.43,8.05,4.71,15.08,81.84
scottish_highlands,2026-06-20,16.68,11.48,11.07,23.79,97.93
scottish_highlands,2026-06-21,18.26,13.15,3.61,22.06,63.58
scottish_highlands,2026-06-22,19.19,9.92,7.29,35.34,72.1
scottish_highlands,2026-06-23,21.48,15.05,0.0,21.27,91.83
scottish_highlands,2026-06-24,25.16,10.64,6.31,27.15,90.08
scottish_highlands,2026-06-25,18.81,6.31,7.0,16.55,60.54
scottish_highlands,2026-06-26,10.8,8.2,3.08,23.03,77.24
scottish_highlands,2026-06-27,20.47,12.56,2.37,18.28,100.0
scottish_highlands,2026-06-28,19.68,11.82,2.61,24.66,81.54
scottish_highlands,2026-06-29,19.68,12.71,7.15,19.97,77.8
scottish_highlands,2026-06-30,23.02,7.69,7.45,23.43,77.04
scottish_highlands,2026-07-01,19.28,5.57,7.86,23.35,79.38
scottish_highlands,2026-07-02,24.24,12.95,9.16,21.29,69.25
scottish_highlands,2026-07-03,16.86,15.03,0.83,26.86,86.66
scottish_highlands,2026-07-04,18.34,9.32,0.0,19.77,67.06
scottish_highlands,2026-07-05,16.27,9.56,0.0,19.77,79.52
scottish_highlands,2026-07-06,18.01,7.15,2.65,24.9,85.26
scottish_highlands,2026-07-07,18.17,14.93,1.42,24.6,80.26
scottish_highlands,2026-07-08,16.44,9.57,5.0,24.22,81.62
scottish_highlands,2026-07-09,14.05,8.97,7.0,24.84,86.82
scottish_highlands,2026-07-10,15.63,8.95,9.72,17.34,74.89
scottish_highlands,2026-07-11,21.68,12.8,8.33,20.22,77.28
scottish_highlands,2026-07-12,19.97,10.35,2.83,17.36,70.82
scottish_highlands,2026-07-13,17.33,8.75,7.84,16.78,70.45
scottish_highlands,2026-07-14,19.55,9.38,7.5,34.4,72.42
scottish_highlands,2026-07-15,19.09,9.35,4.91,21.27,78.85
scottish_highlands,2026-07-16,25.37,10.95,0.06,14.63,80.16
scottish_highlands,2026-07-17,25.48,12.25,1.29,18.35,86.32
scottish_highlands,2026-07-18,20.13,11.85,4.18,16.71,81.17
scottish_highlands,2026-07-19,18.1,11.63,6.35,18.71,70.24
scottish_highlands,2026-07-20,22.6,12.29,5.46,14.56,80.57
scottish_highlands,2026-07-21,19.7,12.86,2.01,26.55,90.01
scottish_highlands,2026-07-22,19.07,12.95,0.03,26.61,61.1
scottish_highlands,2026-07-23,17.94,13.05,5.35,27.57,74.03
scottish_highlands,2026-07-24,20.0,11.2,4.27,24.53,79.56
scottish_highlands,2026-07-25,18.46,10.52,1.74,28.28,62.07
scottish_highlands,2026-07-26,20.77,15.14,5.21,26.46,94.02
scottish_highlands,2026-07-27,20.71,11.87,3.75,14.73,93.45
scottish_highlands,2026-07-28,17.4,13.64,7.72,19.07,72.35
scottish_highlands,2026-07-29,16.24,13.27,3.46,21.39,55.98
scottish_highlands,2026-07-30,15.77,14.43,11.23,23.68,61.54
scottish_highlands,2026-07-31,22.05,9.85,8.0,25.14,86.16
scottish_highlands,2026-08-01,19.42,9.64,2.33,11.09,74.31
scottish_highlands,2026-08-02,16.74,10.74,7.41,20.32,98.96
scottish_highlands,2026-08-03,13.41,10.18,4.34,21.28,80.31
scottish_highlands,2026-08-04,18.48,6.19,8.63,20.92,50.26
scottish_highlands,2026-08-05,19.57,8.62,9.11,27.33,89.73
scottish_highlands,2026-08-06,25.34,15.08,3.18,12.33,84.64
scottish_highlands,2026-08-07,20.01,10.77,3.78,24.27,59.8
scottish_highlands,2026-08-08,17.51,7.52,6.71,19.93,80.19
scottish_highlands,2026-08-09,16.02,4.84,7.05,29.24,92.67
scottish_highlands,2026-08-10,14.72,13.29,2.54,13.29,71.19
scottish_highlands,2026-08-11,15.66,8.95,5.73,32.69,71.91
scottish_highlands,2026-08-12,14.39,7.57,7.55,23.35,87.37
scottish_highlands,2026-08-13,23.16,11.61,4.1,29.47,72.36
scottish_highlands,2026-08-14,20.56,10.79,5.61,23.54,68.42
scottish_highlands,2026-08-15,17.86,13.93,4.21,27.87,62.33
scottish_highlands,2026-08-16,15.09,11.43,0.0,24.38,74.42
scottish_highlands,2026-08-17,18.52,16.93,6.81,17.14,86.81
scottish_highlands,2026-08-18,16.09,11.95,7.41,28.16,77.03
scottish_highlands,2026-08-19,22.5,9.4,3.67,27.54,94.13
scottish_highlands,2026-08-20,16.93,9.28,5.75,19.75,83.09
scottish_highlands,2026-08-21,15.36,12.93,3.04,30.41,99.96
scottish_highlands,2026-08-22,15.78,11.23,6.14,25.1,62.16
scottish_highlands,2026-08-23,21.63,9.11,4.31,24.33,52.15
scottish_highlands,2026-08-24,19.65,14.22,5.05,23.82,84.65
scottish_highlands,2026-08-25,16.61,13.17,9.18,20.77,74.21
scottish_highlands,2026-08-26,14.69,11.44,1.21,31.34,70.6
scottish_highlands,2026-08-27,16.33,11.23,5.34,26.5,76.36
scottish_highlands,2026-08-28,20.22,10.8,8.23,16.95,82.9
scottish_highlands,2026-08-29,24.54,8.74,6.14,14.18,85.38
scottish_highlands,2026-08-30,16.21,9.35,4.52,11.31,78.84
scottish_highlands,2026-08-31,16.59,11.98,3.53,17.96,85.8
scottish_highlands,2026-09-01,21.33,11.11,1.55,20.27,83.39
scottish_highlands,2026-09-02,19.51,8.12,6.15,22.02,89.3
scottish_highlands,2026-09-03,19.54,10.59,6.71,19.93,75.23
scottish_highlands,2026-09-04,17.96,7.65,0.0,13.21,72.91
scottish_highlands,2026-09-05,11.76,7.85,2.52,25.58,82.47
scottish_highlands,2026-09-06,18.5,10.31,7.64,14.8,59.77
scottish_highlands,2026-09-07,12.16,6.21,3.35,11.67,98.64
scottish_highlands,2026-09-08,16.48,10.96,4.66,19.53,68.41
scottish_highlands,2026-09-09,14.12,9.1,1.62,18.59,75.19
scottish_highlands,2026-09-10,16.97,10.69,1.05,18.24,56.78
scottish_highlands,2026-09-11,17.69,16.09,4.53,23.51,60.25
scottish_highlands,2026-09-12,17.18,8.45,3.35,28.46,89.83
scottish_highlands,2026-09-13,18.14,7.94,7.93,15.99,83.47
scottish_highlands,2026-09-14,18.29,9.58,9.53,23.55,86.9
scottish_highlands,2026-09-15,11.2,8.93,3.34,12.39,58.26
scottish_highlands,2026-09-16,12.53,11.14,4.43,16.48,66.33
scottish_highlands,2026-09-17,17.15,6.28,1.5,22.47,93.81
