area_id,date,temperature_2m_max,temperature_2m_min,precipitation_sum,windspeed_10m_max,cloudcover_mean
amazon_rainforest,2011-09-17,29.95,20.25,0.0,2.82,76.2
amazon_rainforest,2011-09-18,30.52,23.23,4.88,6.21,49.6
amazon_rainforest,2011-09-19,31.91,21.1,0.24,9.69,80.8
amazon_rainforest,2011-09-20,30.44,21.47,7.88,7.01,55.41
amazon_rainforest,2011-09-21,31.72,23.53,7.99,9.7,64.8
amazon_rainforest,2011-09-22,24.99,22.23,0.0,7.26,41.72
amazon_rainforest,2011-09-23,30.65,24.29,0.0,7.63,72.89
amazon_rainforest,2011-09-24,32.48,20.75,0.0,6.25,43.48
amazon_rainforest,2011-09-25,31.76,20.6,6.34,5.03,44.28
amazon_rainforest,2011-09-26,27.68,20.8,0.0,4.92,64.88
amazon_rainforest,2011-09-27,28.35,21.78,0.0,8.65,43.63
amazon_rainforest,2011-09-28,33.16,22.55,0.0,6.25,60.95
amazon_rainforest,2011-09-29,34.51,21.85,4.77,5.75,46.41
amazon_rainforest,2011-09-30,30.69,22.3,11.8,10.08,74.53
amazon_rainforest,2011-10-01,36.79,19.79,0.0,10.56,72.8
amazon_rainforest,2011-10-02,29.33,20.91,0.0,7.1,52.98
amazon_rainforest,2011-10-03,32.26,22.64,2.87,3.64,71.29
amazon_rainforest,2011-10-04,27.98,20.96,7.6,6.56,54.04
amazon_rainforest,2011-10-05,30.76,19.22,12.62,4.91,73.04
amazon_rainforest,2011-10-06,27.35,23.03,4.02,4.58,64.91
amazon_rainforest,2011-10-07,31.09,19.88,6.14,9.3,78.61
amazon_rainforest,2011-10-08,28.61,21.01,2.81,4.54,55.79
amazon_rainforest,2011-10-09,27.96,21.3,9.76,5.58,62.5
amazon_rainforest,2011-10-10,32.86,18.55,0.0,6.49,68.73
amazon_rainforest,2011-10-11,31.03,19.72,2.64,4.76,82.47
amazon_rainforest,2011-10-12,28.32,20.54,0.0,5.8,64.84
amazon_rainforest,2011-10-13,28.59,22.66,6.4,4.87,52.24
amazon_rainforest,2011-10-14,26.89,21.64,10.74,4.59,43.18
amazon_rainforest,2011-10-15,28.68,25.25,6.14,6.7,60.73
amazon_rainforest,2011-10-16,28.6,24.21,0.0,6.87,64.1
amazon_rainforest,2011-10-17,30.77,20.96,0.0,4.43,38.95
amazon_rainforest,2011-10-18,30.4,21.61,11.45,4.57,64.82
amazon_rainforest,2011-10-19,28.11,19.95,0.0,4.62,74.07
amazon_rainforest,2011-10-20,28.04,20.2,1.42,4.62,48.0
amazon_rainforest,2011-10-21,33.67,20.03,0.0,6.79,56.71
amazon_rainforest,2011-10-22,31.83,18.74,5.52,7.55,37.43
amazon_rainforest,2011-10-23,31.95,19.79,12.28,6.19,58.74
amazon_rainforest,2011-10-24,30.05,23.62,3.95,9.47,57.08
amazon_rainforest,2011-10-25,27.79,22.3,10.1,9.64,75.41
amazon_rainforest,2011-10-26,30.92,18.44,0.0,3.74,63.55
amazon_rainforest,2011-10-27,28.95,20.74,3.07,7.35,71.2
amazon_rainforest,2011-10-28,35.64,22.61,4.53,3.81,75.31
amazon_rainforest,2011-10-29,28.7,20.45,0.0,7.4,92.42
amazon_rainforest,2011-10-30,33.07,21.97,0.0,9.13,67.43
amazon_rainforest,2011-10-31,29.72,17.94,0.56,7.9,54.29
amazon_rainforest,2011-11-01,30.28,18.99,2.59,5.67,54.89
amazon_rainforest,2011-11-02,33.19,20.58,1.32,9.45,70.71
amazon_rainforest,2011-11-03,28.14,21.67,10.46,5.84,72.78
amazon_rainforest,2011-11-04,32.86,22.04,0.0,7.75,69.88
amazon_rainforest,2011-11-05,29.46,18.72,4.64,5.56,58.2
amazon_rainforest,2011-11-06,31.76,21.48,0.0,7.97,83.93
amazon_rainforest,2011-11-07,32.36,23.0,9.36,6.85,65.89
amazon_rainforest,2011-11-08,32.05,19.69,0.47,4.03,56.15
amazon_rainforest,2011-11-09,28.01,21.59,4.16,6.68,83.05
amazon_rainforest,2011-11-10,29.56,21.84,11.13,8.83,89.49
amazon_rainforest,2011-11-11,30.86,22.75,0.0,9.87,86.86
amazon_rainforest,2011-11-12,28.57,22.16,11.4,6.77,52.21
amazon_rainforest,2011-11-13,31.36,21.65,7.2,9.61,89.5
amazon_rainforest,2011-11-14,32.71,21.19,2.53,6.54,61.67
amazon_rainforest,2011-11-15,29.63,21.68,0.0,11.73,59.66
amazon_rainforest,2011-11-16,32.49,24.44,14.32,6.23,72.06
amazon_rainforest,2011-11-17,30.69,20.0,3.29,7.79,64.47
amazon_rainforest,2011-11-18,31.24,20.19,8.25,5.29,61.13
amazon_rainforest,2011-11-19,32.09,22.13,5.95,7.29,63.0
amazon_rainforest,2011-11-20,33.13,19.81,15.61,8.94,70.17
amazon_rainforest,2011-11-21,28.81,19.68,0.0,13.4,63.7
amazon_rainforest,2011-11-22,32.67,25.48,10.64,6.45,77.85
amazon_rainforest,2011-11-23,32.62,22.09,14.71,3.49,66.92
amazon_rainforest,2011-11-24,31.18,22.65,0.0,10.18,58.83
amazon_rainforest,2011-11-25,28.81,21.72,4.62,7.97,54.69
amazon_rainforest,2011-11-26,31.96,23.26,7.42,10.58,74.5
amazon_rainforest,2011-11-27,31.81,22.36,9.44,5.68,70.98
amazon_rainforest,2011-11-28,30.57,20.47,8.72,11.98,74.72
amazon_rainforest,2011-11-29,32.53,22.58,11.26,6.79,70.81
amazon_rainforest,2011-11-30,29.68,21.01,6.09,7.62,75.22
amazon_rainforest,2011-12-01,32.32,21.49,8.1,8.24,61.69
amazon_rainforest,2011-12-02,31.18,21.09,0.09,5.8,68.0
amazon_rainforest,2011-12-03,32.68,19.65,1.15,7.39,89.89
amazon_rainforest,2011-12-04,28.49,23.09,5.86,4.7,73.81
amazon_rainforest,2011-12-05,25.62,19.92,4.65,9.38,83.76
amazon_rainforest,2011-12-06,28.58,22.16,9.87,7.25,55.03
amazon_rainforest,2011-12-07,31.33,18.59,0.0,2.87,64.82
amazon_rainforest,2011-12-08,35.24,23.64,8.98,7.45,61.59
amazon_rainforest,2011-12-09,31.97,22.3,10.52,8.81,56.75
amazon_rainforest,2011-12-10,34.23,21.8,0.0,8.89,70.71
amazon_rainforest,2011-12-11,32.87,22.11,15.23,11.72,65.83
amazon_rainforest,2011-12-12,27.25,22.66,16.76,8.68,69.25
amazon_rainforest,2011-12-13,31.55,23.03,12.53,7.84,72.76
amazon_rainforest,2011-12-14,30.1,23.45,5.98,8.09,67.05
amazon_rainforest,2011-12-15,29.59,23.96,5.76,11.66,77.45
amazon_rainforest,2011-12-16,31.52,25.14,4.33,6.55,83.19
amazon_rainforest,2011-12-17,32.21,22.59,7.28,7.57,50.29
amazon_rainforest,2011-12-18,27.98,21.22,5.12,9.93,66.95
amazon_rainforest,2011-12-19,29.79,22.43,9.17,8.9,82.39
amazon_rainforest,2011-12-20,30.34,18.92,7.71,6.33,64.31
amazon_rainforest,2011-12-21,31.26,20.45,10.61,9.02,91.55
amazon_rainforest,2011-12-22,33.04,22.69,5.78,12.11,92.3
amazon_rainforest,2011-12-23,30.16,21.57,2.65,8.41,60.94
amazon_rainforest,2011-12-24,32.57,23.24,13.74,7.75,68.23
amazon_rainforest,2011-12-25,35.71,22.16,2.89,8.62,77.7
amazon_rainforest,2011-12-26,31.72,22.61,7.09,8.26,92.53
amazon_rainforest,2011-12-27,32.39,21.89,7.23,13.07,79.26
amazon_rainforest,2011-12-28,31.22,23.1,8.6,10.46,77.27
amazon_rainforest,2011-12-29,30.24,21.62,7.56,4.53,76.73
amazon_rainforest,2011-12-30,30.69,20.48,6.47,11.39,79.51
amazon_rainforest,2011-12-31,33.29,24.05,9.29,7.82,74.46
amazon_rainforest,2012-01-01,29.59,23.32,3.69,9.27,74.51
amazon_rainforest,2012-01-02,30.47,23.35,7.36,10.74,72.21
amazon_rainforest,2012-01-03,30.62,25.24,8.92,11.76,73.92
amazon_rainforest,2012-01-04,32.79,20.85,0.0,9.69,72.08
amazon_rainforest,2012-01-05,31.25,23.96,15.05,8.96,91.53
amazon_rainforest,2012-01-06,31.18,22.89,19.09,8.15,83.27
amazon_rainforest,2012-01-07,31.26,20.23,11.83,8.94,75.03
amazon_rainforest,2012-01-08,32.36,22.99,6.9,12.62,98.35
amazon_rainforest,2012-01-09,34.56,23.6,7.19,6.05,53.11
amazon_rainforest,2012-01-10,34.78,21.06,3.74,8.63,70.86
amazon_rainforest,2012-01-11,29.65,21.82,16.79,10.49,75.82
amazon_rainforest,2012-01-12,32.24,22.07,2.35,13.35,74.56
amazon_rainforest,2012-01-13,33.64,21.24,13.79,12.86,82.37
amazon_rainforest,2012-01-14,35.78,23.94,6.82,9.74,83.23
amazon_rainforest,2012-01-15,29.83,25.09,15.93,10.68,80.02
amazon_rainforest,2012-01-16,32.47,21.96,12.58,11.11,62.4
amazon_rainforest,2012-01-17,34.02,22.48,13.75,8.58,87.43
amazon_rainforest,2012-01-18,30.97,23.15,10.24,10.92,69.35
amazon_rainforest,2012-01-19,31.1,24.41,17.73,8.24,76.04
amazon_rainforest,2012-01-20,31.26,20.47,1.37,6.66,81.53
amazon_rainforest,2012-01-21,32.91,23.08,0.86,10.61,48.46
amazon_rainforest,2012-01-22,31.63,21.76,1.88,9.28,73.05
amazon_rainforest,2012-01-23,33.15,22.78,7.28,11.17,51.94
amazon_rainforest,2012-01-24,31.02,22.57,6.05,10.01,74.45
amazon_rainforest,2012-01-25,34.65,23.95,7.01,7.79,52.42
amazon_rainforest,2012-01-26,33.22,23.29,18.04,12.07,90.39
amazon_rainforest,2012-01-27,28.7,22.15,6.73,10.79,70.1
amazon_rainforest,2012-01-28,33.52,22.45,14.43,10.99,68.35
amazon_rainforest,2012-01-29,29.27,23.5,10.28,7.22,100.0
amazon_rainforest,2012-01-30,31.17,21.42,15.39,8.1,74.37
amazon_rainforest,2012-01-31,32.16,24.1,11.82,8.46,86.75
amazon_rainforest,2012-02-01,31.32,20.41,11.79,9.45,63.11
amazon_rainforest,2012-02-02,33.74,26.38,8.62,13.67,64.46
amazon_rainforest,2012-02-03,36.39,25.1,5.45,6.81,75.12
amazon_rainforest,2012-02-04,28.24,23.05,2.19,9.64,69.09
amazon_rainforest,2012-02-05,31.22,23.67,13.22,7.56,69.66
amazon_rainforest,2012-02-06,32.75,22.36,19.55,7.73,75.03
amazon_rainforest,2012-02-07,32.09,22.67,7.45,8.85,67.81
amazon_rainforest,2012-02-08,28.58,23.53,10.12,10.45,57.67
amazon_rainforest,2012-02-09,34.89,22.7,5.09,4.61,81.71
amazon_rainforest,2012-02-10,32.71,22.26,9.61,6.53,75.94
amazon_rainforest,2012-02-11,33.95,24.17,8.59,8.43,70.25
amazon_rainforest,2012-02-12,33.56,22.54,6.92,9.04,97.39
amazon_rainforest,2012-02-13,31.87,23.04,5.26,7.62,85.61
amazon_rainforest,2012-02-14,29.88,22.67,15.44,8.77,71.7
amazon_rainforest,2012-02-15,32.63,23.03,15.47,8.71,73.89
amazon_rainforest,2012-02-16,29.77,23.0,17.43,10.62,49.64
amazon_rainforest,2012-02-17,34.61,21.24,14.6,10.06,65.72
amazon_rainforest,2012-02-18,34.83,19.61,5.95,9.37,80.72
amazon_rainforest,2012-02-19,33.3,22.35,7.32,11.89,95.44
amazon_rainforest,2012-02-20,32.13,24.06,12.15,11.23,68.65
amazon_rainforest,2012-02-21,34.6,24.13,6.48,8.99,72.99
amazon_rainforest,2012-02-22,34.99,23.13,17.93,6.89,77.52
amazon_rainforest,2012-02-23,33.7,21.47,10.39,9.12,80.19
amazon_rainforest,2012-02-24,35.13,20.51,5.95,6.63,63.97
amazon_rainforest,2012-02-25,35.21,23.68,13.74,10.69,62.56
amazon_rainforest,2012-02-26,35.57,24.88,14.45,13.39,100.0
amazon_rainforest,2012-02-27,35.13,23.12,12.73,10.32,58.44
amazon_rainforest,2012-02-28,27.26,25.46,14.72,11.34,93.33
amazon_rainforest,2012-02-29,33.47,24.08,12.42,7.63,82.4
amazon_rainforest,2012-03-01,32.79,22.64,18.5,9.88,76.66
amazon_rainforest,2012-03-02,34.14,21.23,15.8,9.18,80.87
amazon_rainforest,2012-03-03,29.49,22.03,7.24,7.77,98.31
amazon_rainforest,2012-03-04,30.16,19.62,7.03,9.2,78.76
amazon_rainforest,2012-03-05,36.17,23.56,9.88,7.23,83.83
amazon_rainforest,2012-03-06,33.8,23.38,10.41,11.25,97.94
amazon_rainforest,2012-03-07,33.14,24.25,7.07,8.55,89.49
amazon_rainforest,2012-03-08,31.41,22.67,5.51,7.79,57.32
amazon_rainforest,2012-03-09,30.46,22.08,9.33,9.88,57.5
amazon_rainforest,2012-03-10,31.05,23.06,7.11,10.91,80.48
amazon_rainforest,2012-03-11,31.06,22.44,10.7,11.51,67.97
amazon_rainforest,2012-03-12,33.86,24.11,0.0,8.08,79.84
amazon_rainforest,2012-03-13,33.11,24.97,15.81,9.48,81.81
amazon_rainforest,2012-03-14,30.69,22.06,8.7,11.59,98.54
amazon_rainforest,2012-03-15,34.31,25.14,11.92,7.38,73.36
amazon_rainforest,2012-03-16,26.82,24.79,0.0,9.61,75.19
amazon_rainforest,2012-03-17,26.82,22.4,10.71,9.59,63.74
amazon_rainforest,2012-03-18,33.97,23.27,9.55,7.46,76.21
amazon_rainforest,2012-03-19,35.86,22.33,9.97,11.68,63.81
amazon_rainforest,2012-03-20,26.86,22.5,11.19,8.82,83.44
amazon_rainforest,2012-03-21,31.42,21.53,7.39,12.01,72.28
amazon_rainforest,2012-03-22,35.98,21.43,12.05,7.29,73.37
amazon_rainforest,2012-03-23,29.18,23.21,0.0,4.5,86.56
amazon_rainforest,2012-03-24,34.26,21.57,11.48,8.27,76.95
amazon_rainforest,2012-03-25,31.69,21.5,11.0,10.21,86.72
amazon_rainforest,2012-03-26,34.31,24.41,17.77,8.36,68.82
amazon_rainforest,2012-03-27,34.78,24.33,11.41,9.55,86.23
amazon_rainforest,2012-03-28,33.08,23.09,0.0,9.28,63.8
amazon_rainforest,2012-03-29,30.59,22.27,7.6,7.53,87.23
amazon_rainforest,2012-03-30,30.34,24.93,7.61,14.91,68.5
amazon_rainforest,2012-03-31,31.3,21.12,9.38,9.08,63.09
amazon_rainforest,2012-04-01,28.92,23.15,8.12,7.99,78.52
amazon_rainforest,2012-04-02,33.76,20.59,10.14,14.6,95.96
amazon_rainforest,2012-04-03,28.42,21.73,4.98,7.42,76.64
amazon_rainforest,2012-04-04,35.22,21.83,17.68,9.5,76.8
amazon_rainforest,2012-04-05,30.62,23.72,9.07,8.11,60.04
amazon_rainforest,2012-04-06,31.7,21.82,20.49,6.81,100.0
amazon_rainforest,2012-04-07,31.0,22.31,2.83,11.11,61.39
amazon_rainforest,2012-04-08,35.56,22.06,7.41,9.28,79.42
amazon_rainforest,2012-04-09,33.22,22.52,13.17,6.7,79.67
amazon_rainforest,2012-04-10,34.25,22.96,1.99,13.2,74.26
amazon_rainforest,2012-04-11,31.07,22.37,15.43,9.25,82.36
amazon_rainforest,2012-04-12,33.54,23.65,10.06,11.81,85.4
amazon_rainforest,2012-04-13,33.63,25.16,9.93,11.95,53.14
amazon_rainforest,2012-04-14,32.2,24.61,15.78,6.06,95.62
amazon_rainforest,2012-04-15,32.52,25.64,6.86,10.64,66.06
amazon_rainforest,2012-04-16,32.64,21.99,6.28,11.26,70.2
amazon_rainforest,2012-04-17,32.53,23.52,7.0,9.42,65.78
amazon_rainforest,2012-04-18,33.61,22.8,7.43,11.21,61.48
amazon_rainforest,2012-04-19,30.26,25.53,2.68,8.15,90.36
amazon_rainforest,2012-04-20,26.02,23.58,10.79,12.29,71.34
amazon_rainforest,2012-04-21,30.54,23.53,7.05,8.06,85.13
amazon_rainforest,2012-04-22,30.59,23.09,7.79,12.22,85.53
amazon_rainforest,2012-04-23,32.39,22.25,7.84,9.97,92.7
amazon_rainforest,2012-04-24,32.05,25.98,12.65,9.83,59.13
amazon_rainforest,2012-04-25,30.67,20.8,10.12,6.4,67.4
amazon_rainforest,2012-04-26,28.05,22.35,10.85,11.98,79.85
amazon_rainforest,2012-04-27,30.56,23.91,7.6,7.13,86.43
amazon_rainforest,2012-04-28,32.47,21.51,10.82,12.41,62.74
amazon_rainforest,2012-04-29,34.23,22.14,18.15,9.65,60.79
amazon_rainforest,2012-04-30,30.31,23.99,14.13,9.78,81.74
amazon_rainforest,2012-05-01,31.52,22.19,3.47,7.84,74.46
amazon_rainforest,2012-05-02,31.11,20.77,13.81,8.06,65.24
amazon_rainforest,2012-05-03,29.5,25.15,10.34,5.45,56.06
amazon_rainforest,2012-05-04,33.29,22.46,8.08,10.47,60.93
amazon_rainforest,2012-05-05,32.37,21.89,11.96,9.55,80.39
amazon_rainforest,2012-05-06,36.78,24.27,11.16,12.0,86.39
amazon_rainforest,2012-05-07,29.23,21.02,8.78,8.19,85.58
amazon_rainforest,2012-05-08,31.23,20.3,5.9,12.85,61.3
amazon_rainforest,2012-05-09,31.66,22.08,3.89,6.64,86.02
amazon_rainforest,2012-05-10,29.87,22.65,11.7,9.27,88.09
amazon_rainforest,2012-05-11,33.8,20.01,9.21,10.06,77.09
amazon_rainforest,2012-05-12,30.7,21.57,6.08,9.67,74.02
amazon_rainforest,2012-05-13,30.04,22.47,7.22,7.84,79.54
amazon_rainforest,2012-05-14,33.17,21.61,5.4,5.85,53.47
amazon_rainforest,2012-05-15,29.38,21.07,2.08,8.62,50.71
amazon_rainforest,2012-05-16,31.88,20.86,13.26,7.45,70.92
amazon_rainforest,2012-05-17,29.58,21.99,7.7,12.32,70.09
amazon_rainforest,2012-05-18,30.61,22.82,0.0,9.58,36.15
amazon_rainforest,2012-05-19,31.26,21.89,10.65,8.72,74.02
amazon_rainforest,2012-05-20,32.46,20.2,8.33,11.35,82.95
amazon_rainforest,2012-05-21,31.26,21.27,9.51,9.95,87.4
amazon_rainforest,2012-05-22,30.09,23.03,12.01,4.57,75.02
amazon_rainforest,2012-05-23,31.95,22.16,5.81,10.37,64.66
amazon_rainforest,2012-05-24,29.35,19.73,7.24,9.26,85.31
amazon_rainforest,2012-05-25,33.27,25.11,0.0,9.14,84.94
amazon_rainforest,2012-05-26,36.81,23.18,3.71,8.25,72.75
amazon_rainforest,2012-05-27,31.23,23.21,10.95,7.23,78.88
amazon_rainforest,2012-05-28,32.11,21.31,6.0,6.12,79.0
amazon_rainforest,2012-05-29,28.6,22.24,4.23,9.84,95.45
amazon_rainforest,2012-05-30,30.86,21.28,7.37,7.2,30.25
amazon_rainforest,2012-05-31,32.33,22.82,1.45,6.77,80.12
amazon_rainforest,2012-06-01,31.77,22.74,3.09,14.25,67.41
amazon_rainforest,2012-06-02,29.51,19.04,9.75,7.13,70.35
amazon_rainforest,2012-06-03,29.88,23.86,0.0,6.76,79.03
amazon_rainforest,2012-06-04,30.3,23.03,3.07,9.25,69.52
amazon_rainforest,2012-06-05,30.27,22.93,6.1,7.34,72.38
amazon_rainforest,2012-06-06,29.23,20.84,7.47,10.9,66.73
amazon_rainforest,2012-06-07,33.11,22.35,1.18,8.97,75.3
amazon_rainforest,2012-06-08,32.58,19.16,7.82,8.19,73.75
amazon_rainforest,2012-06-09,28.23,22.68,5.46,9.42,57.25
amazon_rainforest,2012-06-10,34.82,21.65,11.41,8.65,74.31
amazon_rainforest,2012-06-11,32.34,22.77,8.34,6.26,77.37
amazon_rainforest,2012-06-12,29.57,19.82,3.82,8.49,71.46
amazon_rainforest,2012-06-13,30.19,20.66,10.45,5.36,82.58
amazon_rainforest,2012-06-14,30.32,21.26,5.08,5.21,66.69
amazon_rainforest,2012-06-15,28.26,21.9,6.9,6.45,56.16
amazon_rainforest,2012-06-16,27.08,22.25,1.91,7.16,69.29
amazon_rainforest,2012-06-17,29.32,23.96,0.02,7.81,67.12
amazon_rainforest,2012-06-18,32.38,21.18,0.0,2.02,50.29
amazon_rainforest,2012-06-19,27.23,20.77,1.77,6.68,75.75
amazon_rainforest,2012-06-20,30.16,23.66,4.44,4.44,91.17
amazon_rainforest,2012-06-21,29.72,20.75,1.37,8.67,66.51
amazon_rainforest,2012-06-22,29.4,22.63,5.56,6.54,59.51
amazon_rainforest,2012-06-23,29.69,20.15,3.31,6.97,41.64
amazon_rainforest,2012-06-24,31.78,20.46,4.16,5.27,71.36
amazon_rainforest,2012-06-25,28.58,23.98,10.06,8.55,77.97
amazon_rainforest,2012-06-26,29.49,22.85,11.31,4.46,62.46
amazon_rainforest,2012-06-27,31.23,22.3,0.0,6.69,64.65
amazon_rainforest,2012-06-28,28.53,23.24,0.0,6.23,45.36
amazon_rainforest,2012-06-29,31.73,21.9,4.64,10.71,69.24
amazon_rainforest,2012-06-30,32.77,20.99,1.8,3.43,52.19
amazon_rainforest,2012-07-01,29.08,20.82,0.0,10.36,72.7
amazon_rainforest,2012-07-02,32.48,22.11,5.53,6.56,67.31
amazon_rainforest,2012-07-03,28.62,21.24,0.0,6.73,63.07
amazon_rainforest,2012-07-04,27.01,20.94,6.78,9.63,79.5
amazon_rainforest,2012-07-05,33.46,23.97,8.23,8.96,51.77
amazon_rainforest,2012-07-06,30.18,22.39,9.01,7.53,86.99
amazon_rainforest,2012-07-07,30.5,20.07,0.0,8.25,70.76
amazon_rainforest,2012-07-08,28.87,23.71,3.35,3.56,64.83
amazon_rainforest,2012-07-09,28.14,20.27,8.69,4.84,58.31
amazon_rainforest,2012-07-10,29.99,21.18,0.0,8.12,76.05
amazon_rainforest,2012-07-11,34.25,21.38,0.0,4.95,59.15
amazon_rainforest,2012-07-12,29.19,22.61,5.65,7.1,79.2
amazon_rainforest,2012-07-13,32.09,22.58,10.53,6.23,81.01
amazon_rainforest,2012-07-14,34.16,19.62,0.0,4.34,54.39
amazon_rainforest,2012-07-15,29.65,22.24,0.0,9.09,70.27
amazon_rainforest,2012-07-16,30.08,20.25,1.03,8.41,46.51
amazon_rainforest,2012-07-17,29.29,21.71,3.27,6.64,77.16
amazon_rainforest,2012-07-18,28.75,19.43,12.12,10.22,68.84
amazon_rainforest,2012-07-19,28.79,22.38,7.53,3.9,62.04
amazon_rainforest,2012-07-20,25.06,20.02,4.83,5.12,40.78
amazon_rainforest,2012-07-21,28.91,22.12,0.0,5.38,71.12
amazon_rainforest,2012-07-22,28.31,21.09,2.48,6.26,63.65
amazon_rainforest,2012-07-23,29.95,22.51,6.53,6.48,50.54
amazon_rainforest,2012-07-24,34.7,21.37,0.0,8.57,66.85
amazon_rainforest,2012-07-25,30.68,21.64,0.27,11.32,80.68
amazon_rainforest,2012-07-26,30.31,20.17,1.55,8.04,81.89
amazon_rainforest,2012-07-27,28.89,21.38,0.0,6.87,60.38
amazon_rainforest,2012-07-28,30.96,18.43,5.76,9.74,49.07
amazon_rainforest,2012-07-29,29.75,22.35,6.5,7.13,75.34
amazon_rainforest,2012-07-30,28.03,24.32,0.0,6.88,46.47
amazon_rainforest,2012-07-31,30.58,21.37,0.0,7.39,51.56
amazon_rainforest,2012-08-01,27.76,22.58,1.67,7.4,71.77
amazon_rainforest,2012-08-02,28.95,19.93,3.73,8.58,77.53
amazon_rainforest,2012-08-03,29.29,22.15,11.42,2.46,70.93
amazon_rainforest,2012-08-04,29.1,21.7,2.03,7.77,60.19
amazon_rainforest,2012-08-05,32.86,22.0,0.05,7.1,70.76
amazon_rainforest,2012-08-06,31.58,21.75,0.0,6.25,76.65
amazon_rainforest,2012-08-07,27.28,21.12,2.7,8.57,68.87
amazon_rainforest,2012-08-08,27.71,20.74,0.47,8.25,37.53
amazon_rainforest,2012-08-09,30.08,20.32,5.68,5.51,55.39
amazon_rainforest,2012-08-10,32.46,23.41,2.81,6.76,74.07
amazon_rainforest,2012-08-11,28.89,21.33,1.25,7.82,54.54
amazon_rainforest,2012-08-12,26.9,20.71,0.0,6.31,73.77
amazon_rainforest,2012-08-13,30.05,23.0,3.86,4.85,67.63
amazon_rainforest,2012-08-14,28.91,22.01,0.89,6.85,66.63
amazon_rainforest,2012-08-15,33.59,22.06,5.08,9.49,77.1
amazon_rainforest,2012-08-16,27.89,21.47,0.0,6.15,59.55
amazon_rainforest,2012-08-17,27.52,23.41,3.12,7.64,71.26
amazon_rainforest,2012-08-18,28.63,20.41,5.4,11.36,60.4
amazon_rainforest,2012-08-19,27.54,20.15,1.81,2.18,66.99
amazon_rainforest,2012-08-20,30.26,19.7,5.74,8.26,73.62
amazon_rainforest,2012-08-21,29.0,21.33,3.62,4.94,52.08
amazon_rainforest,2012-08-22,31.53,21.83,0.0,5.25,64.99
amazon_rainforest,2012-08-23,34.65,19.74,0.0,5.96,49.54
amazon_rainforest,2012-08-24,28.93,22.09,6.44,5.03,57.65
amazon_rainforest,2012-08-25,26.82,21.52,0.0,7.74,56.68
amazon_rainforest,2012-08-26,28.55,23.03,0.88,4.04,53.98
amazon_rainforest,2012-08-27,27.99,23.62,0.0,8.13,73.26
amazon_rainforest,2012-08-28,30.87,20.08,6.8,8.66,62.26
amazon_rainforest,2012-08-29,30.63,20.23,0.0,3.3,93.13
amazon_rainforest,2012-08-30,30.64,19.31,5.95,3.51,62.85
amazon_rainforest,2012-08-31,29.29,20.72,0.0,5.42,55.39
amazon_rainforest,2012-09-01,28.86,18.05,12.04,8.66,71.94
amazon_rainforest,2012-09-02,31.4,19.42,6.09,5.05,68.19
amazon_rainforest,2012-09-03,31.72,22.25,0.0,6.89,74.24
amazon_rainforest,2012-09-04,33.19,22.09,9.33,3.56,56.96
amazon_rainforest,2012-09-05,31.67,22.29,0.0,4.88,58.0
amazon_rainforest,2012-09-06,29.95,21.42,4.48,4.41,65.4
amazon_rainforest,2012-09-07,27.75,21.76,3.8,4.93,60.6
amazon_rainforest,2012-09-08,31.53,22.45,12.5,6.31,76.28
amazon_rainforest,2012-09-09,29.56,20.41,0.0,6.87,48.65
amazon_rainforest,2012-09-10,30.11,21.9,0.0,7.16,73.11
amazon_rainforest,2012-09-11,29.58,22.41,0.0,4.08,86.63
amazon_rainforest,2012-09-12,25.29,21.53,1.68,9.34,73.04
amazon_rainforest,2012-09-13,31.34,20.96,0.0,5.99,73.93
amazon_rainforest,2012-09-14,28.21,22.68,0.0,8.93,63.25
amazon_rainforest,2012-09-15,30.21,17.66,0.02,8.13,49.06
amazon_rainforest,2012-09-16,30.45,16.98,6.38,7.82,37.13
amazon_rainforest,2012-09-17,28.78,20.57,0.0,9.36,68.27
amazon_rainforest,2012-09-18,31.41,18.71,2.61,5.1,61.41
amazon_rainforest,2012-09-19,33.58,23.69,2.62,7.71,47.77
amazon_rainforest,2012-09-20,29.15,23.8,5.78,1.56,83.18
amazon_rainforest,2012-09-21,28.89,21.38,0.0,7.2,57.26
amazon_rainforest,2012-09-22,29.58,18.34,10.48,7.62,64.28
amazon_rainforest,2012-09-23,30.75,19.37,2.81,5.05,64.98
amazon_rainforest,2012-09-24,28.36,19.81,4.01,6.9,71.9
amazon_rainforest,2012-09-25,28.62,20.83,0.0,3.15,68.97
amazon_rainforest,2012-09-26,29.55,17.99,7.63,4.47,51.48
amazon_rainforest,2012-09-27,28.28,23.42,14.34,6.65,45.46
amazon_rainforest,2012-09-28,28.43,20.71,0.46,4.14,62.19
amazon_rainforest,2012-09-29,30.75,20.47,3.42,10.65,58.85
amazon_rainforest,2012-09-30,28.26,21.73,5.2,7.83,72.37
amazon_rainforest,2012-10-01,30.28,20.88,9.28,6.56,54.7
amazon_rainforest,2012-10-02,27.75,18.86,7.31,7.21,66.68
amazon_rainforest,2012-10-03,30.04,23.18,4.86,7.58,74.98
amazon_rainforest,2012-10-04,28.18,20.07,5.27,4.46,46.7
amazon_rainforest,2012-10-05,29.6,20.57,6.81,7.81,68.45
amazon_rainforest,2012-10-06,32.57,22.88,7.53,7.61,65.57
amazon_rainforest,2012-10-07,28.28,19.05,7.75,5.63,57.36
amazon_rainforest,2012-10-08,28.01,20.52,0.0,7.81,44.32
amazon_rainforest,2012-10-09,30.37,23.04,16.55,6.36,36.06
amazon_rainforest,2012-10-10,29.24,21.35,4.22,7.91,59.87
amazon_rainforest,2012-10-11,35.7,19.65,5.46,9.31,66.52
amazon_rainforest,2012-10-12,26.82,20.68,7.63,6.86,69.23
amazon_rainforest,2012-10-13,29.92,20.2,5.72,10.67,57.66
amazon_rainforest,2012-10-14,35.11,18.83,7.57,6.1,78.64
amazon_rainforest,2012-10-15,30.56,18.96,0.0,4.87,77.34
amazon_rainforest,2012-10-16,30.56,20.98,3.31,7.43,59.36
amazon_rainforest,2012-10-17,26.91,18.27,3.13,4.94,62.05
amazon_rainforest,2012-10-18,29.31,19.9,7.9,7.88,63.03
amazon_rainforest,2012-10-19,30.19,19.23,3.68,4.73,66.42
amazon_rainforest,2012-10-20,25.86,20.85,4.34,8.5,70.33
amazon_rainforest,2012-10-21,31.93,22.06,4.62,6.62,84.69
amazon_rainforest,2012-10-22,28.03,20.5,10.26,10.66,52.73
amazon_rainforest,2012-10-23,32.6,21.15,0.0,10.28,60.62
amazon_rainforest,2012-10-24,26.33,22.86,5.62,9.31,67.9
amazon_rainforest,2012-10-25,31.36,19.86,1.67,5.17,54.97
amazon_rainforest,2012-10-26,32.04,21.39,0.0,5.53,59.65
amazon_rainforest,2012-10-27,27.98,23.17,0.0,7.45,88.34
amazon_rainforest,2012-10-28,31.87,23.88,0.0,8.41,79.24
amazon_rainforest,2012-10-29,29.87,23.23,1.67,7.24,71.21
amazon_rainforest,2012-10-30,28.04,20.25,0.0,6.88,64.48
amazon_rainforest,2012-10-31,28.15,20.34,4.16,8.42,55.62
amazon_rainforest,2012-11-01,30.06,22.56,7.87,10.21,75.88
amazon_rainforest,2012-11-02,30.62,22.89,4.84,11.04,76.99
amazon_rainforest,2012-11-03,31.71,22.81,0.63,10.87,57.77
amazon_rainforest,2012-11-04,30.13,18.5,5.15,3.85,73.57
amazon_rainforest,2012-11-05,31.77,19.1,7.33,1.43,48.58
amazon_rainforest,2012-11-06,30.86,23.33,10.2,8.73,77.82
amazon_rainforest,2012-11-07,30.49,22.01,0.25,9.58,53.96
amazon_rainforest,2012-11-08,27.89,21.85,12.97,9.48,78.64
amazon_rainforest,2012-11-09,28.52,20.99,5.35,9.45,78.13
amazon_rainforest,2012-11-10,30.73,20.34,5.29,9.66,88.99
amazon_rainforest,2012-11-11,31.73,21.46,1.13,7.59,77.39
amazon_rainforest,2012-11-12,33.04,20.52,0.0,8.38,90.64
amazon_rainforest,2012-11-13,31.76,21.33,0.0,9.0,57.66
amazon_rainforest,2012-11-14,32.09,25.12,13.82,9.13,54.45
amazon_rainforest,2012-11-15,32.62,22.1,12.12,7.12,70.25
amazon_rainforest,2012-11-16,30.27,20.74,8.15,5.64,51.12
amazon_rainforest,2012-11-17,32.64,20.87,0.0,4.64,99.71
amazon_rainforest,2012-11-18,32.14,21.61,4.66,6.95,84.75
amazon_rainforest,2012-11-19,32.29,19.05,0.0,5.3,59.89
amazon_rainforest,2012-11-20,31.25,22.66,2.29,7.73,56.26
amazon_rainforest,2012-11-21,31.83,24.44,0.0,9.47,68.86
amazon_rainforest,2012-11-22,31.23,22.59,3.46,8.49,68.72
amazon_rainforest,2012-11-23,27.81,20.94,3.79,7.77,50.5
amazon_rainforest,2012-11-24,33.78,21.0,2.4,9.01,70.77
amazon_rainforest,2012-11-25,32.94,21.64,1.08,6.0,72.37
amazon_rainforest,2012-11-26,31.37,22.09,4.99,9.55,93.72
amazon_rainforest,2012-11-27,32.52,21.85,8.51,8.45,74.5
amazon_rainforest,2012-11-28,29.96,22.45,12.34,6.85,82.79
amazon_rainforest,2012-11-29,29.64,21.62,2.52,9.68,77.52
amazon_rainforest,2012-11-30,30.26,23.54,9.05,1.88,76.61
amazon_rainforest,2012-12-01,30.74,19.0,9.04,8.13,62.31
amazon_rainforest,2012-12-02,31.18,20.18,8.02,7.23,58.01
amazon_rainforest,2012-12-03,28.46,23.61,10.71,6.66,74.79
amazon_rainforest,2012-12-04,27.24,21.48,7.15,7.11,66.0
amazon_rainforest,2012-12-05,28.64,22.13,6.34,9.24,59.56
amazon_rainforest,2012-12-06,29.57,21.43,9.5,7.49,73.45
amazon_rainforest,2012-12-07,33.73,19.97,16.08,10.73,58.43
amazon_rainforest,2012-12-08,27.41,22.59,0.0,5.57,89.38
amazon_rainforest,2012-12-09,32.62,22.33,7.62,8.56,65.02
amazon_rainforest,2012-12-10,29.22,26.41,4.66,6.24,39.53
amazon_rainforest,2012-12-11,30.54,22.36,1.52,11.21,84.02
amazon_rainforest,2012-12-12,31.74,24.2,9.64,9.51,91.62
amazon_rainforest,2012-12-13,31.49,22.12,5.45,6.29,69.96
amazon_rainforest,2012-12-14,32.72,24.25,4.73,9.72,71.72
amazon_rainforest,2012-12-15,25.86,21.21,8.86,10.88,67.23
amazon_rainforest,2012-12-16,35.5,20.55,11.24,8.09,95.17
amazon_rainforest,2012-12-17,33.29,20.43,1.92,8.43,70.85
amazon_rainforest,2012-12-18,30.12,21.33,8.5,9.22,58.27
amazon_rainforest,2012-12-19,32.97,21.65,14.56,8.49,64.93
amazon_rainforest,2012-12-20,34.12,20.7,8.42,10.97,83.04
amazon_rainforest,2012-12-21,38.02,23.63,7.13,9.07,86.81
amazon_rainforest,2012-12-22,33.37,17.75,6.82,9.51,83.29
amazon_rainforest,2012-12-23,31.27,23.24,0.0,9.86,68.69
amazon_rainforest,2012-12-24,31.18,21.94,0.0,9.29,77.62
amazon_rainforest,2012-12-25,29.35,24.81,12.77,8.83,57.74
amazon_rainforest,2012-12-26,34.01,22.21,17.95,8.06,70.06
amazon_rainforest,2012-12-27,32.73,22.22,16.1,9.4,63.87
amazon_rainforest,2012-12-28,32.94,24.08,17.74,9.55,100.0
amazon_rainforest,2012-12-29,32.46,20.91,6.68,9.57,67.3
amazon_rainforest,2012-12-30,26.7,22.41,7.63,5.31,83.24
amazon_rainforest,2012-12-31,29.86,23.82,2.41,9.9,90.13
amazon_rainforest,2013-01-01,26.19,22.75,3.12,9.48,85.38
amazon_rainforest,2013-01-02,32.7,24.21,12.27,10.16,67.1
amazon_rainforest,2013-01-03,30.45,21.61,5.04,6.33,100.0
amazon_rainforest,2013-01-04,31.69,21.62,5.87,8.72,68.27
amazon_rainforest,2013-01-05,31.43,23.68,7.1,9.65,71.77
amazon_rainforest,2013-01-06,35.65,21.36,13.27,9.24,96.58
amazon_rainforest,2013-01-07,30.83,21.52,8.83,10.38,81.52
amazon_rainforest,2013-01-08,31.06,22.59,5.87,8.82,76.08
amazon_rainforest,2013-01-09,30.0,23.33,8.97,6.07,76.25
amazon_rainforest,2013-01-10,29.91,24.05,13.43,3.64,53.55
amazon_rainforest,2013-01-11,31.26,22.59,5.97,6.98,53.05
amazon_rainforest,2013-01-12,31.05,23.51,4.15,7.17,82.23
amazon_rainforest,2013-01-13,32.59,24.96,4.5,11.18,72.27
amazon_rainforest,2013-01-14,28.76,24.13,19.02,11.34,65.51
amazon_rainforest,2013-01-15,29.68,22.39,5.46,10.96,81.59
amazon_rainforest,2013-01-16,32.65,23.41,9.36,8.97,61.61
amazon_rainforest,2013-01-17,29.54,25.49,0.0,5.9,76.2
amazon_rainforest,2013-01-18,31.9,23.79,20.95,8.14,67.99
amazon_rainforest,2013-01-19,32.59,22.49,6.49,12.57,85.94
amazon_rainforest,2013-01-20,31.73,25.86,11.91,7.17,72.61
amazon_rainforest,2013-01-21,31.57,24.83,9.06,10.29,88.35
amazon_rainforest,2013-01-22,32.49,24.63,5.89,9.16,71.32
amazon_rainforest,2013-01-23,30.43,22.26,13.04,8.52,64.83
amazon_rainforest,2013-01-24,35.97,21.61,6.68,8.81,76.96
amazon_rainforest,2013-01-25,30.78,24.68,14.53,11.09,88.91
amazon_rainforest,2013-01-26,34.17,21.66,22.81,6.01,64.17
amazon_rainforest,2013-01-27,33.74,20.52,14.15,9.67,63.85
amazon_rainforest,2013-01-28,28.16,23.81,5.64,5.09,66.57
amazon_rainforest,2013-01-29,29.89,25.3,8.76,8.71,96.99
amazon_rainforest,2013-01-30,33.02,20.77,1.53,10.54,68.56
amazon_rainforest,2013-01-31,36.66,25.32,0.0,10.8,91.29
amazon_rainforest,2013-02-01,33.88,21.77,3.42,10.14,74.67
amazon_rainforest,2013-02-02,34.98,23.57,10.31,8.97,70.62
amazon_rainforest,2013-02-03,31.85,24.67,11.74,10.47,85.76
amazon_rainforest,2013-02-04,35.57,22.85,11.68,12.94,76.57
amazon_rainforest,2013-02-05,34.78,23.96,12.55,10.43,90.48
amazon_rainforest,2013-02-06,25.89,22.46,10.93,4.78,68.72
amazon_rainforest,2013-02-07,31.48,24.45,14.2,10.09,80.25
amazon_rainforest,2013-02-08,31.09,25.17,11.12,11.6,63.99
amazon_rainforest,2013-02-09,30.24,22.61,6.45,9.77,58.93
amazon_rainforest,2013-02-10,32.85,22.06,14.53,8.0,70.82
amazon_rainforest,2013-02-11,35.57,22.25,4.7,11.93,74.75
amazon_rainforest,2013-02-12,32.08,23.69,5.64,9.21,72.94
amazon_rainforest,2013-02-13,31.03,21.28,20.62,6.94,61.82
amazon_rainforest,2013-02-14,32.99,23.84,5.2,9.44,73.94
amazon_rainforest,2013-02-15,33.24,23.22,14.67,11.28,73.75
amazon_rainforest,2013-02-16,33.13,23.59,13.25,9.51,95.99
amazon_rainforest,2013-02-17,29.87,23.01,4.73,8.22,83.83
amazon_rainforest,2013-02-18,35.02,24.05,23.96,10.69,56.02
amazon_rainforest,2013-02-19,29.3,21.67,9.09,10.8,69.84
amazon_rainforest,2013-02-20,30.27,19.07,8.48,7.6,84.77
amazon_rainforest,2013-02-21,34.03,24.01,8.71,8.78,71.84
amazon_rainforest,2013-02-22,35.06,21.05,12.79,7.88,68.5
amazon_rainforest,2013-02-23,31.52,23.32,7.0,9.88,64.09
amazon_rainforest,2013-02-24,31.25,21.35,3.42,12.86,78.58
amazon_rainforest,2013-02-25,31.24,24.36,13.84,12.39,99.45
amazon_rainforest,2013-02-26,30.24,21.93,4.22,9.61,66.92
amazon_rainforest,2013-02-27,31.31,21.91,3.21,6.37,91.96
amazon_rainforest,2013-02-28,30.64,24.22,7.31,9.58,83.14
amazon_rainforest,2013-03-01,30.64,23.89,22.3,9.04,71.11
amazon_rainforest,2013-03-02,31.83,24.06,8.45,7.51,83.91
amazon_rainforest,2013-03-03,32.69,21.48,18.83,11.47,59.51
amazon_rainforest,2013-03-04,33.99,21.41,9.89,11.39,85.97
amazon_rainforest,2013-03-05,32.36,23.97,10.9,9.6,75.79
amazon_rainforest,2013-03-06,32.45,22.55,11.6,9.12,77.05
amazon_rainforest,2013-03-07,31.93,21.18,7.32,7.61,78.4
amazon_rainforest,2013-03-08,30.68,23.21,10.59,10.18,89.08
amazon_rainforest,2013-03-09,32.22,26.68,13.19,10.9,67.96
amazon_rainforest,2013-03-10,33.5,22.38,11.47,10.66,50.86
amazon_rainforest,2013-03-11,33.41,21.73,7.24,9.87,48.87
amazon_rainforest,2013-03-12,31.1,22.19,15.15,13.02,73.34
amazon_rainforest,2013-03-13,32.21,21.81,0.73,10.3,100.0
amazon_rainforest,2013-03-14,34.04,24.54,13.59,8.9,73.1
amazon_rainforest,2013-03-15,33.09,25.56,12.44,8.3,95.11
amazon_rainforest,2013-03-16,31.02,23.72,10.76,7.3,69.11
amazon_rainforest,2013-03-17,29.84,23.47,16.13,13.74,86.78
amazon_rainforest,2013-03-18,27.42,22.94,12.26,11.07,70.21
amazon_rainforest,2013-03-19,35.07,25.73,0.0,12.05,61.12
amazon_rainforest,2013-03-20,37.01,24.45,14.32,9.75,77.8
amazon_rainforest,2013-03-21,33.89,25.44,10.29,9.96,80.11
amazon_rainforest,2013-03-22,30.68,20.73,10.84,7.65,80.17
amazon_rainforest,2013-03-23,31.76,25.11,11.42,8.82,90.44
amazon_rainforest,2013-03-24,31.11,23.96,10.66,8.77,83.93
amazon_rainforest,2013-03-25,31.73,24.83,4.47,7.37,92.89
amazon_rainforest,2013-03-26,32.99,25.48,7.1,10.38,92.73
amazon_rainforest,2013-03-27,33.26,21.67,14.39,16.64,76.79
amazon_rainforest,2013-03-28,30.43,23.42,9.88,6.77,55.43
amazon_rainforest,2013-03-29,32.97,21.31,10.85,10.42,71.73
amazon_rainforest,2013-03-30,26.96,25.19,13.32,8.28,82.95
amazon_rainforest,2013-03-31,35.2,21.53,8.76,9.87,78.45
amazon_rainforest,2013-04-01,29.55,20.28,15.35,12.65,97.67
amazon_rainforest,2013-04-02,32.4,21.31,10.95,5.86,92.74
amazon_rainforest,2013-04-03,33.27,21.88,4.23,6.99,84.4
amazon_rainforest,2013-04-04,32.68,21.54,8.1,8.63,79.88
amazon_rainforest,2013-04-05,33.26,23.05,7.73,9.3,72.99
amazon_rainforest,2013-04-06,34.83,24.1,10.0,7.92,85.54
amazon_rainforest,2013-04-07,30.98,20.83,4.21,8.67,75.93
amazon_rainforest,2013-04-08,32.64,24.66,18.53,11.02,62.95
amazon_rainforest,2013-04-09,30.9,23.28,13.66,6.87,90.17
amazon_rainforest,2013-04-10,34.43,24.57,10.68,7.93,52.94
amazon_rainforest,2013-04-11,31.84,23.1,9.92,7.7,67.68
amazon_rainforest,2013-04-12,31.87,24.44,14.2,11.48,71.11
amazon_rainforest,2013-04-13,31.66,21.04,1.69,8.38,64.56
amazon_rainforest,2013-04-14,32.76,22.85,10.81,7.96,64.73
amazon_rainforest,2013-04-15,31.88,21.64,3.11,8.56,77.79
amazon_rainforest,2013-04-16,31.86,23.67,13.66,9.12,69.84
amazon_rainforest,2013-04-17,31.25,23.53,4.8,11.6,81.42
amazon_rainforest,2013-04-18,31.48,23.95,10.59,9.9,76.47
amazon_rainforest,2013-04-19,32.18,23.7,18.71,12.86,76.13
amazon_rainforest,2013-04-20,33.99,23.91,14.52,7.95,82.53
amazon_rainforest,2013-04-21,32.65,23.02,3.78,10.73,63.51
amazon_rainforest,2013-04-22,30.97,21.99,9.93,11.78,50.95
amazon_rainforest,2013-04-23,31.12,24.26,9.11,6.42,83.58
amazon_rainforest,2013-04-24,35.07,21.45,8.42,6.1,72.48
amazon_rainforest,2013-04-25,28.8,21.94,17.0,8.03,80.45
amazon_rainforest,2013-04-26,29.15,23.65,8.27,12.49,42.31
amazon_rainforest,2013-04-27,30.31,22.37,19.97,9.19,67.31
amazon_rainforest,2013-04-28,33.08,22.02,5.24,9.42,72.11
amazon_rainforest,2013-04-29,30.01,24.56,8.78,8.31,75.91
amazon_rainforest,2013-04-30,29.92,18.53,8.39,9.73,86.41
amazon_rainforest,2013-05-01,33.65,23.83,9.68,9.03,66.34
amazon_rainforest,2013-05-02,28.8,19.32,12.22,5.99,48.61
amazon_rainforest,2013-05-03,33.08,22.44,14.66,4.16,62.4
amazon_rainforest,2013-05-04,34.14,23.88,7.57,11.22,69.47
amazon_rainforest,2013-05-05,33.11,23.27,7.02,3.85,78.34
amazon_rainforest,2013-05-06,32.06,21.45,7.59,7.63,77.52
amazon_rainforest,2013-05-07,33.03,23.11,12.51,7.44,59.18
amazon_rainforest,2013-05-08,36.83,21.22,1.66,8.12,85.05
amazon_rainforest,2013-05-09,31.63,20.42,5.45,8.42,54.46
amazon_rainforest,2013-05-10,31.62,20.95,16.66,11.27,100.0
amazon_rainforest,2013-05-11,35.77,20.93,0.0,9.18,70.06
amazon_rainforest,2013-05-12,30.34,23.31,11.99,11.12,58.34
amazon_rainforest,2013-05-13,30.96,26.35,13.37,7.6,67.0
amazon_rainforest,2013-05-14,35.11,22.83,12.1,8.09,60.34
amazon_rainforest,2013-05-15,33.33,21.51,4.7,6.05,61.02
amazon_rainforest,2013-05-16,28.89,20.31,12.33,7.53,80.79
amazon_rainforest,2013-05-17,31.6,21.23,10.17,9.25,84.44
amazon_rainforest,2013-05-18,32.8,20.51,9.91,4.26,67.37
amazon_rainforest,2013-05-19,31.17,20.61,1.47,8.97,69.23
amazon_rainforest,2013-05-20,31.06,21.2,5.54,5.69,56.67
amazon_rainforest,2013-05-21,28.64,21.96,7.27,6.8,84.03
amazon_rainforest,2013-05-22,32.54,20.75,19.49,10.3,64.75
amazon_rainforest,2013-05-23,35.41,23.89,0.55,6.2,82.67
amazon_rainforest,2013-05-24,32.0,24.02,6.15,6.53,73.23
amazon_rainforest,2013-05-25,33.09,21.96,8.47,9.68,64.56
amazon_rainforest,2013-05-26,29.39,19.12,6.58,8.36,57.33
amazon_rainforest,2013-05-27,28.99,22.54,7.15,4.82,91.05
amazon_rainforest,2013-05-28,29.51,23.18,0.0,7.39,76.42
amazon_rainforest,2013-05-29,31.66,20.54,7.58,7.25,69.72
amazon_rainforest,2013-05-30,31.27,19.96,0.76,8.0,82.84
amazon_rainforest,2013-05-31,27.77,24.4,5.76,8.25,72.24
amazon_rainforest,2013-06-01,30.29,20.84,5.57,6.7,65.15
amazon_rainforest,2013-06-02,31.05,21.05,12.61,14.03,51.85
amazon_rainforest,2013-06-03,31.62,20.63,0.0,7.2,53.85
amazon_rainforest,2013-06-04,31.05,20.82,0.0,8.69,79.31
amazon_rainforest,2013-06-05,32.65,21.13,2.45,3.96,62.17
amazon_rainforest,2013-06-06,28.12,21.69,10.04,6.6,57.65
amazon_rainforest,2013-06-07,34.5,20.09,7.04,7.88,77.44
amazon_rainforest,2013-06-08,26.77,18.14,5.34,5.25,64.5
amazon_rainforest,2013-06-09,32.95,22.28,12.15,6.94,62.98
amazon_rainforest,2013-06-10,33.45,20.83,1.18,8.17,51.68
amazon_rainforest,2013-06-11,28.78,19.77,2.35,4.94,54.1
amazon_rainforest,2013-06-12,34.54,21.8,7.83,6.36,68.18
amazon_rainforest,2013-06-13,30.4,21.66,6.78,7.71,66.84
amazon_rainforest,2013-06-14,30.31,23.28,1.43,8.94,63.32
amazon_rainforest,2013-06-15,32.44,17.89,2.15,8.9,86.46
amazon_rainforest,2013-06-16,30.87,21.56,0.96,7.59,67.26
amazon_rainforest,2013-06-17,29.64,20.95,0.0,7.24,71.69
amazon_rainforest,2013-06-18,29.89,20.12,1.84,10.34,52.04
amazon_rainforest,2013-06-19,30.95,22.89,0.0,11.0,65.03
amazon_rainforest,2013-06-20,29.33,22.03,3.77,10.99,64.11
amazon_rainforest,2013-06-21,31.57,21.51,3.49,7.9,60.19
amazon_rainforest,2013-06-22,29.46,20.31,4.88,6.96,91.97
amazon_rainforest,2013-06-23,29.55,22.93,10.54,7.59,64.16
amazon_rainforest,2013-06-24,29.56,18.79,3.58,5.22,69.66
amazon_rainforest,2013-06-25,26.42,23.05,0.0,6.12,73.2
amazon_rainforest,2013-06-26,29.8,20.24,2.78,6.76,64.34
amazon_rainforest,2013-06-27,31.17,21.01,0.0,8.02,65.8
amazon_rainforest,2013-06-28,33.66,23.5,6.3,8.84,75.6
amazon_rainforest,2013-06-29,33.33,23.41,7.83,10.16,49.56
amazon_rainforest,2013-06-30,30.3,21.97,7.94,10.58,84.46
amazon_rainforest,2013-07-01,30.22,21.97,10.31,6.51,70.14
amazon_rainforest,2013-07-02,28.86,21.05,0.0,7.55,83.56
amazon_rainforest,2013-07-03,31.73,22.87,1.16,9.74,73.31
amazon_rainforest,2013-07-04,27.67,22.24,16.78,7.52,44.06
amazon_rainforest,2013-07-05,28.4,22.44,8.57,4.96,54.71
amazon_rainforest,2013-07-06,27.13,19.89,5.96,9.15,60.27
amazon_rainforest,2013-07-07,29.9,21.66,2.71,6.05,47.21
amazon_rainforest,2013-07-08,30.49,21.19,9.49,4.31,62.65
amazon_rainforest,2013-07-09,27.78,20.18,1.62,5.47,50.4
amazon_rainforest,2013-07-10,28.14,21.34,0.4,8.04,60.86
amazon_rainforest,2013-07-11,31.17,23.54,4.37,7.5,54.01
amazon_rainforest,2013-07-12,29.53,22.11,2.51,6.04,62.02
amazon_rainforest,2013-07-13,28.11,21.14,0.0,11.91,78.47
amazon_rainforest,2013-07-14,28.74,20.73,0.0,4.65,55.11
amazon_rainforest,2013-07-15,31.35,20.68,8.01,5.76,66.58
amazon_rainforest,2013-07-16,31.11,21.53,10.55,6.37,53.12
amazon_rainforest,2013-07-17,29.65,21.21,5.28,4.21,70.31
amazon_rainforest,2013-07-18,27.78,22.92,0.0,6.16,55.91
amazon_rainforest,2013-07-19,27.34,20.6,1.98,3.72,68.61
amazon_rainforest,2013-07-20,26.29,22.79,0.0,8.13,40.54
amazon_rainforest,2013-07-21,28.06,20.52,0.0,7.29,47.41
amazon_rainforest,2013-07-22,31.09,22.83,3.64,7.23,69.45
amazon_rainforest,2013-07-23,28.26,24.54,1.89,9.39,78.39
amazon_rainforest,2013-07-24,27.76,24.61,8.4,6.72,74.9
amazon_rainforest,2013-07-25,27.93,23.03,6.42,3.51,65.98
amazon_rainforest,2013-07-26,28.88,24.42,0.0,5.98,55.31
amazon_rainforest,2013-07-27,31.84,19.73,9.73,8.31,47.94
amazon_rainforest,2013-07-28,27.9,19.8,0.07,5.12,60.96
amazon_rainforest,2013-07-29,28.53,21.39,0.0,7.0,49.89
amazon_rainforest,2013-07-30,27.34,22.08,1.08,5.16,57.06
amazon_rainforest,2013-07-31,31.55,21.05,1.63,5.01,68.02
amazon_rainforest,2013-08-01,29.6,21.34,0.0,6.8,55.39
amazon_rainforest,2013-08-02,26.86,22.56,4.78,8.77,57.17
amazon_rainforest,2013-08-03,27.55,20.85,0.0,5.53,59.84
amazon_rainforest,2013-08-04,30.45,20.27,0.0,9.23,67.62
amazon_rainforest,2013-08-05,31.79,21.88,7.04,6.35,58.31
amazon_rainforest,2013-08-06,28.37,21.6,0.0,5.69,76.75
amazon_rainforest,2013-08-07,30.94,20.44,3.67,4.82,71.54
amazon_rainforest,2013-08-08,30.35,20.43,0.0,6.76,76.84
amazon_rainforest,2013-08-09,33.36,22.0,8.1,6.68,66.67
amazon_rainforest,2013-08-10,27.61,20.05,5.02,5.79,80.77
amazon_rainforest,2013-08-11,33.17,18.93,6.83,4.56,64.34
amazon_rainforest,2013-08-12,31.13,19.04,0.0,2.18,68.14
amazon_rainforest,2013-08-13,27.75,19.22,0.0,5.91,42.55
amazon_rainforest,2013-08-14,30.89,19.25,0.64,6.5,66.51
amazon_rainforest,2013-08-15,28.01,21.66,3.29,9.41,69.25
amazon_rainforest,2013-08-16,30.0,20.54,7.84,6.59,66.77
amazon_rainforest,2013-08-17,30.72,21.95,0.0,8.68,72.08
amazon_rainforest,2013-08-18,28.28,21.25,2.91,5.27,65.74
amazon_rainforest,2013-08-19,33.17,20.96,0.0,4.62,60.57
amazon_rainforest,2013-08-20,29.5,21.3,0.32,0.29,77.5
amazon_rainforest,2013-08-21,29.62,22.14,0.0,5.87,48.67
amazon_rainforest,2013-08-22,31.14,19.95,14.95,8.58,71.0
amazon_rainforest,2013-08-23,30.99,21.79,5.16,2.23,61.35
amazon_rainforest,2013-08-24,31.3,21.55,0.43,6.31,66.75
amazon_rainforest,2013-08-25,30.93,22.53,0.0,7.87,55.34
amazon_rainforest,2013-08-26,33.81,17.97,5.0,4.1,68.86
amazon_rainforest,2013-08-27,30.0,21.91,0.42,7.56,49.92
amazon_rainforest,2013-08-28,29.9,21.75,3.38,5.01,56.96
amazon_rainforest,2013-08-29,32.18,19.93,3.07,9.79,64.81
amazon_rainforest,2013-08-30,29.52,20.22,0.0,4.1,51.98
amazon_rainforest,2013-08-31,27.18,19.89,4.55,8.35,74.48
amazon_rainforest,2013-09-01,28.51,20.46,0.0,2.19,74.11
amazon_rainforest,2013-09-02,28.52,22.09,0.0,8.27,54.62
amazon_rainforest,2013-09-03,32.9,20.22,2.76,6.06,70.15
amazon_rainforest,2013-09-04,27.96,23.37,6.59,7.32,55.35
amazon_rainforest,2013-09-05,27.12,19.46,0.0,3.28,80.04
amazon_rainforest,2013-09-06,31.25,18.12,12.89,5.58,35.1
amazon_rainforest,2013-09-07,33.61,19.42,0.0,8.0,71.45
amazon_rainforest,2013-09-08,26.66,20.72,3.05,6.32,72.16
amazon_rainforest,2013-09-09,33.73,21.37,13.45,5.07,54.01
amazon_rainforest,2013-09-10,27.62,21.54,0.0,9.37,66.9
amazon_rainforest,2013-09-11,25.88,19.28,0.0,6.6,54.58
amazon_rainforest,2013-09-12,26.55,20.87,8.45,8.19,54.25
amazon_rainforest,2013-09-13,29.66,20.45,9.54,3.48,73.98
amazon_rainforest,2013-09-14,28.69,22.98,0.0,6.01,80.0
amazon_rainforest,2013-09-15,29.37,20.28,0.0,4.89,51.66
amazon_rainforest,2013-09-16,28.46,21.68,0.0,5.47,74.6
amazon_rainforest,2013-09-17,26.92,21.32,0.0,11.17,73.39
amazon_rainforest,2013-09-18,30.92,23.11,3.69,8.11,43.97
amazon_rainforest,2013-09-19,28.5,21.8,2.38,6.38,54.57
amazon_rainforest,2013-09-20,31.84,19.47,0.0,5.9,50.86
amazon_rainforest,2013-09-21,30.96,24.14,8.9,3.76,63.55
amazon_rainforest,2013-09-22,28.89,21.39,0.0,4.33,53.7
amazon_rainforest,2013-09-23,28.56,23.21,4.86,7.92,62.64
amazon_rainforest,2013-09-24,25.35,21.64,0.0,6.19,73.62
amazon_rainforest,2013-09-25,31.3,21.18,0.0,5.69,68.54
amazon_rainforest,2013-09-26,30.01,21.41,0.0,1.83,54.95
amazon_rainforest,2013-09-27,30.61,18.37,12.62,6.22,73.8
amazon_rainforest,2013-09-28,27.83,19.52,0.0,11.93,74.01
amazon_rainforest,2013-09-29,29.7,21.67,4.13,7.94,74.68
amazon_rainforest,2013-09-30,27.2,23.73,6.0,5.75,73.42
amazon_rainforest,2013-10-01,27.64,19.68,5.37,7.06,48.9
amazon_rainforest,2013-10-02,32.36,22.13,0.0,5.39,73.02
amazon_rainforest,2013-10-03,29.02,22.69,0.57,10.44,59.32
amazon_rainforest,2013-10-04,29.45,22.07,5.63,8.6,59.13
amazon_rainforest,2013-10-05,26.79,20.41,3.25,7.3,63.29
amazon_rainforest,2013-10-06,27.82,21.61,10.66,5.45,64.12
amazon_rainforest,2013-10-07,27.5,18.4,0.0,8.22,41.66
amazon_rainforest,2013-10-08,29.2,24.27,7.99,7.69,69.45
amazon_rainforest,2013-10-09,28.55,24.7,3.77,7.91,65.11
amazon_rainforest,2013-10-10,29.15,21.54,11.63,7.97,66.17
amazon_rainforest,2013-10-11,30.91,21.04,14.43,6.68,46.55
amazon_rainforest,2013-10-12,32.74,21.75,2.32,3.61,54.03
amazon_rainforest,2013-10-13,30.81,23.67,4.99,7.17,59.32
amazon_rainforest,2013-10-14,27.81,21.53,0.89,5.89,68.5
amazon_rainforest,2013-10-15,27.3,20.22,8.12,4.23,74.24
amazon_rainforest,2013-10-16,27.92,22.18,8.29,3.4,56.11
amazon_rainforest,2013-10-17,30.26,21.69,1.33,6.52,73.99
amazon_rainforest,2013-10-18,32.0,21.59,6.89,4.46,56.86
amazon_rainforest,2013-10-19,31.92,21.96,2.76,3.54,58.95
amazon_rainforest,2013-10-20,34.17,20.31,0.0,8.82,62.95
amazon_rainforest,2013-10-21,29.83,20.25,4.72,9.29,58.72
amazon_rainforest,2013-10-22,28.99,18.51,6.1,8.62,68.87
amazon_rainforest,2013-10-23,29.96,20.9,6.49,9.41,56.71
amazon_rainforest,2013-10-24,26.46,20.75,0.0,4.57,71.02
amazon_rainforest,2013-10-25,30.1,20.61,2.42,6.77,66.24
amazon_rainforest,2013-10-26,29.42,22.8,0.0,7.14,50.13
amazon_rainforest,2013-10-27,27.75,24.01,4.33,7.87,76.12
amazon_rainforest,2013-10-28,32.76,19.58,4.13,7.32,70.32
amazon_rainforest,2013-10-29,28.73,23.21,0.0,3.91,68.46
amazon_rainforest,2013-10-30,29.24,20.57,0.0,6.0,59.21
amazon_rainforest,2013-10-31,27.15,21.17,6.76,7.43,47.84
amazon_rainforest,2013-11-01,30.59,20.61,10.36,6.43,70.36
amazon_rainforest,2013-11-02,34.2,20.34,0.0,8.64,98.21
amazon_rainforest,2013-11-03,30.73,23.44,3.38,8.22,35.39
amazon_rainforest,2013-11-04,32.54,20.37,0.0,10.83,77.62
amazon_rainforest,2013-11-05,29.05,23.66,8.67,8.47,53.43
amazon_rainforest,2013-11-06,31.71,22.47,11.7,9.77,73.97
amazon_rainforest,2013-11-07,28.91,22.4,0.0,5.87,54.47
amazon_rainforest,2013-11-08,28.32,20.45,0.0,10.4,74.61
amazon_rainforest,2013-11-09,31.33,24.96,3.44,10.04,81.45
amazon_rainforest,2013-11-10,33.3,21.7,5.53,7.01,67.93
amazon_rainforest,2013-11-11,28.78,20.36,0.0,6.69,73.26
amazon_rainforest,2013-11-12,31.17,21.29,0.0,6.96,70.45
amazon_rainforest,2013-11-13,26.62,21.28,9.94,4.45,58.69
amazon_rainforest,2013-11-14,28.42,21.56,0.0,5.76,66.34
amazon_rainforest,2013-11-15,35.82,22.09,0.0,8.6,74.27
amazon_rainforest,2013-11-16,29.69,21.37,4.15,10.08,83.68
amazon_rainforest,2013-11-17,29.41,20.2,14.32,9.36,61.34
amazon_rainforest,2013-11-18,31.95,19.96,2.54,5.72,74.06
amazon_rainforest,2013-11-19,28.58,21.93,0.0,10.14,64.36
amazon_rainforest,2013-11-20,31.97,18.38,7.91,9.72,76.1
amazon_rainforest,2013-11-21,32.02,24.63,10.96,8.31,77.37
amazon_rainforest,2013-11-22,30.11,21.46,12.23,10.34,67.49
amazon_rainforest,2013-11-23,33.72,23.1,7.39,12.63,74.13
amazon_rainforest,2013-11-24,27.67,21.54,8.54,7.44,51.39
amazon_rainforest,2013-11-25,30.13,23.93,8.71,7.14,76.14
amazon_rainforest,2013-11-26,33.54,20.73,6.75,6.8,73.99
amazon_rainforest,2013-11-27,32.79,24.91,14.95,7.17,82.08
amazon_rainforest,2013-11-28,30.02,22.01,6.22,9.66,47.73
amazon_rainforest,2013-11-29,29.62,19.77,5.57,4.99,68.65
amazon_rainforest,2013-11-30,31.47,20.91,10.4,5.0,55.49
amazon_rainforest,2013-12-01,27.07,22.32,7.17,8.86,56.15
amazon_rainforest,2013-12-02,31.09,21.25,15.87,7.72,46.28
amazon_rainforest,2013-12-03,31.64,23.75,16.21,10.25,73.49
amazon_rainforest,2013-12-04,29.57,20.36,1.59,5.36,63.44
amazon_rainforest,2013-12-05,31.11,20.55,10.49,7.24,72.04
amazon_rainforest,2013-12-06,31.16,20.72,6.71,7.72,72.4
amazon_rainforest,2013-12-07,28.2,22.38,8.26,9.62,76.07
amazon_rainforest,2013-12-08,31.07,22.91,12.51,7.93,78.63
amazon_rainforest,2013-12-09,28.4,20.35,5.35,6.54,86.91
amazon_rainforest,2013-12-10,29.94,23.3,2.72,9.08,70.67
amazon_rainforest,2013-12-11,30.25,23.26,3.98,8.3,67.32
amazon_rainforest,2013-12-12,34.34,22.21,6.22,7.28,57.79
amazon_rainforest,2013-12-13,33.05,20.79,0.0,5.82,77.75
amazon_rainforest,2013-12-14,34.43,22.68,5.29,10.24,62.3
amazon_rainforest,2013-12-15,30.18,21.24,7.07,7.75,74.32
amazon_rainforest,2013-12-16,30.84,22.77,11.71,8.4,96.12
amazon_rainforest,2013-12-17,31.96,21.27,4.27,9.58,53.93
amazon_rainforest,2013-12-18,31.66,21.37,9.43,6.51,58.89
amazon_rainforest,2013-12-19,33.72,20.26,7.81,9.75,73.75
amazon_rainforest,2013-12-20,32.86,22.92,11.76,9.97,59.24
amazon_rainforest,2013-12-21,33.37,21.99,13.42,7.1,87.31
amazon_rainforest,2013-12-22,30.99,23.55,5.57,7.67,61.02
amazon_rainforest,2013-12-23,33.11,24.76,13.59,6.91,72.2
amazon_rainforest,2013-12-24,30.64,21.54,12.72,8.03,78.42
amazon_rainforest,2013-12-25,36.42,20.53,6.2,9.75,57.17
amazon_rainforest,2013-12-26,31.04,23.11,13.27,6.04,74.0
amazon_rainforest,2013-12-27,31.97,24.47,9.32,8.68,89.85
amazon_rainforest,2013-12-28,33.24,21.05,11.66,9.16,79.72
amazon_rainforest,2013-12-29,36.53,21.18,11.04,9.68,69.2
amazon_rainforest,2013-12-30,33.9,21.98,5.62,6.27,82.21
amazon_rainforest,2013-12-31,30.07,24.89,5.25,7.62,46.36
amazon_rainforest,2014-01-01,33.93,21.46,14.95,8.62,67.29
amazon_rainforest,2014-01-02,28.63,23.39,6.15,7.2,56.15
amazon_rainforest,2014-01-03,30.79,22.32,0.0,5.64,77.12
amazon_rainforest,2014-01-04,30.31,24.47,5.01,11.17,75.35
amazon_rainforest,2014-01-05,31.03,23.17,14.77,8.2,63.7
amazon_rainforest,2014-01-06,33.45,23.68,16.01,8.35,87.0
amazon_rainforest,2014-01-07,34.11,22.34,14.45,8.97,50.9
amazon_rainforest,2014-01-08,34.44,21.26,6.86,11.46,94.38
amazon_rainforest,2014-01-09,30.95,23.49,7.2,10.75,86.98
amazon_rainforest,2014-01-10,29.08,23.63,10.88,9.62,76.28
amazon_rainforest,2014-01-11,32.97,21.74,11.95,5.38,68.74
amazon_rainforest,2014-01-12,32.46,22.35,0.0,12.42,72.06
amazon_rainforest,2014-01-13,28.42,23.47,4.62,9.02,79.03
amazon_rainforest,2014-01-14,31.33,19.99,9.7,5.07,67.55
amazon_rainforest,2014-01-15,30.01,22.1,7.8,10.85,73.72
amazon_rainforest,2014-01-16,27.81,22.83,5.33,7.09,79.41
amazon_rainforest,2014-01-17,32.42,22.54,11.55,7.63,82.61
amazon_rainforest,2014-01-18,30.83,23.45,6.59,7.46,91.92
amazon_rainforest,2014-01-19,30.89,19.81,0.06,4.07,93.44
amazon_rainforest,2014-01-20,32.3,22.81,14.44,8.4,74.95
amazon_rainforest,2014-01-21,28.28,20.58,9.02,11.12,57.16
amazon_rainforest,2014-01-22,29.95,23.92,11.25,9.09,75.9
amazon_rainforest,2014-01-23,32.68,22.35,4.15,8.12,92.06
amazon_rainforest,2014-01-24,33.31,21.36,4.77,7.89,75.01
amazon_rainforest,2014-01-25,34.94,20.9,1.0,8.42,95.56
amazon_rainforest,2014-01-26,32.66,23.73,11.68,6.78,61.71
amazon_rainforest,2014-01-27,33.42,22.81,8.74,10.11,81.6
amazon_rainforest,2014-01-28,32.46,23.69,15.78,10.91,81.66
amazon_rainforest,2014-01-29,34.04,22.43,6.72,11.04,97.41
amazon_rainforest,2014-01-30,30.0,19.98,4.98,10.67,77.5
amazon_rainforest,2014-01-31,30.9,24.94,4.85,10.25,82.13
amazon_rainforest,2014-02-01,32.11,23.65,13.74,8.69,85.19
amazon_rainforest,2014-02-02,32.31,24.25,21.6,10.45,64.12
amazon_rainforest,2014-02-03,29.86,20.53,8.24,9.94,70.05
amazon_rainforest,2014-02-04,29.16,26.96,13.11,6.21,81.14
amazon_rainforest,2014-02-05,30.53,24.11,7.48,8.27,79.35
amazon_rainforest,2014-02-06,30.9,26.59,8.14,10.22,73.83
amazon_rainforest,2014-02-07,33.05,23.01,4.33,9.97,82.13
amazon_rainforest,2014-02-08,28.24,23.46,10.76,8.13,79.33
amazon_rainforest,2014-02-09,36.99,23.58,7.05,8.84,88.92
amazon_rainforest,2014-02-10,30.64,20.97,5.61,8.72,71.05
amazon_rainforest,2014-02-11,29.15,23.58,16.11,9.49,81.18
amazon_rainforest,2014-02-12,29.71,23.31,14.66,11.4,73.0
amazon_rainforest,2014-02-13,32.13,23.1,16.3,12.79,71.41
amazon_rainforest,2014-02-14,30.54,22.7,11.59,10.27,93.01
amazon_rainforest,2014-02-15,32.05,22.88,6.42,5.11,89.16
amazon_rainforest,2014-02-16,31.63,25.33,12.13,7.46,79.02
amazon_rainforest,2014-02-17,32.65,22.32,11.76,9.32,71.23
amazon_rainforest,2014-02-18,32.21,22.63,6.14,12.03,93.54
amazon_rainforest,2014-02-19,33.27,23.98,19.82,12.36,99.63
amazon_rainforest,2014-02-20,35.77,23.6,10.44,11.98,60.59
amazon_rainforest,2014-02-21,31.66,23.54,11.33,8.39,70.49
amazon_rainforest,2014-02-22,30.37,22.86,11.34,8.99,71.33
amazon_rainforest,2014-02-23,34.31,21.32,12.91,11.46,75.2
amazon_rainforest,2014-02-24,33.25,21.17,9.19,4.86,73.15
amazon_rainforest,2014-02-25,32.25,23.43,16.81,8.2,76.16
amazon_rainforest,2014-02-26,32.84,22.14,17.75,12.59,85.81
amazon_rainforest,2014-02-27,31.37,23.41,0.89,10.27,74.25
amazon_rainforest,2014-02-28,35.17,23.08,9.38,9.31,72.8
amazon_rainforest,2014-03-01,34.36,25.22,16.08,9.98,76.55
amazon_rainforest,2014-03-02,33.0,22.44,12.79,13.61,80.8
amazon_rainforest,2014-03-03,31.83,24.01,5.09,10.29,79.14
amazon_rainforest,2014-03-04,28.96,21.21,8.54,11.42,81.65
amazon_rainforest,2014-03-05,34.04,23.84,18.05,11.67,77.42
amazon_rainforest,2014-03-06,32.66,24.17,2.54,14.96,70.95
amazon_rainforest,2014-03-07,34.44,24.6,11.11,9.47,81.68
amazon_rainforest,2014-03-08,29.63,22.35,9.99,10.4,59.24
amazon_rainforest,2014-03-09,32.16,24.29,8.51,10.95,84.61
amazon_rainforest,2014-03-10,32.0,25.23,8.86,7.58,88.58
amazon_rainforest,2014-03-11,28.72,22.29,13.58,13.07,64.79
amazon_rainforest,2014-03-12,29.45,23.35,13.89,8.93,88.93
amazon_rainforest,2014-03-13,32.99,23.69,12.01,7.67,95.31
amazon_rainforest,2014-03-14,37.65,22.22,13.5,9.99,67.35
amazon_rainforest,2014-03-15,35.03,22.6,9.68,6.84,80.92
amazon_rainforest,2014-03-16,28.8,22.17,17.27,8.74,73.08
amazon_rainforest,2014-03-17,32.82,23.33,13.94,10.24,75.57
amazon_rainforest,2014-03-18,31.01,21.97,7.46,6.07,71.28
amazon_rainforest,2014-03-19,33.73,21.48,12.8,9.84,62.7
amazon_rainforest,2014-03-20,32.65,25.81,15.5,7.05,94.61
amazon_rainforest,2014-03-21,31.14,23.73,11.29,9.69,76.79
amazon_rainforest,2014-03-22,34.06,21.37,5.41,9.79,78.8
amazon_rainforest,2014-03-23,32.51,21.15,1.08,9.33,85.82
amazon_rainforest,2014-03-24,32.88,19.44,13.42,9.3,83.65
amazon_rainforest,2014-03-25,32.36,21.47,4.7,11.81,71.42
amazon_rainforest,2014-03-26,32.38,21.03,5.94,5.42,71.7
amazon_rainforest,2014-03-27,32.54,22.85,6.07,9.08,74.12
amazon_rainforest,2014-03-28,34.98,22.55,5.14,10.46,89.92
amazon_rainforest,2014-03-29,34.11,20.85,8.3,12.91,72.16
amazon_rainforest,2014-03-30,34.67,24.09,10.36,8.17,70.13
amazon_rainforest,2014-03-31,28.23,20.85,6.25,9.32,70.05
amazon_rainforest,2014-04-01,33.15,24.01,5.57,12.16,77.35
amazon_rainforest,2014-04-02,30.18,21.42,8.02,8.9,80.77
amazon_rainforest,2014-04-03,32.63,24.23,8.65,11.42,100.0
amazon_rainforest,2014-04-04,34.61,21.74,11.1,10.97,62.91
amazon_rainforest,2014-04-05,30.08,21.72,10.8,11.96,63.3
amazon_rainforest,2014-04-06,32.69,24.71,3.51,8.02,95.25
amazon_rainforest,2014-04-07,31.1,21.05,13.9,8.14,50.04
amazon_rainforest,2014-04-08,34.2,24.54,2.71,5.69,88.07
amazon_rainforest,2014-04-09,32.61,22.3,10.76,8.05,67.56
amazon_rainforest,2014-04-10,31.53,21.52,8.79,9.74,74.51
amazon_rainforest,2014-04-11,31.65,22.93,17.83,11.52,74.34
amazon_rainforest,2014-04-12,32.7,23.4,7.08,9.64,93.72
amazon_rainforest,2014-04-13,35.57,21.08,9.55,10.12,71.75
amazon_rainforest,2014-04-14,32.62,22.67,9.63,7.09,85.54
amazon_rainforest,2014-04-15,33.08,23.14,12.21,5.02,70.24
amazon_rainforest,2014-04-16,33.99,21.05,15.06,11.61,66.23
amazon_rainforest,2014-04-17,31.69,23.85,10.44,10.39,67.88
amazon_rainforest,2014-04-18,30.04,23.79,20.6,10.8,69.89
amazon_rainforest,2014-04-19,32.22,23.09,7.71,5.88,59.55
amazon_rainforest,2014-04-20,33.8,23.08,14.94,7.56,71.74
amazon_rainforest,2014-04-21,31.81,22.81,10.07,7.1,91.02
amazon_rainforest,2014-04-22,29.86,21.71,9.52,8.19,83.95
amazon_rainforest,2014-04-23,33.27,22.81,2.7,10.23,74.41
amazon_rainforest,2014-04-24,35.45,25.1,11.63,10.68,79.52
amazon_rainforest,2014-04-25,32.0,18.19,7.51,10.08,70.39
amazon_rainforest,2014-04-26,30.25,21.06,8.43,7.52,75.54
amazon_rainforest,2014-04-27,33.94,21.37,8.44,8.69,78.89
amazon_rainforest,2014-04-28,33.67,21.08,11.16,9.68,58.2
amazon_rainforest,2014-04-29,32.97,20.8,14.23,6.24,79.96
amazon_rainforest,2014-04-30,32.26,22.71,7.37,7.9,79.64
amazon_rainforest,2014-05-01,32.12,24.31,6.6,8.53,66.08
amazon_rainforest,2014-05-02,34.84,21.93,9.41,9.24,67.68
amazon_rainforest,2014-05-03,33.17,24.88,2.85,9.47,85.43
amazon_rainforest,2014-05-04,31.57,25.24,3.74,5.45,87.33
amazon_rainforest,2014-05-05,32.49,23.67,10.58,6.07,68.83
amazon_rainforest,2014-05-06,31.31,21.79,5.06,6.16,80.93
amazon_rainforest,2014-05-07,31.21,20.36,11.8,10.06,91.24
amazon_rainforest,2014-05-08,31.14,22.68,7.24,6.72,75.58
amazon_rainforest,2014-05-09,32.99,23.41,5.94,7.28,57.91
amazon_rainforest,2014-05-10,31.14,23.04,13.31,5.08,67.25
amazon_rainforest,2014-05-11,31.44,24.79,4.24,9.89,55.17
amazon_rainforest,2014-05-12,31.94,25.82,7.47,8.36,87.66
amazon_rainforest,2014-05-13,33.04,23.95,4.23,12.22,97.02
amazon_rainforest,2014-05-14,33.97,22.38,7.25,2.68,77.1
amazon_rainforest,2014-05-15,30.18,21.34,10.44,5.71,61.66
amazon_rainforest,2014-05-16,32.49,20.99,7.93,9.16,82.85
amazon_rainforest,2014-05-17,32.56,23.9,6.9,11.92,61.36
amazon_rainforest,2014-05-18,31.7,21.46,6.36,5.78,94.66
amazon_rainforest,2014-05-19,27.89,21.51,8.28,4.22,61.93
amazon_rainforest,2014-05-20,31.24,21.45,9.1,8.08,73.59
amazon_rainforest,2014-05-21,31.67,22.67,8.95,6.8,82.24
amazon_rainforest,2014-05-22,33.84,21.15,7.58,8.74,73.29
amazon_rainforest,2014-05-23,33.66,24.34,3.72,11.62,49.8
amazon_rainforest,2014-05-24,32.49,20.16,5.88,7.1,76.66
amazon_rainforest,2014-05-25,35.98,24.24,4.27,7.63,61.14
amazon_rainforest,2014-05-26,32.26,20.78,8.31,7.5,73.61
amazon_rainforest,2014-05-27,30.17,20.12,5.02,9.2,55.8
amazon_rainforest,2014-05-28,33.0,22.61,5.08,7.83,73.16
amazon_rainforest,2014-05-29,30.81,22.98,13.38,6.15,77.93
amazon_rainforest,2014-05-30,31.9,22.37,5.64,10.15,82.81
amazon_rainforest,2014-05-31,29.18,22.35,0.0,5.29,80.2
amazon_rainforest,2014-06-01,29.93,22.64,14.24,7.02,87.99
amazon_rainforest,2014-06-02,28.02,21.89,5.86,7.39,77.43
amazon_rainforest,2014-06-03,30.98,20.73,4.22,5.1,66.39
amazon_rainforest,2014-06-04,29.61,20.33,4.12,10.09,71.17
amazon_rainforest,2014-06-05,35.46,22.49,3.96,6.52,78.33
amazon_rainforest,2014-06-06,33.34,22.67,11.7,5.8,50.17
amazon_rainforest,2014-06-07,29.94,23.18,2.64,10.83,45.25
amazon_rainforest,2014-06-08,29.31,20.87,2.56,8.24,72.7
amazon_rainforest,2014-06-09,29.4,23.49,4.47,6.34,94.5
amazon_rainforest,2014-06-10,29.15,24.64,0.0,7.46,82.06
amazon_rainforest,2014-06-11,28.86,21.74,3.1,7.98,65.0
amazon_rainforest,2014-06-12,30.57,19.55,9.97,7.87,80.44
amazon_rainforest,2014-06-13,29.37,20.05,6.55,8.39,64.95
amazon_rainforest,2014-06-14,28.57,20.91,7.64,7.82,58.59
amazon_rainforest,2014-06-15,33.15,18.73,1.91,10.98,52.57
amazon_rainforest,2014-06-16,29.5,21.89,0.0,8.37,66.45
amazon_rainforest,2014-06-17,29.44,22.31,7.93,8.38,58.39
amazon_rainforest,2014-06-18,33.84,22.2,0.0,5.35,78.07
amazon_rainforest,2014-06-19,34.25,19.55,0.0,7.49,48.97
amazon_rainforest,2014-06-20,32.31,18.72,0.74,4.56,75.42
amazon_rainforest,2014-06-21,30.94,22.68,1.19,8.89,57.12
amazon_rainforest,2014-06-22,29.04,24.9,0.0,7.88,69.38
amazon_rainforest,2014-06-23,32.54,23.75,4.42,7.77,59.1
amazon_rainforest,2014-06-24,29.36,21.56,14.87,9.23,78.5
amazon_rainforest,2014-06-25,27.51,20.27,3.91,9.83,63.67
amazon_rainforest,2014-06-26,29.51,20.72,0.94,3.99,75.81
amazon_rainforest,2014-06-27,28.12,22.31,4.3,6.34,69.63
amazon_rainforest,2014-06-28,28.7,20.68,8.56,7.49,77.81
amazon_rainforest,2014-06-29,33.09,21.0,0.0,5.02,60.26
amazon_rainforest,2014-06-30,33.19,21.42,1.72,8.21,83.37
amazon_rainforest,2014-07-01,28.85,23.26,4.99,8.49,59.84
amazon_rainforest,2014-07-02,28.89,23.46,5.4,6.46,67.1
amazon_rainforest,2014-07-03,28.47,23.65,1.25,8.53,64.74
amazon_rainforest,2014-07-04,33.69,19.52,0.0,7.14,74.66
amazon_rainforest,2014-07-05,33.26,21.02,4.43,5.07,83.21
amazon_rainforest,2014-07-06,28.83,22.03,0.0,6.81,64.81
amazon_rainforest,2014-07-07,32.31,20.58,0.0,3.96,76.93
amazon_rainforest,2014-07-08,30.61,20.51,3.83,7.05,52.18
amazon_rainforest,2014-07-09,30.92,23.71,4.41,8.37,68.52
amazon_rainforest,2014-07-10,31.31,24.93,2.08,8.34,84.52
amazon_rainforest,2014-07-11,29.61,20.0,11.48,6.53,65.91
amazon_rainforest,2014-07-12,29.41,20.08,5.33,6.45,69.4
amazon_rainforest,2014-07-13,33.3,19.66,3.63,8.73,78.04
amazon_rainforest,2014-07-14,30.0,20.85,10.27,5.65,58.28
amazon_rainforest,2014-07-15,30.77,23.88,12.05,5.05,89.65
amazon_rainforest,2014-07-16,33.71,20.27,7.2,10.18,61.49
amazon_rainforest,2014-07-17,30.99,21.58,0.51,5.62,68.72
amazon_rainforest,2014-07-18,30.11,24.93,4.83,4.55,44.78
amazon_rainforest,2014-07-19,29.12,21.87,6.67,7.71,77.39
amazon_rainforest,2014-07-20,28.46,22.69,0.0,4.84,67.55
amazon_rainforest,2014-07-21,30.43,20.42,0.0,8.98,62.36
amazon_rainforest,2014-07-22,28.62,20.84,5.29,5.88,52.08
amazon_rainforest,2014-07-23,29.26,22.17,1.92,6.0,87.46
amazon_rainforest,2014-07-24,26.23,22.79,5.0,7.71,70.08
amazon_rainforest,2014-07-25,30.7,18.97,5.72,10.06,84.25
amazon_rainforest,2014-07-26,28.21,21.6,0.0,7.44,67.07
amazon_rainforest,2014-07-27,33.72,20.6,1.25,7.33,67.29
amazon_rainforest,2014-07-28,28.2,18.71,2.9,6.69,66.84
amazon_rainforest,2014-07-29,29.07,20.42,6.4,10.58,56.09
amazon_rainforest,2014-07-30,29.65,21.75,6.37,7.74,57.72
amazon_rainforest,2014-07-31,28.98,21.36,0.0,4.69,64.22
amazon_rainforest,2014-08-01,26.16,22.59,0.0,4.3,84.75
amazon_rainforest,2014-08-02,29.86,21.94,0.0,7.75,36.3
amazon_rainforest,2014-08-03,30.7,19.74,7.68,7.39,77.99
amazon_rainforest,2014-08-04,29.09,20.02,0.0,6.13,51.57
amazon_rainforest,2014-08-05,29.22,22.62,12.73,3.74,61.75
amazon_rainforest,2014-08-06,29.03,22.12,0.0,7.24,56.59
amazon_rainforest,2014-08-07,28.04,22.41,0.0,5.39,70.76
amazon_rainforest,2014-08-08,28.43,20.63,0.0,4.93,80.22
amazon_rainforest,2014-08-09,32.7,23.51,0.0,8.66,71.36
amazon_rainforest,2014-08-10,30.58,21.07,0.0,5.89,52.8
amazon_rainforest,2014-08-11,31.32,25.15,2.92,5.16,65.41
amazon_rainforest,2014-08-12,28.6,21.3,1.86,6.39,72.84
amazon_rainforest,2014-08-13,31.54,21.63,0.0,6.07,66.72
amazon_rainforest,2014-08-14,31.95,23.18,2.03,7.82,71.59
amazon_rainforest,2014-08-15,28.87,19.73,0.0,6.27,75.58
amazon_rainforest,2014-08-16,34.76,21.11,5.25,5.88,56.25
amazon_rainforest,2014-08-17,27.75,19.72,3.05,9.19,62.55
amazon_rainforest,2014-08-18,27.28,21.22,4.21,7.45,67.13
amazon_rainforest,2014-08-19,27.98,18.83,1.88,8.18,71.94
amazon_rainforest,2014-08-20,28.66,23.1,0.91,8.17,64.06
amazon_rainforest,2014-08-21,31.07,22.27,2.49,5.81,43.98
amazon_rainforest,2014-08-22,28.21,20.63,14.76,6.37,62.8
amazon_rainforest,2014-08-23,25.64,21.81,0.0,6.59,59.97
amazon_rainforest,2014-08-24,28.44,21.74,4.75,10.0,54.95
amazon_rainforest,2014-08-25,28.91,22.11,4.71,3.01,50.58
amazon_rainforest,2014-08-26,30.33,19.64,13.31,6.21,49.06
amazon_rainforest,2014-08-27,24.53,21.87,7.47,6.82,56.74
amazon_rainforest,2014-08-28,28.88,19.61,0.0,3.9,54.45
amazon_rainforest,2014-08-29,29.42,22.56,0.0,3.0,58.66
amazon_rainforest,2014-08-30,29.63,21.72,0.0,5.3,58.4
amazon_rainforest,2014-08-31,30.96,20.3,3.29,7.13,48.14
amazon_rainforest,2014-09-01,27.65,23.19,2.78,7.98,35.16
amazon_rainforest,2014-09-02,29.24,23.13,0.0,8.94,77.7
amazon_rainforest,2014-09-03,29.69,20.05,2.95,7.2,65.73
amazon_rainforest,2014-09-04,28.95,19.48,5.13,5.52,53.63
amazon_rainforest,2014-09-05,30.34,19.66,0.0,6.48,62.11
amazon_rainforest,2014-09-06,27.65,21.27,0.0,5.49,80.98
amazon_rainforest,2014-09-07,30.48,20.16,0.0,7.22,78.95
amazon_rainforest,2014-09-08,29.03,21.31,3.96,5.78,42.75
amazon_rainforest,2014-09-09,31.07,22.65,1.54,6.23,60.07
amazon_rainforest,2014-09-10,31.84,23.65,5.86,7.71,65.59
amazon_rainforest,2014-09-11,31.28,18.78,0.0,4.92,78.98
amazon_rainforest,2014-09-12,26.93,17.46,6.0,8.63,49.75
amazon_rainforest,2014-09-13,28.25,20.62,7.98,4.06,61.73
amazon_rainforest,2014-09-14,30.02,19.23,11.28,7.06,51.56
amazon_rainforest,2014-09-15,28.87,20.06,3.14,4.94,57.88
amazon_rainforest,2014-09-16,28.31,20.78,2.44,9.03,63.11
amazon_rainforest,2014-09-17,31.29,22.27,5.57,6.19,52.17
amazon_rainforest,2014-09-18,27.43,21.17,1.54,6.66,57.71
amazon_rainforest,2014-09-19,26.33,20.17,0.0,6.15,63.54
amazon_rainforest,2014-09-20,27.66,21.41,0.0,7.39,73.17
amazon_rainforest,2014-09-21,30.3,20.99,0.0,6.25,52.92
amazon_rainforest,2014-09-22,32.52,20.59,9.07,3.58,67.09
amazon_rainforest,2014-09-23,33.32,19.59,3.42,6.13,61.39
amazon_rainforest,2014-09-24,29.12,20.5,0.0,8.47,71.9
amazon_rainforest,2014-09-25,27.72,21.95,2.21,6.79,43.57
amazon_rainforest,2014-09-26,29.71,21.98,4.49,2.94,51.17
amazon_rainforest,2014-09-27,29.98,19.52,6.72,6.92,54.2
amazon_rainforest,2014-09-28,26.27,20.6,0.0,6.66,47.1
amazon_rainforest,2014-09-29,26.01,19.72,1.53,7.95,64.48
amazon_rainforest,2014-09-30,27.12,22.4,0.0,8.39,62.62
amazon_rainforest,2014-10-01,32.16,21.24,4.72,5.17,67.14
amazon_rainforest,2014-10-02,29.22,19.85,0.0,6.28,64.79
amazon_rainforest,2014-10-03,28.65,20.5,0.8,4.94,86.68
amazon_rainforest,2014-10-04,30.76,17.72,0.0,6.51,71.99
amazon_rainforest,2014-10-05,31.92,20.55,10.85,5.81,70.19
amazon_rainforest,2014-10-06,28.29,21.79,9.0,6.39,61.47
amazon_rainforest,2014-10-07,30.07,21.87,0.0,6.02,83.35
amazon_rainforest,2014-10-08,30.26,20.34,0.99,7.92,60.3
amazon_rainforest,2014-10-09,31.57,21.11,0.0,10.41,70.8
amazon_rainforest,2014-10-10,29.83,21.96,0.0,6.2,60.09
amazon_rainforest,2014-10-11,26.95,22.67,0.0,8.12,66.8
amazon_rainforest,2014-10-12,29.83,20.89,4.29,5.76,70.13
amazon_rainforest,2014-10-13,30.6,22.38,5.72,0.08,75.14
amazon_rainforest,2014-10-14,29.66,19.78,0.0,7.26,51.59
amazon_rainforest,2014-10-15,28.59,22.0,9.33,7.29,66.19
amazon_rainforest,2014-10-16,27.32,21.69,12.49,10.56,52.89
amazon_rainforest,2014-10-17,32.21,18.64,0.0,8.1,60.34
amazon_rainforest,2014-10-18,31.43,21.16,0.0,6.28,65.81
amazon_rainforest,2014-10-19,30.08,23.27,7.66,3.53,68.18
amazon_rainforest,2014-10-20,27.97,19.65,2.23,7.55,64.38
amazon_rainforest,2014-10-21,31.43,21.74,3.06,8.86,53.5
amazon_rainforest,2014-10-22,28.94,22.47,3.97,12.23,74.44
amazon_rainforest,2014-10-23,26.58,22.83,5.55,7.3,45.44
amazon_rainforest,2014-10-24,31.92,21.83,15.79,8.64,69.02
amazon_rainforest,2014-10-25,26.04,20.76,1.55,7.24,66.84
amazon_rainforest,2014-10-26,29.67,22.73,5.81,8.47,66.25
amazon_rainforest,2014-10-27,31.72,21.4,0.0,7.8,81.77
amazon_rainforest,2014-10-28,30.5,19.6,0.0,4.57,68.27
amazon_rainforest,2014-10-29,31.62,21.24,9.15,7.3,87.16
amazon_rainforest,2014-10-30,32.39,18.85,1.14,6.72,83.6
amazon_rainforest,2014-10-31,28.35,21.7,7.0,7.61,59.07
amazon_rainforest,2014-11-01,30.28,21.37,6.4,9.01,66.57
amazon_rainforest,2014-11-02,30.19,19.79,7.68,8.92,61.15
amazon_rainforest,2014-11-03,30.13,25.08,1.5,6.53,82.02
amazon_rainforest,2014-11-04,31.69,19.88,7.05,7.71,73.19
amazon_rainforest,2014-11-05,31.65,22.09,12.55,5.98,53.74
amazon_rainforest,2014-11-06,32.4,21.47,5.01,4.98,77.37
amazon_rainforest,2014-11-07,28.43,20.76,9.64,6.19,68.32
amazon_rainforest,2014-11-08,31.06,21.08,2.46,7.0,77.89
amazon_rainforest,2014-11-09,28.31,20.55,3.3,8.29,51.98
amazon_rainforest,2014-11-10,31.33,22.22,11.06,13.2,66.33
amazon_rainforest,2014-11-11,33.77,24.0,2.03,8.35,72.49
amazon_rainforest,2014-11-12,33.55,24.47,2.5,5.34,60.96
amazon_rainforest,2014-11-13,27.96,22.66,2.18,7.95,73.52
amazon_rainforest,2014-11-14,28.36,20.65,0.33,7.21,61.81
amazon_rainforest,2014-11-15,31.47,22.43,7.72,10.12,70.36
amazon_rainforest,2014-11-16,29.5,21.97,4.39,6.45,77.94
amazon_rainforest,2014-11-17,33.17,22.39,6.78,8.39,72.59
amazon_rainforest,2014-11-18,32.2,19.75,0.57,9.89,51.47
amazon_rainforest,2014-11-19,31.72,19.34,2.32,7.6,85.88
amazon_rainforest,2014-11-20,28.63,23.68,8.53,6.49,78.98
amazon_rainforest,2014-11-21,32.35,21.7,2.65,9.57,72.77
amazon_rainforest,2014-11-22,31.96,21.29,8.81,7.33,91.43
amazon_rainforest,2014-11-23,30.7,22.17,4.95,11.08,68.54
amazon_rainforest,2014-11-24,27.92,19.71,7.14,7.6,78.71
amazon_rainforest,2014-11-25,33.85,24.23,16.83,7.64,47.07
amazon_rainforest,2014-11-26,28.61,20.04,9.91,9.11,87.76
amazon_rainforest,2014-11-27,27.94,19.47,12.7,8.38,78.69
amazon_rainforest,2014-11-28,31.92,23.9,0.92,5.66,88.52
amazon_rainforest,2014-11-29,33.03,26.22,8.12,6.73,62.87
amazon_rainforest,2014-11-30,29.52,20.35,13.59,6.82,95.79
amazon_rainforest,2014-12-01,29.13,22.68,8.99,5.35,79.75
amazon_rainforest,2014-12-02,31.7,26.63,5.47,6.5,80.73
amazon_rainforest,2014-12-03,34.86,19.51,5.35,8.56,60.25
amazon_rainforest,2014-12-04,34.55,22.24,2.13,9.42,77.06
amazon_rainforest,2014-12-05,32.98,23.67,4.77,7.89,74.82
amazon_rainforest,2014-12-06,31.76,21.31,3.31,9.9,72.69
amazon_rainforest,2014-12-07,30.75,24.11,3.09,6.53,76.72
amazon_rainforest,2014-12-08,30.7,23.08,9.54,11.91,52.5
amazon_rainforest,2014-12-09,30.62,20.54,4.67,10.83,83.21
amazon_rainforest,2014-12-10,31.61,20.26,9.69,9.72,61.68
amazon_rainforest,2014-12-11,30.36,21.21,7.28,9.0,71.53
amazon_rainforest,2014-12-12,30.76,21.51,17.49,4.92,69.03
amazon_rainforest,2014-12-13,30.09,22.3,6.03,11.27,72.02
amazon_rainforest,2014-12-14,31.01,25.15,10.19,6.88,55.7
amazon_rainforest,2014-12-15,31.19,21.45,3.89,8.11,54.37
amazon_rainforest,2014-12-16,31.9,22.46,5.53,7.44,67.97
amazon_rainforest,2014-12-17,32.53,25.0,6.98,8.08,52.52
amazon_rainforest,2014-12-18,37.33,23.78,8.56,8.44,60.48
amazon_rainforest,2014-12-19,33.96,22.39,7.02,12.88,79.28
amazon_rainforest,2014-12-20,33.79,21.97,3.68,8.16,68.63
amazon_rainforest,2014-12-21,34.17,19.96,11.78,8.23,69.75
amazon_rainforest,2014-12-22,32.56,22.01,10.15,9.73,90.6
amazon_rainforest,2014-12-23,28.39,25.86,12.87,9.12,43.18
amazon_rainforest,2014-12-24,32.66,21.36,7.95,10.0,67.47
amazon_rainforest,2014-12-25,30.99,24.01,14.72,11.65,75.2
amazon_rainforest,2014-12-26,30.57,21.4,7.23,7.92,78.5
amazon_rainforest,2014-12-27,28.68,23.69,0.7,11.33,57.23
amazon_rainforest,2014-12-28,28.91,24.01,8.76,8.74,77.95
amazon_rainforest,2014-12-29,31.33,21.68,0.0,7.54,68.88
amazon_rainforest,2014-12-30,32.32,21.53,9.4,7.14,90.56
amazon_rainforest,2014-12-31,31.82,23.46,9.67,9.93,84.41
amazon_rainforest,2015-01-01,30.94,23.61,0.0,9.64,71.03
amazon_rainforest,2015-01-02,32.82,23.85,0.0,8.46,73.98
amazon_rainforest,2015-01-03,33.26,22.6,3.39,9.76,77.84
amazon_rainforest,2015-01-04,32.93,20.96,8.21,7.84,76.74
amazon_rainforest,2015-01-05,33.04,22.44,2.12,12.18,74.06
amazon_rainforest,2015-01-06,33.44,20.96,15.03,7.59,72.06
amazon_rainforest,2015-01-07,28.32,23.46,3.1,9.0,98.38
amazon_rainforest,2015-01-08,32.69,21.01,13.09,5.26,85.38
amazon_rainforest,2015-01-09,30.82,21.44,0.0,11.77,78.8
amazon_rainforest,2015-01-10,35.65,22.39,15.77,11.86,82.49
amazon_rainforest,2015-01-11,34.26,24.71,12.93,8.63,66.7
amazon_rainforest,2015-01-12,32.6,20.85,0.7,8.96,72.84
amazon_rainforest,2015-01-13,31.64,21.67,9.57,6.42,62.08
amazon_rainforest,2015-01-14,27.73,21.94,11.9,8.13,75.18
amazon_rainforest,2015-01-15,29.77,23.36,16.58,9.06,63.57
amazon_rainforest,2015-01-16,31.14,21.35,1.72,8.79,71.95
amazon_rainforest,2015-01-17,32.85,20.88,17.79,5.26,73.06
amazon_rainforest,2015-01-18,31.35,21.56,8.15,9.09,68.68
amazon_rainforest,2015-01-19,35.09,23.29,20.72,8.11,86.23
amazon_rainforest,2015-01-20,30.98,20.34,17.66,6.62,100.0
amazon_rainforest,2015-01-21,36.8,24.35,0.0,6.83,58.14
amazon_rainforest,2015-01-22,29.72,23.88,12.9,6.83,85.77
amazon_rainforest,2015-01-23,33.63,23.8,8.68,10.45,75.42
amazon_rainforest,2015-01-24,32.0,23.44,14.2,12.89,62.76
amazon_rainforest,2015-01-25,31.61,22.95,12.57,15.99,67.46
amazon_rainforest,2015-01-26,32.12,21.61,11.3,8.07,78.26
amazon_rainforest,2015-01-27,30.66,22.16,13.38,6.04,77.47
amazon_rainforest,2015-01-28,32.81,22.12,4.83,8.0,80.92
amazon_rainforest,2015-01-29,30.78,20.66,0.65,7.0,67.02
amazon_rainforest,2015-01-30,32.74,25.03,13.08,4.21,55.14
amazon_rainforest,2015-01-31,33.1,21.02,11.44,10.27,78.19
amazon_rainforest,2015-02-01,32.62,22.15,15.98,7.99,89.73
amazon_rainforest,2015-02-02,31.31,22.4,12.94,9.27,62.93
amazon_rainforest,2015-02-03,35.12,23.37,7.76,9.1,85.74
amazon_rainforest,2015-02-04,28.89,22.24,11.69,8.14,79.38
amazon_rainforest,2015-02-05,33.31,21.83,16.96,4.2,93.69
amazon_rainforest,2015-02-06,35.81,24.37,11.13,7.22,83.1
amazon_rainforest,2015-02-07,34.59,27.84,0.0,6.63,99.41
amazon_rainforest,2015-02-08,30.19,26.12,17.4,7.38,91.66
amazon_rainforest,2015-02-09,30.98,23.06,4.97,8.06,55.56
amazon_rainforest,2015-02-10,32.21,20.42,7.29,9.99,70.78
amazon_rainforest,2015-02-11,30.13,20.34,5.06,8.81,56.9
amazon_rainforest,2015-02-12,31.03,24.4,11.28,7.93,93.14
amazon_rainforest,2015-02-13,29.49,23.03,8.39,9.22,74.91
amazon_rainforest,2015-02-14,33.8,23.2,13.62,9.21,82.08
amazon_rainforest,2015-02-15,34.61,23.41,14.81,11.73,56.73
amazon_rainforest,2015-02-16,31.09,21.93,2.41,14.97,57.74
amazon_rainforest,2015-02-17,31.77,22.96,0.0,5.86,72.28
amazon_rainforest,2015-02-18,30.53,23.78,7.36,10.57,76.3
amazon_rainforest,2015-02-19,33.6,25.41,15.04,5.97,67.62
amazon_rainforest,2015-02-20,31.04,25.48,12.24,10.47,75.64
amazon_rainforest,2015-02-21,30.58,24.07,14.18,5.7,79.58
amazon_rainforest,2015-02-22,33.93,22.29,4.27,8.57,82.74
amazon_rainforest,2015-02-23,34.87,23.3,4.3,7.33,74.21
amazon_rainforest,2015-02-24,32.72,24.84,14.14,9.38,87.98
amazon_rainforest,2015-02-25,29.14,25.81,4.73,7.76,87.02
amazon_rainforest,2015-02-26,34.72,24.96,12.07,9.16,96.51
amazon_rainforest,2015-02-27,29.28,22.22,2.5,8.77,97.16
amazon_rainforest,2015-02-28,29.98,24.76,9.37,10.97,73.45
amazon_rainforest,2015-03-01,31.71,22.12,6.79,8.92,63.55
amazon_rainforest,2015-03-02,33.05,24.63,13.45,13.12,74.39
amazon_rainforest,2015-03-03,31.61,24.94,2.18,8.46,83.29
amazon_rainforest,2015-03-04,35.09,24.24,15.02,10.21,74.92
amazon_rainforest,2015-03-05,32.99,22.15,11.01,6.7,75.35
amazon_rainforest,2015-03-06,32.58,21.41,14.77,9.14,79.17
amazon_rainforest,2015-03-07,29.81,22.53,6.57,8.08,72.96
amazon_rainforest,2015-03-08,35.15,23.9,14.49,10.95,69.54
amazon_rainforest,2015-03-09,32.18,21.77,7.56,10.17,66.01
amazon_rainforest,2015-03-10,30.44,20.32,17.56,9.49,89.14
amazon_rainforest,2015-03-11,31.18,25.16,2.25,7.88,76.01
amazon_rainforest,2015-03-12,35.23,21.07,2.33,10.85,84.29
amazon_rainforest,2015-03-13,32.97,23.29,10.01,10.18,77.67
amazon_rainforest,2015-03-14,32.03,23.54,11.13,12.25,69.4
amazon_rainforest,2015-03-15,31.36,21.79,11.29,2.44,72.78
amazon_rainforest,2015-03-16,33.43,22.7,13.3,10.65,59.14
amazon_rainforest,2015-03-17,29.61,25.31,3.29,10.27,80.88
amazon_rainforest,2015-03-18,32.73,20.37,18.94,9.13,98.67
amazon_rainforest,2015-03-19,31.45,24.59,9.78,11.31,80.47
amazon_rainforest,2015-03-20,29.6,23.0,14.03,10.68,87.85
amazon_rainforest,2015-03-21,31.71,21.73,10.58,8.12,62.92
amazon_rainforest,2015-03-22,29.47,23.51,15.04,6.77,54.13
amazon_rainforest,2015-03-23,31.2,22.28,28.38,10.26,72.84
amazon_rainforest,2015-03-24,27.98,23.13,5.08,10.82,100.0
amazon_rainforest,2015-03-25,31.05,24.09,10.56,6.56,56.4
amazon_rainforest,2015-03-26,29.92,24.21,9.15,9.01,90.62
amazon_rainforest,2015-03-27,32.2,22.27,16.53,7.36,80.73
amazon_rainforest,2015-03-28,31.96,24.08,13.46,11.11,83.83
amazon_rainforest,2015-03-29,32.83,25.9,15.1,10.72,79.58
amazon_rainforest,2015-03-30,34.7,21.08,7.82,8.68,70.09
amazon_rainforest,2015-03-31,34.75,21.64,13.71,8.39,72.41
amazon_rainforest,2015-04-01,31.53,20.64,5.42,10.22,85.94
amazon_rainforest,2015-04-02,32.27,25.5,7.06,9.27,87.42
amazon_rainforest,2015-04-03,30.24,22.87,15.37,8.35,58.43
amazon_rainforest,2015-04-04,31.88,22.55,14.4,5.25,77.48
amazon_rainforest,2015-04-05,34.95,23.69,14.89,7.27,72.79
amazon_rainforest,2015-04-06,30.37,24.18,5.34,11.54,61.34
amazon_rainforest,2015-04-07,36.12,23.11,13.3,12.47,91.3
amazon_rainforest,2015-04-08,28.21,24.87,4.62,8.42,71.95
amazon_rainforest,2015-04-09,32.5,22.6,9.81,9.57,77.84
amazon_rainforest,2015-04-10,30.45,20.97,13.55,8.63,90.61
amazon_rainforest,2015-04-11,27.51,25.0,11.2,7.98,86.52
amazon_rainforest,2015-04-12,33.98,22.46,15.41,7.85,91.8
amazon_rainforest,2015-04-13,32.26,20.23,1.57,5.72,62.91
amazon_rainforest,2015-04-14,32.93,18.25,7.1,9.03,94.61
amazon_rainforest,2015-04-15,30.53,20.45,2.66,9.65,68.83
amazon_rainforest,2015-04-16,33.61,21.71,7.19,8.3,64.87
amazon_rainforest,2015-04-17,31.13,22.7,9.02,11.2,81.92
amazon_rainforest,2015-04-18,33.92,23.11,9.21,7.02,70.39
amazon_rainforest,2015-04-19,31.0,20.36,13.35,7.31,84.4
amazon_rainforest,2015-04-20,33.88,22.13,13.62,6.37,66.02
amazon_rainforest,2015-04-21,32.76,21.63,6.36,12.0,76.49
amazon_rainforest,2015-04-22,34.97,23.21,11.08,7.26,94.92
amazon_rainforest,2015-04-23,32.73,23.84,17.09,8.68,80.9
amazon_rainforest,2015-04-24,34.15,24.96,16.75,7.05,73.67
amazon_rainforest,2015-04-25,32.54,24.62,8.79,10.47,78.53
amazon_rainforest,2015-04-26,33.65,20.5,11.39,10.25,46.78
amazon_rainforest,2015-04-27,32.02,22.8,8.36,8.88,71.77
amazon_rainforest,2015-04-28,31.99,22.13,0.0,8.8,59.39
amazon_rainforest,2015-04-29,34.39,22.26,2.06,9.34,70.68
amazon_rainforest,2015-04-30,31.95,22.37,5.78,9.28,60.26
amazon_rainforest,2015-05-01,28.63,24.88,6.05,10.33,77.13
amazon_rainforest,2015-05-02,32.51,23.53,6.23,6.55,49.94
amazon_rainforest,2015-05-03,34.4,22.53,4.41,10.44,72.72
amazon_rainforest,2015-05-04,31.82,22.66,7.82,6.83,89.31
amazon_rainforest,2015-05-05,31.62,20.6,6.78,8.65,84.9
amazon_rainforest,2015-05-06,30.62,23.37,4.29,6.96,72.28
amazon_rainforest,2015-05-07,30.45,22.01,4.65,8.5,85.19
amazon_rainforest,2015-05-08,29.89,21.19,4.35,9.0,71.9
amazon_rainforest,2015-05-09,31.13,20.41,13.31,10.01,73.31
amazon_rainforest,2015-05-10,28.78,25.22,10.26,11.13,61.76
amazon_rainforest,2015-05-11,27.58,21.6,5.41,8.91,70.19
amazon_rainforest,2015-05-12,31.33,23.64,11.18,6.19,84.98
amazon_rainforest,2015-05-13,33.06,22.8,5.07,7.03,80.31
amazon_rainforest,2015-05-14,28.31,24.15,6.15,6.75,93.45
amazon_rainforest,2015-05-15,35.87,19.85,5.86,10.22,82.62
amazon_rainforest,2015-05-16,33.18,24.22,12.89,4.12,60.02
amazon_rainforest,2015-05-17,31.82,24.51,8.44,8.15,47.56
amazon_rainforest,2015-05-18,34.49,20.76,4.97,8.1,78.23
amazon_rainforest,2015-05-19,30.49,23.38,13.67,10.27,79.47
amazon_rainforest,2015-05-20,31.36,20.76,5.95,7.57,71.93
amazon_rainforest,2015-05-21,28.09,21.67,1.49,7.21,90.43
amazon_rainforest,2015-05-22,31.46,20.64,3.32,9.66,73.82
amazon_rainforest,2015-05-23,32.4,22.94,0.0,8.97,82.83
amazon_rainforest,2015-05-24,30.65,21.64,3.01,10.96,74.6
amazon_rainforest,2015-05-25,30.71,22.07,4.27,7.6,73.34
amazon_rainforest,2015-05-26,28.81,20.54,0.79,7.11,84.98
amazon_rainforest,2015-05-27,34.15,23.42,2.67,6.73,96.2
amazon_rainforest,2015-05-28,27.46,21.67,1.01,9.18,69.78
amazon_rainforest,2015-05-29,34.48,22.19,10.85,10.98,78.05
amazon_rainforest,2015-05-30,29.46,21.18,0.0,4.55,75.85
amazon_rainforest,2015-05-31,27.64,19.4,0.0,8.97,67.32
amazon_rainforest,2015-06-01,30.55,20.57,6.2,7.73,60.64
amazon_rainforest,2015-06-02,30.57,21.6,0.0,8.04,82.94
amazon_rainforest,2015-06-03,31.14,21.68,6.45,10.54,87.82
amazon_rainforest,2015-06-04,29.57,24.18,0.0,9.78,70.21
amazon_rainforest,2015-06-05,34.0,24.22,7.8,9.97,64.61
amazon_rainforest,2015-06-06,32.16,22.91,2.44,8.66,82.26
amazon_rainforest,2015-06-07,30.98,24.84,3.12,8.34,58.55
amazon_rainforest,2015-06-08,30.2,21.13,8.82,9.11,74.09
amazon_rainforest,2015-06-09,35.89,22.87,5.49,12.76,73.87
amazon_rainforest,2015-06-10,30.15,22.35,0.0,7.96,70.19
amazon_rainforest,2015-06-11,30.52,22.45,5.51,8.27,81.79
amazon_rainforest,2015-06-12,29.9,20.4,3.8,6.36,73.04
amazon_rainforest,2015-06-13,33.04,21.9,3.28,4.24,68.67
amazon_rainforest,2015-06-14,30.81,21.13,2.54,10.11,62.14
amazon_rainforest,2015-06-15,28.82,20.11,0.35,7.2,66.42
amazon_rainforest,2015-06-16,31.61,22.5,5.87,8.88,63.41
amazon_rainforest,2015-06-17,31.89,19.13,1.43,8.19,65.11
amazon_rainforest,2015-06-18,29.27,23.56,13.57,10.46,76.5
amazon_rainforest,2015-06-19,31.65,21.78,13.11,6.91,60.05
amazon_rainforest,2015-06-20,34.8,19.95,4.17,4.76,77.11
amazon_rainforest,2015-06-21,33.6,21.16,8.55,10.17,78.8
amazon_rainforest,2015-06-22,32.82,21.59,3.06,8.02,85.93
amazon_rainforest,2015-06-23,30.75,23.23,2.04,7.67,74.62
amazon_rainforest,2015-06-24,30.62,23.63,4.25,3.13,71.34
amazon_rainforest,2015-06-25,32.67,21.31,0.0,8.54,76.73
amazon_rainforest,2015-06-26,26.84,21.45,0.0,3.82,74.44
amazon_rainforest,2015-06-27,30.01,24.39,13.98,9.11,76.86
amazon_rainforest,2015-06-28,28.85,19.15,3.6,6.67,51.44
amazon_rainforest,2015-06-29,29.02,19.34,6.43,8.32,55.09
amazon_rainforest,2015-06-30,31.01,23.67,7.38,7.29,57.24
amazon_rainforest,2015-07-01,31.35,21.17,0.0,6.56,84.22
amazon_rainforest,2015-07-02,28.6,22.5,0.0,5.64,39.39
amazon_rainforest,2015-07-03,26.85,23.6,11.51,3.08,79.72
amazon_rainforest,2015-07-04,32.35,18.59,4.57,6.76,64.7
amazon_rainforest,2015-07-05,30.72,23.38,3.51,7.68,66.67
amazon_rainforest,2015-07-06,29.73,22.55,5.42,7.92,68.62
amazon_rainforest,2015-07-07,28.17,19.19,5.38,8.67,41.15
amazon_rainforest,2015-07-08,30.76,20.61,8.3,7.87,58.3
amazon_rainforest,2015-07-09,28.42,21.44,7.53,11.01,70.86
amazon_rainforest,2015-07-10,29.01,22.35,3.11,6.02,75.18
amazon_rainforest,2015-07-11,31.79,19.8,3.13,10.55,75.21
amazon_rainforest,2015-07-12,31.15,22.51,9.81,7.37,65.93
amazon_rainforest,2015-07-13,30.9,21.46,0.0,8.26,81.11
amazon_rainforest,2015-07-14,32.02,20.05,3.42,8.89,63.9
amazon_rainforest,2015-07-15,27.74,20.5,0.0,0.17,68.75
amazon_rainforest,2015-07-16,31.76,22.02,0.0,10.27,71.69
amazon_rainforest,2015-07-17,31.73,20.35,0.0,7.97,57.93
amazon_rainforest,2015-07-18,32.28,20.76,0.0,5.47,69.69
amazon_rainforest,2015-07-19,30.64,20.71,5.49,5.95,61.59
amazon_rainforest,2015-07-20,30.03,18.78,0.0,8.51,61.7
amazon_rainforest,2015-07-21,31.05,20.43,8.5,6.16,69.26
amazon_rainforest,2015-07-22,32.09,20.87,0.59,5.5,71.36
amazon_rainforest,2015-07-23,29.9,21.23,6.47,6.42,65.1
amazon_rainforest,2015-07-24,31.63,22.25,0.0,4.99,63.43
amazon_rainforest,2015-07-25,23.32,19.81,0.0,4.27,69.33
amazon_rainforest,2015-07-26,26.33,22.57,0.41,6.64,66.0
amazon_rainforest,2015-07-27,31.79,20.59,0.15,1.46,54.01
amazon_rainforest,2015-07-28,30.44,21.04,0.44,7.61,75.35
amazon_rainforest,2015-07-29,30.6,18.73,0.0,4.58,55.07
amazon_rainforest,2015-07-30,28.82,19.56,1.62,10.73,76.24
amazon_rainforest,2015-07-31,26.27,22.52,3.27,7.76,70.4
amazon_rainforest,2015-08-01,32.1,19.69,4.28,8.4,69.76
amazon_rainforest,2015-08-02,31.12,19.57,8.07,3.66,77.28
amazon_rainforest,2015-08-03,32.18,21.2,2.53,8.61,67.68
amazon_rainforest,2015-08-04,25.52,22.11,5.07,3.21,90.98
amazon_rainforest,2015-08-05,31.73,20.87,9.01,5.97,62.85
amazon_rainforest,2015-08-06,31.55,18.16,0.0,3.26,39.51
amazon_rainforest,2015-08-07,30.77,18.99,4.98,6.11,58.98
amazon_rainforest,2015-08-08,29.79,23.08,0.0,7.23,80.7
amazon_rainforest,2015-08-09,28.32,22.02,0.0,6.02,89.49
amazon_rainforest,2015-08-10,30.73,18.63,2.12,5.04,88.78
amazon_rainforest,2015-08-11,28.72,20.63,0.0,7.93,81.09
amazon_rainforest,2015-08-12,31.01,23.75,0.32,6.55,63.92
amazon_rainforest,2015-08-13,28.66,21.03,0.0,6.27,60.88
amazon_rainforest,2015-08-14,29.06,19.95,0.0,7.17,86.82
amazon_rainforest,2015-08-15,27.85,18.87,5.0,4.3,70.2
amazon_rainforest,2015-08-16,29.5,20.37,0.0,8.23,59.51
amazon_rainforest,2015-08-17,29.62,22.21,4.13,8.25,74.38
amazon_rainforest,2015-08-18,32.05,24.14,5.37,5.73,48.45
amazon_rainforest,2015-08-19,29.79,22.97,5.8,7.1,52.65
amazon_rainforest,2015-08-20,23.92,21.7,13.29,6.86,46.5
amazon_rainforest,2015-08-21,34.52,20.86,0.0,8.65,64.78
amazon_rainforest,2015-08-22,28.35,19.35,0.0,11.59,73.64
amazon_rainforest,2015-08-23,26.2,20.64,12.2,9.27,67.45
amazon_rainforest,2015-08-24,31.68,18.34,0.06,4.11,46.8
amazon_rainforest,2015-08-25,31.24,22.29,0.49,8.25,66.09
amazon_rainforest,2015-08-26,28.86,21.28,5.85,12.02,55.59
amazon_rainforest,2015-08-27,27.07,20.83,1.3,4.5,49.16
amazon_rainforest,2015-08-28,30.03,18.87,0.41,9.37,48.89
amazon_rainforest,2015-08-29,28.71,21.49,5.98,7.85,75.38
amazon_rainforest,2015-08-30,29.59,20.62,0.0,6.94,66.44
amazon_rainforest,2015-08-31,29.64,21.66,0.0,7.06,74.32
amazon_rainforest,2015-09-01,25.68,20.94,1.41,5.81,88.15
amazon_rainforest,2015-09-02,28.37,22.52,0.0,3.54,64.47
amazon_rainforest,2015-09-03,28.58,17.6,0.0,8.53,77.54
amazon_rainforest,2015-09-04,29.33,21.36,9.81,3.08,58.47
amazon_rainforest,2015-09-05,29.56,22.3,0.0,6.09,61.14
amazon_rainforest,2015-09-06,26.23,21.31,0.0,6.57,66.65
amazon_rainforest,2015-09-07,28.27,20.97,5.45,5.84,63.92
amazon_rainforest,2015-09-08,28.98,23.06,6.35,6.93,67.52
amazon_rainforest,2015-09-09,29.03,19.24,3.56,10.4,47.01
amazon_rainforest,2015-09-10,31.61,19.15,0.0,6.98,75.51
amazon_rainforest,2015-09-11,30.94,21.02,0.0,7.09,55.73
amazon_rainforest,2015-09-12,35.09,22.19,0.09,8.54,63.24
amazon_rainforest,2015-09-13,27.4,21.47,2.98,7.57,65.88
amazon_rainforest,2015-09-14,31.38,22.9,0.0,6.81,79.09
amazon_rainforest,2015-09-15,30.23,23.53,4.52,5.89,72.55
amazon_rainforest,2015-09-16,28.92,20.35,1.7,6.78,58.46
amazon_rainforest,2015-09-17,30.27,22.01,0.0,7.68,39.03
amazon_rainforest,2015-09-18,31.94,22.09,4.67,7.67,71.12
amazon_rainforest,2015-09-19,29.01,21.99,8.39,4.65,79.13
amazon_rainforest,2015-09-20,31.65,20.31,2.51,3.78,52.83
amazon_rainforest,2015-09-21,30.2,20.36,2.27,7.66,68.7
amazon_rainforest,2015-09-22,29.77,20.92,0.0,5.03,68.89
amazon_rainforest,2015-09-23,34.35,22.61,0.0,6.83,77.33
amazon_rainforest,2015-09-24,27.84,18.67,0.0,6.15,57.11
amazon_rainforest,2015-09-25,31.04,21.92,1.68,5.69,73.72
amazon_rainforest,2015-09-26,31.88,19.71,0.0,7.75,59.86
amazon_rainforest,2015-09-27,30.59,22.03,0.0,6.85,52.02
amazon_rainforest,2015-09-28,29.13,20.55,0.0,9.14,55.09
amazon_rainforest,2015-09-29,30.19,22.13,2.41,8.27,63.56
amazon_rainforest,2015-09-30,26.98,22.77,5.25,4.94,70.41
amazon_rainforest,2015-10-01,27.98,17.1,5.46,5.85,66.45
amazon_rainforest,2015-10-02,31.45,19.95,9.34,6.23,59.66
amazon_rainforest,2015-10-03,28.63,21.16,0.0,5.45,60.23
amazon_rainforest,2015-10-04,27.59,20.39,6.72,9.1,48.73
amazon_rainforest,2015-10-05,30.54,18.66,3.56,5.81,41.91
amazon_rainforest,2015-10-06,28.82,21.34,4.24,6.75,50.04
amazon_rainforest,2015-10-07,30.81,19.13,9.87,7.56,47.33
amazon_rainforest,2015-10-08,33.6,23.1,0.0,4.55,83.23
amazon_rainforest,2015-10-09,29.61,20.48,1.69,6.88,69.27
amazon_rainforest,2015-10-10,29.0,20.51,0.16,10.1,73.86
amazon_rainforest,2015-10-11,27.79,22.91,0.0,6.99,68.05
amazon_rainforest,2015-10-12,28.3,19.36,1.63,6.23,57.64
amazon_rainforest,2015-10-13,29.08,19.42,4.65,8.54,60.3
amazon_rainforest,2015-10-14,26.95,21.14,2.62,8.51,42.07
amazon_rainforest,2015-10-15,31.88,21.93,0.0,2.3,56.94
amazon_rainforest,2015-10-16,29.35,20.17,1.61,6.68,55.48
amazon_rainforest,2015-10-17,31.08,18.5,0.0,7.73,42.72
amazon_rainforest,2015-10-18,30.83,21.17,0.0,8.69,72.0
amazon_rainforest,2015-10-19,30.99,21.13,0.0,9.34,61.84
amazon_rainforest,2015-10-20,29.57,20.73,11.76,6.5,79.04
amazon_rainforest,2015-10-21,31.8,21.37,0.79,7.12,78.62
amazon_rainforest,2015-10-22,32.03,22.75,0.74,5.74,87.64
amazon_rainforest,2015-10-23,30.58,21.32,3.15,9.53,79.01
amazon_rainforest,2015-10-24,27.71,21.91,0.15,2.83,69.11
amazon_rainforest,2015-10-25,32.67,21.93,8.31,4.32,64.17
amazon_rainforest,2015-10-26,29.04,21.74,6.5,10.33,59.15
amazon_rainforest,2015-10-27,32.17,20.83,5.4,7.08,80.35
amazon_rainforest,2015-10-28,31.12,21.76,3.18,6.32,54.0
amazon_rainforest,2015-10-29,28.43,23.06,6.75,9.23,65.5
amazon_rainforest,2015-10-30,30.99,20.43,2.93,3.86,67.11
amazon_rainforest,2015-10-31,29.3,19.36,7.88,7.73,66.41
amazon_rainforest,2015-11-01,29.24,22.48,5.09,8.74,46.27
amazon_rainforest,2015-11-02,33.06,20.48,0.85,7.45,66.01
amazon_rainforest,2015-11-03,27.89,22.36,3.65,0.58,63.57
amazon_rainforest,2015-11-04,30.58,19.26,7.88,6.6,80.39
amazon_rainforest,2015-11-05,32.34,20.53,4.74,5.41,80.02
amazon_rainforest,2015-11-06,30.59,21.99,0.0,11.03,56.88
amazon_rainforest,2015-11-07,28.73,21.04,14.28,9.61,79.73
amazon_rainforest,2015-11-08,31.61,22.24,2.14,6.87,58.67
amazon_rainforest,2015-11-09,29.48,22.77,4.65,3.87,61.2
amazon_rainforest,2015-11-10,29.83,21.34,4.26,7.5,68.26
amazon_rainforest,2015-11-11,26.43,21.35,14.88,5.17,74.6
amazon_rainforest,2015-11-12,32.54,21.18,4.02,8.57,53.72
amazon_rainforest,2015-11-13,31.86,21.19,8.97,8.21,73.91
amazon_rainforest,2015-11-14,31.95,22.97,9.15,6.82,64.62
amazon_rainforest,2015-11-15,28.78,22.37,0.0,8.35,60.65
amazon_rainforest,2015-11-16,28.43,20.94,13.0,12.8,54.82
amazon_rainforest,2015-11-17,31.65,23.85,5.88,4.37,72.46
amazon_rainforest,2015-11-18,31.08,24.14,5.2,5.4,78.71
amazon_rainforest,2015-11-19,34.59,21.78,6.86,8.24,51.05
amazon_rainforest,2015-11-20,32.02,20.15,16.06,6.08,55.4
amazon_rainforest,2015-11-21,29.0,21.02,5.38,8.56,57.25
amazon_rainforest,2015-11-22,28.88,21.51,6.49,5.2,74.19
amazon_rainforest,2015-11-23,31.4,22.26,9.57,7.94,74.81
amazon_rainforest,2015-11-24,32.22,24.24,6.94,7.81,70.92
amazon_rainforest,2015-11-25,33.14,24.15,11.42,9.17,51.83
amazon_rainforest,2015-11-26,31.67,22.35,7.9,7.5,68.1
amazon_rainforest,2015-11-27,29.68,17.77,11.57,9.95,48.38
amazon_rainforest,2015-11-28,30.09,20.08,9.15,5.95,72.25
amazon_rainforest,2015-11-29,28.55,19.94,6.82,8.63,79.57
amazon_rainforest,2015-11-30,33.43,23.85,11.44,4.47,43.62
amazon_rainforest,2015-12-01,31.15,20.35,10.15,3.5,50.58
amazon_rainforest,2015-12-02,24.84,19.27,5.49,5.31,61.19
amazon_rainforest,2015-12-03,32.25,24.72,2.83,12.17,62.77
amazon_rainforest,2015-12-04,31.03,21.36,7.41,11.04,70.39
amazon_rainforest,2015-12-05,30.08,22.29,12.56,8.87,89.86
amazon_rainforest,2015-12-06,31.67,22.56,1.43,6.49,71.97
amazon_rainforest,2015-12-07,31.67,23.13,5.85,9.97,58.28
amazon_rainforest,2015-12-08,32.61,19.67,6.38,4.97,33.59
amazon_rainforest,2015-12-09,32.07,20.14,11.91,4.2,85.11
amazon_rainforest,2015-12-10,31.91,24.33,1.33,7.97,66.89
amazon_rainforest,2015-12-11,30.5,20.57,12.06,8.18,82.62
amazon_rainforest,2015-12-12,33.22,21.95,3.68,9.24,73.18
amazon_rainforest,2015-12-13,27.3,24.84,7.27,7.01,68.7
amazon_rainforest,2015-12-14,31.91,24.67,11.41,7.13,64.57
amazon_rainforest,2015-12-15,29.12,23.03,14.85,11.96,77.32
amazon_rainforest,2015-12-16,30.93,21.37,13.14,8.07,83.03
amazon_rainforest,2015-12-17,32.57,22.79,4.63,7.33,83.92
amazon_rainforest,2015-12-18,30.75,20.72,2.83,9.22,77.81
amazon_rainforest,2015-12-19,31.05,23.34,16.99,7.49,71.85
amazon_rainforest,2015-12-20,33.16,23.34,1.28,12.08,82.15
amazon_rainforest,2015-12-21,29.0,20.47,16.28,9.2,63.79
amazon_rainforest,2015-12-22,33.06,26.8,12.61,7.83,84.2
amazon_rainforest,2015-12-23,31.18,23.4,12.25,6.95,60.24
amazon_rainforest,2015-12-24,34.33,21.4,11.65,4.64,82.1
amazon_rainforest,2015-12-25,30.03,24.72,3.48,9.08,84.26
amazon_rainforest,2015-12-26,32.74,22.51,6.44,7.0,75.58
amazon_rainforest,2015-12-27,32.57,22.3,17.53,5.09,76.46
amazon_rainforest,2015-12-28,28.06,21.53,1.94,6.28,76.43
amazon_rainforest,2015-12-29,32.33,23.86,15.98,11.28,69.98
amazon_rainforest,2015-12-30,33.01,24.75,17.31,8.31,66.23
amazon_rainforest,2015-12-31,30.74,22.26,3.98,9.16,78.49
amazon_rainforest,2016-01-01,34.46,22.76,13.22,9.22,74.0
amazon_rainforest,2016-01-02,29.28,21.41,17.92,12.57,77.18
amazon_rainforest,2016-01-03,29.46,22.09,18.38,7.44,81.46
amazon_rainforest,2016-01-04,30.64,23.58,0.0,8.6,85.92
amazon_rainforest,2016-01-05,30.2,24.07,14.08,10.82,70.75
amazon_rainforest,2016-01-06,32.54,22.38,10.36,8.89,66.14
amazon_rainforest,2016-01-07,33.41,22.33,15.68,9.56,74.31
amazon_rainforest,2016-01-08,29.5,22.57,11.49,8.61,72.7
amazon_rainforest,2016-01-09,30.9,21.74,9.58,7.35,56.93
amazon_rainforest,2016-01-10,31.3,23.87,19.83,11.22,71.05
amazon_rainforest,2016-01-11,32.83,23.11,10.4,8.47,66.6
amazon_rainforest,2016-01-12,29.57,23.42,19.18,9.93,71.49
amazon_rainforest,2016-01-13,29.4,21.13,13.04,9.61,78.93
amazon_rainforest,2016-01-14,32.0,24.19,4.24,1.69,49.33
amazon_rainforest,2016-01-15,32.57,21.69,11.89,8.88,77.87
amazon_rainforest,2016-01-16,33.76,22.15,17.65,9.21,85.14
amazon_rainforest,2016-01-17,37.02,21.43,4.96,4.48,80.91
amazon_rainforest,2016-01-18,30.85,21.86,10.95,6.47,66.57
amazon_rainforest,2016-01-19,30.58,22.54,0.0,8.64,97.99
amazon_rainforest,2016-01-20,33.06,22.38,5.17,8.17,63.4
amazon_rainforest,2016-01-21,32.5,21.93,3.19,10.98,78.51
amazon_rainforest,2016-01-22,34.25,24.92,3.8,12.23,97.59
amazon_rainforest,2016-01-23,31.42,24.05,16.11,7.98,70.8
amazon_rainforest,2016-01-24,30.56,23.72,7.6,7.44,73.75
amazon_rainforest,2016-01-25,33.79,24.59,7.46,9.1,78.1
amazon_rainforest,2016-01-26,32.39,22.24,6.09,11.34,83.54
amazon_rainforest,2016-01-27,34.39,23.22,13.26,9.24,100.0
amazon_rainforest,2016-01-28,32.37,22.87,18.41,11.4,80.36
amazon_rainforest,2016-01-29,32.58,20.01,13.11,11.44,76.98
amazon_rainforest,2016-01-30,29.03,23.98,14.04,10.49,82.19
amazon_rainforest,2016-01-31,30.79,22.35,15.52,9.2,54.98
amazon_rainforest,2016-02-01,34.0,23.05,11.08,7.17,91.35
amazon_rainforest,2016-02-02,36.57,21.91,1.62,9.69,100.0
amazon_rainforest,2016-02-03,35.29,22.82,16.02,8.15,100.0
amazon_rainforest,2016-02-04,35.85,26.67,8.85,12.82,81.82
amazon_rainforest,2016-02-05,32.04,19.19,1.12,11.57,66.65
amazon_rainforest,2016-02-06,33.31,24.3,12.95,9.09,70.95
amazon_rainforest,2016-02-07,33.08,25.99,20.57,9.19,76.76
amazon_rainforest,2016-02-08,31.4,20.08,16.72,6.52,73.86
amazon_rainforest,2016-02-09,32.49,21.95,2.76,8.45,70.95
amazon_rainforest,2016-02-10,32.93,23.8,9.85,13.53,69.57
amazon_rainforest,2016-02-11,30.73,22.34,7.08,10.21,68.28
amazon_rainforest,2016-02-12,33.29,22.03,3.96,9.22,61.59
amazon_rainforest,2016-02-13,33.45,24.0,9.71,10.28,82.24
amazon_rainforest,2016-02-14,30.81,19.31,9.55,8.89,92.48
amazon_rainforest,2016-02-15,30.75,24.11,4.62,9.38,83.45
amazon_rainforest,2016-02-16,32.39,24.18,8.36,9.43,97.55
amazon_rainforest,2016-02-17,32.85,24.65,9.09,12.95,90.24
amazon_rainforest,2016-02-18,31.25,23.76,5.57,5.01,88.67
amazon_rainforest,2016-02-19,35.3,24.29,1.4,8.03,63.33
amazon_rainforest,2016-02-20,38.01,23.0,6.39,4.89,67.09
amazon_rainforest,2016-02-21,39.5,20.35,2.27,8.58,72.58
amazon_rainforest,2016-02-22,31.69,22.28,12.07,9.26,74.69
amazon_rainforest,2016-02-23,31.53,22.67,10.42,10.71,64.51
amazon_rainforest,2016-02-24,30.91,22.62,16.78,7.15,95.12
amazon_rainforest,2016-02-25,34.29,21.91,0.0,7.75,95.47
amazon_rainforest,2016-02-26,30.81,22.26,17.09,10.81,67.86
amazon_rainforest,2016-02-27,33.7,23.99,4.25,10.47,74.71
amazon_rainforest,2016-02-28,33.66,23.38,10.09,8.88,67.12
amazon_rainforest,2016-02-29,34.86,21.69,8.81,4.78,68.27
amazon_rainforest,2016-03-01,34.32,23.95,3.73,9.43,91.45
amazon_rainforest,2016-03-02,33.24,23.26,11.8,9.9,67.01
amazon_rainforest,2016-03-03,31.9,20.74,10.77,9.72,80.56
amazon_rainforest,2016-03-04,34.26,23.19,20.28,6.2,43.52
amazon_rainforest,2016-03-05,35.55,23.82,11.13,7.18,98.77
amazon_rainforest,2016-03-06,32.97,21.69,8.85,11.22,78.94
amazon_rainforest,2016-03-07,33.12,23.19,6.65,12.61,88.36
amazon_rainforest,2016-03-08,29.77,21.46,7.05,11.13,81.51
amazon_rainforest,2016-03-09,31.05,21.95,0.0,8.47,81.75
amazon_rainforest,2016-03-10,31.14,23.46,7.28,8.8,68.32
amazon_rainforest,2016-03-11,31.49,25.11,12.81,7.48,64.87
amazon_rainforest,2016-03-12,35.87,23.72,6.3,10.4,53.7
amazon_rainforest,2016-03-13,31.65,21.78,15.31,11.85,99.75
amazon_rainforest,2016-03-14,32.93,23.8,10.24,11.0,93.9
amazon_rainforest,2016-03-15,32.33,22.75,14.0,10.7,93.0
amazon_rainforest,2016-03-16,33.69,24.53,8.79,7.97,73.73
amazon_rainforest,2016-03-17,31.44,23.33,6.43,8.83,86.43
amazon_rainforest,2016-03-18,29.54,21.24,16.67,8.43,69.51
amazon_rainforest,2016-03-19,34.56,22.95,10.04,11.04,92.06
amazon_rainforest,2016-03-20,33.12,22.88,15.91,9.46,76.14
amazon_rainforest,2016-03-21,34.37,20.11,8.07,11.34,72.45
amazon_rainforest,2016-03-22,34.65,23.41,0.0,10.19,66.61
amazon_rainforest,2016-03-23,30.82,26.48,18.79,7.66,75.35
amazon_rainforest,2016-03-24,32.94,22.1,5.58,6.37,64.55
amazon_rainforest,2016-03-25,30.89,18.62,3.21,13.3,58.73
amazon_rainforest,2016-03-26,27.86,22.19,13.94,8.5,71.76
amazon_rainforest,2016-03-27,31.25,26.42,0.81,9.57,81.35
amazon_rainforest,2016-03-28,30.89,21.29,14.84,12.82,73.0
amazon_rainforest,2016-03-29,33.85,24.69,10.27,10.33,66.4
amazon_rainforest,2016-03-30,31.87,21.76,11.22,7.23,100.0
amazon_rainforest,2016-03-31,33.61,23.32,12.09,9.41,71.72
amazon_rainforest,2016-04-01,33.55,22.75,4.29,12.23,92.17
amazon_rainforest,2016-04-02,29.91,21.43,4.3,9.97,52.7
amazon_rainforest,2016-04-03,30.14,21.39,14.28,15.99,43.25
amazon_rainforest,2016-04-04,33.12,24.5,6.54,5.2,94.18
amazon_rainforest,2016-04-05,29.66,24.81,8.25,8.44,79.81
amazon_rainforest,2016-04-06,30.7,23.31,10.32,6.49,87.3
amazon_rainforest,2016-04-07,34.41,21.46,13.05,10.64,83.37
amazon_rainforest,2016-04-08,31.87,22.63,1.13,6.6,57.35
amazon_rainforest,2016-04-09,28.18,22.45,11.84,7.59,79.31
amazon_rainforest,2016-04-10,29.31,23.44,14.69,7.92,89.21
amazon_rainforest,2016-04-11,34.55,22.61,11.65,9.48,54.99
amazon_rainforest,2016-04-12,33.42,21.94,16.17,8.73,70.86
amazon_rainforest,2016-04-13,31.02,21.95,7.77,11.04,83.08
amazon_rainforest,2016-04-14,32.52,22.49,1.54,6.93,62.8
amazon_rainforest,2016-04-15,33.89,24.91,11.87,9.85,87.78
amazon_rainforest,2016-04-16,30.21,25.37,9.2,8.61,65.35
amazon_rainforest,2016-04-17,32.96,23.4,18.36,5.15,49.69
amazon_rainforest,2016-04-18,30.27,23.05,10.35,11.22,79.88
amazon_rainforest,2016-04-19,32.86,21.44,13.32,7.5,87.94
amazon_rainforest,2016-04-20,34.11,22.22,7.26,9.25,92.07
amazon_rainforest,2016-04-21,34.35,22.68,9.04,7.1,96.29
amazon_rainforest,2016-04-22,31.52,24.07,14.92,14.55,56.07
amazon_rainforest,2016-04-23,33.37,22.27,11.96,12.13,74.64
amazon_rainforest,2016-04-24,32.84,21.55,22.8,7.9,88.7
amazon_rainforest,2016-04-25,30.75,22.39,13.34,9.4,82.55
amazon_rainforest,2016-04-26,29.25,24.05,8.91,9.41,70.52
amazon_rainforest,2016-04-27,34.4,23.57,9.85,6.0,93.97
amazon_rainforest,2016-04-28,31.75,23.02,11.86,10.06,82.22
amazon_rainforest,2016-04-29,31.31,22.55,15.29,8.85,88.87
amazon_rainforest,2016-04-30,32.8,21.56,7.49,10.9,58.53
amazon_rainforest,2016-05-01,35.97,22.18,0.0,8.41,69.26
amazon_rainforest,2016-05-02,27.56,21.74,12.32,6.4,65.3
amazon_rainforest,2016-05-03,35.48,21.27,13.56,7.15,72.92
amazon_rainforest,2016-05-04,31.4,21.44,6.0,6.22,69.37
amazon_rainforest,2016-05-05,31.84,22.17,15.17,8.93,89.19
amazon_rainforest,2016-05-06,29.66,23.1,12.29,10.05,64.89
amazon_rainforest,2016-05-07,28.43,22.5,9.4,5.74,70.26
amazon_rainforest,2016-05-08,32.48,22.2,5.46,9.33,82.44
amazon_rainforest,2016-05-09,30.85,22.9,3.29,9.99,57.63
amazon_rainforest,2016-05-10,30.32,20.66,10.71,9.41,70.95
amazon_rainforest,2016-05-11,29.74,19.29,9.38,5.77,74.88
amazon_rainforest,2016-05-12,27.8,20.2,6.04,11.86,67.28
amazon_rainforest,2016-05-13,31.15,23.12,0.0,9.14,66.48
amazon_rainforest,2016-05-14,31.67,24.87,10.47,5.21,75.78
amazon_rainforest,2016-05-15,32.79,21.8,10.62,7.24,61.58
amazon_rainforest,2016-05-16,31.82,23.07,8.37,7.15,74.93
amazon_rainforest,2016-05-17,31.41,19.99,6.63,7.86,66.15
amazon_rainforest,2016-05-18,29.13,20.06,1.89,11.24,74.63
amazon_rainforest,2016-05-19,33.14,22.17,10.48,8.78,79.93
amazon_rainforest,2016-05-20,30.55,24.41,16.13,7.97,76.78
amazon_rainforest,2016-05-21,31.63,22.24,2.46,11.39,67.99
amazon_rainforest,2016-05-22,29.75,19.82,2.79,9.19,99.79
amazon_rainforest,2016-05-23,32.94,21.41,4.75,12.41,77.66
amazon_rainforest,2016-05-24,33.59,20.15,12.97,8.38,59.59
amazon_rainforest,2016-05-25,29.96,22.57,13.85,11.36,79.8
amazon_rainforest,2016-05-26,34.33,20.66,6.09,3.96,66.32
amazon_rainforest,2016-05-27,33.08,23.66,6.28,9.58,77.59
amazon_rainforest,2016-05-28,35.17,20.59,6.47,7.71,74.62
amazon_rainforest,2016-05-29,33.74,20.63,0.0,8.59,72.61
amazon_rainforest,2016-05-30,31.07,24.47,0.0,8.87,75.6
amazon_rainforest,2016-05-31,28.56,19.84,8.0,9.31,55.14
amazon_rainforest,2016-06-01,31.86,23.76,16.12,11.24,61.15
amazon_rainforest,2016-06-02,27.75,20.6,18.68,9.07,62.21
amazon_rainforest,2016-06-03,32.97,20.4,4.57,7.93,63.86
amazon_rainforest,2016-06-04,31.41,23.25,1.65,8.9,87.3
amazon_rainforest,2016-06-05,29.8,21.95,0.53,6.08,75.27
amazon_rainforest,2016-06-06,30.41,20.29,16.55,11.68,72.89
amazon_rainforest,2016-06-07,33.51,21.01,0.0,6.51,68.27
amazon_rainforest,2016-06-08,31.65,19.45,5.39,9.39,96.52
amazon_rainforest,2016-06-09,30.71,19.59,10.52,10.28,61.0
amazon_rainforest,2016-06-10,30.03,22.24,5.2,8.93,78.85
amazon_rainforest,2016-06-11,31.08,20.58,12.67,6.48,79.1
amazon_rainforest,2016-06-12,32.36,23.86,0.0,6.28,77.97
amazon_rainforest,2016-06-13,31.73,20.56,1.31,9.97,63.71
amazon_rainforest,2016-06-14,28.63,20.0,2.39,8.44,55.65
amazon_rainforest,2016-06-15,31.68,21.39,4.14,6.73,73.05
amazon_rainforest,2016-06-16,28.82,20.85,9.97,5.98,68.92
amazon_rainforest,2016-06-17,30.71,21.0,0.0,6.26,64.94
amazon_rainforest,2016-06-18,26.64,20.23,3.69,7.92,62.59
amazon_rainforest,2016-06-19,29.9,21.87,6.53,12.34,77.45
amazon_rainforest,2016-06-20,29.32,21.23,8.9,5.05,65.21
amazon_rainforest,2016-06-21,28.21,23.29,1.47,2.8,56.15
amazon_rainforest,2016-06-22,29.77,24.72,3.81,7.5,97.68
amazon_rainforest,2016-06-23,32.32,20.59,5.15,6.16,84.11
amazon_rainforest,2016-06-24,29.01,21.33,7.27,6.66,61.86
amazon_rainforest,2016-06-25,27.59,25.19,12.44,5.09,88.2
amazon_rainforest,2016-06-26,33.51,18.97,3.81,9.9,49.8
amazon_rainforest,2016-06-27,29.62,23.8,7.0,6.35,51.99
amazon_rainforest,2016-06-28,32.89,22.55,0.0,8.26,60.38
amazon_rainforest,2016-06-29,28.35,18.87,2.65,10.4,82.57
amazon_rainforest,2016-06-30,32.44,20.63,7.3,6.79,58.13
amazon_rainforest,2016-07-01,31.99,24.32,9.35,5.58,76.41
amazon_rainforest,2016-07-02,31.94,22.09,0.0,6.93,54.6
amazon_rainforest,2016-07-03,31.4,20.5,3.21,6.98,67.94
amazon_rainforest,2016-07-04,32.32,19.87,1.02,8.21,68.11
amazon_rainforest,2016-07-05,29.96,18.8,9.48,7.14,57.66
amazon_rainforest,2016-07-06,29.77,21.8,0.0,7.3,71.39
amazon_rainforest,2016-07-07,31.67,23.1,6.35,6.17,54.46
amazon_rainforest,2016-07-08,33.59,22.24,5.19,7.48,50.75
amazon_rainforest,2016-07-09,36.03,21.24,7.02,7.71,58.53
amazon_rainforest,2016-07-10,30.49,21.86,3.83,8.14,51.07
amazon_rainforest,2016-07-11,28.6,20.92,5.87,3.68,49.77
amazon_rainforest,2016-07-12,29.86,22.16,6.94,4.62,85.05
amazon_rainforest,2016-07-13,28.6,18.9,0.0,4.14,62.12
amazon_rainforest,2016-07-14,29.97,19.35,2.15,8.86,62.55
amazon_rainforest,2016-07-15,29.97,20.2,7.21,4.62,61.12
amazon_rainforest,2016-07-16,30.6,19.06,3.98,6.06,58.34
amazon_rainforest,2016-07-17,30.77,23.63,0.0,6.87,33.87
amazon_rainforest,2016-07-18,30.61,20.63,0.0,3.98,75.7
amazon_rainforest,2016-07-19,27.12,21.11,9.89,5.86,89.01
amazon_rainforest,2016-07-20,28.44,22.54,0.34,11.91,57.96
amazon_rainforest,2016-07-21,27.86,20.16,0.0,6.94,65.32
amazon_rainforest,2016-07-22,31.21,18.87,0.0,10.4,67.17
amazon_rainforest,2016-07-23,26.03,19.9,6.5,5.81,58.34
amazon_rainforest,2016-07-24,32.43,20.34,0.0,8.06,56.65
amazon_rainforest,2016-07-25,31.11,21.53,9.33,5.85,67.96
amazon_rainforest,2016-07-26,30.29,19.7,0.0,7.25,47.39
amazon_rainforest,2016-07-27,27.63,20.92,4.7,8.34,73.82
amazon_rainforest,2016-07-28,29.72,21.22,6.46,5.82,57.5
amazon_rainforest,2016-07-29,26.79,20.74,3.65,7.77,36.57
amazon_rainforest,2016-07-30,31.51,23.49,5.49,6.06,50.08
amazon_rainforest,2016-07-31,29.8,21.66,10.98,7.2,59.04
amazon_rainforest,2016-08-01,32.92,21.34,4.98,8.7,73.42
amazon_rainforest,2016-08-02,32.73,22.81,0.0,9.46,79.19
amazon_rainforest,2016-08-03,30.23,21.78,1.76,8.75,72.53
amazon_rainforest,2016-08-04,31.39,17.49,4.5,6.57,67.93
amazon_rainforest,2016-08-05,33.03,23.03,8.1,9.21,72.46
amazon_rainforest,2016-08-06,26.73,19.48,3.84,8.45,55.09
amazon_rainforest,2016-08-07,29.18,21.13,3.3,5.63,69.54
amazon_rainforest,2016-08-08,29.45,19.54,5.42,4.51,76.26
amazon_rainforest,2016-08-09,31.28,21.48,3.52,3.19,52.41
amazon_rainforest,2016-08-10,30.16,19.59,0.0,10.11,53.27
amazon_rainforest,2016-08-11,30.02,21.04,7.6,3.47,56.71
amazon_rainforest,2016-08-12,26.95,22.31,0.0,6.12,44.57
amazon_rainforest,2016-08-13,28.19,19.21,0.0,7.34,77.36
amazon_rainforest,2016-08-14,30.92,19.58,3.26,4.16,56.08
amazon_rainforest,2016-08-15,29.58,18.8,0.0,9.89,42.64
amazon_rainforest,2016-08-16,28.85,23.33,2.41,11.33,34.04
amazon_rainforest,2016-08-17,29.12,20.65,0.0,6.81,80.72
amazon_rainforest,2016-08-18,31.43,20.61,2.25,6.12,74.67
amazon_rainforest,2016-08-19,30.56,19.56,0.0,5.08,52.35
amazon_rainforest,2016-08-20,28.37,19.99,0.84,7.29,70.33
amazon_rainforest,2016-08-21,33.5,17.96,2.24,2.33,48.15
amazon_rainforest,2016-08-22,29.62,21.81,0.43,6.67,61.25
amazon_rainforest,2016-08-23,28.19,19.54,0.0,7.97,52.99
amazon_rainforest,2016-08-24,28.07,20.95,0.0,5.28,48.1
amazon_rainforest,2016-08-25,30.64,21.49,3.79,7.0,72.83
amazon_rainforest,2016-08-26,31.51,24.37,0.0,7.5,66.51
amazon_rainforest,2016-08-27,32.21,18.95,0.0,7.17,57.83
amazon_rainforest,2016-08-28,31.25,21.1,0.0,5.68,70.54
amazon_rainforest,2016-08-29,30.39,20.33,0.0,7.85,63.6
amazon_rainforest,2016-08-30,27.5,17.91,0.0,4.84,52.74
amazon_rainforest,2016-08-31,31.5,24.76,6.23,4.46,50.64
amazon_rainforest,2016-09-01,30.14,19.42,0.0,5.18,71.72
amazon_rainforest,2016-09-02,31.17,21.07,10.19,7.03,63.44
amazon_rainforest,2016-09-03,30.08,20.92,1.45,2.89,58.87
amazon_rainforest,2016-09-04,29.28,21.42,0.0,4.16,59.24
amazon_rainforest,2016-09-05,29.43,26.7,7.77,4.27,75.5
amazon_rainforest,2016-09-06,30.21,21.37,0.75,6.8,70.64
amazon_rainforest,2016-09-07,29.34,20.63,0.0,4.87,61.33
amazon_rainforest,2016-09-08,26.7,21.54,0.56,4.31,89.68
amazon_rainforest,2016-09-09,33.56,21.08,20.13,3.91,61.94
amazon_rainforest,2016-09-10,27.86,22.51,0.0,4.61,68.54
amazon_rainforest,2016-09-11,25.94,22.59,1.66,5.38,71.26
amazon_rainforest,2016-09-12,28.6,21.04,7.19,4.17,41.63
amazon_rainforest,2016-09-13,27.35,21.91,3.79,6.9,59.33
amazon_rainforest,2016-09-14,35.42,23.15,3.79,6.18,60.93
amazon_rainforest,2016-09-15,29.24,21.01,5.86,8.94,33.17
amazon_rainforest,2016-09-16,31.49,22.49,5.55,9.96,66.18
amazon_rainforest,2016-09-17,29.87,20.57,0.56,6.23,40.68
amazon_rainforest,2016-09-18,25.21,21.67,5.82,7.55,95.48
amazon_rainforest,2016-09-19,31.68,19.25,2.3,7.85,72.17
amazon_rainforest,2016-09-20,27.26,19.59,3.33,6.78,51.94
amazon_rainforest,2016-09-21,30.57,23.36,0.0,5.08,90.19
amazon_rainforest,2016-09-22,26.69,21.34,0.0,7.33,76.59
amazon_rainforest,2016-09-23,30.04,20.91,0.0,4.08,70.47
amazon_rainforest,2016-09-24,29.37,23.03,0.0,7.42,67.97
amazon_rainforest,2016-09-25,29.22,22.07,0.0,6.35,59.38
amazon_rainforest,2016-09-26,29.62,20.92,6.44,7.01,60.31
amazon_rainforest,2016-09-27,28.5,20.47,0.0,6.88,70.19
amazon_rainforest,2016-09-28,25.03,22.03,0.0,9.44,88.53
amazon_rainforest,2016-09-29,31.21,22.04,3.05,5.18,72.94
amazon_rainforest,2016-09-30,31.99,21.6,0.0,8.38,84.08
amazon_rainforest,2016-10-01,30.33,24.35,5.17,6.9,65.76
amazon_rainforest,2016-10-02,26.78,20.0,3.8,9.63,57.33
amazon_rainforest,2016-10-03,28.9,21.75,4.46,4.15,85.12
amazon_rainforest,2016-10-04,30.22,20.79,0.0,6.56,87.58
amazon_rainforest,2016-10-05,27.74,20.35,0.0,7.5,50.77
amazon_rainforest,2016-10-06,30.99,20.62,4.96,6.77,63.15
amazon_rainforest,2016-10-07,31.64,21.68,0.0,3.72,77.94
amazon_rainforest,2016-10-08,28.38,20.1,4.18,5.54,57.58
amazon_rainforest,2016-10-09,32.26,20.08,2.66,5.17,62.19
amazon_rainforest,2016-10-10,28.76,18.0,8.99,10.56,80.48
amazon_rainforest,2016-10-11,29.53,22.84,0.0,7.09,65.99
amazon_rainforest,2016-10-12,29.87,21.75,0.2,4.86,61.75
amazon_rainforest,2016-10-13,32.27,22.49,3.4,8.42,70.2
amazon_rainforest,2016-10-14,29.5,19.74,9.21,6.1,73.76
amazon_rainforest,2016-10-15,32.66,21.71,6.69,9.54,32.11
amazon_rainforest,2016-10-16,28.27,21.66,0.0,5.37,91.08
amazon_rainforest,2016-10-17,34.6,21.63,3.9,4.86,68.06
amazon_rainforest,2016-10-18,27.26,20.67,7.47,5.93,77.14
amazon_rainforest,2016-10-19,31.17,20.02,7.23,8.02,79.07
amazon_rainforest,2016-10-20,29.25,21.97,9.2,8.04,52.97
amazon_rainforest,2016-10-21,25.44,21.06,0.0,9.77,42.51
amazon_rainforest,2016-10-22,30.96,21.07,12.73,11.06,77.86
amazon_rainforest,2016-10-23,31.31,19.97,0.0,8.36,78.25
amazon_rainforest,2016-10-24,32.19,21.05,4.55,5.76,56.41
amazon_rainforest,2016-10-25,29.18,23.3,0.67,8.98,83.69
amazon_rainforest,2016-10-26,30.43,22.68,3.2,7.31,55.63
amazon_rainforest,2016-10-27,31.79,21.7,1.97,7.26,60.47
amazon_rainforest,2016-10-28,29.85,22.09,12.25,7.03,65.31
amazon_rainforest,2016-10-29,29.17,19.23,0.0,5.21,52.43
amazon_rainforest,2016-10-30,30.63,24.4,0.0,5.65,61.11
amazon_rainforest,2016-10-31,33.45,24.73,0.0,4.86,71.65
amazon_rainforest,2016-11-01,29.24,19.95,0.0,3.78,80.53
amazon_rainforest,2016-11-02,29.92,21.1,6.6,7.81,68.63
amazon_rainforest,2016-11-03,28.35,22.08,3.11,10.3,63.4
amazon_rainforest,2016-11-04,30.65,22.26,5.88,8.2,54.57
amazon_rainforest,2016-11-05,32.47,20.73,5.61,8.75,66.2
amazon_rainforest,2016-11-06,27.26,21.87,0.13,11.49,57.03
amazon_rainforest,2016-11-07,29.92,22.37,0.94,5.38,56.05
amazon_rainforest,2016-11-08,32.5,20.04,0.0,10.62,57.05
amazon_rainforest,2016-11-09,29.53,21.19,8.03,9.97,70.97
amazon_rainforest,2016-11-10,29.25,23.05,0.0,7.52,72.62
amazon_rainforest,2016-11-11,29.39,23.47,0.0,5.31,65.77
amazon_rainforest,2016-11-12,31.87,22.72,0.85,8.57,81.77
amazon_rainforest,2016-11-13,30.88,22.75,11.97,12.49,80.19
amazon_rainforest,2016-11-14,32.86,21.42,0.39,9.6,57.74
amazon_rainforest,2016-11-15,29.79,21.41,3.82,6.04,86.87
amazon_rainforest,2016-11-16,30.86,22.03,0.0,9.12,42.28
amazon_rainforest,2016-11-17,30.54,20.57,0.0,7.2,79.62
amazon_rainforest,2016-11-18,31.59,21.48,0.63,8.94,71.51
amazon_rainforest,2016-11-19,27.61,21.95,7.55,5.75,64.31
amazon_rainforest,2016-11-20,30.86,24.09,0.0,8.89,64.73
amazon_rainforest,2016-11-21,31.71,24.84,13.16,6.85,73.1
amazon_rainforest,2016-11-22,24.4,24.78,0.0,3.83,64.01
amazon_rainforest,2016-11-23,29.77,20.18,1.31,7.9,77.52
amazon_rainforest,2016-11-24,30.85,24.05,0.0,6.33,43.85
amazon_rainforest,2016-11-25,31.9,22.28,2.68,5.63,64.74
amazon_rainforest,2016-11-26,33.6,21.1,13.66,5.0,74.53
amazon_rainforest,2016-11-27,35.48,21.55,3.93,6.81,69.37
amazon_rainforest,2016-11-28,31.34,19.96,3.39,7.2,57.16
amazon_rainforest,2016-11-29,32.32,21.98,8.95,8.32,69.68
amazon_rainforest,2016-11-30,30.67,23.23,1.2,6.7,76.07
amazon_rainforest,2016-12-01,32.6,20.32,6.34,6.29,75.09
amazon_rainforest,2016-12-02,30.88,20.81,13.29,7.07,67.12
amazon_rainforest,2016-12-03,35.13,21.68,9.65,8.19,78.07
amazon_rainforest,2016-12-04,34.1,24.46,7.89,7.88,65.83
amazon_rainforest,2016-12-05,31.53,18.76,7.77,8.31,66.87
amazon_rainforest,2016-12-06,30.53,22.98,3.57,6.07,81.68
amazon_rainforest,2016-12-07,31.64,22.63,0.0,5.5,59.16
amazon_rainforest,2016-12-08,30.42,22.96,9.94,9.29,72.53
amazon_rainforest,2016-12-09,31.71,18.92,6.31,8.92,56.5
amazon_rainforest,2016-12-10,29.01,21.0,10.16,4.32,82.7
amazon_rainforest,2016-12-11,34.22,21.4,14.9,8.55,75.29
amazon_rainforest,2016-12-12,30.23,19.88,14.03,7.84,87.69
amazon_rainforest,2016-12-13,32.73,25.07,7.02,5.75,89.2
amazon_rainforest,2016-12-14,26.91,23.25,8.15,11.77,73.26
amazon_rainforest,2016-12-15,29.82,23.71,2.03,4.99,56.79
amazon_rainforest,2016-12-16,35.07,23.41,3.82,10.16,66.89
amazon_rainforest,2016-12-17,32.32,19.9,5.11,6.47,65.63
amazon_rainforest,2016-12-18,34.86,19.9,9.3,6.04,96.15
amazon_rainforest,2016-12-19,31.49,23.99,5.94,8.56,78.07
amazon_rainforest,2016-12-20,30.95,20.63,8.48,6.34,81.88
amazon_rainforest,2016-12-21,33.58,22.94,6.04,10.91,92.08
amazon_rainforest,2016-12-22,31.97,20.8,3.89,10.73,80.88
amazon_rainforest,2016-12-23,31.4,21.09,10.8,7.78,77.11
amazon_rainforest,2016-12-24,35.17,22.25,9.23,9.04,85.67
amazon_rainforest,2016-12-25,35.1,20.63,4.42,9.96,51.0
amazon_rainforest,2016-12-26,34.61,18.91,9.79,6.29,59.85
amazon_rainforest,2016-12-27,30.91,22.57,5.61,11.43,76.32
amazon_rainforest,2016-12-28,25.31,26.17,12.52,7.34,86.15
amazon_rainforest,2016-12-29,30.46,23.52,15.99,8.43,74.98
amazon_rainforest,2016-12-30,31.43,20.69,5.73,8.26,76.06
amazon_rainforest,2016-12-31,30.17,21.53,9.68,7.46,52.6
amazon_rainforest,2017-01-01,30.82,22.23,10.89,7.54,88.59
amazon_rainforest,2017-01-02,33.43,22.59,7.71,9.48,95.18
amazon_rainforest,2017-01-03,29.42,21.17,4.25,9.78,58.45
amazon_rainforest,2017-01-04,29.88,24.39,9.0,6.47,52.15
amazon_rainforest,2017-01-05,31.12,21.61,11.83,8.54,84.58
amazon_rainforest,2017-01-06,31.84,22.75,1.13,6.78,86.63
amazon_rainforest,2017-01-07,35.73,25.15,7.33,6.79,34.54
amazon_rainforest,2017-01-08,31.08,22.33,13.86,12.19,81.28
amazon_rainforest,2017-01-09,34.79,25.83,13.56,8.35,71.85
amazon_rainforest,2017-01-10,31.98,23.27,2.3,6.43,68.27
amazon_rainforest,2017-01-11,33.09,21.86,1.2,9.7,57.42
amazon_rainforest,2017-01-12,33.94,22.25,14.5,8.02,78.87
amazon_rainforest,2017-01-13,36.89,21.76,0.0,9.07,68.06
amazon_rainforest,2017-01-14,30.53,20.38,5.34,6.91,72.08
amazon_rainforest,2017-01-15,32.98,17.18,13.35,8.94,100.0
amazon_rainforest,2017-01-16,33.69,21.34,15.69,10.68,97.82
amazon_rainforest,2017-01-17,29.59,19.5,4.05,10.77,88.8
amazon_rainforest,2017-01-18,28.96,21.19,10.7,11.53,66.22
amazon_rainforest,2017-01-19,28.65,24.5,15.14,8.35,69.25
amazon_rainforest,2017-01-20,28.1,22.07,7.56,7.8,74.88
amazon_rainforest,2017-01-21,30.78,25.22,7.05,9.08,89.47
amazon_rainforest,2017-01-22,33.65,21.93,17.95,8.9,61.16
amazon_rainforest,2017-01-23,31.06,24.11,8.79,8.52,67.9
amazon_rainforest,2017-01-24,31.74,22.59,0.0,7.07,78.72
amazon_rainforest,2017-01-25,31.44,22.16,10.39,13.08,73.01
amazon_rainforest,2017-01-26,34.03,25.0,12.47,9.68,66.57
amazon_rainforest,2017-01-27,33.65,26.14,15.14,5.76,79.35
amazon_rainforest,2017-01-28,32.98,22.21,13.37,9.2,61.88
amazon_rainforest,2017-01-29,35.35,21.18,11.9,11.03,74.72
amazon_rainforest,2017-01-30,31.81,22.79,5.72,14.3,58.8
amazon_rainforest,2017-01-31,33.52,23.37,17.72,9.59,85.89
amazon_rainforest,2017-02-01,31.51,23.77,9.32,10.9,55.75
amazon_rainforest,2017-02-02,30.1,23.07,14.12,10.14,56.69
amazon_rainforest,2017-02-03,33.41,21.57,14.39,8.14,67.56
amazon_rainforest,2017-02-04,32.42,25.96,13.12,10.06,58.4
amazon_rainforest,2017-02-05,31.97,21.58,8.22,8.93,73.64
amazon_rainforest,2017-02-06,32.95,22.64,17.25,7.82,70.98
amazon_rainforest,2017-02-07,32.78,24.65,10.69,9.76,82.11
amazon_rainforest,2017-02-08,32.11,21.36,11.65,9.84,72.5
amazon_rainforest,2017-02-09,28.53,22.91,14.3,10.87,81.93
amazon_rainforest,2017-02-10,30.86,23.83,9.84,11.23,74.76
amazon_rainforest,2017-02-11,32.16,23.25,15.57,5.81,100.0
amazon_rainforest,2017-02-12,32.91,23.66,12.03,7.59,61.86
amazon_rainforest,2017-02-13,32.92,22.57,8.43,12.26,58.47
amazon_rainforest,2017-02-14,30.44,23.39,13.12,8.16,77.6
amazon_rainforest,2017-02-15,31.83,21.86,5.41,7.27,63.45
amazon_rainforest,2017-02-16,26.17,20.43,11.24,5.81,75.06
amazon_rainforest,2017-02-17,33.17,21.94,9.32,11.82,91.82
amazon_rainforest,2017-02-18,34.31,23.01,14.07,8.96,81.78
amazon_rainforest,2017-02-19,35.04,23.82,14.25,7.07,86.63
amazon_rainforest,2017-02-20,30.21,24.85,7.46,7.8,70.34
amazon_rainforest,2017-02-21,30.33,25.35,6.44,7.61,69.39
amazon_rainforest,2017-02-22,34.54,20.73,17.41,13.33,88.04
amazon_rainforest,2017-02-23,34.88,21.45,18.72,10.82,58.84
amazon_rainforest,2017-02-24,31.9,22.29,23.5,10.4,80.55
amazon_rainforest,2017-02-25,32.8,23.47,8.55,10.48,73.39
amazon_rainforest,2017-02-26,33.65,22.87,7.61,12.2,68.86
amazon_rainforest,2017-02-27,29.92,24.05,5.38,13.95,74.82
amazon_rainforest,2017-02-28,33.65,23.53,9.6,9.83,73.57
amazon_rainforest,2017-03-01,34.48,24.05,2.91,8.85,83.4
amazon_rainforest,2017-03-02,32.05,20.8,8.3,13.21,79.85
amazon_rainforest,2017-03-03,35.97,23.15,11.05,8.29,66.21
amazon_rainforest,2017-03-04,31.86,23.27,2.17,11.61,92.52
amazon_rainforest,2017-03-05,29.11,23.31,11.12,7.31,95.18
amazon_rainforest,2017-03-06,32.3,22.94,15.86,10.09,81.05
amazon_rainforest,2017-03-07,29.78,25.43,12.28,9.43,89.66
amazon_rainforest,2017-03-08,33.4,23.02,14.47,8.98,77.49
amazon_rainforest,2017-03-09,34.64,21.27,6.41,9.94,66.37
amazon_rainforest,2017-03-10,30.17,21.27,2.58,8.58,85.61
amazon_rainforest,2017-03-11,34.04,22.16,15.87,5.7,77.31
amazon_rainforest,2017-03-12,33.71,21.26,11.94,11.14,79.54
amazon_rainforest,2017-03-13,31.0,25.59,9.59,8.81,76.59
amazon_rainforest,2017-03-14,32.09,25.2,10.21,9.23,88.78
amazon_rainforest,2017-03-15,32.73,22.13,5.06,12.7,76.11
amazon_rainforest,2017-03-16,32.74,23.6,11.93,8.97,78.07
amazon_rainforest,2017-03-17,31.68,22.47,11.75,10.17,87.51
amazon_rainforest,2017-03-18,31.09,22.61,11.63,7.77,100.0
amazon_rainforest,2017-03-19,29.99,21.95,8.03,13.9,74.57
amazon_rainforest,2017-03-20,30.53,23.8,12.31,8.11,100.0
amazon_rainforest,2017-03-21,31.22,22.67,11.81,7.21,90.99
amazon_rainforest,2017-03-22,34.08,22.35,11.64,4.08,82.95
amazon_rainforest,2017-03-23,28.84,22.31,9.94,10.65,86.97
amazon_rainforest,2017-03-24,32.17,24.52,9.74,10.31,98.22
amazon_rainforest,2017-03-25,35.22,21.61,8.74,8.89,75.15
amazon_rainforest,2017-03-26,27.59,22.0,10.55,8.87,54.02
amazon_rainforest,2017-03-27,32.99,21.89,2.71,8.51,59.5
amazon_rainforest,2017-03-28,31.55,23.99,10.17,12.68,66.17
amazon_rainforest,2017-03-29,32.36,25.34,8.92,7.91,84.69
amazon_rainforest,2017-03-30,32.15,21.84,18.03,8.84,76.14
amazon_rainforest,2017-03-31,34.77,25.04,4.48,5.36,98.42
amazon_rainforest,2017-04-01,31.41,24.6,3.32,10.33,87.85
amazon_rainforest,2017-04-02,31.72,21.34,6.46,9.17,77.76
amazon_rainforest,2017-04-03,31.48,23.17,11.1,10.36,76.62
amazon_rainforest,2017-04-04,33.18,21.16,8.5,10.12,72.62
amazon_rainforest,2017-04-05,31.56,22.3,1.02,9.76,72.85
amazon_rainforest,2017-04-06,32.72,20.65,3.1,7.78,77.52
amazon_rainforest,2017-04-07,33.82,22.15,15.19,7.85,59.83
amazon_rainforest,2017-04-08,31.94,22.38,19.4,10.31,57.91
amazon_rainforest,2017-04-09,30.49,21.33,12.25,8.06,74.35
amazon_rainforest,2017-04-10,27.36,23.38,8.63,10.32,78.26
amazon_rainforest,2017-04-11,34.78,24.46,10.48,9.43,73.79
amazon_rainforest,2017-04-12,33.43,23.52,5.49,10.52,68.74
amazon_rainforest,2017-04-13,30.18,20.8,15.79,6.86,92.05
amazon_rainforest,2017-04-14,31.61,24.57,17.12,8.16,84.1
amazon_rainforest,2017-04-15,35.94,22.99,5.52,9.07,74.18
amazon_rainforest,2017-04-16,30.3,21.45,11.57,7.47,67.61
amazon_rainforest,2017-04-17,34.09,22.4,6.82,8.2,64.88
amazon_rainforest,2017-04-18,35.33,24.58,11.87,8.0,84.58
amazon_rainforest,2017-04-19,31.34,22.62,7.43,9.6,64.55
amazon_rainforest,2017-04-20,29.78,21.79,5.17,9.47,91.69
amazon_rainforest,2017-04-21,32.42,22.44,10.04,9.05,82.67
amazon_rainforest,2017-04-22,31.42,20.54,1.9,6.77,72.79
amazon_rainforest,2017-04-23,32.42,21.36,8.61,7.58,66.0
amazon_rainforest,2017-04-24,30.71,23.51,7.48,7.36,79.68
amazon_rainforest,2017-04-25,30.7,22.32,11.72,11.82,71.56
amazon_rainforest,2017-04-26,33.02,22.0,9.6,5.98,69.2
amazon_rainforest,2017-04-27,27.86,22.49,8.64,6.59,67.34
amazon_rainforest,2017-04-28,32.36,23.65,12.9,8.71,77.28
amazon_rainforest,2017-04-29,30.56,26.47,12.31,6.69,65.8
amazon_rainforest,2017-04-30,31.88,18.1,12.55,7.43,75.2
amazon_rainforest,2017-05-01,28.42,22.38,3.03,7.22,86.96
amazon_rainforest,2017-05-02,35.56,21.95,11.52,4.88,66.46
amazon_rainforest,2017-05-03,32.07,24.34,15.78,8.7,61.68
amazon_rainforest,2017-05-04,33.67,22.22,0.0,5.52,96.47
amazon_rainforest,2017-05-05,29.49,21.68,1.73,12.78,70.79
amazon_rainforest,2017-05-06,30.33,21.97,17.04,7.54,82.41
amazon_rainforest,2017-05-07,31.76,24.52,9.92,7.82,71.57
amazon_rainforest,2017-05-08,31.59,19.68,4.68,6.75,68.95
amazon_rainforest,2017-05-09,32.29,22.74,1.48,8.59,83.36
amazon_rainforest,2017-05-10,31.37,22.94,4.33,9.09,87.47
amazon_rainforest,2017-05-11,31.32,24.78,0.0,4.9,59.07
amazon_rainforest,2017-05-12,31.68,20.41,9.1,9.06,46.45
amazon_rainforest,2017-05-13,31.21,21.42,11.87,9.03,80.03
amazon_rainforest,2017-05-14,30.72,22.97,14.18,5.36,88.16
amazon_rainforest,2017-05-15,30.29,21.67,0.0,9.18,72.29
amazon_rainforest,2017-05-16,33.21,19.8,9.96,5.8,68.24
amazon_rainforest,2017-05-17,29.53,23.6,7.47,7.29,72.36
amazon_rainforest,2017-05-18,28.84,22.26,10.75,7.17,82.26
amazon_rainforest,2017-05-19,31.3,20.92,0.0,5.64,78.39
amazon_rainforest,2017-05-20,32.32,20.58,6.71,5.97,60.1
amazon_rainforest,2017-05-21,38.27,22.64,1.34,12.59,55.88
amazon_rainforest,2017-05-22,29.91,20.23,1.29,4.62,51.83
amazon_rainforest,2017-05-23,31.43,22.72,15.69,9.93,72.37
amazon_rainforest,2017-05-24,30.4,26.57,14.88,7.82,89.48
amazon_rainforest,2017-05-25,31.25,20.28,7.45,11.28,42.49
amazon_rainforest,2017-05-26,32.35,24.64,0.0,10.41,59.16
amazon_rainforest,2017-05-27,29.52,23.92,2.95,5.53,82.12
amazon_rainforest,2017-05-28,31.8,21.18,15.34,6.64,60.44
amazon_rainforest,2017-05-29,29.42,21.54,5.18,9.8,77.81
amazon_rainforest,2017-05-30,30.16,21.26,0.29,7.96,61.39
amazon_rainforest,2017-05-31,32.65,22.52,6.71,5.98,56.98
amazon_rainforest,2017-06-01,30.24,22.07,5.49,6.35,76.09
amazon_rainforest,2017-06-02,30.67,21.39,0.4,12.27,54.59
amazon_rainforest,2017-06-03,33.06,20.89,2.52,7.79,67.8
amazon_rainforest,2017-06-04,35.19,20.84,0.0,7.84,67.48
amazon_rainforest,2017-06-05,32.98,23.17,17.84,9.21,91.02
amazon_rainforest,2017-06-06,30.91,20.43,1.39,5.24,61.25
amazon_rainforest,2017-06-07,29.19,20.93,2.93,10.88,61.77
amazon_rainforest,2017-06-08,29.29,23.0,3.68,3.42,76.6
amazon_rainforest,2017-06-09,28.68,21.21,8.84,10.48,72.69
amazon_rainforest,2017-06-10,29.37,20.75,0.0,8.77,59.47
amazon_rainforest,2017-06-11,30.65,21.21,4.78,9.32,60.45
amazon_rainforest,2017-06-12,30.26,24.56,5.78,6.54,57.49
amazon_rainforest,2017-06-13,30.16,20.28,7.22,6.27,64.65
amazon_rainforest,2017-06-14,31.55,23.57,5.72,10.87,73.08
amazon_rainforest,2017-06-15,31.62,20.81,0.0,13.16,57.89
amazon_rainforest,2017-06-16,31.01,22.29,4.26,7.97,59.95
amazon_rainforest,2017-06-17,31.67,20.89,7.39,10.16,85.18
amazon_rainforest,2017-06-18,36.35,23.01,4.94,8.1,65.25
amazon_rainforest,2017-06-19,31.66,19.67,4.16,6.26,76.47
amazon_rainforest,2017-06-20,32.63,20.4,11.64,11.17,69.99
amazon_rainforest,2017-06-21,32.09,20.67,8.5,6.97,66.28
amazon_rainforest,2017-06-22,29.86,22.06,1.04,8.81,78.27
amazon_rainforest,2017-06-23,32.3,21.64,2.77,7.75,63.06
amazon_rainforest,2017-06-24,29.05,18.98,6.22,8.41,68.56
amazon_rainforest,2017-06-25,28.04,20.0,0.0,6.53,51.15
amazon_rainforest,2017-06-26,32.56,24.13,4.08,7.86,51.88
amazon_rainforest,2017-06-27,34.57,21.57,6.09,5.45,52.81
amazon_rainforest,2017-06-28,29.47,18.45,0.0,10.87,50.63
amazon_rainforest,2017-06-29,31.51,22.43,8.02,7.95,81.78
amazon_rainforest,2017-06-30,27.51,21.58,7.94,7.16,56.42
amazon_rainforest,2017-07-01,34.0,21.98,0.0,8.45,62.92
amazon_rainforest,2017-07-02,29.69,22.27,6.06,8.61,75.63
amazon_rainforest,2017-07-03,30.71,19.98,11.13,5.94,83.26
amazon_rainforest,2017-07-04,29.68,22.07,3.53,4.79,63.24
amazon_rainforest,2017-07-05,29.97,22.77,0.0,6.2,63.3
amazon_rainforest,2017-07-06,27.09,20.95,6.44,8.86,49.8
amazon_rainforest,2017-07-07,28.41,23.23,0.67,6.59,43.13
amazon_rainforest,2017-07-08,30.13,18.79,6.04,4.78,77.02
amazon_rainforest,2017-07-09,30.84,22.35,6.57,7.39,63.86
amazon_rainforest,2017-07-10,32.15,19.71,0.0,10.41,71.57
amazon_rainforest,2017-07-11,30.17,18.0,4.25,6.89,69.33
amazon_rainforest,2017-07-12,34.75,19.38,0.0,3.68,53.02
amazon_rainforest,2017-07-13,31.09,18.55,0.0,5.25,53.88
amazon_rainforest,2017-07-14,31.35,23.43,6.69,5.89,70.31
amazon_rainforest,2017-07-15,28.55,20.12,3.37,6.95,68.38
amazon_rainforest,2017-07-16,32.11,21.94,0.0,7.97,76.72
amazon_rainforest,2017-07-17,31.03,20.38,6.01,8.46,54.7
amazon_rainforest,2017-07-18,32.94,23.74,0.0,6.65,52.85
amazon_rainforest,2017-07-19,27.17,20.43,2.71,5.02,65.62
amazon_rainforest,2017-07-20,25.08,21.64,0.52,3.47,79.98
amazon_rainforest,2017-07-21,30.04,20.01,7.35,7.27,81.36
amazon_rainforest,2017-07-22,31.27,22.27,5.07,3.39,51.16
amazon_rainforest,2017-07-23,31.73,20.92,3.74,10.23,64.19
amazon_rainforest,2017-07-24,29.96,22.03,5.24,9.0,78.95
amazon_rainforest,2017-07-25,34.16,18.85,1.79,9.64,71.67
amazon_rainforest,2017-07-26,29.51,21.83,6.61,6.28,44.82
amazon_rainforest,2017-07-27,29.69,21.27,3.7,6.85,74.05
amazon_rainforest,2017-07-28,30.45,18.66,6.97,4.27,53.97
amazon_rainforest,2017-07-29,27.74,18.04,9.38,8.38,67.2
amazon_rainforest,2017-07-30,29.75,23.13,7.6,3.5,68.38
amazon_rainforest,2017-07-31,28.51,21.86,2.43,6.19,72.15
amazon_rainforest,2017-08-01,30.91,21.87,10.02,4.74,62.07
amazon_rainforest,2017-08-02,29.27,23.44,0.0,9.58,66.73
amazon_rainforest,2017-08-03,29.44,22.36,1.68,7.42,62.75
amazon_rainforest,2017-08-04,29.03,23.1,4.61,7.16,64.49
amazon_rainforest,2017-08-05,30.45,19.39,0.54,5.97,79.32
amazon_rainforest,2017-08-06,32.38,21.08,6.34,8.03,66.84
amazon_rainforest,2017-08-07,28.04,25.02,2.01,9.64,51.53
amazon_rainforest,2017-08-08,29.7,22.03,0.0,9.7,65.5
amazon_rainforest,2017-08-09,31.19,16.51,0.0,11.75,58.09
amazon_rainforest,2017-08-10,30.4,21.38,6.35,4.53,72.93
amazon_rainforest,2017-08-11,32.56,20.15,0.0,5.35,70.87
amazon_rainforest,2017-08-12,25.64,19.66,1.97,8.1,68.41
amazon_rainforest,2017-08-13,28.34,22.8,0.0,6.58,46.84
amazon_rainforest,2017-08-14,29.4,20.31,4.1,7.17,65.02
amazon_rainforest,2017-08-15,30.62,21.46,1.44,3.54,48.74
amazon_rainforest,2017-08-16,29.12,19.91,0.0,8.16,49.29
amazon_rainforest,2017-08-17,28.96,21.45,0.0,5.55,59.84
amazon_rainforest,2017-08-18,29.31,21.99,5.79,7.36,68.69
amazon_rainforest,2017-08-19,28.91,21.5,0.55,6.14,65.24
amazon_rainforest,2017-08-20,32.11,20.48,0.0,4.32,55.83
amazon_rainforest,2017-08-21,30.29,21.49,2.68,9.91,62.67
amazon_rainforest,2017-08-22,29.23,24.03,3.18,7.72,80.59
amazon_rainforest,2017-08-23,30.19,22.38,0.0,6.47,54.28
amazon_rainforest,2017-08-24,26.99,20.55,1.04,4.51,39.58
amazon_rainforest,2017-08-25,28.4,19.38,6.72,7.99,61.3
amazon_rainforest,2017-08-26,28.44,18.35,1.81,7.44,49.58
amazon_rainforest,2017-08-27,31.77,18.54,0.0,4.67,65.22
amazon_rainforest,2017-08-28,32.3,18.45,1.76,7.42,43.03
amazon_rainforest,2017-08-29,28.21,18.56,6.38,6.27,37.55
amazon_rainforest,2017-08-30,31.97,21.63,0.0,7.34,53.15
amazon_rainforest,2017-08-31,29.99,22.49,5.07,7.55,74.36
amazon_rainforest,2017-09-01,29.08,20.26,1.07,5.17,55.31
amazon_rainforest,2017-09-02,28.49,21.11,0.0,7.41,71.3
amazon_rainforest,2017-09-03,29.03,22.1,6.0,9.41,61.75
amazon_rainforest,2017-09-04,29.21,21.87,0.0,7.88,41.26
amazon_rainforest,2017-09-05,26.73,21.67,1.46,6.53,61.76
amazon_rainforest,2017-09-06,29.09,22.58,3.04,6.63,76.8
amazon_rainforest,2017-09-07,29.6,21.9,2.0,9.59,65.6
amazon_rainforest,2017-09-08,27.01,19.69,0.0,9.49,75.98
amazon_rainforest,2017-09-09,28.58,21.44,7.48,4.39,63.88
amazon_rainforest,2017-09-10,28.68,23.81,0.0,7.53,77.02
amazon_rainforest,2017-09-11,26.85,20.67,0.0,6.01,65.52
amazon_rainforest,2017-09-12,31.95,22.09,5.78,4.04,42.75
amazon_rainforest,2017-09-13,29.57,23.92,0.92,8.2,50.69
amazon_rainforest,2017-09-14,26.21,20.26,0.0,7.66,75.39
amazon_rainforest,2017-09-15,30.8,19.07,0.0,5.37,53.77
amazon_rainforest,2017-09-16,28.15,21.0,0.0,6.05,62.42
amazon_rainforest,2017-09-17,26.91,20.22,6.39,8.91,66.39
amazon_rainforest,2017-09-18,29.39,21.14,0.0,5.76,60.46
amazon_rainforest,2017-09-19,33.07,19.22,1.48,5.39,57.12
amazon_rainforest,2017-09-20,29.54,19.32,0.0,4.33,67.95
amazon_rainforest,2017-09-21,28.36,20.81,2.09,7.74,61.61
amazon_rainforest,2017-09-22,31.0,20.36,0.0,3.71,72.8
amazon_rainforest,2017-09-23,28.05,23.49,0.0,3.72,49.44
amazon_rainforest,2017-09-24,32.71,20.03,0.0,6.16,56.38
amazon_rainforest,2017-09-25,29.47,20.5,0.0,5.39,83.34
amazon_rainforest,2017-09-26,30.99,21.83,0.89,3.93,82.73
amazon_rainforest,2017-09-27,26.26,25.12,1.86,4.46,61.72
amazon_rainforest,2017-09-28,29.74,20.79,1.05,3.34,49.85
amazon_rainforest,2017-09-29,27.5,22.6,0.0,6.99,76.14
amazon_rainforest,2017-09-30,29.1,20.51,5.91,4.08,90.93
amazon_rainforest,2017-10-01,30.13,19.19,0.48,4.22,46.01
amazon_rainforest,2017-10-02,28.82,19.96,7.46,6.41,74.33
amazon_rainforest,2017-10-03,28.78,20.71,0.0,6.28,69.92
amazon_rainforest,2017-10-04,32.55,23.76,2.95,6.95,52.51
amazon_rainforest,2017-10-05,25.24,22.48,2.9,10.64,75.22
amazon_rainforest,2017-10-06,31.31,22.34,0.0,5.48,51.31
amazon_rainforest,2017-10-07,29.34,20.55,7.45,0.84,58.84
amazon_rainforest,2017-10-08,28.48,20.34,1.71,8.55,60.87
amazon_rainforest,2017-10-09,28.73,19.85,2.56,4.24,49.83
amazon_rainforest,2017-10-10,30.36,22.37,3.88,8.26,63.26
amazon_rainforest,2017-10-11,30.87,22.75,11.24,4.99,49.76
amazon_rainforest,2017-10-12,28.63,22.66,0.03,6.93,58.4
amazon_rainforest,2017-10-13,30.43,19.29,2.95,6.15,80.13
amazon_rainforest,2017-10-14,25.88,20.01,8.09,5.94,73.86
amazon_rainforest,2017-10-15,31.86,24.39,1.54,3.33,72.22
amazon_rainforest,2017-10-16,30.38,22.4,7.6,5.79,76.51
amazon_rainforest,2017-10-17,27.06,22.97,2.29,4.63,82.32
amazon_rainforest,2017-10-18,32.23,21.13,4.16,7.63,44.38
amazon_rainforest,2017-10-19,30.72,22.65,1.65,11.07,68.3
amazon_rainforest,2017-10-20,30.44,20.76,0.95,6.85,53.03
amazon_rainforest,2017-10-21,28.36,22.33,2.61,10.43,56.55
amazon_rainforest,2017-10-22,27.69,21.22,0.0,3.45,50.13
amazon_rainforest,2017-10-23,28.47,21.24,0.0,7.44,90.78
amazon_rainforest,2017-10-24,35.72,21.43,2.04,6.28,42.63
amazon_rainforest,2017-10-25,29.36,18.11,3.02,5.63,67.41
amazon_rainforest,2017-10-26,31.49,19.63,6.07,3.03,86.01
amazon_rainforest,2017-10-27,31.68,23.18,1.06,8.03,64.74
amazon_rainforest,2017-10-28,33.75,22.4,10.44,8.85,33.61
amazon_rainforest,2017-10-29,31.19,22.31,0.0,7.36,92.59
amazon_rainforest,2017-10-30,27.76,19.5,0.0,4.05,89.92
amazon_rainforest,2017-10-31,29.48,20.73,5.14,5.31,53.54
amazon_rainforest,2017-11-01,28.76,23.21,9.76,6.32,79.37
amazon_rainforest,2017-11-02,31.19,19.39,0.0,9.56,70.43
amazon_rainforest,2017-11-03,31.94,20.48,11.0,4.75,49.92
amazon_rainforest,2017-11-04,31.98,19.31,7.35,8.65,79.18
amazon_rainforest,2017-11-05,32.08,22.49,6.1,9.89,60.53
amazon_rainforest,2017-11-06,34.83,20.57,6.08,7.18,67.83
amazon_rainforest,2017-11-07,32.46,23.48,6.0,7.89,75.55
amazon_rainforest,2017-11-08,27.54,21.86,1.46,6.99,73.43
amazon_rainforest,2017-11-09,29.14,22.24,1.48,4.77,74.13
amazon_rainforest,2017-11-10,33.97,22.41,1.55,7.57,53.41
amazon_rainforest,2017-11-11,29.66,23.94,1.77,5.69,34.64
amazon_rainforest,2017-11-12,31.08,22.67,7.46,9.37,58.64
amazon_rainforest,2017-11-13,29.47,23.42,10.38,9.36,78.35
amazon_rainforest,2017-11-14,27.99,20.81,0.0,7.63,53.23
amazon_rainforest,2017-11-15,31.29,20.7,0.0,6.66,66.61
amazon_rainforest,2017-11-16,33.05,19.5,11.21,8.75,71.5
amazon_rainforest,2017-11-17,30.26,22.57,4.19,6.22,67.06
amazon_rainforest,2017-11-18,26.31,21.18,7.87,2.4,84.39
amazon_rainforest,2017-11-19,30.38,21.64,2.62,5.7,61.92
amazon_rainforest,2017-11-20,30.27,21.86,14.25,6.82,67.06
amazon_rainforest,2017-11-21,30.76,22.57,5.36,5.43,71.76
amazon_rainforest,2017-11-22,29.67,21.01,8.91,10.33,70.84
amazon_rainforest,2017-11-23,27.72,22.38,9.58,4.71,50.78
amazon_rainforest,2017-11-24,29.25,20.07,0.0,8.5,86.72
amazon_rainforest,2017-11-25,28.96,23.72,0.0,7.88,81.59
amazon_rainforest,2017-11-26,32.51,18.6,2.42,5.57,58.85
amazon_rainforest,2017-11-27,31.0,20.32,5.56,7.84,76.24
amazon_rainforest,2017-11-28,32.45,22.97,5.44,5.67,65.2
amazon_rainforest,2017-11-29,30.29,22.87,10.56,8.06,80.37
amazon_rainforest,2017-11-30,29.88,22.92,0.78,8.02,88.05
amazon_rainforest,2017-12-01,30.31,20.06,0.48,4.28,50.67
amazon_rainforest,2017-12-02,29.43,17.53,1.12,4.21,91.88
amazon_rainforest,2017-12-03,32.24,24.1,11.42,10.95,90.32
amazon_rainforest,2017-12-04,27.45,22.09,9.72,8.82,59.0
amazon_rainforest,2017-12-05,30.52,22.99,0.0,6.83,41.88
amazon_rainforest,2017-12-06,30.39,20.78,9.75,7.41,71.39
amazon_rainforest,2017-12-07,30.63,22.07,3.4,7.19,75.07
amazon_rainforest,2017-12-08,32.05,19.72,0.0,10.05,59.08
amazon_rainforest,2017-12-09,27.74,21.72,6.1,7.29,60.7
amazon_rainforest,2017-12-10,32.06,23.47,5.85,5.27,79.34
amazon_rainforest,2017-12-11,31.62,18.99,10.33,7.23,71.42
amazon_rainforest,2017-12-12,32.18,25.48,6.02,6.6,62.8
amazon_rainforest,2017-12-13,32.31,20.17,12.3,7.87,80.8
amazon_rainforest,2017-12-14,30.89,21.31,12.96,11.02,72.8
amazon_rainforest,2017-12-15,31.68,21.74,3.98,5.49,96.02
amazon_rainforest,2017-12-16,34.14,25.5,5.94,6.09,99.36
amazon_rainforest,2017-12-17,27.94,21.93,11.83,9.63,75.48
amazon_rainforest,2017-12-18,34.37,23.22,7.2,6.6,71.0
amazon_rainforest,2017-12-19,35.91,20.58,12.13,10.58,73.41
amazon_rainforest,2017-12-20,33.26,21.53,12.39,10.39,64.53
amazon_rainforest,2017-12-21,31.11,22.42,0.0,9.85,78.14
amazon_rainforest,2017-12-22,31.59,19.57,10.07,10.9,62.34
amazon_rainforest,2017-12-23,33.66,20.57,9.49,10.33,75.98
amazon_rainforest,2017-12-24,33.19,21.58,9.73,7.28,64.8
amazon_rainforest,2017-12-25,32.39,23.15,9.37,13.36,63.82
amazon_rainforest,2017-12-26,29.63,22.37,9.35,5.92,67.66
amazon_rainforest,2017-12-27,34.64,23.48,16.81,8.59,68.05
amazon_rainforest,2017-12-28,33.03,21.14,9.91,8.08,78.01
amazon_rainforest,2017-12-29,32.65,24.4,5.71,11.85,78.72
amazon_rainforest,2017-12-30,33.89,23.51,6.07,9.97,74.43
amazon_rainforest,2017-12-31,31.58,21.97,6.87,10.17,77.0
amazon_rainforest,2018-01-01,32.58,21.78,14.53,10.0,80.23
amazon_rainforest,2018-01-02,30.8,21.79,3.02,7.26,64.2
amazon_rainforest,2018-01-03,31.45,21.16,15.93,7.26,75.71
amazon_rainforest,2018-01-04,33.08,21.78,9.44,12.65,71.58
amazon_rainforest,2018-01-05,32.07,22.44,0.0,11.83,65.95
amazon_rainforest,2018-01-06,32.26,22.93,15.15,8.61,85.83
amazon_rainforest,2018-01-07,31.52,23.88,12.7,7.42,97.61
amazon_rainforest,2018-01-08,28.31,22.92,6.95,9.44,89.13
amazon_rainforest,2018-01-09,34.56,20.6,9.8,11.58,85.36
amazon_rainforest,2018-01-10,30.36,22.43,13.48,9.83,79.29
amazon_rainforest,2018-01-11,33.79,23.7,14.8,8.01,78.2
amazon_rainforest,2018-01-12,32.07,25.48,8.29,9.03,79.73
amazon_rainforest,2018-01-13,32.94,22.6,15.83,9.2,81.13
amazon_rainforest,2018-01-14,31.65,22.62,8.23,12.29,89.49
amazon_rainforest,2018-01-15,31.34,22.49,15.18,7.14,72.63
amazon_rainforest,2018-01-16,30.17,23.08,1.31,9.36,77.42
amazon_rainforest,2018-01-17,34.74,21.55,16.95,10.67,89.35
amazon_rainforest,2018-01-18,33.65,24.18,0.62,7.06,68.63
amazon_rainforest,2018-01-19,33.1,23.13,5.46,8.08,70.13
amazon_rainforest,2018-01-20,33.71,26.19,14.59,10.89,69.67
amazon_rainforest,2018-01-21,33.06,22.69,10.02,9.85,71.96
amazon_rainforest,2018-01-22,29.94,24.01,13.11,10.51,88.22
amazon_rainforest,2018-01-23,33.43,22.15,3.67,11.74,99.58
amazon_rainforest,2018-01-24,31.41,23.26,5.45,9.01,67.69
amazon_rainforest,2018-01-25,33.3,23.7,8.25,12.89,59.32
amazon_rainforest,2018-01-26,31.0,25.59,1.96,12.38,70.11
amazon_rainforest,2018-01-27,28.14,22.27,15.45,9.07,77.88
amazon_rainforest,2018-01-28,31.39,22.22,9.49,10.6,72.16
amazon_rainforest,2018-01-29,31.36,22.9,4.18,9.86,81.83
amazon_rainforest,2018-01-30,35.14,20.27,9.61,6.18,75.61
amazon_rainforest,2018-01-31,33.85,24.15,9.91,12.47,88.6
amazon_rainforest,2018-02-01,38.33,22.8,12.43,7.4,81.92
amazon_rainforest,2018-02-02,32.55,23.57,9.41,11.1,47.2
amazon_rainforest,2018-02-03,32.17,22.19,6.21,9.24,63.88
amazon_rainforest,2018-02-04,32.11,22.75,9.0,6.98,73.78
amazon_rainforest,2018-02-05,32.43,23.86,20.62,11.54,59.09
amazon_rainforest,2018-02-06,32.66,23.62,11.86,10.71,82.86
amazon_rainforest,2018-02-07,31.12,21.43,5.33,7.97,88.04
amazon_rainforest,2018-02-08,32.04,24.22,15.22,6.94,80.53
amazon_rainforest,2018-02-09,31.29,23.26,21.9,9.64,74.61
amazon_rainforest,2018-02-10,32.51,22.55,12.9,9.91,75.36
amazon_rainforest,2018-02-11,35.92,22.32,9.99,10.86,68.74
amazon_rainforest,2018-02-12,34.89,23.83,2.91,4.97,76.55
amazon_rainforest,2018-02-13,38.67,21.36,9.85,12.12,64.53
amazon_rainforest,2018-02-14,32.84,21.24,4.18,9.04,72.17
amazon_rainforest,2018-02-15,35.17,24.61,11.84,10.64,68.91
amazon_rainforest,2018-02-16,32.04,23.4,0.0,9.22,69.09
amazon_rainforest,2018-02-17,33.66,23.71,13.28,11.08,100.0
amazon_rainforest,2018-02-18,32.13,22.61,1.58,6.83,74.42
amazon_rainforest,2018-02-19,36.98,23.81,10.87,6.87,82.73
amazon_rainforest,2018-02-20,32.46,21.94,18.24,10.61,76.65
amazon_rainforest,2018-02-21,31.37,23.67,5.78,12.07,64.79
amazon_rainforest,2018-02-22,33.18,21.36,7.15,10.32,81.02
amazon_rainforest,2018-02-23,31.67,24.55,12.31,7.54,61.46
amazon_rainforest,2018-02-24,36.78,24.42,7.76,12.02,80.63
amazon_rainforest,2018-02-25,33.32,22.53,16.45,9.64,81.29
amazon_rainforest,2018-02-26,36.79,22.29,9.1,8.83,75.61
amazon_rainforest,2018-02-27,33.12,23.87,15.34,10.41,64.96
amazon_rainforest,2018-02-28,33.12,21.53,12.89,9.47,85.88
amazon_rainforest,2018-03-01,33.19,22.04,10.75,7.59,95.48
amazon_rainforest,2018-03-02,33.18,24.73,11.21,10.28,52.21
amazon_rainforest,2018-03-03,33.98,22.6,12.28,7.67,68.53
amazon_rainforest,2018-03-04,33.65,23.39,8.59,11.07,65.27
amazon_rainforest,2018-03-05,31.15,21.0,16.36,9.4,69.99
amazon_rainforest,2018-03-06,32.74,23.77,4.06,9.45,73.08
amazon_rainforest,2018-03-07,32.1,25.29,18.52,11.18,75.44
amazon_rainforest,2018-03-08,31.67,23.4,4.05,7.3,99.8
amazon_rainforest,2018-03-09,29.5,24.87,15.61,9.05,73.59
amazon_rainforest,2018-03-10,29.94,21.98,20.16,11.23,83.65
amazon_rainforest,2018-03-11,31.92,26.28,19.08,8.89,80.77
amazon_rainforest,2018-03-12,31.99,22.86,0.18,1.99,78.28
amazon_rainforest,2018-03-13,35.45,21.54,10.64,9.8,88.24
amazon_rainforest,2018-03-14,31.44,20.51,10.52,10.87,74.34
amazon_rainforest,2018-03-15,29.59,24.0,18.46,10.46,88.46
amazon_rainforest,2018-03-16,30.02,24.71,3.52,10.45,98.5
amazon_rainforest,2018-03-17,32.35,20.34,10.15,8.63,66.43
amazon_rainforest,2018-03-18,34.12,23.76,5.6,7.84,89.0
amazon_rainforest,2018-03-19,34.48,22.61,11.36,10.53,81.09
amazon_rainforest,2018-03-20,32.16,24.56,7.54,9.47,81.47
amazon_rainforest,2018-03-21,36.44,21.83,11.09,8.73,75.16
amazon_rainforest,2018-03-22,31.46,23.96,8.37,8.53,87.93
amazon_rainforest,2018-03-23,30.08,25.82,2.95,9.63,59.12
amazon_rainforest,2018-03-24,31.63,22.11,15.07,9.9,75.59
amazon_rainforest,2018-03-25,30.13,21.58,0.08,8.15,62.4
amazon_rainforest,2018-03-26,31.63,25.8,10.84,9.39,54.51
amazon_rainforest,2018-03-27,31.91,23.05,8.48,6.33,89.86
amazon_rainforest,2018-03-28,35.64,22.63,13.33,10.52,60.23
amazon_rainforest,2018-03-29,30.37,21.9,20.83,9.89,95.71
amazon_rainforest,2018-03-30,36.45,24.67,0.74,9.67,82.6
amazon_rainforest,2018-03-31,33.06,22.55,6.78,8.7,78.6
amazon_rainforest,2018-04-01,36.22,22.59,8.77,12.3,67.35
amazon_rainforest,2018-04-02,34.1,22.09,6.06,8.26,87.31
amazon_rainforest,2018-04-03,31.22,22.91,13.31,6.26,89.56
amazon_rainforest,2018-04-04,31.66,23.36,9.59,8.36,77.34
amazon_rainforest,2018-04-05,32.0,24.68,6.02,6.77,95.4
amazon_rainforest,2018-04-06,31.56,21.06,4.56,3.26,75.39
amazon_rainforest,2018-04-07,35.46,22.18,0.0,12.85,72.29
amazon_rainforest,2018-04-08,31.52,25.46,12.67,7.94,78.82
amazon_rainforest,2018-04-09,28.47,22.95,6.34,11.39,96.3
amazon_rainforest,2018-04-10,31.72,23.72,18.84,9.87,66.45
amazon_rainforest,2018-04-11,31.72,22.28,15.64,11.48,88.97
amazon_rainforest,2018-04-12,31.67,22.31,7.91,7.33,82.62
amazon_rainforest,2018-04-13,32.28,24.02,8.65,13.29,83.43
amazon_rainforest,2018-04-14,32.66,22.27,4.88,6.98,73.12
amazon_rainforest,2018-04-15,35.16,23.74,8.34,9.43,68.52
amazon_rainforest,2018-04-16,33.17,24.29,6.84,8.18,79.74
amazon_rainforest,2018-04-17,27.81,20.42,8.68,11.32,67.93
amazon_rainforest,2018-04-18,29.8,22.79,13.09,10.07,77.59
amazon_rainforest,2018-04-19,31.33,22.57,18.72,5.06,72.77
amazon_rainforest,2018-04-20,33.37,23.49,5.51,8.45,82.19
amazon_rainforest,2018-04-21,32.65,24.46,0.83,11.64,83.78
amazon_rainforest,2018-04-22,29.86,21.93,7.21,7.41,86.04
amazon_rainforest,2018-04-23,33.22,24.03,9.04,8.23,73.45
amazon_rainforest,2018-04-24,33.11,23.96,11.27,8.83,85.73
amazon_rainforest,2018-04-25,34.07,22.82,14.04,8.02,89.4
amazon_rainforest,2018-04-26,30.9,22.98,1.28,11.32,59.39
amazon_rainforest,2018-04-27,33.28,22.26,9.89,7.54,78.57
amazon_rainforest,2018-04-28,32.36,21.32,17.83,8.92,56.02
amazon_rainforest,2018-04-29,28.75,23.62,10.07,10.38,87.7
amazon_rainforest,2018-04-30,33.46,22.97,2.65,9.36,100.0
amazon_rainforest,2018-05-01,31.89,22.93,0.43,10.46,76.84
amazon_rainforest,2018-05-02,33.0,24.36,7.18,7.97,69.55
amazon_rainforest,2018-05-03,27.3,21.55,15.84,7.75,74.43
amazon_rainforest,2018-05-04,31.39,22.06,7.42,8.99,67.54
amazon_rainforest,2018-05-05,30.42,18.86,4.08,8.43,59.01
amazon_rainforest,2018-05-06,34.02,23.14,1.94,8.78,46.79
amazon_rainforest,2018-05-07,31.09,20.92,17.93,8.7,63.24
amazon_rainforest,2018-05-08,31.69,22.65,0.0,9.25,68.88
amazon_rainforest,2018-05-09,31.16,19.98,5.62,8.91,66.22
amazon_rainforest,2018-05-10,32.32,22.58,1.84,9.68,72.4
amazon_rainforest,2018-05-11,31.58,22.68,6.68,7.83,73.13
amazon_rainforest,2018-05-12,30.42,22.11,6.88,9.91,62.8
amazon_rainforest,2018-05-13,32.48,21.96,11.64,7.76,71.62
amazon_rainforest,2018-05-14,31.43,21.36,0.0,12.94,72.57
amazon_rainforest,2018-05-15,30.56,24.43,7.11,10.85,68.58
amazon_rainforest,2018-05-16,30.61,20.79,0.0,11.99,80.35
amazon_rainforest,2018-05-17,33.04,24.84,0.0,8.32,100.0
amazon_rainforest,2018-05-18,32.05,21.83,5.35,6.58,81.62
amazon_rainforest,2018-05-19,28.65,24.45,9.14,2.96,69.24
amazon_rainforest,2018-05-20,31.22,22.34,10.45,6.21,60.31
amazon_rainforest,2018-05-21,34.35,23.41,9.32,8.46,100.0
amazon_rainforest,2018-05-22,29.95,20.47,6.47,11.12,78.69
amazon_rainforest,2018-05-23,31.5,19.59,8.17,7.05,70.61
amazon_rainforest,2018-05-24,29.31,24.14,4.37,7.34,80.21
amazon_rainforest,2018-05-25,30.39,24.4,1.82,9.54,74.34
amazon_rainforest,2018-05-26,30.78,20.96,1.97,4.09,80.02
amazon_rainforest,2018-05-27,32.34,24.76,5.12,9.66,72.31
amazon_rainforest,2018-05-28,30.04,19.18,2.29,10.43,59.41
amazon_rainforest,2018-05-29,34.13,22.02,14.47,11.42,67.49
amazon_rainforest,2018-05-30,29.04,21.16,2.85,8.45,54.42
amazon_rainforest,2018-05-31,31.62,21.82,0.0,8.07,77.32
amazon_rainforest,2018-06-01,28.0,23.92,9.41,8.92,76.56
amazon_rainforest,2018-06-02,31.23,19.43,9.49,9.75,79.4
amazon_rainforest,2018-06-03,33.1,22.31,6.21,9.99,81.97
amazon_rainforest,2018-06-04,31.58,19.56,5.78,8.07,38.85
amazon_rainforest,2018-06-05,28.47,20.66,4.36,6.86,65.85
amazon_rainforest,2018-06-06,34.92,22.58,4.05,6.18,66.17
amazon_rainforest,2018-06-07,32.92,21.92,4.49,8.65,62.71
amazon_rainforest,2018-06-08,30.14,22.13,5.51,8.64,69.1
amazon_rainforest,2018-06-09,31.0,19.85,4.06,6.44,55.38
amazon_rainforest,2018-06-10,31.1,23.63,0.0,7.61,83.09
amazon_rainforest,2018-06-11,27.63,20.64,0.0,12.48,46.48
amazon_rainforest,2018-06-12,29.25,23.24,5.9,10.54,51.29
amazon_rainforest,2018-06-13,30.72,21.59,0.0,11.73,54.23
amazon_rainforest,2018-06-14,33.43,23.15,0.37,9.28,74.83
amazon_rainforest,2018-06-15,29.3,24.46,8.26,10.73,58.95
amazon_rainforest,2018-06-16,30.2,21.5,0.0,6.28,80.73
amazon_rainforest,2018-06-17,32.43,24.61,0.0,9.87,52.78
amazon_rainforest,2018-06-18,31.89,22.7,7.43,8.49,66.25
amazon_rainforest,2018-06-19,33.35,22.1,0.48,9.72,70.89
amazon_rainforest,2018-06-20,31.98,19.9,3.79,7.72,71.72
amazon_rainforest,2018-06-21,31.14,20.88,0.0,5.28,53.69
amazon_rainforest,2018-06-22,31.13,22.2,8.95,6.4,67.67
amazon_rainforest,2018-06-23,33.05,21.18,8.83,10.6,41.41
amazon_rainforest,2018-06-24,29.16,22.2,3.9,5.58,97.87
amazon_rainforest,2018-06-25,31.91,22.1,0.0,8.07,79.03
amazon_rainforest,2018-06-26,29.49,19.92,11.58,6.91,77.55
amazon_rainforest,2018-06-27,29.61,20.81,15.16,9.57,62.9
amazon_rainforest,2018-06-28,30.77,23.57,12.13,4.39,64.56
amazon_rainforest,2018-06-29,30.31,20.77,7.98,6.1,73.67
amazon_rainforest,2018-06-30,29.14,19.61,4.36,4.27,62.91
amazon_rainforest,2018-07-01,29.94,20.23,1.7,6.09,72.56
amazon_rainforest,2018-07-02,30.13,22.66,10.15,8.85,83.22
amazon_rainforest,2018-07-03,31.31,20.69,2.77,3.72,52.76
amazon_rainforest,2018-07-04,30.21,19.42,0.0,5.28,77.33
amazon_rainforest,2018-07-05,30.99,20.9,3.38,5.55,54.37
amazon_rainforest,2018-07-06,30.87,22.28,2.34,6.52,53.99
amazon_rainforest,2018-07-07,28.97,20.27,0.0,6.13,64.75
amazon_rainforest,2018-07-08,30.82,22.12,7.32,7.35,70.5
amazon_rainforest,2018-07-09,25.14,21.87,0.0,8.58,44.83
amazon_rainforest,2018-07-10,33.91,21.66,4.1,3.42,79.65
amazon_rainforest,2018-07-11,34.38,19.99,0.0,7.84,51.79
amazon_rainforest,2018-07-12,30.42,19.6,0.0,6.54,34.31
amazon_rainforest,2018-07-13,28.76,23.03,1.34,7.57,57.61
amazon_rainforest,2018-07-14,30.96,22.32,0.0,6.21,50.32
amazon_rainforest,2018-07-15,27.33,21.81,0.0,9.19,64.5
amazon_rainforest,2018-07-16,32.68,21.83,6.37,6.4,66.68
amazon_rainforest,2018-07-17,30.98,22.37,0.51,9.75,47.82
amazon_rainforest,2018-07-18,28.51,20.41,9.68,9.98,61.35
amazon_rainforest,2018-07-19,27.51,22.72,4.13,6.4,76.31
amazon_rainforest,2018-07-20,25.08,20.8,0.0,7.78,89.05
amazon_rainforest,2018-07-21,30.76,20.92,9.15,7.3,60.12
amazon_rainforest,2018-07-22,26.69,23.62,5.71,7.33,67.15
amazon_rainforest,2018-07-23,29.02,22.19,3.72,2.7,52.96
amazon_rainforest,2018-07-24,29.73,20.19,7.31,0.91,60.65
amazon_rainforest,2018-07-25,28.73,21.97,0.0,7.06,77.33
amazon_rainforest,2018-07-26,27.03,20.66,3.44,8.83,58.08
amazon_rainforest,2018-07-27,29.85,21.18,0.0,7.58,53.67
amazon_rainforest,2018-07-28,29.79,21.59,5.86,7.91,61.43
amazon_rainforest,2018-07-29,29.46,18.65,0.0,7.32,53.25
amazon_rainforest,2018-07-30,33.15,20.47,2.75,6.86,54.2
amazon_rainforest,2018-07-31,33.5,20.64,7.51,8.72,65.28
amazon_rainforest,2018-08-01,29.34,21.36,0.52,5.82,52.1
amazon_rainforest,2018-08-02,31.37,19.04,8.48,8.45,32.54
amazon_rainforest,2018-08-03,28.73,18.78,0.0,6.2,55.6
amazon_rainforest,2018-08-04,26.67,21.33,0.0,6.58,54.89
amazon_rainforest,2018-08-05,30.42,22.86,3.19,9.33,62.88
amazon_rainforest,2018-08-06,26.84,21.51,1.23,6.98,68.66
amazon_rainforest,2018-08-07,31.81,24.92,7.69,7.58,63.05
amazon_rainforest,2018-08-08,29.5,20.83,0.0,8.49,53.34
amazon_rainforest,2018-08-09,28.98,20.93,6.56,1.69,65.06
amazon_rainforest,2018-08-10,27.59,19.94,2.06,7.4,70.43
amazon_rainforest,2018-08-11,29.56,23.15,6.55,6.82,53.73
amazon_rainforest,2018-08-12,28.8,19.97,0.0,3.65,59.17
amazon_rainforest,2018-08-13,26.37,21.19,0.0,5.79,84.05
amazon_rainforest,2018-08-14,29.1,17.56,1.96,7.23,70.2
amazon_rainforest,2018-08-15,29.53,23.04,7.51,4.59,78.59
amazon_rainforest,2018-08-16,30.49,22.21,4.08,7.06,64.66
amazon_rainforest,2018-08-17,28.49,20.72,0.0,4.97,54.33
amazon_rainforest,2018-08-18,29.31,20.77,0.0,5.05,70.5
amazon_rainforest,2018-08-19,28.61,21.49,0.96,5.34,56.97
amazon_rainforest,2018-08-20,28.58,24.1,0.0,8.09,46.43
amazon_rainforest,2018-08-21,28.76,20.33,10.01,9.29,51.77
amazon_rainforest,2018-08-22,30.03,21.54,0.0,7.69,66.55
amazon_rainforest,2018-08-23,28.81,19.1,0.0,5.46,60.81
amazon_rainforest,2018-08-24,28.86,22.48,0.0,7.53,57.8
amazon_rainforest,2018-08-25,31.48,22.83,4.5,8.05,57.17
amazon_rainforest,2018-08-26,29.58,19.72,0.0,6.3,61.04
amazon_rainforest,2018-08-27,31.24,20.53,9.39,4.62,76.8
amazon_rainforest,2018-08-28,26.36,22.95,0.0,10.03,39.9
amazon_rainforest,2018-08-29,32.75,21.34,0.21,5.9,64.94
amazon_rainforest,2018-08-30,30.11,18.8,14.47,6.38,75.4
amazon_rainforest,2018-08-31,29.23,22.65,4.33,5.32,64.57
amazon_rainforest,2018-09-01,31.0,20.44,0.0,9.94,67.61
amazon_rainforest,2018-09-02,32.7,19.37,0.0,9.13,74.94
amazon_rainforest,2018-09-03,27.78,22.05,0.0,7.24,51.6
amazon_rainforest,2018-09-04,25.55,24.46,1.49,8.54,63.74
amazon_rainforest,2018-09-05,29.94,21.18,7.13,6.24,47.68
amazon_rainforest,2018-09-06,26.36,20.73,0.0,8.58,71.2
amazon_rainforest,2018-09-07,27.48,18.58,0.0,6.51,81.23
amazon_rainforest,2018-09-08,33.63,19.02,0.81,7.02,69.78
amazon_rainforest,2018-09-09,27.3,17.84,10.31,5.25,50.25
amazon_rainforest,2018-09-10,26.86,19.69,7.26,2.65,92.56
amazon_rainforest,2018-09-11,30.93,19.83,0.0,5.13,74.96
amazon_rainforest,2018-09-12,31.03,19.77,0.88,6.58,52.71
amazon_rainforest,2018-09-13,32.3,20.63,3.79,5.12,64.26
amazon_rainforest,2018-09-14,26.61,20.94,1.29,11.51,56.72
amazon_rainforest,2018-09-15,28.9,19.39,0.0,8.37,62.69
amazon_rainforest,2018-09-16,30.88,20.85,6.37,7.27,72.63
amazon_rainforest,2018-09-17,28.68,21.97,5.04,6.77,57.7
amazon_rainforest,2018-09-18,32.31,22.56,8.74,7.16,48.67
amazon_rainforest,2018-09-19,28.65,21.74,2.62,8.87,46.54
amazon_rainforest,2018-09-20,28.97,23.09,0.0,6.63,62.23
amazon_rainforest,2018-09-21,28.9,18.83,4.01,5.44,72.38
amazon_rainforest,2018-09-22,31.93,16.61,0.0,5.72,42.57
amazon_rainforest,2018-09-23,30.38,21.88,6.2,4.28,61.7
amazon_rainforest,2018-09-24,28.88,23.42,10.39,4.9,62.8
amazon_rainforest,2018-09-25,28.02,18.83,0.0,8.3,54.37
amazon_rainforest,2018-09-26,29.89,20.72,0.0,8.17,47.34
amazon_rainforest,2018-09-27,30.41,20.42,9.95,8.33,65.12
amazon_rainforest,2018-09-28,30.15,23.66,6.15,4.41,66.87
amazon_rainforest,2018-09-29,29.71,21.88,2.12,8.76,62.25
amazon_rainforest,2018-09-30,30.29,20.87,0.0,5.92,63.01
amazon_rainforest,2018-10-01,28.44,22.82,0.84,5.96,58.98
amazon_rainforest,2018-10-02,30.07,21.42,0.73,4.85,60.99
amazon_rainforest,2018-10-03,29.45,19.98,0.0,3.98,85.39
amazon_rainforest,2018-10-04,27.66,22.88,3.06,4.77,66.11
amazon_rainforest,2018-10-05,29.85,18.87,0.0,5.0,72.9
amazon_rainforest,2018-10-06,29.84,20.79,2.95,5.84,52.99
amazon_rainforest,2018-10-07,27.23,20.7,3.81,8.6,53.09
amazon_rainforest,2018-10-08,31.65,24.84,0.14,8.52,65.17
amazon_rainforest,2018-10-09,28.93,18.82,8.58,8.5,55.35
amazon_rainforest,2018-10-10,29.93,19.64,0.0,5.86,52.14
amazon_rainforest,2018-10-11,28.36,22.51,5.05,5.82,54.17
amazon_rainforest,2018-10-12,29.55,20.04,9.34,8.94,57.7
amazon_rainforest,2018-10-13,34.19,21.75,5.85,3.88,90.63
amazon_rainforest,2018-10-14,30.87,20.83,0.0,2.78,87.41
amazon_rainforest,2018-10-15,29.44,20.19,11.77,4.41,78.81
amazon_rainforest,2018-10-16,27.58,21.48,2.33,7.53,78.5
amazon_rainforest,2018-10-17,29.24,22.2,7.45,6.86,74.44
amazon_rainforest,2018-10-18,29.03,20.0,4.03,4.46,47.44
amazon_rainforest,2018-10-19,30.8,19.52,9.03,7.32,74.37
amazon_rainforest,2018-10-20,28.7,20.9,7.68,8.3,44.92
amazon_rainforest,2018-10-21,31.54,20.5,1.65,12.18,83.55
amazon_rainforest,2018-10-22,29.63,22.22,1.57,9.73,71.22
amazon_rainforest,2018-10-23,27.22,21.57,6.02,7.65,55.58
amazon_rainforest,2018-10-24,32.23,21.96,1.46,8.94,70.18
amazon_rainforest,2018-10-25,29.36,21.35,8.19,12.24,53.21
amazon_rainforest,2018-10-26,28.57,20.54,10.81,5.44,63.45
amazon_rainforest,2018-10-27,30.06,23.69,5.63,4.39,64.73
amazon_rainforest,2018-10-28,30.97,21.87,1.78,9.51,61.76
amazon_rainforest,2018-10-29,29.17,19.05,8.06,6.86,87.37
amazon_rainforest,2018-10-30,31.52,22.12,9.97,5.14,73.47
amazon_rainforest,2018-10-31,28.42,19.41,2.19,7.06,73.06
amazon_rainforest,2018-11-01,32.6,22.11,0.0,5.58,60.35
amazon_rainforest,2018-11-02,27.1,23.54,0.0,5.12,63.29
amazon_rainforest,2018-11-03,29.24,21.8,0.0,8.68,78.52
amazon_rainforest,2018-11-04,32.47,24.8,5.04,6.19,60.33
amazon_rainforest,2018-11-05,29.25,19.5,8.91,4.39,60.48
amazon_rainforest,2018-11-06,29.6,22.88,0.0,7.49,68.38
amazon_rainforest,2018-11-07,27.33,21.17,8.17,6.66,70.27
amazon_rainforest,2018-11-08,32.34,20.02,8.79,8.28,63.43
amazon_rainforest,2018-11-09,30.33,23.96,13.06,7.03,62.71
amazon_rainforest,2018-11-10,31.93,21.32,2.54,6.37,51.42
amazon_rainforest,2018-11-11,31.21,21.7,12.62,10.05,76.4
amazon_rainforest,2018-11-12,27.04,21.65,5.65,5.3,59.39
amazon_rainforest,2018-11-13,26.87,25.56,3.07,9.8,67.17
amazon_rainforest,2018-11-14,29.36,22.78,0.88,7.69,37.91
amazon_rainforest,2018-11-15,34.17,23.51,4.18,9.62,76.45
amazon_rainforest,2018-11-16,30.0,20.48,0.0,7.71,81.02
amazon_rainforest,2018-11-17,34.08,20.37,3.57,8.33,76.96
amazon_rainforest,2018-11-18,27.91,20.73,1.83,8.44,77.52
amazon_rainforest,2018-11-19,31.95,21.18,0.0,10.58,65.46
amazon_rainforest,2018-11-20,32.05,20.26,7.56,8.46,90.9
amazon_rainforest,2018-11-21,28.12,21.39,7.15,5.27,66.04
amazon_rainforest,2018-11-22,27.04,23.77,3.57,8.27,86.71
amazon_rainforest,2018-11-23,33.72,21.98,7.92,10.02,63.18
amazon_rainforest,2018-11-24,29.01,18.97,7.79,10.21,91.27
amazon_rainforest,2018-11-25,33.28,24.07,0.0,7.14,70.11
amazon_rainforest,2018-11-26,29.44,19.55,7.42,6.75,58.69
amazon_rainforest,2018-11-27,33.01,23.77,7.29,5.65,44.09
amazon_rainforest,2018-11-28,30.62,21.83,4.43,9.71,63.9
amazon_rainforest,2018-11-29,32.72,25.94,0.0,9.55,81.42
amazon_rainforest,2018-11-30,32.43,24.53,21.81,11.01,60.58
amazon_rainforest,2018-12-01,33.95,23.01,3.8,6.81,51.51
amazon_rainforest,2018-12-02,33.85,21.98,3.52,8.49,68.07
amazon_rainforest,2018-12-03,32.48,24.28,7.54,7.78,90.52
amazon_rainforest,2018-12-04,30.5,22.29,4.33,7.06,90.51
amazon_rainforest,2018-12-05,27.59,22.94,2.42,8.06,31.43
amazon_rainforest,2018-12-06,30.82,22.4,12.15,5.88,77.9
amazon_rainforest,2018-12-07,30.65,21.11,0.0,9.67,76.73
amazon_rainforest,2018-12-08,34.26,22.67,2.18,10.19,53.85
amazon_rainforest,2018-12-09,33.93,20.97,3.34,9.63,70.86
amazon_rainforest,2018-12-10,31.51,23.31,8.56,8.28,93.22
amazon_rainforest,2018-12-11,32.44,22.19,13.72,10.05,75.95
amazon_rainforest,2018-12-12,34.89,21.39,1.2,7.56,87.05
amazon_rainforest,2018-12-13,29.9,21.2,6.96,5.58,56.08
amazon_rainforest,2018-12-14,31.89,24.82,0.0,7.78,82.68
amazon_rainforest,2018-12-15,29.89,20.62,2.74,7.23,71.05
amazon_rainforest,2018-12-16,32.89,22.75,6.36,13.23,68.06
amazon_rainforest,2018-12-17,30.44,20.53,8.48,10.03,62.47
amazon_rainforest,2018-12-18,27.92,22.97,0.0,8.53,65.27
amazon_rainforest,2018-12-19,33.91,21.82,0.79,10.84,72.92
amazon_rainforest,2018-12-20,31.37,22.47,10.22,9.87,66.08
amazon_rainforest,2018-12-21,34.35,21.73,11.11,8.76,83.45
amazon_rainforest,2018-12-22,34.07,19.25,4.38,8.31,47.7
amazon_rainforest,2018-12-23,32.23,22.92,4.94,6.97,84.56
amazon_rainforest,2018-12-24,28.7,22.82,4.26,9.4,52.55
amazon_rainforest,2018-12-25,32.5,20.81,14.29,10.51,62.91
amazon_rainforest,2018-12-26,30.91,22.53,11.43,6.06,84.29
amazon_rainforest,2018-12-27,36.28,22.88,15.82,9.67,84.85
amazon_rainforest,2018-12-28,32.86,23.05,14.49,9.57,78.67
amazon_rainforest,2018-12-29,34.73,22.58,7.66,7.17,85.43
amazon_rainforest,2018-12-30,32.31,21.43,7.03,8.79,77.43
amazon_rainforest,2018-12-31,34.63,23.7,8.99,5.88,71.89
amazon_rainforest,2019-01-01,33.15,23.03,8.04,9.23,69.82
amazon_rainforest,2019-01-02,31.21,19.63,11.61,9.78,72.97
amazon_rainforest,2019-01-03,34.23,21.88,10.78,10.27,75.26
amazon_rainforest,2019-01-04,28.78,23.55,14.12,9.71,71.35
amazon_rainforest,2019-01-05,34.9,25.14,4.71,11.04,64.64
amazon_rainforest,2019-01-06,35.08,22.91,10.69,7.57,56.21
amazon_rainforest,2019-01-07,33.09,20.69,6.45,10.37,63.7
amazon_rainforest,2019-01-08,30.95,20.11,13.72,8.26,87.15
amazon_rainforest,2019-01-09,29.77,22.76,0.0,7.36,72.29
amazon_rainforest,2019-01-10,33.73,22.4,12.23,7.93,68.87
amazon_rainforest,2019-01-11,33.27,23.21,3.88,6.75,86.58
amazon_rainforest,2019-01-12,28.16,21.01,8.74,9.7,74.35
amazon_rainforest,2019-01-13,31.25,23.03,9.89,6.81,80.6
amazon_rainforest,2019-01-14,28.87,22.57,5.34,10.8,71.04
amazon_rainforest,2019-01-15,31.96,21.3,6.81,9.86,72.02
amazon_rainforest,2019-01-16,31.0,25.11,10.59,10.05,62.36
amazon_rainforest,2019-01-17,32.2,24.03,8.12,8.66,75.65
amazon_rainforest,2019-01-18,29.98,22.55,10.96,4.96,66.82
amazon_rainforest,2019-01-19,34.87,20.74,14.3,8.48,65.13
amazon_rainforest,2019-01-20,28.8,23.51,8.47,9.34,77.88
amazon_rainforest,2019-01-21,34.05,21.76,14.32,8.3,77.23
amazon_rainforest,2019-01-22,34.43,23.79,4.58,10.84,67.03
amazon_rainforest,2019-01-23,29.64,23.41,20.13,8.57,72.88
amazon_rainforest,2019-01-24,31.33,21.27,3.21,10.39,74.93
amazon_rainforest,2019-01-25,32.36,22.78,5.96,7.78,90.5
amazon_rainforest,2019-01-26,28.67,24.3,15.29,11.12,57.81
amazon_rainforest,2019-01-27,31.83,20.48,13.19,11.73,91.47
amazon_rainforest,2019-01-28,29.34,23.36,11.97,7.97,88.67
amazon_rainforest,2019-01-29,31.89,25.37,9.68,11.22,77.08
amazon_rainforest,2019-01-30,31.06,21.24,5.96,9.83,82.27
amazon_rainforest,2019-01-31,32.7,20.27,3.01,7.4,83.21
amazon_rainforest,2019-02-01,31.54,26.94,12.76,9.66,60.35
amazon_rainforest,2019-02-02,33.0,19.41,13.55,10.27,80.16
amazon_rainforest,2019-02-03,30.91,22.78,12.51,5.94,72.34
amazon_rainforest,2019-02-04,25.59,24.69,9.09,7.98,54.78
amazon_rainforest,2019-02-05,31.78,24.93,18.67,9.92,67.79
amazon_rainforest,2019-02-06,29.46,23.37,12.74,6.86,90.5
amazon_rainforest,2019-02-07,34.27,25.18,10.96,6.21,75.06
amazon_rainforest,2019-02-08,29.91,22.59,11.94,11.48,88.39
amazon_rainforest,2019-02-09,34.49,22.23,20.24,13.43,80.68
amazon_rainforest,2019-02-10,33.55,23.15,6.35,10.75,61.38
amazon_rainforest,2019-02-11,32.71,23.56,6.55,9.14,86.95
amazon_rainforest,2019-02-12,34.84,23.64,11.11,8.42,87.68
amazon_rainforest,2019-02-13,27.45,21.53,10.11,11.27,71.66
amazon_rainforest,2019-02-14,32.19,23.1,14.19,8.5,59.93
amazon_rainforest,2019-02-15,32.35,21.38,10.87,12.27,75.72
amazon_rainforest,2019-02-16,31.58,22.73,14.16,10.27,70.43
amazon_rainforest,2019-02-17,32.48,23.87,16.32,10.98,76.44
amazon_rainforest,2019-02-18,32.01,23.79,9.76,10.74,92.76
amazon_rainforest,2019-02-19,29.68,25.92,18.97,8.15,90.65
amazon_rainforest,2019-02-20,33.45,22.21,10.24,11.92,87.75
amazon_rainforest,2019-02-21,31.42,24.57,13.78,10.62,84.46
amazon_rainforest,2019-02-22,33.04,26.02,10.18,7.0,76.07
amazon_rainforest,2019-02-23,32.57,26.46,5.14,7.34,92.55
amazon_rainforest,2019-02-24,34.4,24.57,8.96,5.15,67.32
amazon_rainforest,2019-02-25,36.06,20.9,18.9,9.34,69.93
amazon_rainforest,2019-02-26,28.99,21.51,3.23,9.18,83.93
amazon_rainforest,2019-02-27,34.71,21.7,16.63,11.42,100.0
amazon_rainforest,2019-02-28,33.84,23.2,1.67,12.97,76.08
amazon_rainforest,2019-03-01,33.21,25.88,11.69,10.65,91.37
amazon_rainforest,2019-03-02,34.43,22.79,16.61,5.94,65.03
amazon_rainforest,2019-03-03,36.0,21.86,2.82,10.77,81.15
amazon_rainforest,2019-03-04,31.31,24.84,6.66,8.53,85.75
amazon_rainforest,2019-03-05,39.14,22.28,17.11,9.89,88.07
amazon_rainforest,2019-03-06,29.94,24.53,7.72,12.35,74.93
amazon_rainforest,2019-03-07,31.86,22.45,9.44,7.98,70.66
amazon_rainforest,2019-03-08,33.75,24.36,9.0,6.74,64.68
amazon_rainforest,2019-03-09,31.48,23.4,4.09,9.45,76.1
amazon_rainforest,2019-03-10,32.29,22.55,11.72,6.49,98.12
amazon_rainforest,2019-03-11,33.6,20.85,17.17,9.34,74.46
amazon_rainforest,2019-03-12,32.94,23.06,11.44,9.62,100.0
amazon_rainforest,2019-03-13,35.95,21.06,16.72,6.03,78.21
amazon_rainforest,2019-03-14,35.23,23.53,9.04,8.17,88.02
amazon_rainforest,2019-03-15,31.45,24.38,11.77,11.48,100.0
amazon_rainforest,2019-03-16,33.1,23.82,15.23,12.33,79.56
amazon_rainforest,2019-03-17,34.36,22.9,11.29,12.01,100.0
amazon_rainforest,2019-03-18,28.29,22.87,5.12,11.74,78.71
amazon_rainforest,2019-03-19,32.87,24.04,6.62,9.96,75.48
amazon_rainforest,2019-03-20,31.66,22.04,10.67,6.24,79.33
amazon_rainforest,2019-03-21,32.33,23.23,14.45,11.01,59.66
amazon_rainforest,2019-03-22,36.2,20.86,9.4,9.02,67.26
amazon_rainforest,2019-03-23,34.12,21.83,15.14,4.73,64.98
amazon_rainforest,2019-03-24,33.32,23.3,19.49,10.09,77.56
amazon_rainforest,2019-03-25,30.96,20.91,15.85,9.13,84.58
amazon_rainforest,2019-03-26,34.74,23.21,7.92,9.54,70.71
amazon_rainforest,2019-03-27,30.16,23.87,8.56,7.75,100.0
amazon_rainforest,2019-03-28,32.1,21.84,16.82,7.69,58.36
amazon_rainforest,2019-03-29,33.18,23.4,11.38,9.7,62.75
amazon_rainforest,2019-03-30,32.88,20.85,10.16,8.8,85.89
amazon_rainforest,2019-03-31,31.57,23.55,9.03,8.78,72.69
amazon_rainforest,2019-04-01,30.91,22.17,5.65,7.35,52.72
amazon_rainforest,2019-04-02,35.88,21.4,5.06,6.85,82.43
amazon_rainforest,2019-04-03,29.8,22.3,7.57,7.83,80.93
amazon_rainforest,2019-04-04,34.16,21.05,7.51,10.8,79.32
amazon_rainforest,2019-04-05,31.74,23.97,12.73,10.59,76.1
amazon_rainforest,2019-04-06,30.38,23.0,8.0,5.74,76.33
amazon_rainforest,2019-04-07,31.62,24.36,9.71,9.21,96.56
amazon_rainforest,2019-04-08,31.74,20.08,7.45,7.98,88.83
amazon_rainforest,2019-04-09,29.9,24.12,7.88,13.2,85.26
amazon_rainforest,2019-04-10,35.03,20.32,10.93,7.65,89.39
amazon_rainforest,2019-04-11,32.73,22.68,0.0,7.28,75.32
amazon_rainforest,2019-04-12,30.09,26.34,16.07,7.43,80.01
amazon_rainforest,2019-04-13,30.61,20.35,8.55,11.68,37.88
amazon_rainforest,2019-04-14,28.43,22.72,4.37,5.53,100.0
amazon_rainforest,2019-04-15,32.7,21.13,3.5,6.88,76.31
amazon_rainforest,2019-04-16,31.3,21.82,9.51,9.19,89.86
amazon_rainforest,2019-04-17,29.0,21.19,0.0,9.99,86.53
amazon_rainforest,2019-04-18,30.06,18.68,15.37,10.12,85.11
amazon_rainforest,2019-04-19,30.73,23.43,4.93,4.33,71.67
amazon_rainforest,2019-04-20,30.24,22.68,15.43,7.47,91.14
amazon_rainforest,2019-04-21,37.05,21.22,11.8,9.91,85.14
amazon_rainforest,2019-04-22,33.91,24.5,8.34,7.27,61.35
amazon_rainforest,2019-04-23,29.35,23.41,12.58,6.51,77.15
amazon_rainforest,2019-04-24,33.12,22.6,5.51,10.29,76.26
amazon_rainforest,2019-04-25,31.51,23.39,7.15,11.22,69.57
amazon_rainforest,2019-04-26,32.21,23.38,17.65,7.77,61.3
amazon_rainforest,2019-04-27,31.08,22.49,11.64,8.23,63.11
amazon_rainforest,2019-04-28,33.1,23.21,12.66,6.95,82.24
amazon_rainforest,2019-04-29,34.48,22.89,8.23,10.3,69.67
amazon_rainforest,2019-04-30,32.03,21.94,3.8,12.4,80.35
amazon_rainforest,2019-05-01,29.86,21.43,7.44,8.92,72.37
amazon_rainforest,2019-05-02,31.82,21.45,2.24,8.45,72.58
amazon_rainforest,2019-05-03,33.31,21.1,0.63,8.5,62.79
amazon_rainforest,2019-05-04,33.51,22.21,8.27,8.92,66.46
amazon_rainforest,2019-05-05,31.1,23.2,4.16,3.63,72.63
amazon_rainforest,2019-05-06,28.75,23.78,10.11,5.26,53.72
amazon_rainforest,2019-05-07,33.9,22.72,4.74,11.35,76.13
amazon_rainforest,2019-05-08,31.24,24.04,0.0,12.21,72.23
amazon_rainforest,2019-05-09,32.37,20.64,11.14,7.74,54.61
amazon_rainforest,2019-05-10,35.49,23.94,10.78,6.93,71.64
amazon_rainforest,2019-05-11,32.67,23.81,10.1,10.82,39.81
amazon_rainforest,2019-05-12,32.85,20.21,5.43,10.35,67.09
amazon_rainforest,2019-05-13,31.16,20.55,13.21,10.31,73.52
amazon_rainforest,2019-05-14,32.88,21.28,6.69,5.96,83.35
amazon_rainforest,2019-05-15,27.09,22.99,7.72,5.25,100.0
amazon_rainforest,2019-05-16,26.87,18.85,9.69,5.42,74.39
amazon_rainforest,2019-05-17,31.77,22.63,0.85,7.35,75.53
amazon_rainforest,2019-05-18,28.23,23.06,6.99,7.27,52.69
amazon_rainforest,2019-05-19,34.71,24.96,6.49,9.04,69.53
amazon_rainforest,2019-05-20,33.38,24.41,9.46,10.56,66.01
amazon_rainforest,2019-05-21,34.55,21.54,8.68,5.82,51.02
amazon_rainforest,2019-05-22,30.5,21.23,12.69,9.88,92.1
amazon_rainforest,2019-05-23,31.85,23.83,14.5,10.45,76.48
amazon_rainforest,2019-05-24,31.03,24.02,5.0,13.54,77.56
amazon_rainforest,2019-05-25,30.53,22.91,0.0,8.5,90.97
amazon_rainforest,2019-05-26,29.12,20.26,0.0,8.12,53.83
amazon_rainforest,2019-05-27,30.52,22.02,11.86,7.64,55.3
amazon_rainforest,2019-05-28,29.5,21.21,1.08,8.39,87.33
amazon_rainforest,2019-05-29,32.04,20.19,4.55,12.46,58.56
amazon_rainforest,2019-05-30,29.9,22.44,11.23,9.65,78.47
amazon_rainforest,2019-05-31,33.57,20.65,7.12,8.4,73.59
amazon_rainforest,2019-06-01,29.32,25.4,16.98,4.62,94.05
amazon_rainforest,2019-06-02,30.43,20.4,10.39,8.74,87.8
amazon_rainforest,2019-06-03,31.68,18.37,2.98,5.83,88.19
amazon_rainforest,2019-06-04,30.78,22.22,2.53,10.61,49.47
amazon_rainforest,2019-06-05,29.71,24.21,10.29,7.31,77.57
amazon_rainforest,2019-06-06,32.41,22.14,3.93,4.18,81.93
amazon_rainforest,2019-06-07,30.16,21.09,8.98,5.09,68.99
amazon_rainforest,2019-06-08,32.99,20.26,14.4,6.42,61.68
amazon_rainforest,2019-06-09,30.6,19.68,0.0,7.61,67.3
amazon_rainforest,2019-06-10,31.97,20.94,0.11,7.16,79.16
amazon_rainforest,2019-06-11,31.6,20.27,0.0,6.84,53.5
amazon_rainforest,2019-06-12,27.38,22.07,0.0,11.11,89.74
amazon_rainforest,2019-06-13,34.37,21.55,1.23,6.59,45.95
amazon_rainforest,2019-06-14,27.55,21.87,3.43,6.28,60.01
amazon_rainforest,2019-06-15,32.74,20.4,2.38,7.67,53.45
amazon_rainforest,2019-06-16,29.8,21.45,5.72,6.75,68.19
amazon_rainforest,2019-06-17,30.51,23.15,3.34,7.92,61.71
amazon_rainforest,2019-06-18,29.29,19.01,9.31,5.53,83.34
amazon_rainforest,2019-06-19,32.47,20.4,19.96,7.8,64.87
amazon_rainforest,2019-06-20,28.99,21.19,3.71,3.77,71.12
amazon_rainforest,2019-06-21,28.23,20.97,1.97,5.6,65.75
amazon_rainforest,2019-06-22,33.15,23.89,0.24,6.53,63.35
amazon_rainforest,2019-06-23,33.18,19.15,0.0,6.39,69.38
amazon_rainforest,2019-06-24,30.2,17.21,1.15,7.39,51.13
amazon_rainforest,2019-06-25,28.0,23.33,4.74,5.35,55.28
amazon_rainforest,2019-06-26,29.43,19.34,3.55,7.27,53.3
amazon_rainforest,2019-06-27,29.49,20.36,12.65,8.05,70.21
amazon_rainforest,2019-06-28,32.27,22.01,6.24,6.69,68.08
amazon_rainforest,2019-06-29,33.5,23.41,9.85,7.45,68.86
amazon_rainforest,2019-06-30,31.41,20.43,1.69,6.38,66.54
amazon_rainforest,2019-07-01,29.88,20.55,0.0,6.96,70.92
amazon_rainforest,2019-07-02,28.02,19.63,7.66,6.44,60.78
amazon_rainforest,2019-07-03,31.31,21.5,8.01,12.55,64.07
amazon_rainforest,2019-07-04,31.6,23.71,0.0,7.14,70.27
amazon_rainforest,2019-07-05,27.41,20.48,0.0,4.98,56.63
amazon_rainforest,2019-07-06,29.8,20.06,0.0,6.53,71.31
amazon_rainforest,2019-07-07,31.56,21.2,8.29,4.48,79.21
amazon_rainforest,2019-07-08,29.39,22.23,3.85,2.48,67.63
amazon_rainforest,2019-07-09,30.16,22.6,2.59,7.19,82.51
amazon_rainforest,2019-07-10,31.9,21.09,6.76,9.07,63.72
amazon_rainforest,2019-07-11,30.14,23.72,1.81,8.01,78.12
amazon_rainforest,2019-07-12,25.45,22.26,0.0,7.21,55.12
amazon_rainforest,2019-07-13,32.31,21.34,0.0,8.73,68.53
amazon_rainforest,2019-07-14,30.89,21.27,17.17,6.03,71.42
amazon_rainforest,2019-07-15,26.82,18.14,9.05,1.98,76.41
amazon_rainforest,2019-07-16,31.77,20.38,4.61,7.9,70.6
amazon_rainforest,2019-07-17,28.2,19.71,0.0,6.2,83.09
amazon_rainforest,2019-07-18,31.67,20.87,4.99,7.86,73.3
amazon_rainforest,2019-07-19,27.18,19.93,8.04,7.82,65.17
amazon_rainforest,2019-07-20,31.05,19.11,4.68,6.88,65.43
amazon_rainforest,2019-07-21,30.34,22.53,2.57,7.14,56.53
amazon_rainforest,2019-07-22,27.83,18.63,0.74,7.9,60.86
amazon_rainforest,2019-07-23,29.93,24.82,8.13,6.11,61.98
amazon_rainforest,2019-07-24,32.91,19.55,2.54,8.25,66.54
amazon_rainforest,2019-07-25,33.67,21.06,1.36,11.32,61.92
amazon_rainforest,2019-07-26,29.18,19.06,1.46,7.17,47.09
amazon_rainforest,2019-07-27,31.82,19.7,0.0,7.48,78.28
amazon_rainforest,2019-07-28,26.62,22.36,3.22,9.35,37.72
amazon_rainforest,2019-07-29,32.41,20.02,0.0,8.97,52.97
amazon_rainforest,2019-07-30,31.77,20.13,0.0,6.47,78.55
amazon_rainforest,2019-07-31,33.07,22.59,0.0,3.22,53.6
amazon_rainforest,2019-08-01,28.67,24.0,5.71,4.81,75.15
amazon_rainforest,2019-08-02,28.64,20.49,3.98,7.1,66.02
amazon_rainforest,2019-08-03,32.02,18.21,14.13,5.84,69.41
amazon_rainforest,2019-08-04,30.35,20.57,0.75,5.04,58.02
amazon_rainforest,2019-08-05,29.69,20.69,5.67,7.32,59.67
amazon_rainforest,2019-08-06,31.28,21.02,0.0,5.28,70.74
amazon_rainforest,2019-08-07,31.01,22.0,1.75,9.25,63.65
amazon_rainforest,2019-08-08,29.72,22.29,0.0,5.14,57.1
amazon_rainforest,2019-08-09,31.55,19.83,0.0,6.63,62.28
amazon_rainforest,2019-08-10,30.57,21.21,2.83,5.88,59.06
amazon_rainforest,2019-08-11,29.59,21.28,10.42,5.79,47.31
amazon_rainforest,2019-08-12,26.72,23.7,3.52,7.14,63.55
amazon_rainforest,2019-08-13,28.75,22.38,0.0,1.63,70.81
amazon_rainforest,2019-08-14,30.15,20.06,0.0,6.54,62.24
amazon_rainforest,2019-08-15,26.64,19.17,2.58,8.15,60.68
amazon_rainforest,2019-08-16,26.93,20.32,0.0,8.27,66.2
amazon_rainforest,2019-08-17,26.7,21.1,0.0,7.46,50.02
amazon_rainforest,2019-08-18,29.4,20.61,4.8,7.59,38.58
amazon_rainforest,2019-08-19,29.37,19.65,8.08,7.56,73.59
amazon_rainforest,2019-08-20,26.88,19.7,0.0,9.21,69.43
amazon_rainforest,2019-08-21,27.54,22.39,6.49,7.02,38.12
amazon_rainforest,2019-08-22,31.88,18.17,0.0,6.2,60.15
amazon_rainforest,2019-08-23,30.67,22.86,1.0,5.02,61.98
amazon_rainforest,2019-08-24,30.6,21.05,6.74,6.0,56.81
amazon_rainforest,2019-08-25,26.87,19.76,0.0,7.71,51.55
amazon_rainforest,2019-08-26,30.45,21.04,0.97,8.08,61.35
amazon_rainforest,2019-08-27,28.62,22.43,0.0,5.55,52.8
amazon_rainforest,2019-08-28,26.54,21.39,3.13,5.53,61.41
amazon_rainforest,2019-08-29,26.96,20.11,3.74,7.54,45.52
amazon_rainforest,2019-08-30,31.54,20.3,0.0,8.92,68.21
amazon_rainforest,2019-08-31,26.04,20.65,0.0,10.96,81.27
amazon_rainforest,2019-09-01,34.67,21.68,8.54,7.6,62.51
amazon_rainforest,2019-09-02,25.66,18.59,4.48,5.42,70.63
amazon_rainforest,2019-09-03,31.61,20.19,2.46,4.63,59.18
amazon_rainforest,2019-09-04,30.06,20.89,6.42,9.8,80.67
amazon_rainforest,2019-09-05,31.02,20.96,0.0,7.24,53.99
amazon_rainforest,2019-09-06,30.81,20.41,0.0,5.91,42.99
amazon_rainforest,2019-09-07,31.58,21.16,0.0,5.44,44.77
amazon_rainforest,2019-09-08,29.36,17.99,0.0,9.55,51.45
amazon_rainforest,2019-09-09,30.22,18.32,0.0,5.97,64.11
amazon_rainforest,2019-09-10,30.18,23.14,1.26,8.98,58.45
amazon_rainforest,2019-09-11,30.64,20.94,4.43,8.09,86.16
amazon_rainforest,2019-09-12,29.86,20.76,7.65,5.98,65.18
amazon_rainforest,2019-09-13,31.71,18.36,2.05,10.05,63.48
amazon_rainforest,2019-09-14,27.06,17.9,4.68,6.55,63.92
amazon_rainforest,2019-09-15,30.88,21.59,6.18,5.66,77.93
amazon_rainforest,2019-09-16,28.62,22.98,6.47,9.42,42.05
amazon_rainforest,2019-09-17,29.69,19.61,0.0,8.22,69.92
amazon_rainforest,2019-09-18,34.08,21.46,0.0,5.74,51.25
amazon_rainforest,2019-09-19,32.19,22.68,1.85,8.3,66.33
amazon_rainforest,2019-09-20,26.27,20.57,12.11,8.84,58.43
amazon_rainforest,2019-09-21,28.77,22.92,6.41,7.96,63.69
amazon_rainforest,2019-09-22,28.16,20.51,0.0,5.58,68.58
amazon_rainforest,2019-09-23,30.94,21.46,1.95,7.28,73.37
amazon_rainforest,2019-09-24,32.03,23.71,3.29,4.54,68.68
amazon_rainforest,2019-09-25,27.63,22.17,0.0,5.93,64.47
amazon_rainforest,2019-09-26,29.19,20.88,0.0,6.02,68.76
amazon_rainforest,2019-09-27,29.92,20.16,4.27,8.32,62.31
amazon_rainforest,2019-09-28,28.47,22.74,5.65,8.57,69.62
amazon_rainforest,2019-09-29,29.93,22.01,1.35,3.99,77.08
amazon_rainforest,2019-09-30,31.27,22.13,0.0,7.6,84.86
amazon_rainforest,2019-10-01,30.72,21.36,4.01,6.63,77.28
amazon_rainforest,2019-10-02,28.68,22.42,0.0,7.49,80.57
amazon_rainforest,2019-10-03,32.85,19.78,0.0,9.86,53.02
amazon_rainforest,2019-10-04,25.34,20.08,16.82,5.97,74.54
amazon_rainforest,2019-10-05,25.48,19.81,0.0,6.25,66.29
amazon_rainforest,2019-10-06,28.86,22.11,6.72,8.23,53.78
amazon_rainforest,2019-10-07,30.46,20.19,0.49,7.0,56.03
amazon_rainforest,2019-10-08,27.7,20.02,5.53,3.8,76.9
amazon_rainforest,2019-10-09,34.68,21.42,7.19,10.34,75.53
amazon_rainforest,2019-10-10,30.16,19.71,0.0,7.42,50.53
amazon_rainforest,2019-10-11,29.54,21.98,2.17,8.85,62.49
amazon_rainforest,2019-10-12,31.89,20.4,0.0,6.07,48.46
amazon_rainforest,2019-10-13,26.81,23.36,0.0,4.19,59.59
amazon_rainforest,2019-10-14,32.79,23.31,9.61,6.79,56.02
amazon_rainforest,2019-10-15,27.54,23.79,0.0,7.46,63.99
amazon_rainforest,2019-10-16,27.4,19.64,0.0,9.39,73.83
amazon_rainforest,2019-10-17,30.22,20.91,6.1,6.14,54.99
amazon_rainforest,2019-10-18,28.9,22.91,17.47,9.05,52.5
amazon_rainforest,2019-10-19,31.54,23.88,0.86,4.42,64.84
amazon_rainforest,2019-10-20,29.23,19.04,0.0,6.39,64.74
amazon_rainforest,2019-10-21,31.83,22.36,2.28,7.57,50.08
amazon_rainforest,2019-10-22,31.34,21.67,6.78,4.94,71.67
amazon_rainforest,2019-10-23,30.82,21.86,8.45,10.29,54.36
amazon_rainforest,2019-10-24,30.15,19.84,0.0,6.73,81.62
amazon_rainforest,2019-10-25,29.33,20.82,12.23,5.73,74.4
amazon_rainforest,2019-10-26,29.75,22.93,6.35,5.17,80.51
amazon_rainforest,2019-10-27,30.26,22.9,0.0,4.82,62.89
amazon_rainforest,2019-10-28,31.84,21.83,2.43,8.71,84.17
amazon_rainforest,2019-10-29,30.55,23.37,6.01,5.7,72.02
amazon_rainforest,2019-10-30,28.97,22.88,3.75,8.0,77.29
amazon_rainforest,2019-10-31,31.76,23.96,3.05,6.49,78.89
amazon_rainforest,2019-11-01,29.35,22.44,14.24,9.2,75.81
amazon_rainforest,2019-11-02,33.22,25.85,6.59,8.1,52.46
amazon_rainforest,2019-11-03,31.4,21.11,1.73,8.79,62.7
amazon_rainforest,2019-11-04,33.14,24.64,2.31,12.48,69.25
amazon_rainforest,2019-11-05,30.35,20.11,12.77,6.56,57.52
amazon_rainforest,2019-11-06,31.71,21.46,6.01,7.77,72.36
amazon_rainforest,2019-11-07,30.35,22.7,0.0,7.86,57.49
amazon_rainforest,2019-11-08,29.27,17.66,3.19,8.31,74.63
amazon_rainforest,2019-11-09,31.89,20.83,4.3,6.7,81.03
amazon_rainforest,2019-11-10,29.35,25.03,0.0,8.91,92.63
amazon_rainforest,2019-11-11,29.35,23.93,12.78,11.85,65.46
amazon_rainforest,2019-11-12,27.12,19.47,0.0,7.46,71.02
amazon_rainforest,2019-11-13,33.26,19.32,12.97,7.63,64.73
amazon_rainforest,2019-11-14,29.86,19.47,0.0,5.73,77.5
amazon_rainforest,2019-11-15,29.81,20.48,6.37,4.44,67.95
amazon_rainforest,2019-11-16,29.52,21.74,11.16,5.76,64.09
amazon_rainforest,2019-11-17,29.89,23.09,4.3,5.12,92.69
amazon_rainforest,2019-11-18,29.29,23.42,0.98,5.35,79.11
amazon_rainforest,2019-11-19,28.48,24.6,5.93,6.47,52.86
amazon_rainforest,2019-11-20,31.97,23.91,7.24,5.82,63.52
amazon_rainforest,2019-11-21,29.51,18.35,12.1,6.07,72.06
amazon_rainforest,2019-11-22,32.78,21.16,0.0,5.84,73.19
amazon_rainforest,2019-11-23,31.03,19.82,0.88,5.85,48.91
amazon_rainforest,2019-11-24,26.71,25.48,15.81,12.54,66.9
amazon_rainforest,2019-11-25,32.09,21.37,6.74,6.25,88.49
amazon_rainforest,2019-11-26,30.93,20.85,7.78,6.8,80.35
amazon_rainforest,2019-11-27,31.1,23.14,9.47,8.73,79.4
amazon_rainforest,2019-11-28,32.32,21.62,6.48,5.38,44.77
amazon_rainforest,2019-11-29,29.33,23.69,12.18,4.73,47.26
amazon_rainforest,2019-11-30,33.55,21.12,9.34,5.74,68.42
amazon_rainforest,2019-12-01,30.28,23.5,6.39,7.73,59.72
amazon_rainforest,2019-12-02,34.38,18.27,0.0,8.27,64.61
amazon_rainforest,2019-12-03,28.7,25.91,11.38,9.36,63.59
amazon_rainforest,2019-12-04,29.04,23.22,15.72,8.97,72.15
amazon_rainforest,2019-12-05,31.51,22.64,12.48,11.43,64.96
amazon_rainforest,2019-12-06,31.9,21.39,0.0,8.28,89.09
amazon_rainforest,2019-12-07,31.03,22.1,12.78,8.26,41.49
amazon_rainforest,2019-12-08,31.51,22.09,10.01,6.38,76.83
amazon_rainforest,2019-12-09,33.1,21.89,7.01,8.23,68.61
amazon_rainforest,2019-12-10,30.71,22.64,0.22,6.75,75.5
amazon_rainforest,2019-12-11,29.13,22.03,3.05,5.87,76.08
amazon_rainforest,2019-12-12,34.09,22.14,9.25,11.95,62.18
amazon_rainforest,2019-12-13,33.66,21.64,4.83,5.82,70.36
amazon_rainforest,2019-12-14,33.4,22.06,17.39,12.03,78.57
amazon_rainforest,2019-12-15,28.95,22.65,0.0,10.72,64.27
amazon_rainforest,2019-12-16,29.69,22.52,6.77,8.25,79.59
amazon_rainforest,2019-12-17,32.47,22.2,0.0,5.7,83.53
amazon_rainforest,2019-12-18,35.05,21.93,0.0,8.13,55.34
amazon_rainforest,2019-12-19,34.46,23.2,1.79,6.51,61.32
amazon_rainforest,2019-12-20,31.18,21.4,0.0,11.74,44.13
amazon_rainforest,2019-12-21,29.89,19.78,10.37,9.8,88.69
amazon_rainforest,2019-12-22,29.42,22.26,3.67,10.6,64.07
amazon_rainforest,2019-12-23,31.0,23.76,2.28,8.04,95.52
amazon_rainforest,2019-12-24,37.12,23.18,7.65,8.47,69.4
amazon_rainforest,2019-12-25,29.56,23.66,6.85,9.82,97.97
amazon_rainforest,2019-12-26,31.67,21.85,6.71,7.91,71.48
amazon_rainforest,2019-12-27,30.09,23.13,5.96,11.7,59.07
amazon_rainforest,2019-12-28,32.26,25.6,9.96,7.57,74.15
amazon_rainforest,2019-12-29,28.06,20.73,11.25,11.46,68.03
amazon_rainforest,2019-12-30,29.41,23.25,3.08,6.93,70.41
amazon_rainforest,2019-12-31,29.79,21.99,16.52,7.68,86.76
amazon_rainforest,2020-01-01,29.36,24.5,8.3,8.23,83.22
amazon_rainforest,2020-01-02,30.08,22.55,14.23,8.0,77.45
amazon_rainforest,2020-01-03,31.83,22.15,9.0,7.31,70.48
amazon_rainforest,2020-01-04,34.62,20.49,12.69,4.72,70.59
amazon_rainforest,2020-01-05,31.4,21.19,1.1,9.15,82.01
amazon_rainforest,2020-01-06,30.3,22.06,2.92,7.42,95.45
amazon_rainforest,2020-01-07,32.88,24.02,5.71,8.05,88.07
amazon_rainforest,2020-01-08,33.93,24.95,2.39,10.2,58.16
amazon_rainforest,2020-01-09,29.56,22.45,10.23,7.46,86.42
amazon_rainforest,2020-01-10,30.31,22.16,8.82,8.83,69.04
amazon_rainforest,2020-01-11,30.52,23.22,3.95,7.49,73.78
amazon_rainforest,2020-01-12,31.41,23.01,11.73,12.35,87.15
amazon_rainforest,2020-01-13,31.6,22.45,13.03,10.7,76.68
amazon_rainforest,2020-01-14,32.31,22.67,0.0,8.97,86.52
amazon_rainforest,2020-01-15,31.34,23.16,14.34,9.17,72.83
amazon_rainforest,2020-01-16,33.19,24.51,12.42,5.66,56.0
amazon_rainforest,2020-01-17,31.46,21.7,1.39,7.78,68.68
amazon_rainforest,2020-01-18,28.93,20.82,5.86,12.13,54.41
amazon_rainforest,2020-01-19,33.22,23.05,6.07,7.95,81.11
amazon_rainforest,2020-01-20,30.41,21.42,4.63,8.85,70.84
amazon_rainforest,2020-01-21,31.23,24.93,17.14,5.78,72.33
amazon_rainforest,2020-01-22,33.71,23.35,6.98,10.14,73.05
amazon_rainforest,2020-01-23,32.95,22.62,0.0,8.92,87.07
amazon_rainforest,2020-01-24,31.11,22.76,8.1,7.0,82.18
amazon_rainforest,2020-01-25,34.53,23.45,6.65,6.49,38.61
amazon_rainforest,2020-01-26,34.41,23.77,6.15,13.32,48.4
amazon_rainforest,2020-01-27,29.6,26.59,11.38,8.24,89.13
amazon_rainforest,2020-01-28,26.47,21.28,2.74,7.87,80.14
amazon_rainforest,2020-01-29,32.2,24.33,18.75,10.74,74.42
amazon_rainforest,2020-01-30,31.91,26.26,9.27,5.14,77.32
amazon_rainforest,2020-01-31,34.0,23.47,10.11,12.32,78.66
amazon_rainforest,2020-02-01,35.14,23.01,7.76,8.29,77.58
amazon_rainforest,2020-02-02,35.45,22.37,17.8,8.71,85.78
amazon_rainforest,2020-02-03,36.37,22.8,6.6,7.59,64.35
amazon_rainforest,2020-02-04,30.2,22.88,11.14,9.33,73.3
amazon_rainforest,2020-02-05,35.3,24.71,11.89,7.88,76.45
amazon_rainforest,2020-02-06,29.05,24.84,9.03,8.96,79.42
amazon_rainforest,2020-02-07,27.16,22.19,13.01,7.21,75.15
amazon_rainforest,2020-02-08,29.82,24.91,14.56,9.54,75.38
amazon_rainforest,2020-02-09,32.58,23.25,13.89,8.47,83.7
amazon_rainforest,2020-02-10,33.22,23.33,9.74,9.59,89.94
amazon_rainforest,2020-02-11,31.59,24.39,8.99,8.62,80.43
amazon_rainforest,2020-02-12,32.23,22.67,10.97,12.55,62.5
amazon_rainforest,2020-02-13,32.76,23.2,8.3,8.98,72.35
amazon_rainforest,2020-02-14,32.39,23.52,5.09,10.69,58.03
amazon_rainforest,2020-02-15,30.24,25.21,11.15,9.17,84.89
amazon_rainforest,2020-02-16,32.71,20.18,17.75,10.99,74.9
amazon_rainforest,2020-02-17,35.42,23.29,12.94,8.19,89.84
amazon_rainforest,2020-02-18,32.09,21.53,3.77,8.66,81.65
amazon_rainforest,2020-02-19,29.78,24.88,10.87,9.41,83.35
amazon_rainforest,2020-02-20,35.96,21.31,15.03,5.19,62.34
amazon_rainforest,2020-02-21,32.64,24.7,9.61,10.07,66.52
amazon_rainforest,2020-02-22,31.97,22.21,11.35,7.87,74.78
amazon_rainforest,2020-02-23,35.69,26.06,28.25,8.62,72.02
amazon_rainforest,2020-02-24,30.85,21.59,19.83,11.12,74.3
amazon_rainforest,2020-02-25,33.1,23.31,10.55,9.38,65.83
amazon_rainforest,2020-02-26,29.01,23.74,14.19,8.38,84.5
amazon_rainforest,2020-02-27,31.02,22.76,9.45,9.88,75.69
amazon_rainforest,2020-02-28,29.56,21.0,9.11,8.19,89.92
amazon_rainforest,2020-02-29,32.15,23.57,15.44,9.37,60.68
amazon_rainforest,2020-03-01,33.54,20.36,15.33,7.53,95.47
amazon_rainforest,2020-03-02,32.13,23.5,13.98,11.32,76.42
amazon_rainforest,2020-03-03,33.59,23.29,9.58,7.03,67.79
amazon_rainforest,2020-03-04,32.48,22.2,19.88,10.29,74.81
amazon_rainforest,2020-03-05,30.46,19.29,5.19,5.52,67.74
amazon_rainforest,2020-03-06,34.39,19.8,11.17,9.29,74.67
amazon_rainforest,2020-03-07,33.79,21.64,4.91,10.2,90.46
amazon_rainforest,2020-03-08,33.83,22.62,11.23,7.48,74.01
amazon_rainforest,2020-03-09,31.23,23.68,9.19,10.32,79.23
amazon_rainforest,2020-03-10,29.27,23.21,17.48,9.42,73.16
amazon_rainforest,2020-03-11,32.54,20.95,10.63,8.63,75.02
amazon_rainforest,2020-03-12,34.34,25.22,17.61,9.7,72.97
amazon_rainforest,2020-03-13,31.57,24.74,9.69,12.02,62.69
amazon_rainforest,2020-03-14,31.12,22.77,8.17,9.92,99.37
amazon_rainforest,2020-03-15,33.1,24.32,12.71,7.1,81.72
amazon_rainforest,2020-03-16,29.01,21.69,0.05,7.55,99.06
amazon_rainforest,2020-03-17,28.59,22.49,8.84,7.64,85.29
amazon_rainforest,2020-03-18,33.9,19.91,11.61,8.48,56.24
amazon_rainforest,2020-03-19,32.71,21.83,21.86,10.19,81.97
amazon_rainforest,2020-03-20,33.24,22.41,13.68,10.63,77.23
amazon_rainforest,2020-03-21,32.64,24.1,1.43,10.29,74.51
amazon_rainforest,2020-03-22,29.48,24.18,7.04,2.99,73.57
amazon_rainforest,2020-03-23,30.92,21.18,4.77,10.07,93.07
amazon_rainforest,2020-03-24,31.69,21.54,12.66,8.55,63.87
amazon_rainforest,2020-03-25,33.36,22.36,15.0,10.54,74.01
amazon_rainforest,2020-03-26,31.37,24.89,2.83,11.56,82.9
amazon_rainforest,2020-03-27,33.26,24.3,16.06,6.25,69.37
amazon_rainforest,2020-03-28,30.7,23.37,5.73,8.89,79.3
amazon_rainforest,2020-03-29,35.28,23.53,5.8,10.82,90.05
amazon_rainforest,2020-03-30,32.56,23.04,4.1,9.99,84.3
amazon_rainforest,2020-03-31,33.06,23.46,7.24,11.45,53.66
amazon_rainforest,2020-04-01,33.26,21.57,10.17,11.54,67.6
amazon_rainforest,2020-04-02,27.24,21.96,15.99,8.68,66.14
amazon_rainforest,2020-04-03,32.97,21.55,3.55,7.65,84.32
amazon_rainforest,2020-04-04,32.02,24.57,3.74,7.56,70.54
amazon_rainforest,2020-04-05,31.57,25.4,14.38,10.99,76.99
amazon_rainforest,2020-04-06,32.92,22.79,8.2,10.5,69.73
amazon_rainforest,2020-04-07,31.23,25.19,6.38,9.73,74.58
amazon_rainforest,2020-04-08,34.76,23.89,10.88,9.1,97.76
amazon_rainforest,2020-04-09,35.74,22.62,6.93,10.13,100.0
amazon_rainforest,2020-04-10,32.45,19.82,4.95,9.36,79.29
amazon_rainforest,2020-04-11,33.65,26.15,8.06,8.29,63.88
amazon_rainforest,2020-04-12,31.38,24.19,10.69,11.52,78.57
amazon_rainforest,2020-04-13,29.83,22.62,3.87,6.7,94.16
amazon_rainforest,2020-04-14,32.85,22.82,14.42,10.75,78.82
amazon_rainforest,2020-04-15,29.85,24.92,8.52,6.76,55.58
amazon_rainforest,2020-04-16,30.64,22.21,8.33,9.62,73.53
amazon_rainforest,2020-04-17,31.96,20.54,6.25,11.28,59.61
amazon_rainforest,2020-04-18,31.75,24.78,7.05,10.55,63.88
amazon_rainforest,2020-04-19,31.87,21.78,5.24,9.17,73.71
amazon_rainforest,2020-04-20,34.14,21.97,14.63,5.4,65.01
amazon_rainforest,2020-04-21,33.9,20.08,9.68,6.85,80.74
amazon_rainforest,2020-04-22,33.85,24.77,6.39,9.72,86.33
amazon_rainforest,2020-04-23,32.26,23.97,4.51,8.29,59.51
amazon_rainforest,2020-04-24,29.32,19.91,6.34,7.73,86.26
amazon_rainforest,2020-04-25,31.2,24.0,11.04,3.35,84.72
amazon_rainforest,2020-04-26,30.54,23.65,6.75,8.11,75.46
amazon_rainforest,2020-04-27,32.06,24.44,7.34,8.85,78.23
amazon_rainforest,2020-04-28,34.02,21.66,8.99,7.59,81.5
amazon_rainforest,2020-04-29,32.45,19.83,5.52,8.7,86.55
amazon_rainforest,2020-04-30,31.45,21.68,7.74,7.85,53.83
amazon_rainforest,2020-05-01,33.13,20.24,18.46,9.99,84.83
amazon_rainforest,2020-05-02,31.55,24.14,9.04,8.32,87.19
amazon_rainforest,2020-05-03,31.33,18.76,9.15,8.12,76.3
amazon_rainforest,2020-05-04,33.05,22.02,4.29,8.33,83.69
amazon_rainforest,2020-05-05,32.54,20.94,12.24,7.48,49.61
amazon_rainforest,2020-05-06,30.29,21.47,4.6,10.54,83.51
amazon_rainforest,2020-05-07,28.73,21.94,9.4,7.24,58.72
amazon_rainforest,2020-05-08,31.9,22.99,0.0,9.88,84.86
amazon_rainforest,2020-05-09,30.85,22.39,3.63,6.8,96.62
amazon_rainforest,2020-05-10,30.63,22.26,4.76,11.7,92.86
amazon_rainforest,2020-05-11,30.43,21.9,5.93,13.25,91.52
amazon_rainforest,2020-05-12,31.24,24.24,5.32,9.26,69.77
amazon_rainforest,2020-05-13,31.51,23.38,13.38,9.49,85.89
amazon_rainforest,2020-05-14,30.3,21.27,6.91,8.24,69.6
amazon_rainforest,2020-05-15,29.73,20.16,13.28,8.51,89.47
amazon_rainforest,2020-05-16,27.92,22.49,2.41,6.73,77.89
amazon_rainforest,2020-05-17,31.4,22.4,0.94,6.29,43.15
amazon_rainforest,2020-05-18,32.78,21.02,14.42,9.2,81.79
amazon_rainforest,2020-05-19,31.55,21.09,2.34,6.54,53.21
amazon_rainforest,2020-05-20,28.39,22.78,8.21,9.41,94.05
amazon_rainforest,2020-05-21,29.52,25.47,5.42,9.89,81.29
amazon_rainforest,2020-05-22,29.1,24.17,0.97,10.65,69.6
amazon_rainforest,2020-05-23,29.37,20.92,0.0,6.4,92.34
amazon_rainforest,2020-05-24,29.68,22.22,2.36,5.92,73.71
amazon_rainforest,2020-05-25,29.81,22.68,4.22,9.38,60.05
amazon_rainforest,2020-05-26,35.67,22.95,8.39,9.45,73.93
amazon_rainforest,2020-05-27,29.96,24.6,6.6,9.32,91.33
amazon_rainforest,2020-05-28,27.11,21.64,4.47,9.52,76.06
amazon_rainforest,2020-05-29,33.03,20.68,11.27,6.17,47.33
amazon_rainforest,2020-05-30,31.23,22.26,12.63,7.91,73.75
amazon_rainforest,2020-05-31,32.66,20.67,6.73,7.43,75.61
amazon_rainforest,2020-06-01,30.78,22.07,3.47,9.45,71.48
amazon_rainforest,2020-06-02,33.59,20.97,5.71,8.95,38.64
amazon_rainforest,2020-06-03,31.21,23.0,6.99,8.92,60.17
amazon_rainforest,2020-06-04,32.78,23.93,0.0,8.35,75.52
amazon_rainforest,2020-06-05,32.69,20.24,5.22,8.03,88.05
amazon_rainforest,2020-06-06,30.07,20.37,5.65,7.12,58.12
amazon_rainforest,2020-06-07,31.18,20.35,0.4,8.14,59.25
amazon_rainforest,2020-06-08,33.1,21.37,2.54,8.84,58.32
amazon_rainforest,2020-06-09,31.73,23.21,1.49,9.69,75.76
amazon_rainforest,2020-06-10,32.74,19.58,11.22,10.09,75.65
amazon_rainforest,2020-06-11,35.54,22.24,0.0,8.81,75.58
amazon_rainforest,2020-06-12,29.69,24.29,6.91,10.12,63.04
amazon_rainforest,2020-06-13,30.0,20.42,13.08,8.98,60.63
amazon_rainforest,2020-06-14,27.51,20.79,4.4,4.55,75.02
amazon_rainforest,2020-06-15,28.48,20.8,11.74,9.25,84.87
amazon_rainforest,2020-06-16,29.14,23.91,5.23,5.52,70.8
amazon_rainforest,2020-06-17,31.23,21.89,7.08,10.41,72.76
amazon_rainforest,2020-06-18,30.04,22.99,0.0,3.5,57.42
amazon_rainforest,2020-06-19,29.35,20.76,10.91,3.38,54.01
amazon_rainforest,2020-06-20,30.09,22.99,2.93,10.86,74.35
amazon_rainforest,2020-06-21,29.29,21.45,3.99,11.24,62.28
amazon_rainforest,2020-06-22,29.83,24.17,2.51,9.77,67.09
amazon_rainforest,2020-06-23,27.45,22.89,0.42,10.23,76.86
amazon_rainforest,2020-06-24,33.12,24.09,8.21,4.85,72.78
amazon_rainforest,2020-06-25,29.86,23.22,2.2,9.46,59.83
amazon_rainforest,2020-06-26,29.13,20.26,0.02,5.59,75.35
amazon_rainforest,2020-06-27,29.8,24.04,0.24,9.56,78.19
amazon_rainforest,2020-06-28,28.52,24.01,0.0,6.42,83.51
amazon_rainforest,2020-06-29,32.49,19.49,11.28,7.07,62.97
amazon_rainforest,2020-06-30,27.38,21.4,4.37,9.27,64.11
amazon_rainforest,2020-07-01,30.41,20.32,0.0,7.15,54.8
amazon_rainforest,2020-07-02,33.42,22.03,0.0,8.21,75.54
amazon_rainforest,2020-07-03,28.61,21.73,8.7,5.81,76.57
amazon_rainforest,2020-07-04,25.9,22.21,4.81,5.71,67.09
amazon_rainforest,2020-07-05,29.86,20.49,0.0,6.6,84.71
amazon_rainforest,2020-07-06,29.71,19.2,0.0,4.96,70.0
amazon_rainforest,2020-07-07,29.81,19.66,3.99,8.44,56.2
amazon_rainforest,2020-07-08,28.79,22.47,10.06,7.73,67.1
amazon_rainforest,2020-07-09,30.54,20.12,0.0,4.37,62.91
amazon_rainforest,2020-07-10,31.69,19.09,6.15,9.96,71.32
amazon_rainforest,2020-07-11,28.83,20.04,11.93,9.98,95.93
amazon_rainforest,2020-07-12,30.4,22.63,0.0,6.9,82.97
amazon_rainforest,2020-07-13,28.52,19.96,0.0,5.94,78.64
amazon_rainforest,2020-07-14,34.15,22.0,1.11,9.47,48.42
amazon_rainforest,2020-07-15,32.03,21.31,4.72,5.17,81.36
amazon_rainforest,2020-07-16,33.74,21.47,4.47,10.13,73.52
amazon_rainforest,2020-07-17,31.66,21.85,2.09,6.89,81.48
amazon_rainforest,2020-07-18,27.29,19.05,15.54,9.58,43.91
amazon_rainforest,2020-07-19,28.38,21.65,6.71,8.39,55.62
amazon_rainforest,2020-07-20,31.2,20.64,0.86,12.24,72.36
amazon_rainforest,2020-07-21,29.19,20.68,1.56,8.41,44.86
amazon_rainforest,2020-07-22,31.16,20.48,0.59,10.72,82.25
amazon_rainforest,2020-07-23,29.41,20.77,8.66,5.86,71.27
amazon_rainforest,2020-07-24,31.39,21.69,0.0,4.9,65.69
amazon_rainforest,2020-07-25,33.7,22.3,1.13,6.36,53.24
amazon_rainforest,2020-07-26,27.1,22.47,0.0,7.02,55.64
amazon_rainforest,2020-07-27,26.51,26.26,3.76,6.97,50.18
amazon_rainforest,2020-07-28,29.18,21.26,4.74,6.77,60.61
amazon_rainforest,2020-07-29,29.6,22.97,0.0,7.42,74.05
amazon_rainforest,2020-07-30,28.64,20.26,0.0,8.32,59.05
amazon_rainforest,2020-07-31,30.45,19.76,2.18,4.15,74.03
amazon_rainforest,2020-08-01,29.0,20.38,3.79,6.4,46.78
amazon_rainforest,2020-08-02,28.05,19.83,0.0,5.83,41.29
amazon_rainforest,2020-08-03,30.19,22.79,0.6,7.12,76.98
amazon_rainforest,2020-08-04,31.22,23.74,5.24,6.51,54.86
amazon_rainforest,2020-08-05,30.06,22.03,4.3,9.36,60.85
amazon_rainforest,2020-08-06,33.42,21.04,0.0,7.58,52.34
amazon_rainforest,2020-08-07,28.93,21.17,0.0,8.77,65.83
amazon_rainforest,2020-08-08,27.81,21.61,0.0,6.13,83.01
amazon_rainforest,2020-08-09,30.12,23.72,0.0,8.39,53.25
amazon_rainforest,2020-08-10,26.05,22.54,3.39,5.55,43.59
amazon_rainforest,2020-08-11,33.53,23.85,1.51,4.65,48.41
amazon_rainforest,2020-08-12,32.9,20.67,5.45,9.27,62.95
amazon_rainforest,2020-08-13,32.22,20.84,11.07,6.46,48.16
amazon_rainforest,2020-08-14,24.93,21.54,1.66,6.5,51.85
amazon_rainforest,2020-08-15,28.71,19.79,0.0,4.98,37.12
amazon_rainforest,2020-08-16,29.47,22.39,0.0,4.64,65.65
amazon_rainforest,2020-08-17,29.71,20.15,7.37,9.78,71.22
amazon_rainforest,2020-08-18,30.88,19.12,7.67,8.6,51.56
amazon_rainforest,2020-08-19,31.65,24.4,0.0,4.77,53.83
amazon_rainforest,2020-08-20,32.77,23.02,0.0,5.05,64.45
amazon_rainforest,2020-08-21,31.02,21.85,0.49,6.94,68.55
amazon_rainforest,2020-08-22,29.23,22.36,6.1,5.7,62.91
amazon_rainforest,2020-08-23,29.43,22.21,0.0,4.97,63.26
amazon_rainforest,2020-08-24,30.97,20.83,4.44,5.02,57.59
amazon_rainforest,2020-08-25,27.12,23.6,0.0,6.11,69.74
amazon_rainforest,2020-08-26,29.16,23.1,0.72,3.7,67.55
amazon_rainforest,2020-08-27,32.76,22.24,0.0,4.91,51.64
amazon_rainforest,2020-08-28,30.83,18.88,0.05,8.68,57.54
amazon_rainforest,2020-08-29,31.63,18.95,0.0,4.33,68.87
amazon_rainforest,2020-08-30,30.1,21.81,1.61,6.33,68.65
amazon_rainforest,2020-08-31,31.49,22.98,4.26,7.05,49.77
amazon_rainforest,2020-09-01,30.54,19.38,2.57,8.55,61.39
amazon_rainforest,2020-09-02,33.25,22.69,7.09,3.9,57.08
amazon_rainforest,2020-09-03,28.66,20.18,2.12,4.8,39.43
amazon_rainforest,2020-09-04,28.04,21.69,2.32,6.37,80.66
amazon_rainforest,2020-09-05,26.04,20.79,0.0,8.46,57.65
amazon_rainforest,2020-09-06,29.46,20.42,3.6,7.79,52.41
amazon_rainforest,2020-09-07,31.35,20.77,0.0,9.74,61.52
amazon_rainforest,2020-09-08,32.03,21.86,0.0,5.25,56.6
amazon_rainforest,2020-09-09,29.61,23.2,6.94,5.02,78.23
amazon_rainforest,2020-09-10,32.28,20.2,10.12,5.18,75.9
amazon_rainforest,2020-09-11,30.15,20.54,0.0,5.15,61.81
amazon_rainforest,2020-09-12,27.22,21.89,3.6,4.74,73.1
amazon_rainforest,2020-09-13,31.36,21.85,0.0,7.38,62.46
amazon_rainforest,2020-09-14,28.38,19.63,0.0,3.11,42.09
amazon_rainforest,2020-09-15,28.69,17.5,0.0,8.98,62.47
amazon_rainforest,2020-09-16,32.19,19.22,4.52,6.25,55.61
amazon_rainforest,2020-09-17,32.21,20.23,0.0,7.38,53.61
amazon_rainforest,2020-09-18,30.44,20.98,10.09,3.85,69.36
amazon_rainforest,2020-09-19,28.12,22.39,0.0,4.99,87.41
amazon_rainforest,2020-09-20,27.44,18.98,1.74,5.38,53.23
amazon_rainforest,2020-09-21,30.59,20.76,5.52,5.58,65.44
amazon_rainforest,2020-09-22,30.17,23.38,14.36,5.53,63.64
amazon_rainforest,2020-09-23,28.98,20.25,0.0,6.6,86.03
amazon_rainforest,2020-09-24,30.7,22.85,0.0,5.5,57.49
amazon_rainforest,2020-09-25,29.95,22.43,2.77,7.98,83.32
amazon_rainforest,2020-09-26,28.62,23.1,0.41,8.26,40.83
amazon_rainforest,2020-09-27,27.55,20.16,5.5,10.19,55.29
amazon_rainforest,2020-09-28,29.6,21.13,2.89,7.15,73.24
amazon_rainforest,2020-09-29,29.0,20.48,8.38,6.31,37.55
amazon_rainforest,2020-09-30,29.04,23.04,0.88,6.93,59.76
amazon_rainforest,2020-10-01,29.56,21.15,6.46,7.58,46.53
amazon_rainforest,2020-10-02,29.76,21.16,2.08,5.33,46.73
amazon_rainforest,2020-10-03,28.69,17.5,5.11,8.45,83.93
amazon_rainforest,2020-10-04,31.04,18.78,3.46,8.21,75.44
amazon_rainforest,2020-10-05,29.13,22.75,2.03,3.44,65.51
amazon_rainforest,2020-10-06,30.46,22.6,0.0,10.59,78.79
amazon_rainforest,2020-10-07,28.09,21.53,6.7,7.42,69.49
amazon_rainforest,2020-10-08,28.84,25.4,0.0,5.03,75.39
amazon_rainforest,2020-10-09,30.92,20.85,5.75,4.93,67.28
amazon_rainforest,2020-10-10,27.17,22.36,5.67,7.34,59.16
amazon_rainforest,2020-10-11,32.44,22.16,13.68,5.26,55.44
amazon_rainforest,2020-10-12,31.05,22.83,6.95,5.09,61.31
amazon_rainforest,2020-10-13,30.0,22.51,0.0,6.13,44.56
amazon_rainforest,2020-10-14,30.97,19.61,0.0,7.95,65.69
amazon_rainforest,2020-10-15,27.55,19.75,2.76,6.28,82.63
amazon_rainforest,2020-10-16,30.69,21.2,0.87,5.31,54.25
amazon_rainforest,2020-10-17,26.6,22.4,4.76,10.11,63.17
amazon_rainforest,2020-10-18,31.86,24.19,0.0,8.01,39.0
amazon_rainforest,2020-10-19,28.2,22.47,0.0,5.32,65.87
amazon_rainforest,2020-10-20,31.67,20.84,0.0,7.49,100.0
amazon_rainforest,2020-10-21,28.13,21.14,13.94,7.36,67.13
amazon_rainforest,2020-10-22,30.18,22.73,8.71,7.09,76.97
amazon_rainforest,2020-10-23,30.28,20.97,0.53,7.21,59.4
amazon_rainforest,2020-10-24,30.24,22.52,4.29,6.82,72.57
amazon_rainforest,2020-10-25,31.32,18.5,0.0,8.09,58.02
amazon_rainforest,2020-10-26,28.06,19.75,7.77,7.14,68.11
amazon_rainforest,2020-10-27,26.51,22.26,0.0,7.62,45.42
amazon_rainforest,2020-10-28,28.8,24.74,1.7,8.13,79.28
amazon_rainforest,2020-10-29,32.37,20.62,0.0,7.16,71.89
amazon_rainforest,2020-10-30,29.49,22.4,2.59,8.75,74.68
amazon_rainforest,2020-10-31,29.02,23.67,5.3,9.97,61.06
amazon_rainforest,2020-11-01,33.93,22.25,3.83,6.81,72.07
amazon_rainforest,2020-11-02,28.23,21.58,8.95,6.29,84.05
amazon_rainforest,2020-11-03,32.2,23.71,0.0,4.67,57.55
amazon_rainforest,2020-11-04,28.34,19.79,0.0,8.8,75.8
amazon_rainforest,2020-11-05,28.3,18.49,5.07,7.13,66.67
amazon_rainforest,2020-11-06,32.15,19.56,12.39,5.16,85.63
amazon_rainforest,2020-11-07,31.74,19.05,0.0,6.41,58.36
amazon_rainforest,2020-11-08,28.81,20.35,7.32,8.4,60.87
amazon_rainforest,2020-11-09,26.37,21.46,2.22,9.1,79.1
amazon_rainforest,2020-11-10,30.24,20.85,0.62,8.66,65.5
amazon_rainforest,2020-11-11,30.21,18.06,0.69,7.48,73.53
amazon_rainforest,2020-11-12,34.43,21.33,7.22,9.05,76.85
amazon_rainforest,2020-11-13,28.11,21.62,11.54,7.84,70.41
amazon_rainforest,2020-11-14,30.14,22.78,10.82,8.07,47.39
amazon_rainforest,2020-11-15,30.43,23.44,9.25,6.1,76.12
amazon_rainforest,2020-11-16,30.53,22.79,5.72,9.87,60.4
amazon_rainforest,2020-11-17,29.44,17.78,1.88,9.09,50.47
amazon_rainforest,2020-11-18,29.7,20.74,9.83,7.02,89.38
amazon_rainforest,2020-11-19,30.41,21.06,11.93,10.0,82.62
amazon_rainforest,2020-11-20,31.38,20.15,3.2,5.29,54.33
amazon_rainforest,2020-11-21,32.58,24.24,3.18,6.26,40.86
amazon_rainforest,2020-11-22,31.44,21.23,7.59,5.43,66.23
amazon_rainforest,2020-11-23,29.74,20.39,0.49,7.08,89.3
amazon_rainforest,2020-11-24,33.09,22.67,6.76,6.46,57.55
amazon_rainforest,2020-11-25,31.51,19.59,0.0,9.83,64.14
amazon_rainforest,2020-11-26,31.49,20.49,10.94,8.22,56.51
amazon_rainforest,2020-11-27,29.34,22.56,6.48,7.44,73.7
amazon_rainforest,2020-11-28,33.34,20.53,6.6,8.87,68.64
amazon_rainforest,2020-11-29,31.15,24.54,8.66,9.62,60.57
amazon_rainforest,2020-11-30,32.78,22.92,3.7,10.67,52.25
amazon_rainforest,2020-12-01,30.27,22.17,10.98,7.93,73.16
amazon_rainforest,2020-12-02,29.58,22.47,12.18,8.11,80.76
amazon_rainforest,2020-12-03,28.05,19.95,10.07,6.11,63.69
amazon_rainforest,2020-12-04,31.33,22.02,10.21,8.56,78.39
amazon_rainforest,2020-12-05,29.16,20.25,22.43,8.72,70.05
amazon_rainforest,2020-12-06,29.19,23.96,14.59,7.11,95.08
amazon_rainforest,2020-12-07,32.95,25.28,3.54,8.35,87.53
amazon_rainforest,2020-12-08,32.23,20.28,7.62,7.81,76.46
amazon_rainforest,2020-12-09,29.51,21.41,0.0,9.03,72.38
amazon_rainforest,2020-12-10,25.85,22.46,10.48,7.89,72.88
amazon_rainforest,2020-12-11,28.88,24.01,4.2,8.76,71.77
amazon_rainforest,2020-12-12,35.57,25.26,15.89,7.3,70.58
amazon_rainforest,2020-12-13,31.6,22.22,10.54,9.94,50.59
amazon_rainforest,2020-12-14,29.94,24.46,4.79,9.39,92.97
amazon_rainforest,2020-12-15,32.97,22.47,7.68,10.6,58.07
amazon_rainforest,2020-12-16,30.03,21.7,12.78,8.69,88.31
amazon_rainforest,2020-12-17,29.44,20.02,11.4,8.36,59.04
amazon_rainforest,2020-12-18,31.95,21.3,3.98,5.69,67.44
amazon_rainforest,2020-12-19,31.7,22.33,14.58,10.25,73.88
amazon_rainforest,2020-12-20,28.84,21.71,0.0,8.71,74.08
amazon_rainforest,2020-12-21,30.9,26.46,0.75,8.09,54.73
amazon_rainforest,2020-12-22,29.44,22.81,7.46,10.23,83.29
amazon_rainforest,2020-12-23,32.24,22.03,5.79,10.14,66.43
amazon_rainforest,2020-12-24,31.31,20.13,9.31,7.88,80.17
amazon_rainforest,2020-12-25,33.73,21.85,2.26,9.34,96.55
amazon_rainforest,2020-12-26,29.22,21.6,4.37,8.78,73.2
amazon_rainforest,2020-12-27,32.3,22.33,2.69,10.99,76.34
amazon_rainforest,2020-12-28,30.47,25.34,2.39,6.72,60.24
amazon_rainforest,2020-12-29,33.17,23.51,7.76,11.4,74.39
amazon_rainforest,2020-12-30,27.36,23.02,3.01,10.88,59.77
amazon_rainforest,2020-12-31,34.2,22.14,5.98,8.02,72.05
amazon_rainforest,2021-01-01,33.57,21.98,6.16,7.76,78.26
amazon_rainforest,2021-01-02,32.14,23.02,8.35,9.61,59.34
amazon_rainforest,2021-01-03,35.02,23.45,0.0,6.18,63.49
amazon_rainforest,2021-01-04,30.86,23.54,10.59,9.33,82.19
amazon_rainforest,2021-01-05,34.67,23.9,5.39,9.23,71.64
amazon_rainforest,2021-01-06,33.3,23.96,10.19,9.94,71.8
amazon_rainforest,2021-01-07,31.53,20.6,7.94,7.61,91.08
amazon_rainforest,2021-01-08,35.13,23.05,10.38,13.79,60.95
amazon_rainforest,2021-01-09,32.65,24.41,9.88,9.34,58.87
amazon_rainforest,2021-01-10,31.4,21.88,17.66,11.35,78.65
amazon_rainforest,2021-01-11,33.67,21.43,1.57,9.86,100.0
amazon_rainforest,2021-01-12,31.27,20.01,17.65,10.74,82.12
amazon_rainforest,2021-01-13,29.83,21.31,15.21,6.73,74.56
amazon_rainforest,2021-01-14,32.78,22.37,7.42,12.59,78.93
amazon_rainforest,2021-01-15,32.67,24.4,13.06,10.13,70.66
amazon_rainforest,2021-01-16,32.25,20.53,20.22,10.02,90.2
amazon_rainforest,2021-01-17,32.04,24.48,2.29,10.31,65.76
amazon_rainforest,2021-01-18,31.12,22.88,10.49,10.07,71.93
amazon_rainforest,2021-01-19,30.53,20.52,3.78,9.53,94.76
amazon_rainforest,2021-01-20,34.24,23.74,11.33,8.72,77.58
amazon_rainforest,2021-01-21,32.5,23.78,14.43,7.04,85.21
amazon_rainforest,2021-01-22,32.37,23.13,4.63,12.6,64.97
amazon_rainforest,2021-01-23,29.41,23.43,6.84,7.23,68.34
amazon_rainforest,2021-01-24,33.79,23.92,9.49,11.27,76.83
amazon_rainforest,2021-01-25,30.88,23.08,14.39,10.19,78.59
amazon_rainforest,2021-01-26,31.23,24.23,15.19,7.96,72.79
amazon_rainforest,2021-01-27,33.43,21.0,12.43,10.72,59.52
amazon_rainforest,2021-01-28,30.85,23.4,11.45,8.49,80.87
amazon_rainforest,2021-01-29,32.28,23.43,10.13,13.05,78.2
amazon_rainforest,2021-01-30,32.54,24.51,14.71,9.22,89.31
amazon_rainforest,2021-01-31,32.72,23.93,12.8,11.05,56.63
amazon_rainforest,2021-02-01,32.63,22.29,13.94,8.41,63.73
amazon_rainforest,2021-02-02,32.97,23.79,11.28,7.58,68.5
amazon_rainforest,2021-02-03,34.23,21.66,3.87,9.27,50.66
amazon_rainforest,2021-02-04,32.91,21.52,4.5,12.46,83.26
amazon_rainforest,2021-02-05,35.43,22.8,12.75,6.36,69.86
amazon_rainforest,2021-02-06,31.91,21.43,7.95,8.24,70.44
amazon_rainforest,2021-02-07,32.43,22.56,12.72,9.32,77.25
amazon_rainforest,2021-02-08,36.94,23.92,8.15,7.67,62.91
amazon_rainforest,2021-02-09,30.98,24.32,6.49,7.22,72.44
amazon_rainforest,2021-02-10,31.29,21.35,13.95,11.26,87.72
amazon_rainforest,2021-02-11,31.77,19.84,3.81,8.12,56.94
amazon_rainforest,2021-02-12,35.73,21.51,13.31,7.97,67.08
amazon_rainforest,2021-02-13,33.52,22.44,8.58,8.32,81.88
amazon_rainforest,2021-02-14,34.18,26.41,6.67,9.1,98.87
amazon_rainforest,2021-02-15,31.94,21.9,8.45,10.4,87.74
amazon_rainforest,2021-02-16,30.79,25.59,11.17,7.24,78.69
amazon_rainforest,2021-02-17,30.55,24.1,19.28,9.06,97.73
amazon_rainforest,2021-02-18,31.88,22.9,12.93,8.31,67.09
amazon_rainforest,2021-02-19,34.56,22.75,16.0,7.05,90.15
amazon_rainforest,2021-02-20,32.19,24.76,14.1,8.53,84.06
amazon_rainforest,2021-02-21,33.29,22.14,11.53,11.15,89.01
amazon_rainforest,2021-02-22,28.53,25.86,8.49,10.08,100.0
amazon_rainforest,2021-02-23,31.76,23.89,8.49,10.84,69.79
amazon_rainforest,2021-02-24,31.22,22.55,9.59,5.08,73.91
amazon_rainforest,2021-02-25,32.99,23.25,15.8,8.18,76.56
amazon_rainforest,2021-02-26,35.89,24.7,22.17,10.38,91.7
amazon_rainforest,2021-02-27,34.52,25.69,8.91,8.74,60.74
amazon_rainforest,2021-02-28,31.57,23.61,11.65,9.58,91.27
amazon_rainforest,2021-03-01,29.88,22.32,10.98,9.6,50.92
amazon_rainforest,2021-03-02,33.35,23.4,8.53,6.59,82.85
amazon_rainforest,2021-03-03,32.81,21.34,0.69,8.65,65.32
amazon_rainforest,2021-03-04,32.92,24.15,17.64,7.72,74.25
amazon_rainforest,2021-03-05,31.43,22.05,13.27,10.06,72.43
amazon_rainforest,2021-03-06,33.95,22.33,13.5,8.73,80.59
amazon_rainforest,2021-03-07,32.03,24.4,7.98,7.11,79.74
amazon_rainforest,2021-03-08,29.95,24.33,13.83,9.29,94.11
amazon_rainforest,2021-03-09,35.15,21.73,4.81,12.29,62.79
amazon_rainforest,2021-03-10,33.09,23.38,12.06,6.19,78.52
amazon_rainforest,2021-03-11,34.9,23.15,5.41,11.39,80.44
amazon_rainforest,2021-03-12,34.11,22.07,5.6,8.13,73.29
amazon_rainforest,2021-03-13,34.03,23.34,10.2,9.4,78.47
amazon_rainforest,2021-03-14,37.03,22.98,8.86,6.3,74.61
amazon_rainforest,2021-03-15,34.03,22.62,18.5,9.93,96.23
amazon_rainforest,2021-03-16,29.84,24.36,1.88,10.06,86.94
amazon_rainforest,2021-03-17,30.46,21.03,13.02,12.86,84.14
amazon_rainforest,2021-03-18,31.87,22.38,15.69,10.29,100.0
amazon_rainforest,2021-03-19,29.53,22.08,6.95,5.85,75.38
amazon_rainforest,2021-03-20,29.97,21.01,8.88,9.64,86.74
amazon_rainforest,2021-03-21,35.03,23.22,13.87,9.9,69.3
amazon_rainforest,2021-03-22,34.08,21.64,5.64,6.68,76.81
amazon_rainforest,2021-03-23,34.03,22.05,10.31,5.18,73.43
amazon_rainforest,2021-03-24,31.08,23.93,9.53,5.79,78.14
amazon_rainforest,2021-03-25,30.58,20.56,12.04,9.83,86.21
amazon_rainforest,2021-03-26,31.78,23.76,10.93,8.84,76.81
amazon_rainforest,2021-03-27,34.34,25.07,9.59,11.21,81.15
amazon_rainforest,2021-03-28,32.0,23.37,9.85,11.91,69.36
amazon_rainforest,2021-03-29,33.86,24.09,7.81,10.75,63.2
amazon_rainforest,2021-03-30,35.62,26.83,13.95,10.86,74.74
amazon_rainforest,2021-03-31,31.68,23.25,10.95,11.55,67.78
amazon_rainforest,2021-04-01,30.01,23.49,10.55,10.04,88.91
amazon_rainforest,2021-04-02,35.92,24.45,17.54,10.13,80.17
amazon_rainforest,2021-04-03,33.29,22.12,13.92,5.32,72.85
amazon_rainforest,2021-04-04,30.43,21.76,7.17,8.07,78.49
amazon_rainforest,2021-04-05,30.7,22.81,20.67,7.07,76.23
amazon_rainforest,2021-04-06,34.33,22.39,7.75,11.64,62.07
amazon_rainforest,2021-04-07,31.8,20.99,22.67,7.22,73.37
amazon_rainforest,2021-04-08,30.07,20.87,0.0,7.16,74.38
amazon_rainforest,2021-04-09,29.86,20.73,7.08,8.45,85.55
amazon_rainforest,2021-04-10,33.62,22.02,8.97,12.06,57.13
amazon_rainforest,2021-04-11,33.3,21.15,8.58,12.51,70.86
amazon_rainforest,2021-04-12,35.44,23.6,7.97,8.83,89.11
amazon_rainforest,2021-04-13,27.06,24.89,11.92,9.88,71.69
amazon_rainforest,2021-04-14,32.3,23.47,6.69,8.95,86.15
amazon_rainforest,2021-04-15,30.42,21.65,9.68,10.17,80.94
amazon_rainforest,2021-04-16,29.17,25.93,10.77,5.15,85.15
amazon_rainforest,2021-04-17,31.72,21.81,25.24,11.34,72.45
amazon_rainforest,2021-04-18,32.75,22.05,17.08,8.96,58.0
amazon_rainforest,2021-04-19,34.07,22.27,12.14,7.9,73.36
amazon_rainforest,2021-04-20,35.52,24.09,16.38,7.77,81.29
amazon_rainforest,2021-04-21,29.93,21.42,0.0,9.7,88.66
amazon_rainforest,2021-04-22,32.45,25.18,1.46,11.76,64.54
amazon_rainforest,2021-04-23,30.9,19.78,7.75,11.58,70.96
amazon_rainforest,2021-04-24,29.29,21.57,3.38,7.47,70.22
amazon_rainforest,2021-04-25,34.25,23.95,11.45,10.26,94.52
amazon_rainforest,2021-04-26,33.9,26.24,13.07,7.24,72.96
amazon_rainforest,2021-04-27,32.55,24.93,7.51,7.44,78.03
amazon_rainforest,2021-04-28,32.86,23.47,4.61,8.56,76.73
amazon_rainforest,2021-04-29,31.03,21.34,15.33,9.65,47.56
amazon_rainforest,2021-04-30,32.47,21.6,0.0,9.77,77.52
amazon_rainforest,2021-05-01,32.09,23.7,6.81,9.16,72.3
amazon_rainforest,2021-05-02,31.25,23.7,3.18,5.83,61.18
amazon_rainforest,2021-05-03,33.22,21.88,7.88,9.86,99.5
amazon_rainforest,2021-05-04,30.5,21.86,6.31,12.91,91.47
amazon_rainforest,2021-05-05,33.74,24.11,6.99,9.86,77.2
amazon_rainforest,2021-05-06,34.19,23.65,9.32,10.97,75.22
amazon_rainforest,2021-05-07,32.79,23.02,17.53,9.93,91.49
amazon_rainforest,2021-05-08,31.88,21.35,13.2,10.3,86.64
amazon_rainforest,2021-05-09,31.11,23.06,6.19,5.77,69.44
amazon_rainforest,2021-05-10,30.73,21.73,4.98,6.91,74.53
amazon_rainforest,2021-05-11,32.22,22.34,9.7,10.9,80.56
amazon_rainforest,2021-05-12,29.72,22.67,0.0,10.22,64.48
amazon_rainforest,2021-05-13,29.52,23.21,0.0,7.87,100.0
amazon_rainforest,2021-05-14,29.58,19.37,8.07,8.85,82.37
amazon_rainforest,2021-05-15,30.63,23.86,6.75,10.34,66.87
amazon_rainforest,2021-05-16,29.59,23.74,14.26,9.04,100.0
amazon_rainforest,2021-05-17,29.01,23.37,6.37,10.37,66.16
amazon_rainforest,2021-05-18,29.89,22.83,11.06,7.69,84.43
amazon_rainforest,2021-05-19,31.11,20.29,9.37,10.53,65.98
amazon_rainforest,2021-05-20,30.7,23.65,6.77,8.95,66.1
amazon_rainforest,2021-05-21,31.73,21.38,1.22,6.38,76.79
amazon_rainforest,2021-05-22,33.25,21.17,6.42,12.15,72.98
amazon_rainforest,2021-05-23,31.76,25.12,0.79,12.35,71.89
amazon_rainforest,2021-05-24,28.99,22.56,3.06,7.15,73.98
amazon_rainforest,2021-05-25,33.2,21.76,0.01,7.42,82.2
amazon_rainforest,2021-05-26,30.91,21.4,12.5,9.58,85.95
amazon_rainforest,2021-05-27,31.61,22.36,5.75,7.85,100.0
amazon_rainforest,2021-05-28,31.83,20.97,1.23,8.04,84.67
amazon_rainforest,2021-05-29,31.51,18.38,0.0,10.82,67.52
amazon_rainforest,2021-05-30,34.63,20.33,11.04,5.62,62.54
amazon_rainforest,2021-05-31,30.73,22.0,9.81,6.85,80.98
amazon_rainforest,2021-06-01,32.95,23.15,0.0,7.99,67.17
amazon_rainforest,2021-06-02,31.01,22.94,8.76,8.23,60.63
amazon_rainforest,2021-06-03,31.11,22.93,2.67,10.81,54.53
amazon_rainforest,2021-06-04,30.29,20.61,9.59,9.88,67.14
amazon_rainforest,2021-06-05,27.87,22.26,0.0,6.56,51.33
amazon_rainforest,2021-06-06,32.05,22.92,5.58,8.67,77.06
amazon_rainforest,2021-06-07,32.25,22.95,7.16,6.64,54.63
amazon_rainforest,2021-06-08,25.27,21.06,13.06,10.64,79.39
amazon_rainforest,2021-06-09,30.7,22.79,1.73,7.04,85.17
amazon_rainforest,2021-06-10,30.96,22.03,0.27,5.79,66.64
amazon_rainforest,2021-06-11,30.7,21.3,0.0,9.93,44.83
amazon_rainforest,2021-06-12,31.59,20.2,0.56,4.07,90.46
amazon_rainforest,2021-06-13,29.89,21.43,11.45,6.59,68.84
amazon_rainforest,2021-06-14,31.02,20.8,0.0,2.51,78.33
amazon_rainforest,2021-06-15,34.11,20.25,6.14,8.69,52.86
amazon_rainforest,2021-06-16,27.28,21.23,6.0,5.73,86.64
amazon_rainforest,2021-06-17,31.61,21.06,0.0,10.18,41.57
amazon_rainforest,2021-06-18,29.89,25.05,7.21,9.81,49.57
amazon_rainforest,2021-06-19,29.51,23.02,9.07,6.43,84.07
amazon_rainforest,2021-06-20,33.12,20.71,1.69,11.9,53.91
amazon_rainforest,2021-06-21,30.62,23.32,3.38,5.65,78.06
amazon_rainforest,2021-06-22,30.07,22.28,2.38,5.27,74.55
amazon_rainforest,2021-06-23,30.7,19.59,0.0,6.38,76.21
amazon_rainforest,2021-06-24,28.18,21.73,6.22,7.7,81.94
amazon_rainforest,2021-06-25,32.9,21.95,3.84,8.82,53.92
amazon_rainforest,2021-06-26,31.45,21.16,5.04,10.51,87.99
amazon_rainforest,2021-06-27,29.03,18.85,0.0,7.62,65.1
amazon_rainforest,2021-06-28,29.35,18.35,5.63,6.65,75.69
amazon_rainforest,2021-06-29,30.4,22.63,10.23,7.18,88.47
amazon_rainforest,2021-06-30,32.04,21.62,0.72,8.73,67.77
amazon_rainforest,2021-07-01,28.44,20.45,0.0,5.3,96.86
amazon_rainforest,2021-07-02,28.58,23.07,7.21,5.89,41.82
amazon_rainforest,2021-07-03,31.32,21.56,0.0,10.96,88.17
amazon_rainforest,2021-07-04,29.06,19.66,0.0,5.55,60.35
amazon_rainforest,2021-07-05,29.46,21.68,4.23,4.72,51.17
amazon_rainforest,2021-07-06,30.78,22.72,0.35,10.49,99.71
amazon_rainforest,2021-07-07,26.96,18.11,6.44,7.94,50.12
amazon_rainforest,2021-07-08,31.78,22.99,3.54,9.59,53.5
amazon_rainforest,2021-07-09,28.74,23.1,6.44,3.98,77.49
amazon_rainforest,2021-07-10,33.93,22.2,3.77,10.01,76.31
amazon_rainforest,2021-07-11,33.75,21.26,7.24,-0.02,62.29
amazon_rainforest,2021-07-12,32.82,21.74,18.7,6.94,49.94
amazon_rainforest,2021-07-13,28.45,19.93,0.84,10.44,61.41
amazon_rainforest,2021-07-14,27.87,20.01,1.93,9.66,60.84
amazon_rainforest,2021-07-15,29.48,23.48,0.0,8.7,50.68
amazon_rainforest,2021-07-16,31.63,20.47,1.5,10.21,57.88
amazon_rainforest,2021-07-17,31.56,20.68,2.72,6.7,79.66
amazon_rainforest,2021-07-18,29.55,22.35,0.64,4.53,72.21
amazon_rainforest,2021-07-19,25.01,18.31,3.06,5.97,73.73
amazon_rainforest,2021-07-20,30.16,20.36,3.17,4.27,58.42
amazon_rainforest,2021-07-21,26.75,20.5,3.7,6.39,52.42
amazon_rainforest,2021-07-22,30.38,21.27,0.37,3.94,84.01
amazon_rainforest,2021-07-23,29.78,22.09,0.0,8.61,55.59
amazon_rainforest,2021-07-24,27.75,21.07,5.76,3.1,49.01
amazon_rainforest,2021-07-25,33.35,21.23,0.68,5.98,67.66
amazon_rainforest,2021-07-26,29.94,18.99,6.1,5.41,63.24
amazon_rainforest,2021-07-27,31.17,17.19,0.31,6.04,55.27
amazon_rainforest,2021-07-28,31.86,20.77,0.0,6.26,50.29
amazon_rainforest,2021-07-29,28.2,19.82,0.53,9.86,49.58
amazon_rainforest,2021-07-30,30.24,20.72,0.0,5.85,67.7
amazon_rainforest,2021-07-31,26.83,21.78,0.0,4.42,52.62
amazon_rainforest,2021-08-01,29.46,19.14,0.46,7.57,79.83
amazon_rainforest,2021-08-02,28.24,23.18,0.0,6.47,74.27
amazon_rainforest,2021-08-03,29.48,21.97,0.78,6.37,65.36
amazon_rainforest,2021-08-04,29.36,20.85,0.0,5.97,64.02
amazon_rainforest,2021-08-05,28.06,21.61,4.69,5.91,81.11
amazon_rainforest,2021-08-06,31.48,20.19,0.0,6.87,79.89
amazon_rainforest,2021-08-07,30.63,20.15,3.09,5.05,79.67
amazon_rainforest,2021-08-08,29.39,18.14,1.09,8.09,75.89
amazon_rainforest,2021-08-09,34.71,17.47,0.0,11.35,59.34
amazon_rainforest,2021-08-10,27.34,20.93,0.76,5.31,86.91
amazon_rainforest,2021-08-11,27.07,18.49,3.5,6.34,63.98
amazon_rainforest,2021-08-12,32.5,22.09,0.0,7.59,63.28
amazon_rainforest,2021-08-13,31.39,20.66,4.62,8.23,57.91
amazon_rainforest,2021-08-14,31.85,20.17,9.63,7.65,54.35
amazon_rainforest,2021-08-15,32.45,19.94,0.0,4.64,64.14
amazon_rainforest,2021-08-16,32.34,17.87,10.45,3.19,53.61
amazon_rainforest,2021-08-17,27.92,21.73,6.1,3.58,56.29
amazon_rainforest,2021-08-18,29.27,21.8,0.0,8.03,78.52
amazon_rainforest,2021-08-19,30.96,19.15,2.07,5.69,69.74
amazon_rainforest,2021-08-20,26.87,21.75,0.0,5.11,69.08
amazon_rainforest,2021-08-21,28.13,19.0,2.23,5.74,44.82
amazon_rainforest,2021-08-22,33.11,18.64,9.93,7.65,91.21
amazon_rainforest,2021-08-23,27.19,22.95,4.23,9.73,53.67
amazon_rainforest,2021-08-24,30.53,18.3,0.0,5.1,60.7
amazon_rainforest,2021-08-25,29.63,18.22,3.46,4.39,63.29
amazon_rainforest,2021-08-26,30.44,19.73,0.0,7.19,66.31
amazon_rainforest,2021-08-27,27.03,21.76,9.44,7.12,63.58
amazon_rainforest,2021-08-28,30.51,20.34,0.36,5.45,56.72
amazon_rainforest,2021-08-29,26.13,22.53,0.29,7.9,52.54
amazon_rainforest,2021-08-30,28.85,22.81,2.56,7.19,56.12
amazon_rainforest,2021-08-31,29.26,20.87,0.0,4.51,30.68
amazon_rainforest,2021-09-01,29.98,20.22,0.0,6.04,81.15
amazon_rainforest,2021-09-02,31.94,22.3,3.14,8.69,92.18
amazon_rainforest,2021-09-03,27.78,22.63,0.0,8.42,84.34
amazon_rainforest,2021-09-04,31.35,19.13,0.0,6.91,72.34
amazon_rainforest,2021-09-05,32.36,22.45,6.46,11.57,71.28
amazon_rainforest,2021-09-06,28.05,20.26,0.0,7.2,66.21
amazon_rainforest,2021-09-07,26.21,20.83,0.0,7.17,65.68
amazon_rainforest,2021-09-08,28.87,22.44,5.53,5.92,58.82
amazon_rainforest,2021-09-09,31.85,19.8,0.09,6.16,55.49
amazon_rainforest,2021-09-10,32.05,22.65,7.69,7.53,36.37
amazon_rainforest,2021-09-11,28.1,19.16,7.26,5.32,62.66
amazon_rainforest,2021-09-12,29.85,21.08,6.35,7.97,60.55
amazon_rainforest,2021-09-13,31.02,18.79,9.14,8.01,64.14
amazon_rainforest,2021-09-14,31.57,20.39,0.38,3.73,68.97
amazon_rainforest,2021-09-15,31.04,22.57,1.02,3.56,65.43
amazon_rainforest,2021-09-16,32.41,18.26,1.86,5.99,65.02
amazon_rainforest,2021-09-17,31.17,18.59,6.73,10.11,55.24
amazon_rainforest,2021-09-18,29.51,22.52,0.0,10.29,63.44
amazon_rainforest,2021-09-19,30.12,20.25,6.27,-1.2,66.54
amazon_rainforest,2021-09-20,30.06,20.63,2.17,7.08,55.39
amazon_rainforest,2021-09-21,30.98,22.17,6.83,6.67,59.16
amazon_rainforest,2021-09-22,26.78,22.08,6.37,4.71,40.47
amazon_rainforest,2021-09-23,28.45,19.14,1.16,6.3,87.38
amazon_rainforest,2021-09-24,30.35,20.96,10.12,5.27,47.77
amazon_rainforest,2021-09-25,31.41,21.2,6.6,6.2,72.02
amazon_rainforest,2021-09-26,31.55,20.85,0.0,6.3,70.89
amazon_rainforest,2021-09-27,24.96,20.03,0.0,4.45,53.37
amazon_rainforest,2021-09-28,32.12,21.64,0.0,6.21,74.59
amazon_rainforest,2021-09-29,29.99,20.24,1.94,6.16,69.25
amazon_rainforest,2021-09-30,26.7,21.32,7.77,8.07,49.01
amazon_rainforest,2021-10-01,28.38,21.06,0.45,7.06,58.62
amazon_rainforest,2021-10-02,26.52,21.77,0.55,8.3,58.05
amazon_rainforest,2021-10-03,30.44,18.58,3.64,7.69,69.91
amazon_rainforest,2021-10-04,29.0,21.42,9.67,9.54,71.3
amazon_rainforest,2021-10-05,28.79,23.4,4.16,6.16,56.73
amazon_rainforest,2021-10-06,34.33,22.88,1.12,8.63,70.13
amazon_rainforest,2021-10-07,30.96,20.25,0.0,6.95,60.87
amazon_rainforest,2021-10-08,31.87,21.73,0.0,9.87,66.99
amazon_rainforest,2021-10-09,29.39,20.48,0.0,7.57,70.48
amazon_rainforest,2021-10-10,29.95,20.17,5.03,4.94,72.83
amazon_rainforest,2021-10-11,29.74,21.51,4.21,6.75,58.42
amazon_rainforest,2021-10-12,31.82,20.9,5.63,6.49,46.4
amazon_rainforest,2021-10-13,31.82,18.31,7.12,5.26,62.3
amazon_rainforest,2021-10-14,30.19,22.68,3.6,5.98,65.42
amazon_rainforest,2021-10-15,28.24,21.9,0.0,2.75,40.4
amazon_rainforest,2021-10-16,32.71,22.57,0.0,5.78,60.69
amazon_rainforest,2021-10-17,30.24,22.18,3.49,8.34,56.44
amazon_rainforest,2021-10-18,26.39,23.02,1.03,8.11,56.33
amazon_rainforest,2021-10-19,34.99,22.07,0.0,5.99,53.84
amazon_rainforest,2021-10-20,30.8,19.69,0.0,7.76,71.55
amazon_rainforest,2021-10-21,30.26,19.66,10.18,9.59,49.58
amazon_rainforest,2021-10-22,26.39,20.71,4.32,5.6,71.77
amazon_rainforest,2021-10-23,31.74,20.07,3.83,4.18,77.03
amazon_rainforest,2021-10-24,27.36,17.94,0.0,7.15,81.05
amazon_rainforest,2021-10-25,33.76,19.86,0.0,9.81,67.97
amazon_rainforest,2021-10-26,25.7,23.11,3.79,9.71,80.7
amazon_rainforest,2021-10-27,31.88,19.83,5.38,6.79,61.66
amazon_rainforest,2021-10-28,33.26,21.81,0.0,8.69,65.29
amazon_rainforest,2021-10-29,30.73,20.2,7.92,7.18,76.06
amazon_rainforest,2021-10-30,30.52,21.52,1.29,11.21,67.13
amazon_rainforest,2021-10-31,30.9,20.95,5.53,8.36,57.65
amazon_rainforest,2021-11-01,26.78,20.36,4.08,4.19,52.83
amazon_rainforest,2021-11-02,29.22,22.12,3.48,6.53,75.56
amazon_rainforest,2021-11-03,30.93,20.77,17.27,7.49,68.19
amazon_rainforest,2021-11-04,32.11,19.79,6.86,5.41,66.71
amazon_rainforest,2021-11-05,32.16,21.42,4.29,7.87,73.12
amazon_rainforest,2021-11-06,28.4,23.81,7.38,6.39,54.49
amazon_rainforest,2021-11-07,31.99,20.51,2.28,8.74,71.75
amazon_rainforest,2021-11-08,31.88,21.47,8.41,5.43,66.16
amazon_rainforest,2021-11-09,26.4,22.76,5.79,6.95,54.34
amazon_rainforest,2021-11-10,27.43,21.68,3.77,9.92,61.43
amazon_rainforest,2021-11-11,32.41,19.46,3.15,7.72,83.18
amazon_rainforest,2021-11-12,30.57,19.84,3.86,8.01,60.62
amazon_rainforest,2021-11-13,32.86,18.85,4.77,5.68,70.7
amazon_rainforest,2021-11-14,34.53,21.38,10.82,6.98,77.71
amazon_rainforest,2021-11-15,33.2,19.69,7.01,6.56,61.88
amazon_rainforest,2021-11-16,29.67,20.6,0.0,7.38,93.47
amazon_rainforest,2021-11-17,29.85,22.15,13.29,12.36,79.23
amazon_rainforest,2021-11-18,30.52,21.48,7.85,9.1,62.84
amazon_rainforest,2021-11-19,31.91,19.22,17.71,8.31,69.83
amazon_rainforest,2021-11-20,33.2,21.56,4.96,6.93,10.88
amazon_rainforest,2021-11-21,27.38,21.68,11.11,6.71,73.41
amazon_rainforest,2021-11-22,31.09,24.01,9.21,8.05,98.98
amazon_rainforest,2021-11-23,32.72,22.05,6.44,8.99,70.72
amazon_rainforest,2021-11-24,33.44,23.21,12.25,8.08,63.11
amazon_rainforest,2021-11-25,33.46,24.7,4.74,6.55,74.29
amazon_rainforest,2021-11-26,27.51,23.74,6.39,8.2,48.64
amazon_rainforest,2021-11-27,27.48,20.26,0.37,9.39,84.81
amazon_rainforest,2021-11-28,31.96,21.62,4.78,10.42,67.56
amazon_rainforest,2021-11-29,34.5,26.25,1.49,10.19,60.39
amazon_rainforest,2021-11-30,31.58,20.7,6.26,7.2,62.11
amazon_rainforest,2021-12-01,31.02,21.9,9.21,2.75,74.8
amazon_rainforest,2021-12-02,28.7,23.43,8.17,5.65,80.77
amazon_rainforest,2021-12-03,29.7,22.64,7.37,5.62,69.82
amazon_rainforest,2021-12-04,29.29,21.34,9.99,8.48,78.9
amazon_rainforest,2021-12-05,30.65,23.52,18.67,6.08,76.26
amazon_rainforest,2021-12-06,29.92,20.02,4.28,6.73,56.12
amazon_rainforest,2021-12-07,32.41,21.51,18.75,7.44,80.32
amazon_rainforest,2021-12-08,33.79,22.82,0.0,14.53,75.92
amazon_rainforest,2021-12-09,30.7,20.57,0.0,11.36,69.07
amazon_rainforest,2021-12-10,30.25,24.12,12.9,7.51,85.39
amazon_rainforest,2021-12-11,30.14,23.2,7.3,11.97,70.84
amazon_rainforest,2021-12-12,34.87,24.12,0.0,8.57,79.48
amazon_rainforest,2021-12-13,29.14,25.17,7.27,6.87,55.7
amazon_rainforest,2021-12-14,31.7,22.64,5.05,9.25,87.92
amazon_rainforest,2021-12-15,29.16,20.18,9.19,6.49,90.36
amazon_rainforest,2021-12-16,27.62,22.84,6.01,4.49,57.49
amazon_rainforest,2021-12-17,30.61,22.75,13.83,4.28,58.51
amazon_rainforest,2021-12-18,31.63,23.98,8.26,10.7,74.71
amazon_rainforest,2021-12-19,29.67,21.16,8.89,8.18,92.67
amazon_rainforest,2021-12-20,29.53,20.4,6.61,6.33,85.79
amazon_rainforest,2021-12-21,29.11,21.87,11.1,9.26,73.14
amazon_rainforest,2021-12-22,31.03,24.51,7.13,5.58,73.97
amazon_rainforest,2021-12-23,31.22,22.78,12.81,6.4,63.17
amazon_rainforest,2021-12-24,34.5,22.08,0.89,9.49,81.3
amazon_rainforest,2021-12-25,33.4,22.28,8.52,12.39,61.52
amazon_rainforest,2021-12-26,31.55,22.47,5.06,5.97,90.46
amazon_rainforest,2021-12-27,29.1,24.17,3.12,6.45,78.65
amazon_rainforest,2021-12-28,29.3,22.79,1.5,8.31,56.64
amazon_rainforest,2021-12-29,32.73,25.27,3.87,9.99,77.95
amazon_rainforest,2021-12-30,36.28,22.52,10.06,9.37,73.86
amazon_rainforest,2021-12-31,31.31,22.45,10.58,7.84,57.52
amazon_rainforest,2022-01-01,28.32,23.88,12.4,8.47,68.91
amazon_rainforest,2022-01-02,33.17,22.6,6.21,9.24,84.15
amazon_rainforest,2022-01-03,34.17,26.37,13.64,12.31,79.89
amazon_rainforest,2022-01-04,32.52,21.65,8.26,10.62,75.16
amazon_rainforest,2022-01-05,31.75,22.15,11.98,7.21,72.84
amazon_rainforest,2022-01-06,30.37,20.02,9.26,5.85,61.51
amazon_rainforest,2022-01-07,30.09,24.56,5.09,10.2,72.11
amazon_rainforest,2022-01-08,32.82,25.46,1.78,6.39,80.02
amazon_rainforest,2022-01-09,30.15,23.19,2.91,9.78,70.75
amazon_rainforest,2022-01-10,32.65,24.88,4.12,10.46,85.52
amazon_rainforest,2022-01-11,30.38,20.51,6.54,11.06,62.93
amazon_rainforest,2022-01-12,33.89,23.92,12.28,6.82,76.7
amazon_rainforest,2022-01-13,31.22,23.58,14.08,10.65,78.32
amazon_rainforest,2022-01-14,31.83,25.72,14.49,11.24,87.29
amazon_rainforest,2022-01-15,32.97,23.73,0.0,8.57,82.97
amazon_rainforest,2022-01-16,34.47,23.71,6.95,7.28,66.32
amazon_rainforest,2022-01-17,33.64,22.31,8.0,9.07,87.58
amazon_rainforest,2022-01-18,32.32,24.27,7.29,9.31,70.78
amazon_rainforest,2022-01-19,32.25,20.81,0.84,11.02,68.48
amazon_rainforest,2022-01-20,29.93,22.25,14.61,9.28,72.67
amazon_rainforest,2022-01-21,31.67,22.45,18.62,9.78,76.88
amazon_rainforest,2022-01-22,35.07,19.95,7.86,10.54,91.2
amazon_rainforest,2022-01-23,32.46,23.78,20.68,8.86,82.16
amazon_rainforest,2022-01-24,30.73,20.52,0.0,9.44,90.27
amazon_rainforest,2022-01-25,33.77,24.56,4.19,7.46,85.87
amazon_rainforest,2022-01-26,32.62,21.35,8.42,9.27,90.43
amazon_rainforest,2022-01-27,28.46,22.75,13.03,8.84,74.67
amazon_rainforest,2022-01-28,30.56,24.09,10.24,9.02,45.11
amazon_rainforest,2022-01-29,29.89,26.14,4.41,7.07,96.52
amazon_rainforest,2022-01-30,30.23,22.11,13.6,9.23,81.94
amazon_rainforest,2022-01-31,31.02,21.92,12.86,7.94,90.78
amazon_rainforest,2022-02-01,33.59,24.55,7.28,9.13,47.64
amazon_rainforest,2022-02-02,30.41,23.28,8.14,9.51,94.36
amazon_rainforest,2022-02-03,29.68,23.85,4.42,12.84,99.46
amazon_rainforest,2022-02-04,33.84,23.53,12.76,8.19,100.0
amazon_rainforest,2022-02-05,32.12,22.88,4.18,7.85,63.27
amazon_rainforest,2022-02-06,34.09,22.65,3.64,8.99,53.14
amazon_rainforest,2022-02-07,32.65,25.49,18.3,7.49,65.85
amazon_rainforest,2022-02-08,39.84,21.0,10.67,5.15,78.65
amazon_rainforest,2022-02-09,32.1,20.82,6.63,8.75,85.56
amazon_rainforest,2022-02-10,30.74,21.59,0.63,9.18,71.17
amazon_rainforest,2022-02-11,32.92,25.58,10.86,9.71,86.82
amazon_rainforest,2022-02-12,31.78,26.08,10.39,8.91,73.4
amazon_rainforest,2022-02-13,33.11,24.39,15.89,7.93,75.92
amazon_rainforest,2022-02-14,31.82,20.23,0.0,10.07,76.95
amazon_rainforest,2022-02-15,34.87,24.03,6.61,8.54,61.71
amazon_rainforest,2022-02-16,34.98,22.91,13.13,8.35,73.4
amazon_rainforest,2022-02-17,31.27,21.63,9.58,10.67,76.83
amazon_rainforest,2022-02-18,33.9,25.22,13.99,9.22,71.08
amazon_rainforest,2022-02-19,34.26,25.16,11.77,12.1,70.51
amazon_rainforest,2022-02-20,34.57,22.09,11.52,7.38,80.43
amazon_rainforest,2022-02-21,29.72,24.58,13.52,13.0,57.77
amazon_rainforest,2022-02-22,33.33,22.19,4.34,10.44,90.82
amazon_rainforest,2022-02-23,30.41,23.2,12.17,7.38,95.09
amazon_rainforest,2022-02-24,31.47,21.03,12.43,9.02,74.48
amazon_rainforest,2022-02-25,32.69,21.91,21.01,8.31,83.47
amazon_rainforest,2022-02-26,31.26,20.91,0.05,10.61,86.53
amazon_rainforest,2022-02-27,32.52,22.39,8.52,8.31,91.27
amazon_rainforest,2022-02-28,34.21,20.45,13.21,7.78,77.89
amazon_rainforest,2022-03-01,33.11,27.11,14.92,10.45,89.48
amazon_rainforest,2022-03-02,31.56,22.19,9.44,9.11,86.09
amazon_rainforest,2022-03-03,32.86,23.58,8.81,5.11,70.95
amazon_rainforest,2022-03-04,32.93,23.88,9.36,11.79,67.07
amazon_rainforest,2022-03-05,33.64,20.68,17.57,9.15,65.21
amazon_rainforest,2022-03-06,30.59,23.83,10.25,9.17,60.26
amazon_rainforest,2022-03-07,31.94,21.97,6.91,11.45,73.94
amazon_rainforest,2022-03-08,32.52,23.37,7.42,10.58,79.99
amazon_rainforest,2022-03-09,35.65,22.96,6.73,13.9,68.83
amazon_rainforest,2022-03-10,30.92,22.59,14.63,8.15,70.47
amazon_rainforest,2022-03-11,33.02,21.87,15.89,11.06,64.75
amazon_rainforest,2022-03-12,31.48,24.95,1.93,8.17,88.1
amazon_rainforest,2022-03-13,30.43,25.22,7.86,10.27,80.44
amazon_rainforest,2022-03-14,33.28,23.94,13.21,11.63,83.75
amazon_rainforest,2022-03-15,31.3,23.57,11.65,8.46,73.58
amazon_rainforest,2022-03-16,34.44,21.62,8.86,14.31,73.76
amazon_rainforest,2022-03-17,30.83,23.7,14.54,10.66,77.86
amazon_rainforest,2022-03-18,32.25,22.37,17.31,8.76,61.09
amazon_rainforest,2022-03-19,32.95,20.31,6.72,3.81,77.71
amazon_rainforest,2022-03-20,32.41,22.2,2.32,9.56,74.03
amazon_rainforest,2022-03-21,29.6,22.72,9.77,12.42,60.94
amazon_rainforest,2022-03-22,29.75,24.4,4.78,10.16,71.07
amazon_rainforest,2022-03-23,33.37,23.25,13.76,10.75,72.28
amazon_rainforest,2022-03-24,34.89,22.74,4.99,9.11,67.95
amazon_rainforest,2022-03-25,29.87,22.77,19.96,9.23,93.56
amazon_rainforest,2022-03-26,27.65,24.35,4.33,9.3,89.86
amazon_rainforest,2022-03-27,33.18,21.41,9.46,8.54,74.75
amazon_rainforest,2022-03-28,33.48,23.12,11.03,9.21,81.49
amazon_rainforest,2022-03-29,33.98,24.62,6.74,9.15,73.19
amazon_rainforest,2022-03-30,33.11,23.06,9.06,10.39,76.33
amazon_rainforest,2022-03-31,33.68,22.61,10.91,9.13,85.72
amazon_rainforest,2022-04-01,36.19,22.6,19.54,11.33,64.77
amazon_rainforest,2022-04-02,31.0,20.05,11.6,13.57,71.23
amazon_rainforest,2022-04-03,34.59,23.14,10.15,8.47,77.5
amazon_rainforest,2022-04-04,35.92,20.99,16.02,12.69,64.15
amazon_rainforest,2022-04-05,32.45,22.98,13.13,10.56,80.48
amazon_rainforest,2022-04-06,31.8,21.96,15.88,8.17,90.34
amazon_rainforest,2022-04-07,31.04,25.76,5.43,12.09,85.16
amazon_rainforest,2022-04-08,29.54,22.34,2.39,10.48,85.46
amazon_rainforest,2022-04-09,26.06,19.49,18.14,10.69,66.86
amazon_rainforest,2022-04-10,34.44,22.67,12.01,4.55,75.8
amazon_rainforest,2022-04-11,31.23,20.66,6.72,10.47,88.46
amazon_rainforest,2022-04-12,31.8,23.38,3.93,9.02,63.2
amazon_rainforest,2022-04-13,30.13,24.1,7.24,9.94,60.53
amazon_rainforest,2022-04-14,31.77,21.3,18.72,10.34,76.02
amazon_rainforest,2022-04-15,34.26,23.2,3.07,9.93,73.61
amazon_rainforest,2022-04-16,30.77,23.08,18.44,10.03,90.1
amazon_rainforest,2022-04-17,35.81,21.12,6.17,10.64,88.5
amazon_rainforest,2022-04-18,31.58,21.95,9.01,8.5,75.98
amazon_rainforest,2022-04-19,32.22,24.77,9.09,12.51,72.6
amazon_rainforest,2022-04-20,34.0,22.4,9.68,10.23,71.54
amazon_rainforest,2022-04-21,33.71,22.14,1.32,7.49,62.66
amazon_rainforest,2022-04-22,33.73,22.88,21.28,9.65,68.05
amazon_rainforest,2022-04-23,37.04,22.15,12.42,6.85,59.67
amazon_rainforest,2022-04-24,33.64,22.36,12.85,10.51,72.21
amazon_rainforest,2022-04-25,32.19,23.29,9.17,6.85,68.03
amazon_rainforest,2022-04-26,33.62,22.81,9.9,8.54,80.44
amazon_rainforest,2022-04-27,30.2,26.55,10.87,8.25,86.15
amazon_rainforest,2022-04-28,32.2,25.01,10.23,10.47,79.85
amazon_rainforest,2022-04-29,36.24,22.61,3.98,7.26,79.43
amazon_rainforest,2022-04-30,30.98,22.96,5.07,9.64,84.24
amazon_rainforest,2022-05-01,33.25,20.87,13.18,6.06,74.44
amazon_rainforest,2022-05-02,30.59,21.57,15.26,10.85,100.0
amazon_rainforest,2022-05-03,29.98,22.45,4.16,8.64,81.79
amazon_rainforest,2022-05-04,30.66,24.01,6.9,7.9,67.63
amazon_rainforest,2022-05-05,35.06,22.98,6.67,9.08,67.36
amazon_rainforest,2022-05-06,32.46,22.8,12.36,9.21,63.75
amazon_rainforest,2022-05-07,31.1,21.86,7.19,7.64,73.52
amazon_rainforest,2022-05-08,31.07,20.53,6.15,11.8,56.71
amazon_rainforest,2022-05-09,31.09,21.34,3.77,10.7,70.42
amazon_rainforest,2022-05-10,31.82,21.54,12.37,5.3,41.39
amazon_rainforest,2022-05-11,29.79,23.23,7.25,8.68,87.89
amazon_rainforest,2022-05-12,32.51,24.66,5.91,8.0,71.44
amazon_rainforest,2022-05-13,33.62,21.03,7.04,3.03,100.0
amazon_rainforest,2022-05-14,31.25,22.52,15.4,8.75,72.15
amazon_rainforest,2022-05-15,28.78,24.91,8.7,6.87,70.52
amazon_rainforest,2022-05-16,31.91,22.0,14.78,8.13,59.17
amazon_rainforest,2022-05-17,28.9,23.55,2.42,9.11,69.64
amazon_rainforest,2022-05-18,28.45,20.25,7.81,9.82,94.75
amazon_rainforest,2022-05-19,32.74,25.27,6.48,8.96,74.5
amazon_rainforest,2022-05-20,26.57,21.22,20.29,3.86,84.81
amazon_rainforest,2022-05-21,31.59,20.98,6.94,8.24,71.86
amazon_rainforest,2022-05-22,32.97,24.86,2.5,4.71,89.5
amazon_rainforest,2022-05-23,35.53,23.55,8.5,6.09,81.0
amazon_rainforest,2022-05-24,27.82,20.92,9.4,12.02,62.01
amazon_rainforest,2022-05-25,30.42,22.79,14.35,8.43,77.96
amazon_rainforest,2022-05-26,29.52,22.96,4.57,4.61,83.95
amazon_rainforest,2022-05-27,32.1,20.29,13.11,7.77,45.56
amazon_rainforest,2022-05-28,29.1,20.42,7.23,12.45,62.38
amazon_rainforest,2022-05-29,35.5,23.48,8.89,7.0,50.44
amazon_rainforest,2022-05-30,29.09,23.01,9.66,4.02,81.19
amazon_rainforest,2022-05-31,31.2,20.31,5.85,7.84,77.62
amazon_rainforest,2022-06-01,32.23,21.83,0.0,12.41,68.13
amazon_rainforest,2022-06-02,32.04,23.07,7.11,7.04,68.63
amazon_rainforest,2022-06-03,30.46,22.19,3.49,11.05,72.53
amazon_rainforest,2022-06-04,27.56,21.47,0.15,7.86,73.38
amazon_rainforest,2022-06-05,30.35,20.78,6.73,12.73,98.18
amazon_rainforest,2022-06-06,27.72,22.67,1.01,7.52,66.54
amazon_rainforest,2022-06-07,30.65,21.77,6.5,7.39,70.59
amazon_rainforest,2022-06-08,31.41,21.7,5.84,9.04,76.4
amazon_rainforest,2022-06-09,29.74,22.02,4.61,6.51,80.19
amazon_rainforest,2022-06-10,29.85,23.2,0.66,6.97,70.31
amazon_rainforest,2022-06-11,28.45,18.85,0.0,7.46,72.59
amazon_rainforest,2022-06-12,36.03,21.04,6.21,11.12,68.12
amazon_rainforest,2022-06-13,31.79,22.28,11.41,3.93,65.16
amazon_rainforest,2022-06-14,28.2,22.06,9.01,5.28,100.0
amazon_rainforest,2022-06-15,28.47,24.69,0.0,10.83,69.68
amazon_rainforest,2022-06-16,31.51,22.24,2.96,7.75,87.1
amazon_rainforest,2022-06-17,26.67,23.61,3.53,5.42,64.56
amazon_rainforest,2022-06-18,28.92,22.96,0.0,8.6,55.47
amazon_rainforest,2022-06-19,32.24,23.38,1.77,7.35,50.96
amazon_rainforest,2022-06-20,32.43,21.38,0.0,6.32,63.55
amazon_rainforest,2022-06-21,31.05,19.99,12.4,5.59,43.19
amazon_rainforest,2022-06-22,30.42,24.57,5.44,6.7,83.18
amazon_rainforest,2022-06-23,33.6,21.74,11.76,2.97,64.85
amazon_rainforest,2022-06-24,28.18,21.36,5.67,6.28,68.91
amazon_rainforest,2022-06-25,29.01,20.03,11.4,9.42,55.36
amazon_rainforest,2022-06-26,33.72,22.58,0.0,8.65,49.72
amazon_rainforest,2022-06-27,30.13,17.47,10.48,6.45,53.71
amazon_rainforest,2022-06-28,31.35,19.16,3.52,4.55,80.49
amazon_rainforest,2022-06-29,30.51,18.97,3.35,6.19,77.46
amazon_rainforest,2022-06-30,35.88,19.73,8.98,2.56,64.87
amazon_rainforest,2022-07-01,29.2,21.0,3.49,8.04,51.35
amazon_rainforest,2022-07-02,32.18,22.5,6.22,8.22,67.01
amazon_rainforest,2022-07-03,26.67,21.09,0.0,8.69,80.2
amazon_rainforest,2022-07-04,30.75,22.89,13.18,9.19,88.48
amazon_rainforest,2022-07-05,32.49,24.8,0.0,8.71,93.07
amazon_rainforest,2022-07-06,31.93,21.8,0.0,7.23,69.74
amazon_rainforest,2022-07-07,31.19,22.97,0.0,6.06,56.16
amazon_rainforest,2022-07-08,31.71,22.61,0.0,5.93,68.45
amazon_rainforest,2022-07-09,28.77,22.01,0.0,6.87,56.43
amazon_rainforest,2022-07-10,31.69,19.44,3.64,8.49,79.81
amazon_rainforest,2022-07-11,34.02,21.36,0.0,5.06,81.9
amazon_rainforest,2022-07-12,28.75,20.04,0.0,7.46,62.66
amazon_rainforest,2022-07-13,33.32,21.98,0.0,4.9,73.57
amazon_rainforest,2022-07-14,30.25,21.9,10.83,7.83,78.97
amazon_rainforest,2022-07-15,30.81,20.64,5.44,5.48,50.31
amazon_rainforest,2022-07-16,25.03,22.36,0.0,10.66,77.63
amazon_rainforest,2022-07-17,27.51,20.77,1.88,6.21,66.73
amazon_rainforest,2022-07-18,29.83,21.83,1.75,7.27,58.43
amazon_rainforest,2022-07-19,32.23,19.5,1.87,4.27,48.03
amazon_rainforest,2022-07-20,28.8,18.9,4.41,7.83,68.59
amazon_rainforest,2022-07-21,28.4,23.49,0.0,8.85,72.14
amazon_rainforest,2022-07-22,28.87,22.87,0.0,5.09,90.25
amazon_rainforest,2022-07-23,33.97,21.98,0.0,6.58,53.74
amazon_rainforest,2022-07-24,31.87,19.94,5.01,4.84,77.98
amazon_rainforest,2022-07-25,29.33,19.8,0.57,6.35,79.9
amazon_rainforest,2022-07-26,29.8,19.2,3.35,8.55,59.03
amazon_rainforest,2022-07-27,25.4,20.97,0.0,10.77,75.61
amazon_rainforest,2022-07-28,27.74,21.8,0.0,8.2,46.91
amazon_rainforest,2022-07-29,27.75,20.46,5.73,4.22,87.32
amazon_rainforest,2022-07-30,29.23,23.45,4.84,6.49,61.18
amazon_rainforest,2022-07-31,32.22,17.85,3.59,8.18,53.95
amazon_rainforest,2022-08-01,29.07,22.35,5.98,0.52,62.28
amazon_rainforest,2022-08-02,27.38,20.94,4.95,7.3,64.49
amazon_rainforest,2022-08-03,28.88,21.22,0.0,7.01,52.66
amazon_rainforest,2022-08-04,29.04,16.79,4.75,10.91,78.4
amazon_rainforest,2022-08-05,29.28,19.99,2.55,6.64,67.3
amazon_rainforest,2022-08-06,29.45,19.28,0.58,9.6,64.41
amazon_rainforest,2022-08-07,30.6,23.03,0.0,6.11,49.85
amazon_rainforest,2022-08-08,27.59,20.14,7.12,7.95,72.06
amazon_rainforest,2022-08-09,32.49,18.21,5.53,7.27,74.12
amazon_rainforest,2022-08-10,27.88,21.54,0.0,10.0,68.94
amazon_rainforest,2022-08-11,30.38,22.53,0.0,9.39,61.84
amazon_rainforest,2022-08-12,27.46,22.06,0.0,5.67,57.64
amazon_rainforest,2022-08-13,27.55,20.98,5.45,3.49,65.54
amazon_rainforest,2022-08-14,31.81,22.17,0.0,8.32,64.8
amazon_rainforest,2022-08-15,31.13,19.53,1.13,9.99,73.13
amazon_rainforest,2022-08-16,31.98,21.47,4.87,3.49,67.66
amazon_rainforest,2022-08-17,31.65,21.72,3.75,10.07,41.5
amazon_rainforest,2022-08-18,25.62,21.03,3.94,4.87,67.63
amazon_rainforest,2022-08-19,30.63,20.43,0.0,9.29,57.05
amazon_rainforest,2022-08-20,29.86,19.59,3.55,6.45,48.96
amazon_rainforest,2022-08-21,27.41,20.08,0.0,9.07,45.77
amazon_rainforest,2022-08-22,28.05,22.63,0.0,7.37,53.37
amazon_rainforest,2022-08-23,27.41,19.9,0.0,8.68,40.58
amazon_rainforest,2022-08-24,30.5,20.46,6.46,5.84,58.62
amazon_rainforest,2022-08-25,31.56,21.99,4.3,3.79,76.37
amazon_rainforest,2022-08-26,29.56,18.95,0.0,8.7,62.11
amazon_rainforest,2022-08-27,25.8,19.74,3.51,8.75,46.01
amazon_rainforest,2022-08-28,29.1,18.23,5.46,5.73,49.55
amazon_rainforest,2022-08-29,26.3,24.16,7.8,7.37,90.07
amazon_rainforest,2022-08-30,34.09,20.5,4.27,5.4,64.53
amazon_rainforest,2022-08-31,31.59,21.91,0.0,3.69,65.04
amazon_rainforest,2022-09-01,31.31,24.28,0.0,7.25,62.78
amazon_rainforest,2022-09-02,26.49,18.96,12.32,7.8,40.36
amazon_rainforest,2022-09-03,31.48,20.82,0.0,5.75,41.38
amazon_rainforest,2022-09-04,30.0,20.11,1.44,9.12,48.78
amazon_rainforest,2022-09-05,29.09,20.5,3.64,4.92,53.8
amazon_rainforest,2022-09-06,30.38,21.06,6.01,8.96,50.46
amazon_rainforest,2022-09-07,25.0,23.12,0.74,4.29,60.53
amazon_rainforest,2022-09-08,29.81,21.88,6.47,7.47,74.25
amazon_rainforest,2022-09-09,28.85,23.49,14.49,6.74,77.73
amazon_rainforest,2022-09-10,28.2,21.15,0.36,8.52,55.93
amazon_rainforest,2022-09-11,27.69,20.17,4.63,7.37,59.57
amazon_rainforest,2022-09-12,28.59,22.7,0.0,7.41,66.63
amazon_rainforest,2022-09-13,28.84,20.13,0.0,6.51,64.92
amazon_rainforest,2022-09-14,30.46,21.15,0.0,7.68,63.17
amazon_rainforest,2022-09-15,28.86,21.88,0.0,4.07,70.03
amazon_rainforest,2022-09-16,23.72,22.37,0.0,1.86,71.74
amazon_rainforest,2022-09-17,28.41,20.94,8.78,10.55,73.37
amazon_rainforest,2022-09-18,29.34,22.16,10.52,3.24,63.08
amazon_rainforest,2022-09-19,29.43,20.05,8.42,10.19,72.65
amazon_rainforest,2022-09-20,33.16,20.56,1.43,5.16,28.55
amazon_rainforest,2022-09-21,27.72,21.85,6.23,9.61,64.27
amazon_rainforest,2022-09-22,26.69,21.1,0.0,9.45,70.6
amazon_rainforest,2022-09-23,31.39,20.05,0.0,6.39,49.73
amazon_rainforest,2022-09-24,29.9,22.39,0.45,6.42,76.59
amazon_rainforest,2022-09-25,31.5,21.41,3.11,5.29,37.01
amazon_rainforest,2022-09-26,25.09,18.87,0.8,6.74,40.91
amazon_rainforest,2022-09-27,28.34,21.75,3.25,7.35,63.59
amazon_rainforest,2022-09-28,30.75,21.9,2.57,10.98,32.37
amazon_rainforest,2022-09-29,28.37,21.06,0.0,3.08,63.44
amazon_rainforest,2022-09-30,32.4,21.51,0.1,6.42,78.73
amazon_rainforest,2022-10-01,27.56,22.92,4.2,8.22,63.02
amazon_rainforest,2022-10-02,33.47,18.54,11.32,4.14,54.55
amazon_rainforest,2022-10-03,28.91,22.47,0.47,9.09,75.32
amazon_rainforest,2022-10-04,30.57,17.49,8.99,9.33,36.78
amazon_rainforest,2022-10-05,27.94,20.09,0.0,8.49,68.67
amazon_rainforest,2022-10-06,29.03,18.49,0.0,5.98,63.17
amazon_rainforest,2022-10-07,33.3,23.35,6.99,8.58,45.11
amazon_rainforest,2022-10-08,28.43,20.74,10.6,6.55,58.57
amazon_rainforest,2022-10-09,29.75,21.19,0.0,6.09,64.05
amazon_rainforest,2022-10-10,32.57,20.77,0.0,8.48,67.06
amazon_rainforest,2022-10-11,28.15,21.01,0.86,5.91,85.61
amazon_rainforest,2022-10-12,31.59,21.05,9.21,8.78,61.08
amazon_rainforest,2022-10-13,29.28,22.6,4.75,8.76,60.27
amazon_rainforest,2022-10-14,26.71,21.67,0.0,9.16,56.9
amazon_rainforest,2022-10-15,31.77,20.14,0.0,5.48,55.9
amazon_rainforest,2022-10-16,34.93,18.74,4.3,8.16,86.67
amazon_rainforest,2022-10-17,32.43,23.12,8.68,6.42,77.21
amazon_rainforest,2022-10-18,30.67,22.04,1.67,11.27,46.96
amazon_rainforest,2022-10-19,28.88,20.9,6.45,4.41,67.52
amazon_rainforest,2022-10-20,30.58,22.89,6.94,7.35,59.07
amazon_rainforest,2022-10-21,31.76,24.64,3.89,6.92,67.05
amazon_rainforest,2022-10-22,27.59,21.45,2.22,7.17,34.76
amazon_rainforest,2022-10-23,25.41,23.41,6.88,4.56,45.21
amazon_rainforest,2022-10-24,26.92,21.47,1.38,5.63,63.19
amazon_rainforest,2022-10-25,28.63,24.1,0.56,4.39,73.86
amazon_rainforest,2022-10-26,29.42,21.63,0.0,4.33,64.02
amazon_rainforest,2022-10-27,29.22,20.82,0.0,6.52,50.91
amazon_rainforest,2022-10-28,30.03,23.49,0.0,11.88,71.42
amazon_rainforest,2022-10-29,28.19,21.69,3.51,8.99,62.56
amazon_rainforest,2022-10-30,30.57,21.56,10.19,5.97,62.51
amazon_rainforest,2022-10-31,29.53,22.79,5.88,6.99,55.6
amazon_rainforest,2022-11-01,29.13,21.4,10.31,4.99,84.06
amazon_rainforest,2022-11-02,30.26,18.92,2.96,2.02,63.07
amazon_rainforest,2022-11-03,29.07,21.05,5.65,7.44,79.4
amazon_rainforest,2022-11-04,33.19,20.65,1.6,6.94,63.12
amazon_rainforest,2022-11-05,29.37,20.29,0.0,7.03,45.77
amazon_rainforest,2022-11-06,30.14,23.18,0.0,6.55,71.2
amazon_rainforest,2022-11-07,33.5,20.9,1.29,6.46,73.65
amazon_rainforest,2022-11-08,29.01,20.94,5.74,8.47,49.44
amazon_rainforest,2022-11-09,32.37,21.54,0.0,5.28,79.73
amazon_rainforest,2022-11-10,29.48,22.17,6.29,7.69,62.15
amazon_rainforest,2022-11-11,34.73,22.4,6.58,4.08,82.33
amazon_rainforest,2022-11-12,29.57,21.95,0.0,11.38,70.56
amazon_rainforest,2022-11-13,28.25,21.95,8.12,9.11,59.3
amazon_rainforest,2022-11-14,32.84,20.0,3.81,6.3,61.89
amazon_rainforest,2022-11-15,35.08,22.49,0.0,6.94,88.35
amazon_rainforest,2022-11-16,31.77,20.3,4.82,9.24,77.52
amazon_rainforest,2022-11-17,30.03,23.5,0.0,9.55,71.72
amazon_rainforest,2022-11-18,27.95,21.39,10.79,6.62,79.18
amazon_rainforest,2022-11-19,31.27,19.87,0.0,6.63,79.69
amazon_rainforest,2022-11-20,34.22,22.17,9.97,6.55,82.39
amazon_rainforest,2022-11-21,32.15,23.01,13.43,9.24,88.41
amazon_rainforest,2022-11-22,30.15,21.36,12.42,7.26,85.63
amazon_rainforest,2022-11-23,29.99,22.85,11.51,8.91,93.81
amazon_rainforest,2022-11-24,31.47,24.03,3.29,8.64,64.18
amazon_rainforest,2022-11-25,28.9,22.42,5.41,7.05,62.52
amazon_rainforest,2022-11-26,31.47,20.0,6.47,5.27,93.96
amazon_rainforest,2022-11-27,33.1,21.92,0.0,10.04,73.98
amazon_rainforest,2022-11-28,31.9,21.24,9.7,8.24,66.27
amazon_rainforest,2022-11-29,31.28,19.08,9.14,8.38,63.76
amazon_rainforest,2022-11-30,28.86,19.95,7.71,7.98,75.82
amazon_rainforest,2022-12-01,31.95,24.74,0.0,5.56,62.06
amazon_rainforest,2022-12-02,29.21,21.47,9.96,7.26,59.88
amazon_rainforest,2022-12-03,32.66,21.76,8.28,8.62,72.64
amazon_rainforest,2022-12-04,32.69,20.23,2.15,7.06,73.62
amazon_rainforest,2022-12-05,28.34,25.1,6.59,8.88,74.99
amazon_rainforest,2022-12-06,29.41,22.71,14.29,7.91,60.23
amazon_rainforest,2022-12-07,30.83,21.61,9.72,5.44,62.62
amazon_rainforest,2022-12-08,29.95,23.33,13.15,4.53,82.19
amazon_rainforest,2022-12-09,30.13,24.1,15.26,9.05,71.78
amazon_rainforest,2022-12-10,32.8,19.07,5.24,6.67,92.96
amazon_rainforest,2022-12-11,32.62,24.04,5.22,7.7,73.45
amazon_rainforest,2022-12-12,32.75,20.88,7.08,6.64,69.08
amazon_rainforest,2022-12-13,32.69,19.76,0.0,10.41,52.63
amazon_rainforest,2022-12-14,34.93,25.31,11.86,5.66,61.06
amazon_rainforest,2022-12-15,30.93,22.77,9.15,10.22,61.12
amazon_rainforest,2022-12-16,32.77,21.29,3.39,5.6,75.18
amazon_rainforest,2022-12-17,26.85,25.09,6.07,9.58,53.98
amazon_rainforest,2022-12-18,28.7,21.6,0.52,8.15,73.55
amazon_rainforest,2022-12-19,32.8,20.81,12.85,8.67,74.8
amazon_rainforest,2022-12-20,31.61,23.67,7.58,9.08,56.47
amazon_rainforest,2022-12-21,31.51,19.98,10.41,8.19,70.1
amazon_rainforest,2022-12-22,31.25,22.44,7.91,9.93,62.64
amazon_rainforest,2022-12-23,27.39,20.23,16.18,7.73,75.33
amazon_rainforest,2022-12-24,29.67,20.73,2.58,6.19,68.72
amazon_rainforest,2022-12-25,31.55,23.3,3.06,7.68,87.91
amazon_rainforest,2022-12-26,34.28,20.98,1.51,7.8,48.69
amazon_rainforest,2022-12-27,32.13,23.66,12.25,9.14,88.72
amazon_rainforest,2022-12-28,31.36,19.22,0.0,6.42,55.58
amazon_rainforest,2022-12-29,31.56,22.15,0.0,10.57,83.5
amazon_rainforest,2022-12-30,30.29,21.67,4.98,11.39,57.59
amazon_rainforest,2022-12-31,34.73,22.14,13.05,8.18,79.26
amazon_rainforest,2023-01-01,31.27,21.87,12.34,9.92,85.4
amazon_rainforest,2023-01-02,35.1,23.1,2.83,13.0,69.1
amazon_rainforest,2023-01-03,31.2,23.18,0.0,9.16,80.39
amazon_rainforest,2023-01-04,31.69,21.96,17.13,6.34,65.57
amazon_rainforest,2023-01-05,31.65,21.8,5.97,8.22,87.97
amazon_rainforest,2023-01-06,32.43,23.21,12.95,7.6,63.85
amazon_rainforest,2023-01-07,29.1,23.4,13.05,9.37,64.79
amazon_rainforest,2023-01-08,31.99,19.3,3.49,11.33,75.57
amazon_rainforest,2023-01-09,30.7,20.56,6.69,5.4,84.6
amazon_rainforest,2023-01-10,31.83,20.77,13.06,11.66,66.37
amazon_rainforest,2023-01-11,31.23,21.96,7.98,9.5,72.99
amazon_rainforest,2023-01-12,28.6,19.73,1.8,10.42,71.22
amazon_rainforest,2023-01-13,31.29,23.36,8.6,9.9,88.64
amazon_rainforest,2023-01-14,33.87,21.2,6.81,7.79,86.42
amazon_rainforest,2023-01-15,31.71,23.76,14.03,10.04,64.34
amazon_rainforest,2023-01-16,30.98,21.69,12.95,11.14,40.79
amazon_rainforest,2023-01-17,27.89,24.03,4.19,11.56,55.4
amazon_rainforest,2023-01-18,31.3,22.18,10.06,11.36,92.55
amazon_rainforest,2023-01-19,32.76,22.42,0.45,8.16,95.74
amazon_rainforest,2023-01-20,34.66,23.75,4.71,11.81,71.37
amazon_rainforest,2023-01-21,25.94,22.02,17.58,11.29,73.0
amazon_rainforest,2023-01-22,34.79,20.28,10.01,11.04,76.85
amazon_rainforest,2023-01-23,33.41,20.31,16.59,6.85,76.41
amazon_rainforest,2023-01-24,31.91,24.24,11.27,8.17,91.36
amazon_rainforest,2023-01-25,30.7,20.87,12.87,9.53,90.91
amazon_rainforest,2023-01-26,34.08,22.15,10.18,10.97,61.85
amazon_rainforest,2023-01-27,32.52,24.92,0.0,6.38,66.61
amazon_rainforest,2023-01-28,29.26,21.92,11.98,7.01,78.34
amazon_rainforest,2023-01-29,34.03,21.68,16.22,9.51,100.0
amazon_rainforest,2023-01-30,33.0,23.18,13.97,7.18,82.26
amazon_rainforest,2023-01-31,35.16,24.84,0.0,8.57,79.72
amazon_rainforest,2023-02-01,33.11,25.34,14.27,9.11,72.46
amazon_rainforest,2023-02-02,35.75,21.68,9.35,5.31,64.79
amazon_rainforest,2023-02-03,35.39,23.7,7.9,9.81,66.84
amazon_rainforest,2023-02-04,31.52,22.69,8.38,9.0,67.75
amazon_rainforest,2023-02-05,35.2,22.76,10.32,6.27,90.83
amazon_rainforest,2023-02-06,30.56,23.57,6.11,8.18,92.15
amazon_rainforest,2023-02-07,29.23,23.39,10.18,10.91,89.21
amazon_rainforest,2023-02-08,31.48,21.33,13.44,8.66,70.78
amazon_rainforest,2023-02-09,35.44,21.35,12.12,9.38,76.76
amazon_rainforest,2023-02-10,33.25,25.35,13.05,9.91,100.0
amazon_rainforest,2023-02-11,32.81,22.1,17.68,5.61,86.04
amazon_rainforest,2023-02-12,34.22,23.79,10.41,12.23,73.61
amazon_rainforest,2023-02-13,30.43,25.17,13.29,10.31,65.16
amazon_rainforest,2023-02-14,31.73,22.66,7.95,10.23,86.71
amazon_rainforest,2023-02-15,32.87,25.05,12.24,10.69,81.66
amazon_rainforest,2023-02-16,32.93,21.96,12.23,9.25,68.47
amazon_rainforest,2023-02-17,32.49,24.53,5.77,9.39,85.18
amazon_rainforest,2023-02-18,29.14,23.12,7.97,13.99,65.52
amazon_rainforest,2023-02-19,30.99,22.59,5.33,6.56,98.62
amazon_rainforest,2023-02-20,31.98,24.15,11.21,10.67,73.95
amazon_rainforest,2023-02-21,30.16,22.62,10.15,7.37,87.55
amazon_rainforest,2023-02-22,30.22,21.91,15.82,12.25,94.2
amazon_rainforest,2023-02-23,33.29,20.46,14.13,9.64,69.82
amazon_rainforest,2023-02-24,29.34,23.85,11.79,6.66,83.5
amazon_rainforest,2023-02-25,29.8,23.99,14.27,10.53,100.0
amazon_rainforest,2023-02-26,31.14,25.66,13.26,11.6,96.95
amazon_rainforest,2023-02-27,35.48,23.65,15.37,10.16,53.07
amazon_rainforest,2023-02-28,34.91,21.76,15.69,11.25,84.07
amazon_rainforest,2023-03-01,29.11,23.16,20.43,12.34,95.53
amazon_rainforest,2023-03-02,31.52,22.75,14.99,11.06,90.96
amazon_rainforest,2023-03-03,34.22,24.7,5.23,8.63,84.71
amazon_rainforest,2023-03-04,35.57,24.76,17.44,12.2,96.37
amazon_rainforest,2023-03-05,30.74,26.58,7.72,10.42,79.72
amazon_rainforest,2023-03-06,33.27,22.75,20.14,8.51,100.0
amazon_rainforest,2023-03-07,30.69,24.77,9.19,10.37,68.06
amazon_rainforest,2023-03-08,34.43,25.22,18.9,10.29,82.45
amazon_rainforest,2023-03-09,31.65,24.12,5.55,9.75,71.67
amazon_rainforest,2023-03-10,32.07,22.25,18.49,6.81,94.22
amazon_rainforest,2023-03-11,29.58,22.4,19.67,11.86,79.49
amazon_rainforest,2023-03-12,34.15,24.17,20.63,10.98,56.79
amazon_rainforest,2023-03-13,33.25,23.86,18.2,8.28,56.29
amazon_rainforest,2023-03-14,32.95,21.11,12.51,10.48,58.11
amazon_rainforest,2023-03-15,31.56,21.33,11.36,10.14,55.65
amazon_rainforest,2023-03-16,31.42,23.73,12.32,6.34,87.21
amazon_rainforest,2023-03-17,33.56,19.55,5.75,9.29,71.78
amazon_rainforest,2023-03-18,31.2,23.24,10.1,10.08,80.01
amazon_rainforest,2023-03-19,34.09,22.04,15.96,12.74,85.24
amazon_rainforest,2023-03-20,34.83,21.58,19.66,9.61,58.97
amazon_rainforest,2023-03-21,31.55,22.15,9.34,12.82,72.01
amazon_rainforest,2023-03-22,32.45,23.21,9.43,8.87,100.0
amazon_rainforest,2023-03-23,28.67,22.87,19.01,8.98,92.67
amazon_rainforest,2023-03-24,31.97,21.0,10.06,6.12,84.8
amazon_rainforest,2023-03-25,32.03,20.21,6.77,9.28,83.25
amazon_rainforest,2023-03-26,32.96,23.14,16.71,8.6,76.98
amazon_rainforest,2023-03-27,33.77,23.58,10.85,8.26,65.17
amazon_rainforest,2023-03-28,33.04,23.95,12.66,8.32,98.3
amazon_rainforest,2023-03-29,34.52,20.34,9.6,7.44,55.93
amazon_rainforest,2023-03-30,32.37,23.24,13.16,7.53,59.0
amazon_rainforest,2023-03-31,30.25,23.72,4.74,9.35,78.37
amazon_rainforest,2023-04-01,34.69,22.02,8.98,10.56,78.2
amazon_rainforest,2023-04-02,29.98,22.21,10.62,12.05,95.78
amazon_rainforest,2023-04-03,30.45,22.07,7.57,10.04,52.14
amazon_rainforest,2023-04-04,32.07,21.9,13.86,6.11,82.19
amazon_rainforest,2023-04-05,29.93,24.65,18.89,9.87,79.26
amazon_rainforest,2023-04-06,31.58,21.85,13.46,11.89,75.88
amazon_rainforest,2023-04-07,29.07,21.58,9.4,9.79,59.6
amazon_rainforest,2023-04-08,31.08,19.38,7.63,11.65,71.0
amazon_rainforest,2023-04-09,29.2,23.68,0.4,8.53,73.03
amazon_rainforest,2023-04-10,33.21,21.45,5.56,8.02,100.0
amazon_rainforest,2023-04-11,32.44,21.43,7.83,8.09,83.66
amazon_rainforest,2023-04-12,29.79,24.97,13.37,10.18,61.75
amazon_rainforest,2023-04-13,29.47,20.83,5.93,7.3,95.65
amazon_rainforest,2023-04-14,30.96,20.38,12.36,8.5,84.93
amazon_rainforest,2023-04-15,31.42,20.39,15.69,9.87,74.35
amazon_rainforest,2023-04-16,33.57,20.38,6.39,11.75,74.73
amazon_rainforest,2023-04-17,29.19,21.49,10.77,7.37,69.23
amazon_rainforest,2023-04-18,33.92,22.42,15.48,11.87,77.47
amazon_rainforest,2023-04-19,31.04,22.05,9.28,11.99,81.74
amazon_rainforest,2023-04-20,30.94,23.83,9.04,6.86,76.29
amazon_rainforest,2023-04-21,29.41,23.18,6.95,8.02,72.72
amazon_rainforest,2023-04-22,31.25,22.83,5.93,7.82,78.14
amazon_rainforest,2023-04-23,29.4,23.01,2.68,6.94,82.99
amazon_rainforest,2023-04-24,31.98,23.36,5.7,9.42,79.37
amazon_rainforest,2023-04-25,34.04,22.24,7.97,10.62,82.99
amazon_rainforest,2023-04-26,36.08,24.87,10.42,9.01,64.23
amazon_rainforest,2023-04-27,31.67,21.45,14.48,8.74,82.19
amazon_rainforest,2023-04-28,32.27,21.55,2.14,12.03,59.89
amazon_rainforest,2023-04-29,32.23,21.09,2.64,7.77,84.87
amazon_rainforest,2023-04-30,35.26,21.15,15.16,9.05,55.01
amazon_rainforest,2023-05-01,31.76,20.57,6.48,8.56,87.79
amazon_rainforest,2023-05-02,29.96,20.61,11.32,7.32,87.14
amazon_rainforest,2023-05-03,31.27,22.06,13.21,7.13,78.01
amazon_rainforest,2023-05-04,29.13,22.01,10.67,9.32,65.44
amazon_rainforest,2023-05-05,35.03,21.56,8.09,11.88,72.47
amazon_rainforest,2023-05-06,32.55,21.04,11.79,9.54,84.61
amazon_rainforest,2023-05-07,33.61,24.24,8.72,6.59,81.37
amazon_rainforest,2023-05-08,30.13,24.55,5.68,7.2,65.73
amazon_rainforest,2023-05-09,32.53,23.31,7.79,8.96,68.13
amazon_rainforest,2023-05-10,31.28,22.7,6.45,7.24,100.0
amazon_rainforest,2023-05-11,27.84,24.51,8.78,9.19,57.34
amazon_rainforest,2023-05-12,29.1,22.69,2.84,9.59,45.65
amazon_rainforest,2023-05-13,32.08,20.15,12.91,7.76,47.81
amazon_rainforest,2023-05-14,36.22,20.72,7.12,4.03,72.06
amazon_rainforest,2023-05-15,33.21,22.31,2.57,8.34,63.63
amazon_rainforest,2023-05-16,32.68,23.16,4.06,10.39,69.98
amazon_rainforest,2023-05-17,34.38,24.14,2.99,9.19,83.07
amazon_rainforest,2023-05-18,30.13,24.09,2.01,11.47,94.64
amazon_rainforest,2023-05-19,32.48,23.5,14.95,9.87,73.76
amazon_rainforest,2023-05-20,28.98,23.67,13.13,7.31,73.32
amazon_rainforest,2023-05-21,31.26,21.62,1.55,7.16,92.79
amazon_rainforest,2023-05-22,29.87,21.53,2.17,7.71,78.63
amazon_rainforest,2023-05-23,32.99,21.42,2.05,7.43,77.37
amazon_rainforest,2023-05-24,27.1,22.19,9.04,8.59,87.5
amazon_rainforest,2023-05-25,29.18,23.23,7.49,5.87,68.81
amazon_rainforest,2023-05-26,34.08,26.86,8.38,6.68,53.11
amazon_rainforest,2023-05-27,33.06,21.42,1.6,7.49,70.91
amazon_rainforest,2023-05-28,31.27,21.08,0.48,8.13,60.02
amazon_rainforest,2023-05-29,32.09,23.01,3.51,9.65,65.62
amazon_rainforest,2023-05-30,31.65,21.37,9.91,7.13,62.16
amazon_rainforest,2023-05-31,35.7,23.95,17.59,3.75,70.06
amazon_rainforest,2023-06-01,31.49,24.15,0.0,9.97,72.41
amazon_rainforest,2023-06-02,31.85,24.81,12.09,7.43,52.73
amazon_rainforest,2023-06-03,29.92,22.67,9.01,7.49,86.48
amazon_rainforest,2023-06-04,31.07,24.32,1.28,9.45,79.95
amazon_rainforest,2023-06-05,28.1,20.01,8.03,10.08,56.4
amazon_rainforest,2023-06-06,31.33,23.89,6.51,8.69,72.75
amazon_rainforest,2023-06-07,31.77,23.12,6.7,7.88,97.97
amazon_rainforest,2023-06-08,31.37,22.26,9.14,7.31,71.02
amazon_rainforest,2023-06-09,33.28,21.6,14.39,5.72,69.12
amazon_rainforest,2023-06-10,33.51,17.55,8.79,8.27,51.66
amazon_rainforest,2023-06-11,33.64,22.92,5.9,5.38,59.25
amazon_rainforest,2023-06-12,28.43,21.01,2.33,7.62,70.07
amazon_rainforest,2023-06-13,32.4,21.3,4.67,11.48,75.68
amazon_rainforest,2023-06-14,31.83,22.15,6.39,4.82,61.47
amazon_rainforest,2023-06-15,32.53,22.3,3.47,8.47,69.39
amazon_rainforest,2023-06-16,30.22,20.59,8.87,6.81,86.92
amazon_rainforest,2023-06-17,30.77,20.49,13.57,6.05,69.58
amazon_rainforest,2023-06-18,29.09,20.29,0.0,6.58,81.28
amazon_rainforest,2023-06-19,33.25,21.84,1.76,7.74,65.9
amazon_rainforest,2023-06-20,30.68,23.47,13.18,12.13,80.32
amazon_rainforest,2023-06-21,33.89,21.94,5.03,9.12,73.56
amazon_rainforest,2023-06-22,28.18,22.12,10.33,8.7,57.43
amazon_rainforest,2023-06-23,30.78,21.31,0.0,6.38,54.6
amazon_rainforest,2023-06-24,30.58,20.92,6.48,5.29,82.6
amazon_rainforest,2023-06-25,27.0,20.63,2.87,5.9,74.17
amazon_rainforest,2023-06-26,31.81,20.99,3.93,9.85,54.81
amazon_rainforest,2023-06-27,32.61,19.44,2.43,6.31,66.04
amazon_rainforest,2023-06-28,28.84,23.53,12.11,7.81,73.57
amazon_rainforest,2023-06-29,30.35,21.94,1.46,7.38,42.38
amazon_rainforest,2023-06-30,28.67,21.83,9.5,7.57,68.85
amazon_rainforest,2023-07-01,32.89,22.08,4.08,7.04,74.29
amazon_rainforest,2023-07-02,26.81,20.86,12.61,8.24,66.58
amazon_rainforest,2023-07-03,26.2,21.95,6.79,5.74,74.85
amazon_rainforest,2023-07-04,31.74,20.49,0.0,8.46,53.54
amazon_rainforest,2023-07-05,31.17,20.67,4.16,11.21,88.09
amazon_rainforest,2023-07-06,31.39,21.39,2.6,7.22,29.89
amazon_rainforest,2023-07-07,30.67,21.52,6.52,6.47,46.5
amazon_rainforest,2023-07-08,32.07,23.63,4.2,6.8,74.7
amazon_rainforest,2023-07-09,30.17,20.01,0.0,8.61,67.23
amazon_rainforest,2023-07-10,29.34,19.93,1.52,4.67,44.16
amazon_rainforest,2023-07-11,33.94,20.7,0.87,9.5,78.95
amazon_rainforest,2023-07-12,30.85,22.9,3.05,7.26,51.13
amazon_rainforest,2023-07-13,29.25,21.77,4.61,7.75,72.07
amazon_rainforest,2023-07-14,29.74,24.7,6.59,6.8,32.22
amazon_rainforest,2023-07-15,27.79,21.21,5.74,6.98,45.76
amazon_rainforest,2023-07-16,32.82,21.86,0.0,5.15,75.54
amazon_rainforest,2023-07-17,27.89,21.41,5.46,5.13,87.63
amazon_rainforest,2023-07-18,29.93,21.69,9.57,4.42,66.26
amazon_rainforest,2023-07-19,30.68,20.12,3.51,4.07,65.56
amazon_rainforest,2023-07-20,26.16,21.38,0.0,9.34,46.08
amazon_rainforest,2023-07-21,29.23,19.55,0.0,6.56,55.46
amazon_rainforest,2023-07-22,29.92,21.74,6.99,7.61,52.05
amazon_rainforest,2023-07-23,28.41,21.88,4.19,7.64,54.7
amazon_rainforest,2023-07-24,29.02,20.9,0.0,7.08,45.27
amazon_rainforest,2023-07-25,31.02,20.2,3.23,8.25,72.57
amazon_rainforest,2023-07-26,32.13,20.06,0.34,9.47,57.62
amazon_rainforest,2023-07-27,30.37,19.76,0.12,7.03,80.63
amazon_rainforest,2023-07-28,26.53,20.07,2.43,5.4,52.0
amazon_rainforest,2023-07-29,28.58,24.9,3.15,9.14,60.57
amazon_rainforest,2023-07-30,28.41,21.58,0.0,3.84,64.5
amazon_rainforest,2023-07-31,27.23,20.76,0.36,8.02,57.03
amazon_rainforest,2023-08-01,26.77,20.04,10.66,6.99,44.72
amazon_rainforest,2023-08-02,30.11,20.89,0.0,7.97,66.15
amazon_rainforest,2023-08-03,28.42,21.99,3.08,4.51,72.52
amazon_rainforest,2023-08-04,31.03,21.9,4.94,8.03,66.56
amazon_rainforest,2023-08-05,31.89,22.54,0.0,6.05,75.62
amazon_rainforest,2023-08-06,25.26,22.61,0.0,5.55,53.59
amazon_rainforest,2023-08-07,33.4,21.05,0.0,9.72,89.34
amazon_rainforest,2023-08-08,30.77,20.02,0.0,8.67,60.42
amazon_rainforest,2023-08-09,30.74,20.71,9.0,7.54,60.53
amazon_rainforest,2023-08-10,30.76,22.24,0.0,7.17,69.35
amazon_rainforest,2023-08-11,29.27,20.07,1.71,4.96,85.86
amazon_rainforest,2023-08-12,26.94,24.21,0.0,5.08,58.69
amazon_rainforest,2023-08-13,29.29,20.02,3.6,7.65,78.11
amazon_rainforest,2023-08-14,23.85,21.8,0.0,4.25,64.38
amazon_rainforest,2023-08-15,33.0,21.47,5.37,8.77,41.52
amazon_rainforest,2023-08-16,28.1,22.23,0.0,9.05,65.35
amazon_rainforest,2023-08-17,30.02,17.95,9.69,8.67,60.4
amazon_rainforest,2023-08-18,26.79,22.45,0.0,7.78,81.11
amazon_rainforest,2023-08-19,31.94,20.47,3.19,4.78,50.07
amazon_rainforest,2023-08-20,29.58,19.74,3.3,4.69,55.14
amazon_rainforest,2023-08-21,31.8,22.47,5.94,9.15,48.13
amazon_rainforest,2023-08-22,31.76,18.29,0.0,7.3,72.2
amazon_rainforest,2023-08-23,26.12,23.89,0.0,8.0,61.76
amazon_rainforest,2023-08-24,29.03,21.32,0.0,9.05,66.91
amazon_rainforest,2023-08-25,28.66,20.78,7.13,10.62,68.37
amazon_rainforest,2023-08-26,27.58,19.11,0.54,4.9,35.33
amazon_rainforest,2023-08-27,31.12,20.6,9.96,9.06,33.47
amazon_rainforest,2023-08-28,29.43,22.76,11.71,3.24,75.82
amazon_rainforest,2023-08-29,29.96,21.39,1.33,5.89,53.7
amazon_rainforest,2023-08-30,29.11,21.84,12.16,4.14,69.59
amazon_rainforest,2023-08-31,29.78,22.51,0.0,7.55,62.53
amazon_rainforest,2023-09-01,28.57,19.72,2.71,10.08,83.85
amazon_rainforest,2023-09-02,31.75,18.57,3.3,5.09,60.59
amazon_rainforest,2023-09-03,30.16,19.5,8.46,3.1,72.12
amazon_rainforest,2023-09-04,26.48,20.96,6.96,4.56,62.66
amazon_rainforest,2023-09-05,29.99,20.65,1.29,4.1,64.64
amazon_rainforest,2023-09-06,29.18,20.62,0.0,1.5,57.47
amazon_rainforest,2023-09-07,30.49,21.78,3.5,7.55,63.49
amazon_rainforest,2023-09-08,29.39,20.37,4.74,7.22,56.74
amazon_rainforest,2023-09-09,29.96,19.42,7.83,5.34,49.34
amazon_rainforest,2023-09-10,30.64,19.54,9.78,7.47,56.56
amazon_rainforest,2023-09-11,32.0,21.94,0.29,7.85,58.3
amazon_rainforest,2023-09-12,29.62,22.63,0.0,9.69,68.42
amazon_rainforest,2023-09-13,29.99,23.13,4.04,7.15,47.07
amazon_rainforest,2023-09-14,33.0,20.32,0.0,4.48,44.94
amazon_rainforest,2023-09-15,30.74,21.3,9.49,8.04,68.89
amazon_rainforest,2023-09-16,21.93,21.75,0.0,4.55,61.2
amazon_rainforest,2023-09-17,27.37,21.48,2.29,7.26,81.49
amazon_rainforest,2023-09-18,29.47,21.89,0.0,9.88,45.34
amazon_rainforest,2023-09-19,30.98,22.1,0.0,7.07,56.71
amazon_rainforest,2023-09-20,32.25,19.91,4.98,8.05,80.56
amazon_rainforest,2023-09-21,26.24,20.14,0.0,3.61,41.85
amazon_rainforest,2023-09-22,28.1,21.71,0.0,9.31,68.79
amazon_rainforest,2023-09-23,30.21,19.59,10.33,1.26,63.24
amazon_rainforest,2023-09-24,28.92,20.15,4.29,10.12,72.19
amazon_rainforest,2023-09-25,29.67,21.33,0.09,10.82,72.73
amazon_rainforest,2023-09-26,29.15,20.36,0.0,6.09,50.71
amazon_rainforest,2023-09-27,30.44,21.64,8.21,5.76,80.68
amazon_rainforest,2023-09-28,32.99,20.06,10.53,6.41,64.56
amazon_rainforest,2023-09-29,29.14,17.55,0.0,9.04,66.19
amazon_rainforest,2023-09-30,28.94,21.57,0.0,3.57,68.65
amazon_rainforest,2023-10-01,30.34,21.03,6.42,6.3,71.33
amazon_rainforest,2023-10-02,29.92,23.04,0.0,7.42,48.58
amazon_rainforest,2023-10-03,34.63,20.6,7.02,9.95,66.93
amazon_rainforest,2023-10-04,29.14,21.29,0.0,4.79,67.39
amazon_rainforest,2023-10-05,30.99,20.58,9.1,7.97,55.26
amazon_rainforest,2023-10-06,28.57,20.13,0.0,7.34,68.81
amazon_rainforest,2023-10-07,29.08,20.48,1.06,8.84,65.45
amazon_rainforest,2023-10-08,27.86,19.74,1.08,8.72,47.67
amazon_rainforest,2023-10-09,30.39,21.41,5.96,5.57,69.2
amazon_rainforest,2023-10-10,27.26,21.39,2.6,13.0,56.59
amazon_rainforest,2023-10-11,29.94,19.8,1.27,9.91,81.27
amazon_rainforest,2023-10-12,32.18,22.51,0.81,4.71,64.98
amazon_rainforest,2023-10-13,31.19,20.17,0.0,5.49,51.41
amazon_rainforest,2023-10-14,29.66,21.24,0.54,8.43,74.24
amazon_rainforest,2023-10-15,33.85,22.53,0.0,5.98,51.03
amazon_rainforest,2023-10-16,28.44,23.23,5.3,6.69,70.84
amazon_rainforest,2023-10-17,33.17,17.76,0.0,10.43,55.64
amazon_rainforest,2023-10-18,28.63,22.62,6.52,9.29,68.69
amazon_rainforest,2023-10-19,31.04,21.7,0.61,6.33,42.63
amazon_rainforest,2023-10-20,28.48,22.07,2.22,6.59,44.15
amazon_rainforest,2023-10-21,30.7,20.63,3.1,2.96,78.97
amazon_rainforest,2023-10-22,32.61,22.43,0.0,7.99,76.61
amazon_rainforest,2023-10-23,29.13,22.97,3.79,2.83,72.6
amazon_rainforest,2023-10-24,33.08,22.25,0.0,5.05,78.1
amazon_rainforest,2023-10-25,29.87,22.67,5.7,4.73,59.67
amazon_rainforest,2023-10-26,28.78,24.24,4.23,9.23,56.02
amazon_rainforest,2023-10-27,33.16,23.52,5.99,7.86,56.84
amazon_rainforest,2023-10-28,28.79,20.45,9.42,8.41,60.24
amazon_rainforest,2023-10-29,26.41,22.51,13.4,4.44,80.06
amazon_rainforest,2023-10-30,26.8,23.13,2.27,9.84,61.7
amazon_rainforest,2023-10-31,31.47,21.95,0.02,7.34,55.68
amazon_rainforest,2023-11-01,28.46,22.47,1.75,4.76,72.26
amazon_rainforest,2023-11-02,29.73,19.21,11.38,6.48,59.15
amazon_rainforest,2023-11-03,29.65,21.44,0.0,10.86,67.25
amazon_rainforest,2023-11-04,32.88,21.14,16.85,5.89,78.13
amazon_rainforest,2023-11-05,31.63,20.12,4.79,8.08,65.56
amazon_rainforest,2023-11-06,31.65,23.03,5.98,7.54,69.67
amazon_rainforest,2023-11-07,31.41,19.8,12.07,6.07,76.54
amazon_rainforest,2023-11-08,29.76,23.0,2.6,8.59,76.05
amazon_rainforest,2023-11-09,28.65,21.4,6.42,8.44,58.73
amazon_rainforest,2023-11-10,28.15,23.36,10.68,7.25,58.05
amazon_rainforest,2023-11-11,31.3,22.24,0.0,7.19,56.07
amazon_rainforest,2023-11-12,29.7,21.9,0.0,5.6,70.02
amazon_rainforest,2023-11-13,32.28,21.64,5.8,4.38,65.41
amazon_rainforest,2023-11-14,30.18,21.02,0.0,9.31,73.49
amazon_rainforest,2023-11-15,31.73,22.07,6.99,6.29,52.12
amazon_rainforest,2023-11-16,33.94,18.66,4.07,8.59,59.46
amazon_rainforest,2023-11-17,34.85,21.31,10.09,8.34,79.57
amazon_rainforest,2023-11-18,30.41,22.74,9.69,7.92,65.45
amazon_rainforest,2023-11-19,32.03,21.66,0.0,11.74,66.33
amazon_rainforest,2023-11-20,27.38,23.16,3.26,5.1,53.08
amazon_rainforest,2023-11-21,28.64,20.64,0.0,7.26,79.18
amazon_rainforest,2023-11-22,31.01,20.35,7.42,7.73,78.94
amazon_rainforest,2023-11-23,32.36,22.06,0.0,8.91,72.88
amazon_rainforest,2023-11-24,29.69,20.99,10.83,7.62,55.19
amazon_rainforest,2023-11-25,29.16,22.76,0.0,6.36,79.89
amazon_rainforest,2023-11-26,29.31,21.21,5.19,5.07,46.33
amazon_rainforest,2023-11-27,32.52,22.26,1.91,7.29,68.99
amazon_rainforest,2023-11-28,31.19,18.36,3.65,5.53,66.35
amazon_rainforest,2023-11-29,31.64,21.51,3.38,9.54,86.36
amazon_rainforest,2023-11-30,31.59,21.54,6.09,5.22,82.33
amazon_rainforest,2023-12-01,32.12,19.4,0.59,8.46,96.83
amazon_rainforest,2023-12-02,31.04,22.38,3.8,11.13,56.01
amazon_rainforest,2023-12-03,31.79,21.86,14.9,10.52,80.69
amazon_rainforest,2023-12-04,31.78,20.82,6.63,8.67,75.04
amazon_rainforest,2023-12-05,27.42,24.02,14.42,7.83,64.43
amazon_rainforest,2023-12-06,32.34,20.61,6.07,9.87,66.35
amazon_rainforest,2023-12-07,31.58,23.49,3.93,11.59,88.87
amazon_rainforest,2023-12-08,31.34,21.98,0.81,6.26,70.21
amazon_rainforest,2023-12-09,29.24,23.57,9.21,5.44,59.1
amazon_rainforest,2023-12-10,30.61,23.02,14.51,6.16,85.33
amazon_rainforest,2023-12-11,31.02,19.26,12.31,7.28,81.35
amazon_rainforest,2023-12-12,26.76,20.67,10.24,7.83,74.69
amazon_rainforest,2023-12-13,31.26,20.98,13.65,11.84,57.83
amazon_rainforest,2023-12-14,31.04,25.75,10.87,8.75,46.39
amazon_rainforest,2023-12-15,32.23,23.8,11.97,7.49,99.48
amazon_rainforest,2023-12-16,30.83,24.49,11.43,11.77,68.63
amazon_rainforest,2023-12-17,30.9,20.6,11.84,8.15,97.04
amazon_rainforest,2023-12-18,31.37,22.61,2.19,10.25,77.55
amazon_rainforest,2023-12-19,27.95,21.23,4.7,6.64,81.2
amazon_rainforest,2023-12-20,30.14,24.72,16.71,11.02,57.17
amazon_rainforest,2023-12-21,31.75,23.11,4.63,8.12,96.7
amazon_rainforest,2023-12-22,28.75,22.03,2.41,7.99,72.49
amazon_rainforest,2023-12-23,31.26,21.4,10.51,4.93,74.03
amazon_rainforest,2023-12-24,30.1,23.41,6.99,7.43,83.18
amazon_rainforest,2023-12-25,29.88,22.96,15.63,5.96,60.32
amazon_rainforest,2023-12-26,32.73,21.95,1.05,9.03,92.97
amazon_rainforest,2023-12-27,29.03,21.32,2.15,6.68,59.99
amazon_rainforest,2023-12-28,30.59,23.46,17.92,5.34,77.18
amazon_rainforest,2023-12-29,28.32,22.43,3.69,9.9,75.82
amazon_rainforest,2023-12-30,30.71,21.52,5.31,7.24,91.46
amazon_rainforest,2023-12-31,27.7,22.85,6.83,7.17,55.28
amazon_rainforest,2024-01-01,31.94,23.64,0.0,13.88,61.59
amazon_rainforest,2024-01-02,33.86,22.56,11.01,7.52,78.08
amazon_rainforest,2024-01-03,31.23,23.54,1.77,10.81,50.22
amazon_rainforest,2024-01-04,32.07,21.25,11.57,6.44,50.59
amazon_rainforest,2024-01-05,30.16,24.81,0.98,9.46,63.51
amazon_rainforest,2024-01-06,30.57,21.34,12.28,10.09,73.73
amazon_rainforest,2024-01-07,32.81,23.46,7.71,5.29,56.28
amazon_rainforest,2024-01-08,30.12,22.44,7.98,6.27,79.67
amazon_rainforest,2024-01-09,30.02,21.24,11.96,11.34,84.47
amazon_rainforest,2024-01-10,27.75,22.11,13.39,8.12,55.88
amazon_rainforest,2024-01-11,29.77,25.29,9.44,9.14,85.09
amazon_rainforest,2024-01-12,30.74,21.23,8.99,11.16,82.94
amazon_rainforest,2024-01-13,28.71,21.25,6.58,11.63,78.25
amazon_rainforest,2024-01-14,31.69,21.4,11.15,7.79,93.19
amazon_rainforest,2024-01-15,32.5,24.21,16.23,9.02,85.6
amazon_rainforest,2024-01-16,30.36,23.0,11.9,8.03,78.0
amazon_rainforest,2024-01-17,31.97,22.13,3.66,8.7,75.95
amazon_rainforest,2024-01-18,30.98,22.32,9.46,7.85,83.73
amazon_rainforest,2024-01-19,34.93,22.09,6.17,8.28,75.55
amazon_rainforest,2024-01-20,28.68,22.48,3.96,13.11,86.3
amazon_rainforest,2024-01-21,33.69,21.18,8.14,8.11,89.94
amazon_rainforest,2024-01-22,32.73,20.74,11.58,3.78,80.37
amazon_rainforest,2024-01-23,29.95,23.15,12.91,8.67,72.73
amazon_rainforest,2024-01-24,31.96,21.88,12.1,5.65,65.88
amazon_rainforest,2024-01-25,32.54,23.45,6.23,9.89,81.49
amazon_rainforest,2024-01-26,34.37,23.09,5.18,8.86,94.06
amazon_rainforest,2024-01-27,32.64,24.59,3.36,13.48,86.06
amazon_rainforest,2024-01-28,28.77,23.09,9.2,11.27,53.76
amazon_rainforest,2024-01-29,32.33,23.75,12.68,4.98,89.95
amazon_rainforest,2024-01-30,33.66,22.04,12.24,6.66,70.74
amazon_rainforest,2024-01-31,36.2,20.34,5.28,8.67,81.36
amazon_rainforest,2024-02-01,30.59,22.49,18.15,9.81,66.83
amazon_rainforest,2024-02-02,35.64,22.1,11.16,11.17,74.53
amazon_rainforest,2024-02-03,32.53,21.44,13.8,10.48,49.94
amazon_rainforest,2024-02-04,28.73,24.16,12.78,10.39,73.18
amazon_rainforest,2024-02-05,35.47,22.43,3.06,8.34,64.7
amazon_rainforest,2024-02-06,30.71,23.43,13.82,8.65,56.41
amazon_rainforest,2024-02-07,33.96,21.21,17.56,10.03,98.71
amazon_rainforest,2024-02-08,30.28,23.22,5.36,10.03,73.59
amazon_rainforest,2024-02-09,34.61,24.37,5.52,10.31,99.31
amazon_rainforest,2024-02-10,32.88,25.93,12.38,7.63,75.21
amazon_rainforest,2024-02-11,31.12,20.87,10.69,9.29,82.23
amazon_rainforest,2024-02-12,30.63,23.4,12.89,11.36,81.47
amazon_rainforest,2024-02-13,31.01,20.83,5.18,8.22,69.91
amazon_rainforest,2024-02-14,30.88,21.12,13.83,10.43,83.83
amazon_rainforest,2024-02-15,29.15,23.39,2.55,7.66,100.0
amazon_rainforest,2024-02-16,29.98,23.58,8.75,9.32,83.04
amazon_rainforest,2024-02-17,36.43,24.12,11.97,10.7,73.84
amazon_rainforest,2024-02-18,31.57,22.77,6.84,11.09,81.09
amazon_rainforest,2024-02-19,32.91,24.77,10.79,7.72,86.58
amazon_rainforest,2024-02-20,31.22,24.12,15.78,3.23,73.99
amazon_rainforest,2024-02-21,34.68,22.88,6.46,12.2,74.19
amazon_rainforest,2024-02-22,34.08,24.07,8.59,12.02,73.74
amazon_rainforest,2024-02-23,31.34,22.46,0.0,5.57,82.14
amazon_rainforest,2024-02-24,30.74,24.63,11.31,10.47,92.82
amazon_rainforest,2024-02-25,30.1,23.39,16.99,9.69,79.32
amazon_rainforest,2024-02-26,30.8,22.63,5.37,12.24,85.01
amazon_rainforest,2024-02-27,33.53,21.92,8.08,12.05,82.78
amazon_rainforest,2024-02-28,31.62,22.67,15.62,11.36,51.34
amazon_rainforest,2024-02-29,30.75,23.47,17.73,8.85,74.77
amazon_rainforest,2024-03-01,31.05,23.0,10.2,4.69,52.48
amazon_rainforest,2024-03-02,34.94,24.07,5.91,10.37,65.76
amazon_rainforest,2024-03-03,31.44,22.52,8.31,7.23,56.85
amazon_rainforest,2024-03-04,33.48,23.81,13.18,5.88,76.05
amazon_rainforest,2024-03-05,33.07,19.44,7.14,15.28,69.35
amazon_rainforest,2024-03-06,32.66,22.59,8.06,8.06,79.87
amazon_rainforest,2024-03-07,31.35,22.48,6.83,10.55,85.38
amazon_rainforest,2024-03-08,35.02,19.99,15.13,11.23,72.53
amazon_rainforest,2024-03-09,33.38,24.45,11.21,10.36,69.84
amazon_rainforest,2024-03-10,32.08,22.94,7.67,3.77,77.75
amazon_rainforest,2024-03-11,30.96,23.7,10.89,12.46,83.12
amazon_rainforest,2024-03-12,30.81,22.37,12.71,9.38,66.01
amazon_rainforest,2024-03-13,34.81,24.18,2.29,10.36,66.85
amazon_rainforest,2024-03-14,33.97,23.11,12.53,7.99,88.9
amazon_rainforest,2024-03-15,36.1,23.9,16.75,7.64,86.83
amazon_rainforest,2024-03-16,32.92,23.19,6.62,7.74,89.91
amazon_rainforest,2024-03-17,33.5,23.68,6.63,7.84,84.65
amazon_rainforest,2024-03-18,27.85,23.11,15.79,8.2,72.66
amazon_rainforest,2024-03-19,33.54,23.53,0.86,11.86,54.28
amazon_rainforest,2024-03-20,34.25,23.06,21.54,8.55,77.99
amazon_rainforest,2024-03-21,35.26,20.6,4.92,10.48,97.47
amazon_rainforest,2024-03-22,27.44,20.75,7.8,8.22,80.28
amazon_rainforest,2024-03-23,28.99,22.16,5.41,10.19,71.13
amazon_rainforest,2024-03-24,33.48,24.57,4.18,9.29,56.23
amazon_rainforest,2024-03-25,32.74,22.9,11.87,8.13,57.57
amazon_rainforest,2024-03-26,29.35,20.9,12.53,6.54,73.18
amazon_rainforest,2024-03-27,33.19,22.46,6.57,10.11,75.19
amazon_rainforest,2024-03-28,31.72,22.23,2.81,7.35,68.9
amazon_rainforest,2024-03-29,30.54,22.54,7.58,10.3,85.26
amazon_rainforest,2024-03-30,30.27,23.96,12.25,6.15,70.06
amazon_rainforest,2024-03-31,30.62,23.64,9.78,7.85,63.03
amazon_rainforest,2024-04-01,30.63,24.4,11.11,4.9,88.99
amazon_rainforest,2024-04-02,28.93,22.46,8.12,7.21,78.11
amazon_rainforest,2024-04-03,35.7,23.41,0.0,8.3,74.36
amazon_rainforest,2024-04-04,35.26,24.3,1.64,11.87,66.25
amazon_rainforest,2024-04-05,34.39,22.71,14.99,12.07,62.54
amazon_rainforest,2024-04-06,31.88,19.83,10.79,11.22,60.69
amazon_rainforest,2024-04-07,30.42,22.3,4.22,10.32,77.22
amazon_rainforest,2024-04-08,28.6,25.4,9.03,9.52,80.07
amazon_rainforest,2024-04-09,33.5,23.23,18.41,7.9,64.5
amazon_rainforest,2024-04-10,31.36,22.84,6.45,8.64,68.77
amazon_rainforest,2024-04-11,35.56,21.84,9.41,7.72,70.92
amazon_rainforest,2024-04-12,32.2,21.99,12.46,11.22,68.52
amazon_rainforest,2024-04-13,32.09,22.93,6.08,8.22,65.58
amazon_rainforest,2024-04-14,30.15,23.93,22.05,11.28,79.77
amazon_rainforest,2024-04-15,35.63,20.52,8.42,6.24,67.99
amazon_rainforest,2024-04-16,27.66,21.12,14.96,12.07,77.56
amazon_rainforest,2024-04-17,31.97,23.13,12.93,7.51,72.4
amazon_rainforest,2024-04-18,30.41,22.78,12.99,8.1,73.05
amazon_rainforest,2024-04-19,33.71,19.85,12.33,9.48,67.38
amazon_rainforest,2024-04-20,31.93,22.04,1.0,6.16,54.54
amazon_rainforest,2024-04-21,30.23,24.58,1.96,8.88,67.79
amazon_rainforest,2024-04-22,32.35,22.55,16.59,7.98,71.44
amazon_rainforest,2024-04-23,34.36,21.27,3.91,11.26,71.45
amazon_rainforest,2024-04-24,32.51,22.34,17.9,7.57,62.49
amazon_rainforest,2024-04-25,33.09,24.49,1.65,11.65,63.76
amazon_rainforest,2024-04-26,33.87,23.34,6.6,9.06,82.8
amazon_rainforest,2024-04-27,31.03,21.43,9.34,7.2,57.18
amazon_rainforest,2024-04-28,35.1,23.27,6.57,9.32,84.09
amazon_rainforest,2024-04-29,31.67,22.0,12.21,9.05,60.03
amazon_rainforest,2024-04-30,31.57,20.67,18.1,6.61,79.33
amazon_rainforest,2024-05-01,35.62,23.92,4.51,7.79,74.82
amazon_rainforest,2024-05-02,31.21,23.21,3.25,8.85,39.35
amazon_rainforest,2024-05-03,33.02,21.09,10.12,11.13,97.4
amazon_rainforest,2024-05-04,28.15,23.8,10.37,11.33,92.73
amazon_rainforest,2024-05-05,28.82,19.08,2.97,7.97,54.54
amazon_rainforest,2024-05-06,33.61,22.36,16.39,10.36,80.84
amazon_rainforest,2024-05-07,30.29,25.66,3.75,11.94,65.37
amazon_rainforest,2024-05-08,32.98,25.38,11.33,7.64,55.44
amazon_rainforest,2024-05-09,34.32,21.9,7.82,7.34,59.32
amazon_rainforest,2024-05-10,29.28,26.31,12.79,8.17,72.72
amazon_rainforest,2024-05-11,36.38,23.21,2.5,10.36,70.24
amazon_rainforest,2024-05-12,29.56,22.01,10.49,9.76,79.35
amazon_rainforest,2024-05-13,32.2,22.62,0.0,8.21,77.7
amazon_rainforest,2024-05-14,33.67,21.61,6.64,9.55,77.78
amazon_rainforest,2024-05-15,32.09,23.47,4.0,5.5,86.05
amazon_rainforest,2024-05-16,32.72,21.78,9.26,6.08,73.12
amazon_rainforest,2024-05-17,30.05,22.66,16.34,9.79,67.09
amazon_rainforest,2024-05-18,30.61,21.85,2.93,4.32,73.06
amazon_rainforest,2024-05-19,32.05,19.72,8.24,6.81,93.93
amazon_rainforest,2024-05-20,32.62,21.27,4.36,10.62,72.18
amazon_rainforest,2024-05-21,28.65,22.03,13.77,8.84,58.71
amazon_rainforest,2024-05-22,32.27,22.04,8.61,10.0,66.01
amazon_rainforest,2024-05-23,30.14,23.41,4.63,8.02,64.33
amazon_rainforest,2024-05-24,29.76,23.01,10.48,13.15,81.08
amazon_rainforest,2024-05-25,33.71,21.58,1.1,11.76,60.44
amazon_rainforest,2024-05-26,30.72,21.46,7.66,7.0,71.93
amazon_rainforest,2024-05-27,31.04,22.38,5.25,3.03,76.97
amazon_rainforest,2024-05-28,32.06,21.65,9.67,7.02,85.71
amazon_rainforest,2024-05-29,32.24,21.37,0.0,13.45,66.3
amazon_rainforest,2024-05-30,30.94,20.83,2.17,8.12,80.06
amazon_rainforest,2024-05-31,30.98,21.48,4.54,5.25,78.87
amazon_rainforest,2024-06-01,29.39,22.79,0.0,8.54,54.55
amazon_rainforest,2024-06-02,31.32,20.48,0.0,7.12,69.1
amazon_rainforest,2024-06-03,31.52,22.72,11.43,5.72,69.63
amazon_rainforest,2024-06-04,32.89,26.02,4.8,4.26,100.0
amazon_rainforest,2024-06-05,33.18,21.17,12.42,6.71,80.11
amazon_rainforest,2024-06-06,29.54,21.55,5.38,7.52,76.94
amazon_rainforest,2024-06-07,32.89,21.23,11.32,9.86,51.3
amazon_rainforest,2024-06-08,28.67,22.36,0.0,7.72,63.79
amazon_rainforest,2024-06-09,31.28,21.39,8.64,8.09,44.44
amazon_rainforest,2024-06-10,33.09,21.48,0.0,5.39,44.8
amazon_rainforest,2024-06-11,33.32,19.52,7.21,6.7,67.59
amazon_rainforest,2024-06-12,31.75,21.42,16.38,7.77,56.81
amazon_rainforest,2024-06-13,32.97,20.02,3.25,7.2,64.75
amazon_rainforest,2024-06-14,31.45,20.65,6.46,8.31,76.02
amazon_rainforest,2024-06-15,29.64,23.52,3.47,5.96,54.59
amazon_rainforest,2024-06-16,33.04,20.42,6.62,8.99,71.57
amazon_rainforest,2024-06-17,25.83,21.16,4.34,10.34,73.13
amazon_rainforest,2024-06-18,31.63,22.57,16.52,3.74,72.68
amazon_rainforest,2024-06-19,29.64,21.26,6.36,7.15,75.68
amazon_rainforest,2024-06-20,30.52,22.52,0.04,11.04,72.55
amazon_rainforest,2024-06-21,35.13,24.18,1.26,3.83,68.69
amazon_rainforest,2024-06-22,31.72,22.3,11.2,5.82,57.67
amazon_rainforest,2024-06-23,29.22,19.73,2.74,9.53,58.27
amazon_rainforest,2024-06-24,26.78,23.06,10.45,7.75,35.69
amazon_rainforest,2024-06-25,28.74,21.06,8.94,7.27,84.66
amazon_rainforest,2024-06-26,32.22,18.76,2.25,4.62,94.77
amazon_rainforest,2024-06-27,29.37,19.81,0.93,8.33,61.41
amazon_rainforest,2024-06-28,30.04,21.2,6.52,9.67,66.24
amazon_rainforest,2024-06-29,29.68,22.52,0.0,7.98,76.4
amazon_rainforest,2024-06-30,28.37,20.93,9.66,6.09,68.85
amazon_rainforest,2024-07-01,33.85,21.88,0.61,6.87,64.49
amazon_rainforest,2024-07-02,30.63,20.8,2.89,5.39,70.07
amazon_rainforest,2024-07-03,31.04,24.23,5.34,6.41,88.58
amazon_rainforest,2024-07-04,33.82,20.38,5.52,4.02,64.77
amazon_rainforest,2024-07-05,29.78,23.49,0.0,6.17,69.88
amazon_rainforest,2024-07-06,29.2,21.37,0.0,8.64,59.81
amazon_rainforest,2024-07-07,30.21,22.0,0.23,7.17,65.29
amazon_rainforest,2024-07-08,27.36,17.57,4.76,6.7,76.13
amazon_rainforest,2024-07-09,30.49,23.76,8.0,5.28,64.37
amazon_rainforest,2024-07-10,29.93,19.91,0.0,7.27,54.43
amazon_rainforest,2024-07-11,29.59,22.37,2.7,7.66,44.87
amazon_rainforest,2024-07-12,32.16,20.36,0.0,5.46,53.67
amazon_rainforest,2024-07-13,30.37,19.28,0.0,5.91,82.3
amazon_rainforest,2024-07-14,30.6,22.66,13.85,3.85,62.18
amazon_rainforest,2024-07-15,30.66,20.48,0.31,8.54,43.09
amazon_rainforest,2024-07-16,30.78,21.11,3.58,10.24,42.34
amazon_rainforest,2024-07-17,29.4,20.81,6.58,5.85,69.57
amazon_rainforest,2024-07-18,26.79,18.52,11.59,8.12,42.88
amazon_rainforest,2024-07-19,28.19,19.43,1.51,8.88,47.09
amazon_rainforest,2024-07-20,29.26,18.14,0.0,6.64,68.21
amazon_rainforest,2024-07-21,31.17,19.83,0.0,7.79,80.39
amazon_rainforest,2024-07-22,30.63,23.55,1.17,5.17,72.72
amazon_rainforest,2024-07-23,32.49,23.02,2.35,8.42,46.84
amazon_rainforest,2024-07-24,29.91,24.05,2.36,5.58,71.33
amazon_rainforest,2024-07-25,35.02,22.66,0.0,7.33,78.42
amazon_rainforest,2024-07-26,32.2,21.64,0.0,7.9,51.42
amazon_rainforest,2024-07-27,28.34,23.4,10.49,7.23,68.06
amazon_rainforest,2024-07-28,29.46,20.43,1.99,8.41,76.93
amazon_rainforest,2024-07-29,28.76,23.41,0.0,4.27,72.54
amazon_rainforest,2024-07-30,31.06,21.25,0.0,7.76,40.56
amazon_rainforest,2024-07-31,30.84,21.16,3.09,6.32,53.88
amazon_rainforest,2024-08-01,31.06,21.19,0.72,6.68,59.26
amazon_rainforest,2024-08-02,25.67,23.18,0.0,6.48,60.72
amazon_rainforest,2024-08-03,28.12,24.19,5.81,6.29,59.38
amazon_rainforest,2024-08-04,27.69,19.2,0.0,9.48,46.33
amazon_rainforest,2024-08-05,29.82,22.6,2.36,7.85,53.8
amazon_rainforest,2024-08-06,27.57,20.7,4.31,1.48,54.03
amazon_rainforest,2024-08-07,28.38,21.03,0.0,8.11,64.61
amazon_rainforest,2024-08-08,27.1,21.17,2.35,7.65,56.29
amazon_rainforest,2024-08-09,29.91,22.55,0.4,5.14,60.02
amazon_rainforest,2024-08-10,33.21,19.05,4.64,7.28,37.98
amazon_rainforest,2024-08-11,31.09,19.02,5.38,6.53,70.59
amazon_rainforest,2024-08-12,31.62,21.16,0.0,6.98,62.27
amazon_rainforest,2024-08-13,33.62,18.85,3.86,4.99,68.07
amazon_rainforest,2024-08-14,31.19,21.32,3.85,3.72,52.86
amazon_rainforest,2024-08-15,30.53,22.54,10.5,9.18,61.29
amazon_rainforest,2024-08-16,26.04,21.67,5.12,5.57,63.53
amazon_rainforest,2024-08-17,31.51,21.6,2.55,5.2,57.91
amazon_rainforest,2024-08-18,28.55,19.77,0.0,7.53,61.73
amazon_rainforest,2024-08-19,30.35,23.5,0.0,5.62,71.8
amazon_rainforest,2024-08-20,31.06,22.95,3.51,7.01,61.21
amazon_rainforest,2024-08-21,29.13,23.01,0.0,4.97,71.7
amazon_rainforest,2024-08-22,29.72,21.89,0.0,7.48,70.1
amazon_rainforest,2024-08-23,26.32,19.54,0.67,8.47,42.77
amazon_rainforest,2024-08-24,27.22,19.07,3.33,6.89,74.62
amazon_rainforest,2024-08-25,29.53,22.81,6.66,4.43,59.21
amazon_rainforest,2024-08-26,25.51,20.28,2.58,7.29,70.36
amazon_rainforest,2024-08-27,32.81,18.9,2.85,5.02,64.0
amazon_rainforest,2024-08-28,29.19,17.33,0.0,6.94,52.08
amazon_rainforest,2024-08-29,30.17,22.6,0.0,2.66,24.45
amazon_rainforest,2024-08-30,26.45,22.68,0.16,8.36,92.89
amazon_rainforest,2024-08-31,28.04,24.34,2.48,7.05,52.35
amazon_rainforest,2024-09-01,28.82,21.33,0.0,6.9,57.37
amazon_rainforest,2024-09-02,25.46,21.16,0.0,8.51,45.97
amazon_rainforest,2024-09-03,30.15,17.97,6.35,3.13,48.99
amazon_rainforest,2024-09-04,31.87,22.6,1.85,4.89,59.14
amazon_rainforest,2024-09-05,29.45,20.72,0.0,5.74,50.64
amazon_rainforest,2024-09-06,29.68,20.95,3.98,1.96,54.62
amazon_rainforest,2024-09-07,29.09,19.79,1.81,7.01,59.13
amazon_rainforest,2024-09-08,27.84,20.89,2.51,4.38,71.94
amazon_rainforest,2024-09-09,29.57,21.51,1.46,9.0,65.59
amazon_rainforest,2024-09-10,29.73,20.49,10.02,4.77,45.37
amazon_rainforest,2024-09-11,30.61,18.9,1.47,8.76,75.48
amazon_rainforest,2024-09-12,27.85,22.27,0.0,4.56,52.78
amazon_rainforest,2024-09-13,29.49,21.74,8.69,8.89,41.41
amazon_rainforest,2024-09-14,28.45,20.61,6.81,6.06,63.7
amazon_rainforest,2024-09-15,28.87,23.16,0.0,5.16,55.24
amazon_rainforest,2024-09-16,30.17,20.68,0.0,10.15,30.26
amazon_rainforest,2024-09-17,25.1,21.35,6.48,8.48,56.43
amazon_rainforest,2024-09-18,31.57,17.73,15.23,6.25,73.85
amazon_rainforest,2024-09-19,30.17,19.84,4.49,3.21,62.87
amazon_rainforest,2024-09-20,32.2,21.68,0.0,4.67,45.96
amazon_rainforest,2024-09-21,24.9,20.65,5.08,6.85,68.03
amazon_rainforest,2024-09-22,31.31,21.97,0.0,5.46,69.21
amazon_rainforest,2024-09-23,27.6,17.84,0.0,4.7,64.23
amazon_rainforest,2024-09-24,31.31,22.04,1.02,6.34,82.11
amazon_rainforest,2024-09-25,31.24,20.87,5.94,8.42,78.28
amazon_rainforest,2024-09-26,33.26,23.18,7.09,10.28,71.33
amazon_rainforest,2024-09-27,30.46,20.94,0.0,4.86,48.9
amazon_rainforest,2024-09-28,25.55,22.03,0.0,5.4,67.73
amazon_rainforest,2024-09-29,28.66,22.01,0.0,8.82,62.82
amazon_rainforest,2024-09-30,30.53,22.57,7.47,4.64,58.02
amazon_rainforest,2024-10-01,29.85,21.64,4.05,5.67,59.58
amazon_rainforest,2024-10-02,27.53,21.19,4.13,7.03,30.25
amazon_rainforest,2024-10-03,31.12,20.89,2.3,9.02,65.32
amazon_rainforest,2024-10-04,34.86,22.78,3.61,3.66,60.76
amazon_rainforest,2024-10-05,29.97,20.73,3.78,6.42,42.36
amazon_rainforest,2024-10-06,31.97,20.35,4.11,4.71,53.03
amazon_rainforest,2024-10-07,30.45,22.34,0.0,9.17,34.23
amazon_rainforest,2024-10-08,28.11,22.93,6.94,7.61,77.0
amazon_rainforest,2024-10-09,27.11,23.58,8.66,6.43,88.69
amazon_rainforest,2024-10-10,30.3,23.74,3.84,6.4,64.86
amazon_rainforest,2024-10-11,30.3,21.54,1.52,7.87,64.29
amazon_rainforest,2024-10-12,29.13,22.25,12.22,5.48,47.86
amazon_rainforest,2024-10-13,29.99,24.47,6.44,6.37,73.75
amazon_rainforest,2024-10-14,27.8,22.85,0.0,6.04,50.75
amazon_rainforest,2024-10-15,29.8,23.75,6.16,6.84,55.11
amazon_rainforest,2024-10-16,30.01,22.79,8.64,9.05,39.24
amazon_rainforest,2024-10-17,28.61,20.19,2.15,5.39,64.67
amazon_rainforest,2024-10-18,27.74,21.01,0.0,8.33,52.69
amazon_rainforest,2024-10-19,27.43,18.97,9.31,7.46,38.61
amazon_rainforest,2024-10-20,34.22,21.04,4.69,6.62,47.71
amazon_rainforest,2024-10-21,27.77,20.53,9.4,8.46,86.28
amazon_rainforest,2024-10-22,30.38,20.42,4.41,7.1,75.33
amazon_rainforest,2024-10-23,31.7,21.08,0.0,7.87,74.76
amazon_rainforest,2024-10-24,32.38,20.16,7.1,9.4,39.9
amazon_rainforest,2024-10-25,34.23,19.67,6.94,6.3,67.79
amazon_rainforest,2024-10-26,27.49,22.98,0.0,6.23,72.11
amazon_rainforest,2024-10-27,30.04,20.57,16.28,8.22,75.78
amazon_rainforest,2024-10-28,28.26,21.09,0.0,7.05,63.9
amazon_rainforest,2024-10-29,30.71,23.35,0.12,9.2,66.92
amazon_rainforest,2024-10-30,28.57,20.38,11.67,11.32,68.75
amazon_rainforest,2024-10-31,30.39,22.68,0.0,10.31,79.1
amazon_rainforest,2024-11-01,28.28,19.65,3.47,5.42,58.86
amazon_rainforest,2024-11-02,27.92,21.75,0.59,8.66,68.19
amazon_rainforest,2024-11-03,28.42,22.54,4.0,3.73,90.44
amazon_rainforest,2024-11-04,27.97,20.7,0.0,8.01,68.58
amazon_rainforest,2024-11-05,31.05,23.16,14.25,6.9,65.81
amazon_rainforest,2024-11-06,29.71,22.4,0.0,8.33,89.44
amazon_rainforest,2024-11-07,30.7,22.17,8.08,7.36,67.08
amazon_rainforest,2024-11-08,27.34,23.33,0.0,6.54,80.54
amazon_rainforest,2024-11-09,30.85,22.95,3.63,7.82,84.21
amazon_rainforest,2024-11-10,29.7,21.66,11.25,9.78,62.23
amazon_rainforest,2024-11-11,33.13,19.44,5.42,12.0,72.39
amazon_rainforest,2024-11-12,34.54,24.6,11.38,10.13,66.55
amazon_rainforest,2024-11-13,31.46,20.96,3.86,9.17,54.18
amazon_rainforest,2024-11-14,32.1,18.24,8.18,9.39,54.82
amazon_rainforest,2024-11-15,30.02,24.25,5.97,7.32,75.81
amazon_rainforest,2024-11-16,31.29,22.71,0.21,7.52,75.69
amazon_rainforest,2024-11-17,29.98,21.86,10.95,9.11,74.92
amazon_rainforest,2024-11-18,30.92,21.73,1.1,4.4,66.97
amazon_rainforest,2024-11-19,30.07,23.18,7.62,8.56,56.11
amazon_rainforest,2024-11-20,31.34,25.2,4.49,7.49,93.22
amazon_rainforest,2024-11-21,31.72,21.3,7.01,7.33,58.71
amazon_rainforest,2024-11-22,31.04,20.67,5.7,5.66,73.79
amazon_rainforest,2024-11-23,31.29,21.57,15.93,8.24,60.22
amazon_rainforest,2024-11-24,34.37,19.86,9.24,6.45,63.17
amazon_rainforest,2024-11-25,30.76,21.73,3.91,8.31,62.71
amazon_rainforest,2024-11-26,32.47,23.84,4.8,8.08,69.53
amazon_rainforest,2024-11-27,30.56,22.26,5.9,6.66,75.2
amazon_rainforest,2024-11-28,32.52,22.66,3.93,10.14,78.8
amazon_rainforest,2024-11-29,32.93,23.53,0.0,7.55,51.72
amazon_rainforest,2024-11-30,33.08,21.61,16.43,9.07,52.13
amazon_rainforest,2024-12-01,32.72,20.32,10.85,5.99,64.17
amazon_rainforest,2024-12-02,33.48,21.79,2.98,7.56,69.09
amazon_rainforest,2024-12-03,29.26,21.88,7.41,6.19,60.47
amazon_rainforest,2024-12-04,29.07,23.32,12.74,8.19,73.77
amazon_rainforest,2024-12-05,33.74,23.24,4.31,8.8,68.74
amazon_rainforest,2024-12-06,29.38,19.05,0.0,8.81,60.39
amazon_rainforest,2024-12-07,31.61,19.8,2.5,11.53,81.03
amazon_rainforest,2024-12-08,33.67,23.89,0.83,10.03,76.19
amazon_rainforest,2024-12-09,30.85,20.42,6.54,5.33,74.55
amazon_rainforest,2024-12-10,30.29,23.74,0.36,9.9,66.87
amazon_rainforest,2024-12-11,29.06,18.37,11.2,6.89,62.78
amazon_rainforest,2024-12-12,32.02,24.92,8.0,9.88,84.7
amazon_rainforest,2024-12-13,31.69,22.34,10.51,4.99,72.07
amazon_rainforest,2024-12-14,34.6,24.0,10.17,8.02,56.85
amazon_rainforest,2024-12-15,32.31,22.55,1.78,9.1,80.99
amazon_rainforest,2024-12-16,34.46,24.6,0.0,6.55,96.98
amazon_rainforest,2024-12-17,33.76,24.55,11.6,11.1,62.77
amazon_rainforest,2024-12-18,33.2,22.18,3.93,12.48,72.79
amazon_rainforest,2024-12-19,29.83,20.16,11.03,8.36,71.02
amazon_rainforest,2024-12-20,34.49,19.8,6.96,10.1,80.87
amazon_rainforest,2024-12-21,30.14,20.97,8.68,10.34,72.28
amazon_rainforest,2024-12-22,31.04,21.07,12.47,7.35,66.03
amazon_rainforest,2024-12-23,30.38,24.72,3.92,7.33,81.1
amazon_rainforest,2024-12-24,32.25,21.64,4.25,9.34,78.1
amazon_rainforest,2024-12-25,30.25,23.01,14.69,11.59,89.31
amazon_rainforest,2024-12-26,28.47,20.23,12.68,10.7,89.3
amazon_rainforest,2024-12-27,37.55,22.0,10.18,5.71,71.13
amazon_rainforest,2024-12-28,29.19,22.56,1.42,11.13,84.1
amazon_rainforest,2024-12-29,34.49,22.48,7.18,11.07,83.62
amazon_rainforest,2024-12-30,33.94,20.58,3.11,3.07,87.8
amazon_rainforest,2024-12-31,33.06,23.54,5.2,10.3,75.63
amazon_rainforest,2025-01-01,31.46,23.77,4.29,8.88,55.31
amazon_rainforest,2025-01-02,29.2,22.14,3.17,11.44,60.93
amazon_rainforest,2025-01-03,32.37,19.38,8.41,10.84,67.98
amazon_rainforest,2025-01-04,34.42,23.52,4.12,10.0,67.27
amazon_rainforest,2025-01-05,33.3,23.02,6.27,9.24,83.19
amazon_rainforest,2025-01-06,32.2,24.66,4.45,9.65,79.33
amazon_rainforest,2025-01-07,35.31,21.03,15.3,5.87,77.83
amazon_rainforest,2025-01-08,33.62,25.28,9.99,5.72,76.94
amazon_rainforest,2025-01-09,31.72,21.86,11.38,10.19,67.68
amazon_rainforest,2025-01-10,33.58,26.02,8.26,9.23,96.5
amazon_rainforest,2025-01-11,31.97,21.58,8.82,10.31,78.28
amazon_rainforest,2025-01-12,29.26,23.3,10.22,8.13,76.93
amazon_rainforest,2025-01-13,36.8,20.04,16.68,7.6,74.69
amazon_rainforest,2025-01-14,33.36,22.36,14.68,8.1,59.69
amazon_rainforest,2025-01-15,26.94,22.45,9.73,7.48,90.01
amazon_rainforest,2025-01-16,34.09,23.34,4.57,11.21,83.76
amazon_rainforest,2025-01-17,34.9,22.2,12.71,10.53,100.0
amazon_rainforest,2025-01-18,33.95,22.48,7.0,10.23,84.83
amazon_rainforest,2025-01-19,34.95,24.45,7.22,11.99,85.02
amazon_rainforest,2025-01-20,33.44,21.75,8.54,7.63,69.88
amazon_rainforest,2025-01-21,30.96,22.14,10.26,6.58,80.17
amazon_rainforest,2025-01-22,33.2,23.41,14.43,8.74,83.55
amazon_rainforest,2025-01-23,35.28,22.94,4.67,10.02,53.21
amazon_rainforest,2025-01-24,34.94,22.59,12.39,7.83,98.37
amazon_rainforest,2025-01-25,30.17,22.92,8.19,7.07,82.6
amazon_rainforest,2025-01-26,35.28,20.8,25.02,7.6,91.25
amazon_rainforest,2025-01-27,31.62,25.78,9.12,10.91,90.27
amazon_rainforest,2025-01-28,32.1,22.06,15.2,10.45,65.19
amazon_rainforest,2025-01-29,32.51,21.49,18.58,12.1,67.9
amazon_rainforest,2025-01-30,36.51,23.21,4.89,12.19,75.2
amazon_rainforest,2025-01-31,29.55,21.13,9.87,9.91,73.32
amazon_rainforest,2025-02-01,31.69,22.3,12.5,5.54,80.85
amazon_rainforest,2025-02-02,33.84,24.73,5.58,9.88,89.01
amazon_rainforest,2025-02-03,32.73,22.94,8.04,9.52,57.07
amazon_rainforest,2025-02-04,32.7,21.79,8.66,9.92,73.66
amazon_rainforest,2025-02-05,34.73,21.16,14.11,8.09,88.7
amazon_rainforest,2025-02-06,29.85,23.43,18.29,7.01,58.15
amazon_rainforest,2025-02-07,31.57,21.56,9.25,9.91,84.71
amazon_rainforest,2025-02-08,38.28,21.5,5.43,6.37,90.52
amazon_rainforest,2025-02-09,30.79,23.44,21.1,11.37,65.74
amazon_rainforest,2025-02-10,33.14,24.22,13.11,6.6,81.22
amazon_rainforest,2025-02-11,31.94,21.84,14.25,5.46,86.07
amazon_rainforest,2025-02-12,29.02,20.65,1.93,10.27,83.46
amazon_rainforest,2025-02-13,30.74,22.4,2.27,8.74,86.74
amazon_rainforest,2025-02-14,30.78,23.88,8.54,5.61,82.33
amazon_rainforest,2025-02-15,34.68,23.47,13.29,8.03,81.42
amazon_rainforest,2025-02-16,31.0,21.93,10.53,10.82,81.13
amazon_rainforest,2025-02-17,35.23,23.53,7.32,9.94,90.17
amazon_rainforest,2025-02-18,31.32,21.93,4.85,8.68,71.17
amazon_rainforest,2025-02-19,33.75,21.34,14.68,9.44,87.03
amazon_rainforest,2025-02-20,33.43,25.16,13.03,9.05,62.56
amazon_rainforest,2025-02-21,32.81,24.74,7.25,7.18,61.46
amazon_rainforest,2025-02-22,34.47,21.61,10.07,6.33,47.3
amazon_rainforest,2025-02-23,33.13,23.76,6.34,9.12,71.34
amazon_rainforest,2025-02-24,34.26,20.95,6.22,10.77,66.93
amazon_rainforest,2025-02-25,29.63,25.17,11.51,8.82,75.65
amazon_rainforest,2025-02-26,30.27,23.96,20.64,10.13,79.55
amazon_rainforest,2025-02-27,31.49,23.32,12.01,11.69,69.13
amazon_rainforest,2025-02-28,30.42,20.97,13.42,6.82,87.55
amazon_rainforest,2025-03-01,33.29,24.62,9.17,10.94,84.0
amazon_rainforest,2025-03-02,32.76,23.49,9.35,6.34,63.98
amazon_rainforest,2025-03-03,35.9,23.77,13.51,13.83,53.31
amazon_rainforest,2025-03-04,34.23,24.76,11.68,8.44,77.14
amazon_rainforest,2025-03-05,31.49,23.9,13.19,11.68,65.82
amazon_rainforest,2025-03-06,33.02,21.13,4.6,9.68,90.2
amazon_rainforest,2025-03-07,34.44,24.69,9.88,7.52,84.66
amazon_rainforest,2025-03-08,34.11,21.83,10.42,5.35,71.3
amazon_rainforest,2025-03-09,33.0,22.52,13.43,10.03,82.43
amazon_rainforest,2025-03-10,30.86,22.47,12.27,9.66,79.86
amazon_rainforest,2025-03-11,32.71,20.98,6.91,10.0,90.25
amazon_rainforest,2025-03-12,30.63,21.81,16.09,8.22,69.04
amazon_rainforest,2025-03-13,34.22,21.33,17.2,9.52,100.0
amazon_rainforest,2025-03-14,34.26,21.4,7.52,10.46,84.51
amazon_rainforest,2025-03-15,31.49,22.8,5.47,11.29,79.84
amazon_rainforest,2025-03-16,33.05,24.16,6.9,9.42,84.21
amazon_rainforest,2025-03-17,33.1,25.78,7.0,5.7,72.46
amazon_rainforest,2025-03-18,32.85,23.79,10.26,9.14,75.9
amazon_rainforest,2025-03-19,31.05,25.48,15.55,8.17,66.11
amazon_rainforest,2025-03-20,31.17,21.17,9.79,9.87,89.56
amazon_rainforest,2025-03-21,34.04,25.59,16.24,9.71,75.15
amazon_rainforest,2025-03-22,33.42,22.46,18.52,10.69,76.73
amazon_rainforest,2025-03-23,33.94,26.26,15.3,7.97,74.18
amazon_rainforest,2025-03-24,32.84,21.47,15.06,7.95,74.48
amazon_rainforest,2025-03-25,29.68,24.52,14.61,11.36,68.54
amazon_rainforest,2025-03-26,32.77,21.11,10.43,7.2,74.98
amazon_rainforest,2025-03-27,32.41,21.2,4.6,9.07,46.05
amazon_rainforest,2025-03-28,31.21,26.24,15.77,9.35,91.85
amazon_rainforest,2025-03-29,28.8,21.6,14.28,5.16,73.83
amazon_rainforest,2025-03-30,29.62,23.25,2.92,9.39,69.94
amazon_rainforest,2025-03-31,30.76,21.11,8.94,9.31,89.37
amazon_rainforest,2025-04-01,32.32,22.91,9.84,9.43,98.52
amazon_rainforest,2025-04-02,33.98,25.9,7.85,7.4,60.84
amazon_rainforest,2025-04-03,35.33,23.27,14.59,6.88,92.16
amazon_rainforest,2025-04-04,31.39,22.03,13.82,6.56,61.75
amazon_rainforest,2025-04-05,33.49,22.23,13.28,11.49,78.06
amazon_rainforest,2025-04-06,32.92,22.63,8.69,9.62,94.13
amazon_rainforest,2025-04-07,34.57,22.88,5.89,7.8,64.52
amazon_rainforest,2025-04-08,35.25,23.4,15.87,6.79,65.95
amazon_rainforest,2025-04-09,34.94,23.98,5.03,6.53,91.68
amazon_rainforest,2025-04-10,33.82,21.83,2.31,9.17,43.97
amazon_rainforest,2025-04-11,32.07,23.66,8.52,8.94,93.21
amazon_rainforest,2025-04-12,32.48,20.24,8.59,5.8,60.1
amazon_rainforest,2025-04-13,32.35,23.04,10.49,6.74,79.88
amazon_rainforest,2025-04-14,31.53,21.6,13.41,7.43,59.61
amazon_rainforest,2025-04-15,29.88,22.46,13.92,10.7,74.6
amazon_rainforest,2025-04-16,28.08,23.48,12.56,7.24,67.92
amazon_rainforest,2025-04-17,28.89,24.75,6.48,8.79,69.69
amazon_rainforest,2025-04-18,31.55,22.26,9.48,10.88,64.79
amazon_rainforest,2025-04-19,32.02,23.19,8.86,10.8,78.77
amazon_rainforest,2025-04-20,32.88,22.95,16.71,10.16,69.46
amazon_rainforest,2025-04-21,32.17,19.98,4.03,11.78,82.21
amazon_rainforest,2025-04-22,33.49,23.02,6.25,9.32,78.08
amazon_rainforest,2025-04-23,31.68,25.67,18.22,7.28,74.11
amazon_rainforest,2025-04-24,33.95,24.02,15.57,12.09,80.46
amazon_rainforest,2025-04-25,33.12,21.99,8.84,9.81,75.61
amazon_rainforest,2025-04-26,30.64,21.95,7.67,7.24,50.94
amazon_rainforest,2025-04-27,34.35,21.71,13.15,9.84,78.86
amazon_rainforest,2025-04-28,31.28,23.52,13.82,4.93,68.0
amazon_rainforest,2025-04-29,31.63,22.63,8.36,9.02,62.19
amazon_rainforest,2025-04-30,31.79,20.31,18.07,4.35,59.48
amazon_rainforest,2025-05-01,33.02,23.53,7.55,7.08,63.69
amazon_rainforest,2025-05-02,35.23,23.32,9.13,7.46,80.79
amazon_rainforest,2025-05-03,30.07,22.48,15.66,6.34,49.55
amazon_rainforest,2025-05-04,33.78,22.78,7.37,8.59,80.45
amazon_rainforest,2025-05-05,35.08,21.17,17.05,6.99,56.88
amazon_rainforest,2025-05-06,34.37,24.69,11.83,8.59,73.09
amazon_rainforest,2025-05-07,30.27,20.22,4.81,10.88,95.28
amazon_rainforest,2025-05-08,34.03,22.32,15.19,6.54,77.34
amazon_rainforest,2025-05-09,32.13,22.41,5.25,9.87,66.43
amazon_rainforest,2025-05-10,29.15,21.79,1.91,12.9,52.2
amazon_rainforest,2025-05-11,29.39,22.44,7.68,8.57,75.9
amazon_rainforest,2025-05-12,28.82,20.84,4.46,5.21,62.81
amazon_rainforest,2025-05-13,31.71,21.47,6.13,9.13,63.63
amazon_rainforest,2025-05-14,31.98,20.84,5.08,7.89,98.07
amazon_rainforest,2025-05-15,31.64,22.01,2.98,11.12,71.01
amazon_rainforest,2025-05-16,29.58,24.39,0.0,6.0,60.37
amazon_rainforest,2025-05-17,29.23,23.03,11.16,7.88,68.37
amazon_rainforest,2025-05-18,32.05,20.33,10.13,7.72,60.81
amazon_rainforest,2025-05-19,32.73,21.83,10.0,7.91,67.98
amazon_rainforest,2025-05-20,31.4,22.15,8.25,6.97,64.73
amazon_rainforest,2025-05-21,29.53,21.18,2.46,8.17,74.15
amazon_rainforest,2025-05-22,30.26,21.48,8.79,9.71,66.26
amazon_rainforest,2025-05-23,32.53,24.08,3.65,8.11,88.47
amazon_rainforest,2025-05-24,29.67,19.58,2.92,9.4,83.81
amazon_rainforest,2025-05-25,32.31,22.74,0.0,10.16,60.59
amazon_rainforest,2025-05-26,30.55,19.37,11.37,7.34,63.82
amazon_rainforest,2025-05-27,30.72,22.51,2.52,4.57,59.73
amazon_rainforest,2025-05-28,33.32,20.76,9.32,7.19,71.59
amazon_rainforest,2025-05-29,31.2,23.0,0.0,5.54,79.78
amazon_rainforest,2025-05-30,29.54,24.97,2.44,10.07,67.48
amazon_rainforest,2025-05-31,28.23,21.92,11.8,7.95,86.19
amazon_rainforest,2025-06-01,27.14,23.99,10.32,9.11,78.28
amazon_rainforest,2025-06-02,31.2,23.01,12.17,9.08,77.98
amazon_rainforest,2025-06-03,30.81,22.64,3.51,10.12,86.16
amazon_rainforest,2025-06-04,34.17,20.36,0.47,9.73,72.17
amazon_rainforest,2025-06-05,31.7,23.58,7.87,5.63,74.64
amazon_rainforest,2025-06-06,31.94,22.54,0.0,6.1,73.48
amazon_rainforest,2025-06-07,29.78,20.32,2.45,7.67,68.05
amazon_rainforest,2025-06-08,29.44,20.49,1.64,10.83,60.6
amazon_rainforest,2025-06-09,32.29,21.02,12.91,4.88,80.56
amazon_rainforest,2025-06-10,30.14,20.53,2.0,7.68,61.5
amazon_rainforest,2025-06-11,28.98,21.61,6.02,9.03,66.97
amazon_rainforest,2025-06-12,33.43,22.66,0.0,6.94,82.12
amazon_rainforest,2025-06-13,30.14,21.45,10.32,11.04,90.97
amazon_rainforest,2025-06-14,28.94,22.09,8.55,6.15,89.84
amazon_rainforest,2025-06-15,34.64,19.88,2.79,6.81,76.18
amazon_rainforest,2025-06-16,29.35,23.3,9.84,8.78,70.87
amazon_rainforest,2025-06-17,29.73,23.04,11.81,6.83,79.5
amazon_rainforest,2025-06-18,33.24,24.84,2.43,8.54,60.29
amazon_rainforest,2025-06-19,34.55,20.12,10.19,10.18,67.85
amazon_rainforest,2025-06-20,30.75,19.94,4.46,6.7,88.41
amazon_rainforest,2025-06-21,33.84,19.67,0.0,2.46,69.14
amazon_rainforest,2025-06-22,30.22,23.48,6.24,10.11,67.96
amazon_rainforest,2025-06-23,28.67,19.51,1.69,10.03,66.42
amazon_rainforest,2025-06-24,28.32,20.94,0.0,3.66,84.78
amazon_rainforest,2025-06-25,33.22,19.22,5.26,7.17,70.13
amazon_rainforest,2025-06-26,31.52,21.69,6.03,7.4,56.87
amazon_rainforest,2025-06-27,30.98,21.89,13.94,6.45,61.6
amazon_rainforest,2025-06-28,28.87,22.24,3.25,7.99,68.41
amazon_rainforest,2025-06-29,29.55,21.38,0.0,7.34,52.49
amazon_rainforest,2025-06-30,31.16,19.79,1.55,7.01,65.13
amazon_rainforest,2025-07-01,28.27,22.26,9.0,7.74,59.36
amazon_rainforest,2025-07-02,27.79,21.57,13.18,10.9,49.45
amazon_rainforest,2025-07-03,29.32,21.54,8.03,5.46,69.27
amazon_rainforest,2025-07-04,30.36,20.13,5.7,5.58,74.61
amazon_rainforest,2025-07-05,29.66,22.04,1.33,8.81,79.01
amazon_rainforest,2025-07-06,33.37,22.67,0.89,8.63,65.25
amazon_rainforest,2025-07-07,33.41,20.16,5.89,4.82,60.36
amazon_rainforest,2025-07-08,30.7,19.37,4.37,5.59,62.66
amazon_rainforest,2025-07-09,28.16,22.5,0.0,6.1,85.4
amazon_rainforest,2025-07-10,30.9,18.67,0.0,5.82,54.08
amazon_rainforest,2025-07-11,29.19,19.85,1.9,4.81,64.06
amazon_rainforest,2025-07-12,24.44,20.2,3.33,9.81,56.12
amazon_rainforest,2025-07-13,33.57,20.04,0.0,5.5,76.05
amazon_rainforest,2025-07-14,27.67,22.42,4.68,7.54,58.2
amazon_rainforest,2025-07-15,33.99,23.04,4.2,6.9,44.93
amazon_rainforest,2025-07-16,29.91,22.8,4.79,7.06,58.84
amazon_rainforest,2025-07-17,32.53,19.87,7.16,7.58,66.49
amazon_rainforest,2025-07-18,32.99,23.5,0.0,5.61,74.6
amazon_rainforest,2025-07-19,31.74,19.33,3.27,6.99,76.9
amazon_rainforest,2025-07-20,30.52,21.61,3.64,2.36,53.27
amazon_rainforest,2025-07-21,30.21,21.51,6.05,4.24,58.67
amazon_rainforest,2025-07-22,30.29,23.5,2.46,7.16,62.53
amazon_rainforest,2025-07-23,27.21,21.97,0.0,6.2,62.3
amazon_rainforest,2025-07-24,28.47,23.74,2.1,4.28,44.32
amazon_rainforest,2025-07-25,25.95,19.89,2.22,5.93,61.93
amazon_rainforest,2025-07-26,28.97,22.47,2.66,8.48,54.14
amazon_rainforest,2025-07-27,26.85,22.88,9.49,10.87,71.19
amazon_rainforest,2025-07-28,30.98,21.98,0.0,3.73,83.07
amazon_rainforest,2025-07-29,25.37,19.92,3.48,4.33,70.07
amazon_rainforest,2025-07-30,29.18,20.74,0.0,10.51,58.18
amazon_rainforest,2025-07-31,30.16,22.08,0.0,6.33,61.45
amazon_rainforest,2025-08-01,30.23,22.28,0.0,7.9,82.27
amazon_rainforest,2025-08-02,26.53,19.68,0.25,7.08,42.96
amazon_rainforest,2025-08-03,32.41,19.41,7.13,7.4,65.29
amazon_rainforest,2025-08-04,29.64,23.01,7.04,4.66,71.55
amazon_rainforest,2025-08-05,28.71,22.58,0.0,6.7,77.46
amazon_rainforest,2025-08-06,27.42,23.01,0.79,6.08,39.54
amazon_rainforest,2025-08-07,29.35,23.84,6.87,8.22,52.3
amazon_rainforest,2025-08-08,26.48,21.31,3.07,9.72,57.19
amazon_rainforest,2025-08-09,29.8,18.74,1.13,5.38,59.59
amazon_rainforest,2025-08-10,26.06,23.25,0.0,7.29,55.77
amazon_rainforest,2025-08-11,28.48,20.86,0.0,6.8,58.52
amazon_rainforest,2025-08-12,28.83,23.64,1.81,7.4,60.02
amazon_rainforest,2025-08-13,28.03,19.81,0.0,7.3,60.98
amazon_rainforest,2025-08-14,28.37,22.5,0.57,8.41,59.84
amazon_rainforest,2025-08-15,28.38,19.47,8.04,5.41,68.5
amazon_rainforest,2025-08-16,29.54,23.27,4.69,3.14,76.27
amazon_rainforest,2025-08-17,31.54,18.72,0.0,5.13,81.82
amazon_rainforest,2025-08-18,32.33,21.13,2.18,5.53,60.03
amazon_rainforest,2025-08-19,31.53,20.86,8.1,8.88,76.17
amazon_rainforest,2025-08-20,32.29,20.05,0.21,8.08,64.55
amazon_rainforest,2025-08-21,31.67,21.0,3.73,9.9,48.73
amazon_rainforest,2025-08-22,29.39,19.9,3.62,6.46,52.5
amazon_rainforest,2025-08-23,28.89,20.57,2.23,8.33,73.8
amazon_rainforest,2025-08-24,33.1,21.23,0.0,6.57,71.86
amazon_rainforest,2025-08-25,29.57,19.72,12.79,4.7,76.61
amazon_rainforest,2025-08-26,27.28,20.85,9.23,4.55,64.92
amazon_rainforest,2025-08-27,30.58,22.08,2.11,0.33,47.36
amazon_rainforest,2025-08-28,32.84,19.66,0.0,7.46,83.88
amazon_rainforest,2025-08-29,31.23,21.14,3.89,9.57,62.63
amazon_rainforest,2025-08-30,29.12,19.37,11.44,7.88,56.8
amazon_rainforest,2025-08-31,31.86,23.44,3.22,7.2,47.94
amazon_rainforest,2025-09-01,27.41,21.62,6.89,8.68,52.31
amazon_rainforest,2025-09-02,30.36,19.0,0.0,4.6,69.59
amazon_rainforest,2025-09-03,28.95,23.76,4.07,6.75,60.75
amazon_rainforest,2025-09-04,28.16,21.55,9.45,5.98,39.38
amazon_rainforest,2025-09-05,27.95,19.69,6.75,7.61,54.05
amazon_rainforest,2025-09-06,29.91,24.67,8.17,5.59,51.21
amazon_rainforest,2025-09-07,29.51,20.78,0.67,10.1,53.67
amazon_rainforest,2025-09-08,31.55,18.59,0.0,9.41,63.77
amazon_rainforest,2025-09-09,27.52,22.87,6.82,3.46,41.35
amazon_rainforest,2025-09-10,35.16,21.47,0.0,10.77,62.89
amazon_rainforest,2025-09-11,30.05,23.07,9.19,6.99,90.8
amazon_rainforest,2025-09-12,30.29,21.22,6.77,6.79,53.12
amazon_rainforest,2025-09-13,31.17,19.97,11.4,7.76,77.71
amazon_rainforest,2025-09-14,26.5,19.24,0.0,8.3,55.7
amazon_rainforest,2025-09-15,33.69,19.87,0.0,3.87,46.48
amazon_rainforest,2025-09-16,28.25,19.99,5.22,8.4,33.19
amazon_rainforest,2025-09-17,31.52,18.62,3.14,5.84,75.15
amazon_rainforest,2025-09-18,30.6,19.9,0.0,10.95,65.97
amazon_rainforest,2025-09-19,28.92,20.78,5.86,2.2,30.77
amazon_rainforest,2025-09-20,31.14,20.61,10.65,6.1,62.73
amazon_rainforest,2025-09-21,29.31,16.25,10.82,5.21,43.81
amazon_rainforest,2025-09-22,30.41,19.41,1.5,7.02,89.02
amazon_rainforest,2025-09-23,31.0,20.83,0.0,6.15,62.31
amazon_rainforest,2025-09-24,29.7,20.06,0.0,5.68,57.82
amazon_rainforest,2025-09-25,30.27,21.87,0.0,3.26,57.72
amazon_rainforest,2025-09-26,28.52,20.22,0.0,5.79,67.0
amazon_rainforest,2025-09-27,27.88,20.93,3.22,8.21,58.02
amazon_rainforest,2025-09-28,31.51,21.69,0.0,7.46,49.44
amazon_rainforest,2025-09-29,28.11,22.57,0.0,6.37,69.15
amazon_rainforest,2025-09-30,32.74,21.22,0.0,5.33,51.92
amazon_rainforest,2025-10-01,27.91,18.52,9.57,5.27,73.95
amazon_rainforest,2025-10-02,29.79,23.22,5.91,4.81,78.34
amazon_rainforest,2025-10-03,31.03,22.65,0.0,5.79,58.83
amazon_rainforest,2025-10-04,32.07,19.63,4.96,7.41,42.9
amazon_rainforest,2025-10-05,30.15,21.57,2.4,7.25,59.68
amazon_rainforest,2025-10-06,33.96,19.78,1.02,5.42,62.97
amazon_rainforest,2025-10-07,26.57,20.42,0.92,4.15,46.45
amazon_rainforest,2025-10-08,25.48,22.26,9.26,9.82,38.78
amazon_rainforest,2025-10-09,26.8,21.51,0.0,5.91,39.31
amazon_rainforest,2025-10-10,26.75,21.72,3.56,4.98,77.67
amazon_rainforest,2025-10-11,27.33,21.89,0.31,7.18,73.53
amazon_rainforest,2025-10-12,28.75,23.36,0.0,6.1,47.78
amazon_rainforest,2025-10-13,28.84,22.26,7.89,9.32,76.66
amazon_rainforest,2025-10-14,29.05,21.32,9.17,5.44,66.47
amazon_rainforest,2025-10-15,27.5,20.79,3.28,4.69,68.61
amazon_rainforest,2025-10-16,29.95,21.06,7.4,6.86,18.46
amazon_rainforest,2025-10-17,31.53,20.82,0.47,6.67,55.32
amazon_rainforest,2025-10-18,29.01,21.45,6.76,5.75,77.46
amazon_rainforest,2025-10-19,29.43,19.37,2.91,6.11,37.35
amazon_rainforest,2025-10-20,31.97,21.39,0.0,8.08,84.39
amazon_rainforest,2025-10-21,31.68,23.23,2.55,9.41,73.01
amazon_rainforest,2025-10-22,29.1,21.43,3.22,4.57,61.9
amazon_rainforest,2025-10-23,32.49,21.31,5.7,6.57,52.6
amazon_rainforest,2025-10-24,29.47,18.84,0.0,8.39,74.43
amazon_rainforest,2025-10-25,31.36,19.31,1.34,9.05,68.71
amazon_rainforest,2025-10-26,27.77,19.49,9.56,9.62,61.17
amazon_rainforest,2025-10-27,28.59,20.92,3.02,4.46,72.0
amazon_rainforest,2025-10-28,27.73,20.86,0.0,6.72,52.16
amazon_rainforest,2025-10-29,30.11,20.71,8.74,7.96,58.25
amazon_rainforest,2025-10-30,29.21,21.56,6.67,5.05,61.4
amazon_rainforest,2025-10-31,28.68,23.24,0.0,7.31,58.4
amazon_rainforest,2025-11-01,30.78,22.47,0.0,3.89,66.87
amazon_rainforest,2025-11-02,32.17,24.01,7.5,5.28,63.93
amazon_rainforest,2025-11-03,30.0,19.13,2.17,3.9,73.41
amazon_rainforest,2025-11-04,30.78,21.9,0.0,5.86,70.68
amazon_rainforest,2025-11-05,30.2,21.16,0.0,1.87,79.46
amazon_rainforest,2025-11-06,28.46,22.54,2.34,8.94,47.04
amazon_rainforest,2025-11-07,29.49,20.54,13.27,7.84,79.65
amazon_rainforest,2025-11-08,33.21,21.82,7.95,7.13,60.32
amazon_rainforest,2025-11-09,29.7,20.93,0.0,5.32,57.52
amazon_rainforest,2025-11-10,34.45,22.3,0.9,3.21,57.47
amazon_rainforest,2025-11-11,29.53,23.54,11.76,8.19,56.04
amazon_rainforest,2025-11-12,29.11,18.67,0.0,5.47,59.09
amazon_rainforest,2025-11-13,34.74,21.11,8.32,7.1,71.36
amazon_rainforest,2025-11-14,33.35,24.3,0.48,9.03,85.11
amazon_rainforest,2025-11-15,29.46,23.23,2.94,4.01,72.16
amazon_rainforest,2025-11-16,30.32,22.61,0.0,7.81,57.79
amazon_rainforest,2025-11-17,26.35,20.49,3.59,7.61,51.47
amazon_rainforest,2025-11-18,32.04,20.68,3.58,14.72,63.08
amazon_rainforest,2025-11-19,29.58,22.01,3.25,6.59,66.25
amazon_rainforest,2025-11-20,30.52,21.64,15.19,3.49,58.98
amazon_rainforest,2025-11-21,28.37,20.11,9.51,6.42,66.02
amazon_rainforest,2025-11-22,33.16,21.14,1.11,4.32,65.11
amazon_rainforest,2025-11-23,29.37,25.49,0.62,10.55,85.55
amazon_rainforest,2025-11-24,31.6,22.51,9.67,11.0,49.63
amazon_rainforest,2025-11-25,30.6,19.6,0.1,7.33,69.71
amazon_rainforest,2025-11-26,33.88,24.46,3.43,8.93,66.82
amazon_rainforest,2025-11-27,32.57,21.06,10.93,8.29,74.31
amazon_rainforest,2025-11-28,31.15,24.73,3.72,7.57,74.79
amazon_rainforest,2025-11-29,30.54,23.41,2.47,5.38,85.27
amazon_rainforest,2025-11-30,28.8,17.61,2.52,9.26,69.0
amazon_rainforest,2025-12-01,27.65,18.89,1.69,8.35,64.68
amazon_rainforest,2025-12-02,28.37,22.0,11.46,12.95,74.27
amazon_rainforest,2025-12-03,31.67,22.74,7.15,7.93,46.35
amazon_rainforest,2025-12-04,32.71,22.99,4.9,9.01,70.62
amazon_rainforest,2025-12-05,33.41,23.6,5.55,8.51,74.01
amazon_rainforest,2025-12-06,31.08,21.84,10.01,7.14,71.62
amazon_rainforest,2025-12-07,31.28,19.9,4.01,8.52,65.16
amazon_rainforest,2025-12-08,30.25,21.56,6.59,7.81,74.47
amazon_rainforest,2025-12-09,30.46,19.26,2.01,5.75,73.53
amazon_rainforest,2025-12-10,32.58,21.64,14.6,10.35,78.27
amazon_rainforest,2025-12-11,29.84,24.0,8.95,7.13,77.15
amazon_rainforest,2025-12-12,31.73,24.47,0.45,9.94,74.32
amazon_rainforest,2025-12-13,31.6,21.5,4.1,8.35,72.77
amazon_rainforest,2025-12-14,31.29,22.85,3.83,9.08,66.57
amazon_rainforest,2025-12-15,31.23,20.17,6.15,8.7,77.88
amazon_rainforest,2025-12-16,33.63,23.68,16.38,11.24,95.42
amazon_rainforest,2025-12-17,32.5,21.13,4.97,11.02,84.16
amazon_rainforest,2025-12-18,32.14,21.69,6.4,8.58,67.15
amazon_rainforest,2025-12-19,32.88,23.31,3.73,10.34,59.92
amazon_rainforest,2025-12-20,30.63,21.69,8.17,8.71,76.71
amazon_rainforest,2025-12-21,33.7,23.06,4.08,9.19,83.92
amazon_rainforest,2025-12-22,33.72,21.83,3.83,12.51,69.45
amazon_rainforest,2025-12-23,30.63,23.01,5.2,8.18,70.81
amazon_rainforest,2025-12-24,31.79,22.39,8.15,10.66,68.34
amazon_rainforest,2025-12-25,31.18,24.12,6.89,9.64,98.64
amazon_rainforest,2025-12-26,33.02,21.28,7.58,8.53,75.45
amazon_rainforest,2025-12-27,32.45,23.58,12.14,9.16,82.61
amazon_rainforest,2025-12-28,29.67,22.42,1.73,9.19,61.08
amazon_rainforest,2025-12-29,31.47,23.11,8.87,9.24,70.24
amazon_rainforest,2025-12-30,34.5,21.42,13.96,9.51,99.47
amazon_rainforest,2025-12-31,31.17,24.84,13.73,9.1,73.35
amazon_rainforest,2026-01-01,33.73,23.29,9.08,9.48,82.75
amazon_rainforest,2026-01-02,35.03,20.64,11.57,10.81,59.85
amazon_rainforest,2026-01-03,31.82,23.91,14.56,10.91,74.63
amazon_rainforest,2026-01-04,34.5,25.5,4.61,10.13,50.41
amazon_rainforest,2026-01-05,29.71,21.13,6.66,12.35,68.51
amazon_rainforest,2026-01-06,32.32,21.16,5.67,8.28,74.45
amazon_rainforest,2026-01-07,32.78,24.77,7.54,6.73,86.97
amazon_rainforest,2026-01-08,30.91,21.64,4.52,9.14,72.95
amazon_rainforest,2026-01-09,31.13,24.08,6.58,7.63,74.08
amazon_rainforest,2026-01-10,33.06,23.01,11.49,11.59,63.88
amazon_rainforest,2026-01-11,32.35,21.98,6.95,3.63,73.39
amazon_rainforest,2026-01-12,32.98,22.75,9.69,7.98,84.29
amazon_rainforest,2026-01-13,37.67,24.36,5.22,5.38,44.12
amazon_rainforest,2026-01-14,31.7,23.36,13.06,9.44,85.83
amazon_rainforest,2026-01-15,29.5,21.26,1.45,6.79,71.21
amazon_rainforest,2026-01-16,30.56,22.17,8.05,9.19,73.63
amazon_rainforest,2026-01-17,31.97,24.21,14.03,12.21,70.63
amazon_rainforest,2026-01-18,29.28,25.41,7.68,8.93,68.28
amazon_rainforest,2026-01-19,32.62,23.87,5.12,11.25,61.37
amazon_rainforest,2026-01-20,35.08,26.38,15.0,11.32,65.28
amazon_rainforest,2026-01-21,35.47,22.45,5.79,10.97,62.84
amazon_rainforest,2026-01-22,32.26,23.89,8.07,5.77,83.57
amazon_rainforest,2026-01-23,33.35,23.28,7.87,12.07,94.04
amazon_rainforest,2026-01-24,34.15,25.67,7.22,8.64,71.55
amazon_rainforest,2026-01-25,37.79,22.91,15.29,10.45,69.7
amazon_rainforest,2026-01-26,32.41,24.56,2.19,9.62,74.94
amazon_rainforest,2026-01-27,30.51,22.73,6.36,7.69,63.0
amazon_rainforest,2026-01-28,31.63,21.82,9.22,7.41,81.05
amazon_rainforest,2026-01-29,30.73,25.51,12.42,13.89,75.21
amazon_rainforest,2026-01-30,33.07,22.69,4.18,7.21,50.99
amazon_rainforest,2026-01-31,33.86,23.17,13.05,9.38,83.65
amazon_rainforest,2026-02-01,32.42,21.54,12.03,13.09,60.91
amazon_rainforest,2026-02-02,30.82,24.34,3.28,8.3,74.25
amazon_rainforest,2026-02-03,31.12,21.01,7.06,12.34,72.34
amazon_rainforest,2026-02-04,34.23,21.07,8.78,10.55,85.43
amazon_rainforest,2026-02-05,31.34,24.7,15.72,12.27,71.07
amazon_rainforest,2026-02-06,37.52,23.03,16.5,12.98,93.75
amazon_rainforest,2026-02-07,30.46,22.39,14.01,9.44,90.6
amazon_rainforest,2026-02-08,30.36,21.24,7.45,4.95,76.45
amazon_rainforest,2026-02-09,30.54,23.77,11.46,5.39,100.0
amazon_rainforest,2026-02-10,34.89,24.29,11.67,9.74,72.5
amazon_rainforest,2026-02-11,31.88,23.63,4.4,8.07,68.21
amazon_rainforest,2026-02-12,31.69,20.34,9.42,8.82,99.34
amazon_rainforest,2026-02-13,36.11,24.7,17.89,11.21,87.28
amazon_rainforest,2026-02-14,27.3,23.49,4.75,6.14,88.42
amazon_rainforest,2026-02-15,33.07,22.28,11.97,8.73,86.84
amazon_rainforest,2026-02-16,31.93,23.17,10.51,5.83,87.22
amazon_rainforest,2026-02-17,37.47,21.37,5.9,5.83,80.7
amazon_rainforest,2026-02-18,31.49,23.92,14.03,11.25,68.2
amazon_rainforest,2026-02-19,30.93,22.67,7.7,10.2,59.88
amazon_rainforest,2026-02-20,33.85,24.26,16.49,6.02,72.17
amazon_rainforest,2026-02-21,33.15,23.67,21.99,10.63,80.89
amazon_rainforest,2026-02-22,33.66,23.45,10.76,3.91,91.23
amazon_rainforest,2026-02-23,31.7,23.87,19.57,8.0,72.67
amazon_rainforest,2026-02-24,31.29,24.28,11.1,12.03,56.88
amazon_rainforest,2026-02-25,30.64,21.19,0.0,6.9,94.72
amazon_rainforest,2026-02-26,33.04,24.53,9.0,10.13,92.77
amazon_rainforest,2026-02-27,32.86,20.35,10.21,10.59,73.43
amazon_rainforest,2026-02-28,33.22,22.8,19.3,8.27,81.96
amazon_rainforest,2026-03-01,37.41,25.1,11.05,8.52,73.0
amazon_rainforest,2026-03-02,35.61,23.34,0.0,7.47,64.32
amazon_rainforest,2026-03-03,32.42,22.63,12.66,11.26,76.3
amazon_rainforest,2026-03-04,31.59,22.3,11.01,7.99,58.94
amazon_rainforest,2026-03-05,34.99,21.34,9.58,8.11,80.26
amazon_rainforest,2026-03-06,34.02,25.68,10.46,7.49,82.14
amazon_rainforest,2026-03-07,33.15,20.76,16.24,14.75,67.75
amazon_rainforest,2026-03-08,33.87,21.23,11.26,12.75,88.48
amazon_rainforest,2026-03-09,30.52,20.45,11.42,10.34,60.76
amazon_rainforest,2026-03-10,34.15,25.39,7.94,9.95,64.14
amazon_rainforest,2026-03-11,31.41,22.61,4.11,12.34,86.85
amazon_rainforest,2026-03-12,32.23,23.99,11.37,8.01,82.71
amazon_rainforest,2026-03-13,33.97,23.91,7.6,7.42,71.31
amazon_rainforest,2026-03-14,34.32,23.82,11.13,11.8,79.06
amazon_rainforest,2026-03-15,28.28,23.19,0.28,13.31,71.41
amazon_rainforest,2026-03-16,35.67,23.27,10.89,8.18,70.83
amazon_rainforest,2026-03-17,34.37,24.9,10.05,10.14,80.82
amazon_rainforest,2026-03-18,30.82,23.01,10.62,10.66,74.72
amazon_rainforest,2026-03-19,31.64,21.99,11.45,9.81,72.35
amazon_rainforest,2026-03-20,32.9,24.85,12.66,10.35,72.87
amazon_rainforest,2026-03-21,31.7,23.7,13.03,9.17,100.0
amazon_rainforest,2026-03-22,29.84,19.66,9.27,4.25,85.72
amazon_rainforest,2026-03-23,30.68,22.25,14.88,9.22,70.86
amazon_rainforest,2026-03-24,33.77,22.62,9.75,10.96,65.17
amazon_rainforest,2026-03-25,30.31,25.11,3.36,10.42,76.07
amazon_rainforest,2026-03-26,32.29,23.01,13.61,8.49,56.59
amazon_rainforest,2026-03-27,33.3,21.82,9.07,11.4,92.9
amazon_rainforest,2026-03-28,32.92,21.3,8.17,9.38,69.01
amazon_rainforest,2026-03-29,31.66,22.94,17.37,10.14,75.84
amazon_rainforest,2026-03-30,31.14,24.36,8.85,8.12,88.25
amazon_rainforest,2026-03-31,30.13,25.52,11.37,8.52,95.38
amazon_rainforest,2026-04-01,33.03,20.84,15.09,9.84,69.06
amazon_rainforest,2026-04-02,30.52,23.16,7.2,9.39,84.86
amazon_rainforest,2026-04-03,36.42,22.23,13.49,8.64,100.0
amazon_rainforest,2026-04-04,31.79,22.68,10.61,8.28,57.69
amazon_rainforest,2026-04-05,32.77,21.71,16.25,4.62,67.54
amazon_rainforest,2026-04-06,30.92,20.63,6.85,6.77,80.08
amazon_rainforest,2026-04-07,33.53,23.38,6.43,8.95,65.99
amazon_rainforest,2026-04-08,28.39,22.23,11.02,8.93,69.72
amazon_rainforest,2026-04-09,33.03,23.98,4.66,9.91,83.21
amazon_rainforest,2026-04-10,31.69,22.95,15.73,11.69,92.84
amazon_rainforest,2026-04-11,37.66,25.23,8.02,8.15,91.17
amazon_rainforest,2026-04-12,32.03,24.68,18.0,6.65,66.59
amazon_rainforest,2026-04-13,30.53,25.8,4.35,12.07,73.71
amazon_rainforest,2026-04-14,34.01,21.41,14.49,9.97,62.76
amazon_rainforest,2026-04-15,32.45,24.66,7.97,7.94,95.4
amazon_rainforest,2026-04-16,29.23,22.91,6.16,5.53,80.75
amazon_rainforest,2026-04-17,35.41,23.58,11.33,13.79,74.08
amazon_rainforest,2026-04-18,29.53,22.72,9.75,8.54,75.45
amazon_rainforest,2026-04-19,31.2,22.95,11.8,9.78,73.35
amazon_rainforest,2026-04-20,32.63,22.12,5.42,7.1,68.81
amazon_rainforest,2026-04-21,32.19,24.59,1.13,6.78,71.85
amazon_rainforest,2026-04-22,33.69,21.47,12.06,11.43,68.32
amazon_rainforest,2026-04-23,29.29,22.68,5.4,7.99,80.94
amazon_rainforest,2026-04-24,31.54,23.68,8.95,7.76,60.8
amazon_rainforest,2026-04-25,30.23,22.11,11.7,8.96,77.97
amazon_rainforest,2026-04-26,33.14,24.1,9.35,8.93,53.35
amazon_rainforest,2026-04-27,33.75,22.08,7.51,10.95,82.27
amazon_rainforest,2026-04-28,31.18,22.3,5.65,8.57,61.64
amazon_rainforest,2026-04-29,31.55,24.44,13.84,9.99,67.42
amazon_rainforest,2026-04-30,30.76,21.84,12.15,7.41,70.48
amazon_rainforest,2026-05-01,29.62,24.1,14.0,6.85,68.75
amazon_rainforest,2026-05-02,32.98,23.55,2.61,6.86,100.0
amazon_rainforest,2026-05-03,29.79,25.56,4.86,7.19,63.67
amazon_rainforest,2026-05-04,31.65,21.68,6.11,12.0,71.47
amazon_rainforest,2026-05-05,32.9,22.03,9.69,7.55,58.46
amazon_rainforest,2026-05-06,28.65,22.89,16.29,7.52,95.47
amazon_rainforest,2026-05-07,31.94,22.02,8.11,10.1,71.15
amazon_rainforest,2026-05-08,29.46,23.11,5.61,9.99,57.97
amazon_rainforest,2026-05-09,32.32,22.67,8.93,6.37,91.3
amazon_rainforest,2026-05-10,31.68,20.61,0.79,8.1,80.46
amazon_rainforest,2026-05-11,30.1,21.24,0.0,3.52,72.36
amazon_rainforest,2026-05-12,32.08,24.96,1.54,9.52,72.41
amazon_rainforest,2026-05-13,32.5,21.73,5.31,9.81,73.0
amazon_rainforest,2026-05-14,29.01,22.98,9.46,9.72,85.32
amazon_rainforest,2026-05-15,31.64,21.39,12.82,12.44,87.36
amazon_rainforest,2026-05-16,30.01,21.18,13.8,9.31,41.65
amazon_rainforest,2026-05-17,32.83,23.91,11.6,8.54,64.45
amazon_rainforest,2026-05-18,26.8,22.66,0.48,8.69,72.28
amazon_rainforest,2026-05-19,32.18,20.86,5.86,7.13,62.48
amazon_rainforest,2026-05-20,28.68,22.54,13.95,12.46,61.02
amazon_rainforest,2026-05-21,30.34,22.82,0.0,11.84,77.39
amazon_rainforest,2026-05-22,33.98,24.76,6.76,7.13,89.75
amazon_rainforest,2026-05-23,28.22,19.14,6.75,5.9,71.25
amazon_rainforest,2026-05-24,31.64,23.8,10.55,8.33,66.88
amazon_rainforest,2026-05-25,29.08,21.58,0.0,8.07,55.92
amazon_rainforest,2026-05-26,33.83,25.07,9.43,8.27,88.59
amazon_rainforest,2026-05-27,31.86,24.58,0.24,8.52,75.16
amazon_rainforest,2026-05-28,36.37,24.83,10.59,4.63,73.44
amazon_rainforest,2026-05-29,31.35,21.47,0.0,7.59,73.12
amazon_rainforest,2026-05-30,32.81,20.16,6.65,8.31,82.14
amazon_rainforest,2026-05-31,30.74,22.06,0.0,5.97,65.85
amazon_rainforest,2026-06-01,34.77,20.71,0.77,10.45,77.7
amazon_rainforest,2026-06-02,31.15,21.92,8.23,6.79,66.03
amazon_rainforest,2026-06-03,33.59,20.03,2.39,7.41,61.46
amazon_rainforest,2026-06-04,27.38,21.37,8.7,11.34,58.75
amazon_rainforest,2026-06-05,31.05,24.09,7.14,4.58,57.1
amazon_rainforest,2026-06-06,29.94,22.31,4.75,7.66,49.13
amazon_rainforest,2026-06-07,32.31,20.33,0.0,5.8,88.34
amazon_rainforest,2026-06-08,33.27,22.78,6.18,8.55,82.18
amazon_rainforest,2026-06-09,34.59,20.93,8.82,8.69,65.19
amazon_rainforest,2026-06-10,28.4,23.63,7.76,7.84,68.45
amazon_rainforest,2026-06-11,33.1,23.3,0.9,5.88,69.67
amazon_rainforest,2026-06-12,30.1,22.81,6.23,5.87,75.8
amazon_rainforest,2026-06-13,33.3,24.42,3.99,6.52,80.19
amazon_rainforest,2026-06-14,30.76,21.5,5.61,5.65,75.4
amazon_rainforest,2026-06-15,33.79,24.74,10.89,8.54,55.09
amazon_rainforest,2026-06-16,29.31,22.5,6.14,6.47,63.78
amazon_rainforest,2026-06-17,32.52,22.94,2.05,7.87,62.59
amazon_rainforest,2026-06-18,28.11,18.48,7.26,6.45,25.71
amazon_rainforest,2026-06-19,28.0,21.49,4.99,9.99,69.06
amazon_rainforest,2026-06-20,28.14,21.31,9.44,9.45,36.8
amazon_rainforest,2026-06-21,30.15,19.97,0.0,7.31,85.87
amazon_rainforest,2026-06-22,30.03,20.25,0.0,8.39,49.36
amazon_rainforest,2026-06-23,31.39,23.46,3.02,9.38,65.94
amazon_rainforest,2026-06-24,30.99,22.6,0.0,7.39,82.29
amazon_rainforest,2026-06-25,30.05,22.65,1.97,5.92,55.09
amazon_rainforest,2026-06-26,31.07,24.74,4.97,8.67,69.7
amazon_rainforest,2026-06-27,29.83,22.35,9.42,7.07,53.83
amazon_rainforest,2026-06-28,31.52,23.66,2.03,4.04,63.25
amazon_rainforest,2026-06-29,28.43,22.01,8.12,6.43,57.46
amazon_rainforest,2026-06-30,31.29,20.62,4.81,9.63,73.34
amazon_rainforest,2026-07-01,26.99,21.54,2.99,7.53,69.48
amazon_rainforest,2026-07-02,33.39,22.53,0.0,3.71,71.41
amazon_rainforest,2026-07-03,28.09,19.13,0.59,5.86,66.31
amazon_rainforest,2026-07-04,27.9,21.86,0.75,6.32,57.32
amazon_rainforest,2026-07-05,33.09,22.2,1.82,5.04,72.04
amazon_rainforest,2026-07-06,29.07,20.37,0.65,4.34,68.88
amazon_rainforest,2026-07-07,32.83,19.42,7.49,3.07,50.08
amazon_rainforest,2026-07-08,30.22,22.23,2.49,6.8,74.95
amazon_rainforest,2026-07-09,26.83,21.57,11.3,7.78,73.52
amazon_rainforest,2026-07-10,29.59,23.18,0.0,2.55,76.44
amazon_rainforest,2026-07-11,25.37,21.62,6.99,10.95,69.97
amazon_rainforest,2026-07-12,30.93,18.09,0.0,4.86,53.75
amazon_rainforest,2026-07-13,31.74,21.38,1.64,7.68,64.93
amazon_rainforest,2026-07-14,31.14,22.49,1.63,7.95,48.19
amazon_rainforest,2026-07-15,28.49,19.33,1.72,4.1,71.94
amazon_rainforest,2026-07-16,30.33,18.89,8.07,6.41,79.45
amazon_rainforest,2026-07-17,27.22,22.3,3.14,8.84,88.93
amazon_rainforest,2026-07-18,30.96,22.94,10.96,4.63,59.23
amazon_rainforest,2026-07-19,31.1,20.9,8.83,9.51,42.36
amazon_rainforest,2026-07-20,28.6,21.82,2.09,1.52,54.43
amazon_rainforest,2026-07-21,28.31,19.83,7.38,6.79,54.47
amazon_rainforest,2026-07-22,27.8,20.39,0.0,7.92,56.31
amazon_rainforest,2026-07-23,32.89,21.91,1.98,5.8,84.5
amazon_rainforest,2026-07-24,28.31,21.49,1.49,8.42,66.11
amazon_rainforest,2026-07-25,32.18,21.78,4.37,5.56,80.47
amazon_rainforest,2026-07-26,29.44,21.91,5.19,6.9,74.51
amazon_rainforest,2026-07-27,26.9,24.69,0.0,8.46,73.23
amazon_rainforest,2026-07-28,28.34,16.85,4.08,4.15,69.71
amazon_rainforest,2026-07-29,29.33,22.12,8.24,7.66,57.54
amazon_rainforest,2026-07-30,28.46,20.32,5.48,5.59,69.7
amazon_rainforest,2026-07-31,31.11,19.9,3.84,8.0,88.64
amazon_rainforest,2026-08-01,28.7,21.76,6.22,4.89,64.23
amazon_rainforest,2026-08-02,29.84,21.51,0.0,8.62,67.37
amazon_rainforest,2026-08-03,29.04,22.31,0.0,-0.17,52.2
amazon_rainforest,2026-08-04,28.99,21.28,9.7,4.55,59.29
amazon_rainforest,2026-08-05,28.49,19.83,4.77,10.63,57.66
amazon_rainforest,2026-08-06,28.92,19.23,3.17,7.72,83.29
amazon_rainforest,2026-08-07,32.2,20.21,2.35,4.59,60.78
amazon_rainforest,2026-08-08,29.33,22.13,1.53,4.4,65.5
amazon_rainforest,2026-08-09,30.58,22.55,3.73,5.55,82.12
amazon_rainforest,2026-08-10,30.89,18.44,2.99,6.26,71.35
amazon_rainforest,2026-08-11,27.55,20.68,0.0,6.08,64.49
amazon_rainforest,2026-08-12,27.29,20.57,2.74,8.95,65.92
amazon_rainforest,2026-08-13,26.58,21.5,2.62,10.74,64.19
amazon_rainforest,2026-08-14,27.92,20.02,0.0,6.25,75.62
amazon_rainforest,2026-08-15,30.81,18.78,6.78,7.15,57.43
amazon_rainforest,2026-08-16,25.95,20.46,0.0,5.86,59.75
amazon_rainforest,2026-08-17,30.32,22.86,0.0,4.56,56.53
amazon_rainforest,2026-08-18,27.71,17.83,0.0,7.92,75.77
amazon_rainforest,2026-08-19,30.59,19.25,0.0,6.66,77.02
amazon_rainforest,2026-08-20,28.32,20.83,0.85,8.99,63.23
amazon_rainforest,2026-08-21,30.44,20.11,0.0,5.09,65.45
amazon_rainforest,2026-08-22,30.77,19.28,4.36,6.44,81.76
amazon_rainforest,2026-08-23,27.88,19.94,0.98,3.57,69.96
amazon_rainforest,2026-08-24,28.69,21.48,0.0,6.49,53.08
amazon_rainforest,2026-08-25,28.27,21.36,0.0,7.11,54.24
amazon_rainforest,2026-08-26,29.1,22.29,0.0,5.21,65.66
amazon_rainforest,2026-08-27,29.15,21.95,6.14,6.67,79.43
amazon_rainforest,2026-08-28,30.46,18.93,6.38,7.09,68.83
amazon_rainforest,2026-08-29,34.0,21.81,3.24,2.88,55.87
amazon_rainforest,2026-08-30,32.02,22.01,4.78,3.91,76.77
amazon_rainforest,2026-08-31,26.61,20.25,1.89,6.24,56.38
amazon_rainforest,2026-09-01,27.28,22.85,2.73,5.4,62.03
amazon_rainforest,2026-09-02,30.46,20.05,0.0,8.56,91.67
amazon_rainforest,2026-09-03,27.73,22.59,0.0,7.34,56.59
amazon_rainforest,2026-09-04,28.1,21.89,4.99,6.83,63.95
amazon_rainforest,2026-09-05,27.2,20.74,0.0,7.78,66.54
amazon_rainforest,2026-09-06,29.12,19.52,2.17,7.87,47.98
amazon_rainforest,2026-09-07,26.81,20.15,0.0,5.17,74.61
amazon_rainforest,2026-09-08,31.7,20.01,0.0,7.66,63.02
amazon_rainforest,2026-09-09,31.04,23.73,6.67,9.98,66.98
amazon_rainforest,2026-09-10,26.26,22.64,4.0,8.06,62.17
amazon_rainforest,2026-09-11,30.74,22.52,2.81,5.86,48.87
amazon_rainforest,2026-09-12,30.59,21.51,0.0,2.65,72.15
amazon_rainforest,2026-09-13,30.34,20.29,1.63,3.74,78.2
amazon_rainforest,2026-09-14,29.81,22.13,0.17,6.85,49.51
amazon_rainforest,2026-09-15,29.6,19.65,0.0,4.78,63.9
amazon_rainforest,2026-09-16,30.33,23.32,4.15,4.07,75.52
amazon_rainforest,2026-09-17,27.37,18.76,3.83,8.15,59.62
