area_id,date,temperature_2m_max,temperature_2m_min,precipitation_sum,windspeed_10m_max,cloudcover_mean
brisbane_urban,2018-02-01,24.5,20.3,1.0,19.4,97
brisbane_urban,2018-02-02,20.3,18.1,7.7,11.9,100
brisbane_urban,2018-02-03,20.2,17.9,13.9,14.2,99
brisbane_urban,2018-02-04,26.1,17.1,0.9,22.7,38
brisbane_urban,2018-02-05,27.2,17.3,0.0,16.6,41
brisbane_urban,2018-02-06,27.9,17.5,0.3,18.4,22
brisbane_urban,2018-02-07,27.4,17.2,0.0,19.5,17
brisbane_urban,2018-02-08,27.3,17.0,0.0,18.9,23
brisbane_urban,2018-02-09,29.7,16.8,0.0,15.3,7
brisbane_urban,2018-02-10,32.1,17.7,0.0,14.8,26
brisbane_urban,2018-02-11,32.6,19.8,0.0,13.8,31
brisbane_urban,2018-02-12,32.8,21.1,0.0,12.7,12
brisbane_urban,2018-02-13,33.6,24.2,0.0,16.3,49
brisbane_urban,2018-02-14,34.6,23.0,0.0,15.3,46
brisbane_urban,2018-02-15,34.8,25.0,1.3,15.0,62
brisbane_urban,2018-02-16,33.2,24.4,4.4,17.4,54
brisbane_urban,2018-02-17,30.4,22.5,6.9,16.2,69
brisbane_urban,2018-02-18,31.6,21.4,0.4,15.0,22
brisbane_urban,2018-02-19,32.5,19.6,0.0,15.4,25
brisbane_urban,2018-02-20,28.7,21.3,0.6,22.0,88
brisbane_urban,2018-02-21,26.0,21.6,4.3,28.0,92
brisbane_urban,2018-02-22,25.9,21.6,16.3,18.9,97
brisbane_urban,2018-02-23,24.9,20.9,123.5,15.6,100
brisbane_urban,2018-02-24,26.1,22.5,13.6,13.1,95
brisbane_urban,2018-02-25,30.2,21.5,19.0,14.3,76
brisbane_urban,2018-02-26,30.8,22.6,16.7,15.9,73
brisbane_urban,2018-02-27,26.3,20.9,2.8,21.0,83
brisbane_urban,2018-02-28,27.5,18.3,0.0,13.5,28
brisbane_urban,2018-03-01,33.2,19.1,0.0,11.5,21
brisbane_urban,2018-03-02,28.5,22.9,0.3,13.7,86
brisbane_urban,2018-03-03,29.1,22.7,1.0,14.7,72
brisbane_urban,2018-03-04,32.2,23.4,3.7,10.8,63
brisbane_urban,2018-03-05,26.6,22.5,3.0,10.5,92
brisbane_urban,2018-03-06,23.7,18.8,13.1,15.4,99
brisbane_urban,2018-03-07,23.9,18.4,4.8,25.0,90
brisbane_urban,2018-03-08,25.1,19.7,0.6,24.9,76
brisbane_urban,2018-03-09,26.0,18.9,0.2,25.2,81
brisbane_urban,2018-03-10,25.4,18.4,1.2,21.9,61
brisbane_urban,2018-03-11,24.0,18.1,3.2,18.1,60
brisbane_urban,2018-03-12,26.9,16.2,0.0,14.8,19
brisbane_urban,2018-03-13,25.7,17.8,1.8,17.9,46
brisbane_urban,2018-03-14,26.5,19.6,1.0,26.4,47
brisbane_urban,2018-03-15,28.1,19.1,0.4,18.6,20
brisbane_urban,2018-03-16,29.2,16.6,0.0,13.3,5
brisbane_urban,2018-03-17,29.3,18.6,0.0,12.7,13
brisbane_urban,2018-03-18,29.5,19.5,0.2,13.2,47
brisbane_urban,2018-03-19,30.3,21.9,0.2,14.2,43
brisbane_urban,2018-03-20,28.5,21.8,0.4,16.3,27
brisbane_urban,2018-03-21,24.6,20.9,4.7,22.8,72
brisbane_urban,2018-03-22,26.5,19.8,1.8,21.3,66
brisbane_urban,2018-03-23,26.7,18.7,2.9,19.2,55
brisbane_urban,2018-03-24,27.0,18.8,1.4,15.2,63
brisbane_urban,2018-03-25,25.9,18.5,1.7,13.4,46
brisbane_urban,2018-03-26,29.2,20.3,1.3,10.8,76
brisbane_urban,2018-03-27,25.9,21.4,5.7,16.8,80
brisbane_urban,2018-03-28,29.4,19.9,0.6,18.7,37
brisbane_urban,2018-03-29,26.6,20.3,1.0,19.8,75
brisbane_urban,2018-03-30,27.0,20.5,1.2,15.0,40
brisbane_urban,2018-03-31,27.7,20.0,1.0,19.2,25
brisbane_urban,2018-04-01,26.5,19.6,4.4,15.2,43
brisbane_urban,2018-04-02,27.2,20.1,1.4,13.6,25
brisbane_urban,2018-04-03,26.9,19.2,0.8,20.0,24
brisbane_urban,2018-04-04,24.6,20.1,4.2,18.0,82
brisbane_urban,2018-04-05,26.3,19.0,0.2,20.7,50
brisbane_urban,2018-04-06,26.5,17.9,0.0,20.1,34
brisbane_urban,2018-04-07,26.9,18.5,0.2,16.8,20
brisbane_urban,2018-04-08,26.8,16.7,0.1,12.6,18
brisbane_urban,2018-04-09,27.5,16.5,0.0,11.7,9
brisbane_urban,2018-04-10,28.0,16.6,0.7,16.1,32
brisbane_urban,2018-04-11,26.0,18.6,0.8,18.5,56
brisbane_urban,2018-04-12,25.7,18.7,0.5,15.9,66
brisbane_urban,2018-04-13,26.5,16.8,0.5,19.3,24
brisbane_urban,2018-04-14,25.3,18.1,2.5,12.8,52
brisbane_urban,2018-04-15,31.2,18.4,0.0,13.0,5
brisbane_urban,2018-04-16,31.7,17.7,0.0,12.2,0
brisbane_urban,2018-04-17,29.3,16.8,0.1,17.3,5
brisbane_urban,2018-04-18,24.8,18.8,2.3,20.1,41
brisbane_urban,2018-04-19,25.9,17.6,0.9,16.4,53
brisbane_urban,2018-04-20,23.9,18.3,11.8,11.0,80
brisbane_urban,2018-04-21,24.8,17.0,6.3,12.8,46
brisbane_urban,2018-04-22,23.7,16.9,0.7,18.8,26
brisbane_urban,2018-04-23,24.4,16.2,1.3,17.3,25
brisbane_urban,2018-04-24,25.9,15.8,0.0,18.0,26
brisbane_urban,2018-04-25,25.7,17.9,0.5,9.7,50
brisbane_urban,2018-04-26,26.5,16.7,0.1,10.8,18
brisbane_urban,2018-04-27,25.9,16.8,0.0,18.1,13
brisbane_urban,2018-04-28,24.0,15.3,0.5,17.8,23
brisbane_urban,2018-04-29,23.7,14.5,0.1,14.7,21
brisbane_urban,2018-04-30,23.2,13.8,0.2,15.0,20
brisbane_urban,2018-05-01,24.0,14.5,0.0,18.3,51
brisbane_urban,2018-05-02,24.4,16.1,0.4,13.7,60
brisbane_urban,2018-05-03,24.7,14.7,0.4,9.2,52
brisbane_urban,2018-05-04,26.4,15.4,0.2,13.2,85
brisbane_urban,2018-05-05,25.4,16.8,0.5,20.9,44
brisbane_urban,2018-05-06,25.3,15.2,0.0,22.7,21
brisbane_urban,2018-05-07,24.6,16.2,7.8,17.4,83
brisbane_urban,2018-05-08,21.0,17.7,16.6,11.9,96
brisbane_urban,2018-05-09,25.9,16.3,0.0,12.4,22
brisbane_urban,2018-05-10,27.4,14.4,0.0,14.0,9
brisbane_urban,2018-05-11,21.6,12.4,0.0,23.4,3
brisbane_urban,2018-05-12,21.3,11.4,0.0,23.4,0
brisbane_urban,2018-05-13,23.1,11.8,0.0,18.2,4
brisbane_urban,2018-05-14,24.4,12.0,0.0,14.5,23
brisbane_urban,2018-05-15,24.4,13.1,0.0,14.4,13
brisbane_urban,2018-05-16,23.9,11.5,0.0,15.0,24
brisbane_urban,2018-05-17,22.4,12.5,0.0,15.9,25
brisbane_urban,2018-05-18,23.2,12.5,0.0,10.9,35
brisbane_urban,2018-05-19,23.8,10.9,0.0,12.0,2
brisbane_urban,2018-05-20,25.0,12.0,0.0,15.0,0
brisbane_urban,2018-05-21,23.3,10.9,0.0,14.7,6
brisbane_urban,2018-05-22,24.0,12.1,0.0,15.7,0
brisbane_urban,2018-05-23,23.9,11.0,0.0,15.7,10
brisbane_urban,2018-05-24,24.1,12.6,0.0,14.2,44
brisbane_urban,2018-05-25,23.0,13.5,0.1,19.1,93
brisbane_urban,2018-05-26,22.8,13.9,0.0,20.2,48
brisbane_urban,2018-05-27,22.6,13.8,0.0,15.3,48
brisbane_urban,2018-05-28,22.2,13.8,0.8,14.0,72
brisbane_urban,2018-05-29,22.2,15.0,0.7,9.2,54
brisbane_urban,2018-05-30,24.8,12.5,0.1,18.3,12
brisbane_urban,2018-05-31,21.8,9.2,0.0,18.5,0
brisbane_urban,2018-06-01,21.3,9.1,0.0,14.8,2
brisbane_urban,2018-06-02,22.7,9.3,0.0,17.4,0
brisbane_urban,2018-06-03,24.4,11.7,0.0,15.6,19
brisbane_urban,2018-06-04,22.4,11.3,0.1,14.3,15
brisbane_urban,2018-06-05,21.7,11.3,0.0,13.7,22
brisbane_urban,2018-06-06,20.7,11.1,0.6,17.7,29
brisbane_urban,2018-06-07,19.8,12.9,4.4,17.1,61
brisbane_urban,2018-06-08,21.5,12.8,0.6,12.6,47
brisbane_urban,2018-06-09,21.9,13.6,0.1,9.2,60
brisbane_urban,2018-06-10,21.5,12.8,0.2,10.1,35
brisbane_urban,2018-06-11,21.7,11.7,0.0,10.6,12
brisbane_urban,2018-06-12,22.3,9.1,0.0,12.6,33
brisbane_urban,2018-06-13,24.8,9.3,0.7,11.8,78
brisbane_urban,2018-06-14,24.2,15.1,0.1,12.6,72
brisbane_urban,2018-06-15,23.0,12.0,0.0,16.1,20
brisbane_urban,2018-06-16,21.9,10.2,0.0,14.7,53
brisbane_urban,2018-06-17,18.7,9.4,0.0,25.1,23
brisbane_urban,2018-06-18,18.4,8.6,0.0,25.9,0
brisbane_urban,2018-06-19,19.0,9.4,0.0,24.8,3
brisbane_urban,2018-06-20,21.9,9.0,0.0,17.1,39
brisbane_urban,2018-06-21,21.1,9.8,0.4,12.5,28
brisbane_urban,2018-06-22,22.3,9.9,0.0,15.0,8
brisbane_urban,2018-06-23,22.1,8.9,0.0,13.5,12
brisbane_urban,2018-06-24,22.2,9.0,0.0,11.8,2
brisbane_urban,2018-06-25,20.7,9.3,0.0,15.1,43
brisbane_urban,2018-06-26,20.2,11.6,0.1,16.3,82
brisbane_urban,2018-06-27,17.6,13.2,2.8,11.5,93
brisbane_urban,2018-06-28,19.1,12.5,7.8,9.4,59
brisbane_urban,2018-06-29,22.9,12.5,0.0,10.4,61
brisbane_urban,2018-06-30,23.0,10.6,0.0,9.7,84
brisbane_urban,2018-07-01,21.6,14.4,1.9,8.7,83
brisbane_urban,2018-07-02,23.3,14.1,4.0,12.6,62
brisbane_urban,2018-07-03,21.9,13.1,0.0,18.4,19
brisbane_urban,2018-07-04,22.5,13.5,0.1,15.6,29
brisbane_urban,2018-07-05,22.5,15.2,4.4,16.3,66
brisbane_urban,2018-07-06,23.6,15.7,2.1,16.6,45
brisbane_urban,2018-07-07,23.7,14.8,4.6,21.6,40
brisbane_urban,2018-07-08,19.3,10.1,0.0,22.3,0
brisbane_urban,2018-07-09,19.3,8.2,0.0,20.4,26
brisbane_urban,2018-07-10,20.3,8.9,0.0,11.7,35
brisbane_urban,2018-07-11,19.4,10.0,3.9,9.8,54
brisbane_urban,2018-07-12,19.2,11.5,6.8,8.7,62
brisbane_urban,2018-07-13,19.6,9.3,0.0,17.7,5
brisbane_urban,2018-07-14,18.8,6.7,0.0,13.4,0
brisbane_urban,2018-07-15,19.3,5.6,0.0,9.7,1
brisbane_urban,2018-07-16,22.1,7.6,0.0,13.9,13
brisbane_urban,2018-07-17,21.6,7.1,0.0,12.2,0
brisbane_urban,2018-07-18,23.1,5.7,0.0,12.2,0
brisbane_urban,2018-07-19,21.9,6.3,0.0,13.7,0
brisbane_urban,2018-07-20,22.9,10.5,0.0,21.6,49
brisbane_urban,2018-07-21,18.5,8.2,0.0,17.4,14
brisbane_urban,2018-07-22,19.1,6.6,0.0,11.2,23
brisbane_urban,2018-07-23,20.6,7.0,0.0,15.4,6
brisbane_urban,2018-07-24,23.4,6.7,0.0,11.8,17
brisbane_urban,2018-07-25,25.1,8.6,0.0,9.9,35
brisbane_urban,2018-07-26,24.6,12.5,0.0,14.8,37
brisbane_urban,2018-07-27,24.4,10.0,0.0,15.7,34
brisbane_urban,2018-07-28,25.3,10.6,0.0,11.7,23
brisbane_urban,2018-07-29,24.9,10.1,0.0,14.3,50
brisbane_urban,2018-07-30,23.1,12.6,0.6,18.4,8
brisbane_urban,2018-07-31,22.2,8.6,0.0,14.8,3
brisbane_urban,2018-08-01,23.1,6.6,0.0,12.7,27
brisbane_urban,2018-08-02,21.9,7.7,0.0,16.6,13
brisbane_urban,2018-08-03,22.3,9.6,0.0,15.6,26
brisbane_urban,2018-08-04,25.6,11.8,0.0,11.9,5
brisbane_urban,2018-08-05,24.2,9.8,0.0,14.9,2
brisbane_urban,2018-08-06,26.1,12.4,0.4,18.8,21
brisbane_urban,2018-08-07,21.2,11.5,0.0,21.9,5
brisbane_urban,2018-08-08,21.4,8.0,0.0,11.5,0
brisbane_urban,2018-08-09,21.4,7.3,0.0,14.0,0
brisbane_urban,2018-08-10,21.7,8.2,0.0,11.8,7
brisbane_urban,2018-08-11,23.1,11.1,0.0,20.2,46
brisbane_urban,2018-08-12,23.5,11.7,0.0,26.4,4
brisbane_urban,2018-08-13,21.1,7.3,0.0,16.6,0
brisbane_urban,2018-08-14,21.9,6.8,0.0,12.7,0
brisbane_urban,2018-08-15,25.7,5.9,0.0,15.3,16
brisbane_urban,2018-08-16,28.4,9.1,0.0,19.9,0
brisbane_urban,2018-08-17,28.0,10.8,0.0,15.7,0
brisbane_urban,2018-08-18,27.1,10.8,0.0,21.3,0
brisbane_urban,2018-08-19,21.7,12.2,0.0,29.9,0
brisbane_urban,2018-08-20,20.4,9.8,0.0,22.4,0
brisbane_urban,2018-08-21,23.0,7.6,0.0,16.2,0
brisbane_urban,2018-08-22,23.1,10.1,0.0,16.5,0
brisbane_urban,2018-08-23,21.3,7.3,0.1,13.6,13
brisbane_urban,2018-08-24,21.3,11.5,1.7,14.2,37
brisbane_urban,2018-08-25,20.8,12.3,0.8,15.3,36
brisbane_urban,2018-08-26,17.7,12.4,9.3,11.9,75
brisbane_urban,2018-08-27,22.6,11.8,0.0,19.9,32
brisbane_urban,2018-08-28,20.4,10.3,0.5,15.4,23
brisbane_urban,2018-08-29,23.7,10.5,0.0,19.2,0
brisbane_urban,2018-08-30,22.1,8.2,0.0,15.9,5
brisbane_urban,2018-08-31,24.8,9.2,0.0,21.9,11
brisbane_urban,2018-09-01,25.6,15.9,0.0,21.1,9
brisbane_urban,2018-09-02,25.3,12.4,0.0,18.1,11
brisbane_urban,2018-09-03,19.5,11.3,1.4,19.3,44
brisbane_urban,2018-09-04,20.0,12.2,2.7,22.2,65
brisbane_urban,2018-09-05,18.6,11.5,3.2,14.2,55
brisbane_urban,2018-09-06,21.1,11.4,0.1,14.1,38
brisbane_urban,2018-09-07,24.2,12.6,0.0,23.0,30
brisbane_urban,2018-09-08,23.4,15.2,6.6,14.7,54
brisbane_urban,2018-09-09,25.3,12.1,0.0,16.3,15
brisbane_urban,2018-09-10,24.0,11.2,0.0,16.6,20
brisbane_urban,2018-09-11,23.3,11.6,0.0,15.6,16
brisbane_urban,2018-09-12,23.3,12.7,0.0,15.4,27
brisbane_urban,2018-09-13,25.5,11.5,0.0,16.9,8
brisbane_urban,2018-09-14,24.9,12.8,0.0,15.6,21
brisbane_urban,2018-09-15,27.1,13.2,0.0,18.4,6
brisbane_urban,2018-09-16,26.5,14.1,0.1,23.4,27
brisbane_urban,2018-09-17,22.1,12.2,0.1,18.8,30
brisbane_urban,2018-09-18,22.2,10.7,0.0,13.9,34
brisbane_urban,2018-09-19,25.2,12.6,0.0,21.2,2
brisbane_urban,2018-09-20,27.9,14.0,0.3,18.4,14
brisbane_urban,2018-09-21,23.8,11.8,0.3,22.4,18
brisbane_urban,2018-09-22,24.0,11.3,0.0,16.3,16
brisbane_urban,2018-09-23,25.9,11.9,0.0,18.0,18
brisbane_urban,2018-09-24,24.6,13.6,0.7,19.9,52
brisbane_urban,2018-09-25,21.8,14.0,1.7,19.9,55
brisbane_urban,2018-09-26,22.2,12.8,4.1,15.3,56
brisbane_urban,2018-09-27,23.0,13.4,0.7,13.1,40
brisbane_urban,2018-09-28,24.8,14.5,0.2,16.1,27
brisbane_urban,2018-09-29,28.5,15.7,2.6,14.3,27
brisbane_urban,2018-09-30,18.5,14.2,16.4,16.8,65
brisbane_urban,2018-10-01,22.5,11.5,0.0,19.2,13
brisbane_urban,2018-10-02,23.1,12.1,0.0,17.6,17
brisbane_urban,2018-10-03,24.4,11.1,0.0,17.3,15
brisbane_urban,2018-10-04,24.9,13.1,0.0,17.6,66
brisbane_urban,2018-10-05,23.9,14.0,1.3,12.0,80
brisbane_urban,2018-10-06,21.8,15.2,17.7,13.1,81
brisbane_urban,2018-10-07,23.1,15.7,5.7,12.3,61
brisbane_urban,2018-10-08,25.8,14.7,0.3,13.8,40
brisbane_urban,2018-10-09,25.6,15.0,0.3,16.4,67
brisbane_urban,2018-10-10,29.3,15.8,0.3,16.8,57
brisbane_urban,2018-10-11,24.9,16.5,16.5,16.1,83
brisbane_urban,2018-10-12,20.6,15.3,20.8,20.7,94
brisbane_urban,2018-10-13,18.3,15.3,27.4,18.6,100
brisbane_urban,2018-10-14,19.5,15.7,17.4,20.4,100
brisbane_urban,2018-10-15,21.4,17.0,24.3,25.6,94
brisbane_urban,2018-10-16,24.1,17.9,6.2,19.9,67
brisbane_urban,2018-10-17,24.5,17.6,2.2,14.2,63
brisbane_urban,2018-10-18,24.1,18.4,3.6,16.3,69
brisbane_urban,2018-10-19,25.4,17.6,0.6,15.3,40
brisbane_urban,2018-10-20,25.4,16.5,0.0,15.3,44
brisbane_urban,2018-10-21,27.2,16.7,7.3,14.5,83
brisbane_urban,2018-10-22,26.7,15.7,1.5,14.8,45
brisbane_urban,2018-10-23,27.4,15.6,0.2,13.6,19
brisbane_urban,2018-10-24,30.1,16.8,0.0,12.5,25
brisbane_urban,2018-10-25,26.4,20.0,1.4,13.8,64
brisbane_urban,2018-10-26,33.0,17.2,0.0,25.3,20
brisbane_urban,2018-10-27,27.2,17.8,0.1,16.5,11
brisbane_urban,2018-10-28,29.9,16.2,0.2,21.7,31
brisbane_urban,2018-10-29,21.0,16.8,3.3,15.9,84
brisbane_urban,2018-10-30,24.8,14.8,0.7,14.2,40
brisbane_urban,2018-10-31,25.3,14.0,0.0,16.4,43
brisbane_urban,2018-11-01,26.6,15.0,0.0,16.0,9
brisbane_urban,2018-11-02,26.7,17.3,0.0,21.3,64
brisbane_urban,2018-11-03,30.6,16.5,0.0,18.9,25
brisbane_urban,2018-11-04,31.6,17.5,0.0,17.6,30
brisbane_urban,2018-11-05,30.8,18.7,0.0,16.6,49
brisbane_urban,2018-11-06,32.0,21.1,0.0,17.9,71
brisbane_urban,2018-11-07,32.7,20.8,0.0,26.6,22
brisbane_urban,2018-11-08,25.9,17.2,0.0,23.9,57
brisbane_urban,2018-11-09,23.4,14.3,0.1,17.5,55
brisbane_urban,2018-11-10,25.3,12.9,0.0,15.3,41
brisbane_urban,2018-11-11,26.1,17.1,0.0,14.8,27
brisbane_urban,2018-11-12,27.4,15.0,0.0,21.0,8
brisbane_urban,2018-11-13,26.9,15.6,0.0,16.8,22
brisbane_urban,2018-11-14,27.1,15.5,0.6,15.9,72
brisbane_urban,2018-11-15,29.3,17.4,0.3,13.6,30
brisbane_urban,2018-11-16,29.0,18.2,0.0,16.4,31
brisbane_urban,2018-11-17,29.4,19.0,5.3,17.1,49
brisbane_urban,2018-11-18,25.1,18.3,2.6,21.5,68
brisbane_urban,2018-11-19,24.6,16.3,0.0,17.0,48
brisbane_urban,2018-11-20,25.6,15.0,0.0,18.5,24
brisbane_urban,2018-11-21,31.2,17.2,1.4,20.1,69
brisbane_urban,2018-11-22,29.2,20.5,10.0,21.8,73
brisbane_urban,2018-11-23,28.2,16.3,0.0,24.1,9
brisbane_urban,2018-11-24,28.9,15.4,0.0,24.3,1
brisbane_urban,2018-11-25,32.1,14.6,0.0,14.8,23
brisbane_urban,2018-11-26,33.2,17.4,0.0,21.8,0
brisbane_urban,2018-11-27,25.9,16.2,0.0,18.6,51
brisbane_urban,2018-11-28,35.4,20.4,2.2,31.7,31
brisbane_urban,2018-11-29,32.9,19.9,0.0,22.6,22
brisbane_urban,2018-11-30,28.3,18.6,0.5,19.1,24
brisbane_urban,2018-12-01,31.9,19.4,0.0,19.2,9
brisbane_urban,2018-12-02,36.0,19.8,0.0,18.3,41
brisbane_urban,2018-12-03,29.2,21.2,0.0,19.9,30
brisbane_urban,2018-12-04,30.3,18.4,8.0,14.0,81
brisbane_urban,2018-12-05,26.1,18.6,4.3,24.9,53
brisbane_urban,2018-12-06,25.8,17.9,0.0,25.5,39
brisbane_urban,2018-12-07,25.3,17.3,0.3,20.7,95
brisbane_urban,2018-12-08,25.1,19.3,1.3,20.5,84
brisbane_urban,2018-12-09,27.3,18.9,0.7,19.4,76
brisbane_urban,2018-12-10,28.6,19.3,1.1,17.1,29
brisbane_urban,2018-12-11,28.4,17.8,0.0,17.1,49
brisbane_urban,2018-12-12,27.9,20.0,0.0,17.7,44
brisbane_urban,2018-12-13,29.2,19.7,0.0,24.4,96
brisbane_urban,2018-12-14,29.3,21.4,13.8,23.3,88
brisbane_urban,2018-12-15,29.4,22.1,11.6,20.6,76
brisbane_urban,2018-12-16,23.9,22.4,29.8,23.3,100
brisbane_urban,2018-12-17,25.7,21.8,26.9,16.0,82
brisbane_urban,2018-12-18,27.7,21.3,1.9,16.9,51
brisbane_urban,2018-12-19,28.7,21.2,1.0,15.6,37
brisbane_urban,2018-12-20,32.0,21.9,0.0,18.1,27
brisbane_urban,2018-12-21,34.5,21.5,0.1,18.7,37
brisbane_urban,2018-12-22,33.0,21.5,13.3,21.9,75
brisbane_urban,2018-12-23,26.1,18.8,0.2,21.9,25
brisbane_urban,2018-12-24,24.9,17.1,0.7,17.4,34
brisbane_urban,2018-12-25,27.1,15.1,0.0,15.0,18
brisbane_urban,2018-12-26,27.2,16.1,0.0,17.1,20
brisbane_urban,2018-12-27,27.9,18.2,0.0,16.1,31
brisbane_urban,2018-12-28,27.6,19.6,0.0,18.1,38
brisbane_urban,2018-12-29,28.5,20.1,0.2,17.2,31
brisbane_urban,2018-12-30,28.7,21.0,0.4,16.6,26
brisbane_urban,2018-12-31,29.2,21.2,0.0,15.4,25
brisbane_urban,2019-01-01,29.9,20.6,0.0,17.1,27
brisbane_urban,2019-01-02,30.0,20.4,0.0,19.6,28
brisbane_urban,2019-01-03,27.7,21.3,3.9,16.3,65
brisbane_urban,2019-01-04,29.8,22.8,0.9,19.0,34
brisbane_urban,2019-01-05,29.5,21.5,0.0,17.1,52
brisbane_urban,2019-01-06,29.0,22.8,0.1,16.6,56
brisbane_urban,2019-01-07,28.5,21.9,3.8,17.9,86
brisbane_urban,2019-01-08,28.4,21.6,1.7,17.4,93
brisbane_urban,2019-01-09,28.9,22.3,2.3,14.5,85
brisbane_urban,2019-01-10,28.2,22.4,2.2,14.8,71
brisbane_urban,2019-01-11,29.2,21.8,1.6,16.2,33
brisbane_urban,2019-01-12,29.7,19.6,0.0,16.7,38
brisbane_urban,2019-01-13,30.2,19.8,0.0,20.7,44
brisbane_urban,2019-01-14,30.1,20.3,0.2,18.7,25
brisbane_urban,2019-01-15,30.1,20.1,0.0,18.2,27
brisbane_urban,2019-01-16,31.9,20.6,0.0,19.1,23
brisbane_urban,2019-01-17,30.2,21.5,0.7,16.6,39
brisbane_urban,2019-01-18,31.1,20.5,0.1,17.7,41
brisbane_urban,2019-01-19,32.2,19.1,0.0,18.3,51
brisbane_urban,2019-01-20,31.7,19.6,0.0,16.0,60
brisbane_urban,2019-01-21,31.9,21.2,0.0,17.1,27
brisbane_urban,2019-01-22,30.3,22.0,0.0,16.8,40
brisbane_urban,2019-01-23,33.3,22.5,0.0,19.4,53
brisbane_urban,2019-01-24,32.9,22.9,0.0,17.3,31
brisbane_urban,2019-01-25,31.3,23.6,1.4,16.9,39
brisbane_urban,2019-01-26,32.0,22.3,0.5,21.3,23
brisbane_urban,2019-01-27,31.9,20.9,0.0,22.2,15
brisbane_urban,2019-01-28,32.7,21.4,0.1,18.6,17
brisbane_urban,2019-01-29,30.7,22.1,2.8,17.8,41
brisbane_urban,2019-01-30,30.9,22.1,1.5,19.3,55
brisbane_urban,2019-01-31,30.5,22.4,1.1,17.1,77
brisbane_urban,2019-02-01,31.9,22.4,0.0,20.3,73
brisbane_urban,2019-02-02,30.3,22.9,1.8,19.6,94
brisbane_urban,2019-02-03,28.4,21.9,5.0,18.1,77
brisbane_urban,2019-02-04,29.4,21.4,2.2,18.1,44
brisbane_urban,2019-02-05,29.5,21.5,2.3,21.7,47
brisbane_urban,2019-02-06,28.3,21.6,5.5,20.2,75
brisbane_urban,2019-02-07,28.6,21.6,3.5,21.0,96
brisbane_urban,2019-02-08,27.8,22.3,2.0,12.2,78
brisbane_urban,2019-02-09,30.5,20.9,0.3,15.8,34
brisbane_urban,2019-02-10,32.2,22.0,0.3,19.1,22
brisbane_urban,2019-02-11,29.3,21.9,0.5,17.9,34
brisbane_urban,2019-02-12,33.9,21.9,0.6,19.7,24
brisbane_urban,2019-02-13,35.0,22.4,0.3,21.0,9
brisbane_urban,2019-02-14,31.2,23.7,0.8,29.1,77
brisbane_urban,2019-02-15,29.9,21.3,0.0,27.7,30
brisbane_urban,2019-02-16,29.9,19.2,0.0,23.8,40
brisbane_urban,2019-02-17,30.6,19.2,0.0,18.4,17
brisbane_urban,2019-02-18,30.7,19.8,0.0,16.8,34
brisbane_urban,2019-02-19,32.9,18.4,0.0,15.3,11
brisbane_urban,2019-02-20,32.9,21.4,0.0,14.8,26
brisbane_urban,2019-02-21,33.2,23.5,0.1,23.9,48
brisbane_urban,2019-02-22,32.0,22.6,0.1,30.5,22
brisbane_urban,2019-02-23,30.9,20.6,0.0,25.8,25
brisbane_urban,2019-02-24,29.1,20.3,0.3,27.3,49
brisbane_urban,2019-02-25,28.2,20.0,0.6,23.2,69
brisbane_urban,2019-02-26,27.6,18.9,0.4,18.0,71
brisbane_urban,2019-02-27,26.9,17.8,0.6,18.4,66
brisbane_urban,2019-02-28,26.6,19.2,3.9,17.0,73
brisbane_urban,2019-03-01,28.5,20.3,1.0,20.5,86
brisbane_urban,2019-03-02,26.9,19.4,4.5,17.7,81
brisbane_urban,2019-03-03,27.7,19.4,1.8,19.8,58
brisbane_urban,2019-03-04,28.3,19.4,2.5,18.3,40
brisbane_urban,2019-03-05,29.0,19.8,0.5,15.2,28
brisbane_urban,2019-03-06,30.8,20.9,0.8,16.7,89
brisbane_urban,2019-03-07,30.8,21.4,4.7,19.9,86
brisbane_urban,2019-03-08,29.4,21.6,3.3,16.8,65
brisbane_urban,2019-03-09,30.2,21.8,0.3,13.5,45
brisbane_urban,2019-03-10,31.4,21.1,0.0,17.1,51
brisbane_urban,2019-03-11,35.7,21.4,0.0,17.2,54
brisbane_urban,2019-03-12,36.6,21.8,0.0,11.9,33
brisbane_urban,2019-03-13,34.8,21.1,0.1,24.3,13
brisbane_urban,2019-03-14,29.2,23.0,4.8,16.4,83
brisbane_urban,2019-03-15,33.1,22.0,53.7,13.2,66
brisbane_urban,2019-03-16,25.1,20.8,32.7,17.1,91
brisbane_urban,2019-03-17,25.9,20.1,5.2,11.8,77
brisbane_urban,2019-03-18,29.4,20.3,5.9,15.3,56
brisbane_urban,2019-03-19,30.9,18.8,0.0,11.9,25
brisbane_urban,2019-03-20,30.8,20.0,1.4,16.2,37
brisbane_urban,2019-03-21,29.4,22.1,1.4,13.4,41
brisbane_urban,2019-03-22,28.0,21.0,1.2,12.5,42
brisbane_urban,2019-03-23,31.8,21.3,0.2,12.9,33
brisbane_urban,2019-03-24,32.2,20.7,0.0,12.1,14
brisbane_urban,2019-03-25,31.8,20.2,0.0,15.9,66
brisbane_urban,2019-03-26,29.4,22.5,2.1,14.3,96
brisbane_urban,2019-03-27,23.7,18.9,19.4,17.2,99
brisbane_urban,2019-03-28,24.3,18.5,0.5,14.8,93
brisbane_urban,2019-03-29,26.5,19.3,2.6,13.0,66
brisbane_urban,2019-03-30,26.4,21.3,12.5,21.0,88
brisbane_urban,2019-03-31,26.3,14.2,0.0,19.3,0
brisbane_urban,2019-04-01,25.6,14.9,0.0,18.0,28
brisbane_urban,2019-04-02,24.1,16.0,2.5,19.2,35
brisbane_urban,2019-04-03,24.7,17.3,3.3,19.9,41
brisbane_urban,2019-04-04,26.1,16.7,0.0,18.7,35
brisbane_urban,2019-04-05,26.6,16.5,0.0,19.5,25
brisbane_urban,2019-04-06,25.0,16.2,0.5,10.0,21
brisbane_urban,2019-04-07,26.5,16.5,0.1,11.9,22
brisbane_urban,2019-04-08,27.6,15.7,0.0,11.5,13
brisbane_urban,2019-04-09,28.3,16.7,0.0,14.3,55
brisbane_urban,2019-04-10,25.6,16.6,1.8,17.9,37
brisbane_urban,2019-04-11,24.2,16.3,0.3,16.6,27
brisbane_urban,2019-04-12,23.2,15.5,0.8,18.1,31
brisbane_urban,2019-04-13,24.9,15.2,0.0,15.0,22
brisbane_urban,2019-04-14,24.3,14.9,0.1,13.1,66
brisbane_urban,2019-04-15,23.5,16.0,7.4,10.2,51
brisbane_urban,2019-04-16,23.9,15.4,1.2,14.8,26
brisbane_urban,2019-04-17,24.7,15.8,0.4,14.2,18
brisbane_urban,2019-04-18,25.3,16.0,0.7,14.8,19
brisbane_urban,2019-04-19,23.9,17.7,3.7,19.6,57
brisbane_urban,2019-04-20,24.6,19.2,9.9,18.0,73
brisbane_urban,2019-04-21,25.0,18.3,2.0,20.1,42
brisbane_urban,2019-04-22,25.1,18.2,2.7,18.0,88
brisbane_urban,2019-04-23,24.6,18.1,1.7,15.5,69
brisbane_urban,2019-04-24,25.8,17.3,0.4,16.3,53
brisbane_urban,2019-04-25,24.5,17.1,1.0,11.9,54
brisbane_urban,2019-04-26,25.8,16.6,0.0,10.2,64
brisbane_urban,2019-04-27,26.3,16.2,0.5,15.8,38
brisbane_urban,2019-04-28,26.1,16.4,0.0,12.9,19
brisbane_urban,2019-04-29,24.3,15.7,0.6,20.0,59
brisbane_urban,2019-04-30,23.1,14.7,1.8,17.4,85
brisbane_urban,2019-05-01,25.4,19.4,1.9,13.3,61
brisbane_urban,2019-05-02,25.4,18.1,0.2,16.7,43
brisbane_urban,2019-05-03,25.4,16.7,0.8,11.2,77
brisbane_urban,2019-05-04,24.0,17.2,5.2,15.5,79
brisbane_urban,2019-05-05,23.8,12.6,0.0,17.5,11
brisbane_urban,2019-05-06,23.4,12.0,0.0,11.5,3
brisbane_urban,2019-05-07,24.4,12.0,0.0,11.7,1
brisbane_urban,2019-05-08,26.0,12.8,0.0,12.7,0
brisbane_urban,2019-05-09,25.2,12.0,0.0,11.8,0
brisbane_urban,2019-05-10,25.7,14.0,0.5,24.0,50
brisbane_urban,2019-05-11,21.9,12.3,0.4,27.2,17
brisbane_urban,2019-05-12,23.5,10.7,0.1,13.7,28
brisbane_urban,2019-05-13,23.9,15.3,1.4,17.1,75
brisbane_urban,2019-05-14,23.8,15.4,0.9,12.1,54
brisbane_urban,2019-05-15,23.4,15.3,0.1,14.2,50
brisbane_urban,2019-05-16,24.0,14.7,0.2,14.9,36
brisbane_urban,2019-05-17,22.6,16.1,1.1,11.4,46
brisbane_urban,2019-05-18,22.6,14.5,0.2,15.0,31
brisbane_urban,2019-05-19,22.6,13.9,0.9,16.1,41
brisbane_urban,2019-05-20,20.9,15.8,5.0,9.9,92
brisbane_urban,2019-05-21,23.0,15.4,0.1,8.0,39
brisbane_urban,2019-05-22,22.9,13.4,0.2,12.0,29
brisbane_urban,2019-05-23,22.1,13.7,0.3,10.6,28
brisbane_urban,2019-05-24,23.0,13.6,0.4,9.8,35
brisbane_urban,2019-05-25,22.7,12.6,0.4,9.2,34
brisbane_urban,2019-05-26,24.7,13.4,0.0,10.2,46
brisbane_urban,2019-05-27,26.6,12.0,0.0,22.0,35
brisbane_urban,2019-05-28,21.5,11.6,0.0,16.3,0
brisbane_urban,2019-05-29,21.2,10.6,0.0,18.4,0
brisbane_urban,2019-05-30,21.4,10.4,0.0,18.9,3
brisbane_urban,2019-05-31,19.4,7.1,0.0,17.0,44
brisbane_urban,2019-06-01,22.3,6.7,0.0,12.8,51
brisbane_urban,2019-06-02,20.3,13.1,3.7,14.5,56
brisbane_urban,2019-06-03,21.4,12.8,0.3,19.2,40
brisbane_urban,2019-06-04,16.1,9.8,0.0,32.9,5
brisbane_urban,2019-06-05,20.9,9.6,0.0,18.8,34
brisbane_urban,2019-06-06,21.7,9.6,0.0,11.5,75
brisbane_urban,2019-06-07,21.7,10.8,1.3,22.2,59
brisbane_urban,2019-06-08,17.9,13.1,6.2,10.8,98
brisbane_urban,2019-06-09,22.8,12.6,0.1,10.6,25
brisbane_urban,2019-06-10,23.8,12.3,0.0,9.7,45
brisbane_urban,2019-06-11,24.6,12.4,0.0,13.3,4
brisbane_urban,2019-06-12,22.9,12.9,0.2,10.2,27
brisbane_urban,2019-06-13,24.2,12.4,0.0,11.0,49
brisbane_urban,2019-06-14,26.3,12.8,0.0,10.4,35
brisbane_urban,2019-06-15,24.5,15.0,1.0,9.2,54
brisbane_urban,2019-06-16,22.4,15.3,5.6,7.3,78
brisbane_urban,2019-06-17,21.7,12.0,3.3,17.2,21
brisbane_urban,2019-06-18,21.7,10.1,0.0,14.3,0
brisbane_urban,2019-06-19,22.3,10.8,0.0,12.6,1
brisbane_urban,2019-06-20,20.3,11.3,0.1,10.9,66
brisbane_urban,2019-06-21,21.5,12.0,0.0,14.8,52
brisbane_urban,2019-06-22,19.8,8.6,0.0,14.0,3
brisbane_urban,2019-06-23,18.7,8.0,0.1,12.5,27
brisbane_urban,2019-06-24,19.1,9.0,0.6,22.4,24
brisbane_urban,2019-06-25,18.2,11.3,5.5,21.7,68
brisbane_urban,2019-06-26,17.7,14.2,10.8,16.4,95
brisbane_urban,2019-06-27,21.6,13.1,1.0,19.2,36
brisbane_urban,2019-06-28,21.3,13.5,0.8,15.9,35
brisbane_urban,2019-06-29,21.9,13.3,3.2,12.6,37
brisbane_urban,2019-06-30,22.5,12.0,0.1,10.0,35
brisbane_urban,2019-07-01,22.4,13.1,0.3,11.1,64
brisbane_urban,2019-07-02,22.4,13.6,0.0,9.2,83
brisbane_urban,2019-07-03,22.0,12.6,0.2,19.2,36
brisbane_urban,2019-07-04,22.0,14.1,0.9,23.6,36
brisbane_urban,2019-07-05,21.0,15.3,3.0,22.1,94
brisbane_urban,2019-07-06,20.3,15.1,1.5,20.9,89
brisbane_urban,2019-07-07,20.6,14.4,1.1,15.6,64
brisbane_urban,2019-07-08,18.7,13.0,1.6,8.1,53
brisbane_urban,2019-07-09,22.5,9.7,0.0,9.8,14
brisbane_urban,2019-07-10,21.6,9.7,0.0,15.2,10
brisbane_urban,2019-07-11,22.3,9.8,0.0,18.1,0
brisbane_urban,2019-07-12,24.0,11.0,0.0,15.5,22
brisbane_urban,2019-07-13,22.1,11.8,0.0,23.4,67
brisbane_urban,2019-07-14,18.3,7.8,0.0,21.0,4
brisbane_urban,2019-07-15,18.9,9.1,0.0,28.8,0
brisbane_urban,2019-07-16,21.0,7.7,0.0,17.3,0
brisbane_urban,2019-07-17,21.4,8.6,0.0,17.3,1
brisbane_urban,2019-07-18,22.4,8.9,0.0,21.3,0
brisbane_urban,2019-07-19,21.2,7.8,0.0,11.8,0
brisbane_urban,2019-07-20,21.7,7.0,0.0,12.2,9
brisbane_urban,2019-07-21,21.6,8.4,0.0,15.5,32
brisbane_urban,2019-07-22,21.2,8.8,0.3,9.7,14
brisbane_urban,2019-07-23,25.2,11.7,0.0,11.6,29
brisbane_urban,2019-07-24,25.8,9.2,0.0,19.2,0
brisbane_urban,2019-07-25,22.2,11.0,0.0,14.2,28
brisbane_urban,2019-07-26,20.5,11.4,0.9,9.5,61
brisbane_urban,2019-07-27,24.7,11.1,0.1,10.6,37
brisbane_urban,2019-07-28,21.6,12.4,0.8,11.9,46
brisbane_urban,2019-07-29,21.1,11.3,0.4,11.0,25
brisbane_urban,2019-07-30,24.1,11.2,0.5,13.9,24
brisbane_urban,2019-07-31,21.5,10.6,0.2,17.2,14
brisbane_urban,2019-08-01,20.9,11.0,0.1,14.1,29
brisbane_urban,2019-08-02,21.5,10.2,0.0,14.4,19
brisbane_urban,2019-08-03,21.8,10.2,0.2,10.7,19
brisbane_urban,2019-08-04,23.1,9.6,0.0,13.7,6
brisbane_urban,2019-08-05,21.9,10.4,0.0,11.7,43
brisbane_urban,2019-08-06,22.1,9.1,0.0,13.5,13
brisbane_urban,2019-08-07,22.5,11.1,1.9,14.6,65
brisbane_urban,2019-08-08,27.5,11.4,0.0,27.0,30
brisbane_urban,2019-08-09,23.8,14.2,0.0,22.4,0
brisbane_urban,2019-08-10,21.9,13.7,0.0,27.0,0
brisbane_urban,2019-08-11,19.4,10.1,0.0,25.3,0
brisbane_urban,2019-08-12,20.5,9.1,0.0,23.0,0
brisbane_urban,2019-08-13,21.3,8.3,0.1,14.3,18
brisbane_urban,2019-08-14,21.6,9.3,0.0,10.7,24
brisbane_urban,2019-08-15,23.0,9.2,0.0,15.6,17
brisbane_urban,2019-08-16,24.2,10.2,0.0,13.8,28
brisbane_urban,2019-08-17,26.8,9.7,0.0,12.6,4
brisbane_urban,2019-08-18,23.1,12.0,0.0,11.8,25
brisbane_urban,2019-08-19,27.6,12.1,0.0,23.9,0
brisbane_urban,2019-08-20,21.8,9.1,0.0,16.3,0
brisbane_urban,2019-08-21,24.9,11.0,0.0,25.2,0
brisbane_urban,2019-08-22,25.0,13.4,0.0,29.5,10
brisbane_urban,2019-08-23,22.7,11.9,0.0,15.5,16
brisbane_urban,2019-08-24,21.7,9.4,0.0,16.3,18
brisbane_urban,2019-08-25,24.6,8.3,0.0,14.8,5
brisbane_urban,2019-08-26,25.8,9.8,0.0,14.0,10
brisbane_urban,2019-08-27,24.4,14.4,1.9,13.8,38
brisbane_urban,2019-08-28,23.2,14.1,1.0,14.1,49
brisbane_urban,2019-08-29,20.4,12.2,1.1,16.8,65
brisbane_urban,2019-08-30,21.0,10.2,1.2,12.9,26
brisbane_urban,2019-08-31,22.0,9.8,0.4,17.0,19
brisbane_urban,2019-09-01,24.0,10.3,0.0,15.5,1
brisbane_urban,2019-09-02,27.2,11.6,0.0,14.1,33
brisbane_urban,2019-09-03,25.3,11.1,0.0,12.8,1
brisbane_urban,2019-09-04,32.3,10.9,0.0,21.9,0
brisbane_urban,2019-09-05,30.3,11.0,0.0,15.3,0
brisbane_urban,2019-09-06,33.5,11.5,0.0,22.4,1
brisbane_urban,2019-09-07,25.4,15.9,0.0,23.8,0
brisbane_urban,2019-09-08,24.4,12.3,0.0,25.6,0
brisbane_urban,2019-09-09,22.1,13.2,0.0,32.2,0
brisbane_urban,2019-09-10,23.2,10.3,0.0,24.2,10
brisbane_urban,2019-09-11,21.6,10.0,0.2,16.7,20
brisbane_urban,2019-09-12,23.5,9.0,0.0,15.0,2
brisbane_urban,2019-09-13,30.0,9.6,0.0,20.4,5
brisbane_urban,2019-09-14,29.2,11.2,0.0,16.8,1
brisbane_urban,2019-09-15,24.5,12.2,0.0,16.1,13
brisbane_urban,2019-09-16,26.7,10.7,0.0,19.4,4
brisbane_urban,2019-09-17,27.4,12.0,0.0,21.1,33
brisbane_urban,2019-09-18,26.0,13.4,0.0,16.3,2
brisbane_urban,2019-09-19,25.3,11.9,0.1,19.3,13
brisbane_urban,2019-09-20,24.4,13.6,0.3,13.2,36
brisbane_urban,2019-09-21,25.4,16.1,1.0,19.4,44
brisbane_urban,2019-09-22,26.1,16.8,0.5,16.8,36
brisbane_urban,2019-09-23,29.8,14.6,0.0,19.6,5
brisbane_urban,2019-09-24,23.8,15.9,0.0,19.8,72
brisbane_urban,2019-09-25,24.3,17.4,1.1,17.8,56
brisbane_urban,2019-09-26,23.9,16.5,0.8,17.3,62
brisbane_urban,2019-09-27,26.1,15.6,0.0,18.4,41
brisbane_urban,2019-09-28,30.4,16.9,0.7,16.3,35
brisbane_urban,2019-09-29,25.3,14.5,0.0,18.2,13
brisbane_urban,2019-09-30,26.9,16.4,2.0,20.8,56
brisbane_urban,2019-10-01,22.7,16.0,2.8,20.3,70
brisbane_urban,2019-10-02,23.7,15.1,0.1,16.5,33
brisbane_urban,2019-10-03,24.8,11.3,0.0,18.1,15
brisbane_urban,2019-10-04,25.9,12.5,0.0,20.1,1
brisbane_urban,2019-10-05,30.2,13.0,0.0,22.7,25
brisbane_urban,2019-10-06,26.3,15.0,0.0,18.6,26
brisbane_urban,2019-10-07,31.4,15.7,0.0,15.5,32
brisbane_urban,2019-10-08,33.2,18.3,0.0,17.1,52
brisbane_urban,2019-10-09,24.4,16.8,0.0,21.7,28
brisbane_urban,2019-10-10,22.5,14.4,0.0,15.9,31
brisbane_urban,2019-10-11,21.7,12.8,13.4,13.7,50
brisbane_urban,2019-10-12,20.6,13.1,24.4,16.5,58
brisbane_urban,2019-10-13,23.2,11.7,0.1,17.4,14
brisbane_urban,2019-10-14,23.8,12.7,0.1,18.8,28
brisbane_urban,2019-10-15,25.4,16.1,3.4,17.1,41
brisbane_urban,2019-10-16,27.7,17.6,0.0,22.5,31
brisbane_urban,2019-10-17,30.6,17.6,0.0,18.7,38
brisbane_urban,2019-10-18,27.1,17.0,0.0,18.1,12
brisbane_urban,2019-10-19,26.2,16.2,5.6,14.6,51
brisbane_urban,2019-10-20,27.4,14.0,0.0,26.8,20
brisbane_urban,2019-10-21,24.6,15.7,0.0,20.3,16
brisbane_urban,2019-10-22,24.3,13.5,0.8,15.9,22
brisbane_urban,2019-10-23,26.0,14.3,0.0,16.5,18
brisbane_urban,2019-10-24,26.9,13.3,0.0,19.5,12
brisbane_urban,2019-10-25,27.5,14.6,0.0,19.5,4
brisbane_urban,2019-10-26,28.7,15.5,0.0,24.3,2
brisbane_urban,2019-10-27,29.0,15.5,0.0,20.1,20
brisbane_urban,2019-10-28,27.2,18.9,0.6,20.8,84
brisbane_urban,2019-10-29,26.3,18.6,0.2,17.6,37
brisbane_urban,2019-10-30,24.6,17.3,0.1,14.8,84
brisbane_urban,2019-10-31,24.8,15.0,0.3,18.2,46
brisbane_urban,2019-11-01,23.8,18.5,1.4,19.0,66
brisbane_urban,2019-11-02,25.1,18.4,1.1,19.1,56
brisbane_urban,2019-11-03,26.7,17.7,1.1,20.5,50
brisbane_urban,2019-11-04,30.2,19.0,3.9,14.3,48
brisbane_urban,2019-11-05,27.8,15.6,0.0,34.2,16
brisbane_urban,2019-11-06,27.8,13.4,0.0,18.4,3
brisbane_urban,2019-11-07,33.7,12.5,0.0,23.3,0
brisbane_urban,2019-11-08,36.9,14.8,0.0,14.0,2
brisbane_urban,2019-11-09,30.8,18.6,0.0,18.4,2
brisbane_urban,2019-11-10,33.0,14.7,0.0,14.2,0
brisbane_urban,2019-11-11,27.2,17.6,0.2,20.6,22
brisbane_urban,2019-11-12,31.8,16.9,0.0,28.4,1
brisbane_urban,2019-11-13,33.1,19.7,0.0,25.0,13
brisbane_urban,2019-11-14,29.4,17.0,0.0,19.0,15
brisbane_urban,2019-11-15,32.8,19.7,0.0,27.1,24
brisbane_urban,2019-11-16,35.5,18.7,0.0,24.1,17
brisbane_urban,2019-11-17,32.4,19.4,12.6,24.0,30
brisbane_urban,2019-11-18,26.8,19.4,0.2,19.1,19
brisbane_urban,2019-11-19,31.0,17.6,0.0,21.0,16
brisbane_urban,2019-11-20,33.1,19.0,0.5,22.3,14
brisbane_urban,2019-11-21,28.6,21.1,0.3,20.7,25
brisbane_urban,2019-11-22,28.8,18.9,0.0,22.6,20
brisbane_urban,2019-11-23,29.3,19.3,0.0,21.6,25
brisbane_urban,2019-11-24,29.4,19.1,0.5,21.1,57
brisbane_urban,2019-11-25,29.3,20.3,0.0,20.5,39
brisbane_urban,2019-11-26,30.7,20.2,0.0,25.9,38
brisbane_urban,2019-11-27,31.9,19.7,0.2,20.5,51
brisbane_urban,2019-11-28,27.3,20.9,0.7,14.8,73
brisbane_urban,2019-11-29,30.5,21.0,0.0,20.0,43
brisbane_urban,2019-11-30,33.0,20.9,0.0,22.7,33
brisbane_urban,2019-12-01,33.5,21.4,6.4,22.9,66
brisbane_urban,2019-12-02,33.1,21.7,2.2,29.0,28
brisbane_urban,2019-12-03,34.3,18.3,0.0,21.6,0
brisbane_urban,2019-12-04,33.6,18.9,0.0,20.0,0
brisbane_urban,2019-12-05,37.3,17.0,0.0,21.5,0
brisbane_urban,2019-12-06,38.0,16.4,0.0,23.0,0
brisbane_urban,2019-12-07,37.6,19.1,0.0,21.0,6
brisbane_urban,2019-12-08,30.7,21.3,0.5,19.6,61
brisbane_urban,2019-12-09,31.2,21.9,0.4,18.8,51
brisbane_urban,2019-12-10,32.9,21.2,0.0,21.7,14
brisbane_urban,2019-12-11,34.2,21.6,0.9,17.8,50
brisbane_urban,2019-12-12,31.9,22.0,0.7,20.1,46
brisbane_urban,2019-12-13,30.1,22.0,15.8,17.6,34
brisbane_urban,2019-12-14,31.2,20.4,0.2,21.4,38
brisbane_urban,2019-12-15,32.2,22.3,0.0,24.0,32
brisbane_urban,2019-12-16,41.4,21.3,0.0,33.3,20
brisbane_urban,2019-12-17,28.9,20.2,0.0,21.8,17
brisbane_urban,2019-12-18,28.5,19.6,0.0,18.2,45
brisbane_urban,2019-12-19,30.0,17.0,0.0,16.6,14
brisbane_urban,2019-12-20,30.8,18.3,0.0,16.8,1
brisbane_urban,2019-12-21,31.6,19.7,0.0,19.5,28
brisbane_urban,2019-12-22,31.4,19.5,0.0,19.3,15
brisbane_urban,2019-12-23,29.7,22.5,1.1,15.9,83
brisbane_urban,2019-12-24,28.9,22.6,3.1,20.5,83
brisbane_urban,2019-12-25,25.2,21.2,8.9,18.7,85
brisbane_urban,2019-12-26,27.7,20.2,2.3,20.7,42
brisbane_urban,2019-12-27,25.9,18.8,1.1,18.6,44
brisbane_urban,2019-12-28,27.5,19.1,0.1,16.2,69
brisbane_urban,2019-12-29,28.1,20.1,0.2,16.4,67
brisbane_urban,2019-12-30,28.1,19.6,0.4,16.2,82
brisbane_urban,2019-12-31,28.3,19.9,2.2,17.3,45
brisbane_urban,2020-01-01,29.8,21.0,0.4,16.3,23
brisbane_urban,2020-01-02,29.8,21.2,0.6,15.5,33
brisbane_urban,2020-01-03,30.1,20.3,0.0,16.0,21
brisbane_urban,2020-01-04,30.9,19.0,0.0,19.9,15
brisbane_urban,2020-01-05,31.3,19.6,0.0,20.5,3
brisbane_urban,2020-01-06,30.0,21.4,1.5,16.6,75
brisbane_urban,2020-01-07,29.7,21.7,1.1,17.1,39
brisbane_urban,2020-01-08,31.4,21.1,0.0,18.6,25
brisbane_urban,2020-01-09,31.8,21.3,0.1,18.2,54
brisbane_urban,2020-01-10,31.5,22.8,0.1,19.9,38
brisbane_urban,2020-01-11,32.5,22.3,4.8,19.7,77
brisbane_urban,2020-01-12,28.1,22.0,2.2,25.0,91
brisbane_urban,2020-01-13,28.3,21.4,0.0,23.4,93
brisbane_urban,2020-01-14,29.3,20.5,2.5,17.5,77
brisbane_urban,2020-01-15,27.3,21.6,12.5,14.9,79
brisbane_urban,2020-01-16,25.3,21.2,10.4,12.3,93
brisbane_urban,2020-01-17,27.6,21.9,13.9,18.5,97
brisbane_urban,2020-01-18,28.4,20.4,58.8,19.8,83
brisbane_urban,2020-01-19,29.1,20.5,18.9,16.8,60
brisbane_urban,2020-01-20,32.2,23.6,7.5,15.8,54
brisbane_urban,2020-01-21,32.9,23.7,2.2,18.1,32
brisbane_urban,2020-01-22,33.3,23.3,0.0,19.4,64
brisbane_urban,2020-01-23,30.3,24.8,2.4,18.4,91
brisbane_urban,2020-01-24,32.1,24.4,1.4,14.4,78
brisbane_urban,2020-01-25,29.6,24.0,7.9,17.3,68
brisbane_urban,2020-01-26,27.9,22.8,2.3,16.3,52
brisbane_urban,2020-01-27,29.3,22.1,0.7,15.5,68
brisbane_urban,2020-01-28,29.8,22.4,2.3,15.3,33
brisbane_urban,2020-01-29,32.0,21.9,0.0,18.1,38
brisbane_urban,2020-01-30,30.3,23.2,0.1,14.2,32
brisbane_urban,2020-01-31,30.0,22.8,1.4,18.0,42
brisbane_urban,2020-02-01,30.2,22.3,1.7,19.1,32
brisbane_urban,2020-02-02,33.0,20.8,0.0,19.7,5
brisbane_urban,2020-02-03,33.8,21.7,0.5,18.3,21
brisbane_urban,2020-02-04,26.4,20.9,11.9,21.2,95
brisbane_urban,2020-02-05,24.5,20.2,16.5,20.9,100
brisbane_urban,2020-02-06,24.2,20.2,44.3,12.2,98
brisbane_urban,2020-02-07,24.7,19.6,37.4,12.9,95
brisbane_urban,2020-02-08,27.4,21.9,38.5,12.7,96
brisbane_urban,2020-02-09,28.0,21.4,23.8,13.1,84
brisbane_urban,2020-02-10,28.0,20.9,12.3,15.4,79
brisbane_urban,2020-02-11,27.7,22.9,18.9,14.2,85
brisbane_urban,2020-02-12,24.7,22.2,52.5,16.2,90
brisbane_urban,2020-02-13,25.4,21.8,27.1,11.3,91
brisbane_urban,2020-02-14,29.2,21.2,3.7,13.0,39
brisbane_urban,2020-02-15,29.9,21.9,8.1,12.7,23
brisbane_urban,2020-02-16,30.8,22.8,1.1,16.4,36
brisbane_urban,2020-02-17,30.5,23.0,0.2,14.9,32
brisbane_urban,2020-02-18,30.7,21.9,0.2,12.0,55
brisbane_urban,2020-02-19,32.4,23.3,0.5,13.2,52
brisbane_urban,2020-02-20,31.6,21.9,0.0,20.3,6
brisbane_urban,2020-02-21,28.1,21.3,1.1,16.8,42
brisbane_urban,2020-02-22,27.4,21.9,1.0,21.3,80
brisbane_urban,2020-02-23,24.9,20.5,3.1,18.4,94
brisbane_urban,2020-02-24,26.4,19.9,5.8,15.1,75
brisbane_urban,2020-02-25,27.0,20.7,7.1,16.2,82
brisbane_urban,2020-02-26,28.5,20.6,3.0,10.5,49
brisbane_urban,2020-02-27,26.3,21.9,22.5,10.5,71
brisbane_urban,2020-02-28,30.8,20.5,1.7,12.9,62
brisbane_urban,2020-02-29,28.5,20.9,0.7,14.8,40
brisbane_urban,2020-03-01,29.4,19.8,0.0,14.7,15
brisbane_urban,2020-03-02,31.9,19.6,0.0,13.9,34
brisbane_urban,2020-03-03,31.5,19.7,0.0,13.7,82
brisbane_urban,2020-03-04,28.4,22.7,2.3,17.9,91
brisbane_urban,2020-03-05,28.6,22.9,3.0,16.8,88
brisbane_urban,2020-03-06,28.9,23.1,8.8,12.4,76
brisbane_urban,2020-03-07,29.4,22.5,6.9,18.4,71
brisbane_urban,2020-03-08,26.8,21.3,0.1,23.0,62
brisbane_urban,2020-03-09,22.5,19.5,27.1,18.4,90
brisbane_urban,2020-03-10,23.4,18.5,11.0,18.4,70
brisbane_urban,2020-03-11,25.9,17.5,0.0,22.4,37
brisbane_urban,2020-03-12,24.3,17.2,8.0,25.0,53
brisbane_urban,2020-03-13,24.9,16.4,0.4,21.2,34
brisbane_urban,2020-03-14,26.6,16.0,0.1,19.1,30
brisbane_urban,2020-03-15,26.2,17.5,0.7,23.2,25
brisbane_urban,2020-03-16,25.9,16.5,0.2,21.9,27
brisbane_urban,2020-03-17,26.3,16.4,0.0,18.2,20
brisbane_urban,2020-03-18,26.9,15.5,0.0,19.8,10
brisbane_urban,2020-03-19,26.5,15.6,0.0,11.4,20
brisbane_urban,2020-03-20,28.1,16.6,0.0,13.4,11
brisbane_urban,2020-03-21,31.9,16.5,0.0,15.2,20
brisbane_urban,2020-03-22,30.7,20.4,0.2,12.8,40
brisbane_urban,2020-03-23,27.5,20.0,1.1,21.0,73
brisbane_urban,2020-03-24,25.9,19.4,0.7,16.4,68
brisbane_urban,2020-03-25,26.3,18.2,0.5,13.4,42
brisbane_urban,2020-03-26,27.1,16.5,0.2,14.0,37
brisbane_urban,2020-03-27,24.0,18.2,11.6,19.0,53
brisbane_urban,2020-03-28,26.1,16.6,10.0,14.0,44
brisbane_urban,2020-03-29,26.6,18.6,8.3,9.8,50
brisbane_urban,2020-03-30,27.6,16.8,0.1,11.5,69
brisbane_urban,2020-03-31,28.9,18.5,4.4,11.1,44
brisbane_urban,2020-04-01,27.6,18.4,0.2,14.5,18
brisbane_urban,2020-04-02,27.6,18.5,0.5,11.5,47
brisbane_urban,2020-04-03,28.5,18.7,0.1,16.5,53
brisbane_urban,2020-04-04,29.2,20.8,0.2,15.5,39
brisbane_urban,2020-04-05,28.1,17.4,0.0,15.9,1
brisbane_urban,2020-04-06,27.0,15.6,0.2,14.6,10
brisbane_urban,2020-04-07,27.0,16.2,0.1,11.5,50
brisbane_urban,2020-04-08,24.9,17.3,0.0,16.1,52
brisbane_urban,2020-04-09,25.3,17.3,0.6,17.3,67
brisbane_urban,2020-04-10,25.7,17.8,4.8,14.8,72
brisbane_urban,2020-04-11,30.7,18.8,0.0,22.1,42
brisbane_urban,2020-04-12,26.5,16.3,0.0,18.6,6
brisbane_urban,2020-04-13,25.8,13.5,0.0,13.9,40
brisbane_urban,2020-04-14,26.4,14.2,0.0,14.0,12
brisbane_urban,2020-04-15,25.6,15.2,0.3,12.3,22
brisbane_urban,2020-04-16,28.1,14.6,0.0,18.4,6
brisbane_urban,2020-04-17,32.8,16.7,0.0,13.0,42
brisbane_urban,2020-04-18,27.3,16.5,1.6,19.8,86
brisbane_urban,2020-04-19,24.7,15.5,1.4,14.0,47
brisbane_urban,2020-04-20,28.1,13.0,0.0,13.9,28
brisbane_urban,2020-04-21,27.5,14.5,0.0,12.0,55
brisbane_urban,2020-04-22,31.1,16.7,0.0,17.4,22
brisbane_urban,2020-04-23,26.3,15.9,0.0,12.6,29
brisbane_urban,2020-04-24,28.2,15.4,0.0,16.3,33
brisbane_urban,2020-04-25,27.0,15.8,0.0,13.4,24
brisbane_urban,2020-04-26,27.3,14.8,0.0,15.0,36
brisbane_urban,2020-04-27,27.8,15.2,0.2,10.6,35
brisbane_urban,2020-04-28,25.0,17.4,1.1,12.3,43
brisbane_urban,2020-04-29,26.0,16.3,0.8,12.7,40
brisbane_urban,2020-04-30,28.3,15.9,0.6,25.5,59
brisbane_urban,2020-05-01,22.4,13.6,0.0,28.8,17
brisbane_urban,2020-05-02,22.2,11.0,0.0,23.3,0
brisbane_urban,2020-05-03,24.2,12.8,0.0,22.4,0
brisbane_urban,2020-05-04,25.2,11.7,0.0,16.1,11
brisbane_urban,2020-05-05,24.2,12.0,0.2,18.9,13
brisbane_urban,2020-05-06,22.4,14.1,0.4,17.9,40
brisbane_urban,2020-05-07,24.1,13.3,1.0,13.0,55
brisbane_urban,2020-05-08,25.0,13.1,0.0,13.1,56
brisbane_urban,2020-05-09,24.9,13.7,0.1,13.2,78
brisbane_urban,2020-05-10,26.6,14.4,0.0,13.2,67
brisbane_urban,2020-05-11,23.6,13.1,0.6,16.9,26
brisbane_urban,2020-05-12,22.5,11.7,0.0,15.2,49
brisbane_urban,2020-05-13,22.5,12.6,0.5,10.7,62
brisbane_urban,2020-05-14,23.8,13.7,0.1,10.8,45
brisbane_urban,2020-05-15,24.2,12.0,0.0,12.5,8
brisbane_urban,2020-05-16,22.8,13.4,0.1,22.3,25
brisbane_urban,2020-05-17,23.0,13.6,0.4,18.9,21
brisbane_urban,2020-05-18,23.8,14.9,1.9,21.9,46
brisbane_urban,2020-05-19,22.0,13.4,1.1,16.6,39
brisbane_urban,2020-05-20,21.3,15.0,4.9,10.2,97
brisbane_urban,2020-05-21,19.5,15.0,5.9,17.7,99
brisbane_urban,2020-05-22,18.0,11.9,0.0,22.8,79
brisbane_urban,2020-05-23,15.0,10.8,0.0,22.0,97
brisbane_urban,2020-05-24,21.0,9.6,0.0,21.5,13
brisbane_urban,2020-05-25,23.0,11.8,0.0,15.1,14
brisbane_urban,2020-05-26,23.1,12.2,0.0,15.5,10
brisbane_urban,2020-05-27,23.8,12.7,0.0,11.0,67
brisbane_urban,2020-05-28,23.8,13.3,0.0,10.2,55
brisbane_urban,2020-05-29,22.8,13.8,0.3,14.8,33
brisbane_urban,2020-05-30,23.1,12.6,0.0,14.6,11
brisbane_urban,2020-05-31,20.5,13.1,0.2,9.4,76
brisbane_urban,2020-06-01,23.7,13.6,0.1,13.0,75
brisbane_urban,2020-06-02,19.0,12.5,0.0,26.0,1
brisbane_urban,2020-06-03,21.1,8.8,0.0,24.1,0
brisbane_urban,2020-06-04,21.4,9.9,0.0,16.1,22
brisbane_urban,2020-06-05,22.2,11.3,0.0,12.0,23
brisbane_urban,2020-06-06,22.4,9.8,0.0,11.8,7
brisbane_urban,2020-06-07,20.9,10.3,0.6,8.9,56
brisbane_urban,2020-06-08,21.4,10.9,0.3,12.2,17
brisbane_urban,2020-06-09,21.9,10.0,0.0,19.4,38
brisbane_urban,2020-06-10,21.9,14.5,5.1,11.9,61
brisbane_urban,2020-06-11,22.4,14.1,3.1,8.0,39
brisbane_urban,2020-06-12,23.9,12.3,0.0,10.1,52
brisbane_urban,2020-06-13,22.4,12.9,1.9,11.5,62
brisbane_urban,2020-06-14,23.6,17.9,12.3,15.9,74
brisbane_urban,2020-06-15,23.5,14.1,0.0,11.4,50
brisbane_urban,2020-06-16,21.7,14.0,1.0,15.0,42
brisbane_urban,2020-06-17,22.2,12.5,0.0,16.7,23
brisbane_urban,2020-06-18,21.6,13.2,1.9,20.9,47
brisbane_urban,2020-06-19,19.6,11.7,0.4,18.3,48
brisbane_urban,2020-06-20,18.1,11.7,0.7,9.8,58
brisbane_urban,2020-06-21,20.9,11.6,0.4,11.2,47
brisbane_urban,2020-06-22,19.5,10.1,0.0,19.7,8
brisbane_urban,2020-06-23,18.2,9.0,0.0,24.2,1
brisbane_urban,2020-06-24,19.4,9.0,0.0,18.7,0
brisbane_urban,2020-06-25,20.3,8.3,0.0,15.6,10
brisbane_urban,2020-06-26,20.7,9.0,0.0,12.3,33
brisbane_urban,2020-06-27,22.0,9.6,0.0,10.4,6
brisbane_urban,2020-06-28,16.4,12.1,3.3,9.8,95
brisbane_urban,2020-06-29,20.7,9.8,0.0,13.0,26
brisbane_urban,2020-06-30,19.5,9.6,1.1,9.2,24
brisbane_urban,2020-07-01,19.8,9.6,0.1,11.0,24
brisbane_urban,2020-07-02,22.2,9.3,0.0,12.0,43
brisbane_urban,2020-07-03,23.5,10.1,0.0,11.1,34
brisbane_urban,2020-07-04,19.4,10.8,0.0,23.7,4
brisbane_urban,2020-07-05,20.0,6.9,0.0,15.8,38
brisbane_urban,2020-07-06,20.7,7.6,0.0,11.0,26
brisbane_urban,2020-07-07,21.6,7.8,0.0,12.2,4
brisbane_urban,2020-07-08,22.5,9.7,0.2,17.2,31
brisbane_urban,2020-07-09,17.0,13.6,8.6,11.0,95
brisbane_urban,2020-07-10,21.6,13.2,0.4,14.7,68
brisbane_urban,2020-07-11,21.7,11.7,1.3,11.5,42
brisbane_urban,2020-07-12,21.9,11.8,2.3,16.0,57
brisbane_urban,2020-07-13,19.8,11.6,0.0,17.4,45
brisbane_urban,2020-07-14,17.2,9.1,0.0,31.7,1
brisbane_urban,2020-07-15,20.9,9.4,0.0,21.0,0
brisbane_urban,2020-07-16,20.5,9.4,0.0,19.1,0
brisbane_urban,2020-07-17,22.4,8.8,0.0,16.3,10
brisbane_urban,2020-07-18,22.4,10.3,0.0,11.2,4
brisbane_urban,2020-07-19,23.7,9.8,0.0,10.5,0
brisbane_urban,2020-07-20,24.3,9.4,0.0,13.7,17
brisbane_urban,2020-07-21,21.0,11.5,0.0,16.8,98
brisbane_urban,2020-07-22,18.3,11.7,0.3,13.5,98
brisbane_urban,2020-07-23,18.3,12.1,4.3,10.5,99
brisbane_urban,2020-07-24,16.8,13.4,10.5,18.2,79
brisbane_urban,2020-07-25,18.8,14.1,11.6,11.9,83
brisbane_urban,2020-07-26,21.5,14.2,9.3,18.8,78
brisbane_urban,2020-07-27,18.1,12.0,0.0,28.9,45
brisbane_urban,2020-07-28,20.7,11.1,0.0,18.0,24
brisbane_urban,2020-07-29,21.4,9.6,0.0,14.2,9
brisbane_urban,2020-07-30,22.4,11.0,0.0,12.7,10
brisbane_urban,2020-07-31,21.6,10.5,0.0,13.8,6
brisbane_urban,2020-08-01,21.2,11.0,0.0,14.1,22
brisbane_urban,2020-08-02,21.5,9.5,0.0,10.5,6
brisbane_urban,2020-08-03,20.7,10.5,0.0,10.0,38
brisbane_urban,2020-08-04,22.4,11.1,0.0,12.6,34
brisbane_urban,2020-08-05,25.0,7.9,0.0,10.3,5
brisbane_urban,2020-08-06,23.8,9.3,0.0,11.8,3
brisbane_urban,2020-08-07,21.6,13.8,18.9,23.6,82
brisbane_urban,2020-08-08,22.6,12.7,0.2,18.9,50
brisbane_urban,2020-08-09,17.7,9.6,0.0,21.4,1
brisbane_urban,2020-08-10,17.9,9.9,0.0,29.6,18
brisbane_urban,2020-08-11,21.5,10.1,0.0,16.5,26
brisbane_urban,2020-08-12,20.5,10.6,0.2,12.3,22
brisbane_urban,2020-08-13,25.3,10.1,0.0,13.6,6
brisbane_urban,2020-08-14,23.2,12.3,0.0,17.1,27
brisbane_urban,2020-08-15,24.2,15.0,7.6,19.1,59
brisbane_urban,2020-08-16,21.6,12.0,0.0,22.4,18
brisbane_urban,2020-08-17,21.2,11.3,0.0,19.5,12
brisbane_urban,2020-08-18,23.6,9.4,0.0,15.5,23
brisbane_urban,2020-08-19,25.3,11.9,0.0,24.8,21
brisbane_urban,2020-08-20,21.5,13.7,0.0,26.6,12
brisbane_urban,2020-08-21,21.7,9.7,0.0,22.1,24
brisbane_urban,2020-08-22,21.7,12.2,0.0,28.5,19
brisbane_urban,2020-08-23,19.6,9.7,0.0,28.6,1
brisbane_urban,2020-08-24,22.1,9.0,0.0,24.9,0
brisbane_urban,2020-08-25,22.0,7.4,0.0,14.9,0
brisbane_urban,2020-08-26,19.2,7.2,1.0,13.7,26
brisbane_urban,2020-08-27,21.1,8.2,0.0,14.7,20
brisbane_urban,2020-08-28,26.2,8.8,0.0,16.1,0
brisbane_urban,2020-08-29,22.4,11.5,0.0,17.1,24
brisbane_urban,2020-08-30,21.9,11.4,0.4,12.5,52
brisbane_urban,2020-08-31,26.6,9.8,0.0,15.5,6
brisbane_urban,2020-09-01,24.2,11.0,0.1,20.9,12
brisbane_urban,2020-09-02,23.7,12.9,0.9,14.4,48
brisbane_urban,2020-09-03,24.7,14.2,1.0,18.5,53
brisbane_urban,2020-09-04,24.2,14.9,0.1,18.1,40
brisbane_urban,2020-09-05,25.7,13.9,0.0,19.1,76
brisbane_urban,2020-09-06,22.6,15.1,3.2,22.2,57
brisbane_urban,2020-09-07,23.4,15.6,3.1,21.2,65
brisbane_urban,2020-09-08,22.9,12.6,0.1,18.5,34
brisbane_urban,2020-09-09,22.9,11.1,0.0,14.2,18
brisbane_urban,2020-09-10,20.1,11.8,6.3,22.7,80
brisbane_urban,2020-09-11,21.4,13.5,1.1,26.6,54
brisbane_urban,2020-09-12,21.7,12.0,0.0,19.7,30
brisbane_urban,2020-09-13,21.5,12.4,1.7,12.1,39
brisbane_urban,2020-09-14,26.1,12.0,0.0,15.9,24
brisbane_urban,2020-09-15,24.3,13.4,0.0,17.8,35
brisbane_urban,2020-09-16,23.4,13.3,0.2,14.5,26
brisbane_urban,2020-09-17,25.6,13.0,0.0,16.9,35
brisbane_urban,2020-09-18,24.5,14.6,2.3,19.4,53
brisbane_urban,2020-09-19,24.0,15.5,0.1,18.9,63
brisbane_urban,2020-09-20,25.9,15.8,0.4,13.2,42
brisbane_urban,2020-09-21,28.8,15.8,0.0,21.7,37
brisbane_urban,2020-09-22,30.1,18.6,0.0,18.6,51
brisbane_urban,2020-09-23,28.5,20.6,0.0,15.4,78
brisbane_urban,2020-09-24,28.9,16.3,0.0,15.9,38
brisbane_urban,2020-09-25,27.1,10.7,1.3,19.7,20
brisbane_urban,2020-09-26,23.7,14.3,0.0,26.2,0
brisbane_urban,2020-09-27,24.7,10.6,0.0,18.0,0
brisbane_urban,2020-09-28,23.0,10.9,0.1,17.3,25
brisbane_urban,2020-09-29,22.8,11.5,0.2,15.6,22
brisbane_urban,2020-09-30,23.3,11.9,0.0,14.9,42
brisbane_urban,2020-10-01,27.5,13.5,0.9,16.0,21
brisbane_urban,2020-10-02,29.1,13.8,0.0,19.6,7
brisbane_urban,2020-10-03,25.9,15.5,0.0,19.4,28
brisbane_urban,2020-10-04,25.6,16.8,0.0,16.4,43
brisbane_urban,2020-10-05,26.6,17.5,0.0,17.6,36
brisbane_urban,2020-10-06,25.5,14.7,0.6,15.3,40
brisbane_urban,2020-10-07,24.8,14.0,0.0,14.2,51
brisbane_urban,2020-10-08,26.8,13.9,0.0,18.4,30
brisbane_urban,2020-10-09,31.0,14.9,0.0,19.1,10
brisbane_urban,2020-10-10,28.0,14.3,0.0,18.8,10
brisbane_urban,2020-10-11,26.1,14.9,0.0,15.7,26
brisbane_urban,2020-10-12,25.4,17.6,0.0,17.0,74
brisbane_urban,2020-10-13,26.2,14.9,0.0,19.3,24
brisbane_urban,2020-10-14,23.1,15.0,2.4,22.0,33
brisbane_urban,2020-10-15,25.3,14.4,0.3,17.0,23
brisbane_urban,2020-10-16,28.5,13.4,0.0,18.6,7
brisbane_urban,2020-10-17,27.8,15.5,0.0,20.0,70
brisbane_urban,2020-10-18,29.6,15.8,0.1,21.4,58
brisbane_urban,2020-10-19,29.1,17.0,1.2,20.5,49
brisbane_urban,2020-10-20,26.5,16.1,0.0,20.1,61
brisbane_urban,2020-10-21,26.2,14.7,0.9,14.6,50
brisbane_urban,2020-10-22,23.6,17.8,26.0,15.8,82
brisbane_urban,2020-10-23,27.0,17.3,1.1,18.6,60
brisbane_urban,2020-10-24,25.8,19.9,8.7,17.8,95
brisbane_urban,2020-10-25,28.1,18.6,25.8,15.8,69
brisbane_urban,2020-10-26,27.7,18.2,5.7,12.8,44
brisbane_urban,2020-10-27,24.6,17.0,33.6,19.7,90
brisbane_urban,2020-10-28,25.3,16.4,17.8,14.8,77
brisbane_urban,2020-10-29,26.9,17.4,32.1,16.4,39
brisbane_urban,2020-10-30,28.6,14.2,0.0,20.9,6
brisbane_urban,2020-10-31,28.9,18.1,9.8,23.7,50
brisbane_urban,2020-11-01,30.0,16.0,0.0,18.0,0
brisbane_urban,2020-11-02,26.5,16.5,0.3,16.8,18
brisbane_urban,2020-11-03,26.1,14.6,0.0,20.9,8
brisbane_urban,2020-11-04,26.4,13.8,0.0,16.7,2
brisbane_urban,2020-11-05,30.3,15.8,0.0,21.8,18
brisbane_urban,2020-11-06,26.0,15.0,0.0,20.6,3
brisbane_urban,2020-11-07,25.0,16.6,0.3,18.1,62
brisbane_urban,2020-11-08,22.7,16.0,0.5,21.5,53
brisbane_urban,2020-11-09,23.9,14.2,0.0,18.4,39
brisbane_urban,2020-11-10,25.3,13.7,0.0,16.3,29
brisbane_urban,2020-11-11,26.3,14.4,0.0,14.6,22
brisbane_urban,2020-11-12,27.1,16.4,0.0,19.6,39
brisbane_urban,2020-11-13,25.4,17.5,1.5,23.0,72
brisbane_urban,2020-11-14,32.3,17.5,0.0,19.7,7
brisbane_urban,2020-11-15,30.2,18.9,0.0,16.9,19
brisbane_urban,2020-11-16,30.6,21.6,0.0,20.2,42
brisbane_urban,2020-11-17,32.5,20.6,1.1,18.1,73
brisbane_urban,2020-11-18,28.3,20.4,0.0,22.4,94
brisbane_urban,2020-11-19,27.8,17.5,0.0,18.8,41
brisbane_urban,2020-11-20,28.6,17.3,0.0,16.4,27
brisbane_urban,2020-11-21,30.2,18.0,0.0,16.3,35
brisbane_urban,2020-11-22,30.1,17.4,0.0,17.6,46
brisbane_urban,2020-11-23,33.0,17.4,0.0,19.8,3
brisbane_urban,2020-11-24,32.7,20.7,2.4,24.3,80
brisbane_urban,2020-11-25,26.4,20.2,1.3,18.1,80
brisbane_urban,2020-11-26,28.9,17.4,0.0,17.4,20
brisbane_urban,2020-11-27,27.5,18.3,0.4,18.2,35
brisbane_urban,2020-11-28,29.1,19.0,0.0,19.5,41
brisbane_urban,2020-11-29,32.7,17.3,0.0,21.6,43
brisbane_urban,2020-11-30,30.8,19.4,0.0,18.6,51
brisbane_urban,2020-12-01,32.6,21.6,0.0,20.2,45
brisbane_urban,2020-12-02,31.9,22.1,0.0,19.1,27
brisbane_urban,2020-12-03,30.8,23.2,0.9,15.1,69
brisbane_urban,2020-12-04,34.6,22.1,0.0,16.1,70
brisbane_urban,2020-12-05,32.6,21.5,0.0,20.1,27
brisbane_urban,2020-12-06,36.0,21.9,0.0,23.3,59
brisbane_urban,2020-12-07,34.7,23.2,13.8,14.7,75
brisbane_urban,2020-12-08,32.6,21.8,0.1,19.5,85
brisbane_urban,2020-12-09,26.2,20.2,0.2,16.3,48
brisbane_urban,2020-12-10,28.3,19.7,0.7,16.3,50
brisbane_urban,2020-12-11,25.4,18.7,12.6,17.4,96
brisbane_urban,2020-12-12,23.4,17.4,21.2,15.8,77
brisbane_urban,2020-12-13,21.7,18.6,83.4,27.9,100
brisbane_urban,2020-12-14,23.8,20.6,47.9,30.6,97
brisbane_urban,2020-12-15,27.9,20.8,4.9,17.1,66
brisbane_urban,2020-12-16,28.4,20.9,10.8,16.8,67
brisbane_urban,2020-12-17,27.3,22.3,8.0,21.2,77
brisbane_urban,2020-12-18,28.8,21.5,0.4,21.4,31
brisbane_urban,2020-12-19,28.7,22.7,1.5,16.3,46
brisbane_urban,2020-12-20,29.5,22.4,0.0,18.0,52
brisbane_urban,2020-12-21,29.0,22.1,0.3,19.9,62
brisbane_urban,2020-12-22,32.5,21.3,2.2,15.9,63
brisbane_urban,2020-12-23,31.1,20.9,0.0,21.9,88
brisbane_urban,2020-12-24,27.4,18.3,0.0,14.5,79
brisbane_urban,2020-12-25,27.7,19.5,1.8,13.4,62
brisbane_urban,2020-12-26,26.7,18.7,0.4,16.6,33
brisbane_urban,2020-12-27,27.8,19.6,0.1,14.9,38
brisbane_urban,2020-12-28,29.7,18.9,0.0,17.8,45
brisbane_urban,2020-12-29,28.7,21.4,2.0,14.7,91
brisbane_urban,2020-12-30,25.5,20.9,6.5,10.2,99
brisbane_urban,2020-12-31,28.5,19.8,0.5,23.0,24
brisbane_urban,2021-01-01,26.9,20.7,5.0,14.2,61
brisbane_urban,2021-01-02,27.5,20.2,2.1,14.4,44
brisbane_urban,2021-01-03,28.8,20.5,1.7,15.3,44
brisbane_urban,2021-01-04,28.1,22.6,1.3,16.0,84
brisbane_urban,2021-01-05,31.9,21.8,0.5,15.6,55
brisbane_urban,2021-01-06,32.2,21.9,3.1,14.0,52
brisbane_urban,2021-01-07,25.7,21.4,2.4,18.4,97
brisbane_urban,2021-01-08,22.6,19.1,14.5,20.2,93
brisbane_urban,2021-01-09,25.0,17.8,6.1,20.4,96
brisbane_urban,2021-01-10,25.4,18.3,0.2,22.8,45
brisbane_urban,2021-01-11,26.4,17.6,1.5,19.8,43
brisbane_urban,2021-01-12,28.0,17.0,0.3,17.9,28
brisbane_urban,2021-01-13,29.0,18.1,0.0,17.8,25
brisbane_urban,2021-01-14,29.5,18.9,0.0,16.8,24
brisbane_urban,2021-01-15,31.2,18.3,0.0,18.3,18
brisbane_urban,2021-01-16,33.9,21.0,28.5,13.3,42
brisbane_urban,2021-01-17,28.3,21.6,1.6,13.7,65
brisbane_urban,2021-01-18,29.2,21.2,35.3,17.9,72
brisbane_urban,2021-01-19,29.2,20.6,20.2,15.5,57
brisbane_urban,2021-01-20,25.2,20.6,4.1,18.9,41
brisbane_urban,2021-01-21,26.1,18.6,0.5,15.3,45
brisbane_urban,2021-01-22,27.7,18.5,0.0,14.8,44
brisbane_urban,2021-01-23,27.0,17.5,0.5,13.7,32
brisbane_urban,2021-01-24,29.0,19.3,0.5,19.5,48
brisbane_urban,2021-01-25,26.4,19.9,2.2,13.7,52
brisbane_urban,2021-01-26,29.2,17.9,0.0,15.7,28
brisbane_urban,2021-01-27,29.3,20.5,1.4,15.2,43
brisbane_urban,2021-01-28,28.9,21.8,2.6,21.0,58
brisbane_urban,2021-01-29,27.9,20.7,2.5,19.3,48
brisbane_urban,2021-01-30,29.1,20.0,0.1,15.6,35
brisbane_urban,2021-01-31,27.9,21.1,7.6,14.8,51
brisbane_urban,2021-02-01,27.2,20.6,0.9,18.5,44
brisbane_urban,2021-02-02,23.9,20.5,49.3,8.5,72
brisbane_urban,2021-02-03,27.5,19.6,0.8,19.2,35
brisbane_urban,2021-02-04,27.6,17.4,0.3,13.4,29
brisbane_urban,2021-02-05,28.5,19.3,0.5,14.7,51
brisbane_urban,2021-02-06,30.1,19.3,0.2,14.8,72
brisbane_urban,2021-02-07,32.9,19.9,1.2,13.6,37
brisbane_urban,2021-02-08,28.6,21.7,20.8,20.0,62
brisbane_urban,2021-02-09,27.8,18.7,0.0,21.0,31
brisbane_urban,2021-02-10,25.7,17.6,1.2,15.1,42
brisbane_urban,2021-02-11,26.3,17.3,0.8,14.8,27
brisbane_urban,2021-02-12,28.1,18.3,0.7,18.1,56
brisbane_urban,2021-02-13,32.9,18.7,0.2,21.6,51
brisbane_urban,2021-02-14,28.7,21.8,5.9,21.5,74
brisbane_urban,2021-02-15,27.8,19.7,0.2,18.0,40
brisbane_urban,2021-02-16,28.3,18.9,2.5,20.6,40
brisbane_urban,2021-02-17,26.2,18.2,1.5,25.3,30
brisbane_urban,2021-02-18,26.4,19.2,2.8,22.3,66
brisbane_urban,2021-02-19,28.3,20.5,1.8,15.3,95
brisbane_urban,2021-02-20,27.9,20.7,0.5,10.1,97
brisbane_urban,2021-02-21,33.0,20.6,0.4,19.2,29
brisbane_urban,2021-02-22,33.8,20.8,0.0,20.4,17
brisbane_urban,2021-02-23,31.3,21.9,0.8,17.8,37
brisbane_urban,2021-02-24,28.0,20.9,7.9,18.7,65
brisbane_urban,2021-02-25,27.7,21.3,3.9,13.5,57
brisbane_urban,2021-02-26,30.9,21.4,0.0,14.5,27
brisbane_urban,2021-02-27,29.7,20.9,1.0,13.0,79
brisbane_urban,2021-02-28,29.2,22.9,1.9,12.3,89
brisbane_urban,2021-03-01,28.3,21.6,1.0,8.7,97
brisbane_urban,2021-03-02,32.8,21.6,2.5,15.4,40
brisbane_urban,2021-03-03,25.9,21.5,12.9,19.7,78
brisbane_urban,2021-03-04,24.5,19.2,3.3,16.5,50
brisbane_urban,2021-03-05,30.2,16.7,0.1,12.5,21
brisbane_urban,2021-03-06,26.7,19.0,0.4,15.4,32
brisbane_urban,2021-03-07,26.5,19.8,1.1,14.9,53
brisbane_urban,2021-03-08,29.0,20.4,0.5,19.8,72
brisbane_urban,2021-03-09,29.4,20.8,0.7,16.1,44
brisbane_urban,2021-03-10,29.4,20.2,4.7,13.4,65
brisbane_urban,2021-03-11,24.8,20.8,22.3,9.3,93
brisbane_urban,2021-03-12,26.9,20.0,5.7,14.4,70
brisbane_urban,2021-03-13,27.9,19.9,0.8,14.2,37
brisbane_urban,2021-03-14,29.0,20.0,0.1,16.6,44
brisbane_urban,2021-03-15,23.5,20.1,33.6,14.5,97
brisbane_urban,2021-03-16,23.4,18.6,13.8,20.6,99
brisbane_urban,2021-03-17,20.9,17.6,25.2,13.3,99
brisbane_urban,2021-03-18,26.5,18.3,2.6,10.6,82
brisbane_urban,2021-03-19,27.9,18.9,3.0,12.3,56
brisbane_urban,2021-03-20,26.4,20.1,12.5,11.3,94
brisbane_urban,2021-03-21,25.6,21.0,11.8,12.8,99
brisbane_urban,2021-03-22,22.8,21.6,119.8,17.3,100
brisbane_urban,2021-03-23,24.4,21.9,57.5,15.1,92
brisbane_urban,2021-03-24,29.6,21.2,7.6,19.6,28
brisbane_urban,2021-03-25,29.8,18.2,0.0,16.8,0
brisbane_urban,2021-03-26,28.4,17.2,0.0,16.0,18
brisbane_urban,2021-03-27,28.5,17.4,0.2,17.2,41
brisbane_urban,2021-03-28,29.5,16.5,0.0,11.8,48
brisbane_urban,2021-03-29,27.3,17.0,0.6,11.9,25
brisbane_urban,2021-03-30,24.5,17.7,0.8,17.6,21
brisbane_urban,2021-03-31,25.4,15.9,0.5,16.3,26
brisbane_urban,2021-04-01,23.5,16.3,1.5,16.1,38
brisbane_urban,2021-04-02,25.7,17.2,1.0,23.0,43
brisbane_urban,2021-04-03,23.7,17.6,2.2,22.9,77
brisbane_urban,2021-04-04,21.9,18.6,22.4,13.6,99
brisbane_urban,2021-04-05,22.1,20.1,22.6,17.8,100
brisbane_urban,2021-04-06,22.4,19.2,28.9,19.3,94
brisbane_urban,2021-04-07,26.2,18.8,11.9,17.3,61
brisbane_urban,2021-04-08,26.1,18.3,1.7,19.2,19
brisbane_urban,2021-04-09,28.5,17.1,0.0,11.0,7
brisbane_urban,2021-04-10,32.0,17.3,0.0,14.5,5
brisbane_urban,2021-04-11,28.2,16.8,0.0,17.9,29
brisbane_urban,2021-04-12,23.1,12.4,0.0,16.6,18
brisbane_urban,2021-04-13,22.9,13.5,0.0,11.8,25
brisbane_urban,2021-04-14,24.5,12.1,0.0,12.8,11
brisbane_urban,2021-04-15,26.5,13.6,0.0,13.2,14
brisbane_urban,2021-04-16,28.6,14.4,0.0,17.8,11
brisbane_urban,2021-04-17,22.9,16.8,8.3,12.1,70
brisbane_urban,2021-04-18,23.4,13.5,0.5,12.5,29
brisbane_urban,2021-04-19,24.1,12.9,0.0,11.8,5
brisbane_urban,2021-04-20,26.2,12.9,0.0,12.8,35
brisbane_urban,2021-04-21,28.7,14.9,0.0,20.9,1
brisbane_urban,2021-04-22,22.6,11.7,0.0,13.1,71
brisbane_urban,2021-04-23,22.8,11.1,0.0,13.1,6
brisbane_urban,2021-04-24,23.4,10.8,0.0,13.5,18
brisbane_urban,2021-04-25,24.5,12.3,0.0,10.3,12
brisbane_urban,2021-04-26,23.0,13.6,0.3,9.4,23
brisbane_urban,2021-04-27,24.3,13.5,0.1,12.5,22
brisbane_urban,2021-04-28,23.4,14.3,0.4,14.4,46
brisbane_urban,2021-04-29,23.2,14.5,0.8,15.1,78
brisbane_urban,2021-04-30,22.0,15.6,9.6,14.8,63
brisbane_urban,2021-05-01,21.1,16.0,10.3,15.5,77
brisbane_urban,2021-05-02,22.2,16.0,5.3,16.7,77
brisbane_urban,2021-05-03,23.7,15.1,2.4,9.8,33
brisbane_urban,2021-05-04,23.8,14.0,4.6,10.0,52
brisbane_urban,2021-05-05,18.9,12.5,12.7,20.5,54
brisbane_urban,2021-05-06,23.3,11.5,0.0,18.6,20
brisbane_urban,2021-05-07,24.3,13.9,0.1,16.9,66
brisbane_urban,2021-05-08,25.6,16.2,0.0,10.4,45
brisbane_urban,2021-05-09,24.9,15.9,0.0,8.6,67
brisbane_urban,2021-05-10,27.3,14.6,0.1,9.4,21
brisbane_urban,2021-05-11,26.0,15.2,1.3,12.3,26
brisbane_urban,2021-05-12,23.5,16.8,22.4,9.8,75
brisbane_urban,2021-05-13,23.6,14.4,4.6,18.1,31
brisbane_urban,2021-05-14,23.3,12.1,0.0,16.9,0
brisbane_urban,2021-05-15,22.7,11.3,0.0,17.9,24
brisbane_urban,2021-05-16,20.0,9.7,0.0,15.8,7
brisbane_urban,2021-05-17,21.8,9.0,0.0,14.8,1
brisbane_urban,2021-05-18,21.9,9.8,0.0,13.4,17
brisbane_urban,2021-05-19,21.4,12.3,1.1,12.6,30
brisbane_urban,2021-05-20,22.1,12.1,0.1,10.4,19
brisbane_urban,2021-05-21,21.8,11.3,0.0,15.3,27
brisbane_urban,2021-05-22,22.3,12.7,0.1,14.8,20
brisbane_urban,2021-05-23,22.5,13.3,0.1,10.6,19
brisbane_urban,2021-05-24,23.3,13.1,0.0,14.3,14
brisbane_urban,2021-05-25,22.8,12.8,0.0,9.9,35
brisbane_urban,2021-05-26,24.3,11.8,0.0,10.2,34
brisbane_urban,2021-05-27,22.9,13.6,0.1,13.8,29
brisbane_urban,2021-05-28,20.9,10.8,0.0,13.4,4
brisbane_urban,2021-05-29,20.2,9.8,0.0,16.7,62
brisbane_urban,2021-05-30,20.6,11.6,0.0,14.3,90
brisbane_urban,2021-05-31,21.2,10.9,0.0,12.7,19
brisbane_urban,2021-06-01,21.9,10.4,0.0,10.4,35
brisbane_urban,2021-06-02,22.4,11.8,0.0,9.7,64
brisbane_urban,2021-06-03,19.3,13.4,8.5,11.3,74
brisbane_urban,2021-06-04,21.3,12.7,0.0,18.7,15
brisbane_urban,2021-06-05,20.7,10.1,0.0,16.9,9
brisbane_urban,2021-06-06,20.2,9.0,0.0,11.8,0
brisbane_urban,2021-06-07,21.1,8.4,0.0,11.1,7
brisbane_urban,2021-06-08,20.6,9.5,0.2,15.5,84
brisbane_urban,2021-06-09,16.8,10.2,4.0,25.7,26
brisbane_urban,2021-06-10,17.4,6.1,0.0,13.6,0
brisbane_urban,2021-06-11,18.4,7.6,0.0,11.5,44
brisbane_urban,2021-06-12,20.4,8.0,0.0,12.4,4
brisbane_urban,2021-06-13,21.1,9.0,0.0,13.8,10
brisbane_urban,2021-06-14,21.2,8.1,0.0,10.8,12
brisbane_urban,2021-06-15,21.1,10.2,9.3,8.4,48
brisbane_urban,2021-06-16,22.9,11.3,0.0,11.8,69
brisbane_urban,2021-06-17,22.2,11.8,1.4,19.4,17
brisbane_urban,2021-06-18,19.3,10.1,0.0,22.3,46
brisbane_urban,2021-06-19,18.3,10.8,0.0,24.6,12
brisbane_urban,2021-06-20,21.5,10.3,0.0,18.3,9
brisbane_urban,2021-06-21,21.2,9.7,0.0,12.8,9
brisbane_urban,2021-06-22,21.1,10.5,0.0,19.4,25
brisbane_urban,2021-06-23,21.7,12.6,0.7,11.6,91
brisbane_urban,2021-06-24,20.4,13.3,1.5,13.1,93
brisbane_urban,2021-06-25,19.3,15.7,10.3,12.2,100
brisbane_urban,2021-06-26,18.2,13.2,4.9,14.9,96
brisbane_urban,2021-06-27,20.7,9.5,0.0,13.0,36
brisbane_urban,2021-06-28,20.6,9.3,0.0,15.4,17
brisbane_urban,2021-06-29,20.0,10.9,1.4,17.2,36
brisbane_urban,2021-06-30,20.6,12.5,2.2,12.1,42
brisbane_urban,2021-07-01,20.3,11.6,4.6,13.8,65
brisbane_urban,2021-07-02,20.2,13.6,11.7,13.9,73
brisbane_urban,2021-07-03,17.9,14.8,17.1,9.3,87
brisbane_urban,2021-07-04,21.0,12.8,0.4,12.3,25
brisbane_urban,2021-07-05,18.8,9.5,0.0,15.3,59
brisbane_urban,2021-07-06,19.0,8.6,0.0,10.0,59
brisbane_urban,2021-07-07,19.8,7.5,0.0,10.9,16
brisbane_urban,2021-07-08,18.7,8.0,0.4,9.7,47
brisbane_urban,2021-07-09,19.9,13.1,9.4,12.3,57
brisbane_urban,2021-07-10,18.4,11.4,0.0,28.2,0
brisbane_urban,2021-07-11,20.8,10.0,0.0,17.4,23
brisbane_urban,2021-07-12,19.2,9.4,1.9,10.0,29
brisbane_urban,2021-07-13,20.5,8.1,0.2,10.6,63
brisbane_urban,2021-07-14,20.7,10.5,0.0,15.0,68
brisbane_urban,2021-07-15,21.9,14.9,0.5,13.5,62
brisbane_urban,2021-07-16,23.4,16.0,6.2,25.1,32
brisbane_urban,2021-07-17,19.5,12.5,0.0,27.4,2
brisbane_urban,2021-07-18,19.3,10.5,0.0,22.7,27
brisbane_urban,2021-07-19,20.2,7.7,0.0,14.2,1
brisbane_urban,2021-07-20,18.1,8.4,0.0,19.9,18
brisbane_urban,2021-07-21,15.7,8.7,0.0,27.9,12
brisbane_urban,2021-07-22,18.5,6.1,0.0,15.3,10
brisbane_urban,2021-07-23,18.0,8.3,5.5,13.8,62
brisbane_urban,2021-07-24,21.4,10.9,1.1,23.0,8
brisbane_urban,2021-07-25,19.6,10.6,0.0,30.2,4
brisbane_urban,2021-07-26,21.1,9.1,0.0,18.9,50
brisbane_urban,2021-07-27,21.3,6.3,0.0,14.5,1
brisbane_urban,2021-07-28,23.1,8.9,0.0,16.3,6
brisbane_urban,2021-07-29,24.6,11.5,0.2,22.9,28
brisbane_urban,2021-07-30,20.6,8.1,0.0,13.4,11
brisbane_urban,2021-07-31,21.7,9.1,0.0,17.8,2
brisbane_urban,2021-08-01,25.8,9.7,0.0,12.6,13
brisbane_urban,2021-08-02,23.8,12.2,0.0,16.1,37
brisbane_urban,2021-08-03,24.4,15.7,0.1,24.6,88
brisbane_urban,2021-08-04,19.2,11.0,0.4,25.8,8
brisbane_urban,2021-08-05,20.4,9.4,0.0,22.1,0
brisbane_urban,2021-08-06,21.4,8.6,0.0,12.9,36
brisbane_urban,2021-08-07,22.0,8.8,0.0,11.6,20
brisbane_urban,2021-08-08,21.7,8.3,0.0,15.9,13
brisbane_urban,2021-08-09,18.9,12.0,1.2,17.1,69
brisbane_urban,2021-08-10,20.0,10.0,0.0,13.6,44
brisbane_urban,2021-08-11,21.1,10.6,0.2,13.2,32
brisbane_urban,2021-08-12,23.1,11.9,0.0,12.7,19
brisbane_urban,2021-08-13,24.3,13.7,0.1,9.8,40
brisbane_urban,2021-08-14,22.4,13.7,1.3,9.4,62
brisbane_urban,2021-08-15,23.5,13.0,0.0,13.6,56
brisbane_urban,2021-08-16,26.3,12.5,0.6,15.9,24
brisbane_urban,2021-08-17,23.0,10.9,0.0,13.7,9
brisbane_urban,2021-08-18,18.9,11.8,0.2,13.8,65
brisbane_urban,2021-08-19,21.1,10.3,0.5,10.1,26
brisbane_urban,2021-08-20,22.7,10.6,0.2,10.5,33
brisbane_urban,2021-08-21,25.3,11.2,0.0,13.6,20
brisbane_urban,2021-08-22,24.6,11.3,0.0,15.1,10
brisbane_urban,2021-08-23,23.7,12.9,0.0,20.4,26
brisbane_urban,2021-08-24,20.1,11.7,10.3,30.7,40
brisbane_urban,2021-08-25,20.8,9.2,0.0,21.0,0
brisbane_urban,2021-08-26,20.8,8.8,0.0,16.9,21
brisbane_urban,2021-08-27,22.5,8.7,0.0,17.6,0
brisbane_urban,2021-08-28,24.4,7.9,0.0,13.0,5
brisbane_urban,2021-08-29,22.9,9.1,0.0,16.6,13
brisbane_urban,2021-08-30,26.8,13.0,0.0,16.1,38
brisbane_urban,2021-08-31,25.8,12.1,0.5,11.7,50
brisbane_urban,2021-09-01,26.2,16.0,0.0,12.7,51
brisbane_urban,2021-09-02,23.5,16.3,0.8,18.0,56
brisbane_urban,2021-09-03,22.9,14.6,0.1,18.1,64
brisbane_urban,2021-09-04,22.9,13.4,0.3,12.5,48
brisbane_urban,2021-09-05,24.8,13.9,1.3,24.8,69
brisbane_urban,2021-09-06,22.9,10.6,0.0,21.5,44
brisbane_urban,2021-09-07,23.5,9.5,0.0,15.8,0
brisbane_urban,2021-09-08,23.2,8.3,0.0,15.4,15
brisbane_urban,2021-09-09,24.1,10.9,0.0,13.3,10
brisbane_urban,2021-09-10,29.5,10.1,0.0,13.5,4
brisbane_urban,2021-09-11,25.6,10.9,0.0,19.2,34
brisbane_urban,2021-09-12,26.1,10.8,0.0,24.9,3
brisbane_urban,2021-09-13,29.5,14.3,1.1,16.1,15
brisbane_urban,2021-09-14,22.1,12.3,0.0,28.7,10
brisbane_urban,2021-09-15,24.0,9.3,0.0,21.3,10
brisbane_urban,2021-09-16,22.6,10.1,0.1,18.4,22
brisbane_urban,2021-09-17,23.0,10.7,0.1,15.3,21
brisbane_urban,2021-09-18,25.4,12.2,0.0,21.3,27
brisbane_urban,2021-09-19,28.1,14.6,0.0,16.4,21
brisbane_urban,2021-09-20,28.0,14.3,0.1,22.1,34
brisbane_urban,2021-09-21,24.2,12.3,0.3,33.7,15
brisbane_urban,2021-09-22,23.9,9.7,0.0,18.1,4
brisbane_urban,2021-09-23,25.0,10.3,0.0,16.2,0
brisbane_urban,2021-09-24,27.2,11.0,0.0,21.4,0
brisbane_urban,2021-09-25,29.7,11.6,0.0,17.9,37
brisbane_urban,2021-09-26,24.9,14.6,0.5,19.7,60
brisbane_urban,2021-09-27,19.8,14.5,1.8,18.4,73
brisbane_urban,2021-09-28,21.3,13.7,0.0,14.9,64
brisbane_urban,2021-09-29,22.0,16.2,0.1,21.6,98
brisbane_urban,2021-09-30,25.9,15.3,11.4,17.9,84
brisbane_urban,2021-10-01,25.5,15.3,5.7,14.2,81
brisbane_urban,2021-10-02,27.7,12.3,0.6,24.2,20
brisbane_urban,2021-10-03,30.3,13.4,0.0,17.3,33
brisbane_urban,2021-10-04,35.9,12.9,0.0,21.7,2
brisbane_urban,2021-10-05,30.3,16.0,0.0,18.2,0
brisbane_urban,2021-10-06,26.9,13.6,0.0,17.2,1
brisbane_urban,2021-10-07,26.2,12.2,0.4,18.1,67
brisbane_urban,2021-10-08,29.2,16.1,0.0,19.5,23
brisbane_urban,2021-10-09,27.7,16.0,0.0,17.4,38
brisbane_urban,2021-10-10,29.1,17.2,0.0,22.4,8
brisbane_urban,2021-10-11,29.7,16.0,7.3,18.3,67
brisbane_urban,2021-10-12,21.1,16.2,38.0,15.5,80
brisbane_urban,2021-10-13,23.2,16.5,5.1,17.7,72
brisbane_urban,2021-10-14,23.1,18.6,3.8,17.3,93
brisbane_urban,2021-10-15,29.2,16.5,0.9,22.6,42
brisbane_urban,2021-10-16,26.1,13.9,0.0,23.3,0
brisbane_urban,2021-10-17,26.5,12.2,0.0,17.8,26
brisbane_urban,2021-10-18,24.4,14.6,4.1,23.4,96
brisbane_urban,2021-10-19,25.8,14.4,1.5,8.9,68
brisbane_urban,2021-10-20,25.3,15.0,0.6,17.1,46
brisbane_urban,2021-10-21,23.1,16.5,2.1,14.3,70
brisbane_urban,2021-10-22,25.6,18.1,10.9,16.2,60
brisbane_urban,2021-10-23,27.8,20.1,0.2,19.7,63
brisbane_urban,2021-10-24,33.0,19.7,0.0,20.6,61
brisbane_urban,2021-10-25,25.9,18.4,10.2,11.1,73
brisbane_urban,2021-10-26,24.5,18.6,6.0,16.3,82
brisbane_urban,2021-10-27,27.6,18.3,2.4,16.4,63
brisbane_urban,2021-10-28,30.2,19.2,0.0,21.3,25
brisbane_urban,2021-10-29,29.0,20.4,3.3,16.3,95
brisbane_urban,2021-10-30,32.4,19.3,0.4,17.4,74
brisbane_urban,2021-10-31,22.8,17.1,0.2,24.2,91
brisbane_urban,2021-11-01,24.0,14.3,0.0,15.8,87
brisbane_urban,2021-11-02,23.7,16.1,0.2,15.0,71
brisbane_urban,2021-11-03,24.1,15.5,0.0,16.5,73
brisbane_urban,2021-11-04,24.8,15.1,1.3,16.2,86
brisbane_urban,2021-11-05,24.0,15.6,4.0,15.3,77
brisbane_urban,2021-11-06,23.2,16.5,2.7,15.5,72
brisbane_urban,2021-11-07,26.2,17.3,5.3,22.4,84
brisbane_urban,2021-11-08,29.3,19.6,15.6,17.6,80
brisbane_urban,2021-11-09,26.9,19.1,0.9,15.1,86
brisbane_urban,2021-11-10,28.3,21.0,21.6,19.2,84
brisbane_urban,2021-11-11,29.4,21.8,26.0,25.6,99
brisbane_urban,2021-11-12,28.4,22.9,29.1,18.9,72
brisbane_urban,2021-11-13,25.9,16.0,0.0,25.8,1
brisbane_urban,2021-11-14,27.2,13.6,0.0,18.1,0
brisbane_urban,2021-11-15,29.3,15.1,0.0,18.7,7
brisbane_urban,2021-11-16,29.1,15.3,0.0,16.4,68
brisbane_urban,2021-11-17,25.5,17.5,2.6,19.4,68
brisbane_urban,2021-11-18,24.8,17.9,1.3,14.7,61
brisbane_urban,2021-11-19,27.4,16.5,0.2,17.1,49
brisbane_urban,2021-11-20,29.6,17.1,0.0,15.8,49
brisbane_urban,2021-11-21,27.8,20.3,2.4,11.7,99
brisbane_urban,2021-11-22,24.4,19.8,12.1,17.0,98
brisbane_urban,2021-11-23,24.9,18.0,18.2,17.3,89
brisbane_urban,2021-11-24,26.2,19.8,3.6,17.7,95
brisbane_urban,2021-11-25,24.8,20.2,8.5,14.4,99
brisbane_urban,2021-11-26,27.2,20.7,33.6,15.5,96
brisbane_urban,2021-11-27,26.7,20.8,2.8,15.3,93
brisbane_urban,2021-11-28,26.5,19.6,0.7,19.7,84
brisbane_urban,2021-11-29,25.9,19.6,7.1,18.5,100
brisbane_urban,2021-11-30,23.3,20.5,42.8,12.0,100
brisbane_urban,2021-12-01,24.6,19.5,50.7,10.0,92
brisbane_urban,2021-12-02,28.5,20.5,4.6,12.8,66
brisbane_urban,2021-12-03,28.8,19.9,0.8,14.2,22
brisbane_urban,2021-12-04,29.2,19.0,0.0,11.5,63
brisbane_urban,2021-12-05,27.4,18.8,5.8,20.4,41
brisbane_urban,2021-12-06,26.9,17.1,0.5,15.5,66
brisbane_urban,2021-12-07,27.3,18.2,3.1,13.1,91
brisbane_urban,2021-12-08,28.7,19.6,11.5,8.1,89
brisbane_urban,2021-12-09,30.9,18.6,3.5,16.6,55
brisbane_urban,2021-12-10,29.3,19.1,16.8,13.8,48
brisbane_urban,2021-12-11,29.0,16.3,0.0,21.0,12
brisbane_urban,2021-12-12,26.9,18.2,1.6,18.5,38
brisbane_urban,2021-12-13,26.5,17.8,0.3,15.7,20
brisbane_urban,2021-12-14,30.5,17.3,0.0,19.9,7
brisbane_urban,2021-12-15,30.3,16.4,0.0,16.8,10
brisbane_urban,2021-12-16,30.3,17.2,0.0,14.0,85
brisbane_urban,2021-12-17,29.3,19.3,3.2,13.7,68
brisbane_urban,2021-12-18,28.3,18.5,1.1,14.5,48
brisbane_urban,2021-12-19,29.2,17.5,0.0,17.6,31
brisbane_urban,2021-12-20,32.4,19.5,0.0,16.1,68
brisbane_urban,2021-12-21,32.0,21.2,0.0,16.0,58
brisbane_urban,2021-12-22,31.1,19.3,0.0,16.4,27
brisbane_urban,2021-12-23,29.9,19.2,2.9,13.2,84
brisbane_urban,2021-12-24,29.2,21.3,4.8,16.5,92
brisbane_urban,2021-12-25,28.9,20.6,2.8,14.9,90
brisbane_urban,2021-12-26,27.6,19.8,4.4,14.5,83
brisbane_urban,2021-12-27,28.4,19.4,21.1,12.5,92
brisbane_urban,2021-12-28,23.8,19.3,0.8,23.9,72
brisbane_urban,2021-12-29,25.4,17.3,0.7,20.1,67
brisbane_urban,2021-12-30,26.3,16.5,0.3,20.2,33
brisbane_urban,2021-12-31,25.1,17.5,2.1,20.7,72
brisbane_urban,2022-01-01,25.5,19.5,14.3,13.3,82
brisbane_urban,2022-01-02,27.5,18.4,2.6,21.1,26
brisbane_urban,2022-01-03,28.7,19.4,0.0,23.7,29
brisbane_urban,2022-01-04,30.4,21.7,3.6,27.9,43
brisbane_urban,2022-01-05,28.4,21.5,2.2,20.6,59
brisbane_urban,2022-01-06,28.1,22.2,6.2,23.1,73
brisbane_urban,2022-01-07,25.3,22.7,20.2,23.1,94
brisbane_urban,2022-01-08,25.9,22.6,9.5,15.9,100
brisbane_urban,2022-01-09,28.1,22.2,3.3,15.9,51
brisbane_urban,2022-01-10,28.9,21.0,0.0,15.7,27
brisbane_urban,2022-01-11,28.5,20.3,0.7,18.7,52
brisbane_urban,2022-01-12,28.2,18.0,0.7,17.9,33
brisbane_urban,2022-01-13,28.6,19.1,0.6,15.9,29
brisbane_urban,2022-01-14,27.2,17.4,3.7,15.5,40
brisbane_urban,2022-01-15,28.9,19.5,0.0,18.4,38
brisbane_urban,2022-01-16,30.9,21.6,1.1,17.2,54
brisbane_urban,2022-01-17,31.2,22.3,1.8,17.4,57
brisbane_urban,2022-01-18,29.7,22.7,0.7,15.6,71
brisbane_urban,2022-01-19,29.9,22.1,15.6,15.0,72
brisbane_urban,2022-01-20,23.9,20.1,18.6,19.3,98
brisbane_urban,2022-01-21,27.0,19.1,2.3,26.5,44
brisbane_urban,2022-01-22,25.5,19.0,1.0,18.5,60
brisbane_urban,2022-01-23,27.2,18.0,1.5,16.6,35
brisbane_urban,2022-01-24,28.5,18.2,0.7,13.4,75
brisbane_urban,2022-01-25,29.0,20.3,1.6,12.8,92
brisbane_urban,2022-01-26,25.8,21.3,13.0,12.8,84
brisbane_urban,2022-01-27,26.9,20.9,0.0,15.8,86
brisbane_urban,2022-01-28,28.4,20.9,1.4,16.4,60
brisbane_urban,2022-01-29,29.1,20.7,0.9,19.1,28
brisbane_urban,2022-01-30,29.5,19.9,1.1,17.0,40
brisbane_urban,2022-01-31,30.7,20.8,2.0,11.1,31
brisbane_urban,2022-02-01,34.6,21.8,2.0,14.6,44
brisbane_urban,2022-02-02,33.9,24.9,9.4,11.6,91
brisbane_urban,2022-02-03,30.1,21.1,52.6,16.1,97
brisbane_urban,2022-02-04,27.3,18.4,1.4,24.0,39
brisbane_urban,2022-02-05,26.8,17.8,0.0,24.0,27
brisbane_urban,2022-02-06,26.0,17.4,1.0,25.2,39
brisbane_urban,2022-02-07,26.9,17.4,0.0,19.3,34
brisbane_urban,2022-02-08,27.5,16.5,0.1,14.8,14
brisbane_urban,2022-02-09,28.4,16.3,0.7,16.9,15
brisbane_urban,2022-02-10,29.7,16.9,0.0,18.5,6
brisbane_urban,2022-02-11,30.6,16.7,1.1,19.2,23
brisbane_urban,2022-02-12,28.6,18.8,6.2,20.7,31
brisbane_urban,2022-02-13,27.3,17.1,0.4,20.2,23
brisbane_urban,2022-02-14,27.2,18.7,5.1,19.0,69
brisbane_urban,2022-02-15,26.4,18.5,0.5,19.5,83
brisbane_urban,2022-02-16,27.5,19.3,0.1,17.5,58
brisbane_urban,2022-02-17,28.5,17.5,0.3,13.8,27
brisbane_urban,2022-02-18,31.1,18.2,1.4,12.3,19
brisbane_urban,2022-02-19,30.9,19.5,1.5,19.5,37
brisbane_urban,2022-02-20,27.6,19.8,1.8,12.2,76
brisbane_urban,2022-02-21,28.9,19.7,1.3,14.3,34
brisbane_urban,2022-02-22,29.2,20.5,8.0,18.8,56
brisbane_urban,2022-02-23,27.6,21.0,67.6,19.6,94
brisbane_urban,2022-02-24,27.0,21.2,54.9,24.9,97
brisbane_urban,2022-02-25,23.1,21.6,76.3,20.5,100
brisbane_urban,2022-02-26,22.6,20.2,166.5,20.2,100
brisbane_urban,2022-02-27,23.0,20.7,113.0,25.7,100
brisbane_urban,2022-02-28,27.8,19.5,5.8,13.3,65
brisbane_urban,2022-03-01,28.5,21.1,7.2,12.5,62
brisbane_urban,2022-03-02,30.2,20.4,1.9,15.1,41
brisbane_urban,2022-03-03,27.5,20.9,64.8,13.9,82
brisbane_urban,2022-03-04,27.4,19.7,1.7,13.5,45
brisbane_urban,2022-03-05,29.2,19.3,0.9,12.8,46
brisbane_urban,2022-03-06,30.5,20.7,18.2,20.0,66
brisbane_urban,2022-03-07,29.1,19.2,0.2,17.1,52
brisbane_urban,2022-03-08,32.4,20.1,0.5,15.3,31
brisbane_urban,2022-03-09,34.0,20.9,0.0,21.4,33
brisbane_urban,2022-03-10,25.9,21.0,9.3,16.1,84
brisbane_urban,2022-03-11,24.8,19.6,4.2,18.9,78
brisbane_urban,2022-03-12,26.2,17.5,0.9,16.9,46
brisbane_urban,2022-03-13,26.1,16.9,1.0,16.6,33
brisbane_urban,2022-03-14,27.6,16.4,0.6,12.7,25
brisbane_urban,2022-03-15,26.8,17.6,1.5,19.3,38
brisbane_urban,2022-03-16,27.3,17.9,0.6,14.2,67
brisbane_urban,2022-03-17,28.5,18.8,0.2,15.6,15
brisbane_urban,2022-03-18,27.9,18.4,1.2,15.5,31
brisbane_urban,2022-03-19,27.8,17.7,0.5,19.0,23
brisbane_urban,2022-03-20,27.3,17.4,0.0,13.7,19
brisbane_urban,2022-03-21,28.4,17.1,0.0,16.6,6
brisbane_urban,2022-03-22,28.6,17.1,0.0,15.4,8
brisbane_urban,2022-03-23,30.1,16.2,0.0,14.1,36
brisbane_urban,2022-03-24,28.9,19.0,0.3,13.5,51
brisbane_urban,2022-03-25,28.7,19.2,8.7,11.2,55
brisbane_urban,2022-03-26,27.1,19.0,7.5,11.3,84
brisbane_urban,2022-03-27,27.3,17.4,8.3,16.0,67
brisbane_urban,2022-03-28,22.2,18.7,78.3,25.9,100
brisbane_urban,2022-03-29,24.4,18.4,10.3,16.1,81
brisbane_urban,2022-03-30,26.2,19.0,11.7,26.5,75
brisbane_urban,2022-03-31,27.6,19.2,0.6,17.4,55
brisbane_urban,2022-04-01,26.3,16.6,0.1,11.0,12
brisbane_urban,2022-04-02,26.1,16.8,2.7,15.1,29
brisbane_urban,2022-04-03,27.5,17.5,0.7,15.3,31
brisbane_urban,2022-04-04,26.8,18.8,0.4,10.9,47
brisbane_urban,2022-04-05,27.7,16.5,1.3,10.3,42
brisbane_urban,2022-04-06,26.4,19.9,1.4,15.5,72
brisbane_urban,2022-04-07,26.3,18.4,0.4,17.6,27
brisbane_urban,2022-04-08,26.3,18.2,0.3,18.7,27
brisbane_urban,2022-04-09,24.8,19.0,6.3,19.4,52
brisbane_urban,2022-04-10,26.2,17.3,0.0,11.3,24
brisbane_urban,2022-04-11,27.7,16.9,0.0,13.7,17
brisbane_urban,2022-04-12,27.3,18.5,1.5,11.0,40
brisbane_urban,2022-04-13,25.3,17.1,7.2,12.7,48
brisbane_urban,2022-04-14,24.3,15.6,1.4,16.1,33
brisbane_urban,2022-04-15,25.6,15.5,0.2,16.7,27
brisbane_urban,2022-04-16,24.9,15.0,0.1,13.9,44
brisbane_urban,2022-04-17,23.5,15.5,0.2,13.5,51
brisbane_urban,2022-04-18,25.6,15.1,0.0,10.1,26
brisbane_urban,2022-04-19,25.3,14.2,0.0,10.8,22
brisbane_urban,2022-04-20,28.6,16.1,0.2,17.2,12
brisbane_urban,2022-04-21,26.3,15.9,0.1,14.8,36
brisbane_urban,2022-04-22,25.1,17.4,0.5,17.1,96
brisbane_urban,2022-04-23,22.5,16.6,3.7,23.3,67
brisbane_urban,2022-04-24,22.5,16.4,0.8,20.6,70
brisbane_urban,2022-04-25,21.5,16.3,2.6,18.7,88
brisbane_urban,2022-04-26,20.7,16.1,5.3,10.1,100
brisbane_urban,2022-04-27,24.5,15.5,1.3,15.0,57
brisbane_urban,2022-04-28,24.9,17.3,0.7,15.0,50
brisbane_urban,2022-04-29,25.8,17.9,1.2,13.7,57
brisbane_urban,2022-04-30,25.7,17.7,1.1,8.5,83
brisbane_urban,2022-05-01,22.4,16.6,3.0,11.2,72
brisbane_urban,2022-05-02,24.6,15.9,0.0,17.3,22
brisbane_urban,2022-05-03,24.2,13.2,0.3,9.5,13
brisbane_urban,2022-05-04,25.2,14.6,0.4,9.4,34
brisbane_urban,2022-05-05,26.2,17.2,2.6,12.3,74
brisbane_urban,2022-05-06,26.0,18.5,15.0,9.9,91
brisbane_urban,2022-05-07,24.3,17.6,17.5,10.9,98
brisbane_urban,2022-05-08,22.1,16.6,9.2,18.1,84
brisbane_urban,2022-05-09,18.8,16.4,30.5,15.9,100
brisbane_urban,2022-05-10,22.2,16.7,0.8,19.7,100
brisbane_urban,2022-05-11,20.1,18.7,49.0,23.5,100
brisbane_urban,2022-05-12,21.2,19.7,48.9,22.0,100
brisbane_urban,2022-05-13,21.9,20.2,23.8,19.4,98
brisbane_urban,2022-05-14,21.9,20.0,25.4,17.3,98
brisbane_urban,2022-05-15,24.9,19.8,10.4,12.1,89
brisbane_urban,2022-05-16,26.1,19.1,3.1,8.4,78
brisbane_urban,2022-05-17,24.7,18.9,3.0,12.7,86
brisbane_urban,2022-05-18,24.3,18.2,0.6,9.3,63
brisbane_urban,2022-05-19,22.4,16.1,1.6,14.9,95
brisbane_urban,2022-05-20,19.8,16.1,3.2,15.6,99
brisbane_urban,2022-05-21,18.0,15.4,18.9,15.5,100
brisbane_urban,2022-05-22,18.7,15.2,9.7,17.4,86
brisbane_urban,2022-05-23,19.2,14.5,0.8,16.8,92
brisbane_urban,2022-05-24,21.1,14.5,0.5,18.1,49
brisbane_urban,2022-05-25,22.2,13.7,0.3,15.5,61
brisbane_urban,2022-05-26,21.5,13.8,3.6,14.8,49
brisbane_urban,2022-05-27,22.4,13.7,0.1,13.5,17
brisbane_urban,2022-05-28,23.5,13.7,0.0,12.0,9
brisbane_urban,2022-05-29,20.9,13.1,0.0,23.9,37
brisbane_urban,2022-05-30,18.2,12.7,0.9,21.0,94
brisbane_urban,2022-05-31,18.7,13.8,0.0,31.0,62
brisbane_urban,2022-06-01,19.0,12.7,0.0,23.7,61
brisbane_urban,2022-06-02,17.9,8.9,0.0,18.3,50
brisbane_urban,2022-06-03,20.5,8.3,5.5,13.8,54
brisbane_urban,2022-06-04,19.7,11.6,2.6,21.0,48
brisbane_urban,2022-06-05,18.9,9.2,0.1,12.9,36
brisbane_urban,2022-06-06,20.3,12.1,2.6,19.7,59
brisbane_urban,2022-06-07,16.3,10.6,0.0,17.4,88
brisbane_urban,2022-06-08,18.0,8.2,0.0,17.8,8
brisbane_urban,2022-06-09,17.0,6.1,0.0,25.3,0
brisbane_urban,2022-06-10,16.9,6.1,0.0,23.6,0
brisbane_urban,2022-06-11,17.5,7.3,0.0,21.7,0
brisbane_urban,2022-06-12,18.7,9.0,0.0,25.1,63
brisbane_urban,2022-06-13,19.7,7.8,0.0,20.9,45
brisbane_urban,2022-06-14,20.7,9.6,0.6,9.1,33
brisbane_urban,2022-06-15,21.2,10.2,1.0,10.1,45
brisbane_urban,2022-06-16,22.7,10.5,0.1,13.4,32
brisbane_urban,2022-06-17,21.4,9.7,0.0,14.1,0
brisbane_urban,2022-06-18,20.7,9.1,0.2,12.8,14
brisbane_urban,2022-06-19,21.2,9.9,0.2,14.7,16
brisbane_urban,2022-06-20,20.7,10.9,0.0,9.9,53
brisbane_urban,2022-06-21,21.2,9.7,0.0,11.0,34
brisbane_urban,2022-06-22,22.3,8.9,0.0,10.7,3
brisbane_urban,2022-06-23,21.6,9.3,0.0,11.4,3
brisbane_urban,2022-06-24,22.3,8.5,0.0,10.8,1
brisbane_urban,2022-06-25,20.7,8.3,0.0,10.7,27
brisbane_urban,2022-06-26,20.8,7.1,0.0,10.9,44
brisbane_urban,2022-06-27,21.5,9.9,0.0,14.7,51
brisbane_urban,2022-06-28,20.0,9.1,0.0,16.1,28
brisbane_urban,2022-06-29,18.5,10.9,0.4,12.2,99
brisbane_urban,2022-06-30,19.6,11.3,0.2,9.4,80
brisbane_urban,2022-07-01,15.6,14.2,13.7,9.2,100
brisbane_urban,2022-07-02,17.2,12.7,14.3,10.5,96
brisbane_urban,2022-07-03,19.4,10.5,0.0,14.9,36
brisbane_urban,2022-07-04,13.8,10.7,4.9,14.3,100
brisbane_urban,2022-07-05,13.7,10.2,17.0,10.9,100
brisbane_urban,2022-07-06,18.1,11.3,6.0,15.0,73
brisbane_urban,2022-07-07,21.8,12.7,0.0,27.1,22
brisbane_urban,2022-07-08,18.0,9.7,0.0,22.7,0
brisbane_urban,2022-07-09,17.6,6.9,0.0,18.9,0
brisbane_urban,2022-07-10,18.7,6.4,0.0,13.0,10
brisbane_urban,2022-07-11,19.5,7.0,0.3,16.6,23
brisbane_urban,2022-07-12,18.7,7.3,13.4,8.0,50
brisbane_urban,2022-07-13,17.2,6.9,0.0,25.4,7
brisbane_urban,2022-07-14,18.4,8.1,0.0,22.1,8
brisbane_urban,2022-07-15,20.3,9.1,0.0,13.0,6
brisbane_urban,2022-07-16,19.7,7.0,0.0,12.7,2
brisbane_urban,2022-07-17,20.5,8.3,0.1,13.0,52
brisbane_urban,2022-07-18,23.3,11.2,0.0,13.0,19
brisbane_urban,2022-07-19,20.3,8.6,0.2,17.0,66
brisbane_urban,2022-07-20,17.8,11.4,0.2,23.6,78
brisbane_urban,2022-07-21,17.4,12.9,10.8,18.7,90
brisbane_urban,2022-07-22,16.4,14.3,10.3,27.5,95
brisbane_urban,2022-07-23,20.7,13.2,0.1,19.8,42
brisbane_urban,2022-07-24,21.4,11.4,0.0,12.7,17
brisbane_urban,2022-07-25,20.9,9.5,0.0,11.1,4
brisbane_urban,2022-07-26,24.0,8.5,0.0,21.4,21
brisbane_urban,2022-07-27,18.2,9.0,0.0,25.1,0
brisbane_urban,2022-07-28,19.7,7.7,0.0,13.7,18
brisbane_urban,2022-07-29,21.3,7.4,0.0,13.0,3
brisbane_urban,2022-07-30,19.6,8.2,0.0,14.7,32
brisbane_urban,2022-07-31,19.9,9.8,0.1,18.4,86
brisbane_urban,2022-08-01,18.2,11.4,0.0,8.2,85
brisbane_urban,2022-08-02,22.2,9.9,0.0,13.3,62
brisbane_urban,2022-08-03,22.4,11.0,0.0,14.5,56
brisbane_urban,2022-08-04,22.2,11.1,0.0,19.7,21
brisbane_urban,2022-08-05,23.3,12.1,1.0,14.8,46
brisbane_urban,2022-08-06,21.5,13.1,8.1,16.6,66
brisbane_urban,2022-08-07,21.1,10.1,0.0,16.5,3
brisbane_urban,2022-08-08,20.0,8.5,0.0,13.0,0
brisbane_urban,2022-08-09,19.6,8.6,0.0,12.8,15
brisbane_urban,2022-08-10,20.4,8.6,0.0,14.6,8
brisbane_urban,2022-08-11,20.6,8.8,0.0,13.5,60
brisbane_urban,2022-08-12,17.4,11.2,1.4,10.6,100
brisbane_urban,2022-08-13,16.9,9.6,19.9,14.3,70
brisbane_urban,2022-08-14,21.0,7.0,0.0,15.9,0
brisbane_urban,2022-08-15,19.8,7.9,0.0,12.4,0
brisbane_urban,2022-08-16,20.6,7.0,0.2,13.9,10
brisbane_urban,2022-08-17,20.0,7.8,0.0,12.8,8
brisbane_urban,2022-08-18,22.7,8.4,0.0,10.8,1
brisbane_urban,2022-08-19,26.6,7.7,0.0,11.4,0
brisbane_urban,2022-08-20,22.7,11.1,0.0,14.3,2
brisbane_urban,2022-08-21,20.4,8.9,0.5,15.8,20
brisbane_urban,2022-08-22,20.6,9.2,0.7,9.4,39
brisbane_urban,2022-08-23,23.5,10.3,5.5,23.9,32
brisbane_urban,2022-08-24,19.7,8.4,0.0,28.4,7
brisbane_urban,2022-08-25,21.3,7.6,0.0,14.8,0
brisbane_urban,2022-08-26,20.1,7.1,0.7,10.3,22
brisbane_urban,2022-08-27,20.4,9.1,0.8,14.2,34
brisbane_urban,2022-08-28,21.5,10.8,0.5,14.2,52
brisbane_urban,2022-08-29,21.8,12.3,1.6,19.0,66
brisbane_urban,2022-08-30,19.9,13.6,7.4,9.3,100
brisbane_urban,2022-08-31,22.9,13.9,13.3,14.3,63
brisbane_urban,2022-09-01,22.3,11.5,0.5,11.2,71
brisbane_urban,2022-09-02,20.4,13.0,5.8,13.8,100
brisbane_urban,2022-09-03,18.8,14.0,28.7,19.1,80
brisbane_urban,2022-09-04,21.0,12.7,0.0,22.1,51
brisbane_urban,2022-09-05,19.8,10.2,0.1,12.5,63
brisbane_urban,2022-09-06,19.6,9.8,0.0,13.0,65
brisbane_urban,2022-09-07,20.1,9.4,1.0,12.6,43
brisbane_urban,2022-09-08,20.1,9.6,0.1,16.1,78
brisbane_urban,2022-09-09,21.1,13.0,21.6,11.6,66
brisbane_urban,2022-09-10,24.2,9.8,0.0,21.3,61
brisbane_urban,2022-09-11,24.0,12.6,0.0,13.9,64
brisbane_urban,2022-09-12,22.8,14.3,0.2,15.3,78
brisbane_urban,2022-09-13,23.8,11.5,0.0,16.9,6
brisbane_urban,2022-09-14,21.6,11.0,0.6,12.7,32
brisbane_urban,2022-09-15,20.8,10.9,1.4,17.1,89
brisbane_urban,2022-09-16,23.5,14.1,11.7,20.3,66
brisbane_urban,2022-09-17,28.5,14.2,1.2,18.9,59
brisbane_urban,2022-09-18,26.2,12.2,0.0,12.9,33
brisbane_urban,2022-09-19,28.5,11.1,0.0,16.3,2
brisbane_urban,2022-09-20,25.9,11.4,0.0,18.3,10
brisbane_urban,2022-09-21,21.7,14.6,5.4,15.5,96
brisbane_urban,2022-09-22,20.8,15.4,9.9,13.4,89
brisbane_urban,2022-09-23,24.9,14.3,24.8,14.8,30
brisbane_urban,2022-09-24,26.6,14.0,0.0,19.8,9
brisbane_urban,2022-09-25,25.2,14.1,0.0,15.0,0
brisbane_urban,2022-09-26,26.1,12.6,0.1,17.6,42
brisbane_urban,2022-09-27,22.9,15.2,19.6,16.1,85
brisbane_urban,2022-09-28,24.2,16.5,22.0,14.2,100
brisbane_urban,2022-09-29,22.4,14.6,0.0,18.2,65
brisbane_urban,2022-09-30,26.4,11.6,0.0,16.9,23
brisbane_urban,2022-10-01,22.3,13.9,6.4,17.2,79
brisbane_urban,2022-10-02,18.5,11.9,8.7,14.3,70
brisbane_urban,2022-10-03,21.6,9.9,0.1,14.0,35
brisbane_urban,2022-10-04,21.5,10.7,0.1,11.3,39
brisbane_urban,2022-10-05,23.1,11.3,0.8,15.3,92
brisbane_urban,2022-10-06,21.3,15.2,3.7,9.4,100
brisbane_urban,2022-10-07,22.7,16.1,0.0,15.9,70
brisbane_urban,2022-10-08,23.8,15.1,0.3,19.3,61
brisbane_urban,2022-10-09,26.5,18.2,6.5,16.0,98
brisbane_urban,2022-10-10,21.1,15.6,1.0,22.8,83
brisbane_urban,2022-10-11,22.0,13.2,0.0,20.4,63
brisbane_urban,2022-10-12,23.1,12.4,0.0,21.4,35
brisbane_urban,2022-10-13,23.9,13.8,0.2,17.2,49
brisbane_urban,2022-10-14,25.6,15.1,0.2,15.7,90
brisbane_urban,2022-10-15,24.7,16.0,0.0,15.3,27
brisbane_urban,2022-10-16,24.2,14.3,0.5,14.6,55
brisbane_urban,2022-10-17,22.3,15.8,4.8,15.3,62
brisbane_urban,2022-10-18,23.6,14.3,0.8,18.3,74
brisbane_urban,2022-10-19,21.5,17.6,3.9,15.8,100
brisbane_urban,2022-10-20,23.6,18.2,1.0,17.1,99
brisbane_urban,2022-10-21,21.7,19.0,22.5,20.9,98
brisbane_urban,2022-10-22,21.4,17.8,22.6,16.2,100
brisbane_urban,2022-10-23,21.5,18.0,97.4,27.1,92
brisbane_urban,2022-10-24,29.3,16.9,1.8,15.3,42
brisbane_urban,2022-10-25,27.5,18.2,8.9,17.9,68
brisbane_urban,2022-10-26,32.3,18.3,0.0,14.4,33
brisbane_urban,2022-10-27,33.1,17.1,0.0,16.3,21
brisbane_urban,2022-10-28,30.2,19.3,0.0,19.5,0
brisbane_urban,2022-10-29,29.9,15.1,0.0,20.3,21
brisbane_urban,2022-10-30,28.4,14.8,0.0,15.0,7
brisbane_urban,2022-10-31,28.0,16.7,0.8,18.0,75
brisbane_urban,2022-11-01,25.4,18.0,30.7,22.3,68
brisbane_urban,2022-11-02,22.0,13.8,0.0,23.3,1
brisbane_urban,2022-11-03,22.5,10.8,0.0,16.3,2
brisbane_urban,2022-11-04,23.9,11.8,0.0,18.9,17
brisbane_urban,2022-11-05,23.5,13.7,0.4,17.6,28
brisbane_urban,2022-11-06,23.7,13.9,0.9,15.8,27
brisbane_urban,2022-11-07,24.1,14.2,0.2,17.2,31
brisbane_urban,2022-11-08,23.2,13.1,2.3,16.1,50
brisbane_urban,2022-11-09,23.8,12.8,0.0,19.5,21
brisbane_urban,2022-11-10,24.9,14.0,0.3,16.9,28
brisbane_urban,2022-11-11,26.1,12.2,0.0,16.5,40
brisbane_urban,2022-11-12,27.5,13.5,0.1,18.4,54
brisbane_urban,2022-11-13,27.5,16.5,0.0,23.1,30
brisbane_urban,2022-11-14,29.2,19.0,0.2,19.9,57
brisbane_urban,2022-11-15,33.2,18.1,0.0,17.7,4
brisbane_urban,2022-11-16,29.7,17.0,0.0,26.9,37
brisbane_urban,2022-11-17,24.3,14.4,0.0,19.5,56
brisbane_urban,2022-11-18,25.9,11.8,0.0,16.3,12
brisbane_urban,2022-11-19,28.3,15.2,0.9,24.6,19
brisbane_urban,2022-11-20,33.4,19.1,0.7,20.5,42
brisbane_urban,2022-11-21,33.9,21.8,0.0,21.3,45
brisbane_urban,2022-11-22,30.4,18.2,0.0,19.1,70
brisbane_urban,2022-11-23,28.2,16.2,0.0,13.6,74
brisbane_urban,2022-11-24,27.2,16.7,0.0,15.3,91
brisbane_urban,2022-11-25,31.1,15.0,0.0,17.5,10
brisbane_urban,2022-11-26,34.0,15.6,0.0,22.5,6
brisbane_urban,2022-11-27,29.2,18.8,4.6,17.6,88
brisbane_urban,2022-11-28,30.3,20.4,12.6,17.2,86
brisbane_urban,2022-11-29,30.4,20.9,0.8,17.4,100
brisbane_urban,2022-11-30,22.2,16.8,13.2,18.8,100
brisbane_urban,2022-12-01,17.7,15.5,17.3,22.6,98
brisbane_urban,2022-12-02,24.1,14.9,0.7,22.9,52
brisbane_urban,2022-12-03,24.3,15.2,0.7,24.6,24
brisbane_urban,2022-12-04,25.1,15.1,0.1,17.9,36
brisbane_urban,2022-12-05,28.1,16.3,0.5,12.8,20
brisbane_urban,2022-12-06,34.6,16.4,0.0,17.3,20
brisbane_urban,2022-12-07,28.6,17.5,0.0,16.2,41
brisbane_urban,2022-12-08,29.4,19.9,5.1,18.5,44
brisbane_urban,2022-12-09,25.5,20.0,0.3,20.5,91
brisbane_urban,2022-12-10,25.6,18.6,0.4,16.7,59
brisbane_urban,2022-12-11,27.0,18.9,0.0,15.6,24
brisbane_urban,2022-12-12,29.6,18.1,0.3,24.1,57
brisbane_urban,2022-12-13,29.1,20.6,1.1,16.9,74
brisbane_urban,2022-12-14,32.5,18.9,0.2,16.3,40
brisbane_urban,2022-12-15,28.1,16.5,0.1,19.8,61
brisbane_urban,2022-12-16,25.8,17.0,2.0,15.4,50
brisbane_urban,2022-12-17,25.0,17.1,0.9,18.9,54
brisbane_urban,2022-12-18,25.3,15.7,0.3,20.2,67
brisbane_urban,2022-12-19,25.6,15.5,0.0,22.5,56
brisbane_urban,2022-12-20,27.9,14.2,0.0,25.9,17
brisbane_urban,2022-12-21,26.1,14.6,0.0,18.4,34
brisbane_urban,2022-12-22,26.9,16.1,0.0,17.7,56
brisbane_urban,2022-12-23,30.0,18.3,0.6,19.4,81
brisbane_urban,2022-12-24,27.0,19.9,12.5,10.0,100
brisbane_urban,2022-12-25,27.8,19.1,13.3,14.5,76
brisbane_urban,2022-12-26,27.0,19.1,1.6,20.2,31
brisbane_urban,2022-12-27,26.4,18.5,1.9,21.4,25
brisbane_urban,2022-12-28,26.5,17.8,2.5,16.3,48
brisbane_urban,2022-12-29,27.5,17.0,0.1,20.2,54
brisbane_urban,2022-12-30,27.2,20.6,3.8,19.2,93
brisbane_urban,2022-12-31,28.0,19.3,0.6,17.6,42
brisbane_urban,2023-01-01,27.8,18.7,1.0,17.0,42
brisbane_urban,2023-01-02,27.4,17.8,1.9,15.8,27
brisbane_urban,2023-01-03,30.6,17.6,0.0,18.7,27
brisbane_urban,2023-01-04,31.3,18.8,11.2,18.1,40
brisbane_urban,2023-01-05,27.3,21.1,10.6,11.3,100
brisbane_urban,2023-01-06,27.3,18.7,2.4,19.9,55
brisbane_urban,2023-01-07,27.5,17.4,0.6,16.9,33
brisbane_urban,2023-01-08,28.8,18.5,0.5,18.0,39
brisbane_urban,2023-01-09,29.9,20.5,0.4,18.6,41
brisbane_urban,2023-01-10,30.1,18.3,0.1,19.2,45
brisbane_urban,2023-01-11,29.9,17.7,0.0,17.0,47
brisbane_urban,2023-01-12,28.8,18.6,0.0,16.6,80
brisbane_urban,2023-01-13,29.1,18.5,0.5,18.4,62
brisbane_urban,2023-01-14,25.6,20.4,1.7,17.2,99
brisbane_urban,2023-01-15,27.3,19.3,0.0,15.2,100
brisbane_urban,2023-01-16,26.3,21.8,4.4,18.0,100
brisbane_urban,2023-01-17,28.6,19.6,0.1,19.0,65
brisbane_urban,2023-01-18,28.6,18.9,0.7,16.7,24
brisbane_urban,2023-01-19,29.6,16.9,0.1,17.6,22
brisbane_urban,2023-01-20,27.6,20.0,3.9,20.0,60
brisbane_urban,2023-01-21,28.7,17.5,0.2,19.5,32
brisbane_urban,2023-01-22,28.0,17.3,1.6,17.0,34
brisbane_urban,2023-01-23,29.7,18.5,0.0,15.3,30
brisbane_urban,2023-01-24,30.1,19.4,4.8,16.4,69
brisbane_urban,2023-01-25,31.4,20.3,1.9,13.2,69
brisbane_urban,2023-01-26,32.7,20.6,0.0,13.7,59
brisbane_urban,2023-01-27,32.0,21.4,0.2,10.2,93
brisbane_urban,2023-01-28,32.1,20.9,2.2,12.0,60
brisbane_urban,2023-01-29,31.1,21.2,1.9,15.8,47
brisbane_urban,2023-01-30,30.6,21.8,4.7,15.5,92
brisbane_urban,2023-01-31,32.4,22.0,16.7,18.9,87
brisbane_urban,2023-02-01,32.9,22.5,5.2,17.3,63
brisbane_urban,2023-02-02,29.5,22.6,2.4,10.4,92
brisbane_urban,2023-02-03,33.3,21.9,8.0,18.0,58
brisbane_urban,2023-02-04,28.4,22.9,2.7,15.5,82
brisbane_urban,2023-02-05,30.2,21.4,0.3,18.0,27
brisbane_urban,2023-02-06,29.8,20.1,0.0,17.3,46
brisbane_urban,2023-02-07,29.1,18.6,0.0,15.8,77
brisbane_urban,2023-02-08,29.5,19.7,0.0,18.8,89
brisbane_urban,2023-02-09,28.2,20.3,1.2,17.7,81
brisbane_urban,2023-02-10,30.4,19.3,0.2,18.2,29
brisbane_urban,2023-02-11,33.3,18.8,0.0,20.4,3
brisbane_urban,2023-02-12,37.7,19.2,0.0,21.9,15
brisbane_urban,2023-02-13,34.0,22.3,1.3,20.6,47
brisbane_urban,2023-02-14,27.8,20.0,45.0,16.0,91
brisbane_urban,2023-02-15,27.5,19.2,3.8,21.5,33
brisbane_urban,2023-02-16,27.8,17.0,0.0,14.6,16
brisbane_urban,2023-02-17,28.4,16.5,0.0,15.3,71
brisbane_urban,2023-02-18,30.0,18.0,0.0,18.4,26
brisbane_urban,2023-02-19,29.2,17.7,0.0,16.2,76
brisbane_urban,2023-02-20,27.9,20.9,1.9,17.0,95
brisbane_urban,2023-02-21,28.6,19.8,0.7,17.9,78
brisbane_urban,2023-02-22,28.5,18.8,0.9,23.1,34
brisbane_urban,2023-02-23,27.5,19.2,1.1,21.5,67
brisbane_urban,2023-02-24,26.4,18.7,6.3,22.7,51
brisbane_urban,2023-02-25,27.5,17.4,1.2,13.4,21
brisbane_urban,2023-02-26,28.6,17.0,1.0,13.8,39
brisbane_urban,2023-02-27,30.0,18.5,0.0,16.1,38
brisbane_urban,2023-02-28,30.4,19.5,0.0,14.9,17
brisbane_urban,2023-03-01,31.5,19.6,1.5,17.4,23
brisbane_urban,2023-03-02,28.4,21.4,2.6,15.3,82
brisbane_urban,2023-03-03,29.2,20.1,1.0,20.8,54
brisbane_urban,2023-03-04,28.9,17.8,0.0,21.1,19
brisbane_urban,2023-03-05,29.1,17.3,0.1,13.9,20
brisbane_urban,2023-03-06,29.7,18.6,0.1,18.8,12
brisbane_urban,2023-03-07,32.2,18.5,0.0,19.7,39
brisbane_urban,2023-03-08,31.2,21.9,0.0,13.4,100
brisbane_urban,2023-03-09,29.9,21.7,3.7,14.0,100
brisbane_urban,2023-03-10,29.4,21.2,10.7,13.3,100
brisbane_urban,2023-03-11,26.5,21.7,33.0,11.0,99
brisbane_urban,2023-03-12,30.6,21.8,12.8,11.8,89
brisbane_urban,2023-03-13,29.1,21.5,5.6,11.9,77
brisbane_urban,2023-03-14,30.3,20.2,0.7,12.7,29
brisbane_urban,2023-03-15,30.8,19.8,1.4,13.2,47
brisbane_urban,2023-03-16,33.6,21.0,0.7,12.9,37
brisbane_urban,2023-03-17,35.6,22.5,0.0,15.5,37
brisbane_urban,2023-03-18,31.5,23.0,0.6,13.6,45
brisbane_urban,2023-03-19,30.7,22.6,0.5,14.5,36
brisbane_urban,2023-03-20,31.1,19.8,0.1,16.3,50
brisbane_urban,2023-03-21,29.2,21.2,0.7,21.8,85
brisbane_urban,2023-03-22,24.9,21.0,6.1,15.8,99
brisbane_urban,2023-03-23,28.3,19.4,0.0,13.4,34
brisbane_urban,2023-03-24,30.8,17.6,0.5,16.0,37
brisbane_urban,2023-03-25,29.3,19.0,8.6,11.8,74
brisbane_urban,2023-03-26,28.0,19.1,20.5,10.9,66
brisbane_urban,2023-03-27,29.6,19.7,0.6,12.7,59
brisbane_urban,2023-03-28,31.2,20.1,0.3,11.7,83
brisbane_urban,2023-03-29,26.0,22.0,2.9,10.5,98
brisbane_urban,2023-03-30,30.1,19.6,6.2,18.7,51
brisbane_urban,2023-03-31,28.4,15.4,0.0,12.1,64
brisbane_urban,2023-04-01,24.7,17.8,0.0,10.0,94
brisbane_urban,2023-04-02,26.9,15.2,0.2,13.7,37
brisbane_urban,2023-04-03,26.9,16.2,1.0,16.5,29
brisbane_urban,2023-04-04,26.7,17.3,8.5,13.2,37
brisbane_urban,2023-04-05,29.0,16.6,0.1,14.2,21
brisbane_urban,2023-04-06,26.1,16.7,0.2,12.4,45
brisbane_urban,2023-04-07,24.5,17.1,2.9,20.3,63
brisbane_urban,2023-04-08,27.3,18.4,0.0,28.7,2
brisbane_urban,2023-04-09,26.5,16.9,0.0,25.7,0
brisbane_urban,2023-04-10,25.8,14.5,0.0,20.1,39
brisbane_urban,2023-04-11,27.0,12.7,0.0,16.2,12
brisbane_urban,2023-04-12,27.8,12.9,0.0,15.3,30
brisbane_urban,2023-04-13,27.9,15.4,0.0,26.3,8
brisbane_urban,2023-04-14,27.3,13.9,0.0,11.8,18
brisbane_urban,2023-04-15,25.4,14.2,0.9,13.3,18
brisbane_urban,2023-04-16,29.5,15.9,0.0,19.1,57
brisbane_urban,2023-04-17,29.3,18.5,0.2,22.1,40
brisbane_urban,2023-04-18,27.3,16.7,0.0,19.4,26
brisbane_urban,2023-04-19,26.3,16.6,0.0,16.0,39
brisbane_urban,2023-04-20,27.4,15.2,0.0,19.1,29
brisbane_urban,2023-04-21,25.3,16.5,1.7,21.0,25
brisbane_urban,2023-04-22,25.7,16.8,0.0,23.9,24
brisbane_urban,2023-04-23,26.9,15.4,0.0,23.8,14
brisbane_urban,2023-04-24,25.3,17.1,2.4,26.9,44
brisbane_urban,2023-04-25,24.1,17.1,2.3,22.2,52
brisbane_urban,2023-04-26,22.7,15.8,1.5,17.8,46
brisbane_urban,2023-04-27,24.5,15.9,1.3,14.9,70
brisbane_urban,2023-04-28,24.7,15.8,0.4,12.1,31
brisbane_urban,2023-04-29,24.1,14.3,0.5,10.9,95
brisbane_urban,2023-04-30,26.0,16.3,8.9,14.0,51
brisbane_urban,2023-05-01,23.8,12.7,0.0,17.9,17
brisbane_urban,2023-05-02,24.3,12.5,0.0,13.8,88
brisbane_urban,2023-05-03,26.0,13.3,0.0,11.4,14
brisbane_urban,2023-05-04,26.1,12.7,0.1,16.6,3
brisbane_urban,2023-05-05,23.6,13.6,0.3,11.8,40
brisbane_urban,2023-05-06,25.3,12.5,0.0,12.5,43
brisbane_urban,2023-05-07,25.0,12.7,0.4,19.3,62
brisbane_urban,2023-05-08,21.2,9.7,0.0,25.7,0
brisbane_urban,2023-05-09,22.2,7.9,0.0,19.8,0
brisbane_urban,2023-05-10,24.0,9.5,0.0,15.4,18
brisbane_urban,2023-05-11,23.3,12.3,0.0,15.5,20
brisbane_urban,2023-05-12,23.5,13.4,0.0,15.8,15
brisbane_urban,2023-05-13,23.8,13.1,0.1,17.4,28
brisbane_urban,2023-05-14,21.8,14.4,12.7,15.2,76
brisbane_urban,2023-05-15,21.3,15.4,36.8,14.8,97
brisbane_urban,2023-05-16,19.2,14.8,48.0,21.4,81
brisbane_urban,2023-05-17,22.6,12.3,0.0,15.9,18
brisbane_urban,2023-05-18,21.1,11.4,0.0,11.2,39
brisbane_urban,2023-05-19,20.5,9.4,0.0,11.0,1
brisbane_urban,2023-05-20,20.9,9.0,0.0,11.9,1
brisbane_urban,2023-05-21,20.4,10.0,0.0,22.4,0
brisbane_urban,2023-05-22,21.6,9.4,0.0,13.2,3
brisbane_urban,2023-05-23,22.4,8.6,0.0,12.3,2
brisbane_urban,2023-05-24,22.2,9.1,0.0,10.9,1
brisbane_urban,2023-05-25,23.1,9.9,0.0,11.2,3
brisbane_urban,2023-05-26,25.7,10.1,0.0,23.7,5
brisbane_urban,2023-05-27,21.6,10.2,0.0,16.5,2
brisbane_urban,2023-05-28,21.5,9.2,0.0,14.6,2
brisbane_urban,2023-05-29,20.6,9.0,0.0,16.2,23
brisbane_urban,2023-05-30,21.8,8.2,0.0,11.8,0
brisbane_urban,2023-05-31,22.7,6.8,0.0,12.0,21
brisbane_urban,2023-06-01,24.5,9.1,0.0,13.6,34
brisbane_urban,2023-06-02,23.7,10.4,0.0,12.3,11
brisbane_urban,2023-06-03,22.9,13.2,0.4,10.7,56
brisbane_urban,2023-06-04,22.0,15.5,2.7,16.9,98
brisbane_urban,2023-06-05,21.3,15.4,1.3,22.1,95
brisbane_urban,2023-06-06,20.9,13.0,0.1,13.0,51
brisbane_urban,2023-06-07,22.0,12.2,0.2,13.0,35
brisbane_urban,2023-06-08,22.3,14.2,0.1,8.4,65
brisbane_urban,2023-06-09,23.0,11.8,0.4,13.4,18
brisbane_urban,2023-06-10,22.4,9.3,0.0,12.0,13
brisbane_urban,2023-06-11,22.8,12.4,0.0,11.4,58
brisbane_urban,2023-06-12,20.0,11.9,1.5,7.9,27
brisbane_urban,2023-06-13,23.3,12.0,0.7,10.5,39
brisbane_urban,2023-06-14,23.7,11.3,0.0,20.5,0
brisbane_urban,2023-06-15,20.9,9.1,0.0,14.3,0
brisbane_urban,2023-06-16,20.4,7.7,0.0,13.8,1
brisbane_urban,2023-06-17,21.5,9.7,0.0,11.0,29
brisbane_urban,2023-06-18,22.9,9.0,0.0,15.8,50
brisbane_urban,2023-06-19,21.9,11.8,0.0,16.0,4
brisbane_urban,2023-06-20,20.0,8.9,0.0,19.4,38
brisbane_urban,2023-06-21,19.7,5.8,0.0,11.0,32
brisbane_urban,2023-06-22,20.7,7.4,0.0,10.5,71
brisbane_urban,2023-06-23,24.2,11.0,5.8,22.0,20
brisbane_urban,2023-06-24,23.8,9.4,0.0,16.2,34
brisbane_urban,2023-06-25,28.1,8.0,0.0,12.0,9
brisbane_urban,2023-06-26,24.3,14.2,0.0,20.4,36
brisbane_urban,2023-06-27,21.7,10.4,0.0,18.4,27
brisbane_urban,2023-06-28,25.3,9.9,0.0,15.9,93
brisbane_urban,2023-06-29,20.8,11.8,0.0,20.7,63
brisbane_urban,2023-06-30,20.3,7.8,0.0,21.9,18
brisbane_urban,2023-07-01,19.8,7.7,0.0,14.7,90
brisbane_urban,2023-07-02,21.9,9.7,0.0,17.7,98
brisbane_urban,2023-07-03,19.4,13.1,1.9,19.0,100
brisbane_urban,2023-07-04,19.2,14.8,25.6,11.0,97
brisbane_urban,2023-07-05,24.0,14.4,0.0,15.7,42
brisbane_urban,2023-07-06,24.3,9.7,0.0,16.9,35
brisbane_urban,2023-07-07,21.5,11.3,0.0,24.1,0
brisbane_urban,2023-07-08,20.6,8.8,0.0,20.3,0
brisbane_urban,2023-07-09,20.3,10.6,0.0,22.1,63
brisbane_urban,2023-07-10,22.1,8.2,0.0,15.0,14
brisbane_urban,2023-07-11,23.3,8.8,0.0,11.5,0
brisbane_urban,2023-07-12,21.6,8.1,0.7,13.3,40
brisbane_urban,2023-07-13,22.1,11.0,0.0,13.7,25
brisbane_urban,2023-07-14,21.3,9.5,0.0,11.4,12
brisbane_urban,2023-07-15,21.9,9.1,0.0,12.0,42
brisbane_urban,2023-07-16,23.7,9.6,0.0,10.2,31
brisbane_urban,2023-07-17,18.4,10.6,1.7,9.4,67
brisbane_urban,2023-07-18,20.3,13.2,1.1,8.0,46
brisbane_urban,2023-07-19,23.8,10.7,0.0,12.7,7
brisbane_urban,2023-07-20,21.7,8.4,0.0,10.9,0
brisbane_urban,2023-07-21,24.1,6.4,0.0,15.8,10
brisbane_urban,2023-07-22,21.3,8.9,0.0,12.3,0
brisbane_urban,2023-07-23,21.6,7.6,0.0,13.3,6
brisbane_urban,2023-07-24,19.6,11.2,0.0,20.8,67
brisbane_urban,2023-07-25,21.9,10.0,0.0,20.9,21
brisbane_urban,2023-07-26,22.5,10.1,0.0,15.1,29
brisbane_urban,2023-07-27,21.7,10.4,0.0,12.1,34
brisbane_urban,2023-07-28,23.8,9.5,0.0,12.2,23
brisbane_urban,2023-07-29,24.5,9.8,0.0,10.4,26
brisbane_urban,2023-07-30,25.2,9.6,0.0,13.2,29
brisbane_urban,2023-07-31,27.2,9.2,0.0,10.8,36
brisbane_urban,2023-08-01,24.7,11.9,0.2,12.2,11
brisbane_urban,2023-08-02,23.2,14.2,0.1,20.0,27
brisbane_urban,2023-08-03,21.1,12.0,1.1,17.4,27
brisbane_urban,2023-08-04,22.1,12.3,0.3,15.7,41
brisbane_urban,2023-08-05,23.1,11.3,0.1,12.4,19
brisbane_urban,2023-08-06,19.4,11.2,3.6,12.3,39
brisbane_urban,2023-08-07,21.0,11.6,0.6,12.9,39
brisbane_urban,2023-08-08,20.8,11.4,0.0,14.8,37
brisbane_urban,2023-08-09,21.1,10.2,0.0,13.9,13
brisbane_urban,2023-08-10,23.1,9.8,0.0,13.0,13
brisbane_urban,2023-08-11,26.9,8.3,0.0,13.3,25
brisbane_urban,2023-08-12,27.3,9.2,0.0,11.7,28
brisbane_urban,2023-08-13,28.6,11.3,0.0,14.7,11
brisbane_urban,2023-08-14,29.6,11.7,0.0,12.8,27
brisbane_urban,2023-08-15,26.5,12.0,1.2,11.3,39
brisbane_urban,2023-08-16,22.3,13.7,0.5,12.0,37
brisbane_urban,2023-08-17,23.6,11.9,0.8,19.1,48
brisbane_urban,2023-08-18,24.1,15.5,0.1,24.3,40
brisbane_urban,2023-08-19,21.1,12.6,0.0,25.0,0
brisbane_urban,2023-08-20,22.7,9.2,0.0,15.3,0
brisbane_urban,2023-08-21,23.5,9.5,0.0,15.1,16
brisbane_urban,2023-08-22,25.9,10.4,0.2,14.0,15
brisbane_urban,2023-08-23,28.0,12.4,0.0,12.0,9
brisbane_urban,2023-08-24,24.2,12.4,0.0,16.3,18
brisbane_urban,2023-08-25,24.6,11.2,0.0,15.5,16
brisbane_urban,2023-08-26,23.4,10.5,0.3,14.8,19
brisbane_urban,2023-08-27,23.8,11.5,1.9,14.9,22
brisbane_urban,2023-08-28,24.4,11.3,1.0,15.1,17
brisbane_urban,2023-08-29,23.3,10.9,0.1,9.7,53
brisbane_urban,2023-08-30,23.4,11.5,1.6,11.9,71
brisbane_urban,2023-08-31,24.6,10.6,0.0,11.5,38
brisbane_urban,2023-09-01,28.4,12.7,0.0,12.5,29
brisbane_urban,2023-09-02,22.4,13.4,0.2,14.8,43
brisbane_urban,2023-09-03,23.6,14.8,1.3,15.3,43
brisbane_urban,2023-09-04,21.5,14.8,5.9,15.8,49
brisbane_urban,2023-09-05,28.5,12.5,1.9,15.9,17
brisbane_urban,2023-09-06,26.2,15.6,0.0,14.1,46
brisbane_urban,2023-09-07,25.9,15.6,0.0,18.3,39
brisbane_urban,2023-09-08,26.5,15.6,2.3,21.3,33
brisbane_urban,2023-09-09,24.3,11.4,0.0,15.8,1
brisbane_urban,2023-09-10,22.1,9.6,0.0,16.9,23
brisbane_urban,2023-09-11,21.9,10.6,0.3,18.9,19
brisbane_urban,2023-09-12,23.4,9.6,0.8,13.5,14
brisbane_urban,2023-09-13,24.3,10.9,4.0,13.0,34
brisbane_urban,2023-09-14,23.7,11.6,1.8,17.2,19
brisbane_urban,2023-09-15,24.5,10.4,0.0,14.8,24
brisbane_urban,2023-09-16,24.9,10.7,0.0,12.1,7
brisbane_urban,2023-09-17,25.7,10.8,0.0,13.0,16
brisbane_urban,2023-09-18,25.5,11.0,0.0,14.3,11
brisbane_urban,2023-09-19,25.7,12.4,0.0,16.8,30
brisbane_urban,2023-09-20,28.7,13.0,0.0,19.4,13
brisbane_urban,2023-09-21,34.0,11.9,0.0,17.1,37
brisbane_urban,2023-09-22,24.3,15.2,0.0,23.3,50
brisbane_urban,2023-09-23,22.9,13.0,0.0,20.8,45
brisbane_urban,2023-09-24,22.6,13.9,0.4,16.4,64
brisbane_urban,2023-09-25,22.9,12.4,0.1,12.0,41
brisbane_urban,2023-09-26,26.8,10.1,0.0,16.8,12
brisbane_urban,2023-09-27,31.0,11.3,0.0,16.8,13
brisbane_urban,2023-09-28,29.2,14.6,19.3,15.5,48
brisbane_urban,2023-09-29,27.4,15.7,0.0,15.3,24
brisbane_urban,2023-09-30,27.0,14.1,0.0,16.8,20
brisbane_urban,2023-10-01,25.9,13.2,0.0,21.0,19
brisbane_urban,2023-10-02,27.7,12.2,0.0,17.8,4
brisbane_urban,2023-10-03,27.0,14.4,0.0,19.5,27
brisbane_urban,2023-10-04,25.2,16.2,2.9,25.6,39
brisbane_urban,2023-10-05,28.1,18.6,0.4,18.0,42
brisbane_urban,2023-10-06,25.5,14.6,0.1,16.0,33
brisbane_urban,2023-10-07,23.6,14.6,0.7,21.9,33
brisbane_urban,2023-10-08,22.7,12.8,0.2,19.2,58
brisbane_urban,2023-10-09,24.6,11.3,0.0,14.7,39
brisbane_urban,2023-10-10,26.7,11.5,0.0,17.4,23
brisbane_urban,2023-10-11,27.6,12.7,0.1,15.3,17
brisbane_urban,2023-10-12,28.3,14.9,0.0,20.8,8
brisbane_urban,2023-10-13,32.9,14.6,0.1,19.5,9
brisbane_urban,2023-10-14,28.5,17.3,0.2,15.0,37
brisbane_urban,2023-10-15,31.8,14.9,0.0,17.3,28
brisbane_urban,2023-10-16,31.3,17.1,1.2,23.0,20
brisbane_urban,2023-10-17,28.0,17.2,0.0,25.3,6
brisbane_urban,2023-10-18,25.2,13.7,0.1,18.0,33
brisbane_urban,2023-10-19,26.5,12.9,0.0,19.6,29
brisbane_urban,2023-10-20,27.4,13.2,0.0,18.3,25
brisbane_urban,2023-10-21,28.0,15.5,0.0,18.9,5
brisbane_urban,2023-10-22,29.8,16.6,0.0,22.2,10
brisbane_urban,2023-10-23,31.9,17.6,0.0,22.1,6
brisbane_urban,2023-10-24,28.9,18.3,0.0,23.3,15
brisbane_urban,2023-10-25,30.4,18.5,0.0,22.6,9
brisbane_urban,2023-10-26,30.6,18.3,3.7,18.8,33
brisbane_urban,2023-10-27,23.9,15.5,6.2,22.4,69
brisbane_urban,2023-10-28,25.1,13.2,0.0,19.2,30
brisbane_urban,2023-10-29,23.7,11.9,0.1,14.9,22
brisbane_urban,2023-10-30,28.0,11.9,0.0,19.0,7
brisbane_urban,2023-10-31,32.6,14.3,0.0,20.9,14
brisbane_urban,2023-11-01,27.6,16.0,0.2,22.0,41
brisbane_urban,2023-11-02,26.2,14.9,0.0,17.9,25
brisbane_urban,2023-11-03,24.1,14.5,5.0,15.5,79
brisbane_urban,2023-11-04,26.4,16.4,1.8,19.0,77
brisbane_urban,2023-11-05,24.3,17.7,13.4,16.6,80
brisbane_urban,2023-11-06,22.6,16.1,2.3,17.6,76
brisbane_urban,2023-11-07,23.8,13.5,2.3,16.6,61
brisbane_urban,2023-11-08,25.6,15.2,1.4,16.3,49
brisbane_urban,2023-11-09,26.3,15.0,0.0,14.7,14
brisbane_urban,2023-11-10,26.4,16.9,2.0,18.8,67
brisbane_urban,2023-11-11,26.2,15.6,1.0,15.8,32
brisbane_urban,2023-11-12,28.0,15.8,0.0,18.1,45
brisbane_urban,2023-11-13,31.0,16.2,0.0,17.8,25
brisbane_urban,2023-11-14,28.4,20.3,1.2,20.4,60
brisbane_urban,2023-11-15,32.9,18.7,0.0,17.7,60
brisbane_urban,2023-11-16,36.0,21.3,1.1,11.8,69
brisbane_urban,2023-11-17,32.8,19.4,17.5,21.2,84
brisbane_urban,2023-11-18,26.1,16.6,0.0,16.8,51
brisbane_urban,2023-11-19,27.3,15.5,0.0,15.1,74
brisbane_urban,2023-11-20,22.1,19.3,15.1,19.2,100
brisbane_urban,2023-11-21,24.8,19.6,26.6,21.6,99
brisbane_urban,2023-11-22,27.0,19.5,5.7,15.0,95
brisbane_urban,2023-11-23,25.1,19.2,1.5,17.1,85
brisbane_urban,2023-11-24,26.8,19.2,0.8,16.0,83
brisbane_urban,2023-11-25,23.6,17.9,2.9,13.8,87
brisbane_urban,2023-11-26,27.6,16.7,0.3,14.3,36
brisbane_urban,2023-11-27,30.6,18.0,2.6,17.9,82
brisbane_urban,2023-11-28,22.7,19.5,33.0,14.3,100
brisbane_urban,2023-11-29,30.1,18.8,8.4,15.8,68
brisbane_urban,2023-11-30,33.8,19.5,0.2,15.5,53
brisbane_urban,2023-12-01,33.9,21.4,5.5,21.8,76
brisbane_urban,2023-12-02,32.8,20.3,18.8,19.8,36
brisbane_urban,2023-12-03,33.2,20.1,0.0,19.0,49
brisbane_urban,2023-12-04,30.7,20.7,5.3,18.4,65
brisbane_urban,2023-12-05,29.1,19.8,1.5,14.2,41
brisbane_urban,2023-12-06,31.8,19.3,0.0,15.8,26
brisbane_urban,2023-12-07,30.2,18.6,0.0,12.8,21
brisbane_urban,2023-12-08,30.2,19.4,0.1,16.1,31
brisbane_urban,2023-12-09,29.2,21.0,0.1,15.3,27
brisbane_urban,2023-12-10,29.1,20.2,0.0,18.8,40
brisbane_urban,2023-12-11,29.2,20.5,0.0,18.1,42
brisbane_urban,2023-12-12,29.4,20.8,0.3,15.2,52
brisbane_urban,2023-12-13,29.4,20.8,0.0,16.1,75
brisbane_urban,2023-12-14,31.9,18.7,0.0,18.1,54
brisbane_urban,2023-12-15,33.1,22.4,5.2,13.1,67
brisbane_urban,2023-12-16,32.5,22.3,0.5,15.0,57
brisbane_urban,2023-12-17,33.4,22.3,2.3,17.8,63
brisbane_urban,2023-12-18,29.9,23.9,5.0,17.9,48
brisbane_urban,2023-12-19,30.1,20.9,0.5,16.8,24
brisbane_urban,2023-12-20,29.5,20.3,0.9,18.1,71
brisbane_urban,2023-12-21,29.1,20.9,16.4,11.0,95
brisbane_urban,2023-12-22,24.9,18.2,13.0,10.7,76
brisbane_urban,2023-12-23,28.2,16.3,2.2,15.1,43
brisbane_urban,2023-12-24,27.8,19.9,25.8,16.2,92
brisbane_urban,2023-12-25,33.8,19.6,3.2,17.3,69
brisbane_urban,2023-12-26,32.2,20.3,4.9,16.2,70
brisbane_urban,2023-12-27,32.8,21.3,0.8,13.1,52
brisbane_urban,2023-12-28,34.8,21.3,0.3,17.3,6
brisbane_urban,2023-12-29,37.9,21.4,0.0,18.9,32
brisbane_urban,2023-12-30,26.4,20.0,17.8,12.1,94
brisbane_urban,2023-12-31,29.5,18.8,1.1,18.4,63
brisbane_urban,2024-01-01,24.4,20.1,20.1,17.1,95
brisbane_urban,2024-01-02,23.6,19.3,56.0,19.4,99
brisbane_urban,2024-01-03,29.7,19.1,4.6,16.5,36
brisbane_urban,2024-01-04,29.6,20.6,1.2,12.6,70
brisbane_urban,2024-01-05,30.1,21.8,5.3,17.5,79
brisbane_urban,2024-01-06,26.0,19.9,3.0,22.3,83
brisbane_urban,2024-01-07,27.6,19.1,3.7,16.6,89
brisbane_urban,2024-01-08,28.3,21.0,2.5,15.4,94
brisbane_urban,2024-01-09,29.2,22.5,3.0,16.0,95
brisbane_urban,2024-01-10,30.2,22.8,6.7,14.0,79
brisbane_urban,2024-01-11,28.7,20.8,1.0,18.0,60
brisbane_urban,2024-01-12,29.2,20.8,3.4,22.5,46
brisbane_urban,2024-01-13,29.8,21.2,2.2,17.4,71
brisbane_urban,2024-01-14,32.3,19.4,0.1,20.0,19
brisbane_urban,2024-01-15,28.2,21.6,12.4,18.4,72
brisbane_urban,2024-01-16,28.2,20.9,14.4,17.2,79
brisbane_urban,2024-01-17,29.0,21.9,2.5,15.1,68
brisbane_urban,2024-01-18,31.9,22.5,3.6,15.9,77
brisbane_urban,2024-01-19,32.1,22.5,7.5,13.3,85
brisbane_urban,2024-01-20,30.3,22.8,5.5,10.6,78
brisbane_urban,2024-01-21,31.9,23.1,1.0,14.4,47
brisbane_urban,2024-01-22,35.4,23.6,0.3,17.1,46
brisbane_urban,2024-01-23,26.6,22.5,0.0,17.1,100
brisbane_urban,2024-01-24,29.6,20.1,0.0,14.1,46
brisbane_urban,2024-01-25,30.2,20.2,0.0,15.6,67
brisbane_urban,2024-01-26,30.1,20.2,0.6,18.4,53
brisbane_urban,2024-01-27,34.8,24.7,1.8,16.8,87
brisbane_urban,2024-01-28,28.7,25.0,51.9,9.5,99
brisbane_urban,2024-01-29,30.1,24.4,16.1,15.6,96
brisbane_urban,2024-01-30,26.6,23.7,37.3,16.5,98
brisbane_urban,2024-01-31,29.2,21.4,0.0,19.6,49
brisbane_urban,2024-02-01,29.9,21.0,0.2,18.3,38
brisbane_urban,2024-02-02,31.7,19.9,0.0,15.0,3
brisbane_urban,2024-02-03,31.0,21.8,0.4,15.3,31
brisbane_urban,2024-02-04,29.5,21.8,1.7,14.9,52
brisbane_urban,2024-02-05,30.6,22.9,0.2,16.1,65
brisbane_urban,2024-02-06,31.1,22.5,0.9,15.0,61
brisbane_urban,2024-02-07,29.8,23.7,4.5,23.2,47
brisbane_urban,2024-02-08,29.9,22.1,1.8,21.8,41
brisbane_urban,2024-02-09,25.5,21.9,3.6,16.3,93
brisbane_urban,2024-02-10,26.5,22.1,1.5,16.6,93
brisbane_urban,2024-02-11,29.4,21.0,1.3,20.8,60
brisbane_urban,2024-02-12,28.3,20.5,3.0,19.4,41
brisbane_urban,2024-02-13,27.8,21.0,1.8,15.9,76
brisbane_urban,2024-02-14,30.2,19.8,2.9,10.7,54
brisbane_urban,2024-02-15,28.4,22.4,4.2,14.7,95
brisbane_urban,2024-02-16,23.1,20.5,50.5,16.6,88
brisbane_urban,2024-02-17,28.8,19.6,0.4,18.5,19
brisbane_urban,2024-02-18,28.9,19.9,0.9,17.1,22
brisbane_urban,2024-02-19,29.1,20.4,9.9,10.4,49
brisbane_urban,2024-02-20,29.0,19.4,1.7,13.7,46
brisbane_urban,2024-02-21,30.1,19.7,0.1,13.0,86
brisbane_urban,2024-02-22,31.1,20.9,0.6,12.0,84
brisbane_urban,2024-02-23,33.5,21.3,0.5,13.2,51
brisbane_urban,2024-02-24,27.1,23.6,17.0,11.0,97
brisbane_urban,2024-02-25,27.4,22.4,16.4,12.7,71
brisbane_urban,2024-02-26,30.8,21.2,0.9,12.9,26
brisbane_urban,2024-02-27,29.5,21.2,2.8,15.6,29
brisbane_urban,2024-02-28,29.9,20.3,0.0,13.6,19
brisbane_urban,2024-02-29,29.6,20.9,0.6,13.3,43
brisbane_urban,2024-03-01,29.8,20.1,0.1,15.0,24
brisbane_urban,2024-03-02,31.6,19.3,0.1,17.9,11
brisbane_urban,2024-03-03,28.8,22.0,1.8,8.9,95
brisbane_urban,2024-03-04,29.2,21.3,16.0,12.8,90
brisbane_urban,2024-03-05,26.0,20.5,3.9,18.8,85
brisbane_urban,2024-03-06,28.0,18.6,0.0,14.9,23
brisbane_urban,2024-03-07,29.1,18.3,1.0,18.0,43
brisbane_urban,2024-03-08,28.3,20.3,0.6,22.1,91
brisbane_urban,2024-03-09,28.7,20.6,0.6,22.8,36
brisbane_urban,2024-03-10,27.2,19.2,1.0,25.4,35
brisbane_urban,2024-03-11,26.9,20.6,4.1,26.6,48
brisbane_urban,2024-03-12,28.7,19.3,0.4,19.0,27
brisbane_urban,2024-03-13,28.3,20.0,0.6,19.7,36
brisbane_urban,2024-03-14,28.0,19.2,0.0,14.4,55
brisbane_urban,2024-03-15,28.6,18.2,1.5,23.2,47
brisbane_urban,2024-03-16,27.3,19.6,0.0,20.0,59
brisbane_urban,2024-03-17,26.4,18.6,5.4,14.2,58
brisbane_urban,2024-03-18,27.5,20.1,27.8,13.3,77
brisbane_urban,2024-03-19,28.1,19.3,1.5,13.4,59
brisbane_urban,2024-03-20,29.3,19.6,0.2,12.8,23
brisbane_urban,2024-03-21,26.1,20.3,1.1,26.8,78
brisbane_urban,2024-03-22,25.5,18.7,0.0,20.4,70
brisbane_urban,2024-03-23,25.0,17.1,4.0,13.8,79
brisbane_urban,2024-03-24,21.2,18.4,14.1,9.1,100
brisbane_urban,2024-03-25,22.4,18.1,9.7,11.2,100
brisbane_urban,2024-03-26,23.1,19.9,51.7,18.8,100
brisbane_urban,2024-03-27,23.6,21.3,23.3,19.9,96
brisbane_urban,2024-03-28,27.5,18.9,0.1,17.6,38
brisbane_urban,2024-03-29,26.2,17.8,1.9,14.3,41
brisbane_urban,2024-03-30,26.9,18.5,1.2,15.1,26
brisbane_urban,2024-03-31,25.0,16.6,1.4,13.9,57
brisbane_urban,2024-04-01,25.0,18.2,3.5,13.4,80
brisbane_urban,2024-04-02,27.4,19.5,2.0,13.7,45
brisbane_urban,2024-04-03,29.6,18.6,1.5,13.2,36
brisbane_urban,2024-04-04,24.2,19.8,33.6,11.4,84
brisbane_urban,2024-04-05,24.6,19.6,29.2,9.3,100
brisbane_urban,2024-04-06,27.4,19.7,11.9,9.8,78
brisbane_urban,2024-04-07,28.7,20.9,8.4,8.9,74
brisbane_urban,2024-04-08,28.7,19.3,0.0,10.9,33
brisbane_urban,2024-04-09,28.0,19.5,0.0,20.3,63
brisbane_urban,2024-04-10,26.2,15.1,0.0,20.1,11
brisbane_urban,2024-04-11,26.5,13.6,0.0,13.3,7
brisbane_urban,2024-04-12,25.3,14.2,0.5,10.9,11
brisbane_urban,2024-04-13,25.3,14.5,0.7,10.2,16
brisbane_urban,2024-04-14,26.1,16.4,0.1,10.9,45
brisbane_urban,2024-04-15,26.3,15.7,0.0,10.9,64
brisbane_urban,2024-04-16,26.9,15.9,0.0,11.0,62
brisbane_urban,2024-04-17,26.2,16.0,0.5,13.8,70
brisbane_urban,2024-04-18,25.1,17.1,2.6,8.7,80
brisbane_urban,2024-04-19,26.6,16.9,0.0,16.6,24
brisbane_urban,2024-04-20,24.7,14.5,8.5,12.8,55
brisbane_urban,2024-04-21,20.6,16.6,27.4,18.5,82
brisbane_urban,2024-04-22,24.3,16.0,0.6,23.2,46
brisbane_urban,2024-04-23,24.4,16.1,0.1,15.1,38
brisbane_urban,2024-04-24,25.6,15.3,0.5,11.6,31
brisbane_urban,2024-04-25,25.7,15.5,0.2,11.4,84
brisbane_urban,2024-04-26,22.5,16.2,1.0,15.1,76
brisbane_urban,2024-04-27,23.1,13.9,0.9,15.0,29
brisbane_urban,2024-04-28,23.9,14.7,2.3,15.5,30
brisbane_urban,2024-04-29,24.2,14.5,0.2,12.0,16
brisbane_urban,2024-04-30,24.4,14.3,0.9,9.0,24
brisbane_urban,2024-05-01,24.7,14.7,0.3,18.0,32
brisbane_urban,2024-05-02,22.8,15.3,0.8,24.2,50
brisbane_urban,2024-05-03,21.8,16.5,2.0,17.3,90
brisbane_urban,2024-05-04,21.4,15.3,2.1,12.0,63
brisbane_urban,2024-05-05,24.0,15.3,0.6,11.8,63
brisbane_urban,2024-05-06,24.1,15.1,2.0,13.9,26
brisbane_urban,2024-05-07,22.2,15.3,4.4,21.6,45
brisbane_urban,2024-05-08,22.8,14.2,0.2,18.6,28
brisbane_urban,2024-05-09,22.8,14.9,1.2,18.4,69
brisbane_urban,2024-05-10,23.6,15.1,0.1,16.4,37
brisbane_urban,2024-05-11,23.8,15.2,1.1,9.7,70
brisbane_urban,2024-05-12,23.2,15.7,4.4,13.8,54
brisbane_urban,2024-05-13,23.6,12.0,0.0,12.1,0
brisbane_urban,2024-05-14,25.1,11.9,0.0,10.7,29
brisbane_urban,2024-05-15,24.1,13.6,0.1,13.7,79
brisbane_urban,2024-05-16,19.7,16.0,4.7,10.2,84
brisbane_urban,2024-05-17,19.8,14.2,1.3,12.0,40
brisbane_urban,2024-05-18,23.5,13.1,1.0,16.2,16
brisbane_urban,2024-05-19,21.7,11.4,0.0,19.6,2
brisbane_urban,2024-05-20,21.9,9.9,0.0,11.2,0
brisbane_urban,2024-05-21,22.0,9.4,0.4,12.2,23
brisbane_urban,2024-05-22,21.3,11.6,0.0,10.6,21
brisbane_urban,2024-05-23,22.7,10.7,0.0,9.8,1
brisbane_urban,2024-05-24,22.6,10.8,0.1,10.3,67
brisbane_urban,2024-05-25,19.8,13.1,4.0,8.9,74
brisbane_urban,2024-05-26,22.7,12.1,0.2,7.6,29
brisbane_urban,2024-05-27,23.0,12.8,0.0,9.6,27
brisbane_urban,2024-05-28,21.8,13.1,1.8,11.4,22
brisbane_urban,2024-05-29,22.6,12.8,0.0,15.0,14
brisbane_urban,2024-05-30,22.2,14.6,0.8,16.6,61
brisbane_urban,2024-05-31,24.0,14.0,0.9,15.0,87
brisbane_urban,2024-06-01,23.2,15.5,11.9,14.5,98
brisbane_urban,2024-06-02,21.4,12.6,0.0,18.9,34
brisbane_urban,2024-06-03,19.3,11.1,0.0,20.3,8
brisbane_urban,2024-06-04,19.9,7.4,0.0,12.1,41
brisbane_urban,2024-06-05,20.6,6.6,0.0,10.7,43
brisbane_urban,2024-06-06,21.1,9.8,0.6,18.3,8
brisbane_urban,2024-06-07,18.9,9.0,0.0,18.6,0
brisbane_urban,2024-06-08,20.9,8.9,0.0,20.1,4
brisbane_urban,2024-06-09,21.9,11.9,0.0,16.4,36
brisbane_urban,2024-06-10,21.4,9.8,0.0,14.7,21
brisbane_urban,2024-06-11,21.6,8.6,0.0,11.7,0
brisbane_urban,2024-06-12,22.8,9.8,0.0,21.8,9
brisbane_urban,2024-06-13,20.1,9.5,0.0,16.8,6
brisbane_urban,2024-06-14,21.5,8.0,0.0,10.2,47
brisbane_urban,2024-06-15,21.1,9.7,0.2,18.3,12
brisbane_urban,2024-06-16,20.0,9.5,0.0,16.5,16
brisbane_urban,2024-06-17,18.7,9.3,0.0,21.1,0
brisbane_urban,2024-06-18,20.3,8.7,0.0,19.6,6
brisbane_urban,2024-06-19,20.3,8.7,0.0,16.9,0
brisbane_urban,2024-06-20,21.6,7.5,0.0,10.7,38
brisbane_urban,2024-06-21,24.4,7.6,0.0,15.6,57
brisbane_urban,2024-06-22,20.7,10.6,0.0,13.4,59
brisbane_urban,2024-06-23,20.1,7.7,0.0,21.8,17
brisbane_urban,2024-06-24,21.7,9.3,0.0,12.5,31
brisbane_urban,2024-06-25,21.7,11.3,3.1,11.0,76
brisbane_urban,2024-06-26,24.2,11.8,0.0,12.0,45
brisbane_urban,2024-06-27,24.4,12.6,1.5,13.0,47
brisbane_urban,2024-06-28,22.5,12.6,0.3,12.6,47
brisbane_urban,2024-06-29,22.2,11.5,0.3,11.4,36
brisbane_urban,2024-06-30,26.4,13.7,0.0,17.2,16
brisbane_urban,2024-07-01,19.6,14.8,4.4,12.9,97
brisbane_urban,2024-07-02,17.2,13.5,9.1,14.8,94
brisbane_urban,2024-07-03,17.1,11.9,4.6,19.0,80
brisbane_urban,2024-07-04,19.8,11.1,0.0,21.7,49
brisbane_urban,2024-07-05,20.1,10.4,0.4,20.5,25
brisbane_urban,2024-07-06,20.4,11.6,0.6,23.2,32
brisbane_urban,2024-07-07,20.4,11.0,0.1,17.5,38
brisbane_urban,2024-07-08,18.0,11.9,1.2,9.7,87
brisbane_urban,2024-07-09,19.8,12.9,3.1,9.3,79
brisbane_urban,2024-07-10,21.8,12.1,5.2,10.7,38
brisbane_urban,2024-07-11,22.6,12.4,0.1,10.3,19
brisbane_urban,2024-07-12,22.7,11.2,0.0,15.1,5
brisbane_urban,2024-07-13,19.2,12.2,0.0,22.9,34
brisbane_urban,2024-07-14,18.8,9.8,0.0,22.0,28
brisbane_urban,2024-07-15,17.4,8.4,0.0,21.0,21
brisbane_urban,2024-07-16,17.1,5.4,0.0,29.0,5
brisbane_urban,2024-07-17,15.6,8.1,0.0,25.9,4
brisbane_urban,2024-07-18,17.7,10.1,0.0,24.6,14
brisbane_urban,2024-07-19,19.2,8.0,0.0,20.1,0
brisbane_urban,2024-07-20,21.6,5.2,0.0,24.2,0
brisbane_urban,2024-07-21,20.2,9.9,0.0,27.0,0
brisbane_urban,2024-07-22,20.7,6.7,0.0,12.5,0
brisbane_urban,2024-07-23,21.7,7.1,0.0,10.9,1
brisbane_urban,2024-07-24,22.4,8.5,0.0,13.7,32
brisbane_urban,2024-07-25,23.3,10.1,0.2,18.1,37
brisbane_urban,2024-07-26,23.7,10.6,0.2,13.7,12
brisbane_urban,2024-07-27,22.6,9.9,1.7,13.0,61
brisbane_urban,2024-07-28,21.6,11.3,0.0,23.4,44
brisbane_urban,2024-07-29,19.6,6.9,0.0,22.3,0
brisbane_urban,2024-07-30,20.4,7.0,0.0,15.3,0
brisbane_urban,2024-07-31,20.4,6.6,0.0,14.5,1
brisbane_urban,2024-08-01,20.9,7.7,0.0,13.4,2
brisbane_urban,2024-08-02,21.0,7.0,0.0,13.2,1
brisbane_urban,2024-08-03,22.2,8.6,0.0,12.3,10
brisbane_urban,2024-08-04,22.0,8.0,0.0,13.2,36
brisbane_urban,2024-08-05,21.0,10.3,0.1,10.9,82
brisbane_urban,2024-08-06,22.2,12.5,0.1,15.0,46
brisbane_urban,2024-08-07,21.6,10.7,1.4,14.2,40
brisbane_urban,2024-08-08,20.5,10.7,0.2,14.6,22
brisbane_urban,2024-08-09,21.4,10.8,0.0,14.0,43
brisbane_urban,2024-08-10,22.2,11.0,0.2,14.7,22
brisbane_urban,2024-08-11,22.4,11.8,2.8,18.5,51
brisbane_urban,2024-08-12,19.1,14.3,20.9,17.0,99
brisbane_urban,2024-08-13,18.8,16.5,21.8,20.4,100
brisbane_urban,2024-08-14,19.7,16.9,10.3,19.0,97
brisbane_urban,2024-08-15,24.1,16.9,3.9,9.3,91
brisbane_urban,2024-08-16,25.5,15.7,0.3,12.6,46
brisbane_urban,2024-08-17,28.2,12.2,0.0,25.6,3
brisbane_urban,2024-08-18,22.9,10.9,0.0,17.9,0
brisbane_urban,2024-08-19,22.6,9.6,0.0,15.5,17
brisbane_urban,2024-08-20,21.8,12.7,1.0,12.8,48
brisbane_urban,2024-08-21,24.7,12.7,0.0,16.8,58
brisbane_urban,2024-08-22,25.9,12.7,0.0,13.2,37
brisbane_urban,2024-08-23,24.5,13.4,0.4,17.2,45
brisbane_urban,2024-08-24,25.1,12.1,0.0,9.4,10
brisbane_urban,2024-08-25,26.8,12.3,0.0,12.5,25
brisbane_urban,2024-08-26,27.9,14.7,0.0,13.0,33
brisbane_urban,2024-08-27,26.9,16.0,0.0,10.8,24
brisbane_urban,2024-08-28,29.8,16.0,0.0,15.8,35
brisbane_urban,2024-08-29,32.2,15.9,0.0,13.4,0
brisbane_urban,2024-08-30,31.4,11.8,0.0,12.6,0
brisbane_urban,2024-08-31,35.4,16.7,0.0,13.8,0
brisbane_urban,2024-09-01,32.0,16.2,0.0,13.7,0
brisbane_urban,2024-09-02,32.9,15.2,0.0,19.7,0
brisbane_urban,2024-09-03,24.7,11.8,0.0,22.5,1
brisbane_urban,2024-09-04,22.5,10.4,0.0,15.1,32
brisbane_urban,2024-09-05,23.2,11.2,0.0,13.5,44
brisbane_urban,2024-09-06,24.7,10.4,0.0,18.7,11
brisbane_urban,2024-09-07,27.2,11.2,0.0,17.6,11
brisbane_urban,2024-09-08,27.6,12.0,0.0,16.6,26
brisbane_urban,2024-09-09,28.3,12.9,0.0,14.2,41
brisbane_urban,2024-09-10,24.9,16.9,7.9,14.2,76
brisbane_urban,2024-09-11,24.8,16.6,1.0,12.6,44
brisbane_urban,2024-09-12,26.4,13.9,9.6,10.4,55
brisbane_urban,2024-09-13,22.5,12.2,0.6,23.9,37
brisbane_urban,2024-09-14,22.6,11.5,0.0,15.3,25
brisbane_urban,2024-09-15,25.5,10.9,0.2,18.1,26
brisbane_urban,2024-09-16,23.5,10.4,0.0,15.7,18
brisbane_urban,2024-09-17,23.1,10.6,0.0,15.0,32
brisbane_urban,2024-09-18,24.8,10.8,0.2,17.2,34
brisbane_urban,2024-09-19,27.5,11.5,0.2,17.1,44
brisbane_urban,2024-09-20,28.7,12.2,0.0,15.9,11
brisbane_urban,2024-09-21,27.5,14.1,0.7,15.9,34
brisbane_urban,2024-09-22,25.6,12.7,0.2,11.0,7
brisbane_urban,2024-09-23,27.0,13.0,0.0,15.1,5
brisbane_urban,2024-09-24,26.2,13.8,0.0,15.8,50
brisbane_urban,2024-09-25,25.4,13.0,0.0,19.6,52
brisbane_urban,2024-09-26,27.2,13.4,4.9,19.7,50
brisbane_urban,2024-09-27,21.8,16.2,23.3,24.8,83
brisbane_urban,2024-09-28,21.4,14.3,28.1,31.5,85
brisbane_urban,2024-09-29,25.3,15.8,3.9,19.7,44
brisbane_urban,2024-09-30,28.0,14.4,0.5,17.5,21
brisbane_urban,2024-10-01,24.3,14.0,0.0,16.1,13
brisbane_urban,2024-10-02,23.0,13.0,0.3,21.9,49
brisbane_urban,2024-10-03,23.0,11.8,0.0,22.4,32
brisbane_urban,2024-10-04,24.0,10.2,0.0,14.5,1
brisbane_urban,2024-10-05,29.1,12.1,0.0,15.3,26
brisbane_urban,2024-10-06,32.3,15.2,0.0,12.3,8
brisbane_urban,2024-10-07,31.3,16.5,0.0,12.7,59
brisbane_urban,2024-10-08,32.8,18.0,8.6,17.8,68
brisbane_urban,2024-10-09,22.9,15.7,38.0,17.5,92
brisbane_urban,2024-10-10,21.7,15.6,21.4,19.5,70
brisbane_urban,2024-10-11,24.0,13.7,0.5,13.3,25
brisbane_urban,2024-10-12,25.8,13.5,0.6,13.2,66
brisbane_urban,2024-10-13,21.8,15.1,1.0,20.6,85
brisbane_urban,2024-10-14,23.0,14.5,0.1,14.7,100
brisbane_urban,2024-10-15,24.1,14.4,7.1,9.8,71
brisbane_urban,2024-10-16,23.0,15.0,6.8,12.5,78
brisbane_urban,2024-10-17,26.6,15.4,0.3,16.2,41
brisbane_urban,2024-10-18,26.8,16.8,0.0,19.5,60
brisbane_urban,2024-10-19,32.5,17.2,0.2,16.5,24
brisbane_urban,2024-10-20,26.2,17.7,0.2,14.7,23
brisbane_urban,2024-10-21,27.4,17.9,0.1,17.0,44
brisbane_urban,2024-10-22,27.0,17.0,0.5,18.1,48
brisbane_urban,2024-10-23,27.8,16.3,0.5,17.2,66
brisbane_urban,2024-10-24,31.6,20.6,0.7,14.3,75
brisbane_urban,2024-10-25,28.9,16.6,0.1,22.7,14
brisbane_urban,2024-10-26,24.1,14.8,0.8,18.6,43
brisbane_urban,2024-10-27,25.7,16.3,1.3,18.3,95
brisbane_urban,2024-10-28,25.4,15.3,16.4,13.3,87
brisbane_urban,2024-10-29,27.8,13.2,0.1,14.0,24
brisbane_urban,2024-10-30,25.1,18.2,2.3,14.8,49
brisbane_urban,2024-10-31,30.4,17.1,3.1,15.4,31
brisbane_urban,2024-11-01,31.2,15.3,1.1,13.4,27
brisbane_urban,2024-11-02,26.7,16.6,0.1,17.9,48
brisbane_urban,2024-11-03,27.4,17.7,0.4,17.0,39
brisbane_urban,2024-11-04,29.7,17.1,0.0,19.1,57
brisbane_urban,2024-11-05,31.5,18.7,3.2,18.5,35
brisbane_urban,2024-11-06,30.4,18.8,0.0,18.1,25
brisbane_urban,2024-11-07,31.8,19.0,0.0,21.3,41
brisbane_urban,2024-11-08,33.8,22.4,1.8,12.4,73
brisbane_urban,2024-11-09,30.5,21.3,0.1,17.9,65
brisbane_urban,2024-11-10,29.7,20.6,25.8,16.6,85
brisbane_urban,2024-11-11,28.7,21.4,42.9,19.8,95
brisbane_urban,2024-11-12,28.3,21.0,26.5,15.2,98
brisbane_urban,2024-11-13,30.1,19.2,6.1,13.9,73
brisbane_urban,2024-11-14,32.2,18.7,0.0,13.7,43
brisbane_urban,2024-11-15,27.3,20.2,2.8,13.1,80
brisbane_urban,2024-11-16,26.6,20.1,16.6,15.9,92
brisbane_urban,2024-11-17,26.8,19.3,0.0,14.3,51
brisbane_urban,2024-11-18,28.1,18.8,5.0,14.3,96
brisbane_urban,2024-11-19,22.9,17.3,36.8,15.8,100
brisbane_urban,2024-11-20,21.4,17.5,35.3,17.1,100
brisbane_urban,2024-11-21,22.5,17.6,4.1,16.4,100
brisbane_urban,2024-11-22,22.9,18.3,20.9,14.7,77
brisbane_urban,2024-11-23,25.1,16.9,0.7,11.8,35
brisbane_urban,2024-11-24,26.5,17.1,0.0,12.4,16
brisbane_urban,2024-11-25,26.1,18.4,0.3,12.1,28
brisbane_urban,2024-11-26,26.6,19.0,1.3,12.7,39
brisbane_urban,2024-11-27,27.8,19.2,1.8,14.9,56
brisbane_urban,2024-11-28,29.0,21.3,1.9,12.1,87
brisbane_urban,2024-11-29,27.7,21.6,3.6,15.4,87
brisbane_urban,2024-11-30,26.1,21.7,51.1,17.1,100
brisbane_urban,2024-12-01,27.7,21.4,34.6,13.0,70
brisbane_urban,2024-12-02,29.7,20.5,2.6,14.6,43
brisbane_urban,2024-12-03,28.9,21.7,0.1,13.8,82
brisbane_urban,2024-12-04,28.2,21.7,1.1,11.5,97
brisbane_urban,2024-12-05,28.0,21.9,3.4,14.0,72
brisbane_urban,2024-12-06,29.1,21.0,0.1,12.0,27
brisbane_urban,2024-12-07,30.3,20.7,0.0,14.8,18
brisbane_urban,2024-12-08,35.3,20.3,0.2,8.0,16
brisbane_urban,2024-12-09,29.6,23.0,9.7,11.7,88
brisbane_urban,2024-12-10,29.0,21.9,29.8,13.1,98
brisbane_urban,2024-12-11,25.9,19.7,22.7,15.3,83
brisbane_urban,2024-12-12,28.6,18.9,0.0,12.0,11
brisbane_urban,2024-12-13,29.1,20.4,0.7,13.3,51
brisbane_urban,2024-12-14,27.2,21.2,45.3,12.6,95
brisbane_urban,2024-12-15,29.0,21.4,1.8,17.2,84
brisbane_urban,2024-12-16,27.8,22.0,19.1,21.3,88
brisbane_urban,2024-12-17,29.5,22.0,23.8,12.5,77
brisbane_urban,2024-12-18,30.4,21.0,33.1,20.0,87
brisbane_urban,2024-12-19,26.5,18.9,0.0,19.7,78
brisbane_urban,2024-12-20,26.7,16.8,0.1,12.0,30
brisbane_urban,2024-12-21,30.1,19.6,0.0,12.1,79
brisbane_urban,2024-12-22,28.6,18.1,0.0,11.7,7
brisbane_urban,2024-12-23,30.5,19.6,0.0,12.9,9
brisbane_urban,2024-12-24,30.7,19.5,0.0,18.7,10
brisbane_urban,2024-12-25,29.3,18.3,0.0,15.8,17
brisbane_urban,2024-12-26,28.7,17.6,0.0,12.0,0
brisbane_urban,2024-12-27,31.2,17.4,0.0,14.4,7
brisbane_urban,2024-12-28,35.3,21.7,4.0,10.6,55
brisbane_urban,2024-12-29,31.0,22.8,3.1,13.3,69
brisbane_urban,2024-12-30,29.1,22.4,3.3,15.2,99
brisbane_urban,2024-12-31,29.0,21.3,3.1,13.9,78
brisbane_urban,2025-01-01,28.2,20.0,2.9,12.5,90
brisbane_urban,2025-01-02,26.6,19.7,10.2,15.6,91
brisbane_urban,2025-01-03,28.0,18.8,0.8,17.7,25
brisbane_urban,2025-01-04,27.7,19.0,1.2,16.8,18
brisbane_urban,2025-01-05,28.7,17.8,0.3,12.3,35
brisbane_urban,2025-01-06,28.9,18.8,0.0,12.7,22
brisbane_urban,2025-01-07,30.6,17.5,0.0,15.2,40
brisbane_urban,2025-01-08,30.2,20.7,4.8,11.1,76
brisbane_urban,2025-01-09,26.6,19.3,20.7,10.6,62
brisbane_urban,2025-01-10,26.8,19.5,43.4,14.6,97
brisbane_urban,2025-01-11,25.3,18.9,58.7,11.9,99
brisbane_urban,2025-01-12,26.1,19.3,8.2,10.8,83
brisbane_urban,2025-01-13,28.3,19.9,4.2,9.2,61
brisbane_urban,2025-01-14,28.5,20.1,1.2,10.7,58
brisbane_urban,2025-01-15,33.3,21.4,5.9,14.4,59
brisbane_urban,2025-01-16,33.6,21.8,0.5,16.7,31
brisbane_urban,2025-01-17,29.7,18.2,2.3,12.9,37
brisbane_urban,2025-01-18,29.9,19.0,6.6,19.4,62
brisbane_urban,2025-01-19,28.2,20.1,4.2,22.1,62
brisbane_urban,2025-01-20,29.2,17.2,0.0,13.5,20
brisbane_urban,2025-01-21,31.0,19.1,0.6,12.5,33
brisbane_urban,2025-01-22,36.2,21.4,0.0,10.3,41
brisbane_urban,2025-01-23,29.4,22.9,5.4,16.5,69
brisbane_urban,2025-01-24,37.1,22.5,0.0,16.8,96
brisbane_urban,2025-01-25,30.1,23.7,0.2,14.9,86
brisbane_urban,2025-01-26,31.2,22.6,0.0,13.6,37
brisbane_urban,2025-01-27,28.9,23.3,0.9,13.3,54
brisbane_urban,2025-01-28,31.6,20.9,0.0,12.0,7
brisbane_urban,2025-01-29,31.9,20.2,0.0,13.3,14
brisbane_urban,2025-01-30,31.3,22.3,0.2,13.2,28
brisbane_urban,2025-01-31,31.4,23.0,1.9,15.4,38
brisbane_urban,2025-02-01,30.5,22.8,0.4,18.2,54
brisbane_urban,2025-02-02,30.1,21.3,0.2,18.3,94
brisbane_urban,2025-02-03,29.7,21.7,5.2,17.7,71
brisbane_urban,2025-02-04,29.3,21.5,2.2,15.8,76
brisbane_urban,2025-02-05,27.5,22.2,4.1,8.0,99
brisbane_urban,2025-02-06,28.8,21.4,1.6,14.3,54
brisbane_urban,2025-02-07,30.0,20.6,2.0,14.7,24
brisbane_urban,2025-02-08,29.4,19.5,0.8,12.7,17
brisbane_urban,2025-02-09,30.3,20.4,2.1,13.2,28
brisbane_urban,2025-02-10,30.9,20.9,2.5,13.3,26
brisbane_urban,2025-02-11,30.7,20.9,11.7,15.5,35
brisbane_urban,2025-02-12,30.6,20.7,3.2,12.8,66
brisbane_urban,2025-02-13,28.9,23.1,3.7,12.7,60
brisbane_urban,2025-02-14,30.1,21.2,0.9,12.8,66
brisbane_urban,2025-02-15,31.8,22.8,9.0,11.7,89
brisbane_urban,2025-02-16,34.5,22.0,0.7,17.1,24
brisbane_urban,2025-02-17,28.0,20.6,0.0,14.4,75
brisbane_urban,2025-02-18,29.3,20.2,0.7,12.6,39
brisbane_urban,2025-02-19,28.2,20.7,2.3,14.1,49
brisbane_urban,2025-02-20,30.1,19.5,0.0,14.9,16
brisbane_urban,2025-02-21,29.1,20.1,0.7,22.5,28
brisbane_urban,2025-02-22,29.8,19.6,0.2,20.5,21
brisbane_urban,2025-02-23,30.0,19.9,0.2,15.5,26
brisbane_urban,2025-02-24,30.6,20.9,0.3,13.4,22
brisbane_urban,2025-02-25,31.1,20.4,0.0,19.5,19
brisbane_urban,2025-02-26,30.3,21.3,0.5,17.8,26
brisbane_urban,2025-02-27,30.0,19.1,0.1,15.4,21
brisbane_urban,2025-02-28,30.1,19.8,0.3,15.5,15
brisbane_urban,2025-03-01,31.0,20.1,0.0,19.0,36
brisbane_urban,2025-03-02,30.6,21.0,0.1,23.3,38
brisbane_urban,2025-03-03,30.4,22.6,0.1,24.7,42
brisbane_urban,2025-03-04,31.1,21.8,3.3,22.6,48
brisbane_urban,2025-03-05,28.3,20.3,14.0,31.4,100
brisbane_urban,2025-03-06,27.6,22.1,5.1,26.2,77
brisbane_urban,2025-03-07,27.5,21.1,34.6,35.1,91
brisbane_urban,2025-03-08,25.0,22.4,112.2,41.8,100
brisbane_urban,2025-03-09,23.2,22.1,167.8,28.4,100
brisbane_urban,2025-03-10,23.6,22.0,56.5,19.4,100
brisbane_urban,2025-03-11,26.6,21.6,5.1,11.5,97
brisbane_urban,2025-03-12,26.7,20.1,2.0,12.3,50
brisbane_urban,2025-03-13,27.6,19.4,0.6,11.8,16
brisbane_urban,2025-03-14,27.8,19.0,0.3,11.6,20
brisbane_urban,2025-03-15,27.5,18.8,0.6,11.7,17
brisbane_urban,2025-03-16,28.8,18.1,0.2,12.4,24
brisbane_urban,2025-03-17,31.9,18.0,0.3,21.7,32
brisbane_urban,2025-03-18,26.1,19.5,0.1,17.7,70
brisbane_urban,2025-03-19,25.6,18.7,0.0,13.1,99
brisbane_urban,2025-03-20,26.4,20.1,4.9,12.1,79
brisbane_urban,2025-03-21,28.5,19.4,1.8,8.5,63
brisbane_urban,2025-03-22,30.6,20.9,2.1,8.6,59
brisbane_urban,2025-03-23,28.2,21.3,4.8,9.9,96
brisbane_urban,2025-03-24,25.9,21.1,2.9,12.2,99
brisbane_urban,2025-03-25,24.3,21.0,6.1,13.1,100
brisbane_urban,2025-03-26,23.9,20.2,11.2,12.0,100
brisbane_urban,2025-03-27,23.1,20.2,25.0,14.3,100
brisbane_urban,2025-03-28,23.0,20.2,33.5,16.3,100
brisbane_urban,2025-03-29,24.8,22.1,43.9,21.6,73
brisbane_urban,2025-03-30,30.6,21.1,0.0,14.5,12
brisbane_urban,2025-03-31,29.0,20.6,0.5,12.1,35
brisbane_urban,2025-04-01,24.8,20.5,0.2,14.3,97
brisbane_urban,2025-04-02,23.3,19.5,19.1,9.3,100
brisbane_urban,2025-04-03,26.0,19.1,8.3,9.2,89
brisbane_urban,2025-04-04,25.2,19.1,0.4,14.6,76
brisbane_urban,2025-04-05,27.9,18.7,0.1,10.2,22
brisbane_urban,2025-04-06,26.2,17.9,0.3,8.4,21
brisbane_urban,2025-04-07,27.7,16.0,0.0,11.3,0
brisbane_urban,2025-04-08,25.9,16.2,0.5,10.9,16
brisbane_urban,2025-04-09,25.2,16.5,5.1,14.0,26
brisbane_urban,2025-04-10,25.7,16.1,0.4,12.4,56
brisbane_urban,2025-04-11,25.4,16.8,1.2,10.7,29
brisbane_urban,2025-04-12,24.0,18.6,9.8,18.1,74
brisbane_urban,2025-04-13,25.7,17.9,0.6,17.4,25
brisbane_urban,2025-04-14,24.8,17.3,1.7,17.2,34
brisbane_urban,2025-04-15,24.8,16.8,0.4,18.4,28
brisbane_urban,2025-04-16,24.1,16.6,0.0,14.9,22
brisbane_urban,2025-04-17,26.1,15.3,0.0,10.8,19
brisbane_urban,2025-04-18,27.0,16.7,0.0,9.3,10
brisbane_urban,2025-04-19,27.3,15.4,0.2,9.3,38
brisbane_urban,2025-04-20,27.0,17.2,1.1,8.2,38
brisbane_urban,2025-04-21,27.4,16.3,8.8,13.2,59
brisbane_urban,2025-04-22,25.2,16.2,0.2,13.5,9
brisbane_urban,2025-04-23,25.0,14.7,0.0,11.0,17
brisbane_urban,2025-04-24,23.3,17.4,15.1,16.8,82
brisbane_urban,2025-04-25,21.6,17.6,39.5,13.1,92
brisbane_urban,2025-04-26,26.3,17.5,2.3,7.6,48
brisbane_urban,2025-04-27,25.6,16.4,1.1,15.2,22
brisbane_urban,2025-04-28,25.8,16.6,0.0,19.1,7
brisbane_urban,2025-04-29,25.9,16.8,0.0,9.8,5
brisbane_urban,2025-04-30,25.7,17.0,1.4,9.1,30
brisbane_urban,2025-05-01,23.6,14.2,2.1,11.1,12
brisbane_urban,2025-05-02,22.0,13.5,0.1,17.6,27
brisbane_urban,2025-05-03,22.8,14.1,2.1,16.8,28
brisbane_urban,2025-05-04,24.0,14.3,3.1,17.1,41
brisbane_urban,2025-05-05,23.7,15.6,0.7,14.3,30
brisbane_urban,2025-05-06,24.3,15.4,0.0,13.4,18
brisbane_urban,2025-05-07,24.6,13.9,0.0,8.9,6
brisbane_urban,2025-05-08,26.1,14.3,0.0,13.0,33
brisbane_urban,2025-05-09,22.7,16.5,0.2,19.2,43
brisbane_urban,2025-05-10,21.3,15.0,1.7,19.7,51
brisbane_urban,2025-05-11,21.8,15.6,2.8,17.3,70
brisbane_urban,2025-05-12,22.6,15.3,1.2,13.9,43
brisbane_urban,2025-05-13,24.1,15.4,1.8,11.8,50
brisbane_urban,2025-05-14,22.7,17.4,11.5,15.8,88
brisbane_urban,2025-05-15,23.0,16.2,2.7,9.7,48
brisbane_urban,2025-05-16,23.7,14.9,2.0,9.8,65
brisbane_urban,2025-05-17,24.4,16.8,9.4,10.3,52
brisbane_urban,2025-05-18,23.0,14.9,0.8,9.4,30
brisbane_urban,2025-05-19,22.0,14.5,3.0,14.4,71
brisbane_urban,2025-05-20,23.1,13.5,0.0,9.9,18
brisbane_urban,2025-05-21,24.1,15.1,0.4,9.4,17
brisbane_urban,2025-05-22,23.8,14.3,0.0,15.7,13
brisbane_urban,2025-05-23,23.7,14.1,0.0,13.5,15
brisbane_urban,2025-05-24,25.4,14.3,0.5,9.9,45
brisbane_urban,2025-05-25,26.2,13.6,0.0,8.4,53
brisbane_urban,2025-05-26,25.1,15.6,0.0,11.3,53
brisbane_urban,2025-05-27,28.5,15.5,0.0,20.5,94
brisbane_urban,2025-05-28,21.2,13.0,0.0,18.8,71
brisbane_urban,2025-05-29,20.3,13.6,0.4,13.7,99
brisbane_urban,2025-05-30,17.7,13.3,41.0,11.1,90
brisbane_urban,2025-05-31,19.1,14.9,35.7,21.5,92
brisbane_urban,2025-06-01,22.3,14.0,2.1,16.3,56
brisbane_urban,2025-06-02,21.8,14.3,1.6,11.3,99
brisbane_urban,2025-06-03,21.9,15.0,1.6,18.4,12
brisbane_urban,2025-06-04,20.3,11.6,0.2,19.6,6
brisbane_urban,2025-06-05,19.7,9.9,0.0,13.9,4
brisbane_urban,2025-06-06,20.8,9.9,0.0,10.4,19
brisbane_urban,2025-06-07,22.8,11.9,0.0,13.1,47
brisbane_urban,2025-06-08,20.8,10.4,0.0,15.0,0
brisbane_urban,2025-06-09,17.5,8.8,0.0,21.0,3
brisbane_urban,2025-06-10,17.5,8.9,0.0,18.9,0
brisbane_urban,2025-06-11,17.3,8.8,0.0,20.9,0
brisbane_urban,2025-06-12,17.6,7.2,0.0,14.6,4
brisbane_urban,2025-06-13,17.3,6.8,0.0,15.2,0
brisbane_urban,2025-06-14,18.5,7.5,0.0,13.2,37
brisbane_urban,2025-06-15,20.1,7.7,0.0,10.8,9
brisbane_urban,2025-06-16,20.3,8.3,0.0,11.7,68
brisbane_urban,2025-06-17,17.4,10.5,0.0,8.9,100
brisbane_urban,2025-06-18,20.3,10.6,0.0,10.7,71
brisbane_urban,2025-06-19,21.3,10.6,0.0,11.4,10
brisbane_urban,2025-06-20,21.0,11.6,0.0,11.4,16
brisbane_urban,2025-06-21,20.1,12.2,0.5,15.9,46
brisbane_urban,2025-06-22,21.2,13.0,1.8,12.0,46
brisbane_urban,2025-06-23,20.7,12.6,0.2,6.4,78
brisbane_urban,2025-06-24,22.8,12.6,0.5,9.4,47
brisbane_urban,2025-06-25,20.1,13.7,1.2,19.9,12
brisbane_urban,2025-06-26,17.8,9.3,0.0,12.4,1
brisbane_urban,2025-06-27,19.5,8.4,0.0,11.9,29
brisbane_urban,2025-06-28,18.8,11.4,0.3,10.2,53
brisbane_urban,2025-06-29,19.0,11.7,9.2,10.7,91
brisbane_urban,2025-06-30,15.8,13.7,25.7,14.2,100
brisbane_urban,2025-07-01,18.2,11.4,0.3,19.5,7
brisbane_urban,2025-07-02,16.9,8.8,0.0,30.3,5
brisbane_urban,2025-07-03,18.5,10.6,0.0,31.0,0
brisbane_urban,2025-07-04,19.3,9.0,0.0,20.6,0
brisbane_urban,2025-07-05,21.0,8.1,0.0,10.2,25
brisbane_urban,2025-07-06,22.9,12.1,3.2,11.0,62
brisbane_urban,2025-07-07,20.3,11.4,4.1,16.0,11
brisbane_urban,2025-07-08,20.8,8.7,0.0,12.9,1
brisbane_urban,2025-07-09,23.9,7.3,0.0,10.3,76
brisbane_urban,2025-07-10,22.0,12.9,0.2,18.5,18
brisbane_urban,2025-07-11,19.3,9.1,0.0,20.6,1
brisbane_urban,2025-07-12,19.5,7.9,0.0,14.5,0
brisbane_urban,2025-07-13,20.5,7.4,0.0,10.1,2
brisbane_urban,2025-07-14,21.7,7.1,0.0,11.7,0
brisbane_urban,2025-07-15,21.9,7.0,0.0,9.1,47
brisbane_urban,2025-07-16,21.6,9.0,0.0,10.0,1
brisbane_urban,2025-07-17,21.5,9.8,0.8,8.9,20
brisbane_urban,2025-07-18,19.5,12.5,15.1,14.2,67
brisbane_urban,2025-07-19,20.0,10.2,0.0,12.6,6
brisbane_urban,2025-07-20,20.7,10.9,0.1,12.7,14
brisbane_urban,2025-07-21,20.4,11.6,0.1,13.8,26
brisbane_urban,2025-07-22,21.2,11.3,0.0,8.1,76
brisbane_urban,2025-07-23,21.7,11.9,8.7,13.9,80
brisbane_urban,2025-07-24,18.4,9.1,0.0,19.9,8
brisbane_urban,2025-07-25,19.1,6.6,0.0,9.8,2
brisbane_urban,2025-07-26,20.4,9.9,18.3,15.6,72
brisbane_urban,2025-07-27,19.8,12.1,1.4,18.2,24
brisbane_urban,2025-07-28,18.5,10.6,0.0,22.4,0
brisbane_urban,2025-07-29,19.4,7.1,0.0,11.4,49
brisbane_urban,2025-07-30,23.6,10.2,2.6,16.0,30
brisbane_urban,2025-07-31,18.6,10.0,0.0,19.4,36
brisbane_urban,2025-08-01,18.6,11.2,1.5,10.1,77
brisbane_urban,2025-08-02,16.9,8.1,0.9,18.2,29
brisbane_urban,2025-08-03,20.4,7.9,1.0,24.5,54
brisbane_urban,2025-08-04,21.9,13.2,0.0,16.4,23
brisbane_urban,2025-08-05,23.2,11.7,0.0,12.4,13
brisbane_urban,2025-08-06,22.6,10.4,0.0,9.3,9
brisbane_urban,2025-08-07,21.2,10.7,0.0,14.3,64
brisbane_urban,2025-08-08,19.4,13.9,4.5,18.7,95
brisbane_urban,2025-08-09,19.3,13.1,2.7,19.3,99
brisbane_urban,2025-08-10,20.2,12.0,0.4,17.3,33
brisbane_urban,2025-08-11,20.1,10.7,0.2,11.6,10
brisbane_urban,2025-08-12,20.6,9.4,0.0,9.2,42
brisbane_urban,2025-08-13,19.4,10.3,1.3,7.8,51
brisbane_urban,2025-08-14,18.9,9.2,3.9,9.8,50
brisbane_urban,2025-08-15,20.4,9.9,0.5,10.9,9
brisbane_urban,2025-08-16,22.1,7.7,0.0,13.3,5
brisbane_urban,2025-08-17,20.2,9.1,0.0,14.4,0
brisbane_urban,2025-08-18,19.0,6.7,0.0,14.1,11
brisbane_urban,2025-08-19,16.5,8.9,2.6,11.8,81
brisbane_urban,2025-08-20,16.6,11.6,19.6,10.7,85
brisbane_urban,2025-08-21,20.2,12.2,12.2,14.6,65
brisbane_urban,2025-08-22,23.6,12.4,0.7,9.4,20
brisbane_urban,2025-08-23,23.4,11.0,0.0,15.7,0
brisbane_urban,2025-08-24,23.2,11.8,0.0,10.8,7
brisbane_urban,2025-08-25,22.6,11.0,0.1,12.6,15
brisbane_urban,2025-08-26,22.5,13.2,0.1,10.9,28
brisbane_urban,2025-08-27,26.4,11.2,0.0,14.8,1
brisbane_urban,2025-08-28,24.2,13.1,0.0,17.2,0
brisbane_urban,2025-08-29,23.1,9.5,0.0,15.2,0
brisbane_urban,2025-08-30,19.0,10.0,0.0,24.4,2
brisbane_urban,2025-08-31,21.4,7.9,0.0,14.3,18
brisbane_urban,2025-09-01,20.4,11.4,0.5,8.8,92
brisbane_urban,2025-09-02,22.0,11.7,3.6,9.0,57
brisbane_urban,2025-09-03,23.3,12.0,0.0,10.2,8
brisbane_urban,2025-09-04,23.6,11.7,0.0,9.5,61
brisbane_urban,2025-09-05,24.9,13.8,0.8,15.1,55
brisbane_urban,2025-09-06,21.1,12.6,0.4,16.8,21
brisbane_urban,2025-09-07,21.5,11.8,0.0,12.6,23
brisbane_urban,2025-09-08,23.4,9.8,0.0,13.5,21
brisbane_urban,2025-09-09,27.1,11.1,0.0,10.9,22
brisbane_urban,2025-09-10,27.4,14.1,0.0,12.7,53
brisbane_urban,2025-09-11,21.0,12.5,0.2,24.3,4
brisbane_urban,2025-09-12,22.8,9.9,0.4,12.5,23
brisbane_urban,2025-09-13,21.1,12.5,1.0,10.2,76
brisbane_urban,2025-09-14,22.4,11.8,0.1,10.7,26
brisbane_urban,2025-09-15,22.9,10.9,0.0,11.8,6
brisbane_urban,2025-09-16,23.5,10.8,0.0,14.0,20
brisbane_urban,2025-09-17,28.5,14.3,0.1,10.8,17
brisbane_urban,2025-09-18,27.7,16.0,0.0,13.9,9
brisbane_urban,2025-09-19,26.8,16.2,0.2,14.1,41
brisbane_urban,2025-09-20,23.7,16.9,0.2,14.8,71
brisbane_urban,2025-09-21,26.3,14.2,0.0,13.3,8
brisbane_urban,2025-09-22,28.8,14.0,0.0,10.0,1
brisbane_urban,2025-09-23,23.9,13.6,0.2,17.4,12
brisbane_urban,2025-09-24,25.1,11.0,0.0,12.1,0
brisbane_urban,2025-09-25,27.7,12.3,0.0,11.2,13
brisbane_urban,2025-09-26,27.7,11.7,0.0,13.5,78
brisbane_urban,2025-09-27,27.2,13.6,0.0,15.7,98
brisbane_urban,2025-09-28,29.1,14.1,0.0,13.6,12
brisbane_urban,2025-09-29,30.9,15.9,0.0,12.9,41
brisbane_urban,2025-09-30,27.6,18.4,0.1,14.2,33
brisbane_urban,2025-10-01,28.5,18.0,0.2,12.9,84
brisbane_urban,2025-10-02,32.8,19.0,0.0,13.8,13
brisbane_urban,2025-10-03,28.6,14.5,0.0,14.5,0
brisbane_urban,2025-10-04,26.5,13.3,0.0,14.5,15
brisbane_urban,2025-10-05,28.0,14.2,0.0,12.1,5
brisbane_urban,2025-10-06,32.3,12.4,0.0,15.5,11
brisbane_urban,2025-10-07,32.6,14.8,0.0,15.3,17
brisbane_urban,2025-10-08,30.6,16.4,0.0,16.2,29
brisbane_urban,2025-10-09,30.4,16.9,0.0,19.4,1
brisbane_urban,2025-10-10,29.4,17.7,0.0,15.1,40
brisbane_urban,2025-10-11,32.8,18.8,0.0,16.0,27
brisbane_urban,2025-10-12,33.3,21.3,1.6,13.2,88
brisbane_urban,2025-10-13,29.3,20.6,8.8,19.5,79
brisbane_urban,2025-10-14,25.9,19.9,2.6,13.6,61
brisbane_urban,2025-10-15,26.4,18.4,1.8,15.0,63
brisbane_urban,2025-10-16,26.1,18.3,0.0,13.6,45
brisbane_urban,2025-10-17,27.5,14.5,0.0,15.8,19
brisbane_urban,2025-10-18,33.2,16.9,3.3,14.8,59
brisbane_urban,2025-10-19,28.3,18.6,0.6,16.2,28
brisbane_urban,2025-10-20,28.8,18.1,0.0,13.4,24
brisbane_urban,2025-10-21,31.1,16.8,0.0,14.1,8
brisbane_urban,2025-10-22,29.6,17.7,0.0,14.9,14
brisbane_urban,2025-10-23,34.7,18.6,1.2,16.6,25
brisbane_urban,2025-10-24,32.7,20.4,0.0,15.7,48
brisbane_urban,2025-10-25,27.9,20.8,0.0,13.9,69
brisbane_urban,2025-10-26,31.5,19.2,13.4,16.5,47
brisbane_urban,2025-10-27,35.4,20.9,0.0,23.4,41
brisbane_urban,2025-10-28,22.2,17.3,32.6,19.4,100
brisbane_urban,2025-10-29,25.3,16.4,4.1,13.9,52
brisbane_urban,2025-10-30,26.3,16.6,44.0,12.9,83
brisbane_urban,2025-10-31,28.2,18.7,20.1,14.5,78
brisbane_urban,2025-11-01,29.6,19.1,13.6,16.8,85
brisbane_urban,2025-11-02,28.5,19.3,0.6,17.6,49
brisbane_urban,2025-11-03,30.1,22.0,15.4,18.2,71
brisbane_urban,2025-11-04,28.2,19.9,13.7,15.1,49
brisbane_urban,2025-11-05,28.4,14.7,0.0,14.6,17
brisbane_urban,2025-11-06,25.6,15.0,0.8,12.8,27
brisbane_urban,2025-11-07,26.3,15.3,0.0,10.6,47
brisbane_urban,2025-11-08,29.7,15.3,8.6,14.8,47
brisbane_urban,2025-11-09,26.4,20.2,2.2,12.3,100
brisbane_urban,2025-11-10,23.1,15.9,15.5,14.7,68
brisbane_urban,2025-11-11,27.0,13.9,0.0,15.2,14
brisbane_urban,2025-11-12,24.4,14.7,0.0,14.6,47
brisbane_urban,2025-11-13,26.7,16.0,0.0,18.0,40
brisbane_urban,2025-11-14,26.2,17.9,24.6,20.0,93
brisbane_urban,2025-11-15,30.2,17.5,33.2,16.2,84
brisbane_urban,2025-11-16,25.4,20.7,19.3,16.9,100
brisbane_urban,2025-11-17,31.4,20.0,0.0,20.3,20
brisbane_urban,2025-11-18,25.8,16.2,0.3,14.7,10
brisbane_urban,2025-11-19,27.1,16.8,0.0,12.6,34
brisbane_urban,2025-11-20,28.2,16.8,0.0,12.9,61
brisbane_urban,2025-11-21,28.7,20.5,6.4,14.6,70
brisbane_urban,2025-11-22,27.8,20.7,2.6,11.9,75
brisbane_urban,2025-11-23,28.5,20.9,12.9,10.1,63
brisbane_urban,2025-11-24,33.9,20.0,7.0,16.5,41
brisbane_urban,2025-11-25,30.0,19.7,2.0,14.3,64
brisbane_urban,2025-11-26,31.2,20.6,19.2,16.8,78
brisbane_urban,2025-11-27,33.8,22.4,6.6,13.0,59
brisbane_urban,2025-11-28,32.2,22.9,0.0,15.1,44
brisbane_urban,2025-11-29,30.4,21.6,3.9,15.9,70
brisbane_urban,2025-11-30,30.3,21.6,0.1,12.2,31
brisbane_urban,2025-12-01,29.7,18.1,0.0,16.8,14
brisbane_urban,2025-12-02,26.8,17.5,0.0,18.2,0
brisbane_urban,2025-12-03,27.0,14.7,0.0,13.6,15
brisbane_urban,2025-12-04,27.3,17.8,0.0,13.1,20
brisbane_urban,2025-12-05,27.6,16.6,0.0,13.6,18
brisbane_urban,2025-12-06,29.0,17.6,0.0,15.9,1
brisbane_urban,2025-12-07,30.6,18.8,5.6,17.9,75
brisbane_urban,2025-12-08,27.6,19.3,25.7,14.5,58
brisbane_urban,2025-12-09,29.6,18.9,0.2,12.3,20
brisbane_urban,2025-12-10,30.4,20.5,0.0,14.3,38
brisbane_urban,2025-12-11,28.9,19.8,0.0,13.5,80
brisbane_urban,2025-12-12,26.2,19.2,6.5,12.4,70
brisbane_urban,2025-12-13,29.1,18.4,6.1,12.6,40
brisbane_urban,2025-12-14,30.3,20.3,1.3,11.9,71
brisbane_urban,2025-12-15,34.3,21.5,4.8,17.8,76
brisbane_urban,2025-12-16,26.2,21.1,3.4,20.5,100
brisbane_urban,2025-12-17,26.0,19.4,0.3,17.0,81
brisbane_urban,2025-12-18,28.2,18.2,0.0,12.8,27
brisbane_urban,2025-12-19,30.6,16.6,0.0,14.6,5
brisbane_urban,2025-12-20,31.8,19.4,0.0,15.9,14
brisbane_urban,2025-12-21,33.4,19.9,0.0,16.9,0
brisbane_urban,2025-12-22,35.7,22.9,0.7,17.0,75
brisbane_urban,2025-12-23,30.5,23.6,9.9,13.8,87
brisbane_urban,2025-12-24,30.4,23.3,15.0,9.5,80
brisbane_urban,2025-12-25,33.7,21.3,3.0,15.6,58
brisbane_urban,2025-12-26,27.7,20.9,2.8,17.0,46
brisbane_urban,2025-12-27,24.7,19.2,0.3,18.3,75
brisbane_urban,2025-12-28,25.4,18.1,1.9,14.9,56
brisbane_urban,2025-12-29,28.6,16.0,0.0,17.6,8
brisbane_urban,2025-12-30,28.4,15.7,0.0,14.7,1
brisbane_urban,2025-12-31,31.5,16.5,3.3,16.1,39
brisbane_urban,2026-01-01,28.8,19.8,3.8,11.9,72
brisbane_urban,2026-01-02,26.0,20.0,2.7,9.4,82
brisbane_urban,2026-01-03,26.7,19.5,17.4,11.3,61
brisbane_urban,2026-01-04,29.6,20.5,1.1,13.0,86
brisbane_urban,2026-01-05,29.4,21.2,2.8,13.8,87
brisbane_urban,2026-01-06,28.8,19.2,2.6,14.1,46
brisbane_urban,2026-01-07,29.1,20.2,0.5,16.2,33
brisbane_urban,2026-01-08,29.5,20.6,0.8,14.5,24
brisbane_urban,2026-01-09,29.6,20.1,0.2,14.7,48
brisbane_urban,2026-01-10,30.8,21.7,1.3,16.7,38
brisbane_urban,2026-01-11,31.9,22.5,0.3,12.1,89
brisbane_urban,2026-01-12,25.1,21.9,17.0,17.4,100
brisbane_urban,2026-01-13,30.4,21.7,1.2,13.5,78
brisbane_urban,2026-01-14,30.7,21.1,0.0,16.7,15
brisbane_urban,2026-01-15,30.4,20.5,0.0,14.4,53
brisbane_urban,2026-01-16,30.7,22.5,1.2,12.5,60
brisbane_urban,2026-01-17,31.0,23.5,14.8,12.1,65
brisbane_urban,2026-01-18,28.1,22.1,5.9,17.4,79
brisbane_urban,2026-01-19,27.9,20.8,2.5,21.4,35
brisbane_urban,2026-01-20,26.6,18.2,1.3,15.9,22
brisbane_urban,2026-01-21,27.9,17.5,0.2,13.0,7
brisbane_urban,2026-01-22,32.6,19.3,1.2,13.8,36
brisbane_urban,2026-01-23,29.1,21.7,21.6,15.3,87
brisbane_urban,2026-01-24,30.2,22.5,1.4,15.5,70
brisbane_urban,2026-01-25,35.5,21.9,2.5,16.3,34
brisbane_urban,2026-01-26,39.0,21.6,0.0,13.3,12
brisbane_urban,2026-01-27,29.1,23.5,0.0,14.7,56
brisbane_urban,2026-01-28,31.6,20.9,0.0,14.5,19
brisbane_urban,2026-01-29,30.9,20.6,0.1,22.5,39
brisbane_urban,2026-01-30,30.4,21.4,0.0,17.8,67
brisbane_urban,2026-01-31,32.3,21.6,0.4,14.2,66
brisbane_urban,2026-02-01,34.1,19.9,0.0,14.8,48
brisbane_urban,2026-02-02,31.9,20.9,1.9,26.2,63
brisbane_urban,2026-02-03,25.4,20.5,0.0,20.3,96
brisbane_urban,2026-02-04,28.1,18.8,0.0,12.5,65
brisbane_urban,2026-02-05,31.5,17.7,0.0,12.9,1
brisbane_urban,2026-02-06,30.6,19.4,0.0,13.6,14
brisbane_urban,2026-02-07,29.7,20.1,0.0,13.8,40
brisbane_urban,2026-02-08,30.2,19.8,0.2,12.1,57
brisbane_urban,2026-02-09,32.6,20.3,0.2,13.4,94
brisbane_urban,2026-02-10,32.8,23.1,12.9,11.8,83
brisbane_urban,2026-02-11,31.7,22.6,1.2,14.5,55
brisbane_urban,2026-02-12,35.7,22.0,2.4,15.1,56
brisbane_urban,2026-02-13,25.2,21.2,21.7,21.8,98
brisbane_urban,2026-02-14,24.7,19.9,9.0,20.4,100
brisbane_urban,2026-02-15,21.7,19.1,24.1,16.8,100
brisbane_urban,2026-02-16,25.4,19.2,0.5,20.2,66
brisbane_urban,2026-02-17,27.1,18.2,0.1,12.0,17
brisbane_urban,2026-02-18,29.3,17.5,0.0,12.4,20
brisbane_urban,2026-02-19,31.5,19.8,0.0,11.4,60
brisbane_urban,2026-02-20,29.0,20.9,0.1,12.9,66
brisbane_urban,2026-02-21,28.9,18.6,0.0,11.0,20
brisbane_urban,2026-02-22,27.8,18.8,0.6,13.7,38
brisbane_urban,2026-02-23,28.6,20.7,1.2,13.2,71
brisbane_urban,2026-02-24,28.0,21.1,2.0,15.5,92
brisbane_urban,2026-02-25,29.2,20.6,1.2,12.1,23
brisbane_urban,2026-02-26,28.1,20.2,8.1,23.1,86
brisbane_urban,2026-02-27,28.2,20.7,37.3,18.0,80
brisbane_urban,2026-02-28,28.1,21.0,3.0,19.3,41
brisbane_urban,2026-03-01,27.3,19.5,1.3,16.9,53
brisbane_urban,2026-03-02,27.0,20.1,0.5,14.2,27
brisbane_urban,2026-03-03,28.4,17.9,0.0,11.9,33
brisbane_urban,2026-03-04,28.4,20.3,0.7,11.5,35
brisbane_urban,2026-03-05,27.7,20.2,7.7,15.3,56
brisbane_urban,2026-03-06,29.5,21.5,7.6,15.3,57
brisbane_urban,2026-03-07,27.0,23.2,2.8,14.4,97
brisbane_urban,2026-03-08,24.0,20.5,65.8,17.3,100
brisbane_urban,2026-03-09,23.5,21.1,22.4,15.5,96
brisbane_urban,2026-03-10,28.9,20.1,0.2,16.7,15
brisbane_urban,2026-03-11,28.5,18.2,0.0,9.7,7
brisbane_urban,2026-03-12,32.4,17.8,0.0,8.8,5
brisbane_urban,2026-03-13,28.4,21.5,3.9,14.9,77
brisbane_urban,2026-03-14,25.7,19.9,0.1,22.2,43
brisbane_urban,2026-03-15,26.1,18.2,0.0,14.7,41
brisbane_urban,2026-03-16,26.1,18.6,0.9,12.8,61
brisbane_urban,2026-03-17,27.8,17.6,0.0,9.3,77
brisbane_urban,2026-03-18,27.1,18.1,1.6,11.6,80
brisbane_urban,2026-03-19,24.1,20.0,7.7,9.8,92
brisbane_urban,2026-03-20,26.8,18.6,2.1,12.5,30
brisbane_urban,2026-03-21,26.7,19.0,6.4,12.5,33
brisbane_urban,2026-03-22,26.6,18.5,5.7,12.9,44
brisbane_urban,2026-03-23,27.3,18.8,1.4,15.2,24
brisbane_urban,2026-03-24,27.0,18.9,0.7,17.2,26
brisbane_urban,2026-03-25,28.5,19.0,0.2,11.0,7
brisbane_urban,2026-03-26,31.5,19.4,0.0,12.1,32
brisbane_urban,2026-03-27,28.0,17.2,0.0,25.3,49
brisbane_urban,2026-03-28,26.0,12.1,0.0,19.5,3
brisbane_urban,2026-03-29,27.4,14.7,0.0,14.1,9
brisbane_urban,2026-03-30,28.2,16.6,0.0,18.1,31
brisbane_urban,2026-03-31,24.4,17.1,3.9,16.0,77
brisbane_urban,2026-04-01,26.7,18.4,1.5,15.5,45
brisbane_urban,2026-04-02,26.4,17.5,0.3,13.0,31
brisbane_urban,2026-04-03,25.2,17.1,2.3,11.6,42
brisbane_urban,2026-04-04,27.0,18.3,0.0,17.2,22
brisbane_urban,2026-04-05,26.8,18.7,0.6,19.1,32
brisbane_urban,2026-04-06,26.9,15.9,0.0,12.8,11
brisbane_urban,2026-04-07,30.4,15.4,0.0,12.2,6
brisbane_urban,2026-04-08,32.3,16.6,0.0,12.6,22
brisbane_urban,2026-04-09,30.1,18.7,0.0,13.0,3
brisbane_urban,2026-04-10,29.2,17.8,0.0,10.9,11
brisbane_urban,2026-04-11,32.2,17.9,0.0,11.8,3
brisbane_urban,2026-04-12,30.2,19.1,0.0,19.1,0
brisbane_urban,2026-04-13,27.7,13.9,0.0,14.8,7
brisbane_urban,2026-04-14,26.4,15.0,0.0,10.6,28
brisbane_urban,2026-04-15,28.6,15.5,0.0,13.9,19
brisbane_urban,2026-04-16,28.9,15.6,0.0,12.2,8
brisbane_urban,2026-04-17,30.3,15.2,0.0,13.4,25
brisbane_urban,2026-04-18,29.2,19.6,0.1,14.8,9
brisbane_urban,2026-04-19,28.0,17.6,0.0,13.4,30
brisbane_urban,2026-04-20,27.3,15.1,0.0,11.5,3
brisbane_urban,2026-04-21,26.6,14.6,0.0,13.1,9
brisbane_urban,2026-04-22,24.9,14.3,0.6,10.7,11
brisbane_urban,2026-04-23,25.2,14.5,0.6,16.2,41
brisbane_urban,2026-04-24,24.9,15.6,3.3,19.6,41
brisbane_urban,2026-04-25,20.7,15.0,4.7,21.5,74
brisbane_urban,2026-04-26,22.5,14.9,1.3,17.0,33
brisbane_urban,2026-04-27,22.7,15.5,7.0,17.9,85
brisbane_urban,2026-04-28,22.6,14.3,1.2,14.3,29
brisbane_urban,2026-04-29,24.2,15.0,0.7,17.4,31
brisbane_urban,2026-04-30,22.5,15.7,3.6,16.5,51
brisbane_urban,2026-05-01,24.5,16.4,1.4,16.4,53
brisbane_urban,2026-05-02,24.3,17.9,2.5,18.3,66
brisbane_urban,2026-05-03,24.8,15.5,0.4,12.3,61
brisbane_urban,2026-05-04,25.5,16.3,1.5,7.6,39
brisbane_urban,2026-05-05,25.8,16.5,0.5,7.9,86
brisbane_urban,2026-05-06,24.8,18.0,4.7,9.7,56
brisbane_urban,2026-05-07,25.6,16.3,0.0,19.5,69
brisbane_urban,2026-05-08,21.1,9.8,0.0,16.7,37
brisbane_urban,2026-05-09,23.3,9.4,0.0,14.0,28
brisbane_urban,2026-05-10,23.9,11.4,0.2,11.8,51
brisbane_urban,2026-05-11,23.7,14.5,0.8,17.1,41
brisbane_urban,2026-05-12,22.5,16.0,1.0,19.8,58
brisbane_urban,2026-05-13,22.9,14.9,3.0,16.7,31
brisbane_urban,2026-05-14,19.8,14.9,7.3,13.3,39
brisbane_urban,2026-05-15,23.0,14.9,1.4,14.1,29
brisbane_urban,2026-05-16,22.8,14.4,2.0,11.3,61
brisbane_urban,2026-05-17,24.3,15.3,1.7,10.7,82
brisbane_urban,2026-05-18,20.8,17.8,42.4,14.7,100
brisbane_urban,2026-05-19,22.3,17.1,8.5,21.7,74
brisbane_urban,2026-05-20,22.2,14.0,0.3,19.7,14
brisbane_urban,2026-05-21,21.8,12.0,0.0,18.6,6
brisbane_urban,2026-05-22,21.5,13.8,0.0,21.8,22
brisbane_urban,2026-05-23,22.8,15.9,0.6,15.9,31
brisbane_urban,2026-05-24,24.0,15.5,0.4,15.1,51
brisbane_urban,2026-05-25,23.8,17.1,2.7,11.0,81
brisbane_urban,2026-05-26,22.9,17.0,2.8,9.8,96
brisbane_urban,2026-05-27,22.6,16.7,28.0,9.2,97
brisbane_urban,2026-05-28,21.5,14.6,25.2,12.4,73
brisbane_urban,2026-05-29,20.9,14.4,0.0,24.9,60
brisbane_urban,2026-05-30,20.0,14.6,0.0,20.9,14
brisbane_urban,2026-05-31,20.7,12.3,0.0,17.6,4
brisbane_urban,2026-06-01,19.5,10.7,0.0,13.5,3
brisbane_urban,2026-06-02,22.7,7.9,0.0,12.0,32
brisbane_urban,2026-06-03,23.8,13.5,0.0,14.8,0
brisbane_urban,2026-06-04,20.7,11.7,0.0,16.9,1
brisbane_urban,2026-06-05,18.9,12.2,0.0,22.8,9
brisbane_urban,2026-06-06,20.2,9.4,0.0,16.8,0
brisbane_urban,2026-06-07,20.6,10.4,0.5,10.8,22
brisbane_urban,2026-06-08,21.6,12.7,0.6,15.2,35
brisbane_urban,2026-06-09,20.6,13.2,7.8,10.6,70
brisbane_urban,2026-06-10,18.7,14.6,21.5,11.7,98
brisbane_urban,2026-06-11,21.1,15.2,1.2,8.7,92
brisbane_urban,2026-06-12,21.5,14.5,3.4,11.3,53
brisbane_urban,2026-06-13,22.0,14.5,3.4,16.3,43
brisbane_urban,2026-06-14,22.2,13.4,0.1,9.7,50
brisbane_urban,2026-06-15,21.9,13.8,0.1,13.3,47
brisbane_urban,2026-06-16,22.3,14.0,0.3,13.4,54
brisbane_urban,2026-06-17,21.1,13.1,0.0,9.1,70
brisbane_urban,2026-06-18,20.9,11.0,0.0,10.8,71
brisbane_urban,2026-06-19,23.6,13.7,0.0,12.4,30
brisbane_urban,2026-06-20,23.9,13.5,0.5,9.8,28
brisbane_urban,2026-06-21,20.2,13.9,0.9,9.2,60
brisbane_urban,2026-06-22,21.3,12.4,6.2,13.0,31
brisbane_urban,2026-06-23,20.0,9.6,0.0,11.1,1
brisbane_urban,2026-06-24,20.3,9.7,0.0,9.7,4
brisbane_urban,2026-06-25,20.2,10.7,0.8,17.9,19
brisbane_urban,2026-06-26,18.6,11.3,3.1,13.7,62
brisbane_urban,2026-06-27,20.2,11.4,1.2,10.8,38
brisbane_urban,2026-06-28,18.4,11.8,3.4,11.6,36
brisbane_urban,2026-06-29,20.4,11.7,0.3,11.4,26
brisbane_urban,2026-06-30,20.5,11.9,1.7,9.8,62
brisbane_urban,2026-07-01,21.9,13.6,0.2,11.6,46
brisbane_urban,2026-07-02,22.9,14.3,0.0,8.2,50
brisbane_urban,2026-07-03,25.4,13.9,1.5,15.0,26
brisbane_urban,2026-07-04,21.3,10.4,0.0,15.6,3
brisbane_urban,2026-07-05,20.2,10.2,0.0,13.7,36
brisbane_urban,2026-07-06,19.0,12.1,0.0,14.9,68
brisbane_urban,2026-07-07,20.8,11.1,0.0,13.9,13
brisbane_urban,2026-07-08,20.2,11.8,0.0,14.5,17
brisbane_urban,2026-07-09,20.5,11.4,0.0,10.9,15
brisbane_urban,2026-07-10,18.8,11.0,1.1,8.0,52
brisbane_urban,2026-07-11,19.9,9.6,0.7,8.8,15
brisbane_urban,2026-07-12,21.9,11.5,0.1,15.6,22
brisbane_urban,2026-07-13,20.7,9.8,0.0,13.7,0
brisbane_urban,2026-07-14,20.9,9.2,0.0,11.6,0
brisbane_urban,2026-07-15,19.2,8.4,0.2,14.8,24
brisbane_urban,2026-07-16,19.1,11.2,3.0,20.7,30
brisbane_urban,2026-07-17,19.4,11.7,2.3,19.6,61
brisbane_urban,2026-07-18,21.4,12.7,1.0,21.6,46
brisbane_urban,2026-07-19,22.4,15.2,0.7,22.9,67
brisbane_urban,2026-07-20,20.6,14.5,1.0,21.8,49
brisbane_urban,2026-07-21,20.5,13.0,0.4,15.5,46
brisbane_urban,2026-07-22,20.2,13.4,0.9,8.3,64
brisbane_urban,2026-07-23,21.7,11.9,0.0,7.5,42
brisbane_urban,2026-07-24,21.0,10.3,0.0,12.7,9
brisbane_urban,2026-07-25,19.3,8.0,0.0,9.4,2
brisbane_urban,2026-07-26,19.5,7.6,0.0,11.0,3
brisbane_urban,2026-07-27,19.5,8.8,0.2,9.6,19
brisbane_urban,2026-07-28,20.8,11.9,0.5,8.0,46
brisbane_urban,2026-07-29,22.2,11.4,0.0,12.2,18
brisbane_urban,2026-07-30,20.8,8.9,0.0,12.4,7
brisbane_urban,2026-07-31,19.4,10.3,0.2,13.0,23
brisbane_urban,2026-08-01,19.5,9.9,0.2,11.1,28
brisbane_urban,2026-08-02,19.5,12.0,0.5,9.3,35
brisbane_urban,2026-08-03,19.6,9.6,0.4,8.9,17
brisbane_urban,2026-08-04,21.6,9.2,0.0,9.1,16
brisbane_urban,2026-08-05,23.0,9.1,0.0,9.8,18
brisbane_urban,2026-08-06,21.9,10.3,0.0,8.0,66
brisbane_urban,2026-08-07,22.7,8.8,0.0,9.7,12
brisbane_urban,2026-08-08,21.5,9.4,0.0,10.7,6
brisbane_urban,2026-08-09,20.3,8.9,0.0,12.9,64
brisbane_urban,2026-08-10,22.1,13.4,4.8,29.3,35
brisbane_urban,2026-08-11,21.2,11.4,0.0,18.6,0
brisbane_urban,2026-08-12,21.4,8.7,1.9,19.2,47
brisbane_urban,2026-08-13,21.4,11.3,0.0,18.9,4
brisbane_urban,2026-08-14,21.4,9.5,0.0,10.2,8
brisbane_urban,2026-08-15,21.2,10.1,0.7,12.7,23
brisbane_urban,2026-08-16,21.0,11.9,0.1,14.6,18
brisbane_urban,2026-08-17,19.5,12.1,4.8,16.4,45
brisbane_urban,2026-08-18,20.0,11.8,0.9,16.5,42
brisbane_urban,2026-08-19,20.7,12.3,0.6,13.0,35
brisbane_urban,2026-08-20,21.3,11.1,0.3,12.1,36
brisbane_urban,2026-08-21,21.2,10.2,0.0,9.2,27
brisbane_urban,2026-08-22,19.5,11.1,0.2,8.3,81
brisbane_urban,2026-08-23,22.1,10.7,2.9,11.4,21
brisbane_urban,2026-08-24,21.8,13.5,0.8,10.6,36
brisbane_urban,2026-08-25,23.3,13.3,0.5,13.4,42
brisbane_urban,2026-08-26,23.6,16.2,1.7,14.6,43
brisbane_urban,2026-08-27,23.8,12.9,0.0,12.8,15
brisbane_urban,2026-08-28,23.8,13.8,0.0,11.4,34
brisbane_urban,2026-08-29,22.1,14.2,0.3,14.3,44
brisbane_urban,2026-08-30,22.8,12.6,0.4,13.7,15
brisbane_urban,2026-08-31,22.3,11.7,1.6,13.2,28
brisbane_urban,2026-09-01,21.5,12.2,1.0,8.5,32
