area_id,date,temperature_2m_max,temperature_2m_min,precipitation_sum,windspeed_10m_max,cloudcover_mean
costa_rica_cloud_forest,2017-08-01,22.0,16.1,2.4,10.8,96
costa_rica_cloud_forest,2017-08-02,22.3,16.9,1.0,15.2,82
costa_rica_cloud_forest,2017-08-03,21.8,17.3,0.7,16.1,81
costa_rica_cloud_forest,2017-08-04,20.9,17.2,8.7,7.9,95
costa_rica_cloud_forest,2017-08-05,21.3,17.2,9.2,9.0,98
costa_rica_cloud_forest,2017-08-06,21.8,16.7,6.1,7.6,99
costa_rica_cloud_forest,2017-08-07,21.1,16.8,21.2,13.3,99
costa_rica_cloud_forest,2017-08-08,21.9,16.5,0.7,12.0,91
costa_rica_cloud_forest,2017-08-09,21.2,16.3,40.0,6.9,98
costa_rica_cloud_forest,2017-08-10,20.8,16.7,5.0,11.4,94
costa_rica_cloud_forest,2017-08-11,21.1,16.9,1.4,14.2,92
costa_rica_cloud_forest,2017-08-12,21.8,16.6,4.4,14.6,99
costa_rica_cloud_forest,2017-08-13,20.8,16.1,6.0,8.9,99
costa_rica_cloud_forest,2017-08-14,21.9,16.6,2.6,12.6,96
costa_rica_cloud_forest,2017-08-15,22.0,17.0,0.3,14.7,86
costa_rica_cloud_forest,2017-08-16,21.7,17.4,0.8,20.3,91
costa_rica_cloud_forest,2017-08-17,21.1,17.4,1.5,17.0,99
costa_rica_cloud_forest,2017-08-18,22.2,16.8,2.8,14.1,98
costa_rica_cloud_forest,2017-08-19,21.7,17.0,2.6,18.1,99
costa_rica_cloud_forest,2017-08-20,21.6,16.7,7.1,13.5,91
costa_rica_cloud_forest,2017-08-21,21.2,15.9,8.9,6.6,88
costa_rica_cloud_forest,2017-08-22,22.8,15.4,0.9,8.7,72
costa_rica_cloud_forest,2017-08-23,22.6,16.5,1.4,11.2,84
costa_rica_cloud_forest,2017-08-24,21.2,15.6,26.4,6.7,98
costa_rica_cloud_forest,2017-08-25,21.3,15.7,10.6,7.9,82
costa_rica_cloud_forest,2017-08-26,21.4,16.4,0.1,19.1,81
costa_rica_cloud_forest,2017-08-27,21.9,16.2,0.7,17.4,79
costa_rica_cloud_forest,2017-08-28,21.9,15.5,2.1,6.9,90
costa_rica_cloud_forest,2017-08-29,21.8,15.9,14.9,5.4,93
costa_rica_cloud_forest,2017-08-30,22.9,15.4,12.2,7.5,84
costa_rica_cloud_forest,2017-08-31,22.1,16.3,4.8,13.3,90
costa_rica_cloud_forest,2017-09-01,22.6,16.6,1.1,10.0,71
costa_rica_cloud_forest,2017-09-02,22.4,17.3,1.4,12.6,92
costa_rica_cloud_forest,2017-09-03,21.6,17.5,1.6,13.8,98
costa_rica_cloud_forest,2017-09-04,21.9,17.2,8.5,10.8,90
costa_rica_cloud_forest,2017-09-05,22.3,16.3,2.9,11.0,78
costa_rica_cloud_forest,2017-09-06,22.5,16.4,5.9,10.5,61
costa_rica_cloud_forest,2017-09-07,22.8,16.4,9.2,7.5,89
costa_rica_cloud_forest,2017-09-08,22.2,16.9,1.0,5.7,70
costa_rica_cloud_forest,2017-09-09,22.3,16.4,1.6,6.2,97
costa_rica_cloud_forest,2017-09-10,21.0,16.2,5.7,6.5,97
costa_rica_cloud_forest,2017-09-11,20.4,16.9,23.3,9.6,100
costa_rica_cloud_forest,2017-09-12,21.9,15.7,7.6,6.0,70
costa_rica_cloud_forest,2017-09-13,23.1,16.4,2.7,12.4,74
costa_rica_cloud_forest,2017-09-14,21.9,16.6,5.3,12.1,98
costa_rica_cloud_forest,2017-09-15,22.6,16.7,0.7,13.0,73
costa_rica_cloud_forest,2017-09-16,22.2,15.8,1.5,12.0,71
costa_rica_cloud_forest,2017-09-17,21.6,16.4,5.1,7.1,95
costa_rica_cloud_forest,2017-09-18,20.9,16.2,12.9,4.7,97
costa_rica_cloud_forest,2017-09-19,21.0,16.8,24.0,5.7,96
costa_rica_cloud_forest,2017-09-20,22.2,16.5,25.6,8.9,93
costa_rica_cloud_forest,2017-09-21,21.1,17.3,13.3,6.9,97
costa_rica_cloud_forest,2017-09-22,21.5,16.5,42.4,10.1,96
costa_rica_cloud_forest,2017-09-23,20.8,17.0,22.3,10.0,97
costa_rica_cloud_forest,2017-09-24,20.8,17.6,21.9,9.3,98
costa_rica_cloud_forest,2017-09-25,22.6,16.8,23.4,6.9,99
costa_rica_cloud_forest,2017-09-26,21.4,16.3,25.6,5.2,98
costa_rica_cloud_forest,2017-09-27,22.2,16.5,3.6,7.8,98
costa_rica_cloud_forest,2017-09-28,20.4,16.5,8.0,6.4,83
costa_rica_cloud_forest,2017-09-29,20.9,15.9,37.1,6.3,99
costa_rica_cloud_forest,2017-09-30,20.8,17.0,42.2,5.8,100
costa_rica_cloud_forest,2017-10-01,20.1,16.5,15.4,10.2,100
costa_rica_cloud_forest,2017-10-02,19.1,16.8,25.1,10.5,100
costa_rica_cloud_forest,2017-10-03,20.7,16.6,17.2,11.2,100
costa_rica_cloud_forest,2017-10-04,19.6,16.1,67.8,17.3,100
costa_rica_cloud_forest,2017-10-05,17.2,15.3,260.2,31.3,100
costa_rica_cloud_forest,2017-10-06,19.1,15.0,22.7,20.9,98
costa_rica_cloud_forest,2017-10-07,23.4,14.7,0.8,6.8,80
costa_rica_cloud_forest,2017-10-08,23.1,17.5,0.9,11.1,86
costa_rica_cloud_forest,2017-10-09,22.8,16.4,0.7,11.8,79
costa_rica_cloud_forest,2017-10-10,21.8,15.8,1.5,8.2,82
costa_rica_cloud_forest,2017-10-11,21.8,15.7,0.7,5.1,94
costa_rica_cloud_forest,2017-10-12,22.7,15.8,0.8,8.8,66
costa_rica_cloud_forest,2017-10-13,21.6,16.0,1.7,12.1,90
costa_rica_cloud_forest,2017-10-14,21.9,16.7,1.9,15.6,99
costa_rica_cloud_forest,2017-10-15,21.2,17.7,1.5,17.9,89
costa_rica_cloud_forest,2017-10-16,22.6,17.5,1.0,15.5,85
costa_rica_cloud_forest,2017-10-17,21.4,17.2,0.5,18.7,94
costa_rica_cloud_forest,2017-10-18,21.0,17.4,24.3,12.6,98
costa_rica_cloud_forest,2017-10-19,22.2,17.2,0.0,19.2,95
costa_rica_cloud_forest,2017-10-20,19.9,17.6,11.8,13.2,100
costa_rica_cloud_forest,2017-10-21,21.7,17.4,4.3,7.6,93
costa_rica_cloud_forest,2017-10-22,22.6,16.4,17.6,6.3,89
costa_rica_cloud_forest,2017-10-23,20.9,17.0,7.8,6.6,100
costa_rica_cloud_forest,2017-10-24,20.6,16.4,20.2,6.7,98
costa_rica_cloud_forest,2017-10-25,18.5,15.7,127.4,16.6,100
costa_rica_cloud_forest,2017-10-26,19.7,15.8,59.8,12.6,100
costa_rica_cloud_forest,2017-10-27,19.7,15.6,21.9,13.2,98
costa_rica_cloud_forest,2017-10-28,21.0,14.8,2.8,10.0,99
costa_rica_cloud_forest,2017-10-29,22.1,14.1,2.3,5.6,79
costa_rica_cloud_forest,2017-10-30,21.0,16.2,2.4,7.9,90
costa_rica_cloud_forest,2017-10-31,20.5,16.2,26.2,9.9,96
costa_rica_cloud_forest,2017-11-01,22.1,16.7,1.2,12.2,92
costa_rica_cloud_forest,2017-11-02,19.8,17.1,3.9,15.8,100
costa_rica_cloud_forest,2017-11-03,20.8,17.0,2.2,17.1,98
costa_rica_cloud_forest,2017-11-04,20.7,16.9,3.3,11.0,99
costa_rica_cloud_forest,2017-11-05,20.3,16.2,3.3,12.0,90
costa_rica_cloud_forest,2017-11-06,21.4,15.9,0.0,13.0,80
costa_rica_cloud_forest,2017-11-07,20.7,16.1,1.5,15.6,88
costa_rica_cloud_forest,2017-11-08,20.3,15.9,0.2,17.6,88
costa_rica_cloud_forest,2017-11-09,20.0,15.7,0.0,22.4,99
costa_rica_cloud_forest,2017-11-10,21.0,15.4,0.9,16.5,99
costa_rica_cloud_forest,2017-11-11,21.7,15.8,1.2,15.6,77
costa_rica_cloud_forest,2017-11-12,20.5,16.9,3.6,8.4,97
costa_rica_cloud_forest,2017-11-13,21.8,17.0,3.0,9.9,95
costa_rica_cloud_forest,2017-11-14,20.3,16.5,3.8,7.1,98
costa_rica_cloud_forest,2017-11-15,19.6,16.4,11.7,6.3,98
costa_rica_cloud_forest,2017-11-16,19.3,16.2,2.0,16.6,98
costa_rica_cloud_forest,2017-11-17,20.1,14.9,0.0,21.0,51
costa_rica_cloud_forest,2017-11-18,20.5,14.5,0.0,15.3,73
costa_rica_cloud_forest,2017-11-19,20.8,13.9,0.0,11.7,51
costa_rica_cloud_forest,2017-11-20,20.2,15.7,1.1,16.5,94
costa_rica_cloud_forest,2017-11-21,20.1,16.1,22.4,8.8,99
costa_rica_cloud_forest,2017-11-22,20.5,16.3,20.2,10.2,90
costa_rica_cloud_forest,2017-11-23,20.5,16.2,1.6,23.4,96
costa_rica_cloud_forest,2017-11-24,19.4,15.9,9.6,21.7,100
costa_rica_cloud_forest,2017-11-25,18.6,16.2,9.9,10.0,100
costa_rica_cloud_forest,2017-11-26,20.3,16.4,5.0,21.9,98
costa_rica_cloud_forest,2017-11-27,20.1,16.3,4.1,21.8,99
costa_rica_cloud_forest,2017-11-28,17.5,15.3,7.5,23.0,100
costa_rica_cloud_forest,2017-11-29,19.9,16.6,6.0,20.0,100
costa_rica_cloud_forest,2017-11-30,20.0,16.4,5.6,20.7,88
costa_rica_cloud_forest,2017-12-01,19.3,16.2,2.4,21.7,88
costa_rica_cloud_forest,2017-12-02,19.2,15.9,2.9,18.9,88
costa_rica_cloud_forest,2017-12-03,19.1,15.9,2.2,18.8,92
costa_rica_cloud_forest,2017-12-04,19.5,16.2,2.8,19.8,100
costa_rica_cloud_forest,2017-12-05,20.0,16.5,11.4,21.5,100
costa_rica_cloud_forest,2017-12-06,20.0,16.8,3.1,25.6,99
costa_rica_cloud_forest,2017-12-07,21.4,16.5,8.7,10.8,89
costa_rica_cloud_forest,2017-12-08,20.3,15.6,6.2,5.9,87
costa_rica_cloud_forest,2017-12-09,21.0,15.6,5.2,38.0,74
costa_rica_cloud_forest,2017-12-10,15.7,12.8,10.3,40.1,97
costa_rica_cloud_forest,2017-12-11,15.1,12.2,5.7,37.1,99
costa_rica_cloud_forest,2017-12-12,15.9,13.5,2.1,33.6,90
costa_rica_cloud_forest,2017-12-13,16.2,12.6,0.9,29.2,92
costa_rica_cloud_forest,2017-12-14,17.1,13.6,1.7,23.7,100
costa_rica_cloud_forest,2017-12-15,19.6,14.9,0.1,21.2,47
costa_rica_cloud_forest,2017-12-16,19.8,15.6,1.5,26.4,60
costa_rica_cloud_forest,2017-12-17,19.7,15.2,0.5,29.2,43
costa_rica_cloud_forest,2017-12-18,19.1,16.2,1.7,27.7,73
costa_rica_cloud_forest,2017-12-19,20.1,15.7,1.2,27.3,60
costa_rica_cloud_forest,2017-12-20,19.9,16.1,3.6,26.7,99
costa_rica_cloud_forest,2017-12-21,18.8,15.6,1.2,29.6,85
costa_rica_cloud_forest,2017-12-22,20.5,14.9,0.5,20.5,48
costa_rica_cloud_forest,2017-12-23,19.5,15.6,1.9,29.6,78
costa_rica_cloud_forest,2017-12-24,18.7,15.2,1.9,24.0,60
costa_rica_cloud_forest,2017-12-25,18.4,15.3,1.9,28.0,79
costa_rica_cloud_forest,2017-12-26,18.0,15.4,2.7,26.6,86
costa_rica_cloud_forest,2017-12-27,18.9,15.2,3.0,25.6,86
costa_rica_cloud_forest,2017-12-28,19.1,15.4,3.1,22.5,97
costa_rica_cloud_forest,2017-12-29,19.7,15.9,11.7,13.3,99
costa_rica_cloud_forest,2017-12-30,18.8,16.0,10.1,17.4,100
costa_rica_cloud_forest,2017-12-31,18.1,15.6,4.0,26.4,100
costa_rica_cloud_forest,2018-01-01,18.5,14.8,0.7,21.8,75
costa_rica_cloud_forest,2018-01-02,19.3,15.1,7.3,24.8,100
costa_rica_cloud_forest,2018-01-03,17.6,15.4,3.6,34.4,100
costa_rica_cloud_forest,2018-01-04,17.0,14.1,0.9,38.5,97
costa_rica_cloud_forest,2018-01-05,17.2,13.7,8.3,31.1,96
costa_rica_cloud_forest,2018-01-06,16.3,13.1,6.5,32.3,100
costa_rica_cloud_forest,2018-01-07,17.4,13.3,2.6,29.2,98
costa_rica_cloud_forest,2018-01-08,18.5,15.3,0.4,16.0,99
costa_rica_cloud_forest,2018-01-09,20.1,15.7,0.5,15.7,88
costa_rica_cloud_forest,2018-01-10,20.4,15.4,1.7,14.9,87
costa_rica_cloud_forest,2018-01-11,20.6,15.8,5.6,8.9,75
costa_rica_cloud_forest,2018-01-12,20.6,15.4,1.6,16.8,62
costa_rica_cloud_forest,2018-01-13,18.3,14.9,4.7,29.0,94
costa_rica_cloud_forest,2018-01-14,15.4,12.8,15.6,40.4,100
costa_rica_cloud_forest,2018-01-15,15.1,12.7,17.3,37.6,100
costa_rica_cloud_forest,2018-01-16,18.6,13.5,14.4,19.3,100
costa_rica_cloud_forest,2018-01-17,18.1,15.2,19.5,26.4,100
costa_rica_cloud_forest,2018-01-18,17.6,15.0,18.4,28.6,99
costa_rica_cloud_forest,2018-01-19,18.0,15.4,40.9,25.8,100
costa_rica_cloud_forest,2018-01-20,18.9,15.9,7.1,20.9,100
costa_rica_cloud_forest,2018-01-21,19.9,16.0,5.9,25.9,88
costa_rica_cloud_forest,2018-01-22,19.0,15.1,0.0,24.6,66
costa_rica_cloud_forest,2018-01-23,19.2,16.0,2.3,24.9,97
costa_rica_cloud_forest,2018-01-24,19.1,16.1,2.3,32.9,96
costa_rica_cloud_forest,2018-01-25,19.4,16.2,1.6,33.5,92
costa_rica_cloud_forest,2018-01-26,18.9,15.9,2.2,35.6,88
costa_rica_cloud_forest,2018-01-27,19.6,15.8,1.0,29.8,66
costa_rica_cloud_forest,2018-01-28,19.8,15.6,0.1,27.1,63
costa_rica_cloud_forest,2018-01-29,19.4,15.6,1.4,27.8,94
costa_rica_cloud_forest,2018-01-30,19.4,15.6,4.4,35.4,91
costa_rica_cloud_forest,2018-01-31,18.5,15.8,12.7,35.6,100
costa_rica_cloud_forest,2018-02-01,19.3,16.0,6.6,30.9,92
costa_rica_cloud_forest,2018-02-02,19.8,15.8,1.1,32.2,66
costa_rica_cloud_forest,2018-02-03,18.8,14.2,1.9,29.3,74
costa_rica_cloud_forest,2018-02-04,19.6,13.5,0.0,27.0,32
costa_rica_cloud_forest,2018-02-05,19.8,14.2,0.0,28.8,18
costa_rica_cloud_forest,2018-02-06,19.0,14.2,0.3,30.5,57
costa_rica_cloud_forest,2018-02-07,19.6,14.5,0.0,29.1,19
costa_rica_cloud_forest,2018-02-08,18.4,14.5,0.9,33.2,64
costa_rica_cloud_forest,2018-02-09,19.5,14.5,0.0,29.7,61
costa_rica_cloud_forest,2018-02-10,19.8,15.7,0.2,24.3,62
costa_rica_cloud_forest,2018-02-11,19.6,15.4,0.0,21.6,66
costa_rica_cloud_forest,2018-02-12,19.7,15.2,1.5,33.8,85
costa_rica_cloud_forest,2018-02-13,18.2,14.7,2.6,39.0,75
costa_rica_cloud_forest,2018-02-14,19.0,14.7,1.1,38.3,52
costa_rica_cloud_forest,2018-02-15,19.0,15.0,2.5,34.4,90
costa_rica_cloud_forest,2018-02-16,19.1,15.1,4.3,34.8,90
costa_rica_cloud_forest,2018-02-17,19.5,14.9,2.6,28.7,92
costa_rica_cloud_forest,2018-02-18,19.1,14.6,0.7,27.7,67
costa_rica_cloud_forest,2018-02-19,20.0,14.4,0.0,25.8,87
costa_rica_cloud_forest,2018-02-20,19.3,14.5,0.1,28.7,47
costa_rica_cloud_forest,2018-02-21,18.8,14.6,1.3,30.8,82
costa_rica_cloud_forest,2018-02-22,19.3,15.1,1.1,31.1,75
costa_rica_cloud_forest,2018-02-23,19.9,14.6,0.3,31.9,69
costa_rica_cloud_forest,2018-02-24,20.2,14.6,0.8,22.1,74
costa_rica_cloud_forest,2018-02-25,19.6,14.1,2.3,15.2,73
costa_rica_cloud_forest,2018-02-26,20.3,14.1,0.2,18.1,56
costa_rica_cloud_forest,2018-02-27,19.3,14.1,0.0,26.8,41
costa_rica_cloud_forest,2018-02-28,19.7,14.2,0.0,22.4,48
costa_rica_cloud_forest,2018-03-01,21.5,13.7,0.4,16.9,76
costa_rica_cloud_forest,2018-03-02,19.7,14.3,0.0,22.1,42
costa_rica_cloud_forest,2018-03-03,19.6,14.0,0.0,26.5,86
costa_rica_cloud_forest,2018-03-04,20.2,14.4,0.0,25.4,42
costa_rica_cloud_forest,2018-03-05,20.3,13.8,0.0,20.7,68
costa_rica_cloud_forest,2018-03-06,20.0,13.3,0.6,18.4,75
costa_rica_cloud_forest,2018-03-07,20.4,13.2,1.1,20.6,76
costa_rica_cloud_forest,2018-03-08,19.8,14.3,4.1,26.7,99
costa_rica_cloud_forest,2018-03-09,20.1,15.8,5.8,27.1,96
costa_rica_cloud_forest,2018-03-10,20.6,16.8,1.3,26.5,94
costa_rica_cloud_forest,2018-03-11,23.7,16.0,3.7,17.3,85
costa_rica_cloud_forest,2018-03-12,24.6,14.8,0.0,13.8,46
costa_rica_cloud_forest,2018-03-13,20.8,16.1,0.5,20.5,87
costa_rica_cloud_forest,2018-03-14,20.5,16.2,0.1,22.3,85
costa_rica_cloud_forest,2018-03-15,19.9,15.8,0.4,27.4,75
costa_rica_cloud_forest,2018-03-16,20.9,15.2,0.0,25.5,69
costa_rica_cloud_forest,2018-03-17,21.2,15.4,0.0,19.6,86
costa_rica_cloud_forest,2018-03-18,22.3,15.4,0.4,15.4,82
costa_rica_cloud_forest,2018-03-19,22.0,15.3,0.0,14.4,89
costa_rica_cloud_forest,2018-03-20,22.9,15.0,1.7,16.7,98
costa_rica_cloud_forest,2018-03-21,21.3,15.6,1.9,22.2,67
costa_rica_cloud_forest,2018-03-22,19.8,14.6,1.6,29.7,57
costa_rica_cloud_forest,2018-03-23,20.0,14.7,0.1,31.5,76
costa_rica_cloud_forest,2018-03-24,20.2,15.3,1.1,28.1,89
costa_rica_cloud_forest,2018-03-25,20.0,15.6,0.6,27.6,69
costa_rica_cloud_forest,2018-03-26,21.2,15.9,0.0,28.7,27
costa_rica_cloud_forest,2018-03-27,21.0,15.4,0.0,32.0,70
costa_rica_cloud_forest,2018-03-28,21.3,15.2,0.0,29.6,85
costa_rica_cloud_forest,2018-03-29,22.1,15.0,0.1,17.4,70
costa_rica_cloud_forest,2018-03-30,20.7,15.5,1.2,19.5,81
costa_rica_cloud_forest,2018-03-31,21.0,14.8,0.0,21.3,46
costa_rica_cloud_forest,2018-04-01,20.9,14.9,0.0,24.0,10
costa_rica_cloud_forest,2018-04-02,21.8,14.6,0.0,14.3,33
costa_rica_cloud_forest,2018-04-03,22.3,13.5,0.0,11.5,62
costa_rica_cloud_forest,2018-04-04,23.7,12.5,0.3,11.3,82
costa_rica_cloud_forest,2018-04-05,23.2,12.8,0.0,9.5,53
costa_rica_cloud_forest,2018-04-06,21.7,15.5,2.0,9.4,92
costa_rica_cloud_forest,2018-04-07,22.6,15.2,1.8,5.1,75
costa_rica_cloud_forest,2018-04-08,23.5,14.8,0.9,6.9,41
costa_rica_cloud_forest,2018-04-09,23.4,14.4,1.1,13.5,51
costa_rica_cloud_forest,2018-04-10,22.7,15.6,1.4,12.0,72
costa_rica_cloud_forest,2018-04-11,21.3,15.2,1.7,10.2,99
costa_rica_cloud_forest,2018-04-12,22.1,15.2,1.8,14.4,85
costa_rica_cloud_forest,2018-04-13,20.9,15.9,1.9,13.3,96
costa_rica_cloud_forest,2018-04-14,22.9,15.3,0.4,6.8,87
costa_rica_cloud_forest,2018-04-15,23.8,14.8,0.9,14.5,57
costa_rica_cloud_forest,2018-04-16,21.2,15.7,0.1,22.6,91
costa_rica_cloud_forest,2018-04-17,21.3,16.3,1.1,22.9,97
costa_rica_cloud_forest,2018-04-18,21.3,15.9,0.1,19.4,95
costa_rica_cloud_forest,2018-04-19,21.2,15.7,0.9,24.7,93
costa_rica_cloud_forest,2018-04-20,21.7,16.7,1.3,25.8,83
costa_rica_cloud_forest,2018-04-21,22.7,17.7,1.6,24.0,99
costa_rica_cloud_forest,2018-04-22,21.8,17.2,3.7,17.6,99
costa_rica_cloud_forest,2018-04-23,21.7,16.5,0.2,17.4,93
costa_rica_cloud_forest,2018-04-24,22.5,17.2,2.1,19.1,93
costa_rica_cloud_forest,2018-04-25,21.9,16.6,1.0,19.5,99
costa_rica_cloud_forest,2018-04-26,23.0,16.4,1.2,11.8,98
costa_rica_cloud_forest,2018-04-27,22.9,15.6,0.9,10.0,88
costa_rica_cloud_forest,2018-04-28,22.7,16.4,0.7,8.2,88
costa_rica_cloud_forest,2018-04-29,22.9,16.1,0.9,12.2,82
costa_rica_cloud_forest,2018-04-30,22.2,17.0,1.7,17.2,98
costa_rica_cloud_forest,2018-05-01,22.4,16.5,0.7,21.7,85
costa_rica_cloud_forest,2018-05-02,22.4,16.2,0.0,19.6,69
costa_rica_cloud_forest,2018-05-03,22.4,16.8,1.1,18.4,91
costa_rica_cloud_forest,2018-05-04,22.3,16.0,1.0,12.3,73
costa_rica_cloud_forest,2018-05-05,24.0,15.7,0.1,8.7,58
costa_rica_cloud_forest,2018-05-06,24.5,15.1,0.2,5.9,62
costa_rica_cloud_forest,2018-05-07,23.0,16.4,1.5,11.7,68
costa_rica_cloud_forest,2018-05-08,22.2,16.1,0.6,14.0,71
costa_rica_cloud_forest,2018-05-09,23.2,15.8,0.7,12.8,72
costa_rica_cloud_forest,2018-05-10,23.6,14.8,0.2,10.4,75
costa_rica_cloud_forest,2018-05-11,23.6,15.4,0.2,8.7,73
costa_rica_cloud_forest,2018-05-12,20.6,17.0,1.1,14.5,100
costa_rica_cloud_forest,2018-05-13,22.1,17.0,3.9,15.3,98
costa_rica_cloud_forest,2018-05-14,23.4,16.7,12.4,8.9,98
costa_rica_cloud_forest,2018-05-15,22.8,16.2,1.3,6.5,91
costa_rica_cloud_forest,2018-05-16,22.4,16.6,12.6,7.2,97
costa_rica_cloud_forest,2018-05-17,21.6,16.8,13.1,6.6,98
costa_rica_cloud_forest,2018-05-18,21.5,16.1,21.2,5.4,97
costa_rica_cloud_forest,2018-05-19,21.5,16.8,6.5,11.7,99
costa_rica_cloud_forest,2018-05-20,20.5,15.6,10.6,11.7,97
costa_rica_cloud_forest,2018-05-21,20.7,16.5,25.5,6.9,95
costa_rica_cloud_forest,2018-05-22,21.1,16.1,19.8,9.1,100
costa_rica_cloud_forest,2018-05-23,21.2,15.4,8.5,8.6,96
costa_rica_cloud_forest,2018-05-24,21.2,16.3,10.3,7.1,96
costa_rica_cloud_forest,2018-05-25,21.0,15.8,9.6,7.0,100
costa_rica_cloud_forest,2018-05-26,21.1,17.1,4.4,9.2,99
costa_rica_cloud_forest,2018-05-27,21.0,16.9,11.8,10.2,100
costa_rica_cloud_forest,2018-05-28,22.0,16.8,4.9,10.0,84
costa_rica_cloud_forest,2018-05-29,21.2,17.0,12.4,7.9,95
costa_rica_cloud_forest,2018-05-30,22.5,16.9,8.7,7.5,93
costa_rica_cloud_forest,2018-05-31,21.7,17.3,2.3,13.8,99
costa_rica_cloud_forest,2018-06-01,21.3,17.6,1.4,18.1,99
costa_rica_cloud_forest,2018-06-02,21.6,16.9,2.6,15.7,96
costa_rica_cloud_forest,2018-06-03,22.6,17.1,1.2,16.7,85
costa_rica_cloud_forest,2018-06-04,21.7,17.6,3.5,15.1,96
costa_rica_cloud_forest,2018-06-05,21.0,17.6,3.5,14.8,100
costa_rica_cloud_forest,2018-06-06,19.6,17.4,13.1,8.6,100
costa_rica_cloud_forest,2018-06-07,21.9,16.7,2.0,17.0,98
costa_rica_cloud_forest,2018-06-08,21.4,17.9,3.2,19.7,100
costa_rica_cloud_forest,2018-06-09,21.5,17.7,7.1,17.7,100
costa_rica_cloud_forest,2018-06-10,21.1,16.3,46.2,11.9,99
costa_rica_cloud_forest,2018-06-11,21.2,16.5,16.0,12.0,99
costa_rica_cloud_forest,2018-06-12,21.1,16.5,9.5,9.8,97
costa_rica_cloud_forest,2018-06-13,22.1,16.4,47.3,9.9,100
costa_rica_cloud_forest,2018-06-14,21.2,17.1,18.6,8.4,100
costa_rica_cloud_forest,2018-06-15,21.9,16.2,16.3,6.5,98
costa_rica_cloud_forest,2018-06-16,21.0,16.0,13.9,8.5,98
costa_rica_cloud_forest,2018-06-17,22.0,16.9,1.5,10.2,95
costa_rica_cloud_forest,2018-06-18,22.2,17.1,3.9,13.9,89
costa_rica_cloud_forest,2018-06-19,20.7,17.3,9.6,8.4,100
costa_rica_cloud_forest,2018-06-20,21.5,17.0,38.8,8.2,98
costa_rica_cloud_forest,2018-06-21,21.3,16.7,6.5,9.1,85
costa_rica_cloud_forest,2018-06-22,22.8,16.2,1.3,10.8,75
costa_rica_cloud_forest,2018-06-23,22.5,16.1,3.1,14.4,91
costa_rica_cloud_forest,2018-06-24,21.6,16.6,3.0,13.1,95
costa_rica_cloud_forest,2018-06-25,20.4,17.0,8.2,14.3,97
costa_rica_cloud_forest,2018-06-26,20.6,16.9,23.1,8.7,100
costa_rica_cloud_forest,2018-06-27,21.1,16.5,13.7,16.8,100
costa_rica_cloud_forest,2018-06-28,20.3,16.3,5.9,16.3,100
costa_rica_cloud_forest,2018-06-29,20.7,16.2,4.2,15.2,95
costa_rica_cloud_forest,2018-06-30,21.1,16.2,4.0,20.0,88
costa_rica_cloud_forest,2018-07-01,20.1,16.7,3.8,17.6,99
costa_rica_cloud_forest,2018-07-02,20.8,16.7,5.1,23.9,95
costa_rica_cloud_forest,2018-07-03,20.4,16.8,4.2,22.4,100
costa_rica_cloud_forest,2018-07-04,21.7,16.7,8.1,13.1,92
costa_rica_cloud_forest,2018-07-05,21.2,16.9,4.2,17.8,96
costa_rica_cloud_forest,2018-07-06,22.0,17.1,10.6,20.2,95
costa_rica_cloud_forest,2018-07-07,19.9,17.2,9.2,31.0,100
costa_rica_cloud_forest,2018-07-08,20.7,16.8,2.6,30.1,92
costa_rica_cloud_forest,2018-07-09,20.9,17.2,2.5,24.0,99
costa_rica_cloud_forest,2018-07-10,19.5,17.1,2.8,25.9,99
costa_rica_cloud_forest,2018-07-11,21.1,17.0,5.1,19.0,99
costa_rica_cloud_forest,2018-07-12,21.5,16.7,5.1,16.8,93
costa_rica_cloud_forest,2018-07-13,20.7,16.9,14.2,26.8,100
costa_rica_cloud_forest,2018-07-14,20.8,16.8,11.4,31.7,100
costa_rica_cloud_forest,2018-07-15,20.3,17.0,7.9,22.6,100
costa_rica_cloud_forest,2018-07-16,19.7,16.9,9.2,19.7,100
costa_rica_cloud_forest,2018-07-17,20.8,17.1,7.5,18.8,98
costa_rica_cloud_forest,2018-07-18,21.1,17.2,10.2,19.3,100
costa_rica_cloud_forest,2018-07-19,20.9,16.8,6.2,19.6,97
costa_rica_cloud_forest,2018-07-20,19.0,16.6,8.2,29.6,100
costa_rica_cloud_forest,2018-07-21,21.1,17.2,17.0,18.9,100
costa_rica_cloud_forest,2018-07-22,20.2,17.0,8.4,17.8,100
costa_rica_cloud_forest,2018-07-23,20.4,16.7,2.8,20.5,97
costa_rica_cloud_forest,2018-07-24,21.6,17.0,0.3,16.5,83
costa_rica_cloud_forest,2018-07-25,21.0,16.8,2.2,20.1,87
costa_rica_cloud_forest,2018-07-26,21.0,17.1,23.6,17.0,100
costa_rica_cloud_forest,2018-07-27,21.3,16.8,1.4,15.9,91
costa_rica_cloud_forest,2018-07-28,21.3,16.3,1.6,13.7,76
costa_rica_cloud_forest,2018-07-29,21.6,16.4,4.8,12.5,95
costa_rica_cloud_forest,2018-07-30,20.9,16.8,2.4,15.0,97
costa_rica_cloud_forest,2018-07-31,22.3,16.8,3.1,14.7,97
costa_rica_cloud_forest,2018-08-01,21.0,16.6,7.3,10.3,92
costa_rica_cloud_forest,2018-08-02,20.0,16.6,48.5,7.9,99
costa_rica_cloud_forest,2018-08-03,20.7,16.4,22.0,7.3,99
costa_rica_cloud_forest,2018-08-04,21.4,17.2,2.1,16.1,95
costa_rica_cloud_forest,2018-08-05,21.2,16.6,2.7,20.9,90
costa_rica_cloud_forest,2018-08-06,21.5,16.2,3.4,17.4,84
costa_rica_cloud_forest,2018-08-07,21.2,17.1,3.6,17.0,100
costa_rica_cloud_forest,2018-08-08,21.7,17.4,5.5,17.3,100
costa_rica_cloud_forest,2018-08-09,22.2,17.2,4.0,16.6,99
costa_rica_cloud_forest,2018-08-10,22.0,17.5,6.3,23.3,99
costa_rica_cloud_forest,2018-08-11,21.7,17.4,6.4,19.7,96
costa_rica_cloud_forest,2018-08-12,21.1,17.3,2.1,17.6,92
costa_rica_cloud_forest,2018-08-13,21.2,16.9,9.0,15.1,99
costa_rica_cloud_forest,2018-08-14,22.0,15.6,5.4,14.7,96
costa_rica_cloud_forest,2018-08-15,22.0,15.2,0.0,15.3,74
costa_rica_cloud_forest,2018-08-16,22.1,15.1,2.3,10.7,83
costa_rica_cloud_forest,2018-08-17,21.5,16.4,1.1,15.6,82
costa_rica_cloud_forest,2018-08-18,21.6,16.2,0.4,19.5,70
costa_rica_cloud_forest,2018-08-19,21.7,15.9,2.2,14.9,86
costa_rica_cloud_forest,2018-08-20,21.0,16.6,1.9,15.9,92
costa_rica_cloud_forest,2018-08-21,21.4,17.3,3.1,17.4,94
costa_rica_cloud_forest,2018-08-22,20.6,16.5,3.6,22.1,97
costa_rica_cloud_forest,2018-08-23,20.8,16.7,5.9,17.7,98
costa_rica_cloud_forest,2018-08-24,21.4,16.6,5.0,14.4,96
costa_rica_cloud_forest,2018-08-25,22.5,17.1,0.8,12.2,73
costa_rica_cloud_forest,2018-08-26,21.3,16.8,12.0,14.7,96
costa_rica_cloud_forest,2018-08-27,21.0,16.8,7.8,12.0,100
costa_rica_cloud_forest,2018-08-28,21.9,16.5,4.0,10.8,97
costa_rica_cloud_forest,2018-08-29,21.2,16.4,2.1,19.2,96
costa_rica_cloud_forest,2018-08-30,20.7,16.7,3.0,18.9,98
costa_rica_cloud_forest,2018-08-31,21.6,16.6,2.9,10.7,97
costa_rica_cloud_forest,2018-09-01,21.7,16.5,1.5,8.9,89
costa_rica_cloud_forest,2018-09-02,21.8,16.7,1.5,12.6,82
costa_rica_cloud_forest,2018-09-03,22.2,17.0,2.1,9.9,88
costa_rica_cloud_forest,2018-09-04,21.4,16.9,1.6,12.1,98
costa_rica_cloud_forest,2018-09-05,21.6,16.5,2.9,14.0,99
costa_rica_cloud_forest,2018-09-06,21.6,14.8,1.0,9.3,88
costa_rica_cloud_forest,2018-09-07,22.2,14.8,1.6,5.9,77
costa_rica_cloud_forest,2018-09-08,20.7,15.8,11.4,6.1,93
costa_rica_cloud_forest,2018-09-09,22.0,16.4,3.1,8.5,89
costa_rica_cloud_forest,2018-09-10,21.9,15.3,13.0,6.5,97
costa_rica_cloud_forest,2018-09-11,22.0,16.0,21.4,9.2,73
costa_rica_cloud_forest,2018-09-12,23.0,15.1,1.8,9.7,41
costa_rica_cloud_forest,2018-09-13,21.8,15.1,1.9,8.7,50
costa_rica_cloud_forest,2018-09-14,21.7,15.6,2.2,9.4,81
costa_rica_cloud_forest,2018-09-15,22.4,15.2,1.5,5.4,70
costa_rica_cloud_forest,2018-09-16,22.8,15.8,1.2,8.7,45
costa_rica_cloud_forest,2018-09-17,22.5,15.2,0.5,9.0,62
costa_rica_cloud_forest,2018-09-18,22.5,15.6,1.8,11.6,93
costa_rica_cloud_forest,2018-09-19,22.0,16.4,0.9,14.9,92
costa_rica_cloud_forest,2018-09-20,20.7,17.0,6.6,10.5,98
costa_rica_cloud_forest,2018-09-21,21.9,17.2,2.1,18.4,98
costa_rica_cloud_forest,2018-09-22,22.3,17.1,4.6,10.8,98
costa_rica_cloud_forest,2018-09-23,21.5,17.3,4.8,14.8,98
costa_rica_cloud_forest,2018-09-24,21.6,17.0,27.1,11.0,96
costa_rica_cloud_forest,2018-09-25,21.3,16.2,4.6,12.9,98
costa_rica_cloud_forest,2018-09-26,20.7,17.1,7.7,16.1,94
costa_rica_cloud_forest,2018-09-27,21.0,15.5,4.1,11.3,96
costa_rica_cloud_forest,2018-09-28,21.6,15.5,4.0,6.9,92
costa_rica_cloud_forest,2018-09-29,21.3,16.5,7.7,13.9,93
costa_rica_cloud_forest,2018-09-30,20.2,16.4,3.8,10.6,94
costa_rica_cloud_forest,2018-10-01,20.9,16.2,9.6,6.5,97
costa_rica_cloud_forest,2018-10-02,20.2,15.3,11.9,9.5,97
costa_rica_cloud_forest,2018-10-03,19.3,16.9,20.2,15.6,100
costa_rica_cloud_forest,2018-10-04,18.2,16.1,207.4,18.4,100
costa_rica_cloud_forest,2018-10-05,17.9,15.1,71.2,20.2,100
costa_rica_cloud_forest,2018-10-06,19.3,15.0,0.2,15.2,100
costa_rica_cloud_forest,2018-10-07,23.1,15.1,3.0,7.0,92
costa_rica_cloud_forest,2018-10-08,21.0,16.6,4.2,9.1,97
costa_rica_cloud_forest,2018-10-09,20.8,16.7,13.5,9.2,97
costa_rica_cloud_forest,2018-10-10,23.0,15.6,1.8,7.6,90
costa_rica_cloud_forest,2018-10-11,21.6,16.6,8.1,7.6,89
costa_rica_cloud_forest,2018-10-12,20.6,16.6,5.9,8.0,96
costa_rica_cloud_forest,2018-10-13,20.1,16.0,11.8,7.1,98
costa_rica_cloud_forest,2018-10-14,20.9,16.2,12.2,8.2,82
costa_rica_cloud_forest,2018-10-15,19.3,16.4,23.6,13.3,100
costa_rica_cloud_forest,2018-10-16,19.0,16.2,98.6,6.1,100
costa_rica_cloud_forest,2018-10-17,18.6,16.3,47.6,8.4,100
costa_rica_cloud_forest,2018-10-18,19.4,15.6,12.9,6.0,96
costa_rica_cloud_forest,2018-10-19,20.9,15.7,1.8,14.3,84
costa_rica_cloud_forest,2018-10-20,21.2,16.7,2.0,12.3,97
costa_rica_cloud_forest,2018-10-21,20.7,16.2,2.9,17.1,97
costa_rica_cloud_forest,2018-10-22,21.4,15.8,1.0,12.2,80
costa_rica_cloud_forest,2018-10-23,21.6,15.6,0.7,12.7,80
costa_rica_cloud_forest,2018-10-24,21.2,15.8,2.2,10.6,87
costa_rica_cloud_forest,2018-10-25,21.7,16.8,7.8,11.0,94
costa_rica_cloud_forest,2018-10-26,21.6,16.6,12.4,12.2,96
costa_rica_cloud_forest,2018-10-27,20.8,16.1,1.3,12.1,96
costa_rica_cloud_forest,2018-10-28,20.8,16.2,38.3,28.5,98
costa_rica_cloud_forest,2018-10-29,20.6,16.9,9.2,17.8,100
costa_rica_cloud_forest,2018-10-30,21.0,16.1,1.3,19.0,79
costa_rica_cloud_forest,2018-10-31,21.9,15.1,0.0,15.8,60
costa_rica_cloud_forest,2018-11-01,21.7,15.6,0.9,8.7,66
costa_rica_cloud_forest,2018-11-02,21.4,15.1,1.5,10.9,76
costa_rica_cloud_forest,2018-11-03,21.3,16.1,3.3,11.3,93
costa_rica_cloud_forest,2018-11-04,21.2,15.8,32.0,12.6,98
costa_rica_cloud_forest,2018-11-05,21.0,16.1,3.8,12.8,79
costa_rica_cloud_forest,2018-11-06,21.7,15.6,2.7,11.4,47
costa_rica_cloud_forest,2018-11-07,21.7,15.8,0.4,12.0,68
costa_rica_cloud_forest,2018-11-08,21.7,16.2,0.6,11.3,84
costa_rica_cloud_forest,2018-11-09,21.4,16.1,1.6,11.8,75
costa_rica_cloud_forest,2018-11-10,20.7,16.7,2.4,17.6,83
costa_rica_cloud_forest,2018-11-11,20.8,17.2,18.6,25.2,98
costa_rica_cloud_forest,2018-11-12,20.9,17.3,6.2,19.9,96
costa_rica_cloud_forest,2018-11-13,21.2,16.9,2.3,15.7,90
costa_rica_cloud_forest,2018-11-14,21.4,17.1,3.2,15.6,98
costa_rica_cloud_forest,2018-11-15,19.1,17.0,17.8,18.1,98
costa_rica_cloud_forest,2018-11-16,20.9,17.0,7.9,19.6,96
costa_rica_cloud_forest,2018-11-17,20.9,17.0,6.1,22.6,98
costa_rica_cloud_forest,2018-11-18,20.3,17.2,3.6,22.1,87
costa_rica_cloud_forest,2018-11-19,21.0,17.1,5.8,17.7,98
costa_rica_cloud_forest,2018-11-20,20.3,17.5,4.7,23.1,98
costa_rica_cloud_forest,2018-11-21,19.4,16.9,16.3,15.5,100
costa_rica_cloud_forest,2018-11-22,21.4,17.1,8.3,20.7,95
costa_rica_cloud_forest,2018-11-23,21.1,16.2,0.3,22.1,56
costa_rica_cloud_forest,2018-11-24,21.8,15.4,1.0,14.4,52
costa_rica_cloud_forest,2018-11-25,21.3,15.8,0.1,14.9,70
costa_rica_cloud_forest,2018-11-26,21.7,15.0,0.2,12.6,61
costa_rica_cloud_forest,2018-11-27,21.8,14.4,2.1,12.1,80
costa_rica_cloud_forest,2018-11-28,20.7,16.6,9.2,10.2,86
costa_rica_cloud_forest,2018-11-29,20.5,15.7,3.2,13.9,90
costa_rica_cloud_forest,2018-11-30,20.7,15.4,1.7,12.1,89
costa_rica_cloud_forest,2018-12-01,21.5,16.2,2.3,11.5,83
costa_rica_cloud_forest,2018-12-02,21.9,15.0,0.7,13.3,74
costa_rica_cloud_forest,2018-12-03,21.3,15.1,0.0,15.1,51
costa_rica_cloud_forest,2018-12-04,21.0,15.2,0.9,17.9,72
costa_rica_cloud_forest,2018-12-05,20.1,15.1,2.0,25.7,74
costa_rica_cloud_forest,2018-12-06,19.2,14.8,5.7,22.7,80
costa_rica_cloud_forest,2018-12-07,19.6,15.7,5.3,20.6,84
costa_rica_cloud_forest,2018-12-08,20.7,15.1,0.0,18.1,35
costa_rica_cloud_forest,2018-12-09,20.1,15.5,0.2,22.8,53
costa_rica_cloud_forest,2018-12-10,19.3,16.2,4.5,29.9,85
costa_rica_cloud_forest,2018-12-11,19.1,15.6,4.3,32.9,81
costa_rica_cloud_forest,2018-12-12,19.7,15.4,0.3,32.1,27
costa_rica_cloud_forest,2018-12-13,20.3,15.3,0.1,20.0,36
costa_rica_cloud_forest,2018-12-14,22.0,15.7,0.7,10.0,79
costa_rica_cloud_forest,2018-12-15,19.3,16.8,3.2,25.1,85
costa_rica_cloud_forest,2018-12-16,19.1,16.0,4.5,36.8,93
costa_rica_cloud_forest,2018-12-17,19.8,15.3,2.2,27.6,75
costa_rica_cloud_forest,2018-12-18,19.5,15.2,0.0,23.4,87
costa_rica_cloud_forest,2018-12-19,21.9,14.3,1.3,18.3,44
costa_rica_cloud_forest,2018-12-20,21.6,14.7,5.2,7.2,54
costa_rica_cloud_forest,2018-12-21,20.0,13.2,9.6,38.5,80
costa_rica_cloud_forest,2018-12-22,16.2,12.5,18.8,38.0,100
costa_rica_cloud_forest,2018-12-23,18.5,14.8,4.2,34.8,70
costa_rica_cloud_forest,2018-12-24,19.4,14.7,0.5,31.6,59
costa_rica_cloud_forest,2018-12-25,19.3,15.6,3.2,30.8,63
costa_rica_cloud_forest,2018-12-26,19.5,15.3,1.0,31.6,48
costa_rica_cloud_forest,2018-12-27,19.9,14.9,0.0,27.9,37
costa_rica_cloud_forest,2018-12-28,19.9,14.8,0.8,23.7,62
costa_rica_cloud_forest,2018-12-29,19.0,15.8,2.8,29.1,77
costa_rica_cloud_forest,2018-12-30,19.9,15.1,1.8,28.5,80
costa_rica_cloud_forest,2018-12-31,19.6,14.8,0.5,28.6,67
costa_rica_cloud_forest,2019-01-01,19.7,15.2,1.5,35.6,94
costa_rica_cloud_forest,2019-01-02,18.8,15.2,4.3,36.4,98
costa_rica_cloud_forest,2019-01-03,19.8,15.2,1.7,26.0,97
costa_rica_cloud_forest,2019-01-04,20.7,15.1,0.8,19.0,86
costa_rica_cloud_forest,2019-01-05,20.2,15.4,1.7,25.5,86
costa_rica_cloud_forest,2019-01-06,19.2,14.8,0.9,28.4,49
costa_rica_cloud_forest,2019-01-07,20.0,14.1,0.0,19.2,56
costa_rica_cloud_forest,2019-01-08,20.1,14.0,0.4,15.0,57
costa_rica_cloud_forest,2019-01-09,19.6,14.2,0.1,17.9,45
costa_rica_cloud_forest,2019-01-10,19.3,14.4,1.2,19.0,57
costa_rica_cloud_forest,2019-01-11,19.1,14.2,0.3,24.1,52
costa_rica_cloud_forest,2019-01-12,19.2,14.1,0.8,22.9,56
costa_rica_cloud_forest,2019-01-13,19.3,14.2,0.9,29.5,47
costa_rica_cloud_forest,2019-01-14,18.8,14.6,5.3,31.6,93
costa_rica_cloud_forest,2019-01-15,19.0,15.2,4.4,32.2,98
costa_rica_cloud_forest,2019-01-16,19.6,14.6,4.0,33.4,64
costa_rica_cloud_forest,2019-01-17,19.3,14.7,0.2,33.2,44
costa_rica_cloud_forest,2019-01-18,19.6,14.4,0.0,34.2,37
costa_rica_cloud_forest,2019-01-19,20.3,14.5,0.0,21.9,65
costa_rica_cloud_forest,2019-01-20,19.2,14.9,2.5,26.6,74
costa_rica_cloud_forest,2019-01-21,18.7,14.8,4.8,35.8,84
costa_rica_cloud_forest,2019-01-22,18.9,14.1,0.2,38.4,67
costa_rica_cloud_forest,2019-01-23,19.9,14.3,0.1,30.3,69
costa_rica_cloud_forest,2019-01-24,20.8,14.5,1.2,19.6,60
costa_rica_cloud_forest,2019-01-25,20.8,14.9,1.5,22.9,93
costa_rica_cloud_forest,2019-01-26,20.8,15.4,0.1,25.2,68
costa_rica_cloud_forest,2019-01-27,24.7,14.4,0.1,14.9,28
costa_rica_cloud_forest,2019-01-28,21.1,15.0,0.5,24.0,66
costa_rica_cloud_forest,2019-01-29,22.6,15.3,1.5,19.0,73
costa_rica_cloud_forest,2019-01-30,20.1,14.1,0.4,22.9,61
costa_rica_cloud_forest,2019-01-31,20.1,14.6,0.1,29.7,53
costa_rica_cloud_forest,2019-02-01,20.2,13.5,0.0,21.5,47
costa_rica_cloud_forest,2019-02-02,20.9,14.5,0.4,20.5,62
costa_rica_cloud_forest,2019-02-03,20.6,14.4,0.1,23.4,39
costa_rica_cloud_forest,2019-02-04,21.2,14.3,0.0,22.3,24
costa_rica_cloud_forest,2019-02-05,20.2,14.2,0.6,24.0,79
costa_rica_cloud_forest,2019-02-06,20.5,14.0,0.0,30.0,64
costa_rica_cloud_forest,2019-02-07,21.0,14.3,0.1,29.4,41
costa_rica_cloud_forest,2019-02-08,19.9,13.9,0.6,28.7,87
costa_rica_cloud_forest,2019-02-09,19.8,14.2,0.5,36.7,85
costa_rica_cloud_forest,2019-02-10,20.2,14.4,0.2,33.8,58
costa_rica_cloud_forest,2019-02-11,21.0,14.5,0.0,26.4,30
costa_rica_cloud_forest,2019-02-12,22.4,14.6,0.1,18.0,43
costa_rica_cloud_forest,2019-02-13,22.1,14.9,0.0,21.5,72
costa_rica_cloud_forest,2019-02-14,21.4,15.3,0.0,26.6,26
costa_rica_cloud_forest,2019-02-15,22.5,15.4,0.0,18.3,31
costa_rica_cloud_forest,2019-02-16,24.7,14.2,1.1,11.6,74
costa_rica_cloud_forest,2019-02-17,24.0,16.1,0.8,13.3,54
costa_rica_cloud_forest,2019-02-18,23.1,16.2,0.0,23.7,47
costa_rica_cloud_forest,2019-02-19,21.4,15.2,0.0,22.5,55
costa_rica_cloud_forest,2019-02-20,23.5,14.3,0.8,13.0,55
costa_rica_cloud_forest,2019-02-21,24.2,14.4,1.0,14.4,36
costa_rica_cloud_forest,2019-02-22,22.9,16.0,0.7,16.8,82
costa_rica_cloud_forest,2019-02-23,22.4,16.4,0.2,18.8,82
costa_rica_cloud_forest,2019-02-24,21.4,16.1,1.4,24.8,75
costa_rica_cloud_forest,2019-02-25,20.0,15.6,12.2,30.9,95
costa_rica_cloud_forest,2019-02-26,19.7,14.7,13.0,30.4,97
costa_rica_cloud_forest,2019-02-27,20.1,15.5,2.1,26.4,85
costa_rica_cloud_forest,2019-02-28,21.6,14.9,0.6,20.8,75
costa_rica_cloud_forest,2019-03-01,22.0,15.0,0.4,16.4,51
costa_rica_cloud_forest,2019-03-02,22.4,15.0,2.2,17.7,41
costa_rica_cloud_forest,2019-03-03,21.3,16.1,2.8,19.4,83
costa_rica_cloud_forest,2019-03-04,22.2,15.0,0.8,17.6,56
costa_rica_cloud_forest,2019-03-05,21.8,14.6,1.4,24.5,30
costa_rica_cloud_forest,2019-03-06,19.9,15.5,5.0,35.9,82
costa_rica_cloud_forest,2019-03-07,19.8,15.6,5.8,36.6,81
costa_rica_cloud_forest,2019-03-08,20.6,14.5,1.0,34.1,55
costa_rica_cloud_forest,2019-03-09,21.2,14.6,0.2,29.8,77
costa_rica_cloud_forest,2019-03-10,21.5,14.9,1.5,22.1,94
costa_rica_cloud_forest,2019-03-11,21.2,15.7,5.7,26.2,80
costa_rica_cloud_forest,2019-03-12,20.6,15.1,3.7,26.1,88
costa_rica_cloud_forest,2019-03-13,21.4,14.8,1.1,23.3,74
costa_rica_cloud_forest,2019-03-14,21.5,13.6,0.0,15.5,28
costa_rica_cloud_forest,2019-03-15,21.7,14.2,0.5,19.0,49
costa_rica_cloud_forest,2019-03-16,20.9,15.6,3.6,26.9,87
costa_rica_cloud_forest,2019-03-17,21.0,15.2,6.2,26.1,93
costa_rica_cloud_forest,2019-03-18,20.9,15.0,1.7,22.1,84
costa_rica_cloud_forest,2019-03-19,21.9,15.2,3.3,15.6,79
costa_rica_cloud_forest,2019-03-20,20.5,15.9,1.7,19.1,81
costa_rica_cloud_forest,2019-03-21,20.8,15.3,0.8,25.9,64
costa_rica_cloud_forest,2019-03-22,20.9,14.7,1.7,28.2,43
costa_rica_cloud_forest,2019-03-23,20.5,13.3,0.4,21.3,70
costa_rica_cloud_forest,2019-03-24,21.2,14.0,0.0,22.3,74
costa_rica_cloud_forest,2019-03-25,21.2,14.6,1.8,21.3,73
costa_rica_cloud_forest,2019-03-26,21.0,15.5,0.9,25.2,69
costa_rica_cloud_forest,2019-03-27,19.9,14.6,2.3,26.2,68
costa_rica_cloud_forest,2019-03-28,21.3,14.5,0.7,23.6,90
costa_rica_cloud_forest,2019-03-29,21.4,15.0,1.1,17.6,94
costa_rica_cloud_forest,2019-03-30,22.3,15.9,1.0,17.2,73
costa_rica_cloud_forest,2019-03-31,23.9,15.4,0.1,12.7,78
costa_rica_cloud_forest,2019-04-01,22.6,15.0,0.0,16.6,64
costa_rica_cloud_forest,2019-04-02,22.1,15.8,0.5,25.3,49
costa_rica_cloud_forest,2019-04-03,21.4,15.8,1.2,32.6,70
costa_rica_cloud_forest,2019-04-04,20.3,15.6,0.4,26.2,95
costa_rica_cloud_forest,2019-04-05,21.5,15.3,0.0,22.2,76
costa_rica_cloud_forest,2019-04-06,22.1,14.9,7.9,13.7,86
costa_rica_cloud_forest,2019-04-07,21.6,15.7,4.1,13.7,79
costa_rica_cloud_forest,2019-04-08,24.1,15.6,1.5,10.0,62
costa_rica_cloud_forest,2019-04-09,24.6,14.5,0.6,7.1,49
costa_rica_cloud_forest,2019-04-10,23.8,16.7,8.4,6.4,72
costa_rica_cloud_forest,2019-04-11,22.7,15.2,8.5,4.9,86
costa_rica_cloud_forest,2019-04-12,23.9,16.6,1.5,9.8,52
costa_rica_cloud_forest,2019-04-13,23.6,16.1,0.0,11.4,44
costa_rica_cloud_forest,2019-04-14,23.3,17.3,0.3,12.8,86
costa_rica_cloud_forest,2019-04-15,23.5,17.0,0.1,19.0,87
costa_rica_cloud_forest,2019-04-16,21.1,15.8,1.5,26.7,89
costa_rica_cloud_forest,2019-04-17,22.4,15.5,0.0,23.2,64
costa_rica_cloud_forest,2019-04-18,22.6,15.3,4.1,11.8,95
costa_rica_cloud_forest,2019-04-19,22.7,16.0,2.6,10.7,91
costa_rica_cloud_forest,2019-04-20,21.6,15.5,0.6,18.1,95
costa_rica_cloud_forest,2019-04-21,20.9,15.3,0.0,24.9,77
costa_rica_cloud_forest,2019-04-22,20.3,15.6,0.2,22.4,85
costa_rica_cloud_forest,2019-04-23,22.1,14.8,0.0,16.3,82
costa_rica_cloud_forest,2019-04-24,23.5,14.6,1.2,13.6,52
costa_rica_cloud_forest,2019-04-25,24.2,13.0,2.2,13.0,96
costa_rica_cloud_forest,2019-04-26,24.9,15.6,0.7,17.8,57
costa_rica_cloud_forest,2019-04-27,23.7,16.8,0.0,17.7,49
costa_rica_cloud_forest,2019-04-28,23.5,16.8,1.5,19.7,57
costa_rica_cloud_forest,2019-04-29,21.4,17.8,1.8,26.9,99
costa_rica_cloud_forest,2019-04-30,21.3,17.5,1.8,24.0,96
costa_rica_cloud_forest,2019-05-01,22.9,17.1,1.3,20.4,97
costa_rica_cloud_forest,2019-05-02,23.4,17.5,2.4,16.7,91
costa_rica_cloud_forest,2019-05-03,23.0,18.0,1.0,17.8,98
costa_rica_cloud_forest,2019-05-04,23.0,17.0,1.4,13.3,90
costa_rica_cloud_forest,2019-05-05,24.1,17.2,2.0,10.2,72
costa_rica_cloud_forest,2019-05-06,22.9,17.8,2.9,16.0,97
costa_rica_cloud_forest,2019-05-07,21.1,18.3,3.4,16.9,100
costa_rica_cloud_forest,2019-05-08,21.6,17.5,1.3,14.1,100
costa_rica_cloud_forest,2019-05-09,21.5,16.9,0.9,10.0,100
costa_rica_cloud_forest,2019-05-10,22.3,17.3,0.9,7.4,89
costa_rica_cloud_forest,2019-05-11,23.5,17.2,12.5,7.0,96
costa_rica_cloud_forest,2019-05-12,24.6,16.3,6.2,5.2,77
costa_rica_cloud_forest,2019-05-13,24.1,17.4,1.8,8.3,87
costa_rica_cloud_forest,2019-05-14,23.6,17.3,4.1,7.6,98
costa_rica_cloud_forest,2019-05-15,22.7,16.9,70.6,6.6,99
costa_rica_cloud_forest,2019-05-16,23.3,17.2,13.0,5.1,92
costa_rica_cloud_forest,2019-05-17,21.8,17.3,0.9,10.6,98
costa_rica_cloud_forest,2019-05-18,21.1,17.3,11.0,6.9,99
costa_rica_cloud_forest,2019-05-19,22.6,15.8,18.2,4.2,96
costa_rica_cloud_forest,2019-05-20,21.4,17.1,11.5,7.6,97
costa_rica_cloud_forest,2019-05-21,21.7,16.0,11.8,12.7,97
costa_rica_cloud_forest,2019-05-22,18.5,17.0,33.5,14.3,100
costa_rica_cloud_forest,2019-05-23,21.8,17.3,18.2,12.0,98
costa_rica_cloud_forest,2019-05-24,19.7,16.3,128.0,8.7,100
costa_rica_cloud_forest,2019-05-25,20.7,16.6,12.3,10.3,98
costa_rica_cloud_forest,2019-05-26,19.1,16.4,97.8,7.3,100
costa_rica_cloud_forest,2019-05-27,19.4,17.0,82.7,9.4,100
costa_rica_cloud_forest,2019-05-28,19.9,16.8,45.4,21.9,100
costa_rica_cloud_forest,2019-05-29,21.4,16.9,13.0,11.5,96
costa_rica_cloud_forest,2019-05-30,22.8,16.8,5.1,8.9,89
costa_rica_cloud_forest,2019-05-31,23.4,16.7,6.7,6.9,89
costa_rica_cloud_forest,2019-06-01,23.7,16.1,2.6,7.9,61
costa_rica_cloud_forest,2019-06-02,23.5,16.6,0.7,8.4,56
costa_rica_cloud_forest,2019-06-03,22.9,16.1,2.3,8.2,38
costa_rica_cloud_forest,2019-06-04,22.0,16.4,1.8,10.7,61
costa_rica_cloud_forest,2019-06-05,23.4,17.7,1.3,13.4,93
costa_rica_cloud_forest,2019-06-06,22.7,17.5,0.5,12.8,86
costa_rica_cloud_forest,2019-06-07,22.8,16.7,18.8,4.6,97
costa_rica_cloud_forest,2019-06-08,22.5,15.8,17.3,6.9,89
costa_rica_cloud_forest,2019-06-09,23.0,16.7,3.3,12.4,92
costa_rica_cloud_forest,2019-06-10,22.2,17.2,1.7,8.5,98
costa_rica_cloud_forest,2019-06-11,20.3,17.6,19.1,14.7,99
costa_rica_cloud_forest,2019-06-12,20.1,17.2,47.6,10.5,98
costa_rica_cloud_forest,2019-06-13,21.4,15.1,7.7,11.2,91
costa_rica_cloud_forest,2019-06-14,21.4,16.6,1.3,20.2,92
costa_rica_cloud_forest,2019-06-15,22.6,17.0,3.6,12.4,95
costa_rica_cloud_forest,2019-06-16,22.6,17.0,1.0,15.6,79
costa_rica_cloud_forest,2019-06-17,22.4,18.0,0.8,19.5,98
costa_rica_cloud_forest,2019-06-18,22.9,18.2,1.2,19.7,91
costa_rica_cloud_forest,2019-06-19,22.9,18.5,1.9,17.1,92
costa_rica_cloud_forest,2019-06-20,21.6,18.4,13.6,10.4,100
costa_rica_cloud_forest,2019-06-21,22.8,18.3,9.6,13.6,100
costa_rica_cloud_forest,2019-06-22,23.2,18.2,2.0,16.3,99
costa_rica_cloud_forest,2019-06-23,22.4,17.8,2.3,19.8,90
costa_rica_cloud_forest,2019-06-24,22.0,17.1,4.3,9.8,95
costa_rica_cloud_forest,2019-06-25,22.2,16.9,1.6,12.5,94
costa_rica_cloud_forest,2019-06-26,20.7,17.0,6.3,27.1,90
costa_rica_cloud_forest,2019-06-27,20.0,17.3,7.8,30.0,100
costa_rica_cloud_forest,2019-06-28,19.4,16.8,6.2,28.4,98
costa_rica_cloud_forest,2019-06-29,21.0,17.0,4.0,17.5,97
costa_rica_cloud_forest,2019-06-30,23.3,16.7,1.7,14.3,83
costa_rica_cloud_forest,2019-07-01,21.6,17.6,6.0,17.8,98
costa_rica_cloud_forest,2019-07-02,21.4,17.4,5.1,17.7,98
costa_rica_cloud_forest,2019-07-03,20.4,17.0,9.2,23.0,100
costa_rica_cloud_forest,2019-07-04,20.8,16.4,3.9,26.7,97
costa_rica_cloud_forest,2019-07-05,20.6,15.9,0.0,26.4,82
costa_rica_cloud_forest,2019-07-06,22.8,16.3,0.9,22.6,66
costa_rica_cloud_forest,2019-07-07,22.9,17.6,4.9,14.8,98
costa_rica_cloud_forest,2019-07-08,19.6,17.0,65.8,8.9,100
costa_rica_cloud_forest,2019-07-09,20.4,16.4,2.5,10.7,97
costa_rica_cloud_forest,2019-07-10,20.4,16.7,2.6,18.2,100
costa_rica_cloud_forest,2019-07-11,22.7,17.2,2.1,14.8,95
costa_rica_cloud_forest,2019-07-12,21.5,16.5,3.3,14.0,97
costa_rica_cloud_forest,2019-07-13,21.8,16.8,2.3,16.2,96
costa_rica_cloud_forest,2019-07-14,20.9,16.8,2.5,19.5,98
costa_rica_cloud_forest,2019-07-15,20.8,16.5,4.1,12.9,100
costa_rica_cloud_forest,2019-07-16,20.4,17.1,1.6,19.8,99
costa_rica_cloud_forest,2019-07-17,22.6,17.1,1.9,15.5,88
costa_rica_cloud_forest,2019-07-18,20.9,17.2,5.8,23.3,98
costa_rica_cloud_forest,2019-07-19,21.6,16.9,3.9,26.1,99
costa_rica_cloud_forest,2019-07-20,22.4,17.9,1.8,24.6,94
costa_rica_cloud_forest,2019-07-21,22.2,17.7,2.3,26.0,96
costa_rica_cloud_forest,2019-07-22,22.2,17.3,2.7,15.8,98
costa_rica_cloud_forest,2019-07-23,21.4,16.0,0.1,16.4,93
costa_rica_cloud_forest,2019-07-24,22.1,15.8,1.2,12.7,99
costa_rica_cloud_forest,2019-07-25,21.0,16.1,10.3,15.0,94
costa_rica_cloud_forest,2019-07-26,21.1,15.5,9.0,23.0,90
costa_rica_cloud_forest,2019-07-27,21.1,16.1,1.7,27.4,90
costa_rica_cloud_forest,2019-07-28,21.0,17.2,12.3,27.7,99
costa_rica_cloud_forest,2019-07-29,21.1,16.5,0.4,28.5,88
costa_rica_cloud_forest,2019-07-30,21.9,15.9,0.0,18.2,72
costa_rica_cloud_forest,2019-07-31,22.6,15.7,1.5,15.7,65
costa_rica_cloud_forest,2019-08-01,22.8,16.9,1.1,13.1,78
costa_rica_cloud_forest,2019-08-02,22.9,17.0,2.4,13.4,77
costa_rica_cloud_forest,2019-08-03,21.3,16.8,19.3,11.6,86
costa_rica_cloud_forest,2019-08-04,21.4,16.7,1.1,15.5,86
costa_rica_cloud_forest,2019-08-05,22.1,16.3,4.6,12.3,81
costa_rica_cloud_forest,2019-08-06,22.7,17.2,1.2,13.0,98
costa_rica_cloud_forest,2019-08-07,21.2,15.9,5.9,8.0,100
costa_rica_cloud_forest,2019-08-08,23.0,15.4,3.8,10.1,67
costa_rica_cloud_forest,2019-08-09,22.6,17.0,0.7,16.1,58
costa_rica_cloud_forest,2019-08-10,21.5,17.6,1.8,17.7,95
costa_rica_cloud_forest,2019-08-11,21.9,17.5,4.9,17.1,98
costa_rica_cloud_forest,2019-08-12,20.5,17.3,3.9,22.4,100
costa_rica_cloud_forest,2019-08-13,21.8,17.2,1.8,18.6,96
costa_rica_cloud_forest,2019-08-14,20.6,17.7,4.6,19.2,100
costa_rica_cloud_forest,2019-08-15,20.8,17.2,64.8,7.6,99
costa_rica_cloud_forest,2019-08-16,20.7,16.5,31.9,5.4,96
costa_rica_cloud_forest,2019-08-17,22.2,15.5,12.3,6.9,90
costa_rica_cloud_forest,2019-08-18,21.4,16.6,5.0,10.0,98
costa_rica_cloud_forest,2019-08-19,20.5,16.9,7.5,7.4,97
costa_rica_cloud_forest,2019-08-20,21.9,16.9,4.6,8.2,92
costa_rica_cloud_forest,2019-08-21,22.6,16.5,5.2,11.0,77
costa_rica_cloud_forest,2019-08-22,21.9,15.8,0.0,14.5,74
costa_rica_cloud_forest,2019-08-23,22.3,16.8,0.0,15.9,82
costa_rica_cloud_forest,2019-08-24,22.6,16.6,0.3,14.5,61
costa_rica_cloud_forest,2019-08-25,21.9,16.5,2.2,13.4,90
costa_rica_cloud_forest,2019-08-26,22.7,16.9,1.3,15.6,95
costa_rica_cloud_forest,2019-08-27,22.1,17.5,1.4,20.1,97
costa_rica_cloud_forest,2019-08-28,20.9,17.3,2.1,22.9,91
costa_rica_cloud_forest,2019-08-29,21.5,17.1,6.4,18.1,92
costa_rica_cloud_forest,2019-08-30,22.5,16.9,1.4,17.4,85
costa_rica_cloud_forest,2019-08-31,22.8,16.1,1.1,12.2,80
costa_rica_cloud_forest,2019-09-01,23.0,16.2,0.4,11.7,74
costa_rica_cloud_forest,2019-09-02,23.1,16.8,0.1,17.3,77
costa_rica_cloud_forest,2019-09-03,22.4,15.7,1.8,11.5,81
costa_rica_cloud_forest,2019-09-04,21.0,15.8,12.5,10.1,98
costa_rica_cloud_forest,2019-09-05,21.9,16.9,6.3,16.7,98
costa_rica_cloud_forest,2019-09-06,22.2,17.2,5.3,10.9,98
costa_rica_cloud_forest,2019-09-07,21.2,16.1,1.6,17.9,100
costa_rica_cloud_forest,2019-09-08,22.7,15.6,3.9,14.8,83
costa_rica_cloud_forest,2019-09-09,22.1,16.1,4.4,9.2,84
costa_rica_cloud_forest,2019-09-10,22.8,16.7,0.5,16.6,74
costa_rica_cloud_forest,2019-09-11,21.5,17.4,1.4,18.0,99
costa_rica_cloud_forest,2019-09-12,21.5,17.5,1.6,15.0,98
costa_rica_cloud_forest,2019-09-13,22.2,16.6,2.1,12.8,92
costa_rica_cloud_forest,2019-09-14,22.9,16.6,17.8,10.6,96
costa_rica_cloud_forest,2019-09-15,22.0,16.9,3.2,13.1,97
costa_rica_cloud_forest,2019-09-16,21.2,16.7,7.3,6.7,97
costa_rica_cloud_forest,2019-09-17,22.2,15.3,1.1,7.1,54
costa_rica_cloud_forest,2019-09-18,23.0,16.2,0.5,14.8,59
costa_rica_cloud_forest,2019-09-19,23.0,16.0,7.7,7.2,70
costa_rica_cloud_forest,2019-09-20,21.8,16.1,26.1,5.5,82
costa_rica_cloud_forest,2019-09-21,20.7,16.8,40.2,13.4,97
costa_rica_cloud_forest,2019-09-22,21.1,17.1,28.8,6.8,95
costa_rica_cloud_forest,2019-09-23,21.7,16.4,3.8,10.3,80
costa_rica_cloud_forest,2019-09-24,22.2,16.2,4.5,5.8,84
costa_rica_cloud_forest,2019-09-25,20.0,17.2,21.5,10.0,94
costa_rica_cloud_forest,2019-09-26,20.8,16.7,13.9,11.7,91
costa_rica_cloud_forest,2019-09-27,22.3,16.9,23.5,7.7,93
costa_rica_cloud_forest,2019-09-28,21.7,16.9,17.9,6.4,97
costa_rica_cloud_forest,2019-09-29,22.3,16.6,0.8,18.2,84
costa_rica_cloud_forest,2019-09-30,22.2,15.3,0.2,10.3,88
costa_rica_cloud_forest,2019-10-01,22.1,15.0,39.2,13.0,78
costa_rica_cloud_forest,2019-10-02,20.9,16.1,5.0,10.0,99
costa_rica_cloud_forest,2019-10-03,21.9,16.4,14.2,7.2,96
costa_rica_cloud_forest,2019-10-04,22.9,15.5,3.8,8.4,81
costa_rica_cloud_forest,2019-10-05,22.3,15.7,6.6,9.9,84
costa_rica_cloud_forest,2019-10-06,22.0,14.9,2.0,4.7,80
costa_rica_cloud_forest,2019-10-07,21.6,15.7,16.1,8.4,89
costa_rica_cloud_forest,2019-10-08,21.4,16.6,8.7,6.1,89
costa_rica_cloud_forest,2019-10-09,21.7,15.7,9.5,6.5,70
costa_rica_cloud_forest,2019-10-10,22.5,16.7,4.1,9.7,81
costa_rica_cloud_forest,2019-10-11,20.7,16.3,9.0,6.6,99
costa_rica_cloud_forest,2019-10-12,20.1,15.9,22.3,8.3,99
costa_rica_cloud_forest,2019-10-13,20.9,16.7,77.7,13.7,100
costa_rica_cloud_forest,2019-10-14,19.2,16.3,107.7,13.8,100
costa_rica_cloud_forest,2019-10-15,20.0,15.7,46.0,4.6,90
costa_rica_cloud_forest,2019-10-16,22.0,15.4,2.3,9.7,61
costa_rica_cloud_forest,2019-10-17,21.8,14.7,1.3,7.9,58
costa_rica_cloud_forest,2019-10-18,22.6,14.9,1.0,11.6,43
costa_rica_cloud_forest,2019-10-19,21.5,15.2,18.7,8.1,54
costa_rica_cloud_forest,2019-10-20,21.3,15.0,27.9,8.4,77
costa_rica_cloud_forest,2019-10-21,18.8,15.4,13.4,11.2,99
costa_rica_cloud_forest,2019-10-22,21.8,15.6,10.9,5.7,84
costa_rica_cloud_forest,2019-10-23,21.6,15.9,1.6,9.5,87
costa_rica_cloud_forest,2019-10-24,21.5,16.4,66.8,7.1,90
costa_rica_cloud_forest,2019-10-25,21.2,16.4,42.2,6.5,98
costa_rica_cloud_forest,2019-10-26,18.8,15.8,90.2,10.5,100
costa_rica_cloud_forest,2019-10-27,23.0,14.9,1.6,10.3,68
costa_rica_cloud_forest,2019-10-28,21.7,15.8,1.0,8.4,97
costa_rica_cloud_forest,2019-10-29,21.7,17.1,0.9,15.4,93
costa_rica_cloud_forest,2019-10-30,21.3,16.2,3.7,10.9,98
costa_rica_cloud_forest,2019-10-31,21.4,16.3,3.1,6.6,85
costa_rica_cloud_forest,2019-11-01,21.0,17.0,1.4,17.9,89
costa_rica_cloud_forest,2019-11-02,20.9,16.2,1.9,14.3,67
costa_rica_cloud_forest,2019-11-03,21.1,16.2,1.2,15.5,61
costa_rica_cloud_forest,2019-11-04,21.7,16.5,1.2,15.6,54
costa_rica_cloud_forest,2019-11-05,21.3,16.8,3.2,19.6,86
costa_rica_cloud_forest,2019-11-06,19.1,16.1,39.5,25.0,100
costa_rica_cloud_forest,2019-11-07,20.4,15.6,7.3,20.3,97
costa_rica_cloud_forest,2019-11-08,19.3,17.3,6.9,22.2,99
costa_rica_cloud_forest,2019-11-09,21.2,17.2,9.1,21.6,99
costa_rica_cloud_forest,2019-11-10,20.6,16.5,3.6,20.1,93
costa_rica_cloud_forest,2019-11-11,21.2,16.6,1.5,14.3,94
costa_rica_cloud_forest,2019-11-12,21.2,16.2,0.1,15.9,91
costa_rica_cloud_forest,2019-11-13,21.8,15.3,2.9,11.8,82
costa_rica_cloud_forest,2019-11-14,21.4,16.0,2.5,6.6,81
costa_rica_cloud_forest,2019-11-15,21.4,15.9,2.4,10.2,81
costa_rica_cloud_forest,2019-11-16,20.8,16.5,1.3,13.4,95
costa_rica_cloud_forest,2019-11-17,20.7,16.2,4.0,12.3,87
costa_rica_cloud_forest,2019-11-18,19.0,14.8,3.1,18.4,100
costa_rica_cloud_forest,2019-11-19,19.8,16.2,4.4,15.9,94
costa_rica_cloud_forest,2019-11-20,20.6,16.3,7.3,14.0,97
costa_rica_cloud_forest,2019-11-21,21.1,16.1,2.3,14.8,66
costa_rica_cloud_forest,2019-11-22,21.6,15.5,0.4,10.5,39
costa_rica_cloud_forest,2019-11-23,21.9,15.2,0.0,12.6,37
costa_rica_cloud_forest,2019-11-24,21.2,15.1,1.1,19.1,58
costa_rica_cloud_forest,2019-11-25,19.7,15.9,1.2,20.8,89
costa_rica_cloud_forest,2019-11-26,20.9,16.4,1.5,19.7,79
costa_rica_cloud_forest,2019-11-27,20.6,17.4,8.5,23.7,99
costa_rica_cloud_forest,2019-11-28,21.1,17.4,14.0,24.2,100
costa_rica_cloud_forest,2019-11-29,20.7,16.6,11.3,21.3,99
costa_rica_cloud_forest,2019-11-30,20.5,16.1,2.8,26.3,94
costa_rica_cloud_forest,2019-12-01,21.8,15.9,0.8,20.1,90
costa_rica_cloud_forest,2019-12-02,20.6,16.3,6.2,18.4,95
costa_rica_cloud_forest,2019-12-03,19.7,16.6,9.1,22.8,98
costa_rica_cloud_forest,2019-12-04,20.7,16.3,1.1,20.3,82
costa_rica_cloud_forest,2019-12-05,19.9,16.5,13.2,24.3,100
costa_rica_cloud_forest,2019-12-06,19.2,16.3,23.8,24.3,100
costa_rica_cloud_forest,2019-12-07,20.1,15.8,44.1,16.3,92
costa_rica_cloud_forest,2019-12-08,20.3,16.0,7.5,24.3,91
costa_rica_cloud_forest,2019-12-09,20.4,15.9,3.2,21.7,89
costa_rica_cloud_forest,2019-12-10,21.1,16.4,4.0,17.1,78
costa_rica_cloud_forest,2019-12-11,20.1,16.2,3.9,19.4,90
costa_rica_cloud_forest,2019-12-12,19.3,16.2,9.4,23.1,100
costa_rica_cloud_forest,2019-12-13,20.7,15.5,1.7,20.6,73
costa_rica_cloud_forest,2019-12-14,21.2,14.9,0.4,14.5,50
costa_rica_cloud_forest,2019-12-15,21.1,15.6,0.1,13.1,33
costa_rica_cloud_forest,2019-12-16,21.6,14.9,1.1,12.8,43
costa_rica_cloud_forest,2019-12-17,21.5,16.1,1.4,15.8,54
costa_rica_cloud_forest,2019-12-18,20.9,16.6,1.0,14.4,96
costa_rica_cloud_forest,2019-12-19,20.5,17.0,15.5,18.7,98
costa_rica_cloud_forest,2019-12-20,21.2,17.0,13.1,19.0,98
costa_rica_cloud_forest,2019-12-21,20.1,16.6,9.4,23.0,100
costa_rica_cloud_forest,2019-12-22,20.6,17.1,6.3,20.4,100
costa_rica_cloud_forest,2019-12-23,20.1,17.1,5.0,23.6,99
costa_rica_cloud_forest,2019-12-24,20.0,17.0,6.0,24.1,97
costa_rica_cloud_forest,2019-12-25,20.1,15.3,3.1,23.7,88
costa_rica_cloud_forest,2019-12-26,20.0,16.0,4.1,24.3,99
costa_rica_cloud_forest,2019-12-27,21.4,16.9,3.5,18.9,92
costa_rica_cloud_forest,2019-12-28,21.3,17.4,9.0,19.4,99
costa_rica_cloud_forest,2019-12-29,21.5,16.5,2.0,18.8,93
costa_rica_cloud_forest,2019-12-30,20.9,16.1,0.0,18.1,99
costa_rica_cloud_forest,2019-12-31,20.4,15.6,0.2,19.9,87
costa_rica_cloud_forest,2020-01-01,21.7,15.2,0.2,17.8,53
costa_rica_cloud_forest,2020-01-02,21.3,15.1,0.1,13.0,66
costa_rica_cloud_forest,2020-01-03,22.7,14.2,2.7,12.0,67
costa_rica_cloud_forest,2020-01-04,21.1,16.1,1.1,30.2,74
costa_rica_cloud_forest,2020-01-05,19.3,16.0,6.9,37.2,97
costa_rica_cloud_forest,2020-01-06,19.4,15.4,5.1,28.2,84
costa_rica_cloud_forest,2020-01-07,18.7,15.1,1.6,34.7,45
costa_rica_cloud_forest,2020-01-08,19.1,15.9,21.5,35.4,85
costa_rica_cloud_forest,2020-01-09,19.4,16.1,8.0,38.4,89
costa_rica_cloud_forest,2020-01-10,19.6,15.6,1.9,37.2,63
costa_rica_cloud_forest,2020-01-11,20.8,16.1,1.5,35.0,75
costa_rica_cloud_forest,2020-01-12,19.9,16.6,4.9,35.4,87
costa_rica_cloud_forest,2020-01-13,20.2,15.8,5.9,38.8,74
costa_rica_cloud_forest,2020-01-14,19.5,16.0,3.6,36.9,85
costa_rica_cloud_forest,2020-01-15,19.8,15.8,3.2,37.0,74
costa_rica_cloud_forest,2020-01-16,20.2,16.1,3.2,29.3,78
costa_rica_cloud_forest,2020-01-17,20.4,17.1,9.5,37.7,96
costa_rica_cloud_forest,2020-01-18,20.4,17.2,13.4,35.8,80
costa_rica_cloud_forest,2020-01-19,20.6,17.3,8.8,29.8,88
costa_rica_cloud_forest,2020-01-20,19.5,16.6,12.4,30.8,97
costa_rica_cloud_forest,2020-01-21,19.3,16.2,4.3,27.4,99
costa_rica_cloud_forest,2020-01-22,18.0,14.3,2.4,24.2,98
costa_rica_cloud_forest,2020-01-23,22.2,14.6,1.5,15.0,71
costa_rica_cloud_forest,2020-01-24,21.4,16.0,1.5,15.5,92
costa_rica_cloud_forest,2020-01-25,19.9,13.9,1.7,17.1,79
costa_rica_cloud_forest,2020-01-26,20.8,14.0,0.0,17.1,81
costa_rica_cloud_forest,2020-01-27,20.6,15.4,11.7,8.0,78
costa_rica_cloud_forest,2020-01-28,21.3,15.2,8.5,5.4,75
costa_rica_cloud_forest,2020-01-29,19.8,16.2,5.3,7.7,92
costa_rica_cloud_forest,2020-01-30,22.1,15.8,0.5,14.1,61
costa_rica_cloud_forest,2020-01-31,21.1,15.8,0.0,16.1,59
costa_rica_cloud_forest,2020-02-01,21.3,14.2,1.5,20.4,50
costa_rica_cloud_forest,2020-02-02,20.2,15.8,13.4,33.3,94
costa_rica_cloud_forest,2020-02-03,19.4,15.5,4.8,30.0,89
costa_rica_cloud_forest,2020-02-04,20.7,15.4,0.4,23.1,72
costa_rica_cloud_forest,2020-02-05,21.3,15.3,0.6,18.7,88
costa_rica_cloud_forest,2020-02-06,23.2,14.6,1.2,10.4,66
costa_rica_cloud_forest,2020-02-07,23.7,13.9,0.8,14.6,49
costa_rica_cloud_forest,2020-02-08,20.9,15.1,0.6,22.1,34
costa_rica_cloud_forest,2020-02-09,19.7,15.0,0.6,29.9,28
costa_rica_cloud_forest,2020-02-10,20.3,15.4,0.8,31.3,31
costa_rica_cloud_forest,2020-02-11,20.2,15.7,1.6,30.0,70
costa_rica_cloud_forest,2020-02-12,20.9,16.1,2.3,22.3,79
costa_rica_cloud_forest,2020-02-13,21.0,15.6,0.8,25.3,87
costa_rica_cloud_forest,2020-02-14,20.2,15.7,2.1,30.1,95
costa_rica_cloud_forest,2020-02-15,20.1,15.6,3.6,35.1,77
costa_rica_cloud_forest,2020-02-16,19.5,15.3,5.0,31.5,83
costa_rica_cloud_forest,2020-02-17,20.4,15.4,5.5,28.5,81
costa_rica_cloud_forest,2020-02-18,20.1,16.0,4.4,32.1,98
costa_rica_cloud_forest,2020-02-19,21.3,16.8,3.3,34.1,95
costa_rica_cloud_forest,2020-02-20,20.7,16.8,4.7,30.7,97
costa_rica_cloud_forest,2020-02-21,19.4,15.3,3.6,32.7,94
costa_rica_cloud_forest,2020-02-22,20.0,15.3,2.0,32.3,72
costa_rica_cloud_forest,2020-02-23,20.5,15.0,0.0,29.8,60
costa_rica_cloud_forest,2020-02-24,21.6,14.7,0.8,20.1,87
costa_rica_cloud_forest,2020-02-25,21.9,15.9,7.3,12.5,92
costa_rica_cloud_forest,2020-02-26,24.2,14.3,0.8,5.2,66
costa_rica_cloud_forest,2020-02-27,21.5,15.2,0.2,24.1,66
costa_rica_cloud_forest,2020-02-28,20.1,15.3,2.3,33.1,95
costa_rica_cloud_forest,2020-02-29,20.1,15.8,5.2,34.0,81
costa_rica_cloud_forest,2020-03-01,20.1,15.6,3.5,32.1,77
costa_rica_cloud_forest,2020-03-02,21.1,15.1,0.0,30.4,28
costa_rica_cloud_forest,2020-03-03,21.9,14.8,0.1,16.9,88
costa_rica_cloud_forest,2020-03-04,22.1,15.5,0.6,15.8,86
costa_rica_cloud_forest,2020-03-05,22.1,16.2,0.2,19.8,89
costa_rica_cloud_forest,2020-03-06,20.5,15.4,0.9,26.3,80
costa_rica_cloud_forest,2020-03-07,19.9,14.9,4.1,34.1,76
costa_rica_cloud_forest,2020-03-08,20.4,15.0,1.8,34.7,67
costa_rica_cloud_forest,2020-03-09,21.4,15.7,0.3,34.8,36
costa_rica_cloud_forest,2020-03-10,20.9,15.6,0.6,31.3,57
costa_rica_cloud_forest,2020-03-11,21.3,15.6,3.4,28.2,72
costa_rica_cloud_forest,2020-03-12,20.2,16.0,1.6,28.8,85
costa_rica_cloud_forest,2020-03-13,22.1,15.0,1.3,18.4,70
costa_rica_cloud_forest,2020-03-14,21.1,15.5,0.8,23.7,60
costa_rica_cloud_forest,2020-03-15,20.7,15.4,1.4,26.8,53
costa_rica_cloud_forest,2020-03-16,20.9,15.2,0.3,30.1,40
costa_rica_cloud_forest,2020-03-17,21.1,15.1,0.0,25.4,60
costa_rica_cloud_forest,2020-03-18,21.1,14.8,1.2,23.4,34
costa_rica_cloud_forest,2020-03-19,21.3,14.9,0.0,27.4,44
costa_rica_cloud_forest,2020-03-20,21.4,15.3,0.0,24.2,32
costa_rica_cloud_forest,2020-03-21,20.2,15.1,1.8,27.2,58
costa_rica_cloud_forest,2020-03-22,20.3,14.9,2.4,27.8,80
costa_rica_cloud_forest,2020-03-23,20.9,15.3,1.3,28.8,55
costa_rica_cloud_forest,2020-03-24,21.3,15.5,0.5,22.1,51
costa_rica_cloud_forest,2020-03-25,22.3,15.6,0.4,20.1,23
costa_rica_cloud_forest,2020-03-26,22.1,15.1,0.5,17.8,38
costa_rica_cloud_forest,2020-03-27,22.7,15.3,0.0,20.0,23
costa_rica_cloud_forest,2020-03-28,22.9,15.3,0.8,23.7,53
costa_rica_cloud_forest,2020-03-29,22.1,15.4,0.1,22.9,48
costa_rica_cloud_forest,2020-03-30,22.2,15.2,0.5,19.3,34
costa_rica_cloud_forest,2020-03-31,23.2,15.1,0.0,15.7,34
costa_rica_cloud_forest,2020-04-01,23.6,14.5,0.7,8.9,36
costa_rica_cloud_forest,2020-04-02,23.8,13.7,0.3,8.5,55
costa_rica_cloud_forest,2020-04-03,24.0,16.3,0.1,11.9,71
costa_rica_cloud_forest,2020-04-04,24.1,15.3,0.5,10.8,48
costa_rica_cloud_forest,2020-04-05,24.4,17.2,0.9,15.1,73
costa_rica_cloud_forest,2020-04-06,23.4,17.3,0.4,20.5,63
costa_rica_cloud_forest,2020-04-07,21.9,16.4,2.8,32.7,80
costa_rica_cloud_forest,2020-04-08,22.0,16.4,1.4,27.2,90
costa_rica_cloud_forest,2020-04-09,23.9,17.0,0.7,19.0,92
costa_rica_cloud_forest,2020-04-10,23.8,16.8,0.1,13.5,91
costa_rica_cloud_forest,2020-04-11,24.3,16.8,2.0,13.3,94
costa_rica_cloud_forest,2020-04-12,23.4,16.3,2.5,10.9,88
costa_rica_cloud_forest,2020-04-13,23.7,16.7,3.0,8.3,92
costa_rica_cloud_forest,2020-04-14,22.6,17.3,2.2,13.0,86
costa_rica_cloud_forest,2020-04-15,22.6,15.7,3.8,13.9,71
costa_rica_cloud_forest,2020-04-16,22.3,15.5,0.4,19.3,39
costa_rica_cloud_forest,2020-04-17,21.5,15.3,0.0,23.1,30
costa_rica_cloud_forest,2020-04-18,22.9,15.5,0.1,17.4,32
costa_rica_cloud_forest,2020-04-19,23.4,13.1,0.5,7.4,36
costa_rica_cloud_forest,2020-04-20,23.4,15.5,4.0,5.0,42
costa_rica_cloud_forest,2020-04-21,22.5,16.6,3.2,5.2,56
costa_rica_cloud_forest,2020-04-22,23.2,15.6,0.0,14.8,52
costa_rica_cloud_forest,2020-04-23,24.5,14.9,2.3,7.4,85
costa_rica_cloud_forest,2020-04-24,24.4,16.4,0.4,8.0,91
costa_rica_cloud_forest,2020-04-25,23.9,15.9,2.7,12.5,77
costa_rica_cloud_forest,2020-04-26,22.6,15.8,0.5,21.7,61
costa_rica_cloud_forest,2020-04-27,21.5,16.5,1.5,22.9,93
costa_rica_cloud_forest,2020-04-28,21.5,16.3,3.0,24.4,98
costa_rica_cloud_forest,2020-04-29,22.2,15.9,2.2,14.7,96
costa_rica_cloud_forest,2020-04-30,21.4,16.9,0.7,11.7,99
costa_rica_cloud_forest,2020-05-01,21.1,16.9,0.3,20.0,100
costa_rica_cloud_forest,2020-05-02,22.1,16.6,0.9,23.6,85
costa_rica_cloud_forest,2020-05-03,23.0,16.4,0.3,23.4,95
costa_rica_cloud_forest,2020-05-04,22.7,16.7,0.1,17.4,96
costa_rica_cloud_forest,2020-05-05,23.7,16.5,0.8,15.8,79
costa_rica_cloud_forest,2020-05-06,22.6,17.1,1.2,14.6,97
costa_rica_cloud_forest,2020-05-07,22.8,18.0,0.9,16.6,96
costa_rica_cloud_forest,2020-05-08,22.2,18.1,2.3,16.6,100
costa_rica_cloud_forest,2020-05-09,23.3,17.5,3.6,9.3,99
costa_rica_cloud_forest,2020-05-10,24.5,18.1,1.6,9.7,92
costa_rica_cloud_forest,2020-05-11,24.1,17.8,0.8,15.1,99
costa_rica_cloud_forest,2020-05-12,23.0,17.3,0.7,10.9,86
costa_rica_cloud_forest,2020-05-13,24.0,16.2,0.3,12.7,44
costa_rica_cloud_forest,2020-05-14,24.6,15.6,0.9,5.9,73
costa_rica_cloud_forest,2020-05-15,24.4,16.3,0.7,7.7,52
costa_rica_cloud_forest,2020-05-16,23.5,17.0,3.1,7.9,85
costa_rica_cloud_forest,2020-05-17,24.3,16.8,2.9,10.9,77
costa_rica_cloud_forest,2020-05-18,23.0,17.4,1.0,14.0,97
costa_rica_cloud_forest,2020-05-19,22.7,17.6,8.8,8.8,97
costa_rica_cloud_forest,2020-05-20,21.3,17.7,16.6,5.9,99
costa_rica_cloud_forest,2020-05-21,22.2,17.1,10.1,6.6,97
costa_rica_cloud_forest,2020-05-22,23.8,17.2,11.4,5.9,91
costa_rica_cloud_forest,2020-05-23,23.0,17.1,3.6,10.5,76
costa_rica_cloud_forest,2020-05-24,24.8,17.8,0.3,6.7,89
costa_rica_cloud_forest,2020-05-25,23.0,17.3,6.7,7.1,89
costa_rica_cloud_forest,2020-05-26,24.1,17.2,29.7,7.4,94
costa_rica_cloud_forest,2020-05-27,22.2,17.5,23.9,14.3,100
costa_rica_cloud_forest,2020-05-28,22.1,17.5,184.6,6.5,100
costa_rica_cloud_forest,2020-05-29,19.8,17.2,25.1,12.2,100
costa_rica_cloud_forest,2020-05-30,19.6,16.7,22.8,10.2,99
costa_rica_cloud_forest,2020-05-31,21.7,17.1,23.3,11.2,94
costa_rica_cloud_forest,2020-06-01,20.8,16.7,14.2,4.4,99
costa_rica_cloud_forest,2020-06-02,21.0,16.5,13.6,7.9,99
costa_rica_cloud_forest,2020-06-03,21.2,16.4,63.9,10.7,97
costa_rica_cloud_forest,2020-06-04,19.7,16.5,19.0,11.7,97
costa_rica_cloud_forest,2020-06-05,22.3,16.8,11.0,6.4,95
costa_rica_cloud_forest,2020-06-06,21.8,16.7,14.4,9.8,89
costa_rica_cloud_forest,2020-06-07,22.7,16.4,8.1,10.7,86
costa_rica_cloud_forest,2020-06-08,23.8,16.4,1.1,9.7,84
costa_rica_cloud_forest,2020-06-09,23.0,16.7,8.1,8.8,97
costa_rica_cloud_forest,2020-06-10,22.3,16.8,5.6,8.0,97
costa_rica_cloud_forest,2020-06-11,22.0,16.0,1.0,8.9,86
costa_rica_cloud_forest,2020-06-12,21.3,15.6,3.1,9.7,80
costa_rica_cloud_forest,2020-06-13,19.6,16.9,50.7,7.5,100
costa_rica_cloud_forest,2020-06-14,21.5,16.2,12.4,4.9,94
costa_rica_cloud_forest,2020-06-15,22.8,17.1,7.6,13.6,99
costa_rica_cloud_forest,2020-06-16,21.1,17.3,10.6,6.8,95
costa_rica_cloud_forest,2020-06-17,21.9,17.4,1.1,13.0,99
costa_rica_cloud_forest,2020-06-18,22.1,16.9,1.3,14.0,93
costa_rica_cloud_forest,2020-06-19,21.9,17.0,5.1,13.0,85
costa_rica_cloud_forest,2020-06-20,19.8,17.4,12.7,18.8,100
costa_rica_cloud_forest,2020-06-21,21.9,17.1,4.0,12.0,98
costa_rica_cloud_forest,2020-06-22,21.7,17.8,2.4,15.5,89
costa_rica_cloud_forest,2020-06-23,22.6,17.7,5.5,16.3,96
costa_rica_cloud_forest,2020-06-24,21.6,17.6,3.8,14.6,93
costa_rica_cloud_forest,2020-06-25,21.3,17.0,1.0,21.6,71
costa_rica_cloud_forest,2020-06-26,20.0,16.8,5.7,26.8,92
costa_rica_cloud_forest,2020-06-27,19.1,17.1,39.5,11.7,100
costa_rica_cloud_forest,2020-06-28,21.5,17.0,2.7,12.5,97
costa_rica_cloud_forest,2020-06-29,21.3,17.1,6.1,10.4,98
costa_rica_cloud_forest,2020-06-30,20.4,17.0,1.8,19.7,100
costa_rica_cloud_forest,2020-07-01,19.7,15.7,2.5,22.9,95
costa_rica_cloud_forest,2020-07-02,21.4,16.3,5.5,12.6,93
costa_rica_cloud_forest,2020-07-03,21.6,16.6,73.0,13.0,94
costa_rica_cloud_forest,2020-07-04,21.6,16.9,1.9,14.5,99
costa_rica_cloud_forest,2020-07-05,22.0,16.1,2.2,8.4,96
costa_rica_cloud_forest,2020-07-06,22.1,16.5,0.3,15.5,75
costa_rica_cloud_forest,2020-07-07,21.8,16.4,0.9,17.0,67
costa_rica_cloud_forest,2020-07-08,20.9,16.7,1.8,16.3,98
costa_rica_cloud_forest,2020-07-09,21.3,16.4,26.7,11.0,87
costa_rica_cloud_forest,2020-07-10,21.7,15.5,8.7,17.7,83
costa_rica_cloud_forest,2020-07-11,21.3,16.4,3.4,18.5,86
costa_rica_cloud_forest,2020-07-12,21.3,16.9,3.5,16.7,99
costa_rica_cloud_forest,2020-07-13,20.9,16.8,1.6,16.2,99
costa_rica_cloud_forest,2020-07-14,21.0,17.1,2.7,17.1,99
costa_rica_cloud_forest,2020-07-15,21.5,16.9,6.5,21.9,85
costa_rica_cloud_forest,2020-07-16,21.0,16.6,1.0,23.6,89
costa_rica_cloud_forest,2020-07-17,21.8,16.5,0.3,25.6,74
costa_rica_cloud_forest,2020-07-18,22.4,16.4,1.5,13.6,63
costa_rica_cloud_forest,2020-07-19,22.1,17.6,2.3,16.8,97
costa_rica_cloud_forest,2020-07-20,22.8,16.7,1.3,21.0,83
costa_rica_cloud_forest,2020-07-21,22.2,16.2,6.3,4.6,100
costa_rica_cloud_forest,2020-07-22,22.7,15.8,0.6,7.2,76
costa_rica_cloud_forest,2020-07-23,22.6,16.3,2.3,12.1,85
costa_rica_cloud_forest,2020-07-24,21.8,16.3,1.0,10.0,88
costa_rica_cloud_forest,2020-07-25,20.5,15.5,32.4,9.7,95
costa_rica_cloud_forest,2020-07-26,21.2,16.6,21.2,7.8,90
costa_rica_cloud_forest,2020-07-27,22.3,16.4,7.6,9.1,82
costa_rica_cloud_forest,2020-07-28,22.1,16.2,5.4,9.4,89
costa_rica_cloud_forest,2020-07-29,22.5,16.8,3.2,15.8,82
costa_rica_cloud_forest,2020-07-30,22.5,17.5,0.7,17.3,83
costa_rica_cloud_forest,2020-07-31,23.7,16.8,0.0,16.1,78
costa_rica_cloud_forest,2020-08-01,23.7,16.6,0.0,8.7,73
costa_rica_cloud_forest,2020-08-02,23.8,17.3,0.0,10.8,86
costa_rica_cloud_forest,2020-08-03,23.1,16.4,2.1,11.1,90
costa_rica_cloud_forest,2020-08-04,23.0,17.2,1.9,10.0,80
costa_rica_cloud_forest,2020-08-05,21.7,16.3,28.5,11.8,98
costa_rica_cloud_forest,2020-08-06,21.0,16.7,3.7,9.2,99
costa_rica_cloud_forest,2020-08-07,22.2,16.4,0.4,12.2,92
costa_rica_cloud_forest,2020-08-08,22.0,17.1,1.8,21.3,97
costa_rica_cloud_forest,2020-08-09,21.2,17.6,14.7,21.5,100
costa_rica_cloud_forest,2020-08-10,21.5,17.3,4.0,10.4,100
costa_rica_cloud_forest,2020-08-11,21.2,17.4,10.8,28.6,98
costa_rica_cloud_forest,2020-08-12,22.1,16.3,1.8,18.7,70
costa_rica_cloud_forest,2020-08-13,20.6,17.3,13.6,20.0,100
costa_rica_cloud_forest,2020-08-14,21.7,16.7,58.5,14.2,93
costa_rica_cloud_forest,2020-08-15,19.7,16.8,12.8,12.3,100
costa_rica_cloud_forest,2020-08-16,21.2,15.5,5.4,16.8,88
costa_rica_cloud_forest,2020-08-17,22.7,15.9,1.2,12.8,54
costa_rica_cloud_forest,2020-08-18,21.4,16.2,1.7,11.0,81
costa_rica_cloud_forest,2020-08-19,22.2,16.2,89.0,6.6,92
costa_rica_cloud_forest,2020-08-20,19.9,16.4,77.2,8.3,97
costa_rica_cloud_forest,2020-08-21,20.2,16.7,29.5,8.7,100
costa_rica_cloud_forest,2020-08-22,20.8,16.6,38.6,9.7,99
costa_rica_cloud_forest,2020-08-23,21.1,16.3,8.7,8.9,90
costa_rica_cloud_forest,2020-08-24,20.9,16.8,8.8,11.0,95
costa_rica_cloud_forest,2020-08-25,21.9,17.0,6.8,8.0,97
costa_rica_cloud_forest,2020-08-26,18.8,16.7,76.5,11.7,100
costa_rica_cloud_forest,2020-08-27,20.9,16.0,68.8,11.6,97
costa_rica_cloud_forest,2020-08-28,21.8,15.9,1.8,14.2,69
costa_rica_cloud_forest,2020-08-29,22.3,15.7,1.7,10.0,65
costa_rica_cloud_forest,2020-08-30,22.1,16.2,2.1,11.5,74
costa_rica_cloud_forest,2020-08-31,21.8,16.1,0.9,13.4,36
costa_rica_cloud_forest,2020-09-01,21.8,15.2,1.0,10.2,57
costa_rica_cloud_forest,2020-09-02,22.4,15.0,2.6,6.1,81
costa_rica_cloud_forest,2020-09-03,21.7,15.7,7.1,7.6,66
costa_rica_cloud_forest,2020-09-04,22.2,15.3,38.4,8.1,87
costa_rica_cloud_forest,2020-09-05,22.5,16.1,27.4,6.7,98
costa_rica_cloud_forest,2020-09-06,22.5,16.9,12.2,11.8,95
costa_rica_cloud_forest,2020-09-07,21.0,16.2,20.6,10.0,99
costa_rica_cloud_forest,2020-09-08,22.2,15.3,14.6,6.9,90
costa_rica_cloud_forest,2020-09-09,21.9,17.0,6.5,8.2,87
costa_rica_cloud_forest,2020-09-10,22.3,16.5,1.7,13.3,78
costa_rica_cloud_forest,2020-09-11,22.6,16.3,4.2,8.0,67
costa_rica_cloud_forest,2020-09-12,21.9,16.2,6.9,6.4,94
costa_rica_cloud_forest,2020-09-13,22.6,16.8,2.3,5.4,99
costa_rica_cloud_forest,2020-09-14,21.0,16.5,8.9,6.4,95
costa_rica_cloud_forest,2020-09-15,23.1,16.7,12.5,7.7,92
costa_rica_cloud_forest,2020-09-16,22.3,16.2,4.6,7.6,93
costa_rica_cloud_forest,2020-09-17,22.1,16.0,13.5,8.4,98
costa_rica_cloud_forest,2020-09-18,22.3,15.9,2.3,4.8,81
costa_rica_cloud_forest,2020-09-19,21.9,15.2,2.5,5.4,66
costa_rica_cloud_forest,2020-09-20,21.3,16.6,14.7,10.6,94
costa_rica_cloud_forest,2020-09-21,22.1,16.2,0.7,13.1,78
costa_rica_cloud_forest,2020-09-22,22.3,16.5,3.1,10.2,80
costa_rica_cloud_forest,2020-09-23,22.3,15.6,26.4,11.6,71
costa_rica_cloud_forest,2020-09-24,20.0,17.0,152.3,8.7,99
costa_rica_cloud_forest,2020-09-25,21.5,16.8,5.1,6.9,89
costa_rica_cloud_forest,2020-09-26,22.0,15.7,1.9,12.2,71
costa_rica_cloud_forest,2020-09-27,21.9,14.8,1.2,8.6,57
costa_rica_cloud_forest,2020-09-28,21.8,15.1,4.7,13.5,89
costa_rica_cloud_forest,2020-09-29,21.8,15.6,12.7,8.6,92
costa_rica_cloud_forest,2020-09-30,21.5,15.6,4.0,9.3,75
costa_rica_cloud_forest,2020-10-01,21.6,15.5,26.1,6.4,80
costa_rica_cloud_forest,2020-10-02,20.5,17.0,128.9,11.2,98
costa_rica_cloud_forest,2020-10-03,21.2,16.8,36.4,9.9,94
costa_rica_cloud_forest,2020-10-04,20.5,16.7,24.8,11.2,97
costa_rica_cloud_forest,2020-10-05,21.9,16.8,11.7,8.1,99
costa_rica_cloud_forest,2020-10-06,20.5,16.0,75.1,9.2,87
costa_rica_cloud_forest,2020-10-07,20.8,16.3,65.7,9.2,98
costa_rica_cloud_forest,2020-10-08,21.4,16.5,66.1,9.0,95
costa_rica_cloud_forest,2020-10-09,20.7,16.1,16.3,8.4,86
costa_rica_cloud_forest,2020-10-10,22.5,15.8,2.8,12.2,42
costa_rica_cloud_forest,2020-10-11,22.1,16.0,1.2,14.7,35
costa_rica_cloud_forest,2020-10-12,21.8,16.6,1.9,12.4,90
costa_rica_cloud_forest,2020-10-13,21.3,16.4,1.0,10.0,90
costa_rica_cloud_forest,2020-10-14,21.6,16.0,2.7,10.6,91
costa_rica_cloud_forest,2020-10-15,21.5,15.4,4.2,6.4,74
costa_rica_cloud_forest,2020-10-16,21.7,15.9,6.1,12.2,75
costa_rica_cloud_forest,2020-10-17,21.2,17.1,1.5,17.9,94
costa_rica_cloud_forest,2020-10-18,22.7,16.7,1.1,14.8,95
costa_rica_cloud_forest,2020-10-19,21.0,16.2,7.6,7.3,94
costa_rica_cloud_forest,2020-10-20,21.1,15.6,71.7,8.7,99
costa_rica_cloud_forest,2020-10-21,20.3,16.4,12.7,7.1,100
costa_rica_cloud_forest,2020-10-22,21.7,16.8,47.5,8.4,97
costa_rica_cloud_forest,2020-10-23,21.1,16.9,24.8,8.3,95
costa_rica_cloud_forest,2020-10-24,20.5,17.2,65.5,9.2,99
costa_rica_cloud_forest,2020-10-25,19.3,17.2,23.1,10.2,100
costa_rica_cloud_forest,2020-10-26,20.1,16.5,39.4,8.0,99
costa_rica_cloud_forest,2020-10-27,21.9,16.1,1.4,6.9,96
costa_rica_cloud_forest,2020-10-28,21.8,16.9,1.0,9.7,100
costa_rica_cloud_forest,2020-10-29,22.5,16.7,2.1,9.5,89
costa_rica_cloud_forest,2020-10-30,20.6,15.6,47.7,10.5,92
costa_rica_cloud_forest,2020-10-31,20.9,16.7,8.4,8.7,93
costa_rica_cloud_forest,2020-11-01,18.9,16.6,31.7,11.4,100
costa_rica_cloud_forest,2020-11-02,20.5,17.0,20.4,11.1,100
costa_rica_cloud_forest,2020-11-03,18.8,16.8,57.1,15.4,100
costa_rica_cloud_forest,2020-11-04,17.9,16.6,105.0,23.2,100
costa_rica_cloud_forest,2020-11-05,17.9,16.6,228.9,22.7,100
costa_rica_cloud_forest,2020-11-06,18.6,15.7,36.9,19.4,100
costa_rica_cloud_forest,2020-11-07,19.8,15.3,3.0,12.0,96
costa_rica_cloud_forest,2020-11-08,20.6,16.6,8.2,9.9,94
costa_rica_cloud_forest,2020-11-09,20.9,16.7,6.6,11.2,92
costa_rica_cloud_forest,2020-11-10,19.4,15.8,37.2,12.0,99
costa_rica_cloud_forest,2020-11-11,21.1,15.3,20.4,6.6,94
costa_rica_cloud_forest,2020-11-12,22.6,16.0,1.1,10.9,81
costa_rica_cloud_forest,2020-11-13,22.1,15.4,1.6,8.9,51
costa_rica_cloud_forest,2020-11-14,20.7,15.1,4.4,8.4,67
costa_rica_cloud_forest,2020-11-15,21.4,15.8,3.1,7.1,91
costa_rica_cloud_forest,2020-11-16,20.1,15.7,11.9,10.7,100
costa_rica_cloud_forest,2020-11-17,17.5,16.1,52.5,20.8,100
costa_rica_cloud_forest,2020-11-18,20.4,15.8,5.1,11.2,97
costa_rica_cloud_forest,2020-11-19,21.1,15.3,2.6,9.2,81
costa_rica_cloud_forest,2020-11-20,21.1,16.5,1.8,13.0,83
costa_rica_cloud_forest,2020-11-21,20.8,16.4,10.4,11.1,99
costa_rica_cloud_forest,2020-11-22,18.4,16.6,27.6,9.7,100
costa_rica_cloud_forest,2020-11-23,21.2,16.3,3.6,8.6,91
costa_rica_cloud_forest,2020-11-24,21.3,17.1,4.3,16.6,92
costa_rica_cloud_forest,2020-11-25,21.5,16.9,3.6,13.0,96
costa_rica_cloud_forest,2020-11-26,21.3,16.7,2.7,13.9,90
costa_rica_cloud_forest,2020-11-27,20.6,16.3,2.7,16.3,97
costa_rica_cloud_forest,2020-11-28,21.3,15.9,0.5,16.5,77
costa_rica_cloud_forest,2020-11-29,22.0,15.9,3.9,13.6,69
costa_rica_cloud_forest,2020-11-30,20.0,16.8,6.2,19.0,93
costa_rica_cloud_forest,2020-12-01,19.3,15.9,11.9,22.1,100
costa_rica_cloud_forest,2020-12-02,19.2,15.7,26.3,21.5,99
costa_rica_cloud_forest,2020-12-03,19.9,16.0,8.9,7.6,98
costa_rica_cloud_forest,2020-12-04,21.2,16.0,1.4,17.6,83
costa_rica_cloud_forest,2020-12-05,21.1,15.3,0.0,20.8,55
costa_rica_cloud_forest,2020-12-06,21.6,15.0,0.1,14.0,55
costa_rica_cloud_forest,2020-12-07,20.6,16.1,1.7,25.7,74
costa_rica_cloud_forest,2020-12-08,19.2,15.3,2.2,23.4,81
costa_rica_cloud_forest,2020-12-09,16.7,14.9,12.8,33.2,100
costa_rica_cloud_forest,2020-12-10,17.8,14.3,10.0,30.5,100
costa_rica_cloud_forest,2020-12-11,18.8,14.8,5.3,28.8,99
costa_rica_cloud_forest,2020-12-12,20.4,15.3,0.5,20.8,44
costa_rica_cloud_forest,2020-12-13,20.5,14.8,0.0,17.1,21
costa_rica_cloud_forest,2020-12-14,19.9,14.9,0.4,20.3,44
costa_rica_cloud_forest,2020-12-15,20.1,14.3,0.6,14.7,80
costa_rica_cloud_forest,2020-12-16,21.5,15.5,0.5,11.0,59
costa_rica_cloud_forest,2020-12-17,20.5,16.1,4.3,27.1,94
costa_rica_cloud_forest,2020-12-18,18.4,15.5,3.4,29.8,77
costa_rica_cloud_forest,2020-12-19,19.3,15.1,3.0,26.2,95
costa_rica_cloud_forest,2020-12-20,20.0,15.6,1.0,23.3,95
costa_rica_cloud_forest,2020-12-21,19.9,15.3,0.0,28.2,55
costa_rica_cloud_forest,2020-12-22,19.6,15.3,4.1,28.0,85
costa_rica_cloud_forest,2020-12-23,19.5,16.1,12.3,29.0,97
costa_rica_cloud_forest,2020-12-24,20.8,15.2,0.8,22.7,60
costa_rica_cloud_forest,2020-12-25,19.6,15.2,3.0,24.5,73
costa_rica_cloud_forest,2020-12-26,19.5,15.3,10.1,20.5,94
costa_rica_cloud_forest,2020-12-27,17.1,14.0,8.3,24.2,100
costa_rica_cloud_forest,2020-12-28,18.1,14.6,15.6,26.0,99
costa_rica_cloud_forest,2020-12-29,18.4,14.9,7.7,22.1,100
costa_rica_cloud_forest,2020-12-30,20.2,15.6,4.8,7.1,95
costa_rica_cloud_forest,2020-12-31,21.7,14.6,4.1,11.0,89
costa_rica_cloud_forest,2021-01-01,20.0,15.8,1.4,16.8,67
costa_rica_cloud_forest,2021-01-02,19.7,15.7,1.8,20.5,77
costa_rica_cloud_forest,2021-01-03,20.0,15.9,2.4,14.5,93
costa_rica_cloud_forest,2021-01-04,19.3,15.4,2.5,20.3,86
costa_rica_cloud_forest,2021-01-05,18.9,14.6,1.2,20.9,77
costa_rica_cloud_forest,2021-01-06,20.9,13.9,0.2,12.9,82
costa_rica_cloud_forest,2021-01-07,20.8,12.9,0.1,11.2,55
costa_rica_cloud_forest,2021-01-08,19.8,15.2,0.8,16.3,87
costa_rica_cloud_forest,2021-01-09,19.1,15.4,6.0,19.7,93
costa_rica_cloud_forest,2021-01-10,18.5,16.0,13.6,22.5,100
costa_rica_cloud_forest,2021-01-11,19.5,15.7,5.9,27.7,100
costa_rica_cloud_forest,2021-01-12,19.8,16.4,9.2,25.1,100
costa_rica_cloud_forest,2021-01-13,19.4,14.5,0.8,25.7,77
costa_rica_cloud_forest,2021-01-14,20.5,16.3,3.0,17.6,92
costa_rica_cloud_forest,2021-01-15,20.5,15.3,0.2,15.0,72
costa_rica_cloud_forest,2021-01-16,18.3,14.6,0.9,21.1,85
costa_rica_cloud_forest,2021-01-17,20.4,14.2,0.0,16.7,43
costa_rica_cloud_forest,2021-01-18,20.1,14.3,0.8,26.9,34
costa_rica_cloud_forest,2021-01-19,19.4,14.5,5.3,28.5,62
costa_rica_cloud_forest,2021-01-20,19.1,15.0,22.9,29.3,98
costa_rica_cloud_forest,2021-01-21,18.9,14.1,18.8,30.9,89
costa_rica_cloud_forest,2021-01-22,19.3,14.1,0.8,21.1,96
costa_rica_cloud_forest,2021-01-23,19.4,14.7,1.1,23.7,66
costa_rica_cloud_forest,2021-01-24,20.2,14.7,0.0,25.8,17
costa_rica_cloud_forest,2021-01-25,20.6,14.3,0.0,22.8,29
costa_rica_cloud_forest,2021-01-26,20.3,14.7,0.2,21.8,25
costa_rica_cloud_forest,2021-01-27,20.0,14.2,0.4,24.3,60
costa_rica_cloud_forest,2021-01-28,19.4,15.3,9.5,38.0,79
costa_rica_cloud_forest,2021-01-29,18.1,14.4,4.1,37.5,96
costa_rica_cloud_forest,2021-01-30,18.9,14.2,4.3,34.2,85
costa_rica_cloud_forest,2021-01-31,20.0,14.8,1.1,29.9,74
costa_rica_cloud_forest,2021-02-01,20.3,15.0,1.5,26.0,74
costa_rica_cloud_forest,2021-02-02,19.4,14.4,11.9,33.5,79
costa_rica_cloud_forest,2021-02-03,16.7,13.1,14.3,26.6,100
costa_rica_cloud_forest,2021-02-04,19.2,13.5,5.0,20.5,99
costa_rica_cloud_forest,2021-02-05,21.8,16.1,1.4,14.4,92
costa_rica_cloud_forest,2021-02-06,22.7,15.4,0.6,13.0,88
costa_rica_cloud_forest,2021-02-07,21.7,16.8,1.2,16.6,92
costa_rica_cloud_forest,2021-02-08,20.8,15.3,1.0,20.9,63
costa_rica_cloud_forest,2021-02-09,20.8,14.9,0.6,20.9,69
costa_rica_cloud_forest,2021-02-10,20.6,14.4,0.3,15.6,54
costa_rica_cloud_forest,2021-02-11,21.7,14.5,0.7,13.0,64
costa_rica_cloud_forest,2021-02-12,22.8,13.9,2.7,10.2,50
costa_rica_cloud_forest,2021-02-13,22.2,13.9,1.9,4.8,90
costa_rica_cloud_forest,2021-02-14,21.9,13.3,0.0,9.2,70
costa_rica_cloud_forest,2021-02-15,23.5,13.9,0.5,5.6,58
costa_rica_cloud_forest,2021-02-16,21.9,12.2,0.7,12.7,54
costa_rica_cloud_forest,2021-02-17,20.6,15.3,0.8,15.8,73
costa_rica_cloud_forest,2021-02-18,21.8,12.9,0.5,11.2,56
costa_rica_cloud_forest,2021-02-19,20.5,15.1,1.3,16.0,90
costa_rica_cloud_forest,2021-02-20,19.3,14.9,1.9,23.0,81
costa_rica_cloud_forest,2021-02-21,20.0,14.0,0.5,26.8,51
costa_rica_cloud_forest,2021-02-22,18.9,14.5,1.7,28.1,85
costa_rica_cloud_forest,2021-02-23,19.6,14.4,0.0,30.4,32
costa_rica_cloud_forest,2021-02-24,20.6,15.0,0.0,32.4,41
costa_rica_cloud_forest,2021-02-25,19.7,15.5,3.4,34.3,93
costa_rica_cloud_forest,2021-02-26,20.1,15.4,2.0,30.3,76
costa_rica_cloud_forest,2021-02-27,19.7,16.0,9.1,31.8,97
costa_rica_cloud_forest,2021-02-28,19.5,14.3,0.4,29.9,82
costa_rica_cloud_forest,2021-03-01,20.0,15.2,2.0,25.7,89
costa_rica_cloud_forest,2021-03-02,20.3,15.3,1.1,24.3,82
costa_rica_cloud_forest,2021-03-03,20.7,13.9,0.0,22.9,85
costa_rica_cloud_forest,2021-03-04,19.8,13.4,0.3,29.5,38
costa_rica_cloud_forest,2021-03-05,20.9,14.0,0.0,21.3,64
costa_rica_cloud_forest,2021-03-06,21.0,13.4,0.1,16.0,57
costa_rica_cloud_forest,2021-03-07,20.1,13.2,0.0,28.9,34
costa_rica_cloud_forest,2021-03-08,19.2,13.9,1.1,30.5,89
costa_rica_cloud_forest,2021-03-09,19.4,15.6,4.9,30.6,97
costa_rica_cloud_forest,2021-03-10,20.5,15.1,2.2,27.4,87
costa_rica_cloud_forest,2021-03-11,20.2,14.8,1.0,22.9,69
costa_rica_cloud_forest,2021-03-12,20.4,14.7,1.6,29.8,89
costa_rica_cloud_forest,2021-03-13,20.7,14.8,0.5,28.7,59
costa_rica_cloud_forest,2021-03-14,21.0,14.6,0.4,18.8,55
costa_rica_cloud_forest,2021-03-15,21.3,14.2,0.0,19.1,64
costa_rica_cloud_forest,2021-03-16,21.5,13.9,0.9,15.6,80
costa_rica_cloud_forest,2021-03-17,22.7,14.3,2.4,11.8,58
costa_rica_cloud_forest,2021-03-18,23.5,16.3,5.8,11.3,82
costa_rica_cloud_forest,2021-03-19,20.3,16.5,2.2,23.0,99
costa_rica_cloud_forest,2021-03-20,20.0,15.6,3.0,28.4,89
costa_rica_cloud_forest,2021-03-21,19.8,15.4,8.5,31.4,96
costa_rica_cloud_forest,2021-03-22,21.2,15.5,0.4,26.9,65
costa_rica_cloud_forest,2021-03-23,21.7,13.9,8.1,10.7,70
costa_rica_cloud_forest,2021-03-24,22.4,14.2,0.6,11.7,48
costa_rica_cloud_forest,2021-03-25,22.0,15.5,0.0,22.0,73
costa_rica_cloud_forest,2021-03-26,21.1,15.8,1.8,27.2,89
costa_rica_cloud_forest,2021-03-27,20.6,14.7,0.5,29.7,59
costa_rica_cloud_forest,2021-03-28,20.8,14.7,0.6,25.6,35
costa_rica_cloud_forest,2021-03-29,20.0,14.7,3.5,28.8,66
costa_rica_cloud_forest,2021-03-30,20.1,16.4,8.3,29.8,99
costa_rica_cloud_forest,2021-03-31,20.7,17.1,12.4,29.8,100
costa_rica_cloud_forest,2021-04-01,20.0,16.2,8.6,36.7,86
costa_rica_cloud_forest,2021-04-02,19.1,15.4,7.9,38.0,99
costa_rica_cloud_forest,2021-04-03,19.8,15.0,2.9,35.6,90
costa_rica_cloud_forest,2021-04-04,20.3,15.3,0.6,29.7,63
costa_rica_cloud_forest,2021-04-05,20.8,15.5,1.1,24.4,88
costa_rica_cloud_forest,2021-04-06,21.4,14.7,0.0,18.8,84
costa_rica_cloud_forest,2021-04-07,22.0,15.4,1.6,15.3,86
costa_rica_cloud_forest,2021-04-08,22.3,16.8,19.6,9.5,99
costa_rica_cloud_forest,2021-04-09,21.6,16.6,5.1,7.7,97
costa_rica_cloud_forest,2021-04-10,22.0,15.9,5.9,6.1,88
costa_rica_cloud_forest,2021-04-11,23.0,15.3,5.0,6.1,63
costa_rica_cloud_forest,2021-04-12,23.9,16.0,1.1,11.2,74
costa_rica_cloud_forest,2021-04-13,23.1,16.9,7.1,18.6,79
costa_rica_cloud_forest,2021-04-14,22.3,17.2,3.9,18.2,99
costa_rica_cloud_forest,2021-04-15,20.4,17.4,3.6,18.0,100
costa_rica_cloud_forest,2021-04-16,21.7,17.1,3.3,12.7,99
costa_rica_cloud_forest,2021-04-17,21.8,16.5,7.2,6.3,92
costa_rica_cloud_forest,2021-04-18,22.5,16.0,6.6,7.0,88
costa_rica_cloud_forest,2021-04-19,22.9,16.4,9.6,6.1,86
costa_rica_cloud_forest,2021-04-20,21.0,17.2,7.6,7.8,100
costa_rica_cloud_forest,2021-04-21,21.7,16.3,4.5,14.5,85
costa_rica_cloud_forest,2021-04-22,20.9,16.0,1.6,24.7,78
costa_rica_cloud_forest,2021-04-23,21.3,15.7,1.0,18.6,74
costa_rica_cloud_forest,2021-04-24,22.4,14.9,1.5,12.8,52
costa_rica_cloud_forest,2021-04-25,22.1,16.0,0.5,16.6,62
costa_rica_cloud_forest,2021-04-26,22.5,16.1,0.2,19.7,85
costa_rica_cloud_forest,2021-04-27,22.0,15.4,0.2,18.4,76
costa_rica_cloud_forest,2021-04-28,22.9,14.7,1.1,12.4,90
costa_rica_cloud_forest,2021-04-29,21.3,15.5,2.2,9.2,77
costa_rica_cloud_forest,2021-04-30,22.5,15.5,2.5,7.5,55
costa_rica_cloud_forest,2021-05-01,22.3,15.5,0.6,8.5,91
costa_rica_cloud_forest,2021-05-02,21.5,15.4,10.3,5.0,84
costa_rica_cloud_forest,2021-05-03,22.0,15.7,29.7,9.1,90
costa_rica_cloud_forest,2021-05-04,20.1,16.5,43.5,9.8,96
costa_rica_cloud_forest,2021-05-05,20.7,16.0,1.4,10.2,88
costa_rica_cloud_forest,2021-05-06,21.0,15.7,3.0,12.3,75
costa_rica_cloud_forest,2021-05-07,20.7,15.6,2.2,16.7,94
costa_rica_cloud_forest,2021-05-08,21.3,15.8,2.1,18.7,82
costa_rica_cloud_forest,2021-05-09,21.1,15.6,1.2,24.3,79
costa_rica_cloud_forest,2021-05-10,20.7,16.9,4.7,23.1,94
costa_rica_cloud_forest,2021-05-11,22.0,17.3,3.0,15.8,97
costa_rica_cloud_forest,2021-05-12,22.1,17.5,2.6,19.5,95
costa_rica_cloud_forest,2021-05-13,21.8,17.5,2.2,17.8,99
costa_rica_cloud_forest,2021-05-14,20.4,17.2,6.3,24.0,98
costa_rica_cloud_forest,2021-05-15,20.6,16.1,1.7,28.9,96
costa_rica_cloud_forest,2021-05-16,21.0,16.3,0.2,17.4,99
costa_rica_cloud_forest,2021-05-17,22.8,15.6,0.0,15.6,75
costa_rica_cloud_forest,2021-05-18,23.0,15.3,0.0,7.0,70
costa_rica_cloud_forest,2021-05-19,23.1,13.5,0.0,8.1,52
costa_rica_cloud_forest,2021-05-20,22.8,16.2,1.4,10.2,63
costa_rica_cloud_forest,2021-05-21,22.0,17.5,2.1,18.9,93
costa_rica_cloud_forest,2021-05-22,22.4,17.3,3.1,16.4,93
costa_rica_cloud_forest,2021-05-23,21.0,17.3,4.3,16.9,100
costa_rica_cloud_forest,2021-05-24,21.2,17.1,11.5,17.4,98
costa_rica_cloud_forest,2021-05-25,21.9,17.7,4.1,21.1,96
costa_rica_cloud_forest,2021-05-26,20.8,17.1,73.3,23.0,100
costa_rica_cloud_forest,2021-05-27,20.1,16.9,5.3,24.2,100
costa_rica_cloud_forest,2021-05-28,21.6,16.3,2.5,20.2,98
costa_rica_cloud_forest,2021-05-29,22.0,15.6,0.0,9.0,76
costa_rica_cloud_forest,2021-05-30,21.5,16.7,3.3,15.1,83
costa_rica_cloud_forest,2021-05-31,20.7,16.2,0.9,22.5,69
costa_rica_cloud_forest,2021-06-01,21.2,15.7,0.6,21.4,47
costa_rica_cloud_forest,2021-06-02,22.5,15.0,0.3,14.1,53
costa_rica_cloud_forest,2021-06-03,21.6,16.5,4.1,11.2,84
costa_rica_cloud_forest,2021-06-04,21.9,17.7,1.9,16.3,95
costa_rica_cloud_forest,2021-06-05,21.7,17.4,2.6,12.2,80
costa_rica_cloud_forest,2021-06-06,21.9,16.7,3.7,13.3,77
costa_rica_cloud_forest,2021-06-07,21.0,16.1,78.4,11.3,93
costa_rica_cloud_forest,2021-06-08,21.1,16.0,26.9,12.4,91
costa_rica_cloud_forest,2021-06-09,21.7,16.2,12.8,7.9,87
costa_rica_cloud_forest,2021-06-10,21.1,15.4,15.5,9.7,80
costa_rica_cloud_forest,2021-06-11,21.6,15.5,2.1,5.2,82
costa_rica_cloud_forest,2021-06-12,22.7,16.1,0.9,7.1,85
costa_rica_cloud_forest,2021-06-13,22.6,15.9,12.4,7.8,89
costa_rica_cloud_forest,2021-06-14,21.8,17.1,36.8,13.7,99
costa_rica_cloud_forest,2021-06-15,21.7,16.9,23.1,8.6,91
costa_rica_cloud_forest,2021-06-16,21.1,16.2,10.5,5.6,98
costa_rica_cloud_forest,2021-06-17,22.4,16.5,3.8,8.2,89
costa_rica_cloud_forest,2021-06-18,22.0,16.4,2.8,10.6,87
costa_rica_cloud_forest,2021-06-19,22.7,16.4,22.0,12.0,87
costa_rica_cloud_forest,2021-06-20,22.0,15.5,2.9,11.2,87
costa_rica_cloud_forest,2021-06-21,21.7,16.8,5.0,12.1,99
costa_rica_cloud_forest,2021-06-22,21.4,17.0,3.5,7.2,97
costa_rica_cloud_forest,2021-06-23,22.2,16.6,1.5,12.3,81
costa_rica_cloud_forest,2021-06-24,21.8,16.4,1.6,17.1,83
costa_rica_cloud_forest,2021-06-25,21.6,16.1,1.7,9.9,95
costa_rica_cloud_forest,2021-06-26,19.2,15.3,32.0,9.5,88
costa_rica_cloud_forest,2021-06-27,21.8,15.7,13.5,5.3,79
costa_rica_cloud_forest,2021-06-28,21.1,15.0,7.2,9.4,90
costa_rica_cloud_forest,2021-06-29,21.2,15.3,0.6,9.9,94
costa_rica_cloud_forest,2021-06-30,21.3,16.2,1.4,14.7,98
costa_rica_cloud_forest,2021-07-01,20.9,15.4,5.7,7.7,95
costa_rica_cloud_forest,2021-07-02,21.5,16.3,22.9,8.3,94
costa_rica_cloud_forest,2021-07-03,22.5,15.1,1.1,7.5,61
costa_rica_cloud_forest,2021-07-04,21.1,16.0,9.8,9.3,84
costa_rica_cloud_forest,2021-07-05,22.0,15.2,16.2,7.4,74
costa_rica_cloud_forest,2021-07-06,22.6,15.0,2.9,13.8,54
costa_rica_cloud_forest,2021-07-07,22.3,17.1,2.3,22.7,74
costa_rica_cloud_forest,2021-07-08,22.0,16.8,1.8,19.3,93
costa_rica_cloud_forest,2021-07-09,20.6,17.2,18.1,18.0,100
costa_rica_cloud_forest,2021-07-10,17.8,16.8,192.5,12.8,100
costa_rica_cloud_forest,2021-07-11,21.5,15.8,3.6,8.5,86
costa_rica_cloud_forest,2021-07-12,20.9,16.8,8.3,14.1,100
costa_rica_cloud_forest,2021-07-13,22.5,17.2,1.2,13.0,99
costa_rica_cloud_forest,2021-07-14,21.1,17.1,2.3,18.2,97
costa_rica_cloud_forest,2021-07-15,20.9,16.7,1.5,21.4,66
costa_rica_cloud_forest,2021-07-16,21.7,16.1,0.0,19.8,63
costa_rica_cloud_forest,2021-07-17,21.1,16.9,3.9,22.7,97
costa_rica_cloud_forest,2021-07-18,20.9,17.1,2.8,21.3,92
costa_rica_cloud_forest,2021-07-19,22.3,16.6,2.9,23.0,86
costa_rica_cloud_forest,2021-07-20,22.1,17.8,2.5,23.7,83
costa_rica_cloud_forest,2021-07-21,22.0,17.7,4.8,23.0,98
costa_rica_cloud_forest,2021-07-22,20.6,17.1,12.9,24.6,100
costa_rica_cloud_forest,2021-07-23,19.0,17.0,21.8,26.3,100
costa_rica_cloud_forest,2021-07-24,19.5,17.1,35.3,12.0,100
costa_rica_cloud_forest,2021-07-25,21.1,16.7,4.1,11.3,98
costa_rica_cloud_forest,2021-07-26,22.1,15.1,5.8,8.2,84
costa_rica_cloud_forest,2021-07-27,20.5,16.4,6.2,7.9,94
costa_rica_cloud_forest,2021-07-28,22.3,17.2,2.2,12.4,97
costa_rica_cloud_forest,2021-07-29,22.2,17.0,1.9,19.2,85
costa_rica_cloud_forest,2021-07-30,22.4,16.1,0.1,19.8,81
costa_rica_cloud_forest,2021-07-31,22.9,17.1,2.5,17.6,72
costa_rica_cloud_forest,2021-08-01,21.8,17.2,6.3,19.3,99
costa_rica_cloud_forest,2021-08-02,21.9,17.2,9.0,10.2,100
costa_rica_cloud_forest,2021-08-03,21.1,17.1,21.8,4.6,99
costa_rica_cloud_forest,2021-08-04,22.1,16.7,0.7,10.9,87
costa_rica_cloud_forest,2021-08-05,22.5,16.5,1.8,10.0,85
costa_rica_cloud_forest,2021-08-06,21.4,17.0,1.4,19.0,88
costa_rica_cloud_forest,2021-08-07,21.2,16.8,2.0,15.1,99
costa_rica_cloud_forest,2021-08-08,20.6,16.1,2.6,10.6,90
costa_rica_cloud_forest,2021-08-09,21.6,16.3,0.0,20.3,82
costa_rica_cloud_forest,2021-08-10,21.2,16.0,0.6,19.6,91
costa_rica_cloud_forest,2021-08-11,22.2,15.8,7.3,10.7,88
costa_rica_cloud_forest,2021-08-12,21.7,15.9,21.0,8.7,99
costa_rica_cloud_forest,2021-08-13,21.0,16.3,0.5,12.7,94
costa_rica_cloud_forest,2021-08-14,21.8,16.1,13.4,10.7,96
costa_rica_cloud_forest,2021-08-15,21.0,15.9,15.0,5.1,87
costa_rica_cloud_forest,2021-08-16,22.5,14.8,2.1,10.4,75
costa_rica_cloud_forest,2021-08-17,22.2,14.7,1.1,5.9,58
costa_rica_cloud_forest,2021-08-18,22.0,15.3,14.2,6.9,88
costa_rica_cloud_forest,2021-08-19,20.5,15.6,8.1,4.8,97
costa_rica_cloud_forest,2021-08-20,21.6,15.9,5.6,8.2,84
costa_rica_cloud_forest,2021-08-21,21.2,15.1,18.6,8.6,95
costa_rica_cloud_forest,2021-08-22,21.9,16.3,20.5,5.1,87
costa_rica_cloud_forest,2021-08-23,21.6,16.8,11.9,8.4,97
costa_rica_cloud_forest,2021-08-24,21.9,16.8,7.8,7.9,100
costa_rica_cloud_forest,2021-08-25,18.3,16.4,81.7,9.6,100
costa_rica_cloud_forest,2021-08-26,19.6,16.2,13.8,9.2,100
costa_rica_cloud_forest,2021-08-27,20.7,16.3,5.2,7.7,81
costa_rica_cloud_forest,2021-08-28,22.7,15.7,1.7,11.4,60
costa_rica_cloud_forest,2021-08-29,21.7,16.4,2.2,10.2,78
costa_rica_cloud_forest,2021-08-30,21.7,15.9,84.4,5.8,89
costa_rica_cloud_forest,2021-08-31,21.5,16.4,41.5,8.9,99
costa_rica_cloud_forest,2021-09-01,20.9,16.0,7.3,9.0,89
costa_rica_cloud_forest,2021-09-02,21.8,14.6,7.3,6.1,82
costa_rica_cloud_forest,2021-09-03,22.6,15.7,1.7,11.7,88
costa_rica_cloud_forest,2021-09-04,21.7,16.8,1.1,11.9,93
costa_rica_cloud_forest,2021-09-05,21.9,16.6,2.6,13.9,82
costa_rica_cloud_forest,2021-09-06,22.7,15.2,4.3,6.6,67
costa_rica_cloud_forest,2021-09-07,20.5,16.8,19.9,4.3,96
costa_rica_cloud_forest,2021-09-08,21.0,17.1,84.9,6.6,98
costa_rica_cloud_forest,2021-09-09,21.3,17.1,18.2,7.9,94
costa_rica_cloud_forest,2021-09-10,22.3,17.2,14.3,7.4,98
costa_rica_cloud_forest,2021-09-11,21.8,16.3,1.1,16.3,85
costa_rica_cloud_forest,2021-09-12,22.0,16.1,24.7,11.3,88
costa_rica_cloud_forest,2021-09-13,21.1,16.6,13.4,8.7,95
costa_rica_cloud_forest,2021-09-14,21.4,15.9,4.8,7.3,93
costa_rica_cloud_forest,2021-09-15,22.5,16.2,10.5,7.1,84
costa_rica_cloud_forest,2021-09-16,21.9,15.7,3.2,8.7,85
costa_rica_cloud_forest,2021-09-17,22.5,16.7,2.8,17.4,81
costa_rica_cloud_forest,2021-09-18,22.1,17.2,2.3,15.2,91
costa_rica_cloud_forest,2021-09-19,22.0,16.4,0.7,16.3,88
costa_rica_cloud_forest,2021-09-20,22.4,14.6,0.3,13.1,59
costa_rica_cloud_forest,2021-09-21,22.0,15.7,1.1,12.1,85
costa_rica_cloud_forest,2021-09-22,22.0,15.9,1.2,11.1,81
costa_rica_cloud_forest,2021-09-23,22.3,15.9,18.3,9.3,92
costa_rica_cloud_forest,2021-09-24,21.6,16.1,11.8,10.3,93
costa_rica_cloud_forest,2021-09-25,21.9,16.6,1.0,12.7,94
costa_rica_cloud_forest,2021-09-26,22.0,16.8,1.8,13.2,96
costa_rica_cloud_forest,2021-09-27,20.8,17.0,4.2,13.2,99
costa_rica_cloud_forest,2021-09-28,21.8,16.6,6.8,13.8,83
costa_rica_cloud_forest,2021-09-29,21.4,15.4,0.9,9.3,97
costa_rica_cloud_forest,2021-09-30,21.8,15.2,13.8,9.5,63
costa_rica_cloud_forest,2021-10-01,22.3,15.6,2.9,11.7,67
costa_rica_cloud_forest,2021-10-02,22.2,16.0,1.0,15.7,69
costa_rica_cloud_forest,2021-10-03,21.8,16.4,0.8,12.5,78
costa_rica_cloud_forest,2021-10-04,21.4,16.5,1.7,9.7,88
costa_rica_cloud_forest,2021-10-05,21.8,16.5,2.9,9.2,99
costa_rica_cloud_forest,2021-10-06,22.2,17.4,2.0,10.7,89
costa_rica_cloud_forest,2021-10-07,22.1,17.4,27.9,17.4,99
costa_rica_cloud_forest,2021-10-08,22.3,16.6,8.8,7.5,97
costa_rica_cloud_forest,2021-10-09,22.5,16.6,1.8,12.8,59
costa_rica_cloud_forest,2021-10-10,21.9,15.8,2.9,11.5,58
costa_rica_cloud_forest,2021-10-11,22.0,15.8,3.3,6.6,75
costa_rica_cloud_forest,2021-10-12,22.5,15.5,2.6,8.2,75
costa_rica_cloud_forest,2021-10-13,22.0,15.2,4.2,9.0,84
costa_rica_cloud_forest,2021-10-14,22.5,16.6,4.9,6.3,98
costa_rica_cloud_forest,2021-10-15,22.6,15.7,4.1,5.5,87
costa_rica_cloud_forest,2021-10-16,21.0,15.7,2.5,7.9,96
costa_rica_cloud_forest,2021-10-17,21.2,16.0,24.0,5.8,95
costa_rica_cloud_forest,2021-10-18,21.1,16.4,12.8,6.9,97
costa_rica_cloud_forest,2021-10-19,20.5,15.6,14.8,6.5,93
costa_rica_cloud_forest,2021-10-20,22.2,14.7,1.4,9.2,72
costa_rica_cloud_forest,2021-10-21,21.7,16.0,3.0,9.3,87
costa_rica_cloud_forest,2021-10-22,22.3,15.4,18.9,10.6,90
costa_rica_cloud_forest,2021-10-23,21.2,15.9,10.9,7.1,100
costa_rica_cloud_forest,2021-10-24,20.8,16.6,47.2,5.6,100
costa_rica_cloud_forest,2021-10-25,22.6,16.3,1.6,7.5,86
costa_rica_cloud_forest,2021-10-26,22.6,16.1,1.2,10.5,94
costa_rica_cloud_forest,2021-10-27,22.5,15.8,1.1,9.7,94
costa_rica_cloud_forest,2021-10-28,22.3,15.5,4.4,8.6,84
costa_rica_cloud_forest,2021-10-29,23.0,16.0,0.4,8.4,94
costa_rica_cloud_forest,2021-10-30,19.9,15.4,79.5,8.4,100
costa_rica_cloud_forest,2021-10-31,19.3,16.1,38.1,12.0,100
costa_rica_cloud_forest,2021-11-01,19.1,15.7,11.1,21.4,100
costa_rica_cloud_forest,2021-11-02,19.8,16.5,11.1,18.3,99
costa_rica_cloud_forest,2021-11-03,20.9,14.6,52.0,11.2,93
costa_rica_cloud_forest,2021-11-04,20.5,15.3,7.3,6.8,91
costa_rica_cloud_forest,2021-11-05,22.0,15.8,1.3,7.1,81
costa_rica_cloud_forest,2021-11-06,20.4,16.9,2.2,10.4,100
costa_rica_cloud_forest,2021-11-07,18.9,16.3,8.0,15.3,100
costa_rica_cloud_forest,2021-11-08,18.8,15.4,14.3,26.0,100
costa_rica_cloud_forest,2021-11-09,17.0,14.6,20.2,28.0,100
costa_rica_cloud_forest,2021-11-10,20.6,14.4,13.3,18.6,92
costa_rica_cloud_forest,2021-11-11,21.5,14.5,0.5,12.0,74
costa_rica_cloud_forest,2021-11-12,21.0,15.1,0.5,13.5,82
costa_rica_cloud_forest,2021-11-13,20.5,15.0,0.4,17.1,58
costa_rica_cloud_forest,2021-11-14,21.5,15.5,0.4,13.2,59
costa_rica_cloud_forest,2021-11-15,20.2,15.7,0.8,16.1,91
costa_rica_cloud_forest,2021-11-16,20.9,16.2,0.9,13.0,87
costa_rica_cloud_forest,2021-11-17,20.9,15.7,6.8,17.0,99
costa_rica_cloud_forest,2021-11-18,21.1,16.1,1.5,13.7,98
costa_rica_cloud_forest,2021-11-19,20.0,16.1,1.7,13.4,91
costa_rica_cloud_forest,2021-11-20,21.1,15.6,2.2,12.9,88
costa_rica_cloud_forest,2021-11-21,21.3,15.9,2.2,12.4,98
costa_rica_cloud_forest,2021-11-22,19.5,16.3,2.3,15.2,100
costa_rica_cloud_forest,2021-11-23,19.5,15.4,1.5,18.5,99
costa_rica_cloud_forest,2021-11-24,20.8,14.9,0.2,15.3,97
costa_rica_cloud_forest,2021-11-25,20.7,15.5,2.3,12.5,100
costa_rica_cloud_forest,2021-11-26,20.8,16.3,1.4,12.5,94
costa_rica_cloud_forest,2021-11-27,19.8,15.9,3.9,17.9,98
costa_rica_cloud_forest,2021-11-28,17.8,16.0,25.4,21.6,100
costa_rica_cloud_forest,2021-11-29,18.0,16.4,48.0,25.4,100
costa_rica_cloud_forest,2021-11-30,17.0,15.7,34.0,24.3,100
costa_rica_cloud_forest,2021-12-01,17.7,15.4,7.3,18.4,100
costa_rica_cloud_forest,2021-12-02,19.1,15.6,12.3,20.5,100
costa_rica_cloud_forest,2021-12-03,18.2,15.3,24.0,20.7,100
costa_rica_cloud_forest,2021-12-04,20.3,15.5,7.5,25.4,93
costa_rica_cloud_forest,2021-12-05,18.7,16.1,6.0,20.9,100
costa_rica_cloud_forest,2021-12-06,19.7,16.0,1.7,28.4,88
costa_rica_cloud_forest,2021-12-07,20.3,15.4,0.6,22.9,76
costa_rica_cloud_forest,2021-12-08,19.3,15.8,0.8,25.0,86
costa_rica_cloud_forest,2021-12-09,19.7,15.4,0.9,26.8,57
costa_rica_cloud_forest,2021-12-10,19.4,15.3,0.9,22.9,80
costa_rica_cloud_forest,2021-12-11,21.3,15.0,0.0,14.5,49
costa_rica_cloud_forest,2021-12-12,19.8,14.5,0.9,18.7,77
costa_rica_cloud_forest,2021-12-13,16.8,15.3,20.5,21.7,100
costa_rica_cloud_forest,2021-12-14,17.5,15.3,9.8,18.7,100
costa_rica_cloud_forest,2021-12-15,20.9,15.5,2.0,15.8,94
costa_rica_cloud_forest,2021-12-16,19.0,15.7,3.0,15.8,100
costa_rica_cloud_forest,2021-12-17,19.3,15.9,3.7,18.2,100
costa_rica_cloud_forest,2021-12-18,20.3,16.0,1.4,17.9,91
costa_rica_cloud_forest,2021-12-19,22.0,15.5,2.2,12.4,79
costa_rica_cloud_forest,2021-12-20,19.5,16.3,3.2,13.5,98
costa_rica_cloud_forest,2021-12-21,21.3,14.7,0.4,10.3,99
costa_rica_cloud_forest,2021-12-22,21.5,15.5,2.0,19.6,83
costa_rica_cloud_forest,2021-12-23,17.1,14.8,9.6,26.6,100
costa_rica_cloud_forest,2021-12-24,17.5,14.2,8.5,27.0,100
costa_rica_cloud_forest,2021-12-25,18.3,15.9,8.2,17.6,100
costa_rica_cloud_forest,2021-12-26,19.5,16.2,3.0,14.7,100
costa_rica_cloud_forest,2021-12-27,21.0,15.7,0.6,18.5,92
costa_rica_cloud_forest,2021-12-28,20.6,14.3,0.6,15.9,78
costa_rica_cloud_forest,2021-12-29,20.7,14.6,0.0,13.1,38
costa_rica_cloud_forest,2021-12-30,21.0,14.0,0.3,20.1,48
costa_rica_cloud_forest,2021-12-31,20.1,14.9,1.4,20.0,99
costa_rica_cloud_forest,2022-01-01,20.8,14.7,0.0,21.4,64
costa_rica_cloud_forest,2022-01-02,21.8,13.7,1.5,12.2,76
costa_rica_cloud_forest,2022-01-03,18.6,15.8,6.4,22.8,100
costa_rica_cloud_forest,2022-01-04,18.4,15.0,8.7,29.5,89
costa_rica_cloud_forest,2022-01-05,19.0,14.2,0.9,26.4,56
costa_rica_cloud_forest,2022-01-06,19.3,14.0,0.2,18.4,57
costa_rica_cloud_forest,2022-01-07,19.5,13.8,0.1,22.3,81
costa_rica_cloud_forest,2022-01-08,19.5,14.5,0.4,27.1,81
costa_rica_cloud_forest,2022-01-09,19.2,14.3,0.0,27.3,32
costa_rica_cloud_forest,2022-01-10,19.0,14.4,0.9,23.5,71
costa_rica_cloud_forest,2022-01-11,16.3,14.2,16.8,26.1,100
costa_rica_cloud_forest,2022-01-12,19.5,14.1,4.0,16.6,90
costa_rica_cloud_forest,2022-01-13,19.4,14.9,0.4,21.3,89
costa_rica_cloud_forest,2022-01-14,19.5,14.6,2.2,19.3,95
costa_rica_cloud_forest,2022-01-15,20.6,14.5,1.4,15.9,91
costa_rica_cloud_forest,2022-01-16,20.9,14.0,1.4,17.7,89
costa_rica_cloud_forest,2022-01-17,19.5,14.5,0.0,26.2,54
costa_rica_cloud_forest,2022-01-18,17.9,14.5,9.2,27.0,100
costa_rica_cloud_forest,2022-01-19,19.7,15.1,6.2,27.2,86
costa_rica_cloud_forest,2022-01-20,20.1,15.3,0.6,24.5,86
costa_rica_cloud_forest,2022-01-21,19.5,15.8,2.0,19.9,100
costa_rica_cloud_forest,2022-01-22,18.7,15.2,6.0,24.2,98
costa_rica_cloud_forest,2022-01-23,18.9,14.7,2.1,29.1,72
costa_rica_cloud_forest,2022-01-24,19.9,14.4,0.0,25.1,45
costa_rica_cloud_forest,2022-01-25,20.5,11.5,0.0,15.0,37
costa_rica_cloud_forest,2022-01-26,20.1,12.8,0.0,19.6,62
costa_rica_cloud_forest,2022-01-27,19.6,14.0,0.0,21.0,19
costa_rica_cloud_forest,2022-01-28,20.7,13.6,0.2,14.8,46
costa_rica_cloud_forest,2022-01-29,19.4,14.8,1.9,26.0,84
costa_rica_cloud_forest,2022-01-30,18.7,14.5,3.5,26.8,92
costa_rica_cloud_forest,2022-01-31,16.8,14.0,10.5,22.9,100
costa_rica_cloud_forest,2022-02-01,20.2,13.5,1.4,15.3,74
costa_rica_cloud_forest,2022-02-02,20.8,11.2,0.0,16.3,24
costa_rica_cloud_forest,2022-02-03,21.8,11.8,0.3,15.1,44
costa_rica_cloud_forest,2022-02-04,20.2,15.0,0.1,21.9,84
costa_rica_cloud_forest,2022-02-05,19.3,14.7,1.1,25.4,75
costa_rica_cloud_forest,2022-02-06,17.3,13.9,3.7,22.7,84
costa_rica_cloud_forest,2022-02-07,20.2,14.0,0.2,19.2,79
costa_rica_cloud_forest,2022-02-08,20.2,14.9,2.0,18.5,88
costa_rica_cloud_forest,2022-02-09,19.9,14.7,1.0,19.1,96
costa_rica_cloud_forest,2022-02-10,20.3,14.7,0.2,20.9,87
costa_rica_cloud_forest,2022-02-11,18.3,15.2,4.8,19.3,99
costa_rica_cloud_forest,2022-02-12,19.8,14.9,0.8,22.1,98
costa_rica_cloud_forest,2022-02-13,19.2,14.8,10.9,21.6,95
costa_rica_cloud_forest,2022-02-14,17.5,14.4,19.8,32.8,99
costa_rica_cloud_forest,2022-02-15,17.4,14.6,9.6,32.7,98
costa_rica_cloud_forest,2022-02-16,19.2,14.4,2.6,32.1,83
costa_rica_cloud_forest,2022-02-17,21.0,14.7,0.3,23.8,68
costa_rica_cloud_forest,2022-02-18,20.0,14.9,1.7,24.3,89
costa_rica_cloud_forest,2022-02-19,17.5,14.2,2.2,34.7,90
costa_rica_cloud_forest,2022-02-20,19.2,13.9,0.1,32.9,71
costa_rica_cloud_forest,2022-02-21,18.9,13.9,1.4,31.5,65
costa_rica_cloud_forest,2022-02-22,19.3,13.8,0.9,31.3,79
costa_rica_cloud_forest,2022-02-23,19.7,14.5,0.1,26.2,85
costa_rica_cloud_forest,2022-02-24,19.8,14.2,0.0,25.8,28
costa_rica_cloud_forest,2022-02-25,19.6,14.1,0.0,28.8,54
costa_rica_cloud_forest,2022-02-26,19.7,14.1,0.0,28.1,33
costa_rica_cloud_forest,2022-02-27,19.9,13.9,0.0,23.7,71
costa_rica_cloud_forest,2022-02-28,20.4,14.3,0.0,26.5,30
costa_rica_cloud_forest,2022-03-01,19.6,14.6,0.1,26.9,46
costa_rica_cloud_forest,2022-03-02,19.7,14.2,1.8,25.1,87
costa_rica_cloud_forest,2022-03-03,18.6,15.3,16.1,25.3,100
costa_rica_cloud_forest,2022-03-04,17.4,14.4,19.4,27.7,100
costa_rica_cloud_forest,2022-03-05,17.9,14.4,7.7,24.5,100
costa_rica_cloud_forest,2022-03-06,21.1,14.9,0.8,23.2,92
costa_rica_cloud_forest,2022-03-07,20.7,14.9,0.6,17.7,80
costa_rica_cloud_forest,2022-03-08,20.5,15.1,0.3,17.6,77
costa_rica_cloud_forest,2022-03-09,22.2,13.0,0.3,10.9,31
costa_rica_cloud_forest,2022-03-10,21.5,12.6,1.3,12.4,25
costa_rica_cloud_forest,2022-03-11,22.3,13.6,0.9,11.0,21
costa_rica_cloud_forest,2022-03-12,22.2,13.5,3.3,17.0,46
costa_rica_cloud_forest,2022-03-13,19.2,15.6,4.3,22.5,88
costa_rica_cloud_forest,2022-03-14,20.1,14.9,3.3,25.7,93
costa_rica_cloud_forest,2022-03-15,21.0,15.1,0.8,27.1,84
costa_rica_cloud_forest,2022-03-16,20.3,15.2,1.0,19.1,89
costa_rica_cloud_forest,2022-03-17,22.8,15.2,1.4,14.7,79
costa_rica_cloud_forest,2022-03-18,22.4,15.6,1.4,14.5,92
costa_rica_cloud_forest,2022-03-19,19.1,15.3,1.8,23.7,98
costa_rica_cloud_forest,2022-03-20,19.4,15.3,2.7,26.1,100
costa_rica_cloud_forest,2022-03-21,19.8,15.3,2.3,25.6,99
costa_rica_cloud_forest,2022-03-22,22.1,15.4,0.8,21.0,96
costa_rica_cloud_forest,2022-03-23,22.7,15.7,1.5,15.1,89
costa_rica_cloud_forest,2022-03-24,21.3,16.0,0.6,20.5,88
costa_rica_cloud_forest,2022-03-25,20.9,14.9,0.0,25.5,71
costa_rica_cloud_forest,2022-03-26,20.9,14.8,0.0,23.7,77
costa_rica_cloud_forest,2022-03-27,20.8,14.5,0.0,21.5,88
costa_rica_cloud_forest,2022-03-28,21.0,14.5,1.0,19.9,88
costa_rica_cloud_forest,2022-03-29,21.4,16.2,2.1,20.5,100
costa_rica_cloud_forest,2022-03-30,22.3,16.0,0.1,20.1,93
costa_rica_cloud_forest,2022-03-31,23.1,14.1,0.3,10.2,81
costa_rica_cloud_forest,2022-04-01,22.1,15.5,2.0,15.8,88
costa_rica_cloud_forest,2022-04-02,22.4,15.7,0.3,15.3,91
costa_rica_cloud_forest,2022-04-03,22.5,15.1,3.7,13.4,64
costa_rica_cloud_forest,2022-04-04,22.2,15.5,15.3,12.4,98
costa_rica_cloud_forest,2022-04-05,21.8,16.1,1.9,13.7,99
costa_rica_cloud_forest,2022-04-06,23.8,16.2,0.6,10.7,83
costa_rica_cloud_forest,2022-04-07,24.1,15.2,0.0,10.9,69
costa_rica_cloud_forest,2022-04-08,21.7,16.0,2.2,19.7,94
costa_rica_cloud_forest,2022-04-09,18.7,15.5,15.7,32.1,100
costa_rica_cloud_forest,2022-04-10,19.3,15.7,4.0,29.7,100
costa_rica_cloud_forest,2022-04-11,21.4,15.5,0.1,24.7,92
costa_rica_cloud_forest,2022-04-12,22.1,14.7,0.2,19.9,89
costa_rica_cloud_forest,2022-04-13,21.8,16.0,0.4,19.5,98
costa_rica_cloud_forest,2022-04-14,22.7,16.4,2.1,14.7,98
costa_rica_cloud_forest,2022-04-15,21.3,16.6,2.6,21.1,100
costa_rica_cloud_forest,2022-04-16,22.0,16.1,1.1,18.4,100
costa_rica_cloud_forest,2022-04-17,23.2,14.9,0.6,9.2,100
costa_rica_cloud_forest,2022-04-18,23.5,14.0,0.2,9.6,100
costa_rica_cloud_forest,2022-04-19,23.0,14.9,1.9,14.0,90
costa_rica_cloud_forest,2022-04-20,22.9,14.6,1.2,13.5,38
costa_rica_cloud_forest,2022-04-21,23.1,14.7,2.4,6.7,65
costa_rica_cloud_forest,2022-04-22,21.0,15.3,2.6,7.7,97
costa_rica_cloud_forest,2022-04-23,23.3,15.4,1.8,8.7,74
costa_rica_cloud_forest,2022-04-24,22.5,14.8,6.7,6.8,80
costa_rica_cloud_forest,2022-04-25,21.0,15.4,5.7,4.6,87
costa_rica_cloud_forest,2022-04-26,21.5,14.7,1.8,9.9,93
costa_rica_cloud_forest,2022-04-27,21.9,16.5,5.6,11.8,99
costa_rica_cloud_forest,2022-04-28,20.3,16.8,3.8,13.8,99
costa_rica_cloud_forest,2022-04-29,20.8,16.8,4.8,15.4,100
costa_rica_cloud_forest,2022-04-30,21.4,16.7,17.3,10.5,100
costa_rica_cloud_forest,2022-05-01,21.9,15.7,5.6,10.7,100
costa_rica_cloud_forest,2022-05-02,22.6,16.5,1.5,9.7,100
costa_rica_cloud_forest,2022-05-03,23.2,17.2,5.0,6.6,95
costa_rica_cloud_forest,2022-05-04,22.6,17.2,3.8,9.8,100
costa_rica_cloud_forest,2022-05-05,23.0,16.3,3.4,6.3,100
costa_rica_cloud_forest,2022-05-06,21.5,16.5,2.6,8.2,92
costa_rica_cloud_forest,2022-05-07,24.0,14.6,1.2,8.5,67
costa_rica_cloud_forest,2022-05-08,23.4,15.0,0.6,5.7,56
costa_rica_cloud_forest,2022-05-09,24.2,15.2,0.5,6.3,87
costa_rica_cloud_forest,2022-05-10,24.2,15.6,0.7,10.2,50
costa_rica_cloud_forest,2022-05-11,23.6,15.1,1.6,10.2,71
costa_rica_cloud_forest,2022-05-12,21.6,16.9,14.2,11.2,99
costa_rica_cloud_forest,2022-05-13,21.4,16.7,3.7,15.1,100
costa_rica_cloud_forest,2022-05-14,22.3,16.8,2.1,11.7,96
costa_rica_cloud_forest,2022-05-15,22.0,15.8,6.5,8.9,96
costa_rica_cloud_forest,2022-05-16,21.7,16.9,1.2,8.5,99
costa_rica_cloud_forest,2022-05-17,22.7,17.4,0.9,10.2,100
costa_rica_cloud_forest,2022-05-18,23.1,17.0,0.2,9.7,99
costa_rica_cloud_forest,2022-05-19,21.2,16.8,11.2,6.8,99
costa_rica_cloud_forest,2022-05-20,20.6,16.4,57.9,9.4,100
costa_rica_cloud_forest,2022-05-21,21.5,16.2,20.5,7.9,100
costa_rica_cloud_forest,2022-05-22,22.7,15.7,3.1,9.0,95
costa_rica_cloud_forest,2022-05-23,21.9,17.0,2.0,8.7,95
costa_rica_cloud_forest,2022-05-24,19.9,16.4,15.3,4.8,100
costa_rica_cloud_forest,2022-05-25,21.6,15.2,12.2,6.4,100
costa_rica_cloud_forest,2022-05-26,22.3,16.2,8.6,11.1,98
costa_rica_cloud_forest,2022-05-27,22.1,16.0,8.7,15.9,86
costa_rica_cloud_forest,2022-05-28,22.9,16.0,3.6,7.4,87
costa_rica_cloud_forest,2022-05-29,20.5,16.4,17.0,6.5,99
costa_rica_cloud_forest,2022-05-30,21.7,16.5,6.2,8.0,98
costa_rica_cloud_forest,2022-05-31,22.0,16.3,65.6,9.8,98
costa_rica_cloud_forest,2022-06-01,20.3,16.8,93.7,8.1,100
costa_rica_cloud_forest,2022-06-02,19.6,16.4,23.7,8.0,100
costa_rica_cloud_forest,2022-06-03,20.4,16.0,6.7,10.3,99
costa_rica_cloud_forest,2022-06-04,21.9,16.3,4.0,10.7,80
costa_rica_cloud_forest,2022-06-05,20.4,15.8,21.9,8.2,78
costa_rica_cloud_forest,2022-06-06,19.0,15.1,14.3,6.1,100
costa_rica_cloud_forest,2022-06-07,19.7,16.1,24.4,8.0,100
costa_rica_cloud_forest,2022-06-08,20.7,15.8,25.6,6.0,100
costa_rica_cloud_forest,2022-06-09,20.2,15.0,2.8,8.9,100
costa_rica_cloud_forest,2022-06-10,20.4,16.1,5.6,7.3,97
costa_rica_cloud_forest,2022-06-11,20.8,16.2,8.8,7.2,99
costa_rica_cloud_forest,2022-06-12,19.2,16.3,16.6,12.6,100
costa_rica_cloud_forest,2022-06-13,19.9,16.0,14.6,6.5,99
costa_rica_cloud_forest,2022-06-14,22.0,15.4,10.6,8.7,100
costa_rica_cloud_forest,2022-06-15,19.5,15.7,13.0,12.3,100
costa_rica_cloud_forest,2022-06-16,21.2,15.9,10.2,10.5,100
costa_rica_cloud_forest,2022-06-17,22.1,15.2,20.2,8.3,100
costa_rica_cloud_forest,2022-06-18,20.1,16.3,29.2,7.1,97
costa_rica_cloud_forest,2022-06-19,20.1,16.2,16.9,4.1,99
costa_rica_cloud_forest,2022-06-20,20.8,16.0,22.6,7.8,99
costa_rica_cloud_forest,2022-06-21,20.8,15.9,1.0,13.7,100
costa_rica_cloud_forest,2022-06-22,20.5,16.3,3.9,14.9,99
costa_rica_cloud_forest,2022-06-23,20.0,16.1,9.9,10.6,100
costa_rica_cloud_forest,2022-06-24,19.7,15.9,6.5,12.0,96
costa_rica_cloud_forest,2022-06-25,20.5,15.9,6.4,8.2,99
costa_rica_cloud_forest,2022-06-26,18.2,15.7,11.6,8.4,99
costa_rica_cloud_forest,2022-06-27,20.7,15.4,3.8,12.2,85
costa_rica_cloud_forest,2022-06-28,21.1,14.2,8.5,13.1,88
costa_rica_cloud_forest,2022-06-29,21.0,15.2,6.6,14.2,88
costa_rica_cloud_forest,2022-06-30,20.2,16.2,2.8,15.0,98
costa_rica_cloud_forest,2022-07-01,18.7,16.6,56.9,11.8,100
costa_rica_cloud_forest,2022-07-02,20.2,16.0,101.7,16.0,100
costa_rica_cloud_forest,2022-07-03,20.1,15.0,4.1,10.2,99
costa_rica_cloud_forest,2022-07-04,20.4,16.7,3.4,14.9,100
costa_rica_cloud_forest,2022-07-05,21.4,17.0,1.9,12.2,99
costa_rica_cloud_forest,2022-07-06,20.6,16.4,4.2,16.1,98
costa_rica_cloud_forest,2022-07-07,21.0,16.3,2.0,21.1,92
costa_rica_cloud_forest,2022-07-08,22.0,16.1,1.9,20.8,91
costa_rica_cloud_forest,2022-07-09,21.1,17.1,2.8,13.2,100
costa_rica_cloud_forest,2022-07-10,20.7,16.7,2.5,10.1,96
costa_rica_cloud_forest,2022-07-11,20.6,16.2,4.9,10.5,100
costa_rica_cloud_forest,2022-07-12,21.6,16.4,2.3,10.5,95
costa_rica_cloud_forest,2022-07-13,20.7,16.1,34.8,7.8,100
costa_rica_cloud_forest,2022-07-14,20.4,16.8,5.6,11.5,99
costa_rica_cloud_forest,2022-07-15,20.7,16.7,6.6,14.1,99
costa_rica_cloud_forest,2022-07-16,21.7,16.4,1.9,19.0,91
costa_rica_cloud_forest,2022-07-17,21.4,15.9,2.6,16.0,99
costa_rica_cloud_forest,2022-07-18,21.0,17.0,3.9,14.0,100
costa_rica_cloud_forest,2022-07-19,22.2,17.3,2.2,13.8,100
costa_rica_cloud_forest,2022-07-20,20.9,17.1,6.0,19.2,100
costa_rica_cloud_forest,2022-07-21,22.1,16.3,1.7,15.0,99
costa_rica_cloud_forest,2022-07-22,21.2,15.9,12.2,8.9,100
costa_rica_cloud_forest,2022-07-23,22.0,16.6,1.1,16.2,97
costa_rica_cloud_forest,2022-07-24,20.4,15.0,8.1,13.9,76
costa_rica_cloud_forest,2022-07-25,22.1,14.4,0.3,11.5,57
costa_rica_cloud_forest,2022-07-26,21.4,13.6,7.6,9.7,94
costa_rica_cloud_forest,2022-07-27,21.2,14.8,30.4,7.0,96
costa_rica_cloud_forest,2022-07-28,21.5,15.7,0.8,12.4,94
costa_rica_cloud_forest,2022-07-29,22.2,16.1,1.7,13.9,84
costa_rica_cloud_forest,2022-07-30,21.3,16.6,3.2,17.3,99
costa_rica_cloud_forest,2022-07-31,21.3,16.9,2.8,18.5,100
costa_rica_cloud_forest,2022-08-01,22.3,16.2,7.3,16.1,95
costa_rica_cloud_forest,2022-08-02,20.4,16.6,105.9,7.5,100
costa_rica_cloud_forest,2022-08-03,18.7,16.1,7.3,19.0,100
costa_rica_cloud_forest,2022-08-04,20.4,15.8,17.3,11.9,98
costa_rica_cloud_forest,2022-08-05,20.9,16.3,2.5,13.2,99
costa_rica_cloud_forest,2022-08-06,18.7,16.5,6.8,12.1,100
costa_rica_cloud_forest,2022-08-07,21.7,15.4,7.1,12.0,100
costa_rica_cloud_forest,2022-08-08,19.9,16.6,10.3,8.7,100
costa_rica_cloud_forest,2022-08-09,22.1,16.7,1.6,16.1,100
costa_rica_cloud_forest,2022-08-10,21.2,16.1,1.6,14.3,100
costa_rica_cloud_forest,2022-08-11,20.7,16.5,11.7,8.0,100
costa_rica_cloud_forest,2022-08-12,20.9,16.3,1.3,7.5,100
costa_rica_cloud_forest,2022-08-13,21.9,16.1,12.1,9.0,97
costa_rica_cloud_forest,2022-08-14,22.2,15.5,2.5,6.3,80
costa_rica_cloud_forest,2022-08-15,21.3,15.9,11.0,7.8,95
costa_rica_cloud_forest,2022-08-16,20.4,15.6,5.6,9.2,96
costa_rica_cloud_forest,2022-08-17,21.6,14.9,3.5,13.4,70
costa_rica_cloud_forest,2022-08-18,22.1,15.9,0.3,18.1,73
costa_rica_cloud_forest,2022-08-19,22.4,16.6,0.4,20.3,84
costa_rica_cloud_forest,2022-08-20,22.6,15.7,0.1,11.5,93
costa_rica_cloud_forest,2022-08-21,21.4,15.7,2.6,13.2,92
costa_rica_cloud_forest,2022-08-22,22.7,14.9,1.4,7.7,81
costa_rica_cloud_forest,2022-08-23,20.7,14.9,22.0,5.5,100
costa_rica_cloud_forest,2022-08-24,19.7,15.2,9.2,10.4,98
costa_rica_cloud_forest,2022-08-25,22.6,14.9,0.8,7.9,81
costa_rica_cloud_forest,2022-08-26,21.8,15.5,1.2,15.9,88
costa_rica_cloud_forest,2022-08-27,21.4,15.4,1.7,9.4,98
costa_rica_cloud_forest,2022-08-28,21.7,14.4,5.4,6.9,92
costa_rica_cloud_forest,2022-08-29,20.6,15.2,15.4,6.5,98
costa_rica_cloud_forest,2022-08-30,20.7,15.2,10.0,6.5,85
costa_rica_cloud_forest,2022-08-31,22.2,14.9,12.3,4.8,82
costa_rica_cloud_forest,2022-09-01,21.4,16.4,7.6,7.8,99
costa_rica_cloud_forest,2022-09-02,22.1,15.6,1.2,9.9,98
costa_rica_cloud_forest,2022-09-03,20.4,16.0,2.3,15.5,100
costa_rica_cloud_forest,2022-09-04,22.6,15.3,0.3,10.8,73
costa_rica_cloud_forest,2022-09-05,20.0,15.8,22.3,5.6,100
costa_rica_cloud_forest,2022-09-06,23.0,15.6,0.5,10.5,93
costa_rica_cloud_forest,2022-09-07,22.5,15.4,2.7,6.0,100
costa_rica_cloud_forest,2022-09-08,20.7,16.6,52.7,5.2,97
costa_rica_cloud_forest,2022-09-09,19.6,16.9,135.0,7.1,100
costa_rica_cloud_forest,2022-09-10,22.0,16.1,13.9,6.8,100
costa_rica_cloud_forest,2022-09-11,22.3,16.0,16.5,15.3,100
costa_rica_cloud_forest,2022-09-12,21.3,15.4,3.4,8.3,94
costa_rica_cloud_forest,2022-09-13,20.2,16.1,8.8,10.0,100
costa_rica_cloud_forest,2022-09-14,20.3,16.1,14.3,6.8,100
costa_rica_cloud_forest,2022-09-15,21.1,16.0,13.7,4.9,94
costa_rica_cloud_forest,2022-09-16,22.0,16.0,22.8,9.8,99
costa_rica_cloud_forest,2022-09-17,20.1,16.5,69.9,6.5,100
costa_rica_cloud_forest,2022-09-18,19.4,16.3,15.6,12.6,100
costa_rica_cloud_forest,2022-09-19,20.9,16.5,6.5,12.1,94
costa_rica_cloud_forest,2022-09-20,20.9,16.2,5.1,12.7,97
costa_rica_cloud_forest,2022-09-21,20.8,15.6,2.7,12.5,99
costa_rica_cloud_forest,2022-09-22,20.9,15.7,10.0,8.2,96
costa_rica_cloud_forest,2022-09-23,22.2,15.8,3.2,7.7,90
costa_rica_cloud_forest,2022-09-24,22.3,15.8,11.8,8.1,99
costa_rica_cloud_forest,2022-09-25,20.3,15.3,20.2,7.6,100
costa_rica_cloud_forest,2022-09-26,19.4,16.4,11.5,12.2,99
costa_rica_cloud_forest,2022-09-27,20.8,16.1,25.9,9.1,100
costa_rica_cloud_forest,2022-09-28,21.4,16.5,10.3,4.3,99
costa_rica_cloud_forest,2022-09-29,20.9,15.2,12.1,6.0,95
costa_rica_cloud_forest,2022-09-30,20.0,15.8,57.8,7.1,100
costa_rica_cloud_forest,2022-10-01,19.4,15.7,8.8,10.0,100
costa_rica_cloud_forest,2022-10-02,21.3,14.7,1.9,7.8,95
costa_rica_cloud_forest,2022-10-03,21.7,15.6,1.4,12.5,97
costa_rica_cloud_forest,2022-10-04,22.9,16.6,0.8,13.3,98
costa_rica_cloud_forest,2022-10-05,21.5,16.6,2.4,10.5,100
costa_rica_cloud_forest,2022-10-06,20.9,16.6,11.1,11.9,100
costa_rica_cloud_forest,2022-10-07,20.6,16.3,14.8,13.5,100
costa_rica_cloud_forest,2022-10-08,21.6,16.4,31.3,12.4,100
costa_rica_cloud_forest,2022-10-09,17.4,16.0,118.7,20.8,100
costa_rica_cloud_forest,2022-10-10,21.2,16.1,1.5,13.2,100
costa_rica_cloud_forest,2022-10-11,22.7,16.8,1.4,10.8,80
costa_rica_cloud_forest,2022-10-12,21.8,16.0,4.5,11.0,99
costa_rica_cloud_forest,2022-10-13,21.4,15.8,10.4,10.0,100
costa_rica_cloud_forest,2022-10-14,19.6,16.7,62.5,6.6,100
costa_rica_cloud_forest,2022-10-15,21.2,16.1,29.8,5.7,97
costa_rica_cloud_forest,2022-10-16,20.9,16.0,14.4,6.1,98
costa_rica_cloud_forest,2022-10-17,21.0,16.2,3.1,7.5,100
costa_rica_cloud_forest,2022-10-18,22.1,15.5,1.7,7.0,71
costa_rica_cloud_forest,2022-10-19,22.1,15.2,2.2,12.2,72
costa_rica_cloud_forest,2022-10-20,22.1,15.1,17.1,12.6,71
costa_rica_cloud_forest,2022-10-21,20.8,15.2,4.7,8.6,80
costa_rica_cloud_forest,2022-10-22,21.7,15.5,2.2,8.7,78
costa_rica_cloud_forest,2022-10-23,20.3,15.8,1.3,10.8,92
costa_rica_cloud_forest,2022-10-24,20.7,14.9,1.7,5.5,86
costa_rica_cloud_forest,2022-10-25,22.6,15.0,1.5,6.4,97
costa_rica_cloud_forest,2022-10-26,22.5,15.8,0.6,11.1,89
costa_rica_cloud_forest,2022-10-27,22.5,15.4,0.1,10.5,84
costa_rica_cloud_forest,2022-10-28,22.3,14.8,1.3,16.0,79
costa_rica_cloud_forest,2022-10-29,21.9,15.4,3.3,11.3,69
costa_rica_cloud_forest,2022-10-30,21.6,15.0,2.1,9.9,76
costa_rica_cloud_forest,2022-10-31,21.8,14.8,0.8,8.2,90
costa_rica_cloud_forest,2022-11-01,21.5,15.7,1.7,8.9,87
costa_rica_cloud_forest,2022-11-02,23.1,16.0,0.8,8.7,63
costa_rica_cloud_forest,2022-11-03,22.5,15.1,1.2,7.4,100
costa_rica_cloud_forest,2022-11-04,18.6,16.5,17.2,7.9,100
costa_rica_cloud_forest,2022-11-05,18.2,16.4,51.8,14.8,100
costa_rica_cloud_forest,2022-11-06,17.7,16.4,29.1,11.8,100
costa_rica_cloud_forest,2022-11-07,19.4,16.5,13.7,10.5,100
costa_rica_cloud_forest,2022-11-08,21.6,16.1,6.6,8.0,94
costa_rica_cloud_forest,2022-11-09,20.0,14.7,10.0,5.7,85
costa_rica_cloud_forest,2022-11-10,19.7,15.6,12.6,8.0,99
costa_rica_cloud_forest,2022-11-11,19.8,15.8,11.5,5.1,99
costa_rica_cloud_forest,2022-11-12,21.5,15.0,3.4,9.2,89
costa_rica_cloud_forest,2022-11-13,20.3,16.1,3.0,13.7,96
costa_rica_cloud_forest,2022-11-14,20.5,16.6,2.5,12.4,99
costa_rica_cloud_forest,2022-11-15,20.7,16.3,3.2,11.5,96
costa_rica_cloud_forest,2022-11-16,19.2,16.6,3.4,17.6,100
costa_rica_cloud_forest,2022-11-17,20.3,16.3,2.4,14.7,96
costa_rica_cloud_forest,2022-11-18,21.2,16.5,2.9,11.7,100
costa_rica_cloud_forest,2022-11-19,20.7,16.3,6.5,11.2,99
costa_rica_cloud_forest,2022-11-20,20.3,16.2,12.8,10.7,100
costa_rica_cloud_forest,2022-11-21,20.0,16.4,3.5,12.3,100
costa_rica_cloud_forest,2022-11-22,20.5,15.7,0.7,13.4,98
costa_rica_cloud_forest,2022-11-23,21.2,15.0,2.7,11.8,87
costa_rica_cloud_forest,2022-11-24,20.7,15.9,2.3,9.1,91
costa_rica_cloud_forest,2022-11-25,21.1,15.2,5.8,11.4,89
costa_rica_cloud_forest,2022-11-26,19.8,15.3,9.7,5.4,100
costa_rica_cloud_forest,2022-11-27,20.0,16.7,17.5,6.5,100
costa_rica_cloud_forest,2022-11-28,19.9,16.2,2.8,11.2,99
costa_rica_cloud_forest,2022-11-29,19.9,16.0,0.4,14.8,100
costa_rica_cloud_forest,2022-11-30,19.2,15.6,85.1,16.8,100
costa_rica_cloud_forest,2022-12-01,19.1,16.0,5.4,20.0,100
costa_rica_cloud_forest,2022-12-02,19.3,15.0,2.2,22.1,99
costa_rica_cloud_forest,2022-12-03,19.0,15.1,4.7,23.7,98
costa_rica_cloud_forest,2022-12-04,19.5,14.7,0.9,21.6,98
costa_rica_cloud_forest,2022-12-05,18.3,14.8,2.6,16.3,100
costa_rica_cloud_forest,2022-12-06,20.0,14.9,2.3,20.5,88
costa_rica_cloud_forest,2022-12-07,18.2,14.8,4.7,19.6,94
costa_rica_cloud_forest,2022-12-08,18.4,14.6,4.5,19.2,99
costa_rica_cloud_forest,2022-12-09,19.6,14.4,1.4,15.8,89
costa_rica_cloud_forest,2022-12-10,18.9,14.6,1.2,19.1,100
costa_rica_cloud_forest,2022-12-11,19.9,14.5,0.6,17.7,87
costa_rica_cloud_forest,2022-12-12,20.8,14.1,0.4,14.0,75
costa_rica_cloud_forest,2022-12-13,20.0,14.1,0.0,19.0,80
costa_rica_cloud_forest,2022-12-14,21.4,13.3,0.2,11.5,71
costa_rica_cloud_forest,2022-12-15,21.0,15.5,0.7,20.3,99
costa_rica_cloud_forest,2022-12-16,20.1,16.2,1.5,19.8,97
costa_rica_cloud_forest,2022-12-17,20.4,16.1,1.4,15.1,94
costa_rica_cloud_forest,2022-12-18,18.3,15.0,1.3,26.2,87
costa_rica_cloud_forest,2022-12-19,19.1,14.3,0.8,24.8,81
costa_rica_cloud_forest,2022-12-20,20.5,14.3,1.1,20.3,52
costa_rica_cloud_forest,2022-12-21,18.1,15.3,2.6,26.3,99
costa_rica_cloud_forest,2022-12-22,20.4,15.1,4.3,21.4,99
costa_rica_cloud_forest,2022-12-23,17.9,15.6,6.7,21.9,99
costa_rica_cloud_forest,2022-12-24,18.0,15.2,3.0,28.8,85
costa_rica_cloud_forest,2022-12-25,19.2,14.7,1.3,26.7,65
costa_rica_cloud_forest,2022-12-26,18.9,15.0,0.6,21.6,90
costa_rica_cloud_forest,2022-12-27,19.6,15.2,1.7,15.8,98
costa_rica_cloud_forest,2022-12-28,20.6,14.9,0.9,13.6,88
costa_rica_cloud_forest,2022-12-29,19.4,15.8,2.4,17.1,100
costa_rica_cloud_forest,2022-12-30,20.0,15.6,3.4,14.7,93
costa_rica_cloud_forest,2022-12-31,20.5,13.1,0.6,15.1,52
costa_rica_cloud_forest,2023-01-01,20.1,15.6,1.0,15.5,97
costa_rica_cloud_forest,2023-01-02,19.0,15.0,3.7,15.0,96
costa_rica_cloud_forest,2023-01-03,20.7,13.4,0.3,14.3,38
costa_rica_cloud_forest,2023-01-04,20.0,14.5,0.8,18.4,76
costa_rica_cloud_forest,2023-01-05,18.0,14.2,1.9,24.8,84
costa_rica_cloud_forest,2023-01-06,19.5,14.1,2.4,21.6,91
costa_rica_cloud_forest,2023-01-07,20.2,15.0,3.2,16.1,91
costa_rica_cloud_forest,2023-01-08,19.0,15.5,1.4,16.6,100
costa_rica_cloud_forest,2023-01-09,20.2,15.4,1.8,15.8,94
costa_rica_cloud_forest,2023-01-10,19.9,15.1,2.2,17.6,97
costa_rica_cloud_forest,2023-01-11,19.2,14.8,1.9,19.7,99
costa_rica_cloud_forest,2023-01-12,19.1,15.4,1.7,19.3,99
costa_rica_cloud_forest,2023-01-13,17.5,15.1,6.7,31.0,100
costa_rica_cloud_forest,2023-01-14,17.6,14.7,11.6,37.5,100
costa_rica_cloud_forest,2023-01-15,16.2,13.3,20.2,34.4,100
costa_rica_cloud_forest,2023-01-16,18.7,14.3,4.7,28.9,100
costa_rica_cloud_forest,2023-01-17,21.2,15.0,3.9,13.4,84
costa_rica_cloud_forest,2023-01-18,20.5,15.4,1.7,12.0,94
costa_rica_cloud_forest,2023-01-19,20.8,13.6,0.0,18.7,50
costa_rica_cloud_forest,2023-01-20,19.3,15.2,0.9,23.1,84
costa_rica_cloud_forest,2023-01-21,19.4,14.6,0.3,26.5,52
costa_rica_cloud_forest,2023-01-22,19.9,14.2,3.1,17.8,82
costa_rica_cloud_forest,2023-01-23,19.0,15.3,1.2,26.1,99
costa_rica_cloud_forest,2023-01-24,19.6,15.6,2.8,27.8,100
costa_rica_cloud_forest,2023-01-25,21.5,15.7,3.9,25.8,97
costa_rica_cloud_forest,2023-01-26,18.2,14.9,10.9,29.8,96
costa_rica_cloud_forest,2023-01-27,17.2,14.1,9.6,35.7,99
costa_rica_cloud_forest,2023-01-28,16.4,14.0,8.2,35.6,100
costa_rica_cloud_forest,2023-01-29,18.8,13.8,7.8,29.2,98
costa_rica_cloud_forest,2023-01-30,19.3,14.2,1.8,29.3,95
costa_rica_cloud_forest,2023-01-31,20.2,14.5,1.2,29.0,75
costa_rica_cloud_forest,2023-02-01,18.8,14.5,2.0,32.2,73
costa_rica_cloud_forest,2023-02-02,17.7,13.8,9.9,33.2,94
costa_rica_cloud_forest,2023-02-03,19.1,14.6,2.1,27.3,90
costa_rica_cloud_forest,2023-02-04,18.9,14.5,3.7,35.3,77
costa_rica_cloud_forest,2023-02-05,18.6,14.0,3.3,33.2,93
costa_rica_cloud_forest,2023-02-06,17.8,14.6,11.0,31.7,100
costa_rica_cloud_forest,2023-02-07,18.6,15.3,8.4,33.9,100
costa_rica_cloud_forest,2023-02-08,19.9,15.3,2.3,33.0,91
costa_rica_cloud_forest,2023-02-09,20.0,15.3,1.5,28.0,95
costa_rica_cloud_forest,2023-02-10,19.1,15.1,2.7,28.2,93
costa_rica_cloud_forest,2023-02-11,20.2,15.3,1.7,28.1,84
costa_rica_cloud_forest,2023-02-12,18.2,15.1,6.9,35.7,98
costa_rica_cloud_forest,2023-02-13,17.9,14.9,9.6,31.9,99
costa_rica_cloud_forest,2023-02-14,19.9,14.6,1.7,28.6,92
costa_rica_cloud_forest,2023-02-15,20.5,14.6,0.7,20.9,91
costa_rica_cloud_forest,2023-02-16,20.5,14.8,1.3,20.3,96
costa_rica_cloud_forest,2023-02-17,18.6,15.2,11.7,25.2,100
costa_rica_cloud_forest,2023-02-18,17.8,13.7,4.6,41.8,84
costa_rica_cloud_forest,2023-02-19,18.6,14.0,8.7,38.3,76
costa_rica_cloud_forest,2023-02-20,18.5,14.3,6.7,34.0,99
costa_rica_cloud_forest,2023-02-21,20.2,14.4,2.3,27.4,91
costa_rica_cloud_forest,2023-02-22,20.4,13.8,0.1,22.3,75
costa_rica_cloud_forest,2023-02-23,20.4,13.1,2.3,22.1,55
costa_rica_cloud_forest,2023-02-24,18.8,14.3,6.9,29.5,97
costa_rica_cloud_forest,2023-02-25,18.8,14.0,4.3,28.9,88
costa_rica_cloud_forest,2023-02-26,18.6,14.2,2.7,28.0,100
costa_rica_cloud_forest,2023-02-27,20.5,13.7,0.8,17.3,99
costa_rica_cloud_forest,2023-02-28,21.2,14.9,0.9,16.6,96
costa_rica_cloud_forest,2023-03-01,21.1,14.4,1.3,20.4,86
costa_rica_cloud_forest,2023-03-02,21.5,14.6,0.0,19.0,82
costa_rica_cloud_forest,2023-03-03,22.9,14.0,0.3,11.6,74
costa_rica_cloud_forest,2023-03-04,23.7,14.3,3.1,17.5,81
costa_rica_cloud_forest,2023-03-05,20.6,15.5,2.4,19.2,97
costa_rica_cloud_forest,2023-03-06,20.0,14.8,3.4,21.9,99
costa_rica_cloud_forest,2023-03-07,20.7,14.9,2.7,19.7,98
costa_rica_cloud_forest,2023-03-08,20.7,15.2,0.0,19.7,100
costa_rica_cloud_forest,2023-03-09,20.0,14.7,6.7,17.9,95
costa_rica_cloud_forest,2023-03-10,19.8,14.3,5.6,12.3,91
costa_rica_cloud_forest,2023-03-11,21.7,14.7,3.3,9.7,95
costa_rica_cloud_forest,2023-03-12,20.4,14.5,11.9,4.3,83
costa_rica_cloud_forest,2023-03-13,20.1,16.1,27.0,4.7,91
costa_rica_cloud_forest,2023-03-14,20.8,15.7,18.6,7.6,95
costa_rica_cloud_forest,2023-03-15,21.7,14.3,1.6,7.4,82
costa_rica_cloud_forest,2023-03-16,22.0,14.5,2.3,10.8,57
costa_rica_cloud_forest,2023-03-17,22.1,14.1,1.1,6.4,40
costa_rica_cloud_forest,2023-03-18,22.2,14.5,2.6,9.4,43
costa_rica_cloud_forest,2023-03-19,21.4,14.8,0.0,16.9,58
costa_rica_cloud_forest,2023-03-20,21.5,14.4,0.5,24.3,35
costa_rica_cloud_forest,2023-03-21,19.3,14.9,2.4,30.9,94
costa_rica_cloud_forest,2023-03-22,18.2,14.8,3.8,28.4,99
costa_rica_cloud_forest,2023-03-23,20.0,14.5,1.0,30.0,54
costa_rica_cloud_forest,2023-03-24,21.4,14.5,0.0,18.4,38
costa_rica_cloud_forest,2023-03-25,22.0,14.4,2.0,20.3,56
costa_rica_cloud_forest,2023-03-26,20.7,15.5,1.0,17.9,90
costa_rica_cloud_forest,2023-03-27,20.7,15.3,1.1,19.4,88
costa_rica_cloud_forest,2023-03-28,21.0,16.0,3.2,21.6,96
costa_rica_cloud_forest,2023-03-29,20.3,14.5,2.7,24.3,82
costa_rica_cloud_forest,2023-03-30,20.4,14.3,0.3,28.3,71
costa_rica_cloud_forest,2023-03-31,19.5,14.3,1.2,22.1,94
costa_rica_cloud_forest,2023-04-01,20.1,14.0,1.9,21.5,91
costa_rica_cloud_forest,2023-04-02,20.3,15.4,6.4,26.3,100
costa_rica_cloud_forest,2023-04-03,20.4,15.6,6.4,22.8,100
costa_rica_cloud_forest,2023-04-04,21.3,16.1,6.5,20.6,87
costa_rica_cloud_forest,2023-04-05,20.4,15.7,2.7,20.8,88
costa_rica_cloud_forest,2023-04-06,20.6,15.6,0.9,22.9,89
costa_rica_cloud_forest,2023-04-07,20.4,15.1,0.0,21.8,95
costa_rica_cloud_forest,2023-04-08,21.0,15.1,0.6,18.8,100
costa_rica_cloud_forest,2023-04-09,20.9,15.4,0.0,20.3,90
costa_rica_cloud_forest,2023-04-10,21.3,14.8,0.3,19.2,74
costa_rica_cloud_forest,2023-04-11,21.3,15.1,0.0,23.1,96
costa_rica_cloud_forest,2023-04-12,21.8,15.2,0.4,19.1,74
costa_rica_cloud_forest,2023-04-13,21.7,16.4,1.4,17.6,99
costa_rica_cloud_forest,2023-04-14,20.3,16.2,1.6,22.2,97
costa_rica_cloud_forest,2023-04-15,22.0,15.2,0.0,18.4,54
costa_rica_cloud_forest,2023-04-16,22.9,13.9,0.0,14.6,52
costa_rica_cloud_forest,2023-04-17,21.9,12.9,3.6,18.2,96
costa_rica_cloud_forest,2023-04-18,22.2,14.0,0.0,15.0,80
costa_rica_cloud_forest,2023-04-19,22.4,14.1,0.0,15.3,68
costa_rica_cloud_forest,2023-04-20,22.1,14.5,0.0,15.3,73
costa_rica_cloud_forest,2023-04-21,23.5,14.2,1.8,8.9,80
costa_rica_cloud_forest,2023-04-22,23.8,13.9,0.0,7.4,41
costa_rica_cloud_forest,2023-04-23,24.2,13.8,0.0,6.0,62
costa_rica_cloud_forest,2023-04-24,23.1,15.3,0.8,4.9,38
costa_rica_cloud_forest,2023-04-25,24.0,14.1,0.0,8.7,18
costa_rica_cloud_forest,2023-04-26,23.8,13.6,0.0,8.7,11
costa_rica_cloud_forest,2023-04-27,24.1,14.7,0.0,5.0,71
costa_rica_cloud_forest,2023-04-28,23.2,16.6,7.3,4.6,92
costa_rica_cloud_forest,2023-04-29,23.2,15.8,0.5,4.0,99
costa_rica_cloud_forest,2023-04-30,25.2,16.1,0.1,12.5,80
costa_rica_cloud_forest,2023-05-01,23.2,16.3,8.0,14.2,99
costa_rica_cloud_forest,2023-05-02,23.1,16.8,3.0,11.9,97
costa_rica_cloud_forest,2023-05-03,23.6,17.2,0.4,20.1,87
costa_rica_cloud_forest,2023-05-04,23.4,16.8,1.3,27.1,79
costa_rica_cloud_forest,2023-05-05,22.3,16.9,1.3,26.6,91
costa_rica_cloud_forest,2023-05-06,20.9,16.6,3.2,25.3,100
costa_rica_cloud_forest,2023-05-07,21.1,16.0,2.8,27.4,94
costa_rica_cloud_forest,2023-05-08,23.5,15.8,0.0,23.8,73
costa_rica_cloud_forest,2023-05-09,23.7,15.0,5.1,15.2,88
costa_rica_cloud_forest,2023-05-10,24.9,16.0,6.8,9.7,51
costa_rica_cloud_forest,2023-05-11,23.3,17.2,3.2,11.3,67
costa_rica_cloud_forest,2023-05-12,23.7,16.4,3.5,13.3,72
costa_rica_cloud_forest,2023-05-13,23.2,15.4,4.0,12.7,81
costa_rica_cloud_forest,2023-05-14,23.2,17.3,3.3,14.0,95
costa_rica_cloud_forest,2023-05-15,24.7,16.4,4.3,13.1,100
costa_rica_cloud_forest,2023-05-16,21.1,16.9,2.1,7.4,93
costa_rica_cloud_forest,2023-05-17,25.3,14.9,1.1,8.4,44
costa_rica_cloud_forest,2023-05-18,24.7,16.3,0.1,13.2,29
costa_rica_cloud_forest,2023-05-19,23.3,16.9,1.3,17.5,71
costa_rica_cloud_forest,2023-05-20,23.5,16.1,0.0,21.8,100
costa_rica_cloud_forest,2023-05-21,23.1,16.1,0.5,14.9,100
costa_rica_cloud_forest,2023-05-22,24.0,16.1,3.7,9.6,100
costa_rica_cloud_forest,2023-05-23,24.5,15.7,1.5,8.4,90
costa_rica_cloud_forest,2023-05-24,25.2,15.5,0.4,6.4,100
costa_rica_cloud_forest,2023-05-25,24.8,16.1,0.0,5.1,100
costa_rica_cloud_forest,2023-05-26,24.6,16.5,0.0,7.8,99
costa_rica_cloud_forest,2023-05-27,24.0,16.8,1.7,9.2,90
costa_rica_cloud_forest,2023-05-28,24.9,15.8,4.1,10.0,98
costa_rica_cloud_forest,2023-05-29,24.7,16.3,0.9,7.5,88
costa_rica_cloud_forest,2023-05-30,22.4,17.3,34.5,6.9,100
costa_rica_cloud_forest,2023-05-31,19.9,17.4,25.8,12.3,100
costa_rica_cloud_forest,2023-06-01,22.6,17.2,7.4,11.0,95
costa_rica_cloud_forest,2023-06-02,21.4,17.5,10.7,11.3,98
costa_rica_cloud_forest,2023-06-03,22.7,16.0,3.0,8.4,70
costa_rica_cloud_forest,2023-06-04,23.1,17.5,15.6,7.2,78
costa_rica_cloud_forest,2023-06-05,20.6,16.8,4.0,8.1,100
costa_rica_cloud_forest,2023-06-06,22.7,16.1,1.1,6.4,100
costa_rica_cloud_forest,2023-06-07,22.5,16.3,21.6,6.5,97
costa_rica_cloud_forest,2023-06-08,22.6,17.1,9.2,7.7,92
costa_rica_cloud_forest,2023-06-09,21.8,16.5,4.4,7.6,98
costa_rica_cloud_forest,2023-06-10,20.3,16.7,24.9,6.6,100
costa_rica_cloud_forest,2023-06-11,24.0,16.2,3.6,5.2,92
costa_rica_cloud_forest,2023-06-12,23.6,17.1,2.0,11.9,96
costa_rica_cloud_forest,2023-06-13,22.3,16.8,1.7,13.3,94
costa_rica_cloud_forest,2023-06-14,23.1,17.5,9.1,9.9,97
costa_rica_cloud_forest,2023-06-15,20.9,16.8,8.5,9.4,100
costa_rica_cloud_forest,2023-06-16,22.2,16.2,0.7,10.9,99
costa_rica_cloud_forest,2023-06-17,22.5,17.2,4.8,11.2,97
costa_rica_cloud_forest,2023-06-18,21.8,17.2,7.0,15.6,92
costa_rica_cloud_forest,2023-06-19,22.9,18.0,1.0,16.4,100
costa_rica_cloud_forest,2023-06-20,23.3,18.0,1.8,19.7,97
costa_rica_cloud_forest,2023-06-21,23.3,17.9,18.3,11.5,99
costa_rica_cloud_forest,2023-06-22,22.0,17.3,31.5,7.1,100
costa_rica_cloud_forest,2023-06-23,22.3,17.1,6.7,13.6,99
costa_rica_cloud_forest,2023-06-24,22.5,16.0,1.1,13.0,98
costa_rica_cloud_forest,2023-06-25,23.0,15.8,0.6,10.3,100
costa_rica_cloud_forest,2023-06-26,22.0,16.2,10.7,8.5,100
costa_rica_cloud_forest,2023-06-27,21.3,17.3,10.5,9.4,99
costa_rica_cloud_forest,2023-06-28,23.2,16.1,1.9,14.4,93
costa_rica_cloud_forest,2023-06-29,22.9,17.0,1.3,14.7,84
costa_rica_cloud_forest,2023-06-30,22.6,17.7,0.9,18.8,100
costa_rica_cloud_forest,2023-07-01,20.5,17.5,26.4,8.9,98
costa_rica_cloud_forest,2023-07-02,22.0,16.4,4.0,4.3,93
costa_rica_cloud_forest,2023-07-03,22.8,16.0,2.0,11.0,97
costa_rica_cloud_forest,2023-07-04,23.3,16.8,3.3,8.4,100
costa_rica_cloud_forest,2023-07-05,22.9,16.3,0.3,16.3,92
costa_rica_cloud_forest,2023-07-06,21.8,15.2,4.4,6.5,97
costa_rica_cloud_forest,2023-07-07,22.4,16.1,1.5,7.2,99
costa_rica_cloud_forest,2023-07-08,22.0,16.4,1.9,10.5,89
costa_rica_cloud_forest,2023-07-09,21.5,17.5,2.9,8.7,99
costa_rica_cloud_forest,2023-07-10,23.0,17.4,3.0,14.8,95
costa_rica_cloud_forest,2023-07-11,19.8,17.2,2.2,18.2,100
costa_rica_cloud_forest,2023-07-12,22.2,17.2,4.2,13.8,100
costa_rica_cloud_forest,2023-07-13,20.4,17.0,7.0,15.1,100
costa_rica_cloud_forest,2023-07-14,20.5,17.2,4.1,16.7,100
costa_rica_cloud_forest,2023-07-15,22.6,16.6,1.8,16.6,100
costa_rica_cloud_forest,2023-07-16,20.1,17.2,3.4,20.0,100
costa_rica_cloud_forest,2023-07-17,21.3,16.9,11.1,15.6,99
costa_rica_cloud_forest,2023-07-18,20.6,17.0,4.0,20.7,100
costa_rica_cloud_forest,2023-07-19,21.8,17.1,3.2,29.1,93
costa_rica_cloud_forest,2023-07-20,21.0,17.9,2.8,24.7,98
costa_rica_cloud_forest,2023-07-21,23.6,17.2,2.7,12.9,83
costa_rica_cloud_forest,2023-07-22,22.2,17.0,2.1,13.5,97
costa_rica_cloud_forest,2023-07-23,23.1,16.7,1.6,13.8,100
costa_rica_cloud_forest,2023-07-24,21.7,17.4,2.3,21.9,100
costa_rica_cloud_forest,2023-07-25,21.0,15.6,1.2,24.5,95
costa_rica_cloud_forest,2023-07-26,21.8,15.1,1.1,21.8,86
costa_rica_cloud_forest,2023-07-27,22.4,17.1,1.7,14.3,99
costa_rica_cloud_forest,2023-07-28,23.9,15.7,0.7,13.2,95
costa_rica_cloud_forest,2023-07-29,22.7,17.7,2.2,11.3,100
costa_rica_cloud_forest,2023-07-30,22.1,17.8,6.5,11.8,100
costa_rica_cloud_forest,2023-07-31,22.7,17.7,5.3,9.6,92
costa_rica_cloud_forest,2023-08-01,22.0,17.5,3.5,11.0,99
costa_rica_cloud_forest,2023-08-02,21.6,17.3,1.6,14.5,92
costa_rica_cloud_forest,2023-08-03,23.6,17.8,3.1,13.8,94
costa_rica_cloud_forest,2023-08-04,22.5,17.4,1.3,18.2,82
costa_rica_cloud_forest,2023-08-05,22.5,16.8,1.8,20.6,87
costa_rica_cloud_forest,2023-08-06,22.9,16.7,0.1,20.2,100
costa_rica_cloud_forest,2023-08-07,21.0,17.4,4.7,13.5,100
costa_rica_cloud_forest,2023-08-08,21.8,16.5,14.7,9.1,99
costa_rica_cloud_forest,2023-08-09,23.3,16.1,0.7,12.2,97
costa_rica_cloud_forest,2023-08-10,22.5,17.7,3.0,10.5,98
costa_rica_cloud_forest,2023-08-11,23.3,17.0,3.3,11.2,96
costa_rica_cloud_forest,2023-08-12,23.0,16.2,1.7,14.3,95
costa_rica_cloud_forest,2023-08-13,23.0,16.5,6.1,10.3,100
costa_rica_cloud_forest,2023-08-14,23.1,15.5,30.6,9.1,98
costa_rica_cloud_forest,2023-08-15,22.9,16.2,4.5,22.9,100
costa_rica_cloud_forest,2023-08-16,20.7,16.6,1.7,18.4,100
costa_rica_cloud_forest,2023-08-17,22.5,16.3,3.6,9.6,91
costa_rica_cloud_forest,2023-08-18,21.5,17.4,6.6,8.0,100
costa_rica_cloud_forest,2023-08-19,21.4,17.2,8.0,12.6,99
costa_rica_cloud_forest,2023-08-20,22.7,16.8,3.4,13.7,98
costa_rica_cloud_forest,2023-08-21,23.0,17.4,3.4,9.5,99
costa_rica_cloud_forest,2023-08-22,22.1,17.1,53.3,7.4,100
costa_rica_cloud_forest,2023-08-23,20.5,16.4,52.1,13.0,100
costa_rica_cloud_forest,2023-08-24,19.4,16.5,15.3,13.0,100
costa_rica_cloud_forest,2023-08-25,22.8,16.8,5.2,7.9,98
costa_rica_cloud_forest,2023-08-26,23.4,15.7,4.5,4.7,82
costa_rica_cloud_forest,2023-08-27,22.3,16.3,13.2,7.4,88
costa_rica_cloud_forest,2023-08-28,21.5,17.1,7.2,9.1,99
costa_rica_cloud_forest,2023-08-29,24.6,16.0,0.7,6.5,99
costa_rica_cloud_forest,2023-08-30,24.3,17.6,1.8,11.9,86
costa_rica_cloud_forest,2023-08-31,22.7,18.0,1.6,15.0,99
costa_rica_cloud_forest,2023-09-01,22.9,17.3,2.6,15.1,96
costa_rica_cloud_forest,2023-09-02,22.6,17.5,1.7,14.1,96
costa_rica_cloud_forest,2023-09-03,22.9,16.6,1.2,10.5,100
costa_rica_cloud_forest,2023-09-04,21.7,16.0,1.4,8.6,98
costa_rica_cloud_forest,2023-09-05,22.9,16.1,1.2,9.6,81
costa_rica_cloud_forest,2023-09-06,22.8,16.5,2.8,12.9,89
costa_rica_cloud_forest,2023-09-07,22.7,17.5,1.4,15.8,98
costa_rica_cloud_forest,2023-09-08,21.2,17.1,3.9,10.0,100
costa_rica_cloud_forest,2023-09-09,23.1,16.7,1.7,12.4,91
costa_rica_cloud_forest,2023-09-10,22.9,16.9,2.3,15.7,97
costa_rica_cloud_forest,2023-09-11,23.0,16.2,1.1,11.8,85
costa_rica_cloud_forest,2023-09-12,23.4,16.5,1.3,12.2,95
costa_rica_cloud_forest,2023-09-13,24.1,16.5,0.0,10.6,69
costa_rica_cloud_forest,2023-09-14,23.6,16.4,0.9,10.9,83
costa_rica_cloud_forest,2023-09-15,23.2,16.3,1.9,11.4,99
costa_rica_cloud_forest,2023-09-16,22.1,16.4,6.0,14.4,100
costa_rica_cloud_forest,2023-09-17,21.5,16.9,7.3,12.8,99
costa_rica_cloud_forest,2023-09-18,21.9,16.0,2.6,16.4,97
costa_rica_cloud_forest,2023-09-19,22.2,15.7,9.3,11.2,91
costa_rica_cloud_forest,2023-09-20,21.9,16.5,9.2,8.7,91
costa_rica_cloud_forest,2023-09-21,22.9,16.8,4.1,14.1,97
costa_rica_cloud_forest,2023-09-22,23.8,16.3,0.3,13.2,68
costa_rica_cloud_forest,2023-09-23,24.3,16.0,0.4,15.3,33
costa_rica_cloud_forest,2023-09-24,23.8,16.1,0.2,10.8,34
costa_rica_cloud_forest,2023-09-25,23.6,15.9,14.1,8.1,94
costa_rica_cloud_forest,2023-09-26,23.0,17.1,1.8,4.9,88
costa_rica_cloud_forest,2023-09-27,23.2,17.7,27.6,7.8,91
costa_rica_cloud_forest,2023-09-28,23.3,16.4,19.2,12.1,85
costa_rica_cloud_forest,2023-09-29,23.8,16.6,2.8,9.8,92
costa_rica_cloud_forest,2023-09-30,23.3,17.1,7.6,11.0,91
costa_rica_cloud_forest,2023-10-01,23.8,15.9,4.8,7.9,72
costa_rica_cloud_forest,2023-10-02,23.3,17.3,1.8,10.0,95
costa_rica_cloud_forest,2023-10-03,22.2,17.0,16.2,7.3,100
costa_rica_cloud_forest,2023-10-04,22.5,16.9,14.9,8.9,97
costa_rica_cloud_forest,2023-10-05,22.7,16.9,16.9,6.6,96
costa_rica_cloud_forest,2023-10-06,22.7,16.4,1.7,4.7,84
costa_rica_cloud_forest,2023-10-07,23.4,17.5,2.2,6.8,100
costa_rica_cloud_forest,2023-10-08,23.1,16.7,26.4,9.5,93
costa_rica_cloud_forest,2023-10-09,22.1,17.2,4.1,9.4,92
costa_rica_cloud_forest,2023-10-10,22.7,16.5,9.7,8.6,97
costa_rica_cloud_forest,2023-10-11,23.0,16.5,114.0,5.8,97
costa_rica_cloud_forest,2023-10-12,22.9,16.5,10.1,7.1,88
costa_rica_cloud_forest,2023-10-13,21.8,17.2,29.2,5.5,92
costa_rica_cloud_forest,2023-10-14,22.6,16.0,44.4,6.5,96
costa_rica_cloud_forest,2023-10-15,21.0,16.3,21.9,7.4,94
costa_rica_cloud_forest,2023-10-16,21.0,16.4,8.4,6.5,100
costa_rica_cloud_forest,2023-10-17,21.0,16.4,7.3,11.9,100
costa_rica_cloud_forest,2023-10-18,21.2,16.8,5.3,12.2,97
costa_rica_cloud_forest,2023-10-19,21.3,17.3,12.6,7.7,100
costa_rica_cloud_forest,2023-10-20,20.9,17.3,7.2,9.2,100
costa_rica_cloud_forest,2023-10-21,19.1,16.6,2.2,8.0,100
costa_rica_cloud_forest,2023-10-22,22.0,16.4,1.8,9.9,98
costa_rica_cloud_forest,2023-10-23,21.3,16.9,9.5,8.4,100
costa_rica_cloud_forest,2023-10-24,20.0,17.0,44.8,8.8,100
costa_rica_cloud_forest,2023-10-25,21.2,17.0,89.6,6.3,100
costa_rica_cloud_forest,2023-10-26,20.5,16.7,21.1,8.3,100
costa_rica_cloud_forest,2023-10-27,19.8,16.7,7.9,11.5,100
costa_rica_cloud_forest,2023-10-28,21.5,16.6,14.4,8.2,88
costa_rica_cloud_forest,2023-10-29,19.4,16.9,14.6,10.0,99
costa_rica_cloud_forest,2023-10-30,20.6,16.8,24.2,11.9,99
costa_rica_cloud_forest,2023-10-31,21.1,15.9,4.2,9.6,100
costa_rica_cloud_forest,2023-11-01,20.4,16.4,10.7,6.1,97
costa_rica_cloud_forest,2023-11-02,21.6,16.6,8.8,11.5,100
costa_rica_cloud_forest,2023-11-03,20.6,16.7,10.1,8.6,100
costa_rica_cloud_forest,2023-11-04,22.2,17.1,15.3,8.6,99
costa_rica_cloud_forest,2023-11-05,21.7,16.3,36.5,7.9,97
costa_rica_cloud_forest,2023-11-06,21.1,16.7,24.9,6.5,100
costa_rica_cloud_forest,2023-11-07,22.8,16.9,1.3,9.6,95
costa_rica_cloud_forest,2023-11-08,21.6,17.4,3.8,12.0,100
costa_rica_cloud_forest,2023-11-09,22.6,16.4,0.0,15.5,56
costa_rica_cloud_forest,2023-11-10,23.0,16.1,1.4,11.3,81
costa_rica_cloud_forest,2023-11-11,21.3,17.7,6.7,11.9,100
costa_rica_cloud_forest,2023-11-12,22.1,17.2,2.1,11.0,96
costa_rica_cloud_forest,2023-11-13,21.7,17.6,1.7,8.3,99
costa_rica_cloud_forest,2023-11-14,22.3,17.4,3.4,7.1,91
costa_rica_cloud_forest,2023-11-15,23.1,17.4,2.3,6.6,100
costa_rica_cloud_forest,2023-11-16,20.9,17.3,15.0,6.6,100
costa_rica_cloud_forest,2023-11-17,20.7,16.3,3.9,8.5,99
costa_rica_cloud_forest,2023-11-18,20.3,16.2,37.7,7.7,99
costa_rica_cloud_forest,2023-11-19,21.5,15.9,22.8,5.7,98
costa_rica_cloud_forest,2023-11-20,22.3,15.7,3.4,5.4,84
costa_rica_cloud_forest,2023-11-21,21.7,15.6,3.3,9.0,75
costa_rica_cloud_forest,2023-11-22,21.4,16.0,1.3,12.9,90
costa_rica_cloud_forest,2023-11-23,20.7,16.1,2.0,11.1,90
costa_rica_cloud_forest,2023-11-24,21.8,16.8,3.0,9.4,91
costa_rica_cloud_forest,2023-11-25,21.2,16.6,2.1,9.8,96
costa_rica_cloud_forest,2023-11-26,21.6,16.4,3.4,12.1,93
costa_rica_cloud_forest,2023-11-27,19.2,16.5,5.1,24.5,83
costa_rica_cloud_forest,2023-11-28,20.4,16.3,3.0,25.0,90
costa_rica_cloud_forest,2023-11-29,20.9,15.5,1.7,17.2,100
costa_rica_cloud_forest,2023-11-30,19.0,16.4,2.9,18.4,100
costa_rica_cloud_forest,2023-12-01,21.5,14.8,0.0,17.6,64
costa_rica_cloud_forest,2023-12-02,21.4,15.4,0.0,15.3,49
costa_rica_cloud_forest,2023-12-03,21.3,14.9,0.5,14.7,66
costa_rica_cloud_forest,2023-12-04,21.3,14.8,0.3,22.1,40
costa_rica_cloud_forest,2023-12-05,20.8,16.0,0.9,21.1,70
costa_rica_cloud_forest,2023-12-06,18.6,16.3,3.7,24.0,100
costa_rica_cloud_forest,2023-12-07,20.3,14.9,1.8,25.0,71
costa_rica_cloud_forest,2023-12-08,20.6,14.8,2.6,22.7,91
costa_rica_cloud_forest,2023-12-09,19.1,16.6,7.1,17.7,100
costa_rica_cloud_forest,2023-12-10,20.4,17.0,3.4,14.8,99
costa_rica_cloud_forest,2023-12-11,19.8,17.3,5.5,13.5,100
costa_rica_cloud_forest,2023-12-12,18.6,16.8,7.5,22.6,100
costa_rica_cloud_forest,2023-12-13,18.9,16.6,12.0,30.3,100
costa_rica_cloud_forest,2023-12-14,17.9,16.1,18.1,25.7,100
costa_rica_cloud_forest,2023-12-15,21.2,16.0,1.6,19.8,93
costa_rica_cloud_forest,2023-12-16,22.3,15.9,1.4,7.7,97
costa_rica_cloud_forest,2023-12-17,20.9,16.3,1.3,19.8,100
costa_rica_cloud_forest,2023-12-18,18.3,14.3,2.6,26.8,95
costa_rica_cloud_forest,2023-12-19,15.9,14.0,13.9,29.1,100
costa_rica_cloud_forest,2023-12-20,15.6,13.3,7.3,25.5,94
costa_rica_cloud_forest,2023-12-21,17.2,13.2,2.1,23.0,100
costa_rica_cloud_forest,2023-12-22,19.3,16.0,6.4,22.7,100
costa_rica_cloud_forest,2023-12-23,18.5,16.6,6.3,17.2,100
costa_rica_cloud_forest,2023-12-24,21.5,16.0,0.2,10.5,96
costa_rica_cloud_forest,2023-12-25,22.4,15.2,0.4,7.9,97
costa_rica_cloud_forest,2023-12-26,22.6,15.5,0.0,9.2,68
costa_rica_cloud_forest,2023-12-27,22.5,13.7,0.4,5.8,77
costa_rica_cloud_forest,2023-12-28,22.4,16.5,2.2,6.6,78
costa_rica_cloud_forest,2023-12-29,20.3,16.1,4.2,8.5,100
costa_rica_cloud_forest,2023-12-30,20.5,15.6,0.1,9.8,95
costa_rica_cloud_forest,2023-12-31,18.5,15.4,10.9,19.1,92
costa_rica_cloud_forest,2024-01-01,20.0,15.6,4.7,18.9,88
costa_rica_cloud_forest,2024-01-02,19.7,14.9,1.8,20.6,72
costa_rica_cloud_forest,2024-01-03,21.3,15.3,0.4,16.1,92
costa_rica_cloud_forest,2024-01-04,21.3,14.8,1.4,16.4,91
costa_rica_cloud_forest,2024-01-05,21.3,15.3,0.0,12.6,73
costa_rica_cloud_forest,2024-01-06,22.1,13.5,0.0,12.8,75
costa_rica_cloud_forest,2024-01-07,19.9,15.2,0.9,25.7,96
costa_rica_cloud_forest,2024-01-08,19.4,15.3,1.8,22.1,93
costa_rica_cloud_forest,2024-01-09,23.5,12.9,0.8,11.3,42
costa_rica_cloud_forest,2024-01-10,23.0,15.1,0.0,8.7,62
costa_rica_cloud_forest,2024-01-11,22.4,15.3,0.6,8.2,54
costa_rica_cloud_forest,2024-01-12,22.5,15.0,2.7,4.6,80
costa_rica_cloud_forest,2024-01-13,22.7,15.4,1.4,12.5,76
costa_rica_cloud_forest,2024-01-14,20.9,14.8,0.5,17.2,50
costa_rica_cloud_forest,2024-01-15,21.1,15.0,0.9,17.2,67
costa_rica_cloud_forest,2024-01-16,21.6,14.6,0.4,18.9,51
costa_rica_cloud_forest,2024-01-17,19.1,16.7,5.0,27.9,99
costa_rica_cloud_forest,2024-01-18,20.7,16.3,2.5,25.7,90
costa_rica_cloud_forest,2024-01-19,20.7,15.4,2.4,21.1,94
costa_rica_cloud_forest,2024-01-20,19.3,15.4,1.8,28.3,79
costa_rica_cloud_forest,2024-01-21,19.3,15.7,4.0,30.0,75
costa_rica_cloud_forest,2024-01-22,20.8,16.1,2.5,29.4,82
costa_rica_cloud_forest,2024-01-23,20.0,16.3,3.9,24.5,99
costa_rica_cloud_forest,2024-01-24,21.8,16.5,1.0,20.9,89
costa_rica_cloud_forest,2024-01-25,21.1,16.9,4.6,19.5,93
costa_rica_cloud_forest,2024-01-26,20.8,16.0,0.6,19.2,87
costa_rica_cloud_forest,2024-01-27,22.0,16.0,3.7,15.9,87
costa_rica_cloud_forest,2024-01-28,20.7,15.6,3.5,31.0,100
costa_rica_cloud_forest,2024-01-29,19.8,15.2,4.9,28.2,94
costa_rica_cloud_forest,2024-01-30,19.5,14.7,2.8,29.3,86
costa_rica_cloud_forest,2024-01-31,16.6,14.6,10.4,24.7,100
costa_rica_cloud_forest,2024-02-01,16.8,13.4,5.5,23.1,100
costa_rica_cloud_forest,2024-02-02,20.5,14.4,0.9,15.9,90
costa_rica_cloud_forest,2024-02-03,22.3,17.1,2.3,12.8,65
costa_rica_cloud_forest,2024-02-04,22.5,14.0,0.0,12.7,71
costa_rica_cloud_forest,2024-02-05,23.0,14.9,1.8,11.4,72
costa_rica_cloud_forest,2024-02-06,23.6,14.8,0.4,11.4,66
costa_rica_cloud_forest,2024-02-07,17.9,13.2,1.0,19.3,65
costa_rica_cloud_forest,2024-02-08,18.6,13.8,3.8,17.5,100
costa_rica_cloud_forest,2024-02-09,21.2,13.6,2.3,18.5,85
costa_rica_cloud_forest,2024-02-10,20.6,14.0,0.0,16.7,65
costa_rica_cloud_forest,2024-02-11,21.8,14.6,0.0,16.8,74
costa_rica_cloud_forest,2024-02-12,24.4,13.7,0.0,10.6,65
costa_rica_cloud_forest,2024-02-13,19.8,15.6,2.9,25.8,94
costa_rica_cloud_forest,2024-02-14,20.1,15.4,2.0,29.8,93
costa_rica_cloud_forest,2024-02-15,19.9,15.8,3.8,25.6,96
costa_rica_cloud_forest,2024-02-16,20.1,16.1,1.4,20.9,100
costa_rica_cloud_forest,2024-02-17,23.6,16.9,0.6,15.6,86
costa_rica_cloud_forest,2024-02-18,24.0,18.0,6.4,16.8,93
costa_rica_cloud_forest,2024-02-19,19.5,16.8,17.6,28.7,94
costa_rica_cloud_forest,2024-02-20,16.8,15.2,42.5,31.0,100
costa_rica_cloud_forest,2024-02-21,19.2,13.6,17.1,34.7,100
costa_rica_cloud_forest,2024-02-22,18.8,12.1,2.1,18.7,82
costa_rica_cloud_forest,2024-02-23,23.3,12.9,0.0,11.5,61
costa_rica_cloud_forest,2024-02-24,22.2,12.9,1.0,16.0,47
costa_rica_cloud_forest,2024-02-25,18.2,14.1,4.4,22.7,100
costa_rica_cloud_forest,2024-02-26,20.2,14.4,2.4,19.5,94
costa_rica_cloud_forest,2024-02-27,20.6,15.1,0.2,23.6,65
costa_rica_cloud_forest,2024-02-28,20.8,15.0,0.8,23.7,83
costa_rica_cloud_forest,2024-02-29,20.6,15.3,0.4,25.6,61
costa_rica_cloud_forest,2024-03-01,20.9,14.3,0.1,22.4,79
costa_rica_cloud_forest,2024-03-02,21.3,14.2,0.4,18.2,60
costa_rica_cloud_forest,2024-03-03,22.1,13.9,0.2,12.6,64
costa_rica_cloud_forest,2024-03-04,22.8,13.5,1.4,10.2,61
costa_rica_cloud_forest,2024-03-05,24.1,14.3,0.4,7.7,62
costa_rica_cloud_forest,2024-03-06,25.6,15.8,0.1,9.1,74
costa_rica_cloud_forest,2024-03-07,24.2,14.5,0.0,5.9,47
costa_rica_cloud_forest,2024-03-08,23.5,14.9,0.2,5.9,77
costa_rica_cloud_forest,2024-03-09,25.3,15.4,0.4,5.7,73
costa_rica_cloud_forest,2024-03-10,23.4,14.0,1.1,23.8,61
costa_rica_cloud_forest,2024-03-11,20.8,16.2,3.2,25.1,78
costa_rica_cloud_forest,2024-03-12,21.5,15.5,2.8,24.8,93
costa_rica_cloud_forest,2024-03-13,21.4,14.9,0.0,18.7,79
costa_rica_cloud_forest,2024-03-14,22.7,15.1,1.5,21.1,83
costa_rica_cloud_forest,2024-03-15,21.7,17.0,2.4,19.5,98
costa_rica_cloud_forest,2024-03-16,23.4,16.8,3.0,17.2,95
costa_rica_cloud_forest,2024-03-17,23.1,17.1,1.5,15.2,99
costa_rica_cloud_forest,2024-03-18,23.7,16.9,0.1,12.5,99
costa_rica_cloud_forest,2024-03-19,23.7,16.8,0.0,16.2,88
costa_rica_cloud_forest,2024-03-20,23.6,16.4,0.0,17.4,91
costa_rica_cloud_forest,2024-03-21,22.4,15.6,0.9,16.0,93
costa_rica_cloud_forest,2024-03-22,24.5,14.2,1.2,9.8,89
costa_rica_cloud_forest,2024-03-23,26.5,16.0,0.5,6.5,69
costa_rica_cloud_forest,2024-03-24,24.7,15.9,0.0,12.8,58
costa_rica_cloud_forest,2024-03-25,24.4,17.1,1.6,5.9,55
costa_rica_cloud_forest,2024-03-26,23.5,16.2,3.5,7.5,72
costa_rica_cloud_forest,2024-03-27,22.9,17.8,6.0,6.6,91
costa_rica_cloud_forest,2024-03-28,24.7,16.5,0.9,9.2,92
costa_rica_cloud_forest,2024-03-29,22.3,15.6,0.0,22.3,54
costa_rica_cloud_forest,2024-03-30,22.3,14.5,0.0,21.0,51
costa_rica_cloud_forest,2024-03-31,23.4,14.4,0.0,22.4,57
costa_rica_cloud_forest,2024-04-01,23.3,13.6,0.0,11.7,13
costa_rica_cloud_forest,2024-04-02,24.8,12.3,0.0,8.1,23
costa_rica_cloud_forest,2024-04-03,25.0,15.3,0.0,11.8,36
costa_rica_cloud_forest,2024-04-04,25.0,15.5,0.4,7.9,30
costa_rica_cloud_forest,2024-04-05,24.0,15.5,0.0,13.4,67
costa_rica_cloud_forest,2024-04-06,21.1,16.2,11.9,14.5,100
costa_rica_cloud_forest,2024-04-07,20.9,16.6,1.4,17.1,99
costa_rica_cloud_forest,2024-04-08,22.7,16.5,1.2,14.5,99
costa_rica_cloud_forest,2024-04-09,22.2,16.9,4.3,14.7,100
costa_rica_cloud_forest,2024-04-10,23.6,17.2,4.1,10.2,99
costa_rica_cloud_forest,2024-04-11,23.6,17.7,1.3,16.0,98
costa_rica_cloud_forest,2024-04-12,21.8,16.4,8.7,35.0,100
costa_rica_cloud_forest,2024-04-13,20.8,15.6,4.5,36.2,79
costa_rica_cloud_forest,2024-04-14,21.9,15.8,0.9,27.9,93
costa_rica_cloud_forest,2024-04-15,22.7,15.3,0.3,23.8,49
costa_rica_cloud_forest,2024-04-16,23.2,15.4,0.0,20.4,29
costa_rica_cloud_forest,2024-04-17,24.7,14.0,0.0,10.6,66
costa_rica_cloud_forest,2024-04-18,23.9,14.4,0.0,15.1,55
costa_rica_cloud_forest,2024-04-19,24.8,14.4,0.0,8.7,94
costa_rica_cloud_forest,2024-04-20,24.6,14.8,1.0,8.1,98
costa_rica_cloud_forest,2024-04-21,24.2,14.0,2.4,7.2,77
costa_rica_cloud_forest,2024-04-22,24.1,14.2,0.0,11.6,77
costa_rica_cloud_forest,2024-04-23,23.7,15.1,0.2,20.0,46
costa_rica_cloud_forest,2024-04-24,22.8,16.0,4.3,17.1,99
costa_rica_cloud_forest,2024-04-25,20.9,15.8,3.5,23.2,100
costa_rica_cloud_forest,2024-04-26,22.2,15.8,7.3,16.3,96
costa_rica_cloud_forest,2024-04-27,23.3,16.5,4.0,11.2,96
costa_rica_cloud_forest,2024-04-28,23.0,16.0,8.6,6.4,99
costa_rica_cloud_forest,2024-04-29,24.4,15.1,2.0,5.9,90
costa_rica_cloud_forest,2024-04-30,24.9,15.9,0.0,10.2,65
costa_rica_cloud_forest,2024-05-01,25.0,15.7,0.0,8.4,34
costa_rica_cloud_forest,2024-05-02,25.3,15.5,0.0,7.2,81
costa_rica_cloud_forest,2024-05-03,25.3,15.8,0.6,5.9,58
costa_rica_cloud_forest,2024-05-04,24.4,16.2,0.5,6.6,81
costa_rica_cloud_forest,2024-05-05,25.4,15.8,0.0,5.8,51
costa_rica_cloud_forest,2024-05-06,25.5,16.0,0.0,5.9,98
costa_rica_cloud_forest,2024-05-07,26.2,17.1,0.3,8.9,85
costa_rica_cloud_forest,2024-05-08,24.4,18.3,2.4,8.9,100
costa_rica_cloud_forest,2024-05-09,25.0,18.2,2.4,7.8,93
costa_rica_cloud_forest,2024-05-10,24.8,16.7,3.1,4.9,100
costa_rica_cloud_forest,2024-05-11,24.9,17.8,5.5,9.6,100
costa_rica_cloud_forest,2024-05-12,25.3,16.9,1.9,10.1,90
costa_rica_cloud_forest,2024-05-13,22.5,15.5,2.7,7.8,97
costa_rica_cloud_forest,2024-05-14,24.2,16.7,2.1,9.2,99
costa_rica_cloud_forest,2024-05-15,22.8,16.1,18.9,6.8,97
costa_rica_cloud_forest,2024-05-16,21.3,17.6,10.1,5.9,100
costa_rica_cloud_forest,2024-05-17,22.8,17.8,9.0,5.4,93
costa_rica_cloud_forest,2024-05-18,23.9,17.7,2.5,10.7,92
costa_rica_cloud_forest,2024-05-19,22.8,16.4,6.5,12.5,86
costa_rica_cloud_forest,2024-05-20,23.5,17.8,4.2,11.1,97
costa_rica_cloud_forest,2024-05-21,24.1,15.9,2.4,8.6,87
costa_rica_cloud_forest,2024-05-22,24.2,17.1,1.5,5.8,29
costa_rica_cloud_forest,2024-05-23,24.3,16.5,0.4,6.0,42
costa_rica_cloud_forest,2024-05-24,24.6,17.4,0.0,5.0,64
costa_rica_cloud_forest,2024-05-25,25.0,16.0,1.2,6.6,76
costa_rica_cloud_forest,2024-05-26,24.7,16.5,1.5,8.9,43
costa_rica_cloud_forest,2024-05-27,24.5,17.1,0.7,12.3,64
costa_rica_cloud_forest,2024-05-28,22.5,16.6,7.7,10.7,93
costa_rica_cloud_forest,2024-05-29,22.3,17.3,36.4,8.2,97
costa_rica_cloud_forest,2024-05-30,19.8,17.4,40.9,6.5,100
costa_rica_cloud_forest,2024-05-31,21.7,17.1,10.9,12.0,99
costa_rica_cloud_forest,2024-06-01,22.4,18.2,1.7,11.7,100
costa_rica_cloud_forest,2024-06-02,24.0,18.1,4.2,8.7,100
costa_rica_cloud_forest,2024-06-03,22.7,17.8,4.7,9.7,99
costa_rica_cloud_forest,2024-06-04,21.2,18.1,9.0,11.4,99
costa_rica_cloud_forest,2024-06-05,22.0,17.5,7.2,8.2,99
costa_rica_cloud_forest,2024-06-06,20.1,17.8,17.8,7.9,100
costa_rica_cloud_forest,2024-06-07,22.3,17.6,28.6,6.5,100
costa_rica_cloud_forest,2024-06-08,22.5,16.3,20.0,7.6,99
costa_rica_cloud_forest,2024-06-09,23.6,17.3,17.6,6.2,93
costa_rica_cloud_forest,2024-06-10,23.6,17.8,10.7,6.5,96
costa_rica_cloud_forest,2024-06-11,19.5,17.5,33.1,7.4,100
costa_rica_cloud_forest,2024-06-12,22.3,17.3,2.6,4.9,99
costa_rica_cloud_forest,2024-06-13,21.7,17.4,35.5,6.8,100
costa_rica_cloud_forest,2024-06-14,20.3,17.4,37.1,12.7,100
costa_rica_cloud_forest,2024-06-15,19.3,17.2,33.6,10.4,100
costa_rica_cloud_forest,2024-06-16,21.8,16.7,3.2,10.8,98
costa_rica_cloud_forest,2024-06-17,21.4,16.2,3.2,7.1,96
costa_rica_cloud_forest,2024-06-18,20.5,16.7,14.2,6.8,100
costa_rica_cloud_forest,2024-06-19,21.5,16.7,6.4,5.7,100
costa_rica_cloud_forest,2024-06-20,20.3,17.1,14.4,4.4,100
costa_rica_cloud_forest,2024-06-21,21.4,16.1,20.9,6.8,94
costa_rica_cloud_forest,2024-06-22,22.8,16.3,1.6,7.9,96
costa_rica_cloud_forest,2024-06-23,22.0,16.3,24.1,8.1,90
costa_rica_cloud_forest,2024-06-24,22.0,16.6,12.8,5.3,93
costa_rica_cloud_forest,2024-06-25,22.8,16.3,2.5,9.5,87
costa_rica_cloud_forest,2024-06-26,21.4,16.6,7.8,9.6,100
costa_rica_cloud_forest,2024-06-27,19.6,16.6,11.8,13.1,99
costa_rica_cloud_forest,2024-06-28,19.6,16.4,66.4,14.4,100
costa_rica_cloud_forest,2024-06-29,20.9,16.4,11.1,10.6,100
costa_rica_cloud_forest,2024-06-30,22.7,16.3,0.3,14.3,78
costa_rica_cloud_forest,2024-07-01,22.4,16.2,3.9,13.0,91
costa_rica_cloud_forest,2024-07-02,21.2,17.1,41.0,5.0,98
costa_rica_cloud_forest,2024-07-03,20.9,17.1,71.3,6.4,100
costa_rica_cloud_forest,2024-07-04,22.2,16.8,19.0,10.4,99
costa_rica_cloud_forest,2024-07-05,20.4,16.9,8.0,12.2,100
costa_rica_cloud_forest,2024-07-06,21.0,16.3,4.6,6.5,100
costa_rica_cloud_forest,2024-07-07,21.6,16.1,4.1,6.0,98
costa_rica_cloud_forest,2024-07-08,23.4,16.3,1.4,8.3,100
costa_rica_cloud_forest,2024-07-09,21.7,17.4,3.8,13.1,99
costa_rica_cloud_forest,2024-07-10,22.2,17.7,8.7,9.0,100
costa_rica_cloud_forest,2024-07-11,20.0,16.3,3.3,14.3,100
costa_rica_cloud_forest,2024-07-12,21.7,16.2,2.9,18.7,98
costa_rica_cloud_forest,2024-07-13,21.6,16.3,2.7,17.9,98
costa_rica_cloud_forest,2024-07-14,21.1,17.1,5.4,21.7,100
costa_rica_cloud_forest,2024-07-15,20.3,17.2,3.0,17.1,100
costa_rica_cloud_forest,2024-07-16,21.4,17.7,3.6,15.8,100
costa_rica_cloud_forest,2024-07-17,22.6,17.0,0.1,17.5,100
costa_rica_cloud_forest,2024-07-18,21.7,16.8,4.6,8.7,100
costa_rica_cloud_forest,2024-07-19,21.7,17.1,9.2,7.1,98
costa_rica_cloud_forest,2024-07-20,21.7,16.1,4.7,9.7,98
costa_rica_cloud_forest,2024-07-21,22.3,17.2,4.6,10.9,100
costa_rica_cloud_forest,2024-07-22,22.4,17.4,3.3,10.0,98
costa_rica_cloud_forest,2024-07-23,21.3,16.6,1.9,15.9,100
costa_rica_cloud_forest,2024-07-24,21.3,16.4,10.2,11.3,92
costa_rica_cloud_forest,2024-07-25,21.8,17.6,7.9,11.5,100
costa_rica_cloud_forest,2024-07-26,21.1,16.7,37.9,9.1,100
costa_rica_cloud_forest,2024-07-27,21.2,16.8,12.5,6.2,99
costa_rica_cloud_forest,2024-07-28,22.6,17.6,10.8,19.0,98
costa_rica_cloud_forest,2024-07-29,19.8,17.4,3.6,21.7,100
costa_rica_cloud_forest,2024-07-30,20.2,17.4,5.0,18.6,100
costa_rica_cloud_forest,2024-07-31,21.0,17.2,3.7,11.3,100
costa_rica_cloud_forest,2024-08-01,22.3,16.8,4.5,14.0,98
costa_rica_cloud_forest,2024-08-02,22.4,15.6,10.8,7.3,88
costa_rica_cloud_forest,2024-08-03,22.0,15.9,7.6,8.8,96
costa_rica_cloud_forest,2024-08-04,21.8,15.9,2.0,8.2,86
costa_rica_cloud_forest,2024-08-05,22.7,16.5,0.1,12.1,79
costa_rica_cloud_forest,2024-08-06,20.3,16.3,3.4,17.4,99
costa_rica_cloud_forest,2024-08-07,21.1,17.1,11.8,10.8,100
costa_rica_cloud_forest,2024-08-08,19.7,16.8,24.7,10.0,100
costa_rica_cloud_forest,2024-08-09,21.9,17.0,0.8,8.5,94
costa_rica_cloud_forest,2024-08-10,22.5,16.9,0.9,17.4,84
costa_rica_cloud_forest,2024-08-11,22.4,16.3,4.5,11.5,81
costa_rica_cloud_forest,2024-08-12,21.4,16.3,4.6,6.0,93
costa_rica_cloud_forest,2024-08-13,22.1,16.4,1.0,10.7,99
costa_rica_cloud_forest,2024-08-14,22.1,17.2,5.1,12.0,99
costa_rica_cloud_forest,2024-08-15,22.0,16.6,1.4,11.1,98
costa_rica_cloud_forest,2024-08-16,21.9,16.9,15.5,10.7,100
costa_rica_cloud_forest,2024-08-17,23.3,17.6,6.2,10.6,93
costa_rica_cloud_forest,2024-08-18,22.3,17.0,2.7,10.2,96
costa_rica_cloud_forest,2024-08-19,22.3,16.1,1.4,8.9,91
costa_rica_cloud_forest,2024-08-20,21.1,16.8,0.7,14.6,100
costa_rica_cloud_forest,2024-08-21,21.8,16.8,2.3,10.1,98
costa_rica_cloud_forest,2024-08-22,21.2,16.0,1.3,16.1,99
costa_rica_cloud_forest,2024-08-23,22.0,15.3,0.9,11.1,80
costa_rica_cloud_forest,2024-08-24,22.8,15.7,1.2,10.3,71
costa_rica_cloud_forest,2024-08-25,21.8,15.8,2.6,6.6,94
costa_rica_cloud_forest,2024-08-26,22.6,15.3,2.1,4.9,99
costa_rica_cloud_forest,2024-08-27,21.6,16.1,1.5,9.4,95
costa_rica_cloud_forest,2024-08-28,23.5,16.4,0.7,13.0,60
costa_rica_cloud_forest,2024-08-29,23.3,16.9,1.4,14.5,97
costa_rica_cloud_forest,2024-08-30,22.0,16.8,3.0,12.3,97
costa_rica_cloud_forest,2024-08-31,21.9,16.1,11.3,6.9,97
costa_rica_cloud_forest,2024-09-01,21.5,16.7,5.4,5.0,100
costa_rica_cloud_forest,2024-09-02,22.7,16.0,1.3,8.1,100
costa_rica_cloud_forest,2024-09-03,23.0,16.7,1.2,6.2,82
costa_rica_cloud_forest,2024-09-04,23.2,16.3,1.9,7.5,77
costa_rica_cloud_forest,2024-09-05,21.9,15.9,5.4,8.4,90
costa_rica_cloud_forest,2024-09-06,20.3,17.4,5.2,4.7,100
costa_rica_cloud_forest,2024-09-07,20.5,17.2,17.8,7.2,100
costa_rica_cloud_forest,2024-09-08,22.5,16.6,6.2,4.1,99
costa_rica_cloud_forest,2024-09-09,22.6,17.4,6.2,9.0,99
costa_rica_cloud_forest,2024-09-10,22.8,16.8,0.7,12.3,83
costa_rica_cloud_forest,2024-09-11,22.6,16.8,1.9,6.6,96
costa_rica_cloud_forest,2024-09-12,23.4,16.5,2.7,7.4,90
costa_rica_cloud_forest,2024-09-13,23.0,16.3,9.9,8.8,77
costa_rica_cloud_forest,2024-09-14,23.5,16.6,0.7,8.2,52
costa_rica_cloud_forest,2024-09-15,23.3,17.2,1.8,8.2,75
costa_rica_cloud_forest,2024-09-16,22.4,16.7,0.1,16.8,99
costa_rica_cloud_forest,2024-09-17,21.9,16.1,1.8,7.6,100
costa_rica_cloud_forest,2024-09-18,23.6,17.2,20.7,9.1,100
costa_rica_cloud_forest,2024-09-19,23.2,16.7,70.2,7.9,96
costa_rica_cloud_forest,2024-09-20,20.6,17.1,10.6,8.8,94
costa_rica_cloud_forest,2024-09-21,19.5,16.8,31.8,14.4,97
costa_rica_cloud_forest,2024-09-22,20.1,16.5,6.8,12.4,93
costa_rica_cloud_forest,2024-09-23,21.2,16.8,12.8,13.1,100
costa_rica_cloud_forest,2024-09-24,18.6,16.8,25.6,12.6,100
costa_rica_cloud_forest,2024-09-25,20.3,16.8,15.5,10.0,99
costa_rica_cloud_forest,2024-09-26,23.0,16.9,9.0,6.0,93
costa_rica_cloud_forest,2024-09-27,20.9,17.1,17.6,6.5,100
costa_rica_cloud_forest,2024-09-28,20.5,15.9,11.7,6.7,96
costa_rica_cloud_forest,2024-09-29,20.6,15.2,7.7,8.8,96
costa_rica_cloud_forest,2024-09-30,19.4,16.5,14.0,8.9,100
costa_rica_cloud_forest,2024-10-01,19.0,16.1,29.1,7.6,100
costa_rica_cloud_forest,2024-10-02,21.6,15.6,5.0,9.1,74
costa_rica_cloud_forest,2024-10-03,21.1,16.4,10.8,6.0,95
costa_rica_cloud_forest,2024-10-04,23.1,16.3,1.0,8.0,79
costa_rica_cloud_forest,2024-10-05,23.1,15.4,1.7,4.5,72
costa_rica_cloud_forest,2024-10-06,22.1,16.4,5.2,4.8,77
costa_rica_cloud_forest,2024-10-07,21.3,16.9,17.4,9.4,86
costa_rica_cloud_forest,2024-10-08,20.7,16.6,11.9,9.1,100
costa_rica_cloud_forest,2024-10-09,19.3,16.8,12.5,9.9,100
costa_rica_cloud_forest,2024-10-10,19.3,16.5,25.2,4.9,100
costa_rica_cloud_forest,2024-10-11,19.5,16.6,10.5,11.6,100
costa_rica_cloud_forest,2024-10-12,21.1,16.7,5.2,10.4,99
costa_rica_cloud_forest,2024-10-13,19.4,16.1,1.0,11.1,100
costa_rica_cloud_forest,2024-10-14,22.3,16.4,1.6,10.1,98
costa_rica_cloud_forest,2024-10-15,21.5,15.8,5.1,8.5,99
costa_rica_cloud_forest,2024-10-16,20.7,16.4,3.5,8.1,99
costa_rica_cloud_forest,2024-10-17,20.7,16.1,10.3,9.9,93
costa_rica_cloud_forest,2024-10-18,20.8,16.3,28.7,5.2,100
costa_rica_cloud_forest,2024-10-19,21.6,16.1,14.4,7.0,99
costa_rica_cloud_forest,2024-10-20,21.3,16.0,1.9,9.8,99
costa_rica_cloud_forest,2024-10-21,21.5,15.3,4.7,5.5,92
costa_rica_cloud_forest,2024-10-22,21.5,15.9,10.2,5.2,92
costa_rica_cloud_forest,2024-10-23,21.6,16.3,2.9,9.0,74
costa_rica_cloud_forest,2024-10-24,20.9,16.9,3.5,11.5,96
costa_rica_cloud_forest,2024-10-25,21.1,17.2,4.3,13.6,100
costa_rica_cloud_forest,2024-10-26,19.8,17.0,5.5,17.2,100
costa_rica_cloud_forest,2024-10-27,21.8,16.6,3.3,26.4,99
costa_rica_cloud_forest,2024-10-28,20.3,17.0,1.4,14.3,100
costa_rica_cloud_forest,2024-10-29,22.0,16.9,1.7,8.6,91
costa_rica_cloud_forest,2024-10-30,20.4,17.0,4.0,7.6,99
costa_rica_cloud_forest,2024-10-31,20.2,16.8,25.0,6.7,100
costa_rica_cloud_forest,2024-11-01,21.5,15.9,48.2,7.2,99
costa_rica_cloud_forest,2024-11-02,20.1,15.7,14.1,4.8,93
costa_rica_cloud_forest,2024-11-03,19.4,16.4,10.2,6.9,100
costa_rica_cloud_forest,2024-11-04,18.6,16.7,11.1,10.2,100
costa_rica_cloud_forest,2024-11-05,18.5,16.5,10.5,12.2,100
costa_rica_cloud_forest,2024-11-06,19.6,16.7,12.3,7.8,99
costa_rica_cloud_forest,2024-11-07,19.6,17.0,107.7,7.4,100
costa_rica_cloud_forest,2024-11-08,20.1,16.8,55.5,7.8,100
costa_rica_cloud_forest,2024-11-09,18.7,16.6,55.8,10.0,100
costa_rica_cloud_forest,2024-11-10,20.1,16.5,57.7,6.1,100
costa_rica_cloud_forest,2024-11-11,18.5,16.4,93.4,7.4,100
costa_rica_cloud_forest,2024-11-12,18.6,16.3,35.4,11.9,100
costa_rica_cloud_forest,2024-11-13,18.0,16.3,34.2,8.4,100
costa_rica_cloud_forest,2024-11-14,17.5,16.1,21.5,13.0,100
costa_rica_cloud_forest,2024-11-15,17.8,16.1,24.1,13.1,100
costa_rica_cloud_forest,2024-11-16,17.3,15.3,10.9,11.6,100
costa_rica_cloud_forest,2024-11-17,19.8,15.0,40.2,6.1,98
costa_rica_cloud_forest,2024-11-18,19.9,16.2,7.9,6.6,100
costa_rica_cloud_forest,2024-11-19,22.1,16.1,8.2,6.9,86
costa_rica_cloud_forest,2024-11-20,22.6,16.6,3.9,7.2,88
costa_rica_cloud_forest,2024-11-21,22.9,15.3,2.2,9.0,51
costa_rica_cloud_forest,2024-11-22,18.8,15.8,11.4,16.2,97
costa_rica_cloud_forest,2024-11-23,18.6,14.1,3.1,23.3,100
costa_rica_cloud_forest,2024-11-24,17.3,14.6,11.0,18.3,98
costa_rica_cloud_forest,2024-11-25,19.0,16.0,16.5,10.7,96
costa_rica_cloud_forest,2024-11-26,21.7,17.0,5.8,10.4,99
costa_rica_cloud_forest,2024-11-27,18.7,16.6,12.5,11.6,100
costa_rica_cloud_forest,2024-11-28,21.1,16.5,4.1,8.3,93
costa_rica_cloud_forest,2024-11-29,20.0,16.7,6.3,8.6,97
costa_rica_cloud_forest,2024-11-30,18.8,16.6,19.8,10.6,100
costa_rica_cloud_forest,2024-12-01,19.0,16.7,8.6,15.4,100
costa_rica_cloud_forest,2024-12-02,17.8,16.4,39.7,24.6,100
costa_rica_cloud_forest,2024-12-03,16.9,15.5,46.4,27.8,100
costa_rica_cloud_forest,2024-12-04,17.0,15.9,36.2,34.6,100
costa_rica_cloud_forest,2024-12-05,18.2,15.9,12.6,14.3,100
costa_rica_cloud_forest,2024-12-06,18.0,15.6,11.8,13.9,100
costa_rica_cloud_forest,2024-12-07,20.0,15.4,1.9,23.1,72
costa_rica_cloud_forest,2024-12-08,18.3,15.7,12.8,18.6,100
costa_rica_cloud_forest,2024-12-09,18.9,15.5,5.1,17.4,100
costa_rica_cloud_forest,2024-12-10,22.1,15.9,1.7,14.0,78
costa_rica_cloud_forest,2024-12-11,20.8,16.3,1.1,21.9,81
costa_rica_cloud_forest,2024-12-12,17.0,15.6,18.5,21.9,100
costa_rica_cloud_forest,2024-12-13,17.6,15.2,20.9,22.2,100
costa_rica_cloud_forest,2024-12-14,19.8,13.9,3.8,29.8,62
costa_rica_cloud_forest,2024-12-15,18.2,15.2,7.1,17.8,86
costa_rica_cloud_forest,2024-12-16,20.0,15.1,1.6,14.3,93
costa_rica_cloud_forest,2024-12-17,21.1,15.7,0.4,15.8,69
costa_rica_cloud_forest,2024-12-18,19.5,15.7,3.8,16.5,98
costa_rica_cloud_forest,2024-12-19,18.2,16.5,8.9,18.9,100
costa_rica_cloud_forest,2024-12-20,18.0,16.3,20.1,18.6,100
costa_rica_cloud_forest,2024-12-21,17.7,15.5,24.2,20.1,100
costa_rica_cloud_forest,2024-12-22,18.5,15.4,7.0,29.9,98
costa_rica_cloud_forest,2024-12-23,17.0,14.9,20.1,27.1,100
costa_rica_cloud_forest,2024-12-24,18.1,16.0,13.7,15.8,100
costa_rica_cloud_forest,2024-12-25,18.5,15.7,3.6,13.8,100
costa_rica_cloud_forest,2024-12-26,21.1,15.1,8.3,9.3,97
costa_rica_cloud_forest,2024-12-27,21.9,15.5,1.9,5.1,92
costa_rica_cloud_forest,2024-12-28,21.4,15.8,6.8,4.6,99
costa_rica_cloud_forest,2024-12-29,18.9,16.3,17.6,8.3,100
costa_rica_cloud_forest,2024-12-30,21.0,15.7,2.1,9.3,100
costa_rica_cloud_forest,2024-12-31,20.2,13.9,0.6,14.4,99
costa_rica_cloud_forest,2025-01-01,20.5,15.7,2.4,11.3,100
costa_rica_cloud_forest,2025-01-02,20.2,15.3,2.3,14.1,89
costa_rica_cloud_forest,2025-01-03,18.1,15.4,10.0,16.8,100
costa_rica_cloud_forest,2025-01-04,16.8,15.5,17.5,17.0,100
costa_rica_cloud_forest,2025-01-05,19.3,15.5,1.8,12.9,98
costa_rica_cloud_forest,2025-01-06,20.7,15.7,2.9,10.9,99
costa_rica_cloud_forest,2025-01-07,18.5,16.3,13.8,16.2,100
costa_rica_cloud_forest,2025-01-08,17.1,15.6,45.9,16.8,100
costa_rica_cloud_forest,2025-01-09,16.9,15.5,38.2,15.6,100
costa_rica_cloud_forest,2025-01-10,22.1,13.5,1.7,7.8,100
costa_rica_cloud_forest,2025-01-11,21.2,15.3,0.3,17.9,84
costa_rica_cloud_forest,2025-01-12,21.8,14.1,0.7,15.8,93
costa_rica_cloud_forest,2025-01-13,19.6,14.3,1.1,21.1,100
costa_rica_cloud_forest,2025-01-14,19.7,13.1,5.7,18.4,100
costa_rica_cloud_forest,2025-01-15,17.6,15.2,24.9,28.4,97
costa_rica_cloud_forest,2025-01-16,16.9,14.8,7.9,20.8,100
costa_rica_cloud_forest,2025-01-17,16.9,14.8,5.9,18.3,100
costa_rica_cloud_forest,2025-01-18,20.0,14.8,4.1,13.1,87
costa_rica_cloud_forest,2025-01-19,22.4,13.4,0.0,10.5,36
costa_rica_cloud_forest,2025-01-20,19.5,14.3,2.2,15.7,72
costa_rica_cloud_forest,2025-01-21,20.1,15.2,1.3,14.8,90
costa_rica_cloud_forest,2025-01-22,19.0,15.0,4.0,21.2,93
costa_rica_cloud_forest,2025-01-23,18.7,14.9,4.5,20.8,97
costa_rica_cloud_forest,2025-01-24,18.1,15.3,7.7,27.7,97
costa_rica_cloud_forest,2025-01-25,16.6,14.8,27.2,31.2,100
costa_rica_cloud_forest,2025-01-26,18.0,15.1,10.7,28.7,96
costa_rica_cloud_forest,2025-01-27,20.8,13.7,0.5,28.5,64
costa_rica_cloud_forest,2025-01-28,19.8,14.7,3.4,27.8,97
costa_rica_cloud_forest,2025-01-29,20.8,15.1,2.7,23.0,99
costa_rica_cloud_forest,2025-01-30,20.5,15.0,0.3,21.7,66
costa_rica_cloud_forest,2025-01-31,20.9,15.3,6.6,25.3,87
costa_rica_cloud_forest,2025-02-01,19.6,15.1,6.0,31.9,92
costa_rica_cloud_forest,2025-02-02,20.4,14.9,0.5,30.4,65
costa_rica_cloud_forest,2025-02-03,20.1,14.8,0.6,27.0,97
costa_rica_cloud_forest,2025-02-04,20.4,14.7,0.7,26.1,90
costa_rica_cloud_forest,2025-02-05,19.4,15.2,2.0,19.2,96
costa_rica_cloud_forest,2025-02-06,18.4,15.0,4.1,22.2,99
costa_rica_cloud_forest,2025-02-07,20.1,14.9,1.9,21.9,67
costa_rica_cloud_forest,2025-02-08,21.8,13.9,0.0,14.2,44
costa_rica_cloud_forest,2025-02-09,20.1,13.9,1.2,18.6,60
costa_rica_cloud_forest,2025-02-10,20.7,15.1,1.3,21.2,92
costa_rica_cloud_forest,2025-02-11,20.0,14.2,0.5,15.6,99
costa_rica_cloud_forest,2025-02-12,20.9,15.1,2.9,12.2,95
costa_rica_cloud_forest,2025-02-13,21.3,15.1,4.1,17.9,95
costa_rica_cloud_forest,2025-02-14,19.9,14.3,4.3,14.1,96
costa_rica_cloud_forest,2025-02-15,20.6,15.1,2.7,14.2,100
costa_rica_cloud_forest,2025-02-16,20.8,15.0,0.3,11.1,100
costa_rica_cloud_forest,2025-02-17,20.5,15.2,1.4,14.0,97
costa_rica_cloud_forest,2025-02-18,21.7,15.4,1.5,11.7,87
costa_rica_cloud_forest,2025-02-19,21.4,14.2,2.6,10.7,91
costa_rica_cloud_forest,2025-02-20,18.1,15.6,1.6,17.3,99
costa_rica_cloud_forest,2025-02-21,17.2,15.1,8.3,24.7,96
costa_rica_cloud_forest,2025-02-22,19.5,14.8,2.2,24.9,82
costa_rica_cloud_forest,2025-02-23,20.3,14.1,0.1,25.2,59
costa_rica_cloud_forest,2025-02-24,22.2,13.2,0.3,12.0,72
costa_rica_cloud_forest,2025-02-25,24.1,13.2,1.3,8.9,49
costa_rica_cloud_forest,2025-02-26,22.7,14.3,0.0,13.6,83
costa_rica_cloud_forest,2025-02-27,22.2,13.7,0.0,14.0,56
costa_rica_cloud_forest,2025-02-28,21.2,14.0,1.9,20.6,82
costa_rica_cloud_forest,2025-03-01,22.0,13.7,0.1,17.5,34
costa_rica_cloud_forest,2025-03-02,21.4,14.6,0.0,20.4,50
costa_rica_cloud_forest,2025-03-03,22.0,14.2,0.2,16.1,58
costa_rica_cloud_forest,2025-03-04,23.0,13.6,0.0,12.5,49
costa_rica_cloud_forest,2025-03-05,23.3,13.5,0.0,13.1,40
costa_rica_cloud_forest,2025-03-06,22.6,12.6,0.0,15.1,95
costa_rica_cloud_forest,2025-03-07,22.2,12.9,0.1,15.5,62
costa_rica_cloud_forest,2025-03-08,24.9,13.9,0.4,11.2,72
costa_rica_cloud_forest,2025-03-09,25.0,14.4,0.0,8.4,64
costa_rica_cloud_forest,2025-03-10,22.7,13.6,0.0,16.8,71
costa_rica_cloud_forest,2025-03-11,22.4,13.8,0.0,15.0,3
costa_rica_cloud_forest,2025-03-12,22.9,12.4,0.0,10.7,58
costa_rica_cloud_forest,2025-03-13,23.0,12.8,2.7,9.6,66
costa_rica_cloud_forest,2025-03-14,24.2,13.4,0.2,7.6,73
costa_rica_cloud_forest,2025-03-15,23.5,15.3,2.6,6.5,82
costa_rica_cloud_forest,2025-03-16,24.4,16.0,5.0,5.5,100
costa_rica_cloud_forest,2025-03-17,22.3,14.7,0.0,21.5,60
costa_rica_cloud_forest,2025-03-18,21.3,14.7,0.0,23.2,70
costa_rica_cloud_forest,2025-03-19,23.2,13.9,0.0,16.8,77
costa_rica_cloud_forest,2025-03-20,23.0,12.9,0.2,21.1,70
costa_rica_cloud_forest,2025-03-21,20.7,14.9,1.8,27.2,87
costa_rica_cloud_forest,2025-03-22,20.5,15.0,8.7,23.9,100
costa_rica_cloud_forest,2025-03-23,21.1,15.7,4.9,26.4,88
costa_rica_cloud_forest,2025-03-24,22.0,15.7,13.7,20.5,100
costa_rica_cloud_forest,2025-03-25,21.0,16.2,2.2,21.3,100
costa_rica_cloud_forest,2025-03-26,20.4,15.7,2.8,22.2,100
costa_rica_cloud_forest,2025-03-27,20.5,15.5,1.5,23.3,100
costa_rica_cloud_forest,2025-03-28,21.2,15.3,1.4,16.7,100
costa_rica_cloud_forest,2025-03-29,22.5,15.7,1.0,11.9,90
costa_rica_cloud_forest,2025-03-30,22.7,14.1,1.4,10.2,92
costa_rica_cloud_forest,2025-03-31,22.7,14.4,3.4,10.6,98
costa_rica_cloud_forest,2025-04-01,23.3,14.5,0.0,10.2,67
costa_rica_cloud_forest,2025-04-02,24.1,13.2,0.0,10.9,69
costa_rica_cloud_forest,2025-04-03,23.5,13.0,0.5,11.8,53
costa_rica_cloud_forest,2025-04-04,21.8,16.0,4.8,16.1,96
costa_rica_cloud_forest,2025-04-05,22.3,16.3,4.5,15.7,96
costa_rica_cloud_forest,2025-04-06,22.0,16.2,6.2,11.5,97
costa_rica_cloud_forest,2025-04-07,23.6,15.5,6.0,7.2,90
costa_rica_cloud_forest,2025-04-08,24.8,15.5,0.0,6.7,46
costa_rica_cloud_forest,2025-04-09,22.1,15.0,2.9,23.2,98
costa_rica_cloud_forest,2025-04-10,20.3,15.4,3.3,25.1,100
costa_rica_cloud_forest,2025-04-11,20.1,15.0,6.2,22.4,100
costa_rica_cloud_forest,2025-04-12,19.7,14.8,2.4,22.3,97
costa_rica_cloud_forest,2025-04-13,17.8,13.9,5.2,23.7,100
costa_rica_cloud_forest,2025-04-14,18.7,15.4,10.0,23.4,100
costa_rica_cloud_forest,2025-04-15,21.9,16.0,2.9,21.2,98
costa_rica_cloud_forest,2025-04-16,20.5,15.3,2.5,27.8,92
costa_rica_cloud_forest,2025-04-17,20.5,16.0,4.5,25.6,100
costa_rica_cloud_forest,2025-04-18,19.8,16.2,7.6,24.2,100
costa_rica_cloud_forest,2025-04-19,21.5,16.1,2.9,20.7,95
costa_rica_cloud_forest,2025-04-20,22.4,16.5,5.5,23.2,97
costa_rica_cloud_forest,2025-04-21,20.8,16.9,4.9,16.8,98
costa_rica_cloud_forest,2025-04-22,21.6,15.3,6.4,11.3,100
costa_rica_cloud_forest,2025-04-23,22.6,14.9,1.8,9.8,80
costa_rica_cloud_forest,2025-04-24,23.0,14.7,0.0,11.2,81
costa_rica_cloud_forest,2025-04-25,22.8,13.7,0.0,9.8,84
costa_rica_cloud_forest,2025-04-26,22.7,13.2,0.9,10.9,83
costa_rica_cloud_forest,2025-04-27,21.9,13.5,2.8,14.8,91
costa_rica_cloud_forest,2025-04-28,20.9,14.5,4.3,17.0,89
costa_rica_cloud_forest,2025-04-29,20.9,16.1,4.9,15.8,100
costa_rica_cloud_forest,2025-04-30,21.5,16.1,3.8,16.6,100
costa_rica_cloud_forest,2025-05-01,23.9,15.3,1.8,7.5,100
costa_rica_cloud_forest,2025-05-02,22.5,16.0,6.8,4.8,100
costa_rica_cloud_forest,2025-05-03,23.5,16.2,1.2,4.0,99
costa_rica_cloud_forest,2025-05-04,23.9,16.0,3.1,6.0,91
costa_rica_cloud_forest,2025-05-05,24.3,14.9,1.1,7.8,91
costa_rica_cloud_forest,2025-05-06,23.9,16.0,1.5,6.6,86
costa_rica_cloud_forest,2025-05-07,22.9,15.6,5.3,5.2,80
costa_rica_cloud_forest,2025-05-08,22.1,16.0,3.1,7.9,73
costa_rica_cloud_forest,2025-05-09,22.5,16.1,2.0,9.3,98
costa_rica_cloud_forest,2025-05-10,22.2,17.0,2.1,14.1,99
costa_rica_cloud_forest,2025-05-11,22.8,17.2,2.2,15.2,98
costa_rica_cloud_forest,2025-05-12,22.7,18.0,3.3,16.1,100
costa_rica_cloud_forest,2025-05-13,20.2,17.5,3.1,13.2,100
costa_rica_cloud_forest,2025-05-14,22.8,16.3,4.3,11.4,98
costa_rica_cloud_forest,2025-05-15,22.8,16.6,15.0,10.2,95
costa_rica_cloud_forest,2025-05-16,24.2,16.5,14.3,9.5,98
costa_rica_cloud_forest,2025-05-17,22.8,16.0,2.7,8.5,81
costa_rica_cloud_forest,2025-05-18,23.2,15.7,2.2,6.6,90
costa_rica_cloud_forest,2025-05-19,23.0,16.2,2.4,9.8,76
costa_rica_cloud_forest,2025-05-20,22.4,16.2,2.8,8.0,85
costa_rica_cloud_forest,2025-05-21,22.9,17.4,1.2,11.7,87
costa_rica_cloud_forest,2025-05-22,21.5,17.4,3.1,13.0,100
costa_rica_cloud_forest,2025-05-23,22.3,17.8,8.3,12.8,99
costa_rica_cloud_forest,2025-05-24,20.1,17.2,4.3,16.4,100
costa_rica_cloud_forest,2025-05-25,20.0,17.3,4.3,14.1,100
costa_rica_cloud_forest,2025-05-26,20.3,16.8,1.5,15.8,100
costa_rica_cloud_forest,2025-05-27,23.4,16.7,2.3,16.3,99
costa_rica_cloud_forest,2025-05-28,22.0,17.5,7.1,14.7,98
costa_rica_cloud_forest,2025-05-29,21.6,17.6,4.8,14.3,99
costa_rica_cloud_forest,2025-05-30,21.7,16.7,3.2,15.6,100
costa_rica_cloud_forest,2025-05-31,22.1,16.8,6.4,9.4,100
costa_rica_cloud_forest,2025-06-01,23.1,16.6,24.5,7.6,99
costa_rica_cloud_forest,2025-06-02,22.6,16.8,2.1,5.7,98
costa_rica_cloud_forest,2025-06-03,23.3,16.2,23.8,5.6,89
costa_rica_cloud_forest,2025-06-04,22.3,16.6,27.8,7.2,91
costa_rica_cloud_forest,2025-06-05,20.7,17.0,1.5,10.7,100
costa_rica_cloud_forest,2025-06-06,22.8,16.4,3.2,12.9,100
costa_rica_cloud_forest,2025-06-07,21.6,17.3,4.5,11.7,100
costa_rica_cloud_forest,2025-06-08,23.4,16.6,2.6,9.8,98
costa_rica_cloud_forest,2025-06-09,22.1,16.8,12.2,13.4,97
costa_rica_cloud_forest,2025-06-10,22.3,16.0,0.4,11.1,99
costa_rica_cloud_forest,2025-06-11,21.4,15.4,3.7,10.7,100
costa_rica_cloud_forest,2025-06-12,21.6,14.7,10.3,8.2,100
costa_rica_cloud_forest,2025-06-13,21.3,16.1,26.2,8.8,99
costa_rica_cloud_forest,2025-06-14,20.8,16.4,7.1,8.4,100
costa_rica_cloud_forest,2025-06-15,21.7,16.6,4.5,8.2,89
costa_rica_cloud_forest,2025-06-16,20.6,16.4,15.3,11.5,100
costa_rica_cloud_forest,2025-06-17,21.0,16.6,12.4,9.2,100
costa_rica_cloud_forest,2025-06-18,23.5,16.1,1.0,15.5,91
costa_rica_cloud_forest,2025-06-19,21.6,17.5,1.7,18.6,100
costa_rica_cloud_forest,2025-06-20,21.6,17.3,4.0,17.3,99
costa_rica_cloud_forest,2025-06-21,21.3,17.1,2.6,12.7,100
costa_rica_cloud_forest,2025-06-22,21.2,16.2,28.4,8.1,100
costa_rica_cloud_forest,2025-06-23,20.9,16.0,4.6,13.1,100
costa_rica_cloud_forest,2025-06-24,19.9,15.5,10.4,16.4,100
costa_rica_cloud_forest,2025-06-25,23.4,16.7,24.7,5.1,100
costa_rica_cloud_forest,2025-06-26,21.1,17.0,31.3,6.4,97
costa_rica_cloud_forest,2025-06-27,21.9,17.0,15.4,8.1,94
costa_rica_cloud_forest,2025-06-28,21.7,16.4,2.2,10.1,96
costa_rica_cloud_forest,2025-06-29,21.0,16.9,3.7,14.5,99
costa_rica_cloud_forest,2025-06-30,19.9,16.8,1.2,15.0,100
costa_rica_cloud_forest,2025-07-01,18.9,16.5,10.1,16.3,100
costa_rica_cloud_forest,2025-07-02,18.9,16.5,13.3,14.5,100
costa_rica_cloud_forest,2025-07-03,20.0,16.8,4.4,14.1,100
costa_rica_cloud_forest,2025-07-04,21.8,15.4,1.2,8.9,99
costa_rica_cloud_forest,2025-07-05,22.1,15.6,4.4,9.5,98
costa_rica_cloud_forest,2025-07-06,21.8,15.7,0.9,8.9,95
costa_rica_cloud_forest,2025-07-07,21.4,15.3,5.2,16.7,98
costa_rica_cloud_forest,2025-07-08,20.8,16.1,1.3,23.2,80
costa_rica_cloud_forest,2025-07-09,22.9,14.8,1.8,14.2,47
costa_rica_cloud_forest,2025-07-10,21.4,16.2,2.9,13.8,98
costa_rica_cloud_forest,2025-07-11,19.8,16.3,8.7,15.7,100
costa_rica_cloud_forest,2025-07-12,22.2,16.8,3.2,13.7,100
costa_rica_cloud_forest,2025-07-13,22.1,15.9,1.9,12.8,99
costa_rica_cloud_forest,2025-07-14,20.8,16.9,6.9,25.9,100
costa_rica_cloud_forest,2025-07-15,20.2,16.0,2.1,23.7,81
costa_rica_cloud_forest,2025-07-16,22.0,15.8,0.3,22.5,47
costa_rica_cloud_forest,2025-07-17,19.8,16.7,5.9,20.7,100
costa_rica_cloud_forest,2025-07-18,20.1,16.6,7.4,25.6,100
costa_rica_cloud_forest,2025-07-19,18.1,16.8,12.3,29.5,100
costa_rica_cloud_forest,2025-07-20,20.8,16.5,2.2,27.6,81
costa_rica_cloud_forest,2025-07-21,18.8,16.2,4.5,18.1,99
costa_rica_cloud_forest,2025-07-22,19.5,16.6,5.9,12.5,100
costa_rica_cloud_forest,2025-07-23,19.1,16.5,2.2,16.5,100
costa_rica_cloud_forest,2025-07-24,23.6,15.7,1.4,16.1,81
costa_rica_cloud_forest,2025-07-25,20.2,16.5,1.4,8.9,98
costa_rica_cloud_forest,2025-07-26,21.0,16.8,2.8,10.9,99
costa_rica_cloud_forest,2025-07-27,19.7,16.5,3.4,11.5,100
costa_rica_cloud_forest,2025-07-28,21.7,16.7,4.7,9.9,100
costa_rica_cloud_forest,2025-07-29,23.1,16.9,5.1,15.1,96
costa_rica_cloud_forest,2025-07-30,21.7,17.0,1.2,15.3,100
costa_rica_cloud_forest,2025-07-31,22.3,16.4,3.5,28.3,72
costa_rica_cloud_forest,2025-08-01,21.9,16.0,2.0,23.6,96
costa_rica_cloud_forest,2025-08-02,20.8,16.3,4.2,17.5,100
costa_rica_cloud_forest,2025-08-03,19.4,15.9,1.8,19.2,100
costa_rica_cloud_forest,2025-08-04,19.9,16.1,14.5,7.9,96
costa_rica_cloud_forest,2025-08-05,20.4,15.3,8.3,8.6,94
costa_rica_cloud_forest,2025-08-06,21.7,15.8,1.2,19.0,82
costa_rica_cloud_forest,2025-08-07,22.5,15.4,2.1,21.4,72
costa_rica_cloud_forest,2025-08-08,22.2,16.0,2.0,12.8,82
costa_rica_cloud_forest,2025-08-09,23.1,15.0,0.4,12.1,74
costa_rica_cloud_forest,2025-08-10,22.5,15.1,1.2,7.1,99
costa_rica_cloud_forest,2025-08-11,22.5,16.1,1.8,11.2,100
costa_rica_cloud_forest,2025-08-12,23.0,16.0,5.1,8.1,94
costa_rica_cloud_forest,2025-08-13,22.1,17.1,2.1,14.6,100
costa_rica_cloud_forest,2025-08-14,20.6,16.0,7.6,16.6,100
costa_rica_cloud_forest,2025-08-15,22.6,15.0,0.4,10.8,100
costa_rica_cloud_forest,2025-08-16,22.4,15.0,2.8,9.6,62
costa_rica_cloud_forest,2025-08-17,22.9,15.3,1.8,7.3,74
costa_rica_cloud_forest,2025-08-18,21.5,15.4,11.9,8.6,72
costa_rica_cloud_forest,2025-08-19,24.3,15.5,5.3,7.6,43
costa_rica_cloud_forest,2025-08-20,23.2,14.9,0.4,11.0,82
costa_rica_cloud_forest,2025-08-21,22.0,16.7,1.4,11.1,94
costa_rica_cloud_forest,2025-08-22,21.9,15.6,3.7,11.2,92
costa_rica_cloud_forest,2025-08-23,22.3,15.9,2.7,13.5,89
costa_rica_cloud_forest,2025-08-24,19.9,15.9,2.8,9.3,100
costa_rica_cloud_forest,2025-08-25,22.3,16.4,3.7,16.4,97
costa_rica_cloud_forest,2025-08-26,20.0,16.5,4.1,19.6,100
costa_rica_cloud_forest,2025-08-27,23.5,16.9,5.8,9.4,100
costa_rica_cloud_forest,2025-08-28,19.7,17.4,5.6,13.3,100
costa_rica_cloud_forest,2025-08-29,21.8,16.3,12.6,9.4,100
costa_rica_cloud_forest,2025-08-30,22.8,16.4,2.8,9.7,87
costa_rica_cloud_forest,2025-08-31,21.9,15.9,1.2,17.2,89
costa_rica_cloud_forest,2025-09-01,20.2,16.0,6.6,16.5,100
costa_rica_cloud_forest,2025-09-02,22.8,16.4,0.6,9.8,100
costa_rica_cloud_forest,2025-09-03,22.0,16.8,6.6,11.7,100
costa_rica_cloud_forest,2025-09-04,21.6,16.3,2.5,14.2,99
costa_rica_cloud_forest,2025-09-05,19.1,16.1,7.7,12.1,100
costa_rica_cloud_forest,2025-09-06,23.2,15.4,0.3,9.6,88
costa_rica_cloud_forest,2025-09-07,20.4,14.8,7.3,8.9,72
costa_rica_cloud_forest,2025-09-08,22.6,15.7,1.6,4.9,92
costa_rica_cloud_forest,2025-09-09,23.6,16.4,4.4,7.3,93
costa_rica_cloud_forest,2025-09-10,24.2,16.0,1.7,9.0,72
costa_rica_cloud_forest,2025-09-11,22.4,16.9,2.9,16.2,98
costa_rica_cloud_forest,2025-09-12,22.9,16.9,0.7,8.6,91
costa_rica_cloud_forest,2025-09-13,21.1,16.4,6.1,5.8,86
costa_rica_cloud_forest,2025-09-14,23.3,16.1,1.6,6.6,90
costa_rica_cloud_forest,2025-09-15,21.3,16.4,8.3,7.5,96
costa_rica_cloud_forest,2025-09-16,22.6,17.0,2.6,10.5,98
costa_rica_cloud_forest,2025-09-17,21.2,16.2,14.9,7.6,100
costa_rica_cloud_forest,2025-09-18,19.9,16.6,9.0,8.4,100
costa_rica_cloud_forest,2025-09-19,20.4,16.3,8.6,6.6,87
costa_rica_cloud_forest,2025-09-20,22.7,16.2,3.3,5.8,62
costa_rica_cloud_forest,2025-09-21,23.7,16.1,2.2,9.8,68
costa_rica_cloud_forest,2025-09-22,21.7,16.2,5.4,5.9,94
costa_rica_cloud_forest,2025-09-23,23.2,15.7,1.5,10.5,74
costa_rica_cloud_forest,2025-09-24,22.8,16.7,0.9,15.0,98
costa_rica_cloud_forest,2025-09-25,23.0,16.6,4.1,8.6,99
costa_rica_cloud_forest,2025-09-26,22.7,15.6,3.0,7.6,96
costa_rica_cloud_forest,2025-09-27,20.8,16.0,19.8,7.2,100
costa_rica_cloud_forest,2025-09-28,23.3,16.4,39.9,6.8,96
costa_rica_cloud_forest,2025-09-29,19.8,16.1,6.4,6.8,92
costa_rica_cloud_forest,2025-09-30,22.5,15.5,7.1,7.5,98
costa_rica_cloud_forest,2025-10-01,22.7,15.7,2.4,8.3,98
costa_rica_cloud_forest,2025-10-02,22.2,15.2,6.1,7.8,98
costa_rica_cloud_forest,2025-10-03,22.8,15.7,31.4,7.0,93
costa_rica_cloud_forest,2025-10-04,20.1,16.1,36.6,8.9,100
costa_rica_cloud_forest,2025-10-05,19.9,15.7,25.6,10.8,97
costa_rica_cloud_forest,2025-10-06,21.6,15.9,7.4,7.9,99
costa_rica_cloud_forest,2025-10-07,23.0,15.8,2.9,7.6,87
costa_rica_cloud_forest,2025-10-08,23.1,15.7,4.3,10.5,74
costa_rica_cloud_forest,2025-10-09,22.1,16.4,3.0,9.8,91
costa_rica_cloud_forest,2025-10-10,22.4,15.5,3.4,12.6,76
costa_rica_cloud_forest,2025-10-11,17.9,16.0,27.3,14.4,100
costa_rica_cloud_forest,2025-10-12,17.7,16.0,26.6,12.3,100
costa_rica_cloud_forest,2025-10-13,21.6,16.2,14.0,6.9,97
costa_rica_cloud_forest,2025-10-14,22.5,16.0,12.4,8.5,97
costa_rica_cloud_forest,2025-10-15,22.9,15.2,2.3,9.2,84
costa_rica_cloud_forest,2025-10-16,21.7,15.6,20.7,7.4,98
costa_rica_cloud_forest,2025-10-17,20.6,15.5,6.3,7.3,98
costa_rica_cloud_forest,2025-10-18,21.3,16.3,10.3,8.6,97
costa_rica_cloud_forest,2025-10-19,22.3,15.8,14.6,9.3,98
costa_rica_cloud_forest,2025-10-20,21.0,15.3,2.1,9.5,88
costa_rica_cloud_forest,2025-10-21,20.2,15.7,6.5,10.9,97
costa_rica_cloud_forest,2025-10-22,22.0,16.2,2.0,9.3,89
costa_rica_cloud_forest,2025-10-23,23.2,15.8,0.5,5.0,83
costa_rica_cloud_forest,2025-10-24,19.8,16.0,16.3,4.4,100
costa_rica_cloud_forest,2025-10-25,22.6,16.5,2.3,7.6,100
costa_rica_cloud_forest,2025-10-26,20.0,16.4,4.1,6.9,100
costa_rica_cloud_forest,2025-10-27,21.0,16.6,8.3,7.5,100
costa_rica_cloud_forest,2025-10-28,19.3,16.4,1.4,9.5,100
costa_rica_cloud_forest,2025-10-29,21.7,17.1,16.4,6.7,98
costa_rica_cloud_forest,2025-10-30,20.6,16.6,3.8,11.3,100
costa_rica_cloud_forest,2025-10-31,18.3,15.7,9.8,21.7,100
costa_rica_cloud_forest,2025-11-01,18.5,15.6,27.8,12.0,100
costa_rica_cloud_forest,2025-11-02,19.1,16.5,12.3,8.1,100
costa_rica_cloud_forest,2025-11-03,21.0,15.9,15.7,9.0,100
costa_rica_cloud_forest,2025-11-04,20.1,16.3,3.0,11.3,100
costa_rica_cloud_forest,2025-11-05,21.5,15.5,0.6,13.2,93
costa_rica_cloud_forest,2025-11-06,22.6,15.8,0.4,9.3,74
costa_rica_cloud_forest,2025-11-07,22.7,15.4,2.1,10.2,97
costa_rica_cloud_forest,2025-11-08,22.0,16.6,2.9,12.2,100
costa_rica_cloud_forest,2025-11-09,21.9,16.8,3.7,16.5,95
costa_rica_cloud_forest,2025-11-10,21.1,16.6,2.3,16.0,100
costa_rica_cloud_forest,2025-11-11,20.7,16.8,7.7,12.0,100
costa_rica_cloud_forest,2025-11-12,19.3,16.2,2.2,10.0,100
costa_rica_cloud_forest,2025-11-13,19.4,15.7,3.2,12.9,100
costa_rica_cloud_forest,2025-11-14,22.0,15.1,1.9,16.7,91
costa_rica_cloud_forest,2025-11-15,21.6,15.5,1.8,11.1,97
costa_rica_cloud_forest,2025-11-16,22.0,15.0,0.6,9.4,100
costa_rica_cloud_forest,2025-11-17,22.7,14.4,0.1,10.7,72
costa_rica_cloud_forest,2025-11-18,22.2,13.6,0.0,13.3,62
costa_rica_cloud_forest,2025-11-19,20.9,14.4,0.0,16.4,47
costa_rica_cloud_forest,2025-11-20,18.3,14.9,9.7,14.3,100
costa_rica_cloud_forest,2025-11-21,19.5,15.3,1.3,18.0,83
costa_rica_cloud_forest,2025-11-22,20.5,15.5,1.0,17.9,97
costa_rica_cloud_forest,2025-11-23,19.9,16.0,3.2,20.7,92
costa_rica_cloud_forest,2025-11-24,21.2,15.1,0.8,21.8,58
costa_rica_cloud_forest,2025-11-25,21.6,15.1,1.4,16.6,84
costa_rica_cloud_forest,2025-11-26,18.3,16.5,13.5,19.5,100
costa_rica_cloud_forest,2025-11-27,17.9,15.8,23.6,24.1,100
costa_rica_cloud_forest,2025-11-28,16.9,14.9,21.1,27.0,100
costa_rica_cloud_forest,2025-11-29,18.3,14.5,2.6,19.3,100
costa_rica_cloud_forest,2025-11-30,20.3,15.4,2.0,15.4,95
costa_rica_cloud_forest,2025-12-01,19.0,16.0,2.3,12.8,100
costa_rica_cloud_forest,2025-12-02,22.1,14.6,2.3,10.2,88
costa_rica_cloud_forest,2025-12-03,18.7,14.8,1.5,15.6,100
costa_rica_cloud_forest,2025-12-04,20.6,14.5,0.5,17.2,90
costa_rica_cloud_forest,2025-12-05,21.6,13.9,0.0,15.1,82
costa_rica_cloud_forest,2025-12-06,22.2,13.4,0.7,8.8,74
costa_rica_cloud_forest,2025-12-07,21.4,14.5,4.2,3.6,99
costa_rica_cloud_forest,2025-12-08,22.0,14.8,0.7,7.4,90
costa_rica_cloud_forest,2025-12-09,21.5,15.2,0.4,13.6,89
costa_rica_cloud_forest,2025-12-10,21.5,14.5,1.8,14.6,86
costa_rica_cloud_forest,2025-12-11,19.1,15.2,7.8,18.2,84
costa_rica_cloud_forest,2025-12-12,21.3,14.8,0.2,16.4,81
costa_rica_cloud_forest,2025-12-13,18.5,15.5,5.8,15.4,97
costa_rica_cloud_forest,2025-12-14,20.6,14.9,3.6,12.7,99
costa_rica_cloud_forest,2025-12-15,19.3,15.0,3.2,16.3,100
costa_rica_cloud_forest,2025-12-16,19.5,14.7,4.3,11.5,94
costa_rica_cloud_forest,2025-12-17,21.4,14.4,0.7,13.7,78
costa_rica_cloud_forest,2025-12-18,21.4,13.7,0.0,10.8,63
costa_rica_cloud_forest,2025-12-19,20.3,12.9,0.8,21.5,94
costa_rica_cloud_forest,2025-12-20,19.4,15.2,2.0,18.6,83
costa_rica_cloud_forest,2025-12-21,19.2,14.4,0.9,27.2,54
costa_rica_cloud_forest,2025-12-22,19.0,14.2,0.2,26.2,44
costa_rica_cloud_forest,2025-12-23,19.1,13.8,1.1,27.0,71
costa_rica_cloud_forest,2025-12-24,20.1,13.8,1.1,21.7,67
costa_rica_cloud_forest,2025-12-25,18.5,15.0,2.7,21.1,93
costa_rica_cloud_forest,2025-12-26,18.6,14.4,1.8,14.1,96
costa_rica_cloud_forest,2025-12-27,19.9,14.4,0.2,15.4,92
costa_rica_cloud_forest,2025-12-28,19.8,14.4,0.9,18.3,93
costa_rica_cloud_forest,2025-12-29,20.4,14.2,1.0,18.2,80
costa_rica_cloud_forest,2025-12-30,19.5,14.7,1.8,26.4,96
costa_rica_cloud_forest,2025-12-31,17.4,15.0,6.4,27.7,97
costa_rica_cloud_forest,2026-01-01,18.4,14.9,14.2,27.5,100
costa_rica_cloud_forest,2026-01-02,16.8,13.9,3.1,24.2,100
costa_rica_cloud_forest,2026-01-03,21.5,15.0,1.4,12.7,100
costa_rica_cloud_forest,2026-01-04,21.3,14.3,0.6,13.8,75
costa_rica_cloud_forest,2026-01-05,17.5,14.9,3.0,20.9,100
costa_rica_cloud_forest,2026-01-06,19.3,14.0,0.5,21.2,87
costa_rica_cloud_forest,2026-01-07,20.0,14.6,0.6,20.2,82
costa_rica_cloud_forest,2026-01-08,20.4,13.8,0.0,17.5,81
costa_rica_cloud_forest,2026-01-09,19.9,13.9,0.1,20.5,56
costa_rica_cloud_forest,2026-01-10,20.7,13.9,0.7,18.3,56
costa_rica_cloud_forest,2026-01-11,19.3,14.0,1.6,24.7,72
costa_rica_cloud_forest,2026-01-12,17.9,13.7,2.8,22.2,91
costa_rica_cloud_forest,2026-01-13,17.2,13.8,3.4,20.4,99
costa_rica_cloud_forest,2026-01-14,19.7,14.0,0.5,18.9,76
costa_rica_cloud_forest,2026-01-15,18.9,14.2,2.6,26.9,95
costa_rica_cloud_forest,2026-01-16,16.6,14.9,12.3,22.4,100
costa_rica_cloud_forest,2026-01-17,19.2,15.6,15.5,18.0,99
costa_rica_cloud_forest,2026-01-18,18.7,15.9,10.6,29.9,100
costa_rica_cloud_forest,2026-01-19,17.2,15.6,11.0,32.6,100
costa_rica_cloud_forest,2026-01-20,16.8,14.9,13.4,24.7,100
costa_rica_cloud_forest,2026-01-21,17.2,14.3,6.3,29.7,92
costa_rica_cloud_forest,2026-01-22,20.9,13.7,0.0,22.7,52
costa_rica_cloud_forest,2026-01-23,19.6,13.5,1.4,16.1,86
costa_rica_cloud_forest,2026-01-24,20.9,14.1,0.5,18.3,79
costa_rica_cloud_forest,2026-01-25,21.8,12.3,0.0,12.3,66
costa_rica_cloud_forest,2026-01-26,21.2,12.2,2.1,20.8,76
costa_rica_cloud_forest,2026-01-27,16.9,14.5,11.7,33.8,96
costa_rica_cloud_forest,2026-01-28,20.0,13.3,0.6,25.2,65
costa_rica_cloud_forest,2026-01-29,17.0,13.3,9.0,26.7,89
costa_rica_cloud_forest,2026-01-30,18.4,13.1,3.8,24.2,99
costa_rica_cloud_forest,2026-01-31,16.1,14.1,7.7,24.7,100
costa_rica_cloud_forest,2026-02-01,16.9,12.2,8.6,25.6,90
costa_rica_cloud_forest,2026-02-02,13.7,10.3,9.0,24.1,100
costa_rica_cloud_forest,2026-02-03,14.3,11.3,7.6,23.2,100
costa_rica_cloud_forest,2026-02-04,17.5,11.8,0.6,17.5,99
costa_rica_cloud_forest,2026-02-05,19.0,14.7,7.7,25.5,99
costa_rica_cloud_forest,2026-02-06,16.6,11.4,7.3,31.6,97
costa_rica_cloud_forest,2026-02-07,14.5,11.5,4.3,27.8,100
costa_rica_cloud_forest,2026-02-08,14.4,11.8,6.7,22.8,100
costa_rica_cloud_forest,2026-02-09,16.8,11.3,3.2,21.5,100
costa_rica_cloud_forest,2026-02-10,16.3,12.7,8.4,26.1,100
costa_rica_cloud_forest,2026-02-11,19.8,14.7,7.6,25.6,99
costa_rica_cloud_forest,2026-02-12,17.4,15.0,27.6,29.0,100
costa_rica_cloud_forest,2026-02-13,17.8,14.3,7.1,27.5,100
costa_rica_cloud_forest,2026-02-14,18.3,14.1,2.2,24.4,99
costa_rica_cloud_forest,2026-02-15,21.5,14.7,2.8,18.3,83
costa_rica_cloud_forest,2026-02-16,20.7,13.8,0.0,19.2,75
costa_rica_cloud_forest,2026-02-17,19.8,14.3,1.8,23.9,79
costa_rica_cloud_forest,2026-02-18,18.9,14.8,2.4,21.4,99
costa_rica_cloud_forest,2026-02-19,19.3,15.1,3.0,21.0,97
costa_rica_cloud_forest,2026-02-20,22.1,15.1,2.4,13.8,89
costa_rica_cloud_forest,2026-02-21,20.4,16.4,4.1,13.4,99
costa_rica_cloud_forest,2026-02-22,18.8,15.1,4.4,24.3,93
costa_rica_cloud_forest,2026-02-23,18.7,13.6,1.7,28.9,80
costa_rica_cloud_forest,2026-02-24,15.9,13.0,16.5,33.8,99
costa_rica_cloud_forest,2026-02-25,16.9,12.5,9.6,31.4,100
costa_rica_cloud_forest,2026-02-26,20.7,14.6,0.5,19.4,76
costa_rica_cloud_forest,2026-02-27,22.2,12.9,0.0,16.0,49
costa_rica_cloud_forest,2026-02-28,20.6,15.9,2.0,21.4,98
costa_rica_cloud_forest,2026-03-01,19.1,15.1,2.2,27.5,94
costa_rica_cloud_forest,2026-03-02,20.0,14.8,2.3,31.4,74
costa_rica_cloud_forest,2026-03-03,19.7,14.7,4.6,32.3,98
costa_rica_cloud_forest,2026-03-04,20.3,14.5,0.6,27.7,82
costa_rica_cloud_forest,2026-03-05,22.2,14.2,1.5,16.3,88
costa_rica_cloud_forest,2026-03-06,20.4,15.3,1.6,21.3,96
costa_rica_cloud_forest,2026-03-07,20.1,14.6,1.4,22.0,95
costa_rica_cloud_forest,2026-03-08,22.0,15.1,1.0,19.6,74
costa_rica_cloud_forest,2026-03-09,20.7,14.8,0.7,21.7,78
costa_rica_cloud_forest,2026-03-10,20.3,14.7,1.7,22.2,86
costa_rica_cloud_forest,2026-03-11,21.7,14.1,0.0,20.7,71
costa_rica_cloud_forest,2026-03-12,21.3,14.3,0.4,21.5,55
costa_rica_cloud_forest,2026-03-13,21.1,13.8,0.6,20.4,60
costa_rica_cloud_forest,2026-03-14,20.8,14.5,0.3,20.5,72
costa_rica_cloud_forest,2026-03-15,21.5,13.0,0.0,17.3,25
costa_rica_cloud_forest,2026-03-16,24.3,12.1,0.1,10.0,64
costa_rica_cloud_forest,2026-03-17,23.9,13.9,0.5,8.2,46
costa_rica_cloud_forest,2026-03-18,23.3,13.6,1.3,11.2,35
costa_rica_cloud_forest,2026-03-19,22.1,14.4,3.4,12.6,82
costa_rica_cloud_forest,2026-03-20,20.2,14.1,4.1,22.5,74
costa_rica_cloud_forest,2026-03-21,19.1,13.5,0.4,19.8,92
costa_rica_cloud_forest,2026-03-22,19.0,12.9,2.3,18.4,98
costa_rica_cloud_forest,2026-03-23,23.0,12.5,0.0,18.1,34
costa_rica_cloud_forest,2026-03-24,22.1,13.0,0.7,14.8,69
costa_rica_cloud_forest,2026-03-25,23.5,13.7,1.4,13.2,65
costa_rica_cloud_forest,2026-03-26,22.5,14.2,1.1,17.4,55
costa_rica_cloud_forest,2026-03-27,21.6,14.8,3.1,14.8,89
costa_rica_cloud_forest,2026-03-28,20.4,15.3,2.2,19.0,98
costa_rica_cloud_forest,2026-03-29,20.0,15.3,3.2,22.2,93
costa_rica_cloud_forest,2026-03-30,21.7,15.4,0.9,23.8,99
costa_rica_cloud_forest,2026-03-31,19.7,15.5,4.9,19.6,100
costa_rica_cloud_forest,2026-04-01,20.4,15.1,6.6,18.9,99
costa_rica_cloud_forest,2026-04-02,20.7,14.7,5.9,12.6,94
costa_rica_cloud_forest,2026-04-03,22.2,14.7,6.9,13.4,91
costa_rica_cloud_forest,2026-04-04,22.9,15.9,2.7,15.5,92
costa_rica_cloud_forest,2026-04-05,21.6,15.4,0.4,18.0,95
costa_rica_cloud_forest,2026-04-06,23.0,14.4,0.0,14.5,94
costa_rica_cloud_forest,2026-04-07,23.4,14.6,0.8,13.3,89
costa_rica_cloud_forest,2026-04-08,21.3,14.3,0.8,20.6,93
costa_rica_cloud_forest,2026-04-09,20.9,15.9,3.5,26.3,90
costa_rica_cloud_forest,2026-04-10,21.2,16.3,2.5,26.6,89
costa_rica_cloud_forest,2026-04-11,18.2,16.4,3.9,27.3,100
costa_rica_cloud_forest,2026-04-12,19.4,16.2,8.1,30.3,100
costa_rica_cloud_forest,2026-04-13,20.0,15.4,3.0,28.1,96
costa_rica_cloud_forest,2026-04-14,21.3,15.4,0.7,24.1,97
costa_rica_cloud_forest,2026-04-15,20.5,15.0,1.3,25.0,75
costa_rica_cloud_forest,2026-04-16,21.2,14.4,0.4,19.9,70
costa_rica_cloud_forest,2026-04-17,22.9,14.1,1.3,15.8,47
costa_rica_cloud_forest,2026-04-18,23.8,12.7,0.2,12.0,27
costa_rica_cloud_forest,2026-04-19,23.1,12.9,0.0,12.2,9
costa_rica_cloud_forest,2026-04-20,23.3,12.7,0.6,12.8,29
costa_rica_cloud_forest,2026-04-21,22.5,15.8,0.2,14.4,59
costa_rica_cloud_forest,2026-04-22,22.3,14.3,11.6,13.8,92
costa_rica_cloud_forest,2026-04-23,22.7,14.8,0.5,12.3,84
costa_rica_cloud_forest,2026-04-24,21.6,14.9,11.3,8.2,91
costa_rica_cloud_forest,2026-04-25,22.1,15.7,22.4,9.3,85
costa_rica_cloud_forest,2026-04-26,22.5,16.1,13.7,4.8,69
costa_rica_cloud_forest,2026-04-27,23.3,15.3,1.6,9.4,40
costa_rica_cloud_forest,2026-04-28,21.5,13.7,0.0,14.6,65
costa_rica_cloud_forest,2026-04-29,22.6,13.3,0.0,15.8,45
costa_rica_cloud_forest,2026-04-30,22.4,16.0,2.5,17.9,95
costa_rica_cloud_forest,2026-05-01,23.0,16.0,5.9,16.2,85
costa_rica_cloud_forest,2026-05-02,23.5,16.3,1.7,10.9,100
costa_rica_cloud_forest,2026-05-03,24.1,16.5,4.7,12.1,97
costa_rica_cloud_forest,2026-05-04,24.0,15.0,1.8,16.9,91
costa_rica_cloud_forest,2026-05-05,23.0,17.0,9.5,14.1,99
costa_rica_cloud_forest,2026-05-06,23.4,17.1,1.9,13.4,94
costa_rica_cloud_forest,2026-05-07,22.6,16.9,1.4,14.8,100
costa_rica_cloud_forest,2026-05-08,22.8,15.8,0.0,16.5,83
costa_rica_cloud_forest,2026-05-09,23.0,15.6,0.4,20.7,90
costa_rica_cloud_forest,2026-05-10,21.3,16.5,1.1,21.7,84
costa_rica_cloud_forest,2026-05-11,23.1,15.5,1.5,19.7,82
costa_rica_cloud_forest,2026-05-12,22.1,15.4,0.4,14.9,94
costa_rica_cloud_forest,2026-05-13,21.1,16.3,1.1,16.0,99
costa_rica_cloud_forest,2026-05-14,21.8,16.3,3.2,17.8,95
costa_rica_cloud_forest,2026-05-15,22.8,16.4,1.9,19.5,68
costa_rica_cloud_forest,2026-05-16,21.4,16.8,4.6,16.7,100
costa_rica_cloud_forest,2026-05-17,21.1,17.3,4.9,13.4,99
costa_rica_cloud_forest,2026-05-18,22.5,17.1,2.3,15.8,100
costa_rica_cloud_forest,2026-05-19,23.2,17.6,5.9,12.8,100
costa_rica_cloud_forest,2026-05-20,20.1,17.1,5.7,18.2,100
costa_rica_cloud_forest,2026-05-21,23.1,16.4,1.3,21.5,93
costa_rica_cloud_forest,2026-05-22,24.1,17.1,1.4,14.4,98
costa_rica_cloud_forest,2026-05-23,23.3,17.0,2.1,12.6,93
costa_rica_cloud_forest,2026-05-24,21.9,17.0,9.3,16.5,98
costa_rica_cloud_forest,2026-05-25,22.8,16.9,2.3,15.4,100
costa_rica_cloud_forest,2026-05-26,23.4,17.4,1.6,12.5,90
costa_rica_cloud_forest,2026-05-27,24.3,17.7,1.4,10.5,90
costa_rica_cloud_forest,2026-05-28,23.7,17.4,9.5,10.9,100
costa_rica_cloud_forest,2026-05-29,22.2,17.2,7.8,7.1,98
costa_rica_cloud_forest,2026-05-30,23.9,16.8,9.4,5.3,89
costa_rica_cloud_forest,2026-05-31,23.5,17.2,2.2,9.0,99
costa_rica_cloud_forest,2026-06-01,23.1,17.2,2.5,11.7,95
costa_rica_cloud_forest,2026-06-02,22.4,17.4,2.5,9.9,100
costa_rica_cloud_forest,2026-06-03,20.6,16.8,8.5,7.4,100
costa_rica_cloud_forest,2026-06-04,22.9,16.9,21.7,6.9,98
costa_rica_cloud_forest,2026-06-05,20.7,17.0,18.7,8.6,99
costa_rica_cloud_forest,2026-06-06,20.1,16.7,24.1,8.2,100
costa_rica_cloud_forest,2026-06-07,19.0,15.7,77.7,16.1,100
costa_rica_cloud_forest,2026-06-08,18.0,15.2,23.2,17.5,100
costa_rica_cloud_forest,2026-06-09,19.2,15.2,8.9,8.1,100
costa_rica_cloud_forest,2026-06-10,20.3,15.8,6.9,8.4,97
costa_rica_cloud_forest,2026-06-11,24.2,16.1,3.2,6.6,94
costa_rica_cloud_forest,2026-06-12,23.8,16.3,3.1,13.0,96
costa_rica_cloud_forest,2026-06-13,23.6,17.1,2.9,13.8,88
costa_rica_cloud_forest,2026-06-14,23.0,16.5,2.0,14.7,96
costa_rica_cloud_forest,2026-06-15,24.1,16.3,1.2,9.6,97
costa_rica_cloud_forest,2026-06-16,22.8,16.4,8.5,9.1,92
costa_rica_cloud_forest,2026-06-17,23.3,15.9,0.7,14.2,86
costa_rica_cloud_forest,2026-06-18,23.0,16.4,3.0,13.0,97
costa_rica_cloud_forest,2026-06-19,23.4,16.5,1.9,9.7,97
costa_rica_cloud_forest,2026-06-20,23.5,15.5,3.5,10.5,90
costa_rica_cloud_forest,2026-06-21,23.5,16.0,5.3,8.8,91
costa_rica_cloud_forest,2026-06-22,20.6,16.9,3.3,13.3,100
costa_rica_cloud_forest,2026-06-23,22.4,17.1,3.2,21.6,97
costa_rica_cloud_forest,2026-06-24,20.8,16.5,8.8,26.7,88
costa_rica_cloud_forest,2026-06-25,23.3,15.9,4.2,22.6,82
costa_rica_cloud_forest,2026-06-26,22.0,17.5,4.2,18.4,97
costa_rica_cloud_forest,2026-06-27,19.6,17.4,8.7,21.7,100
costa_rica_cloud_forest,2026-06-28,21.3,16.5,5.3,25.0,89
costa_rica_cloud_forest,2026-06-29,22.7,16.2,2.3,22.2,96
costa_rica_cloud_forest,2026-06-30,21.2,17.6,12.5,19.4,100
costa_rica_cloud_forest,2026-07-01,21.2,17.3,16.6,16.5,99
costa_rica_cloud_forest,2026-07-02,19.2,17.1,12.9,20.2,100
costa_rica_cloud_forest,2026-07-03,20.1,17.1,9.2,17.7,100
costa_rica_cloud_forest,2026-07-04,19.7,16.3,7.4,19.0,100
costa_rica_cloud_forest,2026-07-05,22.9,16.3,0.8,12.9,95
costa_rica_cloud_forest,2026-07-06,22.1,17.0,6.4,24.2,99
costa_rica_cloud_forest,2026-07-07,21.6,16.6,5.3,25.6,97
costa_rica_cloud_forest,2026-07-08,22.1,17.4,7.7,16.7,100
costa_rica_cloud_forest,2026-07-09,20.6,18.0,9.2,14.5,100
costa_rica_cloud_forest,2026-07-10,21.3,17.7,10.6,11.4,100
costa_rica_cloud_forest,2026-07-11,22.5,16.6,5.4,8.1,100
costa_rica_cloud_forest,2026-07-12,20.7,16.5,2.8,11.4,99
costa_rica_cloud_forest,2026-07-13,22.3,16.4,3.6,17.8,98
costa_rica_cloud_forest,2026-07-14,21.0,16.1,5.4,21.6,90
costa_rica_cloud_forest,2026-07-15,21.9,17.1,2.7,19.8,98
costa_rica_cloud_forest,2026-07-16,21.7,17.5,11.0,19.0,99
costa_rica_cloud_forest,2026-07-17,18.9,17.1,17.9,21.6,100
costa_rica_cloud_forest,2026-07-18,19.1,16.2,14.8,19.9,100
costa_rica_cloud_forest,2026-07-19,18.4,16.0,7.7,16.6,100
costa_rica_cloud_forest,2026-07-20,18.0,16.2,27.6,18.8,100
costa_rica_cloud_forest,2026-07-21,22.1,15.8,5.0,15.8,87
costa_rica_cloud_forest,2026-07-22,18.7,16.8,11.2,12.5,100
costa_rica_cloud_forest,2026-07-23,18.5,15.1,8.9,18.7,100
costa_rica_cloud_forest,2026-07-24,22.7,14.4,3.6,14.9,100
costa_rica_cloud_forest,2026-07-25,23.6,16.0,4.4,11.4,85
costa_rica_cloud_forest,2026-07-26,22.0,15.8,3.7,12.5,93
costa_rica_cloud_forest,2026-07-27,22.5,15.5,3.2,23.1,82
costa_rica_cloud_forest,2026-07-28,23.6,15.3,3.8,9.6,98
costa_rica_cloud_forest,2026-07-29,22.9,17.0,3.8,16.0,79
costa_rica_cloud_forest,2026-07-30,21.7,17.1,3.7,18.2,75
costa_rica_cloud_forest,2026-07-31,22.8,16.9,5.2,17.5,100
costa_rica_cloud_forest,2026-08-01,22.3,16.7,6.6,18.9,99
costa_rica_cloud_forest,2026-08-02,20.7,17.1,2.6,16.6,100
costa_rica_cloud_forest,2026-08-03,22.5,15.8,1.3,13.2,100
costa_rica_cloud_forest,2026-08-04,22.3,16.6,4.8,13.0,99
costa_rica_cloud_forest,2026-08-05,22.3,16.1,17.3,8.8,99
costa_rica_cloud_forest,2026-08-06,22.7,16.4,17.6,13.8,97
costa_rica_cloud_forest,2026-08-07,19.9,16.2,4.6,18.2,100
costa_rica_cloud_forest,2026-08-08,20.3,17.0,8.7,18.0,100
costa_rica_cloud_forest,2026-08-09,21.3,16.3,10.1,24.2,96
costa_rica_cloud_forest,2026-08-10,21.0,17.1,3.9,22.4,100
costa_rica_cloud_forest,2026-08-11,23.2,17.4,4.4,16.6,89
costa_rica_cloud_forest,2026-08-12,21.1,17.2,4.8,18.3,100
costa_rica_cloud_forest,2026-08-13,20.6,16.9,3.8,15.5,100
costa_rica_cloud_forest,2026-08-14,21.6,17.2,4.6,16.5,93
costa_rica_cloud_forest,2026-08-15,19.9,17.1,20.8,17.4,100
costa_rica_cloud_forest,2026-08-16,18.5,16.6,23.0,15.5,100
costa_rica_cloud_forest,2026-08-17,22.5,16.7,11.5,10.9,100
costa_rica_cloud_forest,2026-08-18,22.4,16.9,9.0,12.2,99
costa_rica_cloud_forest,2026-08-19,22.4,16.9,7.2,15.9,100
costa_rica_cloud_forest,2026-08-20,21.2,17.3,7.9,18.2,99
costa_rica_cloud_forest,2026-08-21,22.4,17.8,4.8,15.6,97
costa_rica_cloud_forest,2026-08-22,22.1,18.0,4.8,15.6,100
costa_rica_cloud_forest,2026-08-23,18.4,16.4,15.0,22.1,99
costa_rica_cloud_forest,2026-08-24,22.1,15.8,1.9,15.8,99
costa_rica_cloud_forest,2026-08-25,19.1,17.5,5.4,17.2,100
costa_rica_cloud_forest,2026-08-26,21.1,17.3,6.0,18.9,100
costa_rica_cloud_forest,2026-08-27,22.2,17.2,3.7,20.4,99
costa_rica_cloud_forest,2026-08-28,18.9,17.0,18.9,20.0,100
costa_rica_cloud_forest,2026-08-29,20.6,16.5,3.5,17.9,100
costa_rica_cloud_forest,2026-08-30,20.9,17.4,2.3,12.6,100
costa_rica_cloud_forest,2026-08-31,23.3,16.1,2.0,11.8,93
