area_id,date,temperature_2m_max,temperature_2m_min,precipitation_sum,windspeed_10m_max,cloudcover_mean
kruger,2011-09-17,23.54,11.39,6.73,9.07,7.94
kruger,2011-09-18,25.81,10.37,3.78,11.77,16.16
kruger,2011-09-19,25.33,10.71,0.0,9.93,6.66
kruger,2011-09-20,26.54,11.61,0.0,4.73,6.8
kruger,2011-09-21,21.83,8.32,0.0,12.26,40.66
kruger,2011-09-22,26.22,11.83,4.65,13.27,19.67
kruger,2011-09-23,30.03,13.36,3.28,15.61,18.87
kruger,2011-09-24,29.17,13.09,7.4,4.41,45.47
kruger,2011-09-25,26.5,12.6,8.23,0.67,24.27
kruger,2011-09-26,34.21,11.8,0.0,12.09,44.19
kruger,2011-09-27,24.88,12.18,3.81,8.41,14.31
kruger,2011-09-28,26.45,12.32,3.83,5.95,25.17
kruger,2011-09-29,22.45,15.57,1.66,10.59,17.1
kruger,2011-09-30,25.69,13.9,5.87,8.95,39.23
kruger,2011-10-01,32.36,21.92,4.13,6.5,28.23
kruger,2011-10-02,26.0,13.27,0.0,10.12,42.62
kruger,2011-10-03,22.61,15.29,1.73,12.1,34.28
kruger,2011-10-04,29.91,13.52,0.97,10.96,3.12
kruger,2011-10-05,28.56,13.56,0.0,11.01,28.68
kruger,2011-10-06,29.98,18.4,2.15,11.83,9.94
kruger,2011-10-07,26.7,17.09,0.0,5.46,38.51
kruger,2011-10-08,24.67,10.31,4.52,10.41,41.97
kruger,2011-10-09,27.24,12.24,8.31,11.32,43.87
kruger,2011-10-10,29.56,14.56,2.97,9.5,32.48
kruger,2011-10-11,27.78,13.7,6.62,8.18,10.18
kruger,2011-10-12,29.26,11.33,3.52,8.46,38.14
kruger,2011-10-13,26.59,15.49,0.0,9.85,41.45
kruger,2011-10-14,29.58,10.61,11.06,13.51,32.94
kruger,2011-10-15,28.4,15.72,0.0,15.38,37.31
kruger,2011-10-16,26.39,17.33,3.21,14.81,8.05
kruger,2011-10-17,29.03,17.79,0.17,6.19,37.7
kruger,2011-10-18,27.56,15.36,9.64,8.09,35.43
kruger,2011-10-19,30.67,19.6,4.24,12.91,19.21
kruger,2011-10-20,31.54,16.75,13.67,14.88,45.67
kruger,2011-10-21,30.53,18.14,3.66,8.11,30.67
kruger,2011-10-22,24.22,14.29,0.54,11.59,41.87
kruger,2011-10-23,26.34,20.04,0.0,7.68,46.1
kruger,2011-10-24,27.43,16.33,8.15,11.94,44.05
kruger,2011-10-25,27.05,20.38,0.45,9.22,19.35
kruger,2011-10-26,27.91,19.94,2.18,11.73,34.04
kruger,2011-10-27,32.42,17.29,8.84,7.58,72.09
kruger,2011-10-28,31.84,17.76,8.21,6.35,61.42
kruger,2011-10-29,28.58,16.4,1.63,20.58,53.35
kruger,2011-10-30,31.73,14.9,2.32,11.53,45.29
kruger,2011-10-31,31.04,18.54,0.0,17.76,26.69
kruger,2011-11-01,30.06,18.51,0.0,15.91,39.41
kruger,2011-11-02,33.7,13.21,7.39,6.51,35.85
kruger,2011-11-03,28.37,17.15,7.9,12.54,41.25
kruger,2011-11-04,30.62,19.63,5.9,7.6,21.16
kruger,2011-11-05,27.4,21.22,5.29,10.63,57.51
kruger,2011-11-06,27.65,19.47,1.78,5.9,3.22
kruger,2011-11-07,26.67,13.96,10.54,6.86,56.71
kruger,2011-11-08,27.9,15.22,0.0,9.05,57.32
kruger,2011-11-09,31.2,17.09,2.93,10.01,79.41
kruger,2011-11-10,30.14,21.55,5.51,11.8,41.08
kruger,2011-11-11,30.34,16.63,4.93,8.61,37.35
kruger,2011-11-12,30.34,20.89,4.99,12.2,47.28
kruger,2011-11-13,36.66,16.78,2.98,15.19,54.19
kruger,2011-11-14,28.02,19.76,7.29,12.63,44.76
kruger,2011-11-15,27.79,16.18,0.32,11.64,28.68
kruger,2011-11-16,29.08,18.14,4.67,12.9,55.11
kruger,2011-11-17,31.5,15.88,7.04,7.6,47.03
kruger,2011-11-18,33.35,22.41,4.04,14.79,32.22
kruger,2011-11-19,33.75,17.16,5.45,8.37,23.28
kruger,2011-11-20,34.82,15.12,6.35,16.65,84.98
kruger,2011-11-21,31.75,15.01,0.0,14.34,60.73
kruger,2011-11-22,30.97,18.95,0.0,13.72,56.93
kruger,2011-11-23,37.15,18.1,6.2,13.88,47.11
kruger,2011-11-24,23.98,20.96,3.29,12.11,59.47
kruger,2011-11-25,32.61,18.83,3.59,9.78,33.62
kruger,2011-11-26,33.8,22.42,8.11,9.34,52.68
kruger,2011-11-27,38.21,18.63,1.94,17.45,53.61
kruger,2011-11-28,27.69,22.24,0.0,12.53,34.82
kruger,2011-11-29,31.49,17.37,12.63,8.91,48.94
kruger,2011-11-30,28.76,16.07,10.89,13.83,44.58
kruger,2011-12-01,27.52,17.85,10.9,13.33,39.58
kruger,2011-12-02,32.38,17.17,1.68,11.34,43.21
kruger,2011-12-03,35.56,16.96,5.9,9.66,25.95
kruger,2011-12-04,36.76,21.18,1.19,14.59,67.75
kruger,2011-12-05,31.62,19.55,6.07,15.24,75.49
kruger,2011-12-06,35.29,20.64,4.97,13.4,38.4
kruger,2011-12-07,32.77,21.68,2.09,12.67,69.18
kruger,2011-12-08,35.1,16.22,8.47,10.13,52.29
kruger,2011-12-09,36.96,21.92,5.46,13.94,52.84
kruger,2011-12-10,32.98,17.55,13.44,10.62,33.79
kruger,2011-12-11,36.86,19.19,6.93,8.73,45.08
kruger,2011-12-12,30.06,15.97,0.0,15.94,61.65
kruger,2011-12-13,35.73,22.4,0.0,9.5,39.24
kruger,2011-12-14,36.92,16.6,15.1,6.92,42.95
kruger,2011-12-15,36.67,17.88,5.32,16.56,46.66
kruger,2011-12-16,30.39,18.12,7.76,7.41,3.37
kruger,2011-12-17,33.38,20.68,6.87,11.5,59.6
kruger,2011-12-18,34.96,20.66,12.54,9.4,64.41
kruger,2011-12-19,35.44,23.14,0.0,10.53,60.51
kruger,2011-12-20,34.51,20.9,12.26,19.39,69.36
kruger,2011-12-21,38.51,23.63,12.02,12.43,48.73
kruger,2011-12-22,30.38,22.22,7.04,13.84,82.73
kruger,2011-12-23,33.6,18.95,8.7,15.14,43.05
kruger,2011-12-24,29.3,19.7,5.59,10.85,52.51
kruger,2011-12-25,36.27,25.19,0.37,16.03,51.18
kruger,2011-12-26,36.12,24.52,9.46,13.95,58.97
kruger,2011-12-27,44.54,23.56,8.15,15.09,52.72
kruger,2011-12-28,37.61,23.92,8.26,10.67,54.91
kruger,2011-12-29,35.57,22.74,9.15,14.19,46.41
kruger,2011-12-30,35.38,22.45,4.82,12.84,50.13
kruger,2011-12-31,33.7,21.77,13.24,16.27,23.31
kruger,2012-01-01,35.07,25.93,7.32,11.27,68.98
kruger,2012-01-02,35.54,20.55,9.48,19.0,41.72
kruger,2012-01-03,28.85,22.35,6.24,13.93,49.79
kruger,2012-01-04,35.36,17.5,11.55,12.55,41.35
kruger,2012-01-05,35.1,18.22,7.78,12.21,65.88
kruger,2012-01-06,40.09,26.36,7.04,12.92,49.27
kruger,2012-01-07,34.46,23.39,12.23,11.06,20.85
kruger,2012-01-08,32.58,21.34,0.52,14.96,61.79
kruger,2012-01-09,35.7,22.09,6.31,12.93,46.43
kruger,2012-01-10,35.13,18.52,4.99,18.8,57.35
kruger,2012-01-11,34.54,20.86,8.95,11.68,70.24
kruger,2012-01-12,31.11,18.3,8.73,12.62,43.0
kruger,2012-01-13,34.49,21.22,7.42,11.68,57.09
kruger,2012-01-14,33.23,23.67,4.62,18.6,46.32
kruger,2012-01-15,34.33,23.11,7.39,8.66,72.73
kruger,2012-01-16,37.18,25.96,8.78,13.28,59.14
kruger,2012-01-17,32.97,22.73,6.78,13.94,57.63
kruger,2012-01-18,34.33,15.8,11.93,9.61,39.37
kruger,2012-01-19,36.62,26.88,9.95,20.93,69.25
kruger,2012-01-20,34.19,19.9,7.58,10.21,71.16
kruger,2012-01-21,42.83,22.4,0.0,13.1,46.5
kruger,2012-01-22,35.74,22.25,6.62,18.05,60.3
kruger,2012-01-23,31.27,22.59,10.02,11.87,66.79
kruger,2012-01-24,32.47,22.11,6.37,13.43,91.22
kruger,2012-01-25,32.16,22.14,8.7,11.96,63.79
kruger,2012-01-26,32.49,18.66,6.58,12.83,57.89
kruger,2012-01-27,36.57,28.42,8.4,16.23,55.52
kruger,2012-01-28,31.62,23.57,13.07,11.72,56.37
kruger,2012-01-29,33.93,22.06,10.6,5.01,69.27
kruger,2012-01-30,38.34,26.52,2.26,12.87,44.47
kruger,2012-01-31,33.33,19.21,0.8,13.15,71.63
kruger,2012-02-01,36.89,24.04,9.19,13.54,34.46
kruger,2012-02-02,29.8,20.46,12.07,12.4,67.5
kruger,2012-02-03,33.71,22.83,0.74,10.35,71.59
kruger,2012-02-04,32.14,22.86,6.53,12.2,69.43
kruger,2012-02-05,35.67,15.93,16.84,18.22,61.3
kruger,2012-02-06,31.64,18.17,6.26,12.79,63.07
kruger,2012-02-07,40.92,25.68,17.41,14.86,51.04
kruger,2012-02-08,29.76,21.05,3.99,9.79,40.07
kruger,2012-02-09,38.06,26.65,4.68,12.01,60.57
kruger,2012-02-10,37.25,24.89,4.43,9.87,57.74
kruger,2012-02-11,35.5,21.02,2.1,16.74,70.44
kruger,2012-02-12,34.7,20.76,0.43,8.18,54.33
kruger,2012-02-13,40.06,25.62,6.28,13.95,58.7
kruger,2012-02-14,41.87,26.71,7.71,13.84,60.49
kruger,2012-02-15,33.79,20.69,4.24,13.63,64.62
kruger,2012-02-16,34.84,25.21,5.17,5.75,70.11
kruger,2012-02-17,32.66,23.89,12.83,6.7,41.42
kruger,2012-02-18,30.76,24.27,10.9,13.11,66.08
kruger,2012-02-19,35.61,21.47,5.94,9.97,52.68
kruger,2012-02-20,34.91,19.48,8.66,10.79,64.86
kruger,2012-02-21,29.28,18.48,0.36,11.43,77.22
kruger,2012-02-22,35.43,17.8,7.95,9.53,23.23
kruger,2012-02-23,34.85,25.78,6.58,8.99,72.89
kruger,2012-02-24,32.14,20.97,5.3,12.65,52.7
kruger,2012-02-25,31.88,18.02,6.89,6.91,41.45
kruger,2012-02-26,35.09,23.33,6.2,11.09,47.52
kruger,2012-02-27,38.59,19.56,1.42,10.58,38.4
kruger,2012-02-28,34.89,19.07,13.35,12.49,61.27
kruger,2012-02-29,35.97,25.8,10.39,19.71,37.92
kruger,2012-03-01,31.07,17.24,4.99,9.58,71.29
kruger,2012-03-02,32.26,21.09,0.0,13.72,63.38
kruger,2012-03-03,35.25,18.95,0.0,13.14,56.17
kruger,2012-03-04,29.28,18.48,14.43,14.13,21.99
kruger,2012-03-05,33.91,16.63,5.66,11.79,32.46
kruger,2012-03-06,34.7,20.36,9.36,16.73,50.85
kruger,2012-03-07,33.03,17.96,2.47,14.44,51.42
kruger,2012-03-08,34.02,21.54,4.98,14.46,65.65
kruger,2012-03-09,33.16,19.87,5.13,8.09,7.61
kruger,2012-03-10,31.04,19.13,7.07,12.59,39.65
kruger,2012-03-11,29.3,17.66,6.41,10.75,63.33
kruger,2012-03-12,32.48,23.33,2.31,9.67,45.45
kruger,2012-03-13,36.58,21.51,2.22,10.34,43.23
kruger,2012-03-14,35.66,17.89,5.57,12.03,25.78
kruger,2012-03-15,31.47,16.11,0.0,13.54,65.56
kruger,2012-03-16,31.32,14.7,2.49,15.09,42.13
kruger,2012-03-17,31.02,22.18,5.11,14.92,65.53
kruger,2012-03-18,30.93,21.52,7.26,12.96,70.82
kruger,2012-03-19,33.03,21.78,11.62,12.22,68.3
kruger,2012-03-20,35.25,18.77,3.64,11.05,47.76
kruger,2012-03-21,38.77,21.0,5.63,11.25,40.69
kruger,2012-03-22,29.41,21.46,0.0,9.62,39.37
kruger,2012-03-23,33.76,18.63,6.71,10.65,76.87
kruger,2012-03-24,33.34,17.82,1.67,12.97,43.86
kruger,2012-03-25,30.63,16.18,4.01,16.49,62.53
kruger,2012-03-26,28.45,19.59,7.09,11.39,53.66
kruger,2012-03-27,32.26,19.83,7.19,9.39,39.94
kruger,2012-03-28,37.7,17.32,0.0,14.69,42.0
kruger,2012-03-29,32.05,17.52,8.2,5.74,63.23
kruger,2012-03-30,28.78,17.6,4.78,14.84,45.62
kruger,2012-03-31,30.58,20.03,9.93,7.38,38.02
kruger,2012-04-01,27.53,14.52,10.65,13.62,32.4
kruger,2012-04-02,30.91,15.09,11.16,10.19,48.98
kruger,2012-04-03,32.81,15.04,0.0,12.55,36.11
kruger,2012-04-04,28.58,17.29,6.21,17.8,52.43
kruger,2012-04-05,20.79,18.35,0.0,9.01,81.35
kruger,2012-04-06,31.29,14.78,9.68,8.48,50.63
kruger,2012-04-07,28.85,19.63,10.18,11.69,69.58
kruger,2012-04-08,28.0,20.91,8.25,15.99,31.46
kruger,2012-04-09,27.88,18.19,2.57,11.92,52.11
kruger,2012-04-10,31.25,19.86,6.38,11.48,60.35
kruger,2012-04-11,28.73,14.66,1.93,11.82,61.87
kruger,2012-04-12,32.64,14.62,4.12,8.27,60.02
kruger,2012-04-13,32.6,18.03,3.63,11.79,40.74
kruger,2012-04-14,28.83,16.55,0.0,10.04,53.5
kruger,2012-04-15,27.98,14.31,0.62,15.15,24.54
kruger,2012-04-16,29.82,20.0,12.88,13.54,63.57
kruger,2012-04-17,28.9,17.08,3.38,7.14,24.84
kruger,2012-04-18,23.97,17.99,4.3,10.23,57.59
kruger,2012-04-19,34.87,14.44,3.55,12.63,54.08
kruger,2012-04-20,31.17,20.23,1.88,8.06,53.64
kruger,2012-04-21,27.53,15.53,3.59,7.74,68.73
kruger,2012-04-22,23.07,18.37,1.75,9.55,53.18
kruger,2012-04-23,28.17,14.26,0.0,11.94,17.15
kruger,2012-04-24,26.85,16.03,6.39,13.98,45.56
kruger,2012-04-25,28.33,16.9,9.62,11.53,8.03
kruger,2012-04-26,21.92,20.4,0.0,18.19,34.66
kruger,2012-04-27,26.89,14.21,1.38,8.74,29.35
kruger,2012-04-28,26.97,15.71,8.97,12.96,44.91
kruger,2012-04-29,27.52,16.58,0.0,7.37,22.65
kruger,2012-04-30,27.29,11.46,4.38,15.5,22.76
kruger,2012-05-01,28.05,9.46,20.07,14.71,41.84
kruger,2012-05-02,32.36,12.31,5.23,12.73,51.6
kruger,2012-05-03,26.15,17.11,2.9,5.36,33.68
kruger,2012-05-04,24.86,18.88,6.09,12.64,68.16
kruger,2012-05-05,22.31,12.19,5.6,8.04,27.83
kruger,2012-05-06,25.86,11.35,0.0,11.83,42.84
kruger,2012-05-07,23.09,18.13,0.0,6.07,37.43
kruger,2012-05-08,30.08,12.78,4.67,11.21,26.84
kruger,2012-05-09,26.81,13.17,5.21,9.3,51.33
kruger,2012-05-10,29.82,17.65,0.98,8.0,17.98
kruger,2012-05-11,31.3,17.14,8.68,12.08,0.0
kruger,2012-05-12,24.21,16.14,7.82,10.11,28.79
kruger,2012-05-13,25.67,9.43,5.07,9.62,26.51
kruger,2012-05-14,30.61,10.47,0.8,12.42,45.99
kruger,2012-05-15,27.09,16.32,0.0,15.89,10.99
kruger,2012-05-16,27.99,14.22,1.09,10.97,37.28
kruger,2012-05-17,29.43,11.39,0.0,4.69,35.15
kruger,2012-05-18,28.93,12.38,0.0,5.41,33.65
kruger,2012-05-19,27.38,15.93,4.19,10.26,44.16
kruger,2012-05-20,30.25,16.88,6.23,13.1,27.85
kruger,2012-05-21,25.77,12.96,0.0,10.39,28.68
kruger,2012-05-22,27.44,11.16,0.39,11.5,34.36
kruger,2012-05-23,25.26,12.11,1.29,9.75,25.78
kruger,2012-05-24,28.77,16.06,0.14,12.79,6.72
kruger,2012-05-25,23.52,15.93,0.0,11.72,20.58
kruger,2012-05-26,20.49,13.02,6.51,6.79,22.57
kruger,2012-05-27,27.42,11.13,0.0,11.16,17.74
kruger,2012-05-28,22.31,15.08,0.0,5.16,21.15
kruger,2012-05-29,21.93,16.35,0.0,11.11,28.32
kruger,2012-05-30,29.0,8.57,2.9,8.89,21.25
kruger,2012-05-31,28.03,11.55,0.0,10.19,37.9
kruger,2012-06-01,24.02,14.94,0.0,10.66,37.88
kruger,2012-06-02,15.84,12.16,2.93,10.5,0.0
kruger,2012-06-03,26.5,10.68,2.09,13.88,2.82
kruger,2012-06-04,26.81,12.28,0.0,9.71,0.0
kruger,2012-06-05,26.3,12.68,2.74,10.15,19.72
kruger,2012-06-06,26.09,8.86,5.34,13.55,18.55
kruger,2012-06-07,24.06,11.83,0.08,15.23,25.61
kruger,2012-06-08,23.3,12.45,0.0,9.46,35.76
kruger,2012-06-09,21.15,10.24,8.05,7.95,22.25
kruger,2012-06-10,22.31,9.45,0.0,8.08,13.62
kruger,2012-06-11,25.3,9.99,0.0,10.8,22.38
kruger,2012-06-12,25.28,8.84,1.67,8.81,14.83
kruger,2012-06-13,26.58,13.33,0.5,4.15,0.0
kruger,2012-06-14,19.93,8.69,0.0,12.75,36.19
kruger,2012-06-15,19.11,11.56,0.58,11.81,27.99
kruger,2012-06-16,22.89,10.09,6.46,12.78,43.16
kruger,2012-06-17,20.91,9.2,3.38,13.36,2.68
kruger,2012-06-18,24.47,14.34,0.0,9.88,0.0
kruger,2012-06-19,19.93,10.53,0.0,10.07,6.83
kruger,2012-06-20,27.35,9.13,0.0,12.29,26.68
kruger,2012-06-21,21.29,8.84,3.81,5.61,33.41
kruger,2012-06-22,28.49,11.56,0.0,8.18,24.65
kruger,2012-06-23,25.23,12.73,9.55,9.04,22.35
kruger,2012-06-24,20.45,13.79,0.0,11.97,32.86
kruger,2012-06-25,29.85,10.15,0.0,7.57,13.0
kruger,2012-06-26,24.32,9.96,0.58,7.04,35.6
kruger,2012-06-27,23.98,10.81,0.0,7.87,49.39
kruger,2012-06-28,23.25,10.86,0.0,10.56,3.54
kruger,2012-06-29,24.81,8.48,0.0,8.93,15.54
kruger,2012-06-30,24.95,14.03,0.0,4.77,0.0
kruger,2012-07-01,20.74,10.39,0.0,5.35,4.64
kruger,2012-07-02,22.66,11.64,0.0,9.51,24.89
kruger,2012-07-03,23.62,11.33,0.0,9.6,0.0
kruger,2012-07-04,24.99,11.25,0.0,9.16,7.11
kruger,2012-07-05,25.01,7.7,0.0,7.66,34.51
kruger,2012-07-06,23.68,10.17,0.0,11.42,21.97
kruger,2012-07-07,21.51,15.86,3.16,10.16,30.06
kruger,2012-07-08,21.33,14.11,1.03,10.05,0.0
kruger,2012-07-09,19.54,10.51,4.78,10.15,19.41
kruger,2012-07-10,24.88,9.18,0.0,13.82,46.63
kruger,2012-07-11,21.23,4.54,0.85,5.95,8.34
kruger,2012-07-12,22.49,8.82,1.0,7.76,10.89
kruger,2012-07-13,23.76,9.85,4.14,8.01,26.89
kruger,2012-07-14,23.05,9.24,0.0,12.79,4.63
kruger,2012-07-15,23.01,9.41,2.67,7.89,28.85
kruger,2012-07-16,20.3,11.57,0.0,6.63,0.0
kruger,2012-07-17,23.82,7.51,0.0,8.69,0.0
kruger,2012-07-18,22.07,10.69,0.0,9.32,22.74
kruger,2012-07-19,22.74,9.73,1.31,12.59,3.31
kruger,2012-07-20,26.47,7.79,0.0,7.86,9.51
kruger,2012-07-21,24.52,14.19,0.0,6.94,31.15
kruger,2012-07-22,21.29,11.87,0.0,6.27,27.37
kruger,2012-07-23,22.56,8.04,0.0,7.97,0.0
kruger,2012-07-24,27.81,11.3,0.0,16.69,25.83
kruger,2012-07-25,22.1,6.54,0.57,10.15,13.56
kruger,2012-07-26,23.15,8.37,0.0,10.8,24.35
kruger,2012-07-27,25.03,13.36,2.16,9.01,17.82
kruger,2012-07-28,23.7,10.93,0.0,9.43,0.0
kruger,2012-07-29,21.95,10.74,6.55,11.38,7.52
kruger,2012-07-30,20.85,12.55,0.04,10.71,0.0
kruger,2012-07-31,23.07,11.63,0.0,10.08,21.1
kruger,2012-08-01,25.09,9.45,0.0,9.09,24.34
kruger,2012-08-02,27.1,12.48,0.0,7.99,7.89
kruger,2012-08-03,18.77,5.94,0.0,10.33,16.8
kruger,2012-08-04,28.47,8.52,5.69,9.31,4.01
kruger,2012-08-05,22.35,9.97,0.0,15.47,37.55
kruger,2012-08-06,26.01,11.61,0.0,12.23,0.0
kruger,2012-08-07,21.06,9.46,0.41,7.07,14.24
kruger,2012-08-08,18.47,5.84,0.0,5.59,0.0
kruger,2012-08-09,19.4,5.52,3.59,7.92,22.64
kruger,2012-08-10,22.38,10.2,2.81,5.87,34.81
kruger,2012-08-11,24.98,9.21,0.29,7.76,0.0
kruger,2012-08-12,23.54,8.17,2.16,6.24,29.29
kruger,2012-08-13,22.73,7.79,0.0,8.18,44.09
kruger,2012-08-14,26.88,10.86,0.0,8.23,21.69
kruger,2012-08-15,23.57,13.82,0.0,9.63,9.77
kruger,2012-08-16,24.45,10.95,0.0,8.58,19.47
kruger,2012-08-17,32.99,13.95,0.0,6.51,12.02
kruger,2012-08-18,23.68,9.77,0.0,12.88,49.82
kruger,2012-08-19,21.67,11.87,0.0,10.46,33.05
kruger,2012-08-20,25.25,14.19,0.0,7.64,34.2
kruger,2012-08-21,26.06,10.47,5.41,6.63,53.19
kruger,2012-08-22,24.82,10.98,2.16,4.9,41.22
kruger,2012-08-23,24.44,10.03,4.01,4.7,19.41
kruger,2012-08-24,28.47,12.51,2.22,12.48,21.8
kruger,2012-08-25,28.16,13.34,4.56,12.19,57.02
kruger,2012-08-26,23.79,12.02,0.37,7.63,10.73
kruger,2012-08-27,22.28,10.63,6.37,13.5,19.45
kruger,2012-08-28,25.56,7.52,0.0,11.27,7.04
kruger,2012-08-29,22.39,11.21,0.12,10.05,0.0
kruger,2012-08-30,27.06,10.92,0.0,12.05,9.47
kruger,2012-08-31,25.74,12.06,5.44,11.34,9.99
kruger,2012-09-01,32.55,11.83,2.2,9.97,13.74
kruger,2012-09-02,29.02,15.54,5.32,8.81,32.53
kruger,2012-09-03,21.44,9.93,0.0,9.24,23.41
kruger,2012-09-04,23.19,7.81,0.0,4.76,38.99
kruger,2012-09-05,19.08,8.97,0.0,7.21,26.34
kruger,2012-09-06,18.48,10.31,2.21,15.03,27.01
kruger,2012-09-07,25.31,14.68,0.0,7.18,20.2
kruger,2012-09-08,21.47,8.81,3.89,4.13,54.04
kruger,2012-09-09,30.05,9.22,1.05,12.42,18.74
kruger,2012-09-10,28.68,13.24,0.0,10.48,39.11
kruger,2012-09-11,24.47,14.41,0.0,10.68,7.89
kruger,2012-09-12,24.38,8.5,1.41,9.32,22.25
kruger,2012-09-13,29.91,8.02,3.0,12.55,56.29
kruger,2012-09-14,30.68,10.57,0.0,14.43,36.73
kruger,2012-09-15,22.82,14.26,0.91,8.31,5.74
kruger,2012-09-16,22.52,13.07,0.0,11.8,11.55
kruger,2012-09-17,24.89,10.92,0.0,13.29,51.34
kruger,2012-09-18,27.18,14.73,0.0,8.23,28.93
kruger,2012-09-19,24.43,13.28,1.97,14.52,23.77
kruger,2012-09-20,27.42,12.79,0.0,13.37,16.51
kruger,2012-09-21,32.0,9.11,0.0,6.32,23.74
kruger,2012-09-22,22.02,11.32,2.12,14.87,50.01
kruger,2012-09-23,25.0,18.23,0.32,6.54,18.61
kruger,2012-09-24,22.27,12.59,0.0,8.08,20.39
kruger,2012-09-25,24.01,11.13,0.62,12.22,38.73
kruger,2012-09-26,25.73,12.66,0.52,13.33,14.45
kruger,2012-09-27,24.53,14.01,2.15,10.53,16.34
kruger,2012-09-28,28.37,16.01,1.05,8.38,30.78
kruger,2012-09-29,27.35,15.45,2.76,9.52,31.48
kruger,2012-09-30,27.9,12.31,1.97,9.2,19.19
kruger,2012-10-01,26.18,17.28,5.51,12.89,38.75
kruger,2012-10-02,26.55,16.23,8.64,9.18,35.27
kruger,2012-10-03,26.24,13.18,2.3,8.48,2.71
kruger,2012-10-04,26.65,14.07,0.0,6.03,44.35
kruger,2012-10-05,28.75,15.99,0.0,8.71,24.43
kruger,2012-10-06,21.82,17.28,5.15,10.18,45.4
kruger,2012-10-07,28.56,10.9,0.0,7.17,64.84
kruger,2012-10-08,25.19,14.97,12.09,5.36,32.98
kruger,2012-10-09,26.88,14.82,13.88,13.57,24.65
kruger,2012-10-10,23.31,13.57,1.98,7.66,55.34
kruger,2012-10-11,27.02,13.66,0.0,6.77,22.41
kruger,2012-10-12,29.04,17.84,5.58,15.44,63.73
kruger,2012-10-13,29.68,16.64,11.43,13.31,28.73
kruger,2012-10-14,24.85,20.67,0.0,13.88,26.62
kruger,2012-10-15,29.74,14.09,10.77,12.35,71.85
kruger,2012-10-16,32.03,15.96,0.0,14.81,42.16
kruger,2012-10-17,27.24,16.49,0.0,13.56,61.38
kruger,2012-10-18,28.82,18.06,4.62,9.91,37.0
kruger,2012-10-19,22.72,19.32,7.52,7.78,36.28
kruger,2012-10-20,26.33,16.26,3.25,7.16,0.0
kruger,2012-10-21,29.94,13.39,5.38,10.62,53.61
kruger,2012-10-22,32.1,14.46,8.07,7.78,44.55
kruger,2012-10-23,27.54,16.69,8.6,8.72,37.44
kruger,2012-10-24,37.45,19.25,1.3,10.69,48.34
kruger,2012-10-25,30.48,12.93,0.41,15.37,40.38
kruger,2012-10-26,25.82,13.72,8.14,6.68,26.0
kruger,2012-10-27,33.61,18.64,5.81,11.34,45.93
kruger,2012-10-28,26.09,13.62,6.42,7.53,37.97
kruger,2012-10-29,30.94,14.14,1.49,9.65,52.29
kruger,2012-10-30,27.27,19.89,6.75,14.14,37.31
kruger,2012-10-31,26.08,16.6,0.0,8.84,34.82
kruger,2012-11-01,33.14,16.51,5.33,10.63,34.02
kruger,2012-11-02,29.58,20.78,4.85,11.88,29.26
kruger,2012-11-03,35.63,14.8,4.95,13.59,35.02
kruger,2012-11-04,27.5,14.4,7.66,9.88,49.67
kruger,2012-11-05,25.98,21.73,0.52,15.33,32.28
kruger,2012-11-06,29.32,18.34,7.38,10.25,26.22
kruger,2012-11-07,39.53,19.55,4.82,13.07,56.02
kruger,2012-11-08,33.45,17.17,1.64,11.08,42.43
kruger,2012-11-09,32.71,17.78,0.0,13.91,56.35
kruger,2012-11-10,32.91,16.39,12.49,17.8,41.85
kruger,2012-11-11,29.79,19.04,4.72,10.91,36.9
kruger,2012-11-12,39.53,20.42,3.64,11.73,19.64
kruger,2012-11-13,32.81,18.92,0.55,10.51,29.16
kruger,2012-11-14,32.62,21.18,9.54,10.08,33.33
kruger,2012-11-15,34.57,20.28,9.29,9.78,50.95
kruger,2012-11-16,27.89,16.09,8.58,11.85,45.41
kruger,2012-11-17,29.17,18.44,5.13,9.6,31.96
kruger,2012-11-18,31.16,17.77,8.44,9.73,5.94
kruger,2012-11-19,34.96,20.87,2.19,2.5,54.89
kruger,2012-11-20,28.18,20.23,6.42,16.18,61.41
kruger,2012-11-21,31.96,19.48,5.39,16.99,63.01
kruger,2012-11-22,31.62,21.78,6.73,14.03,34.36
kruger,2012-11-23,27.61,14.67,0.0,9.49,64.52
kruger,2012-11-24,30.89,17.91,13.26,8.35,57.9
kruger,2012-11-25,34.13,18.21,12.31,7.48,58.1
kruger,2012-11-26,28.14,20.22,1.29,14.11,40.82
kruger,2012-11-27,36.91,21.05,8.26,16.02,48.25
kruger,2012-11-28,34.16,19.75,0.05,12.75,77.98
kruger,2012-11-29,33.87,16.55,6.39,14.85,75.94
kruger,2012-11-30,32.94,20.93,0.0,13.64,50.31
kruger,2012-12-01,29.71,20.31,4.99,10.02,54.17
kruger,2012-12-02,31.12,16.39,4.26,15.38,18.63
kruger,2012-12-03,34.23,19.4,10.89,15.22,69.86
kruger,2012-12-04,31.26,21.15,12.98,9.43,63.23
kruger,2012-12-05,33.85,24.42,13.12,14.85,57.47
kruger,2012-12-06,30.66,17.64,11.04,12.01,43.5
kruger,2012-12-07,34.78,22.41,6.78,11.69,53.76
kruger,2012-12-08,35.08,17.81,8.05,13.67,74.98
kruger,2012-12-09,28.68,17.39,8.08,13.6,58.65
kruger,2012-12-10,33.83,17.6,1.87,15.21,92.92
kruger,2012-12-11,29.13,22.21,11.22,10.02,65.83
kruger,2012-12-12,28.18,21.09,9.43,14.28,40.09
kruger,2012-12-13,32.04,20.04,9.66,9.13,47.92
kruger,2012-12-14,42.28,22.03,0.0,12.09,43.63
kruger,2012-12-15,36.27,21.05,8.61,12.31,67.34
kruger,2012-12-16,38.18,21.28,10.86,15.58,71.97
kruger,2012-12-17,35.88,20.3,6.81,12.71,80.6
kruger,2012-12-18,34.73,18.54,4.91,11.92,50.06
kruger,2012-12-19,36.85,25.39,1.49,17.0,62.24
kruger,2012-12-20,32.3,24.72,1.24,11.45,74.6
kruger,2012-12-21,35.68,25.24,7.63,11.34,78.81
kruger,2012-12-22,37.85,19.97,6.11,7.14,37.26
kruger,2012-12-23,36.46,19.66,6.08,12.14,65.18
kruger,2012-12-24,38.14,20.37,13.22,9.98,38.13
kruger,2012-12-25,35.0,24.14,2.11,12.07,47.15
kruger,2012-12-26,39.57,21.49,5.78,13.55,36.72
kruger,2012-12-27,33.91,20.18,13.97,9.59,47.14
kruger,2012-12-28,40.93,22.48,5.97,10.39,34.84
kruger,2012-12-29,36.33,19.77,7.51,8.07,38.98
kruger,2012-12-30,33.5,18.26,6.56,11.35,43.26
kruger,2012-12-31,31.14,22.01,10.11,10.06,61.49
kruger,2013-01-01,32.26,20.39,0.0,19.33,57.45
kruger,2013-01-02,31.84,21.68,6.5,17.42,32.39
kruger,2013-01-03,34.48,15.03,7.55,16.94,98.27
kruger,2013-01-04,30.95,19.54,3.36,9.04,49.92
kruger,2013-01-05,38.68,21.69,8.74,12.4,37.4
kruger,2013-01-06,35.16,18.04,10.53,9.33,66.16
kruger,2013-01-07,35.06,18.14,9.21,18.48,57.43
kruger,2013-01-08,31.38,21.97,14.53,15.45,45.39
kruger,2013-01-09,32.59,23.65,5.7,9.81,63.5
kruger,2013-01-10,28.25,19.68,9.44,14.08,47.62
kruger,2013-01-11,39.78,21.27,9.36,8.53,53.33
kruger,2013-01-12,30.69,21.35,6.52,12.57,79.8
kruger,2013-01-13,30.93,18.05,12.0,12.46,59.71
kruger,2013-01-14,39.21,24.93,8.63,15.21,67.11
kruger,2013-01-15,36.14,21.52,2.68,15.96,50.09
kruger,2013-01-16,35.35,21.56,10.49,13.06,60.25
kruger,2013-01-17,36.01,22.92,5.5,12.33,46.41
kruger,2013-01-18,37.86,18.1,6.21,3.29,45.76
kruger,2013-01-19,35.3,24.3,6.5,17.69,51.81
kruger,2013-01-20,30.37,24.63,10.44,11.03,47.58
kruger,2013-01-21,37.2,22.35,11.82,13.31,73.57
kruger,2013-01-22,36.26,23.15,6.86,19.78,66.68
kruger,2013-01-23,38.51,21.18,6.63,9.42,23.59
kruger,2013-01-24,31.24,24.14,0.0,13.06,83.82
kruger,2013-01-25,32.79,19.92,4.65,14.48,67.54
kruger,2013-01-26,36.14,21.89,3.69,16.27,75.06
kruger,2013-01-27,32.12,22.02,8.72,12.99,55.29
kruger,2013-01-28,27.88,21.85,7.03,16.51,35.4
kruger,2013-01-29,35.52,24.6,3.82,11.73,37.9
kruger,2013-01-30,37.6,27.38,8.05,14.6,83.31
kruger,2013-01-31,34.51,21.62,7.16,14.21,33.23
kruger,2013-02-01,36.52,23.05,0.0,12.68,35.89
kruger,2013-02-02,36.06,19.84,11.83,13.92,51.01
kruger,2013-02-03,34.86,24.41,11.43,10.32,36.65
kruger,2013-02-04,35.21,20.51,6.42,12.04,65.33
kruger,2013-02-05,38.82,29.64,8.76,9.06,66.41
kruger,2013-02-06,31.85,17.57,6.03,11.59,63.36
kruger,2013-02-07,37.03,27.08,0.89,16.32,47.84
kruger,2013-02-08,31.14,24.16,15.94,14.16,61.27
kruger,2013-02-09,32.26,18.84,10.26,13.81,83.58
kruger,2013-02-10,38.2,27.41,11.0,8.07,35.2
kruger,2013-02-11,30.95,19.25,6.08,13.82,73.33
kruger,2013-02-12,33.81,20.75,11.69,12.66,68.57
kruger,2013-02-13,41.58,18.25,1.68,14.44,54.74
kruger,2013-02-14,37.53,21.09,6.15,16.97,58.67
kruger,2013-02-15,32.2,21.28,10.07,11.58,61.38
kruger,2013-02-16,32.67,23.44,4.57,11.84,41.23
kruger,2013-02-17,33.81,27.41,10.69,15.53,31.24
kruger,2013-02-18,38.2,19.99,8.23,10.95,69.16
kruger,2013-02-19,31.21,14.34,7.82,13.0,36.72
kruger,2013-02-20,30.98,22.79,4.06,6.73,38.82
kruger,2013-02-21,36.25,19.74,8.53,11.78,47.31
kruger,2013-02-22,29.01,25.6,14.6,16.6,59.13
kruger,2013-02-23,31.27,20.91,7.54,13.67,47.18
kruger,2013-02-24,33.69,19.05,9.02,15.35,43.62
kruger,2013-02-25,33.78,18.35,9.57,15.5,68.57
kruger,2013-02-26,29.73,22.38,2.14,16.66,49.08
kruger,2013-02-27,34.82,20.07,6.14,11.55,41.89
kruger,2013-02-28,35.36,24.37,5.98,15.39,59.58
kruger,2013-03-01,31.65,20.11,0.0,19.29,54.32
kruger,2013-03-02,38.55,24.1,9.7,12.44,53.65
kruger,2013-03-03,34.52,17.05,2.77,8.54,59.65
kruger,2013-03-04,30.42,16.08,9.17,10.69,50.7
kruger,2013-03-05,38.22,22.43,3.37,13.86,65.2
kruger,2013-03-06,31.72,19.13,14.53,7.44,30.87
kruger,2013-03-07,33.75,19.56,5.2,10.12,70.67
kruger,2013-03-08,31.68,17.61,13.95,11.39,38.11
kruger,2013-03-09,34.94,17.35,5.52,12.68,27.0
kruger,2013-03-10,31.54,21.58,5.95,17.72,39.47
kruger,2013-03-11,31.65,19.86,12.37,14.37,45.8
kruger,2013-03-12,32.35,17.18,2.38,8.94,39.75
kruger,2013-03-13,31.25,21.73,6.2,23.85,36.03
kruger,2013-03-14,35.89,22.61,8.11,12.17,65.4
kruger,2013-03-15,28.82,19.32,7.51,7.16,36.9
kruger,2013-03-16,32.39,22.01,6.01,9.05,15.82
kruger,2013-03-17,32.69,16.92,5.4,9.04,44.15
kruger,2013-03-18,31.96,20.78,9.11,8.07,79.8
kruger,2013-03-19,35.15,19.65,6.37,13.62,32.87
kruger,2013-03-20,27.65,17.18,9.47,4.05,35.05
kruger,2013-03-21,33.78,24.21,7.12,14.97,42.19
kruger,2013-03-22,28.25,19.57,8.09,14.44,71.11
kruger,2013-03-23,30.37,17.42,9.96,10.6,42.26
kruger,2013-03-24,27.76,18.85,4.13,14.68,32.0
kruger,2013-03-25,30.72,16.54,9.73,8.63,52.49
kruger,2013-03-26,29.89,15.73,4.62,9.35,51.06
kruger,2013-03-27,36.44,17.4,0.0,13.49,53.72
kruger,2013-03-28,32.16,17.48,3.8,11.18,30.17
kruger,2013-03-29,32.66,16.33,2.17,9.9,37.33
kruger,2013-03-30,27.92,21.37,6.5,11.41,62.36
kruger,2013-03-31,33.37,16.23,3.79,15.67,51.29
kruger,2013-04-01,35.96,15.72,5.38,15.52,56.96
kruger,2013-04-02,33.56,14.99,8.86,12.93,43.7
kruger,2013-04-03,26.92,14.65,10.68,10.55,60.03
kruger,2013-04-04,29.36,20.32,5.84,13.15,48.25
kruger,2013-04-05,30.98,18.3,8.95,8.96,35.67
kruger,2013-04-06,28.83,19.28,3.83,15.03,54.37
kruger,2013-04-07,38.06,20.0,0.0,14.34,29.73
kruger,2013-04-08,28.91,16.52,0.0,17.25,65.68
kruger,2013-04-09,30.13,20.94,3.55,9.01,57.31
kruger,2013-04-10,28.35,15.59,7.45,8.61,37.46
kruger,2013-04-11,30.75,14.31,3.43,13.01,38.74
kruger,2013-04-12,34.1,17.89,8.88,10.5,43.16
kruger,2013-04-13,30.19,17.21,11.39,14.28,38.24
kruger,2013-04-14,29.09,17.1,0.44,15.2,60.27
kruger,2013-04-15,26.42,19.18,12.43,16.32,32.07
kruger,2013-04-16,33.17,16.81,0.0,11.36,17.27
kruger,2013-04-17,29.01,17.22,11.19,13.79,35.58
kruger,2013-04-18,28.78,19.73,3.59,9.56,50.41
kruger,2013-04-19,22.22,16.9,2.72,11.73,53.99
kruger,2013-04-20,28.75,17.36,3.55,10.88,40.14
kruger,2013-04-21,27.82,12.48,0.32,10.69,28.58
kruger,2013-04-22,23.44,25.22,9.45,16.45,37.08
kruger,2013-04-23,31.79,11.84,0.61,6.91,27.57
kruger,2013-04-24,27.11,14.37,1.05,10.89,2.47
kruger,2013-04-25,34.3,14.19,0.0,11.03,23.93
kruger,2013-04-26,32.75,20.78,0.25,12.77,44.02
kruger,2013-04-27,26.25,13.91,0.3,7.51,31.96
kruger,2013-04-28,32.41,16.41,0.0,9.87,31.05
kruger,2013-04-29,33.03,13.79,2.27,8.95,51.94
kruger,2013-04-30,26.42,12.5,0.0,3.94,20.54
kruger,2013-05-01,24.9,16.42,9.21,14.15,21.67
kruger,2013-05-02,21.43,13.1,2.15,6.22,39.28
kruger,2013-05-03,28.94,15.31,4.19,5.79,23.3
kruger,2013-05-04,24.77,16.26,6.08,13.41,22.89
kruger,2013-05-05,28.82,19.36,10.66,9.53,56.55
kruger,2013-05-06,25.79,11.34,6.13,9.6,16.9
kruger,2013-05-07,25.05,14.01,1.44,9.62,21.66
kruger,2013-05-08,25.61,14.02,0.0,13.65,38.9
kruger,2013-05-09,23.3,14.2,3.65,8.74,31.25
kruger,2013-05-10,25.41,20.52,6.48,12.15,11.05
kruger,2013-05-11,24.79,13.57,2.73,6.91,58.09
kruger,2013-05-12,26.86,7.6,2.36,11.29,19.09
kruger,2013-05-13,27.12,13.31,2.89,12.98,27.0
kruger,2013-05-14,23.5,13.41,0.0,14.45,36.92
kruger,2013-05-15,29.92,13.01,2.5,5.56,62.48
kruger,2013-05-16,26.04,11.72,4.78,9.28,23.59
kruger,2013-05-17,30.93,10.12,1.6,14.94,15.63
kruger,2013-05-18,27.06,18.73,6.22,12.88,36.58
kruger,2013-05-19,26.45,14.04,6.29,9.48,60.13
kruger,2013-05-20,24.68,12.67,0.0,10.06,30.54
kruger,2013-05-21,27.9,18.38,3.31,10.91,23.92
kruger,2013-05-22,26.07,10.8,1.65,8.87,33.77
kruger,2013-05-23,28.46,14.39,0.0,11.6,0.0
kruger,2013-05-24,30.61,9.67,0.61,11.4,18.09
kruger,2013-05-25,23.53,14.58,0.0,6.56,0.0
kruger,2013-05-26,27.46,9.78,1.78,8.4,21.34
kruger,2013-05-27,27.29,13.71,3.92,8.48,18.76
kruger,2013-05-28,26.83,17.34,0.26,9.05,0.0
kruger,2013-05-29,24.07,12.6,0.0,10.6,28.59
kruger,2013-05-30,24.05,6.81,1.96,10.3,34.9
kruger,2013-05-31,23.46,12.3,10.75,7.58,22.46
kruger,2013-06-01,23.32,13.33,0.0,13.73,2.17
kruger,2013-06-02,22.53,14.3,1.8,9.7,43.81
kruger,2013-06-03,24.66,15.66,0.0,14.05,53.03
kruger,2013-06-04,22.62,15.71,0.0,13.95,30.32
kruger,2013-06-05,26.13,11.49,0.3,6.43,18.76
kruger,2013-06-06,24.92,10.1,0.0,8.11,18.71
kruger,2013-06-07,25.18,8.88,3.02,8.31,30.09
kruger,2013-06-08,23.78,10.26,0.0,10.47,24.7
kruger,2013-06-09,24.74,12.73,0.0,11.69,29.65
kruger,2013-06-10,23.73,8.1,5.6,9.93,29.64
kruger,2013-06-11,26.74,9.08,4.95,7.81,11.59
kruger,2013-06-12,23.01,12.74,0.0,14.4,10.11
kruger,2013-06-13,25.4,9.65,0.55,8.11,18.03
kruger,2013-06-14,20.29,12.13,5.18,11.63,29.04
kruger,2013-06-15,26.28,9.11,4.4,9.27,0.0
kruger,2013-06-16,22.41,11.81,5.65,9.17,18.19
kruger,2013-06-17,21.29,9.1,1.68,11.36,20.88
kruger,2013-06-18,20.55,6.22,3.23,13.95,13.93
kruger,2013-06-19,20.26,13.3,5.74,10.22,42.09
kruger,2013-06-20,22.42,9.12,0.0,7.82,39.35
kruger,2013-06-21,28.3,10.19,1.8,13.71,26.93
kruger,2013-06-22,21.83,9.03,0.0,10.73,47.08
kruger,2013-06-23,17.08,12.07,0.0,9.75,33.53
kruger,2013-06-24,24.76,11.49,1.94,12.3,22.21
kruger,2013-06-25,20.27,11.97,2.52,10.17,12.89
kruger,2013-06-26,26.01,9.19,0.0,16.56,13.97
kruger,2013-06-27,22.26,10.4,0.0,9.18,25.46
kruger,2013-06-28,22.66,11.53,0.0,12.61,14.04
kruger,2013-06-29,27.04,14.31,0.56,10.47,0.0
kruger,2013-06-30,25.26,11.17,0.0,10.45,13.64
kruger,2013-07-01,19.63,7.86,1.61,8.04,34.65
kruger,2013-07-02,20.04,11.0,0.0,8.04,0.0
kruger,2013-07-03,17.95,9.89,0.69,10.59,40.05
kruger,2013-07-04,31.08,5.27,0.0,6.49,27.51
kruger,2013-07-05,20.65,5.63,0.0,7.35,15.29
kruger,2013-07-06,26.72,10.05,0.0,9.12,23.02
kruger,2013-07-07,21.59,10.23,5.72,12.78,33.04
kruger,2013-07-08,19.92,9.42,0.0,9.3,19.04
kruger,2013-07-09,23.2,12.35,2.82,9.24,32.69
kruger,2013-07-10,22.14,7.78,0.0,5.86,31.15
kruger,2013-07-11,25.5,6.63,0.0,14.12,20.95
kruger,2013-07-12,25.52,8.02,0.0,12.35,1.61
kruger,2013-07-13,21.29,8.54,0.0,12.68,16.75
kruger,2013-07-14,18.73,9.9,0.0,4.66,0.0
kruger,2013-07-15,19.45,8.04,5.3,10.07,24.81
kruger,2013-07-16,16.18,4.67,7.23,6.19,11.79
kruger,2013-07-17,22.19,3.59,0.46,11.32,8.83
kruger,2013-07-18,22.98,10.32,0.0,9.97,27.87
kruger,2013-07-19,19.58,7.18,0.0,10.56,0.0
kruger,2013-07-20,19.21,4.99,0.0,6.85,19.69
kruger,2013-07-21,22.95,11.56,5.3,5.88,12.9
kruger,2013-07-22,21.1,13.86,0.0,7.08,15.29
kruger,2013-07-23,22.36,9.77,0.0,9.92,22.27
kruger,2013-07-24,21.9,10.68,0.12,8.28,45.37
kruger,2013-07-25,23.76,10.7,0.0,9.76,24.01
kruger,2013-07-26,21.32,4.24,0.0,5.93,38.43
kruger,2013-07-27,21.56,12.25,0.0,8.99,39.02
kruger,2013-07-28,17.39,13.14,0.0,13.2,29.67
kruger,2013-07-29,22.9,14.64,0.57,10.01,0.0
kruger,2013-07-30,23.33,8.97,3.65,10.21,14.62
kruger,2013-07-31,22.55,7.24,0.0,10.24,1.91
kruger,2013-08-01,28.83,13.49,0.0,7.5,61.28
kruger,2013-08-02,23.61,11.36,0.0,13.93,3.33
kruger,2013-08-03,22.67,12.33,0.0,10.12,0.0
kruger,2013-08-04,24.66,8.54,1.28,9.59,0.0
kruger,2013-08-05,29.52,10.86,1.42,11.12,3.08
kruger,2013-08-06,23.97,7.58,0.0,11.89,20.55
kruger,2013-08-07,16.57,10.23,2.22,5.34,35.11
kruger,2013-08-08,24.57,9.4,0.19,9.26,2.85
kruger,2013-08-09,20.66,16.16,0.74,15.81,36.58
kruger,2013-08-10,17.57,11.71,4.44,14.08,18.16
kruger,2013-08-11,28.46,4.99,0.0,8.8,11.95
kruger,2013-08-12,27.85,10.4,0.0,11.32,21.95
kruger,2013-08-13,20.73,11.36,0.0,8.17,40.75
kruger,2013-08-14,20.79,9.3,0.0,10.22,20.38
kruger,2013-08-15,24.01,7.77,0.0,7.8,3.13
kruger,2013-08-16,20.91,12.22,3.26,7.76,26.26
kruger,2013-08-17,23.21,8.21,1.5,7.43,26.17
kruger,2013-08-18,21.52,12.1,0.26,14.27,17.35
kruger,2013-08-19,22.51,8.09,0.0,7.79,35.68
kruger,2013-08-20,19.54,9.42,0.0,12.68,0.0
kruger,2013-08-21,26.29,13.2,0.0,7.97,26.05
kruger,2013-08-22,27.47,12.08,0.99,7.65,32.63
kruger,2013-08-23,23.61,10.99,0.0,10.47,0.0
kruger,2013-08-24,23.86,10.9,6.0,5.43,0.0
kruger,2013-08-25,25.91,11.25,0.0,11.34,36.4
kruger,2013-08-26,24.09,9.11,2.45,8.95,39.24
kruger,2013-08-27,29.33,7.35,0.59,7.73,42.22
kruger,2013-08-28,20.26,12.63,0.0,7.11,11.63
kruger,2013-08-29,26.85,15.1,5.52,15.34,25.25
kruger,2013-08-30,23.99,12.84,4.72,9.34,27.45
kruger,2013-08-31,21.04,12.04,0.0,9.24,0.0
kruger,2013-09-01,31.21,8.45,0.18,12.11,25.25
kruger,2013-09-02,31.69,13.73,1.35,6.99,25.2
kruger,2013-09-03,23.98,12.81,0.0,12.94,34.53
kruger,2013-09-04,26.01,13.58,0.0,9.45,15.01
kruger,2013-09-05,23.33,14.33,0.0,5.43,42.58
kruger,2013-09-06,23.89,15.79,0.0,8.02,25.28
kruger,2013-09-07,21.5,9.11,0.0,6.35,49.97
kruger,2013-09-08,21.13,8.75,0.0,9.9,35.77
kruger,2013-09-09,30.58,12.42,0.38,7.3,29.0
kruger,2013-09-10,25.01,9.82,0.0,7.0,7.36
kruger,2013-09-11,25.36,9.47,5.43,10.61,5.56
kruger,2013-09-12,22.86,15.34,1.75,9.89,49.64
kruger,2013-09-13,25.94,9.85,4.26,13.42,39.06
kruger,2013-09-14,20.94,12.42,0.0,13.31,21.9
kruger,2013-09-15,23.22,8.46,0.0,10.03,20.2
kruger,2013-09-16,22.02,12.78,1.79,11.37,30.07
kruger,2013-09-17,29.59,15.66,3.12,5.68,6.85
kruger,2013-09-18,20.84,15.83,0.0,12.02,20.3
kruger,2013-09-19,22.34,15.49,0.0,11.19,36.79
kruger,2013-09-20,19.83,12.77,0.0,12.85,39.1
kruger,2013-09-21,23.39,15.84,0.35,9.1,22.68
kruger,2013-09-22,24.77,14.23,10.26,9.16,52.5
kruger,2013-09-23,29.17,12.14,2.91,9.21,44.48
kruger,2013-09-24,25.67,14.29,1.88,14.41,17.58
kruger,2013-09-25,25.19,15.64,0.0,10.99,10.28
kruger,2013-09-26,27.42,10.2,0.0,5.69,38.65
kruger,2013-09-27,25.29,10.96,1.06,12.14,23.3
kruger,2013-09-28,33.94,13.35,6.49,8.85,20.77
kruger,2013-09-29,25.03,10.75,1.24,13.52,34.03
kruger,2013-09-30,28.14,10.81,1.48,11.92,41.8
kruger,2013-10-01,29.48,12.95,0.0,14.05,43.21
kruger,2013-10-02,25.24,16.58,0.0,13.48,32.48
kruger,2013-10-03,27.69,16.63,4.04,13.21,0.0
kruger,2013-10-04,25.79,15.1,1.35,13.83,46.63
kruger,2013-10-05,28.22,14.84,4.21,12.91,20.55
kruger,2013-10-06,27.8,19.71,3.11,8.42,37.6
kruger,2013-10-07,27.17,13.24,0.0,7.1,31.48
kruger,2013-10-08,24.23,15.3,3.53,8.07,67.31
kruger,2013-10-09,33.39,13.32,0.0,12.79,64.85
kruger,2013-10-10,29.66,11.68,3.63,3.96,27.43
kruger,2013-10-11,23.23,17.96,2.58,10.62,14.49
kruger,2013-10-12,26.84,14.34,9.06,9.9,16.0
kruger,2013-10-13,23.49,16.94,0.0,14.41,39.41
kruger,2013-10-14,30.59,14.69,0.0,10.42,27.59
kruger,2013-10-15,28.34,18.52,1.45,9.7,19.36
kruger,2013-10-16,28.52,13.02,5.61,14.78,28.51
kruger,2013-10-17,26.09,18.52,0.0,10.6,43.48
kruger,2013-10-18,27.77,17.95,6.81,10.15,35.88
kruger,2013-10-19,31.18,11.33,2.55,9.47,30.16
kruger,2013-10-20,32.09,14.63,0.0,11.83,32.39
kruger,2013-10-21,31.57,18.58,2.05,10.01,35.66
kruger,2013-10-22,24.47,20.22,0.62,10.06,41.77
kruger,2013-10-23,28.67,18.02,0.0,15.43,42.99
kruger,2013-10-24,30.1,15.34,0.0,11.26,14.39
kruger,2013-10-25,27.23,14.02,6.71,9.8,41.96
kruger,2013-10-26,24.56,17.96,1.62,8.2,34.37
kruger,2013-10-27,25.78,15.58,2.36,11.81,24.94
kruger,2013-10-28,34.25,15.79,7.38,9.57,34.9
kruger,2013-10-29,26.27,16.29,4.29,10.18,58.17
kruger,2013-10-30,30.09,19.16,0.0,8.76,53.3
kruger,2013-10-31,29.58,21.57,6.89,11.94,42.97
kruger,2013-11-01,29.69,19.72,10.21,7.47,28.39
kruger,2013-11-02,29.3,17.28,6.35,12.65,21.79
kruger,2013-11-03,32.72,15.11,0.94,9.81,28.4
kruger,2013-11-04,30.56,19.13,0.0,13.64,43.04
kruger,2013-11-05,28.68,21.72,0.93,12.97,43.69
kruger,2013-11-06,30.81,20.17,5.02,11.86,33.75
kruger,2013-11-07,26.92,18.27,10.38,14.12,57.02
kruger,2013-11-08,32.28,16.63,1.7,16.29,49.95
kruger,2013-11-09,28.91,18.81,2.21,15.46,4.74
kruger,2013-11-10,29.18,20.94,8.95,7.75,46.47
kruger,2013-11-11,32.69,18.73,3.19,9.9,56.49
kruger,2013-11-12,30.02,17.98,11.85,10.3,48.51
kruger,2013-11-13,30.28,16.62,4.47,13.7,54.52
kruger,2013-11-14,34.94,24.91,9.79,10.24,42.16
kruger,2013-11-15,28.61,16.3,6.72,10.16,45.44
kruger,2013-11-16,33.12,16.16,8.07,9.67,46.07
kruger,2013-11-17,34.56,19.12,4.6,12.8,49.8
kruger,2013-11-18,35.3,18.3,4.92,13.84,38.66
kruger,2013-11-19,38.42,21.45,7.11,8.33,64.04
kruger,2013-11-20,30.06,21.63,8.68,10.45,69.29
kruger,2013-11-21,29.47,16.04,7.65,6.34,40.28
kruger,2013-11-22,34.61,17.27,0.0,4.88,31.01
kruger,2013-11-23,35.07,17.06,6.7,13.54,28.65
kruger,2013-11-24,29.96,21.3,3.1,13.06,55.19
kruger,2013-11-25,33.88,20.49,3.6,12.66,58.22
kruger,2013-11-26,40.68,18.58,7.67,16.93,55.82
kruger,2013-11-27,32.9,20.13,12.68,7.17,57.39
kruger,2013-11-28,35.44,16.86,5.02,5.98,41.71
kruger,2013-11-29,37.48,17.9,13.89,8.88,20.66
kruger,2013-11-30,40.34,16.58,1.67,5.92,43.32
kruger,2013-12-01,33.65,20.28,11.03,10.46,75.85
kruger,2013-12-02,36.75,20.34,7.88,14.08,55.27
kruger,2013-12-03,30.7,17.6,7.04,13.24,57.92
kruger,2013-12-04,33.22,21.19,11.79,15.46,65.37
kruger,2013-12-05,31.88,22.86,3.76,13.52,39.45
kruger,2013-12-06,27.63,17.71,11.47,11.22,55.65
kruger,2013-12-07,28.55,19.54,5.57,10.88,60.22
kruger,2013-12-08,34.72,21.71,3.88,13.79,38.78
kruger,2013-12-09,34.85,20.48,1.19,7.91,58.45
kruger,2013-12-10,30.44,17.14,12.89,2.99,72.65
kruger,2013-12-11,38.31,19.53,11.15,13.71,47.43
kruger,2013-12-12,30.37,19.51,4.72,13.27,27.82
kruger,2013-12-13,34.53,20.34,8.86,17.3,56.46
kruger,2013-12-14,32.58,20.5,7.22,14.7,44.23
kruger,2013-12-15,34.21,24.8,5.34,13.56,57.0
kruger,2013-12-16,36.64,20.42,10.65,11.71,41.85
kruger,2013-12-17,36.27,16.71,4.33,10.23,55.59
kruger,2013-12-18,36.18,21.29,0.0,11.85,73.27
kruger,2013-12-19,35.85,25.48,7.95,15.57,54.62
kruger,2013-12-20,30.35,20.75,7.21,14.11,30.48
kruger,2013-12-21,37.62,20.12,4.61,15.54,61.03
kruger,2013-12-22,31.09,20.5,3.44,13.08,55.86
kruger,2013-12-23,34.0,22.78,0.81,10.07,58.92
kruger,2013-12-24,33.31,20.59,5.62,16.27,70.48
kruger,2013-12-25,35.46,17.62,3.61,16.01,48.15
kruger,2013-12-26,33.0,19.77,10.99,13.37,51.86
kruger,2013-12-27,34.02,21.33,9.23,14.5,40.88
kruger,2013-12-28,39.39,22.87,5.25,14.35,59.35
kruger,2013-12-29,30.69,20.12,9.31,11.45,59.09
kruger,2013-12-30,34.6,20.87,6.81,12.09,52.81
kruger,2013-12-31,31.31,21.76,6.19,10.15,68.03
kruger,2014-01-01,36.7,19.74,7.07,12.1,41.39
kruger,2014-01-02,32.53,21.48,14.39,16.0,58.95
kruger,2014-01-03,34.86,22.91,9.91,15.44,66.17
kruger,2014-01-04,30.8,18.81,6.16,14.6,49.12
kruger,2014-01-05,38.68,22.57,10.94,15.81,36.73
kruger,2014-01-06,35.04,19.1,10.82,11.85,31.99
kruger,2014-01-07,35.26,19.17,8.44,9.43,59.83
kruger,2014-01-08,37.36,20.22,6.1,12.49,82.99
kruger,2014-01-09,31.14,25.31,5.85,12.73,48.5
kruger,2014-01-10,33.07,17.62,3.14,15.0,64.47
kruger,2014-01-11,35.44,20.77,8.17,14.51,21.38
kruger,2014-01-12,29.66,21.88,5.02,16.01,63.41
kruger,2014-01-13,29.99,24.87,5.72,6.94,41.53
kruger,2014-01-14,32.5,26.84,9.97,10.6,51.99
kruger,2014-01-15,31.55,20.92,14.23,12.72,59.11
kruger,2014-01-16,33.95,23.33,8.99,14.43,33.04
kruger,2014-01-17,36.56,21.76,7.07,19.28,100.0
kruger,2014-01-18,37.25,21.74,7.42,10.07,48.91
kruger,2014-01-19,40.43,22.68,12.05,10.87,67.1
kruger,2014-01-20,34.93,18.04,9.05,11.73,80.39
kruger,2014-01-21,35.46,21.88,8.27,10.76,62.39
kruger,2014-01-22,34.92,23.12,8.56,10.33,39.57
kruger,2014-01-23,35.95,19.84,1.78,13.14,59.51
kruger,2014-01-24,36.18,23.13,9.05,15.95,30.39
kruger,2014-01-25,37.74,17.66,3.98,13.35,52.96
kruger,2014-01-26,37.72,22.2,9.06,10.41,83.05
kruger,2014-01-27,36.51,25.31,4.53,12.4,36.69
kruger,2014-01-28,39.47,21.4,9.83,9.87,45.45
kruger,2014-01-29,35.01,19.48,6.84,15.93,85.56
kruger,2014-01-30,33.08,18.35,2.86,17.38,55.09
kruger,2014-01-31,33.55,22.87,6.27,8.18,44.24
kruger,2014-02-01,34.55,24.19,16.24,13.64,63.41
kruger,2014-02-02,31.6,21.71,0.0,10.62,50.47
kruger,2014-02-03,32.99,20.67,8.05,13.13,16.68
kruger,2014-02-04,31.38,16.97,3.33,12.68,36.93
kruger,2014-02-05,35.81,22.08,12.86,8.9,88.1
kruger,2014-02-06,35.81,20.02,10.6,16.54,62.07
kruger,2014-02-07,29.41,20.13,8.05,12.45,79.0
kruger,2014-02-08,32.72,25.72,10.96,11.48,41.5
kruger,2014-02-09,40.12,17.14,8.24,13.23,56.0
kruger,2014-02-10,36.5,17.44,7.27,10.26,54.17
kruger,2014-02-11,35.94,22.15,4.82,12.31,48.37
kruger,2014-02-12,32.54,20.57,5.75,7.33,59.61
kruger,2014-02-13,35.36,20.2,5.31,5.76,39.6
kruger,2014-02-14,34.41,22.13,7.18,9.91,74.32
kruger,2014-02-15,32.02,22.05,0.0,11.21,63.04
kruger,2014-02-16,32.88,18.93,11.19,7.52,53.27
kruger,2014-02-17,32.9,19.84,14.83,11.28,57.72
kruger,2014-02-18,29.8,21.39,5.28,11.15,51.02
kruger,2014-02-19,30.25,21.64,11.68,12.55,29.54
kruger,2014-02-20,33.57,22.37,6.41,14.56,40.36
kruger,2014-02-21,31.57,19.65,4.5,17.84,52.34
kruger,2014-02-22,33.15,21.93,5.34,13.97,49.57
kruger,2014-02-23,29.18,23.38,7.18,9.71,64.38
kruger,2014-02-24,36.35,21.06,3.91,14.65,62.88
kruger,2014-02-25,40.13,20.63,9.18,16.83,45.88
kruger,2014-02-26,36.91,20.23,4.64,9.25,39.72
kruger,2014-02-27,37.15,19.22,2.38,9.39,65.19
kruger,2014-02-28,35.58,18.35,6.55,8.3,56.5
kruger,2014-03-01,34.43,19.89,3.81,10.85,44.12
kruger,2014-03-02,33.83,21.69,5.24,13.64,36.09
kruger,2014-03-03,30.76,18.28,6.28,16.95,42.86
kruger,2014-03-04,35.5,20.24,1.09,15.15,58.65
kruger,2014-03-05,35.25,19.88,12.24,13.61,77.83
kruger,2014-03-06,31.9,24.73,9.61,12.57,49.11
kruger,2014-03-07,34.79,22.02,3.79,13.58,39.56
kruger,2014-03-08,31.06,21.91,6.18,13.73,84.16
kruger,2014-03-09,31.17,22.37,8.75,16.26,45.97
kruger,2014-03-10,35.31,18.62,6.99,12.27,39.39
kruger,2014-03-11,34.2,23.35,13.63,13.09,44.93
kruger,2014-03-12,32.14,20.23,5.1,11.05,43.92
kruger,2014-03-13,31.71,19.64,10.76,12.59,69.57
kruger,2014-03-14,33.2,16.63,0.61,11.45,25.13
kruger,2014-03-15,27.08,18.59,1.17,8.63,58.88
kruger,2014-03-16,30.23,15.09,12.58,14.79,49.52
kruger,2014-03-17,28.63,18.8,4.05,16.61,41.05
kruger,2014-03-18,32.37,17.9,1.05,12.0,44.08
kruger,2014-03-19,35.52,18.25,5.48,13.08,45.07
kruger,2014-03-20,33.59,15.7,10.66,14.64,49.86
kruger,2014-03-21,30.54,20.83,2.5,11.59,41.48
kruger,2014-03-22,29.87,20.47,5.32,12.56,46.97
kruger,2014-03-23,29.63,23.12,0.0,11.31,35.99
kruger,2014-03-24,37.8,22.96,3.49,10.29,80.08
kruger,2014-03-25,31.92,19.1,9.3,13.47,62.18
kruger,2014-03-26,32.22,21.18,2.11,13.41,54.06
kruger,2014-03-27,25.19,19.18,0.1,14.61,39.76
kruger,2014-03-28,27.89,17.36,2.02,11.8,58.43
kruger,2014-03-29,31.21,17.64,2.62,8.18,50.28
kruger,2014-03-30,29.75,19.84,8.05,15.07,47.26
kruger,2014-03-31,31.55,28.37,6.45,9.51,37.16
kruger,2014-04-01,31.41,20.97,7.16,9.43,48.95
kruger,2014-04-02,32.75,18.57,4.92,10.05,69.76
kruger,2014-04-03,25.25,19.06,2.26,6.39,45.39
kruger,2014-04-04,27.44,18.94,1.56,10.93,39.9
kruger,2014-04-05,30.36,17.43,6.33,13.41,45.01
kruger,2014-04-06,28.61,19.45,10.89,10.22,43.85
kruger,2014-04-07,29.53,17.07,0.71,15.5,34.65
kruger,2014-04-08,30.68,14.83,0.33,15.28,31.4
kruger,2014-04-09,28.02,18.46,0.0,14.09,54.09
kruger,2014-04-10,30.73,18.69,7.6,5.58,59.93
kruger,2014-04-11,31.69,16.69,4.03,15.65,75.5
kruger,2014-04-12,30.15,17.73,6.36,10.61,48.05
kruger,2014-04-13,32.01,19.25,2.03,16.32,42.58
kruger,2014-04-14,23.23,16.62,6.47,9.44,54.02
kruger,2014-04-15,27.89,15.53,2.78,10.8,26.53
kruger,2014-04-16,32.22,14.77,0.0,11.45,49.44
kruger,2014-04-17,26.85,15.8,7.48,8.35,55.04
kruger,2014-04-18,26.34,20.17,3.58,6.25,54.48
kruger,2014-04-19,28.85,15.74,2.41,3.88,63.78
kruger,2014-04-20,29.08,17.03,4.71,19.9,29.45
kruger,2014-04-21,27.42,15.21,0.0,6.0,30.7
kruger,2014-04-22,34.45,14.9,5.17,6.01,34.51
kruger,2014-04-23,29.68,13.62,1.0,12.66,20.66
kruger,2014-04-24,26.01,15.97,2.69,6.63,45.13
kruger,2014-04-25,24.29,14.32,7.8,6.04,46.84
kruger,2014-04-26,29.73,18.69,5.74,2.21,44.79
kruger,2014-04-27,25.63,15.14,2.4,11.68,38.26
kruger,2014-04-28,34.76,15.19,2.63,7.56,50.77
kruger,2014-04-29,29.49,14.75,0.0,12.66,43.97
kruger,2014-04-30,29.78,16.03,0.0,10.47,25.96
kruger,2014-05-01,28.74,18.72,3.5,10.92,0.0
kruger,2014-05-02,31.26,12.3,0.0,9.27,29.36
kruger,2014-05-03,20.61,15.49,0.0,9.77,34.57
kruger,2014-05-04,24.08,10.77,4.55,7.88,34.36
kruger,2014-05-05,30.7,17.65,7.79,8.13,30.62
kruger,2014-05-06,31.99,14.22,0.0,7.21,24.92
kruger,2014-05-07,23.69,10.66,5.93,15.01,19.94
kruger,2014-05-08,21.84,11.1,5.26,9.24,16.82
kruger,2014-05-09,27.7,16.23,0.0,3.6,38.51
kruger,2014-05-10,28.55,9.94,0.0,11.14,47.98
kruger,2014-05-11,27.44,14.69,9.38,7.92,12.56
kruger,2014-05-12,26.72,12.83,0.0,10.17,30.09
kruger,2014-05-13,21.25,13.32,0.0,9.46,42.52
kruger,2014-05-14,25.58,12.03,9.84,14.71,27.53
kruger,2014-05-15,25.94,11.23,0.0,9.05,40.79
kruger,2014-05-16,24.88,12.3,7.26,12.62,45.91
kruger,2014-05-17,20.67,14.86,0.0,12.27,35.34
kruger,2014-05-18,28.09,12.6,2.28,6.01,21.68
kruger,2014-05-19,28.84,14.29,6.0,10.64,48.53
kruger,2014-05-20,23.77,12.54,0.0,7.78,24.49
kruger,2014-05-21,25.5,14.59,1.94,6.39,24.19
kruger,2014-05-22,24.48,14.01,4.46,6.38,35.62
kruger,2014-05-23,24.42,11.53,0.0,12.42,23.08
kruger,2014-05-24,27.27,10.41,10.32,17.86,23.96
kruger,2014-05-25,27.26,15.1,5.46,7.49,21.42
kruger,2014-05-26,28.85,10.59,0.0,10.52,24.03
kruger,2014-05-27,28.7,13.79,0.25,10.78,29.41
kruger,2014-05-28,24.94,12.53,8.78,8.23,0.0
kruger,2014-05-29,33.9,11.21,0.0,14.01,24.43
kruger,2014-05-30,29.94,13.36,0.0,16.35,0.0
kruger,2014-05-31,23.23,15.63,5.56,7.94,19.26
kruger,2014-06-01,25.51,13.69,0.0,14.91,30.16
kruger,2014-06-02,19.09,12.37,0.55,8.04,19.92
kruger,2014-06-03,25.05,16.03,1.15,6.75,35.12
kruger,2014-06-04,29.92,7.71,0.0,9.21,29.54
kruger,2014-06-05,33.17,9.04,0.0,12.21,0.0
kruger,2014-06-06,24.38,10.59,0.94,9.27,41.8
kruger,2014-06-07,25.68,15.22,3.37,11.77,27.33
kruger,2014-06-08,26.42,13.96,0.0,10.21,14.81
kruger,2014-06-09,30.47,7.24,0.0,13.57,16.07
kruger,2014-06-10,21.52,10.38,5.5,11.08,0.0
kruger,2014-06-11,32.37,8.09,2.55,14.06,25.93
kruger,2014-06-12,23.38,11.23,0.0,6.87,32.22
kruger,2014-06-13,20.76,13.52,4.03,8.81,12.03
kruger,2014-06-14,23.26,13.65,1.27,9.4,8.45
kruger,2014-06-15,21.72,11.82,7.42,6.82,23.93
kruger,2014-06-16,25.34,10.02,2.88,6.34,39.54
kruger,2014-06-17,19.07,10.79,0.0,10.49,37.79
kruger,2014-06-18,24.4,12.68,0.0,11.32,33.67
kruger,2014-06-19,25.91,16.78,0.0,9.64,51.35
kruger,2014-06-20,28.31,7.9,1.31,12.46,34.73
kruger,2014-06-21,25.85,14.78,0.0,5.96,38.04
kruger,2014-06-22,28.02,11.37,0.0,8.08,21.83
kruger,2014-06-23,21.89,12.76,2.33,5.7,15.16
kruger,2014-06-24,24.84,11.12,3.94,9.64,37.22
kruger,2014-06-25,16.93,14.12,0.0,10.67,5.33
kruger,2014-06-26,23.23,11.39,0.72,13.22,26.25
kruger,2014-06-27,24.69,8.9,0.0,5.64,10.63
kruger,2014-06-28,24.92,11.61,0.0,10.28,24.7
kruger,2014-06-29,18.72,13.26,0.0,13.46,23.5
kruger,2014-06-30,22.24,10.41,2.01,6.13,21.8
kruger,2014-07-01,22.62,5.18,0.77,5.41,18.97
kruger,2014-07-02,22.05,10.05,0.0,4.69,27.1
kruger,2014-07-03,25.48,10.55,0.0,10.97,29.4
kruger,2014-07-04,22.62,10.16,0.0,6.91,0.0
kruger,2014-07-05,23.54,9.0,6.08,10.51,18.12
kruger,2014-07-06,21.74,13.52,0.0,8.42,12.44
kruger,2014-07-07,26.38,4.25,1.31,14.46,21.53
kruger,2014-07-08,26.58,10.4,0.0,11.42,12.3
kruger,2014-07-09,22.21,10.41,0.0,6.63,37.59
kruger,2014-07-10,31.67,15.35,0.0,8.13,17.37
kruger,2014-07-11,20.8,10.06,0.0,11.4,33.12
kruger,2014-07-12,26.1,11.19,2.16,5.82,3.98
kruger,2014-07-13,20.21,10.38,0.0,12.57,14.0
kruger,2014-07-14,25.37,10.29,0.84,8.27,8.95
kruger,2014-07-15,25.12,14.44,0.0,11.44,24.03
kruger,2014-07-16,19.99,7.25,0.0,8.42,0.31
kruger,2014-07-17,22.63,8.35,0.0,7.43,0.0
kruger,2014-07-18,28.61,11.9,0.0,6.94,8.65
kruger,2014-07-19,20.56,10.65,1.51,14.2,26.44
kruger,2014-07-20,24.21,9.29,0.0,8.12,5.86
kruger,2014-07-21,24.01,9.82,3.23,18.24,21.98
kruger,2014-07-22,22.87,12.29,3.68,9.46,8.29
kruger,2014-07-23,17.81,11.21,0.74,6.45,0.0
kruger,2014-07-24,25.49,8.22,2.23,4.25,30.8
kruger,2014-07-25,23.05,10.61,7.61,12.7,27.78
kruger,2014-07-26,26.33,9.89,0.0,8.42,17.46
kruger,2014-07-27,23.72,11.2,3.82,11.48,18.73
kruger,2014-07-28,23.23,9.23,5.7,15.98,15.01
kruger,2014-07-29,24.17,7.03,1.27,11.02,2.68
kruger,2014-07-30,20.1,11.75,7.16,10.03,37.8
kruger,2014-07-31,27.75,11.45,6.65,12.71,16.76
kruger,2014-08-01,21.97,13.64,0.0,11.44,23.75
kruger,2014-08-02,22.03,6.83,0.0,5.25,10.91
kruger,2014-08-03,27.02,9.96,1.71,13.04,25.1
kruger,2014-08-04,23.9,9.59,0.0,8.92,35.72
kruger,2014-08-05,22.48,9.2,10.47,13.69,21.12
kruger,2014-08-06,24.45,6.36,2.8,10.59,24.12
kruger,2014-08-07,25.12,7.57,0.0,12.65,31.97
kruger,2014-08-08,22.92,10.95,0.0,8.42,29.51
kruger,2014-08-09,26.07,9.05,0.71,4.55,34.67
kruger,2014-08-10,19.52,8.27,0.0,10.8,23.93
kruger,2014-08-11,24.16,13.95,2.79,12.05,24.04
kruger,2014-08-12,25.81,16.34,0.0,7.46,22.94
kruger,2014-08-13,25.31,10.3,5.33,8.54,32.45
kruger,2014-08-14,16.76,6.73,0.0,2.52,13.14
kruger,2014-08-15,23.15,11.52,0.0,8.71,27.71
kruger,2014-08-16,19.93,5.36,0.0,5.44,54.36
kruger,2014-08-17,27.47,7.24,0.0,10.76,25.43
kruger,2014-08-18,22.49,11.69,0.0,10.22,2.24
kruger,2014-08-19,27.23,7.25,5.49,9.28,16.01
kruger,2014-08-20,20.11,10.02,1.53,13.22,29.84
kruger,2014-08-21,24.98,7.1,3.22,9.99,10.63
kruger,2014-08-22,23.88,11.0,0.0,9.87,6.2
kruger,2014-08-23,32.21,13.72,1.82,10.27,0.36
kruger,2014-08-24,27.5,9.44,0.0,7.58,18.11
kruger,2014-08-25,27.37,10.98,1.22,12.32,45.6
kruger,2014-08-26,30.17,9.05,0.0,6.61,13.65
kruger,2014-08-27,25.0,9.28,5.54,10.65,34.96
kruger,2014-08-28,23.91,9.13,0.61,13.06,17.84
kruger,2014-08-29,23.63,13.23,3.0,6.34,16.42
kruger,2014-08-30,25.32,7.8,1.44,5.42,30.2
kruger,2014-08-31,16.09,10.57,7.66,6.33,0.0
kruger,2014-09-01,24.47,12.49,0.0,14.94,47.93
kruger,2014-09-02,25.22,13.81,0.07,7.68,31.18
kruger,2014-09-03,24.14,12.71,0.0,5.93,39.12
kruger,2014-09-04,20.08,11.49,0.0,10.66,19.72
kruger,2014-09-05,24.3,10.33,0.0,1.41,31.27
kruger,2014-09-06,20.22,14.14,5.4,6.74,38.06
kruger,2014-09-07,30.22,9.73,0.64,13.87,22.96
kruger,2014-09-08,24.2,9.84,0.0,6.79,11.48
kruger,2014-09-09,18.86,15.43,3.96,8.9,10.69
kruger,2014-09-10,24.51,13.03,1.38,10.59,18.75
kruger,2014-09-11,27.89,13.2,3.42,10.62,28.76
kruger,2014-09-12,25.82,13.78,2.32,8.17,23.18
kruger,2014-09-13,22.63,12.13,3.25,11.43,18.56
kruger,2014-09-14,23.42,8.86,0.0,14.16,36.35
kruger,2014-09-15,24.68,13.16,5.38,6.66,19.54
kruger,2014-09-16,24.3,12.58,0.0,8.42,17.77
kruger,2014-09-17,21.93,10.56,0.96,9.59,41.11
kruger,2014-09-18,25.59,10.07,5.75,12.03,35.57
kruger,2014-09-19,21.88,12.77,0.8,10.06,9.23
kruger,2014-09-20,28.82,9.58,0.0,9.61,7.94
kruger,2014-09-21,29.27,12.7,10.69,5.37,11.58
kruger,2014-09-22,23.14,12.49,7.27,6.65,28.04
kruger,2014-09-23,24.09,12.94,2.23,10.66,46.48
kruger,2014-09-24,25.06,14.34,0.0,8.57,50.82
kruger,2014-09-25,26.33,14.98,0.0,9.12,40.68
kruger,2014-09-26,27.29,11.74,4.68,9.99,58.43
kruger,2014-09-27,28.0,15.79,6.97,17.23,33.07
kruger,2014-09-28,28.03,13.16,3.56,8.74,47.0
kruger,2014-09-29,31.47,18.19,0.0,14.43,22.12
kruger,2014-09-30,27.08,12.44,2.74,14.24,7.67
kruger,2014-10-01,23.09,9.97,0.22,12.74,26.7
kruger,2014-10-02,22.27,16.18,2.88,7.82,29.78
kruger,2014-10-03,32.1,15.26,10.07,10.81,70.76
kruger,2014-10-04,28.82,17.3,5.52,9.26,32.31
kruger,2014-10-05,28.01,15.17,4.73,16.51,17.38
kruger,2014-10-06,28.84,20.34,2.31,11.73,47.45
kruger,2014-10-07,28.07,14.12,4.22,9.89,21.92
kruger,2014-10-08,28.99,17.31,0.0,15.92,35.8
kruger,2014-10-09,26.68,13.48,4.92,9.54,47.14
kruger,2014-10-10,31.06,16.13,1.99,12.29,20.35
kruger,2014-10-11,26.42,16.69,0.0,12.77,57.42
kruger,2014-10-12,25.39,17.18,6.16,11.74,51.9
kruger,2014-10-13,23.13,17.14,0.0,10.41,40.64
kruger,2014-10-14,27.59,7.21,0.86,13.28,61.96
kruger,2014-10-15,32.21,15.24,5.56,8.91,30.29
kruger,2014-10-16,27.14,14.07,8.07,14.18,48.28
kruger,2014-10-17,24.48,14.67,5.13,10.03,40.89
kruger,2014-10-18,29.57,15.01,0.62,14.92,27.49
kruger,2014-10-19,26.87,18.26,3.18,14.08,28.28
kruger,2014-10-20,33.57,16.43,4.61,12.62,68.21
kruger,2014-10-21,32.25,14.76,9.76,10.74,53.98
kruger,2014-10-22,25.32,12.46,7.27,14.35,51.77
kruger,2014-10-23,28.71,20.06,7.37,12.79,29.4
kruger,2014-10-24,27.07,14.72,3.99,1.46,49.74
kruger,2014-10-25,25.96,16.11,0.0,8.69,33.94
kruger,2014-10-26,29.37,21.89,0.0,11.69,65.28
kruger,2014-10-27,32.1,15.09,2.72,12.05,58.34
kruger,2014-10-28,29.5,16.06,6.8,13.37,54.28
kruger,2014-10-29,28.3,17.43,2.06,15.93,53.1
kruger,2014-10-30,23.33,12.94,6.42,13.08,39.85
kruger,2014-10-31,28.06,12.75,1.02,5.1,48.82
kruger,2014-11-01,31.81,15.95,1.71,11.98,64.97
kruger,2014-11-02,26.23,16.14,9.97,15.07,49.19
kruger,2014-11-03,34.2,17.69,7.47,11.79,29.91
kruger,2014-11-04,28.71,15.01,3.25,12.1,61.68
kruger,2014-11-05,31.14,18.64,1.22,10.04,33.0
kruger,2014-11-06,29.46,12.26,8.4,14.4,43.08
kruger,2014-11-07,27.23,17.58,8.18,10.53,36.75
kruger,2014-11-08,32.17,18.75,7.29,13.4,5.05
kruger,2014-11-09,29.16,18.77,4.09,12.94,47.14
kruger,2014-11-10,28.55,17.64,0.49,11.85,77.42
kruger,2014-11-11,24.02,16.5,4.87,13.17,49.95
kruger,2014-11-12,35.15,17.76,10.63,12.35,89.92
kruger,2014-11-13,31.36,21.42,1.42,15.61,43.49
kruger,2014-11-14,34.75,16.93,5.31,13.84,49.43
kruger,2014-11-15,33.39,20.97,11.73,14.96,44.86
kruger,2014-11-16,34.94,21.46,4.03,9.58,47.64
kruger,2014-11-17,30.02,14.37,4.8,9.42,52.59
kruger,2014-11-18,27.69,18.48,0.0,12.12,70.0
kruger,2014-11-19,34.18,16.45,7.92,14.21,35.07
kruger,2014-11-20,32.38,15.23,2.53,13.59,48.08
kruger,2014-11-21,30.68,21.05,0.0,9.77,57.48
kruger,2014-11-22,34.39,20.35,1.79,14.4,67.74
kruger,2014-11-23,33.17,19.91,6.5,10.2,16.47
kruger,2014-11-24,34.25,16.62,0.0,14.13,28.14
kruger,2014-11-25,29.35,19.95,0.24,13.0,50.01
kruger,2014-11-26,35.44,16.23,8.07,11.49,66.48
kruger,2014-11-27,32.58,19.78,5.6,10.59,42.75
kruger,2014-11-28,35.93,18.02,2.29,12.62,60.27
kruger,2014-11-29,35.66,22.38,4.72,12.5,80.18
kruger,2014-11-30,34.89,18.92,13.01,9.14,50.93
kruger,2014-12-01,32.58,20.49,11.23,14.11,47.62
kruger,2014-12-02,35.12,20.57,5.73,15.8,58.37
kruger,2014-12-03,36.4,19.88,9.48,14.94,54.25
kruger,2014-12-04,34.96,20.4,6.74,13.33,55.63
kruger,2014-12-05,33.82,20.97,0.0,11.06,49.34
kruger,2014-12-06,35.42,18.05,0.0,12.82,48.44
kruger,2014-12-07,31.78,21.37,2.77,12.06,37.47
kruger,2014-12-08,37.97,22.59,0.15,12.85,61.97
kruger,2014-12-09,28.45,21.49,7.59,15.31,37.4
kruger,2014-12-10,33.67,19.68,4.34,12.2,40.97
kruger,2014-12-11,32.42,21.07,8.29,7.03,35.48
kruger,2014-12-12,31.78,19.79,8.39,14.96,48.77
kruger,2014-12-13,34.68,20.46,9.43,13.78,54.26
kruger,2014-12-14,30.45,17.85,2.99,13.06,37.58
kruger,2014-12-15,40.34,24.33,8.82,9.1,50.29
kruger,2014-12-16,29.89,25.78,2.97,10.15,56.9
kruger,2014-12-17,31.15,19.24,9.68,10.52,31.13
kruger,2014-12-18,30.92,23.02,11.76,10.93,43.47
kruger,2014-12-19,34.71,24.76,9.8,11.23,82.11
kruger,2014-12-20,37.21,18.77,6.24,9.18,44.59
kruger,2014-12-21,35.8,15.82,9.25,19.19,66.02
kruger,2014-12-22,38.68,25.06,0.88,17.26,47.95
kruger,2014-12-23,31.83,21.29,0.01,13.6,58.72
kruger,2014-12-24,36.34,20.06,8.94,12.69,43.92
kruger,2014-12-25,33.5,21.53,12.34,18.28,27.5
kruger,2014-12-26,35.14,20.53,2.21,17.69,49.56
kruger,2014-12-27,37.82,28.89,7.22,10.61,62.94
kruger,2014-12-28,29.46,20.21,8.95,13.59,66.63
kruger,2014-12-29,40.55,22.39,4.76,12.31,58.73
kruger,2014-12-30,34.18,24.84,5.88,12.06,45.05
kruger,2014-12-31,29.83,24.87,9.72,12.39,70.63
kruger,2015-01-01,32.6,24.42,7.72,12.64,46.11
kruger,2015-01-02,35.02,20.65,7.76,13.54,47.14
kruger,2015-01-03,32.67,21.36,3.4,13.56,42.45
kruger,2015-01-04,28.63,16.34,7.22,17.24,50.9
kruger,2015-01-05,35.09,21.61,5.78,10.51,52.9
kruger,2015-01-06,32.66,21.91,6.01,15.84,61.82
kruger,2015-01-07,36.8,23.7,5.23,9.73,37.21
kruger,2015-01-08,31.67,26.36,7.31,13.67,50.67
kruger,2015-01-09,41.68,23.67,3.96,16.09,45.63
kruger,2015-01-10,36.45,24.59,7.49,14.68,64.12
kruger,2015-01-11,35.52,21.88,5.99,12.03,62.3
kruger,2015-01-12,36.81,25.15,3.73,13.84,42.37
kruger,2015-01-13,29.49,21.98,0.0,17.94,65.24
kruger,2015-01-14,33.48,24.82,11.27,11.21,57.11
kruger,2015-01-15,40.33,23.99,10.47,14.69,69.82
kruger,2015-01-16,34.03,22.97,4.27,15.89,48.26
kruger,2015-01-17,34.8,18.14,10.22,11.83,66.83
kruger,2015-01-18,33.6,24.73,3.4,18.2,70.96
kruger,2015-01-19,39.39,22.94,6.27,19.22,59.03
kruger,2015-01-20,34.27,23.76,5.38,16.28,89.47
kruger,2015-01-21,31.24,22.78,6.39,16.29,65.37
kruger,2015-01-22,42.73,23.21,10.08,7.81,84.43
kruger,2015-01-23,30.87,25.24,5.89,9.03,95.8
kruger,2015-01-24,34.69,20.8,6.13,12.74,32.86
kruger,2015-01-25,32.45,23.15,10.46,11.02,75.2
kruger,2015-01-26,32.86,20.02,7.73,14.87,65.64
kruger,2015-01-27,31.78,23.4,5.1,4.44,61.51
kruger,2015-01-28,33.32,22.57,8.42,14.84,47.9
kruger,2015-01-29,37.88,20.35,11.42,12.45,44.39
kruger,2015-01-30,29.21,22.15,11.66,11.35,41.91
kruger,2015-01-31,38.68,20.47,2.13,18.68,90.99
kruger,2015-02-01,38.14,20.93,2.32,12.03,64.89
kruger,2015-02-02,36.38,22.74,11.4,8.1,37.11
kruger,2015-02-03,35.21,22.5,6.23,14.31,41.63
kruger,2015-02-04,35.63,17.0,0.0,14.08,26.96
kruger,2015-02-05,39.04,22.7,4.43,12.4,75.11
kruger,2015-02-06,29.51,20.99,5.57,19.97,57.83
kruger,2015-02-07,36.9,20.68,6.06,13.54,64.69
kruger,2015-02-08,32.44,18.86,10.35,15.94,56.98
kruger,2015-02-09,37.13,21.53,3.55,13.85,71.04
kruger,2015-02-10,32.77,20.3,10.98,16.68,50.75
kruger,2015-02-11,36.7,24.76,8.36,11.87,61.01
kruger,2015-02-12,29.89,17.16,2.04,9.66,60.56
kruger,2015-02-13,29.42,19.09,5.89,15.13,38.91
kruger,2015-02-14,34.11,18.87,9.11,13.72,45.33
kruger,2015-02-15,38.72,22.06,7.26,15.19,51.49
kruger,2015-02-16,35.97,24.3,8.59,10.94,60.69
kruger,2015-02-17,35.9,22.57,4.69,14.21,76.55
kruger,2015-02-18,36.85,18.53,9.23,7.97,57.3
kruger,2015-02-19,33.03,20.14,5.38,11.3,54.08
kruger,2015-02-20,36.0,19.14,17.13,10.61,59.87
kruger,2015-02-21,32.37,22.38,1.63,14.19,52.69
kruger,2015-02-22,33.12,19.93,17.66,11.23,54.52
kruger,2015-02-23,33.43,17.47,3.03,8.55,77.41
kruger,2015-02-24,32.31,22.41,11.88,10.94,51.13
kruger,2015-02-25,33.69,24.04,10.07,14.42,58.21
kruger,2015-02-26,33.06,20.38,3.08,13.0,44.4
kruger,2015-02-27,31.64,21.06,9.07,10.35,72.78
kruger,2015-02-28,33.28,16.93,4.65,15.08,39.99
kruger,2015-03-01,34.1,15.48,7.69,17.24,52.36
kruger,2015-03-02,30.27,15.94,7.14,15.25,67.96
kruger,2015-03-03,34.75,20.39,5.1,5.58,40.01
kruger,2015-03-04,31.95,19.66,4.72,13.19,65.78
kruger,2015-03-05,33.95,21.73,7.77,12.03,21.8
kruger,2015-03-06,31.29,19.79,2.74,6.32,35.91
kruger,2015-03-07,36.37,22.68,2.85,8.53,50.64
kruger,2015-03-08,36.01,22.32,10.08,14.78,87.95
kruger,2015-03-09,29.92,19.26,7.92,12.91,53.73
kruger,2015-03-10,34.56,17.48,0.93,12.57,53.8
kruger,2015-03-11,37.25,15.12,2.09,10.35,68.25
kruger,2015-03-12,29.99,23.42,0.0,15.52,34.48
kruger,2015-03-13,30.15,17.4,9.64,8.56,5.01
kruger,2015-03-14,34.88,15.93,8.7,9.56,76.25
kruger,2015-03-15,28.67,19.91,1.54,11.24,59.03
kruger,2015-03-16,30.17,15.79,8.44,7.59,43.01
kruger,2015-03-17,29.38,19.74,13.72,9.5,50.27
kruger,2015-03-18,34.58,18.5,0.0,15.3,64.9
kruger,2015-03-19,30.17,21.56,3.21,9.55,46.89
kruger,2015-03-20,31.31,21.25,0.0,14.4,50.71
kruger,2015-03-21,29.83,21.83,9.34,13.93,78.78
kruger,2015-03-22,35.43,19.5,5.11,11.49,29.3
kruger,2015-03-23,29.32,16.75,3.84,7.71,55.41
kruger,2015-03-24,27.58,16.21,6.28,12.12,29.02
kruger,2015-03-25,27.37,17.39,3.08,5.57,70.49
kruger,2015-03-26,33.7,23.61,3.64,10.29,51.13
kruger,2015-03-27,33.82,17.9,6.28,12.57,36.12
kruger,2015-03-28,35.18,18.84,2.68,14.42,23.6
kruger,2015-03-29,27.55,22.13,3.18,11.32,40.54
kruger,2015-03-30,30.55,18.88,4.37,9.92,48.26
kruger,2015-03-31,38.43,16.27,5.3,9.65,62.53
kruger,2015-04-01,30.14,19.87,7.27,10.28,28.43
kruger,2015-04-02,29.26,16.88,7.13,13.52,32.14
kruger,2015-04-03,30.79,18.58,0.0,12.67,36.72
kruger,2015-04-04,32.35,19.04,10.3,11.52,32.22
kruger,2015-04-05,32.2,16.42,4.84,13.44,35.8
kruger,2015-04-06,28.71,18.02,3.21,11.52,29.01
kruger,2015-04-07,28.7,21.46,0.86,7.48,49.11
kruger,2015-04-08,29.47,15.79,12.36,8.12,35.28
kruger,2015-04-09,28.07,20.55,13.78,13.22,42.35
kruger,2015-04-10,26.45,15.68,11.73,7.26,46.41
kruger,2015-04-11,35.48,21.56,4.69,10.21,20.82
kruger,2015-04-12,28.73,14.81,5.51,10.97,50.08
kruger,2015-04-13,28.8,15.86,10.03,8.18,43.97
kruger,2015-04-14,28.79,20.52,3.03,6.25,43.65
kruger,2015-04-15,29.4,20.52,6.09,7.69,38.15
kruger,2015-04-16,30.85,18.59,4.77,5.75,35.76
kruger,2015-04-17,28.04,13.73,11.47,12.98,40.27
kruger,2015-04-18,32.75,16.54,9.47,12.3,40.55
kruger,2015-04-19,31.03,16.24,3.1,8.8,21.07
kruger,2015-04-20,28.56,13.99,9.69,6.94,62.06
kruger,2015-04-21,27.03,17.77,3.5,14.51,27.65
kruger,2015-04-22,32.18,13.98,1.27,12.3,38.74
kruger,2015-04-23,28.33,12.59,2.24,9.08,54.88
kruger,2015-04-24,24.99,11.66,3.9,14.47,31.93
kruger,2015-04-25,31.68,19.89,0.1,11.28,40.26
kruger,2015-04-26,26.33,14.23,1.1,11.79,3.5
kruger,2015-04-27,31.01,14.18,0.0,7.68,6.3
kruger,2015-04-28,20.76,12.73,0.0,6.22,35.3
kruger,2015-04-29,27.1,18.62,3.91,6.02,38.18
kruger,2015-04-30,31.58,11.65,7.07,16.95,51.59
kruger,2015-05-01,28.01,11.99,6.49,8.18,46.68
kruger,2015-05-02,29.69,14.09,4.48,10.83,10.44
kruger,2015-05-03,25.09,14.74,0.0,11.98,53.01
kruger,2015-05-04,28.74,16.34,0.0,10.5,15.79
kruger,2015-05-05,27.6,12.9,1.77,10.07,46.25
kruger,2015-05-06,28.22,18.35,6.35,9.97,26.2
kruger,2015-05-07,33.51,12.72,0.2,11.9,73.38
kruger,2015-05-08,31.21,11.77,0.0,7.31,23.46
kruger,2015-05-09,29.57,11.44,8.09,9.08,30.87
kruger,2015-05-10,29.51,12.16,0.0,3.45,34.03
kruger,2015-05-11,24.27,11.08,0.0,4.74,27.69
kruger,2015-05-12,25.49,15.78,3.01,6.41,16.05
kruger,2015-05-13,22.21,11.3,1.84,12.83,63.75
kruger,2015-05-14,22.9,13.38,0.0,9.42,21.21
kruger,2015-05-15,23.96,11.04,1.91,12.3,20.35
kruger,2015-05-16,26.43,10.58,0.0,11.33,28.09
kruger,2015-05-17,22.75,16.19,0.0,10.92,32.32
kruger,2015-05-18,26.22,17.34,1.58,7.28,18.84
kruger,2015-05-19,25.78,16.41,0.0,10.31,43.11
kruger,2015-05-20,22.75,9.47,5.42,10.81,30.79
kruger,2015-05-21,30.64,9.73,0.0,16.62,28.5
kruger,2015-05-22,22.0,17.92,0.0,8.95,36.27
kruger,2015-05-23,29.23,12.25,5.42,12.16,14.88
kruger,2015-05-24,19.03,9.36,3.64,9.56,18.54
kruger,2015-05-25,25.28,15.41,1.65,7.8,26.69
kruger,2015-05-26,22.03,12.79,0.0,12.48,40.69
kruger,2015-05-27,23.57,13.96,0.0,15.52,22.8
kruger,2015-05-28,30.88,6.86,0.27,10.6,21.42
kruger,2015-05-29,24.33,11.55,0.51,7.74,0.0
kruger,2015-05-30,21.97,14.66,5.59,11.17,15.22
kruger,2015-05-31,26.67,10.61,8.95,10.57,0.6
kruger,2015-06-01,24.06,15.22,3.38,16.36,4.07
kruger,2015-06-02,25.5,8.76,0.0,11.91,30.32
kruger,2015-06-03,22.23,11.69,5.67,6.86,74.36
kruger,2015-06-04,22.3,16.01,0.0,13.46,27.24
kruger,2015-06-05,22.46,8.94,0.0,11.93,29.06
kruger,2015-06-06,27.14,12.43,0.0,12.39,12.42
kruger,2015-06-07,24.0,13.14,0.0,10.89,7.86
kruger,2015-06-08,21.46,11.83,0.0,12.56,54.19
kruger,2015-06-09,25.02,10.91,0.0,10.83,11.04
kruger,2015-06-10,24.71,9.28,0.0,8.73,0.0
kruger,2015-06-11,26.12,11.89,0.0,9.87,26.35
kruger,2015-06-12,22.89,11.08,0.0,9.1,16.0
kruger,2015-06-13,24.04,7.68,0.0,10.45,31.17
kruger,2015-06-14,25.47,13.96,0.0,9.64,45.54
kruger,2015-06-15,21.12,8.87,4.3,8.44,27.35
kruger,2015-06-16,26.74,7.56,0.9,8.82,25.02
kruger,2015-06-17,24.08,9.54,6.6,9.33,31.32
kruger,2015-06-18,20.67,8.74,0.0,3.98,61.8
kruger,2015-06-19,20.59,10.27,8.69,12.38,55.23
kruger,2015-06-20,23.56,7.75,0.08,10.33,16.13
kruger,2015-06-21,22.16,11.93,0.0,7.43,34.94
kruger,2015-06-22,26.02,14.21,9.64,11.03,47.32
kruger,2015-06-23,22.85,10.97,0.0,7.71,30.76
kruger,2015-06-24,24.57,7.05,0.0,7.7,19.2
kruger,2015-06-25,21.07,8.33,0.0,10.33,12.58
kruger,2015-06-26,23.5,11.12,0.0,13.48,21.38
kruger,2015-06-27,27.47,5.61,0.0,10.01,2.66
kruger,2015-06-28,23.04,7.4,2.29,6.83,33.04
kruger,2015-06-29,21.79,6.33,0.0,8.09,40.35
kruger,2015-06-30,20.81,10.69,0.0,11.68,13.4
kruger,2015-07-01,23.31,15.78,3.31,10.34,12.47
kruger,2015-07-02,27.56,7.18,1.58,11.99,3.27
kruger,2015-07-03,19.21,12.34,1.36,10.28,26.01
kruger,2015-07-04,23.12,8.86,4.54,11.4,18.74
kruger,2015-07-05,18.1,6.94,6.1,15.12,0.0
kruger,2015-07-06,21.98,14.12,0.0,5.01,62.43
kruger,2015-07-07,23.97,15.59,1.56,16.28,0.0
kruger,2015-07-08,18.42,11.19,0.0,11.86,0.0
kruger,2015-07-09,21.8,11.04,0.0,16.92,32.55
kruger,2015-07-10,23.99,10.27,0.0,6.09,28.25
kruger,2015-07-11,23.49,9.73,0.0,10.18,7.61
kruger,2015-07-12,24.1,10.93,0.0,9.5,6.59
kruger,2015-07-13,20.14,11.75,5.26,11.67,25.08
kruger,2015-07-14,23.92,14.21,0.0,10.43,23.84
kruger,2015-07-15,21.24,8.73,0.0,10.09,7.57
kruger,2015-07-16,25.17,10.35,0.0,11.35,33.0
kruger,2015-07-17,16.09,9.8,0.0,8.69,26.64
kruger,2015-07-18,22.14,12.57,0.0,7.46,38.08
kruger,2015-07-19,23.3,16.01,2.15,10.36,17.27
kruger,2015-07-20,27.05,12.65,0.0,7.45,30.16
kruger,2015-07-21,23.26,12.0,0.0,8.62,14.58
kruger,2015-07-22,23.57,12.27,0.0,4.68,26.12
kruger,2015-07-23,24.13,13.17,2.89,9.17,23.37
kruger,2015-07-24,26.76,16.04,0.0,6.22,30.74
kruger,2015-07-25,21.87,5.8,2.42,8.9,25.83
kruger,2015-07-26,18.81,11.52,0.0,5.75,0.0
kruger,2015-07-27,18.24,3.57,1.93,8.95,8.69
kruger,2015-07-28,25.03,12.42,0.0,11.71,19.37
kruger,2015-07-29,23.72,11.43,1.7,7.23,25.16
kruger,2015-07-30,22.3,8.7,0.0,6.22,30.59
kruger,2015-07-31,21.32,3.4,0.0,11.37,26.5
kruger,2015-08-01,23.64,10.06,3.4,11.77,7.76
kruger,2015-08-02,23.75,10.67,0.0,10.31,32.16
kruger,2015-08-03,24.58,9.98,0.0,7.65,6.33
kruger,2015-08-04,19.84,8.61,0.82,7.16,37.49
kruger,2015-08-05,17.89,7.94,0.0,8.07,38.57
kruger,2015-08-06,20.47,10.08,2.51,8.89,18.56
kruger,2015-08-07,19.19,8.24,0.98,3.9,9.08
kruger,2015-08-08,19.06,12.29,0.0,6.14,8.46
kruger,2015-08-09,28.01,10.1,4.74,12.85,2.6
kruger,2015-08-10,16.53,6.02,1.97,9.73,5.28
kruger,2015-08-11,24.78,10.81,0.0,12.8,16.53
kruger,2015-08-12,26.13,11.44,0.0,12.18,10.96
kruger,2015-08-13,26.41,14.49,0.0,8.21,0.0
kruger,2015-08-14,24.32,12.8,1.61,8.27,12.36
kruger,2015-08-15,27.49,8.28,0.0,12.07,21.15
kruger,2015-08-16,28.92,14.13,0.0,11.47,14.81
kruger,2015-08-17,22.71,7.15,0.0,12.17,6.62
kruger,2015-08-18,25.0,10.73,0.0,9.18,0.0
kruger,2015-08-19,27.54,12.59,0.0,9.66,37.54
kruger,2015-08-20,21.17,14.4,0.55,8.49,19.93
kruger,2015-08-21,23.07,15.53,0.0,9.11,25.5
kruger,2015-08-22,21.98,14.05,0.0,7.23,23.58
kruger,2015-08-23,25.3,10.57,0.0,9.08,28.51
kruger,2015-08-24,18.28,12.42,0.0,8.84,24.84
kruger,2015-08-25,28.34,11.59,0.0,7.97,22.9
kruger,2015-08-26,25.69,9.31,6.06,11.74,33.07
kruger,2015-08-27,25.92,10.86,7.24,5.15,36.49
kruger,2015-08-28,17.12,15.7,0.0,10.41,42.77
kruger,2015-08-29,21.15,12.89,0.0,6.66,9.76
kruger,2015-08-30,28.81,16.48,3.81,6.9,26.19
kruger,2015-08-31,23.87,8.69,2.8,7.18,0.0
kruger,2015-09-01,19.29,10.51,7.98,10.9,15.67
kruger,2015-09-02,25.2,12.57,9.09,2.74,20.16
kruger,2015-09-03,26.64,13.46,0.0,10.04,34.46
kruger,2015-09-04,26.27,11.38,5.25,9.7,21.82
kruger,2015-09-05,24.3,13.75,0.0,6.67,33.92
kruger,2015-09-06,28.23,13.8,2.91,10.15,18.9
kruger,2015-09-07,22.79,8.43,3.88,5.99,15.66
kruger,2015-09-08,26.59,13.86,3.76,9.53,12.54
kruger,2015-09-09,25.45,14.73,4.87,5.93,35.19
kruger,2015-09-10,24.73,12.87,0.0,15.86,19.42
kruger,2015-09-11,24.07,7.61,0.0,12.32,0.0
kruger,2015-09-12,24.26,11.6,5.77,10.5,35.16
kruger,2015-09-13,25.47,13.46,0.0,6.92,11.96
kruger,2015-09-14,24.57,10.29,8.58,8.99,29.07
kruger,2015-09-15,27.74,14.83,0.0,9.14,9.52
kruger,2015-09-16,24.01,14.45,0.0,10.6,26.96
kruger,2015-09-17,30.41,13.04,0.54,11.1,0.0
kruger,2015-09-18,24.05,12.84,0.0,10.61,26.81
kruger,2015-09-19,28.64,13.36,0.0,10.99,14.48
kruger,2015-09-20,28.86,12.96,5.13,9.48,8.88
kruger,2015-09-21,26.56,9.85,0.0,11.05,39.66
kruger,2015-09-22,26.38,12.08,11.68,8.14,26.72
kruger,2015-09-23,24.05,13.42,1.28,6.89,25.14
kruger,2015-09-24,24.78,16.88,0.0,15.65,18.25
kruger,2015-09-25,27.09,15.16,3.47,11.39,42.84
kruger,2015-09-26,26.38,17.2,0.0,15.59,23.21
kruger,2015-09-27,30.16,10.1,0.58,9.38,52.37
kruger,2015-09-28,25.35,12.82,1.15,17.47,48.81
kruger,2015-09-29,25.62,18.99,0.0,10.51,52.07
kruger,2015-09-30,21.91,12.04,0.0,13.74,45.53
kruger,2015-10-01,28.93,12.09,8.27,10.43,22.24
kruger,2015-10-02,28.76,13.42,2.96,10.86,32.44
kruger,2015-10-03,30.13,19.24,3.89,10.05,28.94
kruger,2015-10-04,30.39,12.62,0.0,8.95,44.89
kruger,2015-10-05,29.76,15.79,0.0,13.41,32.48
kruger,2015-10-06,29.99,15.47,1.53,10.47,29.33
kruger,2015-10-07,29.42,9.77,0.0,13.02,58.18
kruger,2015-10-08,29.99,14.65,0.0,13.28,28.73
kruger,2015-10-09,22.27,13.41,0.0,14.84,24.62
kruger,2015-10-10,24.6,16.59,0.0,11.9,28.29
kruger,2015-10-11,24.21,19.35,5.43,6.13,50.73
kruger,2015-10-12,31.91,14.24,2.38,9.74,37.82
kruger,2015-10-13,25.85,14.34,0.49,10.66,42.22
kruger,2015-10-14,26.44,21.6,5.72,10.81,39.22
kruger,2015-10-15,28.43,13.63,0.0,14.76,3.13
kruger,2015-10-16,24.78,12.15,0.0,14.25,20.33
kruger,2015-10-17,29.75,19.06,7.71,10.44,32.53
kruger,2015-10-18,22.32,15.59,12.44,18.2,41.77
kruger,2015-10-19,25.29,16.53,6.12,9.89,22.63
kruger,2015-10-20,29.52,21.5,5.33,10.17,22.51
kruger,2015-10-21,25.3,12.52,1.19,7.73,33.4
kruger,2015-10-22,33.03,15.64,1.35,6.37,58.32
kruger,2015-10-23,29.37,13.14,4.56,7.54,6.48
kruger,2015-10-24,32.73,17.17,9.22,14.15,0.0
kruger,2015-10-25,30.51,15.06,5.5,13.37,65.49
kruger,2015-10-26,29.51,13.61,7.69,8.53,16.85
kruger,2015-10-27,26.65,18.47,0.26,11.51,34.07
kruger,2015-10-28,32.53,16.77,6.47,13.67,17.98
kruger,2015-10-29,31.17,13.72,1.38,5.18,36.29
kruger,2015-10-30,36.21,13.98,4.69,16.63,39.13
kruger,2015-10-31,32.54,17.57,6.67,14.51,65.67
kruger,2015-11-01,28.96,12.98,2.14,13.82,52.66
kruger,2015-11-02,31.12,17.82,0.27,15.02,22.94
kruger,2015-11-03,31.62,20.71,5.85,5.33,13.9
kruger,2015-11-04,33.95,19.12,3.93,10.83,50.35
kruger,2015-11-05,34.52,16.0,5.08,15.29,35.4
kruger,2015-11-06,30.17,18.34,7.23,11.53,32.68
kruger,2015-11-07,27.11,14.63,9.9,13.81,61.62
kruger,2015-11-08,25.29,18.19,7.39,15.96,17.83
kruger,2015-11-09,27.53,17.13,6.93,13.76,39.01
kruger,2015-11-10,29.27,15.45,2.86,10.91,54.29
kruger,2015-11-11,35.66,19.71,3.54,13.44,27.45
kruger,2015-11-12,35.8,13.3,6.81,6.73,64.95
kruger,2015-11-13,34.22,15.37,3.61,13.25,30.62
kruger,2015-11-14,35.12,15.77,6.92,14.06,45.05
kruger,2015-11-15,29.4,17.26,1.92,12.3,36.02
kruger,2015-11-16,27.07,21.87,12.96,15.36,5.63
kruger,2015-11-17,28.69,20.6,6.08,12.74,40.73
kruger,2015-11-18,25.7,19.07,5.88,12.38,59.23
kruger,2015-11-19,28.55,19.04,3.5,17.46,32.13
kruger,2015-11-20,30.47,18.96,13.14,9.12,38.53
kruger,2015-11-21,32.57,22.5,0.54,16.2,40.5
kruger,2015-11-22,32.57,14.62,2.8,15.99,56.58
kruger,2015-11-23,30.18,21.18,9.08,14.62,43.44
kruger,2015-11-24,34.04,18.07,6.68,10.9,49.47
kruger,2015-11-25,30.41,20.68,3.47,13.17,49.95
kruger,2015-11-26,32.54,20.78,3.64,9.76,41.83
kruger,2015-11-27,29.26,21.42,4.73,10.51,75.31
kruger,2015-11-28,35.94,23.63,6.36,12.62,34.86
kruger,2015-11-29,32.81,16.32,12.22,9.6,61.05
kruger,2015-11-30,34.87,22.35,8.48,11.58,69.91
kruger,2015-12-01,29.26,19.75,10.2,9.0,48.96
kruger,2015-12-02,33.51,18.84,4.42,14.29,52.21
kruger,2015-12-03,34.78,25.15,8.27,17.26,59.51
kruger,2015-12-04,27.01,21.9,0.04,18.97,46.23
kruger,2015-12-05,36.72,19.17,7.04,9.3,23.61
kruger,2015-12-06,29.54,22.68,6.83,9.86,48.55
kruger,2015-12-07,33.99,20.24,13.69,12.3,77.22
kruger,2015-12-08,38.79,19.35,12.68,14.94,61.3
kruger,2015-12-09,36.36,18.98,5.47,12.22,54.15
kruger,2015-12-10,29.1,21.33,3.28,15.75,64.57
kruger,2015-12-11,33.1,19.1,3.43,14.48,51.28
kruger,2015-12-12,37.4,21.09,5.45,7.6,54.1
kruger,2015-12-13,31.31,22.98,11.88,13.1,47.4
kruger,2015-12-14,32.74,21.1,8.38,9.23,61.24
kruger,2015-12-15,32.72,25.83,8.83,11.27,46.24
kruger,2015-12-16,35.65,20.98,10.04,11.75,49.75
kruger,2015-12-17,29.39,24.37,2.86,15.23,67.86
kruger,2015-12-18,35.94,23.5,4.04,12.94,51.94
kruger,2015-12-19,32.24,24.93,8.99,11.65,63.52
kruger,2015-12-20,34.13,26.1,3.83,19.35,64.94
kruger,2015-12-21,33.54,16.81,0.87,10.4,54.24
kruger,2015-12-22,36.07,21.93,2.68,13.96,50.32
kruger,2015-12-23,34.25,21.04,11.26,15.11,35.93
kruger,2015-12-24,38.68,21.64,5.58,13.63,39.43
kruger,2015-12-25,37.38,20.42,8.01,10.44,65.17
kruger,2015-12-26,32.07,20.09,3.01,10.3,65.04
kruger,2015-12-27,38.59,18.75,8.68,15.03,41.47
kruger,2015-12-28,35.49,21.78,6.11,16.31,62.4
kruger,2015-12-29,35.08,23.91,9.0,13.03,59.83
kruger,2015-12-30,37.16,20.38,5.33,9.25,70.74
kruger,2015-12-31,31.52,20.83,9.28,13.25,89.31
kruger,2016-01-01,30.54,19.94,5.18,17.77,65.56
kruger,2016-01-02,34.79,19.23,6.99,10.22,46.69
kruger,2016-01-03,32.93,21.15,6.24,12.29,68.3
kruger,2016-01-04,41.0,22.63,7.45,13.43,41.62
kruger,2016-01-05,32.51,24.94,8.48,16.53,90.66
kruger,2016-01-06,34.95,18.85,5.4,11.69,39.03
kruger,2016-01-07,35.43,21.77,6.92,14.73,64.08
kruger,2016-01-08,38.57,24.82,8.16,17.46,57.6
kruger,2016-01-09,31.91,18.95,9.46,8.85,51.44
kruger,2016-01-10,30.08,25.08,7.14,9.37,50.56
kruger,2016-01-11,39.11,20.83,3.9,13.03,78.19
kruger,2016-01-12,35.18,23.72,7.81,16.25,66.31
kruger,2016-01-13,37.39,21.41,10.15,14.32,55.57
kruger,2016-01-14,37.54,23.11,2.15,16.53,83.88
kruger,2016-01-15,38.07,26.0,2.2,8.22,56.15
kruger,2016-01-16,33.85,21.68,4.84,14.36,68.98
kruger,2016-01-17,33.05,24.48,6.73,4.79,37.87
kruger,2016-01-18,29.01,22.68,0.0,17.31,38.68
kruger,2016-01-19,32.01,20.03,9.8,16.9,68.64
kruger,2016-01-20,35.19,21.64,6.77,12.35,62.62
kruger,2016-01-21,32.89,21.48,0.0,6.4,90.2
kruger,2016-01-22,31.57,18.47,3.04,12.7,47.41
kruger,2016-01-23,35.14,23.14,6.29,16.68,68.11
kruger,2016-01-24,39.01,23.63,0.4,14.57,54.27
kruger,2016-01-25,34.81,24.01,11.37,18.87,70.65
kruger,2016-01-26,31.57,25.54,8.23,12.43,69.43
kruger,2016-01-27,38.77,24.34,10.18,19.41,57.44
kruger,2016-01-28,32.62,20.44,3.35,7.24,46.7
kruger,2016-01-29,39.37,20.95,9.1,11.03,52.67
kruger,2016-01-30,34.12,24.01,4.8,9.41,41.01
kruger,2016-01-31,35.2,22.87,6.66,15.5,63.11
kruger,2016-02-01,39.56,21.83,8.83,9.65,15.44
kruger,2016-02-02,30.8,19.66,7.12,16.3,48.78
kruger,2016-02-03,31.68,20.5,10.62,15.33,70.98
kruger,2016-02-04,33.82,23.26,7.92,13.8,70.54
kruger,2016-02-05,34.35,16.9,5.5,12.91,33.06
kruger,2016-02-06,42.67,15.89,10.7,10.08,65.89
kruger,2016-02-07,32.05,23.45,11.52,15.03,39.93
kruger,2016-02-08,30.77,20.35,7.64,11.69,51.27
kruger,2016-02-09,31.84,22.82,12.61,15.49,68.32
kruger,2016-02-10,35.31,25.55,6.3,17.67,42.08
kruger,2016-02-11,36.05,19.04,6.7,12.24,77.99
kruger,2016-02-12,32.41,17.36,7.21,17.11,60.31
kruger,2016-02-13,34.56,20.8,6.64,13.71,63.26
kruger,2016-02-14,40.29,19.74,5.89,14.91,72.33
kruger,2016-02-15,34.51,21.35,4.25,9.14,69.39
kruger,2016-02-16,35.33,22.71,3.1,11.03,67.93
kruger,2016-02-17,39.98,22.13,7.49,10.98,45.86
kruger,2016-02-18,32.17,21.38,11.81,17.1,38.9
kruger,2016-02-19,31.93,23.86,10.24,11.99,51.16
kruger,2016-02-20,32.76,22.84,8.5,14.91,62.34
kruger,2016-02-21,32.53,20.66,11.9,12.78,35.76
kruger,2016-02-22,28.59,22.65,6.95,11.92,63.6
kruger,2016-02-23,34.42,17.14,2.88,8.56,60.29
kruger,2016-02-24,34.59,23.6,5.4,7.23,51.75
kruger,2016-02-25,33.33,20.94,6.51,11.92,55.2
kruger,2016-02-26,34.57,17.82,4.67,12.07,55.06
kruger,2016-02-27,34.54,19.72,9.11,10.26,60.5
kruger,2016-02-28,29.75,23.29,10.37,13.31,64.86
kruger,2016-02-29,34.5,18.71,0.0,18.74,96.51
kruger,2016-03-01,35.24,21.59,5.96,17.31,55.76
kruger,2016-03-02,28.71,22.7,0.0,12.75,43.33
kruger,2016-03-03,37.82,20.49,6.09,12.84,24.17
kruger,2016-03-04,29.65,18.2,6.0,14.56,31.41
kruger,2016-03-05,29.87,20.13,13.46,13.35,40.93
kruger,2016-03-06,33.82,16.69,12.22,14.52,62.39
kruger,2016-03-07,34.75,18.92,9.99,13.39,45.88
kruger,2016-03-08,35.4,17.3,2.37,12.82,57.65
kruger,2016-03-09,34.67,19.87,2.09,10.55,40.32
kruger,2016-03-10,31.35,16.74,1.72,13.53,57.87
kruger,2016-03-11,33.16,20.04,12.16,5.63,63.86
kruger,2016-03-12,31.8,22.58,2.36,13.19,44.48
kruger,2016-03-13,33.19,22.66,4.41,6.16,56.76
kruger,2016-03-14,32.79,16.48,2.29,13.13,43.36
kruger,2016-03-15,30.99,17.84,0.8,9.37,31.21
kruger,2016-03-16,31.38,21.55,7.11,16.12,57.71
kruger,2016-03-17,26.78,21.1,6.34,12.52,55.31
kruger,2016-03-18,34.74,17.71,0.0,12.23,57.73
kruger,2016-03-19,33.06,17.95,0.4,13.41,62.87
kruger,2016-03-20,25.15,19.28,6.57,9.57,44.52
kruger,2016-03-21,34.36,14.4,5.2,15.5,45.32
kruger,2016-03-22,31.74,20.21,3.83,14.19,43.38
kruger,2016-03-23,28.99,21.51,7.79,10.42,52.53
kruger,2016-03-24,28.64,17.74,0.0,8.87,44.96
kruger,2016-03-25,29.56,15.07,2.87,10.75,48.62
kruger,2016-03-26,28.73,22.06,7.26,11.52,35.61
kruger,2016-03-27,29.04,18.98,2.52,8.56,30.69
kruger,2016-03-28,36.44,20.11,6.31,10.41,32.16
kruger,2016-03-29,32.36,14.94,0.41,9.97,51.72
kruger,2016-03-30,37.25,14.85,1.64,11.11,44.51
kruger,2016-03-31,31.73,19.08,0.0,11.1,37.43
kruger,2016-04-01,32.69,20.52,0.0,13.11,54.46
kruger,2016-04-02,28.21,15.03,2.83,11.71,66.05
kruger,2016-04-03,30.25,17.5,6.47,12.79,36.43
kruger,2016-04-04,30.41,13.69,4.15,12.3,27.26
kruger,2016-04-05,32.42,15.8,9.18,10.93,57.37
kruger,2016-04-06,30.31,16.81,2.9,13.54,43.09
kruger,2016-04-07,31.41,18.58,0.0,3.22,39.77
kruger,2016-04-08,31.2,11.99,5.71,10.34,57.45
kruger,2016-04-09,29.25,20.46,0.0,9.67,37.91
kruger,2016-04-10,28.84,16.63,4.71,11.71,47.47
kruger,2016-04-11,27.94,20.19,0.0,9.41,43.58
kruger,2016-04-12,33.1,18.6,2.97,12.93,89.5
kruger,2016-04-13,28.84,18.88,6.81,13.42,38.48
kruger,2016-04-14,30.63,21.7,6.25,7.06,54.2
kruger,2016-04-15,29.07,14.59,2.86,11.85,36.05
kruger,2016-04-16,32.63,16.78,3.59,7.3,46.21
kruger,2016-04-17,23.37,13.86,1.73,12.55,36.18
kruger,2016-04-18,30.14,15.98,2.46,9.68,50.71
kruger,2016-04-19,25.36,17.93,6.09,8.63,37.0
kruger,2016-04-20,30.2,18.84,0.52,5.88,45.64
kruger,2016-04-21,28.48,14.97,0.84,10.7,26.4
kruger,2016-04-22,24.38,12.81,0.0,7.47,25.45
kruger,2016-04-23,29.73,15.9,5.9,6.45,8.82
kruger,2016-04-24,29.29,13.48,1.96,11.43,42.2
kruger,2016-04-25,27.82,14.07,0.0,13.74,26.63
kruger,2016-04-26,28.09,17.09,6.39,11.99,68.96
kruger,2016-04-27,28.79,16.52,2.63,6.48,28.6
kruger,2016-04-28,31.74,17.29,0.0,10.32,54.04
kruger,2016-04-29,27.16,14.26,6.25,12.74,52.16
kruger,2016-04-30,31.04,17.52,1.25,10.26,30.97
kruger,2016-05-01,27.78,14.93,0.0,11.61,23.27
kruger,2016-05-02,31.68,14.08,6.31,9.29,31.96
kruger,2016-05-03,26.99,11.95,0.0,9.41,50.67
kruger,2016-05-04,25.59,9.37,14.42,8.55,67.59
kruger,2016-05-05,24.2,10.58,0.49,12.33,14.45
kruger,2016-05-06,27.29,14.93,0.0,12.49,32.86
kruger,2016-05-07,24.91,12.03,9.16,8.77,23.24
kruger,2016-05-08,31.41,10.08,1.85,12.66,26.56
kruger,2016-05-09,24.48,13.05,3.04,6.08,57.26
kruger,2016-05-10,24.93,14.7,3.48,9.82,19.79
kruger,2016-05-11,28.65,14.94,0.0,6.24,6.9
kruger,2016-05-12,30.36,13.73,0.0,6.87,33.72
kruger,2016-05-13,28.9,13.56,9.57,6.14,36.06
kruger,2016-05-14,29.79,12.27,0.0,8.24,23.73
kruger,2016-05-15,26.28,15.11,8.18,12.03,19.51
kruger,2016-05-16,26.23,12.98,3.67,9.91,31.83
kruger,2016-05-17,32.37,13.14,2.21,8.36,8.86
kruger,2016-05-18,31.31,15.84,0.0,9.56,35.13
kruger,2016-05-19,28.29,15.13,10.62,3.88,23.29
kruger,2016-05-20,29.38,12.6,0.0,11.74,49.0
kruger,2016-05-21,28.55,12.15,0.0,3.25,32.68
kruger,2016-05-22,22.26,12.04,3.9,7.84,25.3
kruger,2016-05-23,25.67,7.74,0.0,9.69,23.87
kruger,2016-05-24,30.2,15.45,0.0,11.24,0.0
kruger,2016-05-25,27.78,10.91,0.8,10.59,24.88
kruger,2016-05-26,25.35,14.67,3.73,9.7,23.41
kruger,2016-05-27,29.98,12.56,8.44,14.19,26.95
kruger,2016-05-28,26.48,15.85,9.2,15.83,23.04
kruger,2016-05-29,27.55,13.61,0.0,9.78,47.05
kruger,2016-05-30,26.33,14.49,4.93,9.44,21.32
kruger,2016-05-31,26.75,10.65,0.0,9.23,12.43
kruger,2016-06-01,26.89,8.84,0.0,7.85,0.0
kruger,2016-06-02,28.87,12.34,0.0,10.79,17.89
kruger,2016-06-03,29.19,7.1,0.0,13.45,8.62
kruger,2016-06-04,23.47,10.65,0.0,2.14,4.6
kruger,2016-06-05,25.81,8.77,0.0,9.07,19.15
kruger,2016-06-06,28.49,9.58,6.2,14.02,40.66
kruger,2016-06-07,24.21,13.09,3.96,10.71,37.38
kruger,2016-06-08,20.61,12.86,0.25,10.75,3.89
kruger,2016-06-09,21.74,11.06,0.0,4.69,23.44
kruger,2016-06-10,21.88,12.2,5.17,11.57,29.01
kruger,2016-06-11,22.96,9.98,0.0,12.47,31.22
kruger,2016-06-12,22.03,17.34,0.0,10.02,46.29
kruger,2016-06-13,27.29,11.96,0.0,7.44,4.48
kruger,2016-06-14,23.32,9.67,2.21,10.71,8.53
kruger,2016-06-15,27.87,13.27,0.0,6.25,11.68
kruger,2016-06-16,20.64,14.13,1.03,5.83,26.92
kruger,2016-06-17,22.91,9.03,0.62,11.73,0.0
kruger,2016-06-18,24.23,7.37,2.45,12.59,17.62
kruger,2016-06-19,26.29,7.81,0.74,7.06,0.0
kruger,2016-06-20,27.24,9.13,0.0,5.77,20.66
kruger,2016-06-21,22.14,10.62,2.02,6.62,51.58
kruger,2016-06-22,26.69,6.63,3.57,9.83,33.87
kruger,2016-06-23,18.61,9.61,5.92,5.73,1.81
kruger,2016-06-24,26.23,10.09,0.0,13.06,13.77
kruger,2016-06-25,19.55,11.38,4.13,7.79,6.55
kruger,2016-06-26,24.87,12.06,0.0,10.27,39.17
kruger,2016-06-27,26.87,11.49,3.68,6.93,0.0
kruger,2016-06-28,26.11,14.92,0.0,10.9,12.89
kruger,2016-06-29,18.49,13.14,2.94,11.13,8.91
kruger,2016-06-30,22.03,10.92,5.52,4.09,1.63
kruger,2016-07-01,25.49,7.91,0.44,7.07,43.99
kruger,2016-07-02,25.37,8.61,0.0,8.63,0.0
kruger,2016-07-03,24.1,6.7,0.0,7.51,0.99
kruger,2016-07-04,16.64,10.62,0.0,11.69,42.73
kruger,2016-07-05,26.81,11.04,4.14,7.28,17.21
kruger,2016-07-06,27.31,12.42,0.0,11.21,15.99
kruger,2016-07-07,23.65,10.83,0.0,10.51,9.16
kruger,2016-07-08,23.82,12.77,3.13,8.72,18.43
kruger,2016-07-09,24.63,12.8,2.9,11.31,11.95
kruger,2016-07-10,27.48,7.53,0.0,4.42,7.31
kruger,2016-07-11,23.83,8.78,0.0,8.84,0.0
kruger,2016-07-12,22.49,10.04,0.0,6.7,18.82
kruger,2016-07-13,24.19,8.28,0.0,8.7,9.21
kruger,2016-07-14,23.0,9.43,0.32,7.6,11.09
kruger,2016-07-15,23.03,10.78,0.0,9.19,27.98
kruger,2016-07-16,17.72,9.71,1.21,9.03,10.47
kruger,2016-07-17,24.58,10.01,0.0,9.42,16.39
kruger,2016-07-18,26.52,7.65,4.65,9.54,43.12
kruger,2016-07-19,26.06,11.27,2.31,10.72,23.76
kruger,2016-07-20,25.85,11.08,0.0,5.22,9.9
kruger,2016-07-21,22.84,8.09,0.0,10.53,1.54
kruger,2016-07-22,23.44,6.77,0.0,4.46,16.02
kruger,2016-07-23,26.58,13.08,5.03,0.62,29.83
kruger,2016-07-24,25.61,14.38,0.68,14.92,9.18
kruger,2016-07-25,27.48,10.6,1.9,6.19,17.41
kruger,2016-07-26,21.01,9.12,0.0,7.66,8.86
kruger,2016-07-27,21.0,12.65,1.46,3.42,12.01
kruger,2016-07-28,22.05,11.23,0.0,7.65,0.0
kruger,2016-07-29,20.24,9.54,3.28,9.64,21.37
kruger,2016-07-30,19.12,12.5,0.0,9.76,19.52
kruger,2016-07-31,24.5,8.07,0.0,5.41,39.54
kruger,2016-08-01,24.32,8.39,8.63,7.71,19.04
kruger,2016-08-02,23.88,11.05,0.13,10.15,6.79
kruger,2016-08-03,24.22,10.45,0.04,9.77,39.34
kruger,2016-08-04,18.79,11.78,0.0,9.45,23.1
kruger,2016-08-05,21.77,13.2,2.13,11.35,20.56
kruger,2016-08-06,22.36,6.36,3.2,8.75,17.6
kruger,2016-08-07,23.42,10.37,0.0,13.27,20.18
kruger,2016-08-08,18.92,15.05,3.26,8.22,5.03
kruger,2016-08-09,20.55,8.84,4.41,11.2,16.82
kruger,2016-08-10,22.06,8.58,1.85,11.31,14.87
kruger,2016-08-11,26.58,4.8,0.0,4.22,23.64
kruger,2016-08-12,24.23,10.7,0.0,10.47,35.16
kruger,2016-08-13,26.55,11.94,6.57,7.24,33.04
kruger,2016-08-14,23.16,11.97,0.18,6.15,26.35
kruger,2016-08-15,23.57,7.98,0.23,7.92,0.0
kruger,2016-08-16,25.11,10.59,0.0,9.69,12.45
kruger,2016-08-17,23.13,11.21,0.0,4.53,0.0
kruger,2016-08-18,21.83,10.84,4.74,9.32,35.52
kruger,2016-08-19,19.29,8.02,6.0,8.6,17.65
kruger,2016-08-20,22.01,11.0,3.23,12.38,17.42
kruger,2016-08-21,26.37,8.82,2.28,7.39,9.52
kruger,2016-08-22,27.7,6.23,2.62,12.87,38.94
kruger,2016-08-23,21.65,12.67,0.0,10.48,21.69
kruger,2016-08-24,18.83,11.38,0.0,9.24,18.64
kruger,2016-08-25,26.87,12.57,0.0,13.18,22.43
kruger,2016-08-26,24.35,9.81,5.52,15.15,23.78
kruger,2016-08-27,20.17,12.77,0.17,8.77,18.94
kruger,2016-08-28,14.94,13.83,2.26,7.2,40.11
kruger,2016-08-29,21.44,15.72,1.23,10.73,40.17
kruger,2016-08-30,23.01,13.43,1.48,5.2,23.01
kruger,2016-08-31,21.01,12.43,1.86,5.59,10.16
kruger,2016-09-01,26.61,8.09,3.31,13.43,26.96
kruger,2016-09-02,22.17,11.34,0.0,11.25,13.36
kruger,2016-09-03,24.71,8.12,5.35,6.98,43.93
kruger,2016-09-04,31.87,9.7,0.0,18.99,46.33
kruger,2016-09-05,25.17,16.71,1.67,5.46,33.82
kruger,2016-09-06,24.55,9.34,0.0,11.49,5.86
kruger,2016-09-07,24.69,6.12,0.15,7.27,16.53
kruger,2016-09-08,27.06,14.08,0.0,15.03,20.77
kruger,2016-09-09,26.76,10.45,1.02,8.12,11.43
kruger,2016-09-10,22.2,14.13,3.91,8.88,19.77
kruger,2016-09-11,24.05,9.36,1.33,4.34,28.07
kruger,2016-09-12,23.37,11.3,8.92,16.04,32.76
kruger,2016-09-13,24.6,15.44,4.32,7.96,44.45
kruger,2016-09-14,31.02,9.23,0.28,11.29,25.09
kruger,2016-09-15,27.47,12.2,0.9,9.89,21.2
kruger,2016-09-16,25.47,13.44,2.82,8.25,6.67
kruger,2016-09-17,29.53,11.0,4.18,3.25,31.49
kruger,2016-09-18,26.45,13.49,0.0,9.28,19.78
kruger,2016-09-19,21.06,13.01,4.03,9.18,23.74
kruger,2016-09-20,31.05,14.4,0.0,10.98,18.69
kruger,2016-09-21,25.68,17.76,3.76,16.49,19.41
kruger,2016-09-22,19.47,19.93,6.06,12.01,38.55
kruger,2016-09-23,21.53,14.49,2.92,12.69,27.24
kruger,2016-09-24,29.81,13.15,0.0,9.23,51.84
kruger,2016-09-25,21.77,14.62,0.0,6.23,11.95
kruger,2016-09-26,30.66,13.03,4.16,9.37,47.79
kruger,2016-09-27,26.95,9.74,0.0,8.03,21.96
kruger,2016-09-28,28.95,13.69,4.48,10.12,28.84
kruger,2016-09-29,26.13,16.61,6.04,8.82,37.41
kruger,2016-09-30,28.57,10.34,6.71,5.3,45.72
kruger,2016-10-01,28.05,11.64,1.27,14.17,46.63
kruger,2016-10-02,27.08,12.74,4.05,9.98,46.67
kruger,2016-10-03,24.1,15.22,3.2,9.44,28.19
kruger,2016-10-04,28.47,20.34,0.0,7.15,58.83
kruger,2016-10-05,22.04,12.47,5.48,9.07,41.2
kruger,2016-10-06,30.39,14.82,8.12,7.94,0.0
kruger,2016-10-07,28.28,14.71,5.39,6.98,33.53
kruger,2016-10-08,29.19,14.04,0.69,11.09,27.66
kruger,2016-10-09,20.05,14.78,5.72,9.23,29.02
kruger,2016-10-10,24.62,13.84,8.02,12.91,43.6
kruger,2016-10-11,26.58,21.96,7.56,9.62,39.0
kruger,2016-10-12,30.22,17.08,7.08,11.08,24.59
kruger,2016-10-13,25.48,14.16,0.0,11.03,57.63
kruger,2016-10-14,36.05,18.37,4.7,11.96,16.15
kruger,2016-10-15,27.72,16.15,5.76,8.31,15.48
kruger,2016-10-16,25.56,15.76,7.4,13.57,19.82
kruger,2016-10-17,28.16,15.26,5.37,7.37,43.12
kruger,2016-10-18,25.97,15.19,9.59,11.07,42.31
kruger,2016-10-19,25.37,12.87,0.0,7.36,24.96
kruger,2016-10-20,32.06,11.84,5.75,10.65,28.56
kruger,2016-10-21,30.67,17.06,5.5,13.72,37.77
kruger,2016-10-22,30.78,15.75,7.27,12.74,22.15
kruger,2016-10-23,33.17,18.53,9.89,14.29,50.5
kruger,2016-10-24,30.9,14.21,0.24,10.24,62.36
kruger,2016-10-25,26.34,13.8,9.9,13.91,36.54
kruger,2016-10-26,31.77,18.58,7.19,9.14,44.75
kruger,2016-10-27,26.37,16.01,3.25,9.87,41.52
kruger,2016-10-28,28.42,18.99,0.43,11.67,60.75
kruger,2016-10-29,29.81,17.04,4.92,13.87,69.69
kruger,2016-10-30,29.61,21.75,5.34,9.71,35.55
kruger,2016-10-31,24.78,19.04,5.63,13.47,41.74
kruger,2016-11-01,27.35,18.28,1.83,12.11,54.46
kruger,2016-11-02,30.29,19.36,6.84,12.46,47.1
kruger,2016-11-03,28.63,16.77,2.85,8.92,28.59
kruger,2016-11-04,33.94,13.45,9.4,10.36,15.46
kruger,2016-11-05,34.55,18.56,11.45,11.27,33.97
kruger,2016-11-06,27.39,22.61,1.42,12.6,48.18
kruger,2016-11-07,31.03,12.13,4.98,9.2,37.68
kruger,2016-11-08,35.7,19.12,8.69,7.77,28.09
kruger,2016-11-09,30.65,14.21,5.97,5.28,35.53
kruger,2016-11-10,29.93,18.09,0.0,13.95,72.02
kruger,2016-11-11,33.82,18.44,8.45,14.58,27.95
kruger,2016-11-12,30.52,20.2,2.64,5.75,40.48
kruger,2016-11-13,35.25,18.96,5.92,12.04,37.77
kruger,2016-11-14,29.74,21.96,1.21,10.71,75.17
kruger,2016-11-15,30.2,21.54,8.42,15.52,24.05
kruger,2016-11-16,34.08,18.22,3.62,11.27,34.67
kruger,2016-11-17,32.11,21.54,8.97,13.57,47.73
kruger,2016-11-18,32.22,18.11,4.57,10.69,49.59
kruger,2016-11-19,26.26,17.77,3.57,9.93,64.2
kruger,2016-11-20,31.01,16.06,7.2,14.33,62.95
kruger,2016-11-21,34.75,22.44,1.31,15.29,37.41
kruger,2016-11-22,29.9,18.5,12.86,8.28,52.96
kruger,2016-11-23,34.44,13.28,6.47,15.54,45.95
kruger,2016-11-24,33.23,20.78,3.52,9.22,41.97
kruger,2016-11-25,31.91,18.42,4.24,5.17,64.36
kruger,2016-11-26,36.66,18.84,5.96,12.23,53.21
kruger,2016-11-27,31.65,19.09,9.93,13.75,73.58
kruger,2016-11-28,31.94,18.91,2.42,7.7,57.08
kruger,2016-11-29,32.2,26.65,4.58,6.33,64.11
kruger,2016-11-30,33.15,24.07,5.91,10.82,9.75
kruger,2016-12-01,35.29,21.74,12.33,10.44,52.08
kruger,2016-12-02,28.65,20.67,10.21,16.46,57.49
kruger,2016-12-03,35.75,22.96,12.62,12.42,59.13
kruger,2016-12-04,33.42,20.82,6.43,14.61,74.71
kruger,2016-12-05,34.95,22.33,12.09,13.06,61.05
kruger,2016-12-06,40.54,21.76,11.48,17.16,33.84
kruger,2016-12-07,31.89,20.75,9.24,9.8,60.35
kruger,2016-12-08,29.82,22.85,9.61,12.24,65.06
kruger,2016-12-09,34.15,19.52,4.17,7.81,43.58
kruger,2016-12-10,34.69,20.78,13.9,14.98,46.78
kruger,2016-12-11,36.31,18.25,5.65,15.91,64.99
kruger,2016-12-12,32.15,18.6,8.91,15.21,53.46
kruger,2016-12-13,31.33,14.5,9.42,12.23,70.04
kruger,2016-12-14,29.29,22.03,1.27,8.16,56.63
kruger,2016-12-15,29.84,22.77,6.59,12.39,21.31
kruger,2016-12-16,32.75,23.71,7.65,10.63,55.13
kruger,2016-12-17,33.71,18.3,6.42,15.45,48.48
kruger,2016-12-18,40.31,22.21,6.75,11.42,63.88
kruger,2016-12-19,29.09,21.16,12.91,11.38,61.17
kruger,2016-12-20,35.22,23.06,3.67,19.26,40.86
kruger,2016-12-21,32.09,19.64,1.94,15.15,58.15
kruger,2016-12-22,34.99,20.48,4.7,16.0,63.38
kruger,2016-12-23,32.7,17.48,10.05,11.25,62.15
kruger,2016-12-24,37.52,19.62,10.47,9.5,70.3
kruger,2016-12-25,37.54,21.46,9.56,16.02,40.46
kruger,2016-12-26,34.16,21.93,10.81,17.31,53.59
kruger,2016-12-27,38.85,17.32,8.21,8.99,22.65
kruger,2016-12-28,36.86,20.3,5.14,11.31,73.9
kruger,2016-12-29,38.79,22.01,3.46,10.13,58.16
kruger,2016-12-30,34.52,25.17,2.22,14.33,55.15
kruger,2016-12-31,37.54,19.57,6.38,16.15,55.02
kruger,2017-01-01,32.38,22.91,10.44,11.79,64.14
kruger,2017-01-02,32.11,20.31,8.26,11.79,72.66
kruger,2017-01-03,41.28,20.63,7.42,7.04,52.78
kruger,2017-01-04,31.52,19.58,3.13,10.06,63.39
kruger,2017-01-05,33.49,19.19,17.68,17.46,63.3
kruger,2017-01-06,29.13,20.64,4.08,14.42,24.44
kruger,2017-01-07,32.31,24.47,7.88,15.73,46.88
kruger,2017-01-08,31.89,19.99,11.43,11.86,64.11
kruger,2017-01-09,32.88,19.62,7.6,12.15,76.15
kruger,2017-01-10,35.81,22.43,4.21,13.03,78.09
kruger,2017-01-11,36.55,21.94,10.69,13.95,39.39
kruger,2017-01-12,31.92,21.77,2.1,17.11,72.8
kruger,2017-01-13,32.59,22.59,14.44,10.97,73.35
kruger,2017-01-14,38.22,19.44,8.61,12.58,64.08
kruger,2017-01-15,40.09,19.73,6.47,10.61,27.63
kruger,2017-01-16,38.75,24.45,1.82,7.09,49.9
kruger,2017-01-17,30.05,21.63,2.89,15.76,59.6
kruger,2017-01-18,38.56,23.49,7.29,18.24,54.45
kruger,2017-01-19,40.56,25.06,15.07,15.3,25.47
kruger,2017-01-20,29.91,24.11,8.43,13.69,54.08
kruger,2017-01-21,38.25,18.57,8.89,18.56,44.04
kruger,2017-01-22,35.67,21.71,9.04,14.38,66.85
kruger,2017-01-23,34.01,24.59,16.95,15.41,65.17
kruger,2017-01-24,35.3,23.29,5.72,13.42,65.8
kruger,2017-01-25,36.31,22.44,13.75,13.87,52.39
kruger,2017-01-26,38.44,17.87,5.88,12.59,58.2
kruger,2017-01-27,38.27,20.42,4.66,15.48,56.6
kruger,2017-01-28,30.42,22.12,7.14,9.71,71.52
kruger,2017-01-29,32.98,18.36,7.11,14.23,49.76
kruger,2017-01-30,35.19,23.9,9.69,10.41,46.35
kruger,2017-01-31,39.61,21.6,0.0,14.49,72.07
kruger,2017-02-01,26.69,16.92,8.01,20.14,69.89
kruger,2017-02-02,33.02,20.43,5.01,15.05,64.49
kruger,2017-02-03,30.24,21.11,4.49,16.46,81.11
kruger,2017-02-04,30.69,21.48,2.18,15.64,88.66
kruger,2017-02-05,37.73,25.32,5.89,5.95,75.71
kruger,2017-02-06,33.15,23.19,5.26,12.52,45.94
kruger,2017-02-07,27.71,18.3,5.6,14.25,69.51
kruger,2017-02-08,34.21,17.96,0.73,6.63,58.59
kruger,2017-02-09,40.76,20.98,7.66,12.03,48.39
kruger,2017-02-10,29.19,21.93,4.07,12.63,45.59
kruger,2017-02-11,36.17,24.06,0.68,9.16,60.62
kruger,2017-02-12,39.24,25.86,5.0,9.94,68.71
kruger,2017-02-13,34.35,25.96,4.07,16.84,77.01
kruger,2017-02-14,40.24,20.35,7.3,2.08,66.29
kruger,2017-02-15,32.43,23.75,4.86,13.62,64.64
kruger,2017-02-16,38.7,22.43,1.28,16.28,52.79
kruger,2017-02-17,37.95,18.59,3.49,12.69,58.97
kruger,2017-02-18,34.17,16.55,0.11,16.98,33.14
kruger,2017-02-19,29.76,21.58,11.53,11.46,63.87
kruger,2017-02-20,31.16,17.43,12.14,10.01,61.69
kruger,2017-02-21,27.08,18.98,12.58,12.68,83.75
kruger,2017-02-22,35.84,19.35,4.51,11.54,54.26
kruger,2017-02-23,35.42,21.55,12.02,10.95,72.54
kruger,2017-02-24,34.18,24.15,8.42,12.11,47.36
kruger,2017-02-25,33.52,20.92,3.47,10.25,79.74
kruger,2017-02-26,37.9,19.48,4.2,10.09,75.82
kruger,2017-02-27,34.65,15.59,5.99,9.22,70.85
kruger,2017-02-28,32.03,21.84,7.04,13.82,54.56
kruger,2017-03-01,34.07,20.7,8.04,9.55,50.11
kruger,2017-03-02,39.71,19.19,6.54,8.8,47.66
kruger,2017-03-03,35.37,23.41,5.11,9.28,38.41
kruger,2017-03-04,32.26,17.45,11.86,13.09,59.78
kruger,2017-03-05,33.23,18.65,5.95,14.46,48.81
kruger,2017-03-06,34.68,19.68,5.67,14.68,58.03
kruger,2017-03-07,31.95,18.81,5.44,13.05,54.6
kruger,2017-03-08,31.61,21.52,5.81,13.99,35.7
kruger,2017-03-09,33.03,21.23,0.76,12.19,67.47
kruger,2017-03-10,37.55,22.62,2.15,13.7,52.74
kruger,2017-03-11,35.28,21.17,15.89,13.62,63.97
kruger,2017-03-12,31.6,19.54,0.0,10.09,33.29
kruger,2017-03-13,35.36,18.9,7.09,9.02,39.05
kruger,2017-03-14,32.7,20.81,7.32,16.28,44.35
kruger,2017-03-15,33.62,19.11,9.94,12.57,53.61
kruger,2017-03-16,33.27,19.62,7.3,15.32,48.13
kruger,2017-03-17,26.09,20.7,13.34,8.84,69.87
kruger,2017-03-18,23.19,19.68,6.68,10.9,64.64
kruger,2017-03-19,32.93,20.02,11.06,7.95,37.87
kruger,2017-03-20,29.6,17.19,9.77,13.99,92.74
kruger,2017-03-21,27.16,22.45,11.72,10.18,46.98
kruger,2017-03-22,29.52,16.22,5.59,10.33,67.32
kruger,2017-03-23,34.67,19.99,7.02,17.83,43.38
kruger,2017-03-24,32.88,17.59,3.89,13.93,56.72
kruger,2017-03-25,34.03,21.42,5.95,13.87,61.29
kruger,2017-03-26,32.98,20.83,6.11,8.27,24.17
kruger,2017-03-27,28.77,18.52,0.0,6.27,72.63
kruger,2017-03-28,33.76,22.32,4.55,14.72,34.39
kruger,2017-03-29,33.1,17.87,8.62,5.06,40.56
kruger,2017-03-30,30.89,20.45,0.0,10.24,36.4
kruger,2017-03-31,31.32,16.33,0.99,9.28,36.65
kruger,2017-04-01,33.43,19.06,9.49,8.91,37.03
kruger,2017-04-02,28.7,15.62,10.17,10.33,26.6
kruger,2017-04-03,34.12,17.9,2.25,8.45,55.6
kruger,2017-04-04,32.45,17.63,5.37,7.94,45.58
kruger,2017-04-05,30.66,19.85,4.29,12.32,41.45
kruger,2017-04-06,35.15,15.88,9.25,14.72,58.43
kruger,2017-04-07,26.57,25.14,2.34,6.28,69.35
kruger,2017-04-08,28.98,13.9,2.89,12.04,19.12
kruger,2017-04-09,28.21,17.84,9.7,13.04,66.54
kruger,2017-04-10,31.23,17.87,0.26,12.72,41.5
kruger,2017-04-11,33.6,18.4,2.21,10.69,21.25
kruger,2017-04-12,27.0,15.66,4.67,9.53,47.36
kruger,2017-04-13,39.77,17.45,10.16,13.56,39.08
kruger,2017-04-14,27.76,15.34,0.0,12.25,53.4
kruger,2017-04-15,30.73,21.33,1.09,5.53,42.33
kruger,2017-04-16,29.55,14.95,6.23,10.52,45.16
kruger,2017-04-17,29.58,16.07,6.78,11.31,32.93
kruger,2017-04-18,26.96,14.68,4.57,7.83,23.69
kruger,2017-04-19,32.43,14.23,3.19,10.35,49.9
kruger,2017-04-20,26.57,12.63,4.1,12.52,30.56
kruger,2017-04-21,23.72,17.71,0.0,8.53,44.12
kruger,2017-04-22,25.56,14.24,3.85,11.67,60.03
kruger,2017-04-23,33.16,13.83,9.31,7.97,35.0
kruger,2017-04-24,32.47,13.31,0.0,7.2,47.55
kruger,2017-04-25,22.59,16.37,0.11,12.72,36.25
kruger,2017-04-26,30.95,15.56,1.59,14.36,30.9
kruger,2017-04-27,22.46,15.47,1.77,7.25,12.59
kruger,2017-04-28,28.22,13.4,10.4,13.63,35.09
kruger,2017-04-29,24.58,16.29,0.0,10.69,32.88
kruger,2017-04-30,30.77,13.44,0.0,4.06,21.94
kruger,2017-05-01,29.66,15.17,5.92,6.36,4.13
kruger,2017-05-02,30.83,14.55,0.18,12.46,9.27
kruger,2017-05-03,26.91,10.57,5.85,5.73,60.76
kruger,2017-05-04,27.12,19.77,1.84,8.71,34.21
kruger,2017-05-05,23.1,16.03,4.4,10.29,11.77
kruger,2017-05-06,24.4,14.94,0.0,11.84,23.94
kruger,2017-05-07,30.24,15.24,4.25,11.02,32.8
kruger,2017-05-08,28.4,19.42,3.23,15.14,39.05
kruger,2017-05-09,27.51,17.04,1.28,7.95,28.49
kruger,2017-05-10,30.88,14.97,0.0,10.66,61.97
kruger,2017-05-11,23.1,12.23,3.03,11.69,62.36
kruger,2017-05-12,29.06,12.53,5.0,12.44,36.75
kruger,2017-05-13,23.27,9.3,0.0,13.42,25.19
kruger,2017-05-14,31.14,12.79,0.0,8.93,36.11
kruger,2017-05-15,28.25,15.27,5.09,12.16,10.12
kruger,2017-05-16,29.41,15.1,8.69,7.4,44.73
kruger,2017-05-17,24.32,14.97,5.54,9.91,32.0
kruger,2017-05-18,32.88,12.05,2.64,11.61,11.01
kruger,2017-05-19,32.24,14.62,0.69,13.01,20.04
kruger,2017-05-20,27.44,15.21,1.49,11.76,37.1
kruger,2017-05-21,29.59,7.49,0.0,10.29,3.22
kruger,2017-05-22,25.06,13.73,0.86,9.75,14.5
kruger,2017-05-23,22.08,18.08,5.9,11.61,20.62
kruger,2017-05-24,28.18,12.07,1.52,16.5,41.94
kruger,2017-05-25,22.95,6.4,0.0,12.47,52.74
kruger,2017-05-26,29.55,10.59,0.0,11.02,32.42
kruger,2017-05-27,28.68,8.0,1.06,5.74,0.0
kruger,2017-05-28,26.16,10.87,0.0,7.28,9.42
kruger,2017-05-29,25.91,9.31,0.0,8.82,78.33
kruger,2017-05-30,28.26,14.62,7.16,12.49,27.99
kruger,2017-05-31,26.03,14.15,0.0,6.93,0.0
kruger,2017-06-01,23.91,12.99,0.0,11.64,60.68
kruger,2017-06-02,20.51,15.12,2.03,10.04,4.79
kruger,2017-06-03,27.85,10.56,0.0,10.72,33.18
kruger,2017-06-04,26.0,12.08,1.12,8.98,7.13
kruger,2017-06-05,33.09,17.31,4.17,7.82,57.11
kruger,2017-06-06,24.46,13.21,0.0,6.66,2.57
kruger,2017-06-07,25.58,13.13,3.63,11.39,14.81
kruger,2017-06-08,25.58,9.69,0.0,9.3,39.09
kruger,2017-06-09,26.49,10.49,0.0,6.28,14.82
kruger,2017-06-10,21.57,8.96,8.17,10.16,30.19
kruger,2017-06-11,24.17,15.6,0.0,19.74,35.13
kruger,2017-06-12,26.82,7.44,2.75,8.84,25.1
kruger,2017-06-13,23.27,13.56,4.86,14.39,5.57
kruger,2017-06-14,26.58,12.66,0.0,1.65,10.22
kruger,2017-06-15,24.44,7.14,0.0,8.57,16.07
kruger,2017-06-16,25.29,13.94,0.0,12.23,30.43
kruger,2017-06-17,27.48,10.38,0.0,9.39,33.6
kruger,2017-06-18,23.29,7.67,0.41,7.4,24.31
kruger,2017-06-19,19.56,11.83,3.68,9.23,31.58
kruger,2017-06-20,23.06,8.8,0.0,12.24,0.0
kruger,2017-06-21,21.33,10.3,3.75,15.7,25.16
kruger,2017-06-22,17.38,9.49,5.61,12.45,19.55
kruger,2017-06-23,23.39,8.51,1.7,7.72,27.79
kruger,2017-06-24,24.26,7.69,2.04,8.52,31.48
kruger,2017-06-25,26.68,12.61,0.0,8.53,4.28
kruger,2017-06-26,20.15,11.38,0.0,6.59,18.25
kruger,2017-06-27,23.79,11.18,2.19,8.71,39.77
kruger,2017-06-28,26.87,9.57,3.01,8.34,24.17
kruger,2017-06-29,21.72,10.57,0.77,5.55,17.98
kruger,2017-06-30,25.01,8.57,3.41,11.65,1.09
kruger,2017-07-01,28.16,8.49,0.0,10.39,27.37
kruger,2017-07-02,17.75,14.61,1.8,7.19,0.0
kruger,2017-07-03,24.12,12.51,5.59,9.54,16.33
kruger,2017-07-04,26.76,8.87,2.34,6.2,11.53
kruger,2017-07-05,22.19,6.5,5.03,7.42,24.7
kruger,2017-07-06,27.37,5.96,5.04,11.13,9.73
kruger,2017-07-07,25.09,8.6,0.0,10.48,13.69
kruger,2017-07-08,28.47,10.43,2.48,7.51,4.88
kruger,2017-07-09,24.89,10.43,0.0,9.98,14.73
kruger,2017-07-10,28.67,10.49,0.0,8.82,21.61
kruger,2017-07-11,24.0,10.93,0.0,6.04,13.12
kruger,2017-07-12,18.98,7.48,6.57,8.52,13.56
kruger,2017-07-13,21.17,13.83,0.0,10.32,20.68
kruger,2017-07-14,26.11,9.56,0.0,9.94,33.18
kruger,2017-07-15,26.03,10.77,0.0,3.93,29.29
kruger,2017-07-16,22.1,8.39,1.43,9.51,0.0
kruger,2017-07-17,28.43,10.8,0.0,9.08,29.57
kruger,2017-07-18,21.95,15.2,0.0,3.31,38.55
kruger,2017-07-19,24.39,7.53,0.0,6.58,28.6
kruger,2017-07-20,24.3,7.21,0.17,10.48,0.0
kruger,2017-07-21,19.01,7.84,2.62,13.15,21.97
kruger,2017-07-22,22.67,9.17,0.0,4.08,38.75
kruger,2017-07-23,30.14,8.7,2.1,11.94,11.28
kruger,2017-07-24,20.24,7.4,3.16,3.36,61.52
kruger,2017-07-25,24.89,9.89,0.0,13.2,0.0
kruger,2017-07-26,19.55,13.92,0.0,8.29,20.25
kruger,2017-07-27,20.23,9.65,0.0,6.86,28.94
kruger,2017-07-28,18.79,9.8,1.68,10.08,20.71
kruger,2017-07-29,25.87,10.91,0.0,6.13,20.48
kruger,2017-07-30,20.45,11.68,0.0,10.57,2.61
kruger,2017-07-31,26.88,13.51,0.0,8.65,9.64
kruger,2017-08-01,21.5,10.7,4.01,-2.4,26.93
kruger,2017-08-02,23.5,10.11,1.62,6.61,0.0
kruger,2017-08-03,24.37,7.66,3.62,9.62,32.04
kruger,2017-08-04,18.31,12.01,3.28,12.25,16.83
kruger,2017-08-05,23.8,8.07,0.0,10.06,26.9
kruger,2017-08-06,24.26,8.02,0.0,12.22,31.4
kruger,2017-08-07,26.66,10.72,0.0,6.4,74.76
kruger,2017-08-08,20.39,14.12,0.0,11.27,39.88
kruger,2017-08-09,20.85,12.12,4.46,11.33,0.98
kruger,2017-08-10,25.31,10.24,0.0,4.22,51.54
kruger,2017-08-11,27.61,7.92,0.0,12.42,0.0
kruger,2017-08-12,21.63,14.21,4.71,10.12,12.7
kruger,2017-08-13,19.74,10.3,0.17,8.3,22.09
kruger,2017-08-14,22.53,9.76,3.69,8.27,14.75
kruger,2017-08-15,20.49,11.91,0.0,6.06,23.98
kruger,2017-08-16,24.76,9.45,0.0,11.08,17.36
kruger,2017-08-17,20.37,8.73,1.69,10.11,39.32
kruger,2017-08-18,26.58,9.02,2.05,10.97,12.97
kruger,2017-08-19,24.35,9.06,0.0,9.47,18.62
kruger,2017-08-20,26.77,7.94,5.26,9.87,47.1
kruger,2017-08-21,16.54,7.71,3.82,8.38,35.22
kruger,2017-08-22,18.59,13.29,2.33,12.52,18.32
kruger,2017-08-23,27.79,12.59,0.0,11.12,28.13
kruger,2017-08-24,21.81,8.91,0.0,9.84,49.32
kruger,2017-08-25,19.63,13.25,4.98,8.94,0.66
kruger,2017-08-26,23.48,11.86,0.0,4.06,5.31
kruger,2017-08-27,24.87,10.34,0.0,3.43,13.2
kruger,2017-08-28,23.73,8.14,0.89,8.3,25.28
kruger,2017-08-29,25.67,12.12,0.0,13.23,36.76
kruger,2017-08-30,25.33,16.0,0.25,7.33,10.98
kruger,2017-08-31,25.24,11.44,2.11,7.47,8.54
kruger,2017-09-01,28.51,13.96,0.0,6.57,3.22
kruger,2017-09-02,24.49,11.01,4.05,5.64,8.98
kruger,2017-09-03,24.47,13.91,2.9,6.79,13.51
kruger,2017-09-04,27.08,11.3,0.0,10.39,0.0
kruger,2017-09-05,26.41,5.73,0.0,8.11,15.41
kruger,2017-09-06,22.11,10.02,0.35,8.0,8.33
kruger,2017-09-07,24.62,12.23,9.21,7.75,21.86
kruger,2017-09-08,26.29,14.68,0.0,10.37,50.05
kruger,2017-09-09,23.29,11.67,6.99,10.85,0.93
kruger,2017-09-10,23.51,12.2,0.0,4.1,40.3
kruger,2017-09-11,21.03,10.74,0.0,7.46,50.37
kruger,2017-09-12,16.64,16.19,0.0,9.49,40.1
kruger,2017-09-13,24.25,16.12,4.88,11.11,31.03
kruger,2017-09-14,25.83,10.76,1.36,10.2,45.88
kruger,2017-09-15,22.25,8.75,6.43,12.31,35.95
kruger,2017-09-16,29.75,8.1,0.0,5.64,43.4
kruger,2017-09-17,22.57,14.22,1.09,11.15,28.8
kruger,2017-09-18,28.53,13.13,0.05,16.09,11.41
kruger,2017-09-19,27.14,10.93,9.53,10.1,45.06
kruger,2017-09-20,32.5,13.65,0.0,10.26,67.05
kruger,2017-09-21,27.68,9.98,0.0,11.58,23.09
kruger,2017-09-22,21.81,15.14,0.0,8.41,28.84
kruger,2017-09-23,29.4,12.29,3.95,7.24,30.49
kruger,2017-09-24,31.43,10.63,0.0,10.29,7.08
kruger,2017-09-25,21.11,12.51,9.07,5.18,16.7
kruger,2017-09-26,28.44,12.52,2.17,11.36,34.3
kruger,2017-09-27,29.2,14.53,3.56,11.9,28.64
kruger,2017-09-28,26.07,16.62,3.83,5.43,30.62
kruger,2017-09-29,19.54,16.59,1.96,10.76,31.08
kruger,2017-09-30,26.01,14.3,2.59,9.65,29.26
kruger,2017-10-01,25.26,13.53,2.51,14.77,19.84
kruger,2017-10-02,31.69,12.68,4.31,14.3,38.18
kruger,2017-10-03,26.93,9.78,0.0,12.92,36.91
kruger,2017-10-04,26.06,14.25,0.0,14.06,19.11
kruger,2017-10-05,25.63,12.27,5.71,9.37,38.86
kruger,2017-10-06,28.47,17.54,2.49,11.28,23.62
kruger,2017-10-07,27.76,14.09,0.0,9.77,43.11
kruger,2017-10-08,25.32,16.56,0.73,7.57,33.0
kruger,2017-10-09,28.59,13.59,8.82,10.85,39.9
kruger,2017-10-10,26.22,13.21,2.12,10.38,36.96
kruger,2017-10-11,20.22,16.51,0.71,10.06,33.81
kruger,2017-10-12,30.1,15.79,0.0,10.52,39.9
kruger,2017-10-13,29.92,16.01,0.7,10.92,47.97
kruger,2017-10-14,28.9,15.07,0.0,13.43,37.49
kruger,2017-10-15,27.08,17.38,4.82,9.05,37.59
kruger,2017-10-16,28.29,17.12,3.37,7.0,31.06
kruger,2017-10-17,31.07,10.17,1.79,12.9,9.43
kruger,2017-10-18,26.82,15.07,0.26,13.48,37.56
kruger,2017-10-19,31.4,18.36,9.49,12.01,18.4
kruger,2017-10-20,24.5,13.37,0.63,7.56,29.25
kruger,2017-10-21,29.53,11.79,0.71,10.61,25.1
kruger,2017-10-22,29.21,15.78,2.61,11.9,27.67
kruger,2017-10-23,32.24,17.53,3.24,7.87,28.95
kruger,2017-10-24,26.58,15.18,5.65,8.82,46.4
kruger,2017-10-25,27.01,19.67,7.51,10.71,44.45
kruger,2017-10-26,25.36,21.15,7.28,14.73,41.47
kruger,2017-10-27,27.94,11.83,13.65,11.89,58.29
kruger,2017-10-28,30.51,15.79,0.0,9.53,86.37
kruger,2017-10-29,24.46,11.14,4.99,10.68,48.44
kruger,2017-10-30,28.62,18.6,2.05,9.32,54.79
kruger,2017-10-31,31.89,15.35,12.24,10.12,45.72
kruger,2017-11-01,29.85,15.97,4.97,13.55,51.57
kruger,2017-11-02,30.48,20.13,0.0,5.66,17.82
kruger,2017-11-03,25.84,14.04,6.14,15.4,1.95
kruger,2017-11-04,30.16,13.51,5.54,18.05,11.15
kruger,2017-11-05,30.64,11.86,7.57,12.01,33.82
kruger,2017-11-06,30.17,20.83,1.71,9.06,64.02
kruger,2017-11-07,31.21,20.35,5.98,15.07,47.68
kruger,2017-11-08,29.93,17.12,3.65,12.45,38.32
kruger,2017-11-09,29.58,14.76,2.12,10.07,53.05
kruger,2017-11-10,27.93,20.13,6.24,8.77,50.13
kruger,2017-11-11,34.07,25.03,5.54,10.5,24.83
kruger,2017-11-12,27.56,17.65,9.2,12.33,52.51
kruger,2017-11-13,31.81,15.33,5.17,14.47,58.28
kruger,2017-11-14,36.87,21.54,7.54,12.66,77.62
kruger,2017-11-15,34.83,15.7,0.35,13.2,45.23
kruger,2017-11-16,33.15,17.7,10.82,10.87,72.14
kruger,2017-11-17,32.46,12.12,2.2,14.47,40.97
kruger,2017-11-18,31.42,18.05,8.98,11.31,82.24
kruger,2017-11-19,29.19,15.7,6.48,17.48,38.73
kruger,2017-11-20,31.22,22.13,6.04,10.04,57.59
kruger,2017-11-21,33.8,16.63,8.59,13.21,52.55
kruger,2017-11-22,33.33,21.11,0.0,18.62,70.89
kruger,2017-11-23,34.62,18.99,3.37,15.21,69.15
kruger,2017-11-24,36.0,19.65,8.71,14.35,33.48
kruger,2017-11-25,31.95,20.73,13.47,13.03,44.36
kruger,2017-11-26,33.08,19.37,5.74,12.33,81.58
kruger,2017-11-27,26.89,17.97,0.0,11.67,51.45
kruger,2017-11-28,39.44,17.64,4.68,10.54,62.45
kruger,2017-11-29,31.51,21.02,5.76,7.64,34.45
kruger,2017-11-30,34.79,15.08,10.49,14.2,47.09
kruger,2017-12-01,31.67,24.11,6.3,7.69,40.41
kruger,2017-12-02,31.68,20.32,1.05,14.28,65.19
kruger,2017-12-03,32.35,19.22,10.06,11.43,62.62
kruger,2017-12-04,29.41,20.81,8.53,9.51,70.16
kruger,2017-12-05,25.77,18.73,3.51,16.62,35.77
kruger,2017-12-06,36.77,19.84,9.24,8.08,60.52
kruger,2017-12-07,35.0,17.53,4.22,10.45,52.83
kruger,2017-12-08,30.68,21.37,5.26,10.76,16.1
kruger,2017-12-09,34.85,20.3,4.38,12.95,59.94
kruger,2017-12-10,36.04,21.04,5.3,10.68,72.6
kruger,2017-12-11,31.55,24.34,10.22,16.93,77.0
kruger,2017-12-12,34.93,18.69,0.0,8.45,53.13
kruger,2017-12-13,36.78,20.44,11.09,24.84,66.31
kruger,2017-12-14,29.51,16.7,7.42,9.43,62.26
kruger,2017-12-15,35.48,22.26,5.2,21.5,42.88
kruger,2017-12-16,35.04,20.9,6.88,15.93,41.03
kruger,2017-12-17,39.64,21.04,3.2,12.34,53.95
kruger,2017-12-18,35.73,20.66,0.34,13.37,51.32
kruger,2017-12-19,32.88,19.67,3.39,11.57,56.36
kruger,2017-12-20,33.28,27.41,0.0,13.76,48.95
kruger,2017-12-21,40.29,21.31,1.57,10.53,58.58
kruger,2017-12-22,33.2,22.01,0.52,14.88,39.56
kruger,2017-12-23,36.07,18.47,11.94,13.32,78.57
kruger,2017-12-24,33.65,23.58,1.94,9.82,28.58
kruger,2017-12-25,37.65,21.1,6.94,14.08,54.81
kruger,2017-12-26,37.84,22.57,11.6,13.91,53.12
kruger,2017-12-27,34.43,23.75,10.56,10.68,54.29
kruger,2017-12-28,33.32,21.28,6.01,11.56,43.79
kruger,2017-12-29,33.28,19.88,6.05,14.4,33.92
kruger,2017-12-30,29.43,15.79,7.96,16.14,60.31
kruger,2017-12-31,34.95,20.68,15.71,12.46,53.75
kruger,2018-01-01,34.92,19.98,8.94,15.69,62.71
kruger,2018-01-02,32.27,18.86,9.98,16.41,32.3
kruger,2018-01-03,29.24,25.38,16.4,16.82,82.9
kruger,2018-01-04,35.39,24.23,8.46,14.18,56.05
kruger,2018-01-05,35.8,17.23,11.96,10.23,11.71
kruger,2018-01-06,36.01,22.21,9.3,15.62,60.25
kruger,2018-01-07,31.88,19.81,9.25,12.38,50.42
kruger,2018-01-08,36.06,22.79,3.56,14.48,40.58
kruger,2018-01-09,34.36,19.89,2.91,11.08,76.12
kruger,2018-01-10,37.5,20.56,5.39,11.17,71.65
kruger,2018-01-11,32.0,24.34,10.98,10.87,62.89
kruger,2018-01-12,38.39,23.99,10.8,9.01,58.97
kruger,2018-01-13,39.49,25.73,12.8,11.23,65.43
kruger,2018-01-14,35.32,21.43,7.43,9.89,34.22
kruger,2018-01-15,36.19,18.34,9.64,14.69,60.8
kruger,2018-01-16,37.34,24.29,9.66,9.8,76.52
kruger,2018-01-17,31.91,24.31,7.06,10.99,73.57
kruger,2018-01-18,33.54,23.57,6.21,13.01,42.23
kruger,2018-01-19,35.55,20.14,1.56,18.44,60.78
kruger,2018-01-20,41.08,19.32,6.89,10.92,41.16
kruger,2018-01-21,31.41,23.34,7.08,8.85,60.35
kruger,2018-01-22,39.91,19.78,12.04,9.06,46.71
kruger,2018-01-23,34.41,21.22,12.43,10.42,44.92
kruger,2018-01-24,34.88,29.25,8.07,11.02,63.32
kruger,2018-01-25,38.63,27.3,15.74,19.91,47.04
kruger,2018-01-26,41.03,23.95,8.24,15.89,45.97
kruger,2018-01-27,36.23,20.3,11.6,12.04,63.13
kruger,2018-01-28,38.44,20.14,7.06,18.54,35.59
kruger,2018-01-29,32.17,23.72,2.89,11.14,52.93
kruger,2018-01-30,33.32,25.65,5.74,11.74,34.65
kruger,2018-01-31,30.84,20.61,13.32,11.55,37.32
kruger,2018-02-01,33.33,20.73,6.36,16.04,75.14
kruger,2018-02-02,36.55,22.07,5.53,12.74,51.26
kruger,2018-02-03,35.46,18.35,7.37,17.46,46.66
kruger,2018-02-04,39.98,18.41,5.81,14.24,70.1
kruger,2018-02-05,40.94,18.83,12.12,15.65,81.49
kruger,2018-02-06,34.34,23.11,14.87,7.47,60.92
kruger,2018-02-07,32.68,22.39,7.33,7.81,72.36
kruger,2018-02-08,38.16,24.52,9.45,7.9,48.67
kruger,2018-02-09,38.44,17.3,11.15,11.6,57.64
kruger,2018-02-10,35.94,17.82,7.68,8.25,56.82
kruger,2018-02-11,36.69,22.71,3.7,16.58,61.44
kruger,2018-02-12,36.18,19.36,5.55,12.25,70.92
kruger,2018-02-13,31.53,19.5,8.81,14.68,34.27
kruger,2018-02-14,30.8,23.98,8.71,11.34,42.82
kruger,2018-02-15,34.26,20.03,0.0,15.28,48.75
kruger,2018-02-16,33.76,20.27,5.33,6.89,41.33
kruger,2018-02-17,35.15,20.69,4.1,12.63,59.17
kruger,2018-02-18,33.87,20.79,10.54,14.26,58.82
kruger,2018-02-19,29.11,22.93,4.19,14.49,56.27
kruger,2018-02-20,27.83,18.14,5.1,11.77,49.18
kruger,2018-02-21,36.32,20.64,4.92,7.57,75.26
kruger,2018-02-22,32.07,23.96,10.04,15.72,58.11
kruger,2018-02-23,33.3,26.33,10.71,11.49,52.42
kruger,2018-02-24,32.27,17.55,8.77,11.73,55.48
kruger,2018-02-25,31.15,21.71,11.18,19.29,65.45
kruger,2018-02-26,31.0,20.35,11.66,12.9,57.29
kruger,2018-02-27,36.82,20.51,0.0,11.03,40.91
kruger,2018-02-28,32.98,18.72,9.0,10.83,80.1
kruger,2018-03-01,35.54,22.52,5.11,14.48,60.37
kruger,2018-03-02,35.87,22.33,1.52,10.06,35.94
kruger,2018-03-03,34.45,26.81,5.22,14.03,25.76
kruger,2018-03-04,35.84,17.13,9.38,15.78,63.1
kruger,2018-03-05,33.4,15.99,12.23,12.19,71.92
kruger,2018-03-06,37.38,25.42,0.98,15.39,59.07
kruger,2018-03-07,35.69,20.09,8.78,12.2,61.24
kruger,2018-03-08,36.01,19.0,14.12,10.32,61.37
kruger,2018-03-09,30.25,20.54,13.53,7.36,51.62
kruger,2018-03-10,33.78,16.5,0.0,13.16,26.07
kruger,2018-03-11,27.41,20.85,14.82,13.19,40.55
kruger,2018-03-12,37.04,19.63,9.9,15.22,62.69
kruger,2018-03-13,30.88,22.44,0.0,14.91,59.3
kruger,2018-03-14,31.22,21.81,2.88,18.43,47.3
kruger,2018-03-15,28.49,21.94,10.92,10.45,41.74
kruger,2018-03-16,32.4,19.98,7.28,13.24,52.29
kruger,2018-03-17,31.62,23.43,3.49,10.08,44.26
kruger,2018-03-18,37.8,20.78,5.99,14.9,47.93
kruger,2018-03-19,34.83,17.92,7.85,9.3,50.82
kruger,2018-03-20,30.62,17.14,3.29,14.8,36.88
kruger,2018-03-21,27.08,17.33,5.04,9.82,60.25
kruger,2018-03-22,25.13,20.46,9.08,14.29,45.48
kruger,2018-03-23,28.82,15.57,2.63,15.58,54.96
kruger,2018-03-24,27.81,19.19,0.0,7.27,48.3
kruger,2018-03-25,32.76,16.63,2.76,7.86,70.18
kruger,2018-03-26,31.19,15.49,1.69,12.58,54.88
kruger,2018-03-27,31.58,15.8,2.76,12.23,52.54
kruger,2018-03-28,28.59,18.37,0.0,10.93,51.68
kruger,2018-03-29,31.79,20.25,6.0,10.35,77.05
kruger,2018-03-30,26.98,16.55,8.47,9.18,44.81
kruger,2018-03-31,30.88,12.96,1.68,12.71,47.61
kruger,2018-04-01,33.54,25.94,2.26,8.79,46.4
kruger,2018-04-02,29.86,20.75,4.05,12.75,15.02
kruger,2018-04-03,32.19,20.18,1.09,9.89,45.58
kruger,2018-04-04,24.83,21.83,8.61,10.32,59.1
kruger,2018-04-05,24.49,17.89,1.05,15.2,51.24
kruger,2018-04-06,31.54,17.22,2.43,14.38,65.86
kruger,2018-04-07,33.6,20.85,1.42,8.5,54.64
kruger,2018-04-08,29.64,20.73,8.43,8.83,50.05
kruger,2018-04-09,36.69,18.79,3.41,13.75,55.52
kruger,2018-04-10,25.82,19.36,12.24,7.08,47.32
kruger,2018-04-11,28.01,13.96,5.62,15.71,37.3
kruger,2018-04-12,30.37,16.31,8.77,11.72,39.24
kruger,2018-04-13,31.24,21.11,2.77,9.55,5.09
kruger,2018-04-14,28.0,18.76,0.23,11.28,64.42
kruger,2018-04-15,26.47,12.99,3.8,15.3,37.17
kruger,2018-04-16,31.4,15.21,1.14,4.79,24.15
kruger,2018-04-17,29.84,20.29,0.0,14.23,33.97
kruger,2018-04-18,28.3,17.47,7.78,14.7,65.48
kruger,2018-04-19,30.73,16.69,3.79,10.11,39.85
kruger,2018-04-20,28.72,16.66,0.78,10.83,42.28
kruger,2018-04-21,28.61,15.82,5.02,11.42,69.38
kruger,2018-04-22,28.39,14.61,3.64,13.17,50.27
kruger,2018-04-23,26.36,13.74,9.02,8.75,33.07
kruger,2018-04-24,25.95,18.24,5.04,10.86,11.56
kruger,2018-04-25,27.04,16.21,2.61,10.57,46.3
kruger,2018-04-26,28.61,17.28,5.95,12.87,26.19
kruger,2018-04-27,22.79,16.77,2.96,18.83,45.92
kruger,2018-04-28,31.14,18.83,3.77,8.57,34.96
kruger,2018-04-29,28.26,16.34,7.87,10.97,41.47
kruger,2018-04-30,24.9,17.16,0.0,8.42,48.44
kruger,2018-05-01,32.85,15.42,0.0,9.2,8.72
kruger,2018-05-02,28.02,12.53,1.09,7.4,36.25
kruger,2018-05-03,23.79,14.23,1.6,6.01,33.71
kruger,2018-05-04,32.41,16.17,7.26,14.11,37.96
kruger,2018-05-05,31.66,16.29,0.0,11.6,40.88
kruger,2018-05-06,24.77,18.12,2.38,10.78,35.26
kruger,2018-05-07,26.42,13.24,0.23,7.84,22.93
kruger,2018-05-08,25.92,14.86,9.16,10.21,15.37
kruger,2018-05-09,21.53,13.87,5.83,6.93,8.17
kruger,2018-05-10,28.07,18.16,3.19,10.28,33.45
kruger,2018-05-11,29.53,14.94,6.04,11.33,39.23
kruger,2018-05-12,28.87,14.89,0.0,8.67,25.88
kruger,2018-05-13,26.9,13.72,10.15,8.0,43.15
kruger,2018-05-14,29.54,13.15,0.0,8.76,28.65
kruger,2018-05-15,23.21,9.99,6.94,12.65,28.76
kruger,2018-05-16,31.98,10.37,4.05,10.78,8.16
kruger,2018-05-17,24.11,13.87,2.84,5.32,22.77
kruger,2018-05-18,24.35,13.47,6.58,12.28,42.92
kruger,2018-05-19,24.52,13.7,5.65,11.71,49.77
kruger,2018-05-20,24.21,15.5,2.03,10.61,25.65
kruger,2018-05-21,25.48,13.29,0.0,14.96,41.21
kruger,2018-05-22,25.28,12.1,1.97,10.06,49.12
kruger,2018-05-23,26.27,12.36,1.01,11.25,13.54
kruger,2018-05-24,23.34,13.4,2.78,11.34,32.07
kruger,2018-05-25,26.21,11.76,5.39,12.53,29.88
kruger,2018-05-26,22.35,15.28,3.12,9.21,42.86
kruger,2018-05-27,27.73,12.51,1.93,7.91,13.93
kruger,2018-05-28,27.61,13.08,0.0,12.74,30.91
kruger,2018-05-29,25.35,10.33,2.38,12.55,22.02
kruger,2018-05-30,23.34,14.95,0.0,13.59,32.0
kruger,2018-05-31,26.14,15.8,0.0,10.98,43.68
kruger,2018-06-01,22.46,8.72,3.34,4.76,47.25
kruger,2018-06-02,25.15,13.05,4.41,10.18,43.28
kruger,2018-06-03,24.52,11.7,0.73,9.76,9.72
kruger,2018-06-04,32.79,12.61,1.57,13.32,17.23
kruger,2018-06-05,21.14,12.95,2.2,12.78,39.17
kruger,2018-06-06,16.75,6.16,3.39,11.42,32.9
kruger,2018-06-07,22.76,13.57,0.0,3.34,19.65
kruger,2018-06-08,19.46,14.39,0.0,7.06,9.6
kruger,2018-06-09,22.36,14.6,2.07,8.42,0.0
kruger,2018-06-10,20.57,9.11,8.31,8.46,0.0
kruger,2018-06-11,21.69,11.32,0.0,9.97,18.08
kruger,2018-06-12,21.14,9.99,0.0,13.89,18.09
kruger,2018-06-13,27.16,6.48,0.0,11.76,28.4
kruger,2018-06-14,24.06,9.66,9.96,6.65,31.05
kruger,2018-06-15,27.37,8.44,0.0,6.9,55.71
kruger,2018-06-16,24.21,11.92,0.0,6.6,10.07
kruger,2018-06-17,26.81,6.95,0.0,8.99,0.0
kruger,2018-06-18,23.06,8.52,0.0,11.74,7.3
kruger,2018-06-19,28.7,9.62,0.0,12.2,46.2
kruger,2018-06-20,25.27,12.79,2.35,8.16,21.06
kruger,2018-06-21,21.47,17.75,2.87,9.18,35.88
kruger,2018-06-22,25.61,11.51,0.0,14.27,12.08
kruger,2018-06-23,23.79,8.13,5.61,4.78,12.84
kruger,2018-06-24,23.05,8.96,0.0,11.13,0.0
kruger,2018-06-25,23.9,12.26,0.0,10.79,15.08
kruger,2018-06-26,25.82,7.2,0.0,8.3,20.06
kruger,2018-06-27,17.17,13.27,0.0,9.12,32.77
kruger,2018-06-28,22.43,11.17,0.0,10.42,28.03
kruger,2018-06-29,25.49,10.13,0.0,8.26,49.29
kruger,2018-06-30,24.15,6.19,1.71,7.22,17.05
kruger,2018-07-01,19.99,12.67,5.57,6.98,22.87
kruger,2018-07-02,16.23,8.43,2.93,14.7,18.88
kruger,2018-07-03,28.4,10.69,0.0,7.78,8.58
kruger,2018-07-04,22.71,9.88,0.0,9.69,25.05
kruger,2018-07-05,27.78,6.28,4.07,11.44,14.67
kruger,2018-07-06,25.6,9.64,7.18,8.44,43.66
kruger,2018-07-07,20.81,7.16,2.18,9.17,6.78
kruger,2018-07-08,15.66,8.53,0.0,10.56,13.44
kruger,2018-07-09,21.75,11.22,0.63,6.5,0.0
kruger,2018-07-10,23.01,11.87,1.9,4.43,23.47
kruger,2018-07-11,24.45,10.05,0.0,6.84,0.0
kruger,2018-07-12,19.75,7.87,3.02,14.21,18.15
kruger,2018-07-13,23.6,8.45,0.6,7.3,0.68
kruger,2018-07-14,23.58,8.39,4.19,9.41,3.41
kruger,2018-07-15,26.0,4.69,0.0,5.04,6.65
kruger,2018-07-16,22.11,10.21,0.0,13.04,29.03
kruger,2018-07-17,24.35,5.85,0.0,8.1,16.64
kruger,2018-07-18,23.88,10.2,0.0,7.64,16.19
kruger,2018-07-19,25.63,6.36,0.0,8.6,26.46
kruger,2018-07-20,20.54,6.99,0.0,16.54,8.11
kruger,2018-07-21,13.79,11.67,4.63,10.32,0.0
kruger,2018-07-22,22.29,10.06,1.63,8.53,1.52
kruger,2018-07-23,22.31,5.29,0.05,0.35,13.72
kruger,2018-07-24,19.53,8.61,0.0,13.06,17.28
kruger,2018-07-25,18.49,10.67,4.51,6.92,26.42
kruger,2018-07-26,21.29,8.47,0.0,6.45,15.88
kruger,2018-07-27,22.68,9.17,0.0,6.72,33.34
kruger,2018-07-28,23.32,10.65,1.15,13.41,23.55
kruger,2018-07-29,16.19,10.16,0.22,8.89,0.0
kruger,2018-07-30,17.8,7.58,5.51,4.46,0.0
kruger,2018-07-31,26.47,10.14,1.85,8.41,3.16
kruger,2018-08-01,22.53,9.38,0.92,6.54,20.39
kruger,2018-08-02,23.11,14.43,0.0,10.12,23.96
kruger,2018-08-03,19.14,9.88,1.32,7.89,16.88
kruger,2018-08-04,23.15,10.5,0.0,4.35,20.34
kruger,2018-08-05,22.06,10.84,0.38,8.81,38.43
kruger,2018-08-06,21.36,9.41,0.0,8.9,18.92
kruger,2018-08-07,18.85,8.44,0.0,5.32,24.05
kruger,2018-08-08,20.66,11.42,0.0,3.21,42.85
kruger,2018-08-09,29.22,11.47,0.0,9.95,0.0
kruger,2018-08-10,22.29,15.54,0.0,8.27,44.76
kruger,2018-08-11,25.74,12.23,7.06,8.48,0.0
kruger,2018-08-12,22.82,12.3,3.74,11.37,6.96
kruger,2018-08-13,22.51,12.24,0.0,3.33,11.09
kruger,2018-08-14,21.58,8.76,0.0,9.34,0.0
kruger,2018-08-15,27.56,7.38,2.31,11.16,17.28
kruger,2018-08-16,24.69,8.06,7.65,8.64,19.13
kruger,2018-08-17,21.24,12.33,3.1,4.96,31.15
kruger,2018-08-18,22.48,14.21,0.0,7.24,30.82
kruger,2018-08-19,26.94,12.54,3.42,7.88,22.96
kruger,2018-08-20,15.24,10.34,4.17,4.52,37.3
kruger,2018-08-21,24.74,15.0,8.84,10.38,30.37
kruger,2018-08-22,25.47,9.75,0.0,9.3,16.0
kruger,2018-08-23,21.67,8.04,0.66,7.38,22.84
kruger,2018-08-24,24.43,11.6,1.95,12.28,11.7
kruger,2018-08-25,25.53,14.26,0.0,7.78,3.04
kruger,2018-08-26,20.39,8.98,0.0,13.8,28.04
kruger,2018-08-27,26.67,6.88,1.86,8.58,0.0
kruger,2018-08-28,25.1,11.3,0.0,6.54,19.21
kruger,2018-08-29,23.81,13.2,0.0,6.65,0.0
kruger,2018-08-30,24.65,3.92,3.65,9.72,23.51
kruger,2018-08-31,26.52,13.84,2.42,6.26,11.76
kruger,2018-09-01,31.42,8.05,5.48,9.92,31.41
kruger,2018-09-02,26.37,13.35,2.38,8.31,19.78
kruger,2018-09-03,27.04,6.61,0.61,8.26,21.44
kruger,2018-09-04,25.26,7.99,5.77,9.43,24.37
kruger,2018-09-05,30.45,13.3,0.0,12.6,14.66
kruger,2018-09-06,20.42,14.86,0.0,7.98,15.57
kruger,2018-09-07,19.68,11.87,0.51,10.18,15.83
kruger,2018-09-08,25.43,17.96,2.62,10.99,22.7
kruger,2018-09-09,27.03,9.49,0.6,6.05,16.48
kruger,2018-09-10,17.4,9.54,0.0,11.28,31.85
kruger,2018-09-11,25.2,11.45,0.0,12.18,0.0
kruger,2018-09-12,24.75,11.41,0.9,12.66,3.14
kruger,2018-09-13,27.6,13.08,1.54,6.46,54.23
kruger,2018-09-14,26.74,10.6,0.0,6.7,19.66
kruger,2018-09-15,20.11,13.96,3.21,9.68,11.23
kruger,2018-09-16,22.38,13.98,0.0,9.54,26.35
kruger,2018-09-17,23.29,16.74,2.97,9.96,38.53
kruger,2018-09-18,28.01,11.57,8.53,8.86,36.93
kruger,2018-09-19,27.01,13.72,0.0,10.52,16.38
kruger,2018-09-20,24.11,14.48,1.71,2.33,20.21
kruger,2018-09-21,26.49,13.04,0.55,11.99,23.19
kruger,2018-09-22,22.98,12.62,0.68,14.47,33.17
kruger,2018-09-23,32.39,8.08,0.0,8.42,29.49
kruger,2018-09-24,28.06,13.54,9.69,10.72,15.36
kruger,2018-09-25,28.79,14.92,3.33,15.18,21.78
kruger,2018-09-26,30.65,13.38,0.0,10.27,25.75
kruger,2018-09-27,29.66,11.66,0.0,11.12,52.28
kruger,2018-09-28,26.8,9.51,2.22,15.76,27.71
kruger,2018-09-29,26.25,14.94,0.0,16.38,80.32
kruger,2018-09-30,30.77,13.98,6.31,7.12,26.97
kruger,2018-10-01,27.08,17.47,0.11,9.1,6.08
kruger,2018-10-02,24.85,10.47,3.79,13.05,36.92
kruger,2018-10-03,33.09,13.02,4.04,11.89,47.69
kruger,2018-10-04,24.49,10.99,6.22,12.55,39.44
kruger,2018-10-05,22.19,16.96,4.4,2.6,35.59
kruger,2018-10-06,30.47,17.59,5.47,4.64,27.28
kruger,2018-10-07,25.4,19.4,6.64,15.88,29.03
kruger,2018-10-08,29.0,16.0,1.31,12.89,0.0
kruger,2018-10-09,33.25,16.77,11.3,11.66,46.87
kruger,2018-10-10,23.77,15.99,4.18,6.91,28.63
kruger,2018-10-11,27.87,16.43,2.72,9.42,51.85
kruger,2018-10-12,32.55,15.22,0.0,12.41,27.01
kruger,2018-10-13,30.25,16.75,2.14,6.58,34.54
kruger,2018-10-14,27.76,20.65,4.64,8.65,54.42
kruger,2018-10-15,35.58,15.95,3.49,11.93,56.06
kruger,2018-10-16,28.22,15.57,10.48,12.61,48.98
kruger,2018-10-17,29.8,16.11,1.68,9.3,8.64
kruger,2018-10-18,33.66,15.34,6.03,13.85,17.9
kruger,2018-10-19,31.76,16.44,0.0,13.79,47.91
kruger,2018-10-20,32.89,15.47,12.18,5.6,27.27
kruger,2018-10-21,26.33,18.89,0.0,15.92,39.19
kruger,2018-10-22,32.81,18.74,11.88,14.54,41.54
kruger,2018-10-23,29.74,21.65,3.11,11.7,42.62
kruger,2018-10-24,27.1,16.28,0.0,10.7,23.28
kruger,2018-10-25,30.1,17.16,9.2,13.51,54.8
kruger,2018-10-26,30.11,17.16,4.19,12.78,31.94
kruger,2018-10-27,35.25,17.14,2.12,10.4,49.0
kruger,2018-10-28,30.89,19.57,6.56,16.07,37.38
kruger,2018-10-29,27.51,12.79,6.72,4.97,69.64
kruger,2018-10-30,26.92,18.1,5.79,9.32,62.9
kruger,2018-10-31,29.91,22.04,8.74,12.69,73.48
kruger,2018-11-01,26.12,20.56,5.28,11.23,66.64
kruger,2018-11-02,28.11,20.38,6.94,13.52,40.17
kruger,2018-11-03,29.62,19.46,2.32,7.27,34.51
kruger,2018-11-04,29.19,15.97,7.53,10.72,25.83
kruger,2018-11-05,32.74,15.68,2.47,14.97,47.18
kruger,2018-11-06,28.44,15.8,0.11,7.07,43.89
kruger,2018-11-07,23.35,14.91,3.85,10.86,43.21
kruger,2018-11-08,25.8,20.22,3.63,10.03,31.74
kruger,2018-11-09,30.9,21.62,8.51,12.74,49.92
kruger,2018-11-10,29.29,19.14,0.0,12.86,39.1
kruger,2018-11-11,27.44,20.16,9.31,12.01,37.92
kruger,2018-11-12,37.12,18.98,2.5,10.88,47.93
kruger,2018-11-13,33.82,19.76,0.0,11.97,44.62
kruger,2018-11-14,31.26,13.14,0.29,11.32,24.72
kruger,2018-11-15,32.23,19.31,3.95,11.74,34.61
kruger,2018-11-16,30.82,17.56,7.02,16.24,54.72
kruger,2018-11-17,27.95,18.61,4.78,8.3,46.33
kruger,2018-11-18,34.9,19.37,0.53,12.96,18.21
kruger,2018-11-19,34.45,17.11,2.32,9.14,58.13
kruger,2018-11-20,26.05,16.3,0.72,17.86,47.21
kruger,2018-11-21,32.75,17.21,6.58,12.29,32.32
kruger,2018-11-22,33.17,15.54,5.25,8.25,38.51
kruger,2018-11-23,31.28,16.36,8.12,11.39,51.31
kruger,2018-11-24,38.63,16.79,0.0,7.74,15.99
kruger,2018-11-25,38.39,15.83,3.65,10.24,55.71
kruger,2018-11-26,31.37,20.83,13.95,14.02,64.49
kruger,2018-11-27,31.92,17.34,8.46,16.28,63.32
kruger,2018-11-28,31.65,15.01,4.76,15.47,67.55
kruger,2018-11-29,30.92,18.75,2.05,11.94,38.81
kruger,2018-11-30,30.07,17.05,10.49,13.99,66.28
kruger,2018-12-01,34.43,23.56,12.24,14.73,55.12
kruger,2018-12-02,38.87,20.32,1.56,19.08,38.77
kruger,2018-12-03,37.72,16.39,1.99,10.54,58.55
kruger,2018-12-04,35.51,21.56,7.38,16.91,58.35
kruger,2018-12-05,25.99,20.43,7.8,9.13,75.16
kruger,2018-12-06,27.69,19.69,8.29,15.97,70.25
kruger,2018-12-07,36.55,24.3,13.78,10.59,42.17
kruger,2018-12-08,38.29,17.99,2.57,10.43,57.88
kruger,2018-12-09,35.16,23.09,6.66,11.65,57.95
kruger,2018-12-10,32.65,19.54,9.43,10.19,56.99
kruger,2018-12-11,37.69,20.59,9.43,13.82,48.87
kruger,2018-12-12,35.96,18.82,4.04,16.25,79.98
kruger,2018-12-13,37.17,19.05,4.24,6.25,44.52
kruger,2018-12-14,28.25,19.73,4.88,12.08,79.07
kruger,2018-12-15,34.91,16.13,13.57,9.37,32.91
kruger,2018-12-16,39.27,21.81,2.88,15.36,48.76
kruger,2018-12-17,35.58,21.29,5.54,16.93,66.14
kruger,2018-12-18,36.9,17.31,9.97,12.16,39.07
kruger,2018-12-19,34.22,22.76,2.55,10.59,44.02
kruger,2018-12-20,34.48,24.81,7.98,7.88,63.24
kruger,2018-12-21,38.43,19.56,0.0,18.59,29.47
kruger,2018-12-22,32.26,19.31,7.78,16.71,72.13
kruger,2018-12-23,32.01,24.1,7.25,6.84,77.9
kruger,2018-12-24,32.93,22.37,7.73,14.75,78.7
kruger,2018-12-25,34.48,21.07,3.63,9.47,60.91
kruger,2018-12-26,29.62,23.49,8.05,11.29,49.76
kruger,2018-12-27,36.69,22.18,7.01,9.09,50.88
kruger,2018-12-28,34.04,25.11,12.39,6.84,60.76
kruger,2018-12-29,37.14,21.53,9.77,12.72,58.53
kruger,2018-12-30,28.25,22.68,1.45,18.56,51.0
kruger,2018-12-31,37.22,24.39,3.93,10.1,80.59
kruger,2019-01-01,38.69,15.56,4.82,15.57,53.25
kruger,2019-01-02,36.03,24.55,8.03,16.05,78.61
kruger,2019-01-03,34.83,20.48,6.65,15.08,58.65
kruger,2019-01-04,37.37,23.02,6.66,18.91,57.81
kruger,2019-01-05,38.62,25.96,18.64,15.8,65.11
kruger,2019-01-06,36.4,21.06,5.33,18.36,65.0
kruger,2019-01-07,36.64,20.71,12.96,9.51,55.33
kruger,2019-01-08,39.84,21.74,6.83,15.19,66.05
kruger,2019-01-09,37.18,18.26,0.0,17.5,67.96
kruger,2019-01-10,32.51,27.41,8.21,10.65,82.5
kruger,2019-01-11,38.73,21.82,11.93,2.52,58.83
kruger,2019-01-12,34.57,26.06,10.0,9.18,46.1
kruger,2019-01-13,35.06,21.12,8.5,10.81,47.69
kruger,2019-01-14,35.29,22.05,7.57,14.67,93.41
kruger,2019-01-15,37.88,24.34,5.51,11.29,29.73
kruger,2019-01-16,40.23,19.23,11.08,13.0,40.1
kruger,2019-01-17,35.07,21.74,5.76,11.18,58.36
kruger,2019-01-18,40.19,24.26,4.94,12.61,48.76
kruger,2019-01-19,35.49,21.47,9.14,12.8,70.28
kruger,2019-01-20,39.21,20.79,6.3,11.1,68.97
kruger,2019-01-21,35.59,24.79,12.62,15.46,49.98
kruger,2019-01-22,33.52,25.5,9.37,17.14,80.54
kruger,2019-01-23,40.76,25.89,4.38,9.55,41.42
kruger,2019-01-24,33.22,20.3,2.91,13.65,46.89
kruger,2019-01-25,33.01,20.53,5.19,8.7,81.51
kruger,2019-01-26,31.2,20.79,16.83,7.73,38.31
kruger,2019-01-27,38.76,23.75,6.52,16.1,63.06
kruger,2019-01-28,39.45,18.95,10.5,19.0,81.33
kruger,2019-01-29,36.05,19.08,2.23,11.99,18.77
kruger,2019-01-30,31.96,20.13,3.11,18.47,52.64
kruger,2019-01-31,34.87,19.55,6.67,11.02,71.86
kruger,2019-02-01,33.96,24.08,14.22,12.25,53.52
kruger,2019-02-02,31.76,23.89,2.24,17.95,58.39
kruger,2019-02-03,33.36,20.62,4.87,10.2,60.24
kruger,2019-02-04,36.32,21.32,10.97,15.68,62.03
kruger,2019-02-05,32.96,15.42,13.72,11.88,45.16
kruger,2019-02-06,35.62,20.6,9.08,10.75,68.64
kruger,2019-02-07,29.39,24.82,10.01,11.38,60.87
kruger,2019-02-08,39.72,20.4,3.7,6.39,39.75
kruger,2019-02-09,33.47,18.92,1.97,16.67,49.84
kruger,2019-02-10,37.22,25.05,2.66,13.55,35.51
kruger,2019-02-11,35.14,18.79,3.72,12.41,59.79
kruger,2019-02-12,35.74,25.4,8.09,10.77,63.81
kruger,2019-02-13,31.1,28.71,2.28,13.77,59.5
kruger,2019-02-14,32.17,21.18,8.14,15.47,64.42
kruger,2019-02-15,32.2,24.52,5.85,11.98,58.03
kruger,2019-02-16,34.44,17.19,4.83,15.68,67.31
kruger,2019-02-17,38.29,17.03,10.58,13.6,53.8
kruger,2019-02-18,35.57,19.28,3.18,12.48,66.09
kruger,2019-02-19,31.52,23.27,12.72,15.48,36.1
kruger,2019-02-20,34.43,21.17,10.27,11.2,34.26
kruger,2019-02-21,33.87,20.65,2.95,8.95,56.34
kruger,2019-02-22,33.01,17.83,11.68,12.53,65.13
kruger,2019-02-23,33.96,20.68,2.4,12.77,50.52
kruger,2019-02-24,36.23,19.33,11.97,11.98,64.05
kruger,2019-02-25,31.72,18.58,8.09,16.2,58.93
kruger,2019-02-26,32.79,18.31,0.4,14.11,23.35
kruger,2019-02-27,36.71,21.24,1.49,12.24,88.72
kruger,2019-02-28,35.1,18.9,5.01,12.55,34.78
kruger,2019-03-01,37.47,20.62,10.06,12.79,39.27
kruger,2019-03-02,37.87,16.14,5.86,14.1,70.47
kruger,2019-03-03,29.42,21.76,5.72,12.66,53.29
kruger,2019-03-04,34.29,21.03,6.61,12.01,41.25
kruger,2019-03-05,31.84,19.78,0.0,8.45,45.49
kruger,2019-03-06,29.69,20.69,9.66,10.3,39.09
kruger,2019-03-07,30.85,22.55,11.67,13.24,40.05
kruger,2019-03-08,32.24,16.52,9.42,12.94,63.64
kruger,2019-03-09,32.18,20.23,4.52,7.9,44.08
kruger,2019-03-10,31.17,16.73,2.62,10.64,35.27
kruger,2019-03-11,32.87,20.13,1.78,9.51,39.64
kruger,2019-03-12,40.17,19.19,1.52,16.37,48.44
kruger,2019-03-13,27.58,19.69,15.06,13.0,39.27
kruger,2019-03-14,36.08,21.79,5.63,13.51,45.62
kruger,2019-03-15,32.53,21.64,9.51,12.0,55.19
kruger,2019-03-16,31.19,22.22,9.24,10.29,42.47
kruger,2019-03-17,26.37,18.43,6.35,10.8,36.51
kruger,2019-03-18,34.62,21.09,2.0,13.59,38.67
kruger,2019-03-19,27.93,20.52,7.74,11.3,69.71
kruger,2019-03-20,34.65,18.23,1.28,13.56,81.17
kruger,2019-03-21,37.3,19.37,7.96,12.45,48.94
kruger,2019-03-22,28.14,18.65,1.34,12.88,58.82
kruger,2019-03-23,35.4,22.38,3.69,13.0,33.55
kruger,2019-03-24,31.88,20.83,3.62,10.36,38.49
kruger,2019-03-25,25.43,17.87,10.9,10.97,53.79
kruger,2019-03-26,28.01,17.61,0.0,14.6,11.28
kruger,2019-03-27,32.06,20.92,14.51,17.32,58.01
kruger,2019-03-28,32.64,21.78,1.9,14.56,37.64
kruger,2019-03-29,26.6,19.13,4.57,3.41,29.62
kruger,2019-03-30,31.34,19.89,6.65,9.47,51.3
kruger,2019-03-31,33.62,21.4,6.24,12.06,66.79
kruger,2019-04-01,34.05,17.61,8.24,8.39,40.14
kruger,2019-04-02,29.71,18.16,7.24,8.22,48.89
kruger,2019-04-03,32.17,19.07,12.88,10.36,50.99
kruger,2019-04-04,33.97,16.68,7.6,12.62,47.45
kruger,2019-04-05,33.21,21.9,4.13,13.4,28.57
kruger,2019-04-06,33.23,16.46,2.33,10.42,46.54
kruger,2019-04-07,30.8,17.61,2.16,10.15,45.62
kruger,2019-04-08,30.07,22.15,9.58,8.92,1.58
kruger,2019-04-09,31.07,12.6,11.36,12.94,55.05
kruger,2019-04-10,27.86,17.69,8.29,12.7,19.29
kruger,2019-04-11,33.39,15.4,0.0,14.07,43.43
kruger,2019-04-12,25.36,16.95,0.0,11.71,63.94
kruger,2019-04-13,28.34,13.83,4.04,7.35,37.17
kruger,2019-04-14,29.64,15.82,3.33,10.2,24.8
kruger,2019-04-15,31.05,16.71,4.01,13.79,48.53
kruger,2019-04-16,31.51,17.14,8.87,5.97,60.83
kruger,2019-04-17,33.91,18.68,8.6,10.89,22.83
kruger,2019-04-18,29.57,10.53,4.42,11.97,3.72
kruger,2019-04-19,27.08,15.92,0.0,17.09,56.51
kruger,2019-04-20,28.69,15.69,0.0,9.24,51.24
kruger,2019-04-21,28.07,15.87,3.79,10.64,43.86
kruger,2019-04-22,30.48,16.0,5.12,16.04,10.74
kruger,2019-04-23,25.62,13.74,0.0,9.17,46.36
kruger,2019-04-24,28.19,11.85,5.95,14.13,52.56
kruger,2019-04-25,33.48,16.16,0.0,12.05,69.06
kruger,2019-04-26,29.05,13.02,0.0,10.17,32.14
kruger,2019-04-27,25.25,16.41,0.0,12.16,38.41
kruger,2019-04-28,27.29,12.96,8.53,10.33,3.39
kruger,2019-04-29,21.5,16.93,9.06,17.51,49.87
kruger,2019-04-30,27.92,14.96,0.0,4.5,49.16
kruger,2019-05-01,32.94,15.04,0.0,9.82,40.72
kruger,2019-05-02,24.34,14.28,5.81,9.87,52.13
kruger,2019-05-03,23.43,13.78,0.93,10.2,22.26
kruger,2019-05-04,25.73,14.11,8.09,13.81,30.37
kruger,2019-05-05,30.36,17.55,5.54,9.19,30.62
kruger,2019-05-06,32.61,10.66,6.16,11.97,49.46
kruger,2019-05-07,28.74,12.77,0.0,11.16,49.47
kruger,2019-05-08,23.44,16.94,4.14,12.95,37.08
kruger,2019-05-09,27.13,16.24,10.36,9.99,35.96
kruger,2019-05-10,32.47,17.46,2.8,11.33,39.92
kruger,2019-05-11,26.07,13.85,1.99,9.96,26.28
kruger,2019-05-12,27.32,10.61,0.36,7.34,51.43
kruger,2019-05-13,27.53,11.04,0.0,15.07,23.91
kruger,2019-05-14,22.07,12.96,0.0,7.95,36.81
kruger,2019-05-15,29.61,15.52,0.0,8.77,21.1
kruger,2019-05-16,29.08,12.88,0.0,7.6,43.94
kruger,2019-05-17,20.45,12.6,0.0,11.35,27.93
kruger,2019-05-18,22.34,14.33,0.0,8.68,60.11
kruger,2019-05-19,23.33,13.31,0.0,14.63,26.91
kruger,2019-05-20,28.4,12.05,4.3,11.65,42.56
kruger,2019-05-21,23.81,10.56,0.27,9.19,18.74
kruger,2019-05-22,27.17,15.34,0.23,7.26,23.29
kruger,2019-05-23,25.34,15.5,4.49,9.63,26.97
kruger,2019-05-24,26.01,10.15,8.12,11.49,32.58
kruger,2019-05-25,27.19,11.7,10.4,9.76,15.83
kruger,2019-05-26,26.44,14.29,1.83,9.45,18.18
kruger,2019-05-27,25.48,9.69,0.06,6.78,27.79
kruger,2019-05-28,26.43,13.37,0.0,16.55,32.16
kruger,2019-05-29,26.02,11.55,3.44,9.19,25.35
kruger,2019-05-30,24.66,9.25,0.4,5.64,22.94
kruger,2019-05-31,23.91,16.65,0.36,6.51,5.45
kruger,2019-06-01,30.77,11.27,0.57,8.68,32.6
kruger,2019-06-02,23.72,13.36,0.0,15.52,37.47
kruger,2019-06-03,29.07,9.17,0.0,9.15,38.99
kruger,2019-06-04,22.84,15.78,0.0,8.51,26.57
kruger,2019-06-05,27.25,16.69,6.54,12.14,15.02
kruger,2019-06-06,30.1,7.99,6.31,12.34,19.0
kruger,2019-06-07,23.66,11.26,4.38,11.54,25.9
kruger,2019-06-08,22.6,14.92,0.0,10.13,23.07
kruger,2019-06-09,23.25,10.36,0.0,6.2,10.44
kruger,2019-06-10,24.41,12.49,6.98,7.24,0.0
kruger,2019-06-11,25.37,7.2,0.0,4.69,14.33
kruger,2019-06-12,24.21,9.36,0.55,8.77,18.29
kruger,2019-06-13,23.01,12.03,7.1,8.15,26.87
kruger,2019-06-14,30.07,9.73,0.8,7.82,15.88
kruger,2019-06-15,23.54,10.24,0.0,10.22,18.05
kruger,2019-06-16,22.23,7.3,4.86,7.39,23.29
kruger,2019-06-17,26.52,12.66,0.47,8.32,44.92
kruger,2019-06-18,26.51,7.62,0.93,7.86,18.74
kruger,2019-06-19,28.15,14.77,6.17,9.21,0.0
kruger,2019-06-20,29.64,9.15,0.0,10.38,10.6
kruger,2019-06-21,24.85,12.81,1.47,5.24,47.81
kruger,2019-06-22,22.89,12.51,0.0,10.61,42.04
kruger,2019-06-23,18.0,8.25,0.0,10.03,34.45
kruger,2019-06-24,20.85,9.22,0.39,10.48,30.72
kruger,2019-06-25,24.24,9.47,0.0,9.6,30.74
kruger,2019-06-26,20.03,9.59,0.79,10.27,16.31
kruger,2019-06-27,18.77,7.28,1.39,7.93,32.76
kruger,2019-06-28,23.68,11.82,0.64,10.49,33.21
kruger,2019-06-29,25.77,8.72,0.24,12.58,32.15
kruger,2019-06-30,22.67,10.12,0.0,7.65,10.37
kruger,2019-07-01,26.06,12.89,0.0,7.75,14.36
kruger,2019-07-02,25.18,11.76,0.04,11.0,9.49
kruger,2019-07-03,26.75,8.75,0.0,7.44,33.96
kruger,2019-07-04,29.79,12.87,4.76,6.93,23.45
kruger,2019-07-05,31.08,11.9,0.0,10.35,24.68
kruger,2019-07-06,25.41,8.45,0.0,7.78,27.34
kruger,2019-07-07,21.81,8.9,1.21,12.73,0.0
kruger,2019-07-08,23.35,12.66,0.0,7.66,31.77
kruger,2019-07-09,27.86,12.09,4.56,6.59,10.35
kruger,2019-07-10,20.44,6.36,3.16,9.02,11.64
kruger,2019-07-11,27.44,7.58,0.0,10.34,5.79
kruger,2019-07-12,22.57,11.82,3.31,9.99,19.47
kruger,2019-07-13,23.75,7.13,0.48,10.64,17.21
kruger,2019-07-14,20.63,12.06,0.0,7.36,0.0
kruger,2019-07-15,19.07,14.88,3.08,12.42,0.0
kruger,2019-07-16,22.19,10.96,0.0,4.04,15.05
kruger,2019-07-17,26.93,7.71,0.0,6.66,30.27
kruger,2019-07-18,20.91,10.45,2.3,9.12,28.8
kruger,2019-07-19,27.84,12.59,1.28,6.91,33.03
kruger,2019-07-20,21.28,10.25,1.01,8.07,15.04
kruger,2019-07-21,19.8,11.21,5.06,6.06,12.7
kruger,2019-07-22,23.76,8.0,0.0,8.38,16.33
kruger,2019-07-23,25.04,8.19,0.0,10.39,30.07
kruger,2019-07-24,23.57,12.27,2.69,7.4,42.21
kruger,2019-07-25,23.46,8.23,0.0,6.37,11.13
kruger,2019-07-26,27.83,3.55,0.0,7.62,14.07
kruger,2019-07-27,23.31,9.26,0.53,12.32,18.55
kruger,2019-07-28,21.63,10.82,0.86,12.3,14.15
kruger,2019-07-29,19.65,12.7,0.0,7.58,9.46
kruger,2019-07-30,26.89,14.18,0.0,10.55,16.33
kruger,2019-07-31,21.8,10.29,0.0,8.97,6.41
kruger,2019-08-01,22.11,11.74,0.0,12.88,29.21
kruger,2019-08-02,26.27,10.42,6.85,9.61,40.5
kruger,2019-08-03,29.3,11.02,0.0,8.44,14.2
kruger,2019-08-04,23.92,9.69,0.36,13.85,43.48
kruger,2019-08-05,22.77,11.15,0.0,6.29,17.0
kruger,2019-08-06,23.2,8.39,9.89,10.03,8.25
kruger,2019-08-07,21.87,15.19,0.0,13.18,29.1
kruger,2019-08-08,22.2,4.29,0.0,11.09,5.04
kruger,2019-08-09,22.25,11.73,0.0,6.81,28.36
kruger,2019-08-10,26.07,11.13,0.0,6.66,22.93
kruger,2019-08-11,23.11,11.3,1.21,4.9,13.18
kruger,2019-08-12,27.48,7.45,0.0,13.58,11.71
kruger,2019-08-13,23.1,6.25,4.34,5.75,6.39
kruger,2019-08-14,22.38,12.0,3.58,11.3,35.09
kruger,2019-08-15,27.36,13.88,0.0,4.9,16.41
kruger,2019-08-16,23.63,11.12,0.0,16.86,24.56
kruger,2019-08-17,23.23,12.63,0.0,5.15,19.88
kruger,2019-08-18,23.76,9.51,0.19,9.35,17.02
kruger,2019-08-19,28.11,11.54,0.0,12.87,25.25
kruger,2019-08-20,24.68,13.82,0.0,7.14,28.2
kruger,2019-08-21,27.56,10.02,4.24,10.96,22.77
kruger,2019-08-22,23.16,13.82,0.69,8.44,18.04
kruger,2019-08-23,27.18,6.83,0.6,10.47,4.75
kruger,2019-08-24,24.68,9.44,2.26,12.57,12.18
kruger,2019-08-25,26.68,12.39,0.0,8.06,16.83
kruger,2019-08-26,26.99,15.84,0.0,13.85,21.86
kruger,2019-08-27,21.32,11.18,2.09,10.44,0.0
kruger,2019-08-28,24.42,8.62,3.54,15.25,31.32
kruger,2019-08-29,27.14,15.97,2.34,6.93,27.05
kruger,2019-08-30,27.68,11.02,6.23,7.52,13.72
kruger,2019-08-31,28.16,13.06,0.53,8.77,8.92
kruger,2019-09-01,24.78,10.63,0.0,5.85,12.59
kruger,2019-09-02,29.16,11.89,4.88,12.29,3.26
kruger,2019-09-03,22.63,10.2,0.0,9.31,18.26
kruger,2019-09-04,20.19,17.32,0.0,6.12,20.89
kruger,2019-09-05,23.92,14.73,3.51,7.11,37.6
kruger,2019-09-06,28.41,16.24,2.2,7.0,31.19
kruger,2019-09-07,21.64,9.93,0.0,12.4,43.03
kruger,2019-09-08,20.56,7.41,3.5,11.03,26.26
kruger,2019-09-09,19.89,11.32,8.36,9.29,11.17
kruger,2019-09-10,27.34,18.42,2.21,8.61,51.2
kruger,2019-09-11,20.86,11.4,0.0,9.02,20.58
kruger,2019-09-12,26.94,14.92,0.0,15.11,2.44
kruger,2019-09-13,24.39,9.81,9.28,9.09,29.2
kruger,2019-09-14,23.14,10.38,0.0,12.39,2.33
kruger,2019-09-15,22.54,12.34,0.0,8.86,25.18
kruger,2019-09-16,26.24,17.9,1.69,14.92,19.61
kruger,2019-09-17,23.44,15.46,5.34,6.24,34.88
kruger,2019-09-18,25.78,7.66,6.31,12.35,41.62
kruger,2019-09-19,27.09,14.55,0.0,7.68,22.73
kruger,2019-09-20,27.81,10.1,1.09,16.63,21.96
kruger,2019-09-21,28.86,11.36,1.54,12.11,39.57
kruger,2019-09-22,26.64,14.43,5.51,4.94,17.0
kruger,2019-09-23,23.09,16.74,4.03,7.29,29.77
kruger,2019-09-24,27.73,16.71,2.8,12.17,37.23
kruger,2019-09-25,28.4,14.26,5.44,12.12,17.56
kruger,2019-09-26,25.98,14.38,0.0,11.92,25.22
kruger,2019-09-27,25.75,16.98,3.59,10.67,31.56
kruger,2019-09-28,34.14,9.77,2.86,9.28,50.33
kruger,2019-09-29,22.93,18.37,1.84,13.53,12.54
kruger,2019-09-30,28.38,12.06,1.1,7.71,28.77
kruger,2019-10-01,30.14,14.65,2.7,10.49,51.64
kruger,2019-10-02,26.07,12.86,0.0,8.51,46.23
kruger,2019-10-03,26.69,11.31,13.21,8.3,27.85
kruger,2019-10-04,26.09,15.45,7.8,9.05,31.24
kruger,2019-10-05,27.39,14.98,6.8,8.26,39.54
kruger,2019-10-06,30.19,14.23,0.38,12.15,40.18
kruger,2019-10-07,27.0,14.21,0.0,6.1,53.98
kruger,2019-10-08,37.03,18.51,1.78,11.86,50.62
kruger,2019-10-09,26.44,20.28,3.15,8.7,13.25
kruger,2019-10-10,32.03,18.03,0.0,10.72,10.39
kruger,2019-10-11,29.63,15.69,4.75,10.17,26.5
kruger,2019-10-12,28.43,11.01,7.23,9.2,7.21
kruger,2019-10-13,32.61,16.77,0.0,14.37,55.03
kruger,2019-10-14,23.5,16.98,0.0,9.66,13.24
kruger,2019-10-15,29.68,17.34,8.02,12.91,31.54
kruger,2019-10-16,26.36,12.66,4.67,12.99,23.3
kruger,2019-10-17,27.3,17.74,0.0,10.05,12.9
kruger,2019-10-18,27.27,19.62,6.25,7.13,54.76
kruger,2019-10-19,25.93,13.36,1.0,8.29,28.75
kruger,2019-10-20,23.96,17.63,2.5,14.81,66.35
kruger,2019-10-21,30.19,14.0,0.0,12.49,59.17
kruger,2019-10-22,28.93,15.87,3.65,11.46,38.38
kruger,2019-10-23,28.33,13.86,7.73,9.38,7.35
kruger,2019-10-24,31.61,15.46,1.81,16.31,34.02
kruger,2019-10-25,30.79,15.58,6.37,8.54,73.75
kruger,2019-10-26,28.74,17.57,3.66,11.6,46.23
kruger,2019-10-27,38.8,18.87,8.25,12.72,37.64
kruger,2019-10-28,32.8,19.79,2.15,7.33,31.32
kruger,2019-10-29,37.18,15.22,10.29,9.01,54.14
kruger,2019-10-30,28.71,17.85,6.86,9.94,46.72
kruger,2019-10-31,30.8,14.31,5.18,13.94,45.77
kruger,2019-11-01,26.44,16.88,5.39,10.07,58.89
kruger,2019-11-02,29.26,17.36,2.48,7.11,58.42
kruger,2019-11-03,28.6,15.05,2.29,6.86,49.08
kruger,2019-11-04,39.44,18.85,5.52,9.18,19.05
kruger,2019-11-05,28.48,17.17,0.0,7.05,28.46
kruger,2019-11-06,29.95,18.04,2.2,13.86,34.27
kruger,2019-11-07,26.39,20.82,0.92,14.01,43.29
kruger,2019-11-08,32.46,16.78,7.02,11.64,66.67
kruger,2019-11-09,28.25,20.08,7.15,10.86,75.3
kruger,2019-11-10,33.81,21.66,9.94,13.91,50.71
kruger,2019-11-11,25.78,21.6,3.59,13.82,53.41
kruger,2019-11-12,30.88,17.77,1.76,8.79,22.81
kruger,2019-11-13,25.8,15.91,0.0,9.23,39.45
kruger,2019-11-14,29.96,16.66,6.21,13.93,37.81
kruger,2019-11-15,30.66,14.56,10.77,12.65,36.87
kruger,2019-11-16,29.82,20.33,4.95,13.7,55.43
kruger,2019-11-17,30.21,20.58,5.41,9.22,40.28
kruger,2019-11-18,34.72,19.1,5.34,9.68,18.92
kruger,2019-11-19,38.42,15.45,6.45,13.36,60.29
kruger,2019-11-20,33.0,18.07,9.48,9.95,66.0
kruger,2019-11-21,29.49,22.52,13.23,7.46,52.57
kruger,2019-11-22,32.35,20.69,7.6,10.05,46.02
kruger,2019-11-23,31.19,21.21,7.92,11.47,35.34
kruger,2019-11-24,35.0,27.61,4.77,17.22,36.56
kruger,2019-11-25,33.29,20.24,5.35,9.63,65.47
kruger,2019-11-26,27.77,14.11,5.35,11.98,38.46
kruger,2019-11-27,35.88,16.84,4.43,18.33,80.15
kruger,2019-11-28,35.57,20.44,6.46,8.94,64.48
kruger,2019-11-29,37.24,19.8,8.5,14.23,55.6
kruger,2019-11-30,31.28,19.4,6.31,10.14,91.49
kruger,2019-12-01,33.81,19.53,4.99,13.51,70.17
kruger,2019-12-02,29.43,18.03,6.66,19.33,44.84
kruger,2019-12-03,32.91,21.0,2.37,14.73,36.2
kruger,2019-12-04,34.33,23.63,9.47,12.84,45.44
kruger,2019-12-05,31.31,24.55,4.66,9.55,50.51
kruger,2019-12-06,34.32,24.55,1.74,11.9,40.92
kruger,2019-12-07,33.86,17.97,8.25,10.76,35.67
kruger,2019-12-08,32.08,20.38,8.5,8.12,56.3
kruger,2019-12-09,37.69,19.71,3.06,6.11,66.32
kruger,2019-12-10,32.86,22.05,9.04,10.03,81.09
kruger,2019-12-11,34.03,20.43,9.12,12.45,54.59
kruger,2019-12-12,29.3,20.13,14.53,15.92,62.7
kruger,2019-12-13,35.32,24.4,5.73,10.37,26.1
kruger,2019-12-14,32.39,21.07,6.5,13.18,66.96
kruger,2019-12-15,36.76,21.19,4.33,7.52,39.15
kruger,2019-12-16,30.01,21.98,8.77,10.25,59.05
kruger,2019-12-17,35.29,22.69,6.82,5.33,54.02
kruger,2019-12-18,27.51,22.76,10.82,19.39,51.23
kruger,2019-12-19,35.96,24.99,5.17,13.3,32.79
kruger,2019-12-20,33.64,17.95,8.83,13.22,43.86
kruger,2019-12-21,35.42,22.03,6.03,14.34,41.07
kruger,2019-12-22,32.47,21.01,0.0,20.35,46.65
kruger,2019-12-23,31.47,20.56,9.56,11.47,73.46
kruger,2019-12-24,33.06,23.26,0.08,9.85,50.59
kruger,2019-12-25,34.99,24.65,6.47,18.8,45.94
kruger,2019-12-26,36.18,19.97,6.56,9.12,65.92
kruger,2019-12-27,35.41,25.71,7.13,16.73,61.22
kruger,2019-12-28,31.73,17.96,7.38,12.62,86.94
kruger,2019-12-29,40.09,23.05,7.37,14.16,71.75
kruger,2019-12-30,35.61,19.39,8.69,8.56,26.87
kruger,2019-12-31,32.78,20.04,6.83,20.66,68.9
kruger,2020-01-01,35.95,21.83,17.75,11.75,67.23
kruger,2020-01-02,35.48,20.72,5.94,10.8,81.94
kruger,2020-01-03,34.22,14.59,2.44,14.56,54.17
kruger,2020-01-04,33.9,23.3,1.71,10.99,73.69
kruger,2020-01-05,37.76,23.75,10.0,14.21,52.02
kruger,2020-01-06,40.01,21.42,1.02,9.16,61.78
kruger,2020-01-07,28.74,21.25,2.56,13.39,41.68
kruger,2020-01-08,38.56,20.94,2.0,11.15,36.96
kruger,2020-01-09,34.95,17.61,9.26,10.61,70.69
kruger,2020-01-10,35.62,17.37,12.76,10.15,57.76
kruger,2020-01-11,38.98,23.94,3.68,15.63,38.55
kruger,2020-01-12,26.98,24.6,9.15,11.93,70.03
kruger,2020-01-13,37.4,23.45,0.0,12.43,16.82
kruger,2020-01-14,38.82,22.92,4.5,14.27,45.75
kruger,2020-01-15,32.91,23.93,9.9,16.41,33.02
kruger,2020-01-16,30.8,23.78,6.24,10.23,75.94
kruger,2020-01-17,39.91,20.03,11.47,13.66,51.47
kruger,2020-01-18,29.73,22.55,0.0,10.27,59.17
kruger,2020-01-19,36.26,21.26,4.56,12.37,62.56
kruger,2020-01-20,38.07,21.29,9.31,16.2,70.13
kruger,2020-01-21,36.19,24.85,9.26,5.96,68.43
kruger,2020-01-22,36.69,25.93,9.57,10.23,70.01
kruger,2020-01-23,34.2,16.13,8.32,12.3,53.99
kruger,2020-01-24,36.37,21.35,2.91,14.14,70.75
kruger,2020-01-25,32.85,21.21,4.37,16.65,48.09
kruger,2020-01-26,33.23,24.87,16.74,7.9,51.86
kruger,2020-01-27,35.06,18.33,2.43,17.23,34.8
kruger,2020-01-28,30.32,14.47,1.8,14.54,82.96
kruger,2020-01-29,36.66,23.98,10.17,12.25,42.86
kruger,2020-01-30,27.47,24.32,3.2,8.56,78.87
kruger,2020-01-31,35.98,17.43,14.6,11.25,65.7
kruger,2020-02-01,36.24,21.56,18.35,16.03,60.56
kruger,2020-02-02,32.47,25.68,6.44,13.03,63.01
kruger,2020-02-03,31.12,19.13,8.62,12.4,41.44
kruger,2020-02-04,33.58,22.05,0.07,10.02,81.42
kruger,2020-02-05,36.69,23.04,11.48,15.13,51.82
kruger,2020-02-06,35.78,18.18,0.0,12.47,72.34
kruger,2020-02-07,31.38,20.3,1.95,12.19,48.9
kruger,2020-02-08,35.0,17.45,7.76,12.61,35.47
kruger,2020-02-09,35.43,21.24,9.46,10.95,86.58
kruger,2020-02-10,35.27,19.63,1.31,10.42,47.66
kruger,2020-02-11,31.62,22.09,5.05,8.3,63.51
kruger,2020-02-12,35.0,23.12,0.54,10.99,11.04
kruger,2020-02-13,37.25,24.97,5.9,7.43,55.25
kruger,2020-02-14,36.06,27.28,3.93,14.27,65.24
kruger,2020-02-15,35.64,21.93,4.56,10.8,58.17
kruger,2020-02-16,39.29,20.57,9.68,11.61,54.41
kruger,2020-02-17,34.82,20.38,8.17,12.66,52.56
kruger,2020-02-18,31.74,18.86,9.26,10.35,68.62
kruger,2020-02-19,31.7,22.34,6.46,9.21,35.99
kruger,2020-02-20,34.69,19.93,9.81,13.39,51.67
kruger,2020-02-21,29.8,22.41,6.77,18.37,76.56
kruger,2020-02-22,33.12,18.73,4.91,15.42,32.62
kruger,2020-02-23,35.39,19.84,9.12,16.51,53.07
kruger,2020-02-24,37.46,22.02,5.1,8.75,37.93
kruger,2020-02-25,29.25,20.57,5.44,12.05,58.8
kruger,2020-02-26,34.12,16.02,10.99,12.01,54.57
kruger,2020-02-27,33.56,20.72,10.57,16.87,39.71
kruger,2020-02-28,33.81,18.69,5.44,15.32,54.02
kruger,2020-02-29,34.06,23.59,10.08,12.05,54.43
kruger,2020-03-01,33.47,22.99,1.43,5.66,44.08
kruger,2020-03-02,37.68,14.79,5.33,9.02,46.75
kruger,2020-03-03,37.16,22.43,3.45,14.38,43.05
kruger,2020-03-04,39.79,21.33,6.4,11.49,18.32
kruger,2020-03-05,33.26,16.58,9.3,12.1,66.2
kruger,2020-03-06,31.98,22.41,8.53,14.25,69.97
kruger,2020-03-07,30.24,16.94,7.94,15.78,25.55
kruger,2020-03-08,31.51,22.93,6.76,10.02,69.67
kruger,2020-03-09,35.13,18.37,5.52,14.1,57.32
kruger,2020-03-10,35.52,16.12,10.91,17.14,34.51
kruger,2020-03-11,34.86,25.13,0.0,16.56,47.64
kruger,2020-03-12,30.76,15.89,3.33,10.66,39.92
kruger,2020-03-13,30.69,17.66,7.59,13.11,64.09
kruger,2020-03-14,38.46,18.06,12.0,14.45,36.2
kruger,2020-03-15,30.01,18.37,4.45,12.23,81.53
kruger,2020-03-16,36.67,21.17,4.74,11.39,66.78
kruger,2020-03-17,33.55,19.48,0.56,6.92,30.75
kruger,2020-03-18,30.05,21.76,3.5,9.49,73.41
kruger,2020-03-19,28.61,20.09,8.44,9.97,59.49
kruger,2020-03-20,30.01,14.89,11.87,8.24,45.99
kruger,2020-03-21,33.24,20.36,4.32,12.32,58.09
kruger,2020-03-22,29.17,19.48,2.23,14.56,61.52
kruger,2020-03-23,36.47,17.24,5.65,10.68,35.97
kruger,2020-03-24,31.09,23.9,0.0,5.29,59.57
kruger,2020-03-25,33.72,20.14,10.19,11.52,40.24
kruger,2020-03-26,33.39,20.88,0.26,12.66,58.64
kruger,2020-03-27,36.3,20.87,6.38,12.43,44.06
kruger,2020-03-28,30.02,17.29,6.25,9.62,30.68
kruger,2020-03-29,31.56,19.83,7.51,8.13,54.93
kruger,2020-03-30,26.94,18.94,5.95,14.37,39.47
kruger,2020-03-31,31.36,16.66,4.88,12.74,47.15
kruger,2020-04-01,34.37,14.9,6.52,9.61,50.64
kruger,2020-04-02,31.51,17.91,8.07,7.11,66.22
kruger,2020-04-03,37.69,19.22,11.86,12.25,37.32
kruger,2020-04-04,32.22,17.7,0.19,8.86,30.8
kruger,2020-04-05,28.94,17.1,0.0,12.67,67.88
kruger,2020-04-06,31.82,17.53,0.0,11.96,42.9
kruger,2020-04-07,25.97,16.64,0.0,17.68,34.35
kruger,2020-04-08,27.86,21.13,0.0,11.18,47.62
kruger,2020-04-09,26.5,17.83,0.0,17.39,36.69
kruger,2020-04-10,30.1,15.84,2.54,11.6,37.49
kruger,2020-04-11,29.77,12.43,7.55,9.32,79.78
kruger,2020-04-12,33.46,16.36,6.57,8.12,26.01
kruger,2020-04-13,29.45,15.3,1.51,8.62,18.92
kruger,2020-04-14,26.64,15.11,1.79,12.5,58.53
kruger,2020-04-15,34.22,18.9,11.9,11.57,34.12
kruger,2020-04-16,20.6,16.64,6.17,5.63,44.25
kruger,2020-04-17,29.45,12.13,4.41,14.17,48.69
kruger,2020-04-18,29.89,17.78,4.14,15.51,12.53
kruger,2020-04-19,29.1,12.17,2.43,5.5,55.54
kruger,2020-04-20,30.53,17.76,11.53,14.04,29.67
kruger,2020-04-21,29.25,14.73,2.69,16.02,66.22
kruger,2020-04-22,30.32,16.04,3.98,5.55,25.45
kruger,2020-04-23,26.91,15.65,0.0,9.5,60.54
kruger,2020-04-24,24.24,15.24,0.7,8.32,62.91
kruger,2020-04-25,28.37,16.03,0.97,13.76,29.02
kruger,2020-04-26,25.33,15.61,5.05,9.56,33.17
kruger,2020-04-27,26.12,19.98,0.0,9.4,30.97
kruger,2020-04-28,31.69,15.76,3.16,12.0,58.13
kruger,2020-04-29,32.77,15.72,0.47,15.38,37.69
kruger,2020-04-30,31.43,13.22,0.0,10.48,42.65
kruger,2020-05-01,30.77,15.85,0.0,9.22,32.17
kruger,2020-05-02,27.97,12.24,2.0,9.75,41.06
kruger,2020-05-03,30.74,17.57,3.04,12.54,41.7
kruger,2020-05-04,28.66,10.88,1.79,6.54,24.36
kruger,2020-05-05,33.34,12.38,0.0,10.45,59.56
kruger,2020-05-06,24.64,10.32,1.88,7.65,29.59
kruger,2020-05-07,29.31,15.34,1.07,6.82,47.76
kruger,2020-05-08,23.4,13.14,0.0,4.56,13.06
kruger,2020-05-09,29.13,15.81,2.56,8.82,41.92
kruger,2020-05-10,21.84,11.56,9.41,13.57,47.3
kruger,2020-05-11,23.26,15.23,1.5,4.35,35.0
kruger,2020-05-12,22.96,15.26,0.0,11.9,46.82
kruger,2020-05-13,27.47,14.24,7.85,8.29,19.76
kruger,2020-05-14,27.68,13.69,6.94,7.01,37.14
kruger,2020-05-15,33.87,13.86,7.58,11.21,6.92
kruger,2020-05-16,26.15,11.15,1.62,14.07,31.65
kruger,2020-05-17,28.65,10.65,0.0,14.61,17.22
kruger,2020-05-18,26.72,14.6,0.0,10.93,27.77
kruger,2020-05-19,28.22,12.23,6.17,9.84,49.19
kruger,2020-05-20,26.49,14.19,7.96,11.19,54.27
kruger,2020-05-21,29.27,16.85,0.0,17.42,8.66
kruger,2020-05-22,22.72,11.74,0.0,9.08,46.28
kruger,2020-05-23,18.45,11.29,1.29,13.34,48.3
kruger,2020-05-24,26.96,11.9,0.0,8.13,31.89
kruger,2020-05-25,20.21,12.72,0.0,7.38,47.11
kruger,2020-05-26,29.47,14.07,0.24,15.15,20.23
kruger,2020-05-27,23.81,12.38,2.77,9.83,18.47
kruger,2020-05-28,22.25,17.57,0.0,10.46,18.26
kruger,2020-05-29,33.39,13.34,1.57,11.4,36.34
kruger,2020-05-30,25.15,14.16,0.47,7.06,23.9
kruger,2020-05-31,24.5,12.04,0.0,8.39,14.36
kruger,2020-06-01,27.29,14.58,3.05,7.76,14.81
kruger,2020-06-02,27.42,11.46,0.0,10.65,24.59
kruger,2020-06-03,28.31,10.29,0.0,10.73,11.58
kruger,2020-06-04,20.82,14.09,0.0,7.81,34.1
kruger,2020-06-05,26.36,11.61,1.48,15.67,41.75
kruger,2020-06-06,23.8,12.29,0.8,9.48,38.19
kruger,2020-06-07,21.84,14.06,3.15,9.84,67.02
kruger,2020-06-08,24.68,11.88,2.27,13.54,29.28
kruger,2020-06-09,19.03,11.09,0.0,6.86,48.32
kruger,2020-06-10,27.17,10.06,0.0,7.9,25.42
kruger,2020-06-11,23.46,13.99,0.87,10.3,18.27
kruger,2020-06-12,22.84,10.42,2.87,5.0,24.02
kruger,2020-06-13,23.79,11.08,0.0,8.69,24.52
kruger,2020-06-14,23.64,11.86,2.91,15.53,19.97
kruger,2020-06-15,27.51,11.79,0.0,14.85,5.38
kruger,2020-06-16,20.74,13.56,0.0,12.03,6.73
kruger,2020-06-17,22.82,10.8,0.0,12.87,38.23
kruger,2020-06-18,23.27,14.36,2.9,10.79,33.56
kruger,2020-06-19,20.67,10.24,0.0,7.99,47.55
kruger,2020-06-20,24.29,11.74,8.28,14.2,14.8
kruger,2020-06-21,21.59,10.3,0.0,6.41,13.23
kruger,2020-06-22,19.49,15.94,3.16,12.14,3.12
kruger,2020-06-23,25.24,9.78,0.0,7.69,36.04
kruger,2020-06-24,28.26,9.96,5.26,7.86,6.66
kruger,2020-06-25,23.71,10.86,5.08,10.81,19.43
kruger,2020-06-26,23.22,9.86,0.0,15.28,24.45
kruger,2020-06-27,23.11,11.27,0.92,13.45,0.0
kruger,2020-06-28,21.9,13.52,4.89,10.16,31.14
kruger,2020-06-29,26.92,10.77,0.99,9.32,34.51
kruger,2020-06-30,23.65,10.83,0.0,11.47,23.38
kruger,2020-07-01,16.8,9.76,0.0,13.21,17.81
kruger,2020-07-02,26.9,9.04,0.0,3.82,18.52
kruger,2020-07-03,26.13,10.51,0.28,8.71,39.9
kruger,2020-07-04,25.05,10.26,0.0,5.92,19.6
kruger,2020-07-05,14.95,13.15,1.13,8.41,18.41
kruger,2020-07-06,23.18,7.79,0.0,5.29,8.32
kruger,2020-07-07,25.84,13.8,0.0,3.64,0.0
kruger,2020-07-08,24.28,9.77,0.0,5.09,34.91
kruger,2020-07-09,23.73,10.49,0.0,7.38,18.35
kruger,2020-07-10,25.78,7.44,0.0,10.79,5.2
kruger,2020-07-11,23.5,11.48,0.0,6.58,49.92
kruger,2020-07-12,26.67,7.66,2.66,6.42,24.8
kruger,2020-07-13,23.54,10.98,3.12,10.2,15.08
kruger,2020-07-14,23.28,10.73,0.0,9.87,33.4
kruger,2020-07-15,25.7,9.21,0.0,14.12,23.61
kruger,2020-07-16,21.82,4.85,4.61,11.81,23.29
kruger,2020-07-17,19.72,15.41,1.05,5.93,8.91
kruger,2020-07-18,23.02,7.37,1.13,6.99,28.46
kruger,2020-07-19,24.77,10.68,1.76,11.24,32.11
kruger,2020-07-20,25.78,8.18,0.0,6.34,8.95
kruger,2020-07-21,25.79,12.62,0.36,8.03,0.0
kruger,2020-07-22,22.8,9.05,1.39,3.87,32.26
kruger,2020-07-23,22.49,8.13,0.0,5.08,27.45
kruger,2020-07-24,21.23,11.5,0.0,12.78,30.67
kruger,2020-07-25,23.77,6.84,0.0,9.51,18.75
kruger,2020-07-26,18.1,8.99,0.0,7.12,32.53
kruger,2020-07-27,23.11,11.76,1.98,7.55,8.33
kruger,2020-07-28,31.6,13.82,0.0,14.16,15.37
kruger,2020-07-29,18.55,7.66,0.0,7.05,2.51
kruger,2020-07-30,23.55,8.55,2.28,10.45,35.63
kruger,2020-07-31,24.23,10.98,0.73,11.65,17.62
kruger,2020-08-01,24.64,5.12,0.0,13.37,21.87
kruger,2020-08-02,20.24,13.53,0.0,6.49,24.96
kruger,2020-08-03,24.71,7.66,0.0,4.86,14.96
kruger,2020-08-04,21.58,9.09,0.0,5.75,30.96
kruger,2020-08-05,18.93,10.86,1.56,11.26,43.58
kruger,2020-08-06,26.1,10.37,0.0,15.06,33.5
kruger,2020-08-07,25.26,7.86,0.0,11.39,0.0
kruger,2020-08-08,20.4,14.61,0.0,7.12,20.65
kruger,2020-08-09,21.7,3.9,0.0,12.68,21.44
kruger,2020-08-10,21.63,7.56,0.18,7.72,37.87
kruger,2020-08-11,18.48,8.81,0.0,6.64,11.12
kruger,2020-08-12,25.73,8.07,0.0,8.15,3.88
kruger,2020-08-13,25.88,13.53,2.99,7.42,32.15
kruger,2020-08-14,22.53,6.38,4.29,7.07,19.46
kruger,2020-08-15,23.48,14.46,0.99,12.85,10.54
kruger,2020-08-16,23.96,9.92,0.0,7.66,16.14
kruger,2020-08-17,24.39,7.26,0.0,4.46,0.0
kruger,2020-08-18,19.67,5.46,2.13,10.99,22.91
kruger,2020-08-19,25.22,10.22,0.0,6.39,15.97
kruger,2020-08-20,20.28,9.05,3.72,6.5,28.69
kruger,2020-08-21,25.9,11.45,3.96,11.39,17.79
kruger,2020-08-22,20.72,9.79,1.75,7.13,21.58
kruger,2020-08-23,20.07,13.36,0.0,7.96,14.4
kruger,2020-08-24,23.94,10.67,0.0,9.47,17.61
kruger,2020-08-25,23.93,10.03,0.0,8.5,4.67
kruger,2020-08-26,24.46,13.58,0.05,8.09,37.3
kruger,2020-08-27,21.53,11.78,0.0,2.37,21.4
kruger,2020-08-28,24.88,13.21,0.0,8.9,0.0
kruger,2020-08-29,25.23,14.21,9.85,14.29,0.0
kruger,2020-08-30,27.9,10.67,2.66,11.36,38.23
kruger,2020-08-31,25.02,11.56,0.0,8.36,22.24
kruger,2020-09-01,22.74,13.64,8.74,10.92,22.82
kruger,2020-09-02,20.56,5.48,0.0,11.42,23.31
kruger,2020-09-03,20.09,11.42,3.94,7.03,30.9
kruger,2020-09-04,25.72,11.19,1.02,13.35,46.79
kruger,2020-09-05,27.2,12.76,0.0,10.1,30.75
kruger,2020-09-06,22.23,9.89,0.0,8.7,28.93
kruger,2020-09-07,25.74,14.71,6.56,14.43,16.01
kruger,2020-09-08,24.53,10.21,4.37,3.48,1.69
kruger,2020-09-09,27.28,10.98,0.43,6.18,32.21
kruger,2020-09-10,27.81,10.55,0.0,11.66,33.69
kruger,2020-09-11,18.49,15.36,2.24,11.78,42.12
kruger,2020-09-12,28.47,7.16,0.0,14.73,51.58
kruger,2020-09-13,26.21,16.92,3.29,3.05,8.78
kruger,2020-09-14,23.94,16.22,0.0,12.42,17.24
kruger,2020-09-15,24.11,11.21,0.0,6.14,36.76
kruger,2020-09-16,25.8,15.27,0.0,11.16,27.04
kruger,2020-09-17,24.28,13.12,5.44,9.74,48.96
kruger,2020-09-18,23.07,17.01,0.0,12.51,24.7
kruger,2020-09-19,23.85,15.35,4.43,9.28,57.92
kruger,2020-09-20,22.94,18.54,2.91,13.05,29.04
kruger,2020-09-21,30.19,9.24,1.31,7.57,52.92
kruger,2020-09-22,26.41,13.72,0.0,9.84,0.0
kruger,2020-09-23,33.09,9.02,3.67,10.69,36.41
kruger,2020-09-24,27.54,12.13,0.02,15.17,29.77
kruger,2020-09-25,28.29,19.14,0.05,12.67,0.0
kruger,2020-09-26,23.43,14.79,2.16,10.82,29.82
kruger,2020-09-27,26.06,16.17,8.85,12.16,11.8
kruger,2020-09-28,27.02,15.09,0.0,13.53,22.89
kruger,2020-09-29,24.99,15.03,4.1,11.42,35.58
kruger,2020-09-30,25.6,12.69,1.59,7.26,29.49
kruger,2020-10-01,28.36,12.33,1.35,12.25,37.0
kruger,2020-10-02,28.51,12.82,0.0,10.31,34.34
kruger,2020-10-03,23.28,7.47,0.0,9.37,67.63
kruger,2020-10-04,28.24,14.19,3.79,8.11,36.53
kruger,2020-10-05,29.15,15.09,0.0,12.24,34.66
kruger,2020-10-06,25.82,13.05,6.63,12.07,39.62
kruger,2020-10-07,25.62,14.37,0.0,7.7,33.25
kruger,2020-10-08,29.12,16.11,4.9,7.28,10.22
kruger,2020-10-09,20.18,17.11,0.46,16.31,44.7
kruger,2020-10-10,28.0,12.0,0.34,13.25,54.02
kruger,2020-10-11,33.0,13.11,0.0,10.96,58.33
kruger,2020-10-12,20.41,17.08,4.72,12.55,45.68
kruger,2020-10-13,30.77,16.78,5.9,9.36,31.65
kruger,2020-10-14,30.04,18.77,1.84,10.29,39.97
kruger,2020-10-15,24.2,18.77,5.54,10.9,63.16
kruger,2020-10-16,30.17,21.65,3.29,13.76,33.35
kruger,2020-10-17,31.72,14.98,0.0,6.67,19.15
kruger,2020-10-18,25.29,19.77,4.89,7.88,70.54
kruger,2020-10-19,26.8,13.62,2.25,7.3,22.47
kruger,2020-10-20,29.1,22.01,0.0,13.57,14.51
kruger,2020-10-21,32.06,17.27,2.02,10.74,43.22
kruger,2020-10-22,27.61,17.59,0.0,8.33,44.91
kruger,2020-10-23,29.21,18.81,0.0,10.45,45.99
kruger,2020-10-24,27.44,13.05,2.8,9.25,52.64
kruger,2020-10-25,29.62,13.85,3.56,6.88,37.38
kruger,2020-10-26,32.78,16.93,0.59,15.0,37.94
kruger,2020-10-27,30.06,17.61,6.11,10.8,31.89
kruger,2020-10-28,28.78,22.06,3.61,15.13,42.88
kruger,2020-10-29,29.85,14.58,2.44,6.97,49.3
kruger,2020-10-30,27.65,20.9,4.38,12.86,55.11
kruger,2020-10-31,27.17,16.49,9.09,7.06,28.38
kruger,2020-11-01,33.87,16.56,0.0,18.75,23.49
kruger,2020-11-02,35.27,16.95,9.6,6.26,55.8
kruger,2020-11-03,25.08,16.69,2.0,16.87,34.92
kruger,2020-11-04,32.3,18.77,1.42,11.46,28.41
kruger,2020-11-05,33.23,16.67,3.0,11.0,15.77
kruger,2020-11-06,27.12,14.23,1.12,13.35,64.96
kruger,2020-11-07,29.44,17.18,0.57,8.8,48.32
kruger,2020-11-08,29.22,19.09,8.19,14.01,52.69
kruger,2020-11-09,36.75,14.54,5.51,14.26,51.39
kruger,2020-11-10,36.1,19.6,0.0,11.75,48.34
kruger,2020-11-11,28.48,21.19,7.69,12.5,45.13
kruger,2020-11-12,26.96,22.04,7.17,17.57,44.74
kruger,2020-11-13,33.75,19.28,0.0,13.76,31.45
kruger,2020-11-14,33.16,14.01,5.91,9.5,19.94
kruger,2020-11-15,35.35,20.24,7.73,14.12,80.42
kruger,2020-11-16,28.54,21.13,0.0,10.29,47.61
kruger,2020-11-17,33.97,17.06,6.51,9.74,40.78
kruger,2020-11-18,29.7,18.71,2.73,13.5,35.64
kruger,2020-11-19,33.85,20.19,7.66,8.97,63.69
kruger,2020-11-20,31.96,23.54,1.81,12.16,50.42
kruger,2020-11-21,37.86,18.52,9.78,14.08,35.59
kruger,2020-11-22,33.59,21.48,4.69,17.81,44.28
kruger,2020-11-23,31.39,20.13,3.26,14.03,53.79
kruger,2020-11-24,32.84,19.92,2.89,7.73,43.61
kruger,2020-11-25,32.2,22.83,9.33,8.23,61.91
kruger,2020-11-26,29.13,17.51,3.0,17.38,81.82
kruger,2020-11-27,38.45,20.25,10.19,10.32,43.91
kruger,2020-11-28,37.55,19.82,6.86,7.7,46.23
kruger,2020-11-29,32.3,16.07,0.51,9.26,38.33
kruger,2020-11-30,35.01,22.99,6.21,14.69,48.74
kruger,2020-12-01,39.14,22.06,6.35,12.67,21.89
kruger,2020-12-02,36.78,20.15,0.54,14.3,68.04
kruger,2020-12-03,32.22,19.49,6.29,12.28,31.79
kruger,2020-12-04,32.95,20.22,8.48,9.1,39.96
kruger,2020-12-05,28.14,22.06,10.87,7.07,53.55
kruger,2020-12-06,35.68,20.49,10.74,9.95,73.19
kruger,2020-12-07,37.16,18.76,16.01,12.84,39.95
kruger,2020-12-08,37.25,19.21,6.5,8.95,50.2
kruger,2020-12-09,35.67,20.54,8.76,15.47,57.62
kruger,2020-12-10,34.69,18.3,4.16,9.54,43.37
kruger,2020-12-11,30.7,21.53,14.17,7.61,51.85
kruger,2020-12-12,34.72,18.78,3.11,12.59,30.01
kruger,2020-12-13,31.93,18.44,14.07,14.89,46.16
kruger,2020-12-14,35.46,28.87,13.6,17.11,72.74
kruger,2020-12-15,31.65,25.79,3.66,7.81,66.71
kruger,2020-12-16,35.56,21.36,10.98,16.94,48.01
kruger,2020-12-17,38.03,23.19,8.7,13.24,39.66
kruger,2020-12-18,35.24,23.66,5.26,10.84,51.86
kruger,2020-12-19,35.15,20.98,6.4,14.76,33.26
kruger,2020-12-20,36.96,21.92,8.04,16.81,52.44
kruger,2020-12-21,39.58,20.61,8.45,7.72,49.41
kruger,2020-12-22,33.99,24.46,13.02,11.48,49.02
kruger,2020-12-23,35.93,24.54,9.36,11.15,53.76
kruger,2020-12-24,38.94,25.31,4.03,14.68,64.08
kruger,2020-12-25,36.46,22.12,10.11,17.2,40.6
kruger,2020-12-26,28.49,26.91,0.17,13.05,70.68
kruger,2020-12-27,32.39,21.34,5.64,11.97,73.33
kruger,2020-12-28,36.83,26.69,6.06,14.19,89.58
kruger,2020-12-29,33.41,20.45,9.87,12.17,61.15
kruger,2020-12-30,38.97,18.4,14.35,6.37,78.92
kruger,2020-12-31,40.26,26.75,8.16,14.45,71.59
kruger,2021-01-01,32.91,23.33,5.84,15.85,59.8
kruger,2021-01-02,31.62,23.01,4.52,16.13,38.79
kruger,2021-01-03,33.66,20.84,10.67,9.45,70.58
kruger,2021-01-04,33.52,19.66,6.57,14.75,60.84
kruger,2021-01-05,39.41,19.93,5.35,17.53,84.15
kruger,2021-01-06,31.72,22.17,11.19,20.53,68.53
kruger,2021-01-07,37.08,21.47,12.08,14.39,73.34
kruger,2021-01-08,39.04,17.02,3.58,15.91,48.9
kruger,2021-01-09,37.35,26.13,1.44,9.99,61.31
kruger,2021-01-10,36.22,20.86,7.05,9.6,28.85
kruger,2021-01-11,34.44,25.02,2.89,15.94,66.08
kruger,2021-01-12,40.49,20.18,2.35,6.87,76.08
kruger,2021-01-13,34.22,22.34,3.31,13.45,78.73
kruger,2021-01-14,37.81,24.4,11.66,17.28,52.57
kruger,2021-01-15,34.5,24.06,10.09,15.13,30.72
kruger,2021-01-16,29.46,21.32,17.32,15.11,49.89
kruger,2021-01-17,34.18,23.27,4.93,12.85,56.81
kruger,2021-01-18,34.53,23.69,12.82,11.77,64.12
kruger,2021-01-19,34.57,21.63,9.47,19.46,27.56
kruger,2021-01-20,33.02,19.22,5.27,16.7,56.43
kruger,2021-01-21,36.88,20.44,6.91,15.54,42.43
kruger,2021-01-22,37.21,21.05,5.25,13.08,79.69
kruger,2021-01-23,34.07,22.06,8.53,11.24,22.95
kruger,2021-01-24,34.04,25.97,11.44,16.23,73.14
kruger,2021-01-25,31.83,24.25,6.01,12.07,55.53
kruger,2021-01-26,35.73,19.93,10.87,13.23,27.19
kruger,2021-01-27,39.09,26.55,12.56,14.83,83.02
kruger,2021-01-28,39.08,21.75,13.44,13.61,78.06
kruger,2021-01-29,33.13,23.61,2.76,17.63,76.51
kruger,2021-01-30,40.88,19.56,7.24,9.01,59.1
kruger,2021-01-31,33.81,20.76,10.27,13.17,47.57
kruger,2021-02-01,31.82,24.47,3.07,19.37,58.55
kruger,2021-02-02,30.76,19.65,2.16,15.64,65.69
kruger,2021-02-03,31.6,21.96,7.28,12.35,49.29
kruger,2021-02-04,35.8,22.98,5.72,15.33,44.47
kruger,2021-02-05,34.0,19.22,6.66,12.78,64.64
kruger,2021-02-06,32.85,17.3,5.44,17.31,60.08
kruger,2021-02-07,32.17,23.98,15.95,15.37,70.94
kruger,2021-02-08,31.42,28.84,5.44,10.29,79.79
kruger,2021-02-09,31.98,22.8,9.61,13.6,69.67
kruger,2021-02-10,37.66,23.24,9.32,14.13,39.42
kruger,2021-02-11,39.98,19.36,0.46,14.26,56.39
kruger,2021-02-12,40.13,25.21,13.06,13.8,62.26
kruger,2021-02-13,36.56,20.55,9.67,14.53,68.46
kruger,2021-02-14,32.98,24.36,7.76,14.07,69.05
kruger,2021-02-15,32.41,22.93,11.34,10.64,55.16
kruger,2021-02-16,36.63,22.94,6.88,11.42,48.52
kruger,2021-02-17,33.58,22.8,10.57,12.01,70.85
kruger,2021-02-18,35.5,22.67,0.0,13.04,61.22
kruger,2021-02-19,40.01,21.93,10.25,11.99,59.61
kruger,2021-02-20,34.82,23.59,7.68,16.03,44.65
kruger,2021-02-21,40.95,19.3,7.71,9.82,86.54
kruger,2021-02-22,30.68,20.46,3.5,7.48,58.59
kruger,2021-02-23,35.34,24.67,5.96,18.57,53.37
kruger,2021-02-24,34.88,21.38,5.8,10.2,58.22
kruger,2021-02-25,30.93,20.07,2.2,15.93,52.31
kruger,2021-02-26,36.23,23.41,8.15,14.43,34.75
kruger,2021-02-27,38.35,22.86,12.97,10.24,58.35
kruger,2021-02-28,40.31,17.45,0.95,12.17,31.89
kruger,2021-03-01,34.87,22.46,8.55,11.7,54.99
kruger,2021-03-02,27.87,20.91,4.86,13.59,29.32
kruger,2021-03-03,34.93,22.28,4.36,10.2,20.68
kruger,2021-03-04,35.66,20.46,6.75,11.95,61.96
kruger,2021-03-05,32.65,21.52,6.77,12.34,35.98
kruger,2021-03-06,33.93,15.71,7.1,15.73,58.81
kruger,2021-03-07,31.76,17.98,1.79,11.17,54.59
kruger,2021-03-08,32.74,21.99,10.62,9.45,54.01
kruger,2021-03-09,36.12,26.62,6.54,10.72,42.15
kruger,2021-03-10,37.16,20.91,8.53,13.43,49.33
kruger,2021-03-11,29.1,18.18,10.97,6.99,41.19
kruger,2021-03-12,31.3,20.17,0.0,15.87,64.95
kruger,2021-03-13,27.99,17.52,8.52,12.31,43.26
kruger,2021-03-14,38.19,22.8,5.29,13.52,46.51
kruger,2021-03-15,35.2,19.71,9.97,12.85,61.13
kruger,2021-03-16,26.5,22.14,2.63,10.17,40.36
kruger,2021-03-17,32.23,19.04,9.52,8.89,22.54
kruger,2021-03-18,31.49,22.19,1.5,10.01,33.21
kruger,2021-03-19,29.98,15.19,7.28,7.57,64.67
kruger,2021-03-20,35.27,19.22,6.75,13.1,49.78
kruger,2021-03-21,35.11,20.42,4.93,11.54,52.63
kruger,2021-03-22,32.79,18.31,1.36,7.39,52.39
kruger,2021-03-23,29.97,19.79,3.96,10.12,74.47
kruger,2021-03-24,29.9,19.66,9.06,13.89,16.22
kruger,2021-03-25,31.84,21.33,11.26,15.78,45.12
kruger,2021-03-26,30.25,20.17,13.06,8.02,47.18
kruger,2021-03-27,31.51,19.51,7.29,18.33,46.12
kruger,2021-03-28,33.11,20.63,6.13,8.93,58.1
kruger,2021-03-29,26.74,14.96,6.85,6.66,58.17
kruger,2021-03-30,28.97,16.36,12.71,17.02,42.23
kruger,2021-03-31,31.05,14.68,7.01,8.59,19.81
kruger,2021-04-01,35.75,19.42,5.22,16.25,82.46
kruger,2021-04-02,33.49,18.99,3.7,9.66,44.41
kruger,2021-04-03,30.84,21.32,4.1,10.74,45.49
kruger,2021-04-04,31.96,18.63,6.22,7.67,62.79
kruger,2021-04-05,30.35,16.08,1.6,15.38,37.62
kruger,2021-04-06,33.79,17.89,2.03,14.94,62.57
kruger,2021-04-07,31.76,12.77,4.22,9.5,38.26
kruger,2021-04-08,34.19,16.34,2.6,11.23,69.96
kruger,2021-04-09,26.19,11.39,6.72,13.4,49.02
kruger,2021-04-10,27.74,17.98,6.97,9.97,31.72
kruger,2021-04-11,30.88,16.35,5.25,15.44,74.22
kruger,2021-04-12,31.43,16.62,6.09,11.0,50.21
kruger,2021-04-13,37.05,14.52,4.54,9.72,31.7
kruger,2021-04-14,24.32,15.07,0.0,6.5,19.38
kruger,2021-04-15,29.55,18.38,0.43,7.33,50.61
kruger,2021-04-16,29.31,12.95,6.69,12.95,60.57
kruger,2021-04-17,30.15,17.7,0.44,11.85,45.27
kruger,2021-04-18,34.54,14.31,7.15,13.56,44.07
kruger,2021-04-19,31.86,12.03,7.3,9.39,62.15
kruger,2021-04-20,24.32,19.19,2.52,6.12,47.41
kruger,2021-04-21,33.63,19.35,1.16,9.52,28.22
kruger,2021-04-22,33.44,14.57,3.49,17.09,28.52
kruger,2021-04-23,29.61,14.45,3.2,8.05,45.73
kruger,2021-04-24,23.86,15.09,5.82,10.8,44.59
kruger,2021-04-25,28.16,13.59,0.0,3.63,53.03
kruger,2021-04-26,29.92,13.93,0.24,9.28,41.9
kruger,2021-04-27,31.4,16.53,0.0,9.56,46.22
kruger,2021-04-28,22.99,20.49,0.0,11.76,40.9
kruger,2021-04-29,25.89,14.32,0.99,9.78,49.8
kruger,2021-04-30,31.39,17.66,0.0,6.14,46.19
kruger,2021-05-01,32.5,15.88,1.28,8.67,30.78
kruger,2021-05-02,29.19,10.72,0.81,10.02,31.49
kruger,2021-05-03,31.24,14.73,4.51,7.61,38.84
kruger,2021-05-04,29.06,14.32,1.63,8.01,35.33
kruger,2021-05-05,30.48,18.25,0.0,13.55,53.02
kruger,2021-05-06,27.93,18.26,3.88,8.62,36.15
kruger,2021-05-07,28.83,15.34,12.11,11.78,11.29
kruger,2021-05-08,23.63,17.33,6.66,9.9,14.58
kruger,2021-05-09,29.36,13.83,5.01,6.71,28.4
kruger,2021-05-10,23.34,16.9,1.45,9.37,42.48
kruger,2021-05-11,29.16,14.25,0.2,11.21,20.45
kruger,2021-05-12,25.59,16.65,0.0,15.51,40.78
kruger,2021-05-13,27.92,16.8,3.0,7.95,19.18
kruger,2021-05-14,23.85,15.5,0.0,9.98,32.75
kruger,2021-05-15,25.1,11.76,2.79,12.93,36.27
kruger,2021-05-16,27.62,12.47,0.0,13.96,12.59
kruger,2021-05-17,28.69,15.31,0.0,8.2,35.36
kruger,2021-05-18,29.62,15.57,0.0,9.64,53.35
kruger,2021-05-19,22.79,13.64,6.67,13.42,25.84
kruger,2021-05-20,21.65,12.37,2.15,11.58,29.65
kruger,2021-05-21,23.13,13.54,0.0,13.12,32.0
kruger,2021-05-22,22.77,12.27,0.0,13.5,29.26
kruger,2021-05-23,30.58,12.2,5.03,11.62,27.97
kruger,2021-05-24,29.81,17.69,0.17,10.36,26.51
kruger,2021-05-25,22.72,11.52,3.4,7.89,3.51
kruger,2021-05-26,30.75,13.89,0.0,9.14,33.53
kruger,2021-05-27,29.38,12.92,1.93,9.31,10.33
kruger,2021-05-28,20.56,9.39,1.28,13.41,31.82
kruger,2021-05-29,22.28,9.22,0.0,10.32,36.42
kruger,2021-05-30,20.31,12.09,3.31,10.32,31.73
kruger,2021-05-31,24.95,7.33,7.1,6.75,12.1
kruger,2021-06-01,25.18,16.7,2.46,13.32,29.82
kruger,2021-06-02,25.1,11.15,1.28,7.38,21.63
kruger,2021-06-03,18.89,10.86,0.0,8.8,15.73
kruger,2021-06-04,20.61,14.95,4.52,13.56,55.28
kruger,2021-06-05,25.6,11.47,0.0,12.27,10.6
kruger,2021-06-06,26.61,13.38,2.91,7.03,31.25
kruger,2021-06-07,18.62,10.24,3.66,6.32,46.47
kruger,2021-06-08,20.76,11.72,4.52,8.92,29.09
kruger,2021-06-09,27.6,13.96,4.55,7.78,13.89
kruger,2021-06-10,20.79,9.31,4.36,5.09,14.62
kruger,2021-06-11,24.36,12.72,0.0,7.21,1.71
kruger,2021-06-12,20.38,5.29,0.0,1.2,23.85
kruger,2021-06-13,26.76,14.43,0.0,12.14,24.19
kruger,2021-06-14,18.16,9.82,0.0,11.93,18.26
kruger,2021-06-15,23.23,10.93,6.37,13.61,43.18
kruger,2021-06-16,26.91,10.84,0.0,10.42,21.06
kruger,2021-06-17,25.86,8.59,0.0,8.0,0.0
kruger,2021-06-18,22.58,8.34,0.0,12.39,43.98
kruger,2021-06-19,21.82,12.22,0.0,7.2,3.82
kruger,2021-06-20,23.16,12.28,9.12,5.31,29.08
kruger,2021-06-21,19.94,8.59,0.0,8.83,30.87
kruger,2021-06-22,23.46,12.11,1.79,10.49,19.95
kruger,2021-06-23,23.46,12.1,0.0,6.8,34.99
kruger,2021-06-24,22.41,9.71,0.0,6.08,21.98
kruger,2021-06-25,26.61,7.38,0.0,7.95,15.29
kruger,2021-06-26,20.36,10.47,0.0,10.43,0.0
kruger,2021-06-27,18.41,11.44,0.0,8.74,0.0
kruger,2021-06-28,21.91,10.34,0.0,17.07,61.56
kruger,2021-06-29,23.82,8.96,0.34,8.74,31.16
kruger,2021-06-30,23.09,11.57,0.0,11.39,38.85
kruger,2021-07-01,22.92,13.53,0.0,4.78,57.62
kruger,2021-07-02,19.96,8.41,0.15,10.87,14.4
kruger,2021-07-03,20.35,9.56,2.75,7.71,17.61
kruger,2021-07-04,21.81,17.13,4.47,9.06,0.0
kruger,2021-07-05,21.54,10.97,0.0,14.14,15.18
kruger,2021-07-06,26.51,7.05,0.0,7.95,14.7
kruger,2021-07-07,23.98,8.99,0.0,5.14,13.49
kruger,2021-07-08,21.56,8.27,0.0,5.6,35.04
kruger,2021-07-09,26.42,11.09,5.15,9.56,29.93
kruger,2021-07-10,24.46,10.89,0.0,9.4,32.93
kruger,2021-07-11,19.03,8.51,0.0,9.26,0.76
kruger,2021-07-12,13.36,14.72,0.0,5.17,19.43
kruger,2021-07-13,19.09,10.28,6.05,15.1,24.1
kruger,2021-07-14,24.83,8.91,0.0,13.41,46.92
kruger,2021-07-15,25.71,6.98,0.0,9.4,20.61
kruger,2021-07-16,18.05,7.79,0.0,4.45,16.36
kruger,2021-07-17,24.99,6.9,0.0,13.76,35.09
kruger,2021-07-18,24.87,9.53,3.92,12.41,14.89
kruger,2021-07-19,27.19,7.79,0.0,9.31,25.8
kruger,2021-07-20,25.85,11.96,0.0,12.6,25.34
kruger,2021-07-21,27.06,8.54,0.0,7.52,10.93
kruger,2021-07-22,24.47,12.1,0.0,6.12,8.36
kruger,2021-07-23,24.37,11.23,0.0,9.47,17.53
kruger,2021-07-24,21.99,11.62,0.0,4.34,11.53
kruger,2021-07-25,25.47,12.25,0.0,5.67,0.0
kruger,2021-07-26,19.02,15.0,2.75,10.64,28.88
kruger,2021-07-27,22.61,7.9,1.58,9.73,26.64
kruger,2021-07-28,24.66,12.15,7.3,4.87,6.98
kruger,2021-07-29,27.27,11.05,0.0,7.79,5.57
kruger,2021-07-30,21.63,12.72,1.9,5.01,25.54
kruger,2021-07-31,25.98,10.36,0.0,7.56,44.55
kruger,2021-08-01,22.51,13.04,6.41,7.24,33.64
kruger,2021-08-02,26.08,6.89,0.0,12.02,36.4
kruger,2021-08-03,20.73,7.63,0.0,8.58,13.89
kruger,2021-08-04,25.34,8.74,1.77,8.32,24.77
kruger,2021-08-05,22.9,10.0,0.0,7.88,16.63
kruger,2021-08-06,19.66,10.33,0.0,3.91,7.82
kruger,2021-08-07,22.78,8.39,1.82,8.78,21.74
kruger,2021-08-08,27.24,7.79,2.61,10.54,5.88
kruger,2021-08-09,20.24,8.66,2.09,9.8,7.83
kruger,2021-08-10,18.88,6.06,0.0,11.19,12.44
kruger,2021-08-11,24.57,9.65,0.83,11.35,14.16
kruger,2021-08-12,18.37,10.26,3.61,15.73,18.91
kruger,2021-08-13,28.13,11.55,0.0,5.76,0.0
kruger,2021-08-14,28.1,10.9,0.0,9.87,5.63
kruger,2021-08-15,26.64,15.01,0.0,10.22,43.32
kruger,2021-08-16,23.54,12.6,2.84,8.23,19.76
kruger,2021-08-17,28.61,12.46,0.0,7.31,28.47
kruger,2021-08-18,27.7,11.57,0.0,10.72,26.44
kruger,2021-08-19,22.11,12.05,0.0,10.44,18.73
kruger,2021-08-20,28.07,10.21,2.48,6.09,7.28
kruger,2021-08-21,21.07,11.06,9.61,3.88,12.45
kruger,2021-08-22,23.27,15.66,0.0,7.81,50.25
kruger,2021-08-23,18.53,10.74,0.0,7.28,13.05
kruger,2021-08-24,24.41,7.64,1.06,11.13,47.06
kruger,2021-08-25,23.14,12.77,0.0,6.57,15.19
kruger,2021-08-26,22.73,13.27,3.57,8.83,16.83
kruger,2021-08-27,23.65,11.53,0.0,4.26,22.97
kruger,2021-08-28,22.47,6.51,3.85,4.75,19.38
kruger,2021-08-29,24.4,14.49,0.0,7.11,8.16
kruger,2021-08-30,28.19,11.91,2.57,8.69,22.23
kruger,2021-08-31,21.21,10.62,0.0,7.01,0.58
kruger,2021-09-01,27.05,14.44,8.23,9.92,28.36
kruger,2021-09-02,25.18,6.47,0.0,4.41,26.49
kruger,2021-09-03,25.73,11.88,0.0,8.89,34.28
kruger,2021-09-04,24.58,10.32,0.0,8.95,16.13
kruger,2021-09-05,22.6,15.48,3.87,5.24,34.9
kruger,2021-09-06,26.16,12.43,2.87,10.29,30.53
kruger,2021-09-07,26.45,9.73,0.0,3.13,26.23
kruger,2021-09-08,22.57,14.82,4.8,7.6,54.23
kruger,2021-09-09,21.03,5.9,0.0,12.05,31.89
kruger,2021-09-10,25.38,13.4,2.47,3.03,18.13
kruger,2021-09-11,27.47,9.05,3.46,11.75,48.4
kruger,2021-09-12,28.3,11.13,0.05,6.26,33.28
kruger,2021-09-13,28.98,11.77,4.72,8.02,52.58
kruger,2021-09-14,26.57,14.73,0.56,14.04,0.0
kruger,2021-09-15,24.75,18.04,2.55,7.96,21.95
kruger,2021-09-16,25.61,8.17,0.15,14.72,22.27
kruger,2021-09-17,21.98,13.82,0.0,8.99,0.0
kruger,2021-09-18,23.75,18.3,0.87,9.68,29.8
kruger,2021-09-19,25.72,11.45,0.0,12.49,22.03
kruger,2021-09-20,25.17,11.38,7.05,11.62,0.0
kruger,2021-09-21,26.34,13.65,0.0,10.48,16.71
kruger,2021-09-22,22.03,15.22,6.5,8.66,49.3
kruger,2021-09-23,22.79,14.89,0.95,5.43,42.44
kruger,2021-09-24,28.66,12.44,3.35,5.6,18.44
kruger,2021-09-25,23.93,11.42,0.0,14.08,18.31
kruger,2021-09-26,24.49,16.81,0.61,15.27,42.65
kruger,2021-09-27,26.9,11.68,0.0,10.59,0.57
kruger,2021-09-28,23.92,8.92,10.39,4.92,39.27
kruger,2021-09-29,30.12,10.17,0.0,7.95,3.21
kruger,2021-09-30,23.13,12.46,6.71,7.84,55.64
kruger,2021-10-01,27.0,17.73,6.84,8.67,41.21
kruger,2021-10-02,24.85,11.13,6.79,7.71,4.0
kruger,2021-10-03,27.66,18.0,0.0,11.96,26.28
kruger,2021-10-04,25.8,17.56,9.58,11.17,37.07
kruger,2021-10-05,27.32,14.96,10.48,15.2,2.84
kruger,2021-10-06,31.16,8.12,3.96,9.33,32.32
kruger,2021-10-07,25.53,11.63,0.7,11.13,40.53
kruger,2021-10-08,25.61,13.11,0.0,12.79,2.62
kruger,2021-10-09,26.85,19.12,4.58,13.66,45.17
kruger,2021-10-10,32.32,13.47,3.02,6.93,32.45
kruger,2021-10-11,27.73,13.07,3.56,11.88,48.41
kruger,2021-10-12,31.8,15.57,0.0,11.14,31.48
kruger,2021-10-13,27.67,11.68,3.1,11.64,19.48
kruger,2021-10-14,31.87,15.24,7.61,10.95,18.36
kruger,2021-10-15,29.63,13.41,6.37,15.94,31.34
kruger,2021-10-16,30.17,22.23,1.52,8.16,33.54
kruger,2021-10-17,24.31,13.32,2.81,8.02,52.67
kruger,2021-10-18,23.96,20.54,0.0,8.44,32.86
kruger,2021-10-19,32.03,12.97,0.72,10.07,13.99
kruger,2021-10-20,32.1,16.58,2.09,11.85,30.87
kruger,2021-10-21,36.29,17.28,6.05,9.64,15.22
kruger,2021-10-22,24.67,16.48,0.76,14.06,43.68
kruger,2021-10-23,30.69,16.43,0.0,11.07,47.47
kruger,2021-10-24,26.26,18.49,6.75,10.82,50.37
kruger,2021-10-25,27.22,17.48,2.1,7.16,34.92
kruger,2021-10-26,28.03,16.11,0.51,16.64,29.31
kruger,2021-10-27,30.79,14.96,7.18,11.07,32.49
kruger,2021-10-28,27.75,16.33,5.83,16.16,39.12
kruger,2021-10-29,29.95,16.4,3.24,9.42,33.19
kruger,2021-10-30,32.45,16.46,2.73,13.81,65.32
kruger,2021-10-31,33.44,17.24,5.72,9.66,36.02
kruger,2021-11-01,32.23,13.63,6.42,16.84,40.31
kruger,2021-11-02,31.61,14.69,5.17,14.78,30.92
kruger,2021-11-03,29.93,19.44,4.89,14.0,31.59
kruger,2021-11-04,28.75,11.83,2.04,9.31,23.76
kruger,2021-11-05,32.17,20.55,2.35,17.24,27.76
kruger,2021-11-06,27.5,16.26,3.92,17.67,71.6
kruger,2021-11-07,31.11,21.93,0.83,10.45,52.01
kruger,2021-11-08,27.63,20.92,0.42,12.1,39.1
kruger,2021-11-09,30.83,17.13,4.44,14.43,34.66
kruger,2021-11-10,27.89,17.49,8.82,5.77,63.36
kruger,2021-11-11,29.94,22.13,0.0,15.15,32.62
kruger,2021-11-12,29.21,21.43,3.43,14.82,19.93
kruger,2021-11-13,28.95,20.77,6.15,10.09,52.92
kruger,2021-11-14,31.17,21.29,9.41,5.23,32.21
kruger,2021-11-15,24.26,15.81,12.38,12.84,27.17
kruger,2021-11-16,26.21,19.13,4.22,8.47,30.35
kruger,2021-11-17,34.12,16.79,13.2,7.14,53.27
kruger,2021-11-18,32.25,16.02,7.19,13.05,45.78
kruger,2021-11-19,29.72,19.3,8.69,15.92,32.88
kruger,2021-11-20,34.91,17.95,1.23,11.34,54.99
kruger,2021-11-21,30.16,18.66,7.36,15.58,35.83
kruger,2021-11-22,30.42,17.91,9.21,14.05,24.01
kruger,2021-11-23,29.9,16.11,2.91,7.96,29.21
kruger,2021-11-24,38.06,23.58,0.0,10.45,49.45
kruger,2021-11-25,33.13,19.81,6.38,15.38,37.65
kruger,2021-11-26,33.09,15.9,4.98,10.48,51.26
kruger,2021-11-27,33.99,20.04,11.27,14.65,66.65
kruger,2021-11-28,27.11,23.47,3.79,10.99,40.79
kruger,2021-11-29,30.97,22.15,3.18,14.41,90.5
kruger,2021-11-30,34.2,18.54,1.37,13.56,54.92
kruger,2021-12-01,32.9,18.67,3.59,11.56,48.39
kruger,2021-12-02,39.61,17.6,16.83,14.41,31.28
kruger,2021-12-03,31.46,18.21,0.0,5.88,46.32
kruger,2021-12-04,35.97,18.49,0.92,9.12,48.08
kruger,2021-12-05,35.63,16.54,6.09,11.01,63.45
kruger,2021-12-06,33.72,19.18,14.26,15.95,43.36
kruger,2021-12-07,34.33,21.22,9.37,8.11,59.02
kruger,2021-12-08,32.56,19.39,12.66,12.37,53.4
kruger,2021-12-09,27.58,21.04,4.96,13.45,67.62
kruger,2021-12-10,34.61,24.62,0.98,13.26,69.03
kruger,2021-12-11,34.92,25.22,4.79,12.25,58.45
kruger,2021-12-12,35.45,20.53,6.13,10.7,65.13
kruger,2021-12-13,33.95,22.96,6.72,11.85,70.72
kruger,2021-12-14,36.73,20.41,5.86,15.53,62.14
kruger,2021-12-15,31.29,19.66,9.12,10.56,58.45
kruger,2021-12-16,38.35,18.15,3.95,6.17,60.62
kruger,2021-12-17,31.04,21.22,3.13,14.07,78.85
kruger,2021-12-18,33.73,23.77,2.05,17.17,56.55
kruger,2021-12-19,36.16,17.93,7.73,9.55,65.98
kruger,2021-12-20,32.62,20.45,7.37,16.8,45.07
kruger,2021-12-21,36.46,20.38,11.34,14.3,77.91
kruger,2021-12-22,33.24,21.88,13.2,9.29,62.3
kruger,2021-12-23,34.67,21.97,2.21,10.66,50.54
kruger,2021-12-24,33.82,22.71,7.17,10.55,54.83
kruger,2021-12-25,32.68,26.15,6.28,13.31,52.75
kruger,2021-12-26,41.21,19.28,0.99,12.27,56.25
kruger,2021-12-27,31.98,19.18,5.05,16.15,59.46
kruger,2021-12-28,27.68,22.15,13.46,15.39,53.5
kruger,2021-12-29,32.16,25.21,4.69,8.22,32.76
kruger,2021-12-30,35.01,17.96,4.05,8.61,83.32
kruger,2021-12-31,33.52,22.48,7.06,14.73,60.82
kruger,2022-01-01,37.74,21.18,10.93,11.35,61.01
kruger,2022-01-02,37.66,23.85,6.09,12.38,56.33
kruger,2022-01-03,33.79,23.32,7.84,14.55,70.77
kruger,2022-01-04,29.73,21.9,0.0,15.5,57.97
kruger,2022-01-05,30.95,23.02,9.66,9.23,52.67
kruger,2022-01-06,34.73,20.18,8.27,6.28,53.72
kruger,2022-01-07,30.16,23.85,10.94,12.61,76.27
kruger,2022-01-08,33.77,25.34,0.0,10.39,60.61
kruger,2022-01-09,39.16,22.14,6.22,13.16,57.12
kruger,2022-01-10,35.94,20.89,11.3,12.7,51.17
kruger,2022-01-11,35.07,21.57,5.22,10.05,52.95
kruger,2022-01-12,31.82,23.92,7.67,19.24,74.02
kruger,2022-01-13,35.5,21.85,5.83,13.04,44.11
kruger,2022-01-14,34.19,18.97,5.94,11.27,67.94
kruger,2022-01-15,35.69,24.36,12.15,13.3,68.53
kruger,2022-01-16,37.17,19.53,1.8,14.58,61.19
kruger,2022-01-17,37.69,23.05,7.29,11.1,55.12
kruger,2022-01-18,35.38,17.33,8.5,19.96,35.76
kruger,2022-01-19,36.53,22.27,11.25,8.43,67.96
kruger,2022-01-20,33.46,21.83,7.01,8.64,34.07
kruger,2022-01-21,38.4,17.08,11.37,8.2,60.5
kruger,2022-01-22,32.34,22.83,7.28,13.01,58.77
kruger,2022-01-23,34.37,19.24,7.97,14.42,69.49
kruger,2022-01-24,38.7,22.2,7.82,12.0,44.52
kruger,2022-01-25,33.53,20.95,10.11,14.4,43.75
kruger,2022-01-26,30.95,18.27,9.65,14.36,65.91
kruger,2022-01-27,33.72,19.34,3.02,11.9,55.29
kruger,2022-01-28,39.12,19.53,8.33,14.26,27.55
kruger,2022-01-29,28.12,24.38,9.61,12.39,57.67
kruger,2022-01-30,35.22,24.0,13.29,11.74,84.82
kruger,2022-01-31,32.99,27.38,3.39,11.47,65.87
kruger,2022-02-01,34.37,20.59,9.57,13.66,39.79
kruger,2022-02-02,33.8,20.49,6.01,16.6,64.55
kruger,2022-02-03,37.71,22.16,8.15,9.33,72.16
kruger,2022-02-04,34.96,20.91,3.07,11.49,31.46
kruger,2022-02-05,37.81,20.32,7.3,13.41,52.93
kruger,2022-02-06,38.6,21.88,8.61,18.19,76.64
kruger,2022-02-07,34.8,23.47,3.43,14.2,34.18
kruger,2022-02-08,33.6,16.4,13.08,10.46,52.74
kruger,2022-02-09,35.78,20.22,1.09,10.11,53.6
kruger,2022-02-10,36.32,18.11,9.39,15.83,50.47
kruger,2022-02-11,31.11,21.19,0.0,11.92,77.22
kruger,2022-02-12,35.24,22.62,6.17,9.15,74.79
kruger,2022-02-13,33.73,24.29,9.08,15.87,51.78
kruger,2022-02-14,33.19,20.37,9.99,13.74,40.92
kruger,2022-02-15,32.34,21.67,6.68,9.22,75.12
kruger,2022-02-16,32.49,17.16,6.11,8.77,67.5
kruger,2022-02-17,38.08,19.17,9.31,6.27,55.47
kruger,2022-02-18,33.18,21.79,10.81,10.89,65.38
kruger,2022-02-19,37.65,17.82,12.5,13.65,65.1
kruger,2022-02-20,34.56,24.26,1.78,15.6,42.1
kruger,2022-02-21,30.71,22.42,6.11,13.98,46.13
kruger,2022-02-22,34.63,18.8,0.0,8.77,54.94
kruger,2022-02-23,30.44,17.3,1.36,11.82,25.67
kruger,2022-02-24,35.76,19.15,3.98,16.94,49.34
kruger,2022-02-25,33.26,18.64,10.22,11.09,42.4
kruger,2022-02-26,36.39,17.78,4.79,14.91,56.65
kruger,2022-02-27,38.06,17.24,5.52,14.52,36.98
kruger,2022-02-28,28.49,20.12,7.83,14.85,60.1
kruger,2022-03-01,32.25,22.46,3.91,13.84,56.78
kruger,2022-03-02,29.94,18.79,0.0,14.79,51.69
kruger,2022-03-03,39.97,21.61,3.52,8.05,60.03
kruger,2022-03-04,32.11,19.61,5.97,17.02,61.65
kruger,2022-03-05,29.41,21.89,8.28,7.03,48.96
kruger,2022-03-06,40.01,18.32,5.53,13.36,52.82
kruger,2022-03-07,31.04,20.92,8.12,12.26,41.87
kruger,2022-03-08,28.28,20.44,9.96,10.5,41.45
kruger,2022-03-09,29.59,23.47,10.69,9.43,75.26
kruger,2022-03-10,33.42,21.39,6.85,13.98,48.26
kruger,2022-03-11,33.05,20.55,1.56,14.71,50.86
kruger,2022-03-12,30.32,16.16,1.07,11.97,49.62
kruger,2022-03-13,31.3,18.44,1.39,11.38,56.08
kruger,2022-03-14,32.83,17.67,1.65,16.07,42.08
kruger,2022-03-15,36.56,17.53,6.29,10.93,43.25
kruger,2022-03-16,33.51,19.54,13.39,12.04,63.74
kruger,2022-03-17,30.73,20.02,6.63,11.53,27.1
kruger,2022-03-18,31.65,20.04,5.39,19.52,51.92
kruger,2022-03-19,34.56,22.4,9.51,9.56,36.52
kruger,2022-03-20,37.2,20.37,2.29,14.55,18.41
kruger,2022-03-21,28.76,16.0,9.72,6.93,47.03
kruger,2022-03-22,35.33,19.49,9.36,9.12,30.63
kruger,2022-03-23,30.96,20.36,5.67,11.04,27.65
kruger,2022-03-24,26.93,21.96,13.74,11.54,86.28
kruger,2022-03-25,26.25,18.33,9.77,11.08,55.17
kruger,2022-03-26,35.62,18.26,5.43,11.58,55.23
kruger,2022-03-27,35.89,21.22,4.61,9.78,45.62
kruger,2022-03-28,29.73,18.88,3.39,15.67,28.2
kruger,2022-03-29,30.7,14.34,4.54,8.78,43.31
kruger,2022-03-30,25.9,13.71,4.59,13.98,40.15
kruger,2022-03-31,33.43,22.75,3.65,13.75,16.29
kruger,2022-04-01,30.96,13.77,4.01,8.84,71.7
kruger,2022-04-02,26.3,17.53,0.03,10.55,43.17
kruger,2022-04-03,31.47,20.06,2.46,11.61,31.69
kruger,2022-04-04,26.59,13.34,0.0,16.61,45.7
kruger,2022-04-05,32.33,14.95,6.26,10.44,22.84
kruger,2022-04-06,27.31,14.44,4.86,22.39,29.12
kruger,2022-04-07,31.47,21.96,3.98,13.79,65.9
kruger,2022-04-08,28.4,22.4,7.95,12.48,34.73
kruger,2022-04-09,23.16,15.42,0.88,14.07,41.91
kruger,2022-04-10,33.14,18.6,1.43,6.23,43.4
kruger,2022-04-11,33.21,17.82,0.0,14.87,38.9
kruger,2022-04-12,28.39,16.25,8.23,7.35,33.09
kruger,2022-04-13,30.67,12.78,6.49,13.89,74.87
kruger,2022-04-14,31.06,22.52,9.32,9.47,29.37
kruger,2022-04-15,31.06,12.1,10.26,8.82,26.74
kruger,2022-04-16,34.72,17.07,2.16,16.5,47.16
kruger,2022-04-17,30.69,14.82,0.95,10.85,20.19
kruger,2022-04-18,28.26,18.86,0.0,6.52,54.44
kruger,2022-04-19,30.52,18.35,0.0,14.0,35.76
kruger,2022-04-20,27.84,13.68,2.29,7.38,40.37
kruger,2022-04-21,25.83,14.05,0.0,15.09,42.52
kruger,2022-04-22,32.58,12.05,0.0,10.93,32.65
kruger,2022-04-23,30.42,16.31,3.05,7.12,51.13
kruger,2022-04-24,23.13,17.49,6.88,13.37,46.8
kruger,2022-04-25,26.56,14.51,0.37,12.43,44.46
kruger,2022-04-26,30.78,14.9,3.69,4.47,13.65
kruger,2022-04-27,23.72,20.18,10.56,10.61,30.79
kruger,2022-04-28,26.05,17.64,0.0,11.66,34.01
kruger,2022-04-29,36.19,18.57,7.31,11.46,61.4
kruger,2022-04-30,27.11,9.49,4.42,10.15,13.79
kruger,2022-05-01,31.25,16.37,7.9,12.9,25.09
kruger,2022-05-02,32.4,15.52,6.63,12.34,50.54
kruger,2022-05-03,25.07,11.66,0.04,10.69,19.9
kruger,2022-05-04,28.49,12.08,2.64,9.86,23.78
kruger,2022-05-05,33.77,14.05,0.0,10.98,58.42
kruger,2022-05-06,28.87,11.14,0.4,8.69,38.46
kruger,2022-05-07,34.49,12.4,2.55,7.4,45.51
kruger,2022-05-08,25.38,13.14,3.58,7.06,43.15
kruger,2022-05-09,32.59,15.63,5.45,10.1,33.74
kruger,2022-05-10,27.15,12.33,8.56,7.79,33.03
kruger,2022-05-11,26.02,12.88,0.42,9.86,44.63
kruger,2022-05-12,28.82,16.46,6.68,14.29,18.3
kruger,2022-05-13,26.47,9.4,3.11,9.65,56.7
kruger,2022-05-14,26.46,14.28,0.0,10.65,22.36
kruger,2022-05-15,28.07,14.59,1.31,9.52,45.4
kruger,2022-05-16,21.1,14.56,2.31,14.09,37.32
kruger,2022-05-17,24.03,12.17,0.0,15.12,21.21
kruger,2022-05-18,28.5,10.67,0.0,8.7,36.37
kruger,2022-05-19,29.22,17.04,0.0,12.26,30.72
kruger,2022-05-20,27.22,11.01,0.0,16.32,2.02
kruger,2022-05-21,26.89,10.27,0.0,6.54,26.9
kruger,2022-05-22,27.18,13.02,6.4,12.93,9.17
kruger,2022-05-23,28.75,11.03,0.0,4.74,35.22
kruger,2022-05-24,21.52,15.42,1.81,10.02,25.19
kruger,2022-05-25,24.18,12.04,3.42,9.48,40.18
kruger,2022-05-26,25.4,15.57,0.0,4.75,16.29
kruger,2022-05-27,26.12,13.66,0.26,13.11,7.02
kruger,2022-05-28,19.12,11.48,0.0,10.26,10.03
kruger,2022-05-29,21.6,15.15,0.77,7.01,56.2
kruger,2022-05-30,25.24,10.66,3.68,10.75,71.06
kruger,2022-05-31,28.25,11.41,3.27,12.45,55.38
kruger,2022-06-01,23.87,13.45,0.0,4.4,1.99
kruger,2022-06-02,23.05,12.62,0.0,0.24,4.18
kruger,2022-06-03,26.56,10.29,1.48,9.53,8.6
kruger,2022-06-04,23.91,8.06,0.0,7.33,35.93
kruger,2022-06-05,27.46,11.78,0.0,13.62,55.69
kruger,2022-06-06,24.08,9.93,1.56,8.47,37.4
kruger,2022-06-07,21.33,11.75,0.0,10.49,26.44
kruger,2022-06-08,28.87,10.55,1.8,8.97,9.48
kruger,2022-06-09,28.25,9.74,10.58,4.87,18.83
kruger,2022-06-10,21.6,10.8,3.22,9.58,24.22
kruger,2022-06-11,25.59,11.22,5.81,5.49,35.91
kruger,2022-06-12,23.35,13.07,2.43,5.32,14.96
kruger,2022-06-13,26.13,12.33,0.66,6.13,28.25
kruger,2022-06-14,21.58,16.44,2.41,5.85,26.15
kruger,2022-06-15,26.76,11.5,2.17,8.75,23.32
kruger,2022-06-16,27.67,9.4,3.68,8.19,15.69
kruger,2022-06-17,21.19,10.61,0.42,10.19,23.24
kruger,2022-06-18,24.17,12.39,0.0,4.6,19.8
kruger,2022-06-19,27.56,13.42,0.0,8.55,9.32
kruger,2022-06-20,20.86,14.21,1.92,7.84,34.14
kruger,2022-06-21,21.8,8.27,0.0,9.87,44.31
kruger,2022-06-22,25.74,13.96,2.75,10.0,23.08
kruger,2022-06-23,23.23,10.59,5.33,9.7,19.67
kruger,2022-06-24,18.93,8.34,0.0,6.25,31.58
kruger,2022-06-25,22.65,10.1,4.75,9.28,22.82
kruger,2022-06-26,28.81,13.6,0.91,7.65,37.0
kruger,2022-06-27,29.71,11.67,0.0,13.12,21.35
kruger,2022-06-28,21.57,7.45,0.11,9.49,28.41
kruger,2022-06-29,20.7,7.43,0.0,9.39,45.48
kruger,2022-06-30,22.03,7.33,0.0,5.29,38.37
kruger,2022-07-01,28.78,8.54,0.0,7.35,16.88
kruger,2022-07-02,25.86,10.53,0.0,9.89,35.34
kruger,2022-07-03,27.69,7.49,8.26,8.86,2.99
kruger,2022-07-04,26.27,9.2,0.0,8.82,15.89
kruger,2022-07-05,19.28,13.75,0.0,3.82,31.3
kruger,2022-07-06,20.37,14.26,0.0,6.63,41.65
kruger,2022-07-07,21.1,14.06,0.0,8.24,7.35
kruger,2022-07-08,21.6,5.67,0.68,12.66,18.13
kruger,2022-07-09,21.1,14.32,0.0,3.37,18.51
kruger,2022-07-10,21.43,10.35,0.0,5.91,17.01
kruger,2022-07-11,25.02,10.29,0.0,3.34,0.08
kruger,2022-07-12,23.49,12.65,0.0,10.0,25.78
kruger,2022-07-13,26.72,11.82,0.0,12.58,0.0
kruger,2022-07-14,23.81,5.38,0.0,10.1,35.23
kruger,2022-07-15,21.01,8.51,7.45,10.74,38.37
kruger,2022-07-16,23.59,9.11,0.0,5.91,8.51
kruger,2022-07-17,18.48,6.69,0.0,10.11,0.0
kruger,2022-07-18,16.08,12.5,0.0,6.69,17.55
kruger,2022-07-19,24.94,13.6,0.46,9.18,10.22
kruger,2022-07-20,26.06,9.98,0.0,10.51,14.86
kruger,2022-07-21,23.22,10.75,1.71,8.12,19.37
kruger,2022-07-22,21.83,9.97,0.07,11.46,4.05
kruger,2022-07-23,18.98,10.25,2.69,8.51,42.89
kruger,2022-07-24,26.51,12.8,0.0,9.82,8.4
kruger,2022-07-25,24.49,5.6,0.0,14.68,32.07
kruger,2022-07-26,23.89,11.23,2.22,10.5,4.71
kruger,2022-07-27,23.01,10.06,0.0,6.76,19.01
kruger,2022-07-28,21.63,8.25,1.97,7.57,24.88
kruger,2022-07-29,19.71,8.79,1.79,11.64,20.2
kruger,2022-07-30,23.82,14.65,0.0,12.15,14.4
kruger,2022-07-31,21.46,6.76,5.87,8.92,10.87
kruger,2022-08-01,21.83,9.68,1.63,4.45,12.22
kruger,2022-08-02,28.27,14.19,0.0,6.19,8.26
kruger,2022-08-03,22.99,6.96,3.55,9.59,23.46
kruger,2022-08-04,15.8,9.02,0.0,10.79,46.01
kruger,2022-08-05,21.58,10.29,2.81,12.08,24.01
kruger,2022-08-06,20.21,11.24,0.82,2.97,27.64
kruger,2022-08-07,22.82,10.04,0.0,11.69,35.04
kruger,2022-08-08,19.0,8.03,2.1,13.37,12.14
kruger,2022-08-09,24.6,11.42,0.0,1.92,0.0
kruger,2022-08-10,22.45,10.08,0.0,9.1,19.16
kruger,2022-08-11,21.94,11.94,0.0,11.4,32.06
kruger,2022-08-12,23.86,12.72,2.93,4.9,49.51
kruger,2022-08-13,23.21,6.73,0.0,7.65,4.78
kruger,2022-08-14,23.08,13.07,4.28,10.84,36.11
kruger,2022-08-15,22.85,9.89,0.0,7.61,23.67
kruger,2022-08-16,23.51,12.63,1.06,8.1,14.06
kruger,2022-08-17,24.64,11.85,3.0,9.87,4.36
kruger,2022-08-18,24.31,15.3,2.93,5.71,11.44
kruger,2022-08-19,27.09,10.72,0.71,6.04,28.96
kruger,2022-08-20,22.12,9.75,0.0,10.66,38.87
kruger,2022-08-21,24.52,9.53,0.0,12.12,0.0
kruger,2022-08-22,31.2,8.27,0.0,10.48,28.56
kruger,2022-08-23,23.79,12.94,0.0,13.39,12.45
kruger,2022-08-24,23.96,8.22,0.0,10.58,14.03
kruger,2022-08-25,20.24,13.03,0.0,14.88,27.67
kruger,2022-08-26,21.95,10.53,7.44,9.56,50.44
kruger,2022-08-27,23.83,6.74,0.0,10.14,11.05
kruger,2022-08-28,25.81,14.93,4.81,10.61,20.59
kruger,2022-08-29,26.22,2.83,0.0,7.54,0.0
kruger,2022-08-30,25.31,11.13,0.0,7.12,29.03
kruger,2022-08-31,26.81,11.98,0.0,6.77,12.32
kruger,2022-09-01,21.47,5.7,0.0,7.82,46.53
kruger,2022-09-02,26.0,12.64,4.22,15.72,28.52
kruger,2022-09-03,24.65,9.93,2.92,15.0,19.1
kruger,2022-09-04,25.05,11.05,0.0,8.57,19.44
kruger,2022-09-05,23.66,15.11,11.49,8.32,29.3
kruger,2022-09-06,21.96,12.18,0.65,3.17,34.44
kruger,2022-09-07,21.25,11.02,1.0,6.65,6.79
kruger,2022-09-08,25.93,11.55,0.0,7.23,22.35
kruger,2022-09-09,26.54,16.49,0.0,8.36,24.79
kruger,2022-09-10,24.74,13.14,0.0,8.0,28.27
kruger,2022-09-11,25.16,10.0,4.38,10.38,44.95
kruger,2022-09-12,23.13,11.07,3.31,12.09,4.24
kruger,2022-09-13,26.88,9.39,6.24,7.61,40.24
kruger,2022-09-14,25.63,11.32,0.0,14.13,31.64
kruger,2022-09-15,24.44,16.56,3.55,10.88,18.99
kruger,2022-09-16,28.22,12.21,2.47,12.54,38.83
kruger,2022-09-17,27.64,9.36,3.04,8.58,21.28
kruger,2022-09-18,21.19,13.87,0.0,11.57,0.13
kruger,2022-09-19,26.03,11.9,0.0,11.32,0.0
kruger,2022-09-20,23.1,14.37,3.64,14.39,9.65
kruger,2022-09-21,26.48,12.45,5.03,11.98,20.04
kruger,2022-09-22,16.69,16.76,0.0,12.61,31.08
kruger,2022-09-23,26.83,10.96,4.1,8.49,37.76
kruger,2022-09-24,28.47,10.42,6.52,13.7,25.24
kruger,2022-09-25,26.09,15.77,0.34,6.31,8.27
kruger,2022-09-26,23.03,8.51,0.0,8.45,24.03
kruger,2022-09-27,32.48,13.18,0.0,11.05,26.78
kruger,2022-09-28,30.18,15.71,0.0,6.78,56.43
kruger,2022-09-29,25.21,8.32,0.25,7.5,39.04
kruger,2022-09-30,26.12,14.06,1.96,7.53,6.16
kruger,2022-10-01,21.06,10.26,2.1,11.47,26.61
kruger,2022-10-02,28.52,9.48,1.14,9.89,42.1
kruger,2022-10-03,23.09,11.53,5.01,13.29,32.3
kruger,2022-10-04,29.29,13.84,0.0,16.07,7.96
kruger,2022-10-05,30.47,12.63,7.49,11.28,44.92
kruger,2022-10-06,27.28,17.26,6.26,8.96,38.43
kruger,2022-10-07,24.4,14.8,6.03,11.64,30.96
kruger,2022-10-08,31.44,13.47,0.0,7.88,21.55
kruger,2022-10-09,27.8,11.52,2.23,10.41,49.18
kruger,2022-10-10,28.18,15.46,5.66,18.02,7.11
kruger,2022-10-11,25.2,20.14,2.03,10.06,11.34
kruger,2022-10-12,28.68,13.34,0.1,11.61,23.98
kruger,2022-10-13,27.59,13.74,0.01,10.25,39.87
kruger,2022-10-14,24.32,12.65,0.27,9.54,15.22
kruger,2022-10-15,32.43,18.37,0.0,12.25,27.85
kruger,2022-10-16,33.79,17.83,14.65,7.02,31.25
kruger,2022-10-17,31.67,14.5,0.0,10.37,41.86
kruger,2022-10-18,31.32,14.22,0.0,6.83,32.9
kruger,2022-10-19,34.11,13.46,5.76,15.57,33.3
kruger,2022-10-20,25.78,15.2,0.72,13.94,27.15
kruger,2022-10-21,25.85,18.58,2.11,8.7,54.42
kruger,2022-10-22,27.89,16.23,5.17,5.48,48.33
kruger,2022-10-23,30.13,19.45,7.78,12.55,48.13
kruger,2022-10-24,28.46,14.54,2.63,10.98,27.45
kruger,2022-10-25,26.38,10.66,7.48,17.88,31.77
kruger,2022-10-26,29.56,23.05,0.0,15.39,46.95
kruger,2022-10-27,29.36,17.18,1.51,13.12,31.34
kruger,2022-10-28,32.27,18.69,5.98,9.66,26.59
kruger,2022-10-29,29.98,14.88,11.96,10.5,45.16
kruger,2022-10-30,24.24,13.54,0.27,12.22,21.55
kruger,2022-10-31,31.21,17.44,0.0,12.42,38.37
kruger,2022-11-01,34.9,12.18,5.64,9.26,55.23
kruger,2022-11-02,30.34,16.59,4.55,7.33,44.37
kruger,2022-11-03,33.32,19.91,1.53,17.24,26.82
kruger,2022-11-04,28.94,18.58,0.0,11.59,49.95
kruger,2022-11-05,32.25,18.19,2.48,12.79,34.18
kruger,2022-11-06,28.42,22.02,6.69,8.98,56.21
kruger,2022-11-07,30.02,18.69,3.34,15.68,51.49
kruger,2022-11-08,30.14,13.09,9.42,14.74,38.97
kruger,2022-11-09,32.38,17.58,4.26,11.83,33.26
kruger,2022-11-10,28.58,22.86,7.27,12.31,32.09
kruger,2022-11-11,26.75,17.37,6.04,12.57,84.0
kruger,2022-11-12,32.65,22.9,3.38,12.04,11.1
kruger,2022-11-13,32.64,20.9,8.39,13.45,19.39
kruger,2022-11-14,31.77,17.41,0.25,12.94,62.65
kruger,2022-11-15,34.33,15.83,2.97,11.31,59.72
kruger,2022-11-16,31.01,19.47,3.59,8.37,52.14
kruger,2022-11-17,32.56,21.89,6.83,11.83,17.16
kruger,2022-11-18,30.75,14.86,7.89,14.19,55.43
kruger,2022-11-19,31.12,19.2,2.17,13.98,32.96
kruger,2022-11-20,33.01,13.88,1.67,15.93,46.47
kruger,2022-11-21,38.87,18.23,5.86,16.28,54.35
kruger,2022-11-22,34.39,15.03,0.0,14.16,56.14
kruger,2022-11-23,33.9,20.66,9.7,12.65,39.07
kruger,2022-11-24,34.66,17.61,4.83,13.14,68.39
kruger,2022-11-25,25.38,22.32,1.1,10.42,61.6
kruger,2022-11-26,33.46,18.15,1.08,14.57,35.28
kruger,2022-11-27,35.32,18.01,7.15,16.17,42.77
kruger,2022-11-28,32.92,15.63,7.09,15.35,38.86
kruger,2022-11-29,32.62,20.73,2.93,13.92,49.57
kruger,2022-11-30,30.01,21.06,5.6,11.56,60.21
kruger,2022-12-01,31.61,22.26,1.59,11.24,23.28
kruger,2022-12-02,30.49,21.63,5.13,11.85,21.53
kruger,2022-12-03,36.06,21.07,12.11,10.16,39.07
kruger,2022-12-04,37.65,21.63,14.78,13.2,72.09
kruger,2022-12-05,39.02,21.96,5.46,4.02,55.61
kruger,2022-12-06,30.74,22.56,8.09,10.81,75.95
kruger,2022-12-07,31.35,16.54,7.98,12.66,50.2
kruger,2022-12-08,31.18,19.28,0.0,19.98,40.14
kruger,2022-12-09,30.44,16.44,1.9,12.51,27.85
kruger,2022-12-10,30.56,21.4,0.0,12.65,40.78
kruger,2022-12-11,32.09,24.71,8.38,10.04,44.14
kruger,2022-12-12,36.32,22.94,14.41,17.72,17.28
kruger,2022-12-13,31.61,19.24,10.94,10.15,41.26
kruger,2022-12-14,36.98,22.09,6.89,18.71,41.33
kruger,2022-12-15,37.99,21.76,6.37,10.41,54.61
kruger,2022-12-16,34.8,21.53,5.39,15.47,53.85
kruger,2022-12-17,37.69,17.74,11.07,12.5,59.47
kruger,2022-12-18,29.97,24.35,7.73,11.0,30.52
kruger,2022-12-19,32.44,18.17,7.16,15.73,38.02
kruger,2022-12-20,34.73,20.25,2.53,16.71,69.11
kruger,2022-12-21,34.89,23.62,9.38,12.18,51.51
kruger,2022-12-22,38.56,20.33,6.41,12.68,68.26
kruger,2022-12-23,31.32,21.51,8.63,11.53,53.6
kruger,2022-12-24,32.75,21.66,11.07,13.46,58.69
kruger,2022-12-25,34.15,21.57,0.57,9.52,63.96
kruger,2022-12-26,32.9,21.74,5.95,4.74,47.83
kruger,2022-12-27,31.37,22.03,5.4,7.22,46.31
kruger,2022-12-28,33.11,21.72,5.08,12.18,46.25
kruger,2022-12-29,33.84,19.34,2.75,9.65,55.41
kruger,2022-12-30,38.95,17.74,4.33,12.52,65.32
kruger,2022-12-31,31.59,24.14,2.87,11.35,50.73
kruger,2023-01-01,37.13,24.29,10.59,10.77,74.27
kruger,2023-01-02,38.53,22.56,8.82,10.96,83.29
kruger,2023-01-03,33.21,22.57,8.56,15.82,43.97
kruger,2023-01-04,35.55,19.49,0.0,13.63,75.07
kruger,2023-01-05,36.53,15.7,15.16,17.63,57.07
kruger,2023-01-06,36.06,21.2,5.75,13.25,63.13
kruger,2023-01-07,35.1,17.11,14.38,7.22,55.49
kruger,2023-01-08,32.84,22.33,10.41,9.83,75.86
kruger,2023-01-09,36.88,25.15,6.5,13.31,62.85
kruger,2023-01-10,33.79,20.37,15.61,13.7,52.49
kruger,2023-01-11,35.01,20.53,9.72,11.22,51.5
kruger,2023-01-12,35.47,19.43,6.55,10.59,39.79
kruger,2023-01-13,37.52,22.07,5.91,11.16,49.28
kruger,2023-01-14,40.75,21.88,11.61,12.56,76.2
kruger,2023-01-15,32.76,19.43,5.34,12.85,74.17
kruger,2023-01-16,35.14,24.27,5.98,9.7,48.35
kruger,2023-01-17,30.54,28.75,5.11,13.74,41.5
kruger,2023-01-18,39.44,24.97,4.48,13.71,72.26
kruger,2023-01-19,35.13,21.72,4.72,12.67,64.43
kruger,2023-01-20,34.1,21.69,14.59,10.93,28.36
kruger,2023-01-21,35.16,20.72,11.53,15.01,100.0
kruger,2023-01-22,35.3,20.66,8.44,16.97,58.16
kruger,2023-01-23,32.8,24.39,5.3,11.65,83.5
kruger,2023-01-24,38.55,24.49,5.29,11.11,60.57
kruger,2023-01-25,36.91,19.05,6.02,14.39,42.31
kruger,2023-01-26,37.32,22.88,14.63,9.48,60.8
kruger,2023-01-27,32.92,24.73,8.63,9.16,35.84
kruger,2023-01-28,32.74,21.07,10.45,11.03,55.92
kruger,2023-01-29,34.59,21.4,8.25,13.9,41.44
kruger,2023-01-30,37.31,23.65,3.9,10.33,54.64
kruger,2023-01-31,36.4,23.7,7.84,12.91,61.36
kruger,2023-02-01,32.54,22.95,3.11,6.93,62.01
kruger,2023-02-02,36.85,22.49,12.18,14.8,35.6
kruger,2023-02-03,31.91,22.8,4.39,17.26,47.75
kruger,2023-02-04,32.82,21.11,5.08,10.2,27.71
kruger,2023-02-05,35.25,18.98,10.6,14.26,66.56
kruger,2023-02-06,31.23,17.85,4.54,12.29,60.19
kruger,2023-02-07,31.82,23.2,6.43,13.22,39.42
kruger,2023-02-08,39.34,21.95,0.0,12.16,78.03
kruger,2023-02-09,38.75,22.79,5.97,11.97,63.82
kruger,2023-02-10,41.48,19.54,9.62,10.37,55.13
kruger,2023-02-11,35.93,21.83,4.71,9.58,49.48
kruger,2023-02-12,36.47,21.73,9.43,16.14,46.89
kruger,2023-02-13,34.03,24.69,7.1,7.79,44.48
kruger,2023-02-14,33.4,23.58,11.49,12.76,73.79
kruger,2023-02-15,37.02,19.56,4.17,12.61,60.15
kruger,2023-02-16,38.45,22.62,6.11,12.65,40.14
kruger,2023-02-17,36.68,19.45,1.17,14.77,75.17
kruger,2023-02-18,31.75,14.74,6.64,11.64,54.2
kruger,2023-02-19,35.39,25.53,5.29,14.7,41.61
kruger,2023-02-20,31.86,20.23,10.78,18.68,84.85
kruger,2023-02-21,33.14,23.71,4.41,12.25,38.62
kruger,2023-02-22,38.97,19.4,5.18,6.59,42.48
kruger,2023-02-23,30.4,18.98,4.13,12.24,54.67
kruger,2023-02-24,40.45,19.58,6.9,11.93,59.31
kruger,2023-02-25,35.53,21.52,14.71,13.83,42.99
kruger,2023-02-26,32.43,21.26,0.0,6.63,20.92
kruger,2023-02-27,33.97,22.01,6.48,13.56,54.36
kruger,2023-02-28,31.64,19.46,11.33,11.3,37.97
kruger,2023-03-01,31.99,20.73,4.53,14.95,48.06
kruger,2023-03-02,33.79,18.46,8.65,10.97,41.07
kruger,2023-03-03,32.51,24.17,11.21,15.1,36.74
kruger,2023-03-04,30.63,17.14,5.35,7.94,48.77
kruger,2023-03-05,32.7,18.3,3.8,12.51,43.05
kruger,2023-03-06,29.34,19.23,10.1,9.51,39.69
kruger,2023-03-07,29.4,26.19,8.29,10.94,66.53
kruger,2023-03-08,29.29,22.06,6.01,20.54,36.88
kruger,2023-03-09,38.08,17.93,8.66,9.51,47.76
kruger,2023-03-10,34.21,22.04,10.0,11.21,50.73
kruger,2023-03-11,34.7,21.2,5.9,8.87,25.68
kruger,2023-03-12,32.87,20.52,7.28,11.36,34.01
kruger,2023-03-13,34.27,21.49,8.09,11.8,49.91
kruger,2023-03-14,36.2,19.82,4.1,10.02,49.08
kruger,2023-03-15,33.81,20.02,10.64,16.93,38.14
kruger,2023-03-16,37.43,15.62,1.71,15.63,49.3
kruger,2023-03-17,32.31,23.03,5.26,9.3,53.42
kruger,2023-03-18,34.13,18.22,8.79,14.56,57.92
kruger,2023-03-19,34.36,16.16,1.44,10.64,58.83
kruger,2023-03-20,29.37,17.9,9.09,8.37,66.68
kruger,2023-03-21,32.2,17.91,6.31,9.87,49.86
kruger,2023-03-22,26.46,16.98,10.79,8.23,27.12
kruger,2023-03-23,31.51,20.84,7.88,14.79,43.21
kruger,2023-03-24,30.97,21.24,4.72,9.31,28.31
kruger,2023-03-25,30.7,13.81,6.23,15.77,59.72
kruger,2023-03-26,30.4,17.33,6.32,12.3,67.33
kruger,2023-03-27,33.06,17.42,13.28,10.63,46.33
kruger,2023-03-28,28.78,18.0,5.46,10.3,63.54
kruger,2023-03-29,36.92,22.6,4.51,17.04,62.2
kruger,2023-03-30,32.94,16.21,4.21,11.78,50.03
kruger,2023-03-31,28.74,22.05,5.69,10.2,53.05
kruger,2023-04-01,32.99,17.68,0.33,14.24,59.06
kruger,2023-04-02,33.94,21.88,3.27,13.41,23.57
kruger,2023-04-03,31.96,17.08,0.69,8.65,47.9
kruger,2023-04-04,27.74,16.69,1.14,11.6,52.16
kruger,2023-04-05,37.37,17.6,7.82,6.13,22.0
kruger,2023-04-06,32.48,20.79,4.64,11.42,71.87
kruger,2023-04-07,26.71,17.85,1.5,12.43,59.24
kruger,2023-04-08,30.98,17.88,3.8,12.8,59.03
kruger,2023-04-09,29.59,18.85,3.35,8.42,48.32
kruger,2023-04-10,30.17,14.96,4.48,9.17,27.62
kruger,2023-04-11,26.47,17.89,0.0,12.09,22.48
kruger,2023-04-12,30.11,15.38,0.0,15.07,39.68
kruger,2023-04-13,27.36,20.53,0.0,11.56,51.28
kruger,2023-04-14,28.7,17.79,0.4,9.57,48.63
kruger,2023-04-15,30.81,18.38,1.04,14.13,65.8
kruger,2023-04-16,28.11,11.44,0.0,11.57,35.14
kruger,2023-04-17,28.57,18.21,6.85,11.68,34.06
kruger,2023-04-18,31.8,15.89,11.08,13.5,39.23
kruger,2023-04-19,26.57,12.64,6.96,10.79,21.43
kruger,2023-04-20,27.18,16.37,1.32,8.24,60.96
kruger,2023-04-21,25.26,12.23,4.36,10.54,34.34
kruger,2023-04-22,26.45,17.45,3.18,14.31,41.54
kruger,2023-04-23,29.21,19.4,0.94,16.62,49.61
kruger,2023-04-24,30.63,11.24,8.61,7.25,25.76
kruger,2023-04-25,26.19,15.54,11.27,15.78,40.87
kruger,2023-04-26,30.34,15.1,0.0,9.74,36.25
kruger,2023-04-27,28.72,10.43,8.87,10.86,50.65
kruger,2023-04-28,24.16,17.6,0.67,15.87,35.81
kruger,2023-04-29,28.73,16.77,1.92,9.5,0.0
kruger,2023-04-30,31.68,20.16,4.03,9.88,20.98
kruger,2023-05-01,22.32,16.24,9.02,8.74,12.16
kruger,2023-05-02,33.91,12.7,3.89,10.75,63.23
kruger,2023-05-03,25.96,16.08,4.35,11.53,55.2
kruger,2023-05-04,22.75,17.91,6.04,8.5,1.39
kruger,2023-05-05,28.01,13.43,6.61,14.88,18.15
kruger,2023-05-06,29.99,16.62,4.54,8.26,12.2
kruger,2023-05-07,26.55,8.51,6.5,11.96,35.89
kruger,2023-05-08,28.23,17.98,0.0,10.51,17.97
kruger,2023-05-09,33.55,16.2,0.0,14.13,28.0
kruger,2023-05-10,27.71,7.74,9.53,7.95,11.0
kruger,2023-05-11,35.95,14.96,0.0,12.05,37.79
kruger,2023-05-12,30.7,8.94,0.0,17.56,5.82
kruger,2023-05-13,26.96,12.28,0.71,5.94,68.23
kruger,2023-05-14,27.58,15.41,0.0,7.53,52.93
kruger,2023-05-15,25.66,13.27,0.0,16.46,67.27
kruger,2023-05-16,27.27,16.66,3.7,9.77,38.83
kruger,2023-05-17,28.11,13.59,3.68,10.48,52.78
kruger,2023-05-18,25.12,13.24,4.2,9.11,42.5
kruger,2023-05-19,22.1,15.99,3.89,15.04,13.74
kruger,2023-05-20,30.11,12.31,0.0,5.21,22.92
kruger,2023-05-21,28.98,13.0,0.0,13.73,34.56
kruger,2023-05-22,21.72,13.24,5.96,5.56,45.18
kruger,2023-05-23,26.39,12.71,0.0,5.26,27.51
kruger,2023-05-24,28.87,15.69,0.0,6.67,35.63
kruger,2023-05-25,28.48,11.04,5.02,9.52,22.03
kruger,2023-05-26,23.54,10.55,1.17,7.73,20.55
kruger,2023-05-27,28.48,9.88,0.0,7.52,4.38
kruger,2023-05-28,25.5,7.1,0.0,7.03,32.82
kruger,2023-05-29,26.54,16.08,5.58,7.06,18.52
kruger,2023-05-30,22.53,10.04,3.37,6.96,6.35
kruger,2023-05-31,12.44,11.61,1.92,10.44,16.46
kruger,2023-06-01,22.8,16.02,0.0,7.8,29.37
kruger,2023-06-02,26.66,11.69,1.83,1.69,34.85
kruger,2023-06-03,24.36,13.26,0.0,9.55,21.81
kruger,2023-06-04,26.85,8.35,0.0,11.88,40.34
kruger,2023-06-05,28.14,15.32,0.0,8.77,46.43
kruger,2023-06-06,23.76,11.44,3.45,5.8,19.53
kruger,2023-06-07,23.39,9.13,5.59,11.79,38.19
kruger,2023-06-08,18.04,9.06,0.0,5.42,13.34
kruger,2023-06-09,19.89,15.76,0.0,8.55,3.61
kruger,2023-06-10,20.45,10.0,3.25,9.42,8.72
kruger,2023-06-11,26.07,8.91,0.0,12.7,9.7
kruger,2023-06-12,23.37,10.25,2.6,11.18,15.88
kruger,2023-06-13,22.67,11.38,0.0,10.14,51.97
kruger,2023-06-14,22.26,11.59,2.61,12.19,14.17
kruger,2023-06-15,21.81,12.26,0.0,5.91,16.17
kruger,2023-06-16,26.86,11.67,2.42,14.1,23.92
kruger,2023-06-17,24.31,12.65,0.0,0.15,1.61
kruger,2023-06-18,26.94,10.29,3.85,13.61,23.42
kruger,2023-06-19,17.33,16.1,0.0,6.78,30.9
kruger,2023-06-20,25.46,9.64,1.84,10.43,43.11
kruger,2023-06-21,22.36,14.19,0.99,13.61,40.4
kruger,2023-06-22,22.91,9.26,0.0,10.94,25.97
kruger,2023-06-23,27.77,7.14,5.44,10.35,17.01
kruger,2023-06-24,22.49,6.49,1.28,11.82,17.72
kruger,2023-06-25,25.09,11.37,2.93,4.76,26.16
kruger,2023-06-26,20.52,13.47,0.0,5.2,19.2
kruger,2023-06-27,23.63,7.65,0.81,9.99,18.39
kruger,2023-06-28,18.71,8.29,0.0,8.57,5.6
kruger,2023-06-29,23.27,11.41,0.39,8.21,29.54
kruger,2023-06-30,24.56,10.4,0.0,12.85,23.82
kruger,2023-07-01,26.69,8.91,19.78,12.58,7.89
kruger,2023-07-02,20.88,7.14,2.14,6.35,41.45
kruger,2023-07-03,21.71,11.07,5.02,10.43,22.13
kruger,2023-07-04,21.34,11.9,0.0,4.4,0.0
kruger,2023-07-05,22.48,11.47,1.26,4.32,32.97
kruger,2023-07-06,20.32,10.28,3.26,6.39,8.62
kruger,2023-07-07,16.71,7.55,0.0,8.9,12.47
kruger,2023-07-08,20.03,10.95,0.0,7.09,15.73
kruger,2023-07-09,22.99,10.74,3.48,10.4,31.41
kruger,2023-07-10,22.67,6.83,0.0,8.99,17.52
kruger,2023-07-11,24.75,9.34,0.0,12.37,27.6
kruger,2023-07-12,25.61,11.0,0.0,10.66,0.0
kruger,2023-07-13,21.72,9.87,0.0,5.91,1.66
kruger,2023-07-14,18.29,5.15,0.0,11.72,18.65
kruger,2023-07-15,24.25,8.44,0.0,6.43,7.25
kruger,2023-07-16,23.0,8.26,0.0,10.24,15.02
kruger,2023-07-17,22.24,11.42,2.2,7.53,29.25
kruger,2023-07-18,26.67,16.51,9.58,12.98,5.99
kruger,2023-07-19,24.36,10.34,0.0,11.2,6.99
kruger,2023-07-20,23.37,7.01,0.0,6.92,19.65
kruger,2023-07-21,23.49,9.6,0.0,7.84,0.0
kruger,2023-07-22,25.55,10.03,2.31,18.81,33.11
kruger,2023-07-23,20.93,11.89,3.62,5.22,19.96
kruger,2023-07-24,20.36,13.11,3.24,6.84,19.41
kruger,2023-07-25,22.31,13.49,1.8,6.99,9.95
kruger,2023-07-26,19.48,11.36,0.0,5.53,28.4
kruger,2023-07-27,22.89,10.02,2.47,5.85,15.67
kruger,2023-07-28,23.33,13.75,0.0,8.69,36.52
kruger,2023-07-29,22.84,9.18,0.0,10.45,0.0
kruger,2023-07-30,21.98,10.2,7.92,4.24,19.16
kruger,2023-07-31,28.04,9.47,0.0,7.52,18.9
kruger,2023-08-01,25.92,4.77,1.7,6.62,22.99
kruger,2023-08-02,22.83,13.3,0.0,5.53,39.45
kruger,2023-08-03,23.42,11.83,5.77,12.03,0.0
kruger,2023-08-04,27.29,4.24,4.23,6.76,0.0
kruger,2023-08-05,21.43,12.69,0.0,4.95,13.32
kruger,2023-08-06,20.32,9.45,0.0,11.71,0.0
kruger,2023-08-07,23.92,12.71,0.73,12.83,53.4
kruger,2023-08-08,24.51,10.46,0.0,9.8,32.9
kruger,2023-08-09,24.77,6.91,1.66,6.28,26.76
kruger,2023-08-10,25.82,10.4,3.91,8.28,30.86
kruger,2023-08-11,21.17,8.12,1.04,7.16,38.3
kruger,2023-08-12,19.18,7.35,0.0,8.99,10.13
kruger,2023-08-13,21.69,12.61,0.0,11.3,14.07
kruger,2023-08-14,25.23,11.46,0.0,9.09,24.75
kruger,2023-08-15,20.76,14.27,0.0,9.16,12.19
kruger,2023-08-16,17.77,9.58,0.0,7.65,5.98
kruger,2023-08-17,24.05,8.21,0.0,11.2,12.1
kruger,2023-08-18,21.96,12.26,0.0,10.32,25.93
kruger,2023-08-19,18.53,8.62,3.19,3.72,34.03
kruger,2023-08-20,23.98,9.98,2.51,3.91,1.46
kruger,2023-08-21,22.65,12.12,2.13,8.27,17.85
kruger,2023-08-22,28.89,10.55,1.79,12.2,20.06
kruger,2023-08-23,24.18,9.69,0.0,12.8,0.19
kruger,2023-08-24,25.73,7.46,0.0,11.61,27.97
kruger,2023-08-25,23.98,13.37,0.0,8.89,19.82
kruger,2023-08-26,22.29,10.16,6.4,13.76,7.54
kruger,2023-08-27,22.68,12.69,0.18,7.21,14.58
kruger,2023-08-28,27.45,12.42,0.0,8.38,30.05
kruger,2023-08-29,26.51,14.0,0.23,5.16,36.9
kruger,2023-08-30,19.87,10.75,0.0,8.41,27.54
kruger,2023-08-31,20.65,10.53,1.43,6.88,51.26
kruger,2023-09-01,20.89,8.7,1.05,14.1,39.62
kruger,2023-09-02,27.72,10.18,0.0,13.53,31.39
kruger,2023-09-03,19.41,12.46,0.0,9.72,12.81
kruger,2023-09-04,27.04,9.63,2.87,10.96,40.55
kruger,2023-09-05,25.94,12.54,0.33,7.77,12.3
kruger,2023-09-06,25.26,15.49,0.0,2.0,35.27
kruger,2023-09-07,23.48,10.78,5.58,7.34,0.0
kruger,2023-09-08,28.54,8.69,0.0,11.9,17.17
kruger,2023-09-09,25.39,11.02,0.0,11.0,3.87
kruger,2023-09-10,20.8,8.57,6.35,8.53,20.8
kruger,2023-09-11,21.57,15.54,5.21,11.95,2.27
kruger,2023-09-12,20.35,12.5,0.0,8.35,26.05
kruger,2023-09-13,28.97,10.55,0.0,6.37,32.91
kruger,2023-09-14,29.73,11.05,0.0,12.04,16.42
kruger,2023-09-15,28.8,9.58,0.0,8.01,21.65
kruger,2023-09-16,25.19,15.15,6.11,12.95,30.03
kruger,2023-09-17,21.43,17.3,6.48,3.91,26.32
kruger,2023-09-18,22.63,9.06,2.03,8.22,47.53
kruger,2023-09-19,22.91,15.49,4.02,11.75,17.32
kruger,2023-09-20,25.83,12.36,0.64,11.47,35.96
kruger,2023-09-21,30.22,16.23,0.0,9.36,32.1
kruger,2023-09-22,30.3,8.57,0.0,10.91,4.67
kruger,2023-09-23,24.78,13.81,2.95,10.5,30.11
kruger,2023-09-24,19.62,12.31,5.32,5.64,27.81
kruger,2023-09-25,22.93,15.07,0.0,9.05,22.04
kruger,2023-09-26,30.09,13.67,6.6,10.86,56.35
kruger,2023-09-27,27.31,13.67,0.37,11.72,49.32
kruger,2023-09-28,25.64,13.44,2.31,10.04,18.93
kruger,2023-09-29,25.53,17.71,1.15,8.61,40.22
kruger,2023-09-30,24.65,13.46,7.05,6.3,42.17
kruger,2023-10-01,23.39,16.16,4.14,12.59,33.52
kruger,2023-10-02,33.31,15.67,2.0,12.29,15.18
kruger,2023-10-03,32.35,16.42,2.6,13.36,17.7
kruger,2023-10-04,24.83,11.76,0.0,7.2,40.23
kruger,2023-10-05,22.13,16.16,0.0,10.83,40.25
kruger,2023-10-06,28.0,15.34,0.37,8.42,28.7
kruger,2023-10-07,27.15,11.62,1.79,10.67,53.05
kruger,2023-10-08,29.58,14.16,4.75,19.28,56.05
kruger,2023-10-09,30.36,20.53,2.04,13.31,56.21
kruger,2023-10-10,24.39,13.92,0.89,8.37,56.61
kruger,2023-10-11,31.84,14.08,0.0,9.91,34.42
kruger,2023-10-12,27.04,16.23,5.01,9.61,14.98
kruger,2023-10-13,30.03,13.85,3.81,11.11,30.5
kruger,2023-10-14,27.52,15.66,6.29,6.2,33.96
kruger,2023-10-15,31.17,14.28,3.21,11.77,26.58
kruger,2023-10-16,21.42,16.52,7.76,4.48,30.65
kruger,2023-10-17,30.83,15.46,1.04,5.85,19.38
kruger,2023-10-18,26.22,20.6,3.15,16.91,47.77
kruger,2023-10-19,29.04,15.93,4.34,9.86,61.82
kruger,2023-10-20,32.66,15.37,6.09,15.25,73.47
kruger,2023-10-21,26.62,18.6,5.18,8.58,41.81
kruger,2023-10-22,26.25,12.65,5.5,4.74,35.86
kruger,2023-10-23,28.12,20.46,4.73,7.93,38.22
kruger,2023-10-24,28.03,13.86,2.95,19.18,59.54
kruger,2023-10-25,26.29,19.42,7.4,6.91,59.63
kruger,2023-10-26,29.86,20.18,0.0,16.51,36.2
kruger,2023-10-27,30.12,15.33,1.41,12.25,58.2
kruger,2023-10-28,31.14,15.67,10.37,11.61,42.91
kruger,2023-10-29,27.39,16.58,1.38,9.04,29.8
kruger,2023-10-30,27.12,18.51,3.82,8.61,38.85
kruger,2023-10-31,29.7,14.56,9.75,13.04,67.06
kruger,2023-11-01,29.42,16.88,3.77,15.34,52.67
kruger,2023-11-02,29.58,16.47,1.0,12.01,34.58
kruger,2023-11-03,28.24,14.48,9.2,13.67,56.58
kruger,2023-11-04,31.45,14.84,3.31,10.21,53.57
kruger,2023-11-05,27.73,17.88,3.65,18.04,38.54
kruger,2023-11-06,30.29,17.93,0.0,12.27,32.32
kruger,2023-11-07,29.84,15.85,4.16,17.68,27.18
kruger,2023-11-08,30.75,18.05,7.47,8.72,19.52
kruger,2023-11-09,34.51,16.33,3.08,11.52,34.69
kruger,2023-11-10,27.11,21.32,0.0,14.9,42.17
kruger,2023-11-11,23.97,17.89,3.01,12.14,64.06
kruger,2023-11-12,29.46,20.99,2.53,13.3,57.84
kruger,2023-11-13,27.88,14.11,4.04,8.85,48.74
kruger,2023-11-14,22.4,19.24,3.05,10.59,18.0
kruger,2023-11-15,36.77,20.02,11.84,9.22,50.85
kruger,2023-11-16,33.3,18.28,6.46,11.62,22.05
kruger,2023-11-17,33.71,17.37,0.0,11.34,60.14
kruger,2023-11-18,30.95,18.42,5.66,10.35,60.87
kruger,2023-11-19,33.16,20.75,5.27,13.86,48.41
kruger,2023-11-20,30.72,15.96,10.27,8.8,60.2
kruger,2023-11-21,34.52,20.83,4.93,5.58,63.46
kruger,2023-11-22,32.73,19.96,4.87,10.34,50.19
kruger,2023-11-23,32.14,18.6,13.12,18.54,46.66
kruger,2023-11-24,32.45,18.79,1.45,13.64,29.19
kruger,2023-11-25,36.82,19.58,8.97,9.6,44.08
kruger,2023-11-26,33.01,23.65,6.09,13.5,34.74
kruger,2023-11-27,29.5,20.46,3.89,11.79,34.86
kruger,2023-11-28,33.68,17.31,3.36,13.39,39.24
kruger,2023-11-29,34.22,18.66,11.44,14.89,21.09
kruger,2023-11-30,32.4,16.97,7.92,12.86,65.47
kruger,2023-12-01,32.76,15.19,8.51,12.67,54.32
kruger,2023-12-02,29.79,17.08,9.72,16.79,68.71
kruger,2023-12-03,33.36,20.37,7.58,13.97,63.58
kruger,2023-12-04,29.5,23.33,2.02,12.96,59.29
kruger,2023-12-05,32.46,22.7,0.02,12.53,63.96
kruger,2023-12-06,31.28,17.4,12.52,10.73,54.56
kruger,2023-12-07,36.31,18.37,7.24,8.72,72.11
kruger,2023-12-08,38.08,18.08,6.77,14.49,45.12
kruger,2023-12-09,30.07,14.04,13.72,16.33,52.69
kruger,2023-12-10,33.55,20.15,2.29,13.81,49.03
kruger,2023-12-11,32.7,22.64,0.0,14.24,83.7
kruger,2023-12-12,35.09,20.07,0.0,9.9,44.18
kruger,2023-12-13,34.05,17.59,4.55,10.8,73.19
kruger,2023-12-14,32.66,18.71,7.18,8.76,33.63
kruger,2023-12-15,34.17,20.06,12.32,11.88,55.79
kruger,2023-12-16,33.3,22.87,10.17,15.6,51.75
kruger,2023-12-17,38.77,20.54,0.0,10.57,39.36
kruger,2023-12-18,31.68,22.64,18.07,12.46,44.89
kruger,2023-12-19,34.88,20.91,5.27,14.81,62.59
kruger,2023-12-20,35.69,21.76,11.86,16.35,50.17
kruger,2023-12-21,35.53,18.87,9.16,7.8,40.91
kruger,2023-12-22,33.37,19.55,7.03,11.33,69.03
kruger,2023-12-23,38.42,18.18,6.1,10.56,55.4
kruger,2023-12-24,28.1,22.87,2.63,10.16,60.85
kruger,2023-12-25,31.13,20.68,1.95,11.65,72.43
kruger,2023-12-26,36.44,12.46,6.47,6.98,79.36
kruger,2023-12-27,31.85,22.7,1.61,11.73,22.03
kruger,2023-12-28,31.72,23.97,13.78,12.95,54.84
kruger,2023-12-29,33.17,19.55,7.6,9.73,31.43
kruger,2023-12-30,32.26,22.81,15.61,11.43,97.6
kruger,2023-12-31,36.56,21.12,5.52,12.94,59.09
kruger,2024-01-01,37.4,16.39,4.93,13.25,71.54
kruger,2024-01-02,34.98,26.6,9.67,8.0,47.64
kruger,2024-01-03,37.91,21.24,6.29,15.02,51.82
kruger,2024-01-04,30.61,22.28,11.24,15.1,73.74
kruger,2024-01-05,35.03,20.24,13.12,10.71,65.06
kruger,2024-01-06,38.87,21.09,11.78,17.98,82.59
kruger,2024-01-07,37.78,22.25,12.86,14.32,44.99
kruger,2024-01-08,39.18,19.27,10.69,13.89,54.3
kruger,2024-01-09,33.12,26.13,5.23,15.01,65.34
kruger,2024-01-10,37.66,24.01,12.0,9.87,67.69
kruger,2024-01-11,33.65,23.22,10.24,11.92,64.05
kruger,2024-01-12,36.73,21.59,4.99,14.83,37.96
kruger,2024-01-13,38.89,20.05,5.51,10.59,43.72
kruger,2024-01-14,32.59,24.54,7.11,11.93,63.02
kruger,2024-01-15,29.41,23.5,11.93,14.8,34.78
kruger,2024-01-16,40.53,20.99,7.96,13.92,44.66
kruger,2024-01-17,36.46,19.28,7.47,13.06,58.53
kruger,2024-01-18,34.68,18.06,6.86,13.19,46.35
kruger,2024-01-19,34.51,22.07,6.09,12.48,61.44
kruger,2024-01-20,28.71,21.38,2.84,15.56,56.66
kruger,2024-01-21,35.63,24.96,10.68,19.27,46.17
kruger,2024-01-22,33.4,24.48,3.43,13.88,46.52
kruger,2024-01-23,35.15,22.09,7.77,16.84,77.14
kruger,2024-01-24,35.08,21.78,5.86,11.69,63.71
kruger,2024-01-25,24.84,19.1,10.55,10.95,61.64
kruger,2024-01-26,36.44,24.62,6.11,10.62,58.72
kruger,2024-01-27,35.52,21.81,3.45,10.23,44.24
kruger,2024-01-28,35.91,23.46,11.42,12.1,49.35
kruger,2024-01-29,34.38,24.87,4.15,15.63,21.75
kruger,2024-01-30,35.06,20.5,8.06,15.98,48.16
kruger,2024-01-31,35.41,19.82,12.52,11.44,48.35
kruger,2024-02-01,35.7,28.04,4.49,11.99,65.8
kruger,2024-02-02,36.28,23.34,6.99,12.94,48.45
kruger,2024-02-03,35.67,21.13,5.66,13.64,69.21
kruger,2024-02-04,40.35,24.9,7.89,14.69,53.44
kruger,2024-02-05,32.6,21.0,7.08,11.73,59.47
kruger,2024-02-06,33.62,22.56,11.01,12.31,56.68
kruger,2024-02-07,39.79,20.29,4.83,16.97,67.54
kruger,2024-02-08,34.22,21.64,12.38,12.06,75.03
kruger,2024-02-09,37.44,20.96,13.68,11.16,42.02
kruger,2024-02-10,35.02,19.73,8.27,12.61,83.1
kruger,2024-02-11,33.89,22.18,4.06,13.09,43.73
kruger,2024-02-12,37.49,19.94,7.03,8.22,53.69
kruger,2024-02-13,36.05,22.94,6.66,11.5,48.38
kruger,2024-02-14,29.85,20.69,14.22,14.08,78.79
kruger,2024-02-15,34.93,17.11,6.69,18.82,40.12
kruger,2024-02-16,31.38,22.92,12.61,11.2,66.64
kruger,2024-02-17,38.13,22.91,7.49,15.07,22.6
kruger,2024-02-18,39.53,26.9,7.2,13.29,67.77
kruger,2024-02-19,39.84,21.26,5.56,16.22,52.52
kruger,2024-02-20,35.24,21.62,5.9,10.87,49.6
kruger,2024-02-21,32.73,22.31,10.47,16.01,44.67
kruger,2024-02-22,35.02,23.61,3.95,16.89,53.86
kruger,2024-02-23,31.18,23.39,10.67,17.0,49.35
kruger,2024-02-24,40.98,21.74,12.56,16.93,32.11
kruger,2024-02-25,37.47,20.8,4.39,13.2,42.51
kruger,2024-02-26,34.74,22.93,11.55,14.36,66.05
kruger,2024-02-27,36.75,20.57,10.87,11.33,47.83
kruger,2024-02-28,32.22,17.47,10.11,5.9,41.8
kruger,2024-02-29,30.31,16.88,4.04,13.31,54.14
kruger,2024-03-01,26.93,19.83,6.07,12.04,60.55
kruger,2024-03-02,33.75,20.8,6.02,15.39,62.75
kruger,2024-03-03,32.81,26.61,14.82,15.06,57.83
kruger,2024-03-04,34.92,20.06,6.37,9.27,70.67
kruger,2024-03-05,33.33,20.4,5.63,19.45,53.03
kruger,2024-03-06,34.64,19.2,1.72,13.57,48.51
kruger,2024-03-07,35.57,21.69,2.37,8.53,64.91
kruger,2024-03-08,28.69,20.77,3.47,8.92,40.92
kruger,2024-03-09,35.6,18.39,7.6,5.8,45.23
kruger,2024-03-10,31.69,17.38,0.41,14.59,27.14
kruger,2024-03-11,34.39,18.83,3.39,10.7,77.98
kruger,2024-03-12,35.82,17.64,0.0,9.73,81.79
kruger,2024-03-13,35.76,19.09,11.56,10.29,47.61
kruger,2024-03-14,32.98,19.94,6.32,11.29,61.42
kruger,2024-03-15,33.04,18.25,7.08,13.9,60.18
kruger,2024-03-16,35.1,23.06,1.42,7.21,52.25
kruger,2024-03-17,27.83,22.23,10.37,8.9,67.35
kruger,2024-03-18,29.4,18.68,11.68,13.48,29.86
kruger,2024-03-19,31.32,16.75,5.88,10.27,45.77
kruger,2024-03-20,28.08,19.0,3.63,13.77,16.94
kruger,2024-03-21,31.17,18.65,7.7,10.5,32.78
kruger,2024-03-22,30.92,18.74,8.37,16.69,23.26
kruger,2024-03-23,32.07,17.81,8.85,12.56,19.78
kruger,2024-03-24,31.54,16.09,7.96,15.58,39.61
kruger,2024-03-25,34.83,18.71,9.1,13.43,52.21
kruger,2024-03-26,33.25,17.65,2.41,13.58,36.44
kruger,2024-03-27,31.22,17.78,8.77,9.55,37.93
kruger,2024-03-28,30.34,18.57,3.24,15.28,34.77
kruger,2024-03-29,31.1,18.07,0.0,12.39,47.58
kruger,2024-03-30,31.06,18.33,3.08,8.85,36.09
kruger,2024-03-31,38.61,17.06,2.65,5.35,29.73
kruger,2024-04-01,26.58,18.85,5.77,12.07,58.49
kruger,2024-04-02,28.08,16.06,8.09,16.14,31.1
kruger,2024-04-03,27.54,15.04,5.44,8.86,24.77
kruger,2024-04-04,31.46,15.43,12.64,8.73,54.62
kruger,2024-04-05,31.25,15.87,2.44,10.57,17.93
kruger,2024-04-06,28.74,14.24,0.0,14.79,61.3
kruger,2024-04-07,33.05,13.12,5.52,5.94,27.13
kruger,2024-04-08,31.36,18.51,2.16,9.47,43.39
kruger,2024-04-09,32.97,20.34,0.0,8.37,26.93
kruger,2024-04-10,33.66,18.45,3.01,13.04,41.7
kruger,2024-04-11,23.56,15.74,1.0,10.89,33.36
kruger,2024-04-12,31.91,12.56,1.33,10.24,26.09
kruger,2024-04-13,25.88,17.23,10.09,10.71,16.44
kruger,2024-04-14,30.39,12.63,4.43,13.57,32.04
kruger,2024-04-15,29.32,16.32,2.8,14.55,46.93
kruger,2024-04-16,29.35,14.44,10.18,14.22,49.58
kruger,2024-04-17,25.72,10.63,2.54,12.84,28.34
kruger,2024-04-18,32.32,19.93,0.0,15.23,28.03
kruger,2024-04-19,25.26,12.99,0.0,8.25,35.82
kruger,2024-04-20,31.28,15.14,3.2,12.17,38.11
kruger,2024-04-21,24.63,15.6,0.0,18.02,37.69
kruger,2024-04-22,28.77,14.64,0.0,5.43,30.89
kruger,2024-04-23,34.13,16.88,1.79,9.3,31.57
kruger,2024-04-24,35.7,13.76,7.77,7.76,32.4
kruger,2024-04-25,23.65,16.46,8.34,11.7,0.14
kruger,2024-04-26,26.29,16.2,5.74,15.12,29.94
kruger,2024-04-27,26.74,11.86,3.02,12.38,47.41
kruger,2024-04-28,34.97,15.79,0.69,10.08,56.24
kruger,2024-04-29,27.89,12.46,4.45,12.34,52.65
kruger,2024-04-30,31.22,12.08,9.96,9.8,36.01
kruger,2024-05-01,28.8,15.62,3.33,11.22,16.49
kruger,2024-05-02,24.2,13.77,0.85,12.45,25.77
kruger,2024-05-03,22.11,15.63,2.0,15.82,22.22
kruger,2024-05-04,25.75,15.55,1.5,11.88,12.17
kruger,2024-05-05,34.44,10.92,4.69,11.15,18.85
kruger,2024-05-06,28.17,16.24,0.0,16.57,21.71
kruger,2024-05-07,30.46,15.01,3.99,4.56,11.39
kruger,2024-05-08,22.94,12.73,4.57,10.12,45.98
kruger,2024-05-09,26.12,13.76,3.61,8.14,40.79
kruger,2024-05-10,29.34,15.92,0.0,9.62,30.59
kruger,2024-05-11,23.63,13.1,1.5,12.11,36.73
kruger,2024-05-12,26.61,19.09,0.0,13.21,35.27
kruger,2024-05-13,24.07,17.44,1.68,8.68,19.36
kruger,2024-05-14,29.09,13.91,0.0,12.21,57.03
kruger,2024-05-15,27.72,12.95,6.82,7.48,18.2
kruger,2024-05-16,28.48,12.96,2.53,6.3,4.4
kruger,2024-05-17,28.95,11.83,0.0,10.32,31.53
kruger,2024-05-18,25.56,13.55,0.0,9.42,37.27
kruger,2024-05-19,29.16,14.87,6.42,14.52,23.97
kruger,2024-05-20,24.29,9.69,0.82,16.41,46.87
kruger,2024-05-21,27.85,14.58,0.0,8.16,30.61
kruger,2024-05-22,19.97,15.22,5.94,4.53,15.3
kruger,2024-05-23,23.55,14.22,0.76,5.83,18.41
kruger,2024-05-24,32.65,12.38,0.0,7.4,29.25
kruger,2024-05-25,27.45,13.95,0.0,10.5,27.94
kruger,2024-05-26,27.37,15.78,3.7,9.06,44.66
kruger,2024-05-27,22.98,12.31,9.25,6.04,38.7
kruger,2024-05-28,22.09,12.43,4.44,15.15,2.38
kruger,2024-05-29,24.49,17.62,0.0,11.75,23.1
kruger,2024-05-30,25.01,12.98,0.06,15.01,6.71
kruger,2024-05-31,30.87,9.61,1.11,4.31,46.97
kruger,2024-06-01,28.11,14.23,0.0,13.5,10.23
kruger,2024-06-02,25.3,12.98,0.91,9.21,27.61
kruger,2024-06-03,25.09,10.26,3.1,8.46,13.85
kruger,2024-06-04,27.1,9.06,7.81,9.68,0.0
kruger,2024-06-05,20.79,12.34,5.03,7.48,5.0
kruger,2024-06-06,18.91,11.53,8.34,9.13,19.85
kruger,2024-06-07,26.84,8.49,7.29,12.37,31.88
kruger,2024-06-08,24.75,11.31,6.1,3.62,31.08
kruger,2024-06-09,20.53,11.09,0.58,13.98,2.93
kruger,2024-06-10,18.12,11.24,1.81,10.64,27.37
kruger,2024-06-11,27.02,12.56,0.0,9.11,36.69
kruger,2024-06-12,22.71,6.87,0.87,12.23,29.92
kruger,2024-06-13,25.41,8.43,2.57,10.49,16.6
kruger,2024-06-14,23.35,9.93,0.0,7.94,22.54
kruger,2024-06-15,23.98,14.4,0.0,7.04,23.91
kruger,2024-06-16,22.25,16.95,6.52,13.84,42.38
kruger,2024-06-17,23.74,10.98,1.77,4.89,46.75
kruger,2024-06-18,25.65,11.03,6.99,8.71,30.72
kruger,2024-06-19,23.03,4.75,3.04,5.06,21.67
kruger,2024-06-20,22.81,13.07,5.51,10.73,20.23
kruger,2024-06-21,25.58,11.88,4.66,8.96,21.61
kruger,2024-06-22,25.73,11.42,0.0,5.49,23.44
kruger,2024-06-23,20.25,7.54,0.0,6.61,12.46
kruger,2024-06-24,23.53,15.56,0.0,9.34,49.57
kruger,2024-06-25,22.0,14.37,0.0,10.04,8.02
kruger,2024-06-26,23.57,11.26,6.91,3.36,39.19
kruger,2024-06-27,27.79,12.96,0.0,7.05,0.0
kruger,2024-06-28,24.52,10.57,1.63,9.63,15.35
kruger,2024-06-29,29.9,12.46,0.0,12.76,14.27
kruger,2024-06-30,24.03,7.1,3.02,11.64,22.66
kruger,2024-07-01,22.84,4.65,0.0,7.75,13.65
kruger,2024-07-02,23.24,7.13,4.75,12.1,39.8
kruger,2024-07-03,23.7,8.25,0.0,8.14,15.27
kruger,2024-07-04,24.21,8.63,4.99,-0.29,3.36
kruger,2024-07-05,20.24,11.33,3.4,13.39,4.22
kruger,2024-07-06,22.49,9.54,0.0,10.43,11.53
kruger,2024-07-07,20.99,10.09,5.28,9.62,29.4
kruger,2024-07-08,26.23,7.18,4.19,9.07,32.04
kruger,2024-07-09,17.34,6.94,1.54,9.95,0.36
kruger,2024-07-10,23.57,10.2,0.0,9.05,6.32
kruger,2024-07-11,18.53,8.72,2.75,8.16,2.28
kruger,2024-07-12,24.36,10.08,0.0,7.06,13.93
kruger,2024-07-13,21.85,11.41,0.0,9.25,32.6
kruger,2024-07-14,17.59,14.14,0.0,6.37,20.7
kruger,2024-07-15,25.85,9.98,0.0,5.58,26.34
kruger,2024-07-16,15.47,14.55,0.0,9.82,29.26
kruger,2024-07-17,22.92,11.03,0.0,11.94,9.23
kruger,2024-07-18,25.08,11.73,0.0,6.61,0.0
kruger,2024-07-19,27.13,12.63,0.7,7.13,9.2
kruger,2024-07-20,18.17,11.8,0.0,3.91,30.32
kruger,2024-07-21,21.45,8.0,2.41,5.05,27.04
kruger,2024-07-22,26.25,12.71,1.53,5.17,19.19
kruger,2024-07-23,26.46,9.07,0.0,11.92,32.25
kruger,2024-07-24,26.85,10.77,3.61,3.79,20.22
kruger,2024-07-25,30.7,10.35,0.0,10.38,13.08
kruger,2024-07-26,21.5,12.89,1.19,8.21,0.0
kruger,2024-07-27,24.15,11.02,0.0,10.83,37.19
kruger,2024-07-28,22.01,6.58,0.0,12.52,16.73
kruger,2024-07-29,17.14,15.29,0.0,8.93,11.44
kruger,2024-07-30,22.81,12.17,1.24,12.43,16.73
kruger,2024-07-31,17.11,8.72,3.37,13.68,40.81
kruger,2024-08-01,21.55,7.27,0.0,13.08,33.28
kruger,2024-08-02,18.73,12.51,0.58,7.03,13.06
kruger,2024-08-03,24.48,7.61,2.75,3.15,25.58
kruger,2024-08-04,20.85,12.19,0.0,8.69,37.03
kruger,2024-08-05,17.86,12.89,1.99,9.61,23.92
kruger,2024-08-06,25.84,8.62,0.0,3.22,20.61
kruger,2024-08-07,21.46,8.42,0.0,9.27,0.0
kruger,2024-08-08,22.01,9.13,0.0,1.38,37.69
kruger,2024-08-09,20.4,7.86,2.82,13.75,3.69
kruger,2024-08-10,26.82,10.94,0.0,10.56,0.0
kruger,2024-08-11,24.22,11.34,2.37,6.68,0.0
kruger,2024-08-12,21.61,12.26,0.0,9.53,6.65
kruger,2024-08-13,17.74,8.4,0.0,9.91,26.9
kruger,2024-08-14,31.06,12.63,0.82,10.62,37.16
kruger,2024-08-15,29.51,8.1,0.0,9.4,25.02
kruger,2024-08-16,27.94,12.71,0.0,12.04,46.08
kruger,2024-08-17,21.55,6.94,0.0,5.42,14.15
kruger,2024-08-18,22.2,14.63,3.33,8.85,16.88
kruger,2024-08-19,24.96,9.45,0.0,14.61,0.0
kruger,2024-08-20,21.13,12.31,0.0,8.21,12.06
kruger,2024-08-21,20.89,12.56,7.4,10.01,0.0
kruger,2024-08-22,28.29,7.74,0.0,6.32,0.92
kruger,2024-08-23,23.8,13.06,0.0,15.79,30.69
kruger,2024-08-24,20.67,9.65,0.0,10.2,0.0
kruger,2024-08-25,26.94,10.32,4.64,5.59,0.0
kruger,2024-08-26,22.42,9.47,6.0,12.65,0.0
kruger,2024-08-27,18.27,15.24,5.64,6.18,33.67
kruger,2024-08-28,20.87,8.35,5.64,11.47,46.82
kruger,2024-08-29,22.78,12.41,0.0,12.53,21.33
kruger,2024-08-30,25.06,9.84,7.12,15.55,36.81
kruger,2024-08-31,24.98,14.19,0.0,10.16,5.43
kruger,2024-09-01,28.22,17.34,0.0,9.66,41.57
kruger,2024-09-02,23.89,10.03,0.0,3.45,12.61
kruger,2024-09-03,23.28,12.03,1.92,8.19,33.6
kruger,2024-09-04,28.48,10.79,0.0,7.44,23.42
kruger,2024-09-05,27.76,14.42,1.3,9.06,0.0
kruger,2024-09-06,24.26,11.27,2.91,8.07,11.04
kruger,2024-09-07,25.85,14.24,2.46,12.02,27.14
kruger,2024-09-08,23.62,11.06,3.49,8.0,0.0
kruger,2024-09-09,21.64,17.74,0.2,11.14,29.54
kruger,2024-09-10,31.8,6.73,0.0,9.39,4.11
kruger,2024-09-11,23.66,13.23,0.0,7.89,33.74
kruger,2024-09-12,26.25,12.34,0.73,7.65,5.49
kruger,2024-09-13,20.91,12.34,0.0,10.52,32.82
kruger,2024-09-14,27.75,13.25,0.72,13.96,38.7
kruger,2024-09-15,22.0,12.77,0.0,7.68,24.22
kruger,2024-09-16,30.74,13.25,0.0,10.04,25.82
kruger,2024-09-17,31.19,13.81,3.4,11.38,49.6
kruger,2024-09-18,27.58,17.25,0.0,9.9,15.86
kruger,2024-09-19,26.31,6.06,0.72,4.71,19.89
kruger,2024-09-20,25.5,17.68,0.0,11.46,37.81
kruger,2024-09-21,26.01,19.55,0.0,5.53,34.84
kruger,2024-09-22,27.47,8.86,2.0,5.6,25.16
kruger,2024-09-23,26.6,13.45,1.84,6.2,10.89
kruger,2024-09-24,29.37,16.85,3.97,9.66,44.03
kruger,2024-09-25,23.77,15.82,0.0,7.28,11.16
kruger,2024-09-26,31.2,17.81,0.0,5.9,64.22
kruger,2024-09-27,25.44,14.64,6.47,11.38,12.43
kruger,2024-09-28,24.57,8.72,1.14,10.19,14.11
kruger,2024-09-29,27.99,17.16,3.56,12.57,36.13
kruger,2024-09-30,28.28,15.59,0.18,8.14,39.57
kruger,2024-10-01,21.89,17.76,4.05,10.17,17.05
kruger,2024-10-02,25.75,10.36,0.0,12.8,57.37
kruger,2024-10-03,20.78,11.25,6.97,6.49,37.26
kruger,2024-10-04,25.37,14.43,0.61,8.48,28.93
kruger,2024-10-05,25.59,17.83,0.0,13.48,38.77
kruger,2024-10-06,28.49,18.62,0.0,10.59,51.47
kruger,2024-10-07,25.33,12.88,1.57,10.11,57.78
kruger,2024-10-08,26.14,13.78,2.25,10.48,36.88
kruger,2024-10-09,31.81,22.08,3.33,14.3,15.21
kruger,2024-10-10,34.19,13.62,0.0,10.59,15.78
kruger,2024-10-11,25.34,16.79,6.38,10.84,13.78
kruger,2024-10-12,31.26,14.07,0.87,10.68,25.7
kruger,2024-10-13,29.47,16.49,0.74,5.92,36.25
kruger,2024-10-14,23.19,13.24,2.2,12.31,39.23
kruger,2024-10-15,26.14,13.42,5.82,8.37,53.27
kruger,2024-10-16,19.53,14.69,3.11,7.08,5.61
kruger,2024-10-17,29.69,14.35,1.14,5.67,36.89
kruger,2024-10-18,25.59,15.06,2.08,6.32,44.31
kruger,2024-10-19,29.32,17.24,8.32,4.17,0.0
kruger,2024-10-20,36.74,20.75,7.74,7.93,44.89
kruger,2024-10-21,33.91,14.65,5.05,9.74,79.38
kruger,2024-10-22,26.93,13.76,4.25,14.26,50.37
kruger,2024-10-23,26.31,16.36,12.98,11.29,43.74
kruger,2024-10-24,33.32,14.31,5.65,11.91,35.36
kruger,2024-10-25,26.53,12.45,4.58,15.02,43.3
kruger,2024-10-26,32.62,19.3,3.12,2.66,63.2
kruger,2024-10-27,37.95,16.95,5.43,12.42,35.29
kruger,2024-10-28,31.88,17.3,0.0,12.23,58.73
kruger,2024-10-29,33.5,12.13,8.25,13.79,48.13
kruger,2024-10-30,33.26,15.59,0.0,5.96,65.91
kruger,2024-10-31,28.48,13.62,1.4,9.66,58.18
kruger,2024-11-01,31.13,17.2,0.0,8.63,45.03
kruger,2024-11-02,27.49,17.69,1.46,7.59,44.4
kruger,2024-11-03,34.33,17.79,3.11,18.42,38.16
kruger,2024-11-04,27.3,15.89,8.1,9.82,57.84
kruger,2024-11-05,32.76,15.52,9.76,14.33,34.67
kruger,2024-11-06,34.15,17.27,12.43,13.7,45.56
kruger,2024-11-07,29.38,18.75,5.15,7.3,41.28
kruger,2024-11-08,28.79,16.5,3.93,10.08,24.39
kruger,2024-11-09,30.54,15.71,7.98,11.86,48.14
kruger,2024-11-10,28.47,15.91,1.51,12.9,22.27
kruger,2024-11-11,31.71,16.6,1.13,12.74,38.75
kruger,2024-11-12,28.59,17.21,3.59,17.04,55.8
kruger,2024-11-13,28.9,15.69,4.99,14.54,48.64
kruger,2024-11-14,33.17,17.41,0.0,13.81,48.72
kruger,2024-11-15,33.47,21.71,9.51,14.78,33.76
kruger,2024-11-16,30.83,17.98,6.27,15.96,62.77
kruger,2024-11-17,26.86,15.71,8.56,10.07,34.05
kruger,2024-11-18,35.41,13.25,0.0,7.23,58.25
kruger,2024-11-19,30.64,23.58,2.83,10.18,67.43
kruger,2024-11-20,38.26,21.92,2.69,7.9,25.29
kruger,2024-11-21,31.77,19.87,4.8,9.11,42.44
kruger,2024-11-22,32.66,22.16,5.53,12.38,41.36
kruger,2024-11-23,31.04,20.66,9.2,10.45,53.21
kruger,2024-11-24,33.15,19.23,6.18,14.08,35.25
kruger,2024-11-25,42.94,16.41,2.87,13.08,32.2
kruger,2024-11-26,31.54,24.36,14.64,13.29,49.16
kruger,2024-11-27,36.5,18.58,4.89,8.43,41.82
kruger,2024-11-28,33.02,18.8,2.37,9.62,48.32
kruger,2024-11-29,36.35,19.93,0.0,6.55,64.17
kruger,2024-11-30,27.12,20.05,6.47,14.01,26.78
kruger,2024-12-01,38.82,21.43,8.92,18.1,49.59
kruger,2024-12-02,34.09,21.21,1.65,12.89,42.69
kruger,2024-12-03,32.34,18.7,8.76,13.18,52.16
kruger,2024-12-04,35.93,20.28,6.64,10.81,43.25
kruger,2024-12-05,33.72,21.65,0.0,11.78,34.59
kruger,2024-12-06,29.92,18.7,8.91,16.28,58.43
kruger,2024-12-07,26.16,24.05,5.39,12.75,94.34
kruger,2024-12-08,38.98,20.45,1.99,14.42,51.49
kruger,2024-12-09,32.9,24.56,10.37,16.42,42.33
kruger,2024-12-10,31.79,17.15,10.34,15.85,42.51
kruger,2024-12-11,32.09,22.33,2.04,12.66,67.68
kruger,2024-12-12,38.15,18.54,7.85,12.9,40.72
kruger,2024-12-13,32.35,19.24,7.53,11.45,73.57
kruger,2024-12-14,35.82,23.15,6.48,14.12,29.73
kruger,2024-12-15,32.94,20.37,4.73,11.41,57.36
kruger,2024-12-16,30.24,27.49,6.24,13.72,64.62
kruger,2024-12-17,36.76,22.35,10.63,15.8,66.3
kruger,2024-12-18,37.42,19.37,8.54,7.65,65.43
kruger,2024-12-19,32.13,22.47,0.0,7.15,59.21
kruger,2024-12-20,34.1,20.62,0.0,12.61,72.7
kruger,2024-12-21,34.56,23.35,0.0,14.76,40.69
kruger,2024-12-22,35.65,20.58,1.61,13.63,46.06
kruger,2024-12-23,40.28,22.38,4.05,9.16,49.83
kruger,2024-12-24,33.44,21.91,5.3,15.5,78.28
kruger,2024-12-25,33.46,21.65,6.87,18.54,63.17
kruger,2024-12-26,33.97,24.1,7.03,10.23,66.55
kruger,2024-12-27,31.71,17.03,7.0,10.67,53.77
kruger,2024-12-28,29.41,21.82,11.79,12.94,68.83
kruger,2024-12-29,35.01,19.86,0.53,12.49,33.43
kruger,2024-12-30,36.23,18.28,8.6,16.49,50.69
kruger,2024-12-31,34.69,19.59,8.6,13.74,53.68
kruger,2025-01-01,34.49,20.13,2.24,12.02,49.82
kruger,2025-01-02,32.02,21.13,9.44,11.14,52.23
kruger,2025-01-03,35.5,22.59,8.82,8.33,65.35
kruger,2025-01-04,35.28,23.13,7.18,17.03,60.82
kruger,2025-01-05,36.23,20.78,0.0,14.82,75.24
kruger,2025-01-06,35.8,25.79,11.24,12.67,26.13
kruger,2025-01-07,36.03,20.92,8.31,13.28,79.83
kruger,2025-01-08,38.83,17.01,9.03,12.63,47.83
kruger,2025-01-09,36.61,21.03,0.0,7.67,77.38
kruger,2025-01-10,36.35,22.03,5.31,8.71,51.44
kruger,2025-01-11,29.7,13.75,1.72,12.36,63.3
kruger,2025-01-12,38.1,24.96,12.64,12.32,41.66
kruger,2025-01-13,34.06,21.71,3.05,12.95,39.61
kruger,2025-01-14,35.21,19.09,13.4,18.08,66.61
kruger,2025-01-15,31.16,19.58,11.3,12.13,17.97
kruger,2025-01-16,41.26,23.89,8.38,10.71,39.72
kruger,2025-01-17,27.57,24.2,12.04,13.16,69.47
kruger,2025-01-18,39.46,20.37,3.72,8.81,51.77
kruger,2025-01-19,36.27,18.61,4.44,13.47,44.76
kruger,2025-01-20,29.28,22.33,11.19,10.83,80.84
kruger,2025-01-21,41.11,22.79,3.74,13.67,86.11
kruger,2025-01-22,36.54,23.41,2.19,12.46,57.99
kruger,2025-01-23,27.92,20.58,6.21,12.57,77.08
kruger,2025-01-24,33.72,21.68,3.96,14.87,80.71
kruger,2025-01-25,36.58,22.03,14.95,15.2,57.68
kruger,2025-01-26,40.11,24.39,10.58,19.09,50.21
kruger,2025-01-27,33.73,25.28,5.17,15.07,59.19
kruger,2025-01-28,27.0,25.94,3.46,12.25,35.99
kruger,2025-01-29,39.31,25.18,8.81,11.08,66.28
kruger,2025-01-30,36.41,26.44,12.19,14.01,52.76
kruger,2025-01-31,28.2,24.43,8.59,17.35,58.49
kruger,2025-02-01,35.9,20.4,3.61,15.53,58.2
kruger,2025-02-02,36.2,25.68,1.65,10.81,44.79
kruger,2025-02-03,33.85,18.39,5.87,14.3,56.88
kruger,2025-02-04,32.32,27.71,8.63,13.6,36.95
kruger,2025-02-05,32.94,19.34,5.47,16.07,50.01
kruger,2025-02-06,33.77,23.96,11.36,13.82,40.45
kruger,2025-02-07,35.78,25.32,9.42,13.7,43.9
kruger,2025-02-08,37.05,22.83,8.24,9.35,23.08
kruger,2025-02-09,28.2,16.52,9.3,15.26,50.39
kruger,2025-02-10,35.38,19.24,1.68,8.7,63.99
kruger,2025-02-11,36.04,22.47,5.22,13.13,59.25
kruger,2025-02-12,35.04,23.12,3.03,11.19,72.71
kruger,2025-02-13,33.28,21.05,8.7,11.0,42.03
kruger,2025-02-14,38.71,21.64,3.04,14.57,49.0
kruger,2025-02-15,38.44,17.74,7.43,12.79,69.79
kruger,2025-02-16,33.26,25.8,6.42,5.61,54.58
kruger,2025-02-17,34.07,20.37,9.44,12.18,58.5
kruger,2025-02-18,36.58,23.24,2.23,11.59,87.27
kruger,2025-02-19,38.07,24.73,8.79,16.51,51.58
kruger,2025-02-20,31.72,18.28,2.67,8.99,47.96
kruger,2025-02-21,30.97,21.43,3.05,18.45,40.15
kruger,2025-02-22,34.88,21.75,6.3,15.26,50.52
kruger,2025-02-23,30.63,20.36,11.61,11.83,70.0
kruger,2025-02-24,28.11,23.26,3.43,11.39,63.08
kruger,2025-02-25,31.42,19.22,0.0,10.71,75.77
kruger,2025-02-26,35.08,20.96,2.93,13.57,59.49
kruger,2025-02-27,38.42,19.83,5.13,10.22,20.26
kruger,2025-02-28,31.57,26.51,14.11,12.21,63.1
kruger,2025-03-01,33.26,18.98,8.14,9.28,55.01
kruger,2025-03-02,34.03,22.43,3.53,14.66,53.25
kruger,2025-03-03,31.55,24.99,5.93,13.01,71.27
kruger,2025-03-04,31.25,18.13,12.74,11.07,48.65
kruger,2025-03-05,34.36,20.6,5.44,11.73,61.23
kruger,2025-03-06,29.7,17.82,5.45,10.35,36.14
kruger,2025-03-07,30.91,15.18,4.69,13.34,29.28
kruger,2025-03-08,32.53,18.18,9.04,8.62,42.82
kruger,2025-03-09,34.03,18.64,4.11,15.06,46.85
kruger,2025-03-10,28.44,18.71,9.65,12.85,59.52
kruger,2025-03-11,32.52,19.16,10.36,10.96,34.58
kruger,2025-03-12,28.96,19.85,8.51,14.04,73.38
kruger,2025-03-13,30.7,16.76,5.1,13.42,36.02
kruger,2025-03-14,35.04,20.55,0.35,9.09,48.92
kruger,2025-03-15,32.37,22.62,5.0,16.12,50.14
kruger,2025-03-16,37.51,22.83,3.16,4.68,54.17
kruger,2025-03-17,32.2,18.77,2.66,15.41,56.17
kruger,2025-03-18,35.24,21.57,4.77,11.62,83.05
kruger,2025-03-19,34.63,17.55,7.58,15.05,39.79
kruger,2025-03-20,32.12,18.3,3.12,16.38,53.23
kruger,2025-03-21,28.13,20.07,0.05,10.74,46.99
kruger,2025-03-22,31.67,18.15,1.66,10.85,62.69
kruger,2025-03-23,30.3,15.74,12.19,12.91,54.38
kruger,2025-03-24,30.09,20.89,7.56,8.53,50.64
kruger,2025-03-25,32.18,16.64,1.48,10.91,24.63
kruger,2025-03-26,27.27,17.32,10.4,10.62,39.94
kruger,2025-03-27,28.91,21.17,4.22,8.28,31.77
kruger,2025-03-28,28.4,19.78,14.23,10.4,39.4
kruger,2025-03-29,30.58,18.78,6.11,14.04,33.4
kruger,2025-03-30,28.94,14.57,7.26,13.79,37.7
kruger,2025-03-31,29.04,15.24,8.28,11.18,38.99
kruger,2025-04-01,31.46,19.04,10.81,11.87,38.93
kruger,2025-04-02,29.61,19.53,3.05,10.74,40.09
kruger,2025-04-03,30.87,18.49,10.33,6.33,30.26
kruger,2025-04-04,27.41,16.57,2.18,8.54,44.41
kruger,2025-04-05,28.17,16.39,3.16,14.43,29.99
kruger,2025-04-06,36.68,18.1,4.57,15.11,34.21
kruger,2025-04-07,28.36,14.33,8.15,8.91,42.1
kruger,2025-04-08,24.04,17.59,3.08,14.81,3.8
kruger,2025-04-09,31.28,13.78,10.94,7.82,79.56
kruger,2025-04-10,28.03,14.52,9.58,9.83,49.72
kruger,2025-04-11,30.78,17.5,4.36,10.99,46.31
kruger,2025-04-12,29.68,18.41,0.27,10.5,33.34
kruger,2025-04-13,31.5,17.7,8.07,9.21,42.24
kruger,2025-04-14,29.45,13.96,0.0,11.63,22.34
kruger,2025-04-15,28.96,11.97,6.89,13.54,47.5
kruger,2025-04-16,32.99,16.52,0.57,6.82,14.55
kruger,2025-04-17,22.78,11.69,8.82,11.52,20.43
kruger,2025-04-18,25.36,18.7,0.0,14.01,28.47
kruger,2025-04-19,26.76,13.53,1.01,9.84,61.42
kruger,2025-04-20,24.05,21.71,5.34,9.4,21.9
kruger,2025-04-21,27.59,13.62,5.92,8.46,43.09
kruger,2025-04-22,27.19,17.08,0.94,16.98,6.8
kruger,2025-04-23,31.74,13.98,2.05,15.42,37.77
kruger,2025-04-24,28.45,15.3,7.12,10.02,63.08
kruger,2025-04-25,27.97,16.07,7.27,14.41,44.21
kruger,2025-04-26,27.37,17.66,1.77,9.26,5.27
kruger,2025-04-27,25.25,17.96,0.68,10.34,36.68
kruger,2025-04-28,30.98,17.12,0.0,7.59,28.72
kruger,2025-04-29,31.83,17.8,3.98,5.2,53.74
kruger,2025-04-30,24.46,13.56,6.15,8.96,33.5
kruger,2025-05-01,32.86,16.62,3.44,9.39,13.06
kruger,2025-05-02,25.88,14.04,0.0,11.91,32.27
kruger,2025-05-03,25.54,17.26,9.84,12.56,23.54
kruger,2025-05-04,29.11,14.98,0.0,10.2,1.24
kruger,2025-05-05,29.28,16.14,6.07,7.56,30.7
kruger,2025-05-06,27.28,15.22,3.36,8.52,33.04
kruger,2025-05-07,26.35,16.29,4.3,15.24,38.36
kruger,2025-05-08,30.81,12.27,0.0,12.32,47.58
kruger,2025-05-09,25.33,10.27,1.69,14.67,27.77
kruger,2025-05-10,26.89,16.57,3.4,15.7,9.14
kruger,2025-05-11,32.08,17.36,1.82,8.36,18.78
kruger,2025-05-12,22.89,13.61,0.0,12.76,30.73
kruger,2025-05-13,25.43,15.83,8.89,7.56,48.91
kruger,2025-05-14,29.79,9.64,4.57,13.34,30.43
kruger,2025-05-15,28.2,12.06,2.05,12.69,28.07
kruger,2025-05-16,29.2,13.73,2.24,3.83,26.19
kruger,2025-05-17,22.46,9.09,8.52,11.35,29.3
kruger,2025-05-18,27.3,9.51,0.0,7.54,57.77
kruger,2025-05-19,25.39,13.64,0.0,9.06,27.54
kruger,2025-05-20,32.97,11.64,5.0,8.07,24.55
kruger,2025-05-21,28.49,12.19,3.39,12.74,28.77
kruger,2025-05-22,25.9,11.95,0.0,7.94,17.76
kruger,2025-05-23,26.74,9.67,5.78,6.12,4.19
kruger,2025-05-24,25.96,12.25,2.54,7.51,1.21
kruger,2025-05-25,27.8,12.67,0.0,9.26,16.12
kruger,2025-05-26,23.05,11.16,3.21,11.1,44.46
kruger,2025-05-27,29.63,11.28,2.55,13.43,43.96
kruger,2025-05-28,21.48,11.94,0.78,11.36,9.44
kruger,2025-05-29,25.98,14.42,2.62,11.54,23.53
kruger,2025-05-30,22.82,12.05,3.53,11.98,27.6
kruger,2025-05-31,25.34,7.39,4.63,12.19,14.48
kruger,2025-06-01,28.09,9.14,1.35,12.81,44.72
kruger,2025-06-02,19.91,14.38,0.0,17.2,36.26
kruger,2025-06-03,24.46,10.26,1.77,12.06,29.99
kruger,2025-06-04,20.58,11.68,5.53,10.49,25.35
kruger,2025-06-05,23.98,16.63,3.23,8.21,0.63
kruger,2025-06-06,20.42,13.33,0.0,10.51,44.18
kruger,2025-06-07,25.16,6.31,0.84,13.02,32.29
kruger,2025-06-08,23.33,15.22,7.23,5.88,29.49
kruger,2025-06-09,26.78,11.91,3.52,13.29,12.05
kruger,2025-06-10,28.15,12.39,1.09,8.21,13.12
kruger,2025-06-11,24.43,12.16,4.99,8.77,30.09
kruger,2025-06-12,27.02,13.62,0.0,11.01,38.98
kruger,2025-06-13,28.42,11.07,1.66,7.84,48.11
kruger,2025-06-14,21.44,7.5,7.81,10.78,10.99
kruger,2025-06-15,28.45,11.95,2.88,5.93,19.44
kruger,2025-06-16,23.98,7.63,6.71,11.99,0.0
kruger,2025-06-17,21.09,15.57,0.0,9.93,0.0
kruger,2025-06-18,24.87,10.06,0.0,9.31,29.1
kruger,2025-06-19,23.7,10.79,4.75,10.13,8.25
kruger,2025-06-20,19.64,9.17,0.0,9.23,0.0
kruger,2025-06-21,20.51,11.66,0.76,10.59,3.25
kruger,2025-06-22,28.67,11.89,4.13,8.63,25.67
kruger,2025-06-23,24.54,9.01,2.22,8.36,26.12
kruger,2025-06-24,28.11,11.79,0.0,3.92,0.0
kruger,2025-06-25,22.36,10.78,0.0,13.3,38.59
kruger,2025-06-26,21.16,10.33,0.0,5.7,9.46
kruger,2025-06-27,18.48,8.65,1.75,14.02,23.88
kruger,2025-06-28,26.39,16.27,1.88,8.43,20.18
kruger,2025-06-29,24.68,13.4,0.0,12.8,19.31
kruger,2025-06-30,22.18,12.23,2.69,12.26,5.3
kruger,2025-07-01,20.99,13.19,1.49,12.01,18.87
kruger,2025-07-02,26.72,11.08,0.0,9.25,23.16
kruger,2025-07-03,22.77,9.43,1.85,5.52,16.02
kruger,2025-07-04,22.77,3.66,0.0,8.54,20.41
kruger,2025-07-05,21.44,7.19,2.21,8.14,35.33
kruger,2025-07-06,21.99,15.62,0.0,8.76,11.64
kruger,2025-07-07,24.84,13.09,1.57,5.38,28.42
kruger,2025-07-08,18.91,10.67,1.46,8.19,15.38
kruger,2025-07-09,23.38,6.19,0.0,0.28,39.83
kruger,2025-07-10,25.98,11.7,2.12,8.14,0.0
kruger,2025-07-11,22.84,9.4,5.74,9.41,37.88
kruger,2025-07-12,26.24,11.82,0.0,6.68,10.29
kruger,2025-07-13,27.09,7.28,3.36,8.21,49.89
kruger,2025-07-14,25.76,8.83,3.88,9.5,24.7
kruger,2025-07-15,21.43,12.25,0.0,12.05,30.88
kruger,2025-07-16,22.92,14.85,2.72,12.17,15.68
kruger,2025-07-17,24.06,8.37,0.0,9.92,28.27
kruger,2025-07-18,21.6,7.51,4.53,8.92,28.24
kruger,2025-07-19,21.5,12.56,0.0,10.07,15.88
kruger,2025-07-20,21.31,6.85,5.28,14.4,29.47
kruger,2025-07-21,30.63,7.03,0.0,10.5,0.0
kruger,2025-07-22,22.19,10.67,0.0,9.78,8.34
kruger,2025-07-23,26.21,15.22,0.0,12.22,18.33
kruger,2025-07-24,20.4,7.88,5.49,9.15,25.55
kruger,2025-07-25,28.12,9.09,0.0,6.44,32.62
kruger,2025-07-26,21.88,10.3,0.0,10.38,14.27
kruger,2025-07-27,23.19,8.85,4.0,9.52,12.23
kruger,2025-07-28,17.54,5.62,2.45,8.36,31.2
kruger,2025-07-29,26.4,12.05,0.0,10.65,35.44
kruger,2025-07-30,27.06,10.53,0.0,3.58,29.31
kruger,2025-07-31,19.52,11.0,0.0,7.4,15.97
kruger,2025-08-01,26.62,9.74,4.67,6.4,56.55
kruger,2025-08-02,19.11,13.9,1.25,6.71,19.58
kruger,2025-08-03,25.03,8.88,0.29,8.58,21.71
kruger,2025-08-04,22.3,7.47,1.58,6.32,43.03
kruger,2025-08-05,27.19,14.35,0.0,14.09,41.54
kruger,2025-08-06,23.96,4.72,0.0,10.43,29.32
kruger,2025-08-07,26.03,9.86,0.0,6.7,5.28
kruger,2025-08-08,26.98,10.08,3.61,3.87,20.59
kruger,2025-08-09,22.43,10.02,0.0,7.35,26.77
kruger,2025-08-10,23.25,6.46,3.94,8.12,48.4
kruger,2025-08-11,20.04,7.41,6.92,7.22,63.48
kruger,2025-08-12,22.51,12.8,0.0,16.76,10.37
kruger,2025-08-13,29.23,13.91,0.0,4.19,32.27
kruger,2025-08-14,25.75,9.44,1.82,9.31,7.39
kruger,2025-08-15,20.39,8.2,3.34,8.79,17.88
kruger,2025-08-16,28.46,6.11,0.0,8.44,6.88
kruger,2025-08-17,24.78,12.96,1.26,3.39,45.08
kruger,2025-08-18,26.15,13.16,0.0,9.09,23.77
kruger,2025-08-19,25.18,3.68,0.0,9.78,24.76
kruger,2025-08-20,25.02,4.7,8.28,11.38,21.26
kruger,2025-08-21,17.82,11.15,0.0,10.72,26.34
kruger,2025-08-22,27.18,11.53,1.87,12.94,27.03
kruger,2025-08-23,17.15,9.72,0.0,3.17,10.77
kruger,2025-08-24,27.02,10.89,1.11,8.62,0.0
kruger,2025-08-25,24.33,10.41,2.4,16.86,1.51
kruger,2025-08-26,26.59,11.15,3.8,12.54,0.0
kruger,2025-08-27,24.62,8.89,0.0,5.02,24.74
kruger,2025-08-28,27.34,11.18,0.92,9.67,9.78
kruger,2025-08-29,24.32,9.58,1.1,6.28,36.94
kruger,2025-08-30,25.18,9.44,0.0,8.15,26.06
kruger,2025-08-31,25.61,6.73,0.0,15.47,0.0
kruger,2025-09-01,30.1,11.03,4.04,12.36,16.73
kruger,2025-09-02,26.34,13.54,0.0,4.95,0.0
kruger,2025-09-03,20.65,10.79,11.02,7.24,6.19
kruger,2025-09-04,22.98,10.79,4.47,9.56,16.23
kruger,2025-09-05,26.54,14.89,2.47,8.79,9.65
kruger,2025-09-06,28.6,14.38,6.76,10.55,52.35
kruger,2025-09-07,22.73,16.23,3.86,7.31,35.55
kruger,2025-09-08,31.69,17.62,1.55,8.56,19.66
kruger,2025-09-09,25.58,12.2,0.0,7.33,46.24
kruger,2025-09-10,26.39,9.23,3.58,8.61,10.48
kruger,2025-09-11,21.45,10.9,6.56,11.85,20.38
kruger,2025-09-12,28.63,13.72,0.0,10.65,38.44
kruger,2025-09-13,24.03,15.97,0.0,7.69,9.16
kruger,2025-09-14,23.21,9.83,0.0,13.21,36.45
kruger,2025-09-15,24.58,13.17,8.23,13.04,30.85
kruger,2025-09-16,29.77,10.64,1.57,9.87,35.56
kruger,2025-09-17,27.1,12.34,7.14,9.13,53.98
kruger,2025-09-18,23.13,12.39,1.44,15.22,34.15
kruger,2025-09-19,24.29,13.83,0.0,14.78,29.5
kruger,2025-09-20,30.2,18.05,10.02,5.45,5.44
kruger,2025-09-21,25.35,14.25,0.05,13.6,31.35
kruger,2025-09-22,27.83,12.08,0.6,15.22,21.3
kruger,2025-09-23,28.66,11.75,3.5,12.05,26.96
kruger,2025-09-24,16.08,12.86,0.56,8.71,22.01
kruger,2025-09-25,30.22,11.25,4.9,9.11,36.79
kruger,2025-09-26,23.96,13.87,3.63,15.31,14.88
kruger,2025-09-27,25.53,7.59,3.85,12.71,33.23
kruger,2025-09-28,31.33,13.18,0.0,11.88,14.74
kruger,2025-09-29,31.15,13.48,0.0,17.27,3.7
kruger,2025-09-30,28.38,11.0,0.0,7.28,25.88
kruger,2025-10-01,29.18,13.04,0.0,10.06,38.29
kruger,2025-10-02,30.03,16.9,3.4,10.94,20.0
kruger,2025-10-03,31.49,17.18,0.0,9.76,34.03
kruger,2025-10-04,31.97,12.96,0.0,4.91,26.87
kruger,2025-10-05,27.72,15.7,0.0,13.48,17.11
kruger,2025-10-06,25.28,10.75,4.05,8.24,41.34
kruger,2025-10-07,26.83,13.85,5.31,8.22,23.54
kruger,2025-10-08,28.08,15.27,0.6,9.49,39.26
kruger,2025-10-09,27.64,18.61,1.1,9.91,12.08
kruger,2025-10-10,24.86,17.88,5.22,10.27,36.37
kruger,2025-10-11,29.31,15.52,3.49,13.56,44.02
kruger,2025-10-12,23.4,12.82,7.64,14.21,40.28
kruger,2025-10-13,28.46,18.6,2.34,9.96,48.73
kruger,2025-10-14,28.75,14.45,0.0,8.97,45.36
kruger,2025-10-15,28.75,16.53,7.45,10.42,40.51
kruger,2025-10-16,31.06,15.2,1.93,8.16,49.06
kruger,2025-10-17,30.77,20.59,0.09,10.79,31.1
kruger,2025-10-18,35.38,14.19,6.88,8.07,44.87
kruger,2025-10-19,27.27,18.11,9.18,17.32,37.72
kruger,2025-10-20,29.76,15.71,4.18,11.36,65.5
kruger,2025-10-21,29.67,17.45,0.0,9.4,42.19
kruger,2025-10-22,29.63,20.18,9.73,13.16,19.15
kruger,2025-10-23,25.44,11.22,5.16,7.38,42.57
kruger,2025-10-24,25.79,16.17,4.6,8.98,24.85
kruger,2025-10-25,29.46,14.2,2.18,12.42,50.39
kruger,2025-10-26,24.81,17.66,8.38,11.59,51.0
kruger,2025-10-27,28.64,18.37,0.0,14.36,31.01
kruger,2025-10-28,27.8,15.57,0.0,3.06,24.92
kruger,2025-10-29,28.96,15.54,11.64,13.74,42.82
kruger,2025-10-30,33.35,17.46,0.68,9.69,27.61
kruger,2025-10-31,26.82,13.87,8.04,7.84,28.93
kruger,2025-11-01,32.76,17.99,9.78,6.22,34.26
kruger,2025-11-02,28.54,15.21,5.18,9.75,51.55
kruger,2025-11-03,29.02,19.19,0.88,16.22,20.26
kruger,2025-11-04,31.85,14.16,6.99,14.39,31.54
kruger,2025-11-05,29.73,16.14,10.11,16.42,79.17
kruger,2025-11-06,27.98,15.78,5.97,11.21,72.83
kruger,2025-11-07,29.64,17.01,1.68,11.91,62.0
kruger,2025-11-08,25.52,21.29,5.96,6.88,44.84
kruger,2025-11-09,32.1,20.07,0.0,6.91,55.79
kruger,2025-11-10,21.74,16.85,0.97,11.24,39.06
kruger,2025-11-11,33.81,16.94,3.9,7.59,4.58
kruger,2025-11-12,33.09,20.46,5.24,9.18,36.92
kruger,2025-11-13,36.14,15.43,0.25,11.91,38.68
kruger,2025-11-14,37.98,18.49,6.12,15.63,46.53
kruger,2025-11-15,34.33,17.01,7.27,11.87,53.67
kruger,2025-11-16,29.74,18.19,4.39,7.79,71.5
kruger,2025-11-17,38.23,20.74,0.0,6.44,47.52
kruger,2025-11-18,28.22,17.13,5.79,12.29,32.29
kruger,2025-11-19,26.19,21.33,12.69,10.08,44.71
kruger,2025-11-20,37.54,24.48,7.32,12.34,57.61
kruger,2025-11-21,33.88,20.58,5.61,11.41,46.56
kruger,2025-11-22,26.54,18.95,4.12,11.84,36.49
kruger,2025-11-23,28.18,22.14,7.97,15.69,56.7
kruger,2025-11-24,33.99,16.56,6.56,15.27,31.98
kruger,2025-11-25,29.81,23.22,8.61,13.25,36.23
kruger,2025-11-26,30.33,17.62,1.45,9.48,55.93
kruger,2025-11-27,38.49,25.01,6.38,10.54,38.19
kruger,2025-11-28,39.12,17.88,4.1,14.51,44.95
kruger,2025-11-29,33.19,21.41,7.49,16.16,50.75
kruger,2025-11-30,32.38,15.93,0.0,8.46,50.15
kruger,2025-12-01,35.62,19.38,4.54,16.89,36.52
kruger,2025-12-02,31.3,17.29,8.33,9.99,56.23
kruger,2025-12-03,26.37,16.46,9.03,14.36,37.79
kruger,2025-12-04,24.86,23.15,6.14,20.78,76.56
kruger,2025-12-05,32.99,17.15,0.0,7.64,46.03
kruger,2025-12-06,35.93,18.45,8.92,13.94,61.41
kruger,2025-12-07,33.41,18.23,12.74,11.51,63.53
kruger,2025-12-08,35.86,23.28,3.1,13.82,47.44
kruger,2025-12-09,36.23,23.04,4.8,10.64,38.49
kruger,2025-12-10,37.72,23.74,9.77,5.08,64.17
kruger,2025-12-11,34.19,18.67,9.92,10.28,32.1
kruger,2025-12-12,34.53,24.07,11.02,13.61,34.61
kruger,2025-12-13,33.65,18.77,10.73,16.63,62.98
kruger,2025-12-14,33.05,18.94,0.59,13.82,51.07
kruger,2025-12-15,29.17,19.14,4.84,17.05,43.68
kruger,2025-12-16,37.46,19.29,9.3,11.17,47.0
kruger,2025-12-17,32.85,20.77,6.49,10.94,42.74
kruger,2025-12-18,32.73,18.96,8.34,13.72,87.58
kruger,2025-12-19,32.49,21.69,6.39,11.58,70.32
kruger,2025-12-20,30.14,14.64,5.2,16.09,42.85
kruger,2025-12-21,33.96,21.79,6.01,8.52,50.7
kruger,2025-12-22,35.82,18.54,2.52,15.34,64.51
kruger,2025-12-23,32.2,19.64,4.15,16.4,41.08
kruger,2025-12-24,37.48,19.75,6.81,13.88,47.5
kruger,2025-12-25,33.3,23.77,6.91,15.54,51.56
kruger,2025-12-26,29.85,22.71,9.41,10.87,42.96
kruger,2025-12-27,38.62,21.08,6.02,10.34,72.76
kruger,2025-12-28,35.13,19.75,13.89,13.9,45.74
kruger,2025-12-29,37.16,23.53,12.14,10.69,54.84
kruger,2025-12-30,37.27,26.1,5.23,13.77,58.46
kruger,2025-12-31,31.81,21.58,8.06,13.79,80.62
kruger,2026-01-01,33.12,17.69,12.14,12.69,55.65
kruger,2026-01-02,37.82,19.96,4.75,13.75,89.1
kruger,2026-01-03,40.25,23.14,4.34,14.82,51.71
kruger,2026-01-04,34.96,20.67,12.55,12.62,53.93
kruger,2026-01-05,32.92,19.65,10.13,11.5,71.39
kruger,2026-01-06,39.87,19.57,11.68,15.41,86.22
kruger,2026-01-07,32.97,22.08,8.66,13.77,53.53
kruger,2026-01-08,35.86,18.04,6.4,14.31,76.12
kruger,2026-01-09,33.61,21.81,2.06,14.71,70.35
kruger,2026-01-10,35.72,22.13,7.99,13.42,46.29
kruger,2026-01-11,32.09,20.8,12.38,11.94,57.49
kruger,2026-01-12,33.82,19.34,12.44,11.13,57.2
kruger,2026-01-13,33.07,24.5,11.75,12.72,42.38
kruger,2026-01-14,36.95,18.64,10.63,14.43,60.36
kruger,2026-01-15,35.47,22.41,16.33,14.58,59.13
kruger,2026-01-16,37.63,23.81,1.28,13.43,63.57
kruger,2026-01-17,32.51,22.39,8.42,14.05,59.02
kruger,2026-01-18,34.37,25.07,3.75,9.68,47.98
kruger,2026-01-19,36.87,19.16,13.71,11.61,94.69
kruger,2026-01-20,37.58,20.02,5.29,15.01,61.25
kruger,2026-01-21,30.66,20.85,11.53,10.5,77.5
kruger,2026-01-22,35.95,30.22,5.7,13.42,64.56
kruger,2026-01-23,32.55,23.26,9.18,13.15,80.58
kruger,2026-01-24,37.71,23.72,7.06,12.65,46.31
kruger,2026-01-25,40.56,23.61,7.43,15.03,56.59
kruger,2026-01-26,27.13,22.17,8.81,13.67,51.17
kruger,2026-01-27,32.99,24.58,11.15,9.39,49.28
kruger,2026-01-28,35.73,17.27,7.02,14.53,61.82
kruger,2026-01-29,34.92,22.62,11.02,11.45,54.07
kruger,2026-01-30,37.73,22.98,11.59,8.88,36.3
kruger,2026-01-31,35.13,24.44,5.76,15.19,53.1
kruger,2026-02-01,33.28,18.98,14.96,9.4,51.78
kruger,2026-02-02,31.79,19.15,10.38,11.89,70.71
kruger,2026-02-03,31.26,19.28,5.66,13.82,35.72
kruger,2026-02-04,32.57,23.11,9.82,12.71,49.64
kruger,2026-02-05,33.08,23.12,11.5,11.05,45.99
kruger,2026-02-06,35.9,19.37,9.69,9.93,68.32
kruger,2026-02-07,34.24,26.5,8.12,10.62,48.87
kruger,2026-02-08,32.73,22.4,0.0,9.66,72.63
kruger,2026-02-09,31.62,21.96,3.4,12.5,56.12
kruger,2026-02-10,32.5,21.09,9.96,11.23,64.05
kruger,2026-02-11,32.88,23.9,3.27,8.72,73.17
kruger,2026-02-12,32.29,22.51,9.25,11.98,38.42
kruger,2026-02-13,36.51,26.22,10.7,10.9,52.61
kruger,2026-02-14,38.56,18.42,6.68,13.62,62.49
kruger,2026-02-15,30.88,17.55,0.05,13.89,59.0
kruger,2026-02-16,37.72,19.51,4.13,16.81,36.42
kruger,2026-02-17,36.4,22.7,9.78,14.72,66.17
kruger,2026-02-18,34.81,20.2,12.04,9.49,56.28
kruger,2026-02-19,38.8,24.4,0.0,6.22,57.32
kruger,2026-02-20,33.65,20.18,7.27,8.17,51.9
kruger,2026-02-21,35.32,23.82,1.04,11.2,7.31
kruger,2026-02-22,34.43,18.98,7.23,7.86,63.04
kruger,2026-02-23,34.15,23.96,6.21,10.82,63.49
kruger,2026-02-24,35.32,24.37,16.24,12.74,48.16
kruger,2026-02-25,34.02,19.47,4.6,10.94,32.01
kruger,2026-02-26,35.22,22.05,10.91,13.44,46.05
kruger,2026-02-27,31.75,21.43,10.71,10.76,68.8
kruger,2026-02-28,31.78,21.99,5.85,10.28,47.54
kruger,2026-03-01,31.61,23.84,7.06,17.67,53.78
kruger,2026-03-02,32.47,23.0,6.55,12.42,48.22
kruger,2026-03-03,36.54,21.78,3.52,12.84,57.73
kruger,2026-03-04,32.04,22.09,3.13,15.01,33.01
kruger,2026-03-05,35.32,17.19,4.77,15.08,49.5
kruger,2026-03-06,34.08,20.19,1.81,11.33,68.74
kruger,2026-03-07,31.89,17.46,4.31,15.54,38.29
kruger,2026-03-08,37.07,20.1,5.48,11.03,47.68
kruger,2026-03-09,35.27,22.86,6.86,15.4,67.35
kruger,2026-03-10,32.99,19.97,7.93,8.63,62.5
kruger,2026-03-11,32.67,13.65,5.32,11.38,57.82
kruger,2026-03-12,33.11,17.22,2.98,12.95,56.61
kruger,2026-03-13,28.16,21.21,7.7,13.33,56.1
kruger,2026-03-14,30.2,18.32,9.11,9.69,46.78
kruger,2026-03-15,33.98,21.55,3.95,7.25,66.5
kruger,2026-03-16,27.76,16.49,1.91,13.55,42.66
kruger,2026-03-17,30.18,20.38,4.0,11.52,34.49
kruger,2026-03-18,31.16,20.42,5.0,10.94,28.36
kruger,2026-03-19,40.96,21.22,10.25,17.05,39.58
kruger,2026-03-20,34.18,17.52,8.38,11.18,39.1
kruger,2026-03-21,35.37,21.02,5.54,10.47,37.58
kruger,2026-03-22,29.57,22.75,13.09,6.59,30.32
kruger,2026-03-23,32.98,13.21,5.29,8.72,53.26
kruger,2026-03-24,26.52,18.93,11.02,14.56,33.15
kruger,2026-03-25,30.72,14.2,10.19,9.73,55.27
kruger,2026-03-26,33.14,16.47,9.85,13.76,57.55
kruger,2026-03-27,27.27,16.58,6.47,7.96,85.02
kruger,2026-03-28,32.61,18.27,5.59,9.2,39.29
kruger,2026-03-29,32.77,19.28,5.08,9.1,43.4
kruger,2026-03-30,29.43,20.5,8.4,13.18,34.28
kruger,2026-03-31,28.64,18.81,1.77,11.08,27.58
kruger,2026-04-01,28.9,19.73,3.81,8.35,38.53
kruger,2026-04-02,29.91,15.26,11.47,13.79,32.87
kruger,2026-04-03,29.9,20.5,7.23,13.1,26.42
kruger,2026-04-04,32.28,9.52,8.49,12.61,47.4
kruger,2026-04-05,29.05,21.47,0.0,12.44,27.44
kruger,2026-04-06,35.36,20.93,2.81,8.96,51.68
kruger,2026-04-07,35.24,19.33,5.81,15.26,55.69
kruger,2026-04-08,31.07,22.93,4.24,11.15,29.55
kruger,2026-04-09,29.22,12.75,0.0,12.22,63.16
kruger,2026-04-10,28.55,19.1,7.31,12.53,47.87
kruger,2026-04-11,31.0,17.39,8.51,8.52,40.42
kruger,2026-04-12,31.43,17.56,2.99,17.01,14.49
kruger,2026-04-13,29.25,13.94,7.25,11.2,15.13
kruger,2026-04-14,28.57,17.73,12.11,11.35,64.08
kruger,2026-04-15,30.7,17.51,10.03,9.98,59.94
kruger,2026-04-16,29.75,14.82,2.9,14.63,63.8
kruger,2026-04-17,27.72,16.27,0.0,14.72,67.32
kruger,2026-04-18,29.67,13.05,4.64,11.59,59.74
kruger,2026-04-19,27.42,15.24,13.04,6.68,42.35
kruger,2026-04-20,26.87,18.53,8.94,10.55,46.83
kruger,2026-04-21,29.01,18.48,3.49,10.81,27.82
kruger,2026-04-22,27.2,17.84,9.7,9.62,41.32
kruger,2026-04-23,26.62,18.22,8.05,7.99,48.58
kruger,2026-04-24,31.85,18.15,0.0,6.24,48.53
kruger,2026-04-25,27.44,14.0,7.49,15.28,34.83
kruger,2026-04-26,34.04,16.36,3.65,13.06,5.92
kruger,2026-04-27,30.29,18.12,0.0,10.91,13.32
kruger,2026-04-28,25.84,11.86,3.4,8.82,42.82
kruger,2026-04-29,31.68,11.74,4.63,11.81,27.76
kruger,2026-04-30,25.95,11.5,0.0,11.31,44.98
kruger,2026-05-01,33.92,10.53,2.35,9.46,16.4
kruger,2026-05-02,28.57,12.27,1.44,11.8,54.74
kruger,2026-05-03,29.42,13.48,5.88,12.14,19.92
kruger,2026-05-04,27.79,18.47,1.42,12.63,55.79
kruger,2026-05-05,28.39,13.5,0.0,7.87,10.04
kruger,2026-05-06,26.81,10.7,0.71,11.79,42.03
kruger,2026-05-07,24.62,14.81,0.0,14.0,18.67
kruger,2026-05-08,28.31,13.82,0.0,11.32,32.18
kruger,2026-05-09,30.27,12.24,7.02,17.02,48.13
kruger,2026-05-10,23.52,12.63,5.45,9.82,45.18
kruger,2026-05-11,31.62,16.67,0.0,5.18,18.98
kruger,2026-05-12,28.71,10.38,0.0,7.75,21.82
kruger,2026-05-13,25.49,9.64,1.63,8.26,7.09
kruger,2026-05-14,25.35,14.88,0.0,11.91,3.49
kruger,2026-05-15,32.21,12.08,0.94,12.7,17.54
kruger,2026-05-16,29.34,17.4,2.13,10.58,16.91
kruger,2026-05-17,29.85,13.04,3.0,11.02,6.83
kruger,2026-05-18,25.58,13.08,3.08,15.86,26.03
kruger,2026-05-19,27.91,15.21,0.0,7.59,28.32
kruger,2026-05-20,27.2,8.97,1.88,9.83,28.3
kruger,2026-05-21,25.54,13.9,6.66,8.66,16.21
kruger,2026-05-22,26.3,12.06,0.0,6.47,19.21
kruger,2026-05-23,29.21,15.45,2.72,3.89,22.85
kruger,2026-05-24,30.59,11.18,0.0,13.82,39.57
kruger,2026-05-25,24.95,13.15,6.92,7.61,16.87
kruger,2026-05-26,21.68,11.72,4.52,9.12,1.56
kruger,2026-05-27,30.47,13.57,4.33,11.14,21.64
kruger,2026-05-28,30.42,11.82,0.0,6.25,19.63
kruger,2026-05-29,26.57,13.03,2.14,7.29,1.67
kruger,2026-05-30,30.67,16.67,2.53,9.7,19.64
kruger,2026-05-31,26.19,11.49,0.0,8.42,12.08
kruger,2026-06-01,22.4,13.13,1.5,5.88,23.92
kruger,2026-06-02,21.11,17.77,3.32,11.5,31.13
kruger,2026-06-03,21.01,12.95,0.0,8.26,16.53
kruger,2026-06-04,24.91,5.81,3.17,10.04,31.99
kruger,2026-06-05,23.42,10.16,1.11,9.78,19.48
kruger,2026-06-06,23.01,8.74,6.19,12.49,19.86
kruger,2026-06-07,24.36,13.98,0.0,10.62,18.95
kruger,2026-06-08,27.18,11.37,1.28,6.95,20.44
kruger,2026-06-09,22.89,14.19,1.89,13.0,2.47
kruger,2026-06-10,22.32,13.0,0.0,8.07,0.0
kruger,2026-06-11,22.96,12.92,0.0,7.03,39.44
kruger,2026-06-12,27.1,8.28,0.73,6.56,25.62
kruger,2026-06-13,24.06,12.53,0.0,2.39,14.09
kruger,2026-06-14,25.05,14.62,3.0,7.58,37.97
kruger,2026-06-15,28.8,7.53,0.61,10.57,64.79
kruger,2026-06-16,32.62,10.29,0.54,5.28,0.0
kruger,2026-06-17,25.95,11.91,3.07,14.47,20.84
kruger,2026-06-18,25.59,11.22,0.0,2.6,31.24
kruger,2026-06-19,20.36,14.51,0.28,6.96,0.0
kruger,2026-06-20,24.97,12.68,3.53,4.82,0.0
kruger,2026-06-21,23.99,11.82,0.26,12.02,34.99
kruger,2026-06-22,26.43,12.8,0.0,11.21,19.71
kruger,2026-06-23,22.53,12.62,0.18,8.44,9.95
kruger,2026-06-24,24.26,10.76,0.2,4.95,0.0
kruger,2026-06-25,25.43,9.73,3.51,5.61,24.94
kruger,2026-06-26,29.26,13.04,0.0,9.94,0.0
kruger,2026-06-27,28.22,8.67,0.0,7.15,4.47
kruger,2026-06-28,27.28,10.3,0.0,7.48,5.28
kruger,2026-06-29,25.63,7.55,5.57,8.93,14.4
kruger,2026-06-30,22.11,12.24,0.93,7.9,2.84
kruger,2026-07-01,25.55,13.45,5.31,3.87,4.98
kruger,2026-07-02,21.02,8.0,5.87,5.12,33.29
kruger,2026-07-03,22.68,9.92,0.0,5.18,21.52
kruger,2026-07-04,28.61,9.07,0.0,6.91,19.13
kruger,2026-07-05,24.85,12.93,0.0,9.35,25.34
kruger,2026-07-06,23.89,13.75,2.1,9.22,2.82
kruger,2026-07-07,24.25,8.99,0.0,12.62,24.07
kruger,2026-07-08,22.88,2.43,1.43,4.83,24.94
kruger,2026-07-09,16.67,13.02,1.21,9.97,3.11
kruger,2026-07-10,19.32,10.23,0.0,6.68,27.34
kruger,2026-07-11,24.95,10.22,0.0,14.96,21.86
kruger,2026-07-12,20.32,12.49,1.33,8.71,22.2
kruger,2026-07-13,22.74,9.15,7.83,7.34,43.21
kruger,2026-07-14,19.37,8.47,0.0,9.84,20.0
kruger,2026-07-15,20.88,9.15,0.84,9.6,4.27
kruger,2026-07-16,23.01,11.25,0.0,7.87,20.04
kruger,2026-07-17,25.79,12.22,0.46,10.79,18.26
kruger,2026-07-18,26.38,14.09,0.0,13.53,1.41
kruger,2026-07-19,20.8,11.01,0.0,11.76,0.0
kruger,2026-07-20,23.92,9.64,9.3,8.55,17.03
kruger,2026-07-21,18.72,12.22,0.0,14.33,32.15
kruger,2026-07-22,23.17,7.57,0.0,10.45,32.29
kruger,2026-07-23,25.86,13.55,2.07,5.71,22.24
kruger,2026-07-24,22.8,10.53,4.02,9.17,41.57
kruger,2026-07-25,26.96,9.44,2.21,8.35,20.65
kruger,2026-07-26,25.53,7.6,0.0,7.38,15.1
kruger,2026-07-27,23.75,11.59,0.0,9.95,21.15
kruger,2026-07-28,22.29,9.34,0.0,3.38,7.13
kruger,2026-07-29,21.45,9.81,0.0,13.83,0.0
kruger,2026-07-30,18.69,5.89,0.0,10.86,3.53
kruger,2026-07-31,19.19,8.99,0.0,3.5,11.08
kruger,2026-08-01,26.08,8.68,4.43,10.83,31.32
kruger,2026-08-02,27.66,11.16,3.26,10.37,0.0
kruger,2026-08-03,19.9,9.47,4.66,13.44,3.85
kruger,2026-08-04,23.37,3.54,0.0,14.23,30.62
kruger,2026-08-05,18.46,9.15,0.0,14.74,13.27
kruger,2026-08-06,20.28,6.58,0.0,8.24,15.72
kruger,2026-08-07,24.02,7.63,1.32,10.7,13.18
kruger,2026-08-08,21.71,12.78,0.0,7.65,47.89
kruger,2026-08-09,17.55,6.08,1.09,12.04,27.41
kruger,2026-08-10,28.49,11.07,6.06,2.63,22.9
kruger,2026-08-11,23.22,9.1,0.0,5.3,22.19
kruger,2026-08-12,20.09,8.66,3.0,7.83,25.5
kruger,2026-08-13,23.83,8.0,1.87,8.97,47.2
kruger,2026-08-14,23.24,11.28,0.2,9.65,14.01
kruger,2026-08-15,24.79,11.61,2.89,13.0,22.28
kruger,2026-08-16,22.55,6.26,0.0,7.24,20.33
kruger,2026-08-17,24.56,13.49,0.0,5.33,33.6
kruger,2026-08-18,26.49,7.69,1.67,8.06,45.77
kruger,2026-08-19,19.75,11.68,0.0,7.42,11.54
kruger,2026-08-20,21.68,7.8,2.05,10.91,27.32
kruger,2026-08-21,26.33,9.66,0.0,13.84,23.34
kruger,2026-08-22,22.21,7.66,6.15,13.59,0.0
kruger,2026-08-23,23.67,9.59,0.0,12.57,35.6
kruger,2026-08-24,22.56,10.47,5.96,7.61,44.69
kruger,2026-08-25,22.8,8.15,0.0,8.86,33.72
kruger,2026-08-26,22.61,11.87,0.0,10.64,12.14
kruger,2026-08-27,20.37,12.26,3.73,7.07,1.47
kruger,2026-08-28,25.58,17.97,1.48,7.37,31.64
kruger,2026-08-29,27.46,13.59,0.08,10.55,6.04
kruger,2026-08-30,23.8,14.28,0.0,5.35,7.75
kruger,2026-08-31,27.25,6.98,0.0,12.74,25.81
kruger,2026-09-01,22.99,6.57,9.91,8.28,33.93
kruger,2026-09-02,22.89,10.79,0.0,11.13,18.08
kruger,2026-09-03,25.84,16.07,0.0,10.16,20.25
kruger,2026-09-04,25.96,17.86,5.32,13.32,21.91
kruger,2026-09-05,24.41,10.03,5.07,3.2,10.09
kruger,2026-09-06,26.85,10.36,0.0,13.39,18.37
kruger,2026-09-07,21.04,13.26,0.0,13.35,0.06
kruger,2026-09-08,24.06,11.48,5.9,10.5,35.61
kruger,2026-09-09,27.94,11.62,0.0,11.25,66.66
kruger,2026-09-10,28.01,13.72,0.0,11.5,25.99
kruger,2026-09-11,27.72,19.0,1.36,7.03,43.22
kruger,2026-09-12,28.35,15.55,0.0,9.93,21.7
kruger,2026-09-13,24.25,17.04,4.78,12.46,5.7
kruger,2026-09-14,20.34,7.84,1.22,4.45,59.94
kruger,2026-09-15,24.76,15.22,0.0,11.26,13.77
kruger,2026-09-16,27.53,10.25,0.0,10.13,40.94
kruger,2026-09-17,28.11,16.9,6.49,11.78,30.26
