area_id,date,temperature_2m_max,temperature_2m_min,precipitation_sum,windspeed_10m_max,cloudcover_mean
serengeti,2011-09-17,24.12,13.19,0.53,9.4,40.04
serengeti,2011-09-18,24.99,11.64,0.68,14.01,48.78
serengeti,2011-09-19,23.7,13.52,1.71,10.92,71.06
serengeti,2011-09-20,24.97,12.62,3.1,11.93,36.87
serengeti,2011-09-21,23.02,12.27,0.0,7.26,29.63
serengeti,2011-09-22,24.74,13.2,3.79,10.76,10.76
serengeti,2011-09-23,23.64,9.86,0.0,9.47,38.36
serengeti,2011-09-24,24.53,14.96,2.52,4.96,33.58
serengeti,2011-09-25,25.16,11.08,0.0,8.31,28.48
serengeti,2011-09-26,22.73,11.96,4.71,9.48,32.65
serengeti,2011-09-27,22.96,11.79,6.26,12.04,3.07
serengeti,2011-09-28,24.2,9.68,4.21,4.05,0.0
serengeti,2011-09-29,21.69,14.59,4.2,13.33,47.3
serengeti,2011-09-30,23.03,13.13,0.0,16.63,0.23
serengeti,2011-10-01,22.02,13.13,0.0,10.67,9.38
serengeti,2011-10-02,23.92,16.46,4.49,8.08,13.43
serengeti,2011-10-03,25.37,11.88,0.0,8.52,36.23
serengeti,2011-10-04,25.95,9.83,3.12,5.43,66.04
serengeti,2011-10-05,26.78,13.85,0.0,8.6,29.38
serengeti,2011-10-06,24.4,14.12,1.94,4.47,19.61
serengeti,2011-10-07,21.73,8.9,4.46,9.36,50.53
serengeti,2011-10-08,21.65,10.12,0.0,20.1,13.71
serengeti,2011-10-09,24.87,14.05,1.81,12.12,41.54
serengeti,2011-10-10,23.31,12.71,0.0,8.04,36.26
serengeti,2011-10-11,22.31,14.48,1.04,4.25,19.82
serengeti,2011-10-12,25.89,13.13,0.67,8.62,29.5
serengeti,2011-10-13,27.18,13.52,4.48,12.61,35.75
serengeti,2011-10-14,24.96,13.82,0.0,10.04,22.83
serengeti,2011-10-15,25.85,13.17,0.08,11.89,28.54
serengeti,2011-10-16,23.1,12.49,0.0,14.77,35.78
serengeti,2011-10-17,23.22,11.74,0.67,12.47,41.06
serengeti,2011-10-18,18.01,14.77,0.0,11.1,5.89
serengeti,2011-10-19,26.24,16.51,1.16,9.06,30.29
serengeti,2011-10-20,25.52,14.62,4.45,6.79,20.56
serengeti,2011-10-21,24.12,11.7,0.0,11.52,51.46
serengeti,2011-10-22,26.71,11.16,0.0,13.32,30.48
serengeti,2011-10-23,25.01,10.55,2.39,4.73,28.55
serengeti,2011-10-24,24.28,12.83,0.0,13.27,52.85
serengeti,2011-10-25,26.46,13.23,0.0,12.86,13.44
serengeti,2011-10-26,23.25,12.27,0.0,5.76,32.87
serengeti,2011-10-27,23.26,14.87,0.0,9.71,23.73
serengeti,2011-10-28,23.33,12.74,0.0,11.08,60.91
serengeti,2011-10-29,21.91,13.02,3.02,9.15,17.91
serengeti,2011-10-30,27.87,11.48,0.0,14.77,32.42
serengeti,2011-10-31,22.35,14.47,0.0,14.03,30.32
serengeti,2011-11-01,23.74,12.43,0.0,8.67,30.87
serengeti,2011-11-02,24.94,8.59,9.75,8.34,52.06
serengeti,2011-11-03,25.38,15.0,0.0,11.33,41.65
serengeti,2011-11-04,25.55,10.84,0.0,11.45,33.12
serengeti,2011-11-05,21.31,10.91,0.0,7.66,43.08
serengeti,2011-11-06,21.76,10.64,0.0,8.17,33.24
serengeti,2011-11-07,25.18,14.04,0.0,6.29,11.45
serengeti,2011-11-08,27.52,11.21,0.0,10.15,36.81
serengeti,2011-11-09,27.45,13.65,0.84,8.47,75.24
serengeti,2011-11-10,26.76,12.91,0.0,7.03,44.57
serengeti,2011-11-11,24.12,13.79,0.94,10.38,18.45
serengeti,2011-11-12,23.64,16.01,7.2,14.65,5.81
serengeti,2011-11-13,22.2,15.63,2.46,5.39,20.05
serengeti,2011-11-14,25.66,13.27,0.0,9.59,19.9
serengeti,2011-11-15,26.34,17.33,0.0,8.66,35.76
serengeti,2011-11-16,25.15,12.84,0.0,9.09,57.44
serengeti,2011-11-17,26.86,11.28,0.0,11.76,21.8
serengeti,2011-11-18,26.09,11.01,2.0,8.44,28.06
serengeti,2011-11-19,25.63,14.42,0.0,9.45,46.39
serengeti,2011-11-20,24.74,11.31,0.51,9.84,31.14
serengeti,2011-11-21,21.49,14.23,4.98,12.75,46.81
serengeti,2011-11-22,24.85,14.93,0.69,8.01,29.03
serengeti,2011-11-23,22.21,13.94,0.0,11.91,30.87
serengeti,2011-11-24,24.88,13.66,4.78,12.27,35.07
serengeti,2011-11-25,19.65,13.74,5.62,12.02,35.8
serengeti,2011-11-26,24.48,12.88,0.88,6.88,12.79
serengeti,2011-11-27,26.15,15.7,0.0,11.32,34.92
serengeti,2011-11-28,21.9,14.69,1.67,11.85,42.61
serengeti,2011-11-29,26.15,11.99,6.76,8.68,27.79
serengeti,2011-11-30,23.41,9.54,0.0,13.27,43.28
serengeti,2011-12-01,25.78,16.68,2.43,11.61,47.67
serengeti,2011-12-02,24.82,15.41,6.71,11.07,40.48
serengeti,2011-12-03,24.84,15.55,5.24,10.97,29.99
serengeti,2011-12-04,27.73,11.52,0.0,12.19,18.16
serengeti,2011-12-05,26.72,12.05,1.4,8.52,46.44
serengeti,2011-12-06,21.62,15.07,4.06,9.19,49.05
serengeti,2011-12-07,23.71,13.39,4.3,12.06,66.53
serengeti,2011-12-08,24.4,13.68,7.14,13.96,14.39
serengeti,2011-12-09,28.19,16.34,0.0,10.65,59.35
serengeti,2011-12-10,24.68,14.18,0.0,8.67,55.96
serengeti,2011-12-11,23.39,14.44,3.18,11.23,42.21
serengeti,2011-12-12,24.94,15.79,2.58,13.19,55.77
serengeti,2011-12-13,24.58,12.37,9.08,12.37,40.8
serengeti,2011-12-14,24.56,14.64,0.0,15.39,42.15
serengeti,2011-12-15,25.85,17.68,5.93,13.83,23.57
serengeti,2011-12-16,27.28,16.3,3.36,14.1,34.1
serengeti,2011-12-17,26.99,13.5,0.42,12.41,47.8
serengeti,2011-12-18,29.0,14.62,2.79,12.04,38.53
serengeti,2011-12-19,26.88,12.99,3.28,6.29,28.66
serengeti,2011-12-20,27.14,14.09,0.0,11.57,36.36
serengeti,2011-12-21,26.49,13.42,2.17,12.68,40.63
serengeti,2011-12-22,24.88,14.13,4.25,9.15,59.26
serengeti,2011-12-23,25.09,16.0,6.08,9.77,57.53
serengeti,2011-12-24,24.09,13.03,2.79,11.6,38.09
serengeti,2011-12-25,22.73,16.6,4.21,6.98,35.18
serengeti,2011-12-26,27.41,17.67,3.97,14.95,53.45
serengeti,2011-12-27,26.88,11.84,3.5,6.06,31.33
serengeti,2011-12-28,24.02,14.88,2.68,7.71,52.37
serengeti,2011-12-29,27.07,14.91,3.39,12.86,62.18
serengeti,2011-12-30,27.06,15.87,5.71,16.27,66.48
serengeti,2011-12-31,27.92,14.91,0.0,14.01,30.51
serengeti,2012-01-01,25.83,14.57,0.17,14.98,46.4
serengeti,2012-01-02,25.25,17.83,1.54,12.15,44.23
serengeti,2012-01-03,25.41,17.24,1.42,10.97,20.31
serengeti,2012-01-04,28.35,14.3,0.0,8.94,51.92
serengeti,2012-01-05,28.56,15.17,3.26,12.64,43.78
serengeti,2012-01-06,25.15,16.0,3.86,16.48,41.44
serengeti,2012-01-07,26.95,12.67,8.69,7.8,45.21
serengeti,2012-01-08,26.21,16.45,0.0,12.97,40.59
serengeti,2012-01-09,25.89,12.3,1.99,12.53,36.98
serengeti,2012-01-10,27.87,16.65,11.5,18.26,57.7
serengeti,2012-01-11,27.4,14.35,0.0,14.15,45.12
serengeti,2012-01-12,22.38,13.26,5.4,12.44,63.39
serengeti,2012-01-13,27.64,15.68,0.0,15.57,56.43
serengeti,2012-01-14,30.19,15.52,4.34,10.94,57.48
serengeti,2012-01-15,27.37,11.88,2.95,16.48,25.63
serengeti,2012-01-16,30.19,11.95,5.92,7.3,47.06
serengeti,2012-01-17,28.02,14.95,2.77,10.62,59.81
serengeti,2012-01-18,31.44,11.93,6.26,12.25,67.03
serengeti,2012-01-19,31.53,14.42,5.48,17.81,48.41
serengeti,2012-01-20,31.58,16.88,11.73,8.71,31.53
serengeti,2012-01-21,28.99,16.22,0.44,14.57,68.98
serengeti,2012-01-22,28.16,14.48,0.0,13.27,37.34
serengeti,2012-01-23,25.25,14.73,3.44,8.86,23.48
serengeti,2012-01-24,25.06,16.36,6.24,11.53,49.81
serengeti,2012-01-25,30.62,14.4,7.13,14.21,48.41
serengeti,2012-01-26,26.18,12.41,1.82,10.95,67.89
serengeti,2012-01-27,30.99,14.41,11.27,13.53,65.95
serengeti,2012-01-28,26.49,16.4,3.94,13.31,42.61
serengeti,2012-01-29,23.9,13.21,0.0,12.96,35.04
serengeti,2012-01-30,26.36,17.46,5.01,15.45,45.82
serengeti,2012-01-31,25.3,14.43,4.2,6.93,53.75
serengeti,2012-02-01,31.08,19.41,3.42,7.22,60.98
serengeti,2012-02-02,27.67,15.0,5.3,8.6,45.63
serengeti,2012-02-03,27.66,18.1,5.61,12.39,61.88
serengeti,2012-02-04,27.26,15.9,1.23,11.11,42.88
serengeti,2012-02-05,28.31,13.23,0.72,13.95,76.94
serengeti,2012-02-06,28.97,16.33,0.86,12.43,57.2
serengeti,2012-02-07,27.32,13.49,12.98,10.49,33.96
serengeti,2012-02-08,25.24,13.24,3.85,15.18,43.11
serengeti,2012-02-09,25.39,17.44,9.43,13.66,41.58
serengeti,2012-02-10,26.68,16.71,9.59,10.43,48.47
serengeti,2012-02-11,25.64,14.86,3.4,12.08,36.47
serengeti,2012-02-12,31.25,15.85,7.02,13.24,48.46
serengeti,2012-02-13,27.78,15.54,7.56,20.74,47.23
serengeti,2012-02-14,25.29,15.02,1.72,14.41,58.53
serengeti,2012-02-15,29.63,15.11,2.04,9.47,47.84
serengeti,2012-02-16,27.32,15.93,7.73,16.51,67.76
serengeti,2012-02-17,30.87,15.73,5.15,15.71,49.31
serengeti,2012-02-18,27.53,15.75,0.0,16.51,37.44
serengeti,2012-02-19,28.13,16.68,2.77,8.55,20.21
serengeti,2012-02-20,33.48,18.44,2.03,11.79,58.67
serengeti,2012-02-21,29.23,18.73,3.86,9.16,48.26
serengeti,2012-02-22,29.11,17.69,0.0,16.66,33.39
serengeti,2012-02-23,29.36,17.4,5.82,11.19,56.25
serengeti,2012-02-24,27.87,15.56,6.58,6.02,44.8
serengeti,2012-02-25,33.36,14.69,5.01,17.08,72.76
serengeti,2012-02-26,27.43,16.19,3.89,15.84,44.68
serengeti,2012-02-27,31.77,16.95,2.89,10.68,80.54
serengeti,2012-02-28,28.56,15.44,6.93,14.51,55.31
serengeti,2012-02-29,28.41,13.74,0.0,14.83,60.69
serengeti,2012-03-01,28.13,18.71,13.14,11.44,66.34
serengeti,2012-03-02,25.31,16.3,10.32,18.76,65.23
serengeti,2012-03-03,28.6,18.61,0.0,16.02,59.79
serengeti,2012-03-04,31.09,16.38,11.96,11.02,38.17
serengeti,2012-03-05,29.38,18.4,7.19,11.1,98.13
serengeti,2012-03-06,27.2,17.49,7.04,13.23,40.62
serengeti,2012-03-07,30.75,18.64,4.42,11.85,39.84
serengeti,2012-03-08,29.33,17.96,8.67,14.12,63.57
serengeti,2012-03-09,29.03,16.45,4.24,11.28,72.7
serengeti,2012-03-10,26.41,16.73,3.03,15.61,41.76
serengeti,2012-03-11,28.36,19.85,4.26,13.59,79.56
serengeti,2012-03-12,29.41,16.27,4.16,11.66,41.13
serengeti,2012-03-13,29.4,17.58,5.95,16.49,71.78
serengeti,2012-03-14,31.39,17.74,7.13,13.17,63.77
serengeti,2012-03-15,25.84,18.05,0.0,17.25,93.09
serengeti,2012-03-16,27.96,16.48,8.16,11.08,67.07
serengeti,2012-03-17,29.08,18.71,5.61,17.77,66.2
serengeti,2012-03-18,30.66,16.95,9.04,13.71,64.1
serengeti,2012-03-19,29.91,13.79,7.01,14.34,76.84
serengeti,2012-03-20,29.4,17.02,0.0,17.03,48.71
serengeti,2012-03-21,31.84,17.53,7.1,8.08,56.54
serengeti,2012-03-22,37.28,16.34,4.39,17.74,66.01
serengeti,2012-03-23,29.47,16.95,0.0,20.19,82.15
serengeti,2012-03-24,32.78,17.16,3.8,8.54,66.88
serengeti,2012-03-25,33.49,18.92,1.7,16.06,41.26
serengeti,2012-03-26,28.69,17.7,8.83,9.84,72.89
serengeti,2012-03-27,30.27,19.84,11.85,13.91,68.02
serengeti,2012-03-28,26.03,15.31,7.66,15.12,65.18
serengeti,2012-03-29,29.27,15.76,9.11,15.96,66.86
serengeti,2012-03-30,31.2,18.14,2.5,12.68,54.87
serengeti,2012-03-31,29.28,18.16,8.99,10.82,68.64
serengeti,2012-04-01,30.29,18.7,4.47,18.73,40.63
serengeti,2012-04-02,30.97,16.41,0.0,7.21,77.91
serengeti,2012-04-03,30.55,15.52,5.84,13.61,92.91
serengeti,2012-04-04,30.49,16.43,7.57,14.72,85.82
serengeti,2012-04-05,30.54,12.83,10.99,15.16,55.51
serengeti,2012-04-06,30.73,18.63,5.05,19.25,72.3
serengeti,2012-04-07,30.36,15.96,2.16,9.71,75.95
serengeti,2012-04-08,28.63,15.47,7.91,13.31,71.54
serengeti,2012-04-09,27.68,17.24,6.13,12.72,52.44
serengeti,2012-04-10,30.04,19.39,4.08,13.91,55.43
serengeti,2012-04-11,28.7,18.09,7.32,15.9,48.25
serengeti,2012-04-12,32.85,16.49,10.68,22.53,51.16
serengeti,2012-04-13,26.64,18.1,5.91,16.48,91.07
serengeti,2012-04-14,28.99,17.8,17.8,17.63,62.13
serengeti,2012-04-15,31.42,19.9,1.69,16.96,47.79
serengeti,2012-04-16,27.23,18.94,7.03,18.62,70.82
serengeti,2012-04-17,28.47,16.41,8.49,9.47,88.36
serengeti,2012-04-18,29.24,17.05,0.0,15.69,68.76
serengeti,2012-04-19,33.51,17.35,6.76,9.21,62.68
serengeti,2012-04-20,29.06,13.54,0.65,20.07,22.9
serengeti,2012-04-21,30.83,11.48,3.63,15.01,49.96
serengeti,2012-04-22,29.54,17.2,3.25,14.65,66.85
serengeti,2012-04-23,29.05,18.34,3.17,15.29,86.78
serengeti,2012-04-24,32.54,21.94,17.18,8.7,59.91
serengeti,2012-04-25,27.7,16.68,5.34,7.02,74.41
serengeti,2012-04-26,29.99,16.46,8.9,12.87,67.32
serengeti,2012-04-27,30.19,19.07,2.3,11.77,58.41
serengeti,2012-04-28,32.39,15.0,7.67,13.04,48.71
serengeti,2012-04-29,29.4,20.27,0.8,12.41,62.14
serengeti,2012-04-30,26.92,15.24,14.88,14.82,92.74
serengeti,2012-05-01,27.25,17.63,8.73,15.15,27.43
serengeti,2012-05-02,27.83,17.04,7.98,15.23,56.41
serengeti,2012-05-03,31.45,14.45,4.62,12.98,55.79
serengeti,2012-05-04,28.93,16.09,7.13,16.03,53.88
serengeti,2012-05-05,30.84,15.02,13.33,10.96,73.31
serengeti,2012-05-06,33.11,15.92,5.33,18.92,69.05
serengeti,2012-05-07,31.14,18.77,7.3,14.32,58.55
serengeti,2012-05-08,31.35,13.42,1.12,11.76,58.84
serengeti,2012-05-09,30.19,13.09,11.11,14.44,66.76
serengeti,2012-05-10,27.67,16.55,6.64,10.85,73.95
serengeti,2012-05-11,33.64,14.4,7.75,10.71,81.13
serengeti,2012-05-12,28.23,18.04,2.03,14.44,59.65
serengeti,2012-05-13,31.35,16.62,1.29,11.07,36.07
serengeti,2012-05-14,31.4,18.28,4.39,18.18,72.34
serengeti,2012-05-15,26.79,13.39,8.28,10.98,57.4
serengeti,2012-05-16,26.43,16.95,7.58,15.69,70.36
serengeti,2012-05-17,30.47,21.36,6.56,11.16,96.42
serengeti,2012-05-18,27.36,17.79,0.5,16.1,57.96
serengeti,2012-05-19,32.13,17.68,0.95,15.74,56.19
serengeti,2012-05-20,28.14,18.32,5.88,6.98,41.89
serengeti,2012-05-21,31.55,15.56,0.0,16.01,82.75
serengeti,2012-05-22,31.39,15.64,2.19,14.77,21.64
serengeti,2012-05-23,29.78,14.24,7.2,14.61,58.73
serengeti,2012-05-24,29.0,16.78,11.83,13.39,70.48
serengeti,2012-05-25,30.14,21.09,5.59,12.54,54.89
serengeti,2012-05-26,28.74,17.54,8.95,7.03,38.06
serengeti,2012-05-27,28.47,13.55,8.63,13.03,36.81
serengeti,2012-05-28,26.48,15.16,2.54,13.05,52.45
serengeti,2012-05-29,30.66,17.58,12.33,12.5,65.55
serengeti,2012-05-30,28.09,16.78,7.75,10.2,59.39
serengeti,2012-05-31,30.07,15.91,6.06,16.85,44.13
serengeti,2012-06-01,29.85,14.87,10.74,13.99,72.2
serengeti,2012-06-02,26.06,14.14,9.1,11.64,70.81
serengeti,2012-06-03,29.55,13.63,8.01,8.04,43.36
serengeti,2012-06-04,30.11,18.84,0.0,10.51,39.22
serengeti,2012-06-05,28.72,16.58,6.49,12.0,69.1
serengeti,2012-06-06,29.48,17.96,5.42,16.56,50.52
serengeti,2012-06-07,29.29,16.37,4.85,13.02,58.13
serengeti,2012-06-08,31.97,16.4,7.78,11.82,67.92
serengeti,2012-06-09,28.67,15.71,2.09,14.85,29.72
serengeti,2012-06-10,30.46,15.27,8.51,15.0,55.75
serengeti,2012-06-11,25.49,13.68,4.19,13.07,55.25
serengeti,2012-06-12,27.81,14.62,7.41,15.22,41.33
serengeti,2012-06-13,29.49,12.89,0.0,14.82,36.88
serengeti,2012-06-14,27.79,13.75,5.33,15.28,43.72
serengeti,2012-06-15,29.28,15.87,0.0,12.74,24.87
serengeti,2012-06-16,29.28,14.97,9.7,10.27,30.9
serengeti,2012-06-17,29.14,15.61,5.29,11.78,67.87
serengeti,2012-06-18,26.34,17.89,2.96,14.93,38.17
serengeti,2012-06-19,28.96,16.96,6.16,16.91,30.99
serengeti,2012-06-20,26.61,16.08,3.74,15.36,49.08
serengeti,2012-06-21,27.2,13.28,0.0,12.47,40.17
serengeti,2012-06-22,31.37,13.55,3.16,15.37,40.57
serengeti,2012-06-23,29.64,14.35,2.08,10.58,67.11
serengeti,2012-06-24,27.92,14.15,0.52,16.07,81.35
serengeti,2012-06-25,27.63,11.79,1.38,17.53,59.47
serengeti,2012-06-26,29.38,18.2,2.6,15.46,27.09
serengeti,2012-06-27,30.02,15.84,7.56,9.33,43.42
serengeti,2012-06-28,28.47,16.47,7.9,9.48,60.75
serengeti,2012-06-29,29.84,14.68,5.59,15.36,43.86
serengeti,2012-06-30,27.42,15.84,8.94,13.9,42.22
serengeti,2012-07-01,28.56,15.09,9.89,9.99,48.38
serengeti,2012-07-02,26.23,17.08,13.46,10.32,69.25
serengeti,2012-07-03,27.42,16.52,0.0,13.76,24.12
serengeti,2012-07-04,23.91,14.71,6.57,9.36,48.19
serengeti,2012-07-05,25.95,12.59,6.4,13.36,16.72
serengeti,2012-07-06,26.11,12.94,4.61,16.23,62.58
serengeti,2012-07-07,26.95,14.15,0.88,12.65,48.4
serengeti,2012-07-08,26.28,15.21,6.39,17.54,37.21
serengeti,2012-07-09,23.17,12.86,10.43,13.87,56.08
serengeti,2012-07-10,29.25,14.44,9.33,12.27,36.28
serengeti,2012-07-11,27.06,16.71,8.94,14.65,26.15
serengeti,2012-07-12,28.06,16.46,3.37,15.18,71.81
serengeti,2012-07-13,28.0,14.21,0.0,9.6,41.49
serengeti,2012-07-14,25.05,14.81,3.04,11.4,45.86
serengeti,2012-07-15,26.16,16.95,0.57,8.93,60.0
serengeti,2012-07-16,27.16,17.28,11.85,6.97,66.82
serengeti,2012-07-17,27.48,15.29,3.11,11.37,44.07
serengeti,2012-07-18,28.77,16.24,1.45,13.01,74.16
serengeti,2012-07-19,29.04,16.28,2.83,10.81,53.91
serengeti,2012-07-20,29.44,14.22,4.72,12.5,68.78
serengeti,2012-07-21,26.15,13.54,2.21,10.66,33.28
serengeti,2012-07-22,22.95,16.13,2.29,8.99,33.83
serengeti,2012-07-23,28.12,16.97,6.54,12.56,45.31
serengeti,2012-07-24,26.94,13.41,0.0,8.44,29.44
serengeti,2012-07-25,24.08,13.21,4.86,11.15,63.29
serengeti,2012-07-26,24.38,13.49,0.41,8.66,32.88
serengeti,2012-07-27,25.32,11.16,6.6,9.57,31.39
serengeti,2012-07-28,25.74,11.31,1.59,9.06,15.47
serengeti,2012-07-29,24.43,11.66,0.0,16.04,29.81
serengeti,2012-07-30,27.39,13.9,2.85,11.67,4.99
serengeti,2012-07-31,27.16,13.26,0.0,9.09,32.75
serengeti,2012-08-01,26.14,13.05,7.53,9.67,7.72
serengeti,2012-08-02,23.67,13.75,3.14,13.53,24.43
serengeti,2012-08-03,26.45,16.6,0.0,11.65,27.84
serengeti,2012-08-04,25.13,14.54,0.0,13.14,35.48
serengeti,2012-08-05,21.89,13.92,1.11,12.6,45.14
serengeti,2012-08-06,26.71,15.04,0.91,14.02,38.58
serengeti,2012-08-07,23.8,12.64,2.31,6.38,44.63
serengeti,2012-08-08,24.56,13.93,0.0,10.89,50.28
serengeti,2012-08-09,24.99,12.45,8.81,6.38,44.73
serengeti,2012-08-10,22.1,10.57,0.0,16.47,36.46
serengeti,2012-08-11,26.25,13.4,0.0,10.28,57.36
serengeti,2012-08-12,25.4,13.73,0.0,14.67,38.33
serengeti,2012-08-13,25.58,12.98,0.0,12.88,19.07
serengeti,2012-08-14,23.93,15.85,4.11,8.91,40.09
serengeti,2012-08-15,25.79,13.89,0.0,14.9,42.4
serengeti,2012-08-16,25.84,14.82,0.0,10.22,27.8
serengeti,2012-08-17,25.1,11.37,0.0,14.19,54.64
serengeti,2012-08-18,26.19,15.79,2.0,8.63,37.7
serengeti,2012-08-19,24.9,14.49,3.71,12.11,21.95
serengeti,2012-08-20,21.76,16.58,0.0,10.33,15.2
serengeti,2012-08-21,23.98,15.69,0.0,11.32,14.6
serengeti,2012-08-22,24.11,10.2,0.0,8.3,67.06
serengeti,2012-08-23,25.57,11.5,8.38,5.99,35.68
serengeti,2012-08-24,23.84,11.63,0.0,6.58,41.99
serengeti,2012-08-25,24.25,13.82,0.0,14.57,24.9
serengeti,2012-08-26,25.75,15.29,1.26,7.28,45.87
serengeti,2012-08-27,26.17,13.05,9.93,9.2,31.91
serengeti,2012-08-28,25.52,14.02,0.0,9.35,30.91
serengeti,2012-08-29,25.2,11.79,1.58,13.3,31.26
serengeti,2012-08-30,25.32,12.22,5.34,15.01,14.59
serengeti,2012-08-31,29.12,14.17,0.0,14.8,43.64
serengeti,2012-09-01,25.38,15.06,6.88,6.2,59.07
serengeti,2012-09-02,24.13,14.32,0.0,6.11,37.79
serengeti,2012-09-03,24.2,12.13,3.01,7.41,30.88
serengeti,2012-09-04,27.32,11.98,10.62,12.56,20.05
serengeti,2012-09-05,23.05,12.12,0.0,11.76,28.51
serengeti,2012-09-06,24.4,13.6,0.0,13.96,20.9
serengeti,2012-09-07,25.65,16.22,0.0,6.73,7.27
serengeti,2012-09-08,26.13,12.93,0.0,7.85,27.54
serengeti,2012-09-09,20.91,13.39,0.0,11.29,29.73
serengeti,2012-09-10,24.98,15.06,2.76,8.03,35.66
serengeti,2012-09-11,21.88,14.23,0.32,13.32,49.34
serengeti,2012-09-12,30.03,14.41,1.2,5.65,36.95
serengeti,2012-09-13,23.73,13.21,0.0,16.4,20.01
serengeti,2012-09-14,23.53,13.9,0.0,9.7,39.31
serengeti,2012-09-15,28.44,13.49,0.17,4.97,18.88
serengeti,2012-09-16,23.46,10.46,0.0,16.31,27.65
serengeti,2012-09-17,22.53,11.34,0.0,6.63,31.57
serengeti,2012-09-18,26.96,12.37,2.67,12.51,37.47
serengeti,2012-09-19,29.0,11.85,0.0,8.7,28.16
serengeti,2012-09-20,24.19,11.84,1.89,5.87,4.82
serengeti,2012-09-21,24.19,16.73,1.21,8.71,25.52
serengeti,2012-09-22,21.79,13.65,6.08,13.57,17.89
serengeti,2012-09-23,27.11,15.23,0.0,11.44,19.33
serengeti,2012-09-24,23.41,9.0,0.0,5.55,18.66
serengeti,2012-09-25,22.59,16.18,1.21,11.68,27.45
serengeti,2012-09-26,26.36,11.08,2.77,9.05,36.46
serengeti,2012-09-27,21.11,15.91,0.0,12.85,40.53
serengeti,2012-09-28,25.23,11.98,4.33,4.84,21.35
serengeti,2012-09-29,19.83,10.99,0.0,4.04,6.06
serengeti,2012-09-30,25.49,14.08,0.1,5.06,17.55
serengeti,2012-10-01,23.97,10.57,6.04,13.14,48.32
serengeti,2012-10-02,25.79,12.6,0.0,10.73,39.64
serengeti,2012-10-03,21.43,10.28,0.0,17.39,44.53
serengeti,2012-10-04,23.77,17.37,3.68,8.02,31.07
serengeti,2012-10-05,22.03,11.33,0.0,7.24,24.46
serengeti,2012-10-06,21.41,14.18,0.0,4.74,10.47
serengeti,2012-10-07,24.99,13.51,2.1,13.33,43.09
serengeti,2012-10-08,25.85,14.07,0.0,11.27,33.92
serengeti,2012-10-09,19.06,12.22,2.3,11.33,22.66
serengeti,2012-10-10,26.28,13.65,3.13,10.93,2.6
serengeti,2012-10-11,26.95,16.72,4.79,14.87,48.3
serengeti,2012-10-12,28.21,12.88,1.69,7.29,47.11
serengeti,2012-10-13,19.99,11.95,2.53,13.97,23.51
serengeti,2012-10-14,26.79,11.41,0.0,11.4,28.31
serengeti,2012-10-15,24.42,13.41,4.14,8.39,23.12
serengeti,2012-10-16,23.47,12.3,3.82,9.38,26.91
serengeti,2012-10-17,27.72,12.07,3.52,7.94,0.0
serengeti,2012-10-18,23.86,13.05,2.91,12.15,35.59
serengeti,2012-10-19,24.08,11.59,0.0,14.09,22.49
serengeti,2012-10-20,20.64,12.99,4.85,12.87,25.25
serengeti,2012-10-21,20.34,11.44,2.52,14.05,19.49
serengeti,2012-10-22,24.3,15.0,0.0,9.85,26.11
serengeti,2012-10-23,28.07,10.69,5.3,7.53,37.04
serengeti,2012-10-24,26.29,11.95,0.0,10.44,36.9
serengeti,2012-10-25,26.06,16.28,0.66,6.61,30.16
serengeti,2012-10-26,21.24,11.96,0.0,10.65,31.49
serengeti,2012-10-27,25.34,12.06,2.82,11.5,28.45
serengeti,2012-10-28,26.42,12.65,1.16,11.51,48.57
serengeti,2012-10-29,24.98,14.53,0.0,5.51,30.77
serengeti,2012-10-30,20.65,10.25,0.0,10.26,32.31
serengeti,2012-10-31,27.92,13.84,6.63,6.15,58.03
serengeti,2012-11-01,25.03,10.38,0.0,7.72,30.96
serengeti,2012-11-02,21.5,16.11,0.0,10.82,19.15
serengeti,2012-11-03,27.67,12.29,10.49,10.36,46.02
serengeti,2012-11-04,23.92,8.02,4.53,3.7,3.48
serengeti,2012-11-05,25.75,16.09,0.0,9.28,21.54
serengeti,2012-11-06,23.2,15.02,0.0,9.39,28.65
serengeti,2012-11-07,22.65,11.92,0.0,9.42,0.0
serengeti,2012-11-08,26.11,11.25,5.63,9.27,37.54
serengeti,2012-11-09,21.8,11.25,0.0,15.01,38.88
serengeti,2012-11-10,28.03,11.5,0.0,1.27,13.13
serengeti,2012-11-11,24.33,14.14,5.37,9.06,29.82
serengeti,2012-11-12,24.55,14.7,0.0,3.76,71.85
serengeti,2012-11-13,24.52,9.22,0.0,9.02,33.04
serengeti,2012-11-14,25.58,12.89,0.0,13.37,57.88
serengeti,2012-11-15,22.84,13.83,0.0,19.21,28.56
serengeti,2012-11-16,24.52,11.21,1.98,12.44,49.08
serengeti,2012-11-17,28.8,14.99,0.0,10.6,28.74
serengeti,2012-11-18,26.27,9.62,2.56,12.94,30.54
serengeti,2012-11-19,23.81,12.34,0.0,8.63,19.49
serengeti,2012-11-20,22.9,14.92,1.99,12.42,57.86
serengeti,2012-11-21,21.67,13.13,0.0,11.56,28.25
serengeti,2012-11-22,26.32,11.63,0.0,14.2,29.17
serengeti,2012-11-23,22.98,14.18,0.0,10.51,39.49
serengeti,2012-11-24,26.72,11.42,0.3,11.79,7.68
serengeti,2012-11-25,25.11,15.2,0.0,9.45,34.62
serengeti,2012-11-26,25.36,11.3,0.0,10.78,36.47
serengeti,2012-11-27,24.5,15.76,0.0,11.02,23.31
serengeti,2012-11-28,23.8,15.48,0.0,12.32,51.75
serengeti,2012-11-29,23.66,17.47,9.08,11.16,42.39
serengeti,2012-11-30,26.11,12.78,4.87,10.17,26.34
serengeti,2012-12-01,23.31,14.18,1.16,8.78,15.02
serengeti,2012-12-02,24.16,11.49,0.59,10.3,46.57
serengeti,2012-12-03,23.6,16.39,5.74,9.56,19.71
serengeti,2012-12-04,28.44,13.47,1.19,10.81,28.48
serengeti,2012-12-05,21.37,16.48,1.12,7.34,50.14
serengeti,2012-12-06,26.63,15.89,0.0,15.69,39.73
serengeti,2012-12-07,29.7,13.62,5.77,8.96,33.92
serengeti,2012-12-08,21.36,13.98,0.0,15.72,10.83
serengeti,2012-12-09,26.57,13.86,0.0,7.68,11.96
serengeti,2012-12-10,23.8,14.0,1.31,16.5,18.61
serengeti,2012-12-11,27.29,14.08,8.15,13.39,27.65
serengeti,2012-12-12,23.17,12.16,2.32,7.81,32.3
serengeti,2012-12-13,27.7,14.46,0.0,12.06,30.98
serengeti,2012-12-14,24.61,14.82,0.46,12.58,56.34
serengeti,2012-12-15,23.32,11.46,4.75,15.82,42.1
serengeti,2012-12-16,25.71,16.95,4.56,10.94,24.15
serengeti,2012-12-17,24.43,10.36,0.23,14.27,38.25
serengeti,2012-12-18,21.19,14.96,0.0,11.2,34.44
serengeti,2012-12-19,23.37,13.19,2.36,7.13,38.76
serengeti,2012-12-20,28.83,12.48,3.85,12.88,33.08
serengeti,2012-12-21,25.63,13.77,3.1,10.5,23.85
serengeti,2012-12-22,27.4,13.14,7.93,11.79,54.15
serengeti,2012-12-23,24.28,16.37,8.85,14.0,77.64
serengeti,2012-12-24,27.36,10.83,8.31,16.09,56.67
serengeti,2012-12-25,26.57,12.71,0.0,9.07,43.93
serengeti,2012-12-26,29.03,14.62,3.47,10.23,48.73
serengeti,2012-12-27,26.58,12.48,0.0,10.4,35.16
serengeti,2012-12-28,26.0,14.29,1.55,12.69,56.48
serengeti,2012-12-29,25.95,15.5,4.45,11.69,26.23
serengeti,2012-12-30,26.18,12.62,0.0,11.28,37.11
serengeti,2012-12-31,27.55,12.67,3.38,10.11,43.05
serengeti,2013-01-01,27.54,12.08,0.0,8.69,56.99
serengeti,2013-01-02,24.27,12.51,3.06,9.38,38.58
serengeti,2013-01-03,29.51,16.01,0.5,10.14,41.21
serengeti,2013-01-04,24.54,14.35,0.84,13.77,24.45
serengeti,2013-01-05,26.37,13.27,2.68,9.4,3.66
serengeti,2013-01-06,26.62,12.09,3.99,17.43,43.93
serengeti,2013-01-07,26.56,13.68,0.0,6.03,55.48
serengeti,2013-01-08,27.15,14.0,4.25,10.64,58.97
serengeti,2013-01-09,25.17,11.37,2.36,12.11,46.08
serengeti,2013-01-10,27.28,15.39,0.31,12.9,46.36
serengeti,2013-01-11,26.44,13.26,4.44,12.86,15.43
serengeti,2013-01-12,30.09,13.44,6.81,11.76,43.25
serengeti,2013-01-13,26.72,14.71,11.4,14.19,50.92
serengeti,2013-01-14,30.37,15.94,0.0,8.41,57.42
serengeti,2013-01-15,27.96,11.98,8.23,15.69,57.33
serengeti,2013-01-16,26.68,13.6,1.58,8.68,62.13
serengeti,2013-01-17,30.43,13.77,4.77,10.19,40.85
serengeti,2013-01-18,31.0,12.33,0.0,11.88,25.03
serengeti,2013-01-19,26.68,16.8,5.68,14.81,55.16
serengeti,2013-01-20,28.01,16.37,0.68,13.8,42.65
serengeti,2013-01-21,29.12,14.47,3.77,16.32,42.07
serengeti,2013-01-22,27.94,14.67,0.85,11.4,58.34
serengeti,2013-01-23,27.04,17.91,1.23,14.31,57.97
serengeti,2013-01-24,26.94,13.57,0.84,9.59,48.88
serengeti,2013-01-25,30.86,13.38,11.38,14.62,40.19
serengeti,2013-01-26,30.69,16.36,0.4,13.83,67.81
serengeti,2013-01-27,27.06,13.59,7.61,11.39,53.03
serengeti,2013-01-28,27.52,15.74,2.92,10.94,29.31
serengeti,2013-01-29,26.87,14.09,1.38,16.25,45.65
serengeti,2013-01-30,31.17,14.59,5.39,13.62,34.49
serengeti,2013-01-31,27.49,15.31,8.11,16.7,47.37
serengeti,2013-02-01,28.89,12.67,0.56,12.52,47.47
serengeti,2013-02-02,30.51,18.26,13.48,15.33,24.72
serengeti,2013-02-03,24.37,16.25,11.64,18.15,17.54
serengeti,2013-02-04,28.39,14.69,4.41,15.02,52.41
serengeti,2013-02-05,25.04,13.63,6.47,17.01,18.53
serengeti,2013-02-06,31.61,12.21,6.0,16.89,52.9
serengeti,2013-02-07,25.0,17.43,4.95,16.0,83.16
serengeti,2013-02-08,24.38,15.81,7.65,13.68,73.59
serengeti,2013-02-09,32.04,11.76,2.07,17.27,50.92
serengeti,2013-02-10,27.34,16.69,9.88,14.2,62.84
serengeti,2013-02-11,26.05,16.33,3.53,12.98,59.67
serengeti,2013-02-12,25.72,19.33,7.28,12.93,66.55
serengeti,2013-02-13,29.49,20.52,4.6,14.7,41.84
serengeti,2013-02-14,29.41,16.7,2.39,14.09,77.39
serengeti,2013-02-15,29.96,19.05,0.57,9.45,72.95
serengeti,2013-02-16,28.47,17.11,3.99,19.47,51.13
serengeti,2013-02-17,32.95,16.45,4.34,13.25,37.55
serengeti,2013-02-18,29.17,14.55,9.59,14.84,33.63
serengeti,2013-02-19,28.5,17.52,2.93,17.91,74.7
serengeti,2013-02-20,26.67,16.51,9.45,10.0,80.21
serengeti,2013-02-21,26.13,16.11,0.0,15.93,62.35
serengeti,2013-02-22,33.36,17.37,3.04,11.0,56.39
serengeti,2013-02-23,26.16,15.79,9.35,13.73,79.09
serengeti,2013-02-24,26.84,13.77,7.96,17.32,48.67
serengeti,2013-02-25,29.17,14.61,5.99,16.58,55.43
serengeti,2013-02-26,32.39,15.93,0.0,11.99,55.24
serengeti,2013-02-27,27.16,16.18,8.73,9.15,51.55
serengeti,2013-02-28,28.93,17.23,3.42,6.93,62.84
serengeti,2013-03-01,30.12,16.13,7.67,18.44,57.72
serengeti,2013-03-02,29.83,17.68,4.37,7.14,48.17
serengeti,2013-03-03,32.06,17.5,4.62,13.42,40.9
serengeti,2013-03-04,30.48,18.16,3.97,11.12,76.94
serengeti,2013-03-05,34.24,12.58,13.41,8.35,72.45
serengeti,2013-03-06,30.66,17.3,3.73,11.29,89.97
serengeti,2013-03-07,30.32,19.28,1.49,12.55,61.13
serengeti,2013-03-08,27.0,17.24,7.86,16.09,68.81
serengeti,2013-03-09,30.32,15.72,0.0,14.54,54.3
serengeti,2013-03-10,27.9,18.22,2.42,11.38,68.82
serengeti,2013-03-11,29.25,19.39,11.72,9.55,78.83
serengeti,2013-03-12,30.28,18.19,5.13,17.21,43.28
serengeti,2013-03-13,30.82,12.67,4.26,12.49,56.2
serengeti,2013-03-14,30.04,18.06,14.27,11.68,65.34
serengeti,2013-03-15,27.62,17.29,6.3,17.14,45.29
serengeti,2013-03-16,27.61,15.61,3.26,12.17,40.1
serengeti,2013-03-17,27.39,19.42,8.55,13.57,48.97
serengeti,2013-03-18,30.91,14.33,4.68,15.92,56.54
serengeti,2013-03-19,29.43,17.89,5.98,15.3,43.72
serengeti,2013-03-20,30.41,17.91,5.67,11.38,62.59
serengeti,2013-03-21,27.55,16.31,0.0,11.21,86.75
serengeti,2013-03-22,28.55,17.59,8.98,15.29,73.65
serengeti,2013-03-23,32.4,20.39,14.95,11.6,73.18
serengeti,2013-03-24,29.21,16.88,0.0,14.65,34.02
serengeti,2013-03-25,33.12,16.69,11.79,10.88,54.8
serengeti,2013-03-26,31.23,16.57,5.58,16.06,80.95
serengeti,2013-03-27,28.98,15.02,3.58,18.23,52.33
serengeti,2013-03-28,32.27,17.12,7.68,15.38,54.82
serengeti,2013-03-29,30.5,14.83,9.12,15.51,74.2
serengeti,2013-03-30,27.75,16.46,7.19,9.96,66.02
serengeti,2013-03-31,30.05,18.0,3.17,8.35,46.98
serengeti,2013-04-01,30.1,17.06,5.22,12.34,37.84
serengeti,2013-04-02,28.49,14.39,6.84,10.81,53.96
serengeti,2013-04-03,28.95,16.63,7.86,14.32,70.09
serengeti,2013-04-04,26.25,18.22,10.83,17.59,90.35
serengeti,2013-04-05,30.24,15.74,0.42,6.53,42.38
serengeti,2013-04-06,29.06,17.97,7.26,15.28,39.05
serengeti,2013-04-07,28.94,15.71,6.0,14.16,83.5
serengeti,2013-04-08,31.49,19.51,6.54,15.27,51.36
serengeti,2013-04-09,35.84,16.87,10.15,18.45,76.69
serengeti,2013-04-10,29.16,18.69,3.59,12.49,50.67
serengeti,2013-04-11,30.76,18.02,3.33,14.97,91.25
serengeti,2013-04-12,32.11,20.13,1.48,13.03,53.02
serengeti,2013-04-13,30.84,18.95,6.86,18.67,68.76
serengeti,2013-04-14,30.09,17.53,2.79,13.37,47.66
serengeti,2013-04-15,30.83,16.61,2.91,15.22,70.42
serengeti,2013-04-16,30.63,15.02,7.54,12.65,44.84
serengeti,2013-04-17,28.93,14.73,4.54,14.14,35.23
serengeti,2013-04-18,31.47,15.54,4.56,15.49,59.0
serengeti,2013-04-19,30.21,14.51,8.32,13.48,55.49
serengeti,2013-04-20,29.9,15.85,3.45,11.42,66.18
serengeti,2013-04-21,29.44,15.71,8.05,11.37,48.47
serengeti,2013-04-22,31.16,18.33,10.82,19.41,91.24
serengeti,2013-04-23,29.66,18.45,3.89,13.22,64.55
serengeti,2013-04-24,32.74,14.69,10.33,19.01,36.05
serengeti,2013-04-25,28.3,13.8,2.26,15.27,49.94
serengeti,2013-04-26,30.35,15.79,14.25,16.27,60.87
serengeti,2013-04-27,34.24,17.45,8.17,12.41,54.57
serengeti,2013-04-28,29.64,13.27,4.18,17.19,66.23
serengeti,2013-04-29,27.28,20.73,10.46,16.25,55.17
serengeti,2013-04-30,31.28,17.54,2.64,19.13,34.83
serengeti,2013-05-01,27.62,16.44,0.0,11.7,35.5
serengeti,2013-05-02,33.05,14.67,2.21,15.02,67.97
serengeti,2013-05-03,29.33,18.31,0.82,18.95,42.78
serengeti,2013-05-04,29.39,15.81,0.55,11.66,61.57
serengeti,2013-05-05,29.36,13.91,9.02,11.59,46.23
serengeti,2013-05-06,28.84,15.93,8.92,15.67,48.63
serengeti,2013-05-07,29.32,17.57,3.55,13.44,37.3
serengeti,2013-05-08,29.06,17.3,11.88,14.58,69.18
serengeti,2013-05-09,29.46,18.92,1.26,11.35,50.95
serengeti,2013-05-10,30.44,15.74,10.76,14.03,88.09
serengeti,2013-05-11,29.09,15.62,2.26,16.6,25.92
serengeti,2013-05-12,35.61,16.33,6.91,13.74,38.2
serengeti,2013-05-13,29.85,15.55,4.08,17.28,64.54
serengeti,2013-05-14,31.31,17.3,5.42,8.41,41.93
serengeti,2013-05-15,27.97,15.21,6.54,15.2,68.39
serengeti,2013-05-16,29.15,15.04,3.72,14.86,51.29
serengeti,2013-05-17,28.6,16.67,5.43,13.56,49.04
serengeti,2013-05-18,33.2,17.15,2.72,19.04,56.48
serengeti,2013-05-19,30.14,14.67,0.6,14.07,45.73
serengeti,2013-05-20,28.28,16.28,0.0,12.1,66.86
serengeti,2013-05-21,26.11,18.53,6.04,14.68,21.16
serengeti,2013-05-22,30.55,20.73,12.66,8.89,24.46
serengeti,2013-05-23,30.22,18.37,2.41,12.21,62.34
serengeti,2013-05-24,31.58,16.05,8.17,11.0,76.97
serengeti,2013-05-25,28.6,15.9,9.82,7.23,49.44
serengeti,2013-05-26,29.82,17.75,3.86,11.35,70.62
serengeti,2013-05-27,30.67,17.08,2.64,15.03,76.12
serengeti,2013-05-28,27.17,16.29,6.75,13.4,73.61
serengeti,2013-05-29,31.42,13.38,8.42,17.0,21.75
serengeti,2013-05-30,25.72,16.91,8.42,11.87,61.69
serengeti,2013-05-31,30.01,16.63,1.23,10.65,35.28
serengeti,2013-06-01,27.99,15.46,13.12,14.01,53.95
serengeti,2013-06-02,28.33,17.48,4.53,15.77,48.78
serengeti,2013-06-03,30.38,17.6,4.66,14.02,50.98
serengeti,2013-06-04,31.45,14.08,5.81,12.78,69.71
serengeti,2013-06-05,29.35,17.08,9.42,15.26,32.56
serengeti,2013-06-06,28.23,18.36,14.78,12.33,78.93
serengeti,2013-06-07,27.31,16.93,5.38,15.43,56.4
serengeti,2013-06-08,25.8,17.32,1.11,10.67,41.07
serengeti,2013-06-09,27.36,14.81,6.1,12.39,38.41
serengeti,2013-06-10,29.7,15.32,7.2,12.27,71.52
serengeti,2013-06-11,29.37,16.5,2.59,17.7,21.54
serengeti,2013-06-12,28.09,16.4,0.0,14.47,60.06
serengeti,2013-06-13,27.89,13.9,9.93,5.89,58.31
serengeti,2013-06-14,30.59,16.37,9.57,18.12,74.35
serengeti,2013-06-15,29.67,16.22,5.28,15.49,42.59
serengeti,2013-06-16,29.01,13.95,9.81,17.23,79.61
serengeti,2013-06-17,25.7,16.79,3.79,16.08,77.62
serengeti,2013-06-18,27.64,14.37,0.0,10.12,56.85
serengeti,2013-06-19,31.02,16.06,8.7,10.66,57.25
serengeti,2013-06-20,28.92,14.28,4.05,9.57,63.48
serengeti,2013-06-21,24.19,15.06,12.87,13.07,45.37
serengeti,2013-06-22,28.22,15.13,0.0,7.26,74.08
serengeti,2013-06-23,29.55,15.65,6.14,13.65,67.81
serengeti,2013-06-24,27.13,12.33,0.0,12.93,39.78
serengeti,2013-06-25,28.53,16.42,7.74,10.28,59.33
serengeti,2013-06-26,32.44,17.22,8.27,18.07,23.22
serengeti,2013-06-27,24.65,12.75,0.7,14.94,25.1
serengeti,2013-06-28,25.09,17.79,10.88,3.16,34.54
serengeti,2013-06-29,26.2,18.34,0.0,14.54,27.13
serengeti,2013-06-30,24.79,10.77,5.71,11.33,62.03
serengeti,2013-07-01,28.33,12.55,5.43,11.83,56.98
serengeti,2013-07-02,28.09,18.2,5.67,15.17,50.94
serengeti,2013-07-03,27.28,14.18,7.56,12.27,41.38
serengeti,2013-07-04,27.05,13.2,4.75,11.24,61.81
serengeti,2013-07-05,27.45,16.19,5.06,8.73,71.38
serengeti,2013-07-06,27.32,13.32,0.0,12.42,46.54
serengeti,2013-07-07,25.58,15.47,0.05,10.69,54.43
serengeti,2013-07-08,27.38,17.96,2.0,13.75,43.24
serengeti,2013-07-09,29.49,12.01,7.61,13.22,34.37
serengeti,2013-07-10,27.93,15.27,5.2,18.74,33.62
serengeti,2013-07-11,25.22,12.86,3.96,9.59,31.52
serengeti,2013-07-12,26.98,16.92,0.0,9.81,53.36
serengeti,2013-07-13,22.98,15.03,0.0,13.57,60.15
serengeti,2013-07-14,22.33,15.81,4.15,9.5,23.44
serengeti,2013-07-15,26.42,14.22,0.69,9.06,19.93
serengeti,2013-07-16,28.05,17.07,1.67,8.26,39.28
serengeti,2013-07-17,28.15,12.49,6.15,16.66,49.95
serengeti,2013-07-18,20.69,16.32,3.0,10.28,50.98
serengeti,2013-07-19,31.7,17.59,0.0,11.63,53.57
serengeti,2013-07-20,25.89,17.0,0.36,8.84,25.65
serengeti,2013-07-21,26.62,17.12,3.64,13.65,21.55
serengeti,2013-07-22,25.93,13.59,5.56,12.77,46.29
serengeti,2013-07-23,27.72,15.24,0.0,12.87,21.75
serengeti,2013-07-24,24.36,18.26,5.98,9.86,42.18
serengeti,2013-07-25,23.12,16.84,0.0,12.13,53.02
serengeti,2013-07-26,30.74,16.31,1.58,11.79,10.56
serengeti,2013-07-27,26.54,15.24,0.0,11.56,42.96
serengeti,2013-07-28,24.58,11.74,0.0,14.3,18.32
serengeti,2013-07-29,26.35,10.59,4.82,10.82,50.44
serengeti,2013-07-30,29.8,16.1,0.03,13.07,55.42
serengeti,2013-07-31,28.49,13.53,0.0,9.04,31.97
serengeti,2013-08-01,27.78,15.88,0.0,12.8,36.57
serengeti,2013-08-02,23.77,13.75,6.95,8.59,27.85
serengeti,2013-08-03,24.39,13.71,4.96,22.15,33.2
serengeti,2013-08-04,26.2,12.3,1.43,13.44,54.37
serengeti,2013-08-05,26.91,11.57,0.0,8.23,43.34
serengeti,2013-08-06,29.39,18.51,0.0,11.16,57.3
serengeti,2013-08-07,24.51,13.62,0.0,10.9,7.83
serengeti,2013-08-08,26.29,14.42,0.0,11.47,48.67
serengeti,2013-08-09,27.11,16.68,12.08,8.61,40.85
serengeti,2013-08-10,25.89,16.49,0.0,4.77,47.02
serengeti,2013-08-11,27.65,13.17,0.0,15.71,28.29
serengeti,2013-08-12,30.92,13.62,0.12,10.77,9.36
serengeti,2013-08-13,27.02,13.13,0.0,13.31,9.87
serengeti,2013-08-14,21.57,13.48,8.33,7.3,35.57
serengeti,2013-08-15,26.96,14.25,0.0,13.27,46.29
serengeti,2013-08-16,27.4,14.28,0.0,10.74,30.5
serengeti,2013-08-17,23.73,15.58,3.12,10.55,39.82
serengeti,2013-08-18,25.58,12.63,2.82,6.96,45.06
serengeti,2013-08-19,23.23,12.47,4.44,10.69,3.97
serengeti,2013-08-20,28.14,12.49,0.0,13.28,26.41
serengeti,2013-08-21,27.56,15.64,0.0,10.54,46.08
serengeti,2013-08-22,24.44,13.8,0.92,16.28,67.95
serengeti,2013-08-23,26.13,16.58,0.91,12.21,46.13
serengeti,2013-08-24,23.22,14.05,0.0,16.04,18.08
serengeti,2013-08-25,21.46,15.45,0.0,8.43,52.51
serengeti,2013-08-26,26.35,15.56,2.38,7.07,30.48
serengeti,2013-08-27,22.11,13.31,0.0,8.99,28.97
serengeti,2013-08-28,22.51,13.82,5.77,8.23,13.25
serengeti,2013-08-29,24.39,12.33,3.62,9.01,61.96
serengeti,2013-08-30,23.75,12.31,4.9,11.22,13.55
serengeti,2013-08-31,20.3,13.2,0.0,11.52,27.03
serengeti,2013-09-01,23.96,14.28,0.25,8.66,26.82
serengeti,2013-09-02,23.7,12.73,0.0,11.05,29.35
serengeti,2013-09-03,26.12,13.3,0.0,7.28,49.05
serengeti,2013-09-04,27.46,11.75,6.81,9.76,27.41
serengeti,2013-09-05,26.16,14.83,4.43,8.65,49.2
serengeti,2013-09-06,22.69,11.68,0.99,8.14,35.5
serengeti,2013-09-07,25.75,15.59,6.17,12.69,35.56
serengeti,2013-09-08,25.99,12.1,4.5,9.12,44.29
serengeti,2013-09-09,23.93,14.26,0.0,11.34,32.69
serengeti,2013-09-10,23.18,12.99,0.0,7.98,34.68
serengeti,2013-09-11,21.49,12.56,0.0,10.51,49.63
serengeti,2013-09-12,21.82,12.83,0.0,11.61,14.41
serengeti,2013-09-13,24.49,14.31,5.77,13.37,38.87
serengeti,2013-09-14,25.56,11.51,0.0,8.79,66.62
serengeti,2013-09-15,24.71,12.4,2.73,6.78,24.15
serengeti,2013-09-16,26.1,17.15,1.45,9.99,46.05
serengeti,2013-09-17,23.09,16.82,0.0,5.54,19.0
serengeti,2013-09-18,22.49,14.14,0.0,12.23,33.06
serengeti,2013-09-19,24.47,12.9,1.38,9.63,18.72
serengeti,2013-09-20,25.71,14.81,7.44,6.18,50.63
serengeti,2013-09-21,23.21,11.92,0.85,8.56,38.4
serengeti,2013-09-22,21.51,16.12,0.0,12.62,0.0
serengeti,2013-09-23,26.55,16.58,0.0,6.91,33.96
serengeti,2013-09-24,23.04,14.91,0.25,11.95,33.3
serengeti,2013-09-25,26.4,13.05,0.0,14.87,36.56
serengeti,2013-09-26,25.42,11.4,0.0,13.21,57.31
serengeti,2013-09-27,23.24,10.96,4.08,11.23,19.59
serengeti,2013-09-28,22.77,14.51,0.0,9.92,36.14
serengeti,2013-09-29,24.05,13.69,1.71,7.64,0.0
serengeti,2013-09-30,19.13,14.86,3.37,12.81,49.88
serengeti,2013-10-01,27.49,13.98,0.0,11.93,6.32
serengeti,2013-10-02,24.38,16.69,0.0,15.06,17.12
serengeti,2013-10-03,25.57,14.24,0.0,10.99,30.03
serengeti,2013-10-04,21.25,11.49,2.11,10.43,37.03
serengeti,2013-10-05,27.32,12.07,4.59,13.47,15.17
serengeti,2013-10-06,22.94,15.81,0.3,13.36,55.15
serengeti,2013-10-07,23.57,13.47,0.72,4.13,26.52
serengeti,2013-10-08,23.97,13.58,0.0,13.79,47.91
serengeti,2013-10-09,22.14,10.69,1.83,12.42,15.61
serengeti,2013-10-10,22.71,11.94,0.0,8.78,76.6
serengeti,2013-10-11,26.25,16.7,0.0,10.67,29.34
serengeti,2013-10-12,25.77,14.38,2.31,12.93,29.28
serengeti,2013-10-13,24.52,14.53,1.43,13.78,35.94
serengeti,2013-10-14,21.9,11.79,3.15,12.08,27.19
serengeti,2013-10-15,23.06,11.37,1.67,11.08,43.66
serengeti,2013-10-16,24.49,12.65,0.0,11.98,33.13
serengeti,2013-10-17,24.63,13.74,0.0,12.05,24.05
serengeti,2013-10-18,25.65,11.79,3.54,17.25,28.5
serengeti,2013-10-19,21.65,12.78,0.0,14.22,19.17
serengeti,2013-10-20,24.36,13.42,0.0,11.99,26.05
serengeti,2013-10-21,27.07,9.96,0.0,7.53,0.0
serengeti,2013-10-22,24.43,14.23,4.84,12.32,8.57
serengeti,2013-10-23,25.9,11.17,0.0,9.33,30.68
serengeti,2013-10-24,22.17,14.98,1.88,9.5,29.38
serengeti,2013-10-25,25.58,11.95,0.0,7.42,51.1
serengeti,2013-10-26,23.85,10.61,2.01,10.58,43.63
serengeti,2013-10-27,20.26,10.63,1.98,10.59,36.31
serengeti,2013-10-28,29.35,10.34,0.92,14.8,19.91
serengeti,2013-10-29,24.97,10.94,5.4,9.32,39.78
serengeti,2013-10-30,27.09,12.15,7.67,11.27,23.33
serengeti,2013-10-31,25.91,14.83,0.0,12.99,28.54
serengeti,2013-11-01,21.86,8.55,0.0,11.88,0.0
serengeti,2013-11-02,23.31,11.33,0.0,10.45,32.84
serengeti,2013-11-03,24.35,17.04,3.62,14.5,29.38
serengeti,2013-11-04,30.34,12.31,4.04,1.57,36.3
serengeti,2013-11-05,24.98,14.15,0.0,15.11,30.24
serengeti,2013-11-06,21.9,14.14,0.0,4.0,5.04
serengeti,2013-11-07,22.43,11.96,0.0,13.88,44.0
serengeti,2013-11-08,27.26,12.39,2.18,12.62,33.16
serengeti,2013-11-09,23.64,15.14,4.56,11.14,50.85
serengeti,2013-11-10,23.06,15.99,0.0,14.47,0.0
serengeti,2013-11-11,24.61,10.46,0.07,10.47,28.48
serengeti,2013-11-12,29.46,15.41,0.0,11.59,50.6
serengeti,2013-11-13,24.88,10.01,0.0,8.15,11.26
serengeti,2013-11-14,26.97,15.11,4.85,10.6,49.04
serengeti,2013-11-15,25.65,15.38,4.55,14.67,52.19
serengeti,2013-11-16,23.45,13.97,0.0,12.34,40.77
serengeti,2013-11-17,24.13,13.22,4.75,13.01,20.72
serengeti,2013-11-18,26.14,16.19,0.0,10.69,19.25
serengeti,2013-11-19,19.13,12.63,3.56,10.49,35.36
serengeti,2013-11-20,22.89,14.04,0.0,8.37,45.7
serengeti,2013-11-21,22.74,12.32,0.5,11.14,64.37
serengeti,2013-11-22,25.92,16.1,0.0,6.75,42.79
serengeti,2013-11-23,23.52,13.58,0.0,8.79,21.95
serengeti,2013-11-24,23.82,14.8,0.0,8.08,53.7
serengeti,2013-11-25,25.33,9.52,0.11,13.93,61.64
serengeti,2013-11-26,21.09,12.79,0.0,13.37,41.28
serengeti,2013-11-27,21.43,12.15,0.0,13.9,44.66
serengeti,2013-11-28,26.67,12.05,4.94,11.35,49.13
serengeti,2013-11-29,23.91,15.08,0.39,13.82,0.0
serengeti,2013-11-30,21.68,11.91,0.0,12.88,38.63
serengeti,2013-12-01,25.89,13.78,0.0,7.99,32.43
serengeti,2013-12-02,24.63,17.67,0.0,4.52,20.84
serengeti,2013-12-03,27.78,13.64,0.5,9.29,43.04
serengeti,2013-12-04,25.97,11.31,0.0,12.51,42.18
serengeti,2013-12-05,22.83,15.89,0.0,16.3,43.24
serengeti,2013-12-06,24.23,13.05,0.0,13.22,43.79
serengeti,2013-12-07,26.42,13.62,0.0,8.12,45.71
serengeti,2013-12-08,26.74,11.46,6.99,11.78,43.27
serengeti,2013-12-09,27.39,16.54,6.66,13.24,35.47
serengeti,2013-12-10,24.12,16.17,1.32,13.62,21.73
serengeti,2013-12-11,27.09,15.47,3.1,10.8,77.37
serengeti,2013-12-12,30.15,16.71,7.39,8.31,54.13
serengeti,2013-12-13,27.7,15.0,5.29,14.31,52.72
serengeti,2013-12-14,27.01,12.42,0.0,7.4,46.23
serengeti,2013-12-15,25.01,12.35,2.99,13.02,53.8
serengeti,2013-12-16,27.62,14.16,0.39,8.85,40.23
serengeti,2013-12-17,22.87,14.38,5.23,3.58,50.58
serengeti,2013-12-18,26.24,14.13,0.0,11.14,8.56
serengeti,2013-12-19,24.03,10.63,0.0,11.0,58.6
serengeti,2013-12-20,24.86,14.89,3.48,9.07,41.24
serengeti,2013-12-21,27.56,11.81,2.82,15.06,33.36
serengeti,2013-12-22,21.34,15.95,4.05,6.36,45.69
serengeti,2013-12-23,23.41,12.15,0.0,13.04,47.86
serengeti,2013-12-24,24.89,16.25,0.0,13.45,54.73
serengeti,2013-12-25,21.0,14.86,0.03,12.25,53.61
serengeti,2013-12-26,26.57,12.94,0.0,11.01,65.83
serengeti,2013-12-27,25.18,15.41,0.0,8.55,32.84
serengeti,2013-12-28,27.77,17.12,5.66,11.11,46.03
serengeti,2013-12-29,26.94,15.21,0.86,13.84,42.74
serengeti,2013-12-30,25.95,12.76,0.15,8.36,17.46
serengeti,2013-12-31,24.89,13.88,0.0,5.17,52.76
serengeti,2014-01-01,28.97,14.03,0.24,10.15,43.05
serengeti,2014-01-02,27.81,13.37,3.33,10.27,56.12
serengeti,2014-01-03,29.02,11.68,4.48,6.1,57.81
serengeti,2014-01-04,26.34,18.25,0.0,9.82,37.74
serengeti,2014-01-05,25.84,13.54,3.24,17.0,74.08
serengeti,2014-01-06,25.8,11.8,10.28,15.08,27.45
serengeti,2014-01-07,30.55,12.61,0.0,13.77,22.1
serengeti,2014-01-08,30.72,13.49,4.49,12.84,33.43
serengeti,2014-01-09,27.56,9.18,1.82,4.96,38.19
serengeti,2014-01-10,24.12,16.42,2.92,15.6,39.45
serengeti,2014-01-11,27.54,16.1,6.38,7.8,56.87
serengeti,2014-01-12,27.85,15.47,4.51,9.89,39.4
serengeti,2014-01-13,29.19,12.88,5.49,10.98,54.16
serengeti,2014-01-14,24.98,16.61,0.0,12.57,24.18
serengeti,2014-01-15,28.18,14.64,1.17,8.99,53.11
serengeti,2014-01-16,34.18,17.69,7.12,9.32,36.4
serengeti,2014-01-17,24.94,11.41,0.0,15.12,51.47
serengeti,2014-01-18,28.9,13.63,4.78,18.17,41.82
serengeti,2014-01-19,29.01,13.38,7.49,11.59,42.05
serengeti,2014-01-20,25.32,13.1,6.55,14.68,49.71
serengeti,2014-01-21,29.09,16.34,1.54,11.83,57.74
serengeti,2014-01-22,27.65,17.59,2.86,15.22,77.2
serengeti,2014-01-23,29.04,16.84,4.95,14.08,56.18
serengeti,2014-01-24,27.42,15.53,0.68,14.22,60.4
serengeti,2014-01-25,28.49,16.02,0.46,9.82,60.47
serengeti,2014-01-26,28.56,16.57,1.93,11.09,33.18
serengeti,2014-01-27,27.43,13.99,8.92,12.69,53.06
serengeti,2014-01-28,27.5,16.0,0.0,11.69,41.23
serengeti,2014-01-29,27.86,15.41,5.36,14.43,83.79
serengeti,2014-01-30,27.34,12.58,5.62,7.56,60.0
serengeti,2014-01-31,27.44,19.71,11.2,17.52,32.14
serengeti,2014-02-01,25.36,16.45,12.63,17.32,41.46
serengeti,2014-02-02,26.76,13.97,0.54,14.33,37.68
serengeti,2014-02-03,25.07,15.0,7.07,12.04,55.9
serengeti,2014-02-04,30.4,16.79,2.27,11.94,50.23
serengeti,2014-02-05,29.29,16.37,6.59,11.6,52.24
serengeti,2014-02-06,29.39,15.63,0.18,14.16,44.21
serengeti,2014-02-07,27.44,18.65,6.12,11.45,47.93
serengeti,2014-02-08,26.68,15.41,11.95,11.63,67.41
serengeti,2014-02-09,27.6,17.43,0.27,8.09,61.06
serengeti,2014-02-10,27.05,17.92,8.51,13.29,39.84
serengeti,2014-02-11,25.18,17.72,7.42,12.14,54.41
serengeti,2014-02-12,28.59,15.53,10.36,18.27,32.53
serengeti,2014-02-13,27.4,13.79,5.95,13.3,61.15
serengeti,2014-02-14,28.83,12.17,5.9,5.97,52.03
serengeti,2014-02-15,26.82,16.23,8.49,14.45,45.27
serengeti,2014-02-16,26.06,16.65,13.54,14.0,30.61
serengeti,2014-02-17,28.84,14.89,5.19,11.18,51.39
serengeti,2014-02-18,24.73,16.47,6.74,19.37,63.35
serengeti,2014-02-19,31.14,18.06,6.43,14.18,48.9
serengeti,2014-02-20,29.21,14.41,0.51,10.84,68.33
serengeti,2014-02-21,28.12,15.01,2.48,17.47,36.2
serengeti,2014-02-22,28.73,13.42,1.45,13.9,48.76
serengeti,2014-02-23,31.8,15.53,7.82,13.02,53.86
serengeti,2014-02-24,28.82,17.51,4.61,11.55,67.08
serengeti,2014-02-25,29.26,15.61,4.37,12.67,78.64
serengeti,2014-02-26,27.73,16.23,7.59,8.99,71.79
serengeti,2014-02-27,32.03,14.32,2.25,12.56,70.62
serengeti,2014-02-28,30.04,18.97,5.19,10.56,74.85
serengeti,2014-03-01,31.91,18.09,9.13,16.95,30.47
serengeti,2014-03-02,25.28,14.69,6.39,13.69,24.22
serengeti,2014-03-03,27.13,16.82,9.32,18.09,48.29
serengeti,2014-03-04,29.46,17.46,0.0,17.8,65.43
serengeti,2014-03-05,30.98,20.19,6.73,10.82,70.03
serengeti,2014-03-06,31.54,18.19,6.11,14.0,62.82
serengeti,2014-03-07,29.48,18.74,7.74,13.77,55.66
serengeti,2014-03-08,27.79,16.54,0.74,14.14,63.58
serengeti,2014-03-09,27.85,16.75,3.75,17.11,51.69
serengeti,2014-03-10,32.3,17.25,1.3,13.48,76.39
serengeti,2014-03-11,30.72,16.0,4.29,14.08,69.84
serengeti,2014-03-12,31.65,18.71,14.13,13.91,82.54
serengeti,2014-03-13,33.47,16.25,4.85,13.87,84.49
serengeti,2014-03-14,23.52,17.56,2.18,10.91,63.33
serengeti,2014-03-15,27.64,14.46,0.84,12.1,77.29
serengeti,2014-03-16,27.22,15.1,2.96,6.99,55.57
serengeti,2014-03-17,25.49,15.68,5.4,15.0,63.44
serengeti,2014-03-18,30.69,17.56,8.85,14.34,73.19
serengeti,2014-03-19,27.45,18.93,8.21,14.59,86.24
serengeti,2014-03-20,28.42,14.63,9.15,18.3,70.7
serengeti,2014-03-21,29.76,15.83,10.71,15.81,59.63
serengeti,2014-03-22,29.82,17.43,9.13,17.48,59.51
serengeti,2014-03-23,32.89,17.48,9.86,17.14,81.79
serengeti,2014-03-24,30.7,19.58,16.77,19.03,58.28
serengeti,2014-03-25,25.56,17.98,8.46,17.8,63.94
serengeti,2014-03-26,28.49,17.17,6.61,11.42,54.73
serengeti,2014-03-27,28.21,17.09,6.43,15.88,63.68
serengeti,2014-03-28,33.76,18.32,4.71,16.06,50.67
serengeti,2014-03-29,32.82,22.45,2.93,15.29,67.96
serengeti,2014-03-30,29.74,18.43,0.4,20.06,49.84
serengeti,2014-03-31,28.42,19.41,17.15,14.79,59.81
serengeti,2014-04-01,30.81,18.88,3.44,15.75,62.79
serengeti,2014-04-02,30.93,17.12,9.75,13.86,58.94
serengeti,2014-04-03,29.72,13.67,6.91,13.5,55.72
serengeti,2014-04-04,24.94,16.27,6.25,13.02,56.87
serengeti,2014-04-05,29.0,17.15,7.8,11.34,61.19
serengeti,2014-04-06,28.82,18.01,7.07,15.34,46.86
serengeti,2014-04-07,28.56,18.39,0.0,19.16,48.02
serengeti,2014-04-08,26.52,18.28,7.38,13.53,73.47
serengeti,2014-04-09,31.67,12.57,9.42,15.0,64.8
serengeti,2014-04-10,29.93,16.89,9.26,11.54,58.33
serengeti,2014-04-11,28.51,16.53,2.87,8.7,68.89
serengeti,2014-04-12,27.22,15.03,9.08,14.05,64.54
serengeti,2014-04-13,28.51,17.51,2.91,12.08,69.47
serengeti,2014-04-14,30.52,17.83,0.0,11.08,58.83
serengeti,2014-04-15,32.26,15.51,0.0,8.97,62.51
serengeti,2014-04-16,32.32,18.59,0.0,9.42,59.44
serengeti,2014-04-17,28.09,14.14,13.0,14.46,61.04
serengeti,2014-04-18,34.99,15.42,6.99,19.66,62.06
serengeti,2014-04-19,34.59,18.55,0.0,12.35,57.02
serengeti,2014-04-20,27.28,18.24,9.79,15.58,47.12
serengeti,2014-04-21,27.71,18.49,10.19,11.13,59.04
serengeti,2014-04-22,29.6,17.79,9.02,11.85,68.98
serengeti,2014-04-23,32.17,16.83,6.68,9.47,67.02
serengeti,2014-04-24,32.63,15.62,7.95,12.93,64.53
serengeti,2014-04-25,30.78,16.51,2.8,7.11,68.22
serengeti,2014-04-26,31.36,20.19,8.46,10.88,38.08
serengeti,2014-04-27,30.1,20.34,6.81,12.65,68.38
serengeti,2014-04-28,30.64,16.36,0.0,12.27,60.16
serengeti,2014-04-29,30.74,20.13,3.79,15.15,47.08
serengeti,2014-04-30,28.58,21.72,6.27,15.97,44.38
serengeti,2014-05-01,34.25,14.48,0.0,13.39,40.21
serengeti,2014-05-02,32.03,16.74,4.96,17.09,88.48
serengeti,2014-05-03,31.48,15.09,2.65,8.45,82.03
serengeti,2014-05-04,29.27,20.09,0.0,16.01,61.57
serengeti,2014-05-05,28.52,15.04,10.84,13.35,71.8
serengeti,2014-05-06,26.44,16.3,7.8,9.06,56.54
serengeti,2014-05-07,29.12,17.39,3.99,16.2,44.0
serengeti,2014-05-08,30.14,16.67,9.96,14.64,52.11
serengeti,2014-05-09,27.18,14.81,12.23,12.14,46.0
serengeti,2014-05-10,28.82,15.34,1.67,16.87,52.21
serengeti,2014-05-11,28.84,15.52,11.23,13.84,50.85
serengeti,2014-05-12,31.08,14.58,9.6,16.26,55.05
serengeti,2014-05-13,30.92,17.87,9.07,14.76,67.0
serengeti,2014-05-14,27.88,17.68,11.87,10.34,38.51
serengeti,2014-05-15,28.74,15.93,15.22,8.68,15.02
serengeti,2014-05-16,28.48,16.11,9.05,10.33,70.14
serengeti,2014-05-17,27.35,15.77,8.82,14.49,48.49
serengeti,2014-05-18,28.35,14.11,4.66,11.94,56.98
serengeti,2014-05-19,29.8,16.59,3.67,14.61,29.79
serengeti,2014-05-20,26.21,17.41,9.36,11.84,48.16
serengeti,2014-05-21,30.25,13.99,3.11,8.27,75.54
serengeti,2014-05-22,27.32,15.06,11.18,14.79,55.32
serengeti,2014-05-23,26.39,19.11,3.44,16.18,46.87
serengeti,2014-05-24,27.86,17.69,13.71,12.94,63.32
serengeti,2014-05-25,28.79,16.42,8.28,12.64,77.2
serengeti,2014-05-26,29.99,16.56,5.32,16.25,44.16
serengeti,2014-05-27,27.79,16.06,0.68,15.1,68.95
serengeti,2014-05-28,29.93,18.17,0.37,17.14,32.49
serengeti,2014-05-29,29.35,15.18,7.82,16.23,83.75
serengeti,2014-05-30,31.29,15.32,11.13,11.36,54.49
serengeti,2014-05-31,28.41,15.74,0.0,12.14,49.72
serengeti,2014-06-01,27.73,16.83,8.96,13.33,49.81
serengeti,2014-06-02,34.12,18.93,7.33,12.53,53.84
serengeti,2014-06-03,30.77,12.99,10.79,11.74,61.43
serengeti,2014-06-04,27.21,16.05,8.51,14.65,51.46
serengeti,2014-06-05,30.69,14.31,8.21,13.69,78.56
serengeti,2014-06-06,32.71,17.77,6.35,11.56,70.36
serengeti,2014-06-07,28.96,14.21,6.71,9.82,46.14
serengeti,2014-06-08,28.9,18.76,4.12,13.62,40.66
serengeti,2014-06-09,27.1,16.94,2.34,11.17,54.37
serengeti,2014-06-10,30.75,18.72,4.29,11.35,57.46
serengeti,2014-06-11,29.39,15.9,1.97,10.48,46.08
serengeti,2014-06-12,25.25,15.02,2.99,11.78,50.24
serengeti,2014-06-13,28.05,16.74,8.46,11.17,60.24
serengeti,2014-06-14,28.12,15.73,0.99,16.1,68.28
serengeti,2014-06-15,27.7,15.78,4.21,12.07,39.3
serengeti,2014-06-16,27.71,18.27,0.0,8.48,20.07
serengeti,2014-06-17,24.76,14.03,3.45,13.04,44.83
serengeti,2014-06-18,32.37,16.69,9.74,16.35,23.19
serengeti,2014-06-19,27.61,17.77,4.57,12.46,35.0
serengeti,2014-06-20,31.1,15.04,0.0,12.12,10.6
serengeti,2014-06-21,27.04,18.94,3.62,7.75,71.15
serengeti,2014-06-22,25.03,12.68,3.1,12.07,20.76
serengeti,2014-06-23,28.03,14.96,2.21,10.53,80.72
serengeti,2014-06-24,29.73,14.15,5.7,7.14,21.41
serengeti,2014-06-25,26.39,12.11,2.42,9.39,62.46
serengeti,2014-06-26,30.04,17.0,4.58,16.12,41.98
serengeti,2014-06-27,26.67,17.97,0.8,15.25,60.96
serengeti,2014-06-28,25.22,16.53,6.83,16.19,59.44
serengeti,2014-06-29,28.2,17.12,10.52,12.51,31.01
serengeti,2014-06-30,30.32,15.52,2.02,6.11,72.5
serengeti,2014-07-01,31.62,12.68,3.47,13.18,25.9
serengeti,2014-07-02,24.62,14.31,4.64,19.36,41.82
serengeti,2014-07-03,26.0,15.23,3.78,8.58,74.36
serengeti,2014-07-04,26.17,14.46,5.71,7.13,51.82
serengeti,2014-07-05,26.34,16.61,6.92,9.07,42.81
serengeti,2014-07-06,27.55,11.16,0.0,13.97,45.72
serengeti,2014-07-07,31.64,20.17,4.7,5.67,48.97
serengeti,2014-07-08,31.64,13.9,4.13,13.63,61.39
serengeti,2014-07-09,32.45,16.89,9.29,10.73,53.69
serengeti,2014-07-10,29.06,14.99,3.52,11.74,38.9
serengeti,2014-07-11,26.8,13.38,0.0,13.35,53.38
serengeti,2014-07-12,24.5,14.67,8.7,10.79,13.11
serengeti,2014-07-13,22.86,15.32,7.98,11.49,52.04
serengeti,2014-07-14,28.78,19.61,7.31,12.0,36.37
serengeti,2014-07-15,26.95,13.57,8.38,14.9,39.1
serengeti,2014-07-16,30.45,15.02,0.0,11.46,50.65
serengeti,2014-07-17,26.21,13.42,0.0,6.87,55.46
serengeti,2014-07-18,29.44,15.85,4.73,12.56,25.27
serengeti,2014-07-19,28.83,13.02,2.29,13.44,43.88
serengeti,2014-07-20,21.37,15.34,0.0,18.91,21.24
serengeti,2014-07-21,27.02,13.0,1.97,12.13,47.38
serengeti,2014-07-22,26.14,14.82,6.36,14.29,19.81
serengeti,2014-07-23,23.66,12.99,0.0,11.79,25.41
serengeti,2014-07-24,30.42,14.95,4.97,12.09,53.55
serengeti,2014-07-25,27.38,12.53,0.0,15.31,37.64
serengeti,2014-07-26,30.26,18.32,1.7,17.55,41.93
serengeti,2014-07-27,26.69,14.41,1.48,13.06,28.62
serengeti,2014-07-28,26.7,10.66,0.0,15.29,50.47
serengeti,2014-07-29,26.77,17.06,2.19,3.59,19.45
serengeti,2014-07-30,26.39,13.11,8.36,7.98,36.15
serengeti,2014-07-31,28.07,17.1,0.41,9.44,34.97
serengeti,2014-08-01,26.35,13.1,2.46,12.41,42.67
serengeti,2014-08-02,22.78,11.53,1.93,7.99,38.63
serengeti,2014-08-03,29.7,13.45,1.86,9.85,38.59
serengeti,2014-08-04,23.97,14.46,0.19,11.5,21.6
serengeti,2014-08-05,25.05,11.38,0.0,14.18,12.15
serengeti,2014-08-06,25.51,14.26,0.0,11.54,36.57
serengeti,2014-08-07,22.29,14.14,8.82,13.05,36.69
serengeti,2014-08-08,25.17,11.94,5.27,10.41,23.95
serengeti,2014-08-09,24.29,11.25,0.0,9.23,5.84
serengeti,2014-08-10,26.35,13.98,7.83,15.47,60.0
serengeti,2014-08-11,27.62,16.12,0.0,11.49,41.31
serengeti,2014-08-12,22.34,13.32,1.55,7.39,46.71
serengeti,2014-08-13,24.07,14.97,0.0,10.3,35.37
serengeti,2014-08-14,24.7,13.54,7.14,13.88,7.42
serengeti,2014-08-15,29.42,14.19,0.0,6.86,16.92
serengeti,2014-08-16,24.45,16.22,4.59,7.95,41.1
serengeti,2014-08-17,20.3,13.81,4.75,7.69,52.53
serengeti,2014-08-18,25.27,14.48,4.98,11.74,30.65
serengeti,2014-08-19,26.74,10.58,0.37,9.05,46.56
serengeti,2014-08-20,23.24,11.9,0.0,6.8,0.0
serengeti,2014-08-21,22.96,11.15,1.38,6.96,10.5
serengeti,2014-08-22,24.34,14.32,0.0,13.89,36.85
serengeti,2014-08-23,25.48,12.24,0.0,10.55,39.55
serengeti,2014-08-24,23.89,14.8,0.0,11.71,25.19
serengeti,2014-08-25,27.16,11.89,0.0,9.91,54.7
serengeti,2014-08-26,24.35,12.36,0.0,6.31,10.86
serengeti,2014-08-27,26.88,14.99,1.54,12.74,33.92
serengeti,2014-08-28,23.22,13.6,0.0,8.76,30.4
serengeti,2014-08-29,27.06,12.81,0.0,11.83,25.94
serengeti,2014-08-30,22.41,13.74,0.0,9.13,41.91
serengeti,2014-08-31,25.75,14.65,0.0,8.11,29.37
serengeti,2014-09-01,24.26,11.51,0.0,11.61,0.0
serengeti,2014-09-02,21.46,12.18,0.0,8.97,32.27
serengeti,2014-09-03,25.69,14.61,0.0,16.03,41.73
serengeti,2014-09-04,25.84,11.22,0.0,13.86,10.25
serengeti,2014-09-05,24.11,15.65,0.92,6.31,43.65
serengeti,2014-09-06,26.18,13.2,0.0,10.58,30.33
serengeti,2014-09-07,26.29,13.43,1.97,9.55,10.3
serengeti,2014-09-08,23.89,14.74,5.09,8.15,34.66
serengeti,2014-09-09,23.82,13.42,0.0,7.55,11.49
serengeti,2014-09-10,26.84,10.54,5.37,8.89,34.44
serengeti,2014-09-11,22.87,12.86,0.0,14.61,43.16
serengeti,2014-09-12,29.16,13.62,2.86,11.55,70.95
serengeti,2014-09-13,23.19,14.68,2.29,10.46,37.91
serengeti,2014-09-14,27.56,11.0,0.0,6.15,16.31
serengeti,2014-09-15,23.15,11.52,0.34,-0.67,0.0
serengeti,2014-09-16,22.23,10.71,0.86,6.98,39.21
serengeti,2014-09-17,25.82,12.88,2.95,14.37,21.73
serengeti,2014-09-18,23.39,12.67,0.0,8.83,0.0
serengeti,2014-09-19,19.3,11.52,0.0,8.39,20.71
serengeti,2014-09-20,26.14,13.4,0.0,12.28,11.59
serengeti,2014-09-21,25.32,9.35,0.72,10.19,61.28
serengeti,2014-09-22,20.65,12.44,0.0,7.83,13.83
serengeti,2014-09-23,21.67,14.36,0.0,11.43,25.3
serengeti,2014-09-24,23.87,14.21,0.48,11.68,28.87
serengeti,2014-09-25,23.23,15.5,5.68,16.91,32.65
serengeti,2014-09-26,26.26,14.82,0.0,13.98,46.67
serengeti,2014-09-27,25.15,13.42,3.63,8.99,35.28
serengeti,2014-09-28,23.28,10.73,4.67,10.01,21.34
serengeti,2014-09-29,21.86,12.15,0.0,6.09,19.41
serengeti,2014-09-30,21.24,12.19,2.0,9.4,18.05
serengeti,2014-10-01,25.8,15.29,0.0,11.47,62.19
serengeti,2014-10-02,21.77,14.78,0.0,9.91,28.81
serengeti,2014-10-03,23.58,11.2,4.81,6.5,33.41
serengeti,2014-10-04,23.9,17.17,0.0,8.07,29.68
serengeti,2014-10-05,21.26,12.71,1.53,7.87,0.74
serengeti,2014-10-06,24.58,11.9,0.0,11.8,54.37
serengeti,2014-10-07,25.87,11.98,0.0,11.68,13.62
serengeti,2014-10-08,23.92,10.41,0.0,10.25,27.61
serengeti,2014-10-09,21.39,11.62,6.38,11.44,33.54
serengeti,2014-10-10,25.54,16.26,1.22,9.09,9.24
serengeti,2014-10-11,22.64,14.92,2.11,7.38,24.98
serengeti,2014-10-12,22.17,13.37,0.0,9.26,33.87
serengeti,2014-10-13,28.32,15.19,3.02,10.27,59.09
serengeti,2014-10-14,20.42,12.38,0.06,10.75,7.69
serengeti,2014-10-15,21.62,13.91,3.56,8.23,41.39
serengeti,2014-10-16,24.73,14.19,2.55,4.84,46.62
serengeti,2014-10-17,23.72,15.97,5.92,10.58,12.46
serengeti,2014-10-18,24.47,14.46,0.0,4.42,34.62
serengeti,2014-10-19,24.44,10.48,3.15,8.87,47.65
serengeti,2014-10-20,23.76,15.47,0.0,5.17,51.02
serengeti,2014-10-21,26.2,12.67,0.0,13.28,12.97
serengeti,2014-10-22,25.75,11.91,1.11,12.32,32.59
serengeti,2014-10-23,23.67,8.31,0.0,12.56,61.29
serengeti,2014-10-24,23.62,10.02,0.82,6.31,15.68
serengeti,2014-10-25,24.74,13.68,0.0,5.61,46.82
serengeti,2014-10-26,23.77,11.95,0.0,16.38,50.9
serengeti,2014-10-27,26.76,11.21,0.0,10.37,58.35
serengeti,2014-10-28,26.08,13.57,6.65,4.35,12.52
serengeti,2014-10-29,25.27,13.12,0.0,8.79,26.45
serengeti,2014-10-30,26.96,12.51,0.0,7.38,43.12
serengeti,2014-10-31,25.31,9.47,0.0,12.25,39.32
serengeti,2014-11-01,24.52,12.08,0.0,6.71,0.94
serengeti,2014-11-02,24.24,10.85,0.0,8.59,57.11
serengeti,2014-11-03,24.68,13.82,0.0,12.11,20.24
serengeti,2014-11-04,27.39,12.01,0.52,10.82,15.22
serengeti,2014-11-05,24.95,11.73,0.64,8.76,51.26
serengeti,2014-11-06,21.75,16.92,5.4,6.91,25.77
serengeti,2014-11-07,23.03,11.79,2.49,10.93,59.42
serengeti,2014-11-08,26.36,14.11,7.56,4.52,29.2
serengeti,2014-11-09,22.96,9.86,0.08,11.19,32.03
serengeti,2014-11-10,24.91,13.55,0.0,10.29,27.65
serengeti,2014-11-11,25.68,14.25,0.0,9.23,13.32
serengeti,2014-11-12,24.9,11.78,0.0,7.21,43.16
serengeti,2014-11-13,24.31,13.1,0.9,11.31,46.77
serengeti,2014-11-14,22.72,13.29,0.0,11.01,43.98
serengeti,2014-11-15,25.97,14.27,5.87,7.69,42.24
serengeti,2014-11-16,22.57,14.51,0.06,3.11,51.61
serengeti,2014-11-17,25.57,14.24,0.0,10.5,26.05
serengeti,2014-11-18,20.65,13.68,0.0,13.78,50.58
serengeti,2014-11-19,23.15,12.1,8.05,9.43,44.75
serengeti,2014-11-20,24.86,10.94,2.12,9.38,32.02
serengeti,2014-11-21,24.56,17.2,0.0,11.13,25.22
serengeti,2014-11-22,26.28,14.2,7.68,7.95,29.8
serengeti,2014-11-23,21.12,11.54,0.0,9.69,15.52
serengeti,2014-11-24,23.32,16.67,0.0,13.55,45.12
serengeti,2014-11-25,22.82,11.27,0.0,11.17,38.79
serengeti,2014-11-26,27.05,13.56,0.0,15.66,34.56
serengeti,2014-11-27,23.22,13.04,0.0,11.15,39.5
serengeti,2014-11-28,24.63,15.03,1.83,12.46,58.62
serengeti,2014-11-29,25.44,13.42,8.91,9.1,37.93
serengeti,2014-11-30,23.93,13.0,0.0,9.91,51.48
serengeti,2014-12-01,26.18,15.31,0.86,11.26,50.06
serengeti,2014-12-02,23.97,11.99,0.0,14.41,26.88
serengeti,2014-12-03,21.63,12.49,1.29,10.32,53.08
serengeti,2014-12-04,23.31,13.02,11.21,13.5,41.88
serengeti,2014-12-05,21.6,13.51,0.0,14.58,43.22
serengeti,2014-12-06,25.64,9.99,0.0,16.77,33.67
serengeti,2014-12-07,25.14,14.39,0.0,11.44,13.36
serengeti,2014-12-08,24.88,13.1,0.0,12.13,4.58
serengeti,2014-12-09,26.51,17.87,2.04,9.38,17.54
serengeti,2014-12-10,26.69,10.92,5.85,12.03,43.42
serengeti,2014-12-11,23.57,12.8,2.12,12.56,28.36
serengeti,2014-12-12,26.25,11.13,3.91,10.65,23.26
serengeti,2014-12-13,23.52,14.49,1.86,7.16,39.14
serengeti,2014-12-14,22.48,15.74,0.05,10.07,28.57
serengeti,2014-12-15,28.1,16.54,2.5,3.62,54.49
serengeti,2014-12-16,25.53,16.11,0.0,10.87,56.73
serengeti,2014-12-17,26.85,13.18,11.0,7.97,55.61
serengeti,2014-12-18,23.47,14.45,0.95,12.47,48.22
serengeti,2014-12-19,26.65,12.55,0.0,18.1,25.02
serengeti,2014-12-20,25.51,16.74,0.0,14.14,42.63
serengeti,2014-12-21,25.91,14.08,1.78,9.21,42.09
serengeti,2014-12-22,29.35,17.01,3.57,14.73,47.43
serengeti,2014-12-23,22.38,14.22,2.51,12.36,39.47
serengeti,2014-12-24,27.3,15.28,2.22,13.34,47.13
serengeti,2014-12-25,28.57,13.46,0.0,10.94,40.17
serengeti,2014-12-26,27.29,14.95,2.55,14.56,59.12
serengeti,2014-12-27,28.45,15.97,9.92,9.11,25.2
serengeti,2014-12-28,24.8,14.06,0.66,6.1,43.67
serengeti,2014-12-29,26.38,13.51,6.93,9.8,44.27
serengeti,2014-12-30,28.18,14.33,0.94,12.67,30.59
serengeti,2014-12-31,25.36,13.83,2.27,10.0,32.36
serengeti,2015-01-01,23.67,15.47,6.66,14.21,31.79
serengeti,2015-01-02,31.35,18.18,0.0,12.37,53.4
serengeti,2015-01-03,28.03,11.44,5.45,10.27,28.86
serengeti,2015-01-04,28.25,12.41,0.0,12.0,27.3
serengeti,2015-01-05,26.87,14.91,2.6,2.46,26.31
serengeti,2015-01-06,28.06,15.83,3.85,13.75,44.28
serengeti,2015-01-07,25.95,12.46,8.0,12.65,25.25
serengeti,2015-01-08,27.19,16.86,3.58,9.54,37.93
serengeti,2015-01-09,27.39,16.66,4.33,14.89,50.89
serengeti,2015-01-10,27.87,17.7,0.0,10.6,57.04
serengeti,2015-01-11,26.32,15.75,0.0,12.55,74.46
serengeti,2015-01-12,26.6,17.39,4.07,11.04,41.55
serengeti,2015-01-13,28.57,16.66,5.57,6.91,56.37
serengeti,2015-01-14,27.92,17.93,7.85,11.18,50.83
serengeti,2015-01-15,29.09,14.26,5.01,6.84,40.42
serengeti,2015-01-16,25.01,16.66,0.81,12.37,36.11
serengeti,2015-01-17,28.72,14.46,3.87,12.51,51.57
serengeti,2015-01-18,25.54,15.22,1.47,13.55,56.34
serengeti,2015-01-19,30.39,10.15,0.0,10.1,43.23
serengeti,2015-01-20,27.71,14.81,0.78,9.26,45.85
serengeti,2015-01-21,27.54,15.87,0.0,13.47,69.4
serengeti,2015-01-22,28.07,15.6,0.0,5.68,73.63
serengeti,2015-01-23,28.49,16.43,0.0,13.0,43.06
serengeti,2015-01-24,29.62,16.89,6.98,15.94,53.37
serengeti,2015-01-25,30.28,14.25,0.0,11.21,61.83
serengeti,2015-01-26,24.46,18.36,1.12,15.89,48.69
serengeti,2015-01-27,27.47,12.59,1.66,13.61,41.36
serengeti,2015-01-28,27.04,16.21,6.19,16.45,53.53
serengeti,2015-01-29,26.63,10.7,5.17,14.32,61.9
serengeti,2015-01-30,25.53,18.27,5.07,11.76,55.44
serengeti,2015-01-31,28.22,14.47,0.0,12.53,51.44
serengeti,2015-02-01,25.7,18.8,5.02,10.92,31.85
serengeti,2015-02-02,30.13,12.38,2.54,10.34,55.42
serengeti,2015-02-03,26.8,19.18,0.44,14.19,44.46
serengeti,2015-02-04,29.11,15.59,3.22,12.59,57.1
serengeti,2015-02-05,26.79,15.03,1.77,10.65,42.3
serengeti,2015-02-06,26.74,15.36,0.0,16.41,45.71
serengeti,2015-02-07,27.67,18.45,6.52,14.34,79.77
serengeti,2015-02-08,26.56,13.04,0.0,5.02,56.48
serengeti,2015-02-09,30.72,17.25,11.02,14.75,14.65
serengeti,2015-02-10,29.21,17.82,0.0,10.8,72.5
serengeti,2015-02-11,30.12,15.99,7.99,16.13,32.67
serengeti,2015-02-12,27.99,15.42,4.34,15.65,40.88
serengeti,2015-02-13,30.84,15.99,11.89,16.59,52.31
serengeti,2015-02-14,29.88,15.39,0.0,15.16,69.82
serengeti,2015-02-15,27.05,14.23,9.68,16.81,58.09
serengeti,2015-02-16,29.12,17.24,9.01,6.58,29.33
serengeti,2015-02-17,30.38,17.53,4.71,8.34,61.42
serengeti,2015-02-18,27.98,15.92,9.78,16.01,47.78
serengeti,2015-02-19,30.39,15.77,1.34,9.2,50.97
serengeti,2015-02-20,26.12,17.16,7.08,12.24,46.92
serengeti,2015-02-21,28.77,16.56,2.65,15.99,40.76
serengeti,2015-02-22,28.26,14.73,5.05,20.99,41.11
serengeti,2015-02-23,32.01,12.73,8.43,14.32,66.95
serengeti,2015-02-24,27.33,16.06,4.3,13.74,43.54
serengeti,2015-02-25,29.35,15.52,3.1,7.31,37.02
serengeti,2015-02-26,32.01,14.25,4.14,14.65,45.21
serengeti,2015-02-27,29.77,18.41,4.49,13.41,54.48
serengeti,2015-02-28,27.61,14.03,5.37,16.26,63.66
serengeti,2015-03-01,30.82,15.11,7.81,15.22,61.32
serengeti,2015-03-02,33.09,18.22,6.26,16.45,54.05
serengeti,2015-03-03,29.55,18.17,8.8,10.34,44.06
serengeti,2015-03-04,32.7,13.25,5.89,16.0,41.19
serengeti,2015-03-05,30.6,16.43,0.0,11.84,71.17
serengeti,2015-03-06,33.43,15.35,5.34,10.31,65.58
serengeti,2015-03-07,30.64,20.0,9.03,12.64,65.41
serengeti,2015-03-08,33.85,19.94,13.75,13.73,61.4
serengeti,2015-03-09,28.79,15.45,0.0,14.29,63.26
serengeti,2015-03-10,29.97,15.59,5.07,9.89,59.14
serengeti,2015-03-11,27.69,16.86,8.91,17.35,46.64
serengeti,2015-03-12,31.24,18.66,4.63,16.17,84.8
serengeti,2015-03-13,30.14,17.89,0.31,17.12,36.54
serengeti,2015-03-14,31.11,14.81,4.96,18.72,38.4
serengeti,2015-03-15,30.85,18.75,6.81,12.22,65.79
serengeti,2015-03-16,30.75,16.22,8.04,18.0,63.51
serengeti,2015-03-17,31.52,14.6,0.0,12.32,88.78
serengeti,2015-03-18,31.78,19.67,8.83,14.76,63.25
serengeti,2015-03-19,30.69,19.19,9.0,16.37,60.54
serengeti,2015-03-20,30.42,14.84,6.35,13.79,74.26
serengeti,2015-03-21,28.26,18.14,3.02,16.26,96.08
serengeti,2015-03-22,32.05,19.24,12.52,11.49,68.21
serengeti,2015-03-23,28.21,18.74,4.92,14.1,39.68
serengeti,2015-03-24,29.53,15.84,6.98,15.82,91.29
serengeti,2015-03-25,30.07,15.06,7.5,14.88,61.21
serengeti,2015-03-26,27.32,16.08,9.3,9.86,62.34
serengeti,2015-03-27,27.48,15.84,6.42,12.27,26.8
serengeti,2015-03-28,28.5,11.98,6.85,12.66,48.48
serengeti,2015-03-29,30.98,17.66,6.19,15.04,45.52
serengeti,2015-03-30,30.68,14.65,1.01,19.2,52.63
serengeti,2015-03-31,28.87,16.29,0.33,9.86,72.44
serengeti,2015-04-01,32.72,18.47,9.47,11.11,32.21
serengeti,2015-04-02,29.26,18.6,6.57,18.7,27.68
serengeti,2015-04-03,33.11,18.27,6.71,16.8,82.59
serengeti,2015-04-04,29.46,18.67,10.43,14.55,67.22
serengeti,2015-04-05,28.69,18.58,5.78,15.28,57.88
serengeti,2015-04-06,35.33,18.9,10.06,15.9,69.08
serengeti,2015-04-07,25.95,16.58,2.76,14.6,55.55
serengeti,2015-04-08,30.67,16.58,14.15,14.29,43.99
serengeti,2015-04-09,28.53,13.92,15.76,18.05,40.46
serengeti,2015-04-10,27.59,16.58,10.57,9.13,60.58
serengeti,2015-04-11,29.94,14.07,11.51,17.73,60.88
serengeti,2015-04-12,33.22,15.24,6.6,10.19,47.13
serengeti,2015-04-13,31.16,19.79,10.98,18.4,71.79
serengeti,2015-04-14,26.85,15.1,5.11,13.6,71.35
serengeti,2015-04-15,27.67,17.62,11.82,13.26,36.17
serengeti,2015-04-16,28.92,13.75,0.54,10.32,76.81
serengeti,2015-04-17,28.1,19.65,2.44,16.68,57.02
serengeti,2015-04-18,32.78,19.59,11.98,15.24,51.44
serengeti,2015-04-19,31.11,14.13,4.21,13.75,68.46
serengeti,2015-04-20,29.04,19.0,6.93,11.32,53.36
serengeti,2015-04-21,29.85,15.65,0.0,17.03,30.38
serengeti,2015-04-22,28.1,14.95,7.87,13.29,51.05
serengeti,2015-04-23,28.9,16.22,2.63,12.69,47.2
serengeti,2015-04-24,27.52,16.72,2.74,17.61,54.48
serengeti,2015-04-25,30.12,19.42,3.87,15.66,65.43
serengeti,2015-04-26,29.11,16.41,3.59,21.2,45.93
serengeti,2015-04-27,29.9,17.84,6.09,14.27,78.28
serengeti,2015-04-28,32.01,17.3,5.57,20.4,60.33
serengeti,2015-04-29,29.56,15.68,0.95,15.55,66.84
serengeti,2015-04-30,25.0,15.0,9.04,16.23,50.65
serengeti,2015-05-01,33.34,18.52,3.45,14.23,79.07
serengeti,2015-05-02,30.26,21.15,6.59,15.69,71.44
serengeti,2015-05-03,27.32,16.24,11.36,16.94,38.67
serengeti,2015-05-04,29.46,15.08,3.05,13.98,54.41
serengeti,2015-05-05,31.59,16.58,9.78,12.0,94.01
serengeti,2015-05-06,29.04,18.75,3.3,12.27,84.02
serengeti,2015-05-07,29.56,15.95,8.97,14.79,60.78
serengeti,2015-05-08,29.31,15.03,1.05,12.99,75.68
serengeti,2015-05-09,32.92,16.15,7.35,14.31,52.27
serengeti,2015-05-10,34.51,16.48,0.0,15.87,73.33
serengeti,2015-05-11,31.52,16.51,4.13,15.11,39.85
serengeti,2015-05-12,32.97,18.64,2.75,16.79,34.92
serengeti,2015-05-13,26.58,18.07,7.31,14.26,90.18
serengeti,2015-05-14,28.78,16.89,6.25,11.18,66.14
serengeti,2015-05-15,27.81,13.4,6.73,12.51,46.63
serengeti,2015-05-16,30.83,12.51,7.85,15.28,67.89
serengeti,2015-05-17,31.84,16.36,5.05,17.29,63.84
serengeti,2015-05-18,28.99,16.46,12.11,14.11,31.48
serengeti,2015-05-19,28.81,17.96,1.21,11.58,61.42
serengeti,2015-05-20,29.53,19.72,4.7,15.13,67.92
serengeti,2015-05-21,27.81,16.02,6.16,18.1,82.74
serengeti,2015-05-22,25.93,15.4,7.77,14.38,49.81
serengeti,2015-05-23,31.19,13.95,6.85,10.7,27.02
serengeti,2015-05-24,28.18,18.56,5.19,9.02,42.76
serengeti,2015-05-25,28.65,15.53,5.8,18.61,43.7
serengeti,2015-05-26,30.48,16.06,6.03,13.82,48.15
serengeti,2015-05-27,26.96,17.69,6.82,10.29,55.93
serengeti,2015-05-28,32.77,14.09,5.45,12.43,58.6
serengeti,2015-05-29,29.98,14.58,5.26,19.46,84.38
serengeti,2015-05-30,27.58,15.34,3.56,17.96,24.33
serengeti,2015-05-31,31.21,14.16,6.95,12.91,20.68
serengeti,2015-06-01,32.15,13.52,8.4,10.39,47.72
serengeti,2015-06-02,25.29,16.53,0.0,17.71,34.27
serengeti,2015-06-03,22.27,16.92,9.17,16.1,46.51
serengeti,2015-06-04,28.35,17.18,5.44,13.54,25.59
serengeti,2015-06-05,28.77,18.0,4.86,5.42,76.87
serengeti,2015-06-06,29.2,18.15,8.64,13.62,79.35
serengeti,2015-06-07,31.68,15.75,9.24,15.39,52.39
serengeti,2015-06-08,29.18,16.53,2.77,12.44,80.79
serengeti,2015-06-09,28.1,17.41,9.31,10.95,90.85
serengeti,2015-06-10,30.28,16.3,5.43,9.59,50.22
serengeti,2015-06-11,31.42,17.75,0.52,13.46,60.03
serengeti,2015-06-12,24.96,14.39,1.88,8.92,30.67
serengeti,2015-06-13,30.88,16.19,7.74,14.32,42.13
serengeti,2015-06-14,27.68,19.24,4.72,8.85,72.09
serengeti,2015-06-15,30.49,14.34,0.0,11.11,60.98
serengeti,2015-06-16,26.57,14.19,10.07,10.08,50.77
serengeti,2015-06-17,26.43,15.4,8.41,9.55,56.53
serengeti,2015-06-18,29.7,16.89,7.14,9.04,64.18
serengeti,2015-06-19,30.4,11.77,3.28,16.67,68.58
serengeti,2015-06-20,30.99,13.03,7.76,12.3,46.45
serengeti,2015-06-21,24.98,18.95,0.0,8.82,44.33
serengeti,2015-06-22,28.73,18.53,0.0,14.67,52.05
serengeti,2015-06-23,29.62,16.87,3.53,10.33,34.91
serengeti,2015-06-24,24.74,17.15,3.58,16.73,43.24
serengeti,2015-06-25,24.57,15.2,4.25,11.01,61.16
serengeti,2015-06-26,28.33,15.27,0.0,11.26,55.04
serengeti,2015-06-27,28.08,15.03,4.17,8.28,68.52
serengeti,2015-06-28,28.21,13.8,0.0,16.59,41.6
serengeti,2015-06-29,26.71,13.3,5.39,9.6,72.19
serengeti,2015-06-30,26.46,15.93,0.0,10.8,39.52
serengeti,2015-07-01,31.24,13.36,8.08,9.12,37.7
serengeti,2015-07-02,26.67,14.37,5.21,8.91,25.14
serengeti,2015-07-03,27.79,15.44,5.3,13.6,10.23
serengeti,2015-07-04,25.17,12.81,3.56,18.21,55.82
serengeti,2015-07-05,29.34,17.86,6.46,14.3,47.17
serengeti,2015-07-06,27.25,13.92,7.66,6.83,54.07
serengeti,2015-07-07,28.33,15.24,0.0,14.9,44.51
serengeti,2015-07-08,30.11,15.92,0.0,11.8,42.0
serengeti,2015-07-09,27.02,17.36,6.77,9.34,49.87
serengeti,2015-07-10,32.11,17.17,0.67,12.97,63.8
serengeti,2015-07-11,29.95,16.84,1.93,9.76,55.99
serengeti,2015-07-12,26.84,13.31,5.12,16.77,69.74
serengeti,2015-07-13,25.59,13.76,8.3,13.6,52.91
serengeti,2015-07-14,24.8,12.74,5.32,8.54,34.83
serengeti,2015-07-15,25.53,15.86,7.4,12.12,79.91
serengeti,2015-07-16,23.79,13.6,4.12,4.13,64.73
serengeti,2015-07-17,28.63,12.26,0.0,10.09,46.43
serengeti,2015-07-18,28.02,11.74,5.92,15.22,52.5
serengeti,2015-07-19,26.75,17.02,0.0,16.13,51.2
serengeti,2015-07-20,28.21,10.11,7.44,10.08,25.89
serengeti,2015-07-21,26.34,18.64,0.44,11.84,43.15
serengeti,2015-07-22,25.61,16.38,5.57,12.16,43.67
serengeti,2015-07-23,27.88,13.01,1.03,14.63,58.93
serengeti,2015-07-24,25.37,14.0,0.0,8.75,38.18
serengeti,2015-07-25,28.55,14.67,4.03,15.09,47.81
serengeti,2015-07-26,26.56,14.48,3.94,12.4,67.86
serengeti,2015-07-27,30.62,13.78,0.0,12.26,44.19
serengeti,2015-07-28,26.81,14.06,5.09,12.37,51.85
serengeti,2015-07-29,24.22,16.75,2.97,11.43,51.6
serengeti,2015-07-30,26.46,16.48,0.0,14.72,38.5
serengeti,2015-07-31,26.7,16.21,3.55,8.68,41.65
serengeti,2015-08-01,25.72,15.99,1.95,8.18,37.28
serengeti,2015-08-02,27.53,12.67,0.05,9.91,20.57
serengeti,2015-08-03,28.37,12.75,2.59,17.3,36.49
serengeti,2015-08-04,26.21,13.91,0.34,15.54,25.56
serengeti,2015-08-05,27.61,13.94,0.0,9.22,42.93
serengeti,2015-08-06,25.98,12.94,0.0,10.44,56.06
serengeti,2015-08-07,24.34,15.09,2.75,9.39,68.04
serengeti,2015-08-08,21.88,15.25,0.0,12.01,31.29
serengeti,2015-08-09,28.91,11.75,3.13,9.95,40.91
serengeti,2015-08-10,28.83,15.79,1.46,9.37,29.84
serengeti,2015-08-11,23.64,14.11,1.68,10.22,20.42
serengeti,2015-08-12,22.07,14.9,4.92,11.57,38.61
serengeti,2015-08-13,24.83,16.01,0.96,14.96,5.55
serengeti,2015-08-14,25.12,15.44,0.0,9.61,48.0
serengeti,2015-08-15,22.97,14.99,1.53,11.45,28.79
serengeti,2015-08-16,24.48,15.65,3.15,13.72,29.02
serengeti,2015-08-17,27.97,13.11,3.56,8.32,10.32
serengeti,2015-08-18,25.38,15.54,0.0,11.3,19.68
serengeti,2015-08-19,23.63,11.91,10.66,12.87,45.81
serengeti,2015-08-20,26.07,12.94,0.0,12.62,39.91
serengeti,2015-08-21,24.38,10.44,0.0,15.18,30.77
serengeti,2015-08-22,23.11,16.13,0.48,12.23,36.96
serengeti,2015-08-23,21.75,13.32,3.58,10.8,21.45
serengeti,2015-08-24,26.19,12.56,2.95,11.88,4.53
serengeti,2015-08-25,22.17,13.88,7.53,9.99,47.24
serengeti,2015-08-26,25.5,13.71,4.26,14.08,47.49
serengeti,2015-08-27,28.99,9.82,0.51,10.3,30.05
serengeti,2015-08-28,26.47,14.02,5.03,10.01,52.73
serengeti,2015-08-29,25.1,16.03,0.2,8.26,15.04
serengeti,2015-08-30,27.58,13.96,0.0,9.14,46.55
serengeti,2015-08-31,27.15,12.66,6.96,12.12,22.45
serengeti,2015-09-01,28.28,13.07,0.29,6.55,26.07
serengeti,2015-09-02,23.43,13.6,0.0,9.2,15.44
serengeti,2015-09-03,22.71,14.52,7.8,9.21,47.78
serengeti,2015-09-04,21.62,13.84,2.48,12.23,47.42
serengeti,2015-09-05,26.36,10.94,2.67,12.95,28.47
serengeti,2015-09-06,26.77,13.22,0.0,14.76,28.0
serengeti,2015-09-07,19.56,14.92,5.79,8.2,52.2
serengeti,2015-09-08,26.76,13.64,0.0,12.64,33.95
serengeti,2015-09-09,25.28,10.4,6.91,11.06,28.48
serengeti,2015-09-10,22.95,12.73,0.0,10.06,2.7
serengeti,2015-09-11,26.47,11.88,0.0,12.43,50.53
serengeti,2015-09-12,25.04,13.18,5.99,6.23,15.2
serengeti,2015-09-13,25.56,13.66,0.0,8.62,37.96
serengeti,2015-09-14,22.35,12.82,1.9,6.93,12.34
serengeti,2015-09-15,22.37,12.34,0.0,14.09,37.89
serengeti,2015-09-16,24.22,15.62,6.02,12.8,24.44
serengeti,2015-09-17,23.75,12.17,0.0,6.93,19.02
serengeti,2015-09-18,23.76,13.11,0.73,6.11,0.94
serengeti,2015-09-19,27.01,9.88,0.0,11.92,24.69
serengeti,2015-09-20,25.01,14.9,0.4,7.52,3.33
serengeti,2015-09-21,22.83,12.44,5.54,12.09,33.06
serengeti,2015-09-22,24.36,11.62,7.9,15.46,35.92
serengeti,2015-09-23,28.04,10.58,5.6,7.5,34.08
serengeti,2015-09-24,22.78,12.75,6.89,11.88,20.78
serengeti,2015-09-25,21.47,15.53,0.45,9.36,16.07
serengeti,2015-09-26,23.74,14.39,0.0,14.82,40.6
serengeti,2015-09-27,22.8,12.67,0.0,5.4,64.46
serengeti,2015-09-28,24.68,11.93,0.0,6.07,24.89
serengeti,2015-09-29,23.96,15.54,1.88,10.56,39.93
serengeti,2015-09-30,24.99,11.47,1.69,14.31,24.02
serengeti,2015-10-01,23.33,13.31,0.68,9.23,28.57
serengeti,2015-10-02,22.96,12.77,2.86,7.69,20.13
serengeti,2015-10-03,23.92,15.83,0.0,4.87,38.04
serengeti,2015-10-04,21.45,12.75,0.0,11.34,0.71
serengeti,2015-10-05,25.76,17.28,3.47,5.88,0.0
serengeti,2015-10-06,29.77,13.51,0.0,16.46,26.31
serengeti,2015-10-07,23.49,10.69,0.0,10.4,45.99
serengeti,2015-10-08,26.99,14.85,3.03,10.18,40.57
serengeti,2015-10-09,26.52,15.7,0.0,9.09,39.36
serengeti,2015-10-10,24.8,13.4,0.0,7.43,58.69
serengeti,2015-10-11,21.05,14.57,0.0,9.37,51.9
serengeti,2015-10-12,21.27,16.74,0.0,11.46,26.31
serengeti,2015-10-13,21.58,14.2,9.67,12.86,23.09
serengeti,2015-10-14,21.04,10.21,0.0,9.96,3.62
serengeti,2015-10-15,21.88,11.29,1.51,9.52,30.41
serengeti,2015-10-16,21.26,13.01,1.1,10.38,55.46
serengeti,2015-10-17,23.4,12.59,0.0,7.74,47.26
serengeti,2015-10-18,27.29,11.57,1.55,15.11,49.62
serengeti,2015-10-19,21.61,15.27,0.0,8.22,30.8
serengeti,2015-10-20,23.1,12.43,7.05,7.88,23.7
serengeti,2015-10-21,23.44,16.85,0.0,11.76,36.39
serengeti,2015-10-22,22.84,12.55,0.0,8.83,42.61
serengeti,2015-10-23,23.32,14.32,0.0,14.67,28.16
serengeti,2015-10-24,25.48,16.04,0.0,11.45,41.23
serengeti,2015-10-25,22.74,14.51,0.0,7.21,22.36
serengeti,2015-10-26,22.56,13.91,1.52,13.05,31.88
serengeti,2015-10-27,24.8,14.93,0.0,9.98,22.27
serengeti,2015-10-28,25.28,15.14,0.0,14.41,32.47
serengeti,2015-10-29,24.69,13.92,5.48,7.93,34.82
serengeti,2015-10-30,22.89,14.06,0.0,11.02,30.84
serengeti,2015-10-31,21.22,15.09,2.21,12.62,19.08
serengeti,2015-11-01,21.2,12.92,0.0,7.18,10.07
serengeti,2015-11-02,22.31,11.71,1.69,14.9,60.07
serengeti,2015-11-03,25.25,16.71,0.0,10.32,42.03
serengeti,2015-11-04,25.51,13.22,0.0,11.17,28.53
serengeti,2015-11-05,24.7,11.65,0.0,3.26,46.61
serengeti,2015-11-06,23.68,14.15,1.07,6.96,32.27
serengeti,2015-11-07,22.81,10.25,0.72,7.4,52.89
serengeti,2015-11-08,22.34,14.34,2.33,14.09,22.32
serengeti,2015-11-09,24.07,12.86,5.45,4.67,15.78
serengeti,2015-11-10,24.6,9.79,0.0,7.74,14.28
serengeti,2015-11-11,24.68,13.44,0.52,10.6,27.14
serengeti,2015-11-12,23.49,11.65,0.0,11.81,1.86
serengeti,2015-11-13,23.95,13.75,7.37,12.84,30.53
serengeti,2015-11-14,24.86,12.81,0.0,11.58,20.42
serengeti,2015-11-15,24.71,11.77,5.01,8.88,26.36
serengeti,2015-11-16,23.8,14.29,0.0,7.31,40.91
serengeti,2015-11-17,24.61,10.76,0.0,15.16,41.41
serengeti,2015-11-18,28.23,11.92,0.0,12.76,8.4
serengeti,2015-11-19,21.84,13.61,3.5,10.22,48.44
serengeti,2015-11-20,26.45,13.41,0.0,8.49,22.89
serengeti,2015-11-21,25.05,12.62,0.39,10.27,1.67
serengeti,2015-11-22,24.25,11.96,3.77,9.72,1.07
serengeti,2015-11-23,24.72,11.94,1.41,9.47,49.23
serengeti,2015-11-24,22.07,14.68,0.0,8.31,39.82
serengeti,2015-11-25,22.35,13.89,0.0,13.51,50.21
serengeti,2015-11-26,24.77,15.36,5.56,8.98,67.22
serengeti,2015-11-27,28.76,11.1,2.86,9.47,29.25
serengeti,2015-11-28,23.28,14.81,0.0,13.54,54.69
serengeti,2015-11-29,24.8,13.67,0.0,11.67,24.3
serengeti,2015-11-30,26.9,13.19,2.52,15.24,26.74
serengeti,2015-12-01,22.9,13.99,0.0,5.46,48.73
serengeti,2015-12-02,24.04,14.18,0.0,10.62,15.59
serengeti,2015-12-03,25.03,13.87,0.0,10.91,9.96
serengeti,2015-12-04,24.67,11.71,3.7,12.35,16.58
serengeti,2015-12-05,26.89,12.64,0.0,10.38,22.34
serengeti,2015-12-06,28.4,14.44,0.97,11.67,19.95
serengeti,2015-12-07,23.37,14.09,0.0,13.45,26.1
serengeti,2015-12-08,24.86,12.49,0.0,8.81,51.34
serengeti,2015-12-09,27.44,15.57,0.0,13.53,43.36
serengeti,2015-12-10,29.87,14.09,1.55,9.06,31.37
serengeti,2015-12-11,27.58,14.74,1.86,11.48,45.25
serengeti,2015-12-12,25.7,16.65,5.76,6.11,63.0
serengeti,2015-12-13,27.43,14.68,2.32,7.06,45.43
serengeti,2015-12-14,25.37,13.4,0.0,9.08,53.04
serengeti,2015-12-15,27.92,10.99,4.03,7.01,34.74
serengeti,2015-12-16,25.63,12.05,0.0,10.45,49.81
serengeti,2015-12-17,25.12,11.82,0.0,14.55,52.77
serengeti,2015-12-18,26.81,11.46,8.38,10.72,6.79
serengeti,2015-12-19,24.95,14.16,3.07,11.91,76.04
serengeti,2015-12-20,28.39,10.16,1.02,17.31,33.01
serengeti,2015-12-21,28.65,14.05,0.0,12.08,31.72
serengeti,2015-12-22,26.72,14.32,5.54,11.55,39.12
serengeti,2015-12-23,27.37,14.85,7.86,8.54,68.63
serengeti,2015-12-24,26.83,15.41,6.25,12.33,14.1
serengeti,2015-12-25,23.65,15.09,5.79,14.06,52.08
serengeti,2015-12-26,27.98,15.62,3.89,9.57,36.88
serengeti,2015-12-27,22.92,13.03,0.0,12.31,51.21
serengeti,2015-12-28,28.81,13.53,0.61,7.86,32.36
serengeti,2015-12-29,26.04,19.93,4.66,12.7,40.13
serengeti,2015-12-30,24.5,16.3,0.58,10.67,32.16
serengeti,2015-12-31,26.64,16.55,0.0,13.09,44.81
serengeti,2016-01-01,28.48,11.89,1.61,5.94,31.76
serengeti,2016-01-02,28.98,16.9,0.0,11.66,44.62
serengeti,2016-01-03,28.94,11.38,0.0,14.19,49.87
serengeti,2016-01-04,25.26,11.71,2.01,13.3,76.06
serengeti,2016-01-05,24.87,16.35,4.79,11.24,46.81
serengeti,2016-01-06,26.27,17.71,3.3,4.34,36.51
serengeti,2016-01-07,26.69,12.71,10.61,15.94,34.17
serengeti,2016-01-08,26.91,12.83,6.5,8.87,31.78
serengeti,2016-01-09,24.22,14.02,4.78,15.0,37.11
serengeti,2016-01-10,27.08,10.52,6.77,9.62,34.58
serengeti,2016-01-11,28.41,15.42,0.0,8.94,64.0
serengeti,2016-01-12,26.25,16.06,0.0,11.59,45.97
serengeti,2016-01-13,27.3,13.83,4.8,7.45,41.85
serengeti,2016-01-14,29.49,10.97,8.79,8.45,48.82
serengeti,2016-01-15,24.7,13.82,0.0,15.58,62.74
serengeti,2016-01-16,28.15,17.62,0.0,14.85,33.45
serengeti,2016-01-17,23.78,16.7,6.44,9.45,45.08
serengeti,2016-01-18,25.01,15.21,3.59,10.55,73.8
serengeti,2016-01-19,30.92,15.13,4.31,6.29,29.41
serengeti,2016-01-20,26.11,14.74,1.69,11.1,35.45
serengeti,2016-01-21,28.03,16.92,0.12,10.65,57.92
serengeti,2016-01-22,24.72,16.79,1.77,16.89,40.64
serengeti,2016-01-23,27.15,12.99,3.21,12.78,41.58
serengeti,2016-01-24,28.59,15.0,0.0,12.82,52.29
serengeti,2016-01-25,29.24,14.71,0.0,13.8,35.52
serengeti,2016-01-26,28.99,17.62,2.32,10.98,57.97
serengeti,2016-01-27,27.54,17.56,11.02,14.53,82.73
serengeti,2016-01-28,29.61,14.2,0.0,14.12,28.69
serengeti,2016-01-29,28.49,16.6,4.86,13.35,34.09
serengeti,2016-01-30,24.79,16.91,3.32,14.01,79.74
serengeti,2016-01-31,27.64,15.56,0.0,18.89,40.7
serengeti,2016-02-01,26.12,15.84,2.92,5.68,48.1
serengeti,2016-02-02,26.08,18.24,4.42,9.23,28.98
serengeti,2016-02-03,28.23,14.92,5.58,11.45,74.05
serengeti,2016-02-04,26.39,18.05,2.69,15.47,62.81
serengeti,2016-02-05,29.41,17.86,8.22,13.02,55.5
serengeti,2016-02-06,29.7,16.36,2.51,15.02,51.62
serengeti,2016-02-07,23.41,14.48,0.3,12.55,43.53
serengeti,2016-02-08,30.51,16.91,12.44,10.83,49.27
serengeti,2016-02-09,28.47,16.54,4.99,15.03,61.39
serengeti,2016-02-10,29.5,13.04,1.13,12.0,36.87
serengeti,2016-02-11,30.56,17.15,10.31,16.28,76.37
serengeti,2016-02-12,26.27,14.91,0.0,9.45,75.8
serengeti,2016-02-13,28.76,17.02,6.13,17.3,66.17
serengeti,2016-02-14,30.01,18.62,0.0,15.65,60.69
serengeti,2016-02-15,29.01,12.87,0.0,12.49,67.55
serengeti,2016-02-16,32.07,14.28,2.62,9.38,81.79
serengeti,2016-02-17,27.21,14.05,0.0,11.51,44.75
serengeti,2016-02-18,28.97,14.48,12.9,12.61,69.38
serengeti,2016-02-19,28.9,16.52,2.94,16.51,33.46
serengeti,2016-02-20,32.39,15.54,3.59,12.75,58.96
serengeti,2016-02-21,29.92,13.54,5.01,15.76,59.4
serengeti,2016-02-22,29.13,13.4,5.53,11.47,65.2
serengeti,2016-02-23,33.41,11.95,5.74,12.81,36.85
serengeti,2016-02-24,30.86,17.5,8.76,13.06,51.61
serengeti,2016-02-25,28.13,15.13,9.42,21.24,62.41
serengeti,2016-02-26,29.07,14.12,4.95,16.99,62.8
serengeti,2016-02-27,30.99,15.1,6.68,15.27,56.36
serengeti,2016-02-28,27.67,16.43,10.41,14.91,61.03
serengeti,2016-02-29,31.07,15.43,4.85,17.55,58.02
serengeti,2016-03-01,31.92,18.07,4.09,8.89,45.95
serengeti,2016-03-02,30.6,17.12,3.54,6.42,54.35
serengeti,2016-03-03,28.32,15.99,2.37,14.57,36.24
serengeti,2016-03-04,28.84,14.47,7.23,12.53,53.54
serengeti,2016-03-05,30.84,18.51,11.42,11.3,51.51
serengeti,2016-03-06,30.38,17.85,4.34,15.78,44.07
serengeti,2016-03-07,34.44,12.94,8.47,7.16,56.19
serengeti,2016-03-08,28.04,18.19,10.13,16.78,51.7
serengeti,2016-03-09,30.92,17.64,11.66,18.19,74.14
serengeti,2016-03-10,29.15,17.51,9.3,10.27,75.88
serengeti,2016-03-11,24.98,17.98,7.45,18.97,23.22
serengeti,2016-03-12,32.29,17.21,4.23,16.69,53.73
serengeti,2016-03-13,29.26,19.43,3.22,12.87,56.71
serengeti,2016-03-14,32.41,16.35,6.93,13.2,59.69
serengeti,2016-03-15,31.46,11.32,8.07,13.89,56.22
serengeti,2016-03-16,31.45,17.66,0.0,14.44,49.17
serengeti,2016-03-17,29.14,18.55,9.14,15.11,71.52
serengeti,2016-03-18,28.78,16.82,1.74,19.45,66.96
serengeti,2016-03-19,34.16,15.73,9.65,12.09,79.02
serengeti,2016-03-20,30.68,18.67,5.57,13.88,50.4
serengeti,2016-03-21,34.12,17.31,8.09,14.52,39.15
serengeti,2016-03-22,30.02,13.28,9.8,9.4,75.48
serengeti,2016-03-23,30.9,16.25,8.28,15.48,63.05
serengeti,2016-03-24,31.26,14.63,4.14,12.59,49.9
serengeti,2016-03-25,32.36,17.02,12.32,15.39,50.1
serengeti,2016-03-26,25.53,15.24,5.57,13.34,38.03
serengeti,2016-03-27,29.24,19.82,3.38,17.04,56.46
serengeti,2016-03-28,31.24,13.38,8.28,9.15,54.64
serengeti,2016-03-29,33.18,20.89,3.3,8.23,32.07
serengeti,2016-03-30,31.96,21.16,1.28,17.31,37.88
serengeti,2016-03-31,29.33,15.68,3.84,13.04,56.4
serengeti,2016-04-01,31.05,15.71,6.48,16.72,69.82
serengeti,2016-04-02,35.58,18.19,3.69,24.17,31.65
serengeti,2016-04-03,30.65,19.26,5.22,12.94,50.24
serengeti,2016-04-04,29.75,15.34,0.0,12.77,66.95
serengeti,2016-04-05,31.75,16.07,11.56,14.76,85.62
serengeti,2016-04-06,29.86,19.79,6.82,9.49,59.83
serengeti,2016-04-07,30.76,18.19,3.37,12.78,54.97
serengeti,2016-04-08,31.24,16.69,11.77,16.23,70.32
serengeti,2016-04-09,29.07,16.55,0.8,12.86,54.54
serengeti,2016-04-10,29.09,20.16,2.59,13.8,36.27
serengeti,2016-04-11,34.04,16.49,4.44,8.6,55.35
serengeti,2016-04-12,28.03,15.46,3.65,16.31,72.21
serengeti,2016-04-13,28.2,17.46,4.59,18.23,74.29
serengeti,2016-04-14,30.43,18.21,8.9,7.72,47.41
serengeti,2016-04-15,28.36,15.18,10.18,15.49,26.27
serengeti,2016-04-16,31.37,17.32,10.52,16.96,55.89
serengeti,2016-04-17,30.74,16.89,12.02,14.43,65.02
serengeti,2016-04-18,31.67,17.75,3.56,14.95,75.08
serengeti,2016-04-19,32.49,19.11,8.15,18.17,85.91
serengeti,2016-04-20,30.98,17.48,3.52,19.5,85.16
serengeti,2016-04-21,32.48,18.48,3.42,14.75,60.23
serengeti,2016-04-22,26.52,15.64,0.38,10.43,64.71
serengeti,2016-04-23,30.06,17.14,12.57,13.14,39.97
serengeti,2016-04-24,26.47,15.09,11.47,14.39,76.77
serengeti,2016-04-25,30.74,14.87,15.55,10.24,78.98
serengeti,2016-04-26,32.76,18.32,9.63,15.8,31.22
serengeti,2016-04-27,27.46,16.75,8.15,11.19,65.23
serengeti,2016-04-28,26.13,17.91,4.48,19.48,63.76
serengeti,2016-04-29,28.58,16.44,10.92,9.94,80.04
serengeti,2016-04-30,31.61,15.21,8.03,21.29,62.72
serengeti,2016-05-01,30.35,20.94,1.2,10.44,62.25
serengeti,2016-05-02,28.8,15.16,6.73,7.91,66.97
serengeti,2016-05-03,30.35,16.22,0.86,17.45,51.67
serengeti,2016-05-04,26.89,20.73,7.66,11.05,42.67
serengeti,2016-05-05,30.21,16.42,9.93,14.89,54.98
serengeti,2016-05-06,28.42,16.25,4.87,14.38,50.93
serengeti,2016-05-07,31.44,16.22,3.13,10.07,58.49
serengeti,2016-05-08,26.92,13.44,13.92,6.49,100.0
serengeti,2016-05-09,29.91,15.24,7.23,12.53,67.31
serengeti,2016-05-10,29.1,18.09,8.42,15.53,46.31
serengeti,2016-05-11,31.79,15.49,7.44,12.58,48.32
serengeti,2016-05-12,28.11,12.83,9.99,13.39,77.99
serengeti,2016-05-13,25.61,14.15,8.91,15.42,56.62
serengeti,2016-05-14,30.83,17.56,5.1,8.38,72.03
serengeti,2016-05-15,27.02,16.33,0.0,12.08,39.87
serengeti,2016-05-16,29.25,20.52,3.62,17.68,52.99
serengeti,2016-05-17,30.25,14.03,6.23,11.91,52.43
serengeti,2016-05-18,24.94,16.57,10.15,14.03,70.89
serengeti,2016-05-19,27.15,15.54,12.0,11.79,59.98
serengeti,2016-05-20,31.53,16.09,4.77,12.58,62.92
serengeti,2016-05-21,31.24,13.72,13.42,13.49,66.52
serengeti,2016-05-22,29.07,14.87,7.8,9.55,54.86
serengeti,2016-05-23,27.09,18.49,6.62,18.01,65.09
serengeti,2016-05-24,34.49,15.96,6.75,15.71,54.59
serengeti,2016-05-25,29.85,18.44,8.72,17.34,77.56
serengeti,2016-05-26,30.86,15.71,5.88,12.93,45.3
serengeti,2016-05-27,27.82,17.19,5.77,8.44,45.22
serengeti,2016-05-28,26.93,15.4,9.29,11.99,50.31
serengeti,2016-05-29,31.12,15.9,10.1,14.77,39.61
serengeti,2016-05-30,28.6,14.48,5.54,15.57,35.36
serengeti,2016-05-31,29.41,16.44,5.11,13.06,51.71
serengeti,2016-06-01,28.55,19.39,2.06,9.59,79.12
serengeti,2016-06-02,31.77,16.48,3.86,16.19,59.08
serengeti,2016-06-03,28.43,19.04,9.86,12.69,56.88
serengeti,2016-06-04,29.84,17.3,5.43,12.02,48.75
serengeti,2016-06-05,29.04,16.32,8.8,13.58,73.66
serengeti,2016-06-06,25.77,14.15,2.34,14.0,34.04
serengeti,2016-06-07,26.96,15.19,6.19,12.75,35.27
serengeti,2016-06-08,29.17,17.59,7.26,15.51,52.05
serengeti,2016-06-09,27.71,13.61,11.59,15.43,59.0
serengeti,2016-06-10,27.99,15.39,0.0,14.81,37.55
serengeti,2016-06-11,31.41,17.14,8.77,11.11,44.66
serengeti,2016-06-12,27.77,16.25,5.21,11.05,51.84
serengeti,2016-06-13,32.71,21.1,4.95,12.23,74.79
serengeti,2016-06-14,27.83,16.9,0.0,14.94,26.24
serengeti,2016-06-15,27.07,15.85,0.0,9.44,59.75
serengeti,2016-06-16,31.27,14.81,6.57,13.72,64.42
serengeti,2016-06-17,28.75,14.75,10.38,13.32,79.31
serengeti,2016-06-18,30.89,14.89,5.29,14.24,30.46
serengeti,2016-06-19,25.7,16.36,10.38,13.66,33.33
serengeti,2016-06-20,23.91,20.64,0.0,13.86,38.58
serengeti,2016-06-21,22.71,15.24,0.0,11.27,28.86
serengeti,2016-06-22,25.0,15.67,0.0,7.63,66.59
serengeti,2016-06-23,25.12,15.08,8.32,11.12,55.32
serengeti,2016-06-24,28.88,14.9,6.17,14.38,50.25
serengeti,2016-06-25,27.34,12.67,3.96,16.45,55.7
serengeti,2016-06-26,27.03,14.11,7.73,12.49,66.05
serengeti,2016-06-27,25.03,14.37,2.77,17.45,10.52
serengeti,2016-06-28,29.35,18.25,8.94,13.04,54.47
serengeti,2016-06-29,28.94,13.04,10.17,11.32,52.89
serengeti,2016-06-30,24.27,15.45,0.0,12.8,56.49
serengeti,2016-07-01,26.68,16.48,6.5,11.89,23.87
serengeti,2016-07-02,25.75,15.62,6.33,18.18,45.01
serengeti,2016-07-03,30.83,13.22,0.0,11.75,31.8
serengeti,2016-07-04,27.71,14.94,0.0,11.7,65.67
serengeti,2016-07-05,27.2,10.2,2.9,9.66,48.03
serengeti,2016-07-06,27.59,16.97,4.47,15.24,43.08
serengeti,2016-07-07,27.5,15.87,5.9,8.12,50.59
serengeti,2016-07-08,27.61,13.05,8.6,7.84,27.12
serengeti,2016-07-09,22.77,16.88,3.41,7.53,65.18
serengeti,2016-07-10,26.97,14.58,3.87,7.94,64.97
serengeti,2016-07-11,32.77,15.54,12.7,12.93,24.42
serengeti,2016-07-12,24.94,14.94,4.22,12.07,62.29
serengeti,2016-07-13,28.67,14.13,0.6,7.68,69.41
serengeti,2016-07-14,27.97,13.59,5.64,11.71,32.52
serengeti,2016-07-15,26.51,17.06,0.86,12.51,29.74
serengeti,2016-07-16,24.77,14.54,0.84,11.67,29.56
serengeti,2016-07-17,27.68,13.63,0.0,3.84,54.7
serengeti,2016-07-18,25.79,14.16,3.8,14.29,69.87
serengeti,2016-07-19,26.29,15.24,8.17,13.5,34.24
serengeti,2016-07-20,27.33,14.95,4.36,11.5,50.21
serengeti,2016-07-21,24.49,16.23,5.26,15.42,50.88
serengeti,2016-07-22,25.61,15.3,5.35,14.86,33.15
serengeti,2016-07-23,27.72,14.84,8.23,6.98,33.28
serengeti,2016-07-24,26.17,15.21,0.0,14.26,41.3
serengeti,2016-07-25,22.54,15.67,0.0,9.11,43.32
serengeti,2016-07-26,26.93,11.83,3.61,7.68,29.17
serengeti,2016-07-27,27.25,13.74,2.15,12.39,35.92
serengeti,2016-07-28,27.41,11.89,0.0,8.85,45.34
serengeti,2016-07-29,25.58,12.88,2.85,14.31,42.01
serengeti,2016-07-30,24.04,13.97,0.0,12.18,73.42
serengeti,2016-07-31,23.45,13.85,5.88,15.44,26.81
serengeti,2016-08-01,25.07,13.47,0.0,10.6,64.33
serengeti,2016-08-02,27.26,13.36,0.0,14.27,46.45
serengeti,2016-08-03,24.36,11.93,5.76,9.9,37.34
serengeti,2016-08-04,29.33,12.47,2.06,14.63,78.98
serengeti,2016-08-05,24.49,10.5,3.62,12.39,43.19
serengeti,2016-08-06,28.42,12.87,8.88,10.38,20.3
serengeti,2016-08-07,26.38,13.62,5.42,16.42,41.39
serengeti,2016-08-08,24.46,13.6,6.57,8.21,56.89
serengeti,2016-08-09,23.14,15.38,2.89,10.55,45.48
serengeti,2016-08-10,26.46,15.59,10.08,12.81,47.68
serengeti,2016-08-11,25.13,13.29,3.2,12.79,32.81
serengeti,2016-08-12,23.86,13.06,0.0,7.58,35.98
serengeti,2016-08-13,25.42,16.67,0.0,6.79,24.86
serengeti,2016-08-14,25.73,13.68,4.57,9.3,24.58
serengeti,2016-08-15,23.45,13.08,0.0,11.16,43.08
serengeti,2016-08-16,25.39,14.19,1.76,9.11,48.65
serengeti,2016-08-17,20.77,15.48,3.47,11.07,26.33
serengeti,2016-08-18,22.39,14.77,0.0,14.87,28.82
serengeti,2016-08-19,26.89,14.45,0.0,11.7,58.0
serengeti,2016-08-20,24.24,13.53,0.0,10.47,20.5
serengeti,2016-08-21,26.28,12.89,0.0,12.55,24.18
serengeti,2016-08-22,26.01,18.01,2.66,9.07,9.57
serengeti,2016-08-23,26.82,9.38,0.0,8.69,26.45
serengeti,2016-08-24,26.21,12.91,8.98,9.0,33.42
serengeti,2016-08-25,26.57,13.82,2.79,10.73,47.56
serengeti,2016-08-26,21.82,12.62,2.15,14.73,31.64
serengeti,2016-08-27,28.01,11.69,0.28,13.33,44.46
serengeti,2016-08-28,25.9,12.18,0.9,13.59,17.07
serengeti,2016-08-29,29.66,12.34,1.99,6.64,17.9
serengeti,2016-08-30,24.33,14.7,0.99,8.61,11.05
serengeti,2016-08-31,22.92,13.19,5.89,14.07,43.34
serengeti,2016-09-01,26.85,12.67,5.56,10.6,24.85
serengeti,2016-09-02,26.26,13.93,1.24,7.6,65.56
serengeti,2016-09-03,21.1,10.17,0.0,13.5,63.5
serengeti,2016-09-04,24.35,12.46,0.0,5.51,42.74
serengeti,2016-09-05,23.21,11.74,0.28,11.81,6.59
serengeti,2016-09-06,23.42,12.64,0.0,6.61,30.64
serengeti,2016-09-07,24.57,11.04,2.63,12.64,34.43
serengeti,2016-09-08,22.55,14.7,7.06,9.99,34.53
serengeti,2016-09-09,26.54,11.52,1.46,12.68,0.0
serengeti,2016-09-10,22.74,10.65,0.0,8.18,16.73
serengeti,2016-09-11,22.72,12.32,0.0,5.24,14.89
serengeti,2016-09-12,21.76,12.37,0.0,8.6,28.84
serengeti,2016-09-13,24.88,13.65,1.08,6.29,36.68
serengeti,2016-09-14,21.9,15.54,0.0,9.76,37.68
serengeti,2016-09-15,25.37,13.12,0.0,9.01,20.32
serengeti,2016-09-16,26.43,14.03,4.98,14.0,33.93
serengeti,2016-09-17,23.18,11.86,0.0,7.58,33.27
serengeti,2016-09-18,27.07,10.68,0.0,8.13,22.39
serengeti,2016-09-19,23.6,13.94,3.04,7.74,39.25
serengeti,2016-09-20,26.46,15.95,6.16,12.22,48.37
serengeti,2016-09-21,25.78,12.23,2.66,10.69,16.88
serengeti,2016-09-22,22.84,12.49,0.0,4.66,19.39
serengeti,2016-09-23,24.32,14.55,5.6,16.81,29.52
serengeti,2016-09-24,24.55,14.2,0.0,12.67,45.97
serengeti,2016-09-25,22.31,12.16,0.0,8.77,23.51
serengeti,2016-09-26,21.85,15.15,0.0,3.91,54.41
serengeti,2016-09-27,22.91,11.39,0.0,10.36,50.78
serengeti,2016-09-28,22.62,13.18,0.94,8.9,5.5
serengeti,2016-09-29,19.1,10.91,0.0,8.62,34.68
serengeti,2016-09-30,28.35,12.96,0.0,11.65,30.48
serengeti,2016-10-01,23.06,13.83,0.0,11.9,18.05
serengeti,2016-10-02,26.6,12.05,1.95,16.33,28.47
serengeti,2016-10-03,25.19,12.64,0.0,6.25,38.73
serengeti,2016-10-04,22.49,13.21,0.52,13.39,25.69
serengeti,2016-10-05,25.65,13.44,0.0,6.66,47.69
serengeti,2016-10-06,22.29,11.86,0.34,12.15,15.41
serengeti,2016-10-07,27.87,15.93,0.0,9.96,30.55
serengeti,2016-10-08,22.69,13.02,0.0,11.85,29.92
serengeti,2016-10-09,22.47,13.78,0.0,12.59,15.39
serengeti,2016-10-10,26.41,10.62,4.67,6.07,7.21
serengeti,2016-10-11,23.87,13.5,0.0,5.64,35.31
serengeti,2016-10-12,27.2,10.94,0.0,10.81,20.54
serengeti,2016-10-13,22.24,14.76,3.52,4.35,7.29
serengeti,2016-10-14,28.19,13.39,0.0,11.72,29.49
serengeti,2016-10-15,21.7,11.82,0.15,10.87,23.19
serengeti,2016-10-16,25.08,12.8,8.03,5.18,30.34
serengeti,2016-10-17,22.63,14.36,0.0,11.98,45.25
serengeti,2016-10-18,23.94,12.81,0.0,12.02,26.0
serengeti,2016-10-19,26.62,12.17,0.0,6.71,50.27
serengeti,2016-10-20,22.48,13.87,3.94,12.05,35.41
serengeti,2016-10-21,27.6,13.02,0.0,9.29,34.86
serengeti,2016-10-22,25.58,15.41,0.0,4.97,0.63
serengeti,2016-10-23,20.35,15.8,0.0,13.67,23.13
serengeti,2016-10-24,23.41,10.45,0.0,10.32,38.28
serengeti,2016-10-25,24.37,12.49,0.0,14.67,30.52
serengeti,2016-10-26,24.51,17.49,4.21,7.55,14.09
serengeti,2016-10-27,22.17,14.09,0.0,9.66,21.67
serengeti,2016-10-28,22.94,14.61,0.0,11.06,49.63
serengeti,2016-10-29,21.7,13.66,0.0,13.33,32.39
serengeti,2016-10-30,27.28,13.64,0.0,8.37,39.31
serengeti,2016-10-31,20.71,8.92,4.76,11.96,46.13
serengeti,2016-11-01,20.78,14.18,0.0,7.72,36.09
serengeti,2016-11-02,22.56,15.98,0.0,14.18,35.85
serengeti,2016-11-03,23.11,11.14,0.0,2.92,22.6
serengeti,2016-11-04,23.01,11.79,2.78,13.97,47.73
serengeti,2016-11-05,23.85,13.01,0.0,7.83,23.32
serengeti,2016-11-06,26.64,10.23,0.0,5.75,42.57
serengeti,2016-11-07,22.66,12.51,0.0,16.3,46.38
serengeti,2016-11-08,23.21,11.1,2.45,8.77,42.34
serengeti,2016-11-09,25.81,14.11,0.0,9.98,36.73
serengeti,2016-11-10,27.64,13.63,0.0,12.8,14.63
serengeti,2016-11-11,26.08,12.71,0.02,11.82,54.7
serengeti,2016-11-12,20.13,12.5,0.0,12.31,42.05
serengeti,2016-11-13,24.67,13.5,1.5,11.16,15.27
serengeti,2016-11-14,27.17,15.27,0.0,8.14,28.78
serengeti,2016-11-15,20.51,12.37,6.62,11.74,33.14
serengeti,2016-11-16,24.66,13.5,4.2,17.03,45.75
serengeti,2016-11-17,24.03,15.93,0.0,12.6,6.47
serengeti,2016-11-18,28.9,11.98,6.33,9.56,35.69
serengeti,2016-11-19,25.44,15.36,1.34,9.44,35.87
serengeti,2016-11-20,25.94,13.02,1.58,10.5,20.53
serengeti,2016-11-21,27.11,16.82,2.65,7.4,44.64
serengeti,2016-11-22,19.28,8.8,1.38,14.09,34.45
serengeti,2016-11-23,25.99,12.25,3.25,8.59,43.63
serengeti,2016-11-24,23.39,14.0,1.61,11.99,22.51
serengeti,2016-11-25,22.7,14.03,1.94,18.99,41.63
serengeti,2016-11-26,24.16,15.1,7.72,8.63,43.99
serengeti,2016-11-27,24.56,13.42,6.8,9.31,26.07
serengeti,2016-11-28,25.72,16.05,0.0,11.82,27.27
serengeti,2016-11-29,26.83,15.14,0.58,13.72,18.92
serengeti,2016-11-30,28.19,11.97,0.23,7.9,21.44
serengeti,2016-12-01,23.6,15.9,0.0,12.48,27.38
serengeti,2016-12-02,25.18,14.46,7.68,11.9,36.27
serengeti,2016-12-03,19.89,15.07,0.0,7.16,44.56
serengeti,2016-12-04,23.53,16.39,4.58,9.28,42.06
serengeti,2016-12-05,26.19,10.72,0.0,14.53,49.92
serengeti,2016-12-06,26.93,10.95,0.08,9.19,29.22
serengeti,2016-12-07,30.88,14.91,0.0,5.69,18.02
serengeti,2016-12-08,25.05,9.59,4.43,9.81,21.04
serengeti,2016-12-09,23.92,13.72,1.73,15.57,54.1
serengeti,2016-12-10,25.32,14.38,4.63,4.36,7.39
serengeti,2016-12-11,25.2,13.37,1.92,11.15,53.62
serengeti,2016-12-12,23.57,16.24,0.0,12.4,19.42
serengeti,2016-12-13,26.67,14.49,0.0,11.03,41.99
serengeti,2016-12-14,23.05,18.55,4.75,6.17,59.2
serengeti,2016-12-15,26.74,12.16,0.0,9.88,41.27
serengeti,2016-12-16,26.15,15.59,1.04,8.94,42.54
serengeti,2016-12-17,26.53,15.54,0.0,16.85,26.65
serengeti,2016-12-18,27.33,13.99,2.02,7.55,44.49
serengeti,2016-12-19,29.0,15.19,3.89,12.98,49.35
serengeti,2016-12-20,26.16,14.29,1.0,7.79,70.87
serengeti,2016-12-21,26.2,11.86,0.0,13.29,38.67
serengeti,2016-12-22,26.84,14.78,5.14,9.99,81.91
serengeti,2016-12-23,25.51,17.53,0.27,9.64,24.37
serengeti,2016-12-24,28.57,17.48,9.76,15.33,47.36
serengeti,2016-12-25,23.63,12.8,3.93,9.62,36.46
serengeti,2016-12-26,27.23,14.73,5.93,6.56,39.0
serengeti,2016-12-27,25.83,17.2,0.0,9.05,23.33
serengeti,2016-12-28,27.62,12.43,0.0,11.32,55.35
serengeti,2016-12-29,24.9,14.94,4.84,13.93,61.91
serengeti,2016-12-30,30.92,13.09,2.35,5.81,48.23
serengeti,2016-12-31,27.91,16.54,0.0,10.67,54.01
serengeti,2017-01-01,26.03,15.21,0.0,7.67,29.75
serengeti,2017-01-02,27.11,13.37,2.76,5.8,26.97
serengeti,2017-01-03,26.98,14.03,2.21,16.67,55.68
serengeti,2017-01-04,27.77,16.78,0.0,11.48,48.28
serengeti,2017-01-05,26.88,14.53,9.11,7.61,64.64
serengeti,2017-01-06,29.2,13.31,2.8,10.42,51.61
serengeti,2017-01-07,21.41,16.17,6.49,9.36,15.7
serengeti,2017-01-08,25.68,15.48,8.03,9.12,39.04
serengeti,2017-01-09,27.15,14.92,0.23,13.66,62.25
serengeti,2017-01-10,24.26,14.34,3.67,17.02,34.75
serengeti,2017-01-11,28.01,15.6,1.23,14.9,46.82
serengeti,2017-01-12,29.0,16.52,6.44,8.56,32.05
serengeti,2017-01-13,31.06,13.6,6.68,9.99,61.92
serengeti,2017-01-14,29.19,13.9,0.5,10.07,44.96
serengeti,2017-01-15,28.34,15.79,0.46,13.66,49.25
serengeti,2017-01-16,28.67,15.12,0.0,13.63,49.94
serengeti,2017-01-17,26.61,15.27,5.88,9.34,52.7
serengeti,2017-01-18,26.39,13.98,2.0,13.36,34.17
serengeti,2017-01-19,27.67,16.49,0.0,14.37,63.88
serengeti,2017-01-20,28.83,13.84,5.34,13.23,55.58
serengeti,2017-01-21,25.91,17.43,0.0,9.92,54.37
serengeti,2017-01-22,29.59,17.7,0.1,14.88,57.88
serengeti,2017-01-23,28.49,18.04,2.87,14.44,50.29
serengeti,2017-01-24,28.55,19.25,4.68,12.33,57.19
serengeti,2017-01-25,26.36,14.8,4.85,15.16,42.56
serengeti,2017-01-26,28.38,17.86,5.69,15.55,69.71
serengeti,2017-01-27,30.73,14.51,0.04,19.9,13.75
serengeti,2017-01-28,30.02,13.11,7.65,13.17,56.4
serengeti,2017-01-29,28.8,13.57,3.64,13.21,44.84
serengeti,2017-01-30,26.74,14.25,7.02,8.35,82.55
serengeti,2017-01-31,27.43,12.83,2.4,14.75,52.04
serengeti,2017-02-01,28.19,19.41,0.0,12.11,62.75
serengeti,2017-02-02,27.61,15.43,10.25,12.75,26.83
serengeti,2017-02-03,30.1,18.05,0.0,8.21,37.75
serengeti,2017-02-04,24.84,18.21,1.34,9.92,52.31
serengeti,2017-02-05,26.83,14.55,7.94,12.09,64.99
serengeti,2017-02-06,28.78,16.14,8.01,8.61,48.62
serengeti,2017-02-07,26.44,13.47,6.84,15.26,71.96
serengeti,2017-02-08,26.44,16.72,0.0,14.29,54.83
serengeti,2017-02-09,30.02,17.05,2.06,15.22,87.96
serengeti,2017-02-10,27.65,19.08,3.53,12.7,46.7
serengeti,2017-02-11,26.38,15.88,1.73,17.68,73.03
serengeti,2017-02-12,27.53,17.63,1.24,20.66,61.18
serengeti,2017-02-13,27.39,15.01,9.15,12.64,57.16
serengeti,2017-02-14,32.05,19.04,8.88,13.33,46.57
serengeti,2017-02-15,26.41,17.42,1.75,13.01,60.08
serengeti,2017-02-16,30.04,13.71,5.58,10.99,41.81
serengeti,2017-02-17,31.19,14.28,0.45,8.24,54.54
serengeti,2017-02-18,28.59,16.45,10.01,12.17,35.65
serengeti,2017-02-19,26.35,16.71,1.98,15.55,68.88
serengeti,2017-02-20,31.58,15.45,1.74,13.54,50.56
serengeti,2017-02-21,29.11,16.72,11.71,11.42,69.95
serengeti,2017-02-22,29.42,12.5,7.51,17.02,68.47
serengeti,2017-02-23,27.08,14.76,0.0,14.74,71.7
serengeti,2017-02-24,29.15,14.89,4.02,22.39,46.97
serengeti,2017-02-25,27.37,18.45,4.63,15.69,78.93
serengeti,2017-02-26,24.78,14.95,0.0,15.12,66.81
serengeti,2017-02-27,26.46,13.02,0.0,12.5,38.68
serengeti,2017-02-28,25.67,17.91,4.87,16.01,54.87
serengeti,2017-03-01,29.68,18.23,9.52,10.19,59.98
serengeti,2017-03-02,28.03,13.79,10.71,13.96,60.81
serengeti,2017-03-03,32.24,16.35,13.93,13.29,89.27
serengeti,2017-03-04,30.56,13.92,6.71,15.48,45.33
serengeti,2017-03-05,30.0,16.1,4.6,14.88,56.6
serengeti,2017-03-06,32.91,15.98,8.06,14.22,52.95
serengeti,2017-03-07,26.59,19.17,7.24,17.54,54.13
serengeti,2017-03-08,33.82,18.77,2.67,18.51,86.24
serengeti,2017-03-09,27.7,15.67,7.27,18.26,60.59
serengeti,2017-03-10,32.11,17.48,6.65,16.51,70.8
serengeti,2017-03-11,26.72,15.89,13.22,15.21,69.2
serengeti,2017-03-12,30.09,17.7,4.41,16.48,64.39
serengeti,2017-03-13,32.43,16.79,5.46,15.24,74.4
serengeti,2017-03-14,30.84,15.99,1.03,16.77,69.26
serengeti,2017-03-15,29.89,18.76,0.0,13.58,62.44
serengeti,2017-03-16,33.63,16.56,5.2,14.66,54.65
serengeti,2017-03-17,27.35,20.07,12.1,18.44,62.07
serengeti,2017-03-18,29.91,15.86,4.92,16.61,67.92
serengeti,2017-03-19,27.37,18.03,5.74,16.28,50.97
serengeti,2017-03-20,29.57,15.16,9.41,14.07,61.6
serengeti,2017-03-21,27.94,18.03,10.43,14.3,54.14
serengeti,2017-03-22,29.57,19.89,4.51,11.27,55.6
serengeti,2017-03-23,28.3,18.24,7.52,14.11,62.16
serengeti,2017-03-24,28.46,20.03,5.14,14.6,79.73
serengeti,2017-03-25,29.4,15.11,1.92,14.99,64.17
serengeti,2017-03-26,31.04,18.11,1.41,10.49,73.89
serengeti,2017-03-27,28.92,16.65,9.29,18.99,73.08
serengeti,2017-03-28,29.0,14.92,10.03,12.98,81.94
serengeti,2017-03-29,28.54,16.85,0.21,9.79,52.3
serengeti,2017-03-30,29.45,19.25,8.13,11.67,56.5
serengeti,2017-03-31,25.25,16.86,11.42,10.95,70.85
serengeti,2017-04-01,28.83,18.09,9.9,11.97,71.94
serengeti,2017-04-02,30.91,15.45,3.62,15.36,72.51
serengeti,2017-04-03,26.74,18.58,7.55,17.32,61.1
serengeti,2017-04-04,30.5,17.07,7.14,13.17,93.07
serengeti,2017-04-05,32.81,16.89,3.35,6.57,73.77
serengeti,2017-04-06,30.28,17.49,11.92,9.91,73.16
serengeti,2017-04-07,29.71,21.03,8.62,15.36,42.14
serengeti,2017-04-08,32.11,19.57,15.19,10.65,51.39
serengeti,2017-04-09,30.3,15.28,3.04,13.75,36.36
serengeti,2017-04-10,32.37,17.61,7.11,10.27,49.58
serengeti,2017-04-11,28.99,16.36,10.96,13.65,76.08
serengeti,2017-04-12,33.24,17.08,0.0,13.15,47.36
serengeti,2017-04-13,29.93,16.2,7.66,13.4,65.31
serengeti,2017-04-14,31.4,17.44,0.0,12.67,50.96
serengeti,2017-04-15,30.29,19.73,0.0,9.61,65.75
serengeti,2017-04-16,32.2,14.61,4.72,17.04,50.99
serengeti,2017-04-17,33.5,16.39,10.24,13.28,66.4
serengeti,2017-04-18,29.48,16.59,5.01,16.55,46.25
serengeti,2017-04-19,28.3,15.61,2.76,14.31,53.13
serengeti,2017-04-20,26.15,16.13,7.78,15.65,40.6
serengeti,2017-04-21,30.07,14.87,8.88,13.05,42.67
serengeti,2017-04-22,29.98,18.61,8.36,13.77,58.97
serengeti,2017-04-23,32.86,14.35,0.0,11.75,52.94
serengeti,2017-04-24,30.77,20.9,7.78,14.06,43.56
serengeti,2017-04-25,25.98,16.55,10.55,14.69,52.39
serengeti,2017-04-26,28.79,15.3,6.7,10.3,31.17
serengeti,2017-04-27,29.2,15.01,8.37,14.74,49.19
serengeti,2017-04-28,29.74,17.98,11.55,16.12,60.27
serengeti,2017-04-29,30.98,16.34,2.04,19.02,51.3
serengeti,2017-04-30,28.8,20.59,5.78,13.82,48.15
serengeti,2017-05-01,31.49,16.17,1.93,12.95,47.93
serengeti,2017-05-02,32.67,18.71,4.97,8.86,70.84
serengeti,2017-05-03,27.97,16.39,2.23,12.61,38.63
serengeti,2017-05-04,34.76,15.38,6.43,15.82,45.04
serengeti,2017-05-05,31.34,18.2,12.81,13.13,46.5
serengeti,2017-05-06,28.88,19.42,5.05,6.91,74.57
serengeti,2017-05-07,28.21,14.77,6.73,12.87,82.92
serengeti,2017-05-08,31.36,14.11,12.09,13.55,72.86
serengeti,2017-05-09,32.47,16.24,3.12,13.97,51.89
serengeti,2017-05-10,29.99,11.23,4.49,17.96,66.93
serengeti,2017-05-11,32.17,16.92,5.81,15.44,59.82
serengeti,2017-05-12,33.06,14.71,4.34,11.25,53.32
serengeti,2017-05-13,32.41,15.75,11.26,13.36,71.62
serengeti,2017-05-14,32.36,16.64,1.91,11.12,33.35
serengeti,2017-05-15,29.24,19.62,4.88,15.13,69.07
serengeti,2017-05-16,28.69,17.09,10.55,13.32,67.1
serengeti,2017-05-17,28.65,20.33,6.42,14.3,45.01
serengeti,2017-05-18,28.56,18.41,2.83,12.15,46.77
serengeti,2017-05-19,28.22,17.27,3.88,8.37,47.36
serengeti,2017-05-20,26.56,20.39,7.35,13.83,71.2
serengeti,2017-05-21,33.45,17.39,0.0,14.67,60.22
serengeti,2017-05-22,27.9,17.05,10.8,17.39,41.65
serengeti,2017-05-23,28.73,17.73,5.78,13.92,65.08
serengeti,2017-05-24,29.05,20.94,7.58,12.47,48.0
serengeti,2017-05-25,28.94,17.09,4.32,18.43,39.53
serengeti,2017-05-26,28.56,16.35,4.99,12.81,68.39
serengeti,2017-05-27,29.87,13.17,6.32,11.82,61.12
serengeti,2017-05-28,29.79,17.06,7.03,13.39,54.63
serengeti,2017-05-29,29.83,14.55,11.91,13.09,80.89
serengeti,2017-05-30,27.94,13.21,7.33,11.3,51.22
serengeti,2017-05-31,27.81,15.86,6.97,9.95,37.88
serengeti,2017-06-01,31.68,19.0,4.39,13.37,61.84
serengeti,2017-06-02,30.04,18.03,8.28,8.46,71.86
serengeti,2017-06-03,30.14,17.56,3.61,11.98,66.57
serengeti,2017-06-04,28.98,18.24,6.95,12.02,62.16
serengeti,2017-06-05,28.02,12.97,5.35,13.05,41.14
serengeti,2017-06-06,31.55,14.83,0.44,13.56,32.61
serengeti,2017-06-07,30.19,16.59,7.64,11.77,53.0
serengeti,2017-06-08,31.69,14.03,1.6,12.46,37.97
serengeti,2017-06-09,27.32,16.7,14.68,13.59,45.18
serengeti,2017-06-10,29.1,15.2,6.5,12.64,49.24
serengeti,2017-06-11,28.99,18.78,6.73,10.88,68.02
serengeti,2017-06-12,28.84,12.98,0.0,13.05,66.29
serengeti,2017-06-13,30.65,12.51,12.39,18.32,27.59
serengeti,2017-06-14,25.38,17.75,0.27,13.2,66.29
serengeti,2017-06-15,23.17,16.15,0.0,13.57,49.51
serengeti,2017-06-16,30.45,17.95,5.12,11.14,42.39
serengeti,2017-06-17,28.26,14.08,0.0,11.57,52.62
serengeti,2017-06-18,30.25,19.43,4.83,10.68,44.44
serengeti,2017-06-19,27.92,17.17,3.06,12.3,39.52
serengeti,2017-06-20,25.92,15.3,0.0,14.88,55.5
serengeti,2017-06-21,27.91,15.65,2.72,12.21,58.68
serengeti,2017-06-22,27.51,15.05,4.82,15.68,62.2
serengeti,2017-06-23,27.1,14.11,8.99,12.72,47.67
serengeti,2017-06-24,31.25,15.03,0.66,9.97,81.46
serengeti,2017-06-25,28.95,15.9,8.37,12.58,57.03
serengeti,2017-06-26,26.37,15.19,7.65,9.88,45.11
serengeti,2017-06-27,26.95,12.47,2.25,10.13,65.33
serengeti,2017-06-28,29.92,17.07,0.9,11.38,32.79
serengeti,2017-06-29,27.0,10.78,0.0,17.77,31.48
serengeti,2017-06-30,28.38,11.99,4.31,14.97,50.82
serengeti,2017-07-01,29.66,16.21,1.23,8.94,16.34
serengeti,2017-07-02,31.7,14.78,2.64,11.99,41.3
serengeti,2017-07-03,26.26,16.59,5.22,15.61,53.31
serengeti,2017-07-04,29.28,14.83,6.93,13.68,65.41
serengeti,2017-07-05,27.48,17.82,3.91,11.95,44.84
serengeti,2017-07-06,27.71,13.44,0.0,6.77,65.31
serengeti,2017-07-07,27.72,15.96,0.0,8.8,26.19
serengeti,2017-07-08,28.18,17.61,0.0,11.5,49.02
serengeti,2017-07-09,31.13,15.8,8.19,15.18,60.3
serengeti,2017-07-10,27.49,16.65,2.6,16.15,67.05
serengeti,2017-07-11,29.24,15.61,7.0,10.36,37.28
serengeti,2017-07-12,26.21,16.42,8.79,14.55,59.65
serengeti,2017-07-13,27.44,12.86,0.0,9.47,69.62
serengeti,2017-07-14,22.92,15.38,10.23,13.6,33.16
serengeti,2017-07-15,21.97,14.43,6.37,4.81,55.32
serengeti,2017-07-16,31.59,14.23,5.89,8.62,34.4
serengeti,2017-07-17,28.87,11.26,5.74,8.4,41.62
serengeti,2017-07-18,25.16,16.16,6.4,6.99,64.8
serengeti,2017-07-19,27.59,16.1,2.86,12.31,26.89
serengeti,2017-07-20,28.21,16.65,0.0,8.77,47.33
serengeti,2017-07-21,27.81,13.83,2.76,8.57,29.38
serengeti,2017-07-22,21.64,12.79,0.0,11.24,78.43
serengeti,2017-07-23,23.98,16.27,0.0,7.68,37.18
serengeti,2017-07-24,25.68,13.44,0.0,7.66,43.44
serengeti,2017-07-25,24.57,13.59,0.0,12.83,54.51
serengeti,2017-07-26,25.4,15.0,0.39,12.79,34.5
serengeti,2017-07-27,23.87,12.67,0.0,14.71,33.05
serengeti,2017-07-28,27.76,13.16,0.0,14.54,48.78
serengeti,2017-07-29,26.42,14.2,2.03,7.84,55.38
serengeti,2017-07-30,24.55,16.59,0.0,11.35,30.75
serengeti,2017-07-31,25.37,13.01,0.0,15.77,38.06
serengeti,2017-08-01,26.15,13.68,3.06,13.5,43.56
serengeti,2017-08-02,28.87,16.94,0.0,7.97,51.85
serengeti,2017-08-03,24.77,14.37,0.0,12.69,37.35
serengeti,2017-08-04,26.49,14.75,1.8,8.95,26.09
serengeti,2017-08-05,24.0,15.28,5.68,10.18,18.45
serengeti,2017-08-06,22.83,13.07,7.68,12.41,27.25
serengeti,2017-08-07,29.39,16.57,3.59,12.43,46.61
serengeti,2017-08-08,24.01,15.02,8.32,10.1,38.88
serengeti,2017-08-09,22.9,14.03,9.59,6.1,36.42
serengeti,2017-08-10,26.03,13.45,3.12,10.01,36.52
serengeti,2017-08-11,23.62,12.27,0.0,11.05,41.4
serengeti,2017-08-12,26.15,13.96,0.2,4.44,46.52
serengeti,2017-08-13,22.97,14.05,1.09,9.66,21.84
serengeti,2017-08-14,28.04,13.19,3.47,8.43,4.9
serengeti,2017-08-15,24.4,15.66,0.0,9.47,30.49
serengeti,2017-08-16,24.79,13.94,0.0,9.08,22.59
serengeti,2017-08-17,27.28,14.89,2.05,5.0,16.31
serengeti,2017-08-18,26.88,13.58,2.26,8.97,33.39
serengeti,2017-08-19,25.87,15.17,0.78,8.85,17.53
serengeti,2017-08-20,28.63,13.57,0.0,11.68,63.39
serengeti,2017-08-21,25.84,14.65,0.56,6.28,29.12
serengeti,2017-08-22,21.68,10.67,0.0,10.58,28.56
serengeti,2017-08-23,24.98,12.91,0.0,7.22,66.01
serengeti,2017-08-24,24.77,13.41,7.68,11.93,49.22
serengeti,2017-08-25,22.3,14.88,0.0,13.32,35.05
serengeti,2017-08-26,26.18,13.27,0.73,14.02,24.51
serengeti,2017-08-27,22.03,12.69,3.38,16.26,30.64
serengeti,2017-08-28,24.26,14.29,4.19,1.71,52.66
serengeti,2017-08-29,22.89,12.97,1.33,8.1,28.99
serengeti,2017-08-30,26.44,15.75,0.0,13.48,40.17
serengeti,2017-08-31,21.37,14.22,4.81,7.3,39.86
serengeti,2017-09-01,25.27,13.5,0.31,14.55,46.61
serengeti,2017-09-02,27.17,12.03,4.89,10.6,26.86
serengeti,2017-09-03,22.42,11.17,5.1,10.94,56.61
serengeti,2017-09-04,24.95,12.63,0.0,8.55,24.61
serengeti,2017-09-05,21.23,14.35,5.18,13.44,53.39
serengeti,2017-09-06,22.65,14.29,0.0,12.67,36.62
serengeti,2017-09-07,22.49,14.13,3.37,10.87,33.81
serengeti,2017-09-08,28.61,12.92,0.0,3.69,35.88
serengeti,2017-09-09,22.6,14.94,4.42,7.06,40.29
serengeti,2017-09-10,22.93,12.5,9.57,2.74,45.27
serengeti,2017-09-11,24.72,11.32,0.69,12.88,63.87
serengeti,2017-09-12,23.0,11.92,0.92,13.49,12.69
serengeti,2017-09-13,26.41,13.53,6.62,8.83,30.13
serengeti,2017-09-14,24.41,13.27,0.0,10.12,33.09
serengeti,2017-09-15,23.88,15.69,0.0,9.32,51.19
serengeti,2017-09-16,23.57,15.0,0.91,14.58,22.97
serengeti,2017-09-17,22.05,11.18,0.0,10.36,30.46
serengeti,2017-09-18,26.61,12.09,0.0,8.44,57.2
serengeti,2017-09-19,25.44,13.1,0.0,9.91,26.87
serengeti,2017-09-20,27.82,10.85,5.88,10.17,15.36
serengeti,2017-09-21,26.14,12.24,1.65,11.15,61.55
serengeti,2017-09-22,23.13,13.95,0.0,7.38,0.0
serengeti,2017-09-23,23.0,13.87,2.05,7.13,22.92
serengeti,2017-09-24,27.39,13.84,0.0,4.47,43.0
serengeti,2017-09-25,23.76,13.11,5.84,7.55,36.12
serengeti,2017-09-26,24.14,15.54,1.63,11.46,27.72
serengeti,2017-09-27,23.61,10.64,5.39,10.84,9.53
serengeti,2017-09-28,24.01,14.75,0.0,12.92,32.38
serengeti,2017-09-29,24.59,13.85,0.44,1.27,15.95
serengeti,2017-09-30,26.67,13.39,3.86,11.45,28.36
serengeti,2017-10-01,29.54,13.05,0.47,8.86,20.88
serengeti,2017-10-02,23.75,13.17,0.0,9.78,25.0
serengeti,2017-10-03,23.67,9.49,0.0,9.01,23.77
serengeti,2017-10-04,24.07,12.44,0.0,8.99,51.52
serengeti,2017-10-05,25.31,14.31,4.5,9.86,67.28
serengeti,2017-10-06,23.51,10.43,2.35,12.65,23.15
serengeti,2017-10-07,20.91,14.96,3.55,12.87,52.12
serengeti,2017-10-08,20.96,13.83,0.0,5.85,12.64
serengeti,2017-10-09,27.22,16.04,0.0,10.94,46.0
serengeti,2017-10-10,22.88,12.53,0.0,7.32,35.93
serengeti,2017-10-11,22.01,13.03,0.0,10.06,6.16
serengeti,2017-10-12,28.73,12.51,0.0,10.07,18.8
serengeti,2017-10-13,25.21,10.66,3.42,11.94,23.38
serengeti,2017-10-14,23.07,13.37,0.0,5.68,34.51
serengeti,2017-10-15,21.59,14.13,0.0,11.4,33.7
serengeti,2017-10-16,26.72,16.68,3.36,10.33,22.82
serengeti,2017-10-17,21.27,12.82,0.0,12.92,12.98
serengeti,2017-10-18,21.19,11.35,4.24,8.45,0.84
serengeti,2017-10-19,24.86,12.58,10.09,11.71,22.83
serengeti,2017-10-20,21.67,12.31,0.0,6.65,27.86
serengeti,2017-10-21,21.75,16.18,0.0,7.42,54.85
serengeti,2017-10-22,24.95,11.84,0.38,10.54,31.9
serengeti,2017-10-23,24.78,14.79,1.25,7.21,20.69
serengeti,2017-10-24,20.88,13.62,0.0,11.27,51.84
serengeti,2017-10-25,25.31,15.17,3.34,3.22,38.17
serengeti,2017-10-26,20.61,12.43,0.0,9.88,28.33
serengeti,2017-10-27,24.49,10.98,0.0,9.99,4.01
serengeti,2017-10-28,21.61,16.64,0.0,8.65,18.74
serengeti,2017-10-29,25.05,13.99,0.0,12.47,31.28
serengeti,2017-10-30,24.28,16.09,0.0,10.76,25.06
serengeti,2017-10-31,23.05,16.24,0.0,8.72,39.0
serengeti,2017-11-01,22.71,12.18,0.0,8.11,35.22
serengeti,2017-11-02,24.35,14.24,0.0,10.27,0.0
serengeti,2017-11-03,23.0,14.53,6.94,10.08,27.94
serengeti,2017-11-04,22.64,13.26,0.0,9.61,36.53
serengeti,2017-11-05,23.75,14.78,0.0,12.34,53.22
serengeti,2017-11-06,25.78,15.45,0.98,7.1,8.21
serengeti,2017-11-07,21.52,11.98,0.0,9.62,18.73
serengeti,2017-11-08,23.07,16.4,0.0,15.43,36.73
serengeti,2017-11-09,26.79,13.66,0.91,9.61,16.58
serengeti,2017-11-10,23.48,13.13,0.56,8.35,40.14
serengeti,2017-11-11,29.28,12.78,0.0,9.77,34.62
serengeti,2017-11-12,26.86,11.15,2.72,8.78,42.9
serengeti,2017-11-13,23.33,16.13,0.0,9.37,68.59
serengeti,2017-11-14,22.68,13.2,0.0,11.9,27.86
serengeti,2017-11-15,25.94,11.37,6.25,11.0,26.41
serengeti,2017-11-16,28.93,15.05,2.3,4.29,48.4
serengeti,2017-11-17,22.68,11.5,0.0,14.22,61.72
serengeti,2017-11-18,27.86,12.69,0.0,9.44,45.21
serengeti,2017-11-19,26.73,13.66,0.0,8.25,51.08
serengeti,2017-11-20,22.86,9.61,4.02,11.73,31.49
serengeti,2017-11-21,27.77,14.8,0.0,14.75,40.9
serengeti,2017-11-22,24.82,14.07,0.0,12.83,29.89
serengeti,2017-11-23,25.96,11.58,0.0,9.91,13.0
serengeti,2017-11-24,24.82,17.7,3.55,11.39,33.79
serengeti,2017-11-25,21.45,12.39,0.0,10.27,36.9
serengeti,2017-11-26,23.29,9.87,0.0,6.53,31.57
serengeti,2017-11-27,26.06,13.1,0.0,8.31,51.62
serengeti,2017-11-28,27.33,12.58,0.0,6.07,45.44
serengeti,2017-11-29,24.15,14.28,0.0,17.48,42.7
serengeti,2017-11-30,23.98,12.52,0.0,8.34,25.98
serengeti,2017-12-01,27.77,13.66,5.36,11.36,36.17
serengeti,2017-12-02,29.37,15.12,6.87,12.87,28.66
serengeti,2017-12-03,26.89,13.57,0.0,10.71,31.8
serengeti,2017-12-04,24.93,12.33,0.0,11.97,32.76
serengeti,2017-12-05,26.64,14.18,1.09,9.2,40.93
serengeti,2017-12-06,26.35,13.13,3.57,12.29,38.1
serengeti,2017-12-07,26.73,15.0,4.45,8.08,23.54
serengeti,2017-12-08,27.51,12.14,7.69,9.61,37.89
serengeti,2017-12-09,26.64,13.34,1.73,13.24,46.42
serengeti,2017-12-10,29.47,14.69,0.74,9.29,47.67
serengeti,2017-12-11,26.2,14.77,0.0,12.92,21.42
serengeti,2017-12-12,24.23,15.78,0.0,8.23,37.88
serengeti,2017-12-13,27.67,12.91,3.15,15.84,15.09
serengeti,2017-12-14,25.91,11.81,9.89,15.36,29.72
serengeti,2017-12-15,26.8,17.24,1.83,10.7,38.31
serengeti,2017-12-16,27.51,12.5,9.68,14.34,49.09
serengeti,2017-12-17,28.01,13.27,6.73,11.68,52.35
serengeti,2017-12-18,22.54,15.14,0.0,8.04,27.72
serengeti,2017-12-19,27.06,14.59,4.45,15.08,45.47
serengeti,2017-12-20,24.8,14.73,0.0,7.21,34.31
serengeti,2017-12-21,25.98,12.7,4.81,10.65,43.64
serengeti,2017-12-22,21.64,13.17,0.0,9.07,33.62
serengeti,2017-12-23,27.77,14.82,2.33,14.88,27.49
serengeti,2017-12-24,27.86,15.81,0.0,11.29,57.91
serengeti,2017-12-25,28.35,13.01,4.43,10.83,49.73
serengeti,2017-12-26,26.77,14.12,10.94,11.93,53.22
serengeti,2017-12-27,24.39,14.29,12.16,16.15,54.73
serengeti,2017-12-28,23.05,13.92,0.0,14.57,36.13
serengeti,2017-12-29,28.46,12.53,2.07,16.49,43.19
serengeti,2017-12-30,28.16,15.42,6.54,9.8,33.07
serengeti,2017-12-31,26.67,12.95,3.19,14.76,54.15
serengeti,2018-01-01,26.44,16.31,0.56,10.15,67.37
serengeti,2018-01-02,28.66,13.37,6.53,6.45,58.21
serengeti,2018-01-03,24.29,18.06,1.04,9.86,48.33
serengeti,2018-01-04,25.97,15.66,4.29,10.67,28.75
serengeti,2018-01-05,29.56,12.36,5.64,7.64,37.35
serengeti,2018-01-06,23.84,14.78,3.82,17.63,49.19
serengeti,2018-01-07,28.54,14.69,0.0,8.42,64.46
serengeti,2018-01-08,25.04,14.62,3.03,11.72,49.65
serengeti,2018-01-09,25.92,17.89,5.75,8.65,45.45
serengeti,2018-01-10,26.72,18.12,2.03,14.32,33.64
serengeti,2018-01-11,27.75,14.46,4.4,11.69,45.84
serengeti,2018-01-12,27.32,17.85,5.74,12.37,54.08
serengeti,2018-01-13,28.22,14.14,6.84,13.87,56.59
serengeti,2018-01-14,28.66,13.19,3.01,9.68,47.83
serengeti,2018-01-15,25.57,16.96,0.39,15.14,31.77
serengeti,2018-01-16,26.83,14.33,5.04,11.81,66.71
serengeti,2018-01-17,26.9,16.39,2.3,4.58,58.06
serengeti,2018-01-18,29.49,16.04,0.0,9.54,39.63
serengeti,2018-01-19,26.86,14.34,0.0,18.31,69.04
serengeti,2018-01-20,25.01,16.3,5.22,14.38,66.79
serengeti,2018-01-21,26.72,18.18,0.0,10.62,52.69
serengeti,2018-01-22,29.76,15.1,9.37,12.81,42.36
serengeti,2018-01-23,28.49,16.17,1.56,14.17,42.74
serengeti,2018-01-24,28.74,14.4,0.0,14.04,48.69
serengeti,2018-01-25,25.62,16.86,10.26,18.42,18.57
serengeti,2018-01-26,30.66,13.59,3.41,13.76,56.27
serengeti,2018-01-27,29.0,16.18,4.81,15.73,50.62
serengeti,2018-01-28,28.79,14.3,0.34,14.88,45.32
serengeti,2018-01-29,27.34,15.03,8.87,10.61,41.1
serengeti,2018-01-30,31.05,12.39,3.4,15.03,62.49
serengeti,2018-01-31,25.22,13.9,0.0,12.3,36.11
serengeti,2018-02-01,25.03,13.07,3.23,11.23,61.24
serengeti,2018-02-02,27.0,14.83,6.91,14.47,47.91
serengeti,2018-02-03,27.6,16.4,1.31,16.21,63.1
serengeti,2018-02-04,28.32,14.25,0.0,14.27,38.61
serengeti,2018-02-05,29.08,13.79,3.52,18.41,69.85
serengeti,2018-02-06,30.47,14.74,12.47,15.17,49.46
serengeti,2018-02-07,28.55,16.44,10.32,17.58,56.06
serengeti,2018-02-08,27.57,13.54,9.88,12.23,33.34
serengeti,2018-02-09,28.07,15.36,8.94,7.47,65.72
serengeti,2018-02-10,30.14,18.56,4.16,9.86,50.59
serengeti,2018-02-11,27.57,15.42,2.71,13.88,41.91
serengeti,2018-02-12,28.49,17.55,6.04,9.77,93.35
serengeti,2018-02-13,27.68,14.13,8.24,13.37,80.04
serengeti,2018-02-14,29.91,18.88,0.11,14.17,27.91
serengeti,2018-02-15,30.04,12.16,4.26,10.55,51.04
serengeti,2018-02-16,30.82,11.83,10.74,14.86,24.87
serengeti,2018-02-17,28.66,17.0,8.06,14.46,42.55
serengeti,2018-02-18,28.85,15.8,9.2,9.67,32.14
serengeti,2018-02-19,26.78,16.37,0.0,13.52,54.33
serengeti,2018-02-20,25.81,15.05,6.4,19.07,30.11
serengeti,2018-02-21,28.3,17.49,5.82,13.27,71.83
serengeti,2018-02-22,28.63,13.72,0.62,9.28,44.52
serengeti,2018-02-23,28.78,18.29,7.07,9.19,70.07
serengeti,2018-02-24,31.19,20.11,10.44,16.28,70.77
serengeti,2018-02-25,26.65,12.93,4.43,12.02,93.04
serengeti,2018-02-26,26.05,17.63,7.61,15.27,62.17
serengeti,2018-02-27,25.83,19.85,3.92,11.68,58.91
serengeti,2018-02-28,28.48,17.15,7.08,12.11,38.63
serengeti,2018-03-01,32.48,15.68,0.0,15.18,58.15
serengeti,2018-03-02,31.78,14.92,2.51,15.21,47.9
serengeti,2018-03-03,31.48,17.19,2.77,15.27,60.92
serengeti,2018-03-04,28.31,17.69,4.9,13.71,57.07
serengeti,2018-03-05,27.1,14.76,1.76,17.95,54.98
serengeti,2018-03-06,30.4,18.17,8.81,15.24,34.67
serengeti,2018-03-07,32.93,17.0,10.9,11.1,75.35
serengeti,2018-03-08,29.17,12.58,7.88,12.83,70.54
serengeti,2018-03-09,27.89,17.62,7.39,14.01,63.7
serengeti,2018-03-10,28.61,13.13,6.61,9.97,58.11
serengeti,2018-03-11,28.84,15.82,10.85,12.42,70.21
serengeti,2018-03-12,33.19,18.94,1.28,17.83,57.66
serengeti,2018-03-13,29.48,17.28,0.0,10.7,84.09
serengeti,2018-03-14,31.98,15.4,1.04,12.44,60.04
serengeti,2018-03-15,31.05,18.0,3.73,12.64,71.41
serengeti,2018-03-16,30.91,15.95,6.79,14.63,58.21
serengeti,2018-03-17,32.17,18.67,9.34,15.53,55.43
serengeti,2018-03-18,32.35,15.56,5.42,12.92,59.93
serengeti,2018-03-19,29.3,15.99,3.02,16.54,60.91
serengeti,2018-03-20,27.59,17.43,5.83,10.91,36.1
serengeti,2018-03-21,29.37,19.37,10.06,11.19,75.73
serengeti,2018-03-22,29.03,17.08,5.51,19.54,47.2
serengeti,2018-03-23,32.61,17.67,4.16,14.78,46.86
serengeti,2018-03-24,30.77,16.87,10.39,15.05,52.51
serengeti,2018-03-25,26.6,19.37,14.22,10.46,61.8
serengeti,2018-03-26,28.34,13.79,7.37,15.28,57.81
serengeti,2018-03-27,28.88,14.21,3.14,10.15,64.82
serengeti,2018-03-28,31.57,15.24,3.16,13.18,53.0
serengeti,2018-03-29,28.9,18.59,12.94,11.23,83.14
serengeti,2018-03-30,32.11,17.75,9.41,13.04,55.46
serengeti,2018-03-31,27.67,18.93,8.15,12.63,66.78
serengeti,2018-04-01,26.08,17.63,8.47,16.06,30.63
serengeti,2018-04-02,30.34,18.88,4.85,12.91,37.12
serengeti,2018-04-03,26.34,17.85,9.75,13.09,46.12
serengeti,2018-04-04,29.49,18.1,10.82,13.89,50.16
serengeti,2018-04-05,30.38,13.93,7.22,18.34,57.81
serengeti,2018-04-06,32.11,19.43,4.82,19.45,75.57
serengeti,2018-04-07,31.54,17.21,5.72,11.44,29.83
serengeti,2018-04-08,27.63,19.33,6.29,12.02,67.74
serengeti,2018-04-09,27.91,19.26,10.55,14.47,49.87
serengeti,2018-04-10,27.47,17.36,10.21,15.41,51.46
serengeti,2018-04-11,28.83,15.91,7.58,19.26,91.63
serengeti,2018-04-12,32.67,18.98,8.02,12.79,60.79
serengeti,2018-04-13,35.89,15.35,6.74,15.4,52.97
serengeti,2018-04-14,30.51,17.59,0.0,14.61,43.55
serengeti,2018-04-15,29.69,13.3,3.86,12.78,69.15
serengeti,2018-04-16,29.34,17.62,5.76,13.57,44.13
serengeti,2018-04-17,28.51,18.54,6.89,13.03,37.47
serengeti,2018-04-18,26.07,18.21,0.0,10.07,40.69
serengeti,2018-04-19,32.56,16.28,11.11,21.14,49.95
serengeti,2018-04-20,30.9,15.78,2.32,18.21,78.84
serengeti,2018-04-21,29.35,18.26,8.74,18.76,70.45
serengeti,2018-04-22,30.83,19.19,5.13,12.37,47.1
serengeti,2018-04-23,30.67,13.46,8.08,11.44,68.51
serengeti,2018-04-24,32.01,16.52,0.23,17.86,39.43
serengeti,2018-04-25,30.58,17.0,4.05,11.4,32.4
serengeti,2018-04-26,29.61,15.48,11.55,20.06,82.59
serengeti,2018-04-27,30.02,18.94,4.14,14.29,86.39
serengeti,2018-04-28,28.29,17.4,0.62,19.56,48.05
serengeti,2018-04-29,27.85,16.98,7.08,8.31,40.74
serengeti,2018-04-30,31.46,16.19,6.02,12.6,64.3
serengeti,2018-05-01,33.63,17.49,4.0,18.14,64.08
serengeti,2018-05-02,27.98,16.23,9.38,13.03,52.75
serengeti,2018-05-03,26.57,15.26,3.78,14.19,46.42
serengeti,2018-05-04,26.76,15.86,2.93,13.71,73.37
serengeti,2018-05-05,28.63,15.33,8.79,10.12,63.9
serengeti,2018-05-06,28.26,16.64,3.62,12.13,52.42
serengeti,2018-05-07,31.46,18.34,2.86,17.87,43.91
serengeti,2018-05-08,31.98,14.06,17.65,8.9,60.68
serengeti,2018-05-09,33.06,17.02,9.69,12.74,41.18
serengeti,2018-05-10,32.36,20.82,12.95,14.38,68.98
serengeti,2018-05-11,30.76,17.56,5.94,11.42,74.66
serengeti,2018-05-12,27.43,17.07,3.39,15.11,82.18
serengeti,2018-05-13,30.08,19.58,1.12,17.31,44.82
serengeti,2018-05-14,28.14,12.75,5.16,15.46,47.3
serengeti,2018-05-15,25.04,19.63,0.0,15.84,60.94
serengeti,2018-05-16,29.38,15.15,0.0,11.77,77.5
serengeti,2018-05-17,28.37,17.21,3.91,13.12,55.23
serengeti,2018-05-18,26.98,14.18,4.58,12.34,51.88
serengeti,2018-05-19,28.34,13.92,4.53,15.67,24.17
serengeti,2018-05-20,33.16,15.99,8.04,17.9,66.71
serengeti,2018-05-21,31.31,16.71,2.98,14.77,37.17
serengeti,2018-05-22,32.98,16.91,7.83,10.97,56.61
serengeti,2018-05-23,29.49,18.85,5.72,6.94,47.15
serengeti,2018-05-24,25.87,12.86,4.33,14.02,73.1
serengeti,2018-05-25,25.55,15.95,0.73,15.72,49.63
serengeti,2018-05-26,26.48,13.44,14.1,10.89,56.53
serengeti,2018-05-27,33.63,16.39,11.95,13.45,55.03
serengeti,2018-05-28,29.41,20.29,4.15,9.7,47.11
serengeti,2018-05-29,29.59,18.71,9.91,14.15,78.95
serengeti,2018-05-30,28.95,14.33,7.56,8.52,100.0
serengeti,2018-05-31,29.78,16.51,9.15,15.14,39.78
serengeti,2018-06-01,26.57,15.21,2.65,11.45,49.61
serengeti,2018-06-02,28.08,19.15,10.62,14.14,43.51
serengeti,2018-06-03,24.99,17.4,0.0,12.85,58.28
serengeti,2018-06-04,29.48,13.95,0.0,15.74,57.11
serengeti,2018-06-05,29.74,16.71,3.91,15.85,66.98
serengeti,2018-06-06,27.14,16.53,2.49,12.44,33.01
serengeti,2018-06-07,24.52,16.63,7.34,18.58,67.36
serengeti,2018-06-08,27.9,16.3,0.0,13.99,23.55
serengeti,2018-06-09,30.38,17.96,5.48,7.37,62.12
serengeti,2018-06-10,25.85,17.28,2.15,10.97,41.52
serengeti,2018-06-11,26.48,16.33,10.75,9.16,32.02
serengeti,2018-06-12,28.23,15.25,0.0,9.62,56.09
serengeti,2018-06-13,28.5,15.8,10.48,11.96,42.3
serengeti,2018-06-14,29.39,15.12,9.21,10.55,73.44
serengeti,2018-06-15,31.19,14.39,4.1,13.19,60.36
serengeti,2018-06-16,26.49,13.68,6.46,10.91,45.96
serengeti,2018-06-17,25.86,16.52,7.62,18.25,43.89
serengeti,2018-06-18,27.12,18.17,4.08,13.98,49.11
serengeti,2018-06-19,25.88,16.46,7.9,7.12,79.88
serengeti,2018-06-20,26.23,13.85,2.31,14.2,24.0
serengeti,2018-06-21,27.68,13.99,7.85,12.69,30.28
serengeti,2018-06-22,26.57,16.97,2.36,7.78,71.45
serengeti,2018-06-23,30.06,14.43,2.93,10.86,31.88
serengeti,2018-06-24,25.31,15.37,7.27,12.07,53.54
serengeti,2018-06-25,27.53,14.93,0.0,12.13,60.21
serengeti,2018-06-26,24.66,12.95,9.33,8.38,43.18
serengeti,2018-06-27,28.24,16.37,2.83,15.53,59.79
serengeti,2018-06-28,28.16,14.47,5.75,13.51,17.95
serengeti,2018-06-29,31.49,12.7,3.8,14.74,53.71
serengeti,2018-06-30,29.54,15.57,5.87,12.36,74.94
serengeti,2018-07-01,24.19,15.34,1.71,11.43,49.66
serengeti,2018-07-02,28.47,18.25,5.15,14.73,58.24
serengeti,2018-07-03,26.99,15.13,1.79,12.38,84.59
serengeti,2018-07-04,28.42,11.42,14.17,14.33,44.45
serengeti,2018-07-05,25.72,17.59,0.33,13.53,27.06
serengeti,2018-07-06,28.89,16.21,6.74,12.1,12.1
serengeti,2018-07-07,27.07,13.79,0.0,16.56,47.84
serengeti,2018-07-08,25.96,19.33,0.0,15.45,27.67
serengeti,2018-07-09,24.93,14.26,5.57,15.21,57.9
serengeti,2018-07-10,24.4,17.64,0.0,10.28,61.26
serengeti,2018-07-11,25.22,15.32,0.0,7.4,38.14
serengeti,2018-07-12,26.07,17.63,0.0,10.85,20.25
serengeti,2018-07-13,28.65,13.63,4.97,10.54,56.76
serengeti,2018-07-14,29.31,14.49,1.46,16.92,38.82
serengeti,2018-07-15,24.47,14.16,0.0,4.68,55.87
serengeti,2018-07-16,25.72,12.6,1.65,17.73,44.31
serengeti,2018-07-17,24.77,12.88,1.86,13.37,48.64
serengeti,2018-07-18,23.73,11.43,4.05,13.63,50.59
serengeti,2018-07-19,26.82,16.12,0.0,17.13,40.19
serengeti,2018-07-20,28.66,16.32,2.12,16.96,52.09
serengeti,2018-07-21,28.08,16.64,2.77,13.25,66.57
serengeti,2018-07-22,26.63,13.57,3.5,12.48,22.46
serengeti,2018-07-23,26.8,11.95,4.42,13.07,24.1
serengeti,2018-07-24,25.23,12.56,3.65,12.87,39.17
serengeti,2018-07-25,26.35,15.2,5.92,12.32,24.7
serengeti,2018-07-26,24.16,13.56,6.79,13.53,15.42
serengeti,2018-07-27,29.48,12.19,0.0,9.6,55.38
serengeti,2018-07-28,29.21,17.15,2.96,13.56,48.31
serengeti,2018-07-29,24.72,12.95,4.42,8.1,28.86
serengeti,2018-07-30,27.24,16.98,0.0,11.35,61.26
serengeti,2018-07-31,26.56,13.16,0.05,13.05,75.23
serengeti,2018-08-01,26.93,13.31,11.25,5.31,49.48
serengeti,2018-08-02,24.65,14.04,0.68,5.18,60.26
serengeti,2018-08-03,22.76,14.03,5.85,12.02,40.54
serengeti,2018-08-04,28.11,15.14,6.22,6.0,41.93
serengeti,2018-08-05,27.94,14.69,6.87,11.38,23.23
serengeti,2018-08-06,25.15,15.96,7.02,9.63,36.82
serengeti,2018-08-07,21.9,11.76,2.19,12.38,47.69
serengeti,2018-08-08,23.19,12.29,1.7,14.01,37.75
serengeti,2018-08-09,26.67,15.65,1.05,6.94,43.46
serengeti,2018-08-10,25.36,12.18,2.22,14.98,57.41
serengeti,2018-08-11,24.02,13.69,1.18,10.8,49.89
serengeti,2018-08-12,24.92,11.63,0.49,13.02,53.42
serengeti,2018-08-13,24.27,15.46,0.0,15.62,43.91
serengeti,2018-08-14,28.49,11.17,3.91,12.16,26.37
serengeti,2018-08-15,21.38,13.1,0.0,10.19,13.37
serengeti,2018-08-16,26.66,11.94,1.72,10.52,25.21
serengeti,2018-08-17,24.61,14.38,0.0,11.49,29.65
serengeti,2018-08-18,26.03,14.42,0.0,13.0,29.06
serengeti,2018-08-19,24.96,16.14,0.0,15.21,41.23
serengeti,2018-08-20,26.36,14.19,4.91,12.6,69.93
serengeti,2018-08-21,26.47,12.3,0.0,4.18,51.61
serengeti,2018-08-22,22.28,13.84,0.12,15.14,35.6
serengeti,2018-08-23,25.34,14.6,2.97,11.33,22.55
serengeti,2018-08-24,23.33,15.12,0.0,13.53,38.76
serengeti,2018-08-25,21.24,13.55,0.0,11.75,54.27
serengeti,2018-08-26,26.83,15.26,0.0,5.54,65.41
serengeti,2018-08-27,28.4,13.4,0.0,4.56,19.03
serengeti,2018-08-28,24.41,11.54,0.0,8.01,56.54
serengeti,2018-08-29,22.5,11.75,0.0,10.96,30.06
serengeti,2018-08-30,26.72,13.13,0.0,7.01,29.87
serengeti,2018-08-31,22.66,13.05,0.0,13.76,31.49
serengeti,2018-09-01,21.21,13.34,3.7,8.6,45.24
serengeti,2018-09-02,22.2,16.25,0.13,11.59,30.63
serengeti,2018-09-03,28.83,13.58,1.88,12.14,46.55
serengeti,2018-09-04,27.0,14.87,0.2,10.17,40.38
serengeti,2018-09-05,26.24,14.15,0.0,7.93,38.53
serengeti,2018-09-06,23.62,14.55,0.0,9.43,36.37
serengeti,2018-09-07,21.7,11.54,4.3,8.61,31.86
serengeti,2018-09-08,23.29,13.94,2.73,8.01,24.65
serengeti,2018-09-09,24.78,15.89,2.03,7.15,57.86
serengeti,2018-09-10,27.6,12.12,5.16,12.5,25.66
serengeti,2018-09-11,24.03,12.2,3.77,15.51,46.38
serengeti,2018-09-12,24.53,12.38,0.0,10.58,56.63
serengeti,2018-09-13,22.08,14.69,0.0,11.2,34.89
serengeti,2018-09-14,21.83,11.76,2.26,9.61,37.18
serengeti,2018-09-15,20.87,12.34,1.09,9.31,14.76
serengeti,2018-09-16,18.91,12.13,3.84,7.21,10.73
serengeti,2018-09-17,24.84,11.47,0.0,13.08,7.79
serengeti,2018-09-18,29.35,10.66,1.5,10.7,34.23
serengeti,2018-09-19,26.89,12.98,4.78,11.49,18.55
serengeti,2018-09-20,25.23,14.73,0.0,9.49,22.19
serengeti,2018-09-21,25.96,10.4,0.0,4.92,34.56
serengeti,2018-09-22,24.38,13.39,3.93,7.66,37.03
serengeti,2018-09-23,25.29,16.8,0.0,11.33,23.06
serengeti,2018-09-24,25.79,12.08,0.69,10.89,36.71
serengeti,2018-09-25,24.19,13.73,0.0,10.22,14.3
serengeti,2018-09-26,20.23,13.72,1.42,11.94,9.57
serengeti,2018-09-27,26.07,11.39,0.0,6.64,26.66
serengeti,2018-09-28,22.53,13.17,0.0,12.76,54.82
serengeti,2018-09-29,22.47,10.48,2.06,15.48,16.85
serengeti,2018-09-30,23.47,12.93,0.0,13.28,46.65
serengeti,2018-10-01,24.12,16.53,1.65,9.14,25.81
serengeti,2018-10-02,25.83,17.05,1.2,13.95,40.75
serengeti,2018-10-03,26.67,10.36,0.72,11.26,56.43
serengeti,2018-10-04,24.78,10.76,3.0,9.69,8.58
serengeti,2018-10-05,25.72,14.7,8.61,11.82,23.97
serengeti,2018-10-06,24.09,12.92,0.0,14.07,35.7
serengeti,2018-10-07,22.0,14.27,0.0,2.73,44.91
serengeti,2018-10-08,26.96,13.58,0.0,4.02,30.2
serengeti,2018-10-09,21.6,11.75,0.0,5.48,39.97
serengeti,2018-10-10,21.51,15.58,0.0,8.71,32.17
serengeti,2018-10-11,23.85,10.15,0.0,11.42,42.57
serengeti,2018-10-12,23.69,12.47,5.71,14.36,33.96
serengeti,2018-10-13,24.26,12.68,0.0,6.37,7.97
serengeti,2018-10-14,27.46,11.28,2.48,14.29,40.41
serengeti,2018-10-15,23.5,12.25,0.0,8.67,52.75
serengeti,2018-10-16,22.03,13.4,0.13,12.19,31.25
serengeti,2018-10-17,24.88,13.41,0.0,9.28,39.31
serengeti,2018-10-18,27.54,14.45,0.0,6.01,62.61
serengeti,2018-10-19,25.92,16.59,0.0,13.41,28.46
serengeti,2018-10-20,24.31,13.31,4.79,7.39,34.47
serengeti,2018-10-21,23.83,12.74,0.0,5.72,38.26
serengeti,2018-10-22,25.92,12.77,0.0,13.49,7.42
serengeti,2018-10-23,21.5,10.6,0.77,11.81,22.52
serengeti,2018-10-24,23.19,14.22,5.87,14.08,41.58
serengeti,2018-10-25,22.18,12.12,0.0,14.7,6.85
serengeti,2018-10-26,27.51,15.82,0.0,11.78,29.52
serengeti,2018-10-27,28.49,11.77,0.0,6.47,47.73
serengeti,2018-10-28,27.02,13.42,0.92,5.75,24.34
serengeti,2018-10-29,23.7,15.19,0.0,7.35,11.26
serengeti,2018-10-30,20.96,13.4,0.0,15.14,21.92
serengeti,2018-10-31,24.54,13.9,0.0,11.28,31.96
serengeti,2018-11-01,22.94,14.48,0.53,9.18,50.48
serengeti,2018-11-02,24.21,12.02,0.0,12.74,31.87
serengeti,2018-11-03,24.53,16.73,4.3,12.19,10.74
serengeti,2018-11-04,27.1,10.07,2.58,10.36,20.41
serengeti,2018-11-05,24.56,12.97,0.73,12.55,25.56
serengeti,2018-11-06,25.06,12.97,3.6,6.71,45.13
serengeti,2018-11-07,27.14,15.1,0.16,17.67,28.08
serengeti,2018-11-08,25.05,12.79,6.76,3.27,19.84
serengeti,2018-11-09,23.33,10.84,0.0,7.43,33.57
serengeti,2018-11-10,22.17,13.37,0.0,8.13,40.28
serengeti,2018-11-11,25.34,14.11,0.0,8.9,22.27
serengeti,2018-11-12,26.07,12.08,1.08,9.56,43.24
serengeti,2018-11-13,25.36,11.79,3.17,13.48,53.25
serengeti,2018-11-14,25.5,13.19,3.94,11.5,23.77
serengeti,2018-11-15,28.28,11.11,7.48,9.31,46.48
serengeti,2018-11-16,25.05,14.1,0.0,13.64,31.69
serengeti,2018-11-17,24.39,12.94,1.18,8.88,30.13
serengeti,2018-11-18,27.3,12.51,0.0,10.24,34.5
serengeti,2018-11-19,24.77,15.47,0.0,8.13,46.74
serengeti,2018-11-20,24.38,14.88,4.06,5.72,19.63
serengeti,2018-11-21,26.41,11.44,0.0,9.63,27.21
serengeti,2018-11-22,23.15,13.01,0.5,11.24,38.94
serengeti,2018-11-23,21.57,13.14,0.0,16.26,39.71
serengeti,2018-11-24,26.65,15.33,0.0,9.47,62.54
serengeti,2018-11-25,28.71,13.64,0.0,10.18,50.16
serengeti,2018-11-26,28.98,13.9,6.25,8.49,45.25
serengeti,2018-11-27,23.71,13.58,6.7,5.45,75.36
serengeti,2018-11-28,24.76,14.69,0.0,8.27,6.59
serengeti,2018-11-29,21.35,10.81,4.85,8.68,37.38
serengeti,2018-11-30,24.73,15.93,6.08,13.66,30.68
serengeti,2018-12-01,31.23,14.09,0.0,9.94,8.65
serengeti,2018-12-02,24.11,11.55,0.0,10.2,46.41
serengeti,2018-12-03,29.21,11.24,6.11,14.22,20.83
serengeti,2018-12-04,22.52,14.01,0.0,13.03,17.02
serengeti,2018-12-05,25.78,13.44,0.0,12.75,45.94
serengeti,2018-12-06,25.68,13.39,2.97,14.47,27.2
serengeti,2018-12-07,27.47,14.17,0.0,7.24,54.59
serengeti,2018-12-08,24.62,15.36,6.41,4.66,31.48
serengeti,2018-12-09,21.72,12.68,0.0,11.19,42.21
serengeti,2018-12-10,28.64,10.28,0.0,9.44,62.84
serengeti,2018-12-11,23.71,14.13,0.83,14.46,60.6
serengeti,2018-12-12,23.61,14.14,6.15,10.64,35.06
serengeti,2018-12-13,24.47,14.37,0.0,17.43,27.71
serengeti,2018-12-14,23.33,13.07,0.41,15.21,41.08
serengeti,2018-12-15,23.81,14.32,0.0,13.51,42.32
serengeti,2018-12-16,25.63,16.58,1.56,14.76,31.71
serengeti,2018-12-17,27.76,13.34,0.0,8.24,60.06
serengeti,2018-12-18,25.4,13.34,6.9,8.72,23.96
serengeti,2018-12-19,23.43,14.5,2.32,7.78,37.3
serengeti,2018-12-20,23.0,16.19,8.39,10.35,37.2
serengeti,2018-12-21,28.16,12.89,0.0,6.41,28.53
serengeti,2018-12-22,24.19,14.8,2.42,7.63,30.06
serengeti,2018-12-23,27.18,12.38,0.0,9.71,29.63
serengeti,2018-12-24,25.45,16.6,1.53,5.21,49.68
serengeti,2018-12-25,27.2,12.46,3.13,10.81,47.2
serengeti,2018-12-26,27.69,12.85,1.23,6.64,25.82
serengeti,2018-12-27,27.08,13.28,5.24,9.9,12.59
serengeti,2018-12-28,25.34,14.33,0.0,5.84,44.77
serengeti,2018-12-29,26.5,11.93,10.52,15.13,52.68
serengeti,2018-12-30,25.68,16.9,3.86,14.99,48.81
serengeti,2018-12-31,28.81,14.5,0.0,8.64,23.21
serengeti,2019-01-01,27.66,13.96,2.42,11.39,65.51
serengeti,2019-01-02,23.41,14.97,0.21,16.38,40.89
serengeti,2019-01-03,28.47,15.92,4.7,16.54,46.69
serengeti,2019-01-04,27.51,13.48,0.0,10.65,39.12
serengeti,2019-01-05,22.37,17.09,2.43,9.03,45.42
serengeti,2019-01-06,25.39,14.71,10.21,17.83,32.42
serengeti,2019-01-07,29.13,13.2,4.19,8.34,27.05
serengeti,2019-01-08,27.45,12.14,0.0,14.24,71.56
serengeti,2019-01-09,29.62,13.89,3.72,10.89,32.63
serengeti,2019-01-10,28.21,12.07,2.17,10.83,64.58
serengeti,2019-01-11,27.78,12.51,6.29,9.96,39.6
serengeti,2019-01-12,28.32,13.37,4.95,13.17,83.84
serengeti,2019-01-13,26.46,17.71,4.8,12.14,62.54
serengeti,2019-01-14,29.36,17.52,1.44,7.97,48.7
serengeti,2019-01-15,27.58,15.35,0.0,12.09,37.95
serengeti,2019-01-16,27.85,14.05,4.32,10.05,40.43
serengeti,2019-01-17,30.16,16.75,0.0,11.89,63.73
serengeti,2019-01-18,29.29,15.86,6.91,13.81,35.58
serengeti,2019-01-19,28.47,15.96,0.0,10.84,78.44
serengeti,2019-01-20,26.29,15.82,14.7,11.47,41.15
serengeti,2019-01-21,26.79,17.22,0.0,10.28,77.7
serengeti,2019-01-22,27.7,14.5,4.86,13.68,47.4
serengeti,2019-01-23,24.29,15.73,0.0,12.18,51.56
serengeti,2019-01-24,29.13,16.33,11.55,13.72,61.46
serengeti,2019-01-25,27.09,13.88,0.19,12.8,54.36
serengeti,2019-01-26,28.56,18.22,5.24,18.14,41.01
serengeti,2019-01-27,26.68,14.2,6.12,13.84,37.78
serengeti,2019-01-28,31.07,15.25,7.39,12.92,43.45
serengeti,2019-01-29,25.34,15.91,6.31,13.2,31.34
serengeti,2019-01-30,23.03,15.46,3.62,17.82,42.01
serengeti,2019-01-31,30.17,13.73,7.8,16.65,53.72
serengeti,2019-02-01,25.06,16.46,4.63,16.91,28.73
serengeti,2019-02-02,26.24,13.66,0.0,12.78,35.71
serengeti,2019-02-03,24.24,16.96,0.83,15.07,49.43
serengeti,2019-02-04,30.51,19.1,8.81,12.57,32.02
serengeti,2019-02-05,29.95,16.95,7.8,14.94,20.09
serengeti,2019-02-06,30.23,15.19,0.0,12.81,33.83
serengeti,2019-02-07,30.91,18.66,2.82,12.6,36.95
serengeti,2019-02-08,30.09,13.87,0.41,11.93,83.01
serengeti,2019-02-09,27.81,15.03,4.33,13.76,60.07
serengeti,2019-02-10,28.95,17.72,3.61,15.86,51.92
serengeti,2019-02-11,30.23,16.53,5.25,15.96,49.43
serengeti,2019-02-12,29.47,17.23,8.88,11.33,39.11
serengeti,2019-02-13,27.26,14.7,5.13,12.99,48.18
serengeti,2019-02-14,28.85,13.83,2.86,10.02,56.7
serengeti,2019-02-15,29.08,15.78,7.9,11.96,65.75
serengeti,2019-02-16,30.71,15.49,6.13,11.29,42.43
serengeti,2019-02-17,29.38,16.54,2.16,9.41,53.42
serengeti,2019-02-18,29.45,17.9,1.79,12.45,67.2
serengeti,2019-02-19,27.44,15.13,4.65,18.48,48.16
serengeti,2019-02-20,29.84,15.83,2.33,13.19,41.01
serengeti,2019-02-21,28.26,17.03,1.01,16.24,63.24
serengeti,2019-02-22,30.19,12.66,8.69,13.47,63.97
serengeti,2019-02-23,28.82,17.76,11.53,12.5,47.42
serengeti,2019-02-24,27.53,13.04,12.63,17.12,38.18
serengeti,2019-02-25,28.73,14.6,5.13,18.28,33.75
serengeti,2019-02-26,28.12,19.4,7.28,10.1,52.63
serengeti,2019-02-27,28.42,17.32,3.22,17.34,48.6
serengeti,2019-02-28,29.09,17.94,5.12,14.28,71.82
serengeti,2019-03-01,29.24,14.93,2.1,10.04,53.06
serengeti,2019-03-02,26.31,15.56,9.88,12.54,88.67
serengeti,2019-03-03,31.88,15.93,4.83,13.41,67.06
serengeti,2019-03-04,28.41,17.34,9.51,15.79,47.5
serengeti,2019-03-05,32.64,17.89,9.07,15.06,58.7
serengeti,2019-03-06,30.46,17.68,7.03,12.68,79.25
serengeti,2019-03-07,27.24,16.91,7.26,15.87,73.63
serengeti,2019-03-08,27.76,16.8,2.22,11.98,51.35
serengeti,2019-03-09,30.2,16.53,2.08,12.55,37.71
serengeti,2019-03-10,27.62,15.96,0.0,19.51,56.97
serengeti,2019-03-11,31.78,14.06,2.78,9.05,98.6
serengeti,2019-03-12,30.78,15.87,2.65,16.29,61.34
serengeti,2019-03-13,34.2,19.77,9.3,10.55,76.06
serengeti,2019-03-14,30.66,16.26,9.51,15.04,53.52
serengeti,2019-03-15,27.84,16.2,5.73,14.18,58.53
serengeti,2019-03-16,31.19,16.34,7.9,11.99,64.22
serengeti,2019-03-17,29.94,15.94,2.11,13.69,47.93
serengeti,2019-03-18,29.84,16.33,5.05,11.07,67.9
serengeti,2019-03-19,30.79,15.3,0.0,15.51,50.02
serengeti,2019-03-20,28.12,17.1,5.26,16.13,75.53
serengeti,2019-03-21,30.83,18.07,5.55,17.64,75.28
serengeti,2019-03-22,31.05,15.18,1.26,19.01,81.2
serengeti,2019-03-23,30.51,18.29,8.96,13.06,54.91
serengeti,2019-03-24,26.01,17.55,3.53,12.18,76.9
serengeti,2019-03-25,30.09,14.67,0.0,12.31,51.49
serengeti,2019-03-26,27.07,18.54,2.65,17.97,76.29
serengeti,2019-03-27,27.31,17.47,8.77,12.67,66.31
serengeti,2019-03-28,27.69,15.15,0.0,15.58,61.53
serengeti,2019-03-29,29.51,16.46,6.83,10.18,77.21
serengeti,2019-03-30,29.39,18.71,2.91,13.83,46.8
serengeti,2019-03-31,33.03,17.19,3.36,14.93,61.27
serengeti,2019-04-01,31.72,16.05,2.99,13.37,71.99
serengeti,2019-04-02,32.44,17.36,4.21,12.68,35.78
serengeti,2019-04-03,31.74,15.87,3.96,9.39,51.15
serengeti,2019-04-04,27.62,16.5,9.74,19.35,54.08
serengeti,2019-04-05,28.54,16.9,9.14,14.8,42.62
serengeti,2019-04-06,24.7,19.88,9.76,19.85,55.5
serengeti,2019-04-07,29.98,15.62,6.48,15.93,85.61
serengeti,2019-04-08,32.96,19.12,5.8,17.12,70.75
serengeti,2019-04-09,30.12,12.13,7.01,13.25,52.05
serengeti,2019-04-10,27.74,16.71,8.32,14.34,72.45
serengeti,2019-04-11,28.37,17.55,6.45,14.46,77.38
serengeti,2019-04-12,30.95,18.48,6.07,14.38,45.61
serengeti,2019-04-13,29.03,17.89,10.63,19.41,64.35
serengeti,2019-04-14,31.9,12.05,6.34,13.61,61.67
serengeti,2019-04-15,31.62,19.21,7.18,14.45,58.91
serengeti,2019-04-16,29.49,15.18,10.51,12.38,61.85
serengeti,2019-04-17,27.74,15.42,14.09,14.95,69.74
serengeti,2019-04-18,31.1,14.15,3.47,12.17,52.36
serengeti,2019-04-19,28.64,17.95,5.38,13.12,62.26
serengeti,2019-04-20,30.97,17.77,9.88,19.21,29.27
serengeti,2019-04-21,31.19,16.25,8.07,13.7,52.62
serengeti,2019-04-22,28.88,14.98,5.32,11.09,31.45
serengeti,2019-04-23,33.12,17.34,15.62,18.44,54.56
serengeti,2019-04-24,29.39,13.82,9.81,13.72,41.65
serengeti,2019-04-25,31.84,22.08,4.07,17.19,59.38
serengeti,2019-04-26,31.5,17.1,3.13,17.25,46.94
serengeti,2019-04-27,29.3,19.4,7.34,15.27,48.51
serengeti,2019-04-28,27.52,18.18,7.85,15.25,60.87
serengeti,2019-04-29,29.91,16.52,5.44,12.2,53.49
serengeti,2019-04-30,31.43,15.61,6.51,14.21,61.65
serengeti,2019-05-01,29.42,18.6,7.76,17.93,42.09
serengeti,2019-05-02,29.1,16.89,5.8,13.26,52.36
serengeti,2019-05-03,30.69,18.7,6.26,11.4,68.69
serengeti,2019-05-04,30.29,16.64,2.13,9.06,61.7
serengeti,2019-05-05,28.21,19.95,11.07,14.4,56.22
serengeti,2019-05-06,26.83,17.62,2.46,11.8,41.32
serengeti,2019-05-07,30.88,15.4,11.7,18.09,40.75
serengeti,2019-05-08,28.14,18.55,10.99,15.19,49.04
serengeti,2019-05-09,28.68,17.31,4.58,14.46,43.55
serengeti,2019-05-10,31.75,15.75,11.8,14.37,47.21
serengeti,2019-05-11,34.87,16.13,7.32,13.7,49.16
serengeti,2019-05-12,33.68,15.29,3.5,14.4,51.44
serengeti,2019-05-13,29.58,15.32,8.01,10.4,60.03
serengeti,2019-05-14,32.49,17.86,3.73,15.78,42.43
serengeti,2019-05-15,26.68,19.29,4.37,13.2,45.98
serengeti,2019-05-16,28.94,17.38,4.38,14.61,36.99
serengeti,2019-05-17,28.58,16.35,7.64,10.45,56.84
serengeti,2019-05-18,28.21,16.2,6.81,9.93,70.91
serengeti,2019-05-19,29.76,17.0,10.0,11.71,60.68
serengeti,2019-05-20,30.1,17.26,11.74,13.53,33.74
serengeti,2019-05-21,28.57,14.66,7.57,17.79,27.77
serengeti,2019-05-22,29.6,16.06,10.06,4.02,92.3
serengeti,2019-05-23,27.37,17.16,6.23,19.34,66.59
serengeti,2019-05-24,23.61,14.77,3.18,10.4,56.46
serengeti,2019-05-25,29.41,19.15,5.65,15.3,68.56
serengeti,2019-05-26,29.96,21.23,6.79,15.92,53.02
serengeti,2019-05-27,30.93,18.32,11.46,11.7,54.96
serengeti,2019-05-28,26.47,14.72,2.13,14.52,42.44
serengeti,2019-05-29,26.16,17.36,4.89,11.68,51.22
serengeti,2019-05-30,24.77,17.44,6.08,12.8,56.75
serengeti,2019-05-31,29.65,14.98,8.2,9.38,50.87
serengeti,2019-06-01,27.38,15.14,4.32,11.96,51.54
serengeti,2019-06-02,27.52,14.76,3.3,16.87,28.73
serengeti,2019-06-03,29.98,15.48,1.64,17.55,67.13
serengeti,2019-06-04,31.61,14.02,2.78,11.6,61.86
serengeti,2019-06-05,27.67,15.2,13.65,11.58,29.45
serengeti,2019-06-06,30.38,17.29,4.36,9.74,43.4
serengeti,2019-06-07,29.61,14.58,11.14,15.21,29.37
serengeti,2019-06-08,31.62,17.76,6.03,13.49,72.36
serengeti,2019-06-09,29.28,14.13,2.99,12.11,74.24
serengeti,2019-06-10,27.14,17.23,10.64,11.21,54.91
serengeti,2019-06-11,27.16,16.95,8.78,14.64,51.61
serengeti,2019-06-12,31.41,15.9,4.5,12.43,62.83
serengeti,2019-06-13,32.25,15.36,0.27,14.61,64.06
serengeti,2019-06-14,26.51,16.0,5.88,12.6,74.1
serengeti,2019-06-15,24.63,17.29,9.42,15.57,70.22
serengeti,2019-06-16,29.03,14.07,8.72,14.71,59.32
serengeti,2019-06-17,25.74,15.81,5.24,10.69,50.63
serengeti,2019-06-18,25.59,14.96,8.25,12.02,43.3
serengeti,2019-06-19,26.42,15.88,2.05,7.52,62.25
serengeti,2019-06-20,26.87,15.09,7.41,13.73,41.66
serengeti,2019-06-21,24.69,17.14,5.66,9.61,52.77
serengeti,2019-06-22,29.47,13.1,4.6,13.85,40.05
serengeti,2019-06-23,27.39,15.16,12.91,9.41,27.41
serengeti,2019-06-24,28.74,15.62,5.38,10.82,52.95
serengeti,2019-06-25,26.42,13.88,0.0,8.71,62.56
serengeti,2019-06-26,27.98,12.67,7.25,16.33,33.55
serengeti,2019-06-27,27.43,17.08,14.58,13.78,36.89
serengeti,2019-06-28,28.64,14.7,0.0,13.82,53.86
serengeti,2019-06-29,25.31,13.79,4.84,7.73,41.99
serengeti,2019-06-30,29.29,15.58,3.46,11.55,50.29
serengeti,2019-07-01,27.36,14.2,5.99,13.99,51.9
serengeti,2019-07-02,25.95,14.05,1.88,14.92,70.91
serengeti,2019-07-03,27.75,14.93,4.88,10.92,63.58
serengeti,2019-07-04,29.56,14.54,0.0,10.38,63.05
serengeti,2019-07-05,28.76,17.49,7.93,9.49,62.07
serengeti,2019-07-06,29.01,15.79,2.19,14.95,52.32
serengeti,2019-07-07,27.28,13.57,11.74,6.52,59.93
serengeti,2019-07-08,25.37,17.41,8.02,12.51,59.09
serengeti,2019-07-09,26.7,14.54,1.4,4.62,15.7
serengeti,2019-07-10,27.1,17.94,7.32,14.57,52.45
serengeti,2019-07-11,29.06,13.26,7.78,9.54,67.51
serengeti,2019-07-12,25.29,13.87,0.0,15.16,50.5
serengeti,2019-07-13,29.06,12.15,0.0,8.62,32.72
serengeti,2019-07-14,28.78,13.81,0.85,12.63,57.59
serengeti,2019-07-15,29.39,21.24,0.0,13.31,26.49
serengeti,2019-07-16,28.27,14.36,4.11,10.59,45.93
serengeti,2019-07-17,26.59,15.75,7.34,6.67,51.49
serengeti,2019-07-18,25.47,13.55,4.1,9.26,74.24
serengeti,2019-07-19,29.35,14.4,5.69,9.24,60.07
serengeti,2019-07-20,27.56,14.85,3.69,13.86,43.75
serengeti,2019-07-21,23.42,16.16,3.97,10.92,49.5
serengeti,2019-07-22,28.86,14.04,0.0,13.95,20.04
serengeti,2019-07-23,26.42,16.45,5.56,16.34,39.83
serengeti,2019-07-24,26.99,13.21,3.07,5.39,24.18
serengeti,2019-07-25,30.02,14.27,2.07,12.11,74.4
serengeti,2019-07-26,25.85,13.8,0.0,10.25,33.58
serengeti,2019-07-27,22.27,15.13,0.0,13.29,28.35
serengeti,2019-07-28,26.55,14.95,2.01,10.47,37.49
serengeti,2019-07-29,25.0,17.23,3.2,11.56,56.55
serengeti,2019-07-30,25.45,16.05,0.0,7.59,37.39
serengeti,2019-07-31,24.5,14.41,6.6,8.58,33.81
serengeti,2019-08-01,22.64,13.36,0.0,11.62,39.11
serengeti,2019-08-02,27.19,13.69,1.89,6.72,47.14
serengeti,2019-08-03,28.83,13.13,4.8,7.75,23.38
serengeti,2019-08-04,26.74,14.02,0.0,11.68,52.03
serengeti,2019-08-05,24.08,16.49,0.0,11.27,49.87
serengeti,2019-08-06,25.56,16.11,0.16,9.53,54.48
serengeti,2019-08-07,30.8,16.71,2.04,10.39,29.75
serengeti,2019-08-08,26.95,12.2,5.34,9.56,37.41
serengeti,2019-08-09,25.67,15.7,0.46,9.94,49.64
serengeti,2019-08-10,23.07,12.47,2.79,8.69,56.8
serengeti,2019-08-11,25.68,14.7,7.18,6.36,59.58
serengeti,2019-08-12,24.58,13.43,0.0,13.57,26.75
serengeti,2019-08-13,26.87,14.78,3.01,12.53,36.37
serengeti,2019-08-14,25.17,16.16,5.74,6.0,32.84
serengeti,2019-08-15,27.85,13.46,0.0,7.18,53.21
serengeti,2019-08-16,28.03,12.61,0.0,16.18,34.53
serengeti,2019-08-17,21.74,12.74,1.82,12.31,48.79
serengeti,2019-08-18,26.04,15.9,0.0,14.32,27.52
serengeti,2019-08-19,28.11,14.36,0.0,7.85,11.57
serengeti,2019-08-20,27.2,12.0,0.0,13.06,31.34
serengeti,2019-08-21,20.51,14.38,0.0,8.62,28.16
serengeti,2019-08-22,28.76,15.07,0.0,7.34,23.22
serengeti,2019-08-23,22.05,18.59,0.61,11.21,22.64
serengeti,2019-08-24,21.33,11.63,6.28,7.2,13.14
serengeti,2019-08-25,21.47,13.79,2.62,9.33,24.86
serengeti,2019-08-26,25.96,12.29,1.17,8.91,22.34
serengeti,2019-08-27,22.89,15.78,0.0,3.52,47.92
serengeti,2019-08-28,23.21,12.45,0.0,5.11,24.73
serengeti,2019-08-29,23.59,12.5,0.0,10.97,36.17
serengeti,2019-08-30,27.08,14.14,3.13,8.44,37.53
serengeti,2019-08-31,26.08,12.65,7.52,12.68,22.74
serengeti,2019-09-01,21.99,15.86,1.25,10.89,67.09
serengeti,2019-09-02,23.06,17.1,6.44,9.95,41.88
serengeti,2019-09-03,21.4,11.35,0.0,15.18,36.96
serengeti,2019-09-04,23.1,14.8,0.95,11.8,37.98
serengeti,2019-09-05,25.35,15.4,0.0,10.85,30.52
serengeti,2019-09-06,23.88,12.34,0.0,12.06,21.8
serengeti,2019-09-07,22.14,14.57,4.85,11.46,25.71
serengeti,2019-09-08,26.19,15.51,0.0,9.99,22.86
serengeti,2019-09-09,24.48,11.99,0.0,10.94,23.43
serengeti,2019-09-10,22.47,11.98,0.0,8.4,34.54
serengeti,2019-09-11,27.37,12.83,3.26,12.47,2.91
serengeti,2019-09-12,24.99,13.19,2.62,9.27,32.62
serengeti,2019-09-13,24.18,12.31,0.0,11.78,27.71
serengeti,2019-09-14,25.12,16.78,0.01,8.82,35.83
serengeti,2019-09-15,21.34,13.57,0.0,3.64,65.14
serengeti,2019-09-16,21.24,12.18,0.0,11.09,10.61
serengeti,2019-09-17,22.7,14.31,2.87,16.43,12.57
serengeti,2019-09-18,25.93,12.12,0.4,7.43,29.31
serengeti,2019-09-19,22.91,11.69,0.17,9.64,60.6
serengeti,2019-09-20,23.38,13.75,2.31,10.86,6.4
serengeti,2019-09-21,28.13,10.42,0.0,11.19,29.28
serengeti,2019-09-22,20.88,12.73,5.92,12.55,20.32
serengeti,2019-09-23,25.89,11.21,0.0,8.79,29.28
serengeti,2019-09-24,21.76,13.89,2.82,8.28,11.57
serengeti,2019-09-25,25.97,12.74,2.08,6.98,25.59
serengeti,2019-09-26,22.56,12.75,0.96,11.36,37.39
serengeti,2019-09-27,23.77,10.53,0.0,12.44,21.71
serengeti,2019-09-28,22.24,15.06,1.3,11.0,40.9
serengeti,2019-09-29,21.25,12.51,0.0,10.42,58.53
serengeti,2019-09-30,21.81,12.48,5.24,9.5,40.65
serengeti,2019-10-01,23.69,9.95,0.0,13.57,47.07
serengeti,2019-10-02,22.94,15.27,2.28,14.86,41.84
serengeti,2019-10-03,21.62,12.47,0.0,9.54,24.89
serengeti,2019-10-04,24.8,12.42,0.0,7.42,0.14
serengeti,2019-10-05,20.13,15.82,0.0,6.32,16.93
serengeti,2019-10-06,24.28,11.49,1.98,12.39,44.89
serengeti,2019-10-07,22.93,13.12,0.0,6.6,12.11
serengeti,2019-10-08,25.05,14.7,0.0,8.55,28.1
serengeti,2019-10-09,26.78,13.28,0.81,7.99,30.44
serengeti,2019-10-10,22.77,12.96,1.92,14.74,14.33
serengeti,2019-10-11,23.27,13.78,0.0,12.51,53.57
serengeti,2019-10-12,25.08,13.76,5.97,14.19,37.89
serengeti,2019-10-13,24.08,12.64,0.0,8.94,53.12
serengeti,2019-10-14,25.5,14.06,1.15,13.08,48.63
serengeti,2019-10-15,22.38,14.81,5.09,12.48,42.88
serengeti,2019-10-16,25.08,12.57,0.0,11.2,3.07
serengeti,2019-10-17,24.3,14.35,1.16,8.12,13.94
serengeti,2019-10-18,24.67,16.94,0.0,10.05,30.53
serengeti,2019-10-19,23.1,14.55,0.0,11.4,27.44
serengeti,2019-10-20,23.34,12.94,5.0,9.51,22.86
serengeti,2019-10-21,22.06,11.34,0.0,8.17,29.42
serengeti,2019-10-22,25.13,12.19,0.0,15.31,70.45
serengeti,2019-10-23,24.14,11.63,0.0,11.37,29.35
serengeti,2019-10-24,24.15,12.4,0.0,9.86,26.74
serengeti,2019-10-25,22.22,15.43,0.0,12.35,30.58
serengeti,2019-10-26,25.09,15.33,4.6,13.42,37.83
serengeti,2019-10-27,21.76,16.5,2.41,7.27,37.79
serengeti,2019-10-28,25.37,11.75,0.0,4.3,32.52
serengeti,2019-10-29,20.93,12.82,0.18,11.08,21.02
serengeti,2019-10-30,27.95,10.05,1.88,12.97,19.91
serengeti,2019-10-31,29.78,14.93,0.46,13.75,29.31
serengeti,2019-11-01,25.99,16.45,2.36,11.81,24.24
serengeti,2019-11-02,24.12,11.34,3.57,6.64,15.09
serengeti,2019-11-03,22.66,16.92,0.0,11.24,11.47
serengeti,2019-11-04,22.46,13.74,0.78,12.09,41.28
serengeti,2019-11-05,23.8,14.73,0.0,9.31,12.93
serengeti,2019-11-06,25.65,11.18,9.14,12.41,35.6
serengeti,2019-11-07,24.27,14.42,7.39,6.31,59.11
serengeti,2019-11-08,30.63,15.51,0.0,14.94,3.74
serengeti,2019-11-09,23.57,12.04,0.0,8.45,31.06
serengeti,2019-11-10,23.72,14.12,0.0,5.58,22.13
serengeti,2019-11-11,24.16,13.89,5.27,8.03,29.15
serengeti,2019-11-12,25.03,13.45,1.88,12.51,13.67
serengeti,2019-11-13,23.07,15.93,0.0,12.63,20.6
serengeti,2019-11-14,26.25,13.43,3.49,10.77,47.37
serengeti,2019-11-15,21.23,14.88,0.0,4.3,48.47
serengeti,2019-11-16,27.36,15.45,0.0,7.38,34.8
serengeti,2019-11-17,25.0,10.19,0.0,9.31,16.64
serengeti,2019-11-18,23.76,13.39,4.88,9.47,29.36
serengeti,2019-11-19,27.24,12.54,0.0,6.95,61.5
serengeti,2019-11-20,25.6,12.83,0.0,9.9,26.27
serengeti,2019-11-21,23.08,12.29,4.07,13.4,72.27
serengeti,2019-11-22,23.6,12.7,0.0,10.69,38.68
serengeti,2019-11-23,23.68,10.3,1.21,14.9,32.83
serengeti,2019-11-24,25.89,12.49,1.98,10.37,33.05
serengeti,2019-11-25,26.01,11.55,2.71,14.94,27.2
serengeti,2019-11-26,24.17,12.24,0.0,15.77,29.68
serengeti,2019-11-27,25.27,14.94,3.66,11.78,50.15
serengeti,2019-11-28,31.43,16.06,0.0,11.1,58.94
serengeti,2019-11-29,22.95,14.53,0.0,14.48,20.93
serengeti,2019-11-30,24.6,14.63,0.0,14.05,38.77
serengeti,2019-12-01,26.31,12.32,7.0,9.9,5.71
serengeti,2019-12-02,27.86,12.41,0.46,9.87,20.34
serengeti,2019-12-03,25.05,13.75,6.94,12.16,41.26
serengeti,2019-12-04,21.66,13.78,3.31,7.13,38.61
serengeti,2019-12-05,28.3,14.97,11.45,12.28,48.87
serengeti,2019-12-06,27.73,14.71,0.0,11.01,38.38
serengeti,2019-12-07,24.94,14.7,0.2,7.7,34.99
serengeti,2019-12-08,26.35,17.3,6.08,9.78,6.72
serengeti,2019-12-09,28.93,14.03,5.07,12.5,38.58
serengeti,2019-12-10,25.74,15.21,4.63,10.43,38.08
serengeti,2019-12-11,26.36,16.85,3.81,11.95,17.59
serengeti,2019-12-12,26.18,14.61,1.59,13.22,35.9
serengeti,2019-12-13,24.08,13.86,0.0,15.76,40.84
serengeti,2019-12-14,25.0,12.05,0.0,10.06,52.34
serengeti,2019-12-15,28.03,11.98,3.19,10.81,66.19
serengeti,2019-12-16,24.63,15.65,0.0,11.71,16.77
serengeti,2019-12-17,27.83,14.67,4.3,16.95,18.05
serengeti,2019-12-18,25.6,15.7,1.0,14.48,18.79
serengeti,2019-12-19,25.27,14.0,6.82,8.68,43.86
serengeti,2019-12-20,29.63,13.14,4.3,6.98,21.13
serengeti,2019-12-21,26.13,12.48,0.0,15.22,39.46
serengeti,2019-12-22,23.34,14.78,5.35,12.01,47.15
serengeti,2019-12-23,26.4,13.54,4.53,15.76,19.4
serengeti,2019-12-24,22.32,13.5,2.68,16.05,42.52
serengeti,2019-12-25,28.43,18.11,5.68,10.17,46.86
serengeti,2019-12-26,23.03,16.76,0.0,11.38,17.43
serengeti,2019-12-27,24.87,13.67,0.05,13.86,31.67
serengeti,2019-12-28,30.02,16.47,0.0,9.23,25.07
serengeti,2019-12-29,25.98,13.82,0.0,12.02,41.17
serengeti,2019-12-30,28.05,16.08,0.0,11.15,26.8
serengeti,2019-12-31,25.89,16.12,1.0,10.38,90.46
serengeti,2020-01-01,27.58,10.66,1.92,13.83,49.99
serengeti,2020-01-02,24.91,14.5,6.05,11.59,38.97
serengeti,2020-01-03,26.27,15.24,0.0,9.45,45.13
serengeti,2020-01-04,24.01,13.82,0.0,14.69,37.97
serengeti,2020-01-05,27.25,14.09,1.46,15.39,37.64
serengeti,2020-01-06,28.49,14.52,2.36,14.86,36.59
serengeti,2020-01-07,27.09,14.57,5.48,10.31,40.5
serengeti,2020-01-08,27.5,13.16,0.0,13.27,48.87
serengeti,2020-01-09,24.84,14.68,9.55,12.49,28.84
serengeti,2020-01-10,29.15,13.23,1.87,12.4,23.51
serengeti,2020-01-11,28.89,15.59,9.21,13.73,57.52
serengeti,2020-01-12,28.48,12.74,6.24,14.09,68.28
serengeti,2020-01-13,24.74,12.88,0.0,16.91,43.2
serengeti,2020-01-14,29.29,18.1,0.42,13.77,46.94
serengeti,2020-01-15,28.31,17.53,0.0,13.44,45.16
serengeti,2020-01-16,26.71,17.66,0.0,13.58,44.27
serengeti,2020-01-17,27.55,16.16,2.5,17.4,61.87
serengeti,2020-01-18,26.22,16.69,0.9,8.33,39.46
serengeti,2020-01-19,27.59,19.95,0.0,15.69,60.75
serengeti,2020-01-20,28.5,11.99,1.41,14.16,40.2
serengeti,2020-01-21,27.95,16.25,0.56,12.67,43.21
serengeti,2020-01-22,31.82,18.08,0.05,13.62,39.89
serengeti,2020-01-23,27.34,13.49,4.49,16.87,28.33
serengeti,2020-01-24,27.64,14.78,0.0,14.2,52.84
serengeti,2020-01-25,25.23,13.86,7.22,14.38,56.81
serengeti,2020-01-26,28.09,13.56,3.48,12.65,33.51
serengeti,2020-01-27,27.15,12.55,5.5,15.37,53.08
serengeti,2020-01-28,26.33,16.26,3.07,15.5,45.13
serengeti,2020-01-29,29.78,17.56,2.58,6.82,47.07
serengeti,2020-01-30,29.93,16.42,0.0,13.84,44.83
serengeti,2020-01-31,28.56,15.23,15.09,20.49,52.57
serengeti,2020-02-01,27.65,15.77,7.07,17.95,49.1
serengeti,2020-02-02,29.38,15.59,3.84,16.34,50.45
serengeti,2020-02-03,30.93,18.47,6.52,13.16,58.91
serengeti,2020-02-04,30.58,15.08,3.65,16.67,58.94
serengeti,2020-02-05,28.25,17.3,0.11,14.0,37.02
serengeti,2020-02-06,29.98,22.31,0.36,8.07,64.98
serengeti,2020-02-07,29.74,16.3,10.87,12.84,67.54
serengeti,2020-02-08,31.94,13.11,3.82,8.77,44.27
serengeti,2020-02-09,32.28,20.37,8.22,13.09,26.25
serengeti,2020-02-10,28.01,14.04,8.03,20.14,35.5
serengeti,2020-02-11,30.21,18.08,3.89,11.31,58.68
serengeti,2020-02-12,26.68,17.65,4.48,15.96,46.92
serengeti,2020-02-13,29.31,15.48,2.29,9.14,59.75
serengeti,2020-02-14,29.33,14.41,5.36,14.0,80.37
serengeti,2020-02-15,28.82,18.97,8.73,8.52,38.65
serengeti,2020-02-16,30.34,15.81,9.32,9.34,51.61
serengeti,2020-02-17,29.0,13.85,0.0,15.43,74.36
serengeti,2020-02-18,28.66,17.99,3.8,12.87,46.88
serengeti,2020-02-19,26.64,17.19,0.93,13.09,32.09
serengeti,2020-02-20,27.57,13.18,10.71,13.38,55.53
serengeti,2020-02-21,30.59,17.98,5.3,7.01,78.94
serengeti,2020-02-22,27.76,16.88,6.92,12.1,67.25
serengeti,2020-02-23,29.9,17.86,5.46,13.39,38.83
serengeti,2020-02-24,29.83,20.83,2.71,14.61,43.8
serengeti,2020-02-25,27.1,14.67,13.13,5.55,28.08
serengeti,2020-02-26,31.83,16.94,10.47,16.6,62.91
serengeti,2020-02-27,30.18,16.43,7.01,10.36,67.87
serengeti,2020-02-28,29.35,17.94,1.78,15.19,58.31
serengeti,2020-02-29,29.32,15.46,4.38,13.78,47.65
serengeti,2020-03-01,26.11,17.3,6.61,16.47,59.15
serengeti,2020-03-02,26.0,19.13,4.23,18.28,34.54
serengeti,2020-03-03,31.75,20.12,2.04,13.88,51.24
serengeti,2020-03-04,28.09,17.54,5.26,14.46,65.44
serengeti,2020-03-05,28.09,14.52,3.95,6.67,66.71
serengeti,2020-03-06,26.02,18.69,0.0,11.38,62.06
serengeti,2020-03-07,31.04,13.76,0.0,10.81,30.48
serengeti,2020-03-08,29.75,13.16,6.57,13.53,38.79
serengeti,2020-03-09,30.06,15.39,6.12,13.55,49.07
serengeti,2020-03-10,30.33,15.0,8.57,13.43,73.3
serengeti,2020-03-11,30.49,17.19,11.06,14.72,52.52
serengeti,2020-03-12,29.46,18.65,0.0,20.27,55.16
serengeti,2020-03-13,29.38,17.66,2.95,16.19,63.49
serengeti,2020-03-14,28.96,13.56,0.0,15.73,57.09
serengeti,2020-03-15,26.58,14.17,13.11,13.95,57.98
serengeti,2020-03-16,27.02,16.54,5.74,14.01,44.91
serengeti,2020-03-17,33.31,16.77,0.0,15.22,48.13
serengeti,2020-03-18,32.96,18.39,6.61,13.96,60.95
serengeti,2020-03-19,25.17,18.32,1.8,19.18,81.83
serengeti,2020-03-20,30.69,17.82,9.65,11.47,45.92
serengeti,2020-03-21,27.43,15.21,3.39,16.06,54.19
serengeti,2020-03-22,34.45,11.83,4.89,11.82,63.26
serengeti,2020-03-23,27.68,14.69,0.05,15.2,83.26
serengeti,2020-03-24,30.89,19.24,3.95,15.54,72.27
serengeti,2020-03-25,29.95,21.62,5.08,15.24,39.94
serengeti,2020-03-26,31.12,13.67,6.92,13.39,52.77
serengeti,2020-03-27,32.05,14.41,13.88,10.34,51.26
serengeti,2020-03-28,27.86,19.82,0.0,12.94,42.03
serengeti,2020-03-29,32.96,17.09,8.86,15.41,58.75
serengeti,2020-03-30,28.56,18.59,3.92,7.45,82.32
serengeti,2020-03-31,26.5,14.74,5.15,15.11,61.77
serengeti,2020-04-01,29.02,16.86,3.12,13.23,62.96
serengeti,2020-04-02,29.67,20.32,3.82,10.24,43.23
serengeti,2020-04-03,32.36,16.71,0.0,14.49,74.23
serengeti,2020-04-04,31.24,16.9,10.19,18.72,65.13
serengeti,2020-04-05,31.06,18.4,4.88,17.45,64.6
serengeti,2020-04-06,28.57,19.82,13.76,11.47,73.02
serengeti,2020-04-07,32.32,17.98,10.19,20.48,50.77
serengeti,2020-04-08,30.9,17.8,9.53,15.76,38.35
serengeti,2020-04-09,31.05,15.79,16.32,16.5,63.48
serengeti,2020-04-10,32.68,18.4,4.35,14.27,56.52
serengeti,2020-04-11,29.02,18.09,9.55,13.09,53.91
serengeti,2020-04-12,33.54,18.47,0.0,9.17,83.14
serengeti,2020-04-13,31.32,18.87,8.49,18.76,76.4
serengeti,2020-04-14,31.85,18.95,8.94,15.2,63.42
serengeti,2020-04-15,30.57,17.94,9.83,13.41,44.79
serengeti,2020-04-16,29.34,15.76,3.28,17.46,100.0
serengeti,2020-04-17,34.49,18.52,7.89,14.74,67.04
serengeti,2020-04-18,29.9,19.06,4.34,10.25,59.23
serengeti,2020-04-19,28.61,17.62,4.62,14.0,50.39
serengeti,2020-04-20,28.04,16.35,5.2,12.54,56.18
serengeti,2020-04-21,33.69,17.83,6.92,12.69,45.78
serengeti,2020-04-22,31.37,15.95,7.14,18.59,41.61
serengeti,2020-04-23,27.51,15.57,11.27,15.57,56.38
serengeti,2020-04-24,29.53,17.18,10.71,16.3,74.4
serengeti,2020-04-25,29.75,17.13,5.82,17.63,58.23
serengeti,2020-04-26,28.42,15.51,8.98,16.11,18.73
serengeti,2020-04-27,31.3,18.06,7.02,16.08,83.33
serengeti,2020-04-28,29.6,17.67,3.57,15.82,37.82
serengeti,2020-04-29,29.91,15.15,5.89,14.43,45.3
serengeti,2020-04-30,27.68,18.02,8.36,14.45,73.48
serengeti,2020-05-01,28.68,16.14,10.33,11.78,68.02
serengeti,2020-05-02,27.79,19.02,7.62,12.94,78.68
serengeti,2020-05-03,35.11,14.95,9.78,14.94,70.4
serengeti,2020-05-04,24.5,16.75,10.19,14.59,72.12
serengeti,2020-05-05,28.42,17.01,8.86,11.88,47.21
serengeti,2020-05-06,29.68,16.98,5.64,13.39,49.55
serengeti,2020-05-07,28.66,20.24,5.5,12.81,62.55
serengeti,2020-05-08,30.17,18.43,3.22,17.44,52.14
serengeti,2020-05-09,27.93,17.38,8.14,13.64,60.67
serengeti,2020-05-10,30.24,16.92,0.24,12.46,76.93
serengeti,2020-05-11,32.08,18.54,12.78,10.56,69.35
serengeti,2020-05-12,25.55,14.4,5.38,10.34,77.73
serengeti,2020-05-13,28.45,18.35,0.94,9.31,55.03
serengeti,2020-05-14,28.57,15.98,9.54,15.36,55.01
serengeti,2020-05-15,32.54,14.67,3.29,10.23,71.3
serengeti,2020-05-16,30.0,16.98,6.62,10.53,20.96
serengeti,2020-05-17,27.65,16.01,1.85,7.02,74.62
serengeti,2020-05-18,29.58,18.23,2.87,11.64,52.5
serengeti,2020-05-19,26.4,16.21,10.98,8.43,49.85
serengeti,2020-05-20,32.41,18.23,4.91,8.72,42.91
serengeti,2020-05-21,30.06,17.59,7.69,15.69,59.83
serengeti,2020-05-22,29.05,15.68,5.69,13.45,67.5
serengeti,2020-05-23,29.82,15.17,5.08,11.75,59.19
serengeti,2020-05-24,28.61,17.88,3.05,16.17,34.34
serengeti,2020-05-25,27.09,17.28,0.59,12.5,75.76
serengeti,2020-05-26,28.09,15.87,7.19,9.55,28.18
serengeti,2020-05-27,31.2,17.9,5.63,15.62,62.53
serengeti,2020-05-28,29.05,15.2,3.28,15.38,43.1
serengeti,2020-05-29,29.66,16.4,3.84,10.71,43.63
serengeti,2020-05-30,31.18,14.89,10.05,11.51,26.62
serengeti,2020-05-31,30.55,15.8,8.21,11.7,32.34
serengeti,2020-06-01,27.78,16.97,6.06,18.06,76.05
serengeti,2020-06-02,30.41,13.86,1.91,11.58,53.74
serengeti,2020-06-03,29.09,17.28,6.62,11.95,52.13
serengeti,2020-06-04,26.96,17.15,2.16,10.83,53.79
serengeti,2020-06-05,30.09,18.06,3.43,10.66,65.88
serengeti,2020-06-06,30.53,18.43,10.24,14.47,53.43
serengeti,2020-06-07,25.38,17.41,0.62,17.09,55.96
serengeti,2020-06-08,26.51,17.47,2.42,10.47,55.49
serengeti,2020-06-09,26.69,13.9,7.62,5.58,50.6
serengeti,2020-06-10,32.44,17.26,9.06,13.21,45.36
serengeti,2020-06-11,26.87,18.39,1.26,4.91,62.33
serengeti,2020-06-12,24.71,18.26,3.44,12.03,41.81
serengeti,2020-06-13,25.87,16.83,10.59,12.76,68.43
serengeti,2020-06-14,29.84,17.97,10.41,8.4,65.79
serengeti,2020-06-15,26.91,19.5,2.38,13.3,65.81
serengeti,2020-06-16,26.47,15.18,3.97,12.22,36.16
serengeti,2020-06-17,24.72,17.91,5.41,7.23,68.08
serengeti,2020-06-18,29.83,17.41,7.95,9.93,63.04
serengeti,2020-06-19,29.77,14.34,2.49,12.44,27.46
serengeti,2020-06-20,28.42,16.64,2.97,15.3,42.41
serengeti,2020-06-21,26.06,16.95,17.82,10.72,78.92
serengeti,2020-06-22,26.71,14.67,8.31,11.37,46.09
serengeti,2020-06-23,26.63,13.91,6.39,9.35,72.4
serengeti,2020-06-24,27.26,16.86,1.78,13.01,64.97
serengeti,2020-06-25,26.17,15.77,4.86,11.99,37.46
serengeti,2020-06-26,25.63,14.69,3.34,13.84,56.06
serengeti,2020-06-27,27.57,12.79,2.09,10.34,46.8
serengeti,2020-06-28,30.45,15.8,1.12,9.59,23.34
serengeti,2020-06-29,25.23,14.7,0.59,11.11,41.07
serengeti,2020-06-30,27.87,13.23,3.37,11.65,61.54
serengeti,2020-07-01,29.71,16.29,0.0,13.05,44.51
serengeti,2020-07-02,27.67,16.11,0.0,13.77,31.27
serengeti,2020-07-03,27.58,13.59,0.0,13.29,63.29
serengeti,2020-07-04,25.65,13.52,3.52,10.84,44.8
serengeti,2020-07-05,28.83,13.46,0.0,15.1,66.92
serengeti,2020-07-06,29.29,15.94,0.0,12.69,30.03
serengeti,2020-07-07,29.8,16.58,0.0,16.6,71.0
serengeti,2020-07-08,28.27,11.25,4.17,13.77,52.66
serengeti,2020-07-09,26.25,14.33,3.74,6.08,56.27
serengeti,2020-07-10,26.85,14.86,0.0,7.44,54.06
serengeti,2020-07-11,25.05,21.19,0.0,16.47,42.19
serengeti,2020-07-12,27.17,14.94,2.69,13.64,25.48
serengeti,2020-07-13,27.43,13.87,3.17,12.01,27.44
serengeti,2020-07-14,27.66,16.95,1.15,18.03,58.61
serengeti,2020-07-15,29.37,12.63,7.2,5.2,42.14
serengeti,2020-07-16,26.76,12.13,1.41,8.96,54.51
serengeti,2020-07-17,25.15,16.03,6.34,12.43,47.26
serengeti,2020-07-18,26.21,15.63,6.46,10.83,42.92
serengeti,2020-07-19,27.14,13.14,0.0,14.49,44.55
serengeti,2020-07-20,27.98,15.66,5.61,17.65,59.23
serengeti,2020-07-21,25.63,14.11,5.96,14.02,29.29
serengeti,2020-07-22,25.53,12.86,5.14,5.59,38.65
serengeti,2020-07-23,27.55,16.95,0.0,16.55,52.84
serengeti,2020-07-24,24.67,13.4,0.46,11.35,3.85
serengeti,2020-07-25,27.1,14.93,0.1,9.46,45.53
serengeti,2020-07-26,27.93,17.17,7.85,5.96,29.17
serengeti,2020-07-27,26.13,16.07,7.08,11.49,48.93
serengeti,2020-07-28,27.37,13.14,0.0,6.46,15.94
serengeti,2020-07-29,23.9,16.93,0.45,8.96,52.63
serengeti,2020-07-30,25.46,13.81,0.0,6.97,16.49
serengeti,2020-07-31,24.12,12.73,1.4,10.16,26.65
serengeti,2020-08-01,26.91,14.31,8.92,10.09,40.47
serengeti,2020-08-02,20.84,12.75,0.0,7.61,25.04
serengeti,2020-08-03,27.36,12.45,0.0,10.37,37.8
serengeti,2020-08-04,24.39,12.71,0.0,12.66,22.07
serengeti,2020-08-05,24.1,18.78,1.59,10.65,31.62
serengeti,2020-08-06,28.11,15.49,1.74,18.33,49.28
serengeti,2020-08-07,25.27,11.11,0.0,9.53,41.84
serengeti,2020-08-08,24.6,15.64,3.7,10.52,58.55
serengeti,2020-08-09,26.08,15.82,1.84,14.38,32.55
serengeti,2020-08-10,25.78,12.19,6.22,8.16,49.76
serengeti,2020-08-11,25.12,13.26,0.75,12.82,45.3
serengeti,2020-08-12,27.47,10.15,0.0,7.68,67.47
serengeti,2020-08-13,20.8,13.24,4.38,8.77,79.25
serengeti,2020-08-14,23.15,10.51,7.29,11.64,43.96
serengeti,2020-08-15,23.16,14.17,0.0,8.41,26.35
serengeti,2020-08-16,28.38,16.58,5.13,9.29,26.71
serengeti,2020-08-17,27.88,15.4,0.0,4.69,49.07
serengeti,2020-08-18,25.38,14.69,6.48,15.61,28.18
serengeti,2020-08-19,24.96,14.4,0.0,12.74,38.81
serengeti,2020-08-20,24.34,16.78,3.55,11.73,17.98
serengeti,2020-08-21,27.06,15.69,3.07,8.77,31.59
serengeti,2020-08-22,22.56,10.37,0.24,4.95,31.96
serengeti,2020-08-23,26.69,13.51,3.38,11.71,30.83
serengeti,2020-08-24,28.16,11.69,3.63,11.62,52.99
serengeti,2020-08-25,25.26,15.71,2.55,4.73,40.95
serengeti,2020-08-26,25.39,14.6,0.0,6.04,45.86
serengeti,2020-08-27,25.08,12.09,0.0,10.25,39.69
serengeti,2020-08-28,23.9,16.19,3.17,11.33,13.55
serengeti,2020-08-29,21.43,14.54,0.0,9.95,42.85
serengeti,2020-08-30,24.96,18.36,0.0,2.16,20.16
serengeti,2020-08-31,23.36,12.14,0.0,10.82,23.52
serengeti,2020-09-01,22.84,13.08,0.0,9.89,23.76
serengeti,2020-09-02,24.16,10.97,2.98,5.98,59.12
serengeti,2020-09-03,25.98,12.49,1.27,10.32,35.91
serengeti,2020-09-04,25.36,12.24,4.94,8.31,37.03
serengeti,2020-09-05,25.21,14.06,4.83,3.84,53.44
serengeti,2020-09-06,25.78,12.16,3.17,10.31,23.94
serengeti,2020-09-07,25.22,12.72,0.0,13.01,53.21
serengeti,2020-09-08,26.18,12.39,3.35,13.73,24.77
serengeti,2020-09-09,26.54,12.86,8.96,12.62,29.74
serengeti,2020-09-10,26.13,14.3,0.08,9.24,24.19
serengeti,2020-09-11,22.92,9.25,3.03,8.08,21.8
serengeti,2020-09-12,25.95,14.34,0.0,6.47,29.46
serengeti,2020-09-13,23.39,13.26,0.0,3.4,46.07
serengeti,2020-09-14,22.34,12.21,0.0,10.41,62.95
serengeti,2020-09-15,22.97,13.06,5.46,10.48,2.34
serengeti,2020-09-16,22.42,13.9,0.0,8.73,51.09
serengeti,2020-09-17,25.92,14.91,3.6,13.67,32.85
serengeti,2020-09-18,24.69,12.67,5.65,13.16,27.91
serengeti,2020-09-19,26.31,15.69,0.0,11.69,29.65
serengeti,2020-09-20,26.31,16.12,0.0,7.83,50.42
serengeti,2020-09-21,23.88,13.31,0.0,15.4,41.48
serengeti,2020-09-22,25.49,16.58,0.0,14.1,21.41
serengeti,2020-09-23,21.29,10.68,0.0,5.84,42.0
serengeti,2020-09-24,22.36,11.25,0.0,10.74,28.71
serengeti,2020-09-25,21.16,14.93,0.0,11.73,20.73
serengeti,2020-09-26,22.25,16.29,1.19,6.76,11.89
serengeti,2020-09-27,22.49,11.21,0.0,12.3,16.34
serengeti,2020-09-28,22.99,14.65,0.0,13.53,34.96
serengeti,2020-09-29,23.12,15.79,3.09,7.79,21.74
serengeti,2020-09-30,22.61,11.83,0.41,9.02,36.82
serengeti,2020-10-01,21.84,11.17,0.0,11.65,45.65
serengeti,2020-10-02,25.96,13.37,0.77,14.97,25.34
serengeti,2020-10-03,23.69,11.65,4.36,11.66,26.43
serengeti,2020-10-04,25.09,8.98,3.62,8.31,8.16
serengeti,2020-10-05,22.53,14.61,3.85,8.68,48.17
serengeti,2020-10-06,21.91,13.03,0.0,10.99,44.51
serengeti,2020-10-07,26.05,12.06,0.0,10.22,27.58
serengeti,2020-10-08,26.33,14.41,3.45,9.96,24.64
serengeti,2020-10-09,24.5,12.91,6.85,6.12,27.77
serengeti,2020-10-10,23.81,15.05,0.0,10.62,32.64
serengeti,2020-10-11,27.2,14.05,0.0,11.52,36.84
serengeti,2020-10-12,26.19,11.14,6.14,8.2,29.13
serengeti,2020-10-13,23.54,14.94,0.0,11.58,29.36
serengeti,2020-10-14,22.06,14.98,0.0,12.96,41.72
serengeti,2020-10-15,26.89,12.81,0.0,12.29,38.58
serengeti,2020-10-16,19.12,16.16,2.01,14.09,56.61
serengeti,2020-10-17,23.83,13.58,0.0,6.61,45.26
serengeti,2020-10-18,23.13,14.2,0.0,11.64,11.94
serengeti,2020-10-19,22.68,13.04,0.0,14.94,28.4
serengeti,2020-10-20,22.44,9.92,0.0,14.18,25.64
serengeti,2020-10-21,23.84,14.85,0.0,3.47,16.11
serengeti,2020-10-22,26.22,13.26,1.12,8.56,31.56
serengeti,2020-10-23,22.42,10.86,0.25,10.72,42.46
serengeti,2020-10-24,27.18,14.0,0.99,3.34,26.5
serengeti,2020-10-25,23.48,13.93,3.7,11.12,33.6
serengeti,2020-10-26,21.49,13.43,0.0,4.97,31.58
serengeti,2020-10-27,22.54,12.87,0.0,8.83,35.67
serengeti,2020-10-28,23.07,13.32,0.0,8.16,15.34
serengeti,2020-10-29,23.16,12.49,0.0,8.3,54.13
serengeti,2020-10-30,22.0,13.52,0.27,9.13,38.2
serengeti,2020-10-31,25.45,12.34,0.0,3.88,22.39
serengeti,2020-11-01,25.44,12.05,0.0,11.53,63.15
serengeti,2020-11-02,23.91,12.41,0.0,10.81,24.67
serengeti,2020-11-03,22.0,14.95,0.0,11.4,23.5
serengeti,2020-11-04,23.0,12.54,0.0,13.52,34.35
serengeti,2020-11-05,24.36,13.38,2.1,13.18,37.1
serengeti,2020-11-06,21.71,10.57,0.0,10.19,47.3
serengeti,2020-11-07,21.77,13.79,4.08,11.35,50.27
serengeti,2020-11-08,23.78,14.87,0.18,13.4,35.15
serengeti,2020-11-09,21.32,14.26,0.0,7.07,37.81
serengeti,2020-11-10,25.78,12.12,0.0,11.45,14.71
serengeti,2020-11-11,24.74,13.83,0.0,7.05,57.73
serengeti,2020-11-12,27.15,12.39,6.47,6.63,20.34
serengeti,2020-11-13,22.02,14.01,0.0,8.31,36.19
serengeti,2020-11-14,23.17,11.93,0.0,10.15,48.74
serengeti,2020-11-15,26.13,15.45,10.88,11.63,23.94
serengeti,2020-11-16,26.15,15.76,0.0,7.66,49.65
serengeti,2020-11-17,21.46,13.17,3.05,14.34,24.62
serengeti,2020-11-18,27.73,12.36,0.88,10.98,40.02
serengeti,2020-11-19,23.14,10.82,1.42,9.56,38.54
serengeti,2020-11-20,27.54,17.79,3.29,9.18,8.66
serengeti,2020-11-21,24.3,14.36,3.81,9.13,36.38
serengeti,2020-11-22,26.58,13.11,0.0,7.21,26.32
serengeti,2020-11-23,20.64,12.76,0.13,7.12,59.86
serengeti,2020-11-24,32.87,11.71,0.67,9.64,32.54
serengeti,2020-11-25,24.92,15.2,0.0,9.81,32.63
serengeti,2020-11-26,27.61,14.46,5.98,12.62,32.35
serengeti,2020-11-27,25.19,12.78,5.67,16.99,24.05
serengeti,2020-11-28,25.82,14.47,0.0,11.76,51.48
serengeti,2020-11-29,27.12,14.89,3.7,7.54,0.0
serengeti,2020-11-30,28.65,14.34,2.84,9.45,43.66
serengeti,2020-12-01,25.18,17.08,3.14,16.52,44.06
serengeti,2020-12-02,28.43,13.26,2.74,17.09,14.45
serengeti,2020-12-03,25.32,11.23,0.0,11.16,35.03
serengeti,2020-12-04,26.53,14.64,7.44,15.84,37.22
serengeti,2020-12-05,25.82,13.44,0.0,14.14,34.43
serengeti,2020-12-06,25.81,13.94,0.0,12.21,34.73
serengeti,2020-12-07,25.01,15.02,0.0,11.77,15.14
serengeti,2020-12-08,24.86,12.12,2.4,14.38,29.64
serengeti,2020-12-09,25.2,11.37,0.0,14.12,47.77
serengeti,2020-12-10,27.52,15.53,1.61,7.41,40.6
serengeti,2020-12-11,28.03,14.46,0.0,8.72,27.99
serengeti,2020-12-12,21.71,16.96,0.0,11.52,36.97
serengeti,2020-12-13,24.9,15.76,3.08,10.09,39.84
serengeti,2020-12-14,22.29,14.63,3.57,7.54,33.71
serengeti,2020-12-15,26.19,11.99,10.44,6.05,38.9
serengeti,2020-12-16,23.26,17.75,2.73,9.68,36.65
serengeti,2020-12-17,23.43,10.65,0.0,8.92,35.79
serengeti,2020-12-18,25.31,14.2,0.0,13.97,19.89
serengeti,2020-12-19,22.95,12.41,0.0,14.4,55.92
serengeti,2020-12-20,27.17,14.44,4.23,10.86,48.7
serengeti,2020-12-21,26.5,14.75,2.58,13.33,26.95
serengeti,2020-12-22,24.68,12.99,1.34,10.06,48.63
serengeti,2020-12-23,27.13,12.54,2.3,17.26,55.52
serengeti,2020-12-24,25.4,13.77,0.0,12.93,38.85
serengeti,2020-12-25,26.46,14.64,0.0,14.29,50.64
serengeti,2020-12-26,31.57,15.55,1.38,12.06,35.82
serengeti,2020-12-27,25.89,15.45,0.96,14.45,55.6
serengeti,2020-12-28,26.64,13.78,3.29,15.44,35.81
serengeti,2020-12-29,27.99,13.33,2.81,7.66,29.02
serengeti,2020-12-30,32.31,17.26,2.8,13.48,22.58
serengeti,2020-12-31,25.36,12.09,0.0,12.26,17.45
serengeti,2021-01-01,25.81,16.07,10.52,7.95,80.68
serengeti,2021-01-02,27.76,13.46,7.17,11.41,27.33
serengeti,2021-01-03,25.79,15.27,0.0,9.37,46.88
serengeti,2021-01-04,27.25,17.24,8.19,14.51,37.53
serengeti,2021-01-05,30.71,14.84,4.43,9.71,49.66
serengeti,2021-01-06,26.36,15.93,0.0,14.79,74.83
serengeti,2021-01-07,26.0,15.24,7.64,10.39,40.21
serengeti,2021-01-08,30.57,15.44,1.09,9.06,29.98
serengeti,2021-01-09,26.07,15.13,1.34,8.92,39.96
serengeti,2021-01-10,27.68,15.86,2.28,16.48,48.9
serengeti,2021-01-11,23.3,14.15,3.68,12.98,53.07
serengeti,2021-01-12,28.48,14.37,2.17,11.27,40.98
serengeti,2021-01-13,27.73,13.87,7.12,16.0,60.54
serengeti,2021-01-14,24.3,16.72,9.99,18.26,43.24
serengeti,2021-01-15,27.24,19.46,2.01,10.31,42.0
serengeti,2021-01-16,29.28,17.21,0.0,16.34,31.88
serengeti,2021-01-17,26.32,16.69,1.69,11.66,72.78
serengeti,2021-01-18,26.43,14.2,0.0,12.95,39.09
serengeti,2021-01-19,29.86,12.04,1.41,10.62,70.84
serengeti,2021-01-20,27.44,11.35,0.0,13.56,33.36
serengeti,2021-01-21,29.0,10.6,5.53,14.64,37.46
serengeti,2021-01-22,30.17,15.52,0.0,14.76,50.88
serengeti,2021-01-23,26.03,14.14,0.0,10.01,40.94
serengeti,2021-01-24,26.17,16.05,10.32,17.04,45.32
serengeti,2021-01-25,28.54,16.65,0.0,18.96,20.8
serengeti,2021-01-26,26.27,14.84,0.0,14.82,32.34
serengeti,2021-01-27,27.91,14.27,10.19,16.06,56.63
serengeti,2021-01-28,28.68,17.99,3.69,8.1,56.53
serengeti,2021-01-29,29.53,16.68,0.0,10.35,35.55
serengeti,2021-01-30,27.44,15.88,0.1,17.42,47.96
serengeti,2021-01-31,31.67,16.12,15.17,16.56,30.57
serengeti,2021-02-01,33.39,17.45,7.61,13.6,57.96
serengeti,2021-02-02,26.58,15.0,5.57,11.74,70.36
serengeti,2021-02-03,33.63,17.7,7.81,13.23,28.24
serengeti,2021-02-04,27.16,17.1,3.16,14.56,56.46
serengeti,2021-02-05,25.39,18.7,5.14,16.24,28.12
serengeti,2021-02-06,28.58,18.84,6.55,12.46,70.9
serengeti,2021-02-07,29.42,17.27,2.41,8.44,86.08
serengeti,2021-02-08,27.39,18.16,5.14,14.01,55.97
serengeti,2021-02-09,28.05,16.13,10.95,8.93,38.02
serengeti,2021-02-10,30.05,17.52,0.26,18.02,50.37
serengeti,2021-02-11,25.19,13.8,2.89,15.32,56.95
serengeti,2021-02-12,28.44,18.54,2.49,17.37,62.64
serengeti,2021-02-13,26.28,16.53,8.01,15.95,38.58
serengeti,2021-02-14,27.77,14.28,9.46,15.22,47.25
serengeti,2021-02-15,32.01,17.82,0.0,10.25,68.29
serengeti,2021-02-16,29.44,18.41,3.82,11.87,61.1
serengeti,2021-02-17,33.61,16.73,2.22,11.04,44.92
serengeti,2021-02-18,27.86,15.91,7.18,12.07,81.38
serengeti,2021-02-19,31.42,12.87,5.3,13.38,48.56
serengeti,2021-02-20,30.82,16.3,8.87,11.18,29.72
serengeti,2021-02-21,25.63,19.34,12.97,9.79,42.33
serengeti,2021-02-22,27.87,15.47,0.0,8.09,80.16
serengeti,2021-02-23,31.95,15.52,0.0,10.22,70.77
serengeti,2021-02-24,30.03,18.55,5.53,14.99,64.58
serengeti,2021-02-25,27.6,13.86,7.23,13.66,70.29
serengeti,2021-02-26,25.9,15.58,2.11,15.21,65.34
serengeti,2021-02-27,25.45,17.84,5.9,12.6,44.05
serengeti,2021-02-28,31.04,18.01,6.79,12.48,42.09
serengeti,2021-03-01,27.0,14.5,0.31,14.88,46.69
serengeti,2021-03-02,32.65,18.17,6.98,14.33,63.94
serengeti,2021-03-03,31.39,18.15,8.38,14.45,66.65
serengeti,2021-03-04,24.15,15.5,5.92,13.39,73.29
serengeti,2021-03-05,30.37,16.72,0.0,14.89,83.79
serengeti,2021-03-06,28.06,18.38,2.02,9.46,77.01
serengeti,2021-03-07,29.23,16.31,7.73,14.64,76.35
serengeti,2021-03-08,29.7,13.93,13.04,12.08,63.66
serengeti,2021-03-09,29.08,18.1,7.68,14.11,55.08
serengeti,2021-03-10,30.26,19.05,4.91,11.54,60.53
serengeti,2021-03-11,27.14,17.33,6.8,9.09,47.41
serengeti,2021-03-12,31.35,16.09,4.97,10.7,31.02
serengeti,2021-03-13,26.45,16.87,7.49,15.78,84.11
serengeti,2021-03-14,29.04,15.17,7.99,12.72,51.58
serengeti,2021-03-15,29.07,13.48,0.0,13.85,57.64
serengeti,2021-03-16,32.75,18.37,11.16,14.49,60.71
serengeti,2021-03-17,27.52,18.65,13.13,10.51,58.48
serengeti,2021-03-18,30.43,18.43,1.4,8.4,48.81
serengeti,2021-03-19,31.24,17.08,3.5,13.78,44.95
serengeti,2021-03-20,31.33,19.53,9.19,12.53,30.09
serengeti,2021-03-21,29.26,17.12,5.04,15.57,63.47
serengeti,2021-03-22,30.99,17.14,1.7,12.86,82.29
serengeti,2021-03-23,32.7,11.11,0.01,5.26,63.66
serengeti,2021-03-24,28.3,16.45,5.74,16.22,47.79
serengeti,2021-03-25,29.17,13.36,1.26,15.86,55.09
serengeti,2021-03-26,30.03,19.43,8.62,11.66,67.16
serengeti,2021-03-27,28.24,17.07,6.45,13.6,70.17
serengeti,2021-03-28,33.12,19.37,13.42,11.91,48.57
serengeti,2021-03-29,29.44,14.92,11.17,13.64,41.89
serengeti,2021-03-30,29.51,17.04,6.27,15.62,44.69
serengeti,2021-03-31,27.94,16.23,11.13,13.83,66.92
serengeti,2021-04-01,30.89,12.9,3.93,15.33,38.99
serengeti,2021-04-02,31.45,19.39,3.39,10.04,46.75
serengeti,2021-04-03,27.56,18.75,11.55,9.84,58.54
serengeti,2021-04-04,31.27,17.48,14.18,16.76,85.21
serengeti,2021-04-05,31.66,18.25,10.92,14.17,51.51
serengeti,2021-04-06,30.59,15.59,1.68,13.7,71.7
serengeti,2021-04-07,28.18,14.83,1.42,19.16,40.09
serengeti,2021-04-08,29.37,15.66,9.33,18.47,55.74
serengeti,2021-04-09,26.79,15.56,2.91,14.85,33.62
serengeti,2021-04-10,27.21,16.52,3.13,12.13,63.31
serengeti,2021-04-11,31.64,17.44,5.86,14.09,49.13
serengeti,2021-04-12,32.86,16.57,3.84,11.62,62.92
serengeti,2021-04-13,29.29,20.04,14.03,14.23,49.04
serengeti,2021-04-14,31.14,14.09,13.2,14.91,80.7
serengeti,2021-04-15,28.8,18.23,13.03,18.19,55.2
serengeti,2021-04-16,29.8,15.57,5.3,13.41,55.45
serengeti,2021-04-17,30.8,16.34,13.46,14.41,52.52
serengeti,2021-04-18,30.99,19.98,5.95,14.19,61.8
serengeti,2021-04-19,29.08,16.04,9.42,16.69,63.83
serengeti,2021-04-20,31.59,15.89,9.73,8.51,47.42
serengeti,2021-04-21,27.54,15.99,3.84,17.96,56.63
serengeti,2021-04-22,32.89,16.54,9.72,15.73,66.05
serengeti,2021-04-23,28.17,17.01,5.4,11.14,81.27
serengeti,2021-04-24,31.03,16.67,8.71,11.03,73.62
serengeti,2021-04-25,26.85,13.66,3.37,10.0,65.69
serengeti,2021-04-26,27.49,15.24,8.49,16.06,78.35
serengeti,2021-04-27,26.49,18.74,9.06,17.09,40.39
serengeti,2021-04-28,27.21,18.51,9.32,15.01,79.58
serengeti,2021-04-29,32.2,17.32,14.77,16.91,60.75
serengeti,2021-04-30,29.14,16.06,11.93,16.06,50.4
serengeti,2021-05-01,31.02,16.95,3.53,9.78,54.54
serengeti,2021-05-02,30.92,15.45,2.98,10.18,71.74
serengeti,2021-05-03,31.04,19.06,10.82,14.48,52.59
serengeti,2021-05-04,32.12,18.73,12.23,9.3,60.08
serengeti,2021-05-05,29.27,17.14,0.0,10.72,65.15
serengeti,2021-05-06,28.87,15.69,7.86,18.11,71.69
serengeti,2021-05-07,26.74,17.53,0.0,16.11,37.88
serengeti,2021-05-08,29.84,17.86,8.17,5.33,53.47
serengeti,2021-05-09,29.52,16.93,9.93,10.25,70.16
serengeti,2021-05-10,27.54,15.14,6.39,12.32,78.1
serengeti,2021-05-11,28.22,18.56,5.94,9.7,48.39
serengeti,2021-05-12,27.94,17.83,5.0,15.96,83.39
serengeti,2021-05-13,26.97,14.81,8.49,8.62,59.98
serengeti,2021-05-14,32.55,16.87,8.32,13.62,37.28
serengeti,2021-05-15,30.67,15.06,9.94,13.22,64.05
serengeti,2021-05-16,32.53,16.1,7.63,17.9,52.98
serengeti,2021-05-17,31.2,16.15,1.2,10.9,45.42
serengeti,2021-05-18,31.62,14.42,0.0,8.24,33.65
serengeti,2021-05-19,25.85,14.98,2.24,13.35,55.42
serengeti,2021-05-20,27.97,18.73,5.04,10.01,62.99
serengeti,2021-05-21,31.6,13.27,11.88,15.46,60.47
serengeti,2021-05-22,30.95,17.6,9.0,10.67,50.99
serengeti,2021-05-23,30.97,16.83,13.11,15.22,36.37
serengeti,2021-05-24,27.29,18.24,8.31,14.14,73.23
serengeti,2021-05-25,30.34,14.05,10.29,14.12,60.78
serengeti,2021-05-26,26.59,17.17,0.0,6.58,3.14
serengeti,2021-05-27,28.79,18.37,0.0,16.04,45.15
serengeti,2021-05-28,30.06,21.23,11.08,13.87,65.1
serengeti,2021-05-29,26.97,17.04,6.09,15.17,73.55
serengeti,2021-05-30,29.16,16.97,4.83,11.63,69.03
serengeti,2021-05-31,28.35,15.71,0.0,12.08,59.86
serengeti,2021-06-01,28.35,18.81,7.87,11.69,42.2
serengeti,2021-06-02,28.04,14.87,4.45,12.57,73.53
serengeti,2021-06-03,26.72,15.86,0.0,10.0,66.7
serengeti,2021-06-04,27.02,13.08,7.78,11.67,52.72
serengeti,2021-06-05,29.27,13.06,4.42,13.36,57.61
serengeti,2021-06-06,26.09,15.01,4.02,10.55,56.16
serengeti,2021-06-07,27.54,15.8,7.93,13.29,44.84
serengeti,2021-06-08,29.15,16.19,1.98,21.81,49.65
serengeti,2021-06-09,28.58,11.8,0.0,12.92,62.82
serengeti,2021-06-10,26.98,17.46,2.23,16.24,52.27
serengeti,2021-06-11,29.39,12.38,8.19,19.96,53.52
serengeti,2021-06-12,29.47,13.9,0.41,17.41,39.18
serengeti,2021-06-13,29.88,15.44,5.13,17.11,65.97
serengeti,2021-06-14,27.99,16.36,8.73,14.45,59.29
serengeti,2021-06-15,30.67,15.25,4.72,10.88,32.43
serengeti,2021-06-16,27.36,15.59,2.16,15.99,53.84
serengeti,2021-06-17,25.52,11.69,6.79,10.67,48.43
serengeti,2021-06-18,25.84,17.06,4.19,19.81,77.39
serengeti,2021-06-19,28.29,13.58,3.2,15.0,40.45
serengeti,2021-06-20,25.77,16.26,1.6,7.36,41.57
serengeti,2021-06-21,29.83,17.59,4.42,12.9,36.41
serengeti,2021-06-22,29.75,14.3,7.26,14.43,78.87
serengeti,2021-06-23,30.85,14.54,2.0,10.38,74.16
serengeti,2021-06-24,28.84,17.14,3.26,13.98,59.0
serengeti,2021-06-25,24.51,15.7,7.5,10.32,41.02
serengeti,2021-06-26,27.54,16.6,3.59,14.28,20.82
serengeti,2021-06-27,27.41,16.2,3.3,9.3,36.65
serengeti,2021-06-28,28.51,15.54,0.0,14.64,14.6
serengeti,2021-06-29,27.38,14.93,3.91,11.94,26.85
serengeti,2021-06-30,29.58,15.47,5.66,10.96,35.39
serengeti,2021-07-01,26.93,17.38,2.3,6.99,51.96
serengeti,2021-07-02,27.76,16.32,4.26,12.17,51.6
serengeti,2021-07-03,27.74,13.1,1.66,9.67,51.6
serengeti,2021-07-04,27.48,12.53,0.0,10.13,64.56
serengeti,2021-07-05,27.3,16.11,0.0,8.11,39.39
serengeti,2021-07-06,26.52,10.33,7.02,12.74,23.76
serengeti,2021-07-07,27.27,12.4,10.77,13.07,23.48
serengeti,2021-07-08,25.93,13.26,8.53,13.55,22.5
serengeti,2021-07-09,25.73,16.17,0.02,9.66,56.09
serengeti,2021-07-10,25.41,16.87,6.56,11.27,27.82
serengeti,2021-07-11,26.78,14.71,0.71,11.14,13.39
serengeti,2021-07-12,25.63,13.63,0.0,13.65,48.78
serengeti,2021-07-13,23.6,14.59,8.03,10.01,35.65
serengeti,2021-07-14,29.69,20.39,0.0,8.43,43.17
serengeti,2021-07-15,25.87,16.36,1.66,11.85,44.34
serengeti,2021-07-16,25.46,13.38,1.52,8.52,25.25
serengeti,2021-07-17,25.31,14.28,0.0,9.17,70.12
serengeti,2021-07-18,25.24,12.04,8.61,16.04,32.44
serengeti,2021-07-19,25.24,14.71,8.08,8.4,10.4
serengeti,2021-07-20,25.37,13.67,0.0,11.24,63.0
serengeti,2021-07-21,28.06,14.35,4.16,11.77,50.5
serengeti,2021-07-22,25.79,12.06,1.72,9.73,11.48
serengeti,2021-07-23,28.46,15.27,0.0,12.76,16.62
serengeti,2021-07-24,28.34,15.05,0.69,9.13,69.44
serengeti,2021-07-25,22.15,16.5,2.93,11.36,29.18
serengeti,2021-07-26,27.2,12.23,2.44,10.03,21.87
serengeti,2021-07-27,24.19,13.17,4.41,15.13,55.79
serengeti,2021-07-28,28.39,16.06,4.66,14.18,66.4
serengeti,2021-07-29,25.06,15.27,0.0,9.42,18.15
serengeti,2021-07-30,25.06,15.07,1.31,11.99,45.72
serengeti,2021-07-31,25.87,15.22,0.88,9.17,54.15
serengeti,2021-08-01,27.1,15.61,5.15,8.8,21.19
serengeti,2021-08-02,23.21,17.58,0.0,13.25,35.4
serengeti,2021-08-03,26.23,17.34,8.7,13.37,16.79
serengeti,2021-08-04,28.21,13.38,1.51,8.62,33.07
serengeti,2021-08-05,26.12,15.54,2.87,12.93,51.43
serengeti,2021-08-06,25.82,11.0,0.0,6.83,41.57
serengeti,2021-08-07,23.76,14.84,0.11,13.72,26.32
serengeti,2021-08-08,25.87,14.69,0.0,13.17,37.47
serengeti,2021-08-09,26.76,14.64,5.34,9.9,3.26
serengeti,2021-08-10,25.8,18.7,0.0,10.24,23.9
serengeti,2021-08-11,25.82,15.67,0.61,11.1,69.17
serengeti,2021-08-12,26.75,14.07,0.0,9.43,43.66
serengeti,2021-08-13,25.71,10.61,0.0,14.64,52.64
serengeti,2021-08-14,23.99,14.48,3.93,14.99,22.56
serengeti,2021-08-15,25.92,17.09,0.0,10.9,19.53
serengeti,2021-08-16,23.55,9.64,1.67,12.19,21.55
serengeti,2021-08-17,25.63,14.94,0.0,10.82,36.96
serengeti,2021-08-18,23.7,13.08,2.45,11.61,58.89
serengeti,2021-08-19,30.1,15.29,4.23,9.9,44.25
serengeti,2021-08-20,27.87,12.39,1.15,7.33,33.46
serengeti,2021-08-21,26.84,12.89,4.46,17.39,41.64
serengeti,2021-08-22,25.71,15.17,4.28,17.6,60.71
serengeti,2021-08-23,24.97,13.8,1.98,15.18,19.96
serengeti,2021-08-24,21.7,14.9,1.37,15.49,61.49
serengeti,2021-08-25,25.7,14.99,0.0,8.89,42.03
serengeti,2021-08-26,22.9,13.65,0.0,3.18,58.02
serengeti,2021-08-27,23.8,18.02,1.5,9.1,39.38
serengeti,2021-08-28,22.51,12.52,0.0,7.17,58.31
serengeti,2021-08-29,20.37,14.44,0.0,11.4,38.53
serengeti,2021-08-30,22.97,17.12,2.97,7.9,46.77
serengeti,2021-08-31,24.83,11.59,4.07,12.48,41.06
serengeti,2021-09-01,19.37,13.31,0.0,14.49,38.47
serengeti,2021-09-02,24.66,14.43,0.0,4.53,17.97
serengeti,2021-09-03,28.33,9.59,3.35,7.03,26.91
serengeti,2021-09-04,23.59,12.45,0.0,6.49,46.6
serengeti,2021-09-05,26.16,14.56,2.57,2.47,22.56
serengeti,2021-09-06,22.9,15.28,2.16,12.39,36.76
serengeti,2021-09-07,29.95,13.42,0.0,6.84,38.51
serengeti,2021-09-08,25.1,14.96,0.0,11.27,0.0
serengeti,2021-09-09,24.23,13.39,0.0,6.56,7.57
serengeti,2021-09-10,22.52,11.92,0.0,7.38,51.42
serengeti,2021-09-11,23.91,12.71,0.5,9.52,47.87
serengeti,2021-09-12,23.94,12.77,0.0,9.85,35.35
serengeti,2021-09-13,23.67,13.87,2.51,9.32,28.25
serengeti,2021-09-14,21.36,13.66,3.52,10.25,25.51
serengeti,2021-09-15,22.61,12.4,3.29,12.35,21.94
serengeti,2021-09-16,25.93,10.72,0.0,11.73,21.58
serengeti,2021-09-17,22.62,16.0,4.07,9.59,26.09
serengeti,2021-09-18,27.68,14.43,0.0,9.41,55.26
serengeti,2021-09-19,27.58,13.45,0.0,10.41,24.36
serengeti,2021-09-20,21.97,14.67,0.0,10.21,31.44
serengeti,2021-09-21,21.93,14.8,0.8,8.1,3.2
serengeti,2021-09-22,19.77,13.75,0.0,13.83,17.97
serengeti,2021-09-23,29.2,11.63,0.0,10.45,24.87
serengeti,2021-09-24,23.87,12.14,0.0,10.31,31.13
serengeti,2021-09-25,23.55,15.57,0.46,6.44,26.6
serengeti,2021-09-26,23.95,10.89,0.0,6.78,2.79
serengeti,2021-09-27,25.1,12.47,0.0,6.24,33.73
serengeti,2021-09-28,20.54,14.82,1.5,10.19,37.44
serengeti,2021-09-29,25.2,11.71,0.0,10.5,57.52
serengeti,2021-09-30,26.56,13.0,1.66,8.21,24.77
serengeti,2021-10-01,24.54,11.98,0.0,7.17,32.26
serengeti,2021-10-02,24.49,13.8,5.88,9.86,25.84
serengeti,2021-10-03,21.92,10.74,6.48,13.32,29.91
serengeti,2021-10-04,26.73,14.53,0.0,8.58,34.56
serengeti,2021-10-05,24.87,13.54,4.88,10.41,43.28
serengeti,2021-10-06,22.28,11.41,0.0,9.53,36.03
serengeti,2021-10-07,24.88,10.49,1.09,8.08,16.31
serengeti,2021-10-08,26.32,14.85,0.0,9.17,14.03
serengeti,2021-10-09,21.16,12.67,0.0,14.13,21.09
serengeti,2021-10-10,26.55,8.94,2.51,8.9,16.85
serengeti,2021-10-11,24.0,12.0,6.56,11.46,19.8
serengeti,2021-10-12,24.64,16.47,0.0,9.77,10.9
serengeti,2021-10-13,22.2,10.58,0.0,11.57,42.57
serengeti,2021-10-14,19.82,13.08,0.74,6.42,21.18
serengeti,2021-10-15,24.75,14.49,0.0,11.11,24.83
serengeti,2021-10-16,21.78,11.96,0.0,11.7,46.91
serengeti,2021-10-17,20.74,10.51,0.0,8.12,19.31
serengeti,2021-10-18,21.9,13.21,1.18,6.62,34.69
serengeti,2021-10-19,25.81,12.53,0.0,16.81,51.28
serengeti,2021-10-20,26.33,11.89,0.0,12.85,7.52
serengeti,2021-10-21,26.92,13.73,0.13,12.48,33.9
serengeti,2021-10-22,26.56,15.9,2.09,13.69,42.69
serengeti,2021-10-23,22.47,11.47,0.0,14.37,27.01
serengeti,2021-10-24,21.92,13.12,0.0,8.29,12.06
serengeti,2021-10-25,25.45,14.03,0.0,12.3,28.1
serengeti,2021-10-26,25.09,13.35,0.42,7.76,49.43
serengeti,2021-10-27,25.84,10.34,0.81,8.27,17.67
serengeti,2021-10-28,25.63,12.01,0.54,10.18,37.63
serengeti,2021-10-29,24.27,12.5,0.0,6.47,21.07
serengeti,2021-10-30,26.35,12.63,3.51,15.76,51.07
serengeti,2021-10-31,24.48,16.02,2.41,9.4,29.1
serengeti,2021-11-01,26.77,9.54,4.47,9.36,12.42
serengeti,2021-11-02,22.71,16.07,0.0,12.2,31.98
serengeti,2021-11-03,21.07,11.26,0.0,9.2,14.72
serengeti,2021-11-04,23.93,11.25,0.0,9.06,28.85
serengeti,2021-11-05,24.02,12.03,0.04,8.64,38.31
serengeti,2021-11-06,23.49,15.0,0.98,12.06,31.26
serengeti,2021-11-07,21.94,14.87,0.0,7.5,39.65
serengeti,2021-11-08,23.94,12.69,0.0,8.09,56.01
serengeti,2021-11-09,22.46,12.59,0.0,9.2,23.84
serengeti,2021-11-10,22.62,12.96,1.01,10.04,31.69
serengeti,2021-11-11,22.84,13.15,0.0,10.43,35.1
serengeti,2021-11-12,20.68,13.15,2.02,8.26,40.71
serengeti,2021-11-13,24.04,15.34,0.0,8.53,45.66
serengeti,2021-11-14,25.52,13.9,0.0,12.61,28.04
serengeti,2021-11-15,22.4,14.86,0.0,11.78,12.27
serengeti,2021-11-16,27.09,11.9,0.71,12.79,39.09
serengeti,2021-11-17,22.97,10.78,2.81,9.71,32.89
serengeti,2021-11-18,24.58,13.26,7.93,12.11,56.84
serengeti,2021-11-19,23.23,15.16,1.35,8.22,33.19
serengeti,2021-11-20,22.01,13.78,0.0,10.04,33.44
serengeti,2021-11-21,23.73,13.75,0.0,13.08,30.93
serengeti,2021-11-22,23.37,13.59,0.99,10.77,5.59
serengeti,2021-11-23,24.6,12.61,9.23,13.37,30.63
serengeti,2021-11-24,25.47,15.7,0.0,9.76,25.5
serengeti,2021-11-25,28.85,14.51,7.18,10.27,0.0
serengeti,2021-11-26,25.6,12.75,3.28,13.91,36.72
serengeti,2021-11-27,25.26,15.64,0.0,4.49,31.95
serengeti,2021-11-28,24.57,12.49,0.7,13.8,3.02
serengeti,2021-11-29,22.21,13.4,0.0,11.53,25.34
serengeti,2021-11-30,25.76,10.72,2.58,11.16,47.4
serengeti,2021-12-01,23.77,14.73,0.0,5.57,26.99
serengeti,2021-12-02,25.22,13.68,1.04,8.53,26.74
serengeti,2021-12-03,24.45,12.31,0.33,13.25,28.15
serengeti,2021-12-04,19.75,18.71,2.26,11.84,50.02
serengeti,2021-12-05,24.71,14.96,0.0,9.07,58.98
serengeti,2021-12-06,24.58,17.05,2.46,12.15,51.96
serengeti,2021-12-07,26.71,14.89,0.0,9.39,43.93
serengeti,2021-12-08,27.17,13.74,0.0,9.44,58.2
serengeti,2021-12-09,26.5,11.76,2.88,19.04,24.47
serengeti,2021-12-10,24.62,13.74,0.0,9.29,52.65
serengeti,2021-12-11,26.5,17.55,1.97,2.44,52.26
serengeti,2021-12-12,24.75,13.92,0.0,9.15,5.67
serengeti,2021-12-13,25.9,14.08,0.0,6.14,46.92
serengeti,2021-12-14,28.1,14.43,0.0,8.56,69.08
serengeti,2021-12-15,26.31,18.19,0.0,9.88,47.82
serengeti,2021-12-16,29.97,12.34,0.0,7.39,61.18
serengeti,2021-12-17,27.83,14.04,1.14,16.13,39.76
serengeti,2021-12-18,24.16,15.17,2.63,10.4,33.52
serengeti,2021-12-19,25.28,16.0,1.23,12.5,39.6
serengeti,2021-12-20,25.23,14.48,3.34,8.27,41.9
serengeti,2021-12-21,25.52,11.49,0.0,9.94,31.23
serengeti,2021-12-22,26.71,16.28,0.15,11.19,42.26
serengeti,2021-12-23,23.98,14.81,7.95,9.1,44.74
serengeti,2021-12-24,25.43,15.85,4.7,13.24,46.75
serengeti,2021-12-25,25.24,13.58,0.0,9.4,70.66
serengeti,2021-12-26,25.87,17.19,0.78,9.8,55.4
serengeti,2021-12-27,29.55,14.81,0.0,15.11,40.92
serengeti,2021-12-28,25.31,13.46,7.13,15.5,43.48
serengeti,2021-12-29,24.2,18.06,2.21,16.2,62.15
serengeti,2021-12-30,28.83,14.1,0.0,16.18,40.83
serengeti,2021-12-31,27.25,15.24,1.63,10.32,23.58
serengeti,2022-01-01,29.8,15.61,0.0,12.77,35.64
serengeti,2022-01-02,25.07,16.05,0.81,10.46,50.36
serengeti,2022-01-03,26.73,12.56,2.02,13.88,33.31
serengeti,2022-01-04,27.14,19.62,0.68,17.15,42.41
serengeti,2022-01-05,28.07,16.08,3.32,13.99,49.18
serengeti,2022-01-06,29.18,17.61,3.56,16.42,43.93
serengeti,2022-01-07,25.61,13.1,4.44,9.45,19.59
serengeti,2022-01-08,26.39,14.79,5.11,10.88,44.21
serengeti,2022-01-09,24.43,15.14,7.01,14.7,42.16
serengeti,2022-01-10,26.23,15.49,4.33,13.26,33.77
serengeti,2022-01-11,34.37,18.53,0.0,7.14,48.41
serengeti,2022-01-12,26.15,17.34,8.38,17.02,41.81
serengeti,2022-01-13,26.38,13.63,11.48,11.37,36.96
serengeti,2022-01-14,29.74,18.63,0.0,9.37,39.95
serengeti,2022-01-15,28.98,12.9,0.0,10.03,32.64
serengeti,2022-01-16,26.0,15.34,7.45,12.65,48.7
serengeti,2022-01-17,28.11,13.32,7.28,11.23,34.79
serengeti,2022-01-18,30.79,17.38,1.49,15.41,37.88
serengeti,2022-01-19,31.51,14.51,0.0,14.53,38.07
serengeti,2022-01-20,29.34,14.21,0.0,11.26,20.61
serengeti,2022-01-21,25.89,16.92,0.88,10.82,37.92
serengeti,2022-01-22,27.62,16.41,8.7,19.18,44.02
serengeti,2022-01-23,27.2,14.71,4.17,12.98,45.55
serengeti,2022-01-24,31.07,16.11,1.97,16.62,67.87
serengeti,2022-01-25,25.93,15.54,9.76,14.62,52.87
serengeti,2022-01-26,25.74,16.73,5.24,15.39,47.57
serengeti,2022-01-27,25.56,14.82,2.1,9.59,54.06
serengeti,2022-01-28,25.09,16.84,0.0,11.81,50.26
serengeti,2022-01-29,27.97,15.21,0.39,14.54,56.36
serengeti,2022-01-30,26.81,16.84,10.08,8.81,39.13
serengeti,2022-01-31,24.79,12.36,3.34,11.52,47.33
serengeti,2022-02-01,26.49,14.93,0.0,12.5,35.47
serengeti,2022-02-02,28.56,13.71,2.77,10.45,49.56
serengeti,2022-02-03,29.16,13.46,5.59,8.69,43.83
serengeti,2022-02-04,26.41,16.13,4.33,15.86,67.18
serengeti,2022-02-05,25.7,16.76,9.92,13.42,54.21
serengeti,2022-02-06,30.75,17.88,8.29,19.5,78.19
serengeti,2022-02-07,27.16,17.34,0.53,14.73,59.63
serengeti,2022-02-08,32.24,14.2,2.07,14.04,77.74
serengeti,2022-02-09,28.85,16.39,5.23,12.65,75.72
serengeti,2022-02-10,24.56,16.05,6.47,11.7,45.39
serengeti,2022-02-11,27.01,14.49,1.45,17.65,69.74
serengeti,2022-02-12,28.47,15.4,7.7,14.97,64.51
serengeti,2022-02-13,30.01,17.69,2.97,13.52,27.0
serengeti,2022-02-14,26.26,16.89,7.22,15.01,37.86
serengeti,2022-02-15,28.38,14.32,4.9,14.61,43.41
serengeti,2022-02-16,27.02,15.04,4.95,12.71,44.34
serengeti,2022-02-17,30.18,16.53,5.96,12.62,55.14
serengeti,2022-02-18,26.21,12.51,6.14,11.18,56.55
serengeti,2022-02-19,28.88,15.12,5.65,14.18,47.34
serengeti,2022-02-20,28.05,17.0,5.05,13.7,34.81
serengeti,2022-02-21,29.32,15.03,8.63,5.13,61.58
serengeti,2022-02-22,28.26,16.99,14.02,11.1,24.76
serengeti,2022-02-23,26.66,12.38,9.24,17.98,37.99
serengeti,2022-02-24,28.41,17.57,3.46,10.99,52.86
serengeti,2022-02-25,26.36,14.87,9.16,16.48,26.71
serengeti,2022-02-26,26.9,17.5,7.78,11.3,53.43
serengeti,2022-02-27,28.82,18.72,9.34,17.13,43.79
serengeti,2022-02-28,25.33,17.18,7.49,13.38,69.77
serengeti,2022-03-01,30.91,15.59,6.61,14.25,36.73
serengeti,2022-03-02,29.72,18.94,0.0,17.12,64.38
serengeti,2022-03-03,33.05,15.89,3.61,11.35,66.48
serengeti,2022-03-04,33.45,15.83,9.03,16.59,66.78
serengeti,2022-03-05,26.99,15.71,10.56,13.01,61.93
serengeti,2022-03-06,30.7,15.93,0.8,17.2,71.43
serengeti,2022-03-07,29.67,14.56,1.5,9.86,58.33
serengeti,2022-03-08,31.51,14.98,9.02,15.96,44.33
serengeti,2022-03-09,28.69,19.03,4.43,13.05,83.21
serengeti,2022-03-10,28.78,19.69,7.15,12.77,67.84
serengeti,2022-03-11,29.22,15.73,7.58,15.44,60.89
serengeti,2022-03-12,29.89,18.07,9.87,9.73,61.63
serengeti,2022-03-13,29.29,16.85,11.77,13.24,57.25
serengeti,2022-03-14,30.6,15.59,2.39,17.59,61.28
serengeti,2022-03-15,28.39,18.32,3.33,14.28,78.09
serengeti,2022-03-16,26.47,16.17,10.44,13.51,43.65
serengeti,2022-03-17,28.64,18.77,5.88,18.43,68.61
serengeti,2022-03-18,28.57,16.34,7.66,12.85,50.24
serengeti,2022-03-19,34.1,17.98,1.42,15.98,31.41
serengeti,2022-03-20,29.6,16.42,5.4,14.83,28.74
serengeti,2022-03-21,31.27,18.04,9.76,18.28,40.41
serengeti,2022-03-22,29.38,14.73,7.68,16.3,45.46
serengeti,2022-03-23,27.38,14.7,6.14,14.86,36.22
serengeti,2022-03-24,27.71,18.37,0.0,9.39,62.95
serengeti,2022-03-25,30.41,17.2,0.66,13.92,45.89
serengeti,2022-03-26,31.47,16.24,10.24,19.38,75.77
serengeti,2022-03-27,31.14,17.5,8.23,19.17,80.08
serengeti,2022-03-28,30.37,14.71,7.79,12.63,73.23
serengeti,2022-03-29,31.0,18.88,10.52,14.56,72.99
serengeti,2022-03-30,30.81,15.48,8.11,9.71,89.76
serengeti,2022-03-31,30.61,16.82,2.99,16.15,59.51
serengeti,2022-04-01,30.93,16.59,7.57,10.9,63.35
serengeti,2022-04-02,30.46,19.61,7.83,13.78,67.14
serengeti,2022-04-03,28.9,13.78,7.03,16.6,76.65
serengeti,2022-04-04,29.98,14.16,8.2,13.0,46.06
serengeti,2022-04-05,34.22,13.53,5.85,14.49,67.32
serengeti,2022-04-06,30.84,17.39,5.16,17.52,44.69
serengeti,2022-04-07,32.28,16.36,6.09,17.66,88.03
serengeti,2022-04-08,29.01,19.98,10.13,12.54,62.13
serengeti,2022-04-09,29.65,17.87,13.29,10.79,63.33
serengeti,2022-04-10,27.99,14.36,6.61,13.36,47.87
serengeti,2022-04-11,28.68,16.57,9.56,12.08,48.47
serengeti,2022-04-12,31.28,18.23,8.63,9.53,55.38
serengeti,2022-04-13,27.7,16.88,14.73,17.05,76.54
serengeti,2022-04-14,33.58,16.41,13.47,9.88,89.09
serengeti,2022-04-15,30.3,16.04,6.89,14.28,49.05
serengeti,2022-04-16,33.42,16.9,4.92,14.46,65.51
serengeti,2022-04-17,32.44,15.07,0.0,10.79,26.67
serengeti,2022-04-18,30.36,17.04,7.26,13.88,87.94
serengeti,2022-04-19,28.15,17.68,7.56,16.55,44.17
serengeti,2022-04-20,29.08,16.39,7.11,14.63,65.86
serengeti,2022-04-21,29.89,17.14,7.49,11.66,83.19
serengeti,2022-04-22,29.67,17.03,8.83,16.88,40.56
serengeti,2022-04-23,30.34,16.3,6.22,13.43,52.9
serengeti,2022-04-24,33.75,18.84,2.35,16.05,73.57
serengeti,2022-04-25,28.87,12.94,8.46,15.11,46.67
serengeti,2022-04-26,27.92,14.3,6.35,14.71,44.23
serengeti,2022-04-27,30.81,17.85,4.38,13.05,73.59
serengeti,2022-04-28,30.49,18.41,14.47,12.65,65.93
serengeti,2022-04-29,27.85,16.18,7.08,12.98,50.14
serengeti,2022-04-30,31.98,18.48,4.17,12.1,91.55
serengeti,2022-05-01,26.3,15.7,8.26,20.02,27.08
serengeti,2022-05-02,31.83,15.62,15.26,14.24,36.17
serengeti,2022-05-03,32.1,17.49,8.56,11.81,73.69
serengeti,2022-05-04,33.88,17.95,4.4,15.42,36.61
serengeti,2022-05-05,29.05,16.81,16.25,17.92,52.85
serengeti,2022-05-06,29.91,19.74,8.46,11.78,74.33
serengeti,2022-05-07,29.99,17.96,8.1,15.81,34.3
serengeti,2022-05-08,28.44,12.1,3.26,14.18,66.45
serengeti,2022-05-09,30.01,16.87,6.0,7.9,63.78
serengeti,2022-05-10,30.36,17.77,9.5,10.01,60.32
serengeti,2022-05-11,30.3,18.64,9.19,11.78,100.0
serengeti,2022-05-12,31.31,19.09,0.0,11.94,66.55
serengeti,2022-05-13,30.94,17.6,4.7,10.96,65.67
serengeti,2022-05-14,29.34,16.92,7.07,13.1,64.74
serengeti,2022-05-15,26.43,17.32,0.36,16.37,45.22
serengeti,2022-05-16,32.63,17.08,0.0,11.22,70.99
serengeti,2022-05-17,27.07,11.88,9.88,16.93,62.87
serengeti,2022-05-18,30.03,17.6,5.78,16.87,47.26
serengeti,2022-05-19,26.45,14.0,4.42,13.05,54.72
serengeti,2022-05-20,28.34,20.36,4.69,13.35,49.89
serengeti,2022-05-21,29.58,16.01,7.98,16.11,47.51
serengeti,2022-05-22,29.77,17.4,7.65,10.9,58.45
serengeti,2022-05-23,27.04,17.8,8.94,8.92,46.31
serengeti,2022-05-24,32.32,18.04,7.08,8.16,50.47
serengeti,2022-05-25,28.21,17.35,8.31,13.6,53.79
serengeti,2022-05-26,31.31,16.73,9.37,10.56,49.62
serengeti,2022-05-27,28.19,20.84,10.95,5.03,48.42
serengeti,2022-05-28,28.41,18.63,6.51,17.99,60.97
serengeti,2022-05-29,33.24,14.61,5.4,19.97,61.97
serengeti,2022-05-30,29.26,15.83,10.8,11.75,41.42
serengeti,2022-05-31,25.21,21.04,1.71,21.23,24.58
serengeti,2022-06-01,29.06,12.02,2.62,13.55,58.68
serengeti,2022-06-02,28.69,15.59,7.83,16.11,46.6
serengeti,2022-06-03,27.9,14.23,8.58,14.78,59.96
serengeti,2022-06-04,26.24,14.63,2.23,12.92,63.1
serengeti,2022-06-05,27.34,13.06,6.95,10.15,67.11
serengeti,2022-06-06,32.06,17.23,4.3,13.54,0.0
serengeti,2022-06-07,27.42,17.83,3.68,8.65,76.68
serengeti,2022-06-08,29.12,16.37,5.36,7.57,41.59
serengeti,2022-06-09,27.38,15.99,8.22,9.97,30.48
serengeti,2022-06-10,26.12,14.93,9.26,14.38,38.95
serengeti,2022-06-11,27.35,17.89,9.82,12.84,22.96
serengeti,2022-06-12,30.03,17.92,6.19,10.17,60.9
serengeti,2022-06-13,30.47,18.76,2.78,14.61,68.65
serengeti,2022-06-14,27.43,13.6,3.98,14.82,41.79
serengeti,2022-06-15,27.35,14.82,4.05,9.68,62.75
serengeti,2022-06-16,32.75,15.68,0.0,10.87,56.16
serengeti,2022-06-17,29.17,17.2,0.2,12.97,55.55
serengeti,2022-06-18,30.23,15.22,0.0,12.42,24.88
serengeti,2022-06-19,29.39,16.96,2.44,9.12,56.24
serengeti,2022-06-20,31.05,12.54,0.59,13.38,65.75
serengeti,2022-06-21,27.88,16.83,5.1,12.13,40.2
serengeti,2022-06-22,28.46,14.43,2.5,12.61,69.07
serengeti,2022-06-23,27.25,13.45,9.91,7.09,61.05
serengeti,2022-06-24,25.41,15.49,6.49,14.8,80.1
serengeti,2022-06-25,26.98,16.6,0.0,13.11,43.77
serengeti,2022-06-26,23.6,13.29,0.0,15.76,61.77
serengeti,2022-06-27,25.99,18.12,2.44,14.38,61.77
serengeti,2022-06-28,28.47,14.13,1.77,15.9,39.02
serengeti,2022-06-29,30.23,19.76,2.02,12.27,19.41
serengeti,2022-06-30,25.21,13.4,0.0,8.24,38.06
serengeti,2022-07-01,29.03,13.71,4.89,14.99,62.92
serengeti,2022-07-02,26.93,13.53,1.81,11.35,59.09
serengeti,2022-07-03,27.11,15.16,0.0,13.63,54.76
serengeti,2022-07-04,29.34,17.36,0.0,9.81,55.87
serengeti,2022-07-05,28.36,14.09,2.57,13.34,55.49
serengeti,2022-07-06,24.68,14.88,12.25,8.04,37.86
serengeti,2022-07-07,26.71,14.13,1.37,15.15,58.46
serengeti,2022-07-08,26.34,16.12,6.22,12.26,33.58
serengeti,2022-07-09,28.68,15.49,7.29,14.07,42.22
serengeti,2022-07-10,29.06,20.1,0.72,9.17,39.69
serengeti,2022-07-11,28.25,15.57,3.59,11.72,64.89
serengeti,2022-07-12,26.71,15.84,0.0,13.6,37.25
serengeti,2022-07-13,24.97,16.34,0.0,13.36,38.79
serengeti,2022-07-14,25.55,11.67,2.96,12.73,46.35
serengeti,2022-07-15,26.71,13.21,2.62,9.88,41.66
serengeti,2022-07-16,27.31,15.54,0.0,11.59,26.46
serengeti,2022-07-17,26.13,17.44,7.32,10.84,57.44
serengeti,2022-07-18,29.2,14.09,4.02,7.14,11.83
serengeti,2022-07-19,28.25,14.35,0.0,9.68,49.87
serengeti,2022-07-20,30.06,13.84,0.1,10.59,58.72
serengeti,2022-07-21,24.11,15.15,2.81,9.97,31.57
serengeti,2022-07-22,28.07,17.53,4.65,11.4,29.97
serengeti,2022-07-23,28.72,13.8,3.71,12.53,23.39
serengeti,2022-07-24,24.56,16.95,3.33,11.46,29.59
serengeti,2022-07-25,26.91,10.71,5.21,10.24,19.8
serengeti,2022-07-26,26.29,16.21,0.0,14.0,67.52
serengeti,2022-07-27,25.86,14.92,1.22,8.07,24.1
serengeti,2022-07-28,24.03,14.06,0.0,9.09,48.96
serengeti,2022-07-29,25.32,15.93,8.24,8.2,67.74
serengeti,2022-07-30,24.68,14.32,3.55,12.79,4.75
serengeti,2022-07-31,27.83,10.73,3.55,12.72,54.26
serengeti,2022-08-01,28.89,13.95,4.2,12.48,26.64
serengeti,2022-08-02,24.03,14.23,0.97,16.43,43.34
serengeti,2022-08-03,27.4,13.73,0.0,9.04,35.02
serengeti,2022-08-04,26.03,13.5,1.46,11.29,27.12
serengeti,2022-08-05,26.43,13.37,3.29,12.71,35.52
serengeti,2022-08-06,24.92,13.48,9.61,10.16,32.37
serengeti,2022-08-07,24.18,12.77,6.66,12.83,55.49
serengeti,2022-08-08,28.54,13.5,0.0,13.64,30.87
serengeti,2022-08-09,24.59,14.91,3.8,13.21,39.86
serengeti,2022-08-10,27.18,10.32,4.63,15.76,33.45
serengeti,2022-08-11,26.95,13.42,0.0,15.9,27.86
serengeti,2022-08-12,25.14,13.83,0.0,12.49,40.37
serengeti,2022-08-13,26.61,13.95,0.0,8.85,45.84
serengeti,2022-08-14,24.55,11.8,0.0,20.63,31.63
serengeti,2022-08-15,26.2,14.43,0.0,7.46,66.29
serengeti,2022-08-16,21.79,13.76,0.15,10.52,46.77
serengeti,2022-08-17,24.12,12.73,4.09,13.37,48.52
serengeti,2022-08-18,25.3,12.33,0.0,11.63,46.51
serengeti,2022-08-19,22.04,14.36,0.0,11.45,67.15
serengeti,2022-08-20,22.8,10.93,0.0,12.0,47.76
serengeti,2022-08-21,21.95,14.24,5.79,13.07,62.25
serengeti,2022-08-22,26.16,14.24,3.58,7.36,46.4
serengeti,2022-08-23,22.37,10.5,0.0,13.1,31.59
serengeti,2022-08-24,22.76,13.68,0.96,11.13,11.42
serengeti,2022-08-25,23.87,11.56,0.0,12.9,44.59
serengeti,2022-08-26,26.47,16.71,0.0,10.7,15.08
serengeti,2022-08-27,19.14,11.31,0.0,7.38,35.98
serengeti,2022-08-28,23.85,16.18,6.6,12.36,34.07
serengeti,2022-08-29,26.9,13.01,2.15,6.49,33.05
serengeti,2022-08-30,22.91,14.0,0.0,12.03,47.11
serengeti,2022-08-31,25.27,14.0,3.96,17.99,17.17
serengeti,2022-09-01,25.69,10.58,2.85,8.62,47.47
serengeti,2022-09-02,21.49,12.4,0.0,7.65,15.93
serengeti,2022-09-03,23.92,12.62,5.02,10.91,47.67
serengeti,2022-09-04,23.27,10.47,0.0,9.36,35.98
serengeti,2022-09-05,24.84,12.92,5.48,11.2,42.88
serengeti,2022-09-06,25.54,13.38,2.36,8.4,61.97
serengeti,2022-09-07,25.04,10.98,0.68,6.98,15.93
serengeti,2022-09-08,25.6,15.74,0.0,1.58,6.76
serengeti,2022-09-09,22.69,11.7,0.0,6.79,39.61
serengeti,2022-09-10,23.8,10.72,0.0,10.71,22.22
serengeti,2022-09-11,25.74,15.08,0.0,13.03,49.0
serengeti,2022-09-12,25.3,11.21,0.0,11.92,19.01
serengeti,2022-09-13,20.95,11.83,0.0,12.16,44.9
serengeti,2022-09-14,24.84,14.81,1.04,12.3,36.27
serengeti,2022-09-15,21.53,11.87,0.0,8.19,21.48
serengeti,2022-09-16,21.79,15.05,0.0,4.27,49.32
serengeti,2022-09-17,26.27,13.12,0.0,9.61,17.11
serengeti,2022-09-18,25.78,11.95,0.0,5.27,33.11
serengeti,2022-09-19,22.76,13.8,4.73,10.66,21.41
serengeti,2022-09-20,24.38,11.87,0.0,9.7,39.71
serengeti,2022-09-21,25.05,15.14,0.0,16.06,37.34
serengeti,2022-09-22,22.38,13.02,7.0,13.75,30.98
serengeti,2022-09-23,19.57,14.26,0.0,11.52,10.08
serengeti,2022-09-24,24.67,10.43,0.0,8.3,27.09
serengeti,2022-09-25,27.03,11.64,2.75,5.66,19.12
serengeti,2022-09-26,22.76,10.49,0.0,16.17,24.56
serengeti,2022-09-27,23.95,15.54,0.0,9.64,22.74
serengeti,2022-09-28,26.14,12.38,0.0,11.13,49.69
serengeti,2022-09-29,26.84,11.2,1.24,7.65,31.53
serengeti,2022-09-30,24.81,11.99,1.25,15.06,39.89
serengeti,2022-10-01,23.04,11.57,5.1,7.23,46.95
serengeti,2022-10-02,24.28,16.12,4.56,8.78,15.25
serengeti,2022-10-03,23.31,13.84,0.0,11.13,64.79
serengeti,2022-10-04,23.26,10.71,4.94,12.97,30.26
serengeti,2022-10-05,25.15,12.07,3.78,8.95,6.05
serengeti,2022-10-06,24.79,13.26,0.0,10.18,34.92
serengeti,2022-10-07,24.84,13.63,3.29,8.02,35.11
serengeti,2022-10-08,23.43,12.96,10.46,9.72,17.71
serengeti,2022-10-09,26.9,11.07,0.0,11.52,68.62
serengeti,2022-10-10,22.39,14.0,0.0,14.48,5.23
serengeti,2022-10-11,20.46,12.97,0.0,10.35,35.04
serengeti,2022-10-12,22.72,13.78,1.05,6.44,35.27
serengeti,2022-10-13,24.75,9.06,2.29,15.05,47.63
serengeti,2022-10-14,23.6,13.34,0.56,12.14,43.14
serengeti,2022-10-15,21.91,15.16,1.35,11.3,26.31
serengeti,2022-10-16,26.62,12.85,3.29,15.49,16.68
serengeti,2022-10-17,20.02,12.52,0.0,14.73,42.08
serengeti,2022-10-18,23.69,11.46,0.0,6.9,24.78
serengeti,2022-10-19,23.86,9.21,2.32,9.51,40.38
serengeti,2022-10-20,28.7,12.89,1.82,5.84,26.9
serengeti,2022-10-21,25.88,11.94,0.0,9.88,30.15
serengeti,2022-10-22,25.1,15.24,0.85,10.86,57.72
serengeti,2022-10-23,28.5,10.79,0.0,4.8,12.04
serengeti,2022-10-24,25.48,13.1,3.39,9.7,18.56
serengeti,2022-10-25,25.9,13.66,2.32,8.64,38.54
serengeti,2022-10-26,23.14,13.58,1.18,13.38,19.16
serengeti,2022-10-27,26.79,11.46,0.0,15.11,53.61
serengeti,2022-10-28,22.2,12.32,0.0,13.54,0.0
serengeti,2022-10-29,22.93,13.67,2.5,9.4,10.24
serengeti,2022-10-30,27.46,12.64,10.39,12.6,28.93
serengeti,2022-10-31,24.12,13.6,0.37,8.92,41.84
serengeti,2022-11-01,24.59,10.15,0.0,7.59,25.32
serengeti,2022-11-02,27.91,12.52,6.81,7.73,33.61
serengeti,2022-11-03,22.94,14.26,5.89,13.48,52.9
serengeti,2022-11-04,24.41,12.76,5.56,15.44,46.78
serengeti,2022-11-05,21.43,9.36,0.0,9.87,28.57
serengeti,2022-11-06,25.96,13.41,0.0,12.25,35.11
serengeti,2022-11-07,26.0,12.77,0.0,8.42,25.65
serengeti,2022-11-08,25.08,11.62,0.0,12.86,70.16
serengeti,2022-11-09,22.86,14.89,0.72,5.48,13.86
serengeti,2022-11-10,25.37,14.71,0.0,13.81,24.27
serengeti,2022-11-11,22.98,12.21,0.32,14.0,48.28
serengeti,2022-11-12,21.7,13.66,1.6,8.43,33.44
serengeti,2022-11-13,26.51,13.21,0.0,14.53,54.73
serengeti,2022-11-14,24.89,12.0,0.0,1.28,66.05
serengeti,2022-11-15,23.83,15.51,0.0,9.44,38.83
serengeti,2022-11-16,25.84,12.34,0.0,13.18,28.43
serengeti,2022-11-17,22.14,13.04,0.82,10.1,11.32
serengeti,2022-11-18,26.56,12.73,0.0,5.28,13.81
serengeti,2022-11-19,25.94,13.88,0.0,11.02,0.0
serengeti,2022-11-20,21.74,16.35,2.26,8.06,33.41
serengeti,2022-11-21,27.21,15.33,3.76,14.53,57.81
serengeti,2022-11-22,29.58,17.07,2.18,5.3,19.29
serengeti,2022-11-23,27.72,15.05,4.16,10.5,44.9
serengeti,2022-11-24,27.49,14.52,3.01,6.02,43.34
serengeti,2022-11-25,24.73,8.98,0.0,10.88,16.49
serengeti,2022-11-26,21.22,14.34,0.0,7.3,49.03
serengeti,2022-11-27,24.76,12.68,3.22,10.2,34.88
serengeti,2022-11-28,24.72,11.81,0.0,8.99,62.67
serengeti,2022-11-29,24.63,12.86,3.44,9.05,30.73
serengeti,2022-11-30,24.15,13.02,0.0,11.12,60.05
serengeti,2022-12-01,25.81,11.57,6.3,12.98,0.0
serengeti,2022-12-02,23.95,13.13,1.43,11.17,40.35
serengeti,2022-12-03,23.59,17.7,0.0,10.4,2.92
serengeti,2022-12-04,24.85,11.2,0.0,14.45,5.68
serengeti,2022-12-05,25.1,14.45,2.18,8.36,42.07
serengeti,2022-12-06,24.33,14.49,0.0,12.59,11.75
serengeti,2022-12-07,28.07,14.61,8.34,9.98,11.43
serengeti,2022-12-08,26.4,13.97,0.0,17.58,27.3
serengeti,2022-12-09,26.96,14.85,2.11,8.55,44.79
serengeti,2022-12-10,27.43,11.52,7.65,7.94,45.32
serengeti,2022-12-11,24.72,13.17,3.03,10.71,42.0
serengeti,2022-12-12,29.15,13.68,0.0,10.4,40.28
serengeti,2022-12-13,27.18,17.66,0.0,11.64,20.44
serengeti,2022-12-14,26.77,13.4,5.81,11.18,18.17
serengeti,2022-12-15,23.41,12.44,7.96,10.89,56.16
serengeti,2022-12-16,23.97,15.58,0.0,15.24,39.05
serengeti,2022-12-17,26.93,16.05,0.0,15.26,48.01
serengeti,2022-12-18,23.82,14.33,0.0,11.37,34.63
serengeti,2022-12-19,25.0,11.1,2.86,10.99,39.56
serengeti,2022-12-20,26.33,14.39,9.15,11.73,48.16
serengeti,2022-12-21,25.37,13.2,5.48,12.74,41.32
serengeti,2022-12-22,27.64,14.7,2.66,6.4,23.92
serengeti,2022-12-23,28.07,13.08,3.01,15.56,31.66
serengeti,2022-12-24,24.11,14.3,4.31,14.18,11.56
serengeti,2022-12-25,25.42,13.35,0.0,10.53,48.77
serengeti,2022-12-26,25.72,11.0,3.48,9.36,30.1
serengeti,2022-12-27,25.9,16.45,11.97,7.82,43.16
serengeti,2022-12-28,27.09,12.72,0.0,13.24,28.68
serengeti,2022-12-29,21.37,14.8,0.0,17.23,41.43
serengeti,2022-12-30,26.44,17.57,9.0,4.0,68.05
serengeti,2022-12-31,21.66,13.25,0.45,11.51,35.85
serengeti,2023-01-01,27.68,15.66,3.16,6.52,45.88
serengeti,2023-01-02,25.72,12.95,5.86,10.36,58.02
serengeti,2023-01-03,27.02,15.71,6.26,10.48,56.91
serengeti,2023-01-04,26.23,13.88,9.2,15.99,35.16
serengeti,2023-01-05,28.67,11.22,5.15,12.39,63.23
serengeti,2023-01-06,25.42,16.08,4.52,14.22,57.82
serengeti,2023-01-07,26.36,14.53,7.19,10.33,50.37
serengeti,2023-01-08,28.15,15.58,0.0,12.74,10.24
serengeti,2023-01-09,31.18,15.14,9.8,12.55,57.32
serengeti,2023-01-10,25.56,13.63,0.0,17.97,52.07
serengeti,2023-01-11,29.34,16.84,3.49,11.68,64.88
serengeti,2023-01-12,24.71,15.66,4.26,12.8,60.83
serengeti,2023-01-13,25.69,13.92,5.88,15.59,54.12
serengeti,2023-01-14,30.53,15.05,0.0,10.08,26.55
serengeti,2023-01-15,27.7,17.94,0.0,7.62,14.51
serengeti,2023-01-16,27.42,14.77,6.11,11.02,59.76
serengeti,2023-01-17,26.65,14.85,9.47,14.19,61.12
serengeti,2023-01-18,26.35,17.79,1.85,11.29,38.49
serengeti,2023-01-19,26.54,19.6,1.67,12.8,37.16
serengeti,2023-01-20,29.96,13.72,2.1,10.74,36.24
serengeti,2023-01-21,25.63,15.2,8.11,11.94,41.99
serengeti,2023-01-22,25.37,15.25,10.09,8.73,40.62
serengeti,2023-01-23,25.99,17.21,3.82,14.58,54.99
serengeti,2023-01-24,27.08,18.51,5.18,14.54,42.63
serengeti,2023-01-25,23.85,15.11,1.88,17.27,31.01
serengeti,2023-01-26,25.75,12.31,3.93,9.36,62.14
serengeti,2023-01-27,28.55,15.53,5.82,18.6,51.64
serengeti,2023-01-28,28.68,15.47,7.83,11.36,67.61
serengeti,2023-01-29,30.58,17.45,1.09,6.58,55.33
serengeti,2023-01-30,28.58,13.38,7.49,16.1,46.18
serengeti,2023-01-31,29.37,14.81,0.28,16.15,37.06
serengeti,2023-02-01,30.67,17.8,0.0,11.36,78.39
serengeti,2023-02-02,27.45,16.55,8.56,9.59,55.08
serengeti,2023-02-03,30.34,16.08,6.05,4.62,48.3
serengeti,2023-02-04,29.39,16.65,11.24,8.66,36.52
serengeti,2023-02-05,27.96,15.66,0.32,10.27,29.62
serengeti,2023-02-06,30.02,13.82,8.39,15.1,45.16
serengeti,2023-02-07,25.56,15.9,3.31,13.82,75.93
serengeti,2023-02-08,28.3,16.16,9.55,13.44,68.16
serengeti,2023-02-09,28.3,19.52,5.57,11.61,23.71
serengeti,2023-02-10,30.45,15.52,3.75,12.91,39.48
serengeti,2023-02-11,28.73,17.03,1.51,15.16,44.87
serengeti,2023-02-12,29.52,16.75,6.7,14.78,50.79
serengeti,2023-02-13,30.57,18.06,5.25,14.0,60.73
serengeti,2023-02-14,28.68,16.11,3.02,16.16,32.18
serengeti,2023-02-15,25.38,14.62,9.49,9.49,65.77
serengeti,2023-02-16,29.03,22.3,7.83,9.91,48.79
serengeti,2023-02-17,26.66,13.43,0.0,15.67,57.52
serengeti,2023-02-18,29.19,15.01,2.64,11.7,60.11
serengeti,2023-02-19,29.31,15.88,7.45,12.38,50.48
serengeti,2023-02-20,31.58,19.57,2.86,11.01,58.13
serengeti,2023-02-21,29.09,15.34,1.0,11.6,52.49
serengeti,2023-02-22,28.66,14.44,0.08,11.35,62.02
serengeti,2023-02-23,27.88,17.03,0.81,18.07,60.75
serengeti,2023-02-24,29.53,18.68,7.58,13.68,66.72
serengeti,2023-02-25,31.45,14.04,4.26,14.44,79.14
serengeti,2023-02-26,27.0,17.43,0.0,8.89,48.2
serengeti,2023-02-27,30.33,17.1,2.27,10.99,63.38
serengeti,2023-02-28,28.44,14.9,3.75,11.04,51.74
serengeti,2023-03-01,28.89,14.32,7.37,14.75,59.08
serengeti,2023-03-02,27.78,16.94,0.97,11.2,52.46
serengeti,2023-03-03,27.32,14.99,0.0,14.99,57.48
serengeti,2023-03-04,29.82,16.14,6.45,8.5,40.34
serengeti,2023-03-05,29.73,18.89,7.05,10.44,46.13
serengeti,2023-03-06,29.15,17.03,11.18,8.95,84.55
serengeti,2023-03-07,30.31,16.05,10.55,13.44,94.41
serengeti,2023-03-08,26.88,20.46,2.92,10.37,66.04
serengeti,2023-03-09,30.02,17.43,8.66,12.97,46.41
serengeti,2023-03-10,30.67,15.58,8.74,9.2,70.88
serengeti,2023-03-11,28.16,17.75,2.25,8.86,87.77
serengeti,2023-03-12,29.91,18.6,6.59,11.45,49.7
serengeti,2023-03-13,31.29,17.89,4.83,18.36,56.11
serengeti,2023-03-14,28.07,18.51,5.79,9.21,58.49
serengeti,2023-03-15,30.89,18.92,4.62,12.92,66.35
serengeti,2023-03-16,29.47,16.5,11.94,14.93,56.62
serengeti,2023-03-17,30.8,19.23,10.25,14.16,62.31
serengeti,2023-03-18,29.79,19.62,10.33,11.23,63.44
serengeti,2023-03-19,27.45,17.21,11.69,10.62,32.31
serengeti,2023-03-20,29.01,20.89,3.66,13.8,47.39
serengeti,2023-03-21,29.7,16.12,5.42,17.03,38.49
serengeti,2023-03-22,26.78,16.27,8.46,12.5,64.38
serengeti,2023-03-23,34.27,14.56,2.6,14.75,49.08
serengeti,2023-03-24,29.29,17.06,11.22,13.66,47.57
serengeti,2023-03-25,29.94,15.98,3.96,18.49,49.17
serengeti,2023-03-26,29.28,16.03,0.0,10.56,53.44
serengeti,2023-03-27,28.12,17.98,4.58,17.02,62.37
serengeti,2023-03-28,30.43,15.79,4.7,10.59,59.69
serengeti,2023-03-29,30.22,16.16,8.0,12.86,68.34
serengeti,2023-03-30,25.3,19.33,0.0,17.07,73.07
serengeti,2023-03-31,29.45,14.91,7.19,16.52,30.01
serengeti,2023-04-01,30.39,18.95,7.26,10.02,73.85
serengeti,2023-04-02,28.27,20.82,12.77,13.96,48.5
serengeti,2023-04-03,26.99,19.75,4.76,17.14,53.72
serengeti,2023-04-04,32.02,15.72,7.53,15.59,84.95
serengeti,2023-04-05,29.65,14.02,5.44,10.39,52.98
serengeti,2023-04-06,26.4,16.33,6.45,13.13,63.91
serengeti,2023-04-07,30.83,16.08,3.86,15.3,52.13
serengeti,2023-04-08,27.7,13.6,16.0,13.17,63.29
serengeti,2023-04-09,33.13,15.29,5.16,10.4,82.48
serengeti,2023-04-10,29.0,16.47,6.36,14.3,53.18
serengeti,2023-04-11,26.01,18.21,10.73,19.85,54.04
serengeti,2023-04-12,32.5,17.48,3.92,14.14,81.83
serengeti,2023-04-13,29.96,16.82,13.14,8.78,50.13
serengeti,2023-04-14,28.7,18.11,8.0,10.11,74.58
serengeti,2023-04-15,30.26,17.19,8.45,16.81,58.4
serengeti,2023-04-16,30.98,16.69,7.06,15.29,57.47
serengeti,2023-04-17,33.78,13.57,7.22,15.06,74.38
serengeti,2023-04-18,28.76,15.59,5.7,15.47,54.63
serengeti,2023-04-19,28.18,17.31,10.26,18.89,71.49
serengeti,2023-04-20,35.56,14.18,0.23,15.8,62.24
serengeti,2023-04-21,27.48,18.94,10.26,13.1,39.56
serengeti,2023-04-22,29.61,17.14,8.35,13.29,64.9
serengeti,2023-04-23,28.67,20.39,15.2,15.15,60.27
serengeti,2023-04-24,28.08,17.26,10.45,7.75,37.1
serengeti,2023-04-25,29.0,17.71,2.32,20.08,49.19
serengeti,2023-04-26,28.13,14.98,7.84,12.99,68.15
serengeti,2023-04-27,30.62,19.56,13.43,10.7,58.99
serengeti,2023-04-28,29.8,17.89,6.07,13.78,35.21
serengeti,2023-04-29,29.15,16.91,3.84,12.11,87.7
serengeti,2023-04-30,30.65,18.0,10.68,19.83,68.65
serengeti,2023-05-01,26.02,16.79,6.47,13.97,34.3
serengeti,2023-05-02,29.75,15.28,4.17,14.77,48.06
serengeti,2023-05-03,29.03,15.78,0.83,16.04,74.24
serengeti,2023-05-04,29.54,17.32,8.57,12.05,70.45
serengeti,2023-05-05,30.65,19.86,0.41,13.55,71.62
serengeti,2023-05-06,30.15,15.87,10.0,14.63,18.97
serengeti,2023-05-07,31.91,18.07,7.88,15.43,74.89
serengeti,2023-05-08,29.1,14.99,2.18,10.3,68.56
serengeti,2023-05-09,29.48,17.75,11.07,11.47,88.57
serengeti,2023-05-10,30.23,17.6,5.52,5.18,53.48
serengeti,2023-05-11,26.33,15.38,3.21,11.87,59.3
serengeti,2023-05-12,32.25,17.73,0.88,14.24,83.71
serengeti,2023-05-13,30.58,14.29,1.99,16.7,66.54
serengeti,2023-05-14,28.43,16.64,7.24,15.63,30.56
serengeti,2023-05-15,28.87,16.15,5.09,11.22,68.38
serengeti,2023-05-16,31.29,18.95,5.51,12.36,43.79
serengeti,2023-05-17,28.1,16.09,4.72,16.16,55.02
serengeti,2023-05-18,31.31,18.85,14.23,12.51,65.06
serengeti,2023-05-19,31.56,18.79,10.76,12.82,53.53
serengeti,2023-05-20,28.27,20.21,13.19,17.46,55.54
serengeti,2023-05-21,27.47,12.03,3.98,15.86,68.66
serengeti,2023-05-22,31.37,17.02,9.18,10.56,49.46
serengeti,2023-05-23,30.53,18.94,3.21,11.74,72.03
serengeti,2023-05-24,29.28,17.19,0.0,18.54,71.49
serengeti,2023-05-25,29.56,16.47,1.27,14.5,69.45
serengeti,2023-05-26,28.48,17.24,12.0,17.16,67.72
serengeti,2023-05-27,29.33,15.11,7.12,9.95,82.51
serengeti,2023-05-28,30.92,19.27,10.57,14.79,82.84
serengeti,2023-05-29,31.06,16.17,0.65,15.26,45.09
serengeti,2023-05-30,30.81,15.71,5.4,16.97,14.88
serengeti,2023-05-31,28.57,12.12,4.74,17.1,48.63
serengeti,2023-06-01,26.56,17.64,0.0,12.04,81.15
serengeti,2023-06-02,33.34,13.88,11.11,14.17,52.96
serengeti,2023-06-03,26.49,18.81,8.14,12.53,65.76
serengeti,2023-06-04,29.25,18.08,3.11,15.14,57.51
serengeti,2023-06-05,28.76,15.77,10.71,8.68,45.63
serengeti,2023-06-06,32.34,12.53,0.0,7.28,70.96
serengeti,2023-06-07,31.4,14.74,5.4,13.94,61.84
serengeti,2023-06-08,24.15,16.32,4.44,13.02,64.34
serengeti,2023-06-09,25.08,16.17,3.38,13.84,85.48
serengeti,2023-06-10,31.24,14.73,10.02,12.03,42.18
serengeti,2023-06-11,30.09,18.82,4.99,16.22,55.53
serengeti,2023-06-12,26.94,14.27,0.44,14.48,39.32
serengeti,2023-06-13,28.94,12.29,5.96,11.49,54.47
serengeti,2023-06-14,27.74,17.24,2.04,12.44,38.04
serengeti,2023-06-15,27.74,17.13,3.5,7.36,43.61
serengeti,2023-06-16,29.2,15.33,7.86,19.67,57.49
serengeti,2023-06-17,29.19,15.35,1.36,11.99,67.29
serengeti,2023-06-18,27.58,15.39,5.61,14.58,54.54
serengeti,2023-06-19,27.2,15.03,2.37,13.52,44.73
serengeti,2023-06-20,27.02,17.14,5.2,12.6,54.51
serengeti,2023-06-21,26.89,15.93,6.23,13.24,50.55
serengeti,2023-06-22,25.59,14.24,12.19,6.01,34.38
serengeti,2023-06-23,29.9,17.24,7.21,14.56,59.02
serengeti,2023-06-24,33.29,17.84,9.87,11.03,49.56
serengeti,2023-06-25,27.56,15.7,3.56,14.67,39.02
serengeti,2023-06-26,27.55,15.45,0.71,14.35,54.0
serengeti,2023-06-27,33.52,17.29,0.86,12.17,18.78
serengeti,2023-06-28,24.51,18.59,6.38,16.03,22.5
serengeti,2023-06-29,26.3,14.63,12.0,18.06,56.47
serengeti,2023-06-30,28.23,15.44,3.64,9.88,21.51
serengeti,2023-07-01,27.14,15.55,10.16,10.71,85.08
serengeti,2023-07-02,26.04,14.97,0.0,6.8,48.71
serengeti,2023-07-03,31.48,15.51,5.28,12.0,28.66
serengeti,2023-07-04,29.23,20.87,2.93,13.15,37.38
serengeti,2023-07-05,28.21,14.57,2.15,9.6,48.79
serengeti,2023-07-06,29.23,17.16,3.09,11.45,46.16
serengeti,2023-07-07,27.86,13.67,1.14,18.21,24.72
serengeti,2023-07-08,28.87,14.36,4.0,13.06,49.47
serengeti,2023-07-09,28.66,9.48,4.0,11.73,17.24
serengeti,2023-07-10,23.3,14.97,5.92,13.15,65.85
serengeti,2023-07-11,26.93,12.58,3.17,13.02,34.0
serengeti,2023-07-12,26.88,15.37,3.33,5.7,37.86
serengeti,2023-07-13,24.92,14.27,3.64,11.4,58.56
serengeti,2023-07-14,25.54,11.97,1.55,10.55,52.91
serengeti,2023-07-15,26.29,14.63,0.16,15.64,58.22
serengeti,2023-07-16,26.5,14.25,2.57,10.88,55.55
serengeti,2023-07-17,29.83,18.49,0.0,16.84,46.52
serengeti,2023-07-18,28.54,15.15,0.0,14.35,24.08
serengeti,2023-07-19,26.03,12.35,0.0,15.85,17.37
serengeti,2023-07-20,28.81,15.3,0.1,9.42,43.0
serengeti,2023-07-21,25.82,15.44,3.14,12.12,39.84
serengeti,2023-07-22,22.15,13.83,0.0,17.4,51.35
serengeti,2023-07-23,25.89,14.13,1.31,7.0,29.6
serengeti,2023-07-24,28.69,15.78,3.45,13.31,26.59
serengeti,2023-07-25,29.87,12.64,3.04,14.9,38.75
serengeti,2023-07-26,26.52,17.72,3.36,11.09,34.33
serengeti,2023-07-27,25.76,16.39,0.0,12.29,17.39
serengeti,2023-07-28,26.0,15.19,3.58,15.46,40.63
serengeti,2023-07-29,25.09,12.18,1.34,16.46,74.36
serengeti,2023-07-30,25.72,16.6,8.33,6.6,41.28
serengeti,2023-07-31,24.01,12.18,1.87,14.77,56.57
serengeti,2023-08-01,23.4,14.65,4.38,7.82,63.47
serengeti,2023-08-02,25.44,13.86,0.71,13.22,40.98
serengeti,2023-08-03,25.34,15.42,0.36,6.34,47.1
serengeti,2023-08-04,23.41,13.66,0.0,6.62,31.15
serengeti,2023-08-05,25.83,12.12,0.0,18.06,21.53
serengeti,2023-08-06,26.19,12.99,0.0,13.79,27.16
serengeti,2023-08-07,26.98,13.43,5.65,4.54,60.19
serengeti,2023-08-08,20.83,16.02,1.1,7.84,32.07
serengeti,2023-08-09,26.16,14.08,5.07,8.33,36.14
serengeti,2023-08-10,27.42,11.96,6.87,9.71,25.73
serengeti,2023-08-11,26.69,15.37,0.0,8.26,39.4
serengeti,2023-08-12,26.47,14.96,4.66,6.61,50.32
serengeti,2023-08-13,24.94,12.5,0.0,9.02,64.7
serengeti,2023-08-14,23.88,12.3,0.0,10.27,7.63
serengeti,2023-08-15,25.42,13.35,1.21,7.94,32.24
serengeti,2023-08-16,26.24,12.79,1.88,13.52,45.78
serengeti,2023-08-17,26.24,15.28,2.0,7.42,48.16
serengeti,2023-08-18,28.06,13.88,8.19,12.27,51.85
serengeti,2023-08-19,23.96,11.92,6.87,11.79,27.7
serengeti,2023-08-20,25.02,13.85,2.06,9.12,9.95
serengeti,2023-08-21,25.12,13.8,0.63,8.78,56.23
serengeti,2023-08-22,22.81,11.92,6.04,13.56,41.85
serengeti,2023-08-23,23.74,12.82,0.0,8.12,36.03
serengeti,2023-08-24,24.37,14.19,2.31,13.73,45.1
serengeti,2023-08-25,24.49,15.88,0.0,10.57,34.33
serengeti,2023-08-26,23.62,14.83,1.34,14.29,43.78
serengeti,2023-08-27,27.05,12.17,9.83,5.85,3.44
serengeti,2023-08-28,25.25,16.09,5.21,10.02,44.73
serengeti,2023-08-29,26.06,12.66,1.6,8.33,47.45
serengeti,2023-08-30,23.9,14.5,3.51,15.3,38.81
serengeti,2023-08-31,22.57,15.62,0.0,10.98,24.87
serengeti,2023-09-01,25.65,14.3,3.08,8.8,32.21
serengeti,2023-09-02,18.59,12.43,0.9,7.0,48.53
serengeti,2023-09-03,25.11,13.93,5.33,7.59,42.9
serengeti,2023-09-04,19.91,13.94,2.15,11.62,39.68
serengeti,2023-09-05,26.26,11.39,0.0,12.31,42.3
serengeti,2023-09-06,20.7,12.71,6.65,15.24,41.02
serengeti,2023-09-07,22.59,14.59,0.0,10.39,23.97
serengeti,2023-09-08,25.94,12.47,7.49,4.25,31.55
serengeti,2023-09-09,21.7,11.94,0.0,11.47,48.38
serengeti,2023-09-10,24.4,9.79,0.0,11.74,32.56
serengeti,2023-09-11,27.37,10.28,0.0,8.92,15.15
serengeti,2023-09-12,26.98,17.1,0.0,12.04,19.74
serengeti,2023-09-13,25.02,11.55,3.02,10.7,19.42
serengeti,2023-09-14,27.09,11.95,0.0,11.91,13.79
serengeti,2023-09-15,24.98,15.2,2.98,5.98,17.64
serengeti,2023-09-16,22.63,11.4,0.0,11.46,58.85
serengeti,2023-09-17,21.09,12.3,1.88,5.88,28.91
serengeti,2023-09-18,24.24,14.81,0.0,7.04,55.24
serengeti,2023-09-19,24.25,13.29,0.0,10.41,47.08
serengeti,2023-09-20,27.27,10.66,2.23,8.37,13.37
serengeti,2023-09-21,24.53,12.05,4.15,8.38,24.23
serengeti,2023-09-22,26.01,14.8,1.88,10.29,17.38
serengeti,2023-09-23,25.12,12.5,5.84,10.01,39.67
serengeti,2023-09-24,24.25,13.04,0.0,5.62,32.13
serengeti,2023-09-25,21.32,13.0,0.0,9.3,7.59
serengeti,2023-09-26,21.78,15.23,0.0,12.68,26.06
serengeti,2023-09-27,24.88,11.51,1.99,10.8,31.44
serengeti,2023-09-28,24.49,10.19,0.0,16.19,34.67
serengeti,2023-09-29,20.88,14.57,0.0,11.53,14.23
serengeti,2023-09-30,22.77,10.52,0.98,14.71,21.88
serengeti,2023-10-01,20.87,10.53,0.0,6.06,31.55
serengeti,2023-10-02,26.25,14.71,0.0,9.72,32.14
serengeti,2023-10-03,24.15,12.22,1.13,6.63,15.5
serengeti,2023-10-04,25.54,13.17,0.0,7.62,28.49
serengeti,2023-10-05,21.45,9.19,0.0,15.18,23.75
serengeti,2023-10-06,23.26,14.1,0.04,4.66,41.65
serengeti,2023-10-07,22.82,11.15,0.0,12.84,25.64
serengeti,2023-10-08,23.05,14.88,0.0,11.45,38.14
serengeti,2023-10-09,27.09,12.9,6.63,11.99,42.36
serengeti,2023-10-10,25.23,14.38,3.15,9.04,39.6
serengeti,2023-10-11,25.07,13.75,0.0,14.21,43.13
serengeti,2023-10-12,23.26,12.72,1.41,10.54,26.39
serengeti,2023-10-13,23.08,11.87,0.0,11.75,11.86
serengeti,2023-10-14,24.97,11.61,5.8,3.95,11.99
serengeti,2023-10-15,28.2,15.04,0.06,6.54,37.35
serengeti,2023-10-16,23.54,9.85,0.0,8.73,59.9
serengeti,2023-10-17,21.04,10.58,0.01,11.68,20.37
serengeti,2023-10-18,23.39,12.46,0.0,6.13,50.8
serengeti,2023-10-19,24.46,9.08,0.0,4.72,9.43
serengeti,2023-10-20,26.28,12.34,5.17,10.14,31.66
serengeti,2023-10-21,25.23,13.02,1.31,6.95,7.04
serengeti,2023-10-22,24.57,14.63,0.0,10.64,19.51
serengeti,2023-10-23,22.72,15.57,0.0,8.83,13.76
serengeti,2023-10-24,24.71,10.19,4.49,11.63,46.35
serengeti,2023-10-25,20.85,13.32,5.04,5.44,58.65
serengeti,2023-10-26,25.47,14.67,0.0,8.13,4.3
serengeti,2023-10-27,21.37,13.74,0.4,8.87,17.52
serengeti,2023-10-28,24.23,14.02,0.0,12.69,65.13
serengeti,2023-10-29,23.65,12.27,0.72,8.36,57.3
serengeti,2023-10-30,26.25,12.37,0.0,9.95,39.23
serengeti,2023-10-31,22.64,11.76,0.0,6.76,26.41
serengeti,2023-11-01,20.44,13.88,5.05,11.53,16.52
serengeti,2023-11-02,24.26,15.39,4.32,11.93,24.27
serengeti,2023-11-03,25.7,14.1,0.0,9.62,21.12
serengeti,2023-11-04,27.05,11.37,1.63,8.12,46.13
serengeti,2023-11-05,23.66,11.54,0.0,8.23,27.01
serengeti,2023-11-06,26.36,11.04,0.0,9.13,34.14
serengeti,2023-11-07,24.74,11.11,3.27,11.66,70.33
serengeti,2023-11-08,25.37,13.48,1.42,9.06,30.74
serengeti,2023-11-09,25.16,11.19,0.0,13.6,30.82
serengeti,2023-11-10,21.11,12.0,9.51,9.67,49.71
serengeti,2023-11-11,21.94,14.9,0.0,6.77,44.09
serengeti,2023-11-12,22.5,12.65,0.0,15.39,38.9
serengeti,2023-11-13,23.32,12.86,0.0,8.13,6.26
serengeti,2023-11-14,23.2,13.14,9.38,7.49,64.25
serengeti,2023-11-15,24.16,14.11,0.0,9.05,44.12
serengeti,2023-11-16,24.31,12.72,5.47,13.77,44.02
serengeti,2023-11-17,23.97,9.69,0.0,13.03,52.59
serengeti,2023-11-18,27.41,13.28,0.0,11.94,50.08
serengeti,2023-11-19,26.57,12.33,2.93,11.58,30.64
serengeti,2023-11-20,23.97,16.62,9.94,11.35,63.56
serengeti,2023-11-21,27.05,11.16,0.0,11.27,25.0
serengeti,2023-11-22,29.94,14.58,6.46,11.71,3.61
serengeti,2023-11-23,25.17,13.07,0.0,9.29,29.94
serengeti,2023-11-24,22.97,17.84,1.93,7.94,14.83
serengeti,2023-11-25,24.0,14.59,0.0,12.71,39.54
serengeti,2023-11-26,26.35,16.59,1.39,7.39,23.77
serengeti,2023-11-27,23.53,8.85,3.03,10.52,37.96
serengeti,2023-11-28,23.52,13.4,4.2,8.51,30.56
serengeti,2023-11-29,24.73,12.41,4.03,8.13,39.38
serengeti,2023-11-30,27.0,15.09,0.56,12.46,23.52
serengeti,2023-12-01,26.21,14.4,0.0,11.43,27.13
serengeti,2023-12-02,27.91,14.89,5.21,14.27,11.6
serengeti,2023-12-03,22.59,13.78,6.98,9.53,41.15
serengeti,2023-12-04,24.35,15.55,0.0,12.22,48.37
serengeti,2023-12-05,23.59,13.92,0.55,8.39,46.79
serengeti,2023-12-06,23.64,12.81,0.0,11.62,26.39
serengeti,2023-12-07,25.08,14.08,2.43,7.32,42.17
serengeti,2023-12-08,26.26,16.15,0.0,8.47,27.65
serengeti,2023-12-09,24.32,14.9,2.04,12.06,29.86
serengeti,2023-12-10,26.81,14.67,5.26,5.9,6.77
serengeti,2023-12-11,22.88,15.04,0.0,14.42,41.6
serengeti,2023-12-12,27.44,14.5,0.0,11.37,39.33
serengeti,2023-12-13,24.45,13.31,1.6,9.59,43.79
serengeti,2023-12-14,28.0,14.34,0.0,11.87,72.92
serengeti,2023-12-15,28.04,10.12,3.39,12.97,20.79
serengeti,2023-12-16,23.53,9.82,0.0,16.89,58.28
serengeti,2023-12-17,25.63,15.5,3.21,6.78,46.65
serengeti,2023-12-18,25.16,12.28,1.54,9.29,30.71
serengeti,2023-12-19,24.96,12.17,0.0,14.76,53.15
serengeti,2023-12-20,27.05,14.66,0.0,10.63,40.5
serengeti,2023-12-21,26.39,14.09,3.36,12.44,45.32
serengeti,2023-12-22,24.96,14.78,9.7,5.41,28.73
serengeti,2023-12-23,25.09,12.52,5.04,12.66,36.27
serengeti,2023-12-24,28.35,15.21,4.93,11.18,22.99
serengeti,2023-12-25,23.16,13.57,0.58,11.58,52.67
serengeti,2023-12-26,25.48,16.69,2.25,12.01,70.31
serengeti,2023-12-27,28.13,13.66,0.0,8.18,33.45
serengeti,2023-12-28,24.96,15.36,0.0,9.02,47.5
serengeti,2023-12-29,26.55,13.2,4.54,15.53,33.74
serengeti,2023-12-30,26.55,18.1,0.0,10.67,16.89
serengeti,2023-12-31,26.26,14.4,1.75,17.49,38.26
serengeti,2024-01-01,26.35,15.18,0.0,15.02,42.51
serengeti,2024-01-02,23.63,16.28,1.7,12.0,58.75
serengeti,2024-01-03,25.63,14.26,0.0,11.77,54.83
serengeti,2024-01-04,26.11,18.96,0.0,11.35,47.94
serengeti,2024-01-05,30.41,16.54,4.48,10.79,51.54
serengeti,2024-01-06,25.14,12.42,2.79,11.0,18.24
serengeti,2024-01-07,21.4,15.63,6.1,18.77,89.08
serengeti,2024-01-08,30.19,16.15,9.03,11.6,18.27
serengeti,2024-01-09,27.94,16.23,4.85,15.36,67.58
serengeti,2024-01-10,27.08,13.13,6.36,10.79,29.6
serengeti,2024-01-11,26.44,14.61,6.37,7.16,46.15
serengeti,2024-01-12,24.41,16.82,10.22,9.93,65.43
serengeti,2024-01-13,30.17,14.13,0.0,11.79,71.85
serengeti,2024-01-14,26.71,13.46,2.16,11.59,45.58
serengeti,2024-01-15,25.8,13.55,1.18,13.01,37.05
serengeti,2024-01-16,31.7,13.97,3.66,11.29,31.45
serengeti,2024-01-17,27.36,11.78,0.72,6.88,40.32
serengeti,2024-01-18,28.96,13.58,0.0,14.1,36.54
serengeti,2024-01-19,31.61,15.97,1.4,11.66,70.51
serengeti,2024-01-20,27.86,17.32,0.01,11.38,33.2
serengeti,2024-01-21,27.38,14.65,0.76,12.92,27.16
serengeti,2024-01-22,26.52,15.61,0.0,14.75,38.68
serengeti,2024-01-23,27.54,15.31,12.04,14.36,76.27
serengeti,2024-01-24,29.93,15.0,0.65,12.74,37.36
serengeti,2024-01-25,27.0,13.43,8.14,15.64,57.85
serengeti,2024-01-26,29.45,13.17,8.14,14.39,61.0
serengeti,2024-01-27,27.19,17.72,4.5,9.91,32.17
serengeti,2024-01-28,29.15,15.4,0.33,10.95,50.62
serengeti,2024-01-29,30.21,16.79,8.5,11.89,51.46
serengeti,2024-01-30,27.5,15.71,8.0,18.1,58.78
serengeti,2024-01-31,31.77,18.02,7.77,13.03,63.51
serengeti,2024-02-01,30.61,13.38,7.96,9.36,41.2
serengeti,2024-02-02,27.9,15.29,6.44,15.55,46.01
serengeti,2024-02-03,27.04,14.98,7.03,11.01,50.4
serengeti,2024-02-04,23.62,14.39,8.31,19.67,91.43
serengeti,2024-02-05,30.23,11.71,2.11,13.92,31.36
serengeti,2024-02-06,29.72,15.92,4.33,6.99,49.65
serengeti,2024-02-07,28.04,16.8,0.0,12.23,54.99
serengeti,2024-02-08,23.95,18.55,10.66,12.36,39.19
serengeti,2024-02-09,25.21,15.24,6.6,12.07,63.46
serengeti,2024-02-10,25.58,13.89,0.0,15.57,39.59
serengeti,2024-02-11,29.36,14.08,0.0,14.55,52.24
serengeti,2024-02-12,28.07,14.69,5.42,16.57,36.0
serengeti,2024-02-13,29.96,16.32,4.3,14.71,34.89
serengeti,2024-02-14,26.37,14.3,3.05,14.38,47.78
serengeti,2024-02-15,28.51,16.11,6.33,9.47,46.63
serengeti,2024-02-16,29.42,14.13,9.05,13.95,55.46
serengeti,2024-02-17,31.81,15.84,10.1,14.97,58.08
serengeti,2024-02-18,28.51,19.81,10.97,14.51,78.4
serengeti,2024-02-19,29.48,16.67,5.5,14.72,44.29
serengeti,2024-02-20,26.08,14.44,12.21,8.58,23.94
serengeti,2024-02-21,26.96,21.3,3.65,14.15,32.38
serengeti,2024-02-22,29.36,18.21,6.72,11.99,48.15
serengeti,2024-02-23,31.4,17.55,7.42,15.06,37.15
serengeti,2024-02-24,27.72,15.9,8.58,16.53,61.12
serengeti,2024-02-25,27.68,17.8,1.17,15.81,26.82
serengeti,2024-02-26,25.69,17.65,8.93,12.73,37.96
serengeti,2024-02-27,25.35,14.69,8.13,10.99,38.3
serengeti,2024-02-28,24.38,18.38,0.06,13.5,45.15
serengeti,2024-02-29,30.91,18.02,6.34,13.12,44.54
serengeti,2024-03-01,28.61,16.41,4.95,16.17,55.68
serengeti,2024-03-02,29.86,15.48,13.44,16.38,60.45
serengeti,2024-03-03,28.39,18.98,7.45,15.67,54.72
serengeti,2024-03-04,30.67,15.82,4.43,12.39,56.29
serengeti,2024-03-05,30.65,16.63,3.91,16.33,55.09
serengeti,2024-03-06,29.17,14.61,9.72,14.88,36.92
serengeti,2024-03-07,26.85,14.64,7.23,9.06,64.59
serengeti,2024-03-08,32.31,19.92,6.55,10.5,51.02
serengeti,2024-03-09,26.91,19.27,8.72,10.19,24.13
serengeti,2024-03-10,28.14,18.78,6.48,11.88,46.32
serengeti,2024-03-11,29.44,17.26,11.41,16.08,40.81
serengeti,2024-03-12,27.52,14.2,5.18,17.58,57.62
serengeti,2024-03-13,31.1,17.45,2.23,12.96,65.45
serengeti,2024-03-14,29.54,17.57,4.88,13.53,43.45
serengeti,2024-03-15,30.77,16.69,6.09,12.12,56.71
serengeti,2024-03-16,27.18,17.98,7.12,14.42,73.39
serengeti,2024-03-17,31.91,20.21,7.24,11.94,47.42
serengeti,2024-03-18,29.98,15.8,7.36,14.69,61.26
serengeti,2024-03-19,31.3,17.32,3.94,17.49,57.83
serengeti,2024-03-20,31.1,14.98,0.56,13.26,59.66
serengeti,2024-03-21,28.58,17.85,0.0,12.66,63.58
serengeti,2024-03-22,32.39,16.43,9.24,13.71,65.31
serengeti,2024-03-23,28.92,17.09,0.0,12.77,57.47
serengeti,2024-03-24,30.02,15.44,7.5,14.79,43.42
serengeti,2024-03-25,31.83,15.65,8.3,16.62,58.69
serengeti,2024-03-26,25.11,12.3,8.83,10.57,61.5
serengeti,2024-03-27,30.93,16.9,8.24,9.97,47.75
serengeti,2024-03-28,31.51,16.26,6.13,11.88,54.6
serengeti,2024-03-29,28.75,17.18,1.21,15.26,58.8
serengeti,2024-03-30,30.8,16.86,3.86,15.65,70.87
serengeti,2024-03-31,33.79,18.08,11.93,19.09,94.55
serengeti,2024-04-01,29.29,19.96,8.43,15.9,60.48
serengeti,2024-04-02,30.7,15.33,2.02,13.56,67.9
serengeti,2024-04-03,27.38,18.19,2.75,10.64,68.84
serengeti,2024-04-04,31.38,15.11,14.55,14.07,63.14
serengeti,2024-04-05,31.19,16.13,1.74,14.53,38.65
serengeti,2024-04-06,32.18,16.68,6.46,13.57,42.47
serengeti,2024-04-07,26.68,18.29,7.27,13.23,54.19
serengeti,2024-04-08,31.13,14.62,10.46,15.05,45.39
serengeti,2024-04-09,32.47,14.47,10.35,14.47,47.5
serengeti,2024-04-10,31.1,16.92,8.91,18.64,40.14
serengeti,2024-04-11,30.05,11.28,6.93,12.4,69.3
serengeti,2024-04-12,26.04,18.67,8.64,15.27,29.26
serengeti,2024-04-13,28.12,18.06,18.87,12.99,70.84
serengeti,2024-04-14,28.32,16.76,20.52,12.96,79.14
serengeti,2024-04-15,32.33,18.13,8.97,14.17,70.86
serengeti,2024-04-16,26.64,13.4,4.9,17.99,45.15
serengeti,2024-04-17,34.58,17.99,6.57,16.65,64.68
serengeti,2024-04-18,28.89,17.96,9.92,10.58,66.32
serengeti,2024-04-19,30.6,13.55,2.63,14.71,36.92
serengeti,2024-04-20,30.72,17.01,9.31,8.81,76.43
serengeti,2024-04-21,28.25,16.11,7.18,12.85,59.95
serengeti,2024-04-22,29.2,13.24,0.25,17.06,74.72
serengeti,2024-04-23,26.25,16.35,7.98,12.47,36.47
serengeti,2024-04-24,32.0,17.69,4.31,12.29,73.49
serengeti,2024-04-25,31.29,12.82,10.7,19.58,72.33
serengeti,2024-04-26,28.55,17.87,5.63,15.26,95.55
serengeti,2024-04-27,31.63,18.9,0.49,17.14,47.92
serengeti,2024-04-28,29.82,14.46,4.44,17.66,21.8
serengeti,2024-04-29,25.9,14.06,7.03,13.68,70.77
serengeti,2024-04-30,32.05,18.61,0.0,16.74,44.79
serengeti,2024-05-01,30.21,15.95,8.81,13.69,72.74
serengeti,2024-05-02,31.5,18.78,3.05,13.49,41.8
serengeti,2024-05-03,29.97,16.73,9.26,15.06,69.27
serengeti,2024-05-04,29.04,14.27,13.62,16.7,52.12
serengeti,2024-05-05,29.37,14.45,10.88,13.4,68.84
serengeti,2024-05-06,27.26,20.36,5.58,15.86,63.96
serengeti,2024-05-07,30.62,13.49,10.07,11.1,68.84
serengeti,2024-05-08,30.11,15.91,8.28,14.98,69.94
serengeti,2024-05-09,29.4,15.05,6.31,8.29,65.52
serengeti,2024-05-10,28.13,12.96,18.56,14.33,40.63
serengeti,2024-05-11,26.97,17.56,9.81,9.39,78.63
serengeti,2024-05-12,31.24,14.9,3.84,16.74,57.71
serengeti,2024-05-13,26.05,17.59,6.94,13.18,65.17
serengeti,2024-05-14,31.12,16.33,8.11,13.25,52.34
serengeti,2024-05-15,25.3,17.62,7.72,14.29,70.25
serengeti,2024-05-16,28.27,12.3,5.92,12.4,60.62
serengeti,2024-05-17,30.52,15.86,7.24,12.33,64.22
serengeti,2024-05-18,31.17,18.1,5.04,13.11,43.78
serengeti,2024-05-19,28.65,15.46,6.98,10.51,70.62
serengeti,2024-05-20,30.69,15.83,13.39,8.39,60.33
serengeti,2024-05-21,26.83,14.22,7.39,11.95,32.33
serengeti,2024-05-22,27.56,16.02,6.31,11.86,45.29
serengeti,2024-05-23,30.05,14.3,11.02,7.99,61.41
serengeti,2024-05-24,28.33,15.79,9.3,14.53,67.72
serengeti,2024-05-25,27.73,14.58,4.53,12.58,67.14
serengeti,2024-05-26,28.56,18.23,0.85,15.44,40.03
serengeti,2024-05-27,28.27,17.92,0.0,13.35,57.13
serengeti,2024-05-28,28.49,14.13,8.57,12.4,40.82
serengeti,2024-05-29,31.99,20.61,16.55,13.41,51.18
serengeti,2024-05-30,31.19,16.72,4.71,8.47,42.94
serengeti,2024-05-31,30.68,16.75,0.0,11.88,60.5
serengeti,2024-06-01,28.86,18.81,10.27,15.56,70.64
serengeti,2024-06-02,29.4,16.95,6.52,19.74,78.01
serengeti,2024-06-03,26.79,14.55,4.35,10.81,57.48
serengeti,2024-06-04,32.52,12.96,0.09,14.92,46.66
serengeti,2024-06-05,27.16,9.32,10.41,11.93,27.27
serengeti,2024-06-06,31.45,19.82,5.3,14.87,61.82
serengeti,2024-06-07,28.25,16.39,9.07,13.79,70.28
serengeti,2024-06-08,31.14,16.58,5.0,8.81,73.69
serengeti,2024-06-09,27.53,16.99,12.46,13.16,45.91
serengeti,2024-06-10,29.81,14.87,5.65,13.55,50.54
serengeti,2024-06-11,31.23,16.77,1.94,12.66,57.54
serengeti,2024-06-12,31.15,13.28,6.88,8.15,52.71
serengeti,2024-06-13,28.79,16.08,5.06,12.79,34.59
serengeti,2024-06-14,28.27,17.24,0.0,12.14,31.56
serengeti,2024-06-15,29.28,14.06,0.97,12.67,65.86
serengeti,2024-06-16,30.45,21.06,4.77,14.6,70.78
serengeti,2024-06-17,29.75,13.18,10.0,10.83,41.6
serengeti,2024-06-18,28.76,16.72,2.25,13.19,65.12
serengeti,2024-06-19,30.55,15.6,8.53,13.0,57.04
serengeti,2024-06-20,25.39,18.21,3.53,9.25,47.31
serengeti,2024-06-21,29.1,15.06,10.02,7.16,52.24
serengeti,2024-06-22,26.51,13.76,12.07,12.27,66.46
serengeti,2024-06-23,31.45,17.15,4.96,11.88,40.53
serengeti,2024-06-24,29.59,14.01,1.62,10.8,46.38
serengeti,2024-06-25,24.84,17.0,1.5,13.34,36.11
serengeti,2024-06-26,25.06,13.03,8.2,13.42,24.97
serengeti,2024-06-27,24.88,14.09,0.19,10.58,61.68
serengeti,2024-06-28,28.62,13.67,0.0,16.1,31.17
serengeti,2024-06-29,29.18,12.68,8.72,10.29,51.44
serengeti,2024-06-30,23.64,12.91,0.27,17.67,57.5
serengeti,2024-07-01,26.24,18.02,0.0,14.45,43.54
serengeti,2024-07-02,26.46,19.19,0.43,12.33,54.96
serengeti,2024-07-03,27.95,11.74,2.7,7.88,37.91
serengeti,2024-07-04,26.63,17.49,0.0,8.41,73.11
serengeti,2024-07-05,27.68,15.95,0.0,12.87,36.08
serengeti,2024-07-06,24.94,15.12,4.33,11.4,82.03
serengeti,2024-07-07,24.28,12.47,1.18,9.88,27.68
serengeti,2024-07-08,25.5,17.05,5.04,13.56,31.64
serengeti,2024-07-09,26.87,11.6,5.62,11.9,37.17
serengeti,2024-07-10,27.13,14.62,0.71,8.79,56.18
serengeti,2024-07-11,23.51,13.5,2.39,10.79,37.7
serengeti,2024-07-12,25.15,14.44,6.28,11.2,73.42
serengeti,2024-07-13,27.56,17.37,7.73,13.61,42.77
serengeti,2024-07-14,29.53,11.16,0.0,11.81,53.41
serengeti,2024-07-15,24.74,12.33,0.0,11.89,41.6
serengeti,2024-07-16,28.42,13.97,3.53,15.08,31.6
serengeti,2024-07-17,24.19,16.62,2.78,6.74,29.34
serengeti,2024-07-18,29.78,15.73,1.47,16.94,49.15
serengeti,2024-07-19,23.46,17.95,1.02,7.2,44.22
serengeti,2024-07-20,22.66,14.93,0.0,7.45,0.0
serengeti,2024-07-21,26.01,15.21,8.48,10.73,51.49
serengeti,2024-07-22,23.44,13.39,0.0,9.43,39.17
serengeti,2024-07-23,26.55,9.26,1.92,17.11,59.46
serengeti,2024-07-24,24.37,17.42,1.88,8.63,36.62
serengeti,2024-07-25,27.56,15.0,5.7,9.21,44.29
serengeti,2024-07-26,25.75,14.28,5.14,11.13,42.97
serengeti,2024-07-27,24.34,12.87,2.07,16.09,29.21
serengeti,2024-07-28,26.66,17.25,1.04,14.7,41.81
serengeti,2024-07-29,24.19,11.52,0.0,11.95,41.07
serengeti,2024-07-30,25.76,12.12,6.81,7.54,57.15
serengeti,2024-07-31,24.63,13.38,0.0,5.97,29.68
serengeti,2024-08-01,27.3,15.26,0.0,8.29,26.02
serengeti,2024-08-02,23.28,13.75,5.3,5.26,56.62
serengeti,2024-08-03,22.52,15.38,0.0,7.43,58.89
serengeti,2024-08-04,26.88,15.63,4.19,5.34,24.05
serengeti,2024-08-05,22.9,13.64,7.01,12.18,33.27
serengeti,2024-08-06,25.88,16.39,6.25,7.27,49.47
serengeti,2024-08-07,27.67,11.63,0.0,13.98,14.89
serengeti,2024-08-08,26.94,13.19,0.0,11.39,29.6
serengeti,2024-08-09,25.0,13.95,0.0,10.84,34.49
serengeti,2024-08-10,27.43,15.46,1.9,12.93,36.33
serengeti,2024-08-11,25.34,16.52,7.83,9.63,39.64
serengeti,2024-08-12,23.06,12.56,1.3,11.12,23.88
serengeti,2024-08-13,29.2,14.36,1.14,8.09,50.35
serengeti,2024-08-14,23.91,11.97,1.64,13.81,33.6
serengeti,2024-08-15,25.76,13.26,0.59,14.81,25.61
serengeti,2024-08-16,25.28,14.66,3.47,9.39,46.08
serengeti,2024-08-17,22.41,14.78,0.0,14.6,48.82
serengeti,2024-08-18,26.91,14.17,1.43,10.55,40.13
serengeti,2024-08-19,24.37,12.57,3.58,12.81,57.89
serengeti,2024-08-20,26.79,13.51,4.88,10.44,17.27
serengeti,2024-08-21,22.92,12.82,6.73,9.96,42.4
serengeti,2024-08-22,23.32,13.8,0.0,9.12,22.97
serengeti,2024-08-23,25.66,12.71,0.0,12.25,55.12
serengeti,2024-08-24,27.03,12.34,0.0,6.91,41.37
serengeti,2024-08-25,26.06,12.5,3.71,11.18,49.86
serengeti,2024-08-26,21.22,13.94,0.0,13.54,55.42
serengeti,2024-08-27,26.53,12.27,1.37,7.39,43.37
serengeti,2024-08-28,23.71,11.26,1.47,12.81,28.62
serengeti,2024-08-29,22.09,14.93,0.0,13.86,14.45
serengeti,2024-08-30,26.83,11.89,3.37,7.88,29.94
serengeti,2024-08-31,23.47,12.4,0.0,9.56,27.11
serengeti,2024-09-01,26.58,12.05,5.78,8.17,30.03
serengeti,2024-09-02,25.03,13.19,2.71,10.77,44.26
serengeti,2024-09-03,24.8,13.88,0.0,7.0,27.68
serengeti,2024-09-04,26.55,12.46,0.0,12.88,49.42
serengeti,2024-09-05,22.61,14.22,0.04,8.35,33.05
serengeti,2024-09-06,26.68,12.6,2.47,7.0,20.88
serengeti,2024-09-07,21.2,13.77,0.0,11.6,41.24
serengeti,2024-09-08,24.79,15.72,0.0,7.11,24.15
serengeti,2024-09-09,27.6,12.44,0.0,10.08,40.12
serengeti,2024-09-10,26.21,13.76,10.03,13.51,27.74
serengeti,2024-09-11,24.37,15.44,1.63,12.77,15.71
serengeti,2024-09-12,27.42,11.81,0.0,13.24,46.14
serengeti,2024-09-13,22.85,10.44,10.14,9.32,9.13
serengeti,2024-09-14,24.93,13.1,3.63,9.96,44.1
serengeti,2024-09-15,23.81,13.95,6.99,11.52,46.69
serengeti,2024-09-16,24.4,14.21,1.33,9.22,42.08
serengeti,2024-09-17,25.86,12.85,3.53,11.81,49.42
serengeti,2024-09-18,24.52,13.27,0.68,6.06,33.45
serengeti,2024-09-19,22.55,12.46,0.0,9.89,57.88
serengeti,2024-09-20,19.08,14.02,0.0,13.58,33.02
serengeti,2024-09-21,26.57,13.35,0.2,9.03,15.73
serengeti,2024-09-22,25.66,11.64,0.0,10.13,30.22
serengeti,2024-09-23,25.21,15.64,0.0,16.68,20.29
serengeti,2024-09-24,24.9,14.3,0.0,8.16,45.04
serengeti,2024-09-25,23.77,11.27,0.0,9.71,35.38
serengeti,2024-09-26,21.72,11.5,0.0,4.49,24.91
serengeti,2024-09-27,24.58,12.12,5.17,11.21,49.24
serengeti,2024-09-28,24.05,17.88,0.76,11.96,33.47
serengeti,2024-09-29,26.59,9.22,0.0,11.77,41.46
serengeti,2024-09-30,23.81,17.6,0.0,15.12,22.13
serengeti,2024-10-01,25.66,12.52,0.0,11.67,52.86
serengeti,2024-10-02,23.63,11.52,0.0,9.81,0.0
serengeti,2024-10-03,24.64,15.33,0.0,12.24,35.92
serengeti,2024-10-04,21.75,12.49,7.34,8.58,46.15
serengeti,2024-10-05,20.71,16.38,0.0,11.83,30.14
serengeti,2024-10-06,23.41,12.84,0.0,18.58,27.26
serengeti,2024-10-07,25.6,13.67,1.02,16.12,58.04
serengeti,2024-10-08,24.32,13.04,0.0,14.86,45.63
serengeti,2024-10-09,23.21,15.87,0.0,11.16,27.19
serengeti,2024-10-10,22.58,11.75,0.0,7.4,17.13
serengeti,2024-10-11,20.64,12.34,0.0,8.93,20.68
serengeti,2024-10-12,25.04,12.83,0.0,16.87,6.54
serengeti,2024-10-13,22.75,12.9,1.04,9.4,39.98
serengeti,2024-10-14,19.17,16.1,0.0,13.66,9.48
serengeti,2024-10-15,23.8,14.3,3.47,7.41,40.78
serengeti,2024-10-16,25.46,12.71,0.0,11.32,34.82
serengeti,2024-10-17,29.0,12.68,6.05,11.91,9.07
serengeti,2024-10-18,26.64,11.13,0.0,8.12,55.6
serengeti,2024-10-19,24.78,12.95,0.0,6.31,44.77
serengeti,2024-10-20,23.74,14.39,0.03,8.08,25.22
serengeti,2024-10-21,24.93,12.0,1.98,12.84,10.23
serengeti,2024-10-22,23.49,11.35,5.34,14.33,8.81
serengeti,2024-10-23,22.41,14.73,0.0,8.18,34.62
serengeti,2024-10-24,21.85,14.79,0.0,7.81,43.34
serengeti,2024-10-25,19.77,11.14,0.0,7.09,30.47
serengeti,2024-10-26,24.51,11.74,4.57,13.69,20.76
serengeti,2024-10-27,24.6,15.61,0.8,8.42,11.34
serengeti,2024-10-28,26.68,11.96,0.0,5.62,52.98
serengeti,2024-10-29,19.38,14.46,0.17,9.39,37.62
serengeti,2024-10-30,26.3,11.43,0.0,7.96,18.86
serengeti,2024-10-31,24.74,12.73,6.12,14.29,28.67
serengeti,2024-11-01,26.72,18.05,0.0,12.59,52.23
serengeti,2024-11-02,27.31,10.5,0.0,10.97,32.43
serengeti,2024-11-03,20.63,11.46,3.26,14.48,39.34
serengeti,2024-11-04,25.28,10.96,2.29,10.82,55.6
serengeti,2024-11-05,24.81,14.12,7.84,9.33,51.46
serengeti,2024-11-06,25.85,9.5,0.92,7.76,48.56
serengeti,2024-11-07,27.6,16.27,2.34,9.2,35.77
serengeti,2024-11-08,24.08,12.91,2.12,5.79,42.58
serengeti,2024-11-09,23.15,11.57,0.0,14.3,52.07
serengeti,2024-11-10,23.7,15.31,0.0,8.35,40.54
serengeti,2024-11-11,21.19,12.96,4.8,5.74,34.7
serengeti,2024-11-12,28.91,15.87,0.0,13.47,24.77
serengeti,2024-11-13,27.85,13.72,0.59,10.03,43.05
serengeti,2024-11-14,24.1,12.73,0.0,4.76,7.09
serengeti,2024-11-15,25.04,14.45,2.96,6.18,15.69
serengeti,2024-11-16,22.54,14.82,3.12,6.7,49.24
serengeti,2024-11-17,23.34,13.72,6.49,5.64,55.96
serengeti,2024-11-18,26.45,12.05,1.68,9.31,37.45
serengeti,2024-11-19,25.5,17.04,0.0,13.02,46.71
serengeti,2024-11-20,25.47,13.33,1.25,11.0,57.17
serengeti,2024-11-21,24.55,12.42,11.55,5.0,10.29
serengeti,2024-11-22,26.29,15.39,0.0,8.62,2.77
serengeti,2024-11-23,20.97,14.76,1.15,11.76,20.22
serengeti,2024-11-24,25.53,14.82,0.0,9.96,18.99
serengeti,2024-11-25,28.69,12.73,6.19,11.89,27.71
serengeti,2024-11-26,26.66,11.48,0.0,10.99,83.81
serengeti,2024-11-27,22.03,14.68,4.03,7.41,7.87
serengeti,2024-11-28,25.72,13.15,0.0,6.93,19.03
serengeti,2024-11-29,24.25,13.89,0.0,10.2,56.55
serengeti,2024-11-30,28.15,16.65,0.0,8.7,61.75
serengeti,2024-12-01,25.3,16.34,0.0,11.33,41.45
serengeti,2024-12-02,29.55,11.86,3.38,13.99,3.79
serengeti,2024-12-03,29.62,16.38,0.0,14.07,26.0
serengeti,2024-12-04,26.26,15.93,6.52,7.03,26.06
serengeti,2024-12-05,25.71,13.61,0.0,9.37,34.47
serengeti,2024-12-06,28.11,16.16,0.0,7.64,32.14
serengeti,2024-12-07,24.05,13.0,0.0,12.82,71.69
serengeti,2024-12-08,26.27,14.13,8.23,11.98,47.11
serengeti,2024-12-09,25.01,15.83,0.0,15.08,36.37
serengeti,2024-12-10,24.52,12.92,2.53,9.42,38.74
serengeti,2024-12-11,27.43,12.14,0.68,9.86,10.62
serengeti,2024-12-12,25.84,15.04,8.03,9.8,12.28
serengeti,2024-12-13,29.93,13.42,0.0,12.57,71.31
serengeti,2024-12-14,24.54,15.18,0.7,12.36,31.32
serengeti,2024-12-15,23.77,13.71,0.0,7.68,6.43
serengeti,2024-12-16,25.79,10.53,1.87,5.89,51.66
serengeti,2024-12-17,26.96,13.62,4.51,10.59,61.33
serengeti,2024-12-18,25.6,16.18,1.46,7.76,67.45
serengeti,2024-12-19,27.31,14.31,0.0,10.11,40.12
serengeti,2024-12-20,24.33,13.95,0.24,12.5,43.4
serengeti,2024-12-21,27.69,12.77,4.08,7.66,42.58
serengeti,2024-12-22,24.19,16.18,4.75,8.21,39.73
serengeti,2024-12-23,23.19,11.81,9.32,10.96,37.4
serengeti,2024-12-24,22.72,14.29,0.42,18.86,12.48
serengeti,2024-12-25,29.21,17.74,2.28,9.69,28.92
serengeti,2024-12-26,27.57,13.06,3.67,13.26,37.9
serengeti,2024-12-27,27.59,15.77,5.19,7.35,15.82
serengeti,2024-12-28,25.78,14.16,4.98,15.91,19.56
serengeti,2024-12-29,28.11,12.09,0.0,11.04,28.46
serengeti,2024-12-30,25.0,16.44,0.0,11.84,53.67
serengeti,2024-12-31,24.93,11.17,4.05,9.62,33.71
serengeti,2025-01-01,26.88,14.64,0.0,10.55,37.59
serengeti,2025-01-02,27.49,19.35,0.0,16.71,34.37
serengeti,2025-01-03,25.12,14.71,1.35,9.54,44.95
serengeti,2025-01-04,28.83,12.04,0.0,10.69,39.25
serengeti,2025-01-05,24.66,13.71,1.65,12.26,34.95
serengeti,2025-01-06,26.91,16.44,1.35,11.96,74.1
serengeti,2025-01-07,28.2,14.86,1.08,11.29,29.24
serengeti,2025-01-08,23.23,12.86,0.0,11.59,42.14
serengeti,2025-01-09,26.61,14.5,9.5,15.35,37.92
serengeti,2025-01-10,28.35,15.01,8.14,14.07,52.46
serengeti,2025-01-11,27.7,16.81,9.81,10.63,59.77
serengeti,2025-01-12,27.87,14.29,0.0,12.59,50.25
serengeti,2025-01-13,25.3,15.49,5.02,14.45,43.04
serengeti,2025-01-14,26.36,13.4,12.12,12.3,39.02
serengeti,2025-01-15,29.15,16.25,4.16,7.72,46.17
serengeti,2025-01-16,30.63,13.36,4.62,16.3,25.55
serengeti,2025-01-17,25.09,14.87,2.96,7.59,57.8
serengeti,2025-01-18,26.92,13.99,3.39,18.41,72.05
serengeti,2025-01-19,24.13,16.63,11.17,11.91,100.0
serengeti,2025-01-20,27.77,16.11,0.0,17.12,57.88
serengeti,2025-01-21,28.16,15.95,2.82,10.8,21.4
serengeti,2025-01-22,27.55,18.74,7.19,14.53,70.48
serengeti,2025-01-23,29.2,16.79,1.35,8.54,47.91
serengeti,2025-01-24,23.78,16.77,6.48,13.11,53.04
serengeti,2025-01-25,27.58,17.02,5.06,9.55,42.95
serengeti,2025-01-26,29.16,14.94,8.39,13.61,67.09
serengeti,2025-01-27,31.66,15.1,2.69,18.46,39.97
serengeti,2025-01-28,28.28,15.31,2.55,15.15,46.25
serengeti,2025-01-29,29.01,12.86,4.9,14.55,31.48
serengeti,2025-01-30,24.84,13.2,4.02,12.67,46.43
serengeti,2025-01-31,25.7,16.08,5.1,10.0,58.08
serengeti,2025-02-01,31.49,17.92,6.84,19.37,61.01
serengeti,2025-02-02,28.77,15.31,5.29,7.74,57.35
serengeti,2025-02-03,28.29,13.15,3.28,17.01,28.54
serengeti,2025-02-04,27.72,14.0,0.39,14.48,28.08
serengeti,2025-02-05,28.92,12.76,5.77,11.78,61.52
serengeti,2025-02-06,25.56,19.0,0.0,15.12,88.05
serengeti,2025-02-07,30.8,15.7,6.87,13.8,42.63
serengeti,2025-02-08,28.86,16.75,3.75,13.39,64.67
serengeti,2025-02-09,25.14,17.87,3.44,11.66,50.78
serengeti,2025-02-10,29.09,15.09,2.69,8.84,63.29
serengeti,2025-02-11,26.97,15.77,5.56,9.98,55.04
serengeti,2025-02-12,31.46,16.05,4.17,14.85,55.66
serengeti,2025-02-13,27.25,17.87,3.6,11.9,45.18
serengeti,2025-02-14,28.46,16.43,6.81,14.24,53.75
serengeti,2025-02-15,28.8,16.8,3.79,9.77,58.15
serengeti,2025-02-16,30.29,15.06,6.65,10.18,41.09
serengeti,2025-02-17,32.24,14.77,9.47,11.53,65.13
serengeti,2025-02-18,29.19,17.28,5.31,18.92,48.53
serengeti,2025-02-19,30.28,16.93,5.38,11.77,98.9
serengeti,2025-02-20,27.44,15.37,0.0,10.3,68.95
serengeti,2025-02-21,28.72,15.68,7.65,17.49,69.01
serengeti,2025-02-22,29.71,16.84,0.0,18.96,51.04
serengeti,2025-02-23,28.8,15.1,6.88,8.78,64.96
serengeti,2025-02-24,30.86,14.7,3.91,10.86,64.05
serengeti,2025-02-25,27.82,13.27,4.57,19.81,30.12
serengeti,2025-02-26,28.99,17.76,1.26,13.04,60.66
serengeti,2025-02-27,27.38,15.93,2.44,15.26,88.59
serengeti,2025-02-28,30.95,15.61,0.0,13.0,28.19
serengeti,2025-03-01,29.99,16.91,10.09,15.0,81.09
serengeti,2025-03-02,31.57,16.57,5.18,13.23,76.78
serengeti,2025-03-03,28.43,14.83,3.93,12.45,38.67
serengeti,2025-03-04,34.78,15.97,0.0,11.09,43.66
serengeti,2025-03-05,30.07,17.55,4.09,13.75,68.81
serengeti,2025-03-06,30.78,16.76,1.0,13.64,26.74
serengeti,2025-03-07,31.41,18.4,0.0,16.25,63.38
serengeti,2025-03-08,29.54,17.8,7.65,13.07,71.97
serengeti,2025-03-09,29.62,17.48,3.72,11.06,70.43
serengeti,2025-03-10,29.4,13.86,16.31,11.14,52.17
serengeti,2025-03-11,31.25,19.63,5.37,12.96,60.7
serengeti,2025-03-12,28.89,17.01,4.42,8.99,62.24
serengeti,2025-03-13,30.2,17.96,12.46,15.88,60.46
serengeti,2025-03-14,31.36,19.62,4.62,15.38,60.93
serengeti,2025-03-15,31.0,17.33,6.31,19.71,81.94
serengeti,2025-03-16,24.93,13.44,11.34,9.47,50.6
serengeti,2025-03-17,29.89,13.29,6.78,12.62,84.68
serengeti,2025-03-18,28.18,13.89,4.8,11.48,88.31
serengeti,2025-03-19,29.34,14.7,11.45,17.02,44.63
serengeti,2025-03-20,31.78,18.9,10.03,16.39,47.82
serengeti,2025-03-21,34.56,18.03,14.84,14.45,26.71
serengeti,2025-03-22,28.06,17.41,10.55,14.79,33.32
serengeti,2025-03-23,28.46,16.52,6.7,17.52,45.07
serengeti,2025-03-24,30.2,19.78,6.75,13.07,50.29
serengeti,2025-03-25,30.34,16.65,6.3,15.76,64.91
serengeti,2025-03-26,27.98,14.27,2.8,15.56,47.88
serengeti,2025-03-27,31.4,16.23,7.45,11.54,51.77
serengeti,2025-03-28,28.21,18.23,11.46,11.38,86.3
serengeti,2025-03-29,26.89,17.91,10.71,11.79,81.95
serengeti,2025-03-30,27.77,13.03,3.55,17.87,64.58
serengeti,2025-03-31,31.56,16.49,3.95,16.04,93.15
serengeti,2025-04-01,29.57,19.79,10.34,17.93,54.13
serengeti,2025-04-02,25.65,15.59,3.63,11.91,53.6
serengeti,2025-04-03,30.89,15.39,3.28,18.86,72.31
serengeti,2025-04-04,30.21,17.08,3.25,11.45,70.34
serengeti,2025-04-05,32.32,19.57,5.71,9.12,62.55
serengeti,2025-04-06,30.25,14.7,11.41,6.59,50.2
serengeti,2025-04-07,30.46,17.63,6.54,13.0,59.07
serengeti,2025-04-08,29.36,16.32,4.89,13.48,63.7
serengeti,2025-04-09,29.0,14.03,11.59,11.76,45.22
serengeti,2025-04-10,28.04,16.77,4.08,7.65,50.81
serengeti,2025-04-11,27.68,16.25,2.84,16.6,50.14
serengeti,2025-04-12,30.73,17.14,5.49,14.29,51.74
serengeti,2025-04-13,27.99,15.84,5.42,15.67,52.15
serengeti,2025-04-14,29.52,16.67,7.72,18.11,54.41
serengeti,2025-04-15,33.25,15.63,15.21,8.6,41.47
serengeti,2025-04-16,31.59,19.43,2.11,16.85,51.13
serengeti,2025-04-17,30.7,14.78,5.32,15.03,67.19
serengeti,2025-04-18,30.79,16.95,9.38,17.06,68.35
serengeti,2025-04-19,28.7,16.04,9.88,17.7,62.85
serengeti,2025-04-20,28.29,16.24,14.71,13.5,51.59
serengeti,2025-04-21,31.61,16.61,10.52,23.34,50.22
serengeti,2025-04-22,31.46,15.65,5.13,17.88,44.31
serengeti,2025-04-23,26.36,13.35,5.8,12.93,60.99
serengeti,2025-04-24,29.86,19.45,3.13,11.72,68.73
serengeti,2025-04-25,28.42,15.96,6.06,10.25,80.66
serengeti,2025-04-26,28.85,18.59,8.98,12.29,72.34
serengeti,2025-04-27,27.86,15.19,6.32,14.9,71.95
serengeti,2025-04-28,31.73,18.38,5.84,12.81,63.53
serengeti,2025-04-29,27.25,15.79,9.04,17.22,65.33
serengeti,2025-04-30,26.16,16.75,10.01,17.73,53.96
serengeti,2025-05-01,28.72,14.44,9.42,15.75,44.08
serengeti,2025-05-02,33.64,14.27,10.63,13.26,70.49
serengeti,2025-05-03,31.9,15.35,7.28,17.83,86.59
serengeti,2025-05-04,32.73,18.67,2.26,14.2,50.48
serengeti,2025-05-05,31.97,18.7,4.35,19.94,54.54
serengeti,2025-05-06,29.19,17.32,4.88,8.6,58.86
serengeti,2025-05-07,29.54,19.67,6.83,14.45,74.89
serengeti,2025-05-08,29.08,16.5,10.32,15.45,59.32
serengeti,2025-05-09,27.01,15.47,7.13,19.33,66.6
serengeti,2025-05-10,27.41,15.88,2.07,13.05,67.61
serengeti,2025-05-11,30.99,17.63,9.02,16.15,53.6
serengeti,2025-05-12,28.14,16.06,7.55,7.25,62.13
serengeti,2025-05-13,29.67,19.15,7.77,13.36,41.12
serengeti,2025-05-14,27.38,15.7,14.98,16.04,86.41
serengeti,2025-05-15,28.75,18.4,15.66,15.1,70.7
serengeti,2025-05-16,30.51,17.49,8.17,12.89,81.04
serengeti,2025-05-17,26.08,17.8,5.19,10.64,61.58
serengeti,2025-05-18,29.32,14.66,9.03,13.49,53.78
serengeti,2025-05-19,30.54,12.3,0.0,13.92,32.49
serengeti,2025-05-20,29.25,16.7,0.13,13.69,51.29
serengeti,2025-05-21,27.36,15.43,10.68,19.76,56.98
serengeti,2025-05-22,29.33,17.09,3.49,11.09,48.41
serengeti,2025-05-23,26.49,17.29,3.39,16.95,46.98
serengeti,2025-05-24,28.83,15.39,9.9,14.97,40.4
serengeti,2025-05-25,27.24,14.9,6.45,12.35,54.77
serengeti,2025-05-26,27.67,16.42,5.78,15.8,41.18
serengeti,2025-05-27,32.81,12.71,6.96,18.22,61.89
serengeti,2025-05-28,31.35,15.56,8.81,9.06,54.04
serengeti,2025-05-29,29.91,16.07,11.73,20.29,39.82
serengeti,2025-05-30,29.72,17.11,0.0,19.14,75.56
serengeti,2025-05-31,29.78,14.58,7.41,16.57,65.01
serengeti,2025-06-01,28.82,16.02,10.72,12.44,44.66
serengeti,2025-06-02,28.38,17.56,0.0,11.44,34.52
serengeti,2025-06-03,27.6,16.75,7.73,20.74,59.8
serengeti,2025-06-04,28.88,17.54,4.74,16.14,66.92
serengeti,2025-06-05,26.29,14.29,0.0,17.12,49.17
serengeti,2025-06-06,28.93,15.14,3.86,19.85,66.11
serengeti,2025-06-07,31.05,16.46,12.39,18.15,52.13
serengeti,2025-06-08,29.82,14.27,0.0,12.55,63.89
serengeti,2025-06-09,28.82,15.31,7.97,10.84,63.9
serengeti,2025-06-10,25.33,17.7,0.51,10.84,26.95
serengeti,2025-06-11,27.46,16.15,13.13,12.61,50.72
serengeti,2025-06-12,33.11,16.99,15.86,9.57,25.89
serengeti,2025-06-13,28.73,18.7,1.2,13.66,50.41
serengeti,2025-06-14,26.48,15.09,4.15,8.72,24.65
serengeti,2025-06-15,28.46,18.51,7.65,17.21,60.39
serengeti,2025-06-16,28.84,15.18,9.62,18.13,27.84
serengeti,2025-06-17,28.17,13.13,6.64,14.77,45.69
serengeti,2025-06-18,28.58,16.11,0.0,14.71,52.11
serengeti,2025-06-19,26.52,14.87,0.58,15.72,33.51
serengeti,2025-06-20,31.54,13.06,4.77,10.02,58.35
serengeti,2025-06-21,27.56,14.41,2.04,10.39,55.64
serengeti,2025-06-22,27.85,14.16,4.4,14.2,44.83
serengeti,2025-06-23,27.16,16.63,0.0,6.63,60.94
serengeti,2025-06-24,30.93,18.56,0.0,13.53,52.53
serengeti,2025-06-25,27.11,16.06,0.0,16.15,49.8
serengeti,2025-06-26,26.12,16.17,6.34,10.24,50.47
serengeti,2025-06-27,29.11,13.97,6.93,15.39,23.61
serengeti,2025-06-28,25.7,14.17,3.78,13.95,47.87
serengeti,2025-06-29,24.75,16.14,0.0,12.09,51.06
serengeti,2025-06-30,26.92,16.12,4.72,10.01,49.15
serengeti,2025-07-01,27.07,17.33,3.25,12.32,27.67
serengeti,2025-07-02,30.14,14.57,8.81,11.89,52.62
serengeti,2025-07-03,24.92,14.06,3.19,12.87,38.01
serengeti,2025-07-04,26.9,19.32,0.0,11.21,57.77
serengeti,2025-07-05,26.26,16.71,3.63,10.58,30.76
serengeti,2025-07-06,24.79,16.5,0.78,11.86,68.66
serengeti,2025-07-07,25.41,12.89,0.88,13.27,43.35
serengeti,2025-07-08,28.12,15.45,1.27,16.44,19.76
serengeti,2025-07-09,30.47,17.12,1.65,14.53,46.06
serengeti,2025-07-10,28.41,16.34,1.84,8.87,56.55
serengeti,2025-07-11,29.77,16.6,1.05,13.4,22.23
serengeti,2025-07-12,21.1,14.44,5.96,14.8,42.69
serengeti,2025-07-13,26.39,13.07,0.0,15.75,11.14
serengeti,2025-07-14,26.62,13.87,3.09,11.63,65.75
serengeti,2025-07-15,28.88,15.54,0.37,20.54,44.65
serengeti,2025-07-16,31.36,13.93,0.16,13.21,60.92
serengeti,2025-07-17,27.53,16.28,6.07,10.75,51.17
serengeti,2025-07-18,26.1,14.95,5.83,7.52,12.85
serengeti,2025-07-19,25.29,14.5,3.64,14.54,27.05
serengeti,2025-07-20,26.08,14.48,6.24,10.43,28.37
serengeti,2025-07-21,23.73,11.63,9.27,7.61,33.99
serengeti,2025-07-22,23.49,12.46,5.36,11.27,43.97
serengeti,2025-07-23,26.89,16.63,2.82,17.41,27.33
serengeti,2025-07-24,25.77,14.08,5.93,11.09,43.46
serengeti,2025-07-25,25.15,13.67,0.0,9.95,49.84
serengeti,2025-07-26,28.69,12.12,0.0,9.08,26.06
serengeti,2025-07-27,32.66,15.33,1.82,17.96,30.61
serengeti,2025-07-28,25.07,10.83,2.8,10.19,62.34
serengeti,2025-07-29,24.14,15.14,0.0,11.56,50.1
serengeti,2025-07-30,28.45,10.36,0.0,13.47,32.67
serengeti,2025-07-31,23.72,14.21,0.71,6.56,56.1
serengeti,2025-08-01,24.01,15.84,3.18,8.79,32.2
serengeti,2025-08-02,26.99,13.64,7.9,10.72,44.35
serengeti,2025-08-03,27.17,14.01,1.4,9.49,16.18
serengeti,2025-08-04,25.67,16.2,3.2,10.3,48.76
serengeti,2025-08-05,25.57,11.33,1.5,18.23,37.76
serengeti,2025-08-06,29.33,13.58,11.38,15.96,39.78
serengeti,2025-08-07,25.2,12.75,3.14,6.42,30.81
serengeti,2025-08-08,28.04,13.67,0.0,10.32,61.6
serengeti,2025-08-09,26.26,13.76,3.29,14.86,51.58
serengeti,2025-08-10,28.7,15.66,1.7,10.36,26.72
serengeti,2025-08-11,23.61,11.28,0.0,8.06,28.17
serengeti,2025-08-12,25.1,14.65,0.0,14.49,40.79
serengeti,2025-08-13,23.86,16.8,1.25,11.64,18.42
serengeti,2025-08-14,23.04,12.81,0.0,7.71,35.27
serengeti,2025-08-15,28.27,14.22,0.0,8.97,34.11
serengeti,2025-08-16,25.26,12.08,2.15,10.01,38.99
serengeti,2025-08-17,23.24,16.98,3.15,8.77,26.92
serengeti,2025-08-18,24.77,10.26,0.23,7.83,40.62
serengeti,2025-08-19,21.45,13.35,0.0,12.9,30.93
serengeti,2025-08-20,24.78,13.62,0.0,8.78,40.17
serengeti,2025-08-21,26.42,10.06,3.28,5.48,35.11
serengeti,2025-08-22,28.13,11.0,1.23,13.29,33.56
serengeti,2025-08-23,19.11,12.28,0.0,11.19,34.74
serengeti,2025-08-24,23.72,12.83,0.0,8.98,11.18
serengeti,2025-08-25,25.93,13.74,4.22,13.12,22.66
serengeti,2025-08-26,25.71,9.29,0.0,10.7,27.59
serengeti,2025-08-27,23.55,14.79,0.0,11.54,36.96
serengeti,2025-08-28,25.0,12.74,2.72,10.54,32.33
serengeti,2025-08-29,23.93,13.68,0.0,11.13,45.79
serengeti,2025-08-30,24.79,12.83,0.0,10.94,78.41
serengeti,2025-08-31,27.47,11.81,3.58,12.56,30.11
serengeti,2025-09-01,26.4,14.69,2.05,7.97,39.24
serengeti,2025-09-02,22.41,15.56,0.0,10.12,40.4
serengeti,2025-09-03,22.72,15.73,0.0,11.85,79.35
serengeti,2025-09-04,25.86,14.1,0.0,6.48,33.08
serengeti,2025-09-05,21.65,11.22,0.0,11.19,7.72
serengeti,2025-09-06,25.14,12.49,0.0,9.76,31.26
serengeti,2025-09-07,25.91,11.75,0.0,12.46,0.0
serengeti,2025-09-08,23.4,12.35,3.42,10.66,21.67
serengeti,2025-09-09,24.2,10.76,1.64,12.52,26.37
serengeti,2025-09-10,26.21,15.7,0.0,13.56,25.01
serengeti,2025-09-11,29.45,13.19,0.0,6.2,65.52
serengeti,2025-09-12,25.62,11.82,2.98,11.91,63.32
serengeti,2025-09-13,24.61,14.14,4.15,14.85,38.87
serengeti,2025-09-14,21.72,12.34,0.0,10.55,60.56
serengeti,2025-09-15,20.01,13.12,1.66,11.47,38.81
serengeti,2025-09-16,23.51,11.48,0.0,9.81,55.32
serengeti,2025-09-17,26.32,11.31,0.0,12.45,16.88
serengeti,2025-09-18,25.01,14.87,0.0,10.89,32.57
serengeti,2025-09-19,25.78,14.17,0.36,14.83,40.06
serengeti,2025-09-20,24.81,15.34,0.0,11.56,57.87
serengeti,2025-09-21,25.26,12.45,11.42,5.37,49.75
serengeti,2025-09-22,23.53,12.91,2.69,11.52,19.82
serengeti,2025-09-23,25.96,13.92,0.88,9.01,40.25
serengeti,2025-09-24,26.38,11.9,0.0,10.04,24.87
serengeti,2025-09-25,24.79,10.75,0.0,5.97,37.46
serengeti,2025-09-26,24.29,13.83,0.62,5.69,38.99
serengeti,2025-09-27,19.94,12.1,7.75,10.25,40.53
serengeti,2025-09-28,23.82,12.55,2.63,15.76,40.07
serengeti,2025-09-29,23.81,15.58,1.73,4.72,29.0
serengeti,2025-09-30,24.46,11.95,0.0,6.94,29.28
serengeti,2025-10-01,26.93,13.56,0.0,10.07,43.5
serengeti,2025-10-02,23.84,12.82,0.0,14.57,0.0
serengeti,2025-10-03,29.52,13.14,0.0,10.54,19.38
serengeti,2025-10-04,24.01,9.9,0.0,5.38,16.28
serengeti,2025-10-05,25.7,13.84,0.0,6.73,46.28
serengeti,2025-10-06,23.99,15.8,0.01,7.38,31.58
serengeti,2025-10-07,21.04,15.37,0.0,9.8,36.97
serengeti,2025-10-08,24.12,12.63,3.1,12.89,23.92
serengeti,2025-10-09,22.4,16.4,5.85,13.69,38.26
serengeti,2025-10-10,26.22,15.07,0.0,8.08,7.31
serengeti,2025-10-11,23.59,12.7,0.0,11.08,48.87
serengeti,2025-10-12,21.92,15.81,0.0,11.69,5.63
serengeti,2025-10-13,26.23,12.72,0.0,15.47,48.4
serengeti,2025-10-14,25.65,13.78,4.54,12.98,0.0
serengeti,2025-10-15,27.2,15.59,2.95,5.38,16.72
serengeti,2025-10-16,25.82,12.0,0.0,16.78,17.9
serengeti,2025-10-17,24.72,12.78,1.07,12.1,50.09
serengeti,2025-10-18,24.57,10.07,1.4,13.03,46.85
serengeti,2025-10-19,24.97,11.93,0.0,11.15,16.11
serengeti,2025-10-20,20.69,13.95,0.0,9.14,60.51
serengeti,2025-10-21,21.95,13.0,0.0,11.53,20.87
serengeti,2025-10-22,23.79,14.15,0.59,11.09,43.2
serengeti,2025-10-23,23.7,9.49,4.38,5.0,22.49
serengeti,2025-10-24,21.88,13.66,1.72,12.15,48.95
serengeti,2025-10-25,18.42,11.53,0.0,9.17,24.95
serengeti,2025-10-26,24.11,14.62,0.0,11.39,29.19
serengeti,2025-10-27,23.63,11.28,3.2,15.14,9.22
serengeti,2025-10-28,21.84,14.71,0.0,5.88,22.24
serengeti,2025-10-29,22.13,10.5,0.0,2.58,35.41
serengeti,2025-10-30,23.08,13.65,0.64,8.8,0.0
serengeti,2025-10-31,20.78,13.1,0.0,8.03,26.56
serengeti,2025-11-01,28.77,13.49,0.0,9.45,39.83
serengeti,2025-11-02,24.38,12.72,0.0,14.45,51.71
serengeti,2025-11-03,22.52,14.55,1.86,8.25,37.23
serengeti,2025-11-04,27.78,13.63,0.0,11.08,28.5
serengeti,2025-11-05,24.53,13.44,0.0,9.6,48.18
serengeti,2025-11-06,21.53,13.31,0.0,12.91,23.69
serengeti,2025-11-07,21.14,11.2,0.0,12.72,29.87
serengeti,2025-11-08,26.87,13.72,0.0,14.2,32.89
serengeti,2025-11-09,23.52,11.67,0.04,6.98,18.03
serengeti,2025-11-10,21.82,15.02,2.21,13.6,32.11
serengeti,2025-11-11,22.57,12.72,4.06,10.81,27.21
serengeti,2025-11-12,22.2,13.14,11.11,8.32,24.2
serengeti,2025-11-13,26.3,14.96,4.05,9.87,25.54
serengeti,2025-11-14,24.18,12.43,3.11,11.2,55.8
serengeti,2025-11-15,23.96,12.54,0.0,11.04,38.3
serengeti,2025-11-16,26.53,13.37,4.15,11.42,26.3
serengeti,2025-11-17,22.85,15.24,6.78,13.61,32.49
serengeti,2025-11-18,24.49,14.91,1.66,15.26,23.26
serengeti,2025-11-19,27.04,14.24,0.49,12.69,41.84
serengeti,2025-11-20,23.98,10.75,2.61,9.84,41.89
serengeti,2025-11-21,22.78,15.24,7.09,8.83,40.39
serengeti,2025-11-22,21.75,11.83,0.0,10.46,28.58
serengeti,2025-11-23,24.12,13.76,6.27,13.22,69.69
serengeti,2025-11-24,27.62,16.32,3.45,14.21,28.03
serengeti,2025-11-25,22.12,12.34,0.0,9.31,21.37
serengeti,2025-11-26,24.79,15.21,0.0,7.24,31.9
serengeti,2025-11-27,20.65,13.3,2.05,10.09,39.48
serengeti,2025-11-28,26.29,10.9,0.0,11.46,18.83
serengeti,2025-11-29,23.35,15.21,6.14,8.47,27.32
serengeti,2025-11-30,26.64,13.27,3.89,8.32,37.93
serengeti,2025-12-01,26.25,12.76,0.0,6.77,28.28
serengeti,2025-12-02,23.7,15.38,3.73,8.67,36.68
serengeti,2025-12-03,23.86,14.43,1.62,12.12,25.06
serengeti,2025-12-04,25.75,12.6,2.58,9.9,43.24
serengeti,2025-12-05,23.92,11.31,3.96,12.26,25.77
serengeti,2025-12-06,24.93,13.61,2.02,10.39,50.31
serengeti,2025-12-07,29.88,13.31,2.95,6.67,15.93
serengeti,2025-12-08,22.99,14.0,0.0,9.52,48.6
serengeti,2025-12-09,29.78,14.63,7.32,13.03,13.35
serengeti,2025-12-10,27.76,15.74,3.87,11.71,52.93
serengeti,2025-12-11,24.95,15.81,0.0,4.5,52.88
serengeti,2025-12-12,24.27,19.71,4.11,13.88,38.17
serengeti,2025-12-13,24.47,14.8,0.0,8.41,32.07
serengeti,2025-12-14,30.23,12.4,0.0,8.69,38.79
serengeti,2025-12-15,24.02,14.46,7.7,16.01,24.43
serengeti,2025-12-16,23.65,13.43,7.5,5.2,49.55
serengeti,2025-12-17,24.82,12.33,1.0,9.2,58.66
serengeti,2025-12-18,23.86,13.54,3.78,16.76,31.71
serengeti,2025-12-19,25.78,18.27,3.28,15.02,36.26
serengeti,2025-12-20,25.45,13.83,1.26,20.53,16.49
serengeti,2025-12-21,24.71,16.81,0.0,10.72,52.73
serengeti,2025-12-22,24.99,16.29,0.0,12.42,32.51
serengeti,2025-12-23,26.22,15.0,5.75,14.68,44.57
serengeti,2025-12-24,28.52,16.34,0.87,7.39,41.99
serengeti,2025-12-25,24.05,15.34,0.0,11.51,35.14
serengeti,2025-12-26,28.32,12.28,1.15,9.56,47.23
serengeti,2025-12-27,28.95,15.54,1.2,8.28,57.14
serengeti,2025-12-28,27.65,14.75,12.52,9.08,30.65
serengeti,2025-12-29,29.62,11.66,0.41,13.13,50.24
serengeti,2025-12-30,28.74,14.93,3.43,10.02,32.27
serengeti,2025-12-31,23.64,14.64,3.58,12.41,74.61
serengeti,2026-01-01,23.0,15.16,2.84,12.0,21.73
serengeti,2026-01-02,24.41,19.54,0.69,12.97,55.65
serengeti,2026-01-03,27.75,17.82,3.41,16.13,29.01
serengeti,2026-01-04,26.69,15.23,0.0,9.02,38.12
serengeti,2026-01-05,27.02,16.71,5.71,12.9,53.02
serengeti,2026-01-06,28.34,14.17,2.91,14.59,26.14
serengeti,2026-01-07,24.49,13.76,0.0,10.31,64.03
serengeti,2026-01-08,25.21,16.38,6.61,16.57,40.0
serengeti,2026-01-09,23.18,14.42,4.51,9.45,31.55
serengeti,2026-01-10,30.78,15.67,1.62,15.99,26.8
serengeti,2026-01-11,27.69,13.89,7.61,14.57,55.8
serengeti,2026-01-12,28.81,15.25,3.93,11.03,52.47
serengeti,2026-01-13,26.52,16.39,6.63,17.89,64.91
serengeti,2026-01-14,29.13,17.15,0.52,8.74,54.1
serengeti,2026-01-15,24.62,14.24,2.71,13.36,27.64
serengeti,2026-01-16,28.35,18.39,6.37,8.19,42.56
serengeti,2026-01-17,27.03,15.95,2.75,12.39,72.97
serengeti,2026-01-18,28.12,15.44,1.92,11.04,47.55
serengeti,2026-01-19,27.35,15.94,8.03,10.27,55.84
serengeti,2026-01-20,28.34,15.66,8.72,13.8,51.19
serengeti,2026-01-21,23.81,15.98,4.23,13.09,44.47
serengeti,2026-01-22,26.15,16.16,0.0,13.98,43.12
serengeti,2026-01-23,29.01,15.62,8.4,11.83,50.09
serengeti,2026-01-24,31.42,18.16,0.0,9.45,64.39
serengeti,2026-01-25,26.21,15.63,4.7,14.93,45.2
serengeti,2026-01-26,29.18,12.94,9.97,16.04,62.35
serengeti,2026-01-27,29.08,18.73,1.43,12.14,45.62
serengeti,2026-01-28,28.49,16.33,6.9,16.11,35.16
serengeti,2026-01-29,31.02,13.23,0.0,18.83,44.29
serengeti,2026-01-30,27.05,14.05,2.8,17.17,38.32
serengeti,2026-01-31,29.93,15.38,8.12,13.95,38.02
serengeti,2026-02-01,27.8,16.6,4.44,11.17,47.0
serengeti,2026-02-02,31.27,10.21,0.0,9.45,64.12
serengeti,2026-02-03,27.02,11.18,2.84,15.22,44.99
serengeti,2026-02-04,28.72,16.04,0.0,11.3,36.56
serengeti,2026-02-05,25.59,18.36,3.84,15.33,44.74
serengeti,2026-02-06,26.96,18.36,1.99,10.16,50.32
serengeti,2026-02-07,31.59,14.17,0.0,17.11,47.71
serengeti,2026-02-08,27.59,17.05,1.75,11.56,41.8
serengeti,2026-02-09,27.91,17.05,0.47,9.88,46.92
serengeti,2026-02-10,30.46,16.46,5.58,13.47,32.51
serengeti,2026-02-11,27.04,18.28,1.84,10.63,34.0
serengeti,2026-02-12,28.63,14.74,6.02,10.62,34.93
serengeti,2026-02-13,28.04,16.83,7.45,15.69,74.89
serengeti,2026-02-14,29.38,19.68,10.99,11.76,67.34
serengeti,2026-02-15,30.06,15.6,5.94,15.81,49.65
serengeti,2026-02-16,29.1,15.38,7.15,14.78,68.24
serengeti,2026-02-17,24.81,17.62,4.32,13.15,43.65
serengeti,2026-02-18,28.7,16.95,1.71,12.98,19.52
serengeti,2026-02-19,27.69,13.03,7.54,11.72,70.56
serengeti,2026-02-20,26.31,18.22,5.88,11.58,47.36
serengeti,2026-02-21,23.07,14.17,5.52,14.3,44.76
serengeti,2026-02-22,27.4,17.88,5.19,15.58,52.0
serengeti,2026-02-23,31.98,16.19,4.35,15.45,78.06
serengeti,2026-02-24,29.85,16.38,3.08,17.83,53.69
serengeti,2026-02-25,30.81,16.6,5.39,13.78,88.65
serengeti,2026-02-26,29.36,14.93,2.15,18.64,53.39
serengeti,2026-02-27,32.02,18.7,10.67,13.72,33.76
serengeti,2026-02-28,29.63,16.74,6.62,14.51,80.44
serengeti,2026-03-01,30.21,15.96,0.0,21.22,42.16
serengeti,2026-03-02,28.91,19.58,10.72,16.78,57.56
serengeti,2026-03-03,29.36,16.45,11.24,14.4,39.55
serengeti,2026-03-04,28.91,15.08,5.07,16.08,51.27
serengeti,2026-03-05,31.05,18.15,4.37,14.68,47.83
serengeti,2026-03-06,31.33,15.63,10.75,19.96,60.41
serengeti,2026-03-07,30.02,19.71,11.05,12.9,63.49
serengeti,2026-03-08,30.9,16.13,0.0,10.07,58.49
serengeti,2026-03-09,29.4,15.75,9.18,13.6,54.85
serengeti,2026-03-10,30.5,15.33,10.73,12.52,55.93
serengeti,2026-03-11,30.48,16.77,3.58,12.62,62.84
serengeti,2026-03-12,27.39,16.06,2.53,10.03,72.42
serengeti,2026-03-13,25.53,16.46,8.71,17.18,77.74
serengeti,2026-03-14,31.81,14.3,14.25,16.0,66.94
serengeti,2026-03-15,29.66,17.4,11.8,19.7,52.49
serengeti,2026-03-16,29.43,17.9,9.2,15.48,50.61
serengeti,2026-03-17,28.93,18.56,5.78,17.13,38.97
serengeti,2026-03-18,29.25,15.8,6.44,13.82,73.89
serengeti,2026-03-19,31.45,17.52,6.12,12.47,90.76
serengeti,2026-03-20,28.71,18.64,5.19,11.47,29.16
serengeti,2026-03-21,29.53,17.57,3.75,17.5,69.06
serengeti,2026-03-22,28.72,15.74,9.14,16.37,69.74
serengeti,2026-03-23,32.65,18.37,0.92,15.98,56.66
serengeti,2026-03-24,31.5,19.36,9.73,12.33,69.75
serengeti,2026-03-25,34.43,17.18,4.39,19.17,49.54
serengeti,2026-03-26,29.89,17.6,8.37,13.28,70.99
serengeti,2026-03-27,29.71,15.05,3.43,14.0,55.66
serengeti,2026-03-28,31.32,16.11,0.0,13.01,62.06
serengeti,2026-03-29,28.12,18.68,12.27,14.94,71.85
serengeti,2026-03-30,31.86,17.0,10.41,17.57,91.55
serengeti,2026-03-31,30.29,15.39,5.15,14.55,79.13
serengeti,2026-04-01,31.8,19.5,14.73,13.82,34.05
serengeti,2026-04-02,28.69,18.87,13.06,11.07,51.95
serengeti,2026-04-03,29.52,16.47,8.81,19.06,51.27
serengeti,2026-04-04,30.62,21.65,0.71,9.85,44.23
serengeti,2026-04-05,30.69,16.13,1.12,10.27,46.25
serengeti,2026-04-06,29.23,14.12,7.22,15.68,84.11
serengeti,2026-04-07,31.98,16.73,10.64,13.68,61.73
serengeti,2026-04-08,30.61,14.24,13.35,15.55,72.44
serengeti,2026-04-09,31.11,17.92,7.55,13.85,78.16
serengeti,2026-04-10,27.27,19.56,9.83,9.69,69.0
serengeti,2026-04-11,26.75,15.59,11.32,9.48,41.95
serengeti,2026-04-12,28.51,16.25,0.0,8.9,57.21
serengeti,2026-04-13,31.26,16.09,4.2,20.9,53.36
serengeti,2026-04-14,30.74,16.35,8.23,10.79,46.68
serengeti,2026-04-15,33.07,16.77,8.83,12.7,78.56
serengeti,2026-04-16,29.04,15.78,2.17,17.28,65.36
serengeti,2026-04-17,30.34,18.11,9.28,16.94,28.08
serengeti,2026-04-18,28.02,15.06,9.7,11.71,46.66
serengeti,2026-04-19,32.27,17.45,7.38,12.32,56.64
serengeti,2026-04-20,28.94,18.47,9.12,13.7,41.93
serengeti,2026-04-21,31.7,15.2,7.85,11.99,79.31
serengeti,2026-04-22,30.17,14.1,8.41,16.0,56.44
serengeti,2026-04-23,28.92,14.69,5.53,22.72,16.87
serengeti,2026-04-24,27.88,16.21,3.4,12.63,100.0
serengeti,2026-04-25,31.03,14.67,5.56,12.12,54.51
serengeti,2026-04-26,29.16,19.64,7.7,16.15,74.47
serengeti,2026-04-27,25.76,16.87,0.0,6.43,59.23
serengeti,2026-04-28,34.09,15.64,1.72,14.55,51.19
serengeti,2026-04-29,30.82,15.5,3.3,11.13,54.23
serengeti,2026-04-30,31.37,18.37,0.29,18.69,73.97
serengeti,2026-05-01,28.64,18.83,6.11,11.24,64.36
serengeti,2026-05-02,27.48,16.06,0.0,13.68,38.76
serengeti,2026-05-03,28.99,17.23,7.83,13.43,75.6
serengeti,2026-05-04,32.33,17.73,4.83,14.94,55.93
serengeti,2026-05-05,27.82,17.64,6.95,16.09,55.44
serengeti,2026-05-06,30.01,18.02,10.7,15.25,63.59
serengeti,2026-05-07,28.24,18.7,9.27,10.55,96.51
serengeti,2026-05-08,28.91,17.91,1.24,14.52,58.16
serengeti,2026-05-09,32.27,15.87,2.35,16.93,57.65
serengeti,2026-05-10,31.36,16.18,2.72,11.72,53.08
serengeti,2026-05-11,30.64,14.03,16.97,12.51,58.05
serengeti,2026-05-12,30.73,17.05,0.0,15.79,65.45
serengeti,2026-05-13,27.88,16.9,4.71,10.23,66.43
serengeti,2026-05-14,32.74,15.81,10.33,15.4,58.1
serengeti,2026-05-15,28.85,17.18,5.54,15.36,66.21
serengeti,2026-05-16,31.33,15.85,4.74,10.01,53.95
serengeti,2026-05-17,33.18,15.11,11.42,15.1,46.64
serengeti,2026-05-18,27.97,18.81,0.0,13.16,69.46
serengeti,2026-05-19,26.89,15.59,7.78,11.97,56.53
serengeti,2026-05-20,29.99,16.38,2.69,15.89,50.36
serengeti,2026-05-21,29.45,17.72,6.54,10.97,38.99
serengeti,2026-05-22,30.15,14.67,10.06,14.09,60.35
serengeti,2026-05-23,27.96,16.81,3.22,14.37,55.95
serengeti,2026-05-24,28.34,14.8,5.06,14.97,32.65
serengeti,2026-05-25,28.41,17.52,9.73,17.47,27.16
serengeti,2026-05-26,30.92,20.31,0.0,15.0,65.54
serengeti,2026-05-27,30.57,18.15,8.39,13.94,51.52
serengeti,2026-05-28,29.29,18.62,3.07,11.67,66.11
serengeti,2026-05-29,34.59,17.32,9.08,15.61,63.16
serengeti,2026-05-30,31.61,19.43,4.54,14.97,32.67
serengeti,2026-05-31,27.4,12.63,3.11,10.56,12.5
serengeti,2026-06-01,28.54,16.85,5.84,12.57,56.08
serengeti,2026-06-02,32.62,17.98,9.93,10.63,43.84
serengeti,2026-06-03,27.84,15.72,3.35,14.5,60.47
serengeti,2026-06-04,34.47,17.36,3.04,13.08,75.52
serengeti,2026-06-05,29.24,15.15,9.72,14.62,47.06
serengeti,2026-06-06,30.3,18.68,4.53,12.35,32.89
serengeti,2026-06-07,28.76,16.11,3.47,13.84,41.34
serengeti,2026-06-08,25.66,15.64,3.63,14.12,58.35
serengeti,2026-06-09,30.37,14.82,8.56,14.8,80.37
serengeti,2026-06-10,27.29,16.17,7.89,13.24,37.49
serengeti,2026-06-11,29.17,18.72,0.89,9.74,48.09
serengeti,2026-06-12,30.94,18.06,2.38,15.87,41.08
serengeti,2026-06-13,29.08,14.43,8.17,15.94,45.67
serengeti,2026-06-14,26.06,16.11,6.5,17.19,68.13
serengeti,2026-06-15,27.58,16.75,0.0,10.06,33.75
serengeti,2026-06-16,24.4,15.49,5.3,11.16,61.68
serengeti,2026-06-17,27.13,16.19,3.74,9.82,48.32
serengeti,2026-06-18,28.48,17.95,8.54,6.46,38.39
serengeti,2026-06-19,28.37,15.57,10.62,15.28,71.7
serengeti,2026-06-20,28.3,16.56,2.72,8.35,39.28
serengeti,2026-06-21,27.62,17.65,14.62,14.62,65.01
serengeti,2026-06-22,28.31,17.01,0.0,8.46,38.46
serengeti,2026-06-23,26.2,15.93,3.38,7.56,64.7
serengeti,2026-06-24,26.38,18.19,3.99,11.3,46.28
serengeti,2026-06-25,26.44,14.28,6.66,13.81,62.06
serengeti,2026-06-26,34.13,12.58,7.62,7.18,35.55
serengeti,2026-06-27,29.35,16.12,8.38,10.82,25.87
serengeti,2026-06-28,31.84,18.91,6.78,7.91,67.16
serengeti,2026-06-29,26.35,19.37,4.95,14.48,41.96
serengeti,2026-06-30,25.73,13.83,2.83,12.32,32.64
serengeti,2026-07-01,25.07,14.39,0.0,12.38,80.71
serengeti,2026-07-02,25.93,12.28,2.4,14.93,30.73
serengeti,2026-07-03,25.98,15.55,2.77,11.57,19.63
serengeti,2026-07-04,26.33,16.55,0.0,13.53,49.59
serengeti,2026-07-05,26.57,13.53,6.45,17.01,48.89
serengeti,2026-07-06,28.02,14.44,0.24,12.26,61.13
serengeti,2026-07-07,28.62,17.61,5.49,6.76,63.75
serengeti,2026-07-08,28.55,18.66,4.55,13.45,41.73
serengeti,2026-07-09,32.76,16.63,0.0,9.51,52.16
serengeti,2026-07-10,26.57,14.11,0.0,10.75,48.3
serengeti,2026-07-11,30.83,18.21,0.34,9.94,27.06
serengeti,2026-07-12,28.95,15.96,0.91,12.52,48.46
serengeti,2026-07-13,28.96,14.28,8.62,11.43,66.63
serengeti,2026-07-14,27.52,13.83,3.68,11.32,57.9
serengeti,2026-07-15,26.99,10.79,0.0,13.76,36.11
serengeti,2026-07-16,30.48,17.96,5.45,11.09,48.91
serengeti,2026-07-17,31.0,19.48,8.7,12.28,56.08
serengeti,2026-07-18,27.02,14.73,0.51,15.36,26.11
serengeti,2026-07-19,26.25,15.89,2.2,15.78,45.16
serengeti,2026-07-20,25.9,14.59,0.0,17.44,22.13
serengeti,2026-07-21,27.12,15.05,4.73,15.95,16.06
serengeti,2026-07-22,24.08,12.69,4.28,7.11,30.76
serengeti,2026-07-23,22.79,15.42,3.28,9.32,11.57
serengeti,2026-07-24,25.57,17.99,2.56,13.44,38.26
serengeti,2026-07-25,25.23,14.47,0.0,12.94,39.68
serengeti,2026-07-26,24.93,13.9,0.0,10.89,31.47
serengeti,2026-07-27,26.55,16.45,1.91,13.9,54.58
serengeti,2026-07-28,27.98,13.22,0.0,8.35,47.21
serengeti,2026-07-29,26.92,13.88,2.82,13.53,43.19
serengeti,2026-07-30,27.55,13.74,0.0,14.39,40.97
serengeti,2026-07-31,25.63,13.43,0.0,6.41,20.2
serengeti,2026-08-01,26.4,12.73,0.0,11.59,42.06
serengeti,2026-08-02,28.36,15.73,0.0,11.98,24.32
serengeti,2026-08-03,23.88,16.95,0.0,8.21,16.6
serengeti,2026-08-04,26.12,15.73,2.61,7.24,31.8
serengeti,2026-08-05,26.14,17.9,7.69,11.89,9.96
serengeti,2026-08-06,24.96,15.68,7.47,12.66,14.0
serengeti,2026-08-07,25.96,14.27,2.29,10.59,46.21
serengeti,2026-08-08,27.37,13.71,2.54,9.83,37.23
serengeti,2026-08-09,23.88,14.29,4.89,12.36,19.55
serengeti,2026-08-10,27.34,15.79,0.0,6.55,46.46
serengeti,2026-08-11,26.94,14.54,0.0,14.92,39.17
serengeti,2026-08-12,21.72,16.18,0.0,17.6,13.84
serengeti,2026-08-13,23.53,12.58,0.0,11.22,26.9
serengeti,2026-08-14,26.9,13.48,3.11,14.92,43.76
serengeti,2026-08-15,28.61,14.71,0.0,13.54,46.31
serengeti,2026-08-16,25.74,12.22,2.63,18.46,45.12
serengeti,2026-08-17,25.28,14.66,0.0,3.6,33.32
serengeti,2026-08-18,24.85,9.87,0.0,12.72,48.7
serengeti,2026-08-19,26.67,15.06,5.08,3.18,34.44
serengeti,2026-08-20,23.46,12.84,4.41,7.86,52.39
serengeti,2026-08-21,26.16,13.29,2.15,10.49,58.95
serengeti,2026-08-22,24.28,12.48,5.92,9.53,36.62
serengeti,2026-08-23,21.86,13.66,0.65,14.21,59.94
serengeti,2026-08-24,23.42,12.08,0.0,15.93,35.34
serengeti,2026-08-25,24.05,12.02,0.0,11.93,19.72
serengeti,2026-08-26,22.94,14.22,0.0,18.32,64.09
serengeti,2026-08-27,28.49,8.72,0.0,6.95,39.57
serengeti,2026-08-28,24.12,12.76,0.0,7.72,35.4
serengeti,2026-08-29,22.48,14.75,0.0,7.13,53.34
serengeti,2026-08-30,27.02,12.24,0.0,13.61,54.59
serengeti,2026-08-31,22.45,15.23,3.12,14.25,30.82
serengeti,2026-09-01,21.63,10.98,2.33,5.84,29.43
serengeti,2026-09-02,27.59,11.33,2.68,7.87,5.06
serengeti,2026-09-03,23.42,10.21,0.0,9.7,47.31
serengeti,2026-09-04,26.29,10.44,3.7,8.59,41.4
serengeti,2026-09-05,27.8,11.51,1.86,8.46,34.58
serengeti,2026-09-06,21.24,14.38,0.0,9.47,15.56
serengeti,2026-09-07,22.76,11.14,0.67,7.43,61.96
serengeti,2026-09-08,24.28,12.63,0.0,13.38,47.41
serengeti,2026-09-09,26.81,10.67,6.23,15.21,36.39
serengeti,2026-09-10,25.61,13.69,0.11,5.97,16.58
serengeti,2026-09-11,24.85,11.6,0.0,11.18,49.97
serengeti,2026-09-12,25.42,15.28,3.43,12.16,30.91
serengeti,2026-09-13,22.94,13.64,0.0,7.45,11.68
serengeti,2026-09-14,25.59,10.2,0.48,5.17,31.25
serengeti,2026-09-15,23.92,9.3,1.44,9.63,24.3
serengeti,2026-09-16,25.5,12.95,2.19,8.41,27.8
serengeti,2026-09-17,23.09,11.2,0.0,8.92,41.14
