area_id,date,temperature_2m_max,temperature_2m_min,precipitation_sum,windspeed_10m_max,cloudcover_mean
borneo_rainforest,2011-09-17,34.74,23.91,16.8,4.29,80.62
borneo_rainforest,2011-09-18,30.06,22.12,13.01,7.24,76.55
borneo_rainforest,2011-09-19,30.65,25.68,11.05,5.51,86.66
borneo_rainforest,2011-09-20,32.26,21.26,12.12,5.11,78.76
borneo_rainforest,2011-09-21,32.31,23.47,7.5,4.86,64.65
borneo_rainforest,2011-09-22,32.36,23.75,8.93,4.77,63.95
borneo_rainforest,2011-09-23,33.4,22.61,0.22,6.75,81.79
borneo_rainforest,2011-09-24,29.23,23.96,5.33,9.8,69.6
borneo_rainforest,2011-09-25,31.66,23.95,6.98,6.07,96.89
borneo_rainforest,2011-09-26,30.28,22.94,17.7,4.71,78.33
borneo_rainforest,2011-09-27,29.63,21.9,14.14,5.9,67.78
borneo_rainforest,2011-09-28,32.35,22.61,8.36,4.14,62.2
borneo_rainforest,2011-09-29,30.28,24.42,9.32,4.9,92.79
borneo_rainforest,2011-09-30,30.55,24.19,7.52,8.23,57.88
borneo_rainforest,2011-10-01,31.65,23.33,10.96,6.3,77.96
borneo_rainforest,2011-10-02,29.68,23.41,13.3,8.11,83.33
borneo_rainforest,2011-10-03,34.25,23.46,9.24,6.9,56.79
borneo_rainforest,2011-10-04,32.24,23.63,8.14,4.81,63.51
borneo_rainforest,2011-10-05,30.88,23.12,7.25,4.46,67.48
borneo_rainforest,2011-10-06,31.1,22.33,6.42,8.05,100.0
borneo_rainforest,2011-10-07,32.83,25.83,8.34,5.43,77.46
borneo_rainforest,2011-10-08,29.9,24.48,12.97,5.4,82.25
borneo_rainforest,2011-10-09,29.32,23.84,14.24,5.17,98.28
borneo_rainforest,2011-10-10,31.85,23.04,1.2,7.27,74.36
borneo_rainforest,2011-10-11,32.61,23.08,6.94,6.73,51.48
borneo_rainforest,2011-10-12,31.59,23.32,5.76,6.31,48.66
borneo_rainforest,2011-10-13,29.88,25.42,6.95,7.77,66.34
borneo_rainforest,2011-10-14,35.03,22.34,9.86,5.11,86.49
borneo_rainforest,2011-10-15,30.08,23.58,5.07,6.24,98.34
borneo_rainforest,2011-10-16,30.95,22.66,11.73,6.67,85.87
borneo_rainforest,2011-10-17,31.88,22.02,13.28,7.15,71.4
borneo_rainforest,2011-10-18,30.87,25.22,15.15,7.79,68.31
borneo_rainforest,2011-10-19,32.81,23.1,7.49,4.16,100.0
borneo_rainforest,2011-10-20,33.3,22.1,16.13,7.35,100.0
borneo_rainforest,2011-10-21,31.05,23.63,9.03,6.08,80.67
borneo_rainforest,2011-10-22,27.8,23.58,9.14,5.98,87.6
borneo_rainforest,2011-10-23,31.68,22.19,5.42,5.02,81.81
borneo_rainforest,2011-10-24,33.32,25.13,11.93,4.7,76.67
borneo_rainforest,2011-10-25,32.43,25.27,2.63,6.79,80.08
borneo_rainforest,2011-10-26,32.57,23.37,10.33,5.82,62.64
borneo_rainforest,2011-10-27,30.73,24.86,9.0,6.2,70.16
borneo_rainforest,2011-10-28,33.4,22.7,8.72,5.92,84.19
borneo_rainforest,2011-10-29,31.8,22.73,3.72,5.38,96.31
borneo_rainforest,2011-10-30,32.4,25.63,9.6,3.84,81.09
borneo_rainforest,2011-10-31,33.25,23.96,16.16,6.44,100.0
borneo_rainforest,2011-11-01,32.38,24.11,21.13,6.31,70.35
borneo_rainforest,2011-11-02,32.7,22.29,9.96,7.41,83.87
borneo_rainforest,2011-11-03,31.06,21.97,10.14,5.33,92.18
borneo_rainforest,2011-11-04,30.95,25.07,14.69,8.24,75.32
borneo_rainforest,2011-11-05,31.47,20.6,18.97,10.76,95.37
borneo_rainforest,2011-11-06,33.16,24.53,15.91,7.46,100.0
borneo_rainforest,2011-11-07,28.65,26.21,15.66,4.26,66.71
borneo_rainforest,2011-11-08,31.03,23.62,15.14,5.88,77.6
borneo_rainforest,2011-11-09,29.84,24.46,1.4,4.01,64.64
borneo_rainforest,2011-11-10,32.41,23.77,0.14,3.92,64.37
borneo_rainforest,2011-11-11,29.82,25.84,13.57,7.64,96.93
borneo_rainforest,2011-11-12,30.17,26.01,11.74,6.92,91.25
borneo_rainforest,2011-11-13,30.66,22.22,0.0,8.0,72.28
borneo_rainforest,2011-11-14,31.97,24.53,10.2,10.31,91.3
borneo_rainforest,2011-11-15,32.74,22.42,6.47,5.72,62.0
borneo_rainforest,2011-11-16,30.97,24.5,5.54,7.67,83.29
borneo_rainforest,2011-11-17,31.64,23.97,21.56,5.99,77.94
borneo_rainforest,2011-11-18,33.92,24.28,11.46,6.79,83.68
borneo_rainforest,2011-11-19,31.23,25.84,5.54,10.13,77.37
borneo_rainforest,2011-11-20,32.71,22.2,9.91,5.98,74.93
borneo_rainforest,2011-11-21,34.78,25.15,22.0,7.11,93.96
borneo_rainforest,2011-11-22,32.35,21.9,11.96,9.76,81.28
borneo_rainforest,2011-11-23,32.9,24.27,4.19,7.13,87.6
borneo_rainforest,2011-11-24,33.89,24.29,21.26,6.84,72.98
borneo_rainforest,2011-11-25,36.25,25.97,14.54,7.77,60.81
borneo_rainforest,2011-11-26,34.01,23.3,15.67,9.75,78.38
borneo_rainforest,2011-11-27,35.45,22.46,11.54,7.81,66.62
borneo_rainforest,2011-11-28,30.36,26.48,11.64,8.16,79.58
borneo_rainforest,2011-11-29,33.84,24.35,15.08,7.09,93.98
borneo_rainforest,2011-11-30,32.78,22.33,14.89,6.23,73.77
borneo_rainforest,2011-12-01,33.94,24.89,11.53,7.59,99.83
borneo_rainforest,2011-12-02,33.84,23.85,9.7,5.59,85.4
borneo_rainforest,2011-12-03,32.5,22.89,16.02,6.66,100.0
borneo_rainforest,2011-12-04,31.4,24.42,15.5,6.59,83.62
borneo_rainforest,2011-12-05,30.47,25.58,7.98,8.97,88.65
borneo_rainforest,2011-12-06,32.3,23.44,13.05,6.14,57.22
borneo_rainforest,2011-12-07,30.22,23.12,10.72,8.74,74.47
borneo_rainforest,2011-12-08,32.28,23.0,3.01,7.0,77.33
borneo_rainforest,2011-12-09,33.77,23.16,0.95,6.98,100.0
borneo_rainforest,2011-12-10,31.42,22.5,9.87,8.97,73.58
borneo_rainforest,2011-12-11,30.18,24.39,4.03,6.18,97.27
borneo_rainforest,2011-12-12,33.84,24.8,17.23,7.92,99.47
borneo_rainforest,2011-12-13,30.3,24.15,9.67,5.87,70.55
borneo_rainforest,2011-12-14,31.39,23.99,12.33,10.07,90.43
borneo_rainforest,2011-12-15,31.26,25.1,23.54,6.36,83.41
borneo_rainforest,2011-12-16,32.17,22.67,8.43,8.91,90.41
borneo_rainforest,2011-12-17,32.1,24.16,9.29,6.01,84.33
borneo_rainforest,2011-12-18,32.55,24.62,17.78,8.27,78.67
borneo_rainforest,2011-12-19,31.8,23.69,11.71,9.29,69.15
borneo_rainforest,2011-12-20,30.82,24.48,16.3,7.79,94.64
borneo_rainforest,2011-12-21,32.79,25.74,11.01,7.79,67.17
borneo_rainforest,2011-12-22,29.37,23.1,14.46,5.66,94.14
borneo_rainforest,2011-12-23,34.78,24.31,17.22,4.91,76.42
borneo_rainforest,2011-12-24,32.47,23.59,17.0,7.34,100.0
borneo_rainforest,2011-12-25,33.03,26.08,8.59,9.12,95.13
borneo_rainforest,2011-12-26,36.21,22.34,1.85,6.11,93.92
borneo_rainforest,2011-12-27,32.15,22.83,7.56,6.32,83.9
borneo_rainforest,2011-12-28,31.43,24.87,8.87,7.67,90.1
borneo_rainforest,2011-12-29,32.34,24.16,15.67,5.75,83.87
borneo_rainforest,2011-12-30,33.5,23.08,13.59,7.51,82.81
borneo_rainforest,2011-12-31,31.9,22.53,15.28,7.74,95.82
borneo_rainforest,2012-01-01,30.84,23.78,15.72,6.34,83.68
borneo_rainforest,2012-01-02,31.52,24.59,13.51,4.55,85.27
borneo_rainforest,2012-01-03,31.93,22.2,11.37,7.76,100.0
borneo_rainforest,2012-01-04,31.82,24.61,9.22,6.81,100.0
borneo_rainforest,2012-01-05,30.87,23.82,7.56,6.57,61.07
borneo_rainforest,2012-01-06,31.85,25.68,11.86,7.63,52.79
borneo_rainforest,2012-01-07,30.7,24.76,8.27,7.31,95.32
borneo_rainforest,2012-01-08,33.65,23.21,8.84,5.23,97.59
borneo_rainforest,2012-01-09,32.94,26.03,12.83,6.83,76.2
borneo_rainforest,2012-01-10,36.19,24.66,11.74,6.36,99.19
borneo_rainforest,2012-01-11,31.24,26.74,5.24,9.35,74.11
borneo_rainforest,2012-01-12,30.51,22.44,2.24,6.63,76.84
borneo_rainforest,2012-01-13,32.06,24.22,7.84,8.8,100.0
borneo_rainforest,2012-01-14,32.68,23.16,16.26,9.46,72.09
borneo_rainforest,2012-01-15,30.4,22.93,11.7,7.3,79.3
borneo_rainforest,2012-01-16,32.95,23.66,14.96,4.36,81.63
borneo_rainforest,2012-01-17,30.43,23.34,12.43,8.36,93.62
borneo_rainforest,2012-01-18,32.34,24.17,12.89,4.11,70.53
borneo_rainforest,2012-01-19,31.64,24.32,12.83,7.09,69.43
borneo_rainforest,2012-01-20,34.71,23.8,5.32,7.77,76.71
borneo_rainforest,2012-01-21,31.32,24.35,5.93,5.93,77.07
borneo_rainforest,2012-01-22,32.25,24.94,16.46,9.0,85.63
borneo_rainforest,2012-01-23,29.43,21.94,13.55,9.77,70.01
borneo_rainforest,2012-01-24,30.96,22.26,7.79,8.01,81.64
borneo_rainforest,2012-01-25,31.78,22.64,9.72,3.62,75.44
borneo_rainforest,2012-01-26,32.97,22.51,12.45,6.82,80.23
borneo_rainforest,2012-01-27,31.45,24.28,10.22,4.57,91.78
borneo_rainforest,2012-01-28,33.17,25.33,23.31,7.33,97.07
borneo_rainforest,2012-01-29,30.11,22.09,11.71,7.77,82.36
borneo_rainforest,2012-01-30,32.01,21.6,11.6,7.35,97.69
borneo_rainforest,2012-01-31,31.36,23.5,12.25,3.84,63.21
borneo_rainforest,2012-02-01,32.01,23.67,13.04,5.5,85.3
borneo_rainforest,2012-02-02,31.62,21.36,7.15,6.23,99.04
borneo_rainforest,2012-02-03,33.09,26.66,8.81,6.51,78.41
borneo_rainforest,2012-02-04,30.27,23.05,13.42,7.11,94.09
borneo_rainforest,2012-02-05,29.95,25.02,14.85,6.49,79.24
borneo_rainforest,2012-02-06,30.66,23.51,12.06,5.38,84.27
borneo_rainforest,2012-02-07,30.91,23.46,1.2,5.08,78.01
borneo_rainforest,2012-02-08,30.93,23.6,13.23,5.51,62.08
borneo_rainforest,2012-02-09,34.25,24.6,13.16,6.77,81.57
borneo_rainforest,2012-02-10,30.97,23.8,9.42,8.88,86.22
borneo_rainforest,2012-02-11,34.88,24.01,7.39,6.44,70.56
borneo_rainforest,2012-02-12,31.14,22.9,15.98,4.53,77.08
borneo_rainforest,2012-02-13,32.58,24.26,8.63,10.47,74.02
borneo_rainforest,2012-02-14,31.74,22.54,16.26,6.74,87.71
borneo_rainforest,2012-02-15,30.36,24.42,5.34,8.11,89.07
borneo_rainforest,2012-02-16,30.75,26.03,9.56,5.96,75.32
borneo_rainforest,2012-02-17,32.85,23.51,19.43,6.62,69.95
borneo_rainforest,2012-02-18,28.56,23.8,23.73,5.56,91.79
borneo_rainforest,2012-02-19,31.24,21.84,8.27,8.51,77.15
borneo_rainforest,2012-02-20,29.28,25.28,9.46,6.09,94.71
borneo_rainforest,2012-02-21,32.78,22.5,14.75,4.53,67.09
borneo_rainforest,2012-02-22,28.87,24.95,5.79,6.29,82.6
borneo_rainforest,2012-02-23,28.94,22.2,6.62,8.16,67.59
borneo_rainforest,2012-02-24,31.14,24.81,5.62,4.56,69.42
borneo_rainforest,2012-02-25,30.66,22.78,17.13,6.86,88.39
borneo_rainforest,2012-02-26,32.0,24.55,8.5,5.7,62.76
borneo_rainforest,2012-02-27,30.75,23.37,8.1,7.08,82.84
borneo_rainforest,2012-02-28,28.26,21.94,9.82,6.84,88.16
borneo_rainforest,2012-02-29,26.47,24.83,7.21,6.91,78.49
borneo_rainforest,2012-03-01,30.75,23.67,8.67,3.82,76.25
borneo_rainforest,2012-03-02,34.8,21.67,10.87,6.02,85.95
borneo_rainforest,2012-03-03,28.84,24.15,0.0,10.78,53.75
borneo_rainforest,2012-03-04,34.55,23.66,5.27,2.92,94.35
borneo_rainforest,2012-03-05,30.62,22.86,10.83,4.78,82.02
borneo_rainforest,2012-03-06,30.21,22.92,6.9,7.7,78.84
borneo_rainforest,2012-03-07,31.55,24.16,9.31,7.25,72.3
borneo_rainforest,2012-03-08,31.71,22.28,2.78,6.51,79.52
borneo_rainforest,2012-03-09,30.52,22.47,2.98,2.95,96.31
borneo_rainforest,2012-03-10,29.89,23.2,5.3,8.36,87.38
borneo_rainforest,2012-03-11,30.98,21.71,7.94,6.03,61.51
borneo_rainforest,2012-03-12,30.2,23.31,7.39,6.63,64.02
borneo_rainforest,2012-03-13,31.22,21.65,4.94,4.63,77.65
borneo_rainforest,2012-03-14,29.9,23.72,12.35,7.12,62.84
borneo_rainforest,2012-03-15,32.77,22.11,5.71,5.27,63.57
borneo_rainforest,2012-03-16,29.44,22.64,4.54,4.83,77.36
borneo_rainforest,2012-03-17,28.59,24.54,2.73,7.42,76.5
borneo_rainforest,2012-03-18,31.94,22.78,9.2,6.82,77.05
borneo_rainforest,2012-03-19,32.78,21.4,9.15,6.11,79.65
borneo_rainforest,2012-03-20,30.74,23.52,14.33,7.06,65.9
borneo_rainforest,2012-03-21,29.9,22.18,5.44,9.05,65.86
borneo_rainforest,2012-03-22,29.64,23.47,8.56,6.36,66.7
borneo_rainforest,2012-03-23,29.65,23.13,15.44,4.5,96.3
borneo_rainforest,2012-03-24,31.85,23.58,8.27,6.87,64.16
borneo_rainforest,2012-03-25,32.87,23.85,6.13,6.13,63.89
borneo_rainforest,2012-03-26,30.99,21.78,6.56,6.54,42.46
borneo_rainforest,2012-03-27,29.56,22.89,13.56,5.18,73.25
borneo_rainforest,2012-03-28,29.5,24.83,11.88,7.92,65.88
borneo_rainforest,2012-03-29,29.8,22.12,0.0,7.35,84.28
borneo_rainforest,2012-03-30,30.73,22.27,9.3,5.4,70.87
borneo_rainforest,2012-03-31,30.03,21.89,5.06,3.58,68.95
borneo_rainforest,2012-04-01,29.97,23.27,8.65,6.78,72.92
borneo_rainforest,2012-04-02,29.09,22.45,6.99,5.99,59.91
borneo_rainforest,2012-04-03,28.64,21.43,8.28,4.01,60.86
borneo_rainforest,2012-04-04,31.88,23.2,3.52,5.39,80.66
borneo_rainforest,2012-04-05,30.27,22.42,0.0,4.76,63.67
borneo_rainforest,2012-04-06,30.6,22.53,0.0,6.67,63.64
borneo_rainforest,2012-04-07,32.86,23.05,0.0,3.88,78.37
borneo_rainforest,2012-04-08,27.0,23.58,13.88,7.3,87.94
borneo_rainforest,2012-04-09,29.58,23.64,12.96,7.59,69.94
borneo_rainforest,2012-04-10,29.32,21.72,12.41,4.56,82.63
borneo_rainforest,2012-04-11,31.02,23.6,0.0,5.4,52.64
borneo_rainforest,2012-04-12,27.83,24.46,10.54,5.21,74.03
borneo_rainforest,2012-04-13,33.13,21.54,9.25,4.82,97.65
borneo_rainforest,2012-04-14,28.03,22.73,0.0,7.56,71.68
borneo_rainforest,2012-04-15,30.9,20.97,11.97,5.24,74.31
borneo_rainforest,2012-04-16,29.1,21.8,7.62,5.19,54.19
borneo_rainforest,2012-04-17,32.56,23.71,15.4,4.95,60.16
borneo_rainforest,2012-04-18,31.23,21.88,12.75,3.35,71.22
borneo_rainforest,2012-04-19,29.0,24.1,0.0,6.27,53.45
borneo_rainforest,2012-04-20,30.34,21.42,5.62,8.38,71.96
borneo_rainforest,2012-04-21,32.45,21.58,6.9,5.93,79.22
borneo_rainforest,2012-04-22,30.3,20.76,5.3,4.29,56.8
borneo_rainforest,2012-04-23,27.59,22.91,12.91,5.37,64.89
borneo_rainforest,2012-04-24,31.33,23.58,0.51,6.37,63.54
borneo_rainforest,2012-04-25,32.26,25.22,6.46,6.74,57.34
borneo_rainforest,2012-04-26,28.58,22.92,0.19,5.13,67.62
borneo_rainforest,2012-04-27,30.07,22.37,6.71,5.9,66.67
borneo_rainforest,2012-04-28,28.82,22.42,5.48,2.92,100.0
borneo_rainforest,2012-04-29,28.6,22.5,10.46,4.19,50.3
borneo_rainforest,2012-04-30,29.66,23.26,15.37,6.5,58.02
borneo_rainforest,2012-05-01,26.79,23.01,0.0,4.52,48.87
borneo_rainforest,2012-05-02,29.49,22.63,10.46,3.55,69.13
borneo_rainforest,2012-05-03,29.4,23.91,11.4,5.21,67.78
borneo_rainforest,2012-05-04,27.78,24.54,0.0,4.92,72.1
borneo_rainforest,2012-05-05,30.83,22.55,7.23,5.99,65.27
borneo_rainforest,2012-05-06,32.34,22.77,13.02,5.51,84.4
borneo_rainforest,2012-05-07,33.38,23.63,1.97,6.84,72.33
borneo_rainforest,2012-05-08,30.54,24.02,6.04,3.04,86.12
borneo_rainforest,2012-05-09,28.11,23.16,0.77,6.71,83.16
borneo_rainforest,2012-05-10,31.1,22.73,3.99,5.58,61.61
borneo_rainforest,2012-05-11,31.46,22.3,9.03,7.04,50.97
borneo_rainforest,2012-05-12,29.37,22.16,0.0,6.58,76.91
borneo_rainforest,2012-05-13,31.62,20.21,8.26,5.83,65.17
borneo_rainforest,2012-05-14,28.61,22.34,3.96,6.08,73.33
borneo_rainforest,2012-05-15,29.23,21.63,5.14,6.59,65.33
borneo_rainforest,2012-05-16,28.22,21.57,5.56,3.8,75.81
borneo_rainforest,2012-05-17,29.65,20.95,9.73,5.43,50.5
borneo_rainforest,2012-05-18,30.7,23.26,13.77,4.03,80.12
borneo_rainforest,2012-05-19,29.55,23.66,8.08,4.19,69.24
borneo_rainforest,2012-05-20,31.51,19.8,8.91,5.13,65.78
borneo_rainforest,2012-05-21,29.4,22.22,13.24,3.63,82.35
borneo_rainforest,2012-05-22,33.84,22.61,2.39,6.3,52.99
borneo_rainforest,2012-05-23,31.97,23.72,7.24,4.85,38.46
borneo_rainforest,2012-05-24,30.62,21.9,8.15,6.07,59.58
borneo_rainforest,2012-05-25,31.04,21.15,7.52,5.23,69.4
borneo_rainforest,2012-05-26,34.38,21.28,8.4,4.6,74.06
borneo_rainforest,2012-05-27,30.21,24.47,21.93,7.44,81.81
borneo_rainforest,2012-05-28,30.76,24.54,0.0,5.03,83.09
borneo_rainforest,2012-05-29,29.73,22.54,8.28,6.1,71.71
borneo_rainforest,2012-05-30,28.7,23.69,1.24,3.91,74.93
borneo_rainforest,2012-05-31,29.09,22.83,7.19,4.13,52.0
borneo_rainforest,2012-06-01,29.7,21.22,2.02,4.06,74.34
borneo_rainforest,2012-06-02,29.95,21.77,2.36,1.52,74.63
borneo_rainforest,2012-06-03,30.4,21.48,13.0,2.67,75.41
borneo_rainforest,2012-06-04,31.55,22.15,9.8,4.7,47.28
borneo_rainforest,2012-06-05,31.62,23.25,5.41,5.51,65.61
borneo_rainforest,2012-06-06,33.5,22.33,0.0,3.81,75.72
borneo_rainforest,2012-06-07,27.51,22.58,8.17,4.52,41.32
borneo_rainforest,2012-06-08,30.39,21.1,9.67,5.6,64.5
borneo_rainforest,2012-06-09,31.75,22.71,0.0,2.67,60.11
borneo_rainforest,2012-06-10,29.17,23.59,12.87,4.59,70.76
borneo_rainforest,2012-06-11,29.23,21.86,3.09,5.51,66.37
borneo_rainforest,2012-06-12,32.37,20.14,2.68,6.76,59.84
borneo_rainforest,2012-06-13,32.59,20.63,4.23,1.92,58.0
borneo_rainforest,2012-06-14,29.92,20.8,14.27,4.92,69.76
borneo_rainforest,2012-06-15,29.79,22.98,0.0,4.21,53.67
borneo_rainforest,2012-06-16,30.82,21.64,2.56,4.7,64.65
borneo_rainforest,2012-06-17,28.22,22.51,8.82,2.73,58.46
borneo_rainforest,2012-06-18,30.5,21.86,7.74,4.06,67.36
borneo_rainforest,2012-06-19,27.15,23.89,0.0,8.05,52.59
borneo_rainforest,2012-06-20,28.16,23.52,0.44,6.78,63.79
borneo_rainforest,2012-06-21,28.52,22.75,4.59,7.28,64.61
borneo_rainforest,2012-06-22,30.86,22.51,7.86,5.73,79.25
borneo_rainforest,2012-06-23,29.9,23.18,13.59,4.42,74.24
borneo_rainforest,2012-06-24,30.14,20.77,5.3,3.0,89.7
borneo_rainforest,2012-06-25,30.34,22.36,8.75,5.02,67.98
borneo_rainforest,2012-06-26,31.4,21.26,0.0,6.12,73.83
borneo_rainforest,2012-06-27,30.43,24.94,0.59,9.87,54.94
borneo_rainforest,2012-06-28,31.52,21.01,3.73,4.85,86.01
borneo_rainforest,2012-06-29,31.0,22.56,0.4,7.2,86.09
borneo_rainforest,2012-06-30,27.88,23.25,8.29,3.56,67.62
borneo_rainforest,2012-07-01,31.18,22.36,3.64,5.46,77.73
borneo_rainforest,2012-07-02,27.26,22.46,0.0,3.86,64.61
borneo_rainforest,2012-07-03,30.17,21.97,0.0,5.58,58.28
borneo_rainforest,2012-07-04,28.23,21.33,3.35,7.19,67.11
borneo_rainforest,2012-07-05,30.2,22.08,0.0,7.39,77.79
borneo_rainforest,2012-07-06,28.7,23.94,5.62,6.62,72.34
borneo_rainforest,2012-07-07,29.49,23.39,5.06,3.11,69.64
borneo_rainforest,2012-07-08,30.29,22.69,12.51,5.67,88.36
borneo_rainforest,2012-07-09,30.85,24.48,5.57,7.08,72.11
borneo_rainforest,2012-07-10,29.8,25.14,8.49,3.75,91.43
borneo_rainforest,2012-07-11,30.78,23.02,1.98,4.9,77.57
borneo_rainforest,2012-07-12,32.96,21.77,0.0,6.64,75.23
borneo_rainforest,2012-07-13,28.49,22.29,2.66,0.16,77.24
borneo_rainforest,2012-07-14,29.27,22.44,0.0,4.15,61.39
borneo_rainforest,2012-07-15,31.45,20.43,0.0,8.23,61.89
borneo_rainforest,2012-07-16,30.16,22.42,7.26,8.93,67.46
borneo_rainforest,2012-07-17,32.64,21.21,7.18,7.33,93.29
borneo_rainforest,2012-07-18,29.96,21.6,10.53,1.53,71.18
borneo_rainforest,2012-07-19,29.09,22.53,5.0,6.62,62.88
borneo_rainforest,2012-07-20,28.89,22.76,5.24,6.8,79.42
borneo_rainforest,2012-07-21,31.79,21.29,7.68,4.75,71.55
borneo_rainforest,2012-07-22,31.14,19.95,0.0,9.09,68.13
borneo_rainforest,2012-07-23,27.95,22.46,13.41,3.27,60.01
borneo_rainforest,2012-07-24,29.58,22.5,0.0,6.89,54.17
borneo_rainforest,2012-07-25,30.66,25.45,0.0,4.15,77.98
borneo_rainforest,2012-07-26,30.12,22.43,5.64,7.06,62.26
borneo_rainforest,2012-07-27,31.44,22.96,1.38,7.24,50.88
borneo_rainforest,2012-07-28,27.11,21.94,2.17,6.02,82.07
borneo_rainforest,2012-07-29,29.66,21.61,10.3,2.2,61.7
borneo_rainforest,2012-07-30,27.58,24.0,3.73,4.64,70.42
borneo_rainforest,2012-07-31,31.17,20.86,0.36,7.09,63.64
borneo_rainforest,2012-08-01,31.96,22.27,4.36,4.27,89.95
borneo_rainforest,2012-08-02,29.83,24.92,5.21,3.65,64.49
borneo_rainforest,2012-08-03,28.87,23.45,7.29,5.88,84.93
borneo_rainforest,2012-08-04,30.35,23.45,6.51,4.83,88.41
borneo_rainforest,2012-08-05,32.11,22.14,8.14,3.75,72.23
borneo_rainforest,2012-08-06,29.88,21.59,3.3,4.08,60.49
borneo_rainforest,2012-08-07,29.26,22.63,7.87,5.69,47.5
borneo_rainforest,2012-08-08,31.21,21.5,12.86,6.37,73.02
borneo_rainforest,2012-08-09,31.41,23.76,3.89,3.63,89.6
borneo_rainforest,2012-08-10,29.69,22.05,6.87,6.45,61.77
borneo_rainforest,2012-08-11,32.1,21.9,12.27,4.55,84.54
borneo_rainforest,2012-08-12,30.19,25.13,3.11,7.32,65.76
borneo_rainforest,2012-08-13,27.25,23.34,0.0,6.83,81.96
borneo_rainforest,2012-08-14,29.62,21.26,8.67,5.9,85.17
borneo_rainforest,2012-08-15,29.47,22.96,9.64,5.71,70.24
borneo_rainforest,2012-08-16,28.53,22.34,5.08,8.49,80.36
borneo_rainforest,2012-08-17,31.44,21.6,3.64,6.08,71.78
borneo_rainforest,2012-08-18,28.66,21.88,10.2,6.58,63.52
borneo_rainforest,2012-08-19,30.53,23.74,7.75,9.05,49.27
borneo_rainforest,2012-08-20,26.27,22.97,7.53,6.18,52.11
borneo_rainforest,2012-08-21,29.99,22.67,0.0,6.29,58.58
borneo_rainforest,2012-08-22,30.16,21.14,4.58,4.99,92.95
borneo_rainforest,2012-08-23,31.43,24.43,6.49,3.12,74.91
borneo_rainforest,2012-08-24,31.91,21.01,0.92,5.63,74.13
borneo_rainforest,2012-08-25,29.46,22.1,10.28,4.84,71.63
borneo_rainforest,2012-08-26,32.2,20.56,8.77,5.59,60.71
borneo_rainforest,2012-08-27,28.56,23.34,10.17,7.72,72.26
borneo_rainforest,2012-08-28,30.68,22.0,4.02,4.45,59.24
borneo_rainforest,2012-08-29,32.03,23.39,5.71,2.87,78.8
borneo_rainforest,2012-08-30,30.31,22.47,2.13,3.17,54.65
borneo_rainforest,2012-08-31,29.31,23.13,3.06,4.31,69.55
borneo_rainforest,2012-09-01,29.67,22.87,9.65,3.72,82.28
borneo_rainforest,2012-09-02,32.34,21.66,0.0,5.62,80.71
borneo_rainforest,2012-09-03,30.94,23.82,5.82,3.07,74.86
borneo_rainforest,2012-09-04,30.88,23.22,10.54,4.82,73.81
borneo_rainforest,2012-09-05,31.34,26.53,9.35,4.17,90.1
borneo_rainforest,2012-09-06,31.43,20.83,18.82,4.91,75.51
borneo_rainforest,2012-09-07,29.48,24.17,9.91,8.44,65.45
borneo_rainforest,2012-09-08,30.15,24.55,0.0,6.74,78.84
borneo_rainforest,2012-09-09,31.1,22.2,17.09,8.26,72.93
borneo_rainforest,2012-09-10,32.14,23.59,5.91,7.02,71.81
borneo_rainforest,2012-09-11,31.73,24.45,1.63,7.73,78.12
borneo_rainforest,2012-09-12,30.52,24.58,12.6,4.57,63.54
borneo_rainforest,2012-09-13,31.42,21.12,13.49,5.4,59.94
borneo_rainforest,2012-09-14,33.09,23.35,17.64,6.75,67.18
borneo_rainforest,2012-09-15,29.51,25.22,12.64,5.27,50.6
borneo_rainforest,2012-09-16,34.08,24.36,7.53,4.9,93.88
borneo_rainforest,2012-09-17,32.82,23.19,6.67,7.83,96.69
borneo_rainforest,2012-09-18,29.0,23.43,7.07,6.47,77.38
borneo_rainforest,2012-09-19,30.09,23.42,13.52,6.89,64.23
borneo_rainforest,2012-09-20,30.36,23.6,7.29,3.57,84.49
borneo_rainforest,2012-09-21,32.03,22.62,15.21,4.46,81.23
borneo_rainforest,2012-09-22,29.39,21.83,14.16,5.73,96.46
borneo_rainforest,2012-09-23,34.24,22.54,9.39,5.4,60.83
borneo_rainforest,2012-09-24,31.76,23.12,5.2,5.09,62.08
borneo_rainforest,2012-09-25,29.58,22.57,3.95,4.84,60.25
borneo_rainforest,2012-09-26,30.3,22.78,15.16,6.22,72.53
borneo_rainforest,2012-09-27,32.38,24.49,10.74,6.46,63.4
borneo_rainforest,2012-09-28,32.97,23.59,9.41,3.6,81.24
borneo_rainforest,2012-09-29,28.81,23.07,4.86,5.83,100.0
borneo_rainforest,2012-09-30,34.92,23.71,8.27,7.68,93.79
borneo_rainforest,2012-10-01,28.23,22.32,9.45,6.64,59.02
borneo_rainforest,2012-10-02,29.04,23.17,12.09,7.9,82.72
borneo_rainforest,2012-10-03,32.64,23.55,12.03,5.31,80.52
borneo_rainforest,2012-10-04,31.22,22.56,14.68,5.99,88.77
borneo_rainforest,2012-10-05,31.55,24.5,14.73,4.08,78.25
borneo_rainforest,2012-10-06,31.48,23.16,13.06,6.15,73.15
borneo_rainforest,2012-10-07,29.27,22.69,2.04,5.61,73.81
borneo_rainforest,2012-10-08,30.54,22.4,8.64,5.77,52.61
borneo_rainforest,2012-10-09,32.1,22.48,14.21,4.77,73.92
borneo_rainforest,2012-10-10,30.44,22.16,12.62,7.13,76.36
borneo_rainforest,2012-10-11,30.11,24.62,16.22,6.37,87.99
borneo_rainforest,2012-10-12,33.21,23.82,0.41,7.71,81.63
borneo_rainforest,2012-10-13,31.33,23.44,6.71,4.27,73.04
borneo_rainforest,2012-10-14,31.65,23.1,8.64,7.4,91.39
borneo_rainforest,2012-10-15,29.79,21.69,11.05,7.21,81.39
borneo_rainforest,2012-10-16,35.01,24.19,11.85,3.71,63.59
borneo_rainforest,2012-10-17,32.8,22.44,12.93,8.3,71.03
borneo_rainforest,2012-10-18,29.86,21.88,16.01,7.92,70.87
borneo_rainforest,2012-10-19,31.47,24.7,7.13,8.36,80.74
borneo_rainforest,2012-10-20,30.73,23.61,8.74,7.11,68.1
borneo_rainforest,2012-10-21,31.67,20.56,6.32,6.05,90.49
borneo_rainforest,2012-10-22,33.6,22.16,6.26,7.3,83.7
borneo_rainforest,2012-10-23,32.31,24.77,17.68,5.4,75.65
borneo_rainforest,2012-10-24,34.5,23.59,7.67,8.49,79.34
borneo_rainforest,2012-10-25,30.56,22.66,7.03,5.26,74.47
borneo_rainforest,2012-10-26,32.57,24.11,10.25,7.49,82.03
borneo_rainforest,2012-10-27,28.88,22.25,6.63,5.78,77.49
borneo_rainforest,2012-10-28,32.54,23.31,10.96,5.69,94.18
borneo_rainforest,2012-10-29,28.15,26.41,7.73,7.43,62.6
borneo_rainforest,2012-10-30,29.08,26.05,14.4,8.52,74.54
borneo_rainforest,2012-10-31,33.79,23.0,5.19,5.56,83.1
borneo_rainforest,2012-11-01,33.58,23.63,6.67,7.56,55.98
borneo_rainforest,2012-11-02,31.05,24.38,10.88,8.63,91.15
borneo_rainforest,2012-11-03,31.45,24.89,10.76,7.23,85.36
borneo_rainforest,2012-11-04,31.97,23.15,14.38,8.32,90.29
borneo_rainforest,2012-11-05,31.14,23.18,19.54,6.23,49.41
borneo_rainforest,2012-11-06,30.89,23.26,7.43,7.2,93.66
borneo_rainforest,2012-11-07,31.91,22.14,11.25,6.93,100.0
borneo_rainforest,2012-11-08,31.29,22.37,13.68,8.56,88.86
borneo_rainforest,2012-11-09,31.53,23.59,11.89,5.89,95.38
borneo_rainforest,2012-11-10,34.34,22.89,7.97,7.24,83.61
borneo_rainforest,2012-11-11,32.11,23.25,7.77,5.09,86.16
borneo_rainforest,2012-11-12,30.88,24.44,2.66,5.85,85.17
borneo_rainforest,2012-11-13,30.57,23.81,9.59,9.35,100.0
borneo_rainforest,2012-11-14,31.79,23.26,7.57,10.0,81.93
borneo_rainforest,2012-11-15,33.68,25.53,10.94,6.42,77.33
borneo_rainforest,2012-11-16,31.23,24.87,3.67,5.81,76.0
borneo_rainforest,2012-11-17,31.84,23.59,18.34,9.29,99.69
borneo_rainforest,2012-11-18,32.77,22.77,12.53,5.61,77.21
borneo_rainforest,2012-11-19,30.3,24.05,10.27,7.04,91.17
borneo_rainforest,2012-11-20,30.28,23.45,9.64,7.86,76.92
borneo_rainforest,2012-11-21,30.35,23.09,7.49,9.31,98.39
borneo_rainforest,2012-11-22,32.74,23.13,11.08,5.17,92.34
borneo_rainforest,2012-11-23,32.98,23.93,10.39,5.88,89.72
borneo_rainforest,2012-11-24,32.04,23.21,11.35,6.57,100.0
borneo_rainforest,2012-11-25,30.57,23.04,15.09,6.18,67.39
borneo_rainforest,2012-11-26,32.33,23.97,14.68,9.23,100.0
borneo_rainforest,2012-11-27,31.73,24.7,10.82,6.15,100.0
borneo_rainforest,2012-11-28,32.95,28.49,13.76,5.61,96.43
borneo_rainforest,2012-11-29,33.67,23.37,20.3,5.03,84.86
borneo_rainforest,2012-11-30,31.39,25.4,13.89,4.79,97.03
borneo_rainforest,2012-12-01,32.3,25.0,13.94,6.79,87.23
borneo_rainforest,2012-12-02,32.96,23.49,15.82,7.56,89.24
borneo_rainforest,2012-12-03,31.64,21.66,12.64,4.09,100.0
borneo_rainforest,2012-12-04,31.31,23.7,15.55,6.73,76.72
borneo_rainforest,2012-12-05,34.81,22.34,11.04,5.79,73.23
borneo_rainforest,2012-12-06,31.44,23.41,11.3,6.47,83.7
borneo_rainforest,2012-12-07,30.56,23.34,13.87,5.87,71.28
borneo_rainforest,2012-12-08,33.25,24.27,20.13,6.77,74.11
borneo_rainforest,2012-12-09,30.71,22.55,12.72,4.84,84.74
borneo_rainforest,2012-12-10,32.89,24.13,11.26,7.51,86.69
borneo_rainforest,2012-12-11,32.2,24.14,18.9,6.44,100.0
borneo_rainforest,2012-12-12,33.52,23.7,11.3,8.56,74.41
borneo_rainforest,2012-12-13,32.86,24.3,6.8,7.44,88.45
borneo_rainforest,2012-12-14,30.99,23.35,9.81,5.81,63.78
borneo_rainforest,2012-12-15,31.9,22.36,8.51,7.51,92.6
borneo_rainforest,2012-12-16,32.83,23.51,8.9,8.58,88.77
borneo_rainforest,2012-12-17,34.57,23.24,17.0,6.53,71.45
borneo_rainforest,2012-12-18,29.86,24.9,5.97,7.54,87.45
borneo_rainforest,2012-12-19,34.0,24.25,13.46,7.34,75.8
borneo_rainforest,2012-12-20,33.25,25.13,9.03,7.49,47.38
borneo_rainforest,2012-12-21,33.93,23.47,10.8,7.28,61.73
borneo_rainforest,2012-12-22,31.65,22.66,9.12,4.88,60.02
borneo_rainforest,2012-12-23,29.58,25.18,6.2,5.11,87.32
borneo_rainforest,2012-12-24,33.17,24.84,13.43,4.53,77.53
borneo_rainforest,2012-12-25,34.69,24.78,14.64,5.18,84.52
borneo_rainforest,2012-12-26,33.08,24.06,10.24,7.22,85.87
borneo_rainforest,2012-12-27,29.17,23.69,11.79,7.67,81.57
borneo_rainforest,2012-12-28,31.87,24.26,14.99,5.5,80.52
borneo_rainforest,2012-12-29,31.69,24.07,9.12,5.17,94.02
borneo_rainforest,2012-12-30,32.48,25.08,6.71,7.59,67.88
borneo_rainforest,2012-12-31,31.68,24.93,24.93,6.47,84.26
borneo_rainforest,2013-01-01,31.87,23.62,8.5,4.74,88.7
borneo_rainforest,2013-01-02,32.08,24.07,18.8,10.22,88.61
borneo_rainforest,2013-01-03,31.09,23.43,21.18,7.31,69.53
borneo_rainforest,2013-01-04,29.48,22.76,23.48,7.4,70.39
borneo_rainforest,2013-01-05,31.29,25.62,10.99,5.67,65.64
borneo_rainforest,2013-01-06,32.96,25.68,12.72,8.94,69.82
borneo_rainforest,2013-01-07,31.18,24.34,9.7,7.61,87.76
borneo_rainforest,2013-01-08,32.89,24.09,7.32,9.29,88.63
borneo_rainforest,2013-01-09,31.77,22.82,14.06,5.61,77.72
borneo_rainforest,2013-01-10,32.99,22.35,16.5,6.57,78.31
borneo_rainforest,2013-01-11,31.08,22.12,15.3,3.55,67.51
borneo_rainforest,2013-01-12,34.59,24.47,14.56,8.07,96.02
borneo_rainforest,2013-01-13,31.25,25.46,13.76,7.49,45.43
borneo_rainforest,2013-01-14,32.49,24.37,14.96,9.03,97.14
borneo_rainforest,2013-01-15,31.6,23.88,16.53,5.83,98.48
borneo_rainforest,2013-01-16,31.61,22.34,16.24,7.51,76.15
borneo_rainforest,2013-01-17,30.43,22.6,8.6,6.65,87.75
borneo_rainforest,2013-01-18,29.49,25.23,8.33,7.15,91.23
borneo_rainforest,2013-01-19,34.13,25.17,9.12,6.32,81.03
borneo_rainforest,2013-01-20,31.64,22.02,8.75,4.08,79.62
borneo_rainforest,2013-01-21,28.41,24.98,11.3,6.99,89.8
borneo_rainforest,2013-01-22,30.67,23.05,7.88,6.88,70.43
borneo_rainforest,2013-01-23,30.2,22.79,7.48,8.38,77.81
borneo_rainforest,2013-01-24,33.66,22.9,8.45,6.23,92.39
borneo_rainforest,2013-01-25,32.46,24.65,14.03,7.84,87.16
borneo_rainforest,2013-01-26,30.91,22.62,6.8,5.63,80.75
borneo_rainforest,2013-01-27,33.33,24.36,6.55,5.29,88.91
borneo_rainforest,2013-01-28,32.0,23.74,7.48,7.15,73.48
borneo_rainforest,2013-01-29,33.01,23.88,9.28,5.7,80.42
borneo_rainforest,2013-01-30,32.21,22.98,13.38,9.84,99.73
borneo_rainforest,2013-01-31,32.98,23.07,6.4,4.93,100.0
borneo_rainforest,2013-02-01,32.56,25.3,18.09,8.79,77.4
borneo_rainforest,2013-02-02,30.15,24.07,18.51,4.2,93.87
borneo_rainforest,2013-02-03,32.21,24.43,12.22,7.78,70.46
borneo_rainforest,2013-02-04,31.85,22.64,7.55,8.42,80.32
borneo_rainforest,2013-02-05,33.36,24.83,10.03,7.26,76.6
borneo_rainforest,2013-02-06,30.04,23.35,14.28,8.02,73.12
borneo_rainforest,2013-02-07,32.06,25.39,5.23,7.19,92.35
borneo_rainforest,2013-02-08,32.56,22.94,12.7,6.91,78.66
borneo_rainforest,2013-02-09,32.15,22.58,0.06,6.91,85.83
borneo_rainforest,2013-02-10,32.57,24.21,10.4,5.51,100.0
borneo_rainforest,2013-02-11,31.15,24.04,15.19,6.23,73.05
borneo_rainforest,2013-02-12,28.4,21.85,13.02,6.51,88.74
borneo_rainforest,2013-02-13,33.58,22.8,8.69,3.51,72.4
borneo_rainforest,2013-02-14,28.81,23.67,12.69,6.59,77.78
borneo_rainforest,2013-02-15,29.27,23.68,7.84,8.02,94.32
borneo_rainforest,2013-02-16,30.37,23.66,13.33,7.94,76.96
borneo_rainforest,2013-02-17,32.04,22.81,4.27,3.95,79.09
borneo_rainforest,2013-02-18,33.01,24.93,15.78,5.53,82.37
borneo_rainforest,2013-02-19,32.53,21.85,10.95,7.93,70.09
borneo_rainforest,2013-02-20,29.51,24.8,15.52,4.51,69.68
borneo_rainforest,2013-02-21,30.81,23.57,5.55,7.95,92.37
borneo_rainforest,2013-02-22,30.17,23.85,0.0,4.92,92.14
borneo_rainforest,2013-02-23,32.69,23.03,3.17,6.38,94.29
borneo_rainforest,2013-02-24,32.72,25.2,9.16,3.69,70.66
borneo_rainforest,2013-02-25,28.67,23.59,10.1,8.75,83.8
borneo_rainforest,2013-02-26,31.46,21.14,6.25,3.79,98.49
borneo_rainforest,2013-02-27,31.24,23.15,0.6,5.58,91.18
borneo_rainforest,2013-02-28,29.43,23.84,6.78,6.16,67.92
borneo_rainforest,2013-03-01,32.52,22.93,6.6,4.22,82.05
borneo_rainforest,2013-03-02,31.32,21.75,1.87,6.51,60.22
borneo_rainforest,2013-03-03,31.72,21.72,15.3,6.92,84.16
borneo_rainforest,2013-03-04,32.19,21.96,4.87,5.36,89.03
borneo_rainforest,2013-03-05,33.2,24.44,6.94,7.52,82.65
borneo_rainforest,2013-03-06,31.33,23.13,16.85,4.81,71.49
borneo_rainforest,2013-03-07,31.38,24.3,7.58,5.42,70.89
borneo_rainforest,2013-03-08,30.87,23.43,11.27,4.22,91.11
borneo_rainforest,2013-03-09,29.2,22.89,8.04,5.48,68.08
borneo_rainforest,2013-03-10,29.43,21.37,5.17,7.43,84.84
borneo_rainforest,2013-03-11,29.92,23.24,4.89,5.71,99.27
borneo_rainforest,2013-03-12,29.77,22.36,12.44,4.83,82.0
borneo_rainforest,2013-03-13,29.23,22.86,12.7,4.61,68.97
borneo_rainforest,2013-03-14,33.14,24.62,14.41,5.92,85.66
borneo_rainforest,2013-03-15,30.94,21.97,1.42,6.7,51.68
borneo_rainforest,2013-03-16,30.45,25.03,0.0,7.23,76.52
borneo_rainforest,2013-03-17,30.51,22.88,10.12,7.81,64.6
borneo_rainforest,2013-03-18,31.98,24.43,1.64,7.71,72.53
borneo_rainforest,2013-03-19,30.97,22.8,3.38,7.46,49.46
borneo_rainforest,2013-03-20,33.25,21.78,4.62,5.62,87.91
borneo_rainforest,2013-03-21,29.0,23.15,1.11,5.91,58.52
borneo_rainforest,2013-03-22,33.2,21.5,10.81,6.89,75.45
borneo_rainforest,2013-03-23,29.19,22.84,2.93,6.52,79.38
borneo_rainforest,2013-03-24,30.24,22.22,15.04,7.08,83.07
borneo_rainforest,2013-03-25,31.04,22.09,7.21,2.11,61.53
borneo_rainforest,2013-03-26,30.7,24.28,11.28,6.21,71.92
borneo_rainforest,2013-03-27,32.62,24.16,7.83,4.7,73.44
borneo_rainforest,2013-03-28,31.44,21.4,4.69,5.85,73.58
borneo_rainforest,2013-03-29,29.02,23.37,10.2,6.95,75.07
borneo_rainforest,2013-03-30,28.13,21.94,6.29,3.27,86.62
borneo_rainforest,2013-03-31,32.82,22.87,11.04,7.43,65.81
borneo_rainforest,2013-04-01,32.4,24.77,7.14,5.16,63.6
borneo_rainforest,2013-04-02,28.65,24.03,9.93,3.85,88.5
borneo_rainforest,2013-04-03,29.66,22.02,4.46,2.88,92.83
borneo_rainforest,2013-04-04,31.5,22.81,14.31,8.38,93.87
borneo_rainforest,2013-04-05,29.37,23.03,0.0,4.4,71.47
borneo_rainforest,2013-04-06,29.84,23.17,12.1,5.61,71.34
borneo_rainforest,2013-04-07,30.77,22.33,1.19,6.02,63.91
borneo_rainforest,2013-04-08,28.99,21.74,14.29,4.95,65.41
borneo_rainforest,2013-04-09,31.9,22.63,4.97,2.71,68.14
borneo_rainforest,2013-04-10,33.8,22.95,12.09,5.86,77.27
borneo_rainforest,2013-04-11,30.29,22.3,4.61,7.42,68.03
borneo_rainforest,2013-04-12,27.99,22.15,11.13,4.95,60.99
borneo_rainforest,2013-04-13,31.53,23.11,12.43,6.87,53.86
borneo_rainforest,2013-04-14,29.81,20.95,8.89,7.83,90.46
borneo_rainforest,2013-04-15,28.26,20.59,8.14,2.51,70.95
borneo_rainforest,2013-04-16,28.09,22.17,4.94,7.58,72.89
borneo_rainforest,2013-04-17,31.98,23.65,6.47,8.0,44.73
borneo_rainforest,2013-04-18,29.82,23.62,10.54,6.08,56.55
borneo_rainforest,2013-04-19,30.4,21.86,8.8,6.22,77.51
borneo_rainforest,2013-04-20,30.13,22.33,8.05,8.64,52.73
borneo_rainforest,2013-04-21,31.09,24.46,0.0,5.86,61.11
borneo_rainforest,2013-04-22,29.77,24.5,9.77,8.55,69.43
borneo_rainforest,2013-04-23,29.27,22.34,0.0,6.87,51.6
borneo_rainforest,2013-04-24,30.2,21.74,2.86,3.95,79.53
borneo_rainforest,2013-04-25,29.22,22.04,8.37,4.44,69.3
borneo_rainforest,2013-04-26,33.05,21.9,10.19,6.52,64.43
borneo_rainforest,2013-04-27,31.62,22.77,10.69,3.68,69.91
borneo_rainforest,2013-04-28,32.21,21.63,13.96,7.21,65.09
borneo_rainforest,2013-04-29,29.9,20.4,5.98,6.41,85.81
borneo_rainforest,2013-04-30,30.61,23.09,3.52,6.02,79.89
borneo_rainforest,2013-05-01,31.42,22.19,4.5,2.69,100.0
borneo_rainforest,2013-05-02,31.83,24.59,7.27,5.87,69.27
borneo_rainforest,2013-05-03,28.63,21.52,2.81,4.88,95.86
borneo_rainforest,2013-05-04,31.53,21.62,6.37,5.68,59.34
borneo_rainforest,2013-05-05,30.27,21.94,0.19,4.67,83.87
borneo_rainforest,2013-05-06,35.16,19.6,19.36,3.33,69.8
borneo_rainforest,2013-05-07,29.42,22.63,4.96,5.03,70.56
borneo_rainforest,2013-05-08,31.68,21.77,10.87,4.34,70.66
borneo_rainforest,2013-05-09,28.42,23.08,0.99,2.47,78.35
borneo_rainforest,2013-05-10,30.4,23.14,1.01,8.0,69.78
borneo_rainforest,2013-05-11,29.02,22.1,5.37,4.3,44.14
borneo_rainforest,2013-05-12,33.67,22.62,0.0,4.06,65.66
borneo_rainforest,2013-05-13,31.36,22.6,5.54,4.08,67.54
borneo_rainforest,2013-05-14,28.77,18.63,2.89,5.43,70.15
borneo_rainforest,2013-05-15,31.03,24.89,14.69,5.37,79.22
borneo_rainforest,2013-05-16,30.69,19.75,2.75,3.66,66.85
borneo_rainforest,2013-05-17,31.0,21.18,1.91,2.98,60.99
borneo_rainforest,2013-05-18,29.2,20.66,7.68,7.0,81.23
borneo_rainforest,2013-05-19,28.16,22.71,1.6,2.99,73.21
borneo_rainforest,2013-05-20,28.99,23.23,5.72,4.63,68.58
borneo_rainforest,2013-05-21,27.52,24.2,6.13,6.22,65.33
borneo_rainforest,2013-05-22,30.49,20.73,8.64,3.47,63.46
borneo_rainforest,2013-05-23,29.32,21.96,4.94,5.46,59.48
borneo_rainforest,2013-05-24,28.92,20.9,4.29,4.18,54.12
borneo_rainforest,2013-05-25,30.14,23.85,3.98,4.24,75.54
borneo_rainforest,2013-05-26,32.62,22.62,0.0,4.82,74.56
borneo_rainforest,2013-05-27,30.84,22.97,12.48,6.98,61.54
borneo_rainforest,2013-05-28,29.06,21.59,0.0,2.43,55.8
borneo_rainforest,2013-05-29,30.32,23.4,1.15,6.23,59.94
borneo_rainforest,2013-05-30,29.91,23.89,2.35,7.82,72.3
borneo_rainforest,2013-05-31,29.61,22.11,10.22,5.65,80.69
borneo_rainforest,2013-06-01,30.98,21.43,3.93,5.34,52.32
borneo_rainforest,2013-06-02,30.27,20.76,7.18,6.35,75.5
borneo_rainforest,2013-06-03,29.94,22.23,1.01,4.72,84.95
borneo_rainforest,2013-06-04,32.18,22.33,0.0,0.1,75.58
borneo_rainforest,2013-06-05,31.77,23.04,0.0,8.1,58.06
borneo_rainforest,2013-06-06,28.94,22.19,7.43,3.08,53.41
borneo_rainforest,2013-06-07,28.67,22.96,4.92,5.45,64.87
borneo_rainforest,2013-06-08,30.62,24.06,4.28,4.48,84.36
borneo_rainforest,2013-06-09,30.31,20.07,18.27,4.65,76.06
borneo_rainforest,2013-06-10,29.96,20.51,11.4,4.45,64.43
borneo_rainforest,2013-06-11,28.34,21.98,4.25,6.75,81.8
borneo_rainforest,2013-06-12,29.3,20.66,0.0,5.29,61.86
borneo_rainforest,2013-06-13,31.04,22.03,12.42,5.08,61.71
borneo_rainforest,2013-06-14,30.28,24.4,7.88,4.57,64.18
borneo_rainforest,2013-06-15,25.8,23.8,0.0,4.54,52.9
borneo_rainforest,2013-06-16,27.78,23.0,2.46,6.38,58.22
borneo_rainforest,2013-06-17,30.22,20.49,2.04,4.53,48.62
borneo_rainforest,2013-06-18,29.15,22.61,5.6,3.68,56.54
borneo_rainforest,2013-06-19,32.53,21.23,5.3,4.45,100.0
borneo_rainforest,2013-06-20,29.2,22.47,4.32,4.27,76.75
borneo_rainforest,2013-06-21,30.86,22.23,0.0,3.51,63.17
borneo_rainforest,2013-06-22,29.6,21.89,8.85,7.54,63.52
borneo_rainforest,2013-06-23,30.96,24.31,0.21,4.29,56.35
borneo_rainforest,2013-06-24,31.66,21.59,8.22,4.6,81.8
borneo_rainforest,2013-06-25,30.57,20.95,0.0,3.75,58.47
borneo_rainforest,2013-06-26,30.55,21.76,0.0,4.48,68.42
borneo_rainforest,2013-06-27,28.97,21.53,0.0,6.19,64.35
borneo_rainforest,2013-06-28,29.67,22.63,2.92,5.4,69.0
borneo_rainforest,2013-06-29,30.73,23.0,11.43,4.72,51.68
borneo_rainforest,2013-06-30,30.77,21.55,10.79,4.3,71.25
borneo_rainforest,2013-07-01,30.35,23.69,4.34,5.8,53.24
borneo_rainforest,2013-07-02,30.56,21.01,11.08,3.71,67.55
borneo_rainforest,2013-07-03,31.69,21.41,0.0,4.23,83.74
borneo_rainforest,2013-07-04,29.76,23.76,1.93,4.83,75.28
borneo_rainforest,2013-07-05,30.49,20.96,0.0,5.38,69.21
borneo_rainforest,2013-07-06,29.92,22.62,9.16,7.47,45.05
borneo_rainforest,2013-07-07,31.32,20.91,0.0,3.58,87.78
borneo_rainforest,2013-07-08,30.34,24.09,1.27,4.32,81.09
borneo_rainforest,2013-07-09,28.86,22.25,4.49,6.7,64.05
borneo_rainforest,2013-07-10,30.6,22.54,2.87,5.82,75.21
borneo_rainforest,2013-07-11,31.25,21.63,0.0,5.06,85.59
borneo_rainforest,2013-07-12,29.42,22.06,1.4,5.35,73.06
borneo_rainforest,2013-07-13,31.15,22.04,0.0,5.22,74.25
borneo_rainforest,2013-07-14,30.62,24.01,3.02,5.63,71.12
borneo_rainforest,2013-07-15,31.62,23.03,0.46,5.32,65.19
borneo_rainforest,2013-07-16,28.74,22.24,8.4,5.94,59.85
borneo_rainforest,2013-07-17,32.92,23.32,1.39,7.26,69.79
borneo_rainforest,2013-07-18,29.21,20.57,4.01,7.73,65.9
borneo_rainforest,2013-07-19,29.66,22.42,3.89,3.36,88.38
borneo_rainforest,2013-07-20,29.18,22.82,10.65,7.77,66.22
borneo_rainforest,2013-07-21,29.49,22.4,6.13,6.93,93.71
borneo_rainforest,2013-07-22,28.71,22.08,4.49,4.53,55.99
borneo_rainforest,2013-07-23,27.78,21.32,4.75,6.36,91.58
borneo_rainforest,2013-07-24,30.07,22.37,1.66,7.92,81.0
borneo_rainforest,2013-07-25,32.74,20.11,6.92,4.09,46.86
borneo_rainforest,2013-07-26,31.55,23.21,4.18,4.71,61.45
borneo_rainforest,2013-07-27,29.79,23.27,0.0,6.32,61.18
borneo_rainforest,2013-07-28,31.75,23.44,6.62,6.05,57.13
borneo_rainforest,2013-07-29,29.5,24.24,5.0,5.49,79.17
borneo_rainforest,2013-07-30,28.54,21.22,5.32,5.34,71.43
borneo_rainforest,2013-07-31,33.08,22.18,9.5,5.08,73.16
borneo_rainforest,2013-08-01,32.06,21.14,10.66,6.82,36.45
borneo_rainforest,2013-08-02,33.65,23.03,8.98,5.31,58.63
borneo_rainforest,2013-08-03,26.99,23.7,0.41,4.81,67.35
borneo_rainforest,2013-08-04,30.74,21.24,1.71,6.4,100.0
borneo_rainforest,2013-08-05,32.77,22.41,1.7,4.9,68.32
borneo_rainforest,2013-08-06,31.28,23.68,0.38,7.17,68.48
borneo_rainforest,2013-08-07,30.43,23.03,2.65,7.11,72.31
borneo_rainforest,2013-08-08,30.52,19.8,3.59,8.32,89.05
borneo_rainforest,2013-08-09,30.88,21.52,9.28,5.96,81.03
borneo_rainforest,2013-08-10,30.73,22.55,10.23,6.37,82.74
borneo_rainforest,2013-08-11,34.07,23.08,13.02,6.05,77.09
borneo_rainforest,2013-08-12,31.98,23.64,6.22,6.49,60.7
borneo_rainforest,2013-08-13,30.78,20.98,3.62,4.81,90.98
borneo_rainforest,2013-08-14,30.38,24.67,16.02,5.38,43.94
borneo_rainforest,2013-08-15,31.18,22.72,11.83,7.38,80.2
borneo_rainforest,2013-08-16,27.97,22.28,17.7,7.46,49.97
borneo_rainforest,2013-08-17,30.48,24.6,2.87,4.13,92.42
borneo_rainforest,2013-08-18,31.41,22.91,9.32,5.96,68.11
borneo_rainforest,2013-08-19,30.84,21.51,9.21,7.16,60.54
borneo_rainforest,2013-08-20,28.8,21.7,10.85,7.86,78.65
borneo_rainforest,2013-08-21,29.75,23.42,4.03,7.01,55.52
borneo_rainforest,2013-08-22,31.32,22.17,1.37,5.09,73.17
borneo_rainforest,2013-08-23,30.3,20.85,4.61,6.3,76.3
borneo_rainforest,2013-08-24,34.56,21.95,2.94,5.48,70.85
borneo_rainforest,2013-08-25,31.96,23.61,1.94,2.77,78.35
borneo_rainforest,2013-08-26,30.32,21.62,6.96,5.49,78.65
borneo_rainforest,2013-08-27,29.7,22.55,8.39,5.76,74.97
borneo_rainforest,2013-08-28,28.61,26.26,1.56,5.71,91.12
borneo_rainforest,2013-08-29,30.98,22.92,7.68,7.4,60.91
borneo_rainforest,2013-08-30,32.05,21.78,0.77,5.4,69.74
borneo_rainforest,2013-08-31,32.46,23.04,0.85,6.36,81.74
borneo_rainforest,2013-09-01,31.27,23.25,8.45,6.7,60.44
borneo_rainforest,2013-09-02,27.89,23.72,6.32,5.41,41.74
borneo_rainforest,2013-09-03,31.29,23.19,11.22,5.93,76.45
borneo_rainforest,2013-09-04,32.65,23.8,10.28,3.4,88.15
borneo_rainforest,2013-09-05,29.89,24.41,11.0,5.21,78.77
borneo_rainforest,2013-09-06,29.87,23.68,9.6,5.76,71.94
borneo_rainforest,2013-09-07,31.82,24.55,12.29,4.65,67.08
borneo_rainforest,2013-09-08,31.92,22.2,16.22,3.93,66.77
borneo_rainforest,2013-09-09,30.79,18.82,2.36,8.02,89.05
borneo_rainforest,2013-09-10,32.93,20.35,6.83,5.39,100.0
borneo_rainforest,2013-09-11,30.47,22.3,2.82,4.17,82.95
borneo_rainforest,2013-09-12,32.89,22.0,4.66,6.25,69.15
borneo_rainforest,2013-09-13,30.79,23.52,1.73,6.12,80.88
borneo_rainforest,2013-09-14,30.41,22.0,14.21,3.82,75.44
borneo_rainforest,2013-09-15,30.02,24.33,4.36,5.84,72.76
borneo_rainforest,2013-09-16,33.06,20.64,14.81,7.21,68.22
borneo_rainforest,2013-09-17,31.92,23.48,6.59,8.32,63.57
borneo_rainforest,2013-09-18,32.77,23.95,12.38,4.81,70.41
borneo_rainforest,2013-09-19,33.11,23.97,10.69,4.83,59.46
borneo_rainforest,2013-09-20,28.98,23.33,0.0,6.2,85.12
borneo_rainforest,2013-09-21,29.73,26.58,5.4,6.01,88.58
borneo_rainforest,2013-09-22,30.24,21.62,0.0,5.99,71.41
borneo_rainforest,2013-09-23,29.77,22.91,7.36,5.99,88.42
borneo_rainforest,2013-09-24,29.84,23.77,15.65,8.1,87.49
borneo_rainforest,2013-09-25,31.35,22.53,8.38,6.35,92.94
borneo_rainforest,2013-09-26,28.77,23.8,7.97,8.03,78.57
borneo_rainforest,2013-09-27,31.02,22.73,14.43,6.67,79.25
borneo_rainforest,2013-09-28,32.68,23.57,0.0,7.52,53.63
borneo_rainforest,2013-09-29,33.17,25.69,0.0,7.02,83.38
borneo_rainforest,2013-09-30,33.23,19.81,9.14,5.02,64.62
borneo_rainforest,2013-10-01,30.37,24.09,2.54,5.72,64.22
borneo_rainforest,2013-10-02,28.21,24.09,6.53,8.26,90.93
borneo_rainforest,2013-10-03,30.93,26.22,9.65,6.74,89.65
borneo_rainforest,2013-10-04,28.9,24.47,12.57,5.38,90.99
borneo_rainforest,2013-10-05,30.7,24.92,15.68,5.2,92.72
borneo_rainforest,2013-10-06,32.15,23.14,13.09,4.07,85.78
borneo_rainforest,2013-10-07,29.92,23.62,8.71,3.22,55.84
borneo_rainforest,2013-10-08,33.36,25.47,4.95,3.57,59.65
borneo_rainforest,2013-10-09,34.81,24.25,19.66,7.8,87.68
borneo_rainforest,2013-10-10,35.99,21.61,13.38,5.57,73.5
borneo_rainforest,2013-10-11,29.47,23.18,5.31,6.87,84.7
borneo_rainforest,2013-10-12,34.77,23.41,19.0,7.73,80.41
borneo_rainforest,2013-10-13,32.44,23.19,7.72,2.89,68.56
borneo_rainforest,2013-10-14,31.09,22.82,13.72,6.97,63.45
borneo_rainforest,2013-10-15,30.77,22.5,12.02,5.36,66.55
borneo_rainforest,2013-10-16,30.7,22.88,7.29,8.03,87.26
borneo_rainforest,2013-10-17,30.01,23.59,0.0,7.28,65.34
borneo_rainforest,2013-10-18,31.13,24.82,6.18,6.25,53.62
borneo_rainforest,2013-10-19,32.46,26.88,18.1,6.97,87.34
borneo_rainforest,2013-10-20,31.08,22.38,10.01,6.61,87.28
borneo_rainforest,2013-10-21,32.09,23.97,17.95,6.15,82.96
borneo_rainforest,2013-10-22,32.89,22.74,7.77,6.59,62.3
borneo_rainforest,2013-10-23,31.41,23.64,12.02,6.87,100.0
borneo_rainforest,2013-10-24,30.97,24.39,13.31,7.86,72.0
borneo_rainforest,2013-10-25,31.87,23.54,12.53,6.82,81.86
borneo_rainforest,2013-10-26,33.06,22.92,10.51,6.43,76.49
borneo_rainforest,2013-10-27,31.24,22.76,9.38,6.93,78.21
borneo_rainforest,2013-10-28,32.24,23.98,0.0,5.01,88.49
borneo_rainforest,2013-10-29,32.3,25.96,15.96,9.42,87.17
borneo_rainforest,2013-10-30,32.73,23.29,21.93,7.3,61.45
borneo_rainforest,2013-10-31,32.09,23.92,12.09,5.96,82.3
borneo_rainforest,2013-11-01,31.98,22.16,12.16,7.13,66.71
borneo_rainforest,2013-11-02,31.27,24.48,11.49,6.69,55.31
borneo_rainforest,2013-11-03,31.06,23.56,0.0,8.17,51.53
borneo_rainforest,2013-11-04,33.96,24.72,8.57,4.95,85.14
borneo_rainforest,2013-11-05,31.65,23.81,11.14,8.95,80.75
borneo_rainforest,2013-11-06,29.76,23.19,14.76,8.43,88.53
borneo_rainforest,2013-11-07,34.1,23.81,5.37,7.97,86.47
borneo_rainforest,2013-11-08,31.15,22.46,9.64,6.49,85.23
borneo_rainforest,2013-11-09,31.45,25.12,3.2,5.61,71.21
borneo_rainforest,2013-11-10,31.33,24.07,17.25,10.14,87.33
borneo_rainforest,2013-11-11,32.17,22.18,11.41,3.86,67.45
borneo_rainforest,2013-11-12,33.37,23.21,18.95,6.48,75.52
borneo_rainforest,2013-11-13,30.73,22.2,5.95,8.66,81.49
borneo_rainforest,2013-11-14,31.6,21.52,13.2,7.05,96.2
borneo_rainforest,2013-11-15,30.58,22.26,10.4,6.98,91.48
borneo_rainforest,2013-11-16,33.01,24.61,12.04,8.92,87.82
borneo_rainforest,2013-11-17,30.3,23.36,6.83,5.65,100.0
borneo_rainforest,2013-11-18,33.67,24.5,10.04,4.0,100.0
borneo_rainforest,2013-11-19,32.16,23.96,15.45,9.03,85.23
borneo_rainforest,2013-11-20,32.29,24.1,14.42,6.51,94.81
borneo_rainforest,2013-11-21,30.81,24.53,6.49,7.75,83.66
borneo_rainforest,2013-11-22,31.21,25.27,17.98,6.77,83.6
borneo_rainforest,2013-11-23,31.94,21.92,15.15,6.0,77.82
borneo_rainforest,2013-11-24,32.12,27.24,13.25,3.44,75.15
borneo_rainforest,2013-11-25,33.29,25.78,1.54,5.76,93.82
borneo_rainforest,2013-11-26,33.98,22.47,13.23,7.35,96.64
borneo_rainforest,2013-11-27,33.37,23.56,7.65,5.9,83.51
borneo_rainforest,2013-11-28,30.91,24.62,10.75,9.74,80.46
borneo_rainforest,2013-11-29,34.62,26.08,8.37,6.43,78.23
borneo_rainforest,2013-11-30,32.89,24.24,0.33,8.23,81.44
borneo_rainforest,2013-12-01,31.75,26.7,15.45,8.31,75.95
borneo_rainforest,2013-12-02,30.93,26.2,12.76,6.87,86.7
borneo_rainforest,2013-12-03,30.98,24.3,10.52,8.61,72.03
borneo_rainforest,2013-12-04,33.45,24.18,16.69,6.48,84.26
borneo_rainforest,2013-12-05,32.94,21.44,12.49,7.89,87.72
borneo_rainforest,2013-12-06,31.36,22.31,8.15,6.26,94.86
borneo_rainforest,2013-12-07,33.02,24.67,19.74,5.02,64.69
borneo_rainforest,2013-12-08,31.18,22.86,16.32,7.35,84.01
borneo_rainforest,2013-12-09,31.97,23.39,11.07,7.5,60.57
borneo_rainforest,2013-12-10,34.75,24.61,10.77,4.46,75.02
borneo_rainforest,2013-12-11,30.73,23.33,17.72,8.06,94.17
borneo_rainforest,2013-12-12,32.26,24.4,10.51,7.82,84.96
borneo_rainforest,2013-12-13,32.57,23.19,17.43,7.87,73.2
borneo_rainforest,2013-12-14,31.4,24.16,7.1,9.95,84.13
borneo_rainforest,2013-12-15,32.95,25.4,18.02,6.68,81.66
borneo_rainforest,2013-12-16,28.28,21.15,11.46,7.92,94.18
borneo_rainforest,2013-12-17,32.16,24.34,15.07,5.99,88.32
borneo_rainforest,2013-12-18,33.04,22.59,11.76,8.93,83.24
borneo_rainforest,2013-12-19,30.87,25.37,6.54,5.95,95.46
borneo_rainforest,2013-12-20,33.34,24.22,15.48,5.22,69.65
borneo_rainforest,2013-12-21,31.13,22.14,10.68,5.65,76.69
borneo_rainforest,2013-12-22,32.68,23.13,3.17,7.04,58.53
borneo_rainforest,2013-12-23,30.64,23.13,9.04,6.98,100.0
borneo_rainforest,2013-12-24,30.79,23.89,6.56,6.46,70.1
borneo_rainforest,2013-12-25,30.76,23.03,19.72,9.05,78.91
borneo_rainforest,2013-12-26,30.27,24.01,13.47,7.92,60.32
borneo_rainforest,2013-12-27,30.69,23.55,16.03,10.27,92.0
borneo_rainforest,2013-12-28,33.4,22.49,16.38,9.35,72.36
borneo_rainforest,2013-12-29,33.12,24.72,5.83,5.01,85.7
borneo_rainforest,2013-12-30,30.01,26.27,15.53,6.46,78.74
borneo_rainforest,2013-12-31,33.56,23.48,11.12,6.09,86.45
borneo_rainforest,2014-01-01,34.19,23.23,4.91,7.2,75.65
borneo_rainforest,2014-01-02,32.57,24.16,13.89,7.65,100.0
borneo_rainforest,2014-01-03,31.71,24.24,11.68,6.15,80.48
borneo_rainforest,2014-01-04,30.33,23.39,19.43,5.7,90.36
borneo_rainforest,2014-01-05,34.94,22.4,4.81,8.22,77.0
borneo_rainforest,2014-01-06,30.8,22.51,19.01,6.21,78.21
borneo_rainforest,2014-01-07,31.45,23.2,9.85,5.08,77.1
borneo_rainforest,2014-01-08,28.82,25.3,14.86,6.54,95.1
borneo_rainforest,2014-01-09,33.66,23.46,6.61,6.53,76.1
borneo_rainforest,2014-01-10,30.97,22.74,26.48,5.96,62.51
borneo_rainforest,2014-01-11,28.96,22.71,12.67,7.61,91.47
borneo_rainforest,2014-01-12,31.01,23.55,7.13,6.63,78.32
borneo_rainforest,2014-01-13,32.87,23.87,10.16,4.93,74.02
borneo_rainforest,2014-01-14,32.26,23.17,4.17,6.2,58.84
borneo_rainforest,2014-01-15,31.99,25.63,13.06,6.26,91.4
borneo_rainforest,2014-01-16,32.83,25.89,5.59,7.63,94.69
borneo_rainforest,2014-01-17,32.29,23.49,10.43,6.84,54.29
borneo_rainforest,2014-01-18,33.52,23.04,6.78,7.47,76.97
borneo_rainforest,2014-01-19,33.37,23.39,17.66,6.58,85.76
borneo_rainforest,2014-01-20,30.7,24.08,19.31,7.94,81.7
borneo_rainforest,2014-01-21,33.44,22.86,11.22,10.68,80.58
borneo_rainforest,2014-01-22,31.32,22.93,11.87,7.14,78.73
borneo_rainforest,2014-01-23,32.3,21.94,11.13,7.05,85.16
borneo_rainforest,2014-01-24,31.44,23.35,9.71,5.84,94.67
borneo_rainforest,2014-01-25,34.46,22.9,11.42,7.6,76.67
borneo_rainforest,2014-01-26,29.81,23.51,16.61,10.02,67.02
borneo_rainforest,2014-01-27,32.59,22.42,12.27,6.06,79.29
borneo_rainforest,2014-01-28,32.27,23.83,8.67,5.66,77.78
borneo_rainforest,2014-01-29,32.03,23.23,16.64,5.3,90.22
borneo_rainforest,2014-01-30,29.87,25.07,8.36,5.39,91.01
borneo_rainforest,2014-01-31,29.94,22.24,4.52,4.06,64.0
borneo_rainforest,2014-02-01,32.13,25.13,6.03,4.9,63.14
borneo_rainforest,2014-02-02,30.08,24.19,11.43,4.48,71.7
borneo_rainforest,2014-02-03,34.75,22.71,8.93,5.48,88.0
borneo_rainforest,2014-02-04,32.33,23.67,21.46,8.36,96.99
borneo_rainforest,2014-02-05,33.13,24.95,10.76,6.06,65.97
borneo_rainforest,2014-02-06,30.08,24.29,9.19,4.96,74.69
borneo_rainforest,2014-02-07,32.91,23.41,17.13,5.03,62.4
borneo_rainforest,2014-02-08,34.35,22.8,8.4,6.47,73.08
borneo_rainforest,2014-02-09,32.04,21.57,11.54,5.91,91.92
borneo_rainforest,2014-02-10,32.82,23.02,19.18,6.88,66.59
borneo_rainforest,2014-02-11,31.73,23.66,12.88,8.52,71.46
borneo_rainforest,2014-02-12,30.65,22.65,16.48,5.82,71.18
borneo_rainforest,2014-02-13,31.78,20.78,8.02,3.94,76.9
borneo_rainforest,2014-02-14,32.99,25.32,0.0,5.46,64.21
borneo_rainforest,2014-02-15,30.85,24.07,8.71,7.73,80.53
borneo_rainforest,2014-02-16,33.44,26.08,11.97,2.3,80.46
borneo_rainforest,2014-02-17,30.81,23.15,21.33,4.65,69.01
borneo_rainforest,2014-02-18,31.44,23.92,4.19,5.16,80.75
borneo_rainforest,2014-02-19,31.9,23.34,16.01,5.84,61.06
borneo_rainforest,2014-02-20,29.88,23.77,12.73,6.97,58.66
borneo_rainforest,2014-02-21,29.17,23.55,11.3,6.95,91.01
borneo_rainforest,2014-02-22,32.07,23.76,9.37,6.98,66.6
borneo_rainforest,2014-02-23,32.74,23.84,12.58,5.39,88.83
borneo_rainforest,2014-02-24,30.65,24.02,11.11,7.52,77.29
borneo_rainforest,2014-02-25,31.73,22.98,8.89,4.89,84.13
borneo_rainforest,2014-02-26,28.84,23.64,6.93,7.58,96.14
borneo_rainforest,2014-02-27,29.16,24.35,13.07,7.99,60.83
borneo_rainforest,2014-02-28,29.56,23.4,5.93,3.2,77.0
borneo_rainforest,2014-03-01,30.89,24.88,4.42,3.97,71.61
borneo_rainforest,2014-03-02,30.85,24.46,18.03,8.75,72.15
borneo_rainforest,2014-03-03,31.94,21.94,3.71,4.08,77.57
borneo_rainforest,2014-03-04,29.64,24.68,11.84,6.41,64.57
borneo_rainforest,2014-03-05,34.58,21.34,5.18,7.15,65.92
borneo_rainforest,2014-03-06,31.1,24.18,8.57,6.39,72.86
borneo_rainforest,2014-03-07,31.82,22.61,12.95,5.52,62.88
borneo_rainforest,2014-03-08,34.32,22.5,8.93,5.41,74.17
borneo_rainforest,2014-03-09,30.62,20.95,6.16,8.24,85.82
borneo_rainforest,2014-03-10,29.15,22.42,3.76,6.03,66.21
borneo_rainforest,2014-03-11,29.01,23.97,1.34,5.47,78.27
borneo_rainforest,2014-03-12,34.09,22.14,11.42,6.48,76.39
borneo_rainforest,2014-03-13,30.18,22.51,14.81,6.36,70.56
borneo_rainforest,2014-03-14,29.94,22.98,7.67,7.93,99.11
borneo_rainforest,2014-03-15,31.27,21.89,1.87,6.19,79.9
borneo_rainforest,2014-03-16,31.64,24.59,15.33,6.05,66.16
borneo_rainforest,2014-03-17,33.78,22.4,0.0,4.92,78.15
borneo_rainforest,2014-03-18,30.7,22.78,8.68,7.05,79.19
borneo_rainforest,2014-03-19,31.83,24.0,5.97,4.29,77.73
borneo_rainforest,2014-03-20,30.41,20.92,19.39,4.53,83.73
borneo_rainforest,2014-03-21,31.55,22.27,8.63,1.77,78.05
borneo_rainforest,2014-03-22,31.43,25.07,7.0,8.43,63.38
borneo_rainforest,2014-03-23,31.14,23.85,4.95,7.16,82.01
borneo_rainforest,2014-03-24,33.97,24.57,13.31,3.85,94.41
borneo_rainforest,2014-03-25,33.25,23.95,14.82,4.31,90.19
borneo_rainforest,2014-03-26,29.28,23.65,0.0,3.62,46.28
borneo_rainforest,2014-03-27,30.58,23.18,11.22,6.09,66.08
borneo_rainforest,2014-03-28,29.48,23.38,9.48,6.65,75.64
borneo_rainforest,2014-03-29,33.33,24.47,7.57,5.16,61.61
borneo_rainforest,2014-03-30,29.44,24.06,17.78,5.39,71.61
borneo_rainforest,2014-03-31,32.71,23.17,12.68,2.95,93.47
borneo_rainforest,2014-04-01,32.91,22.41,6.87,5.15,91.63
borneo_rainforest,2014-04-02,28.97,23.47,3.51,7.9,67.29
borneo_rainforest,2014-04-03,28.25,21.28,0.0,4.19,54.26
borneo_rainforest,2014-04-04,27.77,21.67,4.09,5.77,64.08
borneo_rainforest,2014-04-05,32.21,21.78,0.0,7.07,77.85
borneo_rainforest,2014-04-06,31.74,22.43,11.93,6.26,89.62
borneo_rainforest,2014-04-07,31.47,23.46,3.31,7.08,89.44
borneo_rainforest,2014-04-08,32.51,22.49,2.47,6.75,76.49
borneo_rainforest,2014-04-09,29.69,22.95,15.51,9.88,69.55
borneo_rainforest,2014-04-10,30.4,23.62,6.76,6.31,70.28
borneo_rainforest,2014-04-11,34.31,24.38,2.4,1.3,100.0
borneo_rainforest,2014-04-12,31.37,23.93,10.35,3.87,51.95
borneo_rainforest,2014-04-13,28.01,22.12,0.0,3.76,80.02
borneo_rainforest,2014-04-14,31.99,24.46,2.81,1.75,63.77
borneo_rainforest,2014-04-15,33.17,22.53,6.0,5.83,59.89
borneo_rainforest,2014-04-16,29.28,22.5,0.15,6.78,80.27
borneo_rainforest,2014-04-17,32.61,23.28,6.08,7.68,81.7
borneo_rainforest,2014-04-18,30.6,21.84,5.07,5.15,75.8
borneo_rainforest,2014-04-19,29.86,19.87,8.96,6.77,69.4
borneo_rainforest,2014-04-20,29.77,22.24,6.68,5.02,77.37
borneo_rainforest,2014-04-21,31.01,22.13,5.28,6.88,60.57
borneo_rainforest,2014-04-22,29.28,21.27,8.24,7.92,75.98
borneo_rainforest,2014-04-23,29.97,23.49,3.98,6.24,58.36
borneo_rainforest,2014-04-24,31.95,21.24,3.85,7.91,64.7
borneo_rainforest,2014-04-25,31.05,23.56,8.53,8.2,63.5
borneo_rainforest,2014-04-26,31.36,22.11,10.29,5.07,63.13
borneo_rainforest,2014-04-27,29.4,23.07,0.0,4.79,71.22
borneo_rainforest,2014-04-28,30.12,21.93,8.6,5.82,72.81
borneo_rainforest,2014-04-29,31.34,21.56,4.05,4.93,62.2
borneo_rainforest,2014-04-30,30.8,18.53,6.08,6.88,51.54
borneo_rainforest,2014-05-01,31.7,23.59,12.13,6.73,61.9
borneo_rainforest,2014-05-02,30.61,22.61,1.56,5.31,69.16
borneo_rainforest,2014-05-03,28.5,22.86,0.0,4.49,70.08
borneo_rainforest,2014-05-04,30.98,21.73,1.32,5.13,63.1
borneo_rainforest,2014-05-05,28.37,21.43,7.42,6.59,70.21
borneo_rainforest,2014-05-06,30.17,23.64,7.95,6.24,83.72
borneo_rainforest,2014-05-07,32.47,22.73,11.12,6.45,84.64
borneo_rainforest,2014-05-08,29.8,21.55,3.29,4.94,53.22
borneo_rainforest,2014-05-09,28.8,21.51,10.99,4.6,65.95
borneo_rainforest,2014-05-10,30.56,22.9,3.52,4.87,70.19
borneo_rainforest,2014-05-11,31.23,21.59,0.0,6.04,51.85
borneo_rainforest,2014-05-12,29.32,22.23,2.34,6.06,88.89
borneo_rainforest,2014-05-13,30.62,23.09,6.4,5.1,71.12
borneo_rainforest,2014-05-14,31.32,20.77,20.19,4.42,63.21
borneo_rainforest,2014-05-15,27.69,23.31,0.0,9.45,84.28
borneo_rainforest,2014-05-16,30.62,23.7,11.0,5.24,76.66
borneo_rainforest,2014-05-17,30.16,21.69,9.28,5.13,81.21
borneo_rainforest,2014-05-18,29.04,22.38,2.55,6.38,61.05
borneo_rainforest,2014-05-19,31.29,20.75,8.06,4.31,79.6
borneo_rainforest,2014-05-20,33.01,22.43,0.0,4.17,56.94
borneo_rainforest,2014-05-21,28.63,23.76,0.0,3.5,71.92
borneo_rainforest,2014-05-22,31.34,21.9,0.0,6.46,78.08
borneo_rainforest,2014-05-23,27.04,21.61,1.05,8.44,78.26
borneo_rainforest,2014-05-24,27.56,23.07,4.73,1.81,63.87
borneo_rainforest,2014-05-25,30.52,22.14,0.0,4.38,48.17
borneo_rainforest,2014-05-26,26.82,20.66,8.37,4.68,61.91
borneo_rainforest,2014-05-27,29.62,21.57,6.32,6.76,84.46
borneo_rainforest,2014-05-28,29.5,22.78,3.55,4.03,60.0
borneo_rainforest,2014-05-29,31.6,21.81,3.93,3.54,71.35
borneo_rainforest,2014-05-30,27.37,21.32,12.22,6.74,61.89
borneo_rainforest,2014-05-31,29.71,23.37,2.13,3.53,73.33
borneo_rainforest,2014-06-01,29.76,21.66,0.79,2.17,71.07
borneo_rainforest,2014-06-02,28.45,21.06,1.96,4.2,70.71
borneo_rainforest,2014-06-03,29.03,23.2,4.68,4.06,51.97
borneo_rainforest,2014-06-04,29.87,22.82,0.0,5.25,51.84
borneo_rainforest,2014-06-05,32.77,22.8,9.03,3.87,56.89
borneo_rainforest,2014-06-06,28.71,23.15,0.0,4.52,64.48
borneo_rainforest,2014-06-07,29.42,23.89,8.56,4.68,64.83
borneo_rainforest,2014-06-08,32.74,22.73,20.9,1.93,49.91
borneo_rainforest,2014-06-09,30.25,21.65,12.49,7.69,93.95
borneo_rainforest,2014-06-10,29.57,22.34,10.29,7.56,48.36
borneo_rainforest,2014-06-11,32.17,20.96,0.0,5.27,73.69
borneo_rainforest,2014-06-12,28.01,22.47,8.54,1.42,80.68
borneo_rainforest,2014-06-13,31.2,21.22,1.85,6.08,61.38
borneo_rainforest,2014-06-14,26.69,21.68,8.62,4.94,55.48
borneo_rainforest,2014-06-15,27.81,22.87,8.36,6.23,59.11
borneo_rainforest,2014-06-16,30.85,19.29,2.16,6.21,88.86
borneo_rainforest,2014-06-17,28.62,20.93,0.0,3.31,66.7
borneo_rainforest,2014-06-18,29.35,23.26,2.39,5.26,63.12
borneo_rainforest,2014-06-19,28.73,20.76,1.16,7.75,63.68
borneo_rainforest,2014-06-20,30.21,23.62,6.38,4.36,49.14
borneo_rainforest,2014-06-21,32.88,21.28,9.18,6.9,82.67
borneo_rainforest,2014-06-22,27.04,22.2,3.51,2.85,61.6
borneo_rainforest,2014-06-23,28.66,21.7,0.11,6.6,62.68
borneo_rainforest,2014-06-24,30.13,21.37,2.9,1.62,64.13
borneo_rainforest,2014-06-25,28.85,18.98,8.37,4.56,57.97
borneo_rainforest,2014-06-26,30.5,22.45,3.18,2.4,54.59
borneo_rainforest,2014-06-27,31.43,23.03,4.82,7.36,45.8
borneo_rainforest,2014-06-28,28.95,22.62,4.72,4.49,70.32
borneo_rainforest,2014-06-29,28.29,23.86,0.0,5.35,62.6
borneo_rainforest,2014-06-30,31.82,22.41,0.0,6.31,55.73
borneo_rainforest,2014-07-01,31.02,22.56,0.62,3.48,79.29
borneo_rainforest,2014-07-02,30.93,21.62,6.97,6.93,79.57
borneo_rainforest,2014-07-03,30.23,22.22,2.4,7.34,36.78
borneo_rainforest,2014-07-04,31.88,21.94,11.46,3.91,62.49
borneo_rainforest,2014-07-05,28.94,22.25,7.4,5.57,56.9
borneo_rainforest,2014-07-06,30.93,20.58,13.91,6.82,72.66
borneo_rainforest,2014-07-07,32.0,22.33,11.31,5.06,64.22
borneo_rainforest,2014-07-08,31.33,20.89,10.74,6.97,83.23
borneo_rainforest,2014-07-09,31.41,20.89,7.98,5.25,47.22
borneo_rainforest,2014-07-10,29.06,22.18,3.87,4.4,61.32
borneo_rainforest,2014-07-11,30.31,22.76,11.08,5.96,45.56
borneo_rainforest,2014-07-12,27.49,22.66,7.62,4.33,60.67
borneo_rainforest,2014-07-13,29.36,20.9,15.8,3.51,53.99
borneo_rainforest,2014-07-14,30.3,23.9,6.15,5.78,75.04
borneo_rainforest,2014-07-15,30.76,21.75,3.27,3.45,72.21
borneo_rainforest,2014-07-16,31.15,22.1,5.26,5.89,61.35
borneo_rainforest,2014-07-17,30.75,21.92,3.63,5.69,51.33
borneo_rainforest,2014-07-18,30.05,21.62,0.0,5.05,76.78
borneo_rainforest,2014-07-19,28.09,21.72,12.57,4.47,69.39
borneo_rainforest,2014-07-20,29.96,24.39,3.54,5.11,63.52
borneo_rainforest,2014-07-21,30.16,24.35,8.58,2.39,92.01
borneo_rainforest,2014-07-22,26.71,22.54,0.0,6.7,89.22
borneo_rainforest,2014-07-23,32.69,22.43,5.03,2.24,71.44
borneo_rainforest,2014-07-24,32.61,22.88,5.82,3.86,42.66
borneo_rainforest,2014-07-25,29.96,24.05,6.34,5.37,63.49
borneo_rainforest,2014-07-26,30.75,19.07,0.0,5.13,49.25
borneo_rainforest,2014-07-27,31.43,21.72,5.69,6.07,85.82
borneo_rainforest,2014-07-28,32.02,21.17,0.0,4.65,85.64
borneo_rainforest,2014-07-29,33.4,20.34,1.32,6.17,67.83
borneo_rainforest,2014-07-30,32.63,22.48,5.39,7.17,78.22
borneo_rainforest,2014-07-31,30.88,23.39,5.07,4.44,79.97
borneo_rainforest,2014-08-01,29.95,22.58,1.49,5.75,72.96
borneo_rainforest,2014-08-02,31.98,21.45,5.69,7.26,77.07
borneo_rainforest,2014-08-03,30.78,23.59,8.23,5.69,97.19
borneo_rainforest,2014-08-04,30.19,20.29,16.01,3.93,68.25
borneo_rainforest,2014-08-05,26.97,22.04,6.75,4.77,57.55
borneo_rainforest,2014-08-06,28.78,21.19,2.29,2.78,67.9
borneo_rainforest,2014-08-07,32.94,21.24,13.65,4.28,66.73
borneo_rainforest,2014-08-08,30.93,24.29,8.52,4.33,77.08
borneo_rainforest,2014-08-09,30.19,22.69,11.16,6.93,94.81
borneo_rainforest,2014-08-10,29.43,22.3,0.95,5.93,73.26
borneo_rainforest,2014-08-11,30.65,25.2,1.5,7.11,88.25
borneo_rainforest,2014-08-12,29.76,23.26,0.0,5.56,46.47
borneo_rainforest,2014-08-13,31.62,22.91,9.97,3.39,80.36
borneo_rainforest,2014-08-14,29.31,21.32,14.27,6.5,67.1
borneo_rainforest,2014-08-15,29.72,22.32,2.39,5.79,75.57
borneo_rainforest,2014-08-16,28.1,23.71,9.03,6.15,86.37
borneo_rainforest,2014-08-17,29.59,24.27,10.25,6.63,86.29
borneo_rainforest,2014-08-18,29.67,23.76,7.54,5.95,65.43
borneo_rainforest,2014-08-19,29.84,23.94,12.15,7.01,83.97
borneo_rainforest,2014-08-20,32.13,22.23,6.2,5.48,74.71
borneo_rainforest,2014-08-21,29.62,21.89,2.69,4.75,69.03
borneo_rainforest,2014-08-22,32.87,22.68,0.0,4.21,77.83
borneo_rainforest,2014-08-23,31.16,22.49,8.11,5.07,56.82
borneo_rainforest,2014-08-24,31.23,21.69,0.4,5.54,37.92
borneo_rainforest,2014-08-25,29.87,23.63,10.35,6.91,81.44
borneo_rainforest,2014-08-26,30.24,21.74,4.55,5.02,65.01
borneo_rainforest,2014-08-27,31.67,24.45,1.63,2.75,93.2
borneo_rainforest,2014-08-28,29.61,23.86,8.77,3.98,69.93
borneo_rainforest,2014-08-29,33.51,22.45,5.3,6.81,51.61
borneo_rainforest,2014-08-30,30.83,20.79,8.51,2.92,69.53
borneo_rainforest,2014-08-31,31.19,25.81,5.57,6.01,83.75
borneo_rainforest,2014-09-01,30.38,22.62,8.22,5.84,63.5
borneo_rainforest,2014-09-02,31.86,22.78,4.36,4.92,79.67
borneo_rainforest,2014-09-03,32.89,20.99,1.33,4.7,65.33
borneo_rainforest,2014-09-04,32.61,22.35,0.39,9.82,82.62
borneo_rainforest,2014-09-05,30.49,22.43,2.53,6.85,50.07
borneo_rainforest,2014-09-06,32.78,23.7,5.02,3.59,94.85
borneo_rainforest,2014-09-07,29.31,20.2,12.8,7.35,72.67
borneo_rainforest,2014-09-08,30.01,21.85,6.56,4.61,65.61
borneo_rainforest,2014-09-09,31.85,23.3,5.53,5.77,83.24
borneo_rainforest,2014-09-10,33.59,21.15,3.03,6.82,74.25
borneo_rainforest,2014-09-11,29.88,23.79,0.0,6.43,69.57
borneo_rainforest,2014-09-12,30.24,22.81,13.4,6.77,70.05
borneo_rainforest,2014-09-13,30.61,22.37,3.67,5.9,67.14
borneo_rainforest,2014-09-14,33.69,22.23,6.44,5.04,82.33
borneo_rainforest,2014-09-15,29.77,22.65,7.07,5.15,85.59
borneo_rainforest,2014-09-16,30.88,22.88,6.3,6.28,78.93
borneo_rainforest,2014-09-17,32.64,25.62,21.98,4.62,72.35
borneo_rainforest,2014-09-18,29.72,24.15,7.03,6.89,100.0
borneo_rainforest,2014-09-19,32.11,24.07,5.66,3.54,66.76
borneo_rainforest,2014-09-20,33.46,21.18,11.72,6.62,78.8
borneo_rainforest,2014-09-21,27.66,24.33,8.03,5.37,60.88
borneo_rainforest,2014-09-22,32.45,23.0,1.81,8.75,69.06
borneo_rainforest,2014-09-23,34.24,22.62,10.98,9.42,51.89
borneo_rainforest,2014-09-24,31.71,23.49,5.66,6.77,87.82
borneo_rainforest,2014-09-25,31.02,25.63,7.89,4.07,53.85
borneo_rainforest,2014-09-26,31.05,23.05,14.19,6.51,55.09
borneo_rainforest,2014-09-27,28.78,21.01,13.32,7.31,80.19
borneo_rainforest,2014-09-28,33.57,24.6,4.25,5.85,94.35
borneo_rainforest,2014-09-29,30.61,22.75,10.89,8.7,90.45
borneo_rainforest,2014-09-30,32.67,21.94,8.29,6.18,86.01
borneo_rainforest,2014-10-01,33.07,21.11,4.77,7.37,60.79
borneo_rainforest,2014-10-02,30.83,22.44,3.31,7.75,85.39
borneo_rainforest,2014-10-03,30.4,23.35,4.47,3.01,71.64
borneo_rainforest,2014-10-04,32.2,21.88,14.83,4.6,51.23
borneo_rainforest,2014-10-05,33.93,21.76,0.0,7.2,75.01
borneo_rainforest,2014-10-06,32.11,22.7,3.91,6.61,85.81
borneo_rainforest,2014-10-07,29.82,23.24,13.76,8.64,68.89
borneo_rainforest,2014-10-08,30.5,23.18,2.87,7.24,89.98
borneo_rainforest,2014-10-09,32.83,23.67,10.84,9.22,82.48
borneo_rainforest,2014-10-10,31.89,24.12,6.99,6.13,67.59
borneo_rainforest,2014-10-11,29.96,23.62,4.71,6.11,73.28
borneo_rainforest,2014-10-12,33.15,23.55,2.11,3.93,62.95
borneo_rainforest,2014-10-13,31.06,22.72,6.94,4.92,82.21
borneo_rainforest,2014-10-14,32.07,24.13,9.64,7.39,90.67
borneo_rainforest,2014-10-15,29.49,23.72,6.38,5.68,71.11
borneo_rainforest,2014-10-16,31.91,23.23,11.95,7.04,88.53
borneo_rainforest,2014-10-17,30.37,22.22,17.3,7.88,84.92
borneo_rainforest,2014-10-18,31.07,20.74,18.14,6.83,75.97
borneo_rainforest,2014-10-19,31.08,22.45,7.68,3.83,57.32
borneo_rainforest,2014-10-20,30.35,22.92,5.04,7.45,47.79
borneo_rainforest,2014-10-21,32.31,24.35,8.51,5.13,82.73
borneo_rainforest,2014-10-22,30.61,23.68,11.94,5.76,90.86
borneo_rainforest,2014-10-23,31.97,23.03,9.27,7.24,83.76
borneo_rainforest,2014-10-24,31.98,23.35,13.16,8.0,65.79
borneo_rainforest,2014-10-25,32.47,21.14,11.31,8.56,82.66
borneo_rainforest,2014-10-26,30.69,22.94,7.9,8.43,79.32
borneo_rainforest,2014-10-27,30.46,22.63,4.14,6.76,93.85
borneo_rainforest,2014-10-28,31.34,22.26,23.71,5.54,69.62
borneo_rainforest,2014-10-29,33.18,22.5,11.7,3.89,55.74
borneo_rainforest,2014-10-30,30.77,22.52,13.72,6.76,97.81
borneo_rainforest,2014-10-31,33.36,23.58,0.0,8.86,89.6
borneo_rainforest,2014-11-01,31.24,25.62,9.0,6.91,79.52
borneo_rainforest,2014-11-02,30.65,22.23,0.68,8.04,75.57
borneo_rainforest,2014-11-03,32.67,22.88,7.73,9.48,59.81
borneo_rainforest,2014-11-04,30.66,24.96,5.99,6.51,77.33
borneo_rainforest,2014-11-05,30.3,23.07,4.56,4.08,100.0
borneo_rainforest,2014-11-06,32.5,23.49,15.52,8.08,76.63
borneo_rainforest,2014-11-07,32.92,25.61,15.2,4.37,81.23
borneo_rainforest,2014-11-08,31.04,24.83,6.38,5.17,91.26
borneo_rainforest,2014-11-09,31.74,23.23,19.73,7.85,59.29
borneo_rainforest,2014-11-10,30.06,21.05,2.89,5.38,89.02
borneo_rainforest,2014-11-11,29.61,22.79,18.35,3.37,84.23
borneo_rainforest,2014-11-12,30.02,23.85,14.87,5.22,98.25
borneo_rainforest,2014-11-13,31.62,24.94,12.63,7.02,76.17
borneo_rainforest,2014-11-14,29.12,25.2,12.69,7.06,94.66
borneo_rainforest,2014-11-15,33.11,21.68,24.11,6.87,66.43
borneo_rainforest,2014-11-16,31.41,25.3,6.02,9.63,75.32
borneo_rainforest,2014-11-17,34.2,22.41,14.55,7.46,94.92
borneo_rainforest,2014-11-18,31.59,24.59,1.46,6.56,85.07
borneo_rainforest,2014-11-19,30.31,23.99,18.85,7.06,85.75
borneo_rainforest,2014-11-20,35.35,24.61,7.02,8.6,84.09
borneo_rainforest,2014-11-21,29.69,24.68,27.37,6.98,88.96
borneo_rainforest,2014-11-22,31.7,23.94,14.43,8.52,98.64
borneo_rainforest,2014-11-23,31.62,24.67,11.97,8.36,89.47
borneo_rainforest,2014-11-24,31.23,21.94,15.3,7.31,87.85
borneo_rainforest,2014-11-25,30.97,24.17,18.72,7.87,68.09
borneo_rainforest,2014-11-26,31.63,25.21,12.73,8.6,68.31
borneo_rainforest,2014-11-27,32.57,24.85,17.3,4.09,80.15
borneo_rainforest,2014-11-28,31.12,23.9,9.67,7.31,73.57
borneo_rainforest,2014-11-29,33.83,22.09,9.6,6.07,77.65
borneo_rainforest,2014-11-30,31.2,23.91,5.84,8.46,86.62
borneo_rainforest,2014-12-01,31.15,25.34,7.48,5.62,81.12
borneo_rainforest,2014-12-02,32.39,22.9,15.25,9.9,82.31
borneo_rainforest,2014-12-03,32.59,23.74,8.73,8.44,95.87
borneo_rainforest,2014-12-04,32.62,23.57,17.08,6.74,65.44
borneo_rainforest,2014-12-05,32.17,21.11,18.07,7.53,94.73
borneo_rainforest,2014-12-06,30.04,24.28,5.26,9.19,78.16
borneo_rainforest,2014-12-07,31.04,24.71,17.19,7.21,89.82
borneo_rainforest,2014-12-08,32.39,23.27,15.98,5.5,99.24
borneo_rainforest,2014-12-09,30.41,24.49,14.73,4.5,84.38
borneo_rainforest,2014-12-10,34.07,23.07,16.49,7.46,88.05
borneo_rainforest,2014-12-11,34.11,24.73,12.01,6.17,92.84
borneo_rainforest,2014-12-12,30.18,23.9,12.63,7.45,94.5
borneo_rainforest,2014-12-13,30.88,23.64,19.98,6.69,100.0
borneo_rainforest,2014-12-14,31.24,25.53,10.42,8.6,78.16
borneo_rainforest,2014-12-15,29.87,21.09,5.3,10.03,84.55
borneo_rainforest,2014-12-16,30.87,22.78,21.84,7.64,96.48
borneo_rainforest,2014-12-17,33.06,24.11,13.91,8.26,78.19
borneo_rainforest,2014-12-18,33.6,23.92,19.22,8.8,81.4
borneo_rainforest,2014-12-19,31.78,22.59,14.13,8.18,86.33
borneo_rainforest,2014-12-20,30.7,23.63,12.85,9.28,81.52
borneo_rainforest,2014-12-21,31.48,23.95,15.42,5.35,70.75
borneo_rainforest,2014-12-22,31.58,23.88,25.7,7.96,86.26
borneo_rainforest,2014-12-23,31.99,24.36,6.76,9.31,100.0
borneo_rainforest,2014-12-24,31.03,25.65,4.29,3.72,88.98
borneo_rainforest,2014-12-25,31.88,23.41,11.23,7.18,94.24
borneo_rainforest,2014-12-26,32.57,24.67,19.25,6.22,78.31
borneo_rainforest,2014-12-27,34.21,23.5,7.86,5.28,72.25
borneo_rainforest,2014-12-28,31.88,23.64,6.53,6.4,81.78
borneo_rainforest,2014-12-29,33.46,24.59,6.14,5.65,69.15
borneo_rainforest,2014-12-30,33.06,25.68,19.5,4.93,95.68
borneo_rainforest,2014-12-31,32.35,22.02,16.06,7.09,100.0
borneo_rainforest,2015-01-01,32.3,23.63,8.99,7.93,100.0
borneo_rainforest,2015-01-02,31.55,23.67,15.84,8.96,67.29
borneo_rainforest,2015-01-03,33.52,25.06,9.5,7.9,85.41
borneo_rainforest,2015-01-04,31.13,22.21,5.22,6.43,96.14
borneo_rainforest,2015-01-05,33.19,25.9,20.02,8.82,66.44
borneo_rainforest,2015-01-06,30.94,22.8,7.24,6.96,82.53
borneo_rainforest,2015-01-07,32.19,23.33,2.97,6.02,60.33
borneo_rainforest,2015-01-08,33.57,23.77,8.23,8.35,64.89
borneo_rainforest,2015-01-09,32.7,24.29,14.2,9.28,72.08
borneo_rainforest,2015-01-10,30.81,24.68,17.42,5.6,81.9
borneo_rainforest,2015-01-11,31.49,22.83,13.33,5.97,97.62
borneo_rainforest,2015-01-12,30.37,22.33,16.99,8.72,100.0
borneo_rainforest,2015-01-13,32.05,21.71,15.38,8.1,64.73
borneo_rainforest,2015-01-14,33.54,22.97,11.08,7.83,82.38
borneo_rainforest,2015-01-15,32.83,25.35,4.3,8.9,73.61
borneo_rainforest,2015-01-16,33.2,22.69,12.54,9.19,74.06
borneo_rainforest,2015-01-17,32.87,22.99,10.11,7.1,99.89
borneo_rainforest,2015-01-18,30.26,22.2,17.17,10.27,88.78
borneo_rainforest,2015-01-19,33.11,22.96,5.67,10.65,100.0
borneo_rainforest,2015-01-20,29.51,22.64,16.26,6.49,96.94
borneo_rainforest,2015-01-21,30.87,22.35,1.7,7.73,77.86
borneo_rainforest,2015-01-22,32.85,23.46,19.87,5.88,78.77
borneo_rainforest,2015-01-23,29.08,22.64,12.94,8.13,100.0
borneo_rainforest,2015-01-24,32.88,22.01,7.65,4.9,95.45
borneo_rainforest,2015-01-25,31.71,24.5,12.98,5.45,71.47
borneo_rainforest,2015-01-26,31.54,25.14,18.08,7.02,93.55
borneo_rainforest,2015-01-27,30.44,24.04,15.74,7.63,80.48
borneo_rainforest,2015-01-28,28.27,25.55,9.92,5.77,100.0
borneo_rainforest,2015-01-29,31.41,23.19,18.47,4.3,76.12
borneo_rainforest,2015-01-30,32.57,23.44,14.57,8.5,80.65
borneo_rainforest,2015-01-31,33.9,23.9,13.94,6.15,100.0
borneo_rainforest,2015-02-01,32.75,24.44,7.21,7.09,75.35
borneo_rainforest,2015-02-02,34.27,25.4,11.44,6.44,60.19
borneo_rainforest,2015-02-03,31.28,25.42,20.81,8.71,100.0
borneo_rainforest,2015-02-04,30.25,24.49,7.35,4.99,100.0
borneo_rainforest,2015-02-05,32.37,27.61,6.72,7.41,75.06
borneo_rainforest,2015-02-06,34.04,24.2,5.35,9.59,86.63
borneo_rainforest,2015-02-07,31.9,23.63,13.27,6.28,100.0
borneo_rainforest,2015-02-08,29.58,22.01,8.91,6.48,85.77
borneo_rainforest,2015-02-09,30.74,23.38,0.84,6.28,62.66
borneo_rainforest,2015-02-10,32.04,23.54,13.75,5.59,66.41
borneo_rainforest,2015-02-11,32.23,25.01,11.06,5.73,95.53
borneo_rainforest,2015-02-12,31.27,23.09,16.75,7.35,71.62
borneo_rainforest,2015-02-13,30.76,22.73,8.41,7.07,81.83
borneo_rainforest,2015-02-14,30.27,23.32,8.68,6.57,78.91
borneo_rainforest,2015-02-15,30.96,23.49,16.93,4.81,80.74
borneo_rainforest,2015-02-16,31.48,24.23,15.34,4.18,100.0
borneo_rainforest,2015-02-17,31.9,25.18,13.92,6.25,83.98
borneo_rainforest,2015-02-18,29.99,21.96,12.34,7.54,80.25
borneo_rainforest,2015-02-19,32.31,25.08,15.61,5.89,79.66
borneo_rainforest,2015-02-20,29.93,22.45,20.88,7.66,77.64
borneo_rainforest,2015-02-21,30.17,24.89,2.63,7.01,87.88
borneo_rainforest,2015-02-22,30.72,23.96,13.77,3.07,52.34
borneo_rainforest,2015-02-23,32.25,22.76,13.31,4.5,82.8
borneo_rainforest,2015-02-24,33.72,22.88,17.59,5.59,74.08
borneo_rainforest,2015-02-25,29.89,22.19,19.24,6.17,88.3
borneo_rainforest,2015-02-26,32.69,20.84,4.63,5.57,82.53
borneo_rainforest,2015-02-27,29.94,22.7,5.38,8.25,71.51
borneo_rainforest,2015-02-28,32.9,23.49,7.1,8.1,73.16
borneo_rainforest,2015-03-01,31.2,22.4,13.12,7.6,78.99
borneo_rainforest,2015-03-02,29.41,22.15,9.22,2.87,70.35
borneo_rainforest,2015-03-03,33.14,22.0,10.8,6.87,82.66
borneo_rainforest,2015-03-04,30.26,21.07,8.59,6.35,80.21
borneo_rainforest,2015-03-05,30.14,22.65,13.09,7.36,83.17
borneo_rainforest,2015-03-06,31.63,24.8,18.27,5.95,63.76
borneo_rainforest,2015-03-07,30.27,23.71,3.35,6.55,86.27
borneo_rainforest,2015-03-08,30.78,24.07,10.11,6.74,59.78
borneo_rainforest,2015-03-09,30.69,23.76,14.3,6.13,91.13
borneo_rainforest,2015-03-10,33.09,24.15,7.83,5.72,71.16
borneo_rainforest,2015-03-11,28.5,24.15,1.78,4.68,85.54
borneo_rainforest,2015-03-12,29.53,22.1,17.24,5.91,73.39
borneo_rainforest,2015-03-13,31.72,24.74,10.11,3.65,82.03
borneo_rainforest,2015-03-14,31.97,20.7,14.2,7.22,83.28
borneo_rainforest,2015-03-15,31.2,21.62,17.33,6.06,73.19
borneo_rainforest,2015-03-16,28.55,23.69,0.0,6.53,100.0
borneo_rainforest,2015-03-17,30.77,22.67,8.34,4.03,67.91
borneo_rainforest,2015-03-18,28.71,22.51,8.77,4.52,71.45
borneo_rainforest,2015-03-19,34.14,21.89,9.46,4.22,84.01
borneo_rainforest,2015-03-20,31.51,23.94,8.98,1.47,64.92
borneo_rainforest,2015-03-21,29.97,24.78,15.42,4.99,68.85
borneo_rainforest,2015-03-22,33.67,21.75,2.13,2.71,80.05
borneo_rainforest,2015-03-23,33.41,21.68,9.89,7.06,95.39
borneo_rainforest,2015-03-24,32.66,26.68,0.0,6.36,65.11
borneo_rainforest,2015-03-25,32.59,23.86,3.81,9.32,76.55
borneo_rainforest,2015-03-26,30.11,22.16,14.05,5.12,88.23
borneo_rainforest,2015-03-27,32.18,24.0,7.82,5.89,70.83
borneo_rainforest,2015-03-28,29.88,24.57,0.0,6.89,54.33
borneo_rainforest,2015-03-29,32.31,23.72,0.08,5.12,72.93
borneo_rainforest,2015-03-30,31.29,23.78,7.54,7.14,78.33
borneo_rainforest,2015-03-31,32.72,22.43,13.07,6.64,75.99
borneo_rainforest,2015-04-01,31.43,23.89,0.0,7.41,62.13
borneo_rainforest,2015-04-02,31.29,24.04,13.04,4.22,100.0
borneo_rainforest,2015-04-03,29.43,22.41,7.33,5.0,76.15
borneo_rainforest,2015-04-04,28.37,21.78,0.0,4.92,70.97
borneo_rainforest,2015-04-05,29.07,22.63,6.09,5.16,71.26
borneo_rainforest,2015-04-06,26.5,22.13,7.33,3.23,69.13
borneo_rainforest,2015-04-07,30.56,23.21,4.24,6.65,73.54
borneo_rainforest,2015-04-08,30.84,19.98,10.17,6.06,53.34
borneo_rainforest,2015-04-09,28.89,23.01,9.64,7.88,71.33
borneo_rainforest,2015-04-10,32.85,23.29,6.6,3.1,71.49
borneo_rainforest,2015-04-11,32.21,21.08,2.08,7.27,61.08
borneo_rainforest,2015-04-12,30.78,24.47,9.13,5.13,78.73
borneo_rainforest,2015-04-13,31.49,22.16,4.75,5.49,88.26
borneo_rainforest,2015-04-14,30.32,22.54,7.56,5.61,77.13
borneo_rainforest,2015-04-15,31.77,25.84,11.21,7.46,54.26
borneo_rainforest,2015-04-16,30.05,23.11,6.71,5.86,63.91
borneo_rainforest,2015-04-17,31.7,21.48,8.4,5.57,79.16
borneo_rainforest,2015-04-18,29.39,23.88,11.9,4.79,71.89
borneo_rainforest,2015-04-19,33.48,25.03,11.71,6.15,59.44
borneo_rainforest,2015-04-20,30.04,23.95,4.74,3.91,64.07
borneo_rainforest,2015-04-21,28.45,23.76,1.16,9.07,77.27
borneo_rainforest,2015-04-22,28.5,22.65,2.93,3.44,80.91
borneo_rainforest,2015-04-23,31.14,23.43,11.41,3.7,63.94
borneo_rainforest,2015-04-24,30.84,24.11,9.32,4.25,61.09
borneo_rainforest,2015-04-25,28.85,22.39,12.27,5.14,79.21
borneo_rainforest,2015-04-26,31.59,23.65,7.76,2.35,80.63
borneo_rainforest,2015-04-27,30.64,24.58,7.84,4.3,57.26
borneo_rainforest,2015-04-28,31.46,21.5,3.07,4.48,36.32
borneo_rainforest,2015-04-29,29.3,22.86,0.0,5.53,61.33
borneo_rainforest,2015-04-30,29.96,23.35,0.0,3.78,69.62
borneo_rainforest,2015-05-01,31.4,23.54,2.9,7.31,52.04
borneo_rainforest,2015-05-02,33.31,23.71,1.0,4.11,70.18
borneo_rainforest,2015-05-03,28.95,22.67,1.71,5.05,77.56
borneo_rainforest,2015-05-04,29.79,23.04,18.0,4.26,91.88
borneo_rainforest,2015-05-05,26.74,22.24,1.67,8.08,59.51
borneo_rainforest,2015-05-06,30.84,22.11,0.0,3.66,60.75
borneo_rainforest,2015-05-07,27.46,22.71,2.05,5.26,77.32
borneo_rainforest,2015-05-08,28.9,22.01,9.88,3.91,71.11
borneo_rainforest,2015-05-09,30.11,23.38,11.35,6.02,67.09
borneo_rainforest,2015-05-10,29.02,20.74,0.0,5.76,66.6
borneo_rainforest,2015-05-11,31.1,21.27,0.88,4.37,40.4
borneo_rainforest,2015-05-12,31.57,22.38,0.7,5.5,44.92
borneo_rainforest,2015-05-13,29.81,24.78,9.68,5.56,78.2
borneo_rainforest,2015-05-14,29.22,19.1,0.0,5.85,63.02
borneo_rainforest,2015-05-15,27.82,21.68,0.08,5.73,53.81
borneo_rainforest,2015-05-16,29.9,20.36,2.11,5.65,47.73
borneo_rainforest,2015-05-17,29.1,24.45,6.61,2.91,57.95
borneo_rainforest,2015-05-18,29.36,21.81,0.0,4.27,73.18
borneo_rainforest,2015-05-19,31.57,20.95,0.0,6.16,75.8
borneo_rainforest,2015-05-20,29.12,23.34,5.74,4.87,44.67
borneo_rainforest,2015-05-21,27.36,23.48,0.0,3.88,58.52
borneo_rainforest,2015-05-22,28.9,21.93,19.59,4.86,76.13
borneo_rainforest,2015-05-23,28.94,23.62,0.0,2.74,77.26
borneo_rainforest,2015-05-24,27.02,23.64,7.19,6.31,63.44
borneo_rainforest,2015-05-25,33.29,23.65,8.19,6.8,55.19
borneo_rainforest,2015-05-26,28.62,20.68,3.41,4.0,67.85
borneo_rainforest,2015-05-27,29.71,21.63,0.4,5.5,53.35
borneo_rainforest,2015-05-28,30.9,22.1,9.19,3.78,67.78
borneo_rainforest,2015-05-29,31.91,21.29,8.02,3.94,81.48
borneo_rainforest,2015-05-30,30.77,22.51,5.74,7.39,79.31
borneo_rainforest,2015-05-31,32.04,20.56,3.18,5.01,53.49
borneo_rainforest,2015-06-01,28.13,23.4,8.25,4.64,63.67
borneo_rainforest,2015-06-02,28.95,23.8,4.45,2.6,85.3
borneo_rainforest,2015-06-03,30.85,20.27,10.57,6.72,78.29
borneo_rainforest,2015-06-04,29.11,25.73,12.58,2.8,50.58
borneo_rainforest,2015-06-05,28.41,22.78,10.97,3.27,72.83
borneo_rainforest,2015-06-06,28.77,23.15,3.24,2.34,62.24
borneo_rainforest,2015-06-07,28.87,23.69,12.54,4.4,58.07
borneo_rainforest,2015-06-08,28.57,22.58,8.19,7.41,84.98
borneo_rainforest,2015-06-09,29.5,21.63,0.39,4.44,87.45
borneo_rainforest,2015-06-10,27.37,21.89,0.0,4.43,48.35
borneo_rainforest,2015-06-11,27.87,23.5,5.87,4.71,77.78
borneo_rainforest,2015-06-12,30.3,22.61,8.41,5.19,94.24
borneo_rainforest,2015-06-13,28.95,20.05,0.0,5.29,77.26
borneo_rainforest,2015-06-14,29.67,23.44,15.97,3.22,46.21
borneo_rainforest,2015-06-15,28.76,21.09,0.0,9.14,70.94
borneo_rainforest,2015-06-16,31.37,21.56,3.05,6.37,63.72
borneo_rainforest,2015-06-17,28.26,22.65,2.19,5.87,47.4
borneo_rainforest,2015-06-18,28.94,24.74,1.99,5.65,66.45
borneo_rainforest,2015-06-19,31.19,25.49,5.78,6.97,54.4
borneo_rainforest,2015-06-20,30.96,21.4,2.7,6.4,70.13
borneo_rainforest,2015-06-21,30.5,23.16,8.32,4.23,72.39
borneo_rainforest,2015-06-22,29.82,23.08,1.49,5.05,53.55
borneo_rainforest,2015-06-23,30.21,20.95,6.36,6.75,72.77
borneo_rainforest,2015-06-24,28.8,23.63,3.63,5.95,58.78
borneo_rainforest,2015-06-25,27.97,20.33,4.2,6.2,61.79
borneo_rainforest,2015-06-26,31.11,24.89,7.0,5.79,82.64
borneo_rainforest,2015-06-27,30.79,20.37,0.96,3.8,42.21
borneo_rainforest,2015-06-28,29.87,22.03,1.7,4.44,68.92
borneo_rainforest,2015-06-29,31.49,23.4,9.88,6.73,53.02
borneo_rainforest,2015-06-30,31.4,23.61,3.24,5.33,57.45
borneo_rainforest,2015-07-01,29.96,21.94,2.31,5.53,72.52
borneo_rainforest,2015-07-02,31.08,23.26,6.12,8.28,69.89
borneo_rainforest,2015-07-03,30.46,22.5,3.68,6.03,55.79
borneo_rainforest,2015-07-04,30.49,24.3,1.66,5.42,50.53
borneo_rainforest,2015-07-05,29.11,22.0,4.82,7.12,65.39
borneo_rainforest,2015-07-06,32.39,22.41,10.11,6.63,85.21
borneo_rainforest,2015-07-07,28.5,22.98,1.67,5.38,57.73
borneo_rainforest,2015-07-08,28.25,21.48,2.98,2.69,75.38
borneo_rainforest,2015-07-09,30.88,23.07,5.88,6.24,64.14
borneo_rainforest,2015-07-10,31.05,22.07,7.1,6.34,62.09
borneo_rainforest,2015-07-11,32.67,20.66,5.22,6.54,68.54
borneo_rainforest,2015-07-12,26.65,22.03,4.42,4.98,62.85
borneo_rainforest,2015-07-13,31.05,22.61,5.49,4.52,69.99
borneo_rainforest,2015-07-14,30.22,22.11,1.67,5.1,49.88
borneo_rainforest,2015-07-15,32.1,20.93,5.42,3.91,53.84
borneo_rainforest,2015-07-16,28.28,23.83,2.77,4.69,72.28
borneo_rainforest,2015-07-17,31.24,20.82,6.76,6.19,71.93
borneo_rainforest,2015-07-18,29.1,21.92,9.67,4.58,60.45
borneo_rainforest,2015-07-19,28.53,20.88,0.12,4.52,72.39
borneo_rainforest,2015-07-20,32.3,20.58,6.96,7.88,79.51
borneo_rainforest,2015-07-21,30.8,22.82,6.29,4.61,47.66
borneo_rainforest,2015-07-22,31.46,22.48,3.6,4.13,71.18
borneo_rainforest,2015-07-23,28.23,20.23,6.04,3.81,62.1
borneo_rainforest,2015-07-24,31.74,20.77,9.07,4.92,62.18
borneo_rainforest,2015-07-25,30.15,23.09,7.06,3.83,92.95
borneo_rainforest,2015-07-26,30.88,22.03,0.0,5.76,65.93
borneo_rainforest,2015-07-27,28.85,24.0,0.0,3.18,79.32
borneo_rainforest,2015-07-28,30.84,22.87,0.34,2.5,68.36
borneo_rainforest,2015-07-29,31.97,21.22,13.26,4.31,61.36
borneo_rainforest,2015-07-30,29.55,24.18,11.69,5.64,56.94
borneo_rainforest,2015-07-31,29.99,22.38,6.7,7.1,73.6
borneo_rainforest,2015-08-01,31.9,24.33,0.0,5.76,66.39
borneo_rainforest,2015-08-02,27.88,22.1,9.21,5.26,89.41
borneo_rainforest,2015-08-03,32.04,22.13,0.72,1.96,67.21
borneo_rainforest,2015-08-04,28.66,23.27,0.0,7.08,58.0
borneo_rainforest,2015-08-05,32.26,24.33,5.51,3.93,78.52
borneo_rainforest,2015-08-06,32.75,22.19,5.69,4.52,68.61
borneo_rainforest,2015-08-07,29.05,23.6,7.44,2.23,70.43
borneo_rainforest,2015-08-08,31.26,22.54,5.96,5.58,72.99
borneo_rainforest,2015-08-09,30.07,22.3,6.69,9.24,47.42
borneo_rainforest,2015-08-10,30.79,22.49,3.73,5.2,91.47
borneo_rainforest,2015-08-11,28.18,22.01,6.16,4.22,81.14
borneo_rainforest,2015-08-12,28.76,21.86,8.39,5.21,69.98
borneo_rainforest,2015-08-13,29.39,25.64,11.12,7.24,79.64
borneo_rainforest,2015-08-14,28.9,22.32,7.09,6.8,62.74
borneo_rainforest,2015-08-15,29.08,22.22,4.04,4.83,79.94
borneo_rainforest,2015-08-16,30.47,24.92,7.58,7.09,71.21
borneo_rainforest,2015-08-17,29.58,23.03,11.72,7.75,55.77
borneo_rainforest,2015-08-18,30.54,22.79,11.3,7.14,63.75
borneo_rainforest,2015-08-19,30.85,23.49,2.18,4.43,65.86
borneo_rainforest,2015-08-20,30.42,22.85,11.7,6.62,58.78
borneo_rainforest,2015-08-21,28.56,22.59,6.33,5.27,89.95
borneo_rainforest,2015-08-22,30.34,23.93,4.42,5.74,86.59
borneo_rainforest,2015-08-23,29.03,20.31,4.05,4.53,59.88
borneo_rainforest,2015-08-24,31.78,22.37,1.26,3.42,60.34
borneo_rainforest,2015-08-25,27.53,22.46,10.24,4.83,65.08
borneo_rainforest,2015-08-26,28.29,22.94,9.9,3.5,67.92
borneo_rainforest,2015-08-27,29.19,23.8,4.55,4.19,45.37
borneo_rainforest,2015-08-28,28.8,23.41,5.16,5.4,68.99
borneo_rainforest,2015-08-29,30.69,22.54,11.33,4.97,87.94
borneo_rainforest,2015-08-30,31.26,22.67,3.83,3.96,73.98
borneo_rainforest,2015-08-31,32.04,22.74,15.06,3.64,55.84
borneo_rainforest,2015-09-01,30.69,19.75,11.51,6.05,54.01
borneo_rainforest,2015-09-02,28.35,22.94,9.48,6.71,94.15
borneo_rainforest,2015-09-03,29.0,21.84,5.04,5.56,83.11
borneo_rainforest,2015-09-04,30.57,22.61,0.0,5.49,77.63
borneo_rainforest,2015-09-05,31.66,24.02,12.12,4.12,94.01
borneo_rainforest,2015-09-06,30.2,23.19,12.12,4.38,74.68
borneo_rainforest,2015-09-07,29.77,22.35,15.27,6.43,90.06
borneo_rainforest,2015-09-08,29.47,22.8,4.31,3.96,92.59
borneo_rainforest,2015-09-09,31.99,23.5,0.36,5.6,78.64
borneo_rainforest,2015-09-10,29.1,22.02,10.82,4.88,82.55
borneo_rainforest,2015-09-11,32.63,21.96,17.64,4.35,74.59
borneo_rainforest,2015-09-12,30.39,24.76,9.55,5.07,71.14
borneo_rainforest,2015-09-13,31.28,23.1,10.84,8.08,68.74
borneo_rainforest,2015-09-14,30.56,23.4,5.02,6.28,72.02
borneo_rainforest,2015-09-15,32.37,24.02,3.47,9.38,71.38
borneo_rainforest,2015-09-16,29.89,23.14,10.39,5.77,72.81
borneo_rainforest,2015-09-17,30.41,23.62,4.31,6.54,72.22
borneo_rainforest,2015-09-18,31.34,22.59,2.01,2.68,73.71
borneo_rainforest,2015-09-19,32.06,23.61,16.1,4.96,89.72
borneo_rainforest,2015-09-20,31.54,21.43,5.79,4.68,53.25
borneo_rainforest,2015-09-21,30.9,22.83,6.92,4.98,68.93
borneo_rainforest,2015-09-22,30.2,21.9,0.0,7.41,85.95
borneo_rainforest,2015-09-23,30.01,24.52,9.22,6.4,89.89
borneo_rainforest,2015-09-24,33.17,20.15,3.95,3.84,73.83
borneo_rainforest,2015-09-25,29.11,21.94,13.81,4.29,67.5
borneo_rainforest,2015-09-26,31.1,22.59,7.79,6.27,50.84
borneo_rainforest,2015-09-27,30.4,25.36,9.28,6.04,53.95
borneo_rainforest,2015-09-28,30.0,23.83,0.12,7.83,76.24
borneo_rainforest,2015-09-29,30.09,22.51,9.72,3.81,91.91
borneo_rainforest,2015-09-30,29.18,24.41,13.62,7.34,65.26
borneo_rainforest,2015-10-01,32.36,21.67,14.68,7.35,79.53
borneo_rainforest,2015-10-02,30.25,22.98,17.99,4.9,78.33
borneo_rainforest,2015-10-03,32.11,23.29,12.05,5.69,78.59
borneo_rainforest,2015-10-04,30.57,23.85,11.66,7.76,87.66
borneo_rainforest,2015-10-05,30.07,21.87,14.13,2.54,82.82
borneo_rainforest,2015-10-06,31.43,22.2,5.44,6.96,100.0
borneo_rainforest,2015-10-07,33.55,25.33,11.7,7.52,58.79
borneo_rainforest,2015-10-08,31.55,24.34,10.99,6.39,77.33
borneo_rainforest,2015-10-09,32.15,21.81,14.69,6.48,68.68
borneo_rainforest,2015-10-10,32.9,23.54,11.98,4.02,86.67
borneo_rainforest,2015-10-11,33.16,22.05,5.29,3.77,75.78
borneo_rainforest,2015-10-12,30.86,26.57,8.88,6.13,71.84
borneo_rainforest,2015-10-13,31.4,24.76,1.93,8.17,83.98
borneo_rainforest,2015-10-14,31.03,24.62,9.33,5.99,86.08
borneo_rainforest,2015-10-15,31.39,22.39,7.02,6.89,81.89
borneo_rainforest,2015-10-16,33.14,23.22,13.5,4.4,82.96
borneo_rainforest,2015-10-17,32.94,24.39,24.38,6.17,63.72
borneo_rainforest,2015-10-18,32.08,22.9,13.61,4.39,75.54
borneo_rainforest,2015-10-19,31.83,22.95,7.33,8.37,50.49
borneo_rainforest,2015-10-20,30.71,22.06,14.1,5.04,81.34
borneo_rainforest,2015-10-21,31.59,22.97,2.86,5.96,69.03
borneo_rainforest,2015-10-22,31.53,23.76,8.7,6.48,61.83
borneo_rainforest,2015-10-23,32.27,22.86,11.82,6.13,76.13
borneo_rainforest,2015-10-24,31.02,24.58,13.11,6.16,66.74
borneo_rainforest,2015-10-25,32.97,24.97,16.04,6.69,77.56
borneo_rainforest,2015-10-26,32.54,23.82,17.14,6.08,86.5
borneo_rainforest,2015-10-27,30.39,23.38,6.86,8.32,85.82
borneo_rainforest,2015-10-28,31.0,25.36,5.37,8.3,87.9
borneo_rainforest,2015-10-29,32.42,24.03,12.2,3.92,89.02
borneo_rainforest,2015-10-30,29.86,23.0,2.0,6.11,79.87
borneo_rainforest,2015-10-31,32.2,22.58,12.25,7.59,81.06
borneo_rainforest,2015-11-01,30.31,25.54,1.57,5.82,86.21
borneo_rainforest,2015-11-02,31.91,25.17,11.88,9.0,89.28
borneo_rainforest,2015-11-03,36.43,24.55,10.49,5.91,78.24
borneo_rainforest,2015-11-04,30.97,23.92,12.78,3.94,96.08
borneo_rainforest,2015-11-05,33.24,23.4,13.03,5.52,86.76
borneo_rainforest,2015-11-06,30.59,22.71,13.57,6.36,66.08
borneo_rainforest,2015-11-07,31.27,24.09,16.09,6.29,65.02
borneo_rainforest,2015-11-08,33.4,22.07,19.42,4.31,73.21
borneo_rainforest,2015-11-09,29.14,26.01,14.76,4.84,76.68
borneo_rainforest,2015-11-10,28.24,25.36,4.15,5.79,84.68
borneo_rainforest,2015-11-11,30.71,25.48,20.48,5.32,100.0
borneo_rainforest,2015-11-12,29.85,22.78,14.16,9.44,54.59
borneo_rainforest,2015-11-13,33.13,24.65,10.79,6.91,76.14
borneo_rainforest,2015-11-14,30.94,25.54,3.59,9.46,100.0
borneo_rainforest,2015-11-15,29.54,22.74,0.0,8.29,57.84
borneo_rainforest,2015-11-16,31.35,23.34,13.01,8.03,94.82
borneo_rainforest,2015-11-17,32.99,23.75,13.62,5.49,84.84
borneo_rainforest,2015-11-18,30.37,25.85,13.68,7.44,73.55
borneo_rainforest,2015-11-19,30.79,21.09,14.36,9.77,100.0
borneo_rainforest,2015-11-20,32.72,25.35,16.36,8.09,79.41
borneo_rainforest,2015-11-21,30.43,25.61,11.53,7.14,91.31
borneo_rainforest,2015-11-22,34.41,25.41,5.4,8.27,80.35
borneo_rainforest,2015-11-23,31.61,22.85,5.11,4.56,77.3
borneo_rainforest,2015-11-24,32.46,22.94,11.31,5.65,69.26
borneo_rainforest,2015-11-25,30.81,22.22,11.6,9.22,72.22
borneo_rainforest,2015-11-26,32.03,24.77,8.03,9.08,90.74
borneo_rainforest,2015-11-27,34.47,24.32,8.43,6.38,85.15
borneo_rainforest,2015-11-28,33.95,21.11,19.07,3.89,80.8
borneo_rainforest,2015-11-29,31.77,24.83,15.18,4.19,76.75
borneo_rainforest,2015-11-30,29.98,24.12,13.64,7.7,82.83
borneo_rainforest,2015-12-01,31.78,24.8,14.39,6.33,86.46
borneo_rainforest,2015-12-02,28.31,24.71,11.94,5.41,76.3
borneo_rainforest,2015-12-03,32.92,23.43,13.29,8.14,86.87
borneo_rainforest,2015-12-04,30.49,23.72,9.78,6.34,89.33
borneo_rainforest,2015-12-05,31.87,23.64,18.38,4.75,79.31
borneo_rainforest,2015-12-06,31.71,24.44,9.09,7.14,81.55
borneo_rainforest,2015-12-07,33.39,24.72,15.0,7.77,91.93
borneo_rainforest,2015-12-08,32.06,22.6,22.23,4.73,71.75
borneo_rainforest,2015-12-09,31.72,23.34,23.61,5.1,92.74
borneo_rainforest,2015-12-10,34.15,23.99,17.84,5.38,96.83
borneo_rainforest,2015-12-11,33.27,22.68,25.48,7.52,68.43
borneo_rainforest,2015-12-12,30.83,23.46,11.26,8.37,100.0
borneo_rainforest,2015-12-13,32.81,23.49,17.85,5.39,88.67
borneo_rainforest,2015-12-14,31.36,23.44,11.62,5.99,77.35
borneo_rainforest,2015-12-15,31.25,24.25,22.48,4.67,83.31
borneo_rainforest,2015-12-16,30.68,22.98,17.33,7.27,100.0
borneo_rainforest,2015-12-17,30.64,24.52,14.74,5.97,96.93
borneo_rainforest,2015-12-18,30.8,22.9,22.67,7.26,71.13
borneo_rainforest,2015-12-19,30.55,24.74,0.0,6.59,72.76
borneo_rainforest,2015-12-20,32.42,23.46,15.8,7.11,71.41
borneo_rainforest,2015-12-21,31.12,24.73,11.89,3.89,100.0
borneo_rainforest,2015-12-22,32.92,25.02,10.0,6.69,100.0
borneo_rainforest,2015-12-23,31.52,22.14,9.85,7.32,75.13
borneo_rainforest,2015-12-24,33.58,24.04,0.62,4.0,95.78
borneo_rainforest,2015-12-25,30.36,23.46,12.95,8.71,88.53
borneo_rainforest,2015-12-26,28.91,24.35,7.98,8.38,90.99
borneo_rainforest,2015-12-27,32.16,27.04,14.99,8.47,99.75
borneo_rainforest,2015-12-28,34.02,23.72,8.46,6.92,84.93
borneo_rainforest,2015-12-29,31.7,25.59,17.61,8.1,64.36
borneo_rainforest,2015-12-30,32.4,23.12,5.22,9.69,79.98
borneo_rainforest,2015-12-31,30.44,23.39,19.62,5.03,90.9
borneo_rainforest,2016-01-01,33.57,22.82,12.76,8.64,82.97
borneo_rainforest,2016-01-02,31.76,24.94,7.71,7.16,92.87
borneo_rainforest,2016-01-03,32.47,22.82,17.04,3.97,85.6
borneo_rainforest,2016-01-04,30.5,21.18,10.69,7.22,65.72
borneo_rainforest,2016-01-05,30.7,24.26,13.65,7.96,86.56
borneo_rainforest,2016-01-06,31.61,24.77,11.97,8.24,86.71
borneo_rainforest,2016-01-07,30.91,24.54,2.71,7.79,84.43
borneo_rainforest,2016-01-08,33.22,22.29,16.55,8.24,76.14
borneo_rainforest,2016-01-09,31.42,21.82,11.24,7.38,67.81
borneo_rainforest,2016-01-10,32.19,23.36,11.61,5.15,97.23
borneo_rainforest,2016-01-11,33.72,23.14,13.64,6.69,93.87
borneo_rainforest,2016-01-12,32.85,21.87,5.94,7.98,80.26
borneo_rainforest,2016-01-13,34.1,22.98,6.15,6.59,65.71
borneo_rainforest,2016-01-14,30.04,24.41,12.79,6.46,92.77
borneo_rainforest,2016-01-15,32.23,22.79,12.82,4.48,74.57
borneo_rainforest,2016-01-16,29.45,23.99,11.14,7.4,65.98
borneo_rainforest,2016-01-17,30.45,24.59,9.1,8.08,92.79
borneo_rainforest,2016-01-18,31.72,21.81,2.5,7.28,76.83
borneo_rainforest,2016-01-19,31.94,23.28,16.11,7.25,100.0
borneo_rainforest,2016-01-20,32.17,23.35,13.2,6.52,88.9
borneo_rainforest,2016-01-21,31.83,20.28,11.6,8.29,69.32
borneo_rainforest,2016-01-22,35.15,24.74,16.12,10.14,75.12
borneo_rainforest,2016-01-23,30.91,24.53,7.72,6.23,79.2
borneo_rainforest,2016-01-24,30.34,23.36,13.86,8.36,100.0
borneo_rainforest,2016-01-25,35.47,23.5,17.34,5.45,76.47
borneo_rainforest,2016-01-26,34.47,22.7,11.45,5.96,97.5
borneo_rainforest,2016-01-27,32.94,23.51,11.71,4.82,81.49
borneo_rainforest,2016-01-28,33.14,23.49,13.16,8.0,77.79
borneo_rainforest,2016-01-29,31.17,23.29,16.89,6.44,43.17
borneo_rainforest,2016-01-30,31.44,24.15,12.32,4.58,79.1
borneo_rainforest,2016-01-31,32.35,25.35,19.83,8.37,70.62
borneo_rainforest,2016-02-01,32.12,25.29,10.95,4.66,95.62
borneo_rainforest,2016-02-02,30.77,23.18,3.92,7.69,100.0
borneo_rainforest,2016-02-03,32.75,23.84,13.1,7.01,94.2
borneo_rainforest,2016-02-04,35.42,23.67,13.87,3.12,91.11
borneo_rainforest,2016-02-05,32.64,23.48,14.17,6.54,85.39
borneo_rainforest,2016-02-06,35.02,22.57,10.06,5.94,79.5
borneo_rainforest,2016-02-07,32.32,24.02,5.18,4.14,87.41
borneo_rainforest,2016-02-08,33.25,23.94,4.43,7.57,68.02
borneo_rainforest,2016-02-09,32.1,23.05,7.69,6.43,76.8
borneo_rainforest,2016-02-10,32.29,26.03,0.46,6.97,74.96
borneo_rainforest,2016-02-11,30.54,24.38,15.72,5.46,66.79
borneo_rainforest,2016-02-12,30.52,25.19,9.14,7.42,87.18
borneo_rainforest,2016-02-13,32.27,22.67,18.04,5.42,87.12
borneo_rainforest,2016-02-14,33.0,23.51,16.93,8.46,71.31
borneo_rainforest,2016-02-15,32.91,21.37,11.41,7.1,73.04
borneo_rainforest,2016-02-16,33.19,22.35,20.13,5.38,86.59
borneo_rainforest,2016-02-17,29.17,24.88,11.13,7.59,73.54
borneo_rainforest,2016-02-18,31.72,24.52,14.93,6.56,72.71
borneo_rainforest,2016-02-19,32.77,21.38,15.66,7.46,84.23
borneo_rainforest,2016-02-20,27.85,22.58,9.4,4.53,90.64
borneo_rainforest,2016-02-21,31.85,22.94,7.36,3.25,91.27
borneo_rainforest,2016-02-22,31.42,22.97,7.94,6.45,73.9
borneo_rainforest,2016-02-23,32.35,22.58,21.24,5.09,80.27
borneo_rainforest,2016-02-24,30.34,22.51,10.18,7.28,72.75
borneo_rainforest,2016-02-25,33.06,23.83,12.76,7.52,74.41
borneo_rainforest,2016-02-26,31.99,23.15,1.5,4.8,95.45
borneo_rainforest,2016-02-27,31.43,21.08,12.66,8.71,78.59
borneo_rainforest,2016-02-28,31.24,24.21,13.99,6.6,70.04
borneo_rainforest,2016-02-29,31.0,23.0,9.4,5.52,67.15
borneo_rainforest,2016-03-01,31.57,24.28,3.94,7.73,78.04
borneo_rainforest,2016-03-02,30.74,23.55,7.64,7.42,80.49
borneo_rainforest,2016-03-03,31.57,24.81,7.32,5.83,68.19
borneo_rainforest,2016-03-04,31.25,21.53,1.87,4.13,71.36
borneo_rainforest,2016-03-05,30.95,22.94,8.44,4.27,83.44
borneo_rainforest,2016-03-06,30.22,23.96,9.64,6.02,65.92
borneo_rainforest,2016-03-07,31.86,23.27,3.16,7.3,63.1
borneo_rainforest,2016-03-08,32.79,22.4,11.25,2.9,84.74
borneo_rainforest,2016-03-09,33.22,22.59,10.29,6.07,64.19
borneo_rainforest,2016-03-10,31.68,21.51,15.55,5.69,65.4
borneo_rainforest,2016-03-11,32.38,24.68,2.18,7.52,82.98
borneo_rainforest,2016-03-12,30.38,22.39,10.27,2.24,95.31
borneo_rainforest,2016-03-13,31.25,23.51,10.33,6.37,43.76
borneo_rainforest,2016-03-14,31.36,23.55,7.69,4.73,87.76
borneo_rainforest,2016-03-15,32.03,24.22,12.63,6.29,78.56
borneo_rainforest,2016-03-16,29.14,25.25,2.98,10.11,68.1
borneo_rainforest,2016-03-17,30.0,22.22,18.69,8.45,57.82
borneo_rainforest,2016-03-18,31.39,24.69,5.17,6.21,66.64
borneo_rainforest,2016-03-19,32.22,24.32,13.01,3.31,72.95
borneo_rainforest,2016-03-20,32.3,21.14,9.73,4.86,85.44
borneo_rainforest,2016-03-21,33.83,22.21,2.65,7.64,62.17
borneo_rainforest,2016-03-22,30.05,24.45,14.3,5.24,70.51
borneo_rainforest,2016-03-23,32.35,22.66,6.51,4.0,72.88
borneo_rainforest,2016-03-24,29.39,22.73,9.4,5.8,83.95
borneo_rainforest,2016-03-25,32.07,24.68,1.65,5.39,51.2
borneo_rainforest,2016-03-26,31.85,23.26,6.78,7.72,74.42
borneo_rainforest,2016-03-27,32.04,24.78,8.54,4.24,75.43
borneo_rainforest,2016-03-28,32.03,24.1,2.25,4.45,90.69
borneo_rainforest,2016-03-29,29.17,24.26,6.64,6.51,73.61
borneo_rainforest,2016-03-30,32.56,23.55,3.96,6.21,59.63
borneo_rainforest,2016-03-31,27.7,23.95,5.02,5.89,62.88
borneo_rainforest,2016-04-01,30.12,22.78,10.74,5.94,58.71
borneo_rainforest,2016-04-02,31.36,24.41,5.7,9.0,56.56
borneo_rainforest,2016-04-03,30.89,21.92,8.86,4.39,59.98
borneo_rainforest,2016-04-04,28.87,22.46,7.09,5.11,28.02
borneo_rainforest,2016-04-05,31.46,21.89,7.19,7.81,79.9
borneo_rainforest,2016-04-06,34.1,23.67,6.55,4.71,64.5
borneo_rainforest,2016-04-07,31.05,22.12,12.68,7.27,79.66
borneo_rainforest,2016-04-08,30.71,22.16,11.87,6.11,78.59
borneo_rainforest,2016-04-09,29.01,21.05,12.27,3.04,68.04
borneo_rainforest,2016-04-10,28.73,22.86,8.25,4.46,61.48
borneo_rainforest,2016-04-11,29.03,23.79,0.72,5.61,82.39
borneo_rainforest,2016-04-12,31.76,20.3,7.27,2.91,53.61
borneo_rainforest,2016-04-13,31.34,23.08,11.39,5.59,65.13
borneo_rainforest,2016-04-14,32.01,21.57,6.95,4.13,65.76
borneo_rainforest,2016-04-15,30.62,22.2,9.1,3.99,67.01
borneo_rainforest,2016-04-16,29.91,23.08,8.93,12.98,58.21
borneo_rainforest,2016-04-17,29.14,23.66,4.25,7.5,63.17
borneo_rainforest,2016-04-18,28.12,22.96,7.52,6.97,75.8
borneo_rainforest,2016-04-19,30.11,22.73,2.7,3.02,81.99
borneo_rainforest,2016-04-20,29.57,22.17,12.85,3.25,66.72
borneo_rainforest,2016-04-21,33.24,23.6,4.56,6.34,67.77
borneo_rainforest,2016-04-22,32.27,24.09,3.71,1.52,78.21
borneo_rainforest,2016-04-23,28.99,23.76,15.64,3.88,74.05
borneo_rainforest,2016-04-24,30.22,22.85,0.0,3.91,85.39
borneo_rainforest,2016-04-25,26.5,21.69,0.0,4.58,75.31
borneo_rainforest,2016-04-26,30.7,22.83,0.28,6.97,74.45
borneo_rainforest,2016-04-27,30.89,23.69,7.24,7.54,72.19
borneo_rainforest,2016-04-28,30.95,22.4,3.23,6.22,71.23
borneo_rainforest,2016-04-29,31.41,21.89,5.8,3.34,79.9
borneo_rainforest,2016-04-30,30.39,23.79,4.95,3.54,72.44
borneo_rainforest,2016-05-01,30.13,21.72,7.26,7.03,79.71
borneo_rainforest,2016-05-02,30.39,25.42,2.37,6.34,91.26
borneo_rainforest,2016-05-03,28.81,21.96,6.68,6.89,63.32
borneo_rainforest,2016-05-04,30.04,22.46,3.96,3.55,64.46
borneo_rainforest,2016-05-05,31.32,22.38,7.36,4.49,67.91
borneo_rainforest,2016-05-06,29.58,20.03,8.62,7.03,73.28
borneo_rainforest,2016-05-07,32.36,23.01,3.21,6.47,85.68
borneo_rainforest,2016-05-08,30.0,22.44,7.12,6.47,86.06
borneo_rainforest,2016-05-09,29.55,21.21,8.92,5.9,66.06
borneo_rainforest,2016-05-10,29.04,22.18,2.92,3.99,65.77
borneo_rainforest,2016-05-11,29.79,22.68,10.11,6.06,81.34
borneo_rainforest,2016-05-12,29.08,21.55,8.96,5.38,44.38
borneo_rainforest,2016-05-13,30.53,23.13,6.96,4.19,62.56
borneo_rainforest,2016-05-14,31.03,22.5,6.4,4.09,62.85
borneo_rainforest,2016-05-15,33.7,24.01,9.92,5.33,44.91
borneo_rainforest,2016-05-16,29.03,22.93,2.64,4.97,85.66
borneo_rainforest,2016-05-17,30.03,22.08,5.38,4.48,60.76
borneo_rainforest,2016-05-18,30.82,19.86,6.48,5.03,82.11
borneo_rainforest,2016-05-19,30.83,22.05,0.51,4.19,66.78
borneo_rainforest,2016-05-20,30.9,22.0,7.43,5.65,68.66
borneo_rainforest,2016-05-21,31.85,24.97,3.02,5.55,59.45
borneo_rainforest,2016-05-22,29.38,21.06,0.0,5.64,55.69
borneo_rainforest,2016-05-23,30.14,23.55,0.0,2.28,65.08
borneo_rainforest,2016-05-24,31.06,22.69,0.0,3.55,68.53
borneo_rainforest,2016-05-25,27.64,21.19,0.68,3.61,77.34
borneo_rainforest,2016-05-26,29.17,22.51,0.0,2.67,60.9
borneo_rainforest,2016-05-27,30.18,22.47,2.65,7.16,74.11
borneo_rainforest,2016-05-28,31.36,22.48,0.49,5.29,57.9
borneo_rainforest,2016-05-29,29.84,23.48,0.0,3.92,52.97
borneo_rainforest,2016-05-30,30.64,22.92,10.31,3.96,69.73
borneo_rainforest,2016-05-31,26.96,23.4,0.6,2.57,88.07
borneo_rainforest,2016-06-01,28.73,24.89,14.13,2.15,75.62
borneo_rainforest,2016-06-02,27.56,23.68,0.0,5.58,56.79
borneo_rainforest,2016-06-03,30.39,20.15,10.52,8.67,66.76
borneo_rainforest,2016-06-04,29.31,21.2,4.7,6.14,72.8
borneo_rainforest,2016-06-05,31.11,23.05,8.57,5.0,58.54
borneo_rainforest,2016-06-06,30.26,22.99,0.0,3.72,69.76
borneo_rainforest,2016-06-07,29.52,22.13,3.34,4.61,46.08
borneo_rainforest,2016-06-08,30.51,21.52,11.89,1.76,36.13
borneo_rainforest,2016-06-09,30.72,23.54,12.13,4.69,57.76
borneo_rainforest,2016-06-10,29.38,23.72,7.81,4.45,69.72
borneo_rainforest,2016-06-11,30.65,22.22,1.19,2.64,84.38
borneo_rainforest,2016-06-12,28.38,23.57,0.94,2.3,44.02
borneo_rainforest,2016-06-13,30.41,26.47,5.61,5.59,73.58
borneo_rainforest,2016-06-14,30.87,21.33,0.0,2.65,62.1
borneo_rainforest,2016-06-15,29.8,21.83,0.0,7.91,66.54
borneo_rainforest,2016-06-16,29.34,20.06,4.75,2.53,61.25
borneo_rainforest,2016-06-17,27.94,19.75,1.39,6.14,51.46
borneo_rainforest,2016-06-18,30.89,22.6,8.38,2.07,55.26
borneo_rainforest,2016-06-19,28.65,24.24,7.5,5.54,60.18
borneo_rainforest,2016-06-20,27.57,22.5,0.0,3.91,61.1
borneo_rainforest,2016-06-21,29.98,23.85,0.24,4.44,78.87
borneo_rainforest,2016-06-22,28.23,26.23,1.55,5.32,64.18
borneo_rainforest,2016-06-23,27.93,22.36,0.0,3.58,76.84
borneo_rainforest,2016-06-24,30.99,21.05,0.0,6.18,83.35
borneo_rainforest,2016-06-25,30.42,23.96,0.0,5.68,46.98
borneo_rainforest,2016-06-26,30.65,23.15,1.35,3.46,60.27
borneo_rainforest,2016-06-27,32.48,24.26,5.52,2.94,59.34
borneo_rainforest,2016-06-28,30.37,22.14,0.0,4.76,61.96
borneo_rainforest,2016-06-29,30.45,22.59,5.05,5.5,62.45
borneo_rainforest,2016-06-30,29.16,19.95,6.81,3.66,62.46
borneo_rainforest,2016-07-01,32.44,21.4,10.39,4.99,85.17
borneo_rainforest,2016-07-02,28.81,22.75,8.31,6.04,73.38
borneo_rainforest,2016-07-03,32.78,22.17,0.0,5.55,72.98
borneo_rainforest,2016-07-04,28.23,21.86,1.38,4.19,89.61
borneo_rainforest,2016-07-05,29.34,21.08,0.29,6.91,40.69
borneo_rainforest,2016-07-06,31.31,21.41,7.83,3.89,71.49
borneo_rainforest,2016-07-07,31.76,20.89,7.13,1.71,56.47
borneo_rainforest,2016-07-08,28.09,22.84,0.0,2.02,62.11
borneo_rainforest,2016-07-09,30.48,21.79,1.1,4.32,66.22
borneo_rainforest,2016-07-10,31.25,22.24,3.75,4.17,54.38
borneo_rainforest,2016-07-11,31.08,21.46,3.14,4.4,53.78
borneo_rainforest,2016-07-12,31.1,22.44,0.0,4.07,69.93
borneo_rainforest,2016-07-13,28.73,23.81,4.41,4.21,76.06
borneo_rainforest,2016-07-14,32.79,22.46,4.95,3.33,53.52
borneo_rainforest,2016-07-15,28.31,20.86,11.34,5.89,48.31
borneo_rainforest,2016-07-16,31.06,21.47,13.25,4.65,47.03
borneo_rainforest,2016-07-17,31.83,23.99,0.0,6.46,72.5
borneo_rainforest,2016-07-18,32.31,21.84,7.97,5.38,64.43
borneo_rainforest,2016-07-19,32.12,22.92,11.4,4.12,73.37
borneo_rainforest,2016-07-20,32.11,21.8,0.0,4.57,93.7
borneo_rainforest,2016-07-21,32.41,19.54,1.36,5.33,49.76
borneo_rainforest,2016-07-22,30.02,21.32,0.0,3.3,80.37
borneo_rainforest,2016-07-23,29.46,21.14,6.9,5.4,77.27
borneo_rainforest,2016-07-24,32.01,25.37,4.63,5.9,74.66
borneo_rainforest,2016-07-25,31.71,21.61,11.24,1.39,67.95
borneo_rainforest,2016-07-26,31.37,24.49,5.44,3.57,58.28
borneo_rainforest,2016-07-27,30.23,23.87,4.34,6.11,61.86
borneo_rainforest,2016-07-28,27.31,22.61,11.48,5.66,47.14
borneo_rainforest,2016-07-29,32.18,22.12,10.44,4.75,59.49
borneo_rainforest,2016-07-30,31.0,22.83,9.47,5.22,64.76
borneo_rainforest,2016-07-31,31.66,20.46,5.43,5.03,60.91
borneo_rainforest,2016-08-01,29.77,23.11,2.82,7.12,79.63
borneo_rainforest,2016-08-02,30.38,23.39,13.45,3.17,74.33
borneo_rainforest,2016-08-03,29.52,25.2,3.22,6.7,80.31
borneo_rainforest,2016-08-04,29.93,23.31,9.06,5.7,73.42
borneo_rainforest,2016-08-05,30.73,21.49,0.0,7.16,45.38
borneo_rainforest,2016-08-06,34.22,22.08,5.69,6.23,67.73
borneo_rainforest,2016-08-07,27.62,23.03,6.0,5.91,64.89
borneo_rainforest,2016-08-08,31.19,21.57,0.59,5.15,45.92
borneo_rainforest,2016-08-09,33.26,21.22,6.99,5.12,66.07
borneo_rainforest,2016-08-10,32.11,20.64,7.76,7.78,63.59
borneo_rainforest,2016-08-11,32.93,23.64,7.49,3.13,89.37
borneo_rainforest,2016-08-12,28.04,22.25,1.48,4.09,87.33
borneo_rainforest,2016-08-13,29.03,21.84,7.34,6.75,61.4
borneo_rainforest,2016-08-14,31.28,21.95,11.53,6.27,47.2
borneo_rainforest,2016-08-15,34.0,24.91,0.0,8.41,73.5
borneo_rainforest,2016-08-16,30.01,22.84,9.16,4.51,78.38
borneo_rainforest,2016-08-17,28.79,22.89,6.92,5.54,65.25
borneo_rainforest,2016-08-18,30.83,25.79,2.86,7.32,76.65
borneo_rainforest,2016-08-19,31.6,22.45,2.17,6.15,57.65
borneo_rainforest,2016-08-20,31.21,24.03,19.07,7.36,86.98
borneo_rainforest,2016-08-21,32.14,23.5,6.85,4.51,58.21
borneo_rainforest,2016-08-22,31.9,22.41,10.58,6.35,56.75
borneo_rainforest,2016-08-23,29.86,22.74,7.05,3.21,60.28
borneo_rainforest,2016-08-24,32.14,23.11,7.69,7.62,70.29
borneo_rainforest,2016-08-25,29.05,21.15,11.43,5.99,53.95
borneo_rainforest,2016-08-26,30.0,23.04,13.06,6.47,72.31
borneo_rainforest,2016-08-27,32.74,24.26,12.13,4.88,69.5
borneo_rainforest,2016-08-28,28.38,22.11,0.0,6.15,82.38
borneo_rainforest,2016-08-29,30.07,23.05,10.75,7.58,72.57
borneo_rainforest,2016-08-30,30.45,23.59,1.8,4.07,72.32
borneo_rainforest,2016-08-31,29.9,22.92,2.27,8.15,55.83
borneo_rainforest,2016-09-01,31.26,21.45,13.8,6.33,91.42
borneo_rainforest,2016-09-02,29.01,21.46,7.61,4.64,51.73
borneo_rainforest,2016-09-03,29.94,24.45,0.05,4.82,70.6
borneo_rainforest,2016-09-04,29.5,23.8,8.59,6.54,80.84
borneo_rainforest,2016-09-05,33.11,23.6,11.47,4.95,77.1
borneo_rainforest,2016-09-06,30.32,23.8,13.2,7.16,76.66
borneo_rainforest,2016-09-07,33.0,22.17,2.55,6.18,83.03
borneo_rainforest,2016-09-08,27.45,24.75,2.68,8.15,88.4
borneo_rainforest,2016-09-09,31.11,20.74,20.95,6.6,79.35
borneo_rainforest,2016-09-10,32.61,23.57,0.0,7.42,78.53
borneo_rainforest,2016-09-11,31.6,21.92,14.61,6.11,75.95
borneo_rainforest,2016-09-12,31.81,23.6,5.76,3.82,60.19
borneo_rainforest,2016-09-13,29.35,21.3,3.69,5.77,88.29
borneo_rainforest,2016-09-14,30.74,24.56,6.35,3.67,60.15
borneo_rainforest,2016-09-15,32.15,22.34,7.21,5.94,81.38
borneo_rainforest,2016-09-16,31.85,22.66,5.69,6.6,63.7
borneo_rainforest,2016-09-17,32.94,23.79,6.67,4.93,75.87
borneo_rainforest,2016-09-18,31.54,25.71,8.26,4.74,70.32
borneo_rainforest,2016-09-19,32.41,22.12,6.87,7.89,64.35
borneo_rainforest,2016-09-20,33.26,21.62,14.53,3.46,73.14
borneo_rainforest,2016-09-21,32.59,22.48,7.77,8.25,68.44
borneo_rainforest,2016-09-22,30.77,25.03,8.18,7.07,83.12
borneo_rainforest,2016-09-23,31.6,22.4,1.33,3.59,79.79
borneo_rainforest,2016-09-24,32.48,21.93,20.72,2.2,87.54
borneo_rainforest,2016-09-25,32.53,20.16,7.08,4.48,55.49
borneo_rainforest,2016-09-26,30.87,22.61,11.79,5.02,62.33
borneo_rainforest,2016-09-27,31.0,22.56,4.1,5.97,67.46
borneo_rainforest,2016-09-28,29.62,23.77,2.42,5.57,85.23
borneo_rainforest,2016-09-29,32.3,23.19,1.31,7.16,67.76
borneo_rainforest,2016-09-30,32.11,22.28,5.89,4.88,74.28
borneo_rainforest,2016-10-01,32.12,21.68,11.74,6.11,57.47
borneo_rainforest,2016-10-02,31.19,23.34,11.9,5.7,77.48
borneo_rainforest,2016-10-03,33.24,22.73,13.44,6.19,84.32
borneo_rainforest,2016-10-04,33.48,23.71,11.34,6.97,100.0
borneo_rainforest,2016-10-05,31.44,22.68,9.05,6.4,81.79
borneo_rainforest,2016-10-06,30.11,23.32,11.74,7.43,95.03
borneo_rainforest,2016-10-07,28.38,23.35,11.38,7.33,70.52
borneo_rainforest,2016-10-08,29.65,22.36,0.0,4.19,64.93
borneo_rainforest,2016-10-09,32.56,23.19,9.38,7.06,86.39
borneo_rainforest,2016-10-10,30.04,24.39,14.98,5.4,82.0
borneo_rainforest,2016-10-11,32.31,23.42,12.94,7.08,92.3
borneo_rainforest,2016-10-12,29.95,23.5,1.49,7.08,78.16
borneo_rainforest,2016-10-13,29.51,24.95,9.25,5.23,89.06
borneo_rainforest,2016-10-14,32.24,21.36,16.71,6.67,86.23
borneo_rainforest,2016-10-15,31.31,24.67,10.37,6.38,79.77
borneo_rainforest,2016-10-16,30.56,25.54,8.79,7.51,78.58
borneo_rainforest,2016-10-17,32.46,24.18,11.19,7.17,83.65
borneo_rainforest,2016-10-18,34.08,22.0,8.24,7.55,59.35
borneo_rainforest,2016-10-19,30.66,25.59,10.13,7.09,91.3
borneo_rainforest,2016-10-20,31.51,22.84,9.45,3.74,94.86
borneo_rainforest,2016-10-21,30.82,24.22,7.31,7.64,73.37
borneo_rainforest,2016-10-22,32.36,22.45,5.86,6.96,87.94
borneo_rainforest,2016-10-23,31.87,23.67,7.95,10.16,59.1
borneo_rainforest,2016-10-24,31.0,24.47,14.79,7.64,72.77
borneo_rainforest,2016-10-25,34.53,22.73,7.3,8.01,66.41
borneo_rainforest,2016-10-26,29.4,23.02,22.83,8.02,59.76
borneo_rainforest,2016-10-27,31.8,23.27,12.89,6.88,72.19
borneo_rainforest,2016-10-28,32.68,23.66,13.19,5.54,91.13
borneo_rainforest,2016-10-29,31.13,22.28,8.48,7.04,86.6
borneo_rainforest,2016-10-30,32.41,22.79,20.19,7.34,84.95
borneo_rainforest,2016-10-31,32.26,20.69,8.95,6.14,80.39
borneo_rainforest,2016-11-01,33.47,23.21,13.9,3.39,69.76
borneo_rainforest,2016-11-02,33.49,23.86,7.82,5.34,86.31
borneo_rainforest,2016-11-03,31.57,22.21,10.51,6.42,100.0
borneo_rainforest,2016-11-04,33.27,23.89,8.8,10.08,72.06
borneo_rainforest,2016-11-05,34.17,25.82,11.62,6.06,100.0
borneo_rainforest,2016-11-06,32.28,22.34,6.09,10.63,75.39
borneo_rainforest,2016-11-07,31.26,21.24,11.31,6.87,79.84
borneo_rainforest,2016-11-08,31.09,22.87,19.36,6.41,77.59
borneo_rainforest,2016-11-09,32.99,23.91,13.66,6.29,79.75
borneo_rainforest,2016-11-10,30.7,22.73,10.83,7.9,86.89
borneo_rainforest,2016-11-11,31.17,23.63,13.89,5.86,64.41
borneo_rainforest,2016-11-12,32.3,21.78,14.42,6.76,75.42
borneo_rainforest,2016-11-13,30.72,24.07,11.5,5.16,93.83
borneo_rainforest,2016-11-14,31.86,22.63,10.94,4.95,70.6
borneo_rainforest,2016-11-15,33.28,23.5,15.5,7.86,95.73
borneo_rainforest,2016-11-16,30.3,22.73,14.34,4.16,71.47
borneo_rainforest,2016-11-17,32.47,22.25,19.83,5.95,77.3
borneo_rainforest,2016-11-18,32.92,24.41,6.28,7.53,78.68
borneo_rainforest,2016-11-19,33.85,23.89,9.26,6.08,87.59
borneo_rainforest,2016-11-20,32.07,21.4,6.35,6.18,94.05
borneo_rainforest,2016-11-21,31.82,21.83,13.36,8.9,86.63
borneo_rainforest,2016-11-22,31.52,22.58,4.35,8.25,86.71
borneo_rainforest,2016-11-23,30.7,25.68,10.08,8.82,70.21
borneo_rainforest,2016-11-24,33.81,24.67,19.44,5.64,86.96
borneo_rainforest,2016-11-25,32.32,24.06,17.85,7.98,100.0
borneo_rainforest,2016-11-26,32.05,24.1,7.53,6.87,87.67
borneo_rainforest,2016-11-27,32.07,23.27,17.67,4.31,96.93
borneo_rainforest,2016-11-28,31.55,25.0,12.56,5.8,85.43
borneo_rainforest,2016-11-29,31.2,24.42,15.16,10.34,87.82
borneo_rainforest,2016-11-30,31.74,22.87,16.34,5.98,68.78
borneo_rainforest,2016-12-01,30.82,23.71,10.98,8.57,82.86
borneo_rainforest,2016-12-02,31.71,22.06,7.29,7.54,68.16
borneo_rainforest,2016-12-03,31.36,23.16,6.4,5.05,66.13
borneo_rainforest,2016-12-04,31.77,21.6,20.31,9.56,78.95
borneo_rainforest,2016-12-05,29.78,22.59,11.33,7.66,84.4
borneo_rainforest,2016-12-06,33.86,21.38,14.66,6.57,97.99
borneo_rainforest,2016-12-07,32.13,23.48,9.95,9.07,86.38
borneo_rainforest,2016-12-08,31.43,24.16,10.79,4.72,80.98
borneo_rainforest,2016-12-09,31.4,22.1,8.81,6.43,100.0
borneo_rainforest,2016-12-10,34.22,23.1,7.26,8.45,90.93
borneo_rainforest,2016-12-11,31.25,23.54,11.12,7.95,63.11
borneo_rainforest,2016-12-12,33.77,24.9,5.1,8.22,80.02
borneo_rainforest,2016-12-13,31.13,22.07,11.5,7.93,82.55
borneo_rainforest,2016-12-14,32.93,25.36,10.16,7.13,73.21
borneo_rainforest,2016-12-15,32.95,25.95,7.85,5.53,79.84
borneo_rainforest,2016-12-16,34.02,23.66,2.86,5.85,76.09
borneo_rainforest,2016-12-17,32.4,25.06,7.74,7.99,76.01
borneo_rainforest,2016-12-18,31.57,23.45,18.43,5.62,93.84
borneo_rainforest,2016-12-19,33.8,24.31,19.34,4.62,73.27
borneo_rainforest,2016-12-20,33.14,24.58,6.48,8.75,88.43
borneo_rainforest,2016-12-21,29.45,26.38,16.59,12.04,97.58
borneo_rainforest,2016-12-22,34.3,25.05,14.52,6.48,85.24
borneo_rainforest,2016-12-23,30.8,23.18,16.51,5.42,75.38
borneo_rainforest,2016-12-24,33.0,26.08,11.34,9.54,65.74
borneo_rainforest,2016-12-25,32.08,24.61,7.39,6.32,100.0
borneo_rainforest,2016-12-26,27.54,23.62,11.93,6.87,93.35
borneo_rainforest,2016-12-27,34.39,23.81,9.46,3.67,79.67
borneo_rainforest,2016-12-28,33.48,24.23,26.74,4.48,82.56
borneo_rainforest,2016-12-29,31.45,23.23,8.51,7.35,62.66
borneo_rainforest,2016-12-30,35.5,24.05,18.56,6.13,65.42
borneo_rainforest,2016-12-31,31.73,23.24,15.54,5.38,77.49
borneo_rainforest,2017-01-01,31.72,24.54,14.76,7.62,79.31
borneo_rainforest,2017-01-02,31.4,22.89,19.94,6.54,95.52
borneo_rainforest,2017-01-03,32.93,24.45,13.28,6.62,73.49
borneo_rainforest,2017-01-04,32.77,26.39,7.39,8.34,81.59
borneo_rainforest,2017-01-05,31.82,25.5,11.76,6.68,69.38
borneo_rainforest,2017-01-06,31.4,23.42,13.24,5.47,83.63
borneo_rainforest,2017-01-07,33.28,23.86,15.69,8.24,88.16
borneo_rainforest,2017-01-08,31.03,20.76,15.16,7.02,89.57
borneo_rainforest,2017-01-09,32.79,23.98,5.94,5.95,98.48
borneo_rainforest,2017-01-10,32.3,23.84,13.06,8.07,60.9
borneo_rainforest,2017-01-11,28.72,24.4,9.92,5.04,71.8
borneo_rainforest,2017-01-12,32.06,24.4,20.62,6.4,82.54
borneo_rainforest,2017-01-13,30.59,22.28,16.68,6.37,89.28
borneo_rainforest,2017-01-14,32.22,24.36,14.97,9.49,95.41
borneo_rainforest,2017-01-15,32.43,23.52,5.44,9.03,93.99
borneo_rainforest,2017-01-16,33.78,22.17,13.9,6.31,67.69
borneo_rainforest,2017-01-17,32.39,23.81,11.33,8.84,84.64
borneo_rainforest,2017-01-18,32.44,24.31,16.98,6.71,61.34
borneo_rainforest,2017-01-19,30.92,24.65,6.96,7.86,79.9
borneo_rainforest,2017-01-20,31.27,24.06,10.32,6.03,92.57
borneo_rainforest,2017-01-21,33.54,23.98,3.35,8.87,86.1
borneo_rainforest,2017-01-22,30.86,24.97,10.74,9.38,89.07
borneo_rainforest,2017-01-23,31.06,21.21,14.34,6.38,98.17
borneo_rainforest,2017-01-24,31.59,22.68,14.91,7.87,100.0
borneo_rainforest,2017-01-25,34.24,20.86,11.85,9.86,66.85
borneo_rainforest,2017-01-26,30.8,23.28,16.8,8.9,95.23
borneo_rainforest,2017-01-27,34.86,22.76,11.97,6.56,94.1
borneo_rainforest,2017-01-28,34.06,21.93,4.89,5.03,76.45
borneo_rainforest,2017-01-29,33.67,23.04,9.92,8.9,85.56
borneo_rainforest,2017-01-30,31.05,25.55,10.36,5.48,85.92
borneo_rainforest,2017-01-31,31.47,24.71,8.19,6.0,71.87
borneo_rainforest,2017-02-01,31.17,24.82,0.0,6.66,78.65
borneo_rainforest,2017-02-02,33.07,24.51,9.14,5.35,83.85
borneo_rainforest,2017-02-03,31.84,22.32,2.49,9.51,78.03
borneo_rainforest,2017-02-04,31.84,21.51,14.66,6.47,87.39
borneo_rainforest,2017-02-05,31.05,21.87,13.21,5.52,88.5
borneo_rainforest,2017-02-06,32.68,23.34,10.47,8.71,85.05
borneo_rainforest,2017-02-07,31.79,23.64,5.24,6.38,74.27
borneo_rainforest,2017-02-08,29.83,23.33,6.54,5.54,78.84
borneo_rainforest,2017-02-09,31.67,23.55,11.43,5.86,71.62
borneo_rainforest,2017-02-10,30.43,24.22,7.02,6.89,89.17
borneo_rainforest,2017-02-11,29.46,24.28,3.19,8.04,87.1
borneo_rainforest,2017-02-12,28.53,23.68,0.0,9.78,82.43
borneo_rainforest,2017-02-13,29.51,23.02,8.71,8.41,59.06
borneo_rainforest,2017-02-14,33.73,24.38,3.25,6.92,69.02
borneo_rainforest,2017-02-15,29.83,23.01,12.83,8.33,78.06
borneo_rainforest,2017-02-16,32.41,22.28,5.26,7.98,77.69
borneo_rainforest,2017-02-17,34.57,22.28,15.35,6.66,55.54
borneo_rainforest,2017-02-18,29.89,24.05,22.22,5.36,74.6
borneo_rainforest,2017-02-19,31.2,24.36,4.63,5.99,66.54
borneo_rainforest,2017-02-20,34.22,23.83,0.96,6.79,93.61
borneo_rainforest,2017-02-21,33.23,21.06,2.71,7.04,81.89
borneo_rainforest,2017-02-22,33.6,24.67,10.4,7.18,71.74
borneo_rainforest,2017-02-23,30.74,21.8,1.11,2.7,82.64
borneo_rainforest,2017-02-24,32.77,21.51,8.78,6.64,82.59
borneo_rainforest,2017-02-25,30.48,25.13,2.61,8.12,82.36
borneo_rainforest,2017-02-26,30.52,23.4,8.07,7.85,88.44
borneo_rainforest,2017-02-27,34.53,24.13,7.66,4.29,85.09
borneo_rainforest,2017-02-28,32.5,24.84,11.53,7.07,90.6
borneo_rainforest,2017-03-01,33.52,22.07,9.78,6.94,65.54
borneo_rainforest,2017-03-02,29.18,24.32,5.65,6.14,74.33
borneo_rainforest,2017-03-03,30.34,24.67,1.2,6.37,83.64
borneo_rainforest,2017-03-04,29.03,24.46,16.11,7.44,68.67
borneo_rainforest,2017-03-05,31.08,23.05,6.14,3.66,88.82
borneo_rainforest,2017-03-06,34.02,23.28,0.77,6.93,78.63
borneo_rainforest,2017-03-07,30.83,23.34,18.33,6.25,79.17
borneo_rainforest,2017-03-08,31.45,25.52,15.69,7.17,80.54
borneo_rainforest,2017-03-09,31.96,23.14,16.98,5.68,48.39
borneo_rainforest,2017-03-10,31.26,23.52,10.38,5.63,52.29
borneo_rainforest,2017-03-11,31.1,21.12,12.15,5.78,79.06
borneo_rainforest,2017-03-12,30.35,23.58,11.57,4.62,69.38
borneo_rainforest,2017-03-13,30.81,24.0,13.05,5.48,61.77
borneo_rainforest,2017-03-14,31.3,21.3,2.72,6.17,76.49
borneo_rainforest,2017-03-15,31.68,24.8,15.16,6.39,60.59
borneo_rainforest,2017-03-16,33.13,25.42,11.27,3.64,96.89
borneo_rainforest,2017-03-17,30.06,24.06,7.36,3.77,78.68
borneo_rainforest,2017-03-18,32.26,23.47,0.0,6.61,52.53
borneo_rainforest,2017-03-19,30.65,23.36,7.61,5.27,79.57
borneo_rainforest,2017-03-20,31.16,22.29,12.94,6.8,64.15
borneo_rainforest,2017-03-21,29.65,23.29,15.3,4.73,74.6
borneo_rainforest,2017-03-22,30.95,24.35,4.23,8.83,82.96
borneo_rainforest,2017-03-23,30.88,23.14,1.4,7.02,90.87
borneo_rainforest,2017-03-24,31.63,22.28,4.04,7.78,45.14
borneo_rainforest,2017-03-25,29.13,23.53,9.76,5.6,73.51
borneo_rainforest,2017-03-26,29.41,23.62,8.81,5.55,91.8
borneo_rainforest,2017-03-27,32.53,21.07,9.21,7.34,65.94
borneo_rainforest,2017-03-28,29.43,24.05,8.63,4.42,63.8
borneo_rainforest,2017-03-29,30.7,21.85,6.71,6.24,82.24
borneo_rainforest,2017-03-30,29.72,21.83,8.13,6.8,50.93
borneo_rainforest,2017-03-31,30.82,23.88,7.58,3.55,68.5
borneo_rainforest,2017-04-01,30.74,22.27,9.59,5.4,54.84
borneo_rainforest,2017-04-02,31.34,20.93,4.81,5.82,74.86
borneo_rainforest,2017-04-03,29.28,21.02,2.38,7.04,64.59
borneo_rainforest,2017-04-04,29.31,22.81,1.19,3.97,77.96
borneo_rainforest,2017-04-05,33.0,20.66,1.07,5.06,64.19
borneo_rainforest,2017-04-06,33.01,23.13,9.49,6.11,82.3
borneo_rainforest,2017-04-07,29.02,23.53,9.56,7.36,74.44
borneo_rainforest,2017-04-08,31.21,22.79,8.21,7.17,90.12
borneo_rainforest,2017-04-09,28.56,22.16,12.84,7.06,86.05
borneo_rainforest,2017-04-10,29.91,22.26,13.27,6.81,77.21
borneo_rainforest,2017-04-11,32.26,21.81,15.61,4.96,90.48
borneo_rainforest,2017-04-12,29.79,24.14,14.68,3.68,49.46
borneo_rainforest,2017-04-13,32.39,23.36,4.27,4.35,79.59
borneo_rainforest,2017-04-14,27.89,23.09,4.96,6.47,82.43
borneo_rainforest,2017-04-15,31.95,21.9,1.19,3.08,87.23
borneo_rainforest,2017-04-16,30.77,23.34,0.0,8.28,72.86
borneo_rainforest,2017-04-17,31.11,22.46,0.29,2.76,69.76
borneo_rainforest,2017-04-18,29.08,24.01,11.06,3.8,65.3
borneo_rainforest,2017-04-19,28.28,23.32,6.09,5.48,81.11
borneo_rainforest,2017-04-20,29.79,22.27,5.61,4.7,74.64
borneo_rainforest,2017-04-21,34.76,21.56,2.41,4.39,54.59
borneo_rainforest,2017-04-22,29.62,23.36,9.8,4.37,66.95
borneo_rainforest,2017-04-23,29.17,22.14,0.0,5.84,76.99
borneo_rainforest,2017-04-24,29.81,23.7,2.19,7.2,73.78
borneo_rainforest,2017-04-25,30.45,21.69,6.59,3.87,82.41
borneo_rainforest,2017-04-26,29.84,22.46,7.65,5.0,72.59
borneo_rainforest,2017-04-27,30.45,23.01,2.55,4.31,73.81
borneo_rainforest,2017-04-28,30.49,23.02,3.58,2.76,63.56
borneo_rainforest,2017-04-29,31.3,22.91,0.38,3.36,81.94
borneo_rainforest,2017-04-30,30.18,21.21,7.85,3.9,69.76
borneo_rainforest,2017-05-01,30.59,20.67,6.53,6.1,73.73
borneo_rainforest,2017-05-02,27.92,23.26,3.7,3.09,82.49
borneo_rainforest,2017-05-03,29.68,22.94,4.24,6.85,56.99
borneo_rainforest,2017-05-04,29.45,23.04,6.85,6.54,83.89
borneo_rainforest,2017-05-05,29.27,23.7,0.88,4.3,63.85
borneo_rainforest,2017-05-06,30.77,22.97,6.78,6.88,52.81
borneo_rainforest,2017-05-07,29.38,21.97,10.33,3.74,88.43
borneo_rainforest,2017-05-08,28.71,22.25,4.47,5.36,56.4
borneo_rainforest,2017-05-09,32.25,20.76,8.02,5.49,83.94
borneo_rainforest,2017-05-10,29.79,22.34,3.91,8.68,75.98
borneo_rainforest,2017-05-11,31.29,23.74,11.89,5.62,48.4
borneo_rainforest,2017-05-12,29.44,21.49,4.79,4.92,68.8
borneo_rainforest,2017-05-13,28.92,23.22,11.44,5.44,60.19
borneo_rainforest,2017-05-14,28.08,21.02,3.02,5.24,72.59
borneo_rainforest,2017-05-15,32.62,23.64,1.84,6.78,68.2
borneo_rainforest,2017-05-16,31.18,22.04,9.71,3.9,75.18
borneo_rainforest,2017-05-17,29.04,21.2,10.25,7.59,86.48
borneo_rainforest,2017-05-18,33.28,21.88,8.58,2.8,60.53
borneo_rainforest,2017-05-19,27.55,19.82,11.15,6.81,69.39
borneo_rainforest,2017-05-20,30.35,22.29,0.0,7.5,42.19
borneo_rainforest,2017-05-21,28.13,23.42,1.75,2.28,56.38
borneo_rainforest,2017-05-22,28.34,22.94,2.04,6.77,66.64
borneo_rainforest,2017-05-23,25.78,22.07,0.0,4.81,54.76
borneo_rainforest,2017-05-24,29.93,21.9,4.7,4.71,85.84
borneo_rainforest,2017-05-25,30.69,22.21,3.25,5.39,85.71
borneo_rainforest,2017-05-26,31.39,21.01,3.09,4.85,64.83
borneo_rainforest,2017-05-27,30.8,23.05,2.1,2.84,76.28
borneo_rainforest,2017-05-28,30.2,21.75,5.13,5.71,79.58
borneo_rainforest,2017-05-29,31.81,20.93,0.88,5.08,73.32
borneo_rainforest,2017-05-30,31.7,23.69,4.35,6.32,76.4
borneo_rainforest,2017-05-31,28.94,21.93,8.91,5.72,67.91
borneo_rainforest,2017-06-01,31.15,22.79,7.32,5.13,59.49
borneo_rainforest,2017-06-02,31.15,21.32,5.83,5.44,71.85
borneo_rainforest,2017-06-03,28.49,23.02,13.59,4.29,67.29
borneo_rainforest,2017-06-04,30.27,20.91,0.0,8.84,64.6
borneo_rainforest,2017-06-05,27.96,21.66,5.15,3.22,75.05
borneo_rainforest,2017-06-06,29.53,22.89,0.0,4.83,73.45
borneo_rainforest,2017-06-07,30.9,20.9,5.45,6.24,56.97
borneo_rainforest,2017-06-08,31.23,20.56,8.03,5.75,52.78
borneo_rainforest,2017-06-09,28.79,20.87,4.83,2.99,53.74
borneo_rainforest,2017-06-10,30.27,22.8,0.0,3.17,81.21
borneo_rainforest,2017-06-11,31.56,22.33,11.71,3.69,67.18
borneo_rainforest,2017-06-12,29.71,21.94,0.0,2.84,57.27
borneo_rainforest,2017-06-13,29.56,22.06,0.25,4.09,75.57
borneo_rainforest,2017-06-14,31.98,22.71,9.92,6.71,73.89
borneo_rainforest,2017-06-15,31.02,21.46,5.23,5.37,63.31
borneo_rainforest,2017-06-16,30.41,23.95,0.0,8.14,60.5
borneo_rainforest,2017-06-17,27.45,20.54,4.4,3.68,69.81
borneo_rainforest,2017-06-18,30.39,23.66,5.58,2.99,53.31
borneo_rainforest,2017-06-19,29.55,21.36,8.86,4.5,60.93
borneo_rainforest,2017-06-20,28.7,23.22,9.51,3.21,63.93
borneo_rainforest,2017-06-21,30.06,21.06,7.29,5.27,33.3
borneo_rainforest,2017-06-22,31.86,21.73,4.6,6.77,71.05
borneo_rainforest,2017-06-23,33.2,21.52,1.37,4.9,66.93
borneo_rainforest,2017-06-24,31.13,22.61,7.27,3.55,57.22
borneo_rainforest,2017-06-25,28.5,23.03,3.99,4.16,57.96
borneo_rainforest,2017-06-26,29.48,22.52,9.68,3.86,75.14
borneo_rainforest,2017-06-27,29.39,24.33,8.47,7.01,69.81
borneo_rainforest,2017-06-28,28.74,22.76,0.0,5.38,56.79
borneo_rainforest,2017-06-29,31.12,21.25,17.4,6.98,72.06
borneo_rainforest,2017-06-30,29.45,23.53,4.43,2.87,89.21
borneo_rainforest,2017-07-01,28.06,22.95,7.22,8.89,65.34
borneo_rainforest,2017-07-02,30.3,20.25,0.0,6.76,60.42
borneo_rainforest,2017-07-03,32.63,22.5,4.33,6.68,81.37
borneo_rainforest,2017-07-04,30.75,21.88,0.84,5.04,66.98
borneo_rainforest,2017-07-05,29.2,22.18,9.72,6.55,61.92
borneo_rainforest,2017-07-06,32.63,22.12,2.01,3.01,91.23
borneo_rainforest,2017-07-07,29.97,21.67,4.11,5.58,75.45
borneo_rainforest,2017-07-08,30.36,19.02,0.0,5.28,62.31
borneo_rainforest,2017-07-09,30.43,22.0,2.55,3.96,72.7
borneo_rainforest,2017-07-10,32.72,21.7,17.26,4.82,69.28
borneo_rainforest,2017-07-11,29.97,21.68,7.5,4.28,71.72
borneo_rainforest,2017-07-12,29.3,23.58,2.62,2.53,67.95
borneo_rainforest,2017-07-13,31.78,22.07,9.0,3.07,86.05
borneo_rainforest,2017-07-14,32.61,19.46,1.53,2.28,60.19
borneo_rainforest,2017-07-15,30.03,19.78,5.26,5.72,48.58
borneo_rainforest,2017-07-16,29.56,20.56,8.67,7.29,64.85
borneo_rainforest,2017-07-17,30.82,24.76,8.75,7.36,46.24
borneo_rainforest,2017-07-18,26.69,20.9,19.49,4.3,77.75
borneo_rainforest,2017-07-19,29.55,23.26,0.0,4.57,72.56
borneo_rainforest,2017-07-20,28.27,21.36,5.02,3.52,39.89
borneo_rainforest,2017-07-21,27.86,23.44,8.79,5.21,52.56
borneo_rainforest,2017-07-22,28.06,24.71,8.97,6.98,79.63
borneo_rainforest,2017-07-23,30.13,22.13,10.02,6.92,64.59
borneo_rainforest,2017-07-24,29.01,23.68,0.68,4.89,70.65
borneo_rainforest,2017-07-25,28.26,24.82,1.96,6.74,62.74
borneo_rainforest,2017-07-26,30.22,21.8,10.17,3.85,66.16
borneo_rainforest,2017-07-27,29.94,21.82,11.85,4.12,78.76
borneo_rainforest,2017-07-28,30.89,22.64,0.0,6.08,77.73
borneo_rainforest,2017-07-29,30.93,21.2,0.0,4.32,63.12
borneo_rainforest,2017-07-30,29.78,22.89,8.02,1.62,55.47
borneo_rainforest,2017-07-31,31.28,23.09,6.98,6.89,55.93
borneo_rainforest,2017-08-01,29.34,20.55,3.45,5.39,66.75
borneo_rainforest,2017-08-02,29.73,21.9,11.35,6.65,70.62
borneo_rainforest,2017-08-03,30.49,21.02,8.9,2.82,81.99
borneo_rainforest,2017-08-04,31.42,19.33,13.27,6.17,71.34
borneo_rainforest,2017-08-05,29.83,22.26,4.33,6.46,71.27
borneo_rainforest,2017-08-06,28.17,21.31,10.49,6.81,70.28
borneo_rainforest,2017-08-07,32.01,23.05,4.27,4.0,63.73
borneo_rainforest,2017-08-08,29.21,24.81,16.8,3.32,58.66
borneo_rainforest,2017-08-09,31.32,22.46,12.47,5.42,68.77
borneo_rainforest,2017-08-10,29.02,24.31,0.0,4.78,74.1
borneo_rainforest,2017-08-11,27.28,22.85,3.09,8.11,69.24
borneo_rainforest,2017-08-12,29.82,23.01,5.15,3.4,57.91
borneo_rainforest,2017-08-13,31.67,23.88,2.83,5.64,58.78
borneo_rainforest,2017-08-14,28.61,22.54,5.33,6.66,56.31
borneo_rainforest,2017-08-15,30.09,21.91,4.85,6.65,91.74
borneo_rainforest,2017-08-16,31.55,21.18,0.0,3.23,73.25
borneo_rainforest,2017-08-17,31.16,21.7,5.61,3.9,71.21
borneo_rainforest,2017-08-18,35.74,22.09,7.24,6.21,71.32
borneo_rainforest,2017-08-19,31.55,22.61,0.0,4.44,83.86
borneo_rainforest,2017-08-20,30.92,22.02,6.02,7.14,98.39
borneo_rainforest,2017-08-21,30.06,22.48,9.23,8.46,64.7
borneo_rainforest,2017-08-22,29.71,22.35,4.79,4.75,82.91
borneo_rainforest,2017-08-23,30.71,23.06,9.72,4.28,69.32
borneo_rainforest,2017-08-24,31.53,23.1,9.32,7.42,73.78
borneo_rainforest,2017-08-25,28.26,24.97,0.0,7.17,69.45
borneo_rainforest,2017-08-26,30.03,22.56,2.97,4.77,74.28
borneo_rainforest,2017-08-27,28.9,24.0,10.98,4.34,82.04
borneo_rainforest,2017-08-28,29.12,22.01,4.95,3.87,54.27
borneo_rainforest,2017-08-29,32.58,24.71,13.98,9.61,80.97
borneo_rainforest,2017-08-30,31.15,23.59,0.0,7.8,82.04
borneo_rainforest,2017-08-31,32.47,22.41,0.92,5.87,45.65
borneo_rainforest,2017-09-01,32.27,21.61,14.15,5.71,69.97
borneo_rainforest,2017-09-02,29.75,21.87,11.04,6.38,71.36
borneo_rainforest,2017-09-03,30.4,24.23,4.65,4.66,69.7
borneo_rainforest,2017-09-04,32.44,21.61,4.43,2.55,70.86
borneo_rainforest,2017-09-05,29.19,22.55,16.54,4.6,78.14
borneo_rainforest,2017-09-06,31.04,23.8,5.89,4.88,60.78
borneo_rainforest,2017-09-07,29.94,22.16,0.0,5.38,81.64
borneo_rainforest,2017-09-08,29.89,22.78,15.31,5.28,76.38
borneo_rainforest,2017-09-09,31.16,23.87,0.0,6.35,76.5
borneo_rainforest,2017-09-10,30.84,24.26,3.8,4.56,74.19
borneo_rainforest,2017-09-11,29.97,23.77,0.0,6.94,88.26
borneo_rainforest,2017-09-12,31.32,23.75,17.06,3.32,83.86
borneo_rainforest,2017-09-13,32.77,23.03,6.64,5.89,77.37
borneo_rainforest,2017-09-14,27.94,22.1,0.0,6.13,77.35
borneo_rainforest,2017-09-15,29.62,23.42,12.36,8.25,83.45
borneo_rainforest,2017-09-16,29.68,21.12,12.4,7.34,69.26
borneo_rainforest,2017-09-17,32.36,20.55,2.27,3.82,58.68
borneo_rainforest,2017-09-18,31.51,23.57,17.24,4.99,84.23
borneo_rainforest,2017-09-19,30.81,23.17,0.0,6.89,63.27
borneo_rainforest,2017-09-20,28.84,24.28,10.89,4.18,74.69
borneo_rainforest,2017-09-21,33.61,24.2,16.29,8.0,87.82
borneo_rainforest,2017-09-22,29.57,20.63,18.09,3.42,49.05
borneo_rainforest,2017-09-23,29.31,24.28,13.29,8.38,73.5
borneo_rainforest,2017-09-24,26.88,24.68,4.68,7.55,63.2
borneo_rainforest,2017-09-25,29.95,23.27,10.7,5.95,74.2
borneo_rainforest,2017-09-26,30.5,23.27,4.03,7.1,85.27
borneo_rainforest,2017-09-27,30.59,22.29,15.2,5.92,79.36
borneo_rainforest,2017-09-28,32.04,25.13,13.02,5.39,63.47
borneo_rainforest,2017-09-29,31.63,23.18,16.96,7.02,56.75
borneo_rainforest,2017-09-30,31.92,22.33,10.21,6.02,79.54
borneo_rainforest,2017-10-01,29.66,21.98,7.51,6.37,57.43
borneo_rainforest,2017-10-02,32.52,22.74,16.41,4.84,86.16
borneo_rainforest,2017-10-03,31.45,25.11,5.02,2.68,89.59
borneo_rainforest,2017-10-04,30.86,23.12,12.62,5.72,90.91
borneo_rainforest,2017-10-05,29.52,23.27,9.58,6.12,68.52
borneo_rainforest,2017-10-06,31.68,22.15,15.0,4.78,60.59
borneo_rainforest,2017-10-07,32.43,24.69,10.21,9.35,92.85
borneo_rainforest,2017-10-08,32.51,21.84,11.95,6.41,85.09
borneo_rainforest,2017-10-09,30.77,22.35,2.84,6.35,87.24
borneo_rainforest,2017-10-10,32.48,21.96,6.23,7.04,87.45
borneo_rainforest,2017-10-11,28.28,21.3,8.01,7.15,77.95
borneo_rainforest,2017-10-12,31.09,24.36,13.36,7.43,65.3
borneo_rainforest,2017-10-13,33.46,23.66,8.5,6.73,84.46
borneo_rainforest,2017-10-14,31.7,24.89,8.48,7.33,80.56
borneo_rainforest,2017-10-15,30.09,22.84,17.85,9.39,82.16
borneo_rainforest,2017-10-16,28.73,25.02,12.77,7.91,100.0
borneo_rainforest,2017-10-17,30.46,21.92,8.41,8.6,67.41
borneo_rainforest,2017-10-18,31.03,22.86,13.18,5.16,75.65
borneo_rainforest,2017-10-19,32.24,25.1,6.21,4.33,61.1
borneo_rainforest,2017-10-20,32.26,24.52,15.54,8.22,93.28
borneo_rainforest,2017-10-21,32.47,25.39,11.29,8.15,64.27
borneo_rainforest,2017-10-22,31.95,22.91,14.58,6.08,70.24
borneo_rainforest,2017-10-23,32.4,24.58,4.11,6.99,78.71
borneo_rainforest,2017-10-24,33.24,21.91,9.27,4.47,85.56
borneo_rainforest,2017-10-25,32.41,24.94,2.42,7.48,80.87
borneo_rainforest,2017-10-26,32.04,23.78,4.5,6.27,90.43
borneo_rainforest,2017-10-27,31.67,23.46,3.43,8.34,93.4
borneo_rainforest,2017-10-28,32.04,24.26,18.19,6.08,88.63
borneo_rainforest,2017-10-29,31.64,23.67,18.07,5.77,86.98
borneo_rainforest,2017-10-30,31.23,24.16,6.42,6.51,63.78
borneo_rainforest,2017-10-31,36.05,22.97,14.2,5.78,100.0
borneo_rainforest,2017-11-01,30.69,27.94,9.63,7.71,83.44
borneo_rainforest,2017-11-02,31.42,22.27,17.51,6.98,100.0
borneo_rainforest,2017-11-03,30.39,23.83,20.64,7.07,85.81
borneo_rainforest,2017-11-04,35.02,22.4,5.69,6.11,77.46
borneo_rainforest,2017-11-05,32.38,24.38,7.53,8.88,80.09
borneo_rainforest,2017-11-06,33.67,22.39,3.18,7.04,81.29
borneo_rainforest,2017-11-07,34.94,23.75,16.73,7.06,87.09
borneo_rainforest,2017-11-08,32.55,24.71,12.27,6.29,81.94
borneo_rainforest,2017-11-09,32.98,23.61,5.65,7.57,84.69
borneo_rainforest,2017-11-10,33.99,23.42,18.26,7.08,81.02
borneo_rainforest,2017-11-11,31.4,23.67,6.06,6.25,72.72
borneo_rainforest,2017-11-12,31.33,23.95,6.71,5.66,79.71
borneo_rainforest,2017-11-13,32.25,24.18,13.42,5.6,79.6
borneo_rainforest,2017-11-14,31.44,22.44,3.1,8.26,88.86
borneo_rainforest,2017-11-15,30.95,25.48,7.71,6.87,84.74
borneo_rainforest,2017-11-16,31.57,23.23,15.54,7.49,65.36
borneo_rainforest,2017-11-17,32.49,26.01,3.35,8.42,78.44
borneo_rainforest,2017-11-18,32.24,25.08,13.83,4.38,81.32
borneo_rainforest,2017-11-19,30.71,23.43,19.88,8.44,92.43
borneo_rainforest,2017-11-20,31.26,22.34,13.79,5.34,81.17
borneo_rainforest,2017-11-21,31.38,24.3,13.33,10.74,88.05
borneo_rainforest,2017-11-22,30.0,24.4,14.57,5.5,82.45
borneo_rainforest,2017-11-23,32.09,20.41,10.04,6.84,76.0
borneo_rainforest,2017-11-24,30.65,22.75,12.89,6.58,97.77
borneo_rainforest,2017-11-25,34.38,22.65,15.3,5.18,70.59
borneo_rainforest,2017-11-26,32.3,19.71,12.39,10.8,73.15
borneo_rainforest,2017-11-27,32.45,23.47,16.53,6.2,73.4
borneo_rainforest,2017-11-28,32.99,23.53,13.49,4.04,80.07
borneo_rainforest,2017-11-29,30.43,22.3,6.24,6.72,98.82
borneo_rainforest,2017-11-30,32.36,24.0,8.71,5.81,90.27
borneo_rainforest,2017-12-01,31.44,21.14,8.72,7.48,78.99
borneo_rainforest,2017-12-02,32.61,24.51,9.76,5.62,76.11
borneo_rainforest,2017-12-03,31.77,24.62,11.8,8.9,86.64
borneo_rainforest,2017-12-04,31.24,21.12,2.64,8.88,50.84
borneo_rainforest,2017-12-05,30.1,23.88,17.69,7.21,94.59
borneo_rainforest,2017-12-06,28.84,22.54,14.12,11.43,79.77
borneo_rainforest,2017-12-07,33.67,24.09,11.45,5.31,74.8
borneo_rainforest,2017-12-08,31.45,23.82,14.6,4.93,86.05
borneo_rainforest,2017-12-09,32.24,25.1,10.38,7.08,81.15
borneo_rainforest,2017-12-10,32.01,22.68,14.19,7.01,86.74
borneo_rainforest,2017-12-11,28.29,21.47,14.35,7.44,84.6
borneo_rainforest,2017-12-12,30.82,23.3,11.48,8.34,91.24
borneo_rainforest,2017-12-13,32.78,25.54,10.76,8.26,76.24
borneo_rainforest,2017-12-14,33.43,24.67,15.87,6.73,79.14
borneo_rainforest,2017-12-15,31.95,22.44,16.35,4.6,71.29
borneo_rainforest,2017-12-16,30.35,22.12,14.33,5.68,71.88
borneo_rainforest,2017-12-17,33.23,24.94,13.7,3.86,97.59
borneo_rainforest,2017-12-18,33.99,24.67,18.96,9.28,97.39
borneo_rainforest,2017-12-19,32.35,24.49,14.0,4.55,71.96
borneo_rainforest,2017-12-20,31.41,23.35,6.08,7.19,77.48
borneo_rainforest,2017-12-21,30.43,23.11,9.37,7.17,69.48
borneo_rainforest,2017-12-22,31.89,23.3,15.76,6.71,80.98
borneo_rainforest,2017-12-23,32.95,22.58,8.98,7.63,90.24
borneo_rainforest,2017-12-24,30.91,24.28,18.9,5.25,74.9
borneo_rainforest,2017-12-25,32.55,25.23,17.24,4.72,78.53
borneo_rainforest,2017-12-26,31.01,23.79,7.7,8.66,68.52
borneo_rainforest,2017-12-27,31.55,24.24,5.03,5.26,65.22
borneo_rainforest,2017-12-28,34.87,24.35,13.17,7.45,100.0
borneo_rainforest,2017-12-29,29.95,24.65,2.12,6.59,88.87
borneo_rainforest,2017-12-30,32.5,23.29,10.9,7.59,81.42
borneo_rainforest,2017-12-31,32.15,24.0,19.64,6.95,76.19
borneo_rainforest,2018-01-01,31.87,25.82,5.03,7.53,88.94
borneo_rainforest,2018-01-02,32.52,21.83,3.51,7.53,98.72
borneo_rainforest,2018-01-03,32.57,23.7,12.45,5.61,97.24
borneo_rainforest,2018-01-04,32.05,24.77,7.98,7.76,81.82
borneo_rainforest,2018-01-05,31.23,22.19,9.04,8.39,68.09
borneo_rainforest,2018-01-06,32.86,22.96,19.16,6.44,73.32
borneo_rainforest,2018-01-07,30.73,25.86,11.18,7.38,59.77
borneo_rainforest,2018-01-08,31.87,24.21,13.53,5.9,96.5
borneo_rainforest,2018-01-09,32.47,23.61,17.78,7.97,83.65
borneo_rainforest,2018-01-10,30.4,24.21,7.11,6.91,68.52
borneo_rainforest,2018-01-11,32.11,22.57,9.11,6.82,93.65
borneo_rainforest,2018-01-12,30.06,24.92,18.27,3.54,79.08
borneo_rainforest,2018-01-13,32.38,24.41,11.94,7.42,84.2
borneo_rainforest,2018-01-14,31.52,23.47,18.02,7.85,82.14
borneo_rainforest,2018-01-15,33.11,23.27,8.35,8.99,92.5
borneo_rainforest,2018-01-16,31.52,24.68,9.73,4.55,74.64
borneo_rainforest,2018-01-17,30.87,24.0,17.25,3.75,76.9
borneo_rainforest,2018-01-18,30.95,25.62,22.73,8.01,76.1
borneo_rainforest,2018-01-19,32.0,23.19,4.82,9.01,90.42
borneo_rainforest,2018-01-20,31.03,24.66,20.37,7.48,82.0
borneo_rainforest,2018-01-21,32.27,22.76,11.3,5.03,78.86
borneo_rainforest,2018-01-22,34.21,22.86,16.87,4.65,100.0
borneo_rainforest,2018-01-23,30.07,23.34,10.27,6.05,65.72
borneo_rainforest,2018-01-24,31.54,26.14,13.42,9.45,82.57
borneo_rainforest,2018-01-25,32.25,22.06,19.82,6.52,84.9
borneo_rainforest,2018-01-26,30.31,22.3,22.25,8.96,95.63
borneo_rainforest,2018-01-27,32.6,23.85,13.21,4.16,73.18
borneo_rainforest,2018-01-28,28.86,26.03,7.66,8.15,79.49
borneo_rainforest,2018-01-29,32.31,23.9,10.82,6.0,94.35
borneo_rainforest,2018-01-30,29.04,23.0,0.0,8.46,100.0
borneo_rainforest,2018-01-31,31.43,23.1,19.88,7.53,96.59
borneo_rainforest,2018-02-01,30.74,24.32,13.92,6.3,87.54
borneo_rainforest,2018-02-02,30.56,22.18,9.48,8.47,100.0
borneo_rainforest,2018-02-03,31.17,26.11,9.7,8.19,66.89
borneo_rainforest,2018-02-04,31.56,21.17,6.11,7.11,100.0
borneo_rainforest,2018-02-05,31.78,22.6,16.25,6.95,67.37
borneo_rainforest,2018-02-06,32.19,24.86,9.64,5.5,95.94
borneo_rainforest,2018-02-07,29.9,23.7,13.08,5.0,55.17
borneo_rainforest,2018-02-08,34.65,23.4,7.95,5.79,98.15
borneo_rainforest,2018-02-09,30.1,23.49,8.1,4.71,73.53
borneo_rainforest,2018-02-10,33.28,24.61,12.69,6.86,79.59
borneo_rainforest,2018-02-11,34.84,23.64,13.06,7.99,89.25
borneo_rainforest,2018-02-12,33.76,23.49,11.46,5.09,69.31
borneo_rainforest,2018-02-13,31.27,21.94,7.37,6.81,90.82
borneo_rainforest,2018-02-14,32.69,22.29,2.45,5.91,70.75
borneo_rainforest,2018-02-15,32.33,24.4,10.84,6.28,77.17
borneo_rainforest,2018-02-16,30.06,24.45,7.79,6.24,100.0
borneo_rainforest,2018-02-17,28.61,22.85,6.43,7.36,80.61
borneo_rainforest,2018-02-18,32.22,23.3,22.44,3.21,72.87
borneo_rainforest,2018-02-19,32.23,24.42,9.13,7.15,68.48
borneo_rainforest,2018-02-20,31.18,22.05,2.39,4.85,71.7
borneo_rainforest,2018-02-21,32.33,25.06,8.82,5.53,57.36
borneo_rainforest,2018-02-22,31.52,25.95,7.4,4.2,44.19
borneo_rainforest,2018-02-23,33.37,22.74,8.26,5.86,87.38
borneo_rainforest,2018-02-24,27.34,25.66,12.65,8.92,54.95
borneo_rainforest,2018-02-25,35.16,24.21,1.48,4.88,86.92
borneo_rainforest,2018-02-26,30.49,23.22,12.53,4.15,60.57
borneo_rainforest,2018-02-27,30.21,24.82,12.26,7.15,60.87
borneo_rainforest,2018-02-28,33.82,20.45,5.28,7.0,68.92
borneo_rainforest,2018-03-01,29.88,21.65,3.25,7.44,82.04
borneo_rainforest,2018-03-02,32.86,21.94,13.75,7.33,100.0
borneo_rainforest,2018-03-03,33.65,23.2,8.49,6.92,78.68
borneo_rainforest,2018-03-04,32.44,23.82,9.83,6.97,82.58
borneo_rainforest,2018-03-05,33.01,22.88,9.34,4.79,82.62
borneo_rainforest,2018-03-06,32.46,22.56,16.69,4.14,93.16
borneo_rainforest,2018-03-07,32.11,23.39,3.0,4.91,82.8
borneo_rainforest,2018-03-08,29.36,22.98,13.55,3.77,74.03
borneo_rainforest,2018-03-09,31.78,22.52,8.44,5.04,62.74
borneo_rainforest,2018-03-10,30.16,23.02,0.27,4.97,68.0
borneo_rainforest,2018-03-11,32.03,24.34,6.75,9.16,60.01
borneo_rainforest,2018-03-12,30.71,24.76,13.47,7.63,100.0
borneo_rainforest,2018-03-13,33.47,24.08,12.37,5.38,85.1
borneo_rainforest,2018-03-14,29.71,21.17,5.53,8.87,74.78
borneo_rainforest,2018-03-15,31.63,25.08,9.17,5.22,65.67
borneo_rainforest,2018-03-16,30.99,20.75,10.95,4.67,74.38
borneo_rainforest,2018-03-17,33.17,22.79,5.22,8.88,87.38
borneo_rainforest,2018-03-18,30.97,22.2,10.94,8.78,90.41
borneo_rainforest,2018-03-19,29.71,24.72,15.22,7.57,77.93
borneo_rainforest,2018-03-20,29.35,23.04,4.87,6.76,65.17
borneo_rainforest,2018-03-21,30.25,23.05,5.81,7.17,66.32
borneo_rainforest,2018-03-22,29.54,22.57,11.15,6.07,75.14
borneo_rainforest,2018-03-23,31.94,21.82,11.56,8.0,82.15
borneo_rainforest,2018-03-24,30.15,20.93,11.02,9.04,52.82
borneo_rainforest,2018-03-25,28.82,22.89,11.33,7.91,97.85
borneo_rainforest,2018-03-26,30.91,22.81,6.32,7.55,65.9
borneo_rainforest,2018-03-27,28.0,22.56,9.27,3.4,81.57
borneo_rainforest,2018-03-28,32.66,22.67,0.0,7.12,72.52
borneo_rainforest,2018-03-29,30.06,23.42,7.94,4.74,67.39
borneo_rainforest,2018-03-30,33.2,22.02,14.26,3.58,73.86
borneo_rainforest,2018-03-31,32.12,22.27,5.12,5.3,79.72
borneo_rainforest,2018-04-01,30.57,25.12,9.06,4.23,75.21
borneo_rainforest,2018-04-02,32.24,23.86,4.15,6.79,95.0
borneo_rainforest,2018-04-03,28.32,22.78,12.62,8.19,59.98
borneo_rainforest,2018-04-04,30.38,21.53,15.76,4.76,86.24
borneo_rainforest,2018-04-05,30.56,23.3,5.44,5.97,81.19
borneo_rainforest,2018-04-06,29.92,21.57,3.08,3.28,79.46
borneo_rainforest,2018-04-07,29.1,21.05,5.13,7.03,59.18
borneo_rainforest,2018-04-08,30.85,24.15,9.2,7.97,74.26
borneo_rainforest,2018-04-09,31.79,24.97,1.11,4.74,69.42
borneo_rainforest,2018-04-10,30.74,20.96,1.96,5.88,86.97
borneo_rainforest,2018-04-11,30.71,22.3,0.0,4.35,72.89
borneo_rainforest,2018-04-12,29.77,22.92,4.63,4.52,71.5
borneo_rainforest,2018-04-13,30.63,22.12,12.35,5.89,66.9
borneo_rainforest,2018-04-14,28.6,23.08,10.82,4.37,70.31
borneo_rainforest,2018-04-15,29.62,23.37,5.8,6.03,78.54
borneo_rainforest,2018-04-16,28.23,23.09,6.56,6.15,56.77
borneo_rainforest,2018-04-17,30.42,21.51,8.69,4.86,69.91
borneo_rainforest,2018-04-18,32.0,22.27,2.9,7.87,53.7
borneo_rainforest,2018-04-19,29.69,22.07,3.48,6.11,81.01
borneo_rainforest,2018-04-20,29.16,21.69,0.0,6.62,84.73
borneo_rainforest,2018-04-21,30.07,21.48,2.92,10.24,63.39
borneo_rainforest,2018-04-22,30.35,22.37,11.23,7.29,83.96
borneo_rainforest,2018-04-23,29.93,20.21,2.28,8.29,91.18
borneo_rainforest,2018-04-24,29.33,21.2,5.07,4.45,74.92
borneo_rainforest,2018-04-25,27.97,25.36,8.99,2.78,71.52
borneo_rainforest,2018-04-26,30.37,22.14,7.03,3.31,91.72
borneo_rainforest,2018-04-27,32.03,20.33,6.72,6.44,75.12
borneo_rainforest,2018-04-28,29.8,25.19,0.0,5.07,77.74
borneo_rainforest,2018-04-29,29.18,22.61,16.59,6.01,77.94
borneo_rainforest,2018-04-30,30.09,20.8,13.38,2.9,73.75
borneo_rainforest,2018-05-01,29.2,23.1,2.03,6.25,64.71
borneo_rainforest,2018-05-02,30.9,22.83,1.06,3.58,34.93
borneo_rainforest,2018-05-03,29.23,21.84,3.34,4.18,69.62
borneo_rainforest,2018-05-04,33.44,21.2,6.25,5.8,75.63
borneo_rainforest,2018-05-05,30.48,21.23,13.84,4.17,70.76
borneo_rainforest,2018-05-06,28.33,23.13,6.9,5.19,45.59
borneo_rainforest,2018-05-07,30.73,22.44,7.34,3.69,50.56
borneo_rainforest,2018-05-08,28.42,22.97,7.79,6.33,63.74
borneo_rainforest,2018-05-09,29.7,24.07,2.97,7.07,58.1
borneo_rainforest,2018-05-10,28.37,21.82,11.83,5.82,70.25
borneo_rainforest,2018-05-11,27.65,24.47,9.73,6.89,83.53
borneo_rainforest,2018-05-12,32.39,22.1,12.12,0.31,86.42
borneo_rainforest,2018-05-13,29.07,23.16,3.85,5.62,69.04
borneo_rainforest,2018-05-14,29.05,22.0,3.89,5.18,76.75
borneo_rainforest,2018-05-15,28.56,23.25,0.0,5.43,69.21
borneo_rainforest,2018-05-16,29.49,25.01,11.23,6.57,67.03
borneo_rainforest,2018-05-17,30.56,24.62,7.84,4.46,65.97
borneo_rainforest,2018-05-18,28.59,23.64,8.55,6.4,69.46
borneo_rainforest,2018-05-19,29.09,23.1,2.63,2.29,69.01
borneo_rainforest,2018-05-20,29.58,20.96,2.74,6.32,54.48
borneo_rainforest,2018-05-21,27.14,21.51,0.89,5.77,59.72
borneo_rainforest,2018-05-22,31.26,20.85,8.45,6.45,69.94
borneo_rainforest,2018-05-23,31.37,20.73,2.66,4.95,53.44
borneo_rainforest,2018-05-24,29.73,22.43,1.34,3.24,69.71
borneo_rainforest,2018-05-25,31.09,21.59,2.44,7.44,74.4
borneo_rainforest,2018-05-26,31.74,23.57,8.93,4.3,74.42
borneo_rainforest,2018-05-27,27.63,22.43,0.0,6.58,47.02
borneo_rainforest,2018-05-28,25.01,22.26,3.14,4.6,62.83
borneo_rainforest,2018-05-29,30.62,23.36,0.42,4.41,87.19
borneo_rainforest,2018-05-30,29.3,21.71,5.23,8.72,69.0
borneo_rainforest,2018-05-31,28.73,21.11,0.0,6.11,62.99
borneo_rainforest,2018-06-01,31.38,23.19,4.21,5.0,56.97
borneo_rainforest,2018-06-02,31.87,24.45,0.05,7.31,56.98
borneo_rainforest,2018-06-03,31.93,20.34,7.52,3.61,45.07
borneo_rainforest,2018-06-04,29.81,21.51,5.08,6.15,87.46
borneo_rainforest,2018-06-05,31.98,23.16,0.0,5.57,46.1
borneo_rainforest,2018-06-06,28.8,22.63,6.19,6.47,79.66
borneo_rainforest,2018-06-07,28.49,20.45,0.0,3.2,79.78
borneo_rainforest,2018-06-08,29.72,21.49,5.34,6.49,79.64
borneo_rainforest,2018-06-09,29.79,23.14,0.0,3.74,53.63
borneo_rainforest,2018-06-10,31.25,23.0,5.05,5.69,52.08
borneo_rainforest,2018-06-11,30.6,21.85,2.21,1.87,82.19
borneo_rainforest,2018-06-12,28.28,22.76,0.0,5.58,68.78
borneo_rainforest,2018-06-13,29.39,18.84,10.93,8.02,66.26
borneo_rainforest,2018-06-14,30.23,22.24,6.24,3.72,77.11
borneo_rainforest,2018-06-15,30.49,22.6,3.55,6.34,54.25
borneo_rainforest,2018-06-16,28.83,20.67,1.91,5.28,80.87
borneo_rainforest,2018-06-17,31.06,23.15,4.12,4.98,67.34
borneo_rainforest,2018-06-18,30.14,22.09,2.81,6.56,64.56
borneo_rainforest,2018-06-19,27.72,21.54,9.42,3.89,54.96
borneo_rainforest,2018-06-20,29.72,22.04,20.82,5.15,63.32
borneo_rainforest,2018-06-21,30.29,18.73,5.2,5.01,65.32
borneo_rainforest,2018-06-22,30.56,23.08,1.93,4.56,62.41
borneo_rainforest,2018-06-23,31.78,23.68,3.39,4.88,65.56
borneo_rainforest,2018-06-24,30.99,23.41,9.74,3.86,60.18
borneo_rainforest,2018-06-25,32.59,21.39,4.0,3.41,55.87
borneo_rainforest,2018-06-26,31.63,22.56,2.02,5.88,80.28
borneo_rainforest,2018-06-27,29.19,23.82,4.01,5.23,93.48
borneo_rainforest,2018-06-28,28.98,21.36,9.37,4.11,88.03
borneo_rainforest,2018-06-29,30.24,22.61,0.0,6.4,60.59
borneo_rainforest,2018-06-30,31.87,22.0,6.54,4.12,56.59
borneo_rainforest,2018-07-01,27.41,21.98,8.36,4.36,76.9
borneo_rainforest,2018-07-02,31.38,24.69,3.02,5.94,54.75
borneo_rainforest,2018-07-03,30.89,21.97,2.76,4.63,70.86
borneo_rainforest,2018-07-04,29.51,22.51,0.0,7.19,53.61
borneo_rainforest,2018-07-05,30.43,22.9,1.3,7.05,58.71
borneo_rainforest,2018-07-06,29.1,26.15,8.14,6.14,67.77
borneo_rainforest,2018-07-07,31.07,21.3,1.23,7.76,51.66
borneo_rainforest,2018-07-08,29.36,21.19,0.0,6.8,63.05
borneo_rainforest,2018-07-09,30.19,22.04,5.35,6.28,85.46
borneo_rainforest,2018-07-10,29.12,21.47,1.09,6.87,69.93
borneo_rainforest,2018-07-11,31.86,23.17,4.42,6.79,71.72
borneo_rainforest,2018-07-12,30.1,22.68,1.85,8.34,96.07
borneo_rainforest,2018-07-13,29.23,20.86,4.43,4.86,70.85
borneo_rainforest,2018-07-14,28.12,22.13,6.71,5.02,64.67
borneo_rainforest,2018-07-15,30.4,22.72,4.65,5.28,58.33
borneo_rainforest,2018-07-16,27.56,24.62,12.37,6.72,91.41
borneo_rainforest,2018-07-17,30.66,22.42,11.3,3.41,62.32
borneo_rainforest,2018-07-18,27.9,21.85,0.0,5.16,70.72
borneo_rainforest,2018-07-19,29.7,22.74,2.35,6.35,82.97
borneo_rainforest,2018-07-20,30.43,21.9,0.48,3.19,54.95
borneo_rainforest,2018-07-21,26.72,23.28,14.63,4.45,77.37
borneo_rainforest,2018-07-22,32.0,22.75,3.58,4.52,63.44
borneo_rainforest,2018-07-23,29.65,20.93,2.33,5.74,46.67
borneo_rainforest,2018-07-24,30.97,24.66,11.74,6.51,56.7
borneo_rainforest,2018-07-25,29.39,22.79,2.94,2.35,86.18
borneo_rainforest,2018-07-26,32.0,21.6,18.4,5.92,71.86
borneo_rainforest,2018-07-27,31.37,21.71,8.78,4.3,62.47
borneo_rainforest,2018-07-28,28.92,23.82,9.01,1.53,65.87
borneo_rainforest,2018-07-29,31.0,20.93,0.0,1.83,50.8
borneo_rainforest,2018-07-30,31.21,22.61,0.0,3.6,71.27
borneo_rainforest,2018-07-31,28.96,22.31,11.79,4.21,56.9
borneo_rainforest,2018-08-01,31.27,23.64,4.14,6.81,74.84
borneo_rainforest,2018-08-02,29.82,22.64,5.52,5.1,66.64
borneo_rainforest,2018-08-03,33.21,22.54,6.9,5.35,66.2
borneo_rainforest,2018-08-04,28.85,22.17,6.49,4.18,83.86
borneo_rainforest,2018-08-05,31.21,22.3,8.34,5.77,79.93
borneo_rainforest,2018-08-06,30.74,23.46,9.18,7.41,72.83
borneo_rainforest,2018-08-07,30.55,21.85,4.79,4.11,69.62
borneo_rainforest,2018-08-08,30.77,22.92,1.7,6.83,71.67
borneo_rainforest,2018-08-09,31.03,23.97,8.43,6.31,64.8
borneo_rainforest,2018-08-10,34.2,21.19,4.44,8.99,100.0
borneo_rainforest,2018-08-11,31.53,23.2,5.35,3.63,70.94
borneo_rainforest,2018-08-12,32.22,23.09,8.32,6.5,67.69
borneo_rainforest,2018-08-13,27.75,23.37,10.89,4.21,66.41
borneo_rainforest,2018-08-14,31.61,22.07,9.63,6.29,65.94
borneo_rainforest,2018-08-15,29.19,25.1,13.93,6.43,68.53
borneo_rainforest,2018-08-16,30.19,22.29,5.96,4.85,78.81
borneo_rainforest,2018-08-17,31.27,24.96,2.56,6.39,68.76
borneo_rainforest,2018-08-18,32.51,23.34,8.66,6.12,76.02
borneo_rainforest,2018-08-19,36.13,24.84,5.11,6.16,60.72
borneo_rainforest,2018-08-20,29.21,25.28,3.07,4.37,70.51
borneo_rainforest,2018-08-21,29.91,23.1,9.35,6.41,73.28
borneo_rainforest,2018-08-22,33.23,24.32,0.0,5.15,70.35
borneo_rainforest,2018-08-23,30.65,24.91,6.49,4.76,73.09
borneo_rainforest,2018-08-24,29.0,24.6,3.7,3.69,89.27
borneo_rainforest,2018-08-25,28.61,21.34,2.18,3.18,72.16
borneo_rainforest,2018-08-26,31.57,22.18,7.62,3.56,40.7
borneo_rainforest,2018-08-27,31.35,22.72,4.34,4.94,73.73
borneo_rainforest,2018-08-28,31.18,23.92,4.44,2.35,80.91
borneo_rainforest,2018-08-29,27.08,21.89,2.3,4.61,100.0
borneo_rainforest,2018-08-30,28.92,21.72,3.12,8.91,60.3
borneo_rainforest,2018-08-31,33.24,23.18,6.19,6.65,67.42
borneo_rainforest,2018-09-01,31.75,22.47,10.39,7.8,85.55
borneo_rainforest,2018-09-02,30.65,21.51,10.79,3.19,62.06
borneo_rainforest,2018-09-03,30.88,22.8,0.0,6.2,74.43
borneo_rainforest,2018-09-04,32.15,22.98,1.31,5.76,69.8
borneo_rainforest,2018-09-05,33.91,24.07,8.11,3.89,85.05
borneo_rainforest,2018-09-06,28.15,22.39,6.02,5.13,73.23
borneo_rainforest,2018-09-07,32.13,21.54,12.79,7.32,88.28
borneo_rainforest,2018-09-08,30.85,24.31,10.81,4.31,91.43
borneo_rainforest,2018-09-09,31.06,22.96,1.7,7.46,78.94
borneo_rainforest,2018-09-10,30.78,23.47,0.0,3.92,67.3
borneo_rainforest,2018-09-11,31.11,21.42,8.32,7.21,88.91
borneo_rainforest,2018-09-12,31.86,22.88,7.11,3.63,65.47
borneo_rainforest,2018-09-13,30.84,22.82,6.1,5.96,71.11
borneo_rainforest,2018-09-14,31.05,22.41,2.8,4.32,71.26
borneo_rainforest,2018-09-15,32.25,22.65,9.29,2.14,85.3
borneo_rainforest,2018-09-16,31.38,20.98,10.79,5.72,57.68
borneo_rainforest,2018-09-17,30.91,23.45,9.24,8.12,81.19
borneo_rainforest,2018-09-18,31.28,21.78,5.39,7.4,76.64
borneo_rainforest,2018-09-19,32.92,21.1,7.04,5.51,85.73
borneo_rainforest,2018-09-20,29.87,23.52,2.55,4.96,63.94
borneo_rainforest,2018-09-21,32.18,22.64,2.76,6.27,58.67
borneo_rainforest,2018-09-22,31.75,23.74,14.12,6.22,47.69
borneo_rainforest,2018-09-23,32.11,25.33,9.99,7.66,92.06
borneo_rainforest,2018-09-24,32.49,23.54,8.72,5.16,92.46
borneo_rainforest,2018-09-25,29.84,21.49,6.88,7.94,99.45
borneo_rainforest,2018-09-26,31.75,23.31,12.3,2.75,75.32
borneo_rainforest,2018-09-27,33.71,20.24,17.74,8.13,74.42
borneo_rainforest,2018-09-28,31.82,23.65,6.51,3.16,85.17
borneo_rainforest,2018-09-29,31.77,25.56,10.82,7.15,85.79
borneo_rainforest,2018-09-30,31.34,23.08,2.73,7.16,59.23
borneo_rainforest,2018-10-01,29.9,24.91,11.55,6.62,75.98
borneo_rainforest,2018-10-02,29.65,23.5,12.09,6.91,79.22
borneo_rainforest,2018-10-03,30.57,22.03,6.13,6.55,83.64
borneo_rainforest,2018-10-04,32.67,23.46,9.67,6.68,79.55
borneo_rainforest,2018-10-05,34.69,23.36,10.2,4.88,59.51
borneo_rainforest,2018-10-06,30.14,26.23,16.06,8.31,85.73
borneo_rainforest,2018-10-07,27.6,23.4,12.13,8.49,69.06
borneo_rainforest,2018-10-08,30.58,25.36,14.56,6.04,74.32
borneo_rainforest,2018-10-09,35.4,23.58,12.1,6.88,59.36
borneo_rainforest,2018-10-10,34.35,23.26,7.96,7.71,68.55
borneo_rainforest,2018-10-11,30.26,21.26,0.0,8.1,78.33
borneo_rainforest,2018-10-12,30.61,25.16,16.26,6.63,75.95
borneo_rainforest,2018-10-13,31.67,21.9,9.8,5.86,69.05
borneo_rainforest,2018-10-14,32.51,23.31,7.83,4.28,92.06
borneo_rainforest,2018-10-15,32.08,23.2,17.3,4.79,100.0
borneo_rainforest,2018-10-16,33.52,23.94,18.45,8.69,81.35
borneo_rainforest,2018-10-17,32.59,23.71,12.32,11.74,51.66
borneo_rainforest,2018-10-18,34.21,24.53,13.87,9.16,70.06
borneo_rainforest,2018-10-19,31.99,23.07,0.0,5.82,87.94
borneo_rainforest,2018-10-20,33.32,24.37,16.18,6.15,81.32
borneo_rainforest,2018-10-21,31.04,23.83,3.74,4.83,77.4
borneo_rainforest,2018-10-22,31.5,22.87,8.37,3.17,88.23
borneo_rainforest,2018-10-23,31.98,24.34,4.48,8.97,82.65
borneo_rainforest,2018-10-24,31.96,25.68,8.29,7.59,95.41
borneo_rainforest,2018-10-25,29.58,25.03,15.06,6.25,72.28
borneo_rainforest,2018-10-26,29.36,24.39,21.21,4.34,85.09
borneo_rainforest,2018-10-27,32.75,23.43,3.57,6.34,69.17
borneo_rainforest,2018-10-28,35.82,19.95,14.94,6.55,61.89
borneo_rainforest,2018-10-29,33.36,22.8,11.65,5.23,61.51
borneo_rainforest,2018-10-30,33.12,23.23,15.55,7.89,68.19
borneo_rainforest,2018-10-31,32.35,23.03,7.16,8.96,94.96
borneo_rainforest,2018-11-01,31.78,22.6,14.61,5.72,49.76
borneo_rainforest,2018-11-02,31.32,24.6,7.78,7.21,58.84
borneo_rainforest,2018-11-03,31.92,22.33,17.48,7.87,78.2
borneo_rainforest,2018-11-04,31.75,23.26,13.2,3.92,83.47
borneo_rainforest,2018-11-05,30.54,25.03,21.48,4.38,82.75
borneo_rainforest,2018-11-06,33.99,26.92,6.22,8.7,80.36
borneo_rainforest,2018-11-07,32.27,24.11,14.57,6.24,72.49
borneo_rainforest,2018-11-08,30.8,21.14,7.18,8.4,91.73
borneo_rainforest,2018-11-09,31.82,24.33,14.5,8.65,85.61
borneo_rainforest,2018-11-10,30.56,25.32,14.09,7.5,96.21
borneo_rainforest,2018-11-11,33.21,23.96,12.07,6.0,84.79
borneo_rainforest,2018-11-12,33.08,25.6,11.99,8.1,96.88
borneo_rainforest,2018-11-13,31.13,24.15,20.57,10.14,79.03
borneo_rainforest,2018-11-14,30.99,24.44,13.34,9.11,72.09
borneo_rainforest,2018-11-15,30.11,24.72,13.94,6.05,78.26
borneo_rainforest,2018-11-16,32.5,23.32,10.79,4.57,74.56
borneo_rainforest,2018-11-17,32.41,23.78,16.17,8.07,98.13
borneo_rainforest,2018-11-18,32.5,23.95,12.04,8.21,98.55
borneo_rainforest,2018-11-19,30.07,23.29,18.62,5.71,70.33
borneo_rainforest,2018-11-20,31.08,22.7,11.75,8.33,80.37
borneo_rainforest,2018-11-21,32.88,25.15,12.45,6.19,87.79
borneo_rainforest,2018-11-22,32.93,24.05,13.03,5.91,70.85
borneo_rainforest,2018-11-23,31.56,24.27,4.4,7.36,71.35
borneo_rainforest,2018-11-24,30.49,23.41,3.03,5.26,100.0
borneo_rainforest,2018-11-25,32.11,25.31,15.58,6.46,95.25
borneo_rainforest,2018-11-26,33.44,24.46,7.7,6.31,66.83
borneo_rainforest,2018-11-27,32.18,25.18,10.61,7.72,68.57
borneo_rainforest,2018-11-28,31.42,24.23,11.54,6.01,88.25
borneo_rainforest,2018-11-29,31.32,22.9,12.14,5.78,99.54
borneo_rainforest,2018-11-30,30.77,24.05,5.43,5.46,91.47
borneo_rainforest,2018-12-01,29.43,23.02,5.56,8.57,73.78
borneo_rainforest,2018-12-02,32.21,24.83,10.56,5.39,76.92
borneo_rainforest,2018-12-03,30.73,23.29,10.76,8.05,62.6
borneo_rainforest,2018-12-04,34.15,24.1,15.77,7.01,100.0
borneo_rainforest,2018-12-05,32.55,23.3,11.1,7.08,62.93
borneo_rainforest,2018-12-06,33.21,23.16,15.17,5.82,85.06
borneo_rainforest,2018-12-07,32.0,23.69,9.93,6.73,78.28
borneo_rainforest,2018-12-08,32.24,24.73,18.37,6.07,100.0
borneo_rainforest,2018-12-09,32.99,21.78,16.89,8.98,99.19
borneo_rainforest,2018-12-10,30.89,22.78,12.62,7.12,67.09
borneo_rainforest,2018-12-11,31.89,23.3,4.39,6.94,77.32
borneo_rainforest,2018-12-12,33.97,22.88,6.45,7.54,85.17
borneo_rainforest,2018-12-13,33.43,23.01,14.3,8.48,86.63
borneo_rainforest,2018-12-14,29.73,24.61,14.77,7.53,73.72
borneo_rainforest,2018-12-15,29.55,24.58,4.02,7.49,99.54
borneo_rainforest,2018-12-16,30.48,23.91,14.3,7.18,77.01
borneo_rainforest,2018-12-17,29.8,23.27,14.73,7.9,91.33
borneo_rainforest,2018-12-18,32.55,22.24,25.86,4.88,84.29
borneo_rainforest,2018-12-19,32.28,25.56,12.39,6.69,55.52
borneo_rainforest,2018-12-20,31.94,24.14,16.04,6.93,100.0
borneo_rainforest,2018-12-21,32.54,22.25,4.52,6.6,100.0
borneo_rainforest,2018-12-22,32.58,24.3,10.53,6.72,100.0
borneo_rainforest,2018-12-23,32.71,24.07,8.74,9.39,91.32
borneo_rainforest,2018-12-24,33.13,23.19,16.55,7.64,100.0
borneo_rainforest,2018-12-25,33.68,23.64,13.56,5.3,73.65
borneo_rainforest,2018-12-26,32.9,24.2,8.37,4.97,71.25
borneo_rainforest,2018-12-27,30.37,23.17,7.84,8.64,75.07
borneo_rainforest,2018-12-28,33.96,22.72,15.24,5.7,73.86
borneo_rainforest,2018-12-29,34.21,24.34,19.29,6.6,90.73
borneo_rainforest,2018-12-30,31.89,24.2,19.61,6.16,90.9
borneo_rainforest,2018-12-31,30.82,22.11,8.98,7.29,82.19
borneo_rainforest,2019-01-01,31.46,22.25,12.17,5.91,78.63
borneo_rainforest,2019-01-02,31.27,21.2,17.03,6.71,76.81
borneo_rainforest,2019-01-03,34.96,21.92,6.37,6.35,78.44
borneo_rainforest,2019-01-04,30.29,23.47,17.07,8.54,86.06
borneo_rainforest,2019-01-05,33.59,22.67,7.91,6.4,76.5
borneo_rainforest,2019-01-06,34.46,24.16,7.82,7.2,93.64
borneo_rainforest,2019-01-07,34.03,22.82,7.26,4.43,77.57
borneo_rainforest,2019-01-08,32.32,21.93,12.51,6.1,88.89
borneo_rainforest,2019-01-09,31.2,22.19,10.75,7.09,98.08
borneo_rainforest,2019-01-10,28.63,24.31,13.87,5.36,90.93
borneo_rainforest,2019-01-11,32.24,24.7,12.07,3.67,79.94
borneo_rainforest,2019-01-12,31.76,20.83,14.71,6.28,100.0
borneo_rainforest,2019-01-13,31.3,23.29,12.44,8.53,94.86
borneo_rainforest,2019-01-14,31.66,24.9,7.37,7.17,87.43
borneo_rainforest,2019-01-15,32.69,23.41,0.0,5.93,92.78
borneo_rainforest,2019-01-16,28.22,23.31,8.48,4.8,86.99
borneo_rainforest,2019-01-17,33.12,26.67,16.4,5.77,68.42
borneo_rainforest,2019-01-18,31.62,23.23,10.06,7.94,94.2
borneo_rainforest,2019-01-19,32.34,26.18,18.23,7.95,63.67
borneo_rainforest,2019-01-20,30.38,22.93,11.81,6.77,78.27
borneo_rainforest,2019-01-21,32.17,24.26,14.77,5.37,87.2
borneo_rainforest,2019-01-22,34.62,23.17,15.8,5.97,63.18
borneo_rainforest,2019-01-23,33.55,26.23,9.98,6.22,76.59
borneo_rainforest,2019-01-24,30.04,22.8,14.73,4.62,75.89
borneo_rainforest,2019-01-25,31.61,23.62,10.19,7.0,87.85
borneo_rainforest,2019-01-26,32.56,22.83,11.94,6.29,79.44
borneo_rainforest,2019-01-27,33.53,25.2,17.13,9.79,67.09
borneo_rainforest,2019-01-28,31.23,24.0,8.44,6.99,100.0
borneo_rainforest,2019-01-29,33.46,22.63,4.13,5.8,100.0
borneo_rainforest,2019-01-30,30.44,23.49,8.25,7.82,56.44
borneo_rainforest,2019-01-31,31.52,23.09,5.56,6.99,81.66
borneo_rainforest,2019-02-01,33.73,24.42,2.28,4.06,85.66
borneo_rainforest,2019-02-02,31.23,22.35,18.97,7.49,93.19
borneo_rainforest,2019-02-03,30.07,20.43,12.61,6.69,78.37
borneo_rainforest,2019-02-04,32.22,24.37,8.65,6.31,88.64
borneo_rainforest,2019-02-05,31.56,25.15,12.47,6.16,70.64
borneo_rainforest,2019-02-06,29.19,23.84,12.81,7.75,89.21
borneo_rainforest,2019-02-07,32.77,23.49,7.61,6.57,86.36
borneo_rainforest,2019-02-08,31.99,21.87,5.6,7.72,82.54
borneo_rainforest,2019-02-09,29.4,23.05,4.99,7.4,81.29
borneo_rainforest,2019-02-10,33.0,23.07,2.93,7.74,91.61
borneo_rainforest,2019-02-11,31.9,23.84,2.14,7.5,82.47
borneo_rainforest,2019-02-12,33.65,22.43,19.58,6.33,85.86
borneo_rainforest,2019-02-13,32.0,24.93,6.58,6.36,76.84
borneo_rainforest,2019-02-14,31.02,23.72,8.88,7.04,72.95
borneo_rainforest,2019-02-15,31.57,24.52,12.8,3.82,88.06
borneo_rainforest,2019-02-16,31.45,23.78,8.07,8.02,70.59
borneo_rainforest,2019-02-17,31.87,21.95,9.95,7.09,100.0
borneo_rainforest,2019-02-18,31.72,23.41,3.8,8.19,93.77
borneo_rainforest,2019-02-19,30.03,23.46,9.79,5.87,72.54
borneo_rainforest,2019-02-20,31.38,24.27,10.74,5.02,70.12
borneo_rainforest,2019-02-21,32.83,22.21,2.1,5.75,74.56
borneo_rainforest,2019-02-22,31.84,25.62,7.8,6.43,81.77
borneo_rainforest,2019-02-23,29.21,23.06,8.33,6.21,90.6
borneo_rainforest,2019-02-24,33.13,22.56,11.77,6.28,90.51
borneo_rainforest,2019-02-25,30.57,22.17,4.79,5.8,100.0
borneo_rainforest,2019-02-26,28.12,23.05,4.06,4.89,78.65
borneo_rainforest,2019-02-27,33.18,22.44,18.52,6.49,75.43
borneo_rainforest,2019-02-28,28.89,23.12,14.66,6.46,78.02
borneo_rainforest,2019-03-01,30.06,24.39,17.97,7.12,74.0
borneo_rainforest,2019-03-02,29.96,22.64,13.69,7.31,68.78
borneo_rainforest,2019-03-03,29.4,23.31,8.43,7.26,86.95
borneo_rainforest,2019-03-04,28.31,23.23,14.75,6.07,71.87
borneo_rainforest,2019-03-05,31.11,22.25,8.06,5.75,77.1
borneo_rainforest,2019-03-06,32.21,20.03,7.6,8.58,70.1
borneo_rainforest,2019-03-07,33.56,22.44,12.9,5.11,56.31
borneo_rainforest,2019-03-08,31.88,22.52,10.21,8.94,84.08
borneo_rainforest,2019-03-09,30.81,21.16,10.63,7.22,60.66
borneo_rainforest,2019-03-10,31.58,20.12,14.13,7.6,79.57
borneo_rainforest,2019-03-11,33.07,23.59,6.74,8.01,55.89
borneo_rainforest,2019-03-12,30.12,22.52,4.47,7.02,100.0
borneo_rainforest,2019-03-13,30.49,21.94,3.56,6.68,99.11
borneo_rainforest,2019-03-14,34.22,21.42,8.95,6.57,56.81
borneo_rainforest,2019-03-15,31.15,22.7,7.54,4.57,72.22
borneo_rainforest,2019-03-16,32.02,23.84,12.13,7.09,58.61
borneo_rainforest,2019-03-17,28.16,22.83,9.6,4.7,62.04
borneo_rainforest,2019-03-18,29.08,22.18,9.49,4.7,81.68
borneo_rainforest,2019-03-19,33.53,23.15,1.33,6.16,56.3
borneo_rainforest,2019-03-20,31.66,24.03,12.57,4.39,85.32
borneo_rainforest,2019-03-21,27.22,21.73,5.34,4.53,71.34
borneo_rainforest,2019-03-22,30.38,24.01,11.97,8.55,77.13
borneo_rainforest,2019-03-23,31.8,21.36,8.39,8.08,67.55
borneo_rainforest,2019-03-24,28.9,23.19,7.16,5.53,56.79
borneo_rainforest,2019-03-25,29.63,21.67,9.58,5.72,85.97
borneo_rainforest,2019-03-26,30.17,21.88,9.51,6.98,79.58
borneo_rainforest,2019-03-27,30.81,22.29,9.52,10.09,76.22
borneo_rainforest,2019-03-28,30.23,23.42,3.42,6.24,59.64
borneo_rainforest,2019-03-29,31.88,23.24,4.26,4.44,82.02
borneo_rainforest,2019-03-30,33.23,24.04,9.85,4.76,72.02
borneo_rainforest,2019-03-31,31.02,21.73,14.27,6.73,75.85
borneo_rainforest,2019-04-01,30.47,22.45,4.28,6.15,83.64
borneo_rainforest,2019-04-02,29.8,22.52,14.61,6.95,88.15
borneo_rainforest,2019-04-03,30.28,23.41,9.2,3.65,89.36
borneo_rainforest,2019-04-04,31.23,21.19,8.25,7.7,72.32
borneo_rainforest,2019-04-05,30.37,22.49,11.12,5.59,68.45
borneo_rainforest,2019-04-06,31.24,21.09,6.69,5.96,87.46
borneo_rainforest,2019-04-07,31.4,23.29,2.03,4.95,71.4
borneo_rainforest,2019-04-08,31.83,21.24,8.72,4.93,46.21
borneo_rainforest,2019-04-09,31.95,20.61,7.39,4.0,65.1
borneo_rainforest,2019-04-10,33.08,21.68,2.5,6.95,67.32
borneo_rainforest,2019-04-11,28.58,23.79,3.26,5.38,89.76
borneo_rainforest,2019-04-12,30.02,22.1,12.36,3.58,89.79
borneo_rainforest,2019-04-13,30.87,24.84,2.57,4.67,51.35
borneo_rainforest,2019-04-14,29.5,22.75,9.03,2.58,74.21
borneo_rainforest,2019-04-15,29.09,23.64,12.14,2.95,69.91
borneo_rainforest,2019-04-16,32.05,24.35,10.65,5.33,65.35
borneo_rainforest,2019-04-17,31.8,22.36,3.62,6.03,70.49
borneo_rainforest,2019-04-18,30.87,23.06,3.19,9.12,78.37
borneo_rainforest,2019-04-19,30.52,21.1,2.91,4.17,68.92
borneo_rainforest,2019-04-20,31.86,22.29,10.83,7.22,67.21
borneo_rainforest,2019-04-21,31.93,21.87,12.27,5.98,60.04
borneo_rainforest,2019-04-22,29.32,23.64,8.94,5.83,91.85
borneo_rainforest,2019-04-23,30.43,23.74,10.7,4.47,73.07
borneo_rainforest,2019-04-24,30.83,23.98,5.17,5.22,70.89
borneo_rainforest,2019-04-25,29.83,20.79,9.23,6.03,69.69
borneo_rainforest,2019-04-26,28.85,22.55,6.44,4.51,71.35
borneo_rainforest,2019-04-27,27.92,22.35,6.82,7.76,68.63
borneo_rainforest,2019-04-28,31.08,21.63,8.11,3.75,65.28
borneo_rainforest,2019-04-29,29.35,22.49,0.0,5.74,82.75
borneo_rainforest,2019-04-30,30.4,21.96,1.54,5.38,61.64
borneo_rainforest,2019-05-01,30.51,21.97,7.2,6.42,88.2
borneo_rainforest,2019-05-02,30.94,22.98,1.12,6.08,52.73
borneo_rainforest,2019-05-03,30.13,21.72,8.19,4.85,52.72
borneo_rainforest,2019-05-04,30.37,21.52,12.24,4.43,66.98
borneo_rainforest,2019-05-05,28.65,20.09,10.1,4.58,68.93
borneo_rainforest,2019-05-06,29.08,22.5,0.0,3.85,78.22
borneo_rainforest,2019-05-07,30.98,23.12,2.23,3.86,73.05
borneo_rainforest,2019-05-08,29.45,21.56,8.69,4.82,56.51
borneo_rainforest,2019-05-09,29.41,21.3,4.3,5.14,73.44
borneo_rainforest,2019-05-10,32.61,22.4,11.49,6.29,86.55
borneo_rainforest,2019-05-11,30.84,21.37,0.71,6.19,60.76
borneo_rainforest,2019-05-12,30.32,22.24,3.27,4.56,40.62
borneo_rainforest,2019-05-13,30.55,21.49,4.68,7.19,37.41
borneo_rainforest,2019-05-14,30.75,23.07,7.51,6.82,65.12
borneo_rainforest,2019-05-15,31.58,21.44,0.0,3.49,83.71
borneo_rainforest,2019-05-16,31.83,24.95,10.26,3.27,55.66
borneo_rainforest,2019-05-17,32.29,22.06,9.66,4.94,57.73
borneo_rainforest,2019-05-18,29.6,20.5,6.21,3.33,99.58
borneo_rainforest,2019-05-19,30.65,21.57,0.0,4.51,58.63
borneo_rainforest,2019-05-20,30.8,23.64,17.06,4.78,60.36
borneo_rainforest,2019-05-21,33.95,23.78,3.5,5.61,45.04
borneo_rainforest,2019-05-22,31.57,22.37,0.0,4.25,59.42
borneo_rainforest,2019-05-23,31.29,20.51,0.29,4.22,71.97
borneo_rainforest,2019-05-24,29.5,20.86,0.0,5.6,68.2
borneo_rainforest,2019-05-25,28.57,23.78,0.0,5.81,66.88
borneo_rainforest,2019-05-26,31.43,21.88,3.3,4.28,53.37
borneo_rainforest,2019-05-27,32.04,22.92,15.17,5.06,80.76
borneo_rainforest,2019-05-28,30.78,22.69,0.0,4.11,38.22
borneo_rainforest,2019-05-29,28.35,21.07,10.75,5.29,56.65
borneo_rainforest,2019-05-30,30.79,21.68,6.25,4.24,83.04
borneo_rainforest,2019-05-31,31.14,21.89,0.39,4.3,81.53
borneo_rainforest,2019-06-01,28.38,21.58,0.0,3.91,70.41
borneo_rainforest,2019-06-02,31.65,22.03,3.0,4.49,74.24
borneo_rainforest,2019-06-03,30.29,22.45,0.74,3.42,53.97
borneo_rainforest,2019-06-04,32.24,22.34,15.48,3.07,52.01
borneo_rainforest,2019-06-05,27.54,21.24,0.0,6.55,46.17
borneo_rainforest,2019-06-06,29.05,21.63,5.57,5.79,71.77
borneo_rainforest,2019-06-07,30.58,23.79,0.6,4.92,85.02
borneo_rainforest,2019-06-08,33.34,22.02,4.44,2.69,67.18
borneo_rainforest,2019-06-09,31.86,22.14,7.7,4.33,65.66
borneo_rainforest,2019-06-10,28.32,21.29,0.0,7.09,67.4
borneo_rainforest,2019-06-11,28.42,21.86,6.29,4.45,77.83
borneo_rainforest,2019-06-12,30.73,21.51,1.84,1.53,82.76
borneo_rainforest,2019-06-13,29.16,20.76,2.3,5.21,41.92
borneo_rainforest,2019-06-14,27.53,23.48,5.03,5.71,77.57
borneo_rainforest,2019-06-15,29.77,22.45,11.2,5.14,71.59
borneo_rainforest,2019-06-16,30.78,25.05,10.8,5.34,71.2
borneo_rainforest,2019-06-17,29.44,24.55,0.0,6.25,50.01
borneo_rainforest,2019-06-18,30.02,21.95,3.07,5.78,75.22
borneo_rainforest,2019-06-19,29.94,21.92,8.12,3.81,80.77
borneo_rainforest,2019-06-20,30.04,20.98,4.83,1.09,63.84
borneo_rainforest,2019-06-21,29.75,20.2,2.28,5.95,67.62
borneo_rainforest,2019-06-22,28.28,22.34,3.35,3.34,61.4
borneo_rainforest,2019-06-23,30.69,21.98,3.51,2.4,74.8
borneo_rainforest,2019-06-24,28.62,22.58,2.3,6.33,58.59
borneo_rainforest,2019-06-25,29.49,20.69,0.0,4.91,70.54
borneo_rainforest,2019-06-26,29.84,25.53,0.0,5.25,75.89
borneo_rainforest,2019-06-27,28.27,23.68,0.57,5.78,51.87
borneo_rainforest,2019-06-28,30.33,20.84,0.0,3.46,67.3
borneo_rainforest,2019-06-29,28.82,20.67,11.99,3.65,66.21
borneo_rainforest,2019-06-30,28.99,21.66,6.77,8.19,71.02
borneo_rainforest,2019-07-01,29.45,22.0,6.56,6.16,63.51
borneo_rainforest,2019-07-02,33.48,24.25,3.64,5.06,73.48
borneo_rainforest,2019-07-03,30.46,22.41,10.12,3.64,55.56
borneo_rainforest,2019-07-04,32.46,21.94,1.04,3.31,78.53
borneo_rainforest,2019-07-05,28.83,20.48,11.16,7.64,65.24
borneo_rainforest,2019-07-06,31.06,21.49,5.46,5.75,76.7
borneo_rainforest,2019-07-07,29.1,23.15,4.29,4.4,53.35
borneo_rainforest,2019-07-08,30.25,21.57,0.63,8.68,78.64
borneo_rainforest,2019-07-09,28.48,20.69,10.43,5.32,87.64
borneo_rainforest,2019-07-10,30.52,22.05,0.0,4.2,79.73
borneo_rainforest,2019-07-11,30.91,22.9,11.21,2.96,69.71
borneo_rainforest,2019-07-12,30.77,22.69,0.0,4.69,64.66
borneo_rainforest,2019-07-13,30.34,23.71,0.0,4.68,72.0
borneo_rainforest,2019-07-14,29.4,22.24,1.08,2.86,56.91
borneo_rainforest,2019-07-15,26.98,23.75,0.52,7.9,74.49
borneo_rainforest,2019-07-16,27.45,21.34,3.13,5.25,61.92
borneo_rainforest,2019-07-17,28.9,21.91,4.04,4.15,65.48
borneo_rainforest,2019-07-18,30.55,22.63,1.48,7.33,68.18
borneo_rainforest,2019-07-19,28.65,20.79,4.62,5.8,57.01
borneo_rainforest,2019-07-20,28.06,22.31,3.51,4.23,80.55
borneo_rainforest,2019-07-21,31.64,21.31,13.81,3.56,83.12
borneo_rainforest,2019-07-22,28.73,22.78,13.04,5.73,58.49
borneo_rainforest,2019-07-23,29.4,22.82,1.7,4.27,73.03
borneo_rainforest,2019-07-24,30.64,19.87,2.75,6.36,78.69
borneo_rainforest,2019-07-25,28.91,24.21,0.0,2.92,76.61
borneo_rainforest,2019-07-26,29.52,21.55,0.0,4.24,73.04
borneo_rainforest,2019-07-27,30.26,22.24,7.1,6.63,57.57
borneo_rainforest,2019-07-28,30.59,20.78,8.73,2.81,64.37
borneo_rainforest,2019-07-29,31.99,21.69,0.0,4.59,63.01
borneo_rainforest,2019-07-30,27.94,23.29,0.0,6.58,78.79
borneo_rainforest,2019-07-31,26.93,21.01,0.0,6.34,48.85
borneo_rainforest,2019-08-01,30.5,22.83,4.81,6.05,65.57
borneo_rainforest,2019-08-02,32.02,22.35,6.18,6.47,69.37
borneo_rainforest,2019-08-03,29.93,23.19,5.5,7.89,71.04
borneo_rainforest,2019-08-04,29.97,20.01,0.0,2.76,77.24
borneo_rainforest,2019-08-05,29.5,24.14,7.83,3.34,48.88
borneo_rainforest,2019-08-06,31.41,23.69,10.74,4.83,71.54
borneo_rainforest,2019-08-07,29.7,22.54,0.0,5.41,75.71
borneo_rainforest,2019-08-08,29.71,24.08,3.65,5.8,56.8
borneo_rainforest,2019-08-09,30.3,23.54,4.6,4.13,86.58
borneo_rainforest,2019-08-10,28.69,23.66,0.7,7.21,96.67
borneo_rainforest,2019-08-11,30.72,23.69,2.98,6.12,69.08
borneo_rainforest,2019-08-12,27.34,21.27,4.87,8.41,66.86
borneo_rainforest,2019-08-13,31.36,22.2,13.55,7.05,45.48
borneo_rainforest,2019-08-14,30.98,22.56,16.23,6.44,68.41
borneo_rainforest,2019-08-15,31.21,21.7,9.14,3.91,87.29
borneo_rainforest,2019-08-16,29.16,23.12,0.89,3.77,67.72
borneo_rainforest,2019-08-17,31.81,22.69,0.0,4.98,67.77
borneo_rainforest,2019-08-18,30.52,22.89,4.89,3.88,69.05
borneo_rainforest,2019-08-19,31.85,21.0,8.63,2.42,77.8
borneo_rainforest,2019-08-20,30.65,20.9,0.0,4.91,69.68
borneo_rainforest,2019-08-21,31.1,22.89,13.38,9.33,67.72
borneo_rainforest,2019-08-22,29.94,22.27,11.29,7.05,58.77
borneo_rainforest,2019-08-23,28.5,21.6,7.08,3.61,59.46
borneo_rainforest,2019-08-24,29.86,22.23,0.0,5.88,88.24
borneo_rainforest,2019-08-25,30.99,22.61,8.44,5.44,84.62
borneo_rainforest,2019-08-26,30.17,22.95,0.38,4.25,57.87
borneo_rainforest,2019-08-27,29.31,23.07,11.7,6.0,65.84
borneo_rainforest,2019-08-28,30.25,22.12,0.0,4.08,70.52
borneo_rainforest,2019-08-29,29.8,22.15,10.63,4.04,62.15
borneo_rainforest,2019-08-30,30.72,21.34,5.43,4.53,72.18
borneo_rainforest,2019-08-31,32.77,21.84,0.0,2.93,84.6
borneo_rainforest,2019-09-01,33.27,22.23,11.96,5.55,56.48
borneo_rainforest,2019-09-02,30.09,21.35,10.62,5.59,73.46
borneo_rainforest,2019-09-03,30.81,20.48,0.35,3.99,83.54
borneo_rainforest,2019-09-04,27.41,21.09,9.7,6.75,65.49
borneo_rainforest,2019-09-05,30.67,23.67,0.59,4.35,67.96
borneo_rainforest,2019-09-06,29.44,23.08,8.14,5.09,67.72
borneo_rainforest,2019-09-07,30.93,23.31,6.4,4.1,65.96
borneo_rainforest,2019-09-08,28.11,22.36,2.71,6.26,65.47
borneo_rainforest,2019-09-09,29.99,21.85,11.07,4.93,92.11
borneo_rainforest,2019-09-10,28.33,24.75,7.84,6.78,60.97
borneo_rainforest,2019-09-11,30.13,23.95,0.0,6.72,74.17
borneo_rainforest,2019-09-12,33.93,24.26,0.0,6.18,68.25
borneo_rainforest,2019-09-13,29.12,20.63,5.14,6.59,77.86
borneo_rainforest,2019-09-14,29.01,24.76,0.0,7.58,98.59
borneo_rainforest,2019-09-15,30.47,23.17,13.91,6.73,76.23
borneo_rainforest,2019-09-16,29.28,22.49,18.5,5.74,83.72
borneo_rainforest,2019-09-17,32.37,23.59,2.63,6.22,86.7
borneo_rainforest,2019-09-18,29.29,24.19,0.0,6.57,74.07
borneo_rainforest,2019-09-19,28.5,23.82,9.46,4.83,100.0
borneo_rainforest,2019-09-20,31.5,23.84,5.76,4.96,82.36
borneo_rainforest,2019-09-21,32.6,22.72,12.43,7.0,74.96
borneo_rainforest,2019-09-22,30.99,21.76,7.8,7.12,54.47
borneo_rainforest,2019-09-23,29.72,22.73,5.81,8.86,57.53
borneo_rainforest,2019-09-24,31.42,25.06,9.33,6.05,100.0
borneo_rainforest,2019-09-25,31.64,22.2,0.0,7.01,63.98
borneo_rainforest,2019-09-26,32.61,23.73,10.04,6.01,61.62
borneo_rainforest,2019-09-27,31.65,21.07,1.71,9.64,82.25
borneo_rainforest,2019-09-28,27.88,22.76,6.87,8.83,75.34
borneo_rainforest,2019-09-29,30.75,24.33,9.91,4.15,86.64
borneo_rainforest,2019-09-30,30.09,21.8,4.74,7.61,76.77
borneo_rainforest,2019-10-01,30.51,22.07,9.27,3.83,68.66
borneo_rainforest,2019-10-02,26.92,23.74,1.53,10.11,54.01
borneo_rainforest,2019-10-03,30.16,23.02,5.63,5.87,71.76
borneo_rainforest,2019-10-04,29.04,23.5,6.28,5.69,48.98
borneo_rainforest,2019-10-05,31.9,24.21,17.15,1.52,50.14
borneo_rainforest,2019-10-06,30.9,21.57,11.94,5.85,94.08
borneo_rainforest,2019-10-07,31.56,21.86,4.81,4.98,67.61
borneo_rainforest,2019-10-08,32.4,24.7,7.77,5.41,80.21
borneo_rainforest,2019-10-09,30.3,22.31,6.48,6.93,77.42
borneo_rainforest,2019-10-10,31.36,24.33,10.28,7.4,85.6
borneo_rainforest,2019-10-11,32.12,23.17,17.79,5.82,79.33
borneo_rainforest,2019-10-12,33.95,25.79,0.0,6.4,80.05
borneo_rainforest,2019-10-13,33.97,23.1,0.0,6.93,80.55
borneo_rainforest,2019-10-14,32.21,24.84,11.34,6.01,94.94
borneo_rainforest,2019-10-15,30.28,22.73,14.14,4.56,94.46
borneo_rainforest,2019-10-16,34.96,23.24,14.14,8.9,62.97
borneo_rainforest,2019-10-17,33.22,23.63,7.28,4.6,84.37
borneo_rainforest,2019-10-18,33.06,24.6,10.49,7.24,78.3
borneo_rainforest,2019-10-19,33.47,23.69,11.2,8.02,39.71
borneo_rainforest,2019-10-20,30.87,25.93,13.91,8.93,100.0
borneo_rainforest,2019-10-21,29.62,25.19,13.47,5.9,64.56
borneo_rainforest,2019-10-22,31.46,24.61,10.54,6.2,74.02
borneo_rainforest,2019-10-23,32.25,24.78,19.65,7.4,84.11
borneo_rainforest,2019-10-24,31.47,23.56,13.89,6.86,67.73
borneo_rainforest,2019-10-25,30.42,23.15,4.55,7.28,87.87
borneo_rainforest,2019-10-26,34.81,24.22,14.47,8.36,87.92
borneo_rainforest,2019-10-27,33.14,25.16,11.46,7.19,96.49
borneo_rainforest,2019-10-28,31.17,23.34,16.61,5.33,68.91
borneo_rainforest,2019-10-29,36.0,23.96,8.37,10.29,84.98
borneo_rainforest,2019-10-30,29.11,23.19,14.21,6.49,70.3
borneo_rainforest,2019-10-31,30.13,23.16,14.68,6.99,66.02
borneo_rainforest,2019-11-01,33.15,23.47,16.94,5.76,63.04
borneo_rainforest,2019-11-02,32.88,24.82,6.61,3.39,91.45
borneo_rainforest,2019-11-03,29.6,22.22,17.81,3.79,78.07
borneo_rainforest,2019-11-04,32.49,24.87,0.7,6.64,97.57
borneo_rainforest,2019-11-05,30.71,24.08,3.36,4.27,79.51
borneo_rainforest,2019-11-06,30.03,23.84,9.81,4.02,100.0
borneo_rainforest,2019-11-07,33.36,24.99,19.44,7.06,66.08
borneo_rainforest,2019-11-08,30.74,24.66,12.18,7.04,83.16
borneo_rainforest,2019-11-09,32.31,24.79,0.0,6.28,74.88
borneo_rainforest,2019-11-10,29.53,24.51,12.86,8.23,82.43
borneo_rainforest,2019-11-11,28.15,23.57,8.91,5.93,84.21
borneo_rainforest,2019-11-12,27.65,24.98,14.25,7.2,96.14
borneo_rainforest,2019-11-13,32.87,23.66,15.32,7.96,56.24
borneo_rainforest,2019-11-14,30.58,23.27,12.49,5.48,72.33
borneo_rainforest,2019-11-15,30.89,23.29,10.99,6.11,99.05
borneo_rainforest,2019-11-16,30.95,21.16,16.79,6.42,80.06
borneo_rainforest,2019-11-17,30.68,23.84,14.04,6.66,78.04
borneo_rainforest,2019-11-18,31.85,23.47,13.1,5.56,61.72
borneo_rainforest,2019-11-19,33.69,23.31,9.49,10.92,74.15
borneo_rainforest,2019-11-20,29.64,24.62,9.83,9.56,97.49
borneo_rainforest,2019-11-21,30.85,24.76,9.04,7.35,100.0
borneo_rainforest,2019-11-22,33.58,21.28,11.54,5.3,92.33
borneo_rainforest,2019-11-23,30.04,21.46,9.94,10.37,96.54
borneo_rainforest,2019-11-24,30.92,23.94,12.79,8.36,91.25
borneo_rainforest,2019-11-25,31.95,21.64,9.1,8.53,74.65
borneo_rainforest,2019-11-26,30.95,23.77,14.36,6.72,100.0
borneo_rainforest,2019-11-27,29.43,23.86,8.11,7.81,83.2
borneo_rainforest,2019-11-28,30.44,23.66,10.68,8.48,71.88
borneo_rainforest,2019-11-29,31.83,22.9,12.28,4.54,75.48
borneo_rainforest,2019-11-30,31.56,25.58,17.05,7.16,94.31
borneo_rainforest,2019-12-01,31.94,20.63,6.86,7.16,100.0
borneo_rainforest,2019-12-02,32.95,25.51,10.81,7.97,80.55
borneo_rainforest,2019-12-03,34.85,23.93,18.98,8.13,87.96
borneo_rainforest,2019-12-04,32.76,21.43,13.28,6.62,71.52
borneo_rainforest,2019-12-05,34.16,22.0,15.28,5.24,88.32
borneo_rainforest,2019-12-06,31.52,23.83,2.5,3.22,95.62
borneo_rainforest,2019-12-07,30.63,25.52,10.51,7.34,73.81
borneo_rainforest,2019-12-08,32.71,24.08,6.32,7.06,100.0
borneo_rainforest,2019-12-09,30.94,23.74,8.74,5.62,70.01
borneo_rainforest,2019-12-10,32.58,24.1,11.15,6.19,98.63
borneo_rainforest,2019-12-11,33.26,22.27,12.67,9.85,100.0
borneo_rainforest,2019-12-12,31.45,23.22,11.0,5.23,86.14
borneo_rainforest,2019-12-13,31.67,23.28,10.85,4.05,89.0
borneo_rainforest,2019-12-14,31.58,23.94,13.2,7.35,93.56
borneo_rainforest,2019-12-15,31.17,24.72,11.56,5.85,96.17
borneo_rainforest,2019-12-16,30.61,23.12,15.24,8.39,89.17
borneo_rainforest,2019-12-17,31.51,23.72,9.21,6.99,94.28
borneo_rainforest,2019-12-18,31.91,24.09,18.32,3.6,100.0
borneo_rainforest,2019-12-19,28.71,21.75,17.27,6.62,93.57
borneo_rainforest,2019-12-20,31.72,25.19,7.3,6.2,74.06
borneo_rainforest,2019-12-21,31.78,24.65,13.22,8.3,97.14
borneo_rainforest,2019-12-22,29.15,23.09,16.49,7.21,86.94
borneo_rainforest,2019-12-23,33.1,24.81,13.01,7.55,100.0
borneo_rainforest,2019-12-24,33.47,24.06,17.59,10.19,85.07
borneo_rainforest,2019-12-25,33.16,23.74,14.76,8.94,72.91
borneo_rainforest,2019-12-26,30.0,24.05,14.48,5.56,76.0
borneo_rainforest,2019-12-27,34.74,25.8,13.85,5.55,87.89
borneo_rainforest,2019-12-28,31.28,23.94,18.64,5.62,89.5
borneo_rainforest,2019-12-29,31.58,25.99,12.73,6.05,72.15
borneo_rainforest,2019-12-30,31.05,23.85,19.97,4.83,100.0
borneo_rainforest,2019-12-31,31.18,22.68,16.63,6.71,100.0
borneo_rainforest,2020-01-01,33.67,23.19,11.07,5.75,82.23
borneo_rainforest,2020-01-02,32.46,24.51,2.29,6.88,87.53
borneo_rainforest,2020-01-03,31.55,24.72,10.15,7.71,100.0
borneo_rainforest,2020-01-04,32.06,25.0,5.6,7.15,89.14
borneo_rainforest,2020-01-05,27.87,22.48,14.14,5.09,66.97
borneo_rainforest,2020-01-06,31.54,24.87,5.5,6.55,76.56
borneo_rainforest,2020-01-07,30.19,27.03,10.86,7.09,73.32
borneo_rainforest,2020-01-08,30.55,22.62,5.11,6.3,73.3
borneo_rainforest,2020-01-09,32.75,25.17,10.93,6.25,94.75
borneo_rainforest,2020-01-10,32.5,23.15,12.08,5.29,80.07
borneo_rainforest,2020-01-11,30.6,23.01,5.2,7.63,85.79
borneo_rainforest,2020-01-12,32.75,25.55,8.78,7.35,74.34
borneo_rainforest,2020-01-13,32.09,25.54,0.74,5.99,70.92
borneo_rainforest,2020-01-14,32.72,25.0,11.17,8.47,77.79
borneo_rainforest,2020-01-15,31.57,24.74,20.43,3.57,75.2
borneo_rainforest,2020-01-16,30.06,22.66,13.85,4.28,79.92
borneo_rainforest,2020-01-17,30.42,24.58,12.65,10.2,78.84
borneo_rainforest,2020-01-18,31.55,22.55,19.32,8.02,99.61
borneo_rainforest,2020-01-19,31.01,23.01,10.84,6.23,89.08
borneo_rainforest,2020-01-20,31.25,23.82,8.46,7.09,93.57
borneo_rainforest,2020-01-21,32.82,23.8,6.77,5.59,82.53
borneo_rainforest,2020-01-22,28.11,22.99,11.06,8.99,80.94
borneo_rainforest,2020-01-23,32.5,22.87,8.8,8.28,78.99
borneo_rainforest,2020-01-24,33.19,23.04,7.76,5.43,77.09
borneo_rainforest,2020-01-25,31.44,23.19,13.7,6.84,48.69
borneo_rainforest,2020-01-26,32.13,23.19,19.42,6.89,97.55
borneo_rainforest,2020-01-27,32.77,26.43,9.32,7.31,97.49
borneo_rainforest,2020-01-28,31.62,21.74,8.37,5.03,87.22
borneo_rainforest,2020-01-29,31.87,22.4,11.53,6.44,82.85
borneo_rainforest,2020-01-30,30.91,22.63,12.97,5.39,84.5
borneo_rainforest,2020-01-31,29.78,24.04,10.71,8.54,99.1
borneo_rainforest,2020-02-01,29.21,26.1,10.32,7.82,63.68
borneo_rainforest,2020-02-02,32.98,23.56,15.53,4.56,91.64
borneo_rainforest,2020-02-03,30.65,23.61,10.45,4.91,81.07
borneo_rainforest,2020-02-04,30.81,23.28,4.1,5.17,80.71
borneo_rainforest,2020-02-05,29.38,23.96,13.1,6.64,66.07
borneo_rainforest,2020-02-06,31.62,22.31,13.39,7.95,91.17
borneo_rainforest,2020-02-07,32.95,22.93,8.52,7.65,53.01
borneo_rainforest,2020-02-08,29.32,22.97,5.67,8.44,80.11
borneo_rainforest,2020-02-09,32.01,24.41,2.78,7.71,78.04
borneo_rainforest,2020-02-10,31.71,22.81,16.52,6.23,100.0
borneo_rainforest,2020-02-11,29.92,23.69,13.82,7.73,87.6
borneo_rainforest,2020-02-12,30.95,23.39,13.68,3.57,80.26
borneo_rainforest,2020-02-13,30.99,22.59,15.54,5.4,55.14
borneo_rainforest,2020-02-14,31.1,24.34,2.7,3.22,66.18
borneo_rainforest,2020-02-15,33.02,22.06,7.34,5.12,86.54
borneo_rainforest,2020-02-16,33.06,24.8,8.66,4.2,80.95
borneo_rainforest,2020-02-17,31.08,24.62,7.84,6.68,85.08
borneo_rainforest,2020-02-18,32.24,25.49,9.7,4.25,77.17
borneo_rainforest,2020-02-19,30.36,22.82,6.18,6.52,62.44
borneo_rainforest,2020-02-20,29.28,23.99,15.41,6.33,83.0
borneo_rainforest,2020-02-21,30.97,22.35,4.45,6.97,88.43
borneo_rainforest,2020-02-22,31.43,23.76,4.62,6.42,78.1
borneo_rainforest,2020-02-23,31.78,23.19,4.43,6.3,84.65
borneo_rainforest,2020-02-24,30.58,22.78,12.58,4.1,77.42
borneo_rainforest,2020-02-25,33.28,22.37,7.65,11.34,84.12
borneo_rainforest,2020-02-26,31.55,24.98,3.78,5.82,72.35
borneo_rainforest,2020-02-27,31.48,23.1,3.2,8.03,71.41
borneo_rainforest,2020-02-28,29.8,24.27,5.56,7.14,89.02
borneo_rainforest,2020-02-29,32.53,23.96,6.2,5.95,59.94
borneo_rainforest,2020-03-01,30.33,21.51,6.95,5.15,68.68
borneo_rainforest,2020-03-02,33.29,22.64,12.19,6.1,71.46
borneo_rainforest,2020-03-03,30.28,22.67,19.66,6.71,58.08
borneo_rainforest,2020-03-04,32.01,24.51,8.41,3.53,88.22
borneo_rainforest,2020-03-05,34.66,22.8,4.96,7.06,94.58
borneo_rainforest,2020-03-06,33.14,25.16,0.0,5.05,81.85
borneo_rainforest,2020-03-07,32.62,23.77,1.86,8.32,65.33
borneo_rainforest,2020-03-08,32.51,22.94,1.8,8.06,69.03
borneo_rainforest,2020-03-09,29.83,22.11,6.06,5.27,79.62
borneo_rainforest,2020-03-10,31.15,25.02,6.22,4.1,72.58
borneo_rainforest,2020-03-11,31.31,23.23,8.46,3.67,85.58
borneo_rainforest,2020-03-12,32.59,22.79,13.63,6.39,71.08
borneo_rainforest,2020-03-13,33.24,25.32,18.26,6.0,86.42
borneo_rainforest,2020-03-14,31.71,24.76,7.08,8.8,76.09
borneo_rainforest,2020-03-15,31.37,22.74,9.46,4.74,71.56
borneo_rainforest,2020-03-16,30.07,21.74,13.29,4.58,100.0
borneo_rainforest,2020-03-17,30.8,22.01,4.04,4.43,72.65
borneo_rainforest,2020-03-18,32.81,22.98,7.38,6.66,55.94
borneo_rainforest,2020-03-19,30.67,22.62,3.42,4.4,67.32
borneo_rainforest,2020-03-20,29.16,23.13,13.94,6.59,69.32
borneo_rainforest,2020-03-21,31.49,20.28,6.46,5.56,58.48
borneo_rainforest,2020-03-22,31.11,21.82,9.64,4.23,74.88
borneo_rainforest,2020-03-23,31.56,21.91,19.35,7.26,65.32
borneo_rainforest,2020-03-24,30.26,23.44,5.97,7.57,60.97
borneo_rainforest,2020-03-25,29.47,23.34,7.87,5.65,77.75
borneo_rainforest,2020-03-26,30.83,23.69,11.63,7.16,95.22
borneo_rainforest,2020-03-27,31.26,21.3,13.61,7.6,88.63
borneo_rainforest,2020-03-28,32.99,23.15,5.08,7.65,69.91
borneo_rainforest,2020-03-29,31.54,23.92,9.35,5.29,76.97
borneo_rainforest,2020-03-30,31.48,22.54,11.45,7.68,69.98
borneo_rainforest,2020-03-31,30.91,22.81,10.48,5.83,67.79
borneo_rainforest,2020-04-01,29.47,22.34,4.7,4.69,75.89
borneo_rainforest,2020-04-02,30.31,23.3,5.5,7.03,72.19
borneo_rainforest,2020-04-03,30.49,22.67,2.63,4.93,81.24
borneo_rainforest,2020-04-04,32.8,23.59,2.6,6.05,72.78
borneo_rainforest,2020-04-05,28.88,22.62,8.14,6.72,70.52
borneo_rainforest,2020-04-06,30.92,22.65,7.58,5.56,72.35
borneo_rainforest,2020-04-07,29.24,22.02,0.0,4.21,64.55
borneo_rainforest,2020-04-08,31.64,25.28,8.62,6.03,82.25
borneo_rainforest,2020-04-09,29.66,21.25,8.54,3.8,78.5
borneo_rainforest,2020-04-10,31.85,23.16,9.79,3.75,78.42
borneo_rainforest,2020-04-11,31.93,20.16,3.43,6.99,100.0
borneo_rainforest,2020-04-12,30.19,22.41,0.0,4.21,44.12
borneo_rainforest,2020-04-13,30.3,22.08,14.48,8.23,98.09
borneo_rainforest,2020-04-14,30.29,21.99,3.45,5.21,78.13
borneo_rainforest,2020-04-15,29.98,21.58,0.0,6.36,87.4
borneo_rainforest,2020-04-16,29.37,21.08,7.17,3.19,64.74
borneo_rainforest,2020-04-17,31.4,21.86,9.76,2.77,93.75
borneo_rainforest,2020-04-18,32.74,22.02,0.59,8.7,89.55
borneo_rainforest,2020-04-19,31.39,26.42,8.36,7.7,70.97
borneo_rainforest,2020-04-20,31.36,22.56,6.19,7.99,42.32
borneo_rainforest,2020-04-21,30.53,24.42,5.06,4.83,63.91
borneo_rainforest,2020-04-22,30.77,21.5,2.14,5.93,73.94
borneo_rainforest,2020-04-23,29.83,23.25,13.92,5.59,63.27
borneo_rainforest,2020-04-24,31.67,24.3,4.26,5.57,96.77
borneo_rainforest,2020-04-25,30.58,22.48,9.72,7.4,51.66
borneo_rainforest,2020-04-26,31.38,24.24,2.15,7.08,84.76
borneo_rainforest,2020-04-27,32.86,20.81,10.23,5.81,65.78
borneo_rainforest,2020-04-28,30.95,24.36,6.1,3.93,68.15
borneo_rainforest,2020-04-29,30.9,23.04,13.84,7.3,75.31
borneo_rainforest,2020-04-30,29.28,22.28,1.99,3.21,74.72
borneo_rainforest,2020-05-01,31.31,24.24,7.51,4.43,49.15
borneo_rainforest,2020-05-02,29.37,21.73,2.48,4.42,64.87
borneo_rainforest,2020-05-03,31.1,23.17,0.0,3.81,65.77
borneo_rainforest,2020-05-04,31.45,22.62,0.56,6.36,71.77
borneo_rainforest,2020-05-05,31.62,22.92,1.52,4.53,61.33
borneo_rainforest,2020-05-06,31.56,23.26,13.16,4.63,51.8
borneo_rainforest,2020-05-07,29.76,20.45,3.2,3.68,70.41
borneo_rainforest,2020-05-08,28.68,22.96,2.58,5.46,75.16
borneo_rainforest,2020-05-09,31.68,24.68,9.35,5.54,71.29
borneo_rainforest,2020-05-10,31.18,21.79,14.9,4.8,73.79
borneo_rainforest,2020-05-11,28.55,23.94,9.29,5.18,52.06
borneo_rainforest,2020-05-12,32.7,23.94,11.21,5.79,69.82
borneo_rainforest,2020-05-13,30.84,21.71,0.02,5.52,85.54
borneo_rainforest,2020-05-14,30.75,20.31,4.89,5.94,69.67
borneo_rainforest,2020-05-15,28.26,22.87,0.0,2.95,64.46
borneo_rainforest,2020-05-16,28.29,22.24,12.38,4.1,65.13
borneo_rainforest,2020-05-17,31.81,23.04,6.01,5.16,60.8
borneo_rainforest,2020-05-18,31.05,21.44,8.17,3.7,62.06
borneo_rainforest,2020-05-19,32.54,22.46,13.3,4.04,61.88
borneo_rainforest,2020-05-20,32.32,21.45,0.47,2.13,69.49
borneo_rainforest,2020-05-21,27.92,22.86,4.14,7.88,76.49
borneo_rainforest,2020-05-22,29.02,22.01,1.23,5.31,59.54
borneo_rainforest,2020-05-23,28.55,21.14,8.7,4.48,78.35
borneo_rainforest,2020-05-24,27.44,23.28,8.2,6.82,71.24
borneo_rainforest,2020-05-25,30.65,21.23,7.23,6.72,75.84
borneo_rainforest,2020-05-26,27.32,22.98,4.21,5.0,58.89
borneo_rainforest,2020-05-27,30.47,22.68,6.15,5.85,66.1
borneo_rainforest,2020-05-28,32.19,22.27,0.23,4.3,65.71
borneo_rainforest,2020-05-29,29.72,23.13,7.6,6.45,62.81
borneo_rainforest,2020-05-30,32.24,20.72,9.16,4.74,52.36
borneo_rainforest,2020-05-31,31.49,22.54,1.41,4.12,82.81
borneo_rainforest,2020-06-01,29.42,21.75,0.0,4.99,58.4
borneo_rainforest,2020-06-02,31.36,20.87,11.76,3.17,61.9
borneo_rainforest,2020-06-03,32.09,24.09,11.45,5.41,60.92
borneo_rainforest,2020-06-04,34.92,21.31,5.63,4.49,70.8
borneo_rainforest,2020-06-05,30.37,23.88,5.86,4.93,73.02
borneo_rainforest,2020-06-06,30.57,25.24,0.0,4.98,54.77
borneo_rainforest,2020-06-07,32.77,28.1,5.13,5.35,61.88
borneo_rainforest,2020-06-08,30.05,20.13,0.49,4.64,62.51
borneo_rainforest,2020-06-09,31.49,22.69,0.0,4.81,82.94
borneo_rainforest,2020-06-10,30.25,21.32,6.93,5.04,75.22
borneo_rainforest,2020-06-11,30.98,23.9,12.97,5.66,65.21
borneo_rainforest,2020-06-12,27.67,22.44,4.17,5.56,90.25
borneo_rainforest,2020-06-13,31.53,24.49,0.0,5.69,76.91
borneo_rainforest,2020-06-14,29.36,22.94,1.91,2.77,47.54
borneo_rainforest,2020-06-15,32.61,22.64,7.08,3.36,45.44
borneo_rainforest,2020-06-16,28.36,22.79,13.96,6.91,70.63
borneo_rainforest,2020-06-17,31.91,20.46,0.0,4.77,81.54
borneo_rainforest,2020-06-18,31.21,21.4,1.25,6.19,50.23
borneo_rainforest,2020-06-19,31.34,23.17,2.21,4.71,87.5
borneo_rainforest,2020-06-20,31.37,22.93,0.0,3.76,62.76
borneo_rainforest,2020-06-21,28.08,21.32,4.75,1.8,71.17
borneo_rainforest,2020-06-22,31.15,22.74,0.0,2.12,70.55
borneo_rainforest,2020-06-23,30.84,20.31,4.09,8.25,42.89
borneo_rainforest,2020-06-24,30.3,23.23,0.0,7.35,80.79
borneo_rainforest,2020-06-25,28.95,23.77,6.32,6.57,46.49
borneo_rainforest,2020-06-26,28.54,23.53,5.76,7.08,44.33
borneo_rainforest,2020-06-27,28.98,23.85,9.81,4.94,66.19
borneo_rainforest,2020-06-28,28.87,21.32,5.03,3.6,46.36
borneo_rainforest,2020-06-29,30.89,24.67,0.76,5.62,70.29
borneo_rainforest,2020-06-30,30.03,22.25,0.67,5.09,54.73
borneo_rainforest,2020-07-01,30.06,23.77,7.29,3.95,55.91
borneo_rainforest,2020-07-02,32.24,20.06,7.03,4.58,75.27
borneo_rainforest,2020-07-03,30.5,23.19,0.79,3.64,76.9
borneo_rainforest,2020-07-04,30.92,23.4,0.0,6.18,68.53
borneo_rainforest,2020-07-05,31.41,22.61,6.29,7.46,48.82
borneo_rainforest,2020-07-06,31.79,20.56,0.0,4.17,59.1
borneo_rainforest,2020-07-07,32.02,23.04,0.51,5.93,63.7
borneo_rainforest,2020-07-08,30.84,20.19,10.77,4.25,60.4
borneo_rainforest,2020-07-09,31.18,19.75,4.05,7.5,67.58
borneo_rainforest,2020-07-10,31.2,22.38,7.21,6.81,42.01
borneo_rainforest,2020-07-11,31.17,22.61,15.11,4.61,71.97
borneo_rainforest,2020-07-12,26.15,25.2,7.19,5.04,62.6
borneo_rainforest,2020-07-13,29.28,23.0,9.23,4.73,60.28
borneo_rainforest,2020-07-14,32.35,22.98,11.95,7.64,73.79
borneo_rainforest,2020-07-15,30.8,21.54,7.97,4.45,73.71
borneo_rainforest,2020-07-16,32.06,22.68,10.71,6.58,48.69
borneo_rainforest,2020-07-17,30.22,21.05,1.52,7.1,68.97
borneo_rainforest,2020-07-18,30.73,23.3,0.01,4.66,71.23
borneo_rainforest,2020-07-19,29.27,23.76,6.24,6.73,68.54
borneo_rainforest,2020-07-20,30.71,22.74,0.0,3.65,79.58
borneo_rainforest,2020-07-21,31.55,21.32,8.54,6.43,63.05
borneo_rainforest,2020-07-22,28.03,22.25,8.93,5.97,70.55
borneo_rainforest,2020-07-23,28.1,23.62,0.0,4.44,52.25
borneo_rainforest,2020-07-24,30.98,22.03,0.29,5.66,66.04
borneo_rainforest,2020-07-25,32.19,21.81,3.65,3.59,100.0
borneo_rainforest,2020-07-26,29.54,21.19,7.88,6.69,84.28
borneo_rainforest,2020-07-27,29.23,23.49,9.01,3.6,89.48
borneo_rainforest,2020-07-28,28.94,23.16,0.0,6.82,75.67
borneo_rainforest,2020-07-29,30.6,22.8,8.15,7.69,67.65
borneo_rainforest,2020-07-30,29.81,23.01,10.65,3.66,76.04
borneo_rainforest,2020-07-31,32.33,20.86,1.49,6.99,81.61
borneo_rainforest,2020-08-01,29.65,22.25,0.52,4.61,72.75
borneo_rainforest,2020-08-02,28.8,21.32,2.63,5.7,95.65
borneo_rainforest,2020-08-03,28.84,20.92,0.0,6.44,75.35
borneo_rainforest,2020-08-04,30.71,22.29,7.56,2.61,60.17
borneo_rainforest,2020-08-05,30.55,22.9,3.75,2.33,57.83
borneo_rainforest,2020-08-06,30.15,22.8,7.22,3.85,75.91
borneo_rainforest,2020-08-07,29.64,21.87,16.76,7.68,67.01
borneo_rainforest,2020-08-08,30.24,22.86,4.57,4.6,100.0
borneo_rainforest,2020-08-09,33.27,21.52,11.5,6.77,73.06
borneo_rainforest,2020-08-10,27.47,22.56,6.2,5.35,73.77
borneo_rainforest,2020-08-11,29.48,21.21,1.01,4.87,74.06
borneo_rainforest,2020-08-12,29.3,20.08,4.88,7.37,76.96
borneo_rainforest,2020-08-13,29.38,23.17,9.32,5.29,64.52
borneo_rainforest,2020-08-14,31.15,22.76,11.73,5.67,63.91
borneo_rainforest,2020-08-15,29.71,21.4,6.41,3.24,63.1
borneo_rainforest,2020-08-16,28.7,21.65,6.49,6.76,69.97
borneo_rainforest,2020-08-17,29.3,19.04,9.53,4.69,59.39
borneo_rainforest,2020-08-18,30.89,22.65,0.0,5.42,68.5
borneo_rainforest,2020-08-19,30.9,22.81,12.49,6.57,67.15
borneo_rainforest,2020-08-20,31.04,22.9,7.82,4.87,80.6
borneo_rainforest,2020-08-21,29.38,23.24,3.31,5.1,76.85
borneo_rainforest,2020-08-22,29.79,23.53,7.52,4.78,73.46
borneo_rainforest,2020-08-23,30.9,20.85,3.35,5.23,82.69
borneo_rainforest,2020-08-24,31.79,22.15,3.15,5.89,71.24
borneo_rainforest,2020-08-25,30.71,23.2,6.19,4.36,70.74
borneo_rainforest,2020-08-26,27.76,20.86,8.13,7.9,38.62
borneo_rainforest,2020-08-27,33.66,21.78,5.35,7.11,83.82
borneo_rainforest,2020-08-28,31.03,24.21,14.0,5.53,64.67
borneo_rainforest,2020-08-29,30.13,21.7,0.0,4.26,69.05
borneo_rainforest,2020-08-30,29.26,22.67,1.53,5.19,79.72
borneo_rainforest,2020-08-31,34.5,23.19,0.0,6.49,75.64
borneo_rainforest,2020-09-01,31.52,23.36,10.0,8.73,55.05
borneo_rainforest,2020-09-02,32.84,23.45,4.58,6.69,62.9
borneo_rainforest,2020-09-03,30.05,21.54,2.75,3.76,66.47
borneo_rainforest,2020-09-04,30.25,21.92,4.45,5.39,93.34
borneo_rainforest,2020-09-05,29.07,23.81,2.4,4.69,72.47
borneo_rainforest,2020-09-06,32.69,23.09,6.56,5.29,64.48
borneo_rainforest,2020-09-07,33.66,22.99,2.35,5.26,80.89
borneo_rainforest,2020-09-08,27.96,23.2,10.45,4.76,61.06
borneo_rainforest,2020-09-09,30.21,20.69,6.54,7.1,100.0
borneo_rainforest,2020-09-10,33.6,20.97,6.5,2.51,66.17
borneo_rainforest,2020-09-11,29.97,23.08,2.54,6.87,77.24
borneo_rainforest,2020-09-12,30.09,23.13,1.8,7.44,87.27
borneo_rainforest,2020-09-13,31.49,22.02,5.31,4.27,57.5
borneo_rainforest,2020-09-14,33.13,24.9,9.24,6.3,48.43
borneo_rainforest,2020-09-15,31.77,22.96,6.86,5.97,59.76
borneo_rainforest,2020-09-16,31.23,23.18,3.7,4.07,86.42
borneo_rainforest,2020-09-17,34.3,21.66,6.49,8.02,71.37
borneo_rainforest,2020-09-18,30.63,23.15,10.69,8.86,76.23
borneo_rainforest,2020-09-19,29.48,21.51,12.15,7.24,91.92
borneo_rainforest,2020-09-20,31.14,21.84,5.31,4.39,57.26
borneo_rainforest,2020-09-21,30.61,24.01,12.81,7.51,83.14
borneo_rainforest,2020-09-22,30.52,22.82,13.82,5.94,95.82
borneo_rainforest,2020-09-23,31.37,22.05,9.78,5.08,92.17
borneo_rainforest,2020-09-24,32.05,22.84,2.17,8.13,94.28
borneo_rainforest,2020-09-25,30.31,24.48,10.77,5.83,76.43
borneo_rainforest,2020-09-26,30.23,25.88,3.8,4.95,83.65
borneo_rainforest,2020-09-27,27.64,22.23,5.49,6.26,80.81
borneo_rainforest,2020-09-28,30.22,20.72,13.75,5.52,81.74
borneo_rainforest,2020-09-29,32.82,23.15,11.43,4.2,65.81
borneo_rainforest,2020-09-30,31.18,22.23,12.1,6.79,63.53
borneo_rainforest,2020-10-01,31.02,25.17,15.4,7.33,64.35
borneo_rainforest,2020-10-02,31.7,22.6,5.68,5.49,80.99
borneo_rainforest,2020-10-03,30.73,24.08,7.12,6.95,49.1
borneo_rainforest,2020-10-04,34.56,23.63,17.33,7.49,75.47
borneo_rainforest,2020-10-05,30.22,23.83,7.04,4.48,85.72
borneo_rainforest,2020-10-06,32.64,23.08,14.27,7.63,100.0
borneo_rainforest,2020-10-07,33.25,25.32,14.31,5.12,77.33
borneo_rainforest,2020-10-08,30.93,22.08,12.96,7.57,54.03
borneo_rainforest,2020-10-09,32.97,22.97,10.73,6.35,92.09
borneo_rainforest,2020-10-10,30.24,24.61,17.71,7.72,88.06
borneo_rainforest,2020-10-11,30.39,23.38,11.85,3.65,66.56
borneo_rainforest,2020-10-12,32.38,22.28,4.85,7.36,81.61
borneo_rainforest,2020-10-13,31.01,22.41,13.66,7.75,100.0
borneo_rainforest,2020-10-14,33.69,22.76,12.04,6.93,61.01
borneo_rainforest,2020-10-15,33.39,23.44,11.24,10.46,100.0
borneo_rainforest,2020-10-16,30.44,23.48,8.24,5.8,82.88
borneo_rainforest,2020-10-17,30.4,23.6,10.05,7.25,67.62
borneo_rainforest,2020-10-18,29.37,26.53,7.92,8.36,83.77
borneo_rainforest,2020-10-19,33.58,24.32,7.63,8.89,71.14
borneo_rainforest,2020-10-20,31.43,25.23,7.07,6.06,100.0
borneo_rainforest,2020-10-21,33.24,23.9,5.1,7.43,80.51
borneo_rainforest,2020-10-22,33.78,23.18,7.84,7.0,91.57
borneo_rainforest,2020-10-23,32.82,23.47,8.28,4.42,70.94
borneo_rainforest,2020-10-24,28.67,25.1,7.54,5.84,74.18
borneo_rainforest,2020-10-25,33.69,24.86,19.46,5.72,61.22
borneo_rainforest,2020-10-26,31.78,24.09,13.66,6.13,53.46
borneo_rainforest,2020-10-27,30.74,24.57,19.1,8.98,81.7
borneo_rainforest,2020-10-28,31.27,24.11,7.72,4.82,74.11
borneo_rainforest,2020-10-29,30.09,24.32,7.45,6.62,85.24
borneo_rainforest,2020-10-30,31.29,23.33,2.43,6.05,81.2
borneo_rainforest,2020-10-31,29.39,21.82,12.15,8.18,75.69
borneo_rainforest,2020-11-01,32.31,23.05,8.61,6.21,88.97
borneo_rainforest,2020-11-02,32.66,23.5,18.7,6.6,85.5
borneo_rainforest,2020-11-03,34.2,21.8,7.21,6.67,84.09
borneo_rainforest,2020-11-04,29.66,24.85,9.61,5.4,87.46
borneo_rainforest,2020-11-05,29.18,23.16,21.41,4.54,62.88
borneo_rainforest,2020-11-06,29.45,24.48,10.3,7.74,77.44
borneo_rainforest,2020-11-07,31.14,24.68,8.25,5.86,70.51
borneo_rainforest,2020-11-08,30.8,23.94,16.5,7.19,72.94
borneo_rainforest,2020-11-09,30.61,23.93,12.74,7.29,71.25
borneo_rainforest,2020-11-10,33.49,24.88,13.97,9.19,87.91
borneo_rainforest,2020-11-11,32.34,23.18,14.82,8.18,75.97
borneo_rainforest,2020-11-12,31.39,23.07,19.54,6.77,67.35
borneo_rainforest,2020-11-13,32.71,23.19,4.53,7.59,93.63
borneo_rainforest,2020-11-14,29.78,25.19,5.58,5.27,85.17
borneo_rainforest,2020-11-15,30.72,23.02,10.9,6.9,71.67
borneo_rainforest,2020-11-16,30.4,25.42,17.73,5.58,59.28
borneo_rainforest,2020-11-17,31.71,24.06,13.3,8.63,83.67
borneo_rainforest,2020-11-18,33.73,23.63,2.11,6.04,75.67
borneo_rainforest,2020-11-19,32.31,24.05,12.33,7.71,74.78
borneo_rainforest,2020-11-20,32.72,25.01,19.3,6.42,71.17
borneo_rainforest,2020-11-21,32.72,25.34,25.47,7.07,88.06
borneo_rainforest,2020-11-22,30.74,24.98,15.4,9.05,100.0
borneo_rainforest,2020-11-23,29.84,28.62,7.31,6.02,81.66
borneo_rainforest,2020-11-24,33.58,21.71,13.11,7.55,77.28
borneo_rainforest,2020-11-25,31.55,23.99,17.11,6.77,82.15
borneo_rainforest,2020-11-26,33.85,24.23,9.02,7.22,72.95
borneo_rainforest,2020-11-27,32.9,25.12,8.91,6.81,92.26
borneo_rainforest,2020-11-28,31.94,23.8,23.18,7.4,78.07
borneo_rainforest,2020-11-29,36.73,24.66,15.94,9.98,91.57
borneo_rainforest,2020-11-30,31.69,23.48,18.49,5.06,88.6
borneo_rainforest,2020-12-01,29.54,24.36,1.44,6.07,77.07
borneo_rainforest,2020-12-02,31.26,22.81,6.35,6.64,78.01
borneo_rainforest,2020-12-03,31.6,22.25,0.0,8.51,71.78
borneo_rainforest,2020-12-04,30.66,23.43,11.3,6.98,78.56
borneo_rainforest,2020-12-05,32.26,24.42,8.77,5.84,91.62
borneo_rainforest,2020-12-06,30.65,21.76,14.61,10.17,84.18
borneo_rainforest,2020-12-07,35.08,24.8,14.52,4.61,97.67
borneo_rainforest,2020-12-08,31.85,22.6,18.24,5.82,61.17
borneo_rainforest,2020-12-09,31.2,24.36,17.14,10.1,73.27
borneo_rainforest,2020-12-10,33.3,24.01,11.38,4.74,75.4
borneo_rainforest,2020-12-11,32.45,21.93,18.0,6.01,85.4
borneo_rainforest,2020-12-12,30.13,22.22,7.6,9.43,100.0
borneo_rainforest,2020-12-13,32.82,25.04,13.15,5.41,87.41
borneo_rainforest,2020-12-14,29.86,24.85,6.46,4.33,100.0
borneo_rainforest,2020-12-15,32.19,22.62,11.84,6.79,74.46
borneo_rainforest,2020-12-16,29.98,23.38,9.88,6.31,91.61
borneo_rainforest,2020-12-17,33.41,24.27,19.86,7.82,84.92
borneo_rainforest,2020-12-18,33.3,23.34,16.12,6.84,99.53
borneo_rainforest,2020-12-19,32.3,23.66,9.9,4.9,82.38
borneo_rainforest,2020-12-20,31.47,24.51,11.13,6.95,91.66
borneo_rainforest,2020-12-21,31.69,22.35,12.32,6.64,96.5
borneo_rainforest,2020-12-22,29.95,23.37,10.59,6.94,57.47
borneo_rainforest,2020-12-23,32.77,23.86,11.9,9.34,94.2
borneo_rainforest,2020-12-24,32.4,24.07,15.14,6.6,91.99
borneo_rainforest,2020-12-25,30.24,24.24,8.98,7.06,66.76
borneo_rainforest,2020-12-26,32.87,23.85,10.72,7.12,81.43
borneo_rainforest,2020-12-27,33.84,23.15,13.94,7.52,86.27
borneo_rainforest,2020-12-28,31.61,25.6,21.53,9.2,86.56
borneo_rainforest,2020-12-29,30.68,23.28,14.11,6.52,67.65
borneo_rainforest,2020-12-30,31.33,21.56,13.91,6.86,99.33
borneo_rainforest,2020-12-31,31.1,21.3,14.44,6.31,100.0
borneo_rainforest,2021-01-01,31.89,23.39,6.77,7.28,82.71
borneo_rainforest,2021-01-02,31.42,25.09,12.05,6.07,61.23
borneo_rainforest,2021-01-03,31.32,24.63,6.31,3.86,100.0
borneo_rainforest,2021-01-04,31.74,24.29,12.07,4.62,85.74
borneo_rainforest,2021-01-05,32.64,27.07,4.92,6.5,64.94
borneo_rainforest,2021-01-06,31.79,23.01,9.53,7.63,89.58
borneo_rainforest,2021-01-07,30.91,24.95,20.18,8.31,91.71
borneo_rainforest,2021-01-08,32.03,23.36,15.37,4.25,92.76
borneo_rainforest,2021-01-09,31.97,23.59,15.53,9.99,97.75
borneo_rainforest,2021-01-10,33.31,24.26,13.67,8.38,100.0
borneo_rainforest,2021-01-11,31.02,25.08,18.71,6.35,84.43
borneo_rainforest,2021-01-12,31.72,24.29,20.61,7.05,82.54
borneo_rainforest,2021-01-13,33.57,21.58,10.23,3.8,60.72
borneo_rainforest,2021-01-14,32.1,23.63,16.38,7.39,85.36
borneo_rainforest,2021-01-15,29.75,24.29,14.21,6.28,79.72
borneo_rainforest,2021-01-16,34.51,22.09,0.0,5.79,84.23
borneo_rainforest,2021-01-17,31.73,23.77,6.05,6.25,63.14
borneo_rainforest,2021-01-18,32.69,25.3,20.64,5.13,91.92
borneo_rainforest,2021-01-19,32.63,24.58,21.69,5.24,93.72
borneo_rainforest,2021-01-20,33.01,22.47,5.96,7.07,71.56
borneo_rainforest,2021-01-21,32.95,23.67,10.22,6.11,87.26
borneo_rainforest,2021-01-22,33.52,25.65,21.84,5.82,73.28
borneo_rainforest,2021-01-23,30.47,23.77,11.47,6.43,56.6
borneo_rainforest,2021-01-24,32.7,23.05,14.74,7.61,65.85
borneo_rainforest,2021-01-25,30.23,23.91,19.96,6.4,77.03
borneo_rainforest,2021-01-26,30.16,24.72,8.94,5.01,79.69
borneo_rainforest,2021-01-27,30.69,22.07,19.52,5.2,82.99
borneo_rainforest,2021-01-28,31.07,23.26,16.79,5.68,80.26
borneo_rainforest,2021-01-29,32.0,23.75,10.04,3.75,89.34
borneo_rainforest,2021-01-30,30.47,24.97,14.05,6.45,75.79
borneo_rainforest,2021-01-31,32.43,23.56,8.23,3.84,66.64
borneo_rainforest,2021-02-01,31.15,24.29,16.27,4.93,77.47
borneo_rainforest,2021-02-02,32.25,22.3,15.18,6.55,65.52
borneo_rainforest,2021-02-03,28.29,23.63,7.63,7.31,65.48
borneo_rainforest,2021-02-04,29.89,25.12,18.5,4.62,76.77
borneo_rainforest,2021-02-05,32.0,22.51,9.64,7.19,87.84
borneo_rainforest,2021-02-06,31.57,24.84,4.01,3.33,65.46
borneo_rainforest,2021-02-07,34.65,24.65,5.62,7.89,61.67
borneo_rainforest,2021-02-08,34.94,24.3,9.85,5.5,81.38
borneo_rainforest,2021-02-09,28.56,26.19,12.16,5.66,97.41
borneo_rainforest,2021-02-10,29.77,22.35,11.66,4.94,76.0
borneo_rainforest,2021-02-11,30.05,23.32,3.66,8.11,80.75
borneo_rainforest,2021-02-12,29.45,23.91,11.43,6.32,55.52
borneo_rainforest,2021-02-13,30.97,22.05,7.15,6.25,93.28
borneo_rainforest,2021-02-14,32.93,22.96,7.59,3.28,79.96
borneo_rainforest,2021-02-15,32.21,23.62,9.42,4.0,83.96
borneo_rainforest,2021-02-16,32.47,24.52,9.18,2.53,73.1
borneo_rainforest,2021-02-17,29.71,22.77,15.77,8.92,86.74
borneo_rainforest,2021-02-18,30.54,22.38,17.41,6.07,76.69
borneo_rainforest,2021-02-19,31.04,22.4,12.78,4.95,87.06
borneo_rainforest,2021-02-20,31.03,23.8,5.31,4.95,55.98
borneo_rainforest,2021-02-21,29.11,25.8,5.41,8.7,69.47
borneo_rainforest,2021-02-22,29.01,22.41,9.67,10.55,79.68
borneo_rainforest,2021-02-23,30.66,22.56,6.92,7.59,75.68
borneo_rainforest,2021-02-24,30.65,23.07,13.74,6.55,71.31
borneo_rainforest,2021-02-25,30.88,24.42,6.83,6.38,81.69
borneo_rainforest,2021-02-26,30.83,22.02,10.27,6.63,92.21
borneo_rainforest,2021-02-27,30.51,25.13,17.37,10.53,69.53
borneo_rainforest,2021-02-28,31.87,26.04,15.25,6.28,93.02
borneo_rainforest,2021-03-01,29.62,24.13,3.65,6.48,76.57
borneo_rainforest,2021-03-02,32.69,22.15,7.64,6.16,80.06
borneo_rainforest,2021-03-03,30.4,23.57,10.42,6.94,76.76
borneo_rainforest,2021-03-04,30.96,23.91,9.29,5.52,50.43
borneo_rainforest,2021-03-05,30.65,20.78,9.45,7.66,83.46
borneo_rainforest,2021-03-06,30.89,26.52,4.66,5.3,73.74
borneo_rainforest,2021-03-07,31.26,24.46,9.08,3.04,73.36
borneo_rainforest,2021-03-08,32.36,25.01,10.94,4.34,72.05
borneo_rainforest,2021-03-09,30.9,24.95,15.92,3.63,78.12
borneo_rainforest,2021-03-10,30.98,23.05,19.35,5.74,83.81
borneo_rainforest,2021-03-11,31.97,23.15,20.43,7.41,75.22
borneo_rainforest,2021-03-12,29.7,22.59,6.3,5.45,81.4
borneo_rainforest,2021-03-13,29.68,22.25,14.62,6.8,63.44
borneo_rainforest,2021-03-14,31.75,24.48,6.72,5.01,50.02
borneo_rainforest,2021-03-15,32.36,22.37,12.83,6.15,66.61
borneo_rainforest,2021-03-16,31.81,23.19,12.34,6.29,93.27
borneo_rainforest,2021-03-17,31.02,23.66,2.51,6.09,78.19
borneo_rainforest,2021-03-18,29.87,24.24,16.69,5.94,78.87
borneo_rainforest,2021-03-19,32.77,21.48,19.4,7.6,84.37
borneo_rainforest,2021-03-20,29.73,24.8,6.14,3.66,63.6
borneo_rainforest,2021-03-21,31.49,24.45,10.12,5.84,75.95
borneo_rainforest,2021-03-22,29.34,24.54,19.17,5.65,99.8
borneo_rainforest,2021-03-23,33.76,23.17,12.28,8.27,64.24
borneo_rainforest,2021-03-24,29.66,22.06,9.08,4.72,95.03
borneo_rainforest,2021-03-25,31.08,22.71,10.74,8.47,52.72
borneo_rainforest,2021-03-26,28.22,21.58,9.15,6.35,87.12
borneo_rainforest,2021-03-27,34.2,21.99,15.04,5.74,97.04
borneo_rainforest,2021-03-28,32.69,24.22,16.41,7.62,79.06
borneo_rainforest,2021-03-29,31.89,23.2,3.2,5.98,99.32
borneo_rainforest,2021-03-30,29.65,24.34,0.0,5.51,80.16
borneo_rainforest,2021-03-31,31.98,22.64,2.82,3.87,53.0
borneo_rainforest,2021-04-01,29.29,22.67,0.06,4.11,75.02
borneo_rainforest,2021-04-02,31.98,22.88,8.47,7.73,58.76
borneo_rainforest,2021-04-03,28.18,24.04,9.46,7.84,87.49
borneo_rainforest,2021-04-04,29.78,24.3,9.45,3.59,76.98
borneo_rainforest,2021-04-05,28.78,24.2,0.0,7.51,62.92
borneo_rainforest,2021-04-06,30.78,20.58,16.21,7.16,69.76
borneo_rainforest,2021-04-07,27.83,25.35,3.46,6.1,48.05
borneo_rainforest,2021-04-08,31.7,23.59,4.85,5.59,92.38
borneo_rainforest,2021-04-09,31.55,20.79,8.26,3.49,69.82
borneo_rainforest,2021-04-10,30.31,22.38,10.06,6.83,67.45
borneo_rainforest,2021-04-11,31.07,24.96,7.66,5.48,71.79
borneo_rainforest,2021-04-12,31.75,22.57,9.98,4.9,74.18
borneo_rainforest,2021-04-13,29.62,22.33,6.47,2.69,81.82
borneo_rainforest,2021-04-14,30.08,20.67,15.4,4.98,67.02
borneo_rainforest,2021-04-15,30.09,24.54,0.0,5.78,80.16
borneo_rainforest,2021-04-16,29.52,23.02,6.12,6.38,66.57
borneo_rainforest,2021-04-17,30.68,22.73,16.98,7.0,74.67
borneo_rainforest,2021-04-18,32.25,22.21,4.74,5.78,86.46
borneo_rainforest,2021-04-19,30.56,24.12,3.55,5.0,71.85
borneo_rainforest,2021-04-20,30.03,22.72,4.7,5.16,80.66
borneo_rainforest,2021-04-21,32.34,21.21,12.0,3.6,84.57
borneo_rainforest,2021-04-22,31.17,23.1,14.2,4.33,68.17
borneo_rainforest,2021-04-23,29.5,23.29,8.14,4.07,57.8
borneo_rainforest,2021-04-24,31.9,20.37,2.62,5.63,58.88
borneo_rainforest,2021-04-25,29.26,24.04,0.0,7.25,56.98
borneo_rainforest,2021-04-26,29.63,21.51,2.69,5.99,64.4
borneo_rainforest,2021-04-27,28.45,22.15,2.02,3.13,78.75
borneo_rainforest,2021-04-28,32.46,20.75,15.79,4.27,82.89
borneo_rainforest,2021-04-29,31.3,22.97,4.4,3.88,76.24
borneo_rainforest,2021-04-30,31.86,22.09,0.0,5.29,69.64
borneo_rainforest,2021-05-01,30.61,23.73,0.0,7.43,57.63
borneo_rainforest,2021-05-02,27.11,20.97,7.52,6.96,76.75
borneo_rainforest,2021-05-03,32.12,22.06,5.07,4.62,72.53
borneo_rainforest,2021-05-04,31.32,24.11,10.54,7.99,74.63
borneo_rainforest,2021-05-05,29.63,20.55,5.48,4.86,72.67
borneo_rainforest,2021-05-06,30.43,23.1,6.71,1.93,61.23
borneo_rainforest,2021-05-07,30.01,24.6,10.89,4.44,54.64
borneo_rainforest,2021-05-08,30.64,22.34,6.82,5.57,53.9
borneo_rainforest,2021-05-09,30.79,23.36,4.36,3.3,59.72
borneo_rainforest,2021-05-10,31.32,21.83,7.1,6.32,70.39
borneo_rainforest,2021-05-11,32.86,22.72,10.72,2.67,80.6
borneo_rainforest,2021-05-12,29.36,21.68,6.57,3.14,70.66
borneo_rainforest,2021-05-13,31.07,21.22,8.27,4.9,74.62
borneo_rainforest,2021-05-14,28.14,20.92,0.0,4.65,78.33
borneo_rainforest,2021-05-15,28.76,23.08,0.0,7.63,71.64
borneo_rainforest,2021-05-16,27.88,22.19,7.21,6.73,79.01
borneo_rainforest,2021-05-17,31.1,21.49,0.0,2.91,76.82
borneo_rainforest,2021-05-18,28.86,22.24,5.13,4.41,73.05
borneo_rainforest,2021-05-19,30.41,23.32,4.51,3.53,72.24
borneo_rainforest,2021-05-20,31.17,22.75,7.26,7.15,63.35
borneo_rainforest,2021-05-21,30.36,20.62,10.48,8.02,75.43
borneo_rainforest,2021-05-22,29.31,22.91,4.05,5.03,64.41
borneo_rainforest,2021-05-23,27.8,20.78,0.02,5.8,48.83
borneo_rainforest,2021-05-24,28.65,24.26,2.79,7.22,47.97
borneo_rainforest,2021-05-25,31.0,22.11,8.77,8.54,78.93
borneo_rainforest,2021-05-26,31.61,22.88,4.1,5.26,73.78
borneo_rainforest,2021-05-27,29.16,19.74,3.31,6.26,62.87
borneo_rainforest,2021-05-28,31.85,22.2,9.66,5.92,72.73
borneo_rainforest,2021-05-29,33.43,20.65,11.54,7.38,59.68
borneo_rainforest,2021-05-30,32.34,20.94,1.77,3.93,55.07
borneo_rainforest,2021-05-31,29.56,22.6,5.59,6.66,75.2
borneo_rainforest,2021-06-01,30.97,22.73,0.0,5.48,60.47
borneo_rainforest,2021-06-02,29.65,22.67,0.0,3.83,67.58
borneo_rainforest,2021-06-03,31.66,21.87,0.16,6.64,59.27
borneo_rainforest,2021-06-04,28.46,21.42,0.54,5.26,57.84
borneo_rainforest,2021-06-05,31.82,22.79,8.09,7.33,91.33
borneo_rainforest,2021-06-06,26.64,22.39,5.01,4.37,80.41
borneo_rainforest,2021-06-07,31.66,25.11,2.41,5.88,90.97
borneo_rainforest,2021-06-08,28.86,22.13,0.0,2.59,65.34
borneo_rainforest,2021-06-09,28.89,22.7,10.41,5.75,52.73
borneo_rainforest,2021-06-10,29.25,23.79,16.97,4.07,58.76
borneo_rainforest,2021-06-11,27.2,21.85,2.2,4.98,55.24
borneo_rainforest,2021-06-12,30.49,20.81,2.12,6.5,61.07
borneo_rainforest,2021-06-13,28.53,20.16,0.0,4.59,67.26
borneo_rainforest,2021-06-14,29.99,22.98,0.0,2.37,81.26
borneo_rainforest,2021-06-15,30.9,22.79,10.27,4.85,88.04
borneo_rainforest,2021-06-16,29.1,22.39,12.73,4.24,61.44
borneo_rainforest,2021-06-17,28.64,21.21,8.61,5.15,45.02
borneo_rainforest,2021-06-18,29.55,22.19,0.39,6.53,53.98
borneo_rainforest,2021-06-19,28.49,23.28,6.49,5.47,67.79
borneo_rainforest,2021-06-20,29.2,20.44,2.31,3.96,29.83
borneo_rainforest,2021-06-21,28.64,23.03,10.76,4.62,57.58
borneo_rainforest,2021-06-22,30.71,21.94,11.18,2.52,53.46
borneo_rainforest,2021-06-23,31.06,21.88,0.0,4.32,56.37
borneo_rainforest,2021-06-24,29.88,20.98,4.98,8.64,75.96
borneo_rainforest,2021-06-25,29.57,22.89,11.91,6.64,86.89
borneo_rainforest,2021-06-26,29.69,20.57,0.77,4.23,69.71
borneo_rainforest,2021-06-27,30.01,22.5,8.63,5.81,41.95
borneo_rainforest,2021-06-28,32.13,22.9,6.79,6.23,49.31
borneo_rainforest,2021-06-29,26.88,22.01,9.92,3.13,82.1
borneo_rainforest,2021-06-30,26.51,23.57,0.0,3.68,79.6
borneo_rainforest,2021-07-01,29.12,22.27,2.74,3.39,74.08
borneo_rainforest,2021-07-02,29.04,21.39,4.7,4.89,60.48
borneo_rainforest,2021-07-03,28.89,24.29,13.72,5.35,60.04
borneo_rainforest,2021-07-04,32.19,22.39,1.6,5.12,69.53
borneo_rainforest,2021-07-05,31.26,21.08,10.87,4.15,93.48
borneo_rainforest,2021-07-06,31.93,21.54,10.71,3.0,62.11
borneo_rainforest,2021-07-07,29.11,20.79,2.68,5.2,61.04
borneo_rainforest,2021-07-08,27.66,21.83,4.51,2.94,67.86
borneo_rainforest,2021-07-09,31.27,21.65,1.16,3.15,50.29
borneo_rainforest,2021-07-10,30.35,22.45,10.91,3.19,73.62
borneo_rainforest,2021-07-11,29.61,23.03,0.0,3.58,67.95
borneo_rainforest,2021-07-12,30.29,22.35,0.0,3.25,53.66
borneo_rainforest,2021-07-13,31.54,23.83,17.67,5.61,53.27
borneo_rainforest,2021-07-14,32.05,22.73,1.94,4.49,63.59
borneo_rainforest,2021-07-15,29.85,21.34,0.0,6.04,67.11
borneo_rainforest,2021-07-16,31.1,23.02,13.01,5.05,73.32
borneo_rainforest,2021-07-17,33.03,23.95,0.0,4.57,64.7
borneo_rainforest,2021-07-18,30.3,21.29,12.52,7.12,53.89
borneo_rainforest,2021-07-19,28.97,22.71,9.87,3.39,76.77
borneo_rainforest,2021-07-20,29.46,22.25,5.43,4.7,78.86
borneo_rainforest,2021-07-21,29.52,21.9,0.01,3.5,68.55
borneo_rainforest,2021-07-22,29.61,20.68,4.3,5.61,66.06
borneo_rainforest,2021-07-23,32.15,21.71,0.49,4.08,56.1
borneo_rainforest,2021-07-24,30.49,24.95,5.12,7.2,72.09
borneo_rainforest,2021-07-25,29.88,21.97,6.16,3.52,48.78
borneo_rainforest,2021-07-26,29.17,21.71,0.0,5.22,57.53
borneo_rainforest,2021-07-27,28.75,22.78,4.17,4.27,72.35
borneo_rainforest,2021-07-28,29.75,22.25,2.54,5.68,75.91
borneo_rainforest,2021-07-29,32.29,22.07,10.43,6.76,63.79
borneo_rainforest,2021-07-30,32.12,22.14,10.21,6.25,63.3
borneo_rainforest,2021-07-31,28.45,22.51,8.26,6.08,66.59
borneo_rainforest,2021-08-01,29.02,20.08,0.0,3.3,45.26
borneo_rainforest,2021-08-02,32.29,23.79,12.55,1.88,67.46
borneo_rainforest,2021-08-03,28.3,23.09,7.09,3.99,71.75
borneo_rainforest,2021-08-04,28.79,25.31,2.14,6.11,59.83
borneo_rainforest,2021-08-05,30.33,23.22,8.71,4.56,45.71
borneo_rainforest,2021-08-06,29.7,22.77,5.66,4.8,58.27
borneo_rainforest,2021-08-07,32.82,22.13,6.19,7.48,67.93
borneo_rainforest,2021-08-08,29.51,20.33,6.81,5.86,74.4
borneo_rainforest,2021-08-09,29.58,22.16,1.15,3.99,78.76
borneo_rainforest,2021-08-10,30.76,20.84,0.0,5.36,73.05
borneo_rainforest,2021-08-11,31.51,24.05,4.06,5.14,74.82
borneo_rainforest,2021-08-12,30.35,23.22,0.0,7.75,82.78
borneo_rainforest,2021-08-13,31.13,22.22,4.88,3.46,84.71
borneo_rainforest,2021-08-14,31.7,22.4,11.54,7.62,68.23
borneo_rainforest,2021-08-15,29.36,22.85,0.0,6.49,53.06
borneo_rainforest,2021-08-16,31.39,23.74,10.41,4.06,61.07
borneo_rainforest,2021-08-17,28.83,22.33,11.66,5.26,64.94
borneo_rainforest,2021-08-18,30.41,22.38,5.34,7.02,68.84
borneo_rainforest,2021-08-19,29.38,22.07,6.0,4.27,69.63
borneo_rainforest,2021-08-20,30.05,24.05,8.02,4.12,84.03
borneo_rainforest,2021-08-21,33.01,21.97,4.49,6.57,76.18
borneo_rainforest,2021-08-22,32.11,21.11,5.21,3.27,66.22
borneo_rainforest,2021-08-23,32.28,23.97,12.0,6.53,52.81
borneo_rainforest,2021-08-24,28.53,21.56,0.99,6.11,93.84
borneo_rainforest,2021-08-25,32.43,22.67,5.46,4.04,94.9
borneo_rainforest,2021-08-26,30.25,24.67,3.15,7.45,79.37
borneo_rainforest,2021-08-27,32.66,22.6,8.4,6.35,68.96
borneo_rainforest,2021-08-28,30.41,21.1,0.0,8.58,55.79
borneo_rainforest,2021-08-29,29.39,21.69,10.52,4.6,70.47
borneo_rainforest,2021-08-30,32.57,22.75,2.17,3.55,54.43
borneo_rainforest,2021-08-31,30.68,22.64,7.59,4.28,67.44
borneo_rainforest,2021-09-01,28.82,21.97,2.09,6.42,69.53
borneo_rainforest,2021-09-02,28.94,19.65,3.85,6.97,62.32
borneo_rainforest,2021-09-03,31.32,23.7,2.12,7.44,82.48
borneo_rainforest,2021-09-04,29.7,24.53,3.95,7.6,62.56
borneo_rainforest,2021-09-05,30.47,20.91,8.67,7.39,69.56
borneo_rainforest,2021-09-06,34.49,22.14,14.1,4.82,97.2
borneo_rainforest,2021-09-07,29.51,21.29,0.0,10.1,79.84
borneo_rainforest,2021-09-08,31.3,23.19,8.89,6.29,85.98
borneo_rainforest,2021-09-09,27.84,24.55,5.0,5.59,67.14
borneo_rainforest,2021-09-10,28.26,22.38,9.98,8.14,60.59
borneo_rainforest,2021-09-11,29.69,24.34,10.7,3.41,75.09
borneo_rainforest,2021-09-12,30.7,21.19,2.34,9.74,66.57
borneo_rainforest,2021-09-13,30.17,24.05,8.45,5.16,81.71
borneo_rainforest,2021-09-14,30.12,23.63,3.96,7.09,76.23
borneo_rainforest,2021-09-15,33.56,21.38,6.93,6.39,92.12
borneo_rainforest,2021-09-16,28.99,23.98,12.63,7.68,75.54
borneo_rainforest,2021-09-17,31.48,22.49,11.62,5.67,82.67
borneo_rainforest,2021-09-18,29.41,21.12,7.24,6.38,87.39
borneo_rainforest,2021-09-19,30.25,22.3,12.16,5.74,81.81
borneo_rainforest,2021-09-20,30.89,22.29,8.68,6.05,74.33
borneo_rainforest,2021-09-21,29.61,22.52,3.16,8.17,93.65
borneo_rainforest,2021-09-22,33.91,22.74,9.55,7.16,92.16
borneo_rainforest,2021-09-23,30.85,24.51,6.11,7.87,67.4
borneo_rainforest,2021-09-24,30.96,22.71,11.67,6.74,99.29
borneo_rainforest,2021-09-25,31.03,21.61,10.43,6.88,64.71
borneo_rainforest,2021-09-26,32.85,25.84,5.72,5.03,76.4
borneo_rainforest,2021-09-27,29.49,22.92,1.59,9.58,74.75
borneo_rainforest,2021-09-28,31.05,23.02,11.29,5.17,83.72
borneo_rainforest,2021-09-29,33.41,21.95,10.96,4.39,73.45
borneo_rainforest,2021-09-30,29.97,22.36,11.74,6.61,83.45
borneo_rainforest,2021-10-01,32.59,21.91,7.78,6.12,67.21
borneo_rainforest,2021-10-02,31.02,22.98,7.42,7.86,49.72
borneo_rainforest,2021-10-03,33.04,24.36,6.29,6.93,78.3
borneo_rainforest,2021-10-04,33.51,21.22,18.23,8.07,57.26
borneo_rainforest,2021-10-05,30.36,23.19,5.17,7.1,80.17
borneo_rainforest,2021-10-06,30.89,23.91,7.78,6.06,69.83
borneo_rainforest,2021-10-07,28.74,21.61,13.87,4.57,68.17
borneo_rainforest,2021-10-08,30.21,24.11,19.28,5.04,75.66
borneo_rainforest,2021-10-09,30.61,23.18,12.07,4.81,78.96
borneo_rainforest,2021-10-10,29.8,22.55,0.0,5.54,81.25
borneo_rainforest,2021-10-11,31.71,22.35,3.98,7.01,52.28
borneo_rainforest,2021-10-12,29.98,24.36,9.09,2.41,68.44
borneo_rainforest,2021-10-13,31.75,22.42,15.21,5.92,87.29
borneo_rainforest,2021-10-14,29.39,25.05,21.25,8.44,79.2
borneo_rainforest,2021-10-15,31.53,22.85,7.24,6.04,90.97
borneo_rainforest,2021-10-16,32.83,22.76,1.36,11.3,100.0
borneo_rainforest,2021-10-17,30.8,22.75,7.02,6.42,86.77
borneo_rainforest,2021-10-18,28.29,22.34,10.09,6.24,84.25
borneo_rainforest,2021-10-19,32.19,23.73,4.38,6.4,84.66
borneo_rainforest,2021-10-20,32.69,24.88,16.96,5.07,68.8
borneo_rainforest,2021-10-21,31.48,22.41,7.82,4.36,86.22
borneo_rainforest,2021-10-22,29.91,24.35,11.37,8.1,77.75
borneo_rainforest,2021-10-23,33.11,24.71,9.85,6.99,83.17
borneo_rainforest,2021-10-24,31.83,23.75,15.59,7.31,75.16
borneo_rainforest,2021-10-25,32.38,24.21,12.74,7.05,93.16
borneo_rainforest,2021-10-26,32.6,23.8,7.57,4.04,73.75
borneo_rainforest,2021-10-27,31.54,22.68,12.34,6.73,69.66
borneo_rainforest,2021-10-28,31.42,21.48,13.36,9.92,67.24
borneo_rainforest,2021-10-29,30.04,24.28,13.81,5.68,80.4
borneo_rainforest,2021-10-30,31.0,22.43,14.45,7.38,68.56
borneo_rainforest,2021-10-31,31.08,23.13,9.66,7.14,88.73
borneo_rainforest,2021-11-01,30.65,24.45,2.93,4.88,78.3
borneo_rainforest,2021-11-02,32.4,22.28,9.02,8.79,86.65
borneo_rainforest,2021-11-03,31.47,24.13,13.99,5.32,81.27
borneo_rainforest,2021-11-04,31.08,22.8,12.1,6.13,95.59
borneo_rainforest,2021-11-05,32.35,23.46,10.63,7.72,80.74
borneo_rainforest,2021-11-06,31.94,23.96,13.05,7.03,71.82
borneo_rainforest,2021-11-07,34.22,24.0,7.22,6.69,77.4
borneo_rainforest,2021-11-08,33.56,22.87,7.28,9.35,90.9
borneo_rainforest,2021-11-09,30.34,22.74,9.14,9.56,66.83
borneo_rainforest,2021-11-10,32.39,23.2,0.0,5.66,89.07
borneo_rainforest,2021-11-11,32.6,23.44,7.97,6.24,87.3
borneo_rainforest,2021-11-12,33.57,24.93,10.38,7.78,79.86
borneo_rainforest,2021-11-13,30.38,22.24,10.04,7.2,73.86
borneo_rainforest,2021-11-14,32.1,22.77,0.0,5.62,83.19
borneo_rainforest,2021-11-15,31.37,22.72,7.11,8.47,93.01
borneo_rainforest,2021-11-16,30.1,22.43,11.8,7.91,72.7
borneo_rainforest,2021-11-17,33.37,21.18,9.52,5.85,89.01
borneo_rainforest,2021-11-18,33.24,25.98,3.86,7.39,94.53
borneo_rainforest,2021-11-19,32.51,24.91,13.16,5.87,86.95
borneo_rainforest,2021-11-20,31.67,21.57,1.88,6.0,86.13
borneo_rainforest,2021-11-21,32.03,23.09,10.68,9.8,93.09
borneo_rainforest,2021-11-22,31.16,22.92,4.34,4.68,82.14
borneo_rainforest,2021-11-23,30.55,23.05,0.47,6.67,74.43
borneo_rainforest,2021-11-24,29.72,24.91,9.07,9.18,100.0
borneo_rainforest,2021-11-25,32.26,24.14,12.87,8.15,98.8
borneo_rainforest,2021-11-26,31.96,21.21,5.96,7.75,82.49
borneo_rainforest,2021-11-27,32.68,25.28,14.31,5.52,83.95
borneo_rainforest,2021-11-28,30.78,22.89,16.19,5.42,100.0
borneo_rainforest,2021-11-29,28.71,23.91,3.55,6.43,67.34
borneo_rainforest,2021-11-30,31.93,23.45,10.25,8.72,81.04
borneo_rainforest,2021-12-01,32.88,24.91,13.15,7.35,76.51
borneo_rainforest,2021-12-02,29.09,24.01,12.72,4.55,87.34
borneo_rainforest,2021-12-03,29.55,22.82,9.95,5.97,77.78
borneo_rainforest,2021-12-04,30.83,23.98,13.28,6.07,100.0
borneo_rainforest,2021-12-05,30.33,24.77,15.34,6.51,79.44
borneo_rainforest,2021-12-06,33.6,23.28,6.34,4.14,75.07
borneo_rainforest,2021-12-07,33.99,23.46,16.2,6.32,72.11
borneo_rainforest,2021-12-08,32.23,24.7,17.08,6.55,83.71
borneo_rainforest,2021-12-09,32.66,24.19,12.04,7.43,64.23
borneo_rainforest,2021-12-10,32.29,21.67,6.54,5.17,90.11
borneo_rainforest,2021-12-11,30.79,24.59,21.97,8.18,100.0
borneo_rainforest,2021-12-12,33.43,22.4,7.97,7.41,68.78
borneo_rainforest,2021-12-13,33.22,23.01,17.97,8.56,86.44
borneo_rainforest,2021-12-14,32.93,22.37,19.16,7.52,80.04
borneo_rainforest,2021-12-15,32.8,23.27,6.63,7.01,74.04
borneo_rainforest,2021-12-16,30.38,25.17,13.78,5.25,69.94
borneo_rainforest,2021-12-17,32.13,22.63,8.23,4.87,87.68
borneo_rainforest,2021-12-18,32.01,23.79,17.56,6.5,78.05
borneo_rainforest,2021-12-19,32.37,22.55,10.48,8.69,69.18
borneo_rainforest,2021-12-20,31.62,23.57,6.65,6.55,93.84
borneo_rainforest,2021-12-21,30.66,22.81,11.58,9.62,83.3
borneo_rainforest,2021-12-22,29.38,23.4,10.42,5.65,90.68
borneo_rainforest,2021-12-23,32.67,22.9,4.72,5.69,100.0
borneo_rainforest,2021-12-24,29.54,23.83,18.93,7.55,88.3
borneo_rainforest,2021-12-25,30.42,23.39,7.88,6.76,82.79
borneo_rainforest,2021-12-26,32.96,24.04,6.84,6.64,77.95
borneo_rainforest,2021-12-27,32.43,24.59,12.82,6.09,89.57
borneo_rainforest,2021-12-28,32.5,25.51,17.72,6.26,93.32
borneo_rainforest,2021-12-29,33.21,21.81,8.09,6.42,98.45
borneo_rainforest,2021-12-30,34.52,25.05,14.43,9.29,61.25
borneo_rainforest,2021-12-31,32.93,23.43,8.75,9.08,89.28
borneo_rainforest,2022-01-01,30.89,22.4,9.67,8.07,89.76
borneo_rainforest,2022-01-02,32.99,24.69,10.3,9.17,100.0
borneo_rainforest,2022-01-03,31.82,25.67,8.33,5.14,88.37
borneo_rainforest,2022-01-04,30.34,22.81,5.92,9.87,70.9
borneo_rainforest,2022-01-05,34.7,25.72,15.46,8.77,80.5
borneo_rainforest,2022-01-06,33.0,24.71,12.93,5.08,85.61
borneo_rainforest,2022-01-07,30.03,22.88,12.41,9.45,75.29
borneo_rainforest,2022-01-08,32.79,24.66,12.59,8.63,63.79
borneo_rainforest,2022-01-09,32.72,23.55,2.42,8.09,88.96
borneo_rainforest,2022-01-10,31.45,22.71,7.26,4.37,56.62
borneo_rainforest,2022-01-11,30.78,24.78,8.74,7.16,73.64
borneo_rainforest,2022-01-12,32.42,22.2,12.45,7.3,90.2
borneo_rainforest,2022-01-13,28.92,23.09,16.18,6.97,82.95
borneo_rainforest,2022-01-14,34.39,24.8,9.97,8.56,70.8
borneo_rainforest,2022-01-15,27.48,23.8,10.1,6.92,86.18
borneo_rainforest,2022-01-16,32.73,24.48,11.17,5.77,77.83
borneo_rainforest,2022-01-17,30.83,25.32,18.52,7.4,93.69
borneo_rainforest,2022-01-18,30.62,23.27,17.79,6.54,52.91
borneo_rainforest,2022-01-19,31.37,22.46,17.35,6.99,94.88
borneo_rainforest,2022-01-20,31.68,24.28,13.39,4.93,74.68
borneo_rainforest,2022-01-21,33.74,24.15,19.65,5.35,71.66
borneo_rainforest,2022-01-22,31.16,22.82,0.0,4.63,69.03
borneo_rainforest,2022-01-23,34.97,25.35,4.9,5.09,86.64
borneo_rainforest,2022-01-24,32.32,21.9,7.33,8.96,89.85
borneo_rainforest,2022-01-25,32.21,23.73,13.86,7.27,95.22
borneo_rainforest,2022-01-26,31.49,23.16,20.55,5.12,82.78
borneo_rainforest,2022-01-27,29.98,23.36,16.43,7.8,100.0
borneo_rainforest,2022-01-28,30.85,24.33,7.32,8.59,90.42
borneo_rainforest,2022-01-29,33.06,23.88,7.74,5.82,71.53
borneo_rainforest,2022-01-30,31.63,23.21,9.3,5.94,73.25
borneo_rainforest,2022-01-31,31.4,24.51,16.63,5.86,98.21
borneo_rainforest,2022-02-01,32.66,25.17,17.07,6.84,75.28
borneo_rainforest,2022-02-02,30.98,22.33,14.77,5.09,74.25
borneo_rainforest,2022-02-03,28.43,23.92,11.19,7.63,91.1
borneo_rainforest,2022-02-04,30.47,23.53,12.13,6.57,91.42
borneo_rainforest,2022-02-05,31.69,22.26,13.85,7.31,82.57
borneo_rainforest,2022-02-06,31.7,24.83,12.02,7.45,85.69
borneo_rainforest,2022-02-07,29.75,24.14,3.54,6.91,68.98
borneo_rainforest,2022-02-08,33.06,22.44,15.39,7.1,61.85
borneo_rainforest,2022-02-09,32.31,25.17,14.31,5.28,71.63
borneo_rainforest,2022-02-10,32.68,25.56,10.02,6.81,88.45
borneo_rainforest,2022-02-11,30.51,22.68,14.83,8.02,74.89
borneo_rainforest,2022-02-12,33.6,25.6,10.74,5.37,95.11
borneo_rainforest,2022-02-13,32.43,23.1,10.83,4.27,78.94
borneo_rainforest,2022-02-14,30.8,21.52,20.09,7.08,62.75
borneo_rainforest,2022-02-15,32.16,22.6,10.68,9.15,67.09
borneo_rainforest,2022-02-16,32.72,22.75,12.86,6.45,64.26
borneo_rainforest,2022-02-17,33.97,22.28,9.47,7.09,82.2
borneo_rainforest,2022-02-18,31.46,22.32,2.74,8.87,85.28
borneo_rainforest,2022-02-19,32.75,22.98,10.39,6.2,85.94
borneo_rainforest,2022-02-20,32.87,23.33,8.09,3.71,67.71
borneo_rainforest,2022-02-21,31.45,21.63,4.73,6.68,88.09
borneo_rainforest,2022-02-22,32.43,22.65,2.76,7.15,91.94
borneo_rainforest,2022-02-23,33.09,24.1,10.4,6.5,74.6
borneo_rainforest,2022-02-24,29.41,22.99,7.93,4.91,81.92
borneo_rainforest,2022-02-25,32.54,22.68,5.15,6.41,69.13
borneo_rainforest,2022-02-26,32.34,21.67,14.93,5.11,79.4
borneo_rainforest,2022-02-27,30.76,22.28,9.82,6.15,82.99
borneo_rainforest,2022-02-28,34.51,26.0,11.91,6.36,83.16
borneo_rainforest,2022-03-01,30.27,25.04,16.1,4.92,58.93
borneo_rainforest,2022-03-02,32.94,23.52,15.54,7.35,71.72
borneo_rainforest,2022-03-03,33.74,21.86,12.27,5.96,81.78
borneo_rainforest,2022-03-04,31.1,22.67,17.99,5.1,79.49
borneo_rainforest,2022-03-05,33.55,23.93,17.42,6.77,83.31
borneo_rainforest,2022-03-06,30.33,23.86,9.09,5.05,77.84
borneo_rainforest,2022-03-07,27.95,23.45,0.0,7.66,63.42
borneo_rainforest,2022-03-08,29.82,24.51,8.28,4.48,93.41
borneo_rainforest,2022-03-09,30.99,21.95,9.83,7.53,84.29
borneo_rainforest,2022-03-10,32.15,24.1,15.99,4.93,63.62
borneo_rainforest,2022-03-11,32.82,23.33,12.27,3.78,78.86
borneo_rainforest,2022-03-12,30.86,24.11,7.78,4.65,79.97
borneo_rainforest,2022-03-13,33.12,22.68,7.01,6.21,67.88
borneo_rainforest,2022-03-14,29.06,24.22,12.06,3.87,67.51
borneo_rainforest,2022-03-15,33.0,24.17,6.51,5.89,77.47
borneo_rainforest,2022-03-16,31.16,22.61,18.23,5.84,41.54
borneo_rainforest,2022-03-17,30.96,23.63,13.48,4.5,82.03
borneo_rainforest,2022-03-18,30.18,23.6,0.0,6.14,72.72
borneo_rainforest,2022-03-19,29.25,24.28,0.0,6.26,77.87
borneo_rainforest,2022-03-20,28.86,22.38,8.04,6.52,96.52
borneo_rainforest,2022-03-21,31.1,23.57,3.59,4.73,76.94
borneo_rainforest,2022-03-22,30.75,24.14,0.0,8.83,67.53
borneo_rainforest,2022-03-23,29.98,23.71,17.74,5.61,56.34
borneo_rainforest,2022-03-24,29.6,23.14,6.46,3.6,79.54
borneo_rainforest,2022-03-25,30.07,24.01,8.23,7.32,61.14
borneo_rainforest,2022-03-26,33.99,22.16,9.17,6.53,63.95
borneo_rainforest,2022-03-27,28.69,22.32,14.53,4.6,84.91
borneo_rainforest,2022-03-28,28.35,23.45,3.93,5.09,75.64
borneo_rainforest,2022-03-29,29.57,24.42,10.93,5.55,61.64
borneo_rainforest,2022-03-30,31.36,22.33,0.0,4.26,71.78
borneo_rainforest,2022-03-31,29.87,22.4,2.1,6.26,75.11
borneo_rainforest,2022-04-01,31.15,23.12,6.29,6.45,71.82
borneo_rainforest,2022-04-02,31.25,23.04,4.11,7.1,66.17
borneo_rainforest,2022-04-03,31.87,23.39,6.37,3.26,73.92
borneo_rainforest,2022-04-04,31.22,22.58,13.69,5.51,79.33
borneo_rainforest,2022-04-05,30.64,20.88,3.37,5.06,74.02
borneo_rainforest,2022-04-06,32.7,23.57,4.47,4.64,77.81
borneo_rainforest,2022-04-07,28.72,23.3,2.21,6.92,79.41
borneo_rainforest,2022-04-08,28.18,23.25,0.35,6.53,60.3
borneo_rainforest,2022-04-09,30.1,22.61,4.09,5.66,73.86
borneo_rainforest,2022-04-10,30.74,23.9,4.85,5.53,60.7
borneo_rainforest,2022-04-11,30.96,22.09,5.59,4.22,82.42
borneo_rainforest,2022-04-12,30.29,23.23,6.74,4.63,83.77
borneo_rainforest,2022-04-13,31.3,21.22,9.9,8.27,71.25
borneo_rainforest,2022-04-14,30.67,24.69,2.71,6.42,69.93
borneo_rainforest,2022-04-15,30.25,20.07,16.42,5.82,78.37
borneo_rainforest,2022-04-16,31.2,22.14,7.56,6.35,74.39
borneo_rainforest,2022-04-17,29.38,20.86,11.43,5.11,79.03
borneo_rainforest,2022-04-18,30.32,21.9,16.73,5.37,51.89
borneo_rainforest,2022-04-19,33.06,21.28,5.69,5.44,76.26
borneo_rainforest,2022-04-20,30.4,21.73,5.95,5.63,61.38
borneo_rainforest,2022-04-21,32.8,23.02,3.03,8.47,73.29
borneo_rainforest,2022-04-22,32.28,21.78,9.74,2.54,78.38
borneo_rainforest,2022-04-23,32.01,21.21,7.37,6.05,75.72
borneo_rainforest,2022-04-24,29.84,23.61,8.85,4.24,49.08
borneo_rainforest,2022-04-25,29.59,23.84,1.49,5.51,63.72
borneo_rainforest,2022-04-26,30.51,23.45,4.73,5.55,76.17
borneo_rainforest,2022-04-27,29.46,22.82,0.09,3.48,64.65
borneo_rainforest,2022-04-28,31.08,22.37,0.0,4.19,62.91
borneo_rainforest,2022-04-29,31.26,21.99,5.96,5.87,85.89
borneo_rainforest,2022-04-30,32.02,24.48,9.47,5.64,60.41
borneo_rainforest,2022-05-01,28.53,23.36,4.5,4.21,82.16
borneo_rainforest,2022-05-02,28.3,22.37,6.6,5.5,51.98
borneo_rainforest,2022-05-03,28.09,20.28,8.87,5.62,68.69
borneo_rainforest,2022-05-04,27.81,22.7,0.0,6.46,62.76
borneo_rainforest,2022-05-05,32.79,20.47,7.55,5.48,83.38
borneo_rainforest,2022-05-06,30.07,22.52,5.76,4.42,70.72
borneo_rainforest,2022-05-07,31.55,23.32,1.8,6.48,75.23
borneo_rainforest,2022-05-08,29.24,23.59,7.7,0.67,52.74
borneo_rainforest,2022-05-09,30.79,21.65,0.56,6.03,84.94
borneo_rainforest,2022-05-10,30.0,21.57,3.69,4.85,69.64
borneo_rainforest,2022-05-11,27.84,20.46,7.83,2.64,80.38
borneo_rainforest,2022-05-12,32.88,21.49,6.45,3.51,54.19
borneo_rainforest,2022-05-13,31.59,21.73,3.52,3.81,85.02
borneo_rainforest,2022-05-14,27.57,20.97,4.1,5.58,66.12
borneo_rainforest,2022-05-15,29.15,21.87,5.57,5.28,67.87
borneo_rainforest,2022-05-16,31.99,22.38,1.67,4.63,88.09
borneo_rainforest,2022-05-17,31.31,21.65,2.88,5.44,76.46
borneo_rainforest,2022-05-18,29.61,20.44,0.0,6.49,64.32
borneo_rainforest,2022-05-19,33.16,18.9,7.85,6.58,52.22
borneo_rainforest,2022-05-20,30.63,24.21,13.19,5.38,77.48
borneo_rainforest,2022-05-21,27.96,22.15,6.87,6.15,51.15
borneo_rainforest,2022-05-22,31.45,21.07,1.98,6.98,67.45
borneo_rainforest,2022-05-23,28.56,20.63,7.73,2.84,41.43
borneo_rainforest,2022-05-24,30.75,21.61,10.89,4.94,51.64
borneo_rainforest,2022-05-25,30.77,22.17,0.0,6.52,81.36
borneo_rainforest,2022-05-26,27.99,22.29,4.17,7.54,86.63
borneo_rainforest,2022-05-27,29.66,23.53,10.27,4.29,90.83
borneo_rainforest,2022-05-28,34.01,21.13,0.0,2.33,73.21
borneo_rainforest,2022-05-29,27.9,22.44,0.0,4.79,64.33
borneo_rainforest,2022-05-30,26.95,23.66,0.22,3.92,56.75
borneo_rainforest,2022-05-31,30.48,20.67,3.08,3.67,59.28
borneo_rainforest,2022-06-01,31.39,22.93,6.63,4.38,66.61
borneo_rainforest,2022-06-02,30.69,22.08,4.94,3.23,47.7
borneo_rainforest,2022-06-03,29.86,22.12,0.63,3.92,73.12
borneo_rainforest,2022-06-04,29.55,21.98,6.89,5.82,77.67
borneo_rainforest,2022-06-05,31.75,21.64,6.1,2.3,44.84
borneo_rainforest,2022-06-06,30.46,20.92,6.55,3.75,74.3
borneo_rainforest,2022-06-07,29.92,22.67,3.46,6.19,60.81
borneo_rainforest,2022-06-08,30.05,22.87,6.75,4.43,69.21
borneo_rainforest,2022-06-09,30.19,23.89,8.54,5.84,82.32
borneo_rainforest,2022-06-10,30.12,21.89,7.52,3.3,82.68
borneo_rainforest,2022-06-11,29.61,21.55,4.9,4.69,75.44
borneo_rainforest,2022-06-12,28.01,22.97,5.37,3.85,71.49
borneo_rainforest,2022-06-13,29.18,22.74,5.86,5.35,45.07
borneo_rainforest,2022-06-14,27.44,23.45,11.41,4.35,68.35
borneo_rainforest,2022-06-15,29.37,20.39,6.88,3.62,59.01
borneo_rainforest,2022-06-16,31.54,22.51,6.63,4.79,59.46
borneo_rainforest,2022-06-17,31.55,22.08,11.97,5.55,73.97
borneo_rainforest,2022-06-18,28.91,21.16,6.85,6.48,70.29
borneo_rainforest,2022-06-19,32.52,21.04,0.0,6.55,55.44
borneo_rainforest,2022-06-20,31.35,21.77,3.93,7.3,72.39
borneo_rainforest,2022-06-21,32.32,22.14,0.0,2.21,54.65
borneo_rainforest,2022-06-22,28.17,19.73,0.0,6.59,91.88
borneo_rainforest,2022-06-23,29.13,22.88,0.0,5.18,76.32
borneo_rainforest,2022-06-24,28.04,22.7,13.15,5.38,64.31
borneo_rainforest,2022-06-25,31.9,22.55,14.78,5.04,50.88
borneo_rainforest,2022-06-26,31.66,23.72,10.26,4.73,53.39
borneo_rainforest,2022-06-27,26.77,21.38,8.06,7.09,65.54
borneo_rainforest,2022-06-28,30.5,22.34,1.9,6.66,61.62
borneo_rainforest,2022-06-29,32.13,23.43,0.0,7.98,73.68
borneo_rainforest,2022-06-30,28.58,21.83,1.38,6.13,35.33
borneo_rainforest,2022-07-01,28.33,22.42,3.49,3.89,58.04
borneo_rainforest,2022-07-02,30.61,23.01,0.0,6.26,100.0
borneo_rainforest,2022-07-03,29.09,22.78,6.03,4.72,93.74
borneo_rainforest,2022-07-04,32.24,21.27,2.11,5.9,75.07
borneo_rainforest,2022-07-05,28.48,22.95,0.0,6.51,80.31
borneo_rainforest,2022-07-06,31.17,23.71,11.95,5.11,71.47
borneo_rainforest,2022-07-07,30.04,22.5,0.0,3.51,32.12
borneo_rainforest,2022-07-08,29.95,22.13,0.0,6.45,78.78
borneo_rainforest,2022-07-09,30.96,22.09,2.49,5.39,90.03
borneo_rainforest,2022-07-10,28.99,22.19,7.91,3.19,67.43
borneo_rainforest,2022-07-11,28.22,22.17,8.65,8.23,56.66
borneo_rainforest,2022-07-12,28.6,23.47,9.98,5.83,72.24
borneo_rainforest,2022-07-13,29.15,20.67,0.0,5.39,70.51
borneo_rainforest,2022-07-14,31.02,23.47,7.26,4.03,83.06
borneo_rainforest,2022-07-15,28.64,18.74,0.0,5.2,73.38
borneo_rainforest,2022-07-16,31.24,20.76,11.02,5.87,68.42
borneo_rainforest,2022-07-17,31.69,22.37,0.0,5.68,89.98
borneo_rainforest,2022-07-18,30.22,24.08,6.83,6.47,80.15
borneo_rainforest,2022-07-19,31.99,24.14,1.67,5.35,63.31
borneo_rainforest,2022-07-20,30.43,23.28,10.07,-0.57,53.26
borneo_rainforest,2022-07-21,31.46,22.83,0.6,4.7,71.54
borneo_rainforest,2022-07-22,28.51,22.68,1.92,4.68,82.15
borneo_rainforest,2022-07-23,31.47,22.1,9.03,3.24,67.24
borneo_rainforest,2022-07-24,30.78,20.5,0.0,4.09,76.6
borneo_rainforest,2022-07-25,31.76,21.58,3.21,3.71,56.96
borneo_rainforest,2022-07-26,31.07,21.96,6.82,3.85,69.17
borneo_rainforest,2022-07-27,30.27,21.43,4.8,5.47,73.27
borneo_rainforest,2022-07-28,28.36,20.94,7.33,3.95,64.24
borneo_rainforest,2022-07-29,30.64,21.83,10.8,7.28,69.06
borneo_rainforest,2022-07-30,30.58,21.02,5.24,5.19,62.23
borneo_rainforest,2022-07-31,28.49,24.53,2.59,4.05,76.99
borneo_rainforest,2022-08-01,29.0,23.02,7.4,7.66,59.49
borneo_rainforest,2022-08-02,28.82,22.22,6.75,4.77,45.91
borneo_rainforest,2022-08-03,30.84,21.5,9.74,6.26,72.28
borneo_rainforest,2022-08-04,29.39,21.72,10.0,5.19,54.93
borneo_rainforest,2022-08-05,30.21,23.78,9.43,6.21,59.91
borneo_rainforest,2022-08-06,31.33,19.49,5.16,4.69,66.17
borneo_rainforest,2022-08-07,30.43,23.78,0.0,6.71,47.02
borneo_rainforest,2022-08-08,30.66,23.88,0.58,5.03,53.43
borneo_rainforest,2022-08-09,31.71,23.28,8.62,6.81,79.76
borneo_rainforest,2022-08-10,31.27,21.82,12.3,6.09,62.67
borneo_rainforest,2022-08-11,30.62,22.34,6.6,4.71,96.75
borneo_rainforest,2022-08-12,30.26,19.88,5.49,2.71,76.95
borneo_rainforest,2022-08-13,33.18,22.4,5.06,3.12,83.49
borneo_rainforest,2022-08-14,32.5,21.94,0.0,6.23,74.9
borneo_rainforest,2022-08-15,27.96,23.66,0.8,5.64,62.15
borneo_rainforest,2022-08-16,29.35,24.46,5.58,7.39,72.39
borneo_rainforest,2022-08-17,31.2,23.48,8.33,4.68,66.42
borneo_rainforest,2022-08-18,32.53,22.58,4.57,7.52,93.2
borneo_rainforest,2022-08-19,29.21,23.09,3.88,5.29,58.71
borneo_rainforest,2022-08-20,29.36,22.29,5.04,6.7,70.63
borneo_rainforest,2022-08-21,30.21,23.78,6.38,4.11,70.44
borneo_rainforest,2022-08-22,31.82,22.48,3.7,8.25,82.29
borneo_rainforest,2022-08-23,30.49,24.12,6.4,5.24,82.24
borneo_rainforest,2022-08-24,30.52,22.3,0.0,6.88,85.61
borneo_rainforest,2022-08-25,30.46,22.56,4.83,7.2,70.14
borneo_rainforest,2022-08-26,29.79,21.77,4.58,5.82,100.0
borneo_rainforest,2022-08-27,29.88,24.72,1.67,7.74,99.78
borneo_rainforest,2022-08-28,27.98,23.83,10.18,5.51,57.51
borneo_rainforest,2022-08-29,28.09,24.04,10.96,6.22,52.03
borneo_rainforest,2022-08-30,32.35,24.06,0.39,7.03,71.18
borneo_rainforest,2022-08-31,30.63,22.4,1.62,4.22,78.34
borneo_rainforest,2022-09-01,29.94,21.78,14.41,6.4,83.72
borneo_rainforest,2022-09-02,29.68,23.96,4.75,4.45,88.55
borneo_rainforest,2022-09-03,27.79,22.47,5.67,5.32,72.98
borneo_rainforest,2022-09-04,30.98,23.73,15.48,2.09,75.02
borneo_rainforest,2022-09-05,28.46,22.83,6.7,2.78,54.35
borneo_rainforest,2022-09-06,29.61,23.74,9.55,6.52,64.58
borneo_rainforest,2022-09-07,30.16,23.34,9.09,3.03,77.81
borneo_rainforest,2022-09-08,29.41,22.11,11.81,6.96,74.19
borneo_rainforest,2022-09-09,32.32,21.16,10.81,7.43,61.21
borneo_rainforest,2022-09-10,31.83,22.44,7.28,3.85,73.51
borneo_rainforest,2022-09-11,29.9,23.28,5.4,6.45,80.53
borneo_rainforest,2022-09-12,32.28,21.9,15.86,6.36,64.35
borneo_rainforest,2022-09-13,30.84,22.98,7.76,7.28,77.6
borneo_rainforest,2022-09-14,33.8,22.97,10.66,8.34,71.32
borneo_rainforest,2022-09-15,30.05,21.05,16.44,7.74,91.78
borneo_rainforest,2022-09-16,30.71,21.19,12.27,6.94,87.38
borneo_rainforest,2022-09-17,31.61,23.84,16.29,6.34,38.14
borneo_rainforest,2022-09-18,32.26,20.7,0.0,6.53,86.0
borneo_rainforest,2022-09-19,34.26,22.89,6.65,6.09,71.39
borneo_rainforest,2022-09-20,32.48,24.17,0.74,7.6,66.28
borneo_rainforest,2022-09-21,32.87,21.25,6.26,4.24,71.58
borneo_rainforest,2022-09-22,34.13,23.27,13.29,9.56,76.37
borneo_rainforest,2022-09-23,32.68,21.68,10.53,4.77,78.5
borneo_rainforest,2022-09-24,32.7,23.45,7.2,6.63,75.35
borneo_rainforest,2022-09-25,32.11,22.43,8.73,6.63,65.5
borneo_rainforest,2022-09-26,28.66,22.34,12.5,8.44,77.04
borneo_rainforest,2022-09-27,30.41,22.16,10.51,4.57,81.65
borneo_rainforest,2022-09-28,32.12,22.52,8.54,6.24,81.05
borneo_rainforest,2022-09-29,31.38,21.53,15.91,7.74,88.25
borneo_rainforest,2022-09-30,28.18,22.39,19.11,7.39,90.25
borneo_rainforest,2022-10-01,31.7,21.24,0.53,6.24,100.0
borneo_rainforest,2022-10-02,31.38,24.33,12.02,6.3,74.2
borneo_rainforest,2022-10-03,27.89,22.79,16.28,3.99,100.0
borneo_rainforest,2022-10-04,34.25,24.45,10.31,7.89,97.42
borneo_rainforest,2022-10-05,31.2,23.87,2.56,6.85,67.95
borneo_rainforest,2022-10-06,30.87,23.2,9.01,4.88,72.23
borneo_rainforest,2022-10-07,29.14,21.92,10.79,4.3,64.92
borneo_rainforest,2022-10-08,31.78,22.12,0.0,6.95,65.65
borneo_rainforest,2022-10-09,31.91,23.52,9.86,7.5,76.34
borneo_rainforest,2022-10-10,31.7,25.61,14.04,4.94,57.54
borneo_rainforest,2022-10-11,28.89,21.65,20.94,5.34,53.39
borneo_rainforest,2022-10-12,32.62,24.08,5.64,5.27,82.26
borneo_rainforest,2022-10-13,30.68,25.57,5.7,5.63,70.03
borneo_rainforest,2022-10-14,32.42,24.8,4.84,7.55,97.63
borneo_rainforest,2022-10-15,33.04,23.04,8.41,7.63,65.41
borneo_rainforest,2022-10-16,30.72,23.38,13.46,5.94,76.66
borneo_rainforest,2022-10-17,30.38,23.8,17.52,6.43,59.03
borneo_rainforest,2022-10-18,29.27,23.71,10.36,5.05,85.42
borneo_rainforest,2022-10-19,32.96,25.36,19.11,7.08,62.6
borneo_rainforest,2022-10-20,29.71,23.89,22.12,6.69,86.74
borneo_rainforest,2022-10-21,33.5,23.76,10.89,5.45,72.79
borneo_rainforest,2022-10-22,33.17,23.07,14.45,8.79,99.54
borneo_rainforest,2022-10-23,32.69,23.26,6.38,8.16,86.22
borneo_rainforest,2022-10-24,31.14,22.94,19.25,5.69,98.03
borneo_rainforest,2022-10-25,32.43,24.57,11.35,7.39,67.02
borneo_rainforest,2022-10-26,32.36,22.85,12.27,9.28,91.23
borneo_rainforest,2022-10-27,31.52,23.08,13.69,8.11,71.75
borneo_rainforest,2022-10-28,30.98,25.93,16.86,6.97,93.22
borneo_rainforest,2022-10-29,31.39,22.93,14.75,7.25,100.0
borneo_rainforest,2022-10-30,30.48,21.19,7.58,7.14,82.35
borneo_rainforest,2022-10-31,32.93,25.6,7.7,7.8,83.73
borneo_rainforest,2022-11-01,35.2,23.15,5.06,7.64,79.2
borneo_rainforest,2022-11-02,30.5,24.71,7.14,4.55,62.88
borneo_rainforest,2022-11-03,32.51,25.8,19.02,9.13,65.38
borneo_rainforest,2022-11-04,32.52,21.89,14.23,5.64,79.17
borneo_rainforest,2022-11-05,33.96,22.81,9.47,5.14,63.95
borneo_rainforest,2022-11-06,31.63,24.04,13.09,7.57,92.64
borneo_rainforest,2022-11-07,31.17,21.98,23.83,5.53,93.75
borneo_rainforest,2022-11-08,30.9,22.72,7.64,6.79,100.0
borneo_rainforest,2022-11-09,34.54,23.59,14.08,6.06,78.27
borneo_rainforest,2022-11-10,33.73,24.44,10.58,8.81,82.95
borneo_rainforest,2022-11-11,30.18,23.38,18.87,5.22,100.0
borneo_rainforest,2022-11-12,34.11,22.39,1.4,7.46,73.94
borneo_rainforest,2022-11-13,31.85,21.47,2.88,6.48,79.77
borneo_rainforest,2022-11-14,31.84,24.47,11.59,5.85,75.65
borneo_rainforest,2022-11-15,30.25,24.83,14.33,9.93,72.06
borneo_rainforest,2022-11-16,33.78,23.7,13.42,5.89,77.26
borneo_rainforest,2022-11-17,31.63,24.03,19.52,4.46,76.35
borneo_rainforest,2022-11-18,32.5,23.73,13.83,7.21,78.98
borneo_rainforest,2022-11-19,29.69,22.54,2.65,5.78,91.45
borneo_rainforest,2022-11-20,32.2,24.25,9.3,7.82,74.53
borneo_rainforest,2022-11-21,29.18,25.49,6.03,6.41,83.22
borneo_rainforest,2022-11-22,31.97,23.86,0.33,7.14,100.0
borneo_rainforest,2022-11-23,31.22,24.63,9.36,5.27,100.0
borneo_rainforest,2022-11-24,30.5,22.4,6.99,5.91,68.85
borneo_rainforest,2022-11-25,32.99,23.16,9.52,6.8,71.07
borneo_rainforest,2022-11-26,30.83,23.82,11.9,6.89,82.0
borneo_rainforest,2022-11-27,32.57,25.16,18.95,6.63,76.43
borneo_rainforest,2022-11-28,32.09,22.89,16.93,4.08,77.71
borneo_rainforest,2022-11-29,31.92,24.44,11.4,7.14,89.04
borneo_rainforest,2022-11-30,35.21,24.23,9.58,6.99,98.04
borneo_rainforest,2022-12-01,33.11,24.68,10.55,7.0,62.27
borneo_rainforest,2022-12-02,33.24,22.92,11.19,7.93,82.28
borneo_rainforest,2022-12-03,31.65,24.51,10.81,7.39,92.26
borneo_rainforest,2022-12-04,32.13,24.3,19.41,6.71,72.29
borneo_rainforest,2022-12-05,29.61,24.29,15.23,8.78,82.76
borneo_rainforest,2022-12-06,30.95,25.31,13.56,6.29,79.19
borneo_rainforest,2022-12-07,31.48,25.55,10.58,5.62,67.87
borneo_rainforest,2022-12-08,32.33,24.07,7.07,6.97,47.72
borneo_rainforest,2022-12-09,29.91,22.93,11.94,8.22,82.92
borneo_rainforest,2022-12-10,32.68,23.78,11.46,8.86,77.77
borneo_rainforest,2022-12-11,31.9,22.45,17.1,6.1,77.07
borneo_rainforest,2022-12-12,32.36,24.15,14.0,6.97,67.37
borneo_rainforest,2022-12-13,33.61,25.77,10.36,7.85,92.76
borneo_rainforest,2022-12-14,30.25,23.6,5.26,7.36,76.3
borneo_rainforest,2022-12-15,31.61,24.36,5.94,6.25,72.56
borneo_rainforest,2022-12-16,31.66,23.41,8.0,6.68,84.11
borneo_rainforest,2022-12-17,30.83,23.4,18.71,5.78,91.16
borneo_rainforest,2022-12-18,31.99,24.44,17.41,5.73,85.07
borneo_rainforest,2022-12-19,31.57,22.62,8.62,6.66,93.03
borneo_rainforest,2022-12-20,31.98,22.72,14.1,7.69,84.62
borneo_rainforest,2022-12-21,31.44,25.65,15.85,7.55,100.0
borneo_rainforest,2022-12-22,30.15,22.13,2.93,5.81,94.94
borneo_rainforest,2022-12-23,31.11,23.44,10.39,5.55,83.05
borneo_rainforest,2022-12-24,30.49,26.62,18.22,5.96,73.75
borneo_rainforest,2022-12-25,30.11,26.0,18.09,3.74,67.22
borneo_rainforest,2022-12-26,32.01,23.67,23.56,8.32,84.11
borneo_rainforest,2022-12-27,31.75,24.96,12.78,5.95,77.65
borneo_rainforest,2022-12-28,32.25,23.48,19.12,9.06,93.19
borneo_rainforest,2022-12-29,32.21,22.62,19.41,7.92,74.11
borneo_rainforest,2022-12-30,33.43,23.5,11.15,8.73,85.22
borneo_rainforest,2022-12-31,34.32,23.99,21.85,9.25,81.67
borneo_rainforest,2023-01-01,32.26,22.68,14.27,5.07,83.34
borneo_rainforest,2023-01-02,29.34,24.73,3.76,3.88,83.9
borneo_rainforest,2023-01-03,31.42,25.29,11.46,7.37,92.25
borneo_rainforest,2023-01-04,33.5,23.41,13.65,6.39,84.73
borneo_rainforest,2023-01-05,31.35,22.19,9.89,6.52,77.68
borneo_rainforest,2023-01-06,29.59,25.54,9.09,7.06,66.48
borneo_rainforest,2023-01-07,32.14,23.54,12.34,5.33,91.32
borneo_rainforest,2023-01-08,30.98,23.13,17.0,5.28,75.64
borneo_rainforest,2023-01-09,29.8,22.25,8.13,5.44,79.13
borneo_rainforest,2023-01-10,32.2,23.06,17.22,7.31,76.92
borneo_rainforest,2023-01-11,30.86,25.44,13.37,7.66,69.13
borneo_rainforest,2023-01-12,33.87,23.77,14.36,5.36,71.33
borneo_rainforest,2023-01-13,31.15,22.92,13.81,6.96,80.54
borneo_rainforest,2023-01-14,34.86,24.01,18.89,6.84,77.02
borneo_rainforest,2023-01-15,31.01,22.37,15.65,6.22,70.04
borneo_rainforest,2023-01-16,33.95,24.75,12.66,7.26,88.48
borneo_rainforest,2023-01-17,31.72,23.56,11.43,5.79,93.37
borneo_rainforest,2023-01-18,34.09,24.77,12.63,8.39,85.76
borneo_rainforest,2023-01-19,32.27,23.53,4.83,6.64,83.38
borneo_rainforest,2023-01-20,32.98,24.95,15.92,9.45,51.54
borneo_rainforest,2023-01-21,34.61,23.9,3.74,6.68,75.1
borneo_rainforest,2023-01-22,27.5,23.03,17.0,6.37,90.95
borneo_rainforest,2023-01-23,33.27,25.37,9.45,6.61,80.07
borneo_rainforest,2023-01-24,31.72,22.84,7.09,6.06,84.84
borneo_rainforest,2023-01-25,32.64,24.38,14.16,5.28,91.2
borneo_rainforest,2023-01-26,29.98,20.72,18.02,3.72,93.59
borneo_rainforest,2023-01-27,32.35,24.16,17.37,4.83,87.33
borneo_rainforest,2023-01-28,35.09,21.72,4.29,7.78,97.12
borneo_rainforest,2023-01-29,31.84,24.3,21.12,9.07,73.51
borneo_rainforest,2023-01-30,30.96,24.79,12.68,7.84,81.71
borneo_rainforest,2023-01-31,32.49,24.43,12.08,6.62,77.99
borneo_rainforest,2023-02-01,32.56,24.37,8.12,5.08,64.51
borneo_rainforest,2023-02-02,28.76,24.93,7.95,6.17,76.4
borneo_rainforest,2023-02-03,33.72,22.6,12.9,8.63,79.4
borneo_rainforest,2023-02-04,29.75,24.3,2.54,5.55,82.91
borneo_rainforest,2023-02-05,30.74,24.78,8.01,5.64,89.7
borneo_rainforest,2023-02-06,31.47,22.41,13.76,9.13,66.78
borneo_rainforest,2023-02-07,33.0,22.38,14.21,4.34,100.0
borneo_rainforest,2023-02-08,33.61,24.12,9.39,6.68,65.2
borneo_rainforest,2023-02-09,31.51,23.95,0.0,9.0,80.6
borneo_rainforest,2023-02-10,29.94,25.12,6.6,4.94,74.46
borneo_rainforest,2023-02-11,31.63,23.24,16.98,5.95,61.47
borneo_rainforest,2023-02-12,30.15,23.28,6.81,6.38,86.88
borneo_rainforest,2023-02-13,29.19,22.57,7.88,7.12,80.76
borneo_rainforest,2023-02-14,29.8,22.54,11.39,6.81,90.16
borneo_rainforest,2023-02-15,30.03,22.31,5.34,6.81,56.95
borneo_rainforest,2023-02-16,30.93,23.88,4.97,6.1,60.55
borneo_rainforest,2023-02-17,31.9,24.25,7.96,7.76,74.27
borneo_rainforest,2023-02-18,31.26,23.37,10.44,9.17,92.67
borneo_rainforest,2023-02-19,34.39,23.82,6.27,7.65,81.71
borneo_rainforest,2023-02-20,30.8,21.91,10.87,4.62,71.31
borneo_rainforest,2023-02-21,31.95,25.49,14.71,6.84,81.2
borneo_rainforest,2023-02-22,28.99,22.2,19.25,8.9,88.43
borneo_rainforest,2023-02-23,33.3,24.26,6.29,5.14,80.9
borneo_rainforest,2023-02-24,31.5,22.07,13.53,6.3,76.45
borneo_rainforest,2023-02-25,29.68,23.88,8.62,2.5,72.19
borneo_rainforest,2023-02-26,27.57,23.61,14.29,6.35,73.53
borneo_rainforest,2023-02-27,31.52,21.42,6.12,6.4,73.32
borneo_rainforest,2023-02-28,32.55,22.48,19.93,5.46,89.14
borneo_rainforest,2023-03-01,32.12,24.02,6.28,5.56,59.5
borneo_rainforest,2023-03-02,31.58,24.3,9.2,6.0,79.48
borneo_rainforest,2023-03-03,31.91,23.68,5.78,7.05,82.59
borneo_rainforest,2023-03-04,30.7,24.17,0.0,4.53,75.32
borneo_rainforest,2023-03-05,33.18,24.2,5.24,6.33,87.6
borneo_rainforest,2023-03-06,31.57,24.71,2.27,7.93,77.72
borneo_rainforest,2023-03-07,29.48,21.49,10.97,4.84,82.34
borneo_rainforest,2023-03-08,32.27,24.44,8.82,6.88,73.3
borneo_rainforest,2023-03-09,30.71,24.77,6.58,5.94,98.16
borneo_rainforest,2023-03-10,29.21,24.26,14.74,6.92,60.49
borneo_rainforest,2023-03-11,30.28,22.48,6.74,4.2,60.98
borneo_rainforest,2023-03-12,30.99,23.28,13.29,5.47,55.66
borneo_rainforest,2023-03-13,30.85,21.77,12.98,6.51,95.69
borneo_rainforest,2023-03-14,30.95,24.08,9.42,3.44,86.4
borneo_rainforest,2023-03-15,30.06,22.77,0.0,5.68,88.04
borneo_rainforest,2023-03-16,30.43,23.58,5.86,8.84,51.09
borneo_rainforest,2023-03-17,33.05,21.83,3.04,3.14,90.26
borneo_rainforest,2023-03-18,32.94,23.08,11.23,4.21,75.77
borneo_rainforest,2023-03-19,28.49,20.79,7.69,5.77,69.46
borneo_rainforest,2023-03-20,29.31,22.09,9.62,5.12,77.17
borneo_rainforest,2023-03-21,31.11,24.08,4.07,10.02,82.61
borneo_rainforest,2023-03-22,30.66,22.14,10.06,7.69,42.02
borneo_rainforest,2023-03-23,30.57,21.3,11.71,3.77,80.01
borneo_rainforest,2023-03-24,29.15,26.6,18.86,3.54,84.38
borneo_rainforest,2023-03-25,30.92,23.27,13.24,5.59,61.98
borneo_rainforest,2023-03-26,28.78,24.54,6.14,5.92,92.17
borneo_rainforest,2023-03-27,33.28,22.12,14.09,7.92,72.12
borneo_rainforest,2023-03-28,33.21,22.39,11.21,3.83,59.95
borneo_rainforest,2023-03-29,31.79,24.1,3.3,6.9,85.88
borneo_rainforest,2023-03-30,32.52,23.37,12.64,6.36,92.88
borneo_rainforest,2023-03-31,31.64,20.47,7.83,6.48,68.52
borneo_rainforest,2023-04-01,25.33,25.54,6.98,3.71,75.04
borneo_rainforest,2023-04-02,29.11,22.36,11.81,5.94,99.71
borneo_rainforest,2023-04-03,34.22,21.53,2.98,4.13,65.55
borneo_rainforest,2023-04-04,31.95,23.73,0.0,10.05,57.6
borneo_rainforest,2023-04-05,30.02,21.27,2.59,5.55,57.33
borneo_rainforest,2023-04-06,31.0,19.97,6.4,6.09,42.09
borneo_rainforest,2023-04-07,29.68,21.98,4.1,4.84,50.23
borneo_rainforest,2023-04-08,31.57,21.77,11.15,5.1,75.8
borneo_rainforest,2023-04-09,31.64,23.96,10.94,5.42,90.47
borneo_rainforest,2023-04-10,31.02,22.28,5.06,6.12,86.92
borneo_rainforest,2023-04-11,31.35,22.56,10.24,6.84,74.15
borneo_rainforest,2023-04-12,29.29,26.22,4.12,7.42,75.17
borneo_rainforest,2023-04-13,29.88,21.97,13.84,5.49,89.16
borneo_rainforest,2023-04-14,33.35,22.02,15.81,4.92,49.94
borneo_rainforest,2023-04-15,31.45,21.93,3.49,5.7,69.99
borneo_rainforest,2023-04-16,32.06,23.41,0.0,6.36,59.45
borneo_rainforest,2023-04-17,30.89,22.61,2.77,4.6,67.97
borneo_rainforest,2023-04-18,30.93,21.72,12.67,3.18,44.71
borneo_rainforest,2023-04-19,32.79,23.67,0.0,4.54,82.19
borneo_rainforest,2023-04-20,28.25,21.12,8.36,7.5,78.58
borneo_rainforest,2023-04-21,30.64,22.69,0.89,5.31,89.58
borneo_rainforest,2023-04-22,29.32,20.13,0.0,5.26,67.27
borneo_rainforest,2023-04-23,31.6,24.51,9.69,4.39,76.5
borneo_rainforest,2023-04-24,32.99,20.93,5.86,6.03,81.84
borneo_rainforest,2023-04-25,31.73,22.97,12.02,3.65,49.29
borneo_rainforest,2023-04-26,30.11,23.74,13.11,3.72,69.72
borneo_rainforest,2023-04-27,31.37,20.91,2.14,4.97,75.56
borneo_rainforest,2023-04-28,29.41,21.31,4.78,5.09,49.83
borneo_rainforest,2023-04-29,28.95,21.36,7.12,5.04,73.32
borneo_rainforest,2023-04-30,28.92,22.07,2.13,7.08,70.23
borneo_rainforest,2023-05-01,27.8,21.79,10.0,4.98,78.58
borneo_rainforest,2023-05-02,29.96,22.33,6.62,4.27,81.62
borneo_rainforest,2023-05-03,31.51,22.93,3.74,4.52,63.4
borneo_rainforest,2023-05-04,27.38,23.14,3.8,8.1,66.23
borneo_rainforest,2023-05-05,28.07,23.83,12.01,5.93,56.28
borneo_rainforest,2023-05-06,31.03,21.32,2.73,4.1,72.71
borneo_rainforest,2023-05-07,29.79,23.61,11.53,6.68,57.17
borneo_rainforest,2023-05-08,30.89,20.0,5.6,5.39,65.2
borneo_rainforest,2023-05-09,29.94,20.0,0.0,6.49,87.89
borneo_rainforest,2023-05-10,29.21,22.94,0.0,6.98,63.51
borneo_rainforest,2023-05-11,31.74,23.87,2.86,4.1,66.69
borneo_rainforest,2023-05-12,30.63,22.67,7.18,2.24,65.42
borneo_rainforest,2023-05-13,31.04,22.78,5.79,1.7,64.46
borneo_rainforest,2023-05-14,28.9,20.8,2.91,4.81,58.74
borneo_rainforest,2023-05-15,28.42,21.24,4.77,5.0,34.25
borneo_rainforest,2023-05-16,31.62,21.43,8.25,5.37,56.44
borneo_rainforest,2023-05-17,29.83,22.12,0.0,6.45,41.93
borneo_rainforest,2023-05-18,32.75,21.99,4.07,8.23,82.16
borneo_rainforest,2023-05-19,31.11,23.19,3.44,5.95,50.02
borneo_rainforest,2023-05-20,30.72,22.68,9.34,2.81,54.79
borneo_rainforest,2023-05-21,31.36,21.41,3.46,6.31,64.52
borneo_rainforest,2023-05-22,27.32,22.13,0.0,5.23,94.14
borneo_rainforest,2023-05-23,32.04,22.08,8.88,6.61,66.58
borneo_rainforest,2023-05-24,31.3,19.39,0.0,7.1,66.51
borneo_rainforest,2023-05-25,28.4,20.71,2.12,4.21,40.52
borneo_rainforest,2023-05-26,26.3,24.18,0.0,3.97,95.3
borneo_rainforest,2023-05-27,30.91,22.75,2.88,6.47,80.22
borneo_rainforest,2023-05-28,29.82,24.17,5.0,5.84,68.18
borneo_rainforest,2023-05-29,29.57,23.25,0.0,4.08,80.42
borneo_rainforest,2023-05-30,31.82,23.8,10.22,4.61,41.91
borneo_rainforest,2023-05-31,27.27,21.58,0.0,3.76,81.26
borneo_rainforest,2023-06-01,31.82,23.22,10.53,6.33,48.9
borneo_rainforest,2023-06-02,28.92,22.23,6.21,4.65,61.26
borneo_rainforest,2023-06-03,30.82,24.6,0.0,7.27,80.79
borneo_rainforest,2023-06-04,30.01,20.8,7.78,6.56,100.0
borneo_rainforest,2023-06-05,29.54,22.29,3.1,5.93,70.66
borneo_rainforest,2023-06-06,31.97,21.62,9.95,1.32,93.78
borneo_rainforest,2023-06-07,30.49,23.36,0.0,4.96,76.91
borneo_rainforest,2023-06-08,30.28,20.66,2.64,3.0,60.64
borneo_rainforest,2023-06-09,30.33,21.47,0.0,6.48,70.93
borneo_rainforest,2023-06-10,31.42,21.76,6.79,5.97,90.16
borneo_rainforest,2023-06-11,32.23,23.58,12.05,2.58,47.6
borneo_rainforest,2023-06-12,29.91,20.85,6.81,5.58,65.98
borneo_rainforest,2023-06-13,32.22,22.4,6.85,4.93,88.12
borneo_rainforest,2023-06-14,28.54,23.49,3.06,5.16,63.09
borneo_rainforest,2023-06-15,29.33,21.34,3.82,6.8,67.01
borneo_rainforest,2023-06-16,29.77,21.98,6.92,3.94,54.51
borneo_rainforest,2023-06-17,30.52,23.08,5.78,5.79,77.79
borneo_rainforest,2023-06-18,28.86,22.84,4.06,4.9,67.29
borneo_rainforest,2023-06-19,28.32,20.65,0.0,4.42,90.88
borneo_rainforest,2023-06-20,28.65,23.5,5.22,3.22,50.68
borneo_rainforest,2023-06-21,28.93,23.73,0.0,4.22,57.45
borneo_rainforest,2023-06-22,30.1,23.12,0.0,5.77,86.19
borneo_rainforest,2023-06-23,31.76,22.67,9.32,5.97,82.15
borneo_rainforest,2023-06-24,30.17,24.23,2.03,4.19,53.76
borneo_rainforest,2023-06-25,28.8,21.06,9.81,9.01,97.49
borneo_rainforest,2023-06-26,29.34,22.32,4.28,7.01,79.96
borneo_rainforest,2023-06-27,31.8,21.63,10.36,3.14,73.33
borneo_rainforest,2023-06-28,29.97,22.67,6.95,5.44,59.07
borneo_rainforest,2023-06-29,28.25,22.23,4.4,2.56,78.09
borneo_rainforest,2023-06-30,28.85,21.78,7.22,5.69,83.77
borneo_rainforest,2023-07-01,34.15,23.22,4.22,6.66,61.02
borneo_rainforest,2023-07-02,28.63,23.48,8.45,4.16,38.65
borneo_rainforest,2023-07-03,28.2,23.47,5.59,5.19,93.66
borneo_rainforest,2023-07-04,28.8,24.51,0.0,4.83,83.97
borneo_rainforest,2023-07-05,31.59,21.8,0.0,4.68,69.69
borneo_rainforest,2023-07-06,30.91,23.31,0.0,3.66,52.37
borneo_rainforest,2023-07-07,29.54,21.92,9.86,4.87,78.72
borneo_rainforest,2023-07-08,28.81,21.86,1.98,6.79,65.12
borneo_rainforest,2023-07-09,28.21,24.39,8.62,5.73,54.09
borneo_rainforest,2023-07-10,31.24,23.69,2.59,5.87,47.4
borneo_rainforest,2023-07-11,27.68,21.07,10.11,4.26,78.62
borneo_rainforest,2023-07-12,28.08,21.61,6.76,6.88,82.61
borneo_rainforest,2023-07-13,30.44,22.95,13.53,5.84,90.09
borneo_rainforest,2023-07-14,32.55,21.91,4.5,5.07,70.57
borneo_rainforest,2023-07-15,31.16,21.32,10.69,6.56,69.81
borneo_rainforest,2023-07-16,30.68,23.93,6.65,4.15,74.22
borneo_rainforest,2023-07-17,28.8,20.41,7.44,6.32,70.89
borneo_rainforest,2023-07-18,32.49,23.83,0.76,4.58,61.07
borneo_rainforest,2023-07-19,31.19,20.98,0.14,3.87,54.8
borneo_rainforest,2023-07-20,29.94,21.47,10.59,5.65,67.84
borneo_rainforest,2023-07-21,31.1,22.84,7.47,8.93,87.94
borneo_rainforest,2023-07-22,29.01,23.6,3.52,3.45,77.03
borneo_rainforest,2023-07-23,27.7,22.85,5.03,5.55,60.16
borneo_rainforest,2023-07-24,31.52,23.08,0.0,6.4,67.54
borneo_rainforest,2023-07-25,30.28,23.14,8.01,3.59,64.71
borneo_rainforest,2023-07-26,31.38,20.18,15.43,4.76,76.03
borneo_rainforest,2023-07-27,30.99,21.98,0.0,5.39,71.94
borneo_rainforest,2023-07-28,29.56,19.96,0.0,4.97,77.17
borneo_rainforest,2023-07-29,30.25,23.57,4.84,5.46,72.53
borneo_rainforest,2023-07-30,30.91,21.1,10.57,8.17,59.25
borneo_rainforest,2023-07-31,31.19,22.65,3.64,5.65,82.0
borneo_rainforest,2023-08-01,26.6,22.71,10.82,6.8,91.88
borneo_rainforest,2023-08-02,32.94,21.54,0.0,2.93,63.96
borneo_rainforest,2023-08-03,29.68,22.27,2.5,5.11,58.53
borneo_rainforest,2023-08-04,32.15,23.4,7.89,5.68,75.11
borneo_rainforest,2023-08-05,28.38,23.36,12.04,6.45,87.39
borneo_rainforest,2023-08-06,30.77,22.11,0.0,2.79,73.21
borneo_rainforest,2023-08-07,30.19,24.28,11.63,5.27,77.26
borneo_rainforest,2023-08-08,31.25,20.82,17.95,2.66,50.55
borneo_rainforest,2023-08-09,30.76,23.1,6.05,4.03,63.53
borneo_rainforest,2023-08-10,29.22,23.28,1.7,6.54,79.25
borneo_rainforest,2023-08-11,30.16,20.98,7.34,5.9,59.19
borneo_rainforest,2023-08-12,28.7,22.85,2.36,7.74,69.22
borneo_rainforest,2023-08-13,27.95,24.01,0.0,6.33,69.53
borneo_rainforest,2023-08-14,30.8,22.59,0.0,3.43,61.14
borneo_rainforest,2023-08-15,29.89,23.17,0.15,4.27,77.59
borneo_rainforest,2023-08-16,28.51,23.12,9.49,5.88,80.0
borneo_rainforest,2023-08-17,29.71,21.34,6.9,4.66,87.1
borneo_rainforest,2023-08-18,29.78,24.09,5.91,6.6,81.17
borneo_rainforest,2023-08-19,31.79,22.3,13.85,5.45,63.71
borneo_rainforest,2023-08-20,30.13,22.95,6.15,8.4,78.11
borneo_rainforest,2023-08-21,30.03,21.46,4.29,1.45,73.52
borneo_rainforest,2023-08-22,30.13,21.58,1.72,7.97,83.01
borneo_rainforest,2023-08-23,28.97,22.59,8.25,3.37,89.44
borneo_rainforest,2023-08-24,31.42,22.65,9.96,4.7,58.37
borneo_rainforest,2023-08-25,30.6,23.04,4.74,5.16,73.26
borneo_rainforest,2023-08-26,31.35,23.62,14.59,2.77,82.02
borneo_rainforest,2023-08-27,29.35,22.49,0.78,6.79,72.51
borneo_rainforest,2023-08-28,30.36,23.32,2.69,6.0,83.98
borneo_rainforest,2023-08-29,28.45,24.48,20.53,5.04,50.77
borneo_rainforest,2023-08-30,29.74,22.1,8.57,7.82,66.67
borneo_rainforest,2023-08-31,30.25,22.61,0.0,3.57,85.29
borneo_rainforest,2023-09-01,30.53,22.07,1.77,5.33,61.63
borneo_rainforest,2023-09-02,31.31,21.53,8.48,7.7,75.2
borneo_rainforest,2023-09-03,31.48,23.2,5.74,5.52,60.25
borneo_rainforest,2023-09-04,31.97,22.86,9.22,5.24,92.12
borneo_rainforest,2023-09-05,33.94,22.99,9.86,6.55,58.97
borneo_rainforest,2023-09-06,27.72,22.09,6.4,5.08,72.33
borneo_rainforest,2023-09-07,31.64,21.33,0.0,9.27,74.77
borneo_rainforest,2023-09-08,29.8,21.97,2.3,5.48,73.53
borneo_rainforest,2023-09-09,31.29,22.53,5.53,4.46,69.99
borneo_rainforest,2023-09-10,29.84,24.74,6.28,6.58,79.12
borneo_rainforest,2023-09-11,32.0,26.44,11.65,6.99,77.69
borneo_rainforest,2023-09-12,30.48,23.0,13.6,5.51,71.04
borneo_rainforest,2023-09-13,33.13,22.3,1.98,7.0,64.47
borneo_rainforest,2023-09-14,31.6,23.22,0.0,5.48,73.94
borneo_rainforest,2023-09-15,31.54,23.27,8.25,5.39,93.81
borneo_rainforest,2023-09-16,27.93,21.86,7.88,8.94,74.7
borneo_rainforest,2023-09-17,29.67,23.16,10.04,5.44,66.47
borneo_rainforest,2023-09-18,32.58,23.72,9.46,5.33,58.67
borneo_rainforest,2023-09-19,32.37,23.55,0.0,8.85,65.91
borneo_rainforest,2023-09-20,30.16,22.94,9.21,7.9,56.43
borneo_rainforest,2023-09-21,31.01,22.54,4.02,5.55,56.57
borneo_rainforest,2023-09-22,29.38,23.59,4.72,7.95,68.27
borneo_rainforest,2023-09-23,31.16,24.49,4.03,6.63,63.09
borneo_rainforest,2023-09-24,30.57,23.02,10.31,6.0,74.02
borneo_rainforest,2023-09-25,32.27,25.12,10.7,5.94,81.22
borneo_rainforest,2023-09-26,31.82,24.32,0.0,6.02,87.09
borneo_rainforest,2023-09-27,30.06,24.51,0.98,8.57,64.24
borneo_rainforest,2023-09-28,31.09,24.15,8.52,6.68,96.53
borneo_rainforest,2023-09-29,28.33,22.81,10.8,4.31,92.41
borneo_rainforest,2023-09-30,30.78,21.66,15.15,4.24,76.37
borneo_rainforest,2023-10-01,32.42,23.04,6.27,4.29,73.37
borneo_rainforest,2023-10-02,31.95,24.26,10.32,7.34,78.89
borneo_rainforest,2023-10-03,28.82,23.16,10.95,6.89,82.09
borneo_rainforest,2023-10-04,31.54,22.78,4.7,7.17,85.76
borneo_rainforest,2023-10-05,31.55,24.29,6.38,4.98,59.57
borneo_rainforest,2023-10-06,31.47,25.36,6.19,5.21,65.93
borneo_rainforest,2023-10-07,33.13,24.74,13.32,6.82,75.56
borneo_rainforest,2023-10-08,32.85,25.25,13.45,9.54,77.57
borneo_rainforest,2023-10-09,31.39,22.53,12.46,4.67,81.58
borneo_rainforest,2023-10-10,32.85,22.45,14.69,6.99,70.64
borneo_rainforest,2023-10-11,32.63,22.53,11.1,4.58,90.35
borneo_rainforest,2023-10-12,29.6,22.46,4.99,4.01,74.79
borneo_rainforest,2023-10-13,30.32,22.54,6.48,7.62,97.21
borneo_rainforest,2023-10-14,31.5,24.01,16.19,7.56,71.15
borneo_rainforest,2023-10-15,32.01,24.11,9.21,3.76,89.96
borneo_rainforest,2023-10-16,31.5,22.1,9.17,7.44,77.41
borneo_rainforest,2023-10-17,30.58,24.16,3.68,6.34,75.45
borneo_rainforest,2023-10-18,33.63,22.82,5.21,6.99,63.7
borneo_rainforest,2023-10-19,31.8,24.34,8.71,8.07,73.85
borneo_rainforest,2023-10-20,31.53,22.9,14.25,6.28,62.77
borneo_rainforest,2023-10-21,31.43,24.6,9.58,6.67,70.48
borneo_rainforest,2023-10-22,29.03,22.34,0.0,8.48,73.17
borneo_rainforest,2023-10-23,29.85,24.41,11.03,3.26,87.11
borneo_rainforest,2023-10-24,33.62,23.0,13.32,4.0,84.83
borneo_rainforest,2023-10-25,32.54,23.69,14.84,5.46,82.6
borneo_rainforest,2023-10-26,31.98,22.5,10.1,6.03,66.48
borneo_rainforest,2023-10-27,28.79,23.52,7.58,8.4,100.0
borneo_rainforest,2023-10-28,30.35,24.09,5.43,4.53,97.83
borneo_rainforest,2023-10-29,29.87,22.44,13.36,5.35,91.22
borneo_rainforest,2023-10-30,35.48,22.23,10.06,6.2,56.11
borneo_rainforest,2023-10-31,33.24,24.54,4.15,5.14,76.81
borneo_rainforest,2023-11-01,31.44,22.62,12.16,8.2,73.93
borneo_rainforest,2023-11-02,27.68,23.39,12.95,4.05,67.15
borneo_rainforest,2023-11-03,33.74,23.66,12.62,4.62,79.1
borneo_rainforest,2023-11-04,30.17,22.78,15.06,6.01,80.32
borneo_rainforest,2023-11-05,31.79,25.79,0.0,5.67,83.09
borneo_rainforest,2023-11-06,32.26,22.95,10.24,6.07,63.92
borneo_rainforest,2023-11-07,29.65,23.45,5.9,7.06,80.55
borneo_rainforest,2023-11-08,33.14,21.99,9.78,7.38,90.82
borneo_rainforest,2023-11-09,33.14,24.86,15.09,7.44,69.51
borneo_rainforest,2023-11-10,33.58,21.47,14.82,5.67,78.7
borneo_rainforest,2023-11-11,34.68,22.83,14.32,7.72,83.01
borneo_rainforest,2023-11-12,30.05,22.18,0.0,6.5,69.85
borneo_rainforest,2023-11-13,31.83,22.93,16.25,9.16,89.08
borneo_rainforest,2023-11-14,32.46,22.82,14.03,7.9,68.26
borneo_rainforest,2023-11-15,31.02,22.79,17.2,7.87,58.46
borneo_rainforest,2023-11-16,30.67,24.8,16.17,8.05,100.0
borneo_rainforest,2023-11-17,32.29,24.13,4.51,5.91,73.67
borneo_rainforest,2023-11-18,30.12,21.39,3.68,5.63,77.13
borneo_rainforest,2023-11-19,32.99,25.15,6.89,6.61,57.12
borneo_rainforest,2023-11-20,31.27,24.47,9.42,8.9,100.0
borneo_rainforest,2023-11-21,32.97,22.37,10.37,5.34,86.69
borneo_rainforest,2023-11-22,32.68,23.49,22.23,8.34,64.6
borneo_rainforest,2023-11-23,28.52,25.73,4.49,6.22,74.06
borneo_rainforest,2023-11-24,32.65,24.8,9.68,6.79,78.64
borneo_rainforest,2023-11-25,32.2,26.27,12.99,6.96,65.45
borneo_rainforest,2023-11-26,29.82,25.42,12.9,4.68,71.22
borneo_rainforest,2023-11-27,34.71,20.61,10.35,5.33,95.19
borneo_rainforest,2023-11-28,33.02,25.15,14.76,8.09,74.87
borneo_rainforest,2023-11-29,32.51,23.64,24.5,7.6,84.23
borneo_rainforest,2023-11-30,30.37,23.27,9.73,6.27,84.12
borneo_rainforest,2023-12-01,32.19,22.08,17.85,6.62,76.74
borneo_rainforest,2023-12-02,34.25,23.32,10.36,8.12,71.55
borneo_rainforest,2023-12-03,33.77,26.45,5.5,9.48,87.92
borneo_rainforest,2023-12-04,31.09,25.69,16.05,8.39,66.44
borneo_rainforest,2023-12-05,31.97,22.57,16.26,6.93,83.98
borneo_rainforest,2023-12-06,35.0,22.26,15.51,9.1,89.67
borneo_rainforest,2023-12-07,30.64,25.07,22.97,8.16,85.19
borneo_rainforest,2023-12-08,33.91,22.55,3.96,6.46,69.37
borneo_rainforest,2023-12-09,32.24,23.34,15.29,5.32,65.4
borneo_rainforest,2023-12-10,32.03,23.26,6.82,3.63,93.54
borneo_rainforest,2023-12-11,31.15,24.96,12.98,7.12,96.08
borneo_rainforest,2023-12-12,31.43,23.95,9.38,5.48,79.18
borneo_rainforest,2023-12-13,30.78,21.47,13.95,6.31,70.81
borneo_rainforest,2023-12-14,33.89,23.3,12.57,5.18,78.52
borneo_rainforest,2023-12-15,31.29,24.43,13.44,5.84,70.14
borneo_rainforest,2023-12-16,30.77,23.14,6.25,8.66,84.43
borneo_rainforest,2023-12-17,34.34,23.77,15.16,7.97,85.48
borneo_rainforest,2023-12-18,32.15,24.64,5.53,10.52,85.02
borneo_rainforest,2023-12-19,30.54,21.56,15.36,3.96,76.47
borneo_rainforest,2023-12-20,33.22,22.63,10.66,6.91,82.78
borneo_rainforest,2023-12-21,32.65,26.59,14.45,7.68,78.31
borneo_rainforest,2023-12-22,31.78,23.35,5.44,8.61,64.59
borneo_rainforest,2023-12-23,32.26,23.79,17.12,6.75,98.89
borneo_rainforest,2023-12-24,32.36,23.58,8.71,6.81,75.77
borneo_rainforest,2023-12-25,32.1,22.86,9.65,7.9,61.88
borneo_rainforest,2023-12-26,34.06,22.7,7.48,6.19,88.7
borneo_rainforest,2023-12-27,31.56,24.6,11.26,6.02,96.61
borneo_rainforest,2023-12-28,31.98,24.74,17.19,7.64,76.19
borneo_rainforest,2023-12-29,33.08,23.19,14.29,5.8,80.75
borneo_rainforest,2023-12-30,31.47,23.33,8.77,8.02,88.92
borneo_rainforest,2023-12-31,30.22,23.41,15.35,4.93,100.0
borneo_rainforest,2024-01-01,29.75,21.12,13.47,6.24,82.15
borneo_rainforest,2024-01-02,29.74,24.08,15.33,6.43,73.84
borneo_rainforest,2024-01-03,30.1,22.51,3.9,8.27,77.46
borneo_rainforest,2024-01-04,30.1,25.3,15.97,7.55,79.94
borneo_rainforest,2024-01-05,32.79,24.13,7.24,9.15,62.78
borneo_rainforest,2024-01-06,29.18,23.21,9.44,9.26,76.98
borneo_rainforest,2024-01-07,31.13,24.03,6.08,9.35,59.74
borneo_rainforest,2024-01-08,34.0,25.21,20.61,6.84,96.15
borneo_rainforest,2024-01-09,30.89,20.86,14.12,6.75,58.39
borneo_rainforest,2024-01-10,34.36,24.26,17.71,5.07,85.12
borneo_rainforest,2024-01-11,33.71,21.89,11.49,5.98,68.8
borneo_rainforest,2024-01-12,29.99,24.04,7.67,5.52,73.15
borneo_rainforest,2024-01-13,31.01,25.42,9.59,4.71,72.97
borneo_rainforest,2024-01-14,31.8,23.32,11.67,7.17,73.15
borneo_rainforest,2024-01-15,31.24,24.56,4.77,9.88,100.0
borneo_rainforest,2024-01-16,31.55,24.15,8.55,8.62,87.85
borneo_rainforest,2024-01-17,32.57,23.96,5.15,8.4,88.47
borneo_rainforest,2024-01-18,32.52,23.41,3.93,4.87,88.93
borneo_rainforest,2024-01-19,29.03,22.58,12.62,9.5,80.03
borneo_rainforest,2024-01-20,32.56,23.92,22.02,4.29,73.47
borneo_rainforest,2024-01-21,33.5,24.21,16.22,5.48,71.44
borneo_rainforest,2024-01-22,31.43,24.58,16.23,4.76,87.16
borneo_rainforest,2024-01-23,30.39,23.36,10.29,9.03,70.6
borneo_rainforest,2024-01-24,31.92,23.55,14.9,8.19,83.43
borneo_rainforest,2024-01-25,34.34,24.14,12.69,5.78,72.81
borneo_rainforest,2024-01-26,34.15,24.84,6.05,8.47,51.08
borneo_rainforest,2024-01-27,33.76,23.14,7.39,6.2,79.41
borneo_rainforest,2024-01-28,32.68,22.87,10.59,5.78,82.7
borneo_rainforest,2024-01-29,30.86,25.35,16.0,7.56,72.33
borneo_rainforest,2024-01-30,32.45,22.51,17.77,3.43,83.57
borneo_rainforest,2024-01-31,31.41,22.51,14.73,7.28,85.2
borneo_rainforest,2024-02-01,32.57,25.08,23.06,5.95,87.28
borneo_rainforest,2024-02-02,32.85,22.35,10.04,6.52,82.6
borneo_rainforest,2024-02-03,30.97,24.2,7.71,7.63,82.02
borneo_rainforest,2024-02-04,31.51,23.73,7.62,6.99,85.07
borneo_rainforest,2024-02-05,31.58,22.37,10.21,5.74,76.03
borneo_rainforest,2024-02-06,30.44,22.91,3.48,6.46,53.21
borneo_rainforest,2024-02-07,29.41,25.77,5.91,6.2,67.82
borneo_rainforest,2024-02-08,33.44,25.27,12.79,5.73,72.16
borneo_rainforest,2024-02-09,31.29,25.14,15.8,4.25,74.81
borneo_rainforest,2024-02-10,33.9,26.5,5.76,7.06,89.79
borneo_rainforest,2024-02-11,32.96,25.57,3.07,8.64,81.1
borneo_rainforest,2024-02-12,33.65,25.59,5.0,8.84,80.0
borneo_rainforest,2024-02-13,33.22,24.04,10.32,6.69,75.56
borneo_rainforest,2024-02-14,32.74,23.36,11.85,5.86,67.06
borneo_rainforest,2024-02-15,32.22,22.81,18.9,3.71,81.37
borneo_rainforest,2024-02-16,32.11,21.99,8.85,2.53,83.54
borneo_rainforest,2024-02-17,32.44,23.79,0.29,8.52,89.14
borneo_rainforest,2024-02-18,31.89,24.21,14.85,7.72,68.1
borneo_rainforest,2024-02-19,32.04,23.4,13.21,2.86,97.82
borneo_rainforest,2024-02-20,33.0,23.69,10.74,5.53,90.41
borneo_rainforest,2024-02-21,31.99,23.79,9.43,3.6,62.88
borneo_rainforest,2024-02-22,30.99,22.51,17.22,7.15,80.55
borneo_rainforest,2024-02-23,31.64,23.37,12.32,7.0,84.77
borneo_rainforest,2024-02-24,29.74,22.68,6.38,7.48,92.03
borneo_rainforest,2024-02-25,32.54,23.44,5.5,7.2,74.99
borneo_rainforest,2024-02-26,31.83,23.85,9.52,3.53,94.24
borneo_rainforest,2024-02-27,32.2,23.99,13.18,5.46,72.24
borneo_rainforest,2024-02-28,30.54,23.2,2.23,7.28,83.0
borneo_rainforest,2024-02-29,31.34,24.22,0.34,5.69,83.87
borneo_rainforest,2024-03-01,27.93,22.77,4.92,5.58,84.04
borneo_rainforest,2024-03-02,30.33,22.63,0.0,6.68,84.22
borneo_rainforest,2024-03-03,29.81,22.02,3.16,6.92,68.95
borneo_rainforest,2024-03-04,30.8,23.86,18.19,5.55,67.02
borneo_rainforest,2024-03-05,30.58,23.06,11.31,7.62,69.1
borneo_rainforest,2024-03-06,32.15,23.23,12.04,6.9,63.68
borneo_rainforest,2024-03-07,30.85,22.15,8.66,6.55,66.71
borneo_rainforest,2024-03-08,32.63,24.13,4.84,7.07,86.38
borneo_rainforest,2024-03-09,28.14,22.86,6.29,5.42,63.23
borneo_rainforest,2024-03-10,32.02,22.09,0.0,5.58,76.84
borneo_rainforest,2024-03-11,32.13,22.58,12.7,4.83,80.69
borneo_rainforest,2024-03-12,33.38,22.94,6.93,6.14,72.26
borneo_rainforest,2024-03-13,28.4,24.44,4.76,3.91,87.51
borneo_rainforest,2024-03-14,28.7,23.9,5.07,6.46,57.52
borneo_rainforest,2024-03-15,31.47,21.42,14.96,5.71,66.26
borneo_rainforest,2024-03-16,29.99,22.89,0.74,6.36,90.68
borneo_rainforest,2024-03-17,31.09,23.1,9.26,4.72,72.64
borneo_rainforest,2024-03-18,31.19,23.08,5.01,6.84,75.43
borneo_rainforest,2024-03-19,32.08,21.6,10.41,5.57,58.89
borneo_rainforest,2024-03-20,32.12,22.32,5.06,6.37,58.75
borneo_rainforest,2024-03-21,32.61,22.18,3.08,8.07,76.5
borneo_rainforest,2024-03-22,31.5,22.23,12.63,8.53,88.73
borneo_rainforest,2024-03-23,29.23,22.28,3.78,4.41,60.43
borneo_rainforest,2024-03-24,33.45,22.13,11.26,5.76,79.33
borneo_rainforest,2024-03-25,34.04,23.71,10.05,6.06,83.88
borneo_rainforest,2024-03-26,30.76,20.86,14.17,6.24,63.34
borneo_rainforest,2024-03-27,31.09,24.98,4.14,4.0,81.16
borneo_rainforest,2024-03-28,32.11,23.37,6.9,6.37,90.88
borneo_rainforest,2024-03-29,29.59,23.59,0.0,5.2,83.54
borneo_rainforest,2024-03-30,32.93,22.12,4.01,6.43,65.53
borneo_rainforest,2024-03-31,30.67,21.76,3.31,3.98,67.29
borneo_rainforest,2024-04-01,28.81,20.14,0.0,7.99,83.36
borneo_rainforest,2024-04-02,30.89,22.36,4.45,6.85,86.5
borneo_rainforest,2024-04-03,30.22,22.99,1.89,5.52,57.09
borneo_rainforest,2024-04-04,30.17,22.48,6.15,6.74,80.71
borneo_rainforest,2024-04-05,29.27,22.72,9.0,6.14,62.25
borneo_rainforest,2024-04-06,30.04,22.78,9.35,5.33,51.52
borneo_rainforest,2024-04-07,33.39,23.77,7.35,5.0,58.43
borneo_rainforest,2024-04-08,28.7,24.9,8.47,5.19,79.14
borneo_rainforest,2024-04-09,29.63,22.39,6.94,6.89,56.69
borneo_rainforest,2024-04-10,30.18,23.25,0.0,7.74,73.99
borneo_rainforest,2024-04-11,30.43,20.35,6.02,4.13,65.22
borneo_rainforest,2024-04-12,28.62,21.08,6.82,2.97,57.93
borneo_rainforest,2024-04-13,30.12,21.61,5.87,7.4,77.59
borneo_rainforest,2024-04-14,29.51,20.41,11.01,5.09,57.14
borneo_rainforest,2024-04-15,33.31,22.62,4.67,5.25,79.2
borneo_rainforest,2024-04-16,29.79,22.07,7.83,3.09,74.97
borneo_rainforest,2024-04-17,30.89,22.68,10.39,5.9,55.84
borneo_rainforest,2024-04-18,31.61,23.54,3.6,2.66,81.17
borneo_rainforest,2024-04-19,30.56,23.59,12.45,7.78,60.23
borneo_rainforest,2024-04-20,32.14,21.05,5.62,4.2,86.46
borneo_rainforest,2024-04-21,30.86,22.07,3.11,6.26,83.35
borneo_rainforest,2024-04-22,34.47,21.87,5.06,5.54,56.52
borneo_rainforest,2024-04-23,31.48,21.65,3.13,6.87,69.6
borneo_rainforest,2024-04-24,31.81,21.26,7.04,4.5,62.0
borneo_rainforest,2024-04-25,30.67,22.09,10.16,3.97,79.48
borneo_rainforest,2024-04-26,28.69,23.59,10.1,8.43,57.34
borneo_rainforest,2024-04-27,33.46,22.53,0.0,3.25,79.38
borneo_rainforest,2024-04-28,30.28,23.37,11.76,6.19,79.5
borneo_rainforest,2024-04-29,30.91,23.22,8.5,4.08,89.29
borneo_rainforest,2024-04-30,33.01,22.07,1.59,3.14,79.48
borneo_rainforest,2024-05-01,33.6,20.85,0.0,5.23,60.83
borneo_rainforest,2024-05-02,30.59,19.81,0.24,6.03,89.39
borneo_rainforest,2024-05-03,31.81,20.6,9.24,3.55,83.87
borneo_rainforest,2024-05-04,28.58,20.79,10.54,5.44,61.33
borneo_rainforest,2024-05-05,31.0,24.26,8.49,4.19,61.49
borneo_rainforest,2024-05-06,30.53,21.9,7.28,5.34,71.05
borneo_rainforest,2024-05-07,31.68,20.73,7.45,7.84,82.05
borneo_rainforest,2024-05-08,26.97,22.5,0.0,5.09,63.12
borneo_rainforest,2024-05-09,31.11,20.42,2.89,7.33,57.26
borneo_rainforest,2024-05-10,31.48,20.4,9.85,3.34,60.58
borneo_rainforest,2024-05-11,30.27,23.1,9.27,5.06,74.91
borneo_rainforest,2024-05-12,29.87,23.76,15.01,5.07,50.3
borneo_rainforest,2024-05-13,29.58,21.09,5.38,7.26,70.09
borneo_rainforest,2024-05-14,29.45,22.24,6.04,6.61,60.9
borneo_rainforest,2024-05-15,30.3,20.98,11.77,4.74,88.56
borneo_rainforest,2024-05-16,28.82,23.6,4.84,6.39,52.13
borneo_rainforest,2024-05-17,32.43,23.2,6.36,5.92,56.27
borneo_rainforest,2024-05-18,28.76,22.88,5.13,4.14,44.81
borneo_rainforest,2024-05-19,29.99,20.49,0.0,4.23,78.58
borneo_rainforest,2024-05-20,31.1,21.98,4.63,4.34,56.71
borneo_rainforest,2024-05-21,27.57,24.02,7.58,6.71,92.76
borneo_rainforest,2024-05-22,29.11,22.37,3.4,5.95,71.23
borneo_rainforest,2024-05-23,29.91,24.56,4.99,5.77,45.95
borneo_rainforest,2024-05-24,30.85,22.87,11.58,7.49,62.67
borneo_rainforest,2024-05-25,28.88,20.79,0.0,4.62,62.76
borneo_rainforest,2024-05-26,27.95,21.58,7.27,3.17,47.66
borneo_rainforest,2024-05-27,30.73,20.57,8.26,7.05,81.91
borneo_rainforest,2024-05-28,32.91,23.91,0.0,6.16,61.97
borneo_rainforest,2024-05-29,31.0,22.38,9.89,2.47,83.81
borneo_rainforest,2024-05-30,29.72,22.9,19.16,6.13,44.17
borneo_rainforest,2024-05-31,29.87,23.29,10.66,2.77,70.85
borneo_rainforest,2024-06-01,30.02,21.46,13.17,3.21,73.63
borneo_rainforest,2024-06-02,29.32,20.75,0.0,5.99,54.88
borneo_rainforest,2024-06-03,31.05,24.34,8.01,7.47,70.74
borneo_rainforest,2024-06-04,30.31,21.68,5.93,7.69,70.42
borneo_rainforest,2024-06-05,28.43,22.17,1.88,4.07,56.79
borneo_rainforest,2024-06-06,30.41,22.23,14.02,5.33,58.26
borneo_rainforest,2024-06-07,31.37,23.18,1.77,5.97,59.0
borneo_rainforest,2024-06-08,30.39,20.52,0.0,4.94,67.88
borneo_rainforest,2024-06-09,30.0,23.2,5.41,3.51,61.92
borneo_rainforest,2024-06-10,28.34,23.71,0.09,2.48,88.08
borneo_rainforest,2024-06-11,33.47,21.58,11.5,4.19,50.17
borneo_rainforest,2024-06-12,29.52,20.81,0.0,5.42,56.26
borneo_rainforest,2024-06-13,29.5,20.35,2.28,4.27,51.07
borneo_rainforest,2024-06-14,29.09,22.78,0.0,7.99,65.74
borneo_rainforest,2024-06-15,28.99,21.31,5.94,5.7,80.36
borneo_rainforest,2024-06-16,28.33,22.86,9.55,6.17,76.69
borneo_rainforest,2024-06-17,30.48,23.1,6.54,4.64,68.43
borneo_rainforest,2024-06-18,28.27,22.57,9.63,6.47,63.44
borneo_rainforest,2024-06-19,29.99,23.33,0.0,6.06,64.68
borneo_rainforest,2024-06-20,31.36,21.61,4.54,4.74,83.93
borneo_rainforest,2024-06-21,31.28,21.28,3.94,2.59,77.6
borneo_rainforest,2024-06-22,29.46,22.06,2.95,5.95,49.4
borneo_rainforest,2024-06-23,32.69,22.29,0.0,6.16,73.36
borneo_rainforest,2024-06-24,32.06,21.79,7.03,0.93,65.58
borneo_rainforest,2024-06-25,29.41,24.4,0.0,6.72,47.4
borneo_rainforest,2024-06-26,33.22,20.13,4.02,3.33,62.77
borneo_rainforest,2024-06-27,30.08,22.61,4.82,4.95,79.06
borneo_rainforest,2024-06-28,31.21,20.33,2.16,7.7,70.4
borneo_rainforest,2024-06-29,27.1,22.25,0.0,6.42,52.37
borneo_rainforest,2024-06-30,29.73,23.59,5.71,6.62,78.33
borneo_rainforest,2024-07-01,28.36,19.45,6.45,4.81,69.59
borneo_rainforest,2024-07-02,30.63,22.49,1.76,6.91,74.45
borneo_rainforest,2024-07-03,28.68,22.67,4.59,3.8,49.15
borneo_rainforest,2024-07-04,29.21,22.0,0.0,4.34,53.84
borneo_rainforest,2024-07-05,30.08,21.43,11.67,3.56,74.05
borneo_rainforest,2024-07-06,27.62,22.05,15.5,3.55,67.42
borneo_rainforest,2024-07-07,30.64,22.7,6.13,7.38,75.77
borneo_rainforest,2024-07-08,28.26,20.02,7.99,5.69,68.9
borneo_rainforest,2024-07-09,29.95,21.98,12.72,6.01,76.13
borneo_rainforest,2024-07-10,29.89,22.44,6.11,6.97,37.57
borneo_rainforest,2024-07-11,31.46,22.99,11.41,8.97,59.42
borneo_rainforest,2024-07-12,29.69,24.57,0.0,3.02,66.41
borneo_rainforest,2024-07-13,28.0,23.04,0.0,3.07,82.06
borneo_rainforest,2024-07-14,26.98,22.38,8.09,4.37,63.05
borneo_rainforest,2024-07-15,32.18,21.82,9.48,6.29,69.95
borneo_rainforest,2024-07-16,30.23,21.32,2.15,4.13,77.85
borneo_rainforest,2024-07-17,33.18,22.15,0.32,9.83,54.46
borneo_rainforest,2024-07-18,30.32,21.82,5.38,5.85,63.6
borneo_rainforest,2024-07-19,29.23,21.75,2.46,5.24,60.9
borneo_rainforest,2024-07-20,33.53,22.8,12.11,4.61,62.61
borneo_rainforest,2024-07-21,29.18,24.26,0.0,5.4,54.7
borneo_rainforest,2024-07-22,29.75,23.71,3.65,5.67,56.73
borneo_rainforest,2024-07-23,33.47,23.28,4.19,5.0,83.63
borneo_rainforest,2024-07-24,30.89,23.9,0.59,5.54,61.21
borneo_rainforest,2024-07-25,30.56,22.08,7.34,7.91,47.67
borneo_rainforest,2024-07-26,31.03,21.59,4.33,4.41,67.39
borneo_rainforest,2024-07-27,31.59,23.51,12.22,6.51,61.93
borneo_rainforest,2024-07-28,33.42,21.91,15.05,5.56,74.42
borneo_rainforest,2024-07-29,29.14,21.35,0.0,3.14,84.82
borneo_rainforest,2024-07-30,30.56,24.1,8.36,4.76,81.13
borneo_rainforest,2024-07-31,31.44,21.06,0.92,3.99,78.93
borneo_rainforest,2024-08-01,31.79,22.15,14.13,5.93,64.23
borneo_rainforest,2024-08-02,30.3,23.13,6.63,6.08,92.24
borneo_rainforest,2024-08-03,28.04,23.03,0.0,6.11,70.34
borneo_rainforest,2024-08-04,31.82,21.81,1.83,5.62,68.56
borneo_rainforest,2024-08-05,29.82,22.89,0.0,5.12,70.9
borneo_rainforest,2024-08-06,30.17,21.17,7.48,4.72,73.19
borneo_rainforest,2024-08-07,30.36,23.46,0.0,6.25,68.59
borneo_rainforest,2024-08-08,30.62,22.36,3.65,7.69,68.53
borneo_rainforest,2024-08-09,27.83,23.67,0.0,6.45,65.73
borneo_rainforest,2024-08-10,32.73,23.2,10.12,5.83,55.03
borneo_rainforest,2024-08-11,28.48,24.81,4.45,6.66,57.35
borneo_rainforest,2024-08-12,30.87,22.55,7.83,4.33,68.23
borneo_rainforest,2024-08-13,31.67,23.6,5.48,6.52,85.34
borneo_rainforest,2024-08-14,27.13,23.82,0.0,5.06,56.94
borneo_rainforest,2024-08-15,30.45,23.1,3.59,4.63,95.56
borneo_rainforest,2024-08-16,30.89,21.89,6.41,3.44,59.25
borneo_rainforest,2024-08-17,29.73,21.45,2.3,7.23,85.06
borneo_rainforest,2024-08-18,31.75,21.24,0.0,5.39,76.33
borneo_rainforest,2024-08-19,29.88,24.56,17.37,6.11,61.9
borneo_rainforest,2024-08-20,28.63,21.84,0.1,6.6,60.12
borneo_rainforest,2024-08-21,31.63,22.13,2.32,5.36,77.26
borneo_rainforest,2024-08-22,30.36,23.17,6.8,5.24,76.77
borneo_rainforest,2024-08-23,29.34,23.54,4.95,5.97,92.49
borneo_rainforest,2024-08-24,29.06,23.02,8.73,5.01,88.66
borneo_rainforest,2024-08-25,29.02,23.04,2.86,4.63,80.14
borneo_rainforest,2024-08-26,32.01,23.69,5.25,7.54,76.5
borneo_rainforest,2024-08-27,31.83,23.88,9.65,5.09,72.94
borneo_rainforest,2024-08-28,30.75,22.35,7.83,4.35,55.0
borneo_rainforest,2024-08-29,32.34,21.85,12.83,7.58,53.95
borneo_rainforest,2024-08-30,32.32,23.66,7.46,5.44,78.07
borneo_rainforest,2024-08-31,30.53,22.98,5.59,3.06,89.61
borneo_rainforest,2024-09-01,29.94,23.22,12.82,5.03,74.31
borneo_rainforest,2024-09-02,33.47,21.94,3.72,5.92,49.71
borneo_rainforest,2024-09-03,30.44,24.25,6.18,7.54,94.24
borneo_rainforest,2024-09-04,31.3,22.92,6.37,5.04,81.29
borneo_rainforest,2024-09-05,31.07,23.87,10.65,4.94,69.76
borneo_rainforest,2024-09-06,31.37,23.45,12.17,7.44,93.25
borneo_rainforest,2024-09-07,31.69,21.28,6.9,5.12,55.94
borneo_rainforest,2024-09-08,28.58,22.71,6.57,4.82,66.41
borneo_rainforest,2024-09-09,29.77,22.62,6.8,3.88,63.94
borneo_rainforest,2024-09-10,30.8,22.35,8.81,4.62,66.96
borneo_rainforest,2024-09-11,30.07,21.01,9.98,7.48,78.99
borneo_rainforest,2024-09-12,30.62,24.73,11.78,5.59,73.43
borneo_rainforest,2024-09-13,28.52,23.75,0.0,5.96,69.71
borneo_rainforest,2024-09-14,30.72,22.96,4.99,7.76,90.85
borneo_rainforest,2024-09-15,31.55,21.86,13.34,5.53,48.65
borneo_rainforest,2024-09-16,31.25,21.75,2.12,4.48,98.69
borneo_rainforest,2024-09-17,31.53,22.74,1.56,8.15,76.56
borneo_rainforest,2024-09-18,31.31,23.19,10.55,4.72,45.47
borneo_rainforest,2024-09-19,31.18,20.75,0.57,7.97,82.14
borneo_rainforest,2024-09-20,31.42,24.23,11.72,5.04,74.44
borneo_rainforest,2024-09-21,29.43,23.46,13.2,5.98,63.17
borneo_rainforest,2024-09-22,33.21,22.27,15.79,6.35,68.48
borneo_rainforest,2024-09-23,29.62,24.13,10.52,4.05,75.49
borneo_rainforest,2024-09-24,30.83,23.85,10.34,5.56,76.32
borneo_rainforest,2024-09-25,31.04,24.85,0.0,6.27,79.38
borneo_rainforest,2024-09-26,31.83,22.44,6.17,4.94,63.27
borneo_rainforest,2024-09-27,32.7,23.33,15.56,6.37,70.86
borneo_rainforest,2024-09-28,32.84,24.27,3.11,5.98,83.43
borneo_rainforest,2024-09-29,32.42,24.26,5.39,5.15,81.13
borneo_rainforest,2024-09-30,28.08,24.41,11.6,5.79,84.75
borneo_rainforest,2024-10-01,31.27,22.19,12.95,7.86,77.56
borneo_rainforest,2024-10-02,30.64,25.87,12.14,5.75,77.59
borneo_rainforest,2024-10-03,33.0,22.76,12.9,5.23,93.89
borneo_rainforest,2024-10-04,32.18,21.13,15.16,7.69,74.89
borneo_rainforest,2024-10-05,33.14,22.53,13.71,7.27,97.58
borneo_rainforest,2024-10-06,31.69,22.5,15.72,6.95,64.44
borneo_rainforest,2024-10-07,31.86,22.13,8.48,4.97,65.24
borneo_rainforest,2024-10-08,33.44,26.27,6.7,5.85,99.03
borneo_rainforest,2024-10-09,29.65,22.12,18.2,5.62,68.8
borneo_rainforest,2024-10-10,31.94,23.26,10.49,5.18,69.35
borneo_rainforest,2024-10-11,33.38,22.33,12.1,4.79,65.46
borneo_rainforest,2024-10-12,30.46,23.98,8.0,4.54,89.01
borneo_rainforest,2024-10-13,31.08,22.54,2.59,8.4,88.4
borneo_rainforest,2024-10-14,31.26,21.34,15.22,8.45,84.57
borneo_rainforest,2024-10-15,29.99,22.86,14.31,7.44,76.38
borneo_rainforest,2024-10-16,30.81,24.39,13.88,5.31,64.28
borneo_rainforest,2024-10-17,30.45,23.8,3.46,2.47,61.8
borneo_rainforest,2024-10-18,30.85,23.95,10.86,6.92,73.05
borneo_rainforest,2024-10-19,28.92,21.67,15.4,5.39,81.17
borneo_rainforest,2024-10-20,32.14,24.11,4.47,6.14,78.7
borneo_rainforest,2024-10-21,32.0,23.75,5.58,9.61,88.62
borneo_rainforest,2024-10-22,30.6,24.11,11.93,3.88,77.65
borneo_rainforest,2024-10-23,31.5,23.6,4.94,5.81,93.76
borneo_rainforest,2024-10-24,29.66,23.31,0.0,4.95,62.1
borneo_rainforest,2024-10-25,32.84,23.75,8.13,6.6,77.05
borneo_rainforest,2024-10-26,32.55,21.61,6.59,8.02,72.77
borneo_rainforest,2024-10-27,33.37,24.65,13.43,6.04,79.76
borneo_rainforest,2024-10-28,31.09,24.39,15.44,5.49,96.86
borneo_rainforest,2024-10-29,33.88,23.86,7.24,5.8,64.78
borneo_rainforest,2024-10-30,32.6,23.89,23.21,6.44,86.42
borneo_rainforest,2024-10-31,34.25,24.29,12.57,7.59,100.0
borneo_rainforest,2024-11-01,33.14,24.27,7.12,5.94,84.6
borneo_rainforest,2024-11-02,30.31,22.22,14.14,7.23,96.37
borneo_rainforest,2024-11-03,32.3,25.8,13.2,8.53,68.69
borneo_rainforest,2024-11-04,34.27,24.47,13.72,6.67,90.76
borneo_rainforest,2024-11-05,30.57,25.21,19.34,5.72,54.47
borneo_rainforest,2024-11-06,31.94,23.89,5.85,6.68,86.92
borneo_rainforest,2024-11-07,31.34,23.92,14.63,5.17,68.4
borneo_rainforest,2024-11-08,30.93,23.36,11.63,8.77,68.67
borneo_rainforest,2024-11-09,31.43,24.47,2.07,6.65,55.49
borneo_rainforest,2024-11-10,32.62,22.83,3.4,6.0,84.53
borneo_rainforest,2024-11-11,31.34,23.29,17.44,5.09,74.23
borneo_rainforest,2024-11-12,29.12,25.48,15.65,10.58,94.65
borneo_rainforest,2024-11-13,32.02,22.43,19.56,7.2,90.8
borneo_rainforest,2024-11-14,34.11,24.01,12.86,5.55,87.83
borneo_rainforest,2024-11-15,31.8,22.54,2.1,5.43,93.74
borneo_rainforest,2024-11-16,32.77,22.2,10.21,8.76,83.56
borneo_rainforest,2024-11-17,31.13,23.35,10.47,7.55,100.0
borneo_rainforest,2024-11-18,32.53,24.64,11.13,7.25,83.82
borneo_rainforest,2024-11-19,33.0,21.37,6.32,7.78,88.07
borneo_rainforest,2024-11-20,31.3,24.75,18.79,6.49,92.45
borneo_rainforest,2024-11-21,30.9,25.47,7.13,6.99,66.35
borneo_rainforest,2024-11-22,32.78,21.88,11.86,8.08,87.07
borneo_rainforest,2024-11-23,33.06,24.79,7.68,8.51,75.17
borneo_rainforest,2024-11-24,33.07,24.79,15.28,6.58,81.38
borneo_rainforest,2024-11-25,34.17,26.39,5.07,6.78,76.35
borneo_rainforest,2024-11-26,31.54,22.25,4.74,7.69,84.73
borneo_rainforest,2024-11-27,32.68,22.86,17.05,8.31,74.18
borneo_rainforest,2024-11-28,31.72,22.73,14.17,6.28,69.84
borneo_rainforest,2024-11-29,30.98,23.49,20.71,6.49,70.44
borneo_rainforest,2024-11-30,32.52,21.94,13.06,7.63,88.23
borneo_rainforest,2024-12-01,31.71,25.03,13.31,6.2,98.34
borneo_rainforest,2024-12-02,32.38,23.94,7.06,8.59,89.2
borneo_rainforest,2024-12-03,33.62,22.08,18.16,6.88,94.4
borneo_rainforest,2024-12-04,33.6,24.69,17.07,6.85,92.28
borneo_rainforest,2024-12-05,28.68,25.69,17.21,7.14,78.39
borneo_rainforest,2024-12-06,32.19,23.67,13.65,8.49,86.51
borneo_rainforest,2024-12-07,32.49,24.29,9.44,5.21,83.52
borneo_rainforest,2024-12-08,33.25,23.08,12.22,6.55,88.34
borneo_rainforest,2024-12-09,31.31,23.19,13.39,7.78,72.38
borneo_rainforest,2024-12-10,31.87,24.54,11.33,6.15,99.88
borneo_rainforest,2024-12-11,31.52,23.8,10.56,7.18,91.45
borneo_rainforest,2024-12-12,31.14,22.99,16.19,6.7,67.26
borneo_rainforest,2024-12-13,31.08,22.26,17.7,9.2,76.82
borneo_rainforest,2024-12-14,29.84,24.98,7.5,7.64,97.41
borneo_rainforest,2024-12-15,30.64,24.82,13.21,6.03,83.47
borneo_rainforest,2024-12-16,30.53,24.55,20.52,9.52,100.0
borneo_rainforest,2024-12-17,31.64,26.05,8.6,5.24,69.27
borneo_rainforest,2024-12-18,32.5,25.27,10.77,5.95,82.52
borneo_rainforest,2024-12-19,30.84,22.39,8.21,6.27,100.0
borneo_rainforest,2024-12-20,33.28,23.74,11.73,3.06,87.84
borneo_rainforest,2024-12-21,29.29,23.99,13.75,4.51,87.78
borneo_rainforest,2024-12-22,32.25,20.4,12.73,6.92,93.19
borneo_rainforest,2024-12-23,31.01,21.87,16.57,7.82,100.0
borneo_rainforest,2024-12-24,32.1,22.45,12.7,7.05,87.55
borneo_rainforest,2024-12-25,32.17,24.5,14.16,8.23,70.63
borneo_rainforest,2024-12-26,32.22,24.52,9.86,7.37,76.7
borneo_rainforest,2024-12-27,33.54,23.77,6.42,6.49,90.73
borneo_rainforest,2024-12-28,31.28,26.19,21.74,7.13,82.4
borneo_rainforest,2024-12-29,31.2,23.87,15.48,7.93,88.37
borneo_rainforest,2024-12-30,30.57,25.03,8.29,7.2,84.19
borneo_rainforest,2024-12-31,31.26,23.62,12.02,7.41,69.32
borneo_rainforest,2025-01-01,32.16,23.52,15.52,8.71,79.05
borneo_rainforest,2025-01-02,30.74,23.91,10.29,8.65,94.02
borneo_rainforest,2025-01-03,28.3,24.72,12.02,5.27,63.3
borneo_rainforest,2025-01-04,32.95,25.15,14.71,3.76,98.83
borneo_rainforest,2025-01-05,30.9,22.54,13.97,5.27,78.24
borneo_rainforest,2025-01-06,31.46,23.55,4.03,6.28,85.52
borneo_rainforest,2025-01-07,29.63,22.65,11.76,7.66,84.36
borneo_rainforest,2025-01-08,30.7,23.59,3.22,6.13,70.47
borneo_rainforest,2025-01-09,30.59,26.08,13.28,4.28,88.22
borneo_rainforest,2025-01-10,31.15,24.47,13.27,7.22,73.4
borneo_rainforest,2025-01-11,28.33,24.32,12.22,7.25,97.86
borneo_rainforest,2025-01-12,32.22,25.67,14.88,6.17,89.66
borneo_rainforest,2025-01-13,33.23,22.42,2.38,9.76,83.98
borneo_rainforest,2025-01-14,32.31,24.7,9.78,6.79,100.0
borneo_rainforest,2025-01-15,32.16,23.37,8.4,5.46,67.76
borneo_rainforest,2025-01-16,31.81,22.45,9.18,7.9,85.08
borneo_rainforest,2025-01-17,33.0,23.2,7.38,7.47,94.29
borneo_rainforest,2025-01-18,29.07,23.97,8.57,7.11,86.27
borneo_rainforest,2025-01-19,34.61,23.48,4.88,8.11,97.59
borneo_rainforest,2025-01-20,32.18,23.61,10.91,6.39,82.64
borneo_rainforest,2025-01-21,33.16,22.17,12.6,7.09,81.11
borneo_rainforest,2025-01-22,30.26,26.19,15.36,7.22,95.16
borneo_rainforest,2025-01-23,29.93,25.06,9.89,7.43,68.21
borneo_rainforest,2025-01-24,31.28,23.66,14.93,9.15,100.0
borneo_rainforest,2025-01-25,30.52,25.43,10.08,8.99,82.27
borneo_rainforest,2025-01-26,30.6,24.11,17.06,4.78,88.44
borneo_rainforest,2025-01-27,31.18,23.19,12.76,7.54,81.09
borneo_rainforest,2025-01-28,31.39,22.93,8.96,5.47,62.7
borneo_rainforest,2025-01-29,30.81,23.58,16.44,6.34,76.24
borneo_rainforest,2025-01-30,32.76,23.34,7.55,5.99,64.23
borneo_rainforest,2025-01-31,32.5,23.9,13.02,8.55,76.41
borneo_rainforest,2025-02-01,31.99,22.71,6.73,8.3,100.0
borneo_rainforest,2025-02-02,34.04,24.48,15.97,6.04,83.67
borneo_rainforest,2025-02-03,31.61,23.73,19.16,5.35,77.44
borneo_rainforest,2025-02-04,33.58,23.85,1.29,6.64,99.79
borneo_rainforest,2025-02-05,32.08,21.22,9.81,5.01,92.39
borneo_rainforest,2025-02-06,30.38,23.7,20.79,6.9,94.41
borneo_rainforest,2025-02-07,31.65,21.37,6.16,5.15,100.0
borneo_rainforest,2025-02-08,29.59,22.76,8.77,6.65,73.98
borneo_rainforest,2025-02-09,32.37,22.86,10.95,6.12,85.28
borneo_rainforest,2025-02-10,30.96,21.52,8.02,5.71,67.31
borneo_rainforest,2025-02-11,33.51,22.97,18.26,6.86,62.91
borneo_rainforest,2025-02-12,30.24,21.38,16.68,5.83,94.45
borneo_rainforest,2025-02-13,30.88,23.16,2.64,4.3,89.65
borneo_rainforest,2025-02-14,29.89,22.74,8.52,6.47,67.8
borneo_rainforest,2025-02-15,32.57,24.71,18.72,7.1,74.16
borneo_rainforest,2025-02-16,33.58,23.45,6.48,5.53,74.05
borneo_rainforest,2025-02-17,32.07,24.06,10.95,6.86,75.58
borneo_rainforest,2025-02-18,30.58,22.51,3.54,8.39,52.83
borneo_rainforest,2025-02-19,29.9,22.25,13.75,5.79,70.45
borneo_rainforest,2025-02-20,32.62,21.61,11.85,8.35,84.95
borneo_rainforest,2025-02-21,29.67,22.1,5.85,6.6,87.82
borneo_rainforest,2025-02-22,33.68,24.06,13.5,7.66,65.06
borneo_rainforest,2025-02-23,32.69,22.72,4.37,4.17,72.93
borneo_rainforest,2025-02-24,31.58,24.32,15.11,6.14,65.34
borneo_rainforest,2025-02-25,31.9,22.05,15.0,4.42,80.67
borneo_rainforest,2025-02-26,33.28,19.82,12.89,7.74,80.18
borneo_rainforest,2025-02-27,29.01,23.94,10.25,4.27,69.62
borneo_rainforest,2025-02-28,32.11,22.23,5.17,5.86,82.91
borneo_rainforest,2025-03-01,29.2,23.87,3.74,5.67,75.92
borneo_rainforest,2025-03-02,30.24,21.65,13.29,7.13,100.0
borneo_rainforest,2025-03-03,33.0,24.03,0.0,6.71,72.94
borneo_rainforest,2025-03-04,31.67,21.31,4.23,5.82,86.66
borneo_rainforest,2025-03-05,30.28,22.64,10.6,7.74,94.62
borneo_rainforest,2025-03-06,32.38,20.72,5.73,6.75,83.34
borneo_rainforest,2025-03-07,30.83,23.95,16.88,5.8,82.28
borneo_rainforest,2025-03-08,33.09,21.37,4.15,6.39,79.07
borneo_rainforest,2025-03-09,29.2,22.84,4.6,6.74,71.14
borneo_rainforest,2025-03-10,30.35,24.87,5.49,6.08,43.12
borneo_rainforest,2025-03-11,32.25,21.36,2.67,7.24,79.95
borneo_rainforest,2025-03-12,31.09,23.55,14.06,4.44,74.79
borneo_rainforest,2025-03-13,27.67,23.06,0.0,5.44,82.31
borneo_rainforest,2025-03-14,27.47,23.55,8.41,4.5,71.24
borneo_rainforest,2025-03-15,31.11,22.54,16.03,8.78,71.64
borneo_rainforest,2025-03-16,34.51,22.93,11.56,5.82,52.73
borneo_rainforest,2025-03-17,30.4,22.12,8.93,6.45,75.31
borneo_rainforest,2025-03-18,31.22,23.59,4.47,6.58,77.7
borneo_rainforest,2025-03-19,33.29,23.1,6.23,4.68,54.35
borneo_rainforest,2025-03-20,31.18,24.11,10.79,5.41,72.49
borneo_rainforest,2025-03-21,29.09,21.12,17.32,5.95,78.25
borneo_rainforest,2025-03-22,30.1,23.1,5.93,4.55,46.92
borneo_rainforest,2025-03-23,30.7,23.06,0.0,6.1,99.4
borneo_rainforest,2025-03-24,33.03,21.88,13.5,6.74,78.55
borneo_rainforest,2025-03-25,33.46,23.33,7.93,8.36,69.84
borneo_rainforest,2025-03-26,32.91,23.41,8.13,6.08,68.2
borneo_rainforest,2025-03-27,33.63,21.94,4.48,6.66,57.39
borneo_rainforest,2025-03-28,32.46,23.19,2.85,5.13,78.85
borneo_rainforest,2025-03-29,30.97,21.42,0.0,4.35,85.7
borneo_rainforest,2025-03-30,30.39,23.56,9.07,6.44,57.01
borneo_rainforest,2025-03-31,32.62,23.19,11.27,6.33,86.31
borneo_rainforest,2025-04-01,28.6,24.58,9.72,5.28,70.32
borneo_rainforest,2025-04-02,31.77,23.71,3.9,3.79,69.78
borneo_rainforest,2025-04-03,29.49,25.6,18.16,5.77,98.41
borneo_rainforest,2025-04-04,31.06,23.64,14.24,6.39,70.81
borneo_rainforest,2025-04-05,28.74,22.72,10.62,5.51,81.29
borneo_rainforest,2025-04-06,34.35,21.96,5.37,7.69,74.96
borneo_rainforest,2025-04-07,28.73,22.26,11.56,4.02,51.83
borneo_rainforest,2025-04-08,29.4,24.75,6.01,3.7,59.09
borneo_rainforest,2025-04-09,31.2,23.64,13.48,6.04,76.2
borneo_rainforest,2025-04-10,31.5,20.88,6.73,5.06,67.73
borneo_rainforest,2025-04-11,30.98,24.98,2.84,4.92,69.75
borneo_rainforest,2025-04-12,29.81,24.43,12.41,4.34,75.67
borneo_rainforest,2025-04-13,30.63,21.63,13.32,5.45,47.48
borneo_rainforest,2025-04-14,29.02,21.76,7.75,8.13,58.34
borneo_rainforest,2025-04-15,30.89,22.79,7.9,5.17,69.4
borneo_rainforest,2025-04-16,30.75,22.81,11.35,5.18,63.7
borneo_rainforest,2025-04-17,29.59,24.48,0.0,6.18,62.77
borneo_rainforest,2025-04-18,31.01,23.66,8.99,4.24,81.36
borneo_rainforest,2025-04-19,29.14,22.57,6.7,4.3,66.91
borneo_rainforest,2025-04-20,29.9,22.0,2.9,6.38,54.29
borneo_rainforest,2025-04-21,29.51,19.69,8.32,6.14,91.59
borneo_rainforest,2025-04-22,30.16,21.6,16.76,5.52,79.13
borneo_rainforest,2025-04-23,27.33,23.77,0.0,4.71,84.58
borneo_rainforest,2025-04-24,31.25,23.4,7.81,4.53,59.34
borneo_rainforest,2025-04-25,29.64,22.62,3.8,3.8,67.52
borneo_rainforest,2025-04-26,28.13,22.78,1.5,4.61,44.36
borneo_rainforest,2025-04-27,30.8,21.59,2.96,4.67,76.53
borneo_rainforest,2025-04-28,27.89,20.32,9.06,6.6,85.13
borneo_rainforest,2025-04-29,27.91,23.52,4.93,2.36,59.55
borneo_rainforest,2025-04-30,30.34,19.77,9.1,3.48,52.38
borneo_rainforest,2025-05-01,27.95,23.11,3.08,6.74,54.55
borneo_rainforest,2025-05-02,30.66,24.79,9.9,6.25,76.58
borneo_rainforest,2025-05-03,30.72,20.88,0.0,3.23,86.04
borneo_rainforest,2025-05-04,29.03,22.42,9.77,4.32,84.29
borneo_rainforest,2025-05-05,33.45,21.43,0.0,3.23,68.16
borneo_rainforest,2025-05-06,30.79,20.9,6.97,3.69,44.72
borneo_rainforest,2025-05-07,31.63,20.5,3.75,3.17,88.88
borneo_rainforest,2025-05-08,29.57,21.42,0.0,5.39,52.01
borneo_rainforest,2025-05-09,27.77,23.17,8.83,6.05,67.1
borneo_rainforest,2025-05-10,32.02,22.63,7.3,4.84,74.85
borneo_rainforest,2025-05-11,29.96,21.49,3.97,6.69,46.62
borneo_rainforest,2025-05-12,28.46,23.33,0.0,6.43,81.96
borneo_rainforest,2025-05-13,30.54,22.61,7.31,3.53,85.25
borneo_rainforest,2025-05-14,31.04,23.87,5.44,2.9,64.2
borneo_rainforest,2025-05-15,33.04,23.65,0.0,5.33,59.93
borneo_rainforest,2025-05-16,27.97,21.88,7.57,7.09,77.34
borneo_rainforest,2025-05-17,29.54,23.39,13.08,5.77,70.86
borneo_rainforest,2025-05-18,32.33,21.63,0.0,6.2,82.9
borneo_rainforest,2025-05-19,29.29,21.02,0.2,4.5,75.48
borneo_rainforest,2025-05-20,34.31,22.04,6.27,6.92,89.04
borneo_rainforest,2025-05-21,29.18,22.6,13.03,1.7,66.3
borneo_rainforest,2025-05-22,27.0,22.17,4.75,3.67,62.48
borneo_rainforest,2025-05-23,27.55,22.14,6.5,5.9,72.76
borneo_rainforest,2025-05-24,32.84,22.86,0.0,5.45,66.08
borneo_rainforest,2025-05-25,30.65,20.4,6.85,5.93,68.25
borneo_rainforest,2025-05-26,31.74,23.23,2.56,4.83,72.01
borneo_rainforest,2025-05-27,29.44,22.66,6.94,4.65,73.96
borneo_rainforest,2025-05-28,28.48,22.14,10.43,3.75,58.6
borneo_rainforest,2025-05-29,29.21,24.89,12.55,2.8,54.08
borneo_rainforest,2025-05-30,26.54,22.14,8.61,2.97,49.59
borneo_rainforest,2025-05-31,26.46,20.54,3.07,5.38,73.11
borneo_rainforest,2025-06-01,31.74,18.46,0.03,5.95,73.41
borneo_rainforest,2025-06-02,29.04,23.57,0.0,4.32,72.36
borneo_rainforest,2025-06-03,28.88,21.54,1.44,4.14,67.62
borneo_rainforest,2025-06-04,28.52,22.61,12.38,3.65,71.39
borneo_rainforest,2025-06-05,32.06,24.04,0.0,6.04,54.66
borneo_rainforest,2025-06-06,28.44,23.87,0.0,5.88,91.22
borneo_rainforest,2025-06-07,31.2,22.15,1.85,2.27,66.58
borneo_rainforest,2025-06-08,28.83,22.86,2.7,6.58,73.42
borneo_rainforest,2025-06-09,31.94,21.42,0.0,3.01,71.72
borneo_rainforest,2025-06-10,31.03,22.6,6.31,5.92,55.61
borneo_rainforest,2025-06-11,27.99,21.78,6.75,2.88,77.31
borneo_rainforest,2025-06-12,29.29,21.06,2.38,1.97,53.37
borneo_rainforest,2025-06-13,28.37,21.89,3.95,6.61,75.13
borneo_rainforest,2025-06-14,29.9,21.4,2.02,8.94,70.26
borneo_rainforest,2025-06-15,30.16,21.92,9.11,6.08,69.95
borneo_rainforest,2025-06-16,30.46,21.65,0.43,4.86,56.01
borneo_rainforest,2025-06-17,30.74,24.14,0.0,5.04,70.64
borneo_rainforest,2025-06-18,29.12,22.94,14.49,5.9,62.57
borneo_rainforest,2025-06-19,28.76,22.46,0.0,4.97,60.31
borneo_rainforest,2025-06-20,30.04,22.42,6.3,5.71,65.22
borneo_rainforest,2025-06-21,29.02,23.57,1.49,4.26,72.28
borneo_rainforest,2025-06-22,28.66,19.63,10.76,4.67,76.77
borneo_rainforest,2025-06-23,31.75,20.94,0.0,2.53,46.56
borneo_rainforest,2025-06-24,31.36,22.87,5.38,4.99,48.74
borneo_rainforest,2025-06-25,30.42,20.54,5.95,5.04,90.18
borneo_rainforest,2025-06-26,30.61,23.62,9.46,7.56,52.3
borneo_rainforest,2025-06-27,29.23,23.65,2.58,7.55,76.15
borneo_rainforest,2025-06-28,29.43,21.6,12.89,5.49,72.54
borneo_rainforest,2025-06-29,29.45,22.0,6.55,4.14,67.31
borneo_rainforest,2025-06-30,27.75,22.08,9.63,6.03,66.27
borneo_rainforest,2025-07-01,29.66,24.99,9.87,5.51,66.95
borneo_rainforest,2025-07-02,30.56,23.54,4.55,5.36,51.13
borneo_rainforest,2025-07-03,30.65,22.09,2.7,3.01,78.25
borneo_rainforest,2025-07-04,26.86,21.7,0.32,6.04,74.69
borneo_rainforest,2025-07-05,31.2,23.91,5.38,7.34,68.16
borneo_rainforest,2025-07-06,30.25,23.54,0.64,4.9,76.47
borneo_rainforest,2025-07-07,27.57,22.46,5.41,5.28,64.81
borneo_rainforest,2025-07-08,29.51,23.5,9.65,5.18,72.0
borneo_rainforest,2025-07-09,28.69,22.22,2.18,3.78,56.43
borneo_rainforest,2025-07-10,30.17,20.36,0.0,5.55,68.09
borneo_rainforest,2025-07-11,26.84,22.24,3.54,6.51,77.02
borneo_rainforest,2025-07-12,31.57,20.77,3.22,6.44,69.3
borneo_rainforest,2025-07-13,29.07,20.67,6.03,5.26,74.19
borneo_rainforest,2025-07-14,30.26,23.77,5.01,3.88,69.32
borneo_rainforest,2025-07-15,28.57,22.26,4.79,3.53,73.5
borneo_rainforest,2025-07-16,28.98,20.21,6.74,5.6,55.44
borneo_rainforest,2025-07-17,28.95,22.5,6.86,4.7,70.84
borneo_rainforest,2025-07-18,30.29,21.91,8.26,3.45,62.78
borneo_rainforest,2025-07-19,31.5,21.11,1.3,5.23,67.88
borneo_rainforest,2025-07-20,31.26,24.19,2.46,7.89,65.65
borneo_rainforest,2025-07-21,31.18,21.78,1.5,3.67,57.93
borneo_rainforest,2025-07-22,30.92,19.5,7.56,3.93,77.31
borneo_rainforest,2025-07-23,29.77,23.0,1.21,5.8,68.38
borneo_rainforest,2025-07-24,32.21,21.46,3.64,3.35,58.34
borneo_rainforest,2025-07-25,29.14,23.37,15.98,5.1,60.2
borneo_rainforest,2025-07-26,28.99,22.98,7.62,4.66,88.21
borneo_rainforest,2025-07-27,31.08,20.67,7.05,6.87,58.49
borneo_rainforest,2025-07-28,29.0,22.52,1.42,6.15,73.1
borneo_rainforest,2025-07-29,28.53,20.81,10.49,4.39,81.24
borneo_rainforest,2025-07-30,31.25,22.44,3.83,5.74,69.89
borneo_rainforest,2025-07-31,31.79,23.06,11.18,5.8,43.09
borneo_rainforest,2025-08-01,29.07,22.9,3.59,5.08,67.0
borneo_rainforest,2025-08-02,29.46,23.64,0.0,8.69,70.66
borneo_rainforest,2025-08-03,30.7,22.15,3.04,5.57,78.99
borneo_rainforest,2025-08-04,29.62,23.5,4.19,8.76,88.52
borneo_rainforest,2025-08-05,31.12,23.47,3.23,6.11,46.82
borneo_rainforest,2025-08-06,29.75,21.47,8.71,6.25,76.53
borneo_rainforest,2025-08-07,31.47,20.5,13.68,9.45,66.35
borneo_rainforest,2025-08-08,33.37,22.95,0.0,7.82,74.45
borneo_rainforest,2025-08-09,30.99,23.12,1.53,4.3,89.85
borneo_rainforest,2025-08-10,28.5,22.85,8.12,5.76,68.87
borneo_rainforest,2025-08-11,31.54,23.25,0.46,4.44,63.29
borneo_rainforest,2025-08-12,29.11,23.21,11.25,4.56,74.21
borneo_rainforest,2025-08-13,29.6,21.12,0.96,6.41,64.13
borneo_rainforest,2025-08-14,28.13,24.44,7.47,4.5,77.3
borneo_rainforest,2025-08-15,31.29,18.37,0.23,3.98,70.12
borneo_rainforest,2025-08-16,29.72,21.35,7.24,5.13,70.73
borneo_rainforest,2025-08-17,30.31,24.53,0.0,6.13,82.31
borneo_rainforest,2025-08-18,30.89,24.14,3.62,9.73,79.38
borneo_rainforest,2025-08-19,28.39,22.99,5.15,7.11,88.07
borneo_rainforest,2025-08-20,29.18,23.5,10.61,3.4,74.67
borneo_rainforest,2025-08-21,31.2,21.0,10.85,4.47,73.99
borneo_rainforest,2025-08-22,31.24,22.95,6.38,5.36,37.72
borneo_rainforest,2025-08-23,30.26,21.42,11.02,7.01,66.86
borneo_rainforest,2025-08-24,30.57,24.68,3.15,6.52,84.04
borneo_rainforest,2025-08-25,28.12,23.18,12.11,4.56,61.88
borneo_rainforest,2025-08-26,29.69,22.45,11.49,7.15,77.37
borneo_rainforest,2025-08-27,31.69,24.25,8.06,6.14,69.07
borneo_rainforest,2025-08-28,30.8,23.11,10.46,2.91,66.76
borneo_rainforest,2025-08-29,32.59,22.86,4.07,4.23,53.77
borneo_rainforest,2025-08-30,31.23,24.58,7.16,8.7,53.59
borneo_rainforest,2025-08-31,30.82,22.35,12.16,6.21,57.85
borneo_rainforest,2025-09-01,33.52,22.08,7.91,6.66,84.29
borneo_rainforest,2025-09-02,29.94,20.83,5.61,7.35,89.57
borneo_rainforest,2025-09-03,31.7,21.95,8.19,5.6,71.07
borneo_rainforest,2025-09-04,28.47,22.31,0.0,5.66,87.26
borneo_rainforest,2025-09-05,30.7,22.17,9.24,7.06,83.27
borneo_rainforest,2025-09-06,28.72,21.26,1.92,4.69,84.05
borneo_rainforest,2025-09-07,29.12,23.52,0.13,4.11,63.21
borneo_rainforest,2025-09-08,30.12,23.09,6.69,4.6,72.33
borneo_rainforest,2025-09-09,31.19,22.7,12.05,5.88,68.89
borneo_rainforest,2025-09-10,30.64,20.87,5.69,4.06,83.29
borneo_rainforest,2025-09-11,32.29,21.36,8.35,5.92,59.06
borneo_rainforest,2025-09-12,27.5,22.49,10.12,6.58,72.92
borneo_rainforest,2025-09-13,32.29,20.51,8.46,7.29,56.5
borneo_rainforest,2025-09-14,29.23,22.57,9.44,7.11,80.11
borneo_rainforest,2025-09-15,29.03,23.77,6.5,9.6,61.53
borneo_rainforest,2025-09-16,32.08,24.87,4.52,4.62,60.41
borneo_rainforest,2025-09-17,30.98,22.2,8.48,5.63,47.24
borneo_rainforest,2025-09-18,30.4,21.72,14.22,7.29,98.01
borneo_rainforest,2025-09-19,32.91,25.03,5.2,7.09,74.8
borneo_rainforest,2025-09-20,31.91,22.57,7.8,4.46,80.05
borneo_rainforest,2025-09-21,31.87,22.79,6.71,6.56,62.17
borneo_rainforest,2025-09-22,28.78,23.44,18.85,7.48,80.54
borneo_rainforest,2025-09-23,30.53,22.75,13.4,8.78,69.11
borneo_rainforest,2025-09-24,31.69,22.03,5.92,8.35,62.58
borneo_rainforest,2025-09-25,29.1,21.93,0.0,7.38,73.95
borneo_rainforest,2025-09-26,31.14,23.68,11.38,7.82,67.09
borneo_rainforest,2025-09-27,29.67,22.66,5.87,5.39,75.14
borneo_rainforest,2025-09-28,31.52,23.88,0.0,7.97,45.02
borneo_rainforest,2025-09-29,31.8,23.93,5.62,9.0,88.58
borneo_rainforest,2025-09-30,31.65,24.84,16.04,6.1,82.07
borneo_rainforest,2025-10-01,30.85,23.02,11.11,5.68,83.67
borneo_rainforest,2025-10-02,30.14,21.17,6.05,5.79,78.82
borneo_rainforest,2025-10-03,32.15,22.46,9.69,6.08,76.24
borneo_rainforest,2025-10-04,30.39,20.41,9.95,4.29,81.23
borneo_rainforest,2025-10-05,33.0,22.09,13.57,4.57,69.71
borneo_rainforest,2025-10-06,33.28,23.52,10.63,4.21,69.84
borneo_rainforest,2025-10-07,30.05,24.76,11.58,8.2,84.49
borneo_rainforest,2025-10-08,32.72,22.41,5.68,7.25,58.66
borneo_rainforest,2025-10-09,32.4,23.73,12.04,4.71,73.85
borneo_rainforest,2025-10-10,29.74,21.84,0.0,7.5,77.65
borneo_rainforest,2025-10-11,29.9,22.99,15.52,6.67,74.13
borneo_rainforest,2025-10-12,29.99,23.58,6.9,7.49,76.1
borneo_rainforest,2025-10-13,30.06,23.87,12.92,8.32,57.38
borneo_rainforest,2025-10-14,32.69,23.22,9.74,5.4,100.0
borneo_rainforest,2025-10-15,33.8,21.65,0.24,7.49,66.52
borneo_rainforest,2025-10-16,27.72,24.25,2.3,6.32,70.16
borneo_rainforest,2025-10-17,32.25,21.6,13.54,4.72,71.14
borneo_rainforest,2025-10-18,32.65,23.63,7.86,7.23,94.63
borneo_rainforest,2025-10-19,32.77,24.39,4.33,5.81,89.59
borneo_rainforest,2025-10-20,33.47,22.62,12.08,5.47,85.82
borneo_rainforest,2025-10-21,29.98,22.57,12.4,7.79,70.21
borneo_rainforest,2025-10-22,31.44,22.75,8.06,7.75,87.21
borneo_rainforest,2025-10-23,32.58,25.12,15.13,4.99,84.15
borneo_rainforest,2025-10-24,32.23,25.95,4.63,4.51,95.85
borneo_rainforest,2025-10-25,31.88,24.5,7.3,5.68,93.94
borneo_rainforest,2025-10-26,31.38,25.29,6.9,5.37,88.15
borneo_rainforest,2025-10-27,31.21,23.71,19.87,8.69,78.77
borneo_rainforest,2025-10-28,30.88,26.22,4.62,5.75,70.84
borneo_rainforest,2025-10-29,31.68,22.43,14.11,6.63,69.06
borneo_rainforest,2025-10-30,34.02,23.21,15.83,7.03,66.44
borneo_rainforest,2025-10-31,32.5,23.68,8.62,7.78,83.52
borneo_rainforest,2025-11-01,31.28,21.81,8.07,4.95,100.0
borneo_rainforest,2025-11-02,32.43,24.16,19.92,9.72,100.0
borneo_rainforest,2025-11-03,30.03,19.5,9.93,8.63,86.95
borneo_rainforest,2025-11-04,29.75,26.25,13.47,7.52,92.51
borneo_rainforest,2025-11-05,31.8,24.35,13.94,7.59,67.63
borneo_rainforest,2025-11-06,34.17,24.15,7.58,4.4,73.48
borneo_rainforest,2025-11-07,36.33,23.37,5.19,7.02,61.25
borneo_rainforest,2025-11-08,32.15,23.37,6.25,6.88,80.73
borneo_rainforest,2025-11-09,30.63,23.13,3.03,9.03,82.06
borneo_rainforest,2025-11-10,31.02,22.37,15.47,4.73,73.64
borneo_rainforest,2025-11-11,31.88,22.5,1.71,5.05,74.57
borneo_rainforest,2025-11-12,31.41,24.66,11.58,7.24,88.75
borneo_rainforest,2025-11-13,30.38,24.63,17.06,6.07,100.0
borneo_rainforest,2025-11-14,29.35,22.26,0.0,10.56,100.0
borneo_rainforest,2025-11-15,34.44,25.27,4.28,5.66,91.12
borneo_rainforest,2025-11-16,34.87,23.25,6.18,9.18,90.36
borneo_rainforest,2025-11-17,32.54,23.98,15.14,3.61,95.77
borneo_rainforest,2025-11-18,32.83,22.94,15.5,7.91,89.57
borneo_rainforest,2025-11-19,31.91,21.79,8.59,8.8,77.23
borneo_rainforest,2025-11-20,33.13,23.14,16.88,4.53,77.84
borneo_rainforest,2025-11-21,29.91,22.96,11.23,3.51,72.89
borneo_rainforest,2025-11-22,32.81,26.42,12.36,3.1,66.51
borneo_rainforest,2025-11-23,32.05,23.02,11.34,7.16,87.94
borneo_rainforest,2025-11-24,31.22,23.26,16.13,6.41,85.37
borneo_rainforest,2025-11-25,30.32,25.31,14.72,6.98,69.03
borneo_rainforest,2025-11-26,30.84,26.02,12.26,9.12,94.54
borneo_rainforest,2025-11-27,31.89,23.52,2.84,6.94,70.23
borneo_rainforest,2025-11-28,31.69,23.31,15.52,6.61,65.21
borneo_rainforest,2025-11-29,28.9,23.9,15.9,5.73,66.03
borneo_rainforest,2025-11-30,31.31,23.9,12.09,8.67,91.38
borneo_rainforest,2025-12-01,31.99,23.98,17.58,7.4,82.91
borneo_rainforest,2025-12-02,32.36,23.61,14.63,6.28,51.32
borneo_rainforest,2025-12-03,30.98,24.27,12.13,8.09,77.93
borneo_rainforest,2025-12-04,34.24,23.04,15.96,5.88,66.72
borneo_rainforest,2025-12-05,32.6,25.25,7.57,6.03,50.27
borneo_rainforest,2025-12-06,34.54,24.18,13.27,7.44,85.0
borneo_rainforest,2025-12-07,33.64,23.9,14.18,5.12,79.12
borneo_rainforest,2025-12-08,33.0,24.59,18.53,5.07,96.87
borneo_rainforest,2025-12-09,31.52,25.57,8.72,6.77,80.05
borneo_rainforest,2025-12-10,33.07,22.27,7.09,7.23,90.43
borneo_rainforest,2025-12-11,32.93,23.19,15.82,6.37,100.0
borneo_rainforest,2025-12-12,33.18,20.25,10.21,6.65,82.65
borneo_rainforest,2025-12-13,29.86,21.91,6.29,7.84,90.98
borneo_rainforest,2025-12-14,34.93,24.26,13.53,5.75,94.05
borneo_rainforest,2025-12-15,33.15,24.48,24.16,3.6,81.93
borneo_rainforest,2025-12-16,33.88,23.54,14.71,8.42,94.85
borneo_rainforest,2025-12-17,32.73,25.28,6.07,4.8,100.0
borneo_rainforest,2025-12-18,32.88,24.03,8.55,5.61,80.07
borneo_rainforest,2025-12-19,33.18,24.29,7.24,4.5,72.47
borneo_rainforest,2025-12-20,33.9,25.59,6.49,7.38,89.2
borneo_rainforest,2025-12-21,33.7,23.33,12.02,7.83,94.32
borneo_rainforest,2025-12-22,33.92,23.41,8.85,9.22,76.31
borneo_rainforest,2025-12-23,32.1,22.31,20.15,9.31,69.1
borneo_rainforest,2025-12-24,30.3,23.45,9.03,8.8,75.95
borneo_rainforest,2025-12-25,30.35,20.44,14.33,7.1,88.74
borneo_rainforest,2025-12-26,30.77,23.34,13.72,7.44,76.08
borneo_rainforest,2025-12-27,33.29,22.54,17.16,7.28,67.61
borneo_rainforest,2025-12-28,30.03,24.07,9.28,6.51,82.75
borneo_rainforest,2025-12-29,34.85,24.77,5.7,8.0,89.86
borneo_rainforest,2025-12-30,34.81,24.13,9.31,7.31,94.12
borneo_rainforest,2025-12-31,29.6,23.24,15.18,6.31,100.0
borneo_rainforest,2026-01-01,32.19,24.51,10.83,8.13,88.54
borneo_rainforest,2026-01-02,30.75,24.27,8.87,7.08,98.11
borneo_rainforest,2026-01-03,30.92,24.06,16.87,7.57,80.27
borneo_rainforest,2026-01-04,30.87,24.43,14.11,5.84,75.88
borneo_rainforest,2026-01-05,29.57,25.36,0.0,2.45,86.85
borneo_rainforest,2026-01-06,32.86,23.43,8.31,7.21,78.27
borneo_rainforest,2026-01-07,31.9,23.98,19.13,4.71,100.0
borneo_rainforest,2026-01-08,32.75,23.46,12.69,8.62,66.48
borneo_rainforest,2026-01-09,32.97,26.36,12.92,6.3,100.0
borneo_rainforest,2026-01-10,32.11,23.24,3.66,4.96,70.85
borneo_rainforest,2026-01-11,28.99,23.72,15.37,5.93,91.64
borneo_rainforest,2026-01-12,33.6,22.82,13.18,6.71,92.85
borneo_rainforest,2026-01-13,32.94,24.18,10.93,8.49,85.7
borneo_rainforest,2026-01-14,32.01,23.78,8.39,8.74,93.3
borneo_rainforest,2026-01-15,32.72,22.42,13.99,6.93,83.82
borneo_rainforest,2026-01-16,31.77,22.01,6.9,5.9,73.23
borneo_rainforest,2026-01-17,34.4,22.78,13.01,7.54,63.96
borneo_rainforest,2026-01-18,31.49,24.83,7.97,6.14,75.31
borneo_rainforest,2026-01-19,31.14,23.17,8.1,8.65,87.7
borneo_rainforest,2026-01-20,31.8,23.08,6.65,5.41,73.24
borneo_rainforest,2026-01-21,31.43,21.68,16.06,9.76,44.37
borneo_rainforest,2026-01-22,32.89,23.17,14.43,7.3,88.01
borneo_rainforest,2026-01-23,32.86,24.71,15.9,6.22,88.44
borneo_rainforest,2026-01-24,34.04,26.13,13.29,8.2,80.84
borneo_rainforest,2026-01-25,30.45,24.18,12.41,7.61,63.2
borneo_rainforest,2026-01-26,32.04,23.51,20.07,7.8,82.97
borneo_rainforest,2026-01-27,31.14,21.28,9.62,7.37,67.75
borneo_rainforest,2026-01-28,31.97,22.35,19.92,7.23,70.53
borneo_rainforest,2026-01-29,30.39,23.53,18.35,8.46,78.59
borneo_rainforest,2026-01-30,33.74,21.48,17.13,5.84,66.54
borneo_rainforest,2026-01-31,30.66,22.6,15.72,8.3,70.56
borneo_rainforest,2026-02-01,30.71,23.01,20.78,6.04,72.44
borneo_rainforest,2026-02-02,33.34,24.09,12.61,7.67,92.47
borneo_rainforest,2026-02-03,33.87,22.04,8.91,8.96,95.07
borneo_rainforest,2026-02-04,33.04,24.01,8.81,8.45,79.1
borneo_rainforest,2026-02-05,32.41,24.97,6.08,6.45,77.64
borneo_rainforest,2026-02-06,31.29,22.54,17.24,4.15,81.4
borneo_rainforest,2026-02-07,29.92,21.1,16.25,7.93,87.9
borneo_rainforest,2026-02-08,34.43,24.4,14.49,5.06,69.17
borneo_rainforest,2026-02-09,32.75,23.31,5.25,6.93,67.18
borneo_rainforest,2026-02-10,34.83,23.18,15.9,5.98,73.83
borneo_rainforest,2026-02-11,30.8,23.25,8.62,7.8,84.91
borneo_rainforest,2026-02-12,34.54,22.73,5.91,5.41,80.83
borneo_rainforest,2026-02-13,31.09,22.03,21.29,4.75,79.77
borneo_rainforest,2026-02-14,31.94,23.5,7.18,3.36,79.34
borneo_rainforest,2026-02-15,31.13,22.21,10.61,6.87,100.0
borneo_rainforest,2026-02-16,33.72,22.77,4.43,5.93,81.54
borneo_rainforest,2026-02-17,30.35,22.33,10.89,5.39,76.34
borneo_rainforest,2026-02-18,31.28,22.76,13.64,6.27,83.71
borneo_rainforest,2026-02-19,34.72,23.52,16.68,6.9,68.03
borneo_rainforest,2026-02-20,31.07,23.45,6.4,7.2,73.46
borneo_rainforest,2026-02-21,33.1,23.52,11.46,4.33,94.63
borneo_rainforest,2026-02-22,32.86,23.76,5.4,7.44,86.64
borneo_rainforest,2026-02-23,30.89,21.25,8.77,7.56,90.57
borneo_rainforest,2026-02-24,31.98,25.63,13.12,2.39,74.38
borneo_rainforest,2026-02-25,32.37,23.11,2.33,7.14,93.8
borneo_rainforest,2026-02-26,30.17,23.65,13.44,7.41,69.34
borneo_rainforest,2026-02-27,29.71,22.72,1.81,5.53,53.33
borneo_rainforest,2026-02-28,29.48,24.57,10.39,4.52,69.47
borneo_rainforest,2026-03-01,31.48,24.6,8.48,6.51,69.05
borneo_rainforest,2026-03-02,34.15,23.94,6.95,4.31,94.71
borneo_rainforest,2026-03-03,30.32,22.37,7.91,7.78,63.73
borneo_rainforest,2026-03-04,30.98,22.92,14.76,6.28,87.62
borneo_rainforest,2026-03-05,32.61,22.67,4.22,8.53,79.53
borneo_rainforest,2026-03-06,32.94,23.42,6.07,5.28,66.29
borneo_rainforest,2026-03-07,30.63,23.98,19.96,7.23,85.99
borneo_rainforest,2026-03-08,30.95,24.31,13.17,6.38,73.68
borneo_rainforest,2026-03-09,30.18,22.3,10.41,5.08,80.37
borneo_rainforest,2026-03-10,30.49,24.32,13.84,4.85,78.71
borneo_rainforest,2026-03-11,30.17,22.05,8.46,7.15,88.47
borneo_rainforest,2026-03-12,31.64,24.3,9.23,7.43,81.73
borneo_rainforest,2026-03-13,29.63,22.91,3.83,7.31,60.55
borneo_rainforest,2026-03-14,30.5,24.5,12.23,5.31,72.4
borneo_rainforest,2026-03-15,29.9,21.54,5.12,5.27,39.93
borneo_rainforest,2026-03-16,30.6,21.79,15.9,10.19,88.18
borneo_rainforest,2026-03-17,32.18,23.08,4.8,6.76,66.11
borneo_rainforest,2026-03-18,30.35,23.92,9.13,6.95,93.93
borneo_rainforest,2026-03-19,30.86,23.0,2.14,6.55,78.05
borneo_rainforest,2026-03-20,31.75,22.48,3.57,7.29,75.57
borneo_rainforest,2026-03-21,33.48,23.92,4.49,6.17,78.4
borneo_rainforest,2026-03-22,29.84,27.34,14.82,5.4,68.01
borneo_rainforest,2026-03-23,31.87,23.47,11.29,3.79,78.68
borneo_rainforest,2026-03-24,30.01,23.11,11.57,2.88,86.28
borneo_rainforest,2026-03-25,31.81,23.12,15.03,4.62,56.03
borneo_rainforest,2026-03-26,29.49,22.79,8.28,2.84,78.71
borneo_rainforest,2026-03-27,30.67,22.79,0.0,4.29,74.04
borneo_rainforest,2026-03-28,29.64,23.32,8.61,5.9,81.71
borneo_rainforest,2026-03-29,33.9,22.54,10.8,4.83,59.85
borneo_rainforest,2026-03-30,30.35,22.23,6.45,6.59,87.79
borneo_rainforest,2026-03-31,30.34,20.84,14.35,4.67,76.97
borneo_rainforest,2026-04-01,28.27,23.76,4.67,6.35,66.21
borneo_rainforest,2026-04-02,31.21,23.75,0.0,5.03,73.24
borneo_rainforest,2026-04-03,29.38,24.72,9.74,1.1,75.94
borneo_rainforest,2026-04-04,29.75,23.52,8.7,8.45,84.22
borneo_rainforest,2026-04-05,27.34,21.19,1.3,5.12,69.18
borneo_rainforest,2026-04-06,30.37,23.47,5.18,4.71,83.68
borneo_rainforest,2026-04-07,28.64,22.31,8.64,3.31,78.41
borneo_rainforest,2026-04-08,30.09,22.12,0.0,6.42,82.06
borneo_rainforest,2026-04-09,29.69,21.56,6.2,7.1,94.67
borneo_rainforest,2026-04-10,29.89,22.13,6.58,4.7,69.34
borneo_rainforest,2026-04-11,29.25,22.48,13.21,4.93,57.03
borneo_rainforest,2026-04-12,29.98,22.83,16.92,6.65,71.98
borneo_rainforest,2026-04-13,27.92,23.42,5.85,4.42,80.1
borneo_rainforest,2026-04-14,28.44,23.11,0.0,7.67,60.99
borneo_rainforest,2026-04-15,28.58,22.61,13.2,6.73,68.55
borneo_rainforest,2026-04-16,33.62,20.35,1.28,5.87,66.45
borneo_rainforest,2026-04-17,32.46,20.32,11.04,3.86,58.4
borneo_rainforest,2026-04-18,32.01,23.64,8.28,6.29,69.08
borneo_rainforest,2026-04-19,31.97,21.8,9.88,3.43,95.45
borneo_rainforest,2026-04-20,29.52,21.93,9.36,5.87,50.49
borneo_rainforest,2026-04-21,29.01,23.42,5.19,2.64,39.13
borneo_rainforest,2026-04-22,32.62,21.99,11.14,6.94,74.78
borneo_rainforest,2026-04-23,32.09,22.43,4.66,7.55,85.85
borneo_rainforest,2026-04-24,31.46,22.48,15.66,4.29,74.26
borneo_rainforest,2026-04-25,29.95,19.61,9.32,7.08,47.98
borneo_rainforest,2026-04-26,32.43,22.87,5.87,3.33,73.63
borneo_rainforest,2026-04-27,30.43,21.68,2.34,4.95,51.89
borneo_rainforest,2026-04-28,28.98,21.05,10.76,5.95,76.09
borneo_rainforest,2026-04-29,31.02,23.37,3.46,5.57,77.82
borneo_rainforest,2026-04-30,33.2,23.3,0.11,5.0,70.06
borneo_rainforest,2026-05-01,29.18,21.68,6.79,6.17,65.91
borneo_rainforest,2026-05-02,30.18,22.62,0.0,6.47,73.51
borneo_rainforest,2026-05-03,29.37,23.13,8.01,5.28,65.76
borneo_rainforest,2026-05-04,29.12,24.76,3.06,4.88,47.58
borneo_rainforest,2026-05-05,31.51,21.19,14.24,3.75,56.52
borneo_rainforest,2026-05-06,28.85,20.56,4.74,4.86,50.14
borneo_rainforest,2026-05-07,29.57,22.23,8.29,4.42,60.79
borneo_rainforest,2026-05-08,30.05,23.05,11.62,6.51,59.71
borneo_rainforest,2026-05-09,34.29,20.52,4.49,5.25,66.05
borneo_rainforest,2026-05-10,27.59,24.11,8.98,6.91,95.48
borneo_rainforest,2026-05-11,30.18,21.99,13.44,2.57,76.6
borneo_rainforest,2026-05-12,27.65,22.0,3.21,7.27,66.51
borneo_rainforest,2026-05-13,30.67,22.36,6.43,4.32,76.16
borneo_rainforest,2026-05-14,29.65,21.05,11.19,6.5,82.06
borneo_rainforest,2026-05-15,30.68,20.77,4.19,4.59,72.27
borneo_rainforest,2026-05-16,30.7,20.7,3.91,5.93,65.07
borneo_rainforest,2026-05-17,30.31,22.71,0.0,4.98,68.46
borneo_rainforest,2026-05-18,29.8,24.0,0.0,5.72,78.81
borneo_rainforest,2026-05-19,30.6,20.82,1.65,5.25,95.66
borneo_rainforest,2026-05-20,30.59,24.24,0.0,7.54,72.48
borneo_rainforest,2026-05-21,34.5,22.8,9.22,4.8,63.6
borneo_rainforest,2026-05-22,31.39,21.48,0.17,6.36,75.84
borneo_rainforest,2026-05-23,32.1,21.96,13.65,5.55,75.67
borneo_rainforest,2026-05-24,27.79,22.55,17.38,3.15,44.34
borneo_rainforest,2026-05-25,30.97,22.51,4.17,6.05,70.87
borneo_rainforest,2026-05-26,29.52,22.6,6.16,5.78,49.0
borneo_rainforest,2026-05-27,31.66,20.29,5.83,3.49,78.06
borneo_rainforest,2026-05-28,31.6,21.79,0.35,2.35,56.03
borneo_rainforest,2026-05-29,30.71,19.15,0.0,6.0,74.45
borneo_rainforest,2026-05-30,27.82,23.81,0.0,5.21,98.96
borneo_rainforest,2026-05-31,30.57,23.32,0.0,4.38,60.28
borneo_rainforest,2026-06-01,31.02,22.78,0.0,4.82,75.3
borneo_rainforest,2026-06-02,28.74,21.41,12.33,6.27,62.65
borneo_rainforest,2026-06-03,32.2,22.87,2.32,3.72,73.25
borneo_rainforest,2026-06-04,30.99,23.36,5.0,4.25,48.92
borneo_rainforest,2026-06-05,29.35,21.52,12.5,5.33,51.57
borneo_rainforest,2026-06-06,30.23,22.04,1.31,5.79,71.48
borneo_rainforest,2026-06-07,33.15,22.85,3.12,5.58,83.09
borneo_rainforest,2026-06-08,32.19,21.4,2.14,8.48,77.72
borneo_rainforest,2026-06-09,31.59,21.02,12.91,5.7,63.16
borneo_rainforest,2026-06-10,31.23,24.48,6.47,6.51,45.81
borneo_rainforest,2026-06-11,30.6,22.56,7.36,0.99,85.23
borneo_rainforest,2026-06-12,31.7,22.14,8.2,7.91,76.69
borneo_rainforest,2026-06-13,32.05,25.94,3.77,6.81,76.17
borneo_rainforest,2026-06-14,30.23,22.28,2.57,2.49,71.1
borneo_rainforest,2026-06-15,28.16,22.37,6.01,3.01,73.72
borneo_rainforest,2026-06-16,29.32,20.1,3.13,4.76,48.34
borneo_rainforest,2026-06-17,27.31,20.94,4.5,5.44,59.88
borneo_rainforest,2026-06-18,28.26,22.53,8.69,6.14,66.2
borneo_rainforest,2026-06-19,28.8,19.9,5.07,5.85,61.3
borneo_rainforest,2026-06-20,27.96,21.41,7.12,3.18,54.38
borneo_rainforest,2026-06-21,30.11,22.7,8.42,5.32,51.15
borneo_rainforest,2026-06-22,32.12,21.2,0.0,6.21,54.03
borneo_rainforest,2026-06-23,33.67,21.37,0.0,4.67,70.88
borneo_rainforest,2026-06-24,29.21,23.09,0.0,4.69,81.8
borneo_rainforest,2026-06-25,28.04,22.86,0.0,6.49,78.85
borneo_rainforest,2026-06-26,30.89,21.84,0.0,3.99,76.18
borneo_rainforest,2026-06-27,32.32,23.61,13.01,3.96,76.14
borneo_rainforest,2026-06-28,30.81,22.49,6.51,6.11,61.54
borneo_rainforest,2026-06-29,31.46,22.73,7.65,4.51,71.22
borneo_rainforest,2026-06-30,30.89,23.87,5.77,6.37,64.75
borneo_rainforest,2026-07-01,31.45,22.53,5.67,3.45,83.33
borneo_rainforest,2026-07-02,29.73,21.5,7.51,4.6,87.83
borneo_rainforest,2026-07-03,29.77,23.75,6.16,4.45,67.04
borneo_rainforest,2026-07-04,27.93,22.44,8.33,7.23,58.98
borneo_rainforest,2026-07-05,26.79,19.7,0.0,4.05,55.85
borneo_rainforest,2026-07-06,30.6,21.72,8.37,5.69,82.75
borneo_rainforest,2026-07-07,31.38,23.37,10.37,5.04,50.61
borneo_rainforest,2026-07-08,29.19,23.46,0.0,4.52,71.17
borneo_rainforest,2026-07-09,30.61,24.76,3.06,6.8,71.04
borneo_rainforest,2026-07-10,32.27,22.61,4.06,6.13,61.85
borneo_rainforest,2026-07-11,29.57,22.78,3.81,6.14,81.36
borneo_rainforest,2026-07-12,28.74,23.24,4.78,4.92,70.85
borneo_rainforest,2026-07-13,31.61,21.39,10.66,4.97,53.47
borneo_rainforest,2026-07-14,32.94,24.01,11.46,6.7,70.2
borneo_rainforest,2026-07-15,30.79,18.96,3.37,7.21,55.52
borneo_rainforest,2026-07-16,30.28,20.9,0.0,4.72,74.58
borneo_rainforest,2026-07-17,28.22,24.26,0.0,4.52,50.79
borneo_rainforest,2026-07-18,28.05,22.31,12.4,3.2,83.75
borneo_rainforest,2026-07-19,31.95,21.73,0.0,3.6,77.75
borneo_rainforest,2026-07-20,29.74,25.01,0.0,6.1,71.43
borneo_rainforest,2026-07-21,29.67,23.08,4.67,2.59,63.42
borneo_rainforest,2026-07-22,29.13,22.65,4.13,6.1,60.48
borneo_rainforest,2026-07-23,30.8,23.09,0.0,4.75,54.94
borneo_rainforest,2026-07-24,31.45,21.2,6.55,3.84,71.12
borneo_rainforest,2026-07-25,29.2,21.91,1.92,5.03,50.33
borneo_rainforest,2026-07-26,30.25,20.59,9.8,3.9,72.91
borneo_rainforest,2026-07-27,30.81,23.61,0.23,3.15,58.99
borneo_rainforest,2026-07-28,29.55,22.08,7.1,4.93,72.24
borneo_rainforest,2026-07-29,29.41,22.27,0.0,6.45,54.55
borneo_rainforest,2026-07-30,29.35,23.11,9.77,4.8,62.77
borneo_rainforest,2026-07-31,29.24,21.96,0.01,3.18,43.38
borneo_rainforest,2026-08-01,30.23,21.57,3.28,6.95,59.86
borneo_rainforest,2026-08-02,30.77,22.38,5.3,3.76,56.48
borneo_rainforest,2026-08-03,30.81,22.89,11.13,5.98,64.43
borneo_rainforest,2026-08-04,29.18,25.08,1.88,7.87,67.6
borneo_rainforest,2026-08-05,35.22,20.85,5.4,2.26,66.92
borneo_rainforest,2026-08-06,32.14,21.91,3.09,2.37,75.32
borneo_rainforest,2026-08-07,30.27,23.7,1.44,6.79,57.4
borneo_rainforest,2026-08-08,30.9,23.43,5.17,7.8,59.39
borneo_rainforest,2026-08-09,31.11,22.6,1.18,6.66,65.14
borneo_rainforest,2026-08-10,31.28,22.29,4.9,5.86,85.79
borneo_rainforest,2026-08-11,29.39,23.01,7.35,8.19,90.51
borneo_rainforest,2026-08-12,31.84,22.56,9.89,6.41,73.72
borneo_rainforest,2026-08-13,33.04,20.78,11.83,4.37,91.21
borneo_rainforest,2026-08-14,31.45,22.43,13.9,8.66,82.25
borneo_rainforest,2026-08-15,30.63,22.95,6.14,6.1,80.69
borneo_rainforest,2026-08-16,31.42,22.28,6.85,5.69,73.02
borneo_rainforest,2026-08-17,29.98,22.43,3.75,3.16,74.45
borneo_rainforest,2026-08-18,32.74,22.13,9.42,7.36,63.37
borneo_rainforest,2026-08-19,30.02,23.92,7.12,4.36,57.22
borneo_rainforest,2026-08-20,29.14,22.93,14.01,4.13,81.37
borneo_rainforest,2026-08-21,30.55,22.89,8.81,3.42,82.59
borneo_rainforest,2026-08-22,29.06,22.14,3.52,5.69,70.87
borneo_rainforest,2026-08-23,30.87,23.94,10.08,4.48,53.25
borneo_rainforest,2026-08-24,30.02,21.35,3.94,4.35,71.95
borneo_rainforest,2026-08-25,31.22,21.53,2.23,4.23,71.36
borneo_rainforest,2026-08-26,27.46,23.94,6.95,5.12,55.04
borneo_rainforest,2026-08-27,30.0,22.27,0.0,3.68,80.69
borneo_rainforest,2026-08-28,31.4,22.73,10.3,6.35,73.39
borneo_rainforest,2026-08-29,31.39,24.68,6.06,4.49,82.19
borneo_rainforest,2026-08-30,32.21,23.7,9.02,4.34,100.0
borneo_rainforest,2026-08-31,29.04,22.87,15.26,3.39,65.43
borneo_rainforest,2026-09-01,31.14,21.22,12.82,8.46,74.75
borneo_rainforest,2026-09-02,28.44,21.96,7.11,5.42,55.8
borneo_rainforest,2026-09-03,30.01,24.18,6.73,5.08,82.84
borneo_rainforest,2026-09-04,29.33,21.32,14.31,4.4,69.62
borneo_rainforest,2026-09-05,30.04,23.18,2.32,7.85,66.18
borneo_rainforest,2026-09-06,31.13,24.52,8.36,6.32,62.93
borneo_rainforest,2026-09-07,31.16,22.88,16.43,7.13,76.23
borneo_rainforest,2026-09-08,32.52,19.84,8.77,6.71,77.09
borneo_rainforest,2026-09-09,30.39,23.91,10.95,6.92,75.63
borneo_rainforest,2026-09-10,29.21,22.1,9.42,5.31,81.08
borneo_rainforest,2026-09-11,30.87,21.04,6.81,6.91,47.62
borneo_rainforest,2026-09-12,33.87,22.65,5.02,7.35,66.34
borneo_rainforest,2026-09-13,27.98,24.01,5.73,7.12,96.93
borneo_rainforest,2026-09-14,32.37,22.43,5.95,7.07,78.11
borneo_rainforest,2026-09-15,34.3,23.87,7.33,5.97,63.05
borneo_rainforest,2026-09-16,29.72,24.31,13.01,5.71,65.81
borneo_rainforest,2026-09-17,30.32,22.42,9.31,6.88,85.71
